Parent SKU,UPC,Product Name,Walmart ID,Product Type,Commission Rate,Buy Box Price ($),Sync Status,Pushed At
01FX65,0819927012009,,ING-01FX65,Laptop Docking Stations,1.1167,199.95,synced,2025-12-05 23:51:21.822
02AU46,0662774045122,,ING-02AU46,Laptop Docking Stations,1.1007,227.57,synced,2025-12-05 23:51:33.336
02DP53,0886734890335,,ING-02DP53,Device-Specific Electronics Batteries,1.1501,102.00,synced,2025-12-05 23:51:22.337
02QN16,0097855188120,,ING-02QN16,Computer Mice,1.1457,99.99,synced,2025-12-05 23:51:35.832
06MK88,0037332262950,,ING-06MK88,Computer Racks & Mounts,1.1322,147.18,synced,2025-12-05 23:52:11.378
07AM37,0840283906114,,ING-07AM37,"Tablet Holders, Carriers & Cases",1.1500,49.95,synced,2025-12-05 23:51:33.827
09LR34,0840077500610,,702507,TV & Monitor Mounts,1.1383,145.96,synced,2025-12-05 23:50:49.319
09RY99,0097855183309,,ING-09RY99,Computer Mice,1.1500,20.34,synced,2025-12-05 23:52:43.864
09YG48,0008487900080,,ING-09YG48,Cell Phone Cases,1.1498,27.03,synced,2025-12-06 00:07:16.893
10LD27,0810078051282,,ING-10LD27,Power Adapters,1.1499,42.02,synced,2025-12-06 00:07:42.417
10LG65,0889728275361,,ING-10LG65,Network Cables,1.1004,299.00,synced,2025-12-06 00:07:33.915
10RZ71,0884116447535,,ING-10RZ71,Webcams,1.1499,69.96,synced,2025-12-06 00:07:25.397
114215,0037332011466,,ING-114215,Surge Suppressors,1.1501,86.99,synced,2025-12-06 00:08:10.457
12FZ97,0884116443834,,ING-12FZ97,Desktop Computers,1.0600,843.32,synced,2025-12-06 00:08:14.933
12GK25,0884116454007,,ING-12GK25,Laptop Computers,1.0600,1329.32,synced,2025-12-05 23:52:52.362
12GP44,0662919116557,,ING-12GP44,Other Computer Accessories,1.1500,39.88,synced,2025-12-05 23:52:52.868
1BF770,0889488432776,,499811,Hard Drives,1.1040,274.39,synced,2025-12-06 00:07:15.039
1BF876,0889488433292,,500579,Computer Rack Hardware & Accessories,1.1225,161.20,synced,2025-12-05 23:51:34.823
1CZ961,0821455714386,,509311,RAM Memory,1.1500,42.92,synced,2025-12-06 00:07:38.929
1FD488,0757120223221,,ING-1FD488,Device-Specific Electronics Chargers,1.1502,22.05,synced,2025-12-05 23:51:34.334
1Y1084,0745883700288,,ING-1Y1084,USB Wi-Fi Adapters,1.1500,34.99,synced,2025-12-06 00:07:40.95
1Y7737,0097855120267,,ING-1Y7737,Webcams,1.1377,71.99,synced,2025-12-05 23:51:36.32
282139,0722868354605,,ING-282139,Cable Connectors,1.1502,11.02,synced,2025-12-05 23:51:35.326
2GP896,0819927011408,,ING-2GP896,Surge Suppressors,1.1500,69.95,synced,2025-12-05 23:51:36.818
2MG925,8595159511726,,ING-2MG925,Computer Cables,1.1500,47.93,synced,2025-12-05 23:51:23.829
2NP585,0065030867788,,ING-2NP585,Workstations,1.0600,432.74,synced,2025-12-06 00:07:41.425
2QV447,0722868150573,,ING-2QV447,Network Cables,1.1499,11.05,synced,2025-12-06 00:07:41.931
330356,0722868163207,,37578,Network Cables,1.1499,16.57,synced,2025-12-06 00:07:39.442
3AP880,0821455674734,,499093,RAM Memory,1.1501,48.25,synced,2025-12-06 00:07:38.416
3AP881,0821455674765,,499081,RAM Memory,1.1500,48.25,synced,2025-12-06 00:07:40.43
3AV544,0886734863070,,ING-3AV544,Device-Specific Electronics Batteries,1.1141,200.24,synced,2025-12-06 00:07:17.404
3AX345,0852857000081,,174540,Device-Specific Electronics Batteries,1.1374,127.67,synced,2025-12-06 00:08:10.935
3B2544,0037332190598,,ING-3B2544,Computer Racks & Mounts,1.0970,417.32,synced,2025-12-06 00:07:24.974
3BA800,0884116257172,,ING-3BA800,Cable Organizers,1.1499,64.36,synced,2025-12-05 23:52:14.365
3BP271,0192158903897,,623082,Desktop Computers,1.0600,899.99,synced,2025-12-05 23:52:24.363
3GQ623,0812105029134,,ING-3GQ623,Uninterruptible Power Supplies,1.1283,130.21,synced,2025-12-05 23:50:49.826
4AV605,0822088125044,,500320,Audio/Video Cables,1.1501,29.31,synced,2025-12-05 23:52:23.859
4F2409,0065030786157,,ING-4F2409,Network Cables,1.1499,18.12,synced,2025-12-05 23:51:22.821
4P0016,0841280120176,,279385,RAM Memory,1.1435,190.21,synced,2025-12-05 23:51:16.331
4T8908,0037332199065,,ING-4T8908,Power Cables,1.1501,27.20,synced,2025-12-05 23:50:50.318
5DG961,0065030878487,,ING-5DG961,Computer Cables,1.1273,106.39,synced,2025-12-05 23:51:23.324
5HD327,0010343941618,,ING-5HD327,Printers & All-in-Ones,1.1500,563.38,synced,2025-12-05 23:51:39.835
5TM444,0856816008170,,675149,Portable Speakers,1.1500,87.04,synced,2025-12-05 23:52:44.854
5ZV271,0810606031335,,ING-5ZV271,Computer Cables,1.1500,20.69,synced,2025-12-05 23:51:38.832
614270,0722868118436,,ING-614270,Network Cables,1.1501,12.62,synced,2025-12-06 00:07:39.921
658456,0807648000597,,ING-658456,Computer Rack Hardware & Accessories,1.1298,140.99,synced,2025-12-05 23:52:13.861
680B96,0740617311853,,ING-02FG67,Hard Drives,1.1501,84.19,synced,2025-12-05 23:52:24.873
6GL079,0841280181375,,701433,Network Switch Modules,1.1017,289.72,synced,2025-12-05 23:51:37.817
6JL394,0841280170188,,680195,RAM Memory,1.1323,50.53,synced,2025-12-05 23:50:55.318
6XK636,8718868918307,,ING-6XK636,Computer Rack Hardware & Accessories,1.1341,129.28,synced,2025-12-06 00:07:42.924
6YB824,0097855154828,,711455,Computer Mice,1.1501,34.71,synced,2025-12-05 23:52:25.384
6YE866,0097855133922,,512459,Computer Mice,1.1447,84.99,synced,2025-12-05 23:52:45.376
6YH016,0037332204073,,ING-6YH016,Computer Racks & Mounts,1.0866,1505.57,synced,2025-12-05 23:52:12.862
6ZM091,0037332243898,,ING-6ZM091,Computer Cables,1.1501,36.27,synced,2025-12-05 23:51:03.284
700B67,0789286820938,,ING-7TQ183,Other Electronic Components & Accessories,1.0858,1199.74,synced,2025-12-05 23:52:17.858
700B68,0850015351051,,ING-JP6859,Wireless Access Points,1.0885,828.54,synced,2025-12-05 23:52:17.354
700B91,0884116673491,,ING-700B91,Laptop Computers,1.0600,474.99,synced,2025-12-05 23:52:45.876
7AA969,0740617300161,,708836,Hard Drives,1.1500,54.99,synced,2025-12-05 23:50:52.296
7AB056,0740617296082,,710755,RAM Memory,1.1451,90.99,synced,2025-12-05 23:51:00.283
7AB057,0740617296105,,ING-7AB057,RAM Memory,1.1500,47.41,synced,2025-12-05 23:51:37.323
7AB292,0740617300116,,ING-7AB292,Hard Drives,1.1401,145.78,synced,2025-12-06 00:07:15.398
7FL511,0784090039286,,ING-7FL511,Laptop Docking Stations,1.1500,87.27,synced,2025-12-05 23:52:25.868
7MN860,0092636346355,,ING-7MN860,Laptop Sleeves,1.1499,21.72,synced,2025-12-05 23:52:46.876
7PQ357,0758497118653,,ING-7PQ357,Barcode Scanners,1.0938,475.54,synced,2025-12-05 23:50:51.312
7TH209,0840064400251,,ING-7TH209,Portable Speakers,1.1223,141.36,synced,2025-12-06 00:07:27.421
7YV953,0037332253590,,ING-7YV953,Cable Connectors,1.1500,37.49,synced,2025-12-05 23:51:40.34
7ZN011,0745883805334,,ING-7ZN011,Network Cables,1.1502,14.40,synced,2025-12-05 23:51:39.34
7ZN311,0718037873343,,735230,Hard Drives,1.1500,49.99,synced,2025-12-06 00:07:32.949
848501,0731304198772,,13452,Power Cables,1.1500,62.82,synced,2025-12-06 00:07:27.927
860B17,0887993006918,,ING-860B17,Desktop Computers,1.0600,561.23,synced,2025-12-05 23:52:46.362
886748,0037332118684,,7134,Device-Specific Electronics Batteries,1.1378,234.39,synced,2025-12-06 00:08:08.927
8AW943,0840177800207,,761263,RAM Memory,1.1316,158.69,synced,2025-12-05 23:50:58.785
8AW944,0840177800214,,762689,RAM Memory,1.1068,90.48,synced,2025-12-05 23:50:57.832
8DM493,0783750010979,,ING-8DM493,Headsets,1.1500,21.66,synced,2025-12-05 23:51:41.815
8FL306,0740617311266,,ING-8FL306,RAM Memory,1.1501,71.93,synced,2025-12-05 23:51:01.783
8GX290,0745883808878,,ING-8GX290,Electronics Film Protectors,1.1501,57.97,synced,2025-12-05 23:51:38.325
8H0113,0065030865715,,ING-8H0113,Anti-Fatigue Mats,1.1500,106.59,synced,2025-12-06 00:07:43.435
8HY741,0841567000870,,ING-8HY741,Audio/Video Cables,1.1501,23.75,synced,2025-12-05 23:51:17.337
8HY759,0841567001075,,ING-8HY759,Cable Ties,1.1501,20.09,synced,2025-12-06 00:07:33.413
8JU946,0747464134697,,765720,Network-Attached Storage Servers,1.0834,1749.99,synced,2025-12-06 00:07:44.435
8JX661,0662774021928,,45997,Cable Splitters,1.1500,32.85,synced,2025-12-05 23:51:42.325
8JX691,0662774041254,,ING-8JX691,Laptop Docking Stations,1.1272,104.03,synced,2025-12-06 00:07:44.925
8JX770,0662774042978,,ING-8JX770,Laptop Docking Stations,1.1262,118.19,synced,2025-12-06 00:07:43.917
8JX802,0662774042664,,ING-8JX802,Laptop Docking Stations,1.1202,104.99,synced,2025-12-06 00:07:45.447
8LN525,0840177840913,,762649,RAM Memory,1.1343,46.10,synced,2025-12-05 23:50:58.333
8PM104,0097855158017,,ING-8PM104,Computer Mice,1.1246,71.00,synced,2025-12-05 23:51:44.331
8PU219,0656777016227,,676578,Tablet Computer Stands,1.1002,415.59,synced,2025-12-05 23:50:57.312
8PU312,0656777017064,,ING-8PU312,Tablet Computer Stands,1.1328,139.74,synced,2025-12-05 23:51:43.847
8PU957,0195235267622,,ING-12RU77,"Tablet Holders, Carriers & Cases",1.1501,,synced,2025-12-06 00:07:47.93
8PV100,0840064407076,,ING-8PV100,Headsets,1.1501,74.50,synced,2025-12-06 00:07:47.433
8PW592,0662774042213,,ING-8PW592,Other Electronic Components & Accessories,1.0898,679.38,synced,2025-12-05 23:52:47.362
8PX007,0745883812158,,ING-8PX007,Electronics Film Protectors,1.1501,24.99,synced,2025-12-05 23:50:59.285
8TN663,0705110111485,,ING-8TN663,Flash Drives,1.1199,189.49,synced,2025-12-05 23:50:54.31
8TN770,0705110114165,,ING-8TN770,Optical Disk Drives,1.1501,79.40,synced,2025-12-06 00:07:31.891
8UH769,0757120103776,,ING-8UH769,Audio/Video Cables,1.1499,32.39,synced,2025-12-05 23:50:56.316
8UK737,0662774044255,,ING-8UK737,Laptop Docking Stations,1.1298,132.55,synced,2025-12-05 23:51:40.834
8V8792,0706487017516,,ING-8V8792,Portable Speakers,1.1340,130.00,synced,2025-12-06 00:07:25.903
8V8795,0706487018216,,ING-8V8795,Headsets,1.1500,65.28,synced,2025-12-05 23:51:46.323
8VP841,0884116381945,,ING-8VP841,Computer Keyboard & Mouse Sets,1.1500,79.00,synced,2025-12-05 23:51:43.328
8VW467,0758479283652,,ING-8VW467,Network Switches,1.1003,,synced,2025-12-05 23:51:18.353
8VW810,0884116382621,,ING-8VW810,Computer Keyboard & Mouse Sets,1.1499,41.98,synced,2025-12-05 23:51:44.836
8W0867,0763649074923,,645732,Hard Drives,1.1041,,synced,2025-12-05 23:51:15.831
8W0869,0763649113820,,518193,Hard Drives,1.1030,252.77,synced,2025-12-05 23:50:53.821
8W0879,0763649074923,,645732,Hard Drives,1.1041,,synced,2025-12-05 23:51:14.827
8W0881,0763649113820,,518193,Hard Drives,1.1030,252.77,synced,2025-12-05 23:51:15.322
8WD588,0092636332372,,ING-8WD588,Computer Keyboard & Mouse Sets,1.1499,42.60,synced,2025-12-06 00:07:28.412
8XB838,0195348751728,,ING-8XB838,RAM Memory,1.0977,405.69,synced,2025-12-06 00:08:14.442
8XQ487,0745883826988,,ING-8XQ487,Laptop Sleeves,1.1500,36.09,synced,2025-12-05 23:51:41.325
8YK014,0889955303134,,ING-8YK014,Laptop Bags,1.1500,37.33,synced,2025-12-06 00:07:46.431
8ZN151,0810010072481,,ING-8ZN151,Network Switches,1.0975,399.00,synced,2025-12-06 00:07:49.45
9AK820,0886734886901,,ING-9AK820,Device-Specific Electronics Chargers,1.1474,103.89,synced,2025-12-06 00:07:48.932
9AT573,0606449154504,,ING-9AT573,Wireless Access Points,1.1135,184.21,synced,2025-12-06 00:07:48.438
9BK794,0603175009436,,ING-9BK794,Network Cards,1.0914,616.34,synced,2025-12-06 00:07:26.914
9BK972,0662774043579,,731590,Computer Port Cards,1.0987,111.24,synced,2025-12-05 23:52:47.87
9CY464,0065030888950,,ING-9CY464,Audio/Video Cables,1.1499,34.80,synced,2025-12-05 23:51:16.822
9CY468,0065030889001,,ING-9CY468,Computer Cables,1.1500,45.92,synced,2025-12-05 23:50:56.801
9CY654,0662774041919,,674755,Computer Keyboard & Mouse Sets,1.1501,18.80,synced,2025-12-05 23:50:55.816
9DF073,0195235085028,,ING-9DF073,Power Adapters,1.1252,169.50,synced,2025-12-05 23:51:45.822
9DG632,0097855154101,,ING-9DG632,Stylus Pens,1.1500,51.50,synced,2025-12-05 23:52:26.857
9DQ650,0785414121762,,ING-9DQ650,Computer Scanners,1.1031,302.98,synced,2025-12-06 00:07:49.942
9GL014,0841567001587,,ING-9GL014,Headsets,1.1501,29.95,synced,2025-12-06 00:07:26.407
9HB739,0740617313963,,ING-9HB739,RAM Memory,1.1500,76.47,synced,2025-12-06 00:07:46.939
9J0985,0065030868228,,459179,Computer Port Cards,1.0990,399.51,synced,2025-12-05 23:51:00.782
9J3871,0097855127389,,482160,"Tablet Holders, Carriers & Cases",1.1500,83.29,synced,2025-12-05 23:52:27.872
9JP009,0195348677387,,ING-9JP009,Laptop Docking Stations,1.0973,289.89,synced,2025-12-06 00:07:50.941
9JQ042,0840030703447,,ING-9JQ042,Network Adapters,1.1502,18.41,synced,2025-12-05 23:51:42.83
9JQ074,0097855169983,,ING-9JQ074,Electronic White Boards,1.1500,649.99,synced,2025-12-05 23:51:45.341
9JQ138,0097855171351,,ING-9JQ138,Presentation Remotes,1.1501,32.45,synced,2025-12-06 00:07:50.442
9KD395,0810078050094,,ING-9KD395,Audio/Video Cables,1.1501,24.96,synced,2025-12-05 23:51:03.785
9LA337,0633886013965,,ING-9LA337,Power Adapters,1.1500,57.28,synced,2025-12-05 23:51:17.831
9MR489,0095205069396,,ING-9MR489,Printers & All-in-Ones,1.1500,399.99,synced,2025-12-05 23:51:02.784
9UY548,0706487021513,,ING-9UY548,Headsets,1.1017,302.83,synced,2025-12-05 23:51:18.838
9V7666,0881317514998,,ING-9V7666,Memory Card Readers,1.1499,25.00,synced,2025-12-05 23:51:08.332
9X4546,0092636325275,,ING-9X4546,Computer Mice,1.1501,24.27,synced,2025-12-05 23:52:48.368
9YZ721,0097855172174,,ING-9YZ721,On-Camera Lights,1.1500,52.99,synced,2025-12-06 00:07:53.411
BF7301,0754082059264,,503662,Hand Tool Crimpers & Strippers,1.1500,114.91,synced,2025-12-05 23:50:59.783
BM4953,0700908001061,,ING-BM4953,Computer Cables,1.1502,25.98,synced,2025-12-05 23:52:48.875
BX9912,0837324002140,,ING-BX9912,Cable Connectors,1.1500,71.36,synced,2025-12-05 23:51:04.285
CA2747,0085896644071,,ING-CA2747,Computer Keyboards,1.1499,63.53,synced,2025-12-06 00:07:52.968
CB4965,0085854199674,,ING-CB4965,Laptop Bags,1.1500,52.54,synced,2025-12-05 23:51:08.843
CR3990,0097855063953,,ING-CR3990,Computer Mice,1.1502,15.99,synced,2025-12-05 23:51:46.821
CY1733,0783384233591,,ING-CY1733,Network Adapters,1.1043,285.75,synced,2025-12-06 00:07:51.495
DA4535,0097855065537,,ING-DA4535,Computer Keyboards,1.1498,11.99,synced,2025-12-06 00:07:52.453
DF4131,0097855067166,,ING-DF4131,Computer Keyboard & Mouse Sets,1.1499,17.95,synced,2025-12-05 23:51:51.849
E09226,0043859474356,,ING-E09226,Mouse Pads,1.1499,18.53,synced,2025-12-05 23:51:07.836
E81162,0722868406687,,ING-E81162,Network Cables,1.1497,14.96,synced,2025-12-05 23:51:47.325
E93180,0807648001440,,5698,Hardware Brackets,1.1500,92.27,synced,2025-12-06 00:08:11.441
GF1595,0757120406594,,137696,Cable Connectors,1.1505,15.42,synced,2025-12-05 23:52:27.36
GU0524,0037332160744,,ING-GU0524,Computer Racks & Mounts,1.1010,371.72,synced,2025-12-05 23:51:02.284
HB1630,0740617336054,,ING-HB1630,RAM Memory,1.1057,270.64,synced,2025-12-05 23:51:05.315
HB1631,0740617336047,,ING-HB1631,RAM Memory,1.0939,334.69,synced,2025-12-06 00:07:32.393
HB2195,0824142323007,,ING-HB2195,Desktop Computers,1.0600,978.14,synced,2025-12-05 23:52:13.357
HB3068,0718037899770,,ING-HB3068,Hard Drives,1.1500,84.99,synced,2025-12-05 23:51:01.282
HE0222,0740617335996,,ING-HE0222,RAM Memory,1.1081,184.76,synced,2025-12-06 00:07:28.889
HE9607,0197497174328,,ING-HE9607,Headsets,1.1479,116.56,synced,2025-12-06 00:08:12.432
HF3539,0197497667295,,ING-HF4525,TV & Monitor Mounts,1.1215,171.15,synced,2025-12-06 00:07:45.946
HF7000,0051144065387,,ING-HF7000,Screen Privacy Filters,1.1501,63.13,synced,2025-12-05 23:51:47.831
HF8994,0197497585513,,ING-HF8994,Hardware Brackets,1.1500,34.39,synced,2025-12-05 23:51:07.323
HF9030,0196188444887,,ING-HF9030,VoIP Phones,1.0800,259.41,synced,2025-12-05 23:52:54.886
HH0547,0197497833584,,ING-HH0547,Headsets,1.1003,334.49,synced,2025-12-05 23:51:49.855
HH0617,0197497573336,,ING-HH0617,Other Electronic Components & Accessories,1.1500,9.99,synced,2025-12-05 23:51:50.851
HK0200,0190017662466,,ING-HK0200,Antennas,1.0800,204.66,synced,2025-12-05 23:51:10.335
HK3781,0735858546881,,ING-HK3781,Processors,1.1011,250.26,synced,2025-12-05 23:51:48.839
HK4182,0656777023331,,ING-HK4182,Computer & Machine Carts,1.1500,226.47,synced,2025-12-05 23:51:12.846
HK8392,0196548978052,,ING-HK8392,Computer Video Cards,1.0843,2010.00,synced,2025-12-05 23:36:58.827
HL6508,0097855191465,,ING-HL6508,Computer Keyboards,1.1500,65.00,synced,2025-12-06 00:07:51.953
HL6509,0097855190451,,ING-HL6509,Electronics Docks & Cradles,1.1500,93.60,synced,2025-12-05 23:51:50.339
HZ3805,0019428182847,,ING-HZ3805,Hard-Sided Coolers,1.1500,67.72,synced,2025-12-05 23:51:19.825
J46366,0065030812139,,ING-J46366,Computer Cables,1.1499,17.67,synced,2025-12-05 23:51:51.345
J64348,0757120278153,,116143,Network Cables,1.1500,25.51,synced,2025-12-05 23:51:48.34
JG5493,0197531323736,,ING-JG5493,Desktop Computers,1.0600,569.99,synced,2025-12-05 23:52:53.369
JJ9567,0197529364635,,ING-JJ9567,Computer Monitors,1.0600,264.19,synced,2025-12-05 23:51:11.838
JK2452,0197532974531,,ING-JK2452,Laptop Computers,1.0600,2146.61,synced,2025-12-05 23:51:06.305
JK4697,0197498433066,,ING-JK4697,Headsets,1.1500,78.69,synced,2025-12-05 23:51:49.331
JK9477,0628012403413,,ING-JK9477,Video Monitors,1.0800,1775.10,synced,2025-12-05 23:51:09.349
JM7023,0197961956528,,ING-Z23471,Laptop Computers,1.0600,287.44,synced,2025-12-05 23:52:16.357
JP4356,0065030907194,,ING-JP4356,Computer Cables,1.1502,16.61,synced,2025-12-05 23:51:10.848
JP9714,0884116451891,,ING-JP9714,Headsets,1.1153,219.92,synced,2025-12-05 23:51:19.341
JP9972,0065030903288,,ING-JP9972,Network Cables,1.1502,26.85,synced,2025-12-05 23:51:20.325
JR2570,0065030906647,,ING-JR2570,Network Cables,1.1499,30.18,synced,2025-12-05 23:51:11.329
JS0515,0889728521598,,ING-JS0515,Network Switches,1.0843,1345.53,synced,2025-12-05 23:51:12.317
JS2963,0840023270383,,ING-JS2963,Cell Phones,1.0800,220.00,synced,2025-12-05 23:51:06.812
JU9620,0197530434358,,ING-JU9620,Laptop Computers,1.0600,837.83,synced,2025-12-05 23:51:52.831
JU9990,0197530513084,,ING-JU9990,Laptop Computers,1.0600,1816.99,synced,2025-12-05 23:51:52.332
JV7945,0718037903088,,ING-JV7945,Hard Drives,1.0902,679.84,synced,2025-12-05 23:51:09.83
JX7562,0198415616777,,ING-JX7562,Laptop Computers,1.0600,2076.20,synced,2025-12-05 23:51:53.34
JZ6554,0197531069214,,ING-JZ6554,Laptop Computers,1.0600,725.00,synced,2025-12-05 23:51:54.866
K10158,0783384231047,,5744,Computer Servers,1.0600,231.16,synced,2025-12-05 23:50:15.779
K10162,0783384231313,,ING-K10162,Computer Servers,1.0600,458.17,synced,2025-12-05 23:50:15.303
K12335,0757120281047,,ING-K12335,Computer Cables,1.1501,17.69,synced,2025-12-05 23:36:48.375
K16036,0037332211088,,ING-K16036,Uninterruptible Power Supplies,1.1391,118.58,synced,2025-12-05 23:50:19.766
K16595,0037332099129,,11186,Network Cables,1.1500,36.99,synced,2025-12-05 23:50:16.285
K16598,0037332117878,,25216,Network Cables,1.1502,30.58,synced,2025-12-05 23:36:47.352
K28207,0648177003204,,20857,Network Adapters,1.0929,521.40,synced,2025-12-05 23:50:17.273
K31449,0757120520306,,37320,Computer Cables,1.1502,17.65,synced,2025-12-05 23:50:18.769
K31452,0757120520337,,114111,Computer Cables,1.1501,26.48,synced,2025-12-05 23:36:47.855
K51453,0037332128089,,ING-K51453,Computer Cables,1.1502,5.99,synced,2025-12-05 23:50:20.762
K62147,0722868601372,,ING-K62147,Surge Suppressors,1.1501,11.99,synced,2025-12-05 23:50:16.767
K66015,0037332131737,,ING-K66015,Network Cables,1.1501,28.36,synced,2025-12-05 23:50:22.244
K85833,0722868601273,,ING-K85833,Network Cables,1.1499,23.93,synced,2025-12-05 23:50:21.263
K85896,0722868464281,,5779,Network Cables,1.1061,348.67,synced,2025-12-05 23:50:18.267
K90225,0065030785785,,23836,Cable Connectors,1.1502,13.34,synced,2025-12-05 23:36:46.867
K90556,0023942949701,,ING-K90556,Optical Recording Media,1.1499,32.10,synced,2025-12-05 23:50:17.759
K95740,0037332135377,,ING-K95740,Network Cables,1.1500,37.20,synced,2025-12-05 23:50:19.265
K95743,0037332135391,,11267,Network Cables,1.1501,38.32,synced,2025-12-05 23:50:20.249
KA2382,0037332157690,,ING-KA2382,Power Distribution Units,1.0931,574.33,synced,2025-12-05 23:52:15.364
KA4938,0840460604529,,ING-KA4938,Network Cables,1.1501,31.72,synced,2025-12-05 23:50:23.757
KD6512,0037332146403,,ING-KD6512,Device-Specific Electronics Batteries,1.0976,386.27,synced,2025-12-05 23:50:24.255
KD7926,0037332121806,,55442,Network Cables,1.1503,9.98,synced,2025-12-05 23:36:48.869
KE2839,0065030843706,,ING-KE2839,Power Cables,1.1500,15.35,synced,2025-12-05 23:50:21.755
KE2842,0065030843812,,ING-KE2842,Computer Cables,1.1501,58.31,synced,2025-12-05 23:50:22.79
KF5700,0065030794923,,8544,Network Cables,1.1501,25.99,synced,2025-12-05 23:50:24.748
KL0607,0757120103080,,130185,Network Cables,1.1501,21.78,synced,2025-12-05 23:50:23.269
KP8470,0698833019780,,ING-KP8470,Anti-Fatigue Mats,1.1500,348.12,synced,2025-12-05 23:50:25.744
KP8471,0698833018561,,ING-KP8471,TV & Monitor Mounts,1.1500,108.09,synced,2025-12-05 23:50:25.25
KP9212,0092636250744,,ING-KP9212,Electronics Carrying Cases,1.1470,90.41,synced,2025-12-05 23:50:26.249
KS5586,0884116366836,,ING-7GZ331,Computer Mice,1.1501,24.97,synced,2025-12-05 23:50:26.755
KS6725,0065030910286,,ING-KS6725,Screen Privacy Filters,1.1500,58.55,synced,2025-12-05 23:36:50.368
KS6728,0065030906166,,ING-KS6728,USB Wi-Fi Adapters,1.1500,92.71,synced,2025-12-05 23:36:49.849
KS6730,0065030910330,,ING-KS6730,Screen Privacy Filters,1.1499,57.11,synced,2025-12-05 23:50:28.274
KS6733,0065030908443,,ING-KS6733,Laptop Security Locks,1.1500,227.68,synced,2025-12-05 23:50:28.758
KS7771,0785813147905,,ING-KS7771,KVM Switches,1.0831,2790.90,synced,2025-12-05 23:36:50.864
KS7901,0196548308248,,ING-NP6529,Device-Specific Electronics Chargers,1.1500,49.00,synced,2025-12-05 23:50:27.778
KT8184,0065030842167,,ING-KT8184,Computer Cables,1.1500,13.00,synced,2025-12-05 23:50:29.245
KT8185,0065030842174,,ING-KT8185,Computer Cables,1.1499,14.10,synced,2025-12-05 23:50:30.746
KU6727,0037332165244,,ING-KU6727,Network Cables,1.1500,22.39,synced,2025-12-05 23:50:27.259
KU6728,0037332165275,,ING-KU6728,Network Cables,1.1500,22.26,synced,2025-12-05 23:50:30.247
KU6957,0037332159601,,ING-KU6957,Power Distribution Units,1.0858,1325.31,synced,2025-12-05 23:50:31.779
KU6961,0037332163127,,ING-KU6961,Network Adapters,1.1498,25.23,synced,2025-12-05 23:36:49.354
KU7924,0085896724056,,ING-KU7924,Computer Mice,1.1500,15.99,synced,2025-12-05 23:50:29.745
KV0814,0097855070739,,ING-KV0814,Webcams,1.1501,17.20,synced,2025-12-06 00:07:55.41
KV6435,0037229221244,,5683,Computer Cables,1.1498,28.71,synced,2025-12-05 23:50:31.246
KY1739,0810136921410,,ING-KY1739,Hardware Screws,1.1500,38.54,synced,2025-12-05 23:50:33.783
KY2327,0884116479598,,ING-KY2327,Laptop Computers,1.0600,1667.07,synced,2025-12-05 23:51:05.819
KY2328,0884116479611,,ING-KY2328,Laptop Computers,1.0600,2710.99,synced,2025-12-05 23:50:32.247
KY3336,0023942321248,,ING-KY3336,Travel Plug Adapters,1.1499,58.99,synced,2025-12-05 23:50:33.269
KY3899,0884116469629,,ING-KY3899,Laptop Sleeves,1.1500,31.01,synced,2025-12-05 23:50:34.272
KY3900,0884116469612,,ING-KY3900,Laptop Sleeves,1.1500,31.01,synced,2025-12-05 23:50:32.768
KY4411,0886734894968,,ING-KY4411,Projector Replacement Lamps,1.1218,201.80,synced,2025-12-05 23:36:51.366
KY5955,0065030901673,,ING-KY5955,Computer Cables,1.1499,34.44,synced,2025-12-05 23:50:34.764
KY6666,0745883891191,,ING-KY6666,Power Cables,1.1501,24.99,synced,2025-12-05 23:50:35.258
KZ6652,0722868120934,,ING-KZ6652,Cable Connectors,1.1499,25.23,synced,2025-12-05 23:50:35.76
L49211,0065030785174,,23641,Network Cables,1.1503,14.93,synced,2025-12-05 23:50:38.776
L73433,0673825412206,,5973,Hard Drives,1.1500,54.64,synced,2025-12-05 23:50:38.257
L81192,0037332135261,,20929,Network Cables,1.1501,35.04,synced,2025-12-05 23:50:36.256
L81214,0037332135018,,75349,Network Cables,1.1500,42.01,synced,2025-12-05 23:50:36.764
L81242,0037332134936,,18452,Network Cables,1.1498,19.88,synced,2025-12-05 23:50:41.752
L81251,0037332134677,,ING-L81251,Network Cables,1.1498,16.94,synced,2025-12-06 00:07:29.893
L81871,0037332126658,,ING-L81871,Power Distribution Units,1.0964,395.22,synced,2025-12-05 23:50:39.268
L81875,0037332132543,,ING-L81875,Power Distribution Units,1.1090,245.20,synced,2025-12-05 23:50:37.263
L96574,0065030773515,,ING-L96574,Cable Connectors,1.1503,11.72,synced,2025-12-05 23:36:51.849
LA2220,0698833018165,,ING-LA2220,TV & Monitor Mounts,1.0856,1484.35,synced,2025-12-05 23:36:52.356
LA2221,0698833018189,,ING-LA2221,TV & Monitor Mounts,1.0856,799.99,synced,2025-12-05 23:50:37.766
LB3848,0672792003011,,73084,KVM Switches,1.0932,715.78,synced,2025-12-05 23:36:52.875
LB6279,0065030844307,,ING-LB6279,Audio/Video Cables,1.1499,16.95,synced,2025-12-05 23:50:42.772
LC1154,0065030783507,,ING-LC1154,Hardware Brackets,1.1500,35.33,synced,2025-12-05 23:50:39.769
LC8680,0731304284642,,56825,Uninterruptible Power Supplies,1.0823,3845.17,synced,2025-12-05 23:50:41.26
LC8759,0731304286677,,59482,KVM Switches,1.1241,118.03,synced,2025-12-05 23:50:43.271
LD9341,0037332167538,,61690,Network Cables,1.1500,11.50,synced,2025-12-05 23:50:42.261
LE1097,0013803145229,,ING-LE1097,Printer Transfer Rollers,1.1500,73.26,synced,2025-12-05 23:50:40.262
LE6627,0065030844796,,ING-LE6627,Power Cables,1.1500,19.43,synced,2025-12-05 23:36:53.403
LE6629,0065030844833,,ING-LE6629,Power Cables,1.1502,18.91,synced,2025-12-05 23:50:40.761
LH7344,0037332151674,,45296,Network Cables,1.1500,42.50,synced,2025-12-05 23:36:36.353
LH7348,0037332164872,,1142,Extension Cords,1.1502,21.18,synced,2025-12-05 23:49:14.721
LH7350,0037332164933,,ING-LH7350,Power Cables,1.1501,51.92,synced,2025-12-05 23:49:53.752
LH7351,0037332164964,,ING-LH7351,Power Cables,1.1500,71.18,synced,2025-12-05 23:49:54.238
LH7396,0758479097877,,ING-LH7396,Network Cables,1.1312,150.00,synced,2025-12-06 00:07:54.416
LJ3953,0698833021004,,ING-LJ3953,TV & Monitor Mounts,1.1006,342.95,synced,2025-12-05 23:49:15.23
LJ8000,0065030845335,,ING-LJ8000,Computer Cooling,1.1500,17.99,synced,2025-12-05 23:49:13.747
LJ8351,0065030845106,,ING-LJ8351,Power Cables,1.1502,18.93,synced,2025-12-05 23:49:15.726
LK3226,0760557817895,,ING-LK3226,Flash Memory,1.1502,9.99,synced,2025-12-05 23:49:14.229
LK7764,0783384231054,,ING-LK7764,Computer Servers,1.0600,208.82,synced,2025-12-05 23:36:36.843
LL0306,0881317509192,,ING-LL0306,Memory Card Readers,1.1499,21.26,synced,2025-12-05 23:49:55.239
LL1326,0715262098114,,ING-LL1326,Electronic Touchpads,1.1296,141.36,synced,2025-12-05 23:49:16.729
LL5025,0037332155801,,ING-LL5025,Network Cables,1.1202,185.09,synced,2025-12-05 23:49:56.239
LL5553,0687967132748,,34823,Computer Software,1.1500,77.69,synced,2025-12-05 23:49:16.229
LL8250,0037332163943,,ING-LL8250,Cable Organizers,1.1500,93.39,synced,2025-12-05 23:49:55.738
LL9435,0037332168443,,ING-LL9435,Power Cables,1.1499,19.25,synced,2025-12-05 23:49:17.235
LS6829,0065030890243,,ING-LS6829,Computer & Machine Carts,1.1499,62.08,synced,2025-12-05 23:49:54.738
LS7580,0633886014719,,ING-LS7580,Device-Specific Electronics Chargers,1.1499,26.99,synced,2025-12-05 23:49:17.739
LS9135,0843173156040,,ING-LS9135,Computer Monitors,1.0600,1484.88,synced,2025-12-05 23:49:56.75
M02929,0698833007398,,ING-M02929,Electronics Stands,1.1500,24.51,synced,2025-12-05 23:36:42.366
M02998,0065030822404,,23654,Computer Replacement Parts,1.1498,7.34,synced,2025-12-05 23:49:18.241
M12849,0012502616351,,5982,Labels,1.1500,37.40,synced,2025-12-05 23:49:18.731
M18022,0023942952541,,ING-M18022,Optical Recording Media,1.1499,47.88,synced,2025-12-05 23:49:57.277
M21388,0757120271543,,26218,Network Cables,1.1500,12.99,synced,2025-12-05 23:49:57.752
M21975,0698833006179,,ING-M21975,TV & Monitor Mounts,1.1500,86.06,synced,2025-12-05 23:49:19.254
M22429,0757120037118,,38722,Switch & Outlet Plates,1.1505,2.99,synced,2025-12-05 23:49:24.741
M22841,0757120281054,,51690,Computer Cables,1.1496,12.76,synced,2025-12-05 23:49:23.251
M22887,0757120298021,,114253,Power Cables,1.1503,19.31,synced,2025-12-05 23:51:13.317
M45864,0037332124951,,46400,Network Cables,1.1499,18.74,synced,2025-12-05 23:49:21.229
M45866,0037332125712,,3233,Network Cables,1.1501,42.01,synced,2025-12-05 23:36:44.353
M75235,0065030823807,,ING-M75235,USB Hubs,1.1501,22.55,synced,2025-12-05 23:49:58.257
M83965,0746320873510,,ING-M83965,Power Cables,1.1501,32.73,synced,2025-12-05 23:36:43.865
M89918,0043859516872,,ING-M89918,Ergonomic Backrests,1.1500,68.44,synced,2025-12-05 23:49:21.723
N17915,0037332138293,,ING-N17915,Surge Suppressors,1.1499,23.99,synced,2025-12-05 23:49:22.74
N18496,0037332138798,,11892,Computer Cables,1.1499,13.89,synced,2025-12-05 23:51:53.848
N30790,0065030799836,,23609,Cable Splitters,1.1502,8.21,synced,2025-12-05 23:49:19.762
N30801,0065030789462,,ING-N30801,Network Cables,1.1498,13.07,synced,2025-12-05 23:49:24.241
N30808,0065030773171,,ING-N30808,Network Cables,1.1499,20.68,synced,2025-12-05 23:49:59.734
N31030,0020963852461,,6193,Labels,1.1501,31.57,synced,2025-12-05 23:49:59.236
N31032,0020963852478,,11902,Labels,1.1500,59.32,synced,2025-12-05 23:49:20.229
N31054,0065030824354,,ING-N31054,Computer Cables,1.1501,25.48,synced,2025-12-05 23:36:37.853
N31058,0065030813969,,11882,Audio/Video Cables,1.1500,46.14,synced,2025-12-05 23:49:20.734
N31063,0065030879521,,ING-N31063,Network Cables,1.0991,403.88,synced,2025-12-05 23:50:00.235
N31064,0065030819770,,ING-N31064,Network Cables,1.1128,213.70,synced,2025-12-05 23:36:37.337
N31685,0785813338884,,6195,Computer Cables,1.1336,157.26,synced,2025-12-05 23:49:22.236
N39495,0092636237653,,ING-N39495,Screen Privacy Filters,1.1501,49.05,synced,2025-12-05 23:49:23.768
N45011,0731304252498,,740644,Network Cables,1.1156,205.77,synced,2025-12-05 23:49:25.733
N66630,0037332140098,,48736,Surge Suppressors,1.1499,69.79,synced,2025-12-05 23:49:25.224
N66633,0037332140135,,ING-N66633,Surge Suppressors,1.1475,109.99,synced,2025-12-05 23:36:42.849
N66637,0037332140173,,ING-N66637,Surge Suppressors,1.1500,55.38,synced,2025-12-05 23:49:27.75
N68587,0037332138354,,18881,Network Cables,1.1502,28.72,synced,2025-12-05 23:49:27.257
N68588,0037332138644,,11930,Network Cables,1.1499,25.01,synced,2025-12-05 23:49:26.226
N68883,0037332141187,,37100,Network Cables,1.1506,8.90,synced,2025-12-05 23:49:58.731
N68907,0037332140043,,ING-N68907,KVM Switches,1.1500,55.62,synced,2025-12-05 23:50:00.735
N71135,0065030824958,,ING-N71135,KVM Switches,1.1145,217.05,synced,2025-12-05 23:36:43.358
NB0480,0731304291527,,61018,Computer Racks & Mounts,1.1250,,synced,2025-12-05 23:49:26.729
NB0481,0731304291534,,494952,Computer Rack Hardware & Accessories,1.1254,139.22,synced,2025-12-05 23:50:01.235
NB0483,0731304291558,,ING-NB0483,Cable Organizers,1.1500,141.70,synced,2025-12-05 23:50:01.732
NB7902,0065030845366,,3250,Computer Cables,1.1502,16.50,synced,2025-12-05 23:50:04.247
NB8664,0077511360558,,78934,Shredder Bags,1.1501,41.72,synced,2025-12-05 23:50:02.738
NB8680,0065030846554,,22638,Network Cards,1.1501,33.50,synced,2025-12-05 23:49:30.218
NB8700,0065030831239,,ING-NB8700,Network Cables,1.1502,13.42,synced,2025-12-05 23:49:32.72
NB8702,0065030794862,,37154,Network Cables,1.1496,10.95,synced,2025-12-05 23:50:03.238
NB8711,0065030821513,,ING-NB8711,Computer Cables,1.1501,20.00,synced,2025-12-05 23:49:33.241
NB8716,0065030791564,,ING-NB8716,Network Cables,1.1501,19.78,synced,2025-12-05 23:50:03.736
NC2990,0873791003006,,68697,Computer Cables,1.1498,17.79,synced,2025-12-05 23:49:30.718
NC3125,0800975026650,,ING-NC3125,Hardware Brackets,1.1502,25.01,synced,2025-12-05 23:36:44.86
NE7711,0065030846097,,ING-NE7711,Audio & Video Receivers,1.0799,32.90,synced,2025-12-05 23:49:32.22
NE7845,0065030778626,,ING-NE7845,Network Cables,1.1501,14.35,synced,2025-12-05 23:50:02.236
NE7861,0065030797672,,31451,Network Cables,1.1502,31.95,synced,2025-12-05 23:49:29.216
NE8992,0807648019285,,ING-NE8992,Other Power & Hand Tool Accessories,1.1500,24.01,synced,2025-12-05 23:49:31.718
NE9315,0071701187710,,ING-NE9315,Label Maker Tape,1.1500,13.93,synced,2025-12-05 23:36:38.387
NF0544,0882658440007,,281820,Antennas,1.0800,153.54,synced,2025-12-05 23:49:31.218
NF0997,0698833022193,,ING-NF0997,Electronics Stands,1.0888,850.70,synced,2025-12-05 23:49:29.717
NF5299,0037332167088,,ING-NF5299,Surge Suppressors,1.1386,124.19,synced,2025-12-05 23:49:28.719
NF6367,0065030842747,,8810,Computer Cables,1.1500,20.65,synced,2025-12-05 23:36:38.846
NF6371,0065030845137,,ING-NF6371,Computer Cables,1.1500,30.36,synced,2025-12-05 23:49:28.237
NF7717,0065030845878,,ING-NF7717,Computer Cables,1.1503,15.53,synced,2025-12-05 23:36:39.354
NG1986,0767035196619,,18066,Network Cards,1.1052,294.20,synced,2025-12-05 23:49:34.277
NG9806,0821455032220,,ING-NG9806,Network Switch Modules,1.1501,59.64,synced,2025-12-05 23:49:35.239
NJ1784,0824142363720,,ING-NJ1784,Computer Monitors,1.0600,649.99,synced,2025-12-05 23:50:04.737
NJ1844,0195892063117,,ING-NJ1844,Device-Specific Electronics Chargers,1.1500,114.71,synced,2025-12-05 23:49:35.73
NJ2060,0810136920833,,ING-NJ2060,Laptop Docking Stations,1.1295,167.41,synced,2025-12-05 23:36:39.858
NJ2135,0810136920673,,ING-NJ2135,Laptop Docking Stations,1.1500,79.99,synced,2025-12-05 23:49:33.744
NJ2138,0810136920994,,ING-NJ2138,KVM Switches,1.1397,140.91,synced,2025-12-05 23:49:36.228
NJ2304,0065030909174,,ING-NJ2304,Computer Port Cards,1.1500,84.99,synced,2025-12-05 23:49:34.739
NJ2754,0881317521903,,ING-NJ2754,Device-Specific Electronics Chargers,1.1499,47.68,synced,2025-12-05 23:49:37.739
NJ3118,0840304767847,,ING-NJ3118,Cell Phone Cases,1.1500,51.79,synced,2025-12-05 23:51:14.332
NJ3887,0196388386369,,ING-NJ3887,Computer Keyboards,1.1344,134.99,synced,2025-12-05 23:49:37.243
NJ3905,0758479024507,,520008,Network Switches,1.1034,178.41,synced,2025-12-05 23:50:05.235
NJ4187,0633886017192,,ING-NJ4187,"Tablet Holders, Carriers & Cases",1.1499,39.99,synced,2025-12-05 23:49:36.734
NJ4822,0837324005226,,ING-NJ4822,Network Switches,1.1041,303.05,synced,2025-12-05 23:49:38.737
NJ4825,0837324005219,,ING-NJ4825,Network Switches,1.1063,276.83,synced,2025-12-05 23:50:06.242
NJ4970,0198153586189,,ING-NJ4970,Tablet Computers,1.0600,313.74,synced,2025-12-05 23:50:07.755
NJ5098,0887276871028,,ING-NJ5098,Cell Phones,1.0800,2364.33,synced,2025-12-05 23:49:38.252
NJ5241,0198153871858,,ING-NJ5241,Desktop Computers,1.0600,1441.15,synced,2025-12-06 00:07:34.418
NJ5243,0198153871926,,ING-NJ5243,Desktop Computers,1.0600,1495.94,synced,2025-12-05 23:50:07.256
NJ5250,0198153871391,,ING-NJ5250,Desktop Computers,1.0600,1376.73,synced,2025-12-05 23:50:06.749
NJ5253,0198153869329,,ING-NJ5253,Desktop Computers,1.0600,2147.84,synced,2025-12-05 23:50:05.744
NJ5256,0198153869954,,ING-NJ5256,Desktop Computers,1.0600,999.00,synced,2025-12-05 23:50:08.283
NJ5258,0198153872497,,ING-NJ5258,Desktop Computers,1.0600,1244.62,synced,2025-12-05 23:49:40.238
NJ5260,0198153875009,,ING-NJ5260,Desktop Computers,1.0600,1088.12,synced,2025-12-05 23:51:54.348
NJ5290,0037332287694,,ING-NJ5290,Surge Suppressors,1.1283,143.52,synced,2025-12-05 23:49:39.742
NJ6128,0822088045984,,713596,Cable Connectors,1.1498,13.55,synced,2025-12-05 23:50:08.771
NJ6350,0822088112952,,427516,Power Adapters,1.1499,,synced,2025-12-05 23:49:39.231
NJ7008,0097855196811,,ING-NJ7008,Camera & Camcorder Mounts,1.1501,91.97,synced,2025-12-05 23:49:41.229
NJ7081,0785414124633,,ING-NJ7081,Computer Scanners,1.0912,539.99,synced,2025-12-05 23:36:40.357
NJ7459,0757120008927,,145320,Network Cables,1.1498,24.61,synced,2025-12-05 23:49:42.743
NJ7790,0819927013433,,ING-NJ7790,Laptop Docking Stations,1.1039,299.95,synced,2025-12-05 23:49:40.735
NJ7861,0840390331380,,ING-NJ7861,Electronics Film Protectors,1.1500,39.04,synced,2025-12-05 23:49:41.727
NJ7862,0840390333384,,ING-NJ7862,Electronics Film Protectors,1.1499,34.23,synced,2025-12-05 23:50:09.271
NJ7865,0840390331397,,ING-NJ7865,Electronics Film Protectors,1.1500,45.28,synced,2025-12-05 23:49:42.243
NJ7866,0840390331373,,ING-NJ7866,Electronics Film Protectors,1.1499,60.00,synced,2025-12-05 23:49:43.248
NJ9273,0092636234881,,ING-N36556,Laptop Bags,1.1500,80.43,synced,2025-12-05 23:49:43.74
NJ9785,0065030907156,,ING-NJ9785,Cable Organizers,1.1500,52.24,synced,2025-12-05 23:50:09.762
NK0300,0840390314130,,ING-NK0300,"Tablet Holders, Carriers & Cases",1.1392,118.26,synced,2025-12-05 23:49:45.231
NK0449,0886734894128,,ING-NK0449,Device-Specific Electronics Batteries,1.1499,96.84,synced,2025-12-05 23:50:10.283
NK0456,0886734880459,,ING-NK0456,Device-Specific Electronics Batteries,1.1501,114.44,synced,2025-12-05 23:49:44.234
NK0463,0886734892223,,ING-NK0463,Device-Specific Electronics Batteries,1.1452,116.93,synced,2025-12-05 23:49:44.741
NK0465,0886734868785,,641238,Device-Specific Electronics Batteries,1.1500,78.19,synced,2025-12-05 23:50:11.285
NK0654,0606449166422,,ING-S36950,Network Routers,1.0965,424.21,synced,2025-12-05 23:50:10.767
NK0664,0606449157758,,ING-NK0664,Modems,1.0800,324.75,synced,2025-12-05 23:49:45.726
NK2428,0810078050544,,ING-NK2428,Computer Video Cards,1.1500,63.36,synced,2025-12-05 23:52:49.885
NK2896,0885397270980,,715072,Network Routers,1.1499,35.94,synced,2025-12-05 23:50:12.253
NK2901,0885397270997,,711492,Network Routers,1.1499,33.17,synced,2025-12-05 23:49:46.236
NK2908,0885397276197,,ING-NK2908,Wireless Access Points,1.1500,100.01,synced,2025-12-05 23:50:11.775
NK2920,0885397270720,,381142,Signal Repeaters,1.1499,18.92,synced,2025-12-05 23:49:48.259
NK2923,0885397270317,,293134,Network Switches,1.1498,12.99,synced,2025-12-05 23:36:41.355
NK2938,0885397020349,,497730,Network Switches,1.1499,36.55,synced,2025-12-05 23:49:46.739
NK2954,0885397276029,,ING-NK2954,Network Switches,1.1500,29.06,synced,2025-12-05 23:50:13.263
NK2963,0885397271406,,711399,Network Switches,1.1500,25.00,synced,2025-12-05 23:49:47.253
NK3664,0198154815219,,ING-NK3664,Desktop Computers,1.0600,1645.77,synced,2025-12-05 23:49:48.757
NK4233,0845226022845,,ING-NK4233,Televisions,1.0800,128.00,synced,2025-12-05 23:36:40.851
NK4341,0065030909594,,ING-NK4341,Computer Cables,1.1499,20.52,synced,2025-12-05 23:36:41.85
NK4342,0065030902038,,ING-NK4342,Computer Racks & Mounts,1.1033,288.03,synced,2025-12-05 23:49:47.747
NK5090,0840460603751,,ING-NK5090,Network Switches,1.1499,21.68,synced,2025-12-05 23:36:45.867
NK5095,0845973072162,,ING-NK5095,Network Switches,1.1501,29.62,synced,2025-12-05 23:49:49.261
NK5097,0840030709739,,ING-JP1630,Network Switches,1.0897,780.93,synced,2025-12-05 23:36:45.365
NK5098,0840030705267,,ING-NK5098,Network Routers,1.1024,299.99,synced,2025-12-05 23:49:50.757
NK5101,0840460605168,,ING-NK5101,Network Switch Modules,1.1501,19.99,synced,2025-12-05 23:50:13.76
NK5116,0840030702815,,ING-NK5116,Network Cables,1.1502,29.00,synced,2025-12-05 23:36:46.344
NK5408,0197497663846,,ING-NK5408,Computer Replacement Parts,1.1287,151.36,synced,2025-12-05 23:50:12.762
NK5433,0650177703268,,ING-NK5433,TV & Monitor Mounts,1.1442,124.86,synced,2025-12-05 23:49:50.253
NK5503,0757120508816,,700175,Network Cables,1.1501,47.74,synced,2025-12-05 23:50:14.276
NK5633,0840046050818,,ING-NK5633,Computer Monitors,1.0600,1125.94,synced,2025-12-05 23:49:49.746
NK6682,0706487026129,,ING-NK6682,Headsets,1.1053,260.00,synced,2025-12-05 23:49:51.245
NK6687,0706487026006,,ING-NK6687,Headsets,1.1010,219.99,synced,2025-12-05 23:49:51.759
NK6702,0706487026297,,ING-NK6702,Headsets,1.0976,372.80,synced,2025-12-05 23:51:56.854
NK6717,0706487026181,,ING-NK6717,Headsets,1.1030,285.34,synced,2025-12-05 23:49:52.253
NK6889,0633886016973,,ING-NK6889,USB Hubs,1.1500,89.93,synced,2025-12-05 23:49:52.752
NK7514,0840390333872,,ING-NK7514,"Tablet Holders, Carriers & Cases",1.1500,47.12,synced,2025-12-05 23:49:53.251
NK7516,0012502674245,,ING-NK7516,Computer Scanners,1.1013,324.99,synced,2025-12-05 23:50:14.793
NK9680,0850053009754,,ING-NK9680,Desktop Computers,1.0600,1223.75,synced,2025-12-05 23:48:57.719
NK9754,0840390311627,,ING-NK9754,Portable Power Packs,1.1500,79.99,synced,2025-12-05 23:48:58.242
NM0159,0810052987736,,ING-NM0159,Headsets,1.1233,137.98,synced,2025-12-05 23:48:57.215
NM2094,0810084693582,,ING-NM2094,Surveillance Cameras,1.0800,359.49,synced,2025-12-05 23:49:07.226
NM6326,0065030902045,,ING-NM6326,TV & Monitor Mounts,1.1174,144.39,synced,2025-12-05 23:48:58.701
NM6327,0065030916011,,ING-NM6327,Computer Cables,1.1501,12.35,synced,2025-12-05 23:49:07.719
NM6329,0065030902052,,ING-NM6329,TV & Monitor Mounts,1.1043,293.19,synced,2025-12-05 23:48:59.2
NM6334,0065030909709,,ING-NM6334,Computer Cables,1.1502,8.99,synced,2025-12-05 23:49:08.239
NM9969,0882508000801,,ING-NM9970,Laptop Computers,1.0600,368.83,synced,2025-12-05 23:49:00.204
NM9970,0882508000801,,ING-NM9970,Laptop Computers,1.0600,368.83,synced,2025-12-05 23:48:59.702
NN0165,0757120006923,,65055,Network Cables,1.1502,20.03,synced,2025-12-05 23:49:08.718
NN0166,0757120006923,,65055,Network Cables,1.1502,20.03,synced,2025-12-05 23:36:35.844
NN0487,0832938099067,,ING-NN0487,Wireless Access Points,1.0872,977.67,synced,2025-12-05 23:49:10.716
NN0488,0832938097704,,ING-NN0488,Wireless Access Points,1.0842,1938.73,synced,2025-12-05 23:49:09.724
NN1323,0824142380864,,ING-NN1323,Laptop Computers,1.0600,949.99,synced,2025-12-05 23:49:01.203
NN1469,0821270701455,,ING-NN1469,Laptop Computers,1.0600,505.87,synced,2025-12-05 23:49:00.701
NN2437,0065030898263,,ING-NN2437,Computer Cables,1.1500,54.70,synced,2025-12-05 23:49:11.222
NN2439,0065030912761,,ING-NN2439,Computer Port Cards,1.1433,105.60,synced,2025-12-05 23:49:09.223
NN2996,0763649182437,,ING-NN2996,Hard Drives,1.1088,259.95,synced,2025-12-05 23:49:10.215
NN2999,0763649180907,,ING-NN2999,Hard Drives,1.1294,141.82,synced,2025-12-05 23:49:01.706
NN3767,0886734896740,,ING-NN3767,Device-Specific Electronics Chargers,1.1500,50.41,synced,2025-12-05 23:49:04.202
NN3768,0886734896726,,ING-NN3768,Power Adapters,1.1500,76.84,synced,2025-12-05 23:49:04.7
NN3772,0886734896672,,ING-NN3772,Device-Specific Electronics Chargers,1.1500,74.99,synced,2025-12-05 23:49:05.702
NN5193,0662774046310,,ING-NN5193,Computer Cables,1.1500,110.62,synced,2025-12-05 23:49:02.701
NN5255,0810070367978,,ING-NN5255,"Tablet Holders, Carriers & Cases",1.1501,44.95,synced,2025-12-05 23:49:12.238
NN5588,0195892105817,,ING-NN5588,Network Cards,1.1341,141.35,synced,2025-12-05 23:49:02.2
NN5694,0197961404982,,ING-NN5694,Computer Monitors,1.0600,178.99,synced,2025-12-05 23:49:03.199
NN5695,0198122904686,,ING-NN5695,Computer Monitors,1.0600,269.00,synced,2025-12-05 23:49:03.701
NN5700,0198701878582,,ING-NN5700,Desktop Computers,1.0600,1456.49,synced,2025-12-05 23:49:05.201
NN5833,0195133258517,,ING-NN5833,Laptop Computers,1.0600,441.74,synced,2025-12-05 23:49:11.721
NN6795,0819921012975,,ING-NN6795,Device-Specific Electronics Chargers,1.1501,32.99,synced,2025-12-05 23:49:12.733
NN6808,0819921016300,,ING-NN6808,Tripods,1.0800,169.99,synced,2025-12-05 23:49:06.735
NN6811,0819921013781,,ING-NN6811,USB Hubs,1.1500,49.99,synced,2025-12-05 23:49:06.228
NN6850,0840025253742,,ING-NN6850,Computer Video Cards,1.1496,99.99,synced,2025-12-05 23:49:13.238
NP0107,0850041503653,,ING-NP0107,Video Game Chairs,1.1500,271.97,synced,2025-12-05 23:48:48.209
NP0108,0850041503660,,ING-NP0108,Video Game Chairs,1.1500,271.97,synced,2025-12-05 23:48:47.716
NP1079,0012502673996,,ING-NP1079,Printers & All-in-Ones,1.1500,224.99,synced,2025-12-05 23:48:36.711
NP1276,0065030906180,,ING-NP1276,Laptop Security Locks,1.1500,57.54,synced,2025-12-05 23:48:48.719
NP1278,0065030900713,,ING-NP1278,Laptop Security Locks,1.1500,42.16,synced,2025-12-05 23:48:36.213
NP1998,0190017702728,,ING-NP1998,Network Switches,1.1067,270.08,synced,2025-12-05 23:48:35.724
NP2063,0195892097198,,ING-NP2063,Computer Keyboard & Mouse Sets,1.1500,87.83,synced,2025-12-05 23:48:37.218
NP2344,0822088109495,,669686,Network Adapters,1.0960,508.49,synced,2025-12-05 23:48:37.712
NP2987,0197961052183,,ING-NP2987,Computer Replacement Parts,1.0862,1120.38,synced,2025-12-05 23:48:38.708
NP2995,0884116475255,,ING-NP2995,Computer Keyboards,1.1501,39.17,synced,2025-12-05 23:48:50.202
NP3077,0198155174940,,ING-NP3077,Laptop Computers,1.0600,2317.62,synced,2025-12-05 23:48:49.71
NP3426,0198828256515,,ING-NP3426,Laptop Computers,1.0600,1599.00,synced,2025-12-05 23:48:49.222
NP3432,0198828256485,,ING-NP3432,Laptop Computers,1.0600,1467.98,synced,2025-12-05 23:48:38.225
NP4310,0735858550567,,ING-NP4310,Processors,1.1003,189.99,synced,2025-12-05 23:48:34.202
NP4372,0197497475289,,ING-NP4372,VoIP Phones,1.0800,150.90,synced,2025-12-05 23:48:40.208
NP4493,0662774046327,,ING-NP4493,Video Capture Devices,1.1076,276.79,synced,2025-12-05 23:48:42.712
NP4543,0097855186737,,ING-NP4543,Computer Mice,1.1501,39.98,synced,2025-12-05 23:48:50.714
NP4544,0097855199300,,ING-NP4544,Portable Speakers,1.1500,49.99,synced,2025-12-05 23:48:54.712
NP4545,0097855196668,,ING-NP4545,Computer Mice,1.1377,93.19,synced,2025-12-05 23:48:39.207
NP4546,0097855195029,,ING-NP4546,Computer Keyboards,1.1055,189.99,synced,2025-12-05 23:48:55.206
NP4550,0097855200198,,ING-NP4550,Computer Mice,1.1176,134.99,synced,2025-12-05 23:48:42.219
NP4551,0097855199423,,ING-NP4551,Portable Speakers,1.1500,49.99,synced,2025-12-05 23:48:41.714
NP4553,0097855195166,,ING-NP4553,Computer Keyboards,1.1067,179.99,synced,2025-12-05 23:48:51.227
NP4555,0097855199386,,ING-NP4555,Portable Speakers,1.1500,54.99,synced,2025-12-05 23:48:33.711
NP4558,0097855194992,,ING-NP4558,Computer Keyboards,1.1067,272.05,synced,2025-12-05 23:48:39.703
NP4564,0097855195647,,ING-NP4564,Headsets,1.1501,29.99,synced,2025-12-05 23:48:54.21
NP4574,0097855197092,,ING-NP4574,Computer Keyboards,1.1119,159.99,synced,2025-12-06 00:07:58.912
NP4726,0757120011767,,500046,Network Cables,1.1503,15.82,synced,2025-12-05 23:48:53.715
NP4727,0757120011774,,500042,Network Cables,1.1498,8.99,synced,2025-12-05 23:48:52.73
NP4910,0840390317155,,ING-NP4910,Electronics Film Protectors,1.1499,29.99,synced,2025-12-05 23:48:53.22
NP4913,0840390317148,,ING-NP4913,Electronics Film Protectors,1.1501,32.72,synced,2025-12-05 23:48:51.716
NP4914,0840390317162,,ING-NP4914,Electronics Film Protectors,1.1501,35.14,synced,2025-12-05 23:48:40.711
NP4916,0840390317179,,ING-NP4916,Electronics Film Protectors,1.1500,32.74,synced,2025-12-05 23:48:52.219
NP4919,0840390317292,,ING-NP4919,Electronics Film Protectors,1.1500,26.50,synced,2025-12-05 23:48:41.205
NP5961,0705110115537,,ING-NP5961,Computer Replacement Parts,1.1500,39.26,synced,2025-12-05 23:48:43.215
NP6090,0065030900522,,ING-NP6090,TV & Monitor Mounts,1.1502,23.42,synced,2025-12-05 23:48:55.716
NP6091,0065030903240,,ING-NP6091,Computer Cables,1.1501,48.82,synced,2025-12-05 23:48:44.2
NP6094,0065030899857,,ING-NP6094,Computer Cables,1.1358,131.99,synced,2025-12-05 23:36:35.355
NP6529,0196548308248,,ING-NP6529,Device-Specific Electronics Chargers,1.1500,49.00,synced,2025-12-05 23:48:44.697
NP6673,0840006676331,,ING-NP6673,Computer Power Supplies,1.1141,159.99,synced,2025-12-05 23:48:43.718
NP6844,0766907029475,,ING-NP6844,Computer Monitors,1.0600,152.99,synced,2025-12-05 23:48:56.21
NP8538,0037332289018,,ING-NP8538,Power Cables,1.1502,27.72,synced,2025-12-05 23:48:45.196
NP8544,0037332289025,,ING-NP8544,Power Cables,1.1502,39.64,synced,2025-12-05 23:48:45.7
NP8641,0840046050658,,ING-NP8641,Computer Monitors,1.0600,875.14,synced,2025-12-05 23:48:34.696
NQ1109,0840064410601,,ING-SF6246,Headsets,1.1500,82.71,synced,2025-12-05 23:48:46.719
NQ1143,0757120008569,,50380,Network Cables,1.1500,31.67,synced,2025-12-05 23:48:46.204
NQ1144,0757120008545,,50867,Network Cables,1.1501,26.10,synced,2025-12-05 23:48:56.72
NQ1145,0757120008514,,21859,Network Cables,1.1497,21.92,synced,2025-12-05 23:48:47.215
NQ1153,0886734896535,,ING-NQ1153,Device-Specific Electronics Batteries,1.1453,123.46,synced,2025-12-05 23:48:35.213
NR3330,0850053009884,,ING-NR3330,Multimedia Projectors,1.0800,625.00,synced,2025-12-05 23:47:31.637
NR3336,0850053009860,,ING-NR3336,Multimedia Projectors,1.0800,553.00,synced,2025-12-05 23:47:32.208
NR3337,0850053009563,,ING-NR3337,Multimedia Projectors,1.0800,463.54,synced,2025-12-05 23:48:33.226
NR3433,0007498365178,,763443,Network Cables,1.1501,,synced,2025-12-05 23:47:32.678
NR3627,0092636367978,,ING-NR3627,"Tablet Holders, Carriers & Cases",1.1470,111.29,synced,2025-12-05 23:47:31.138
NR4321,0065030906302,,ING-NR4321,Electronics Stands,1.0896,721.03,synced,2025-12-05 23:47:33.664
NR4375,0822088108948,,713863,Other Electronic Components & Accessories,1.1499,57.15,synced,2025-12-05 23:46:37.666
NR4819,0662774040509,,ING-NR4819,Other Electronic Components & Accessories,1.1501,71.48,synced,2025-12-05 23:47:33.159
NR4824,0662774041278,,656660,Signal Repeaters,1.1251,151.33,synced,2025-12-05 23:47:34.17
NR4899,0195892105794,,ING-NR4899,Modems,1.0800,233.05,synced,2025-12-05 23:47:34.661
NR5013,0195174092156,,ING-NR5013,Computer Monitors,1.0600,1667.06,synced,2025-12-05 23:47:35.161
NR6565,0745883879564,,ING-NR6565,Headphones,1.1499,30.99,synced,2025-12-06 00:07:54.921
NR6566,0745883879540,,ING-NR6566,Headphones,1.1501,29.99,synced,2025-12-05 23:46:38.157
NR6572,0745883887736,,ING-NR6572,Device-Specific Electronics Chargers,1.1500,49.99,synced,2025-12-05 23:47:35.661
NR6598,0012502667988,,ING-NR6598,Printers & All-in-Ones,1.1500,439.99,synced,2025-12-05 23:47:36.174
NR6599,0012502670612,,ING-NR6599,Printers & All-in-Ones,1.1500,489.99,synced,2025-12-05 23:46:38.657
NR8981,0824142378267,,ING-NR8981,Laptop Computers,1.0600,914.99,synced,2025-12-05 23:47:37.174
NR8984,0824142382288,,ING-NR8984,Laptop Computers,1.0600,950.23,synced,2025-12-05 23:46:39.144
NR9021,0822088101826,,710063,Computer Patch Panels,1.1500,54.38,synced,2025-12-05 23:47:38.164
NS0178,0065030911030,,ING-NS0178,Network Cards,1.1500,38.22,synced,2025-12-05 23:47:39.157
NS0180,0065030911863,,ING-NS0180,Computer Cables,1.1502,8.99,synced,2025-12-05 23:47:37.753
NS0182,0065030901239,,ING-NS0182,TV & Monitor Mounts,1.1499,34.99,synced,2025-12-05 23:47:36.666
NS0183,0065030911023,,ING-NS0183,Network Cards,1.1500,37.80,synced,2025-12-05 23:47:38.664
NS0184,0065030907071,,ING-NS0184,Cable Connectors,1.1503,9.90,synced,2025-12-05 23:36:04.3
NS0638,0606449170504,,ING-NS0638,Network Routers,1.0957,299.00,synced,2025-12-05 23:36:18.364
NS0642,0606449170283,,ING-NS0642,Network Routers,1.1063,189.00,synced,2025-12-05 23:46:40.143
NS0644,0606449172041,,ING-NS0644,Network Routers,1.0927,551.36,synced,2025-12-05 23:46:41.154
NS1816,0840283915338,,ING-NS1816,Cell Phone Cases,1.1499,32.68,synced,2025-12-05 23:36:17.84
NS1824,0840283914348,,ING-NS1824,Cell Phone Cases,1.1500,32.48,synced,2025-12-05 23:46:39.642
NS1826,0840283914232,,ING-NS1826,Cell Phone Cases,1.1501,19.98,synced,2025-12-05 23:47:40.159
NS1829,0840283915130,,ING-NS1829,Cell Phone Cases,1.1501,24.98,synced,2025-12-05 23:36:17.333
NS1861,0840283915697,,ING-NS1861,Electronics Film Protectors,1.1501,29.98,synced,2025-12-05 23:46:40.667
NS1893,0840283914157,,ING-NS1893,Cell Phone Cases,1.1500,32.48,synced,2025-12-05 23:47:40.662
NS1904,0840283914171,,ING-NS1904,Cell Phone Cases,1.1501,32.48,synced,2025-12-05 23:47:39.655
NS1922,0840283911606,,ING-NS1922,Electronics Docks & Cradles,1.1398,84.95,synced,2025-12-05 23:46:41.649
NS1953,0840283916328,,ING-NS1953,Computer Cables,1.1500,39.95,synced,2025-12-05 23:47:41.671
NS2926,0793442021176,,ING-NS2926,"Tablet Holders, Carriers & Cases",1.1500,64.12,synced,2025-12-05 23:46:42.648
NS3149,0198155317712,,ING-NS3149,Desktop Computers,1.0600,1195.75,synced,2025-12-05 23:46:42.148
NS3484,0810052980454,,ING-NS3484,Computer Keyboards,1.1048,259.99,synced,2025-12-05 23:46:43.174
NS3725,0757120507666,,700201,Network Cables,1.1499,29.37,synced,2025-12-05 23:47:42.678
NS3726,0757120507604,,701166,Network Cables,1.1502,25.21,synced,2025-12-05 23:47:41.155
NS3727,0757120041276,,136324,Network Cables,1.1496,15.77,synced,2025-12-05 23:47:42.175
NS3811,0196388431069,,ING-NS3811,Tablet Computers,1.0600,1617.74,synced,2025-12-05 23:46:44.661
NS3969,0097855199942,,ING-NS3969,Computer Keyboard & Mouse Sets,1.1500,65.95,synced,2025-12-05 23:47:46.173
NS3971,0097855199843,,ING-NS3971,Computer Keyboard & Mouse Sets,1.1500,57.99,synced,2025-12-05 23:46:43.664
NS3973,0097855198808,,ING-NS3973,Computer Mice,1.1501,44.05,synced,2025-12-05 23:36:19.343
NS3974,0097855199812,,ING-NS3974,Computer Keyboards,1.1500,69.99,synced,2025-12-05 23:36:18.85
NS3975,0097855196415,,ING-NS3975,Webcams,1.0893,858.09,synced,2025-12-05 23:47:44.662
NS3976,0097855199850,,ING-NS3976,Computer Keyboard & Mouse Sets,1.1500,57.99,synced,2025-12-05 23:47:47.178
NS3977,0097855199713,,ING-NS3977,Computer Keyboards,1.1500,65.21,synced,2025-12-05 23:47:43.668
NS3978,0097855199829,,ING-NS3978,Computer Keyboards,1.1500,40.38,synced,2025-12-05 23:47:43.178
NS3980,0097855199706,,ING-NS3980,Computer Keyboards,1.1500,39.98,synced,2025-12-05 23:47:46.667
NS4244,0196388433339,,ING-NS4244,Tablet Computers,1.0600,1631.73,synced,2025-12-05 23:46:45.668
NS4781,0633886017307,,ING-NS4781,Cell Phone Cases,1.1500,34.86,synced,2025-12-05 23:46:45.158
NS5023,0840283919497,,ING-NS5023,Electronics Docks & Cradles,1.1234,161.16,synced,2025-12-05 23:47:45.659
NS5158,0065030905473,,ING-NS5158,Memory Card Readers,1.1500,67.71,synced,2025-12-05 23:46:46.155
NS5159,0065030900911,,ING-NS5159,Power Distribution Units,1.1500,64.99,synced,2025-12-05 23:46:44.144
NS5247,0757120007104,,154923,Network Cables,1.1500,17.81,synced,2025-12-05 23:47:45.156
NS5347,0886734897228,,ING-SL4859,Device-Specific Electronics Chargers,1.1501,55.92,synced,2025-12-05 23:47:44.156
NS7898,0065030904469,,ING-NS7898,Multimeters,1.1501,42.60,synced,2025-12-05 23:47:49.178
NS8325,9350784027283,,ING-NS8325,Device-Specific Electronics Chargers,1.1500,93.99,synced,2025-12-05 23:46:46.66
NS8326,9350784028365,,ING-NS8326,Laptop Docking Stations,1.1024,264.62,synced,2025-12-05 23:36:19.84
NS8328,9350784025951,,ING-NS8328,Cigarette Lighter Adapters,1.1499,43.43,synced,2025-12-05 23:46:47.659
NS8329,9350784027788,,ING-NS8329,Portable Power Packs,1.1205,226.58,synced,2025-12-05 23:36:20.35
NS8331,9350784027320,,ING-NS8331,Laptop Docking Stations,1.1397,84.95,synced,2025-12-05 23:46:48.166
NS8333,9350784026743,,ING-NS8333,Laptop Docking Stations,1.1272,117.71,synced,2025-12-05 23:47:49.672
NS8339,9350784027740,,ING-NS8339,Device-Specific Electronics Chargers,1.1397,160.58,synced,2025-12-05 23:47:47.679
NS8340,9350784026019,,ING-NS8340,Cigarette Lighter Adapters,1.1499,46.03,synced,2025-12-05 23:47:48.671
NS8341,9350784027306,,ING-NS8341,Laptop Docking Stations,1.1272,113.34,synced,2025-12-05 23:47:48.175
NS9258,0195133181976,,ING-NS9258,Computer Monitors,1.0600,274.96,synced,2025-12-05 23:46:47.183
NT0389,0822088065920,,706226,Cable Connectors,1.1350,127.18,synced,2025-12-05 23:47:50.67
NT1257,0197105713536,,ING-NT1257,Desktop Computers,1.0600,297.02,synced,2025-12-05 23:47:50.177
NT2224,0097855200051,,ING-NT2224,Headsets,1.1278,129.74,synced,2025-12-05 23:47:51.677
NT2290,0810142820400,,ING-NT2290,Network Switches,1.0904,671.93,synced,2025-12-05 23:50:53.133
NT2397,0840056194571,,ING-NT2397,Cell Phone Cases,1.1500,42.32,synced,2025-12-05 23:46:48.656
NT2991,0198155257407,,ING-NT2991,Desktop Computers,1.0600,699.00,synced,2025-12-05 23:46:49.149
NT2992,0198155257513,,ING-NT2992,Desktop Computers,1.0600,736.08,synced,2025-12-05 23:46:50.655
NT3070,0745883898541,,ING-NT3070,Electronics Film Protectors,1.1501,34.99,synced,2025-12-05 23:46:51.154
NT3188,0747464136202,,ING-NT3188,Network-Attached Storage Servers,1.0916,519.99,synced,2025-12-05 23:46:50.147
NT4388,0886734897112,,ING-NT4388,Device-Specific Electronics Batteries,1.1398,127.86,synced,2025-12-05 23:47:51.184
NT4406,0840390334589,,ING-NT4406,Electronics Film Protectors,1.1501,39.77,synced,2025-12-05 23:46:49.659
NT4408,0840390325075,,ING-NT4408,Cell Phone Cases,1.1500,59.00,synced,2025-12-05 23:36:04.796
NT4417,0840390317254,,ING-NT4417,Electronics Film Protectors,1.1499,29.95,synced,2025-12-05 23:36:20.857
NT4420,0840056194571,,ING-NT2397,Cell Phone Cases,1.1500,42.32,synced,2025-12-05 23:47:53.665
NT4425,0840390334251,,ING-NT4425,Electronics Film Protectors,1.1501,35.50,synced,2025-12-05 23:47:52.177
NT4526,0822088070085,,455195,Other Electronic Components & Accessories,1.1500,40.80,synced,2025-12-05 23:46:52.154
NT4527,0822088132394,,ING-NT4527,Cable Connectors,1.1197,215.58,synced,2025-12-05 23:47:54.674
NT4814,0198828562241,,ING-NT4814,Desktop Computers,1.0600,2631.82,synced,2025-12-05 23:46:53.17
NT4815,0198828562272,,ING-NT4815,Desktop Computers,1.0600,2285.83,synced,2025-12-05 23:46:53.665
NT4825,0065030899864,,ING-NT4825,Audio/Video Cables,1.1500,79.87,synced,2025-12-05 23:47:55.67
NT4830,0065030913492,,ING-NT4830,Network Cables,1.1499,14.92,synced,2025-12-05 23:47:53.18
NT4834,0065030913447,,ING-NT4834,Network Cables,1.1499,17.95,synced,2025-12-05 23:36:05.315
NT4835,0065030913140,,ING-NT4835,Network Cables,1.1499,21.89,synced,2025-12-05 23:47:52.687
NT4840,0065030913270,,ING-NT4840,Network Cables,1.1499,15.81,synced,2025-12-05 23:36:05.825
NT4844,0065030913126,,ING-NT4844,Network Cables,1.1499,15.10,synced,2025-12-05 23:46:51.673
NT4847,0065030913157,,ING-NT4847,Network Cables,1.1501,21.89,synced,2025-12-05 23:46:52.657
NT4851,0065030912471,,ING-NT4851,Electronics Film Protectors,1.1501,51.69,synced,2025-12-05 23:47:56.174
NT4852,0065030906494,,ING-NT4852,Screen Privacy Filters,1.1501,49.39,synced,2025-12-05 23:47:55.179
NT4853,0065030912495,,ING-NT4853,Electronics Film Protectors,1.1501,56.12,synced,2025-12-05 23:47:54.169
NT4867,0826635719694,,ING-NT4867,Receipt Printers,1.1500,323.89,synced,2025-12-05 23:46:54.155
NT6123,0757120560388,,ING-NT6123,Network Cables,1.1056,305.04,synced,2025-12-05 23:51:24.829
NT7187,0650177703374,,ING-NT7187,TV & Monitor Mounts,1.0984,423.13,synced,2025-12-05 23:47:56.677
NT7189,0718037872353,,ING-NT7189,Hard Drives,1.1500,79.99,synced,2025-12-05 23:46:58.661
NT7190,0718037903118,,ING-NT7190,Hard Drives,1.0903,679.99,synced,2025-12-05 23:47:57.674
NT7191,0718037872384,,ING-7AG966,Hard Drives,1.1376,109.99,synced,2025-12-05 23:47:58.183
NT7193,0718037872339,,ING-NT7193,Hard Drives,1.1068,209.99,synced,2025-12-05 23:46:56.151
NT7207,0718037884691,,ING-NT7207,Hard Drives,1.1499,39.99,synced,2025-12-05 23:47:59.151
NT7212,0718037884622,,ING-NT7212,Hard Drives,1.1499,39.99,synced,2025-12-05 23:47:58.653
NT7219,0718037891408,,ING-NT7219,Hard Drives,1.1142,154.99,synced,2025-12-05 23:46:56.661
NT7221,0718037872346,,ING-NT7221,Hard Drives,1.1500,74.99,synced,2025-12-05 23:46:57.666
NT7228,0718037891422,,ING-NT7228,Hard Drives,1.0959,399.99,synced,2025-12-05 23:46:54.659
NT7239,0718037903613,,ING-NT7239,Hard Drives,1.1068,199.99,synced,2025-12-05 23:47:57.17
NT7244,0718037899961,,ING-NT7244,Hard Drives,1.1041,289.99,synced,2025-12-05 23:46:55.151
NT7246,0718037874951,,ING-NT7246,Flash Memory,1.1501,54.90,synced,2025-12-05 23:46:58.151
NT7250,0718037874890,,ING-NT7250,Flash Memory,1.1501,19.95,synced,2025-12-05 23:46:55.657
NT7251,0718037874968,,ING-NT7251,Flash Memory,1.1500,130.75,synced,2025-12-05 23:46:57.169
NT7252,0718037874937,,ING-NT7252,Flash Memory,1.1499,27.95,synced,2025-12-05 23:36:06.32
NT8409,0811370025254,,ING-NT8409,Device-Specific Electronics Chargers,1.1500,74.57,synced,2025-12-05 23:46:59.126
NT8412,0811370025261,,ING-NT8412,Device-Specific Electronics Chargers,1.1500,119.94,synced,2025-12-05 23:48:00.652
NT8513,0085896352327,,ING-NT8513,Laptop Docking Stations,1.1039,290.50,synced,2025-12-05 23:48:00.196
NT8674,0065030911238,,ING-NT8674,USB Hubs,1.1498,16.00,synced,2025-12-05 23:47:59.658
NT9586,0197105580633,,ING-NT9586,Network Routers,1.1055,199.99,synced,2025-12-05 23:50:52.085
NU0056,0198155214608,,ING-NU0056,Laptop Computers,1.0600,1574.95,synced,2025-12-05 23:48:01.153
NU0066,0198155185045,,ING-NU0066,Desktop Computers,1.0600,944.29,synced,2025-12-05 23:48:01.66
NU0101,0198155185519,,ING-NU0101,Desktop Computers,1.0600,935.70,synced,2025-12-06 00:07:29.393
NU1371,0195112121184,,ING-NU1371,Circuit Testers,1.1501,106.13,synced,2025-12-05 23:48:02.155
NU3022,0037332281333,,ING-NU3022,Uninterruptible Power Supplies,1.0978,442.09,synced,2025-12-05 23:48:04.655
NU3041,0886734897488,,ING-NU3041,Device-Specific Electronics Chargers,1.1500,82.52,synced,2025-12-05 23:47:00.632
NU3043,0886734897518,,ING-NU3043,Device-Specific Electronics Chargers,1.1500,68.46,synced,2025-12-05 23:48:05.182
NU3114,0065030915359,,ING-NU3114,Network Cables,1.1500,27.07,synced,2025-12-05 23:48:06.174
NU3115,0065030912440,,ING-NU3115,Screen Privacy Filters,1.1500,154.99,synced,2025-12-05 23:48:05.67
NU3116,0065030915342,,ING-NU3116,Network Cables,1.1500,27.07,synced,2025-12-05 23:47:02.629
NU3117,0065030906425,,ING-NU3117,Cable Organizers,1.1500,131.99,synced,2025-12-05 23:48:03.156
NU3118,0065030915489,,ING-NU3118,Network Cables,1.1502,27.07,synced,2025-12-05 23:48:03.655
NU3119,0065030915465,,ING-NU3119,Network Cables,1.1500,33.50,synced,2025-12-05 23:47:00.149
NU3120,0065030915366,,ING-NU3120,Network Cables,1.1500,20.29,synced,2025-12-05 23:48:04.157
NU3124,0065030915410,,ING-NU3124,Network Cables,1.1500,28.03,synced,2025-12-05 23:36:21.356
NU3125,0065030915380,,ING-NU3125,Network Cables,1.1500,27.07,synced,2025-12-05 23:47:01.127
NU3128,0065030915427,,ING-NU3128,Network Cables,1.1501,33.97,synced,2025-12-05 23:46:59.625
NU3129,0065030915656,,ING-NU3129,Network Cables,1.1499,27.07,synced,2025-12-05 23:47:03.128
NU3130,0065030915571,,ING-NU3130,Network Cables,1.1499,33.97,synced,2025-12-05 23:48:06.697
NU3131,0065030915564,,ING-NU3131,Network Cables,1.1500,33.50,synced,2025-12-05 23:48:02.655
NU3132,0065030915519,,ING-NU3132,Network Cables,1.1498,33.97,synced,2025-12-05 23:36:06.832
NU3133,0065030915533,,ING-NU3133,Network Cables,1.1499,33.50,synced,2025-12-05 23:47:02.128
NU3135,0065030915434,,ING-NU3135,Network Cables,1.1501,33.50,synced,2025-12-05 23:47:01.627
NU3136,0065030915663,,ING-NU3136,Network Cables,1.1498,33.97,synced,2025-12-05 23:47:03.627
NU8434,0886734896511,,ING-NU8434,Power Adapters,1.1500,84.64,synced,2025-12-05 23:47:05.655
NV0069,0829973150907,,ING-NV0069,TV & Monitor Mounts,1.1341,137.79,synced,2025-12-05 23:47:05.146
NV1624,0096633198276,,25332,Padlocks,1.1500,45.10,synced,2025-12-05 23:47:04.656
NV7996,0722868863800,,ING-NV7996,Computer Mice,1.1502,15.89,synced,2025-12-05 23:48:07.203
NV8356,0881317506986,,270451,Computer Cables,1.1502,30.34,synced,2025-12-05 23:47:04.134
NW1371,0698833021660,,ING-NW1371,TV & Monitor Mounts,1.1500,61.87,synced,2025-12-05 23:48:08.695
NW5003,0708326913195,,ING-NW5003,Hard Drives,1.1128,203.98,synced,2025-12-05 23:48:10.176
NW5246,0672792002182,,16669,KVM Switches,1.1500,93.23,synced,2025-12-05 23:48:08.19
NW9274,0065030845861,,ING-NW9274,Computer Cables,1.1500,19.52,synced,2025-12-05 23:48:07.701
NZ0601,0841872119731,,ING-NZ0601,Projector Mounts,1.1158,195.41,synced,2025-12-05 23:48:11.177
NZ0712,0037229000184,,11809,Computer Cables,1.1499,28.61,synced,2025-12-05 23:36:22.84
NZ3371,0037229227116,,38211,Computer Cables,1.1496,8.42,synced,2025-12-05 23:48:09.681
NZ3372,0037229227888,,38125,Computer Cables,1.1505,5.08,synced,2025-12-05 23:47:08.172
NZ3375,0037229227833,,38123,Computer Cables,1.1503,12.03,synced,2025-12-05 23:47:07.664
NZ3379,0037229229912,,37156,Computer Cables,1.1503,13.95,synced,2025-12-05 23:47:06.669
NZ3382,0037229229950,,ING-NZ3382,Computer Cables,1.1501,17.31,synced,2025-12-05 23:36:07.818
PC1209,0037332170156,,1255,Computer Cables,1.1498,29.15,synced,2025-12-05 23:48:09.202
PC1210,0037332170163,,173,Computer Cables,1.1498,22.92,synced,2025-12-05 23:48:10.68
PC1483,0037332165107,,ING-PC1483,Computer Cables,1.1501,44.26,synced,2025-12-05 23:47:09.15
PC1569,0821455032572,,ING-PC1569,Network Switch Modules,1.1501,60.84,synced,2025-12-05 23:36:07.341
PC1601,0013803135459,,ING-PC1601,Fax Machines,1.1500,199.00,synced,2025-12-05 23:47:07.16
PC4965,0065030846943,,ING-PC4965,USB Hubs,1.1500,74.99,synced,2025-12-05 23:47:09.662
PC6108,0023942491729,,ING-PC6108,Flash Drives,1.1498,10.69,synced,2025-12-05 23:47:06.162
PC8595,0648177034529,,ING-PC8595,Other Electrical Equipment Supplies,1.0988,376.99,synced,2025-12-05 23:47:08.667
PC9074,0883436245845,,742480,Computer Cables,1.1500,49.27,synced,2025-12-05 23:47:10.667
PD6312,0821455033241,,ING-PD6312,Network Cables,1.1498,27.59,synced,2025-12-05 23:36:23.351
PD6313,0821455033258,,ING-PD6313,Network Cables,1.1501,30.78,synced,2025-12-05 23:48:14.682
PD6320,0821455033326,,ING-PD6320,Network Cables,1.1498,20.90,synced,2025-12-05 23:36:23.865
PD6321,0821455033333,,ING-PD6321,Network Cables,1.1501,22.07,synced,2025-12-05 23:48:11.692
PD6322,0821455033340,,ING-PD6322,Network Cables,1.1500,23.16,synced,2025-12-05 23:47:10.157
PD6323,0821455033357,,ING-PD6323,Network Cables,1.1501,26.40,synced,2025-12-05 23:48:15.187
PD6330,0821455033425,,ING-PD6330,Network Cables,1.1500,27.35,synced,2025-12-05 23:48:14.206
PD6339,0821455033517,,87857,Network Cables,1.1500,38.46,synced,2025-12-05 23:48:13.201
PD7318,0821455035986,,ING-PD7318,Network Switch Modules,1.1479,111.63,synced,2025-12-05 23:47:11.166
PD7980,0881317505255,,71649,Computer Cables,1.1500,33.19,synced,2025-12-05 23:36:21.838
PD7983,0881317509543,,11784,Computer Cables,1.1501,40.32,synced,2025-12-05 23:36:22.356
PF1203,0065030846622,,23812,Computer Cables,1.1498,15.54,synced,2025-12-05 23:48:12.199
PF1732,0672792003066,,54171,Cable Connectors,1.1502,10.00,synced,2025-12-05 23:48:13.699
PF1947,0092636272586,,ING-PF1947,Laptop Bags,1.1500,31.64,synced,2025-12-05 23:47:11.663
PF6035,0832938064171,,ING-PF6035,Network Cables,1.1169,160.86,synced,2025-12-05 23:48:12.727
PG0016,0037332164261,,32497,Uninterruptible Power Supplies,1.0881,947.56,synced,2025-12-05 23:52:14.868
PG0020,0037332170460,,8906,Cable Connectors,1.1498,30.36,synced,2025-12-05 23:47:22.17
PG0243,0654518212235,,ING-PG0243,Analog-to-Digital Converters,1.1473,111.36,synced,2025-12-05 23:48:28.678
PG0477,0857161002660,,ING-PG0477,Computer Cables,1.1499,13.99,synced,2025-12-05 23:47:21.164
PG1796,0037332172501,,38179,Network Cables,1.1499,12.31,synced,2025-12-05 23:48:20.712
PG1798,0037332172532,,38180,Network Cables,1.1499,10.71,synced,2025-12-05 23:47:19.154
PG1799,0037332172549,,ING-PG1799,Network Cables,1.1503,20.31,synced,2025-12-05 23:47:24.678
PG1801,0037332172631,,38183,Network Cables,1.1501,16.21,synced,2025-12-05 23:36:33.339
PG1803,0037332172839,,38188,Network Cables,1.1500,8.53,synced,2025-12-05 23:48:19.187
PG1806,0037332171122,,ING-PG1806,Network Hubs,1.1038,317.59,synced,2025-12-05 23:36:08.335
PG1807,0037332173218,,38185,Extension Cords,1.1504,6.59,synced,2025-12-05 23:36:14.332
PG2301,0757120520382,,34950,Computer Cables,1.1503,18.88,synced,2025-12-05 23:48:19.693
PG2978,0757120403937,,39373,Audio/Video Cables,1.1498,36.33,synced,2025-12-05 23:48:18.199
PG4242,0886843845639,,ING-PG4242,Sound Bars,1.0800,37.34,synced,2025-12-05 23:36:15.329
PG4899,0065030846011,,22705,Computer Cables,1.1497,17.04,synced,2025-12-05 23:48:26.694
PG4900,0065030846141,,ING-PG4900,Computer Cables,1.1502,23.69,synced,2025-12-05 23:47:29.155
PG4903,0065030846127,,20721,Computer Cables,1.1498,17.58,synced,2025-12-05 23:47:23.186
PG4908,0065030848473,,28480,Computer Cables,1.1504,15.73,synced,2025-12-05 23:36:27.364
PG5604,0065030846240,,ING-PG5604,Network Adapters,1.1500,94.62,synced,2025-12-05 23:36:31.314
PG5607,0065030846271,,40611,Network Adapters,1.0977,152.88,synced,2025-12-05 23:47:23.675
PG5608,0065030846226,,ING-PG5608,Analog-to-Digital Converters,1.1147,199.99,synced,2025-12-05 23:36:16.836
PG5609,0065030846233,,ING-PG5609,Network Adapters,1.1145,204.38,synced,2025-12-05 23:47:27.705
PG5610,0065030846219,,ING-PG5610,Network Adapters,1.0965,417.09,synced,2025-12-05 23:36:13.831
PG5613,0065030847735,,ING-PG5613,Computer Replacement Parts,1.1499,18.21,synced,2025-12-05 23:47:20.653
PG5617,0065030846813,,24681,Computer Cables,1.1500,16.57,synced,2025-12-05 23:36:33.844
PG5621,0065030846110,,3431,Cable Connectors,1.1395,106.34,synced,2025-12-05 23:48:28.203
PG5868,0065030791793,,23631,Network Cables,1.1504,11.19,synced,2025-12-05 23:48:30.679
PJ5557,0746320991252,,ING-PJ5557,Power Cables,1.1499,40.71,synced,2025-12-05 23:48:17.223
PJ8666,0722868873700,,ING-PJ8666,Surge Suppressors,1.1499,18.99,synced,2025-12-05 23:47:20.152
PK1988,0785813334176,,12011,Computer Cables,1.1174,225.56,synced,2025-12-05 23:47:21.673
PK1990,0785813334183,,ING-PK1990,Other Computer Accessories,1.1151,206.39,synced,2025-12-05 23:36:16.357
PK1991,0785813334169,,12048,KVM Switches,1.1112,208.29,synced,2025-12-05 23:47:22.658
PK6250,0808447012071,,6277,Audio/Video Cables,1.1501,10.00,synced,2025-12-05 23:47:16.179
PK6254,0808447028676,,12049,Audio/Video Cables,1.1499,42.36,synced,2025-12-05 23:36:27.856
PK6261,0808447002591,,12015,Computer Cables,1.1501,56.23,synced,2025-12-05 23:48:24.196
PK6265,0808447002560,,65183,Computer Cables,1.1347,169.62,synced,2025-12-05 23:36:24.359
PK6272,0808447012897,,18547,Computer Cables,1.1501,23.08,synced,2025-12-05 23:47:18.185
PK6275,0808447012835,,27638,Computer Cables,1.1498,17.08,synced,2025-12-05 23:48:16.697
PK6277,0808447012859,,12018,Computer Cables,1.1499,25.01,synced,2025-12-05 23:36:32.322
PK6284,0808447023114,,115101,Audio/Video Cables,1.1500,72.57,synced,2025-12-05 23:36:29.349
PK6289,0808447060942,,3449,Computer Cables,1.1501,14.02,synced,2025-12-05 23:47:13.665
PK6291,0808447060966,,6300,Computer Cables,1.1500,15.38,synced,2025-12-05 23:36:32.833
PK6311,0808447050059,,3441,Computer Cables,1.1502,24.50,synced,2025-12-05 23:48:26.189
PK6313,0808447050073,,12052,Computer Cables,1.1500,46.16,synced,2025-12-05 23:48:30.185
PK6333,0808447064339,,31286,Cable Connectors,1.1500,24.27,synced,2025-12-05 23:48:27.705
PK6352,0808447048834,,1336,Computer Cables,1.1500,37.99,synced,2025-12-05 23:36:12.825
PK6354,0808447063882,,12024,Computer Cables,1.1501,22.06,synced,2025-12-05 23:36:26.35
PK6355,0808447063929,,12025,Computer Cables,1.1502,34.17,synced,2025-12-05 23:48:24.691
PK6356,0808447063912,,52656,Computer Cables,1.1499,,synced,2025-12-05 23:48:20.19
PK6360,0808447001273,,23124,Audio/Video Cables,1.1498,21.91,synced,2025-12-05 23:36:28.351
PK6361,0808447001280,,21355,Audio/Video Cables,1.1501,16.88,synced,2025-12-05 23:48:25.686
PK6364,0808447028614,,8929,Audio/Video Cables,1.1501,30.14,synced,2025-12-05 23:47:27.177
PK6365,0808447001433,,12055,Audio/Video Cables,1.1501,22.48,synced,2025-12-05 23:47:26.672
PK6366,0808447001457,,8930,Audio/Video Cables,1.1501,10.00,synced,2025-12-05 23:48:22.696
PK6367,0808447001419,,21358,Audio/Video Cables,1.1501,16.17,synced,2025-12-05 23:47:12.185
PK6368,0808447049381,,6282,Cable Connectors,1.1500,19.45,synced,2025-12-05 23:47:25.68
PK6371,0808447001440,,12026,Audio/Video Cables,1.1501,44.86,synced,2025-12-05 23:36:11.323
PK6372,0808447000061,,6283,Audio/Video Cables,1.1498,18.76,synced,2025-12-05 23:47:25.158
PK6374,0808447000016,,53709,Audio/Video Cables,1.1501,17.44,synced,2025-12-05 23:47:17.194
PK6378,0808447011777,,12027,Audio/Video Cables,1.1501,45.49,synced,2025-12-05 23:48:22.263
PK6387,0808447003307,,56195,Microphone Cables,1.1502,22.89,synced,2025-12-05 23:47:14.152
PK7107,0037332171894,,50360,Surge Suppressors,1.1500,124.67,synced,2025-12-05 23:47:18.647
PK7109,0037332172730,,ING-PK7109,Network Cables,1.1499,24.16,synced,2025-12-05 23:47:19.662
PK7110,0037332172761,,12060,Network Cables,1.1501,26.87,synced,2025-12-05 23:36:14.849
PK7113,0037332172808,,38054,Network Cables,1.1502,11.32,synced,2025-12-05 23:36:11.834
PK7114,0037332172792,,3442,Network Cables,1.1498,13.05,synced,2025-12-05 23:36:30.32
PK7115,0037332173188,,6288,Cable Connectors,1.1501,43.78,synced,2025-12-05 23:47:14.651
PK7117,0037332172914,,ING-PK7117,Network Cables,1.1503,6.58,synced,2025-12-05 23:36:31.827
PK7120,0037332172983,,34653,Network Cables,1.1496,15.25,synced,2025-12-05 23:36:28.813
PK7121,0037332172990,,30010,Network Cables,1.1496,8.95,synced,2025-12-05 23:48:16.18
PK7125,0037332139139,,38193,Network Cables,1.1499,8.09,synced,2025-12-05 23:47:15.146
PK7126,0037332100481,,ING-PK7126,Network Cables,1.1502,4.84,synced,2025-12-05 23:47:30.135
PK7128,0037332132499,,37965,Network Cables,1.1503,12.73,synced,2025-12-05 23:36:13.332
PK7129,0037332172525,,38195,Network Cables,1.1505,12.49,synced,2025-12-05 23:36:08.821
PK7130,0037332172556,,ING-PK7130,Network Cables,1.1503,17.32,synced,2025-12-05 23:48:18.686
PK7131,0037332172570,,39130,Network Cables,1.1504,2.75,synced,2025-12-05 23:48:21.704
PK7132,0037332172563,,38197,Network Cables,1.1497,5.31,synced,2025-12-05 23:36:24.87
PK7133,0037332172587,,38198,Network Cables,1.1502,3.09,synced,2025-12-05 23:36:09.325
PK7134,0037332099785,,50005,Network Cables,1.1497,9.11,synced,2025-12-05 23:47:28.174
PK7135,0037332172624,,74847,Network Cables,1.1497,3.22,synced,2025-12-05 23:47:26.172
PK7138,0037332172679,,60328,Network Cables,1.1502,16.41,synced,2025-12-05 23:47:13.162
PK7139,0037332172709,,8924,Network Cables,1.1499,13.41,synced,2025-12-05 23:48:23.71
PK7140,0037332172716,,ING-PK7140,Network Cables,1.1502,21.17,synced,2025-12-05 23:36:25.835
PK7141,0037332172723,,8925,Network Cables,1.1502,12.37,synced,2025-12-05 23:36:10.82
PK7142,0037332172747,,57778,Network Cables,1.1501,21.19,synced,2025-12-05 23:47:12.681
PK7235,0037332158468,,ING-PK7235,Power Cables,1.1178,209.15,synced,2025-12-05 23:36:34.34
PK7236,0037332113443,,ING-PK7236,Surge Suppressors,1.1500,51.57,synced,2025-12-05 23:47:15.65
PK7240,0037332177148,,ING-PK7240,Other Computer Accessories,1.1285,159.28,synced,2025-12-05 23:48:17.71
PK7361,0037332172471,,38202,Network Cables,1.1500,11.99,synced,2025-12-05 23:48:23.2
PK7362,0037332172464,,ING-PK7362,Network Cables,1.1499,6.59,synced,2025-12-05 23:36:10.324
PK7364,0037332172440,,38204,Network Cables,1.1495,7.59,synced,2025-12-05 23:36:15.824
PK7365,0037332172433,,44577,Network Cables,1.1498,2.13,synced,2025-12-05 23:36:29.82
PK7369,0037332172655,,38207,Network Cables,1.1501,7.99,synced,2025-12-05 23:48:29.179
PK7370,0037332172754,,6305,Network Cables,1.1503,20.31,synced,2025-12-05 23:48:15.692
PK7371,0037332172853,,38208,Network Cables,1.1505,8.86,synced,2025-12-05 23:47:16.676
PK7372,0037332172921,,22744,Network Cables,1.1499,17.74,synced,2025-12-05 23:48:27.201
PK7373,0037332172952,,ING-PK7373,Network Cables,1.1503,6.58,synced,2025-12-05 23:48:25.189
PK7374,0037332172938,,ING-PK7374,Network Cables,1.1503,6.00,synced,2025-12-05 23:36:09.827
PK7375,0037332172976,,ING-PK7375,Network Cables,1.1499,16.64,synced,2025-12-05 23:36:26.857
PK7376,0037332173003,,ING-PK7376,Network Cables,1.1499,16.18,synced,2025-12-05 23:36:25.35
PK7377,0037332173027,,6306,Network Cables,1.1498,19.83,synced,2025-12-05 23:36:30.819
PK7379,0037332173041,,ING-PK7379,Network Cables,1.1499,26.99,synced,2025-12-05 23:36:12.322
PK7380,0037332173072,,ING-PK7380,Network Cables,1.1499,33.60,synced,2025-12-05 23:48:21.194
PK7381,0037332173089,,ING-PK7381,Network Cables,1.1499,22.95,synced,2025-12-05 23:47:24.183
PK7412,0037332168610,,ING-PK7412,Uninterruptible Power Supplies,1.0859,1079.00,synced,2025-12-05 23:47:17.683
PK7417,0037332172686,,32504,Network Cables,1.1496,11.16,synced,2025-12-05 23:35:52.807
PK7418,0037332172693,,12061,Network Cables,1.1500,19.24,synced,2025-12-05 23:36:34.845
PK7419,0037332172785,,38209,Network Cables,1.1497,17.74,synced,2025-12-05 23:45:37.123
PK7420,0037332172945,,12031,Network Cables,1.1500,28.32,synced,2025-12-05 23:44:29.038
PK7424,0037332122056,,ING-PK7424,Network Cables,1.1500,9.29,synced,2025-12-05 23:45:32.1
PK7427,0037332173096,,24183,Network Cables,1.1499,29.30,synced,2025-12-05 23:45:34.595
PK7429,0037332173157,,ING-PK7429,Other Electronic Components & Accessories,1.1498,25.09,synced,2025-12-05 23:44:28.558
PK7843,0037332168955,,ING-PK7843,Uninterruptible Power Supplies,1.0839,1781.99,synced,2025-12-05 23:44:29.535
PK7849,0037332127471,,ING-PK7849,Network Cables,1.1497,6.76,synced,2025-12-05 23:35:54.836
PK7850,0037332172884,,38215,Network Cables,1.1496,7.74,synced,2025-12-05 23:48:32.212
PK7851,0037332127488,,38217,Network Cables,1.1503,13.65,synced,2025-12-05 23:44:33.572
PK7852,0037332173010,,32400,Network Cables,1.1496,16.25,synced,2025-12-05 23:45:28.606
PK7853,0037332127495,,ING-PK7853,Network Cables,1.1501,10.92,synced,2025-12-05 23:35:50.803
PK7857,0037332164759,,ING-PK7857,Extension Cords,1.1500,9.72,synced,2025-12-05 23:44:31.035
PK9050,0037332140425,,344453,Uninterruptible Power Supplies,1.0895,1254.57,synced,2025-12-05 23:48:32.689
PK9108,0808447062588,,18592,Computer Cables,1.1499,24.08,synced,2025-12-05 23:47:28.661
PK9109,0808447062595,,6311,Computer Cables,1.1500,24.70,synced,2025-12-05 23:44:27.061
PK9111,0808447062618,,3447,Computer Cables,1.1499,47.41,synced,2025-12-05 23:44:31.582
PK9113,0808447063509,,617309,Computer Cables,1.1501,46.99,synced,2025-12-05 23:45:31.6
PK9116,0808447061932,,64430,Audio/Video Cables,1.1501,36.59,synced,2025-12-05 23:45:39.63
PK9117,0808447045284,,65895,Audio/Video Cables,1.1501,31.44,synced,2025-12-05 23:45:30.576
PK9118,0808447045291,,31637,Audio/Video Cables,1.1499,40.04,synced,2025-12-05 23:45:33.595
PK9119,0808447045307,,12032,Audio/Video Cables,1.1501,45.13,synced,2025-12-05 23:35:51.324
PK9135,0808447058291,,50428,Extension Cords,1.1497,17.63,synced,2025-12-05 23:44:32.564
PK9151,0808447024531,,22996,Network Cables,1.1497,11.23,synced,2025-12-05 23:35:51.806
PK9153,0808447024562,,51325,Network Cables,1.1501,6.83,synced,2025-12-05 23:45:31.076
PK9154,0808447024616,,58265,Network Cables,1.1498,11.88,synced,2025-12-05 23:45:38.639
PK9155,0808447024623,,6294,Network Cables,1.1498,13.49,synced,2025-12-05 23:44:26.558
PK9157,0808447024692,,60077,Network Cables,1.1498,8.08,synced,2025-12-05 23:44:30.034
PK9158,0808447024708,,6314,Network Cables,1.1498,8.07,synced,2025-12-05 23:35:38.317
PK9159,0808447024722,,6315,Network Cables,1.1498,8.08,synced,2025-12-05 23:45:36.127
PK9160,0808447024777,,51177,Network Cables,1.1501,15.82,synced,2025-12-05 23:44:26.063
PK9161,0808447024784,,58708,Network Cables,1.1501,14.12,synced,2025-12-05 23:44:17.067
PK9163,0808447024852,,51733,Network Cables,1.1500,16.14,synced,2025-12-05 23:35:39.808
PK9166,0808447025118,,53735,Network Cables,1.1497,5.50,synced,2025-12-05 23:35:53.319
PK9167,0808447025125,,60407,Network Cables,1.1497,12.41,synced,2025-12-05 23:45:37.642
PK9169,0808447025187,,55461,Network Cables,1.1502,13.83,synced,2025-12-05 23:48:29.68
PK9171,0808447025217,,ING-PK9171,Network Cables,1.1499,18.46,synced,2025-12-05 23:35:54.315
PK9172,0808447025255,,52064,Network Cables,1.1499,14.36,synced,2025-12-05 23:45:32.594
PK9173,0808447025262,,53598,Network Cables,1.1499,9.20,synced,2025-12-05 23:45:36.637
PK9174,0808447025286,,ING-PK9174,Network Cables,1.1499,25.62,synced,2025-12-05 23:47:29.635
PK9177,0808447025354,,18482,Network Cables,1.1498,20.36,synced,2025-12-05 23:45:35.636
PK9185,0808447055450,,12037,Computer Cables,1.1501,75.29,synced,2025-12-05 23:45:29.573
PK9842,0735353560016,,ING-PK9842,Mouse Pads,1.1501,4.29,synced,2025-12-05 23:44:34.095
PK9971,0037332173263,,ING-PK9971,Computer Cables,1.1500,34.27,synced,2025-12-05 23:44:32.115
PK9972,0037332173492,,ING-PK9972,Computer Cables,1.1499,22.95,synced,2025-12-05 23:44:28.081
PK9973,0037332173560,,ING-PK9973,USB Hubs,1.1500,79.88,synced,2025-12-05 23:45:29.072
PK9974,0037332174253,,ING-PK9974,Computer Cables,1.1502,14.25,synced,2025-12-05 23:44:33.08
PK9980,0037332173737,,71669,Network Cables,1.1241,181.22,synced,2025-12-05 23:45:40.121
PL0228,0722868718957,,ING-PL0228,Audio/Video Cables,1.1500,33.81,synced,2025-12-06 00:07:53.98
PL1028,0821455040232,,12065,Network Switch Modules,1.1501,34.72,synced,2025-12-05 23:45:38.12
PL1127,0821455032749,,12080,Network Cables,1.1500,46.64,synced,2025-12-05 23:35:55.321
PL1128,0821455032756,,40983,Network Cables,1.1500,60.54,synced,2025-12-05 23:45:35.134
PL1213,0851718004015,,ING-PL1213,Electronic Touchpads,1.1042,249.90,synced,2025-12-05 23:35:37.823
PL1214,0851718004022,,ING-PL1214,Other Electronic Components & Accessories,1.0997,360.39,synced,2025-12-05 23:44:34.569
PL1216,0851718004039,,ING-PL1216,Graphics Tablets,1.0958,456.88,synced,2025-12-05 23:44:30.534
PL1217,0851718004053,,ING-PL1217,Electronic Touchpads,1.0935,571.00,synced,2025-12-05 23:35:39.303
PL1218,0851718004060,,ING-PL1218,Electronic Touchpads,1.0935,577.12,synced,2025-12-05 23:48:31.681
PL1237,0821455031315,,ING-PL1237,Network Switch Modules,1.1500,70.49,synced,2025-12-05 23:35:30.805
PL1238,0821455031322,,ING-PL1238,Network Switch Modules,1.1315,158.66,synced,2025-12-05 23:45:34.094
PL2012,0851718004084,,ING-PL2012,Barcode Scanners,1.1007,367.87,synced,2025-12-06 00:07:56.95
PL2013,0851718004077,,ING-PL2013,Electronic Touchpads,1.0974,349.00,synced,2025-12-05 23:35:52.323
PL7061,0722868814680,,24991,Network Cables,1.1501,38.33,synced,2025-12-05 23:45:30.089
PL9152,0743172039620,,ING-PL9152,Uninterruptible Power Supplies,1.0867,1068.74,synced,2025-12-05 23:44:27.569
PL9153,0743172039651,,ING-PL9153,Uninterruptible Power Supplies,1.0846,1400.04,synced,2025-12-05 23:48:31.183
PN1557,0882658420771,,ING-PN1557,Cable Organizers,1.1501,26.92,synced,2025-12-05 23:35:53.846
PN2276,0837324009965,,61739,Network Adapters,1.0986,407.41,synced,2025-12-05 23:45:33.092
PN2277,0837324002591,,58755,Terminal Blocks,1.1170,229.98,synced,2025-12-05 23:35:38.808
PN2536,0882658486012,,27882,Antennas,1.0800,183.60,synced,2025-12-05 23:44:35.079
PN5819,0882658495755,,154650,Network Switches,1.0877,799.00,synced,2025-12-05 23:47:30.637
PN6262,0698833027983,,ING-PN6262,Laptop Security Locks,1.1500,45.24,synced,2025-12-05 23:44:38.074
PN6336,0837324002317,,77614,Cable Connectors,1.1191,187.89,synced,2025-12-05 23:44:37.602
PN6337,0837324002607,,ING-PN6337,Network Switch Modules,1.1006,331.28,synced,2025-12-05 23:44:39.594
PN6338,0837324002614,,ING-PN6338,Other Electronic Components & Accessories,1.0978,439.40,synced,2025-12-05 23:44:35.575
PN6595,0738168041381,,18507,Modems,1.0800,34.99,synced,2025-12-05 23:45:42.641
PN6738,0882658516061,,ING-PN6738,Flash Memory,1.1500,98.67,synced,2025-12-05 23:44:36.097
PN7244,0882658436598,,68024,Antennas,1.0800,282.43,synced,2025-12-05 23:45:39.111
PN7670,0882658392856,,121105,Network Switch Modules,1.0822,3128.02,synced,2025-12-05 23:45:41.122
PP0744,0832938066045,,283631,Network Switch Modules,1.0817,4049.47,synced,2025-12-05 23:44:37.101
PP4438,0012502633143,,ING-PP4438,Printers & All-in-Ones,1.1500,296.41,synced,2025-12-05 23:44:40.085
PP5776,0012502050889,,8953,Label Maker Tape,1.1498,21.20,synced,2025-12-05 23:44:41.141
PP5777,0012502539384,,6340,Label Maker Tape,1.1498,18.98,synced,2025-12-05 23:44:42.079
PP5875,0012502631095,,8951,Printer Drums,1.1500,110.00,synced,2025-12-05 23:45:44.615
PP6060,0887037444706,,ING-PP6060,Audio/Video Cables,1.1493,105.05,synced,2025-12-05 23:44:36.577
PP6890,0807648025804,,ING-PP6890,Computer Rack Hardware & Accessories,1.1314,144.99,synced,2025-12-05 23:35:40.311
PP6960,0784090031310,,22805,Computer Port Cards,1.1499,32.90,synced,2025-12-05 23:45:43.117
PP7605,0012502050896,,55174,Label Maker Tape,1.1500,21.99,synced,2025-12-05 23:35:40.808
PP7609,0012502050865,,ING-PP7609,Label Maker Tape,1.1499,26.88,synced,2025-12-05 23:45:45.617
PP7639,0012502051664,,77307,Receipt Paper Rolls,1.1502,30.99,synced,2025-12-05 23:35:55.847
PQ1735,0757120407461,,26362,Cable Connectors,1.1503,26.27,synced,2025-12-05 23:45:43.632
PQ2213,0731304291282,,ING-PQ2213,Device-Specific Electronics Batteries,1.0961,333.70,synced,2025-12-05 23:45:44.118
PQ8705,0065030848183,,ING-PQ8705,Network Cables,1.1502,13.57,synced,2025-12-05 23:45:40.62
PR0024,0655216003835,,12179,Cordless Phones,1.0800,2504.93,synced,2025-12-05 23:44:40.58
PR0071,0655216005082,,ING-PR0071,Electronics Docks & Cradles,1.1500,61.65,synced,2025-12-05 23:45:42.125
PR0613,0092636276843,,3510,Cell Phone Tool Kits,1.1500,88.61,synced,2025-12-05 23:35:41.31
PR0614,0092636276829,,18175,Screen Privacy Filters,1.1500,99.46,synced,2025-12-05 23:45:41.634
PR0636,0757120370499,,12190,Cable Splitters,1.1499,36.55,synced,2025-12-05 23:44:39.074
PR2287,0829973101848,,ING-PR2287,TV & Monitor Mounts,1.0938,580.75,synced,2025-12-05 23:44:38.572
PR4647,0800975027343,,ING-PR4647,Network Switch Modules,1.1217,192.44,synced,2025-12-05 23:44:43.575
PR7551,0718037799650,,623,Hard Drives,1.1500,76.94,synced,2025-12-05 23:45:46.131
PR7724,0673825017340,,57842,Hard Drives,1.1418,107.84,synced,2025-12-05 23:45:45.112
PT6695,0065030846721,,25755,Computer Cables,1.1500,82.99,synced,2025-12-05 23:44:44.092
PT7401,0065030847988,,ING-PT7401,Computer Patch Panels,1.1499,59.89,synced,2025-12-05 23:45:48.128
PT7402,0065030848039,,13535,Computer Cables,1.1499,38.30,synced,2025-12-05 23:45:50.113
PT7723,0757120600039,,26368,Audio/Video Cables,1.1500,73.77,synced,2025-12-05 23:45:49.143
PT9675,0891607000360,,ING-PT9675,Electronics Stands,1.1500,67.93,synced,2025-12-05 23:45:50.652
PU1627,0845973050719,,ING-PU1627,USB Wi-Fi Adapters,1.1499,21.54,synced,2025-12-05 23:45:49.611
PU1973,0710931505191,,ING-PU1973,Network Switches,1.1366,100.00,synced,2025-12-05 23:45:51.142
PU8719,0065030848152,,6451,Computer Racks & Mounts,1.1266,96.00,synced,2025-12-05 23:45:46.652
PU8720,0065030848091,,ING-PU8720,Computer Rack Hardware & Accessories,1.1500,75.99,synced,2025-12-05 23:44:42.611
PU8721,0065030848107,,ING-PU8721,Computer Racks & Mounts,1.1501,63.99,synced,2025-12-05 23:44:43.077
PU8722,0065030848084,,ING-PU8722,Computer Racks & Mounts,1.1500,43.99,synced,2025-12-05 23:45:52.128
PU8726,0065030848343,,ING-PU8726,USB Hubs,1.1377,105.99,synced,2025-12-05 23:45:47.114
PU8727,0065030846738,,ING-PU8727,Computer Cables,1.1306,148.36,synced,2025-12-05 23:45:47.648
PU8729,0065030847674,,3590,Laptop Docking Stations,1.1431,59.49,synced,2025-12-05 23:44:41.594
PV3218,0672792401114,,72668,KVM Switches,1.0829,2019.60,synced,2025-12-05 23:45:51.624
PV4261,0673825016763,,78548,Other Computer Accessories,1.1283,142.56,synced,2025-12-05 23:44:44.578
PV5219,0731304291732,,131507,Device-Specific Electronics Batteries,1.1278,170.90,synced,2025-12-05 23:45:48.636
PV9515,0887037400481,,ING-PV9515,Device-Specific Electronics Chargers,1.1500,22.04,synced,2025-12-05 23:44:48.091
PV9683,0012502051411,,ING-PV9683,Label Maker Tape,1.1501,33.90,synced,2025-12-05 23:45:56.133
PW0505,0065030848459,,24766,Computer Cables,1.1497,13.58,synced,2025-12-05 23:44:45.586
PW0637,0037332174178,,32512,Audio/Video Cables,1.1504,14.04,synced,2025-12-05 23:44:50.078
PW0638,0037332174543,,ING-PW0638,Power Cables,1.1502,26.50,synced,2025-12-05 23:45:52.644
PW0639,0037332174536,,12336,Extension Cords,1.1501,23.60,synced,2025-12-05 23:45:58.643
PW0713,0037332139214,,ING-PW0713,Surge Suppressors,1.1449,96.99,synced,2025-12-05 23:44:49.603
PW2908,0821455044735,,ING-PW2908,Network Cables,1.1502,21.67,synced,2025-12-05 23:35:42.314
PW2909,0821455044742,,ING-PW2909,Network Cables,1.1500,21.88,synced,2025-12-05 23:44:51.098
PW2910,0821455083017,,68809,Network Cables,1.1499,22.26,synced,2025-12-05 23:45:54.145
PW2918,0821455044834,,ING-PW2918,Network Cables,1.1501,23.71,synced,2025-12-05 23:45:54.637
PW2920,0821455044858,,ING-PW2920,Network Cables,1.1501,29.13,synced,2025-12-05 23:44:49.169
PW2927,0821455044926,,ING-PW2927,Network Cables,1.1499,45.95,synced,2025-12-05 23:44:46.568
PW2929,0821455044940,,ING-PW2929,Network Cables,1.1501,65.94,synced,2025-12-05 23:44:52.08
PW2930,0821455044957,,25471,Network Cables,1.1501,39.02,synced,2025-12-05 23:46:00.599
PW3106,0722868593325,,ING-PW3106,Extension Cords,1.1500,24.95,synced,2025-12-05 23:44:45.131
PW3116,0851718004008,,ING-PW3116,Other Computer Accessories,1.1321,165.00,synced,2025-12-05 23:44:47.59
PW4993,0882658340895,,ING-LE8023,Network Switch Modules,1.1019,88.00,synced,2025-12-05 23:46:00.109
PW5403,0783384235250,,ING-PW5403,Other Computer Accessories,1.1287,143.04,synced,2025-12-05 23:44:47.103
PW5404,0783384235298,,ING-PW5404,Network Adapters,1.1413,119.90,synced,2025-12-05 23:45:56.63
PW8668,0873791003037,,ING-PW8668,Cable Connectors,1.1501,15.61,synced,2025-12-05 23:45:55.146
PW8669,0873791003044,,ING-PW8669,Computer Cables,1.1502,15.43,synced,2025-12-05 23:51:57.849
PW8670,0873791003051,,ING-PW8670,Audio/Video Cables,1.1501,21.17,synced,2025-12-05 23:45:57.144
PW8673,0873791003082,,24187,Audio/Video Cables,1.1500,21.56,synced,2025-12-05 23:45:58.126
PW8677,0873791003129,,24730,Audio/Video Cables,1.1500,29.29,synced,2025-12-05 23:51:28.807
PW8679,0873791003143,,51853,Audio/Video Cables,1.1498,21.64,synced,2025-12-05 23:35:42.814
PW8680,0873791003150,,54365,Audio/Video Cables,1.1500,8.02,synced,2025-12-05 23:45:59.6
PW8682,0873791003174,,131360,Audio/Video Cables,1.1502,8.38,synced,2025-12-05 23:45:57.623
PW8686,0873791003211,,12361,Computer Cables,1.1501,11.19,synced,2025-12-05 23:45:53.61
PW8690,0873791003259,,29753,Computer Cables,1.1499,35.41,synced,2025-12-05 23:44:51.589
PW8692,0873791003273,,29782,Computer Cables,1.1500,41.05,synced,2025-12-05 23:44:46.085
PW8700,0873791003358,,59986,Computer Cables,1.1497,9.30,synced,2025-12-05 23:35:41.815
PW8701,0873791003365,,ING-PW8701,Computer Cables,1.1501,19.79,synced,2025-12-05 23:45:55.644
PX0158,0065030848114,,ING-PX0158,Computer Racks & Mounts,1.1501,69.99,synced,2025-12-05 23:44:50.586
PX0160,0065030848534,,ING-PX0160,Audio/Video Cables,1.1499,42.28,synced,2025-12-05 23:44:48.586
PX0165,0065030847667,,12367,Other Electronic Components & Accessories,1.1500,73.70,synced,2025-12-05 23:46:01.098
PX1675,0065030848565,,ING-PX1675,Computer Cables,1.1501,17.66,synced,2025-12-05 23:45:59.096
PX2399,0065030792042,,ING-PX2399,Network Cables,1.1503,15.41,synced,2025-12-05 23:45:53.133
PX6957,0037332148872,,76257,Other Computer Accessories,1.1500,88.93,synced,2025-12-05 23:46:05.1
PX6958,0037332148834,,ING-PX6958,Surge Suppressors,1.1383,139.65,synced,2025-12-05 23:46:06.639
PX7136,0037332174451,,ING-PX7136,Computer Racks & Mounts,1.0987,408.23,synced,2025-12-05 23:46:03.602
PX7394,0085896724230,,ING-PX7394,Computer Mice,1.1502,15.99,synced,2025-12-05 23:46:03.099
PX7395,0085896724223,,ING-PX7395,Computer Mice,1.1502,33.49,synced,2025-12-05 23:46:02.098
PX7396,0085896724216,,ING-PX7396,Computer Mice,1.1502,28.40,synced,2025-12-05 23:44:59.057
PX7398,0085896339724,,ING-PX7398,Laptop Docking Stations,1.1500,97.02,synced,2025-12-05 23:51:28.334
PX7922,0037332168276,,30685,Uninterruptible Power Supplies,1.0895,829.99,synced,2025-12-05 23:44:54.572
PX7925,0037332174598,,12390,Computer Cables,1.1499,6.59,synced,2025-12-05 23:46:02.6
PX7926,0037332174604,,22573,Computer Cables,1.1503,14.97,synced,2025-12-05 23:44:52.582
PX7927,0037332174611,,18917,Computer Cables,1.1500,13.69,synced,2025-12-05 23:46:01.597
PX7928,0037332174628,,19219,Computer Cables,1.1501,14.25,synced,2025-12-05 23:35:56.832
PY3918,0722868101179,,ING-672971,Mouse Pads,1.1503,12.03,synced,2025-12-05 23:44:53.59
PY4228,0012502633693,,62411,Business Card Holders,1.1501,23.39,synced,2025-12-05 23:46:04.6
PY7722,0037229491081,,18521,Computer Cables,1.1499,15.18,synced,2025-12-05 23:35:56.339
PY7725,0037229717112,,8894,Network Cables,1.1502,14.63,synced,2025-12-05 23:44:55.622
PY7726,0037229717129,,8895,Network Cables,1.1502,16.55,synced,2025-12-05 23:44:53.079
PY7727,0037229717136,,6225,Network Cables,1.1501,17.16,synced,2025-12-05 23:35:43.298
PY7728,0037229717143,,8902,Network Cables,1.1500,14.38,synced,2025-12-05 23:44:54.086
PY7732,0037229717020,,6219,Network Cables,1.1503,18.99,synced,2025-12-05 23:44:56.58
PY7733,0037229717037,,18520,Network Cables,1.1498,15.18,synced,2025-12-05 23:44:55.112
PY7737,0037229717075,,31647,Network Cables,1.1500,76.72,synced,2025-12-05 23:46:05.625
PZ0238,0065030848893,,ING-PZ0238,Audio/Video Cables,1.1501,7.00,synced,2025-12-05 23:35:44.329
PZ0239,0065030848879,,ING-PZ0239,Audio/Video Cables,1.1500,17.20,synced,2025-12-05 23:44:57.137
PZ0241,0065030848978,,ING-PZ0241,USB Hubs,1.1196,175.00,synced,2025-12-05 23:44:58.1
PZ0751,0065030848572,,3411,Audio/Video Cables,1.1498,20.91,synced,2025-12-05 23:46:04.099
PZ0754,0065030848954,,ING-PZ0754,Computer Cables,1.1500,18.26,synced,2025-12-05 23:44:58.582
PZ1476,0065030849173,,11977,Audio/Video Cables,1.1501,23.36,synced,2025-12-05 23:44:57.597
PZ1479,0065030849012,,ING-PZ1479,Computer Cables,1.1503,15.00,synced,2025-12-05 23:44:56.1
PZ1482,0065030844482,,ING-PZ1482,Network Cards,1.1500,24.99,synced,2025-12-05 23:35:43.809
PZ7012,0698833031850,,ING-PZ7012,Desks,1.1500,1585.69,synced,2025-12-05 23:45:01.059
PZ7844,0698833035117,,ING-PZ7844,Power Cables,1.1500,56.87,synced,2025-12-05 23:45:03.064
PZ9158,0722868470695,,47251,Network Cables,1.1498,9.72,synced,2025-12-05 23:45:02.56
Q06878,0731304232674,,25010,Power Distribution Units,1.0898,716.99,synced,2025-12-05 23:35:44.815
Q07084,0013803087550,,ING-Q07084,Printer Transfer Rollers,1.1500,137.96,synced,2025-12-05 23:45:00.58
Q07623,0731304255871,,282587,Hardware Brackets,1.1499,121.30,synced,2025-12-05 23:46:08.117
Q07635,0731304260394,,54470,Computer Cables,1.1501,25.55,synced,2025-12-05 23:46:07.621
Q16082,0065030825856,,ING-Q16082,Audio/Video Cables,1.1499,35.54,synced,2025-12-05 23:45:00.111
Q16583,0734660070607,,20897,Network Adapters,1.1499,25.01,synced,2025-12-05 23:35:57.324
Q16740,0065030827096,,ING-Q16740,Network Cables,1.1499,45.42,synced,2025-12-05 23:46:07.127
Q16741,0065030827072,,ING-Q16741,Network Cables,1.1499,29.90,synced,2025-12-05 23:46:06.122
Q16743,0065030827188,,ING-Q16743,Network Cables,1.1501,22.76,synced,2025-12-05 23:44:59.556
Q17497,0065030825894,,ING-Q17497,Cable Splitters,1.1499,30.21,synced,2025-12-05 23:45:01.56
Q17500,0065030825870,,ING-Q17500,Computer Cables,1.1499,17.44,synced,2025-12-05 23:45:02.06
Q18943,0065030826631,,ING-Q18943,Computer Cooling,1.1501,25.58,synced,2025-12-05 23:35:59.29
Q18948,0065030827829,,ING-Q18948,Computer Cables,1.1500,13.98,synced,2025-12-05 23:45:10.602
Q20099,0757120404132,,ING-Q20099,Audio/Video Cables,1.1498,5.72,synced,2025-12-05 23:46:15.639
Q21367,0832938038677,,109,Network Switch Modules,1.1037,294.96,synced,2025-12-05 23:46:14.646
Q21376,0832938039001,,ING-Q21376,Power Cables,1.1499,77.96,synced,2025-12-05 23:35:46.797
Q24589,0734660312905,,ING-Q24589,Floral Arranging Supplies,1.1500,105.40,synced,2025-12-05 23:35:57.848
Q24593,0734660313308,,75742,Network Adapters,1.1500,76.76,synced,2025-12-05 23:46:11.642
Q34294,0821455011423,,ING-Q34294,Network Switch Modules,1.1501,39.90,synced,2025-12-05 23:45:07.596
Q42972,0071701184450,,ING-Q42972,Label Maker Tape,1.1501,16.49,synced,2025-12-05 23:35:58.792
Q43006,0065030826358,,ING-Q43006,Shelves & Shelf Units,1.1500,102.00,synced,2025-12-05 23:45:06.1
Q43008,0065030827812,,ING-Q43008,Computer Cables,1.1499,22.75,synced,2025-12-06 00:07:56.449
Q43539,0757120271932,,114210,Network Cables,1.1503,17.86,synced,2025-12-05 23:45:08.589
Q43882,0065030794824,,ING-Q43882,Network Cables,1.1503,13.07,synced,2025-12-05 23:46:11.123
Q43894,0757120404156,,26076,Audio/Video Cables,1.1497,22.56,synced,2025-12-05 23:45:11.108
Q45265,0037332141613,,ING-Q45265,Power Cables,1.1502,25.57,synced,2025-12-05 23:45:05.597
Q45266,0037332141620,,6773,Extension Cords,1.1498,30.62,synced,2025-12-05 23:35:58.32
Q45588,0037332139313,,15949,Power Distribution Units,1.0910,770.01,synced,2025-12-05 23:45:04.062
Q50995,0722868650219,,ING-Q50995,Computer Cables,1.1499,17.94,synced,2025-12-05 23:51:57.341
Q50996,0722868650226,,ING-Q50996,Computer Cables,1.1499,20.99,synced,2025-12-05 23:45:05.064
Q50997,0722868650233,,ING-Q50997,Computer Cables,1.1498,21.99,synced,2025-12-05 23:45:04.56
Q52815,0021200103841,,73876,Household Cleaners,1.1497,14.17,synced,2025-12-05 23:46:10.617
Q52826,0051135806371,,ING-Q52826,Computer Racks & Mounts,1.1441,107.99,synced,2025-12-05 23:45:08.08
Q52830,0051135806821,,ING-Q52830,Mouse Pads,1.1498,11.57,synced,2025-12-05 23:45:07.099
Q52835,0051135807217,,9204,Mouse Pads,1.1500,27.49,synced,2025-12-05 23:46:10.127
Q52836,0051135807101,,ING-Q52836,Mouse Pads,1.1501,22.99,synced,2025-12-05 23:35:45.313
Q52848,0051131981003,,ING-Q52848,Wrist Rests,1.1500,42.99,synced,2025-12-05 23:35:46.304
Q56030,0722868440155,,6785,Network Cables,1.1499,17.05,synced,2025-12-05 23:46:09.113
Q67375,0037332139184,,ING-Q67375,Surge Suppressors,1.1500,106.23,synced,2025-12-05 23:46:13.638
Q67732,0037332142504,,ING-Q67732,Power Distribution Units,1.1175,181.00,synced,2025-12-05 23:46:13.135
Q67984,0882658166396,,6786,Network Cables,1.1340,179.37,synced,2025-12-05 23:36:00.291
Q68269,0037332116437,,ING-Q68269,Network Cables,1.1503,7.50,synced,2025-12-06 00:07:36.446
Q68490,0037332138767,,9212,Network Cables,1.1500,24.92,synced,2025-12-05 23:46:15.123
Q68922,0037332141392,,12837,KVM Switches,1.1010,496.22,synced,2025-12-05 23:35:47.305
Q68927,0037332141446,,ING-Q68927,Computer Cables,1.1500,30.17,synced,2025-12-05 23:35:59.79
Q68928,0037332141453,,ING-Q68928,Computer Cables,1.1499,57.38,synced,2025-12-05 23:46:14.145
Q69197,0037332134363,,ING-Q69197,Surge Suppressors,1.1500,42.32,synced,2025-12-05 23:46:12.621
Q69202,0037332119704,,ING-Q69202,Power Distribution Units,1.1374,141.99,synced,2025-12-05 23:45:03.557
Q69605,0037332115638,,ING-Q69605,Power Distribution Units,1.1500,92.93,synced,2025-12-05 23:46:08.622
Q72540,0710931204186,,ING-Q72540,Network Switches,1.1499,21.98,synced,2025-12-05 23:35:45.797
Q72888,0710931304343,,12846,Computer Cables,1.1500,24.22,synced,2025-12-05 23:36:00.791
Q72901,0710931401202,,ING-Q72901,Computer Patch Panels,1.1500,59.07,synced,2025-12-05 23:45:10.093
Q76643,0037332142238,,3862,Cable Splitters,1.1499,14.93,synced,2025-12-05 23:45:06.598
Q77173,0603175006930,,ING-Q77173,Network Cards,1.0991,383.28,synced,2025-12-05 23:46:12.123
Q78491,0043859528042,,ING-Q78491,Desk Risers,1.1501,41.90,synced,2025-12-06 00:07:57.95
Q78551,0882658213243,,ING-Q78551,Computer Cables,1.1500,59.00,synced,2025-12-05 23:45:09.09
Q78564,0043859536351,,60139,Wrist Rests,1.1501,18.79,synced,2025-12-05 23:46:09.631
Q82087,0754082059219,,62165,Hand Tool Crimpers & Strippers,1.1500,139.72,synced,2025-12-05 23:46:18.618
Q82091,0754082059226,,ING-Q82091,Hand Tool Punches,1.1500,137.40,synced,2025-12-05 23:36:01.792
Q90251,0879229008841,,ING-Q90251,Other Computer Accessories,1.1498,31.33,synced,2025-12-05 23:46:16.628
Q92475,0757120409373,,115723,Audio/Video Cables,1.1499,31.25,synced,2025-12-05 23:46:22.142
Q92614,0698833003444,,ING-Q92614,Hardware Brackets,1.1500,249.99,synced,2025-12-05 23:45:09.589
Q92926,0757120404651,,129600,Audio/Video Cables,1.1503,10.00,synced,2025-12-05 23:46:18.116
Q93201,0757120400257,,28038,Computer Cables,1.1500,10.00,synced,2025-12-05 23:46:21.153
Q93203,0757120271604,,114102,Network Cables,1.1502,8.99,synced,2025-12-05 23:46:16.132
Q93207,0757120430377,,ING-Q93207,Cable Ties,1.1502,15.24,synced,2025-12-05 23:45:13.577
Q93227,0757120404071,,25997,Audio/Video Cables,1.1505,9.50,synced,2025-12-05 23:45:14.097
Q93934,0071701121851,,ING-Q93934,Label Maker Tape,1.1501,32.98,synced,2025-12-05 23:46:21.656
Q93981,0722868142820,,58947,Network Cables,1.1500,22.99,synced,2025-12-05 23:46:17.615
Q94690,0735029254898,,ING-Q94690,TV & Monitor Mounts,1.1432,149.00,synced,2025-12-05 23:46:20.647
Q94694,0735029256090,,ING-Q94694,TV & Monitor Mounts,1.1501,84.93,synced,2025-12-05 23:45:13.099
Q98661,0648177025275,,6819,Network Adapters,1.1020,297.67,synced,2025-12-05 23:46:17.123
Q99010,0648177024780,,728622,Network Switch Modules,1.1432,130.70,synced,2025-12-05 23:36:01.291
Q99011,0648177024797,,402080,Network Switch Modules,1.1433,129.74,synced,2025-12-05 23:45:12.095
Q99243,0882658172168,,ING-Q99243,Power Cables,1.1501,73.29,synced,2025-12-05 23:46:19.126
QC4958,0766907726114,,1354,Audio/Video Cables,1.1501,25.47,synced,2025-12-05 23:45:11.612
QM1293,0043859638802,,ING-QM1293,Mouse Pads,1.1500,20.52,synced,2025-12-05 23:45:12.611
QM4390,0757120399421,,38770,Audio/Video Cables,1.1496,6.36,synced,2025-12-05 23:45:15.585
QM6056,0743172038135,,24078,Computer Port Cards,1.1371,143.36,synced,2025-12-05 23:35:47.81
QN7330,0679202038342,,116132,Audio & Video Receivers,1.0800,791.24,synced,2025-12-05 23:46:26.656
QN8366,0821455047736,,6383,Computer Cables,1.1499,25.20,synced,2025-12-05 23:46:25.647
QN8384,0821455047569,,ING-QN8384,Computer Cables,1.1500,10.43,synced,2025-12-05 23:45:16.106
QN8387,0821455047781,,ING-QN8387,Cell Phone Tool Kits,1.1501,24.86,synced,2025-12-05 23:46:27.145
QN8414,0821455047873,,12184,Computer Cables,1.1496,12.42,synced,2025-12-05 23:46:23.63
QN8416,0821455047897,,ING-QN8416,Computer Cables,1.1501,15.16,synced,2025-12-05 23:46:23.141
QN8418,0821455047606,,25762,Computer Cables,1.1499,29.26,synced,2025-12-05 23:46:19.628
QP5082,0873791003419,,58327,Network Cables,1.1495,8.93,synced,2025-12-05 23:45:18.111
QP5083,0873791003426,,ING-QP5083,Network Cables,1.1502,11.88,synced,2025-12-05 23:45:20.107
QP5084,0873791003433,,ING-QP5084,Network Cables,1.1503,16.54,synced,2025-12-05 23:35:48.819
QP5085,0873791003440,,52299,Network Cables,1.1496,13.47,synced,2025-12-05 23:45:21.094
QP5088,0873791003471,,50575,Network Cables,1.1498,16.26,synced,2025-12-05 23:46:25.125
QP5089,0873791003488,,52472,Network Cables,1.1502,20.86,synced,2025-12-05 23:46:24.142
QP5092,0873791003518,,51775,Network Cables,1.1495,8.97,synced,2025-12-05 23:35:48.308
QP5093,0873791003525,,481022,Network Cables,1.1502,12.39,synced,2025-12-05 23:45:18.611
QP5100,0873791003891,,53886,Network Cables,1.1495,11.71,synced,2025-12-05 23:46:24.626
QP5102,0873791003914,,52899,Network Cables,1.1500,7.45,synced,2025-12-05 23:51:56.357
QP5107,0873791003969,,ING-QP5107,Network Cables,1.1501,25.13,synced,2025-12-05 23:46:22.662
QP5108,0873791003976,,51145,Network Cables,1.1502,24.97,synced,2025-12-05 23:45:17.1
QP5113,0873791004027,,52091,Network Cables,1.1498,9.08,synced,2025-12-05 23:45:15.094
QP5118,0873791004072,,51301,Network Cables,1.1498,28.49,synced,2025-12-05 23:45:21.599
QP7938,0037332175182,,6387,Surge Suppressors,1.1500,55.20,synced,2025-12-05 23:45:20.579
QP7939,0037332175168,,ING-QP7939,Surge Suppressors,1.1500,31.72,synced,2025-12-05 23:46:27.671
QP7940,0037332175212,,ING-QP7940,Surge Suppressors,1.1500,25.60,synced,2025-12-05 23:36:02.3
QP7941,0037332175601,,12213,Audio/Video Cables,1.1499,23.11,synced,2025-12-05 23:46:20.12
QP7942,0037332175595,,18921,Audio/Video Cables,1.1500,16.55,synced,2025-12-05 23:45:19.626
QP8030,0085896724261,,ING-QP8030,Presentation Remotes,1.1500,68.63,synced,2025-12-05 23:45:14.594
QQ0127,0698833034028,,ING-QQ0127,TV & Monitor Mounts,1.1148,231.31,synced,2025-12-05 23:45:16.602
QQ0631,0887037486515,,56839,Audio/Video Cables,1.1499,25.39,synced,2025-12-05 23:51:55.851
QQ3709,0043859536467,,30999,Wrist Rests,1.1501,27.46,synced,2025-12-05 23:45:17.611
QQ3710,0043859536450,,75396,Wrist Rests,1.1501,29.65,synced,2025-12-05 23:45:19.112
QQ3718,0043859622320,,25706,Wrist Rests,1.1500,23.00,synced,2025-12-05 23:46:26.143
QQ3727,0043859642830,,ING-QQ3727,Shredders,1.1500,69.99,synced,2025-12-05 23:36:02.797
QQ3751,0077511990281,,114222,Surge Suppressors,1.1499,19.10,synced,2025-12-05 23:46:28.135
QQ3752,0077511990892,,114003,Surge Suppressors,1.1501,20.00,synced,2025-12-05 23:45:22.136
QQ6069,0882658439711,,ING-QQ6069,Network Cables,1.0990,155.00,synced,2025-12-05 23:46:28.638
QQ6071,0882658439735,,274567,Network Cables,1.0981,463.99,synced,2025-12-05 23:45:22.582
QR1144,0873791005369,,50901,Cable Connectors,1.1499,7.02,synced,2025-12-05 23:46:37.162
QR1145,0873791005451,,52797,Cable Connectors,1.1499,12.46,synced,2025-12-05 23:46:36.665
QR1146,0873791005468,,54957,Cable Connectors,1.1499,5.82,synced,2025-12-05 23:46:34.718
QR1147,0873791005475,,51728,Cable Connectors,1.1499,7.94,synced,2025-12-05 23:46:35.145
QR1150,0873791005499,,517963,Cable Connectors,1.1499,10.24,synced,2025-12-05 23:46:29.115
QR1152,0873791005512,,52092,Cable Connectors,1.1499,7.94,synced,2025-12-05 23:46:36.164
QR1154,0873791005383,,ING-QR1154,Computer Patch Panels,1.1500,46.60,synced,2025-12-05 23:46:31.12
QR1155,0873791005390,,53775,Computer Patch Panels,1.1499,60.70,synced,2025-12-05 23:45:26.615
QR1156,0873791005536,,55268,Computer Patch Panels,1.1502,25.04,synced,2025-12-05 23:46:34.172
QR1157,0873791005543,,53627,Computer Patch Panels,1.1499,47.90,synced,2025-12-05 23:45:26.102
QR1158,0873791005550,,55756,Computer Patch Panels,1.1500,62.49,synced,2025-12-05 23:45:25.595
QR1159,0873791005567,,51929,Computer Patch Panels,1.1501,63.21,synced,2025-12-05 23:35:49.319
QR1161,0873791005574,,ING-QR1161,Switch & Outlet Plates,1.1503,9.52,synced,2025-12-05 23:45:25.148
QR1162,0873791005581,,ING-QR1162,Switch & Outlet Plates,1.1503,10.98,synced,2025-12-05 23:45:28.107
QR1163,0873791005598,,ING-QR1163,Switch & Outlet Plates,1.1503,9.20,synced,2025-12-05 23:46:29.633
QR1164,0873791005413,,51857,Fiber Optic Connectors,1.1501,19.46,synced,2025-12-05 23:45:24.597
QR1165,0873791004768,,ING-QR1165,Computer Cables,1.1501,12.79,synced,2025-12-05 23:35:49.82
QR1166,0873791004775,,21724,Computer Cables,1.1502,16.89,synced,2025-12-06 00:07:35.421
QR1167,0873791004782,,ING-QR1167,Computer Cables,1.1501,22.54,synced,2025-12-05 23:46:33.671
QR1168,0873791004799,,ING-QR1168,Computer Cables,1.1501,24.92,synced,2025-12-05 23:36:03.296
QR2305,0065030849401,,ING-QR2305,Audio/Video Cables,1.1499,27.71,synced,2025-12-05 23:35:50.313
QR2307,0065030849043,,ING-QR2307,Power Cables,1.1501,20.79,synced,2025-12-05 23:45:23.094
QR2309,0065030848831,,21483,Computer Racks & Mounts,1.1088,242.65,synced,2025-12-05 23:36:03.798
QR2310,0065030848848,,ING-QR2310,Computer Racks & Mounts,1.0999,343.41,synced,2025-12-05 23:45:27.601
QR3881,0065030849395,,12274,Audio/Video Cables,1.1500,36.55,synced,2025-12-05 23:46:35.653
QR3885,0065030849265,,ING-QR3885,Network Cards,1.1500,35.95,synced,2025-12-05 23:46:32.138
QR8674,0805736043617,,28409,Projector Replacement Lamps,1.1455,203.73,synced,2025-12-05 23:46:33.142
QR9022,0037332173317,,ING-QR9022,Computer Rack Hardware & Accessories,1.1500,91.93,synced,2025-12-05 23:45:23.602
QR9023,0037332173300,,29097,Other Electronic Components & Accessories,1.1500,40.69,synced,2025-12-05 23:45:24.093
QR9024,0037332175540,,3575,Surge Suppressors,1.1499,37.24,synced,2025-12-05 23:46:31.62
QR9025,0037332175557,,ING-QR9025,Surge Suppressors,1.1500,39.20,synced,2025-12-05 23:46:30.619
QR9861,0885022000999,,142427,Computer Power Supplies,1.1015,331.84,synced,2025-12-05 23:45:27.092
QS0622,0198828738660,,ING-QS0622,Laptop Computers,1.0600,1978.74,synced,2025-12-05 23:46:32.651
QS2915,0840390318787,,ING-QS2915,Cell Phone Cases,1.1499,22.49,synced,2025-12-05 23:46:30.117
QU4388,0722868950647,,ING-QU4388,Other Electronic Components & Accessories,1.1499,40.61,synced,2025-12-06 00:07:57.486
QU4523,0821455048108,,3650,Network Cards,1.1500,46.16,synced,2025-12-05 23:42:57.538
QU5231,0722868654590,,ING-QU5231,Network Cables,1.1498,30.23,synced,2025-12-05 23:42:59.5
QU5232,0821455049143,,ING-QU5232,Network Cables,1.1501,54.97,synced,2025-12-05 23:43:00.505
QU5233,0821455049105,,ING-QU5233,Network Cables,1.1501,40.99,synced,2025-12-05 23:42:58.532
QU5234,0821455049150,,150266,Network Cables,1.1501,46.36,synced,2025-12-05 23:42:58.038
QU5235,0821455047705,,ING-QU5235,Network Cables,1.1499,46.49,synced,2025-12-05 23:42:59.021
QU5237,0821455049129,,ING-QU5237,Network Cables,1.1500,35.17,synced,2025-12-05 23:43:00
QV6973,0882658521980,,ING-QV6973,Network Cables,1.1052,184.02,synced,2025-12-05 23:43:48.041
QV6998,0882658465246,,278099,Network Switch Modules,1.1023,402.16,synced,2025-12-05 23:43:48.541
QV8858,0065030849609,,ING-QV8858,Network Cables,1.1499,47.16,synced,2025-12-05 23:43:02.001
QV8859,0065030849593,,12543,Network Cables,1.1500,56.98,synced,2025-12-05 23:43:02.502
QV8860,0065030849586,,ING-QV8860,Network Cables,1.1500,59.99,synced,2025-12-05 23:43:49.028
QV8864,0065030849272,,ING-QV8864,Network Cables,1.0921,570.80,synced,2025-12-05 23:43:47.548
QV8963,0784090031655,,12536,Computer Port Cards,1.1501,25.01,synced,2025-12-05 23:43:03.517
QV8964,0784090026293,,ING-QV8964,Other Electronic Components & Accessories,1.1501,24.46,synced,2025-12-05 23:43:03.003
QV9044,0767377007710,,ING-QV9044,Power Adapters,1.1237,195.33,synced,2025-12-06 00:07:58.458
QV9270,0065030849388,,ING-QV9270,Audio/Video Cables,1.1500,47.35,synced,2025-12-05 23:43:01.5
QV9271,0065030849517,,ING-QV9271,Computer Port Cards,1.1500,72.99,synced,2025-12-05 23:43:00.999
QW1615,0810689070290,,ING-QW1615,Electronics Stands,1.1500,94.90,synced,2025-12-05 23:43:47.062
QW2215,0722868246382,,ING-QW2215,Computer Cables,1.1499,12.54,synced,2025-12-05 23:43:18.54
QW2218,0655216005976,,67740,Antenna Mounts & Brackets,1.1153,304.82,synced,2025-12-05 23:43:15.03
QW2337,0722868487266,,ING-QW2337,Surge Suppressors,1.1501,19.41,synced,2025-12-05 23:43:59.017
QW2796,0837324002898,,59248,Terminal Blocks,1.0957,405.97,synced,2025-12-05 23:35:13.295
QW4480,0757120409700,,ING-QW4480,Cable Connectors,1.1501,24.83,synced,2025-12-05 23:43:11.044
QW4536,0757120389880,,ING-QW4536,Computer Cables,1.1499,24.73,synced,2025-12-05 23:35:05.791
QW4537,0757120389897,,ING-QW4537,Computer Cables,1.1499,45.99,synced,2025-12-06 00:07:34.909
QW4541,0757120431237,,ING-QW4541,Network Cables,1.1234,186.35,synced,2025-12-05 23:43:21.04
QW5237,0886112322762,,ING-QW5237,Network Cables,1.1500,109.56,synced,2025-12-05 23:35:14.287
QW5306,0757120355496,,ING-QW5306,Surge Suppressors,1.1501,36.77,synced,2025-12-05 23:43:53.53
QW5846,0873791004478,,21733,Cable Connectors,1.1497,9.70,synced,2025-12-05 23:43:54.061
QW5847,0873791004485,,51160,Cable Connectors,1.1500,7.09,synced,2025-12-05 23:43:56.048
QW5849,0873791004508,,12576,Cable Connectors,1.1500,12.52,synced,2025-12-05 23:43:10.536
QW5850,0873791004515,,54773,Cable Connectors,1.1503,12.00,synced,2025-12-05 23:43:51.534
QW5854,0873791004553,,9104,Cable Connectors,1.1500,13.72,synced,2025-12-05 23:35:25.811
QW5858,0873791004591,,12577,Cable Connectors,1.1503,12.99,synced,2025-12-05 23:35:10.302
QW5859,0873791004607,,ING-QW5859,Cable Connectors,1.1501,17.32,synced,2025-12-05 23:35:24.807
QW5860,0873791004614,,29746,Computer Cables,1.1500,11.36,synced,2025-12-05 23:43:58.55
QW5862,0873791004638,,51897,Cable Connectors,1.1503,15.46,synced,2025-12-05 23:43:10.041
QW5863,0873791004645,,55269,Cable Connectors,1.1503,11.69,synced,2025-12-05 23:35:26.304
QW5865,0873791004669,,9106,Cable Connectors,1.1497,12.04,synced,2025-12-05 23:43:05.529
QW5873,0873791004744,,6627,Computer Cables,1.1502,18.99,synced,2025-12-05 23:43:51.056
QW5875,0873791004393,,24234,Audio/Video Cables,1.1504,13.75,synced,2025-12-05 23:35:08.317
QW5877,0873791004416,,24735,Audio/Video Cables,1.1498,19.08,synced,2025-12-05 23:35:11.29
QW5878,0873791004423,,169096,Audio/Video Cables,1.1502,26.39,synced,2025-12-05 23:35:26.809
QW5895,0873791005628,,ING-QW5895,Network Cables,1.1501,11.54,synced,2025-12-05 23:43:50.536
QW5896,0873791005635,,55778,Network Cables,1.1502,19.90,synced,2025-12-05 23:43:54.557
QW5900,0873791005673,,56840,Network Cables,1.1498,23.82,synced,2025-12-05 23:43:05.031
QW5905,0873791005727,,54198,Hand Tool Crimpers & Strippers,1.1500,15.80,synced,2025-12-05 23:43:13.067
QW5906,0873791005734,,55190,Cable Testers,1.1501,34.77,synced,2025-12-05 23:43:17.524
QW5908,0873791005758,,360432,Network Switches,1.1500,43.71,synced,2025-12-05 23:44:00.016
QW5912,0873791005796,,498828,Computer Racks & Mounts,1.1215,185.82,synced,2025-12-05 23:43:59.518
QW5913,0873791005802,,498829,Computer Racks & Mounts,1.1135,302.10,synced,2025-12-05 23:35:07.307
QW5914,0873791005819,,498830,Computer Racks & Mounts,1.1160,194.34,synced,2025-12-05 23:35:06.29
QW5915,0873791005826,,498831,Computer Racks & Mounts,1.1048,514.95,synced,2025-12-05 23:43:57.557
QW5920,0873791005918,,131100,Cable Splitters,1.1501,29.66,synced,2025-12-05 23:35:11.801
QW5921,0873791005925,,132691,KVM Switches,1.1500,33.69,synced,2025-12-05 23:35:15.794
QW5922,0873791005932,,131094,Network Switches,1.1500,29.41,synced,2025-12-05 23:35:10.816
QW5929,0873791006007,,74371,KVM Switches,1.1459,102.60,synced,2025-12-05 23:43:16.031
QW5932,0873791006038,,59769,Cell Phone Tool Kits,1.1498,36.18,synced,2025-12-05 23:43:09.541
QW5934,0873791006052,,70751,Signal Repeaters,1.1500,84.16,synced,2025-12-05 23:43:56.554
QW5937,0873791006083,,12571,Computer Cables,1.1500,17.99,synced,2025-12-05 23:35:16.799
QW5938,0873791006090,,29810,Computer Cables,1.1500,17.95,synced,2025-12-05 23:43:04.003
QW5940,0873791006113,,29786,Computer Cables,1.1499,21.11,synced,2025-12-05 23:35:02.768
QW5942,0873791006137,,59026,Computer Cables,1.1501,17.01,synced,2025-12-05 23:35:15.292
QW5943,0873791006144,,169163,Computer Cables,1.1500,37.71,synced,2025-12-05 23:43:06.522
QW5992,0757120039723,,42140,Network Cables,1.1503,23.31,synced,2025-12-05 23:43:17.032
QW5995,0757120039754,,ING-QW5995,Network Cables,1.1500,15.37,synced,2025-12-05 23:43:15.53
QW6000,0757120039808,,26474,Network Cables,1.1501,18.81,synced,2025-12-05 23:43:19.56
QW6003,0757120039839,,ING-QW6003,Network Cables,1.1497,16.63,synced,2025-12-05 23:35:13.795
QW6007,0757120039877,,ING-QW6007,Network Cables,1.1499,19.74,synced,2025-12-05 23:43:11.535
QW6009,0757120039891,,38809,Network Cables,1.1502,9.75,synced,2025-12-05 23:43:50.049
QW6011,0757120039914,,28801,Network Cables,1.1497,15.63,synced,2025-12-05 23:43:14.552
QW6015,0757120039952,,12588,Network Cables,1.1503,21.03,synced,2025-12-05 23:35:25.311
QW6020,0757120040002,,28701,Network Cables,1.1496,15.89,synced,2025-12-05 23:35:09.796
QW6021,0757120040019,,ING-QW6021,Network Cables,1.1499,19.09,synced,2025-12-05 23:35:16.291
QW6023,0757120040033,,39134,Network Cables,1.1497,18.97,synced,2025-12-05 23:43:16.531
QW6024,0757120040040,,38810,Network Cables,1.1503,12.99,synced,2025-12-05 23:43:20.057
QW6034,0757120040149,,29925,Network Cables,1.1497,16.60,synced,2025-12-05 23:43:52.549
QW6039,0757120040194,,ING-QW6039,Network Cables,1.1499,13.09,synced,2025-12-05 23:43:08.027
QW6046,0757120040262,,72805,Network Cables,1.1499,10.41,synced,2025-12-05 23:35:04.266
QW6055,0757120040354,,85049,Network Cables,1.1503,16.34,synced,2025-12-05 23:43:58.057
QW6060,0757120040408,,6637,Network Cables,1.1503,18.56,synced,2025-12-05 23:43:12.55
QW6061,0757120040415,,42152,Network Cables,1.1498,23.27,synced,2025-12-05 23:43:04.503
QW6063,0757120040439,,103282,Network Cables,1.1504,10.73,synced,2025-12-05 23:35:09.292
QW6069,0757120040491,,42154,Network Cables,1.1501,10.00,synced,2025-12-05 23:35:03.267
QW6086,0757120040668,,79497,Network Cables,1.1499,15.79,synced,2025-12-05 23:35:06.805
QW6098,0757120040781,,ING-QW6098,Network Cables,1.1498,22.06,synced,2025-12-05 23:43:52.033
QW6105,0757120040859,,ING-QW6105,Network Cables,1.1502,16.61,synced,2025-12-05 23:43:20.535
QW6107,0757120040873,,38259,Network Cables,1.1496,18.99,synced,2025-12-05 23:43:55.064
QW6119,0757120040996,,24770,Network Cables,1.1497,19.22,synced,2025-12-05 23:43:18.03
QW6132,0757120041122,,38263,Network Cables,1.1501,18.53,synced,2025-12-05 23:43:55.54
QW6138,0757120041184,,28410,Network Cables,1.1503,18.28,synced,2025-12-05 23:43:14.041
QW6140,0757120041207,,21742,Network Cables,1.1497,20.93,synced,2025-12-05 23:43:53.036
QW6145,0757120041252,,71286,Network Cables,1.1499,41.09,synced,2025-12-05 23:43:09.029
QW6149,0757120041290,,42258,Network Cables,1.1499,17.36,synced,2025-12-05 23:43:57.05
QW6168,0757120041481,,42299,Network Cables,1.1503,4.99,synced,2025-12-05 23:35:14.791
QW6189,0757120041696,,42169,Network Cables,1.1496,17.37,synced,2025-12-05 23:43:21.526
QW6191,0757120041719,,38264,Network Cables,1.1499,16.80,synced,2025-12-05 23:35:03.769
QW6195,0757120041757,,42301,Network Cables,1.1501,16.43,synced,2025-12-05 23:43:49.543
QW6252,0757120042327,,42311,Network Cables,1.1496,10.04,synced,2025-12-05 23:51:24.327
QW6294,0757120003830,,42186,Network Cables,1.1500,3.99,synced,2025-12-05 23:43:07.034
QW6309,0757120003984,,3725,Network Cables,1.1498,17.77,synced,2025-12-05 23:35:12.286
QW6313,0757120004028,,53947,Network Cables,1.1497,16.01,synced,2025-12-05 23:43:07.532
QW6314,0757120004035,,ING-QW6314,Network Cables,1.1503,10.87,synced,2025-12-05 23:35:27.809
QW6318,0757120004073,,48484,Network Cables,1.1499,15.25,synced,2025-12-05 23:43:06.036
QW6439,0757120005285,,42350,Network Cables,1.1503,15.14,synced,2025-12-05 23:43:13.552
QW6502,0037332176523,,38241,Network Cables,1.1503,7.01,synced,2025-12-05 23:35:12.793
QW6503,0037332176516,,9109,Network Cables,1.1500,33.95,synced,2025-12-05 23:35:05.286
QW6551,0706487012962,,ING-QW6551,VoIP Phone Adapters,1.1500,32.26,synced,2025-12-05 23:43:08.536
QW7994,0037332178237,,ING-QW7994,Uninterruptible Power Supplies,1.0854,1374.24,synced,2025-12-05 23:43:19.023
QW7995,0037332178022,,ING-QW7995,Uninterruptible Power Supplies,1.0855,1255.00,synced,2025-12-05 23:35:08.803
QW7996,0037332178015,,ING-QW7996,Uninterruptible Power Supplies,1.0842,1789.99,synced,2025-12-05 23:35:27.312
QW8002,0037332176561,,16575,Computer Cables,1.1500,41.90,synced,2025-12-05 23:35:04.769
QW8006,0037332176837,,ING-QW8006,Power Cables,1.1501,35.44,synced,2025-12-05 23:35:07.797
QW8008,0037332176813,,ING-QW8008,Extension Cords,1.1500,7.08,synced,2025-12-05 23:43:12.048
QW8974,0731304293842,,16786,Computer Replacement Parts,1.1089,195.00,synced,2025-12-05 23:43:22.525
QW9333,0731304300984,,348485,Cable Organizers,1.1500,596.78,synced,2025-12-05 23:43:22.033
QW9336,0731304301011,,67339,Computer Rack Hardware & Accessories,1.1172,188.00,synced,2025-12-05 23:43:23.533
QW9969,0064547896175,,ING-QW9969,Device-Specific Electronics Batteries,1.1211,196.56,synced,2025-12-05 23:44:02.524
QW9998,0065030839020,,ING-QW9998,Network Cables,1.1499,8.39,synced,2025-12-05 23:44:03.023
QW9999,0065030839006,,ING-QW9999,Network Cables,1.1498,15.62,synced,2025-12-05 23:44:02.028
QX2364,0757120404118,,114199,Audio/Video Cables,1.1499,13.99,synced,2025-12-05 23:44:01.525
QX6147,0810689070399,,ING-QX6147,Computer Monitors,1.0600,262.32,synced,2025-12-05 23:44:00.529
QX7099,0815335022227,,6660,Computer Monitors,1.0600,545.58,synced,2025-12-05 23:43:23.032
QY1196,0065030849678,,ING-QY1196,Extension Cords,1.1498,7.58,synced,2025-12-05 23:44:04.028
QY1197,0065030849647,,ING-QY1197,Power Cables,1.1498,12.75,synced,2025-12-05 23:42:40.518
QY1198,0065030849531,,ING-QY1198,Power Cables,1.1502,23.58,synced,2025-12-05 23:43:28.042
QY1200,0065030849579,,ING-QY1200,Computer Cables,1.1502,12.79,synced,2025-12-05 23:44:03.526
QY1201,0065030849623,,ING-QY1201,Audio/Video Cables,1.1499,16.75,synced,2025-12-05 23:43:24.031
QY2299,0851718004114,,3767,Wire Connectors,1.1228,152.36,synced,2025-12-06 00:07:16.073
QY2300,0851718004121,,ING-QY2300,Other Electronic Components & Accessories,1.0935,574.83,synced,2025-12-05 23:44:05.037
QY2301,0851718004138,,ING-QY2301,Computer Scanners,1.0957,350.04,synced,2025-12-05 23:43:24.529
QY3512,0821455050217,,42468,Network Switch Modules,1.1500,66.17,synced,2025-12-05 23:44:05.55
QY3584,0710931160024,,ING-QY3584,Network Switches,1.1500,30.99,synced,2025-12-05 23:44:04.528
QY3693,0851718004107,,ING-QY3693,Electronic Touchpads,1.1060,278.73,synced,2025-12-05 23:43:25.539
QY3694,0851718004152,,ING-QY3694,Other Computer Accessories,1.1087,259.14,synced,2025-12-05 23:43:25.031
QY5430,0821455052457,,ING-QY5430,Network Cables,1.1501,23.23,synced,2025-12-05 23:43:26.035
QY5431,0821455052464,,12645,Network Cables,1.1498,29.71,synced,2025-12-05 23:44:06.552
QY5432,0821455052471,,86157,Network Cables,1.1499,32.18,synced,2025-12-05 23:44:01.026
QZ0680,0882658521966,,ING-QZ0680,Power Cables,1.1501,61.05,synced,2025-12-05 23:43:29.516
QZ2009,0023942979920,,ING-QZ2009,Computer Mice,1.1499,17.86,synced,2025-12-05 23:50:51.043
QZ3412,0800975028296,,ING-QZ3412,Wireless Repeaters & Transceivers,1.0940,519.63,synced,2025-12-05 23:44:14.066
QZ3606,0873791006342,,131744,Cable Connectors,1.1501,10.99,synced,2025-12-05 23:51:58.357
QZ3607,0873791006359,,51563,Cable Connectors,1.1498,14.54,synced,2025-12-05 23:44:08.057
QZ3608,0873791006366,,131675,Cable Connectors,1.1502,22.64,synced,2025-12-05 23:44:09.548
QZ3610,0873791006380,,ING-QZ3610,Computer Cables,1.1501,13.19,synced,2025-12-05 23:43:31.512
QZ3612,0873791006403,,ING-QZ3612,Computer Cables,1.1501,25.04,synced,2025-12-05 23:44:13.558
QZ3615,0873791006434,,ING-QZ3615,Audio/Video Cables,1.1501,17.54,synced,2025-12-05 23:43:32.013
QZ3620,0873791006489,,54970,Computer Cables,1.1498,17.89,synced,2025-12-05 23:44:16.062
QZ3622,0873791006502,,ING-QZ3622,Computer Cables,1.1501,18.01,synced,2025-12-05 23:44:10.555
QZ3626,0873791006540,,ING-QZ3626,Computer Cables,1.1501,26.99,synced,2025-12-05 23:43:32.571
QZ3631,0873791006595,,ING-QZ3631,Computer Cables,1.1501,30.14,synced,2025-12-05 23:44:09.046
QZ3633,0873791006618,,ING-QZ3633,Computer Cables,1.1501,30.65,synced,2025-12-05 23:43:30.521
QZ3634,0873791006625,,ING-QZ3634,Audio/Video Cables,1.1500,32.17,synced,2025-12-05 23:44:06.05
QZ3635,0873791006632,,67067,Computer Cables,1.1501,25.35,synced,2025-12-05 23:44:07.056
QZ3639,0873791006670,,360418,Network Switches,1.1500,55.20,synced,2025-12-05 23:43:29.017
QZ3661,0873791006892,,52006,Switch & Outlet Plates,1.1499,20.76,synced,2025-12-05 23:44:14.557
QZ3662,0873791006908,,ING-QZ3662,Switch & Outlet Plates,1.1501,15.78,synced,2025-12-05 23:43:27.037
QZ3663,0873791006915,,61786,Switch & Outlet Plates,1.1497,15.63,synced,2025-12-05 23:44:07.557
QZ4624,0722868778982,,ING-QZ4624,Network Cables,1.1499,17.49,synced,2025-12-05 23:51:55.339
QZ4630,0722868467459,,27971,Network Cables,1.1500,56.71,synced,2025-12-05 23:44:11.051
QZ4775,0722868453834,,ING-QZ4775,Network Cables,1.1500,55.01,synced,2025-12-05 23:44:10.069
QZ4937,0037229334166,,9162,Cigarette Lighter Adapters,1.1498,23.99,synced,2025-12-05 23:35:28.3
QZ4977,0722868900123,,4380,Surge Suppressors,1.1501,39.44,synced,2025-12-05 23:35:18.948
QZ5207,0722868535004,,ING-QZ5207,Network Cables,1.1502,12.29,synced,2025-12-05 23:35:30.309
QZ5432,0722868718940,,ING-QZ5432,Audio/Video Cables,1.1501,29.34,synced,2025-12-05 23:35:17.802
QZ5848,0722868660195,,37207,Network Cables,1.1498,13.49,synced,2025-12-05 23:43:36.046
QZ6067,0722868241769,,37279,Network Cables,1.1502,13.94,synced,2025-12-05 23:44:11.555
QZ6077,0097855093080,,ING-QZ6077,Headsets,1.1500,66.75,synced,2025-12-05 23:44:15.556
QZ6078,0097855093103,,ING-QZ6078,Headsets,1.1500,74.99,synced,2025-12-05 23:43:26.538
QZ6370,0845973021160,,ING-QZ6370,Network Switches,1.1499,64.99,synced,2025-12-05 23:43:31.01
QZ6602,0037332162854,,78182,Switch & Outlet Plates,1.1499,27.83,synced,2025-12-05 23:43:34.026
QZ6870,0808447012279,,55153,Audio/Video Cables,1.1503,19.86,synced,2025-12-05 23:43:35.544
QZ6871,0808447012286,,51579,Audio/Video Cables,1.1499,22.84,synced,2025-12-05 23:35:18.305
QZ6877,0808447000528,,63296,Audio/Video Cables,1.1499,31.99,synced,2025-12-05 23:43:27.533
QZ6881,0808447000511,,71170,Audio/Video Cables,1.1500,19.51,synced,2025-12-05 23:44:13.053
QZ6882,0808447023930,,54472,Computer Cables,1.1498,17.72,synced,2025-12-05 23:35:29.785
QZ6883,0808447023947,,51244,Computer Cables,1.1502,,synced,2025-12-05 23:43:28.54
QZ6885,0808447023961,,12720,Computer Cables,1.1499,36.43,synced,2025-12-05 23:44:08.551
QZ7257,0037332175892,,25201,Audio/Video Cables,1.1500,85.46,synced,2025-12-05 23:44:12.059
QZ7261,0037332178114,,21664,Network Cables,1.1499,54.97,synced,2025-12-05 23:35:29.282
QZ7263,0037332178152,,ING-QZ7263,Network Cables,1.1500,58.88,synced,2025-12-05 23:43:33.056
QZ7265,0037332178183,,98897,Network Cables,1.1500,68.92,synced,2025-12-05 23:43:30.01
QZ7266,0037332178206,,77574,Network Cables,1.1500,96.30,synced,2025-12-05 23:44:12.545
QZ7450,0808447065152,,12705,Computer Cables,1.1501,39.53,synced,2025-12-05 23:35:28.783
QZ8357,0037332115546,,ING-QZ8357,Surge Suppressors,1.1500,65.00,synced,2025-12-05 23:44:16.553
R39332,0065030830249,,ING-R39332,Computer Cables,1.1500,12.95,synced,2025-12-05 23:35:19.799
R39333,0065030830256,,ING-R39333,Computer Cables,1.1500,16.78,synced,2025-12-05 23:35:33.802
R39335,0065030830805,,ING-R39335,Power Cables,1.1500,23.78,synced,2025-12-05 23:35:21.806
R39459,0722868138922,,ING-R39459,Network Cables,1.1504,17.64,synced,2025-12-05 23:43:43.547
R39580,0065030824682,,ING-R39580,Analog-to-Digital Converters,1.1311,137.11,synced,2025-12-05 23:43:39.036
R81144,0884420125099,,ING-R81144,Computer Keyboards,1.1060,268.75,synced,2025-12-05 23:35:31.297
R85300,0037332143280,,3849,Power Cables,1.1499,36.46,synced,2025-12-05 23:44:17.576
R85483,0882658210709,,ING-R85483,Network Cables,1.1467,104.94,synced,2025-12-05 23:35:22.321
R85485,0882658210730,,3835,Power Cables,1.1500,41.94,synced,2025-12-05 23:35:19.29
R85539,0037332144515,,3850,Power Distribution Units,1.1500,167.07,synced,2025-12-05 23:35:33.305
R85549,0037332143853,,38831,Computer Rack Hardware & Accessories,1.0868,1241.99,synced,2025-12-05 23:35:35.81
R85936,0882658210723,,ING-R85936,Network Cables,1.1471,114.77,synced,2025-12-05 23:43:35.057
R86862,0092636241339,,ING-R86862,Screen Privacy Filters,1.1500,43.71,synced,2025-12-05 23:44:23.565
R99709,0832938044357,,664,Network Cables,1.1500,108.77,synced,2025-12-05 23:35:24.306
R99710,0832938044364,,ING-R99710,Network Cables,1.1408,80.09,synced,2025-12-05 23:43:41.042
RA0459,0037332178473,,114868,Computer Cables,1.1500,8.57,synced,2025-12-05 23:43:40.045
RA0776,0805736045888,,80091,Projector Replacement Lamps,1.1282,262.49,synced,2025-12-05 23:44:22.549
RA1152,0706487013273,,ING-RA1152,Other Electronic Components & Accessories,1.1501,54.95,synced,2025-12-05 23:43:39.543
RA1668,0851718004251,,69570,Other Electronic Components & Accessories,1.0982,,synced,2025-12-05 23:35:22.806
RA1670,0851718004176,,ING-RA1670,Electronic Touchpads,1.1009,203.79,synced,2025-12-05 23:44:18.047
RA1674,0851718004220,,23115,Graphics Tablets,1.0987,362.44,synced,2025-12-05 23:35:32.802
RA1676,0851718004299,,ING-RA1676,Barcode Scanners,1.0938,506.30,synced,2025-12-05 23:43:37.057
RA1696,0037332177025,,ING-RA1696,Surge Suppressors,1.1501,37.23,synced,2025-12-05 23:35:32.303
RA1697,0037332177049,,67502,KVM Switches,1.0892,974.15,synced,2025-12-05 23:43:43.037
RA1906,0808447058321,,23110,Extension Cords,1.1503,9.67,synced,2025-12-05 23:43:40.547
RA1907,0808447058338,,9241,Extension Cords,1.1500,11.67,synced,2025-12-05 23:35:20.302
RA1908,0808447058345,,12887,Extension Cords,1.1500,25.01,synced,2025-12-05 23:43:37.543
RA1909,0808447058352,,9242,Extension Cords,1.1502,29.32,synced,2025-12-05 23:43:42.526
RA1910,0808447058369,,27758,Extension Cords,1.1500,30.17,synced,2025-12-05 23:43:38.543
RA1912,0808447048735,,12913,Computer Cables,1.1499,30.85,synced,2025-12-05 23:44:23.051
RA1915,0808447063226,,12888,Computer Cables,1.1501,31.13,synced,2025-12-05 23:35:31.787
RA1916,0808447063196,,9243,Computer Cables,1.1501,28.62,synced,2025-12-05 23:35:35.304
RA1917,0808447063202,,28006,Computer Cables,1.1502,24.14,synced,2025-12-05 23:35:23.307
RA1921,0808447024944,,12915,Network Cables,1.1501,27.26,synced,2025-12-05 23:43:36.526
RA1922,0808447024968,,12916,Network Cables,1.1499,17.67,synced,2025-12-05 23:44:19.556
RA1925,0808447025033,,115109,Network Cables,1.1500,45.99,synced,2025-12-05 23:35:34.305
RA1929,0808447025477,,48475,Network Cables,1.1501,40.82,synced,2025-12-05 23:35:17.301
RA1931,0808447025538,,64988,Network Cables,1.1500,56.22,synced,2025-12-05 23:35:36.318
RA1932,0808447025545,,12889,Network Cables,1.1499,51.99,synced,2025-12-05 23:44:19.059
RA1980,0808447067224,,ING-RA1980,Audio/Video Cables,1.1499,46.58,synced,2025-12-05 23:43:41.543
RA1993,0808447045635,,51591,Network Cables,1.1499,28.67,synced,2025-12-05 23:44:18.554
RA1994,0808447045642,,59878,Network Cables,1.1499,43.90,synced,2025-12-05 23:44:15.067
RA1996,0808447045666,,59024,Network Cables,1.1500,35.54,synced,2025-12-05 23:44:20.566
RA2003,0808447068672,,27731,Network Cables,1.1501,39.65,synced,2025-12-05 23:35:34.803
RA2005,0808447068696,,69215,Network Cables,1.1499,40.55,synced,2025-12-05 23:35:36.818
RA2819,0037332178930,,52135,Computer Racks & Mounts,1.1112,267.20,synced,2025-12-05 23:43:45.545
RA2828,0037332179692,,67961,Other Electronic Components & Accessories,1.1500,66.98,synced,2025-12-05 23:43:42.058
RA2830,0037332179678,,115203,Power Cables,1.1501,66.99,synced,2025-12-05 23:44:22.046
RA2877,0065030850735,,ING-RA2877,Audio/Video Cables,1.1500,17.60,synced,2025-12-05 23:43:33.544
RA2883,0065030850674,,ING-RA2883,Lighting Cables,1.1502,11.14,synced,2025-12-05 23:43:38.055
RA3004,0065030839051,,ING-RA3004,Network Cables,1.1500,22.17,synced,2025-12-05 23:35:21.312
RA3006,0065030839037,,23988,Network Cables,1.1499,19.60,synced,2025-12-05 23:44:20.069
RA3007,0065030839099,,ING-RA3007,Network Cables,1.1502,18.60,synced,2025-12-05 23:43:34.544
RA3011,0065030789257,,ING-RA3011,Network Cables,1.1499,40.36,synced,2025-12-05 23:35:20.804
RA3013,0065030838986,,23943,Network Cables,1.1500,13.54,synced,2025-12-05 23:44:21.565
RA3025,0065030839136,,ING-RA3025,Network Cables,1.1500,34.26,synced,2025-12-05 23:43:45.045
RA5035,0743172043085,,361595,Network Cards,1.0873,1282.26,synced,2025-12-05 23:44:21.073
RA7811,0065030850995,,ING-RA7811,Analog-to-Digital Converters,1.1501,14.95,synced,2025-12-05 23:44:24.55
RB0524,0882658521973,,1686,Network Cables,1.1149,177.60,synced,2025-12-05 23:51:58.814
RB2670,0065030849746,,12399,Network Cables,1.1502,29.37,synced,2025-12-05 23:44:25.072
RB2672,0065030846974,,ING-RB2672,Computer Cables,1.1500,65.29,synced,2025-12-05 23:35:23.806
RB2674,0065030847995,,ING-RB2674,Computer Cables,1.1501,54.40,synced,2025-12-05 23:44:24.048
RB3512,0065030850643,,ING-RB3512,Network Switch Modules,1.1500,46.99,synced,2025-12-05 23:43:44.539
RC2208,0037229004717,,9048,Computer Cables,1.1502,22.99,synced,2025-12-05 23:43:46.546
RC2223,0037229004137,,9049,Cable Connectors,1.1498,10.95,synced,2025-12-05 23:43:44.05
RC2894,0021299142868,,ING-RC2894,Headsets,1.1500,18.99,synced,2025-12-05 23:35:37.312
RC3224,0037229334012,,44948,Power Adapters,1.1504,16.72,synced,2025-12-05 23:44:25.589
RC9705,0710931140057,,ING-RC9705,Network Switches,1.1500,31.98,synced,2025-12-05 23:43:46.036
RD0379,0882658555015,,18634,Antennas,1.0800,873.54,synced,2025-12-05 23:41:56
RD5096,0673825421208,,73682,Hard Drives,1.1230,137.65,synced,2025-12-05 23:42:50.056
RD5136,0065030849821,,ING-RD5136,Computer Cables,1.1501,16.75,synced,2025-12-05 23:41:28.498
RD9166,0757120293002,,ING-RD9166,Surge Suppressors,1.1501,14.78,synced,2025-12-05 23:41:57.008
RF0453,0843173153698,,ING-RF0453,Computer Monitors,1.0600,576.39,synced,2025-12-05 23:42:48.032
RF3706,0092636369644,,ING-RF3706,Electronics Film Protectors,1.1500,52.26,synced,2025-12-05 23:41:56.506
RF6917,0850041503738,,ING-RF6917,Automotive Seats,1.1200,252.94,synced,2025-12-05 23:41:29.455
RF6918,0850041503714,,ING-RF6918,Automotive Seats,1.1200,271.97,synced,2025-12-05 23:42:49.035
RF7011,0633886017413,,ING-RF7011,"Tablet Holders, Carriers & Cases",1.1500,42.12,synced,2025-12-05 23:34:54.333
RF8366,0841567005400,,ING-RF8366,Computer Cables,1.1501,28.78,synced,2025-12-05 23:41:58.508
RF8500,0757120008927,,145320,Network Cables,1.1498,24.61,synced,2025-12-05 23:41:30.957
RF9296,0840006676898,,ING-RF9296,Computer Power Supplies,1.1294,114.99,synced,2025-12-05 23:41:29.958
RG0013,0784090031808,,ING-RG0013,Computer Video Cards,1.1135,204.11,synced,2025-12-05 23:41:59.967
RG0014,0784090031815,,57456,RAM Memory,1.1427,124.18,synced,2025-12-05 23:41:57.495
RG0321,0784090028587,,1514,RAM Memory,1.1499,29.55,synced,2025-12-05 23:41:28.955
RG4517,0757120291312,,39829,Audio/Video Cables,1.1499,31.05,synced,2025-12-05 23:41:58.025
RG5421,0757120432906,,42586,Other Electronic Components & Accessories,1.1501,,synced,2025-12-05 23:41:59.468
RG5851,0757120103387,,129475,Computer Cables,1.1503,18.50,synced,2025-12-05 23:41:58.969
RG6509,0722868487228,,ING-RG6509,Surge Suppressors,1.1501,38.64,synced,2025-12-05 23:42:02.963
RG6676,0615104053601,,28486,Headsets,1.1372,37.54,synced,2025-12-05 23:41:31.459
RG7777,0037229227055,,38377,Computer Cables,1.1503,15.87,synced,2025-12-05 23:42:01.97
RG7906,0722868686102,,ING-RG7906,Network Cables,1.1498,14.15,synced,2025-12-05 23:42:00.965
RG7921,0845973021146,,ING-RG7921,Network Switches,1.1501,24.99,synced,2025-12-05 23:41:30.454
RG7922,0845973021153,,ING-RG7922,Network Switches,1.1500,29.97,synced,2025-12-05 23:42:52.033
RG8107,0760557824893,,166813,Flash Drives,1.1497,12.98,synced,2025-12-05 23:42:01.464
RG8429,0873791007189,,29754,Wire & Cable Organizers,1.1505,11.63,synced,2025-12-05 23:34:47.295
RG8493,0873791007455,,55655,Cable Connectors,1.1502,28.69,synced,2025-12-05 23:34:54.854
RG8510,0873791007233,,21694,Network Adapters,1.1500,27.98,synced,2025-12-05 23:42:50.519
RG8513,0873791007127,,ING-RG8513,Cell Phone Tool Kits,1.1503,4.99,synced,2025-12-05 23:42:49.533
RH3587,0043859661329,,ING-RH3587,Mouse Pads,1.1502,27.17,synced,2025-12-05 23:42:00.464
RH3588,0043859661336,,78247,Wrist Rests,1.1498,32.41,synced,2025-12-05 23:42:02.466
RH7219,0065030850513,,ING-RH7219,Computer Cables,1.1499,6.61,synced,2025-12-05 23:41:31.954
RH8575,0743172043009,,ING-RH8575,Uninterruptible Power Supplies,1.0895,749.95,synced,2025-12-05 23:42:05.519
RH8577,0743172043023,,131773,Uninterruptible Power Supplies,1.0903,860.43,synced,2025-12-05 23:42:08.51
RH8581,0743172043061,,ING-RH8581,Uninterruptible Power Supplies,1.0864,1120.12,synced,2025-12-05 23:42:07.028
RH9787,0821455054482,,ING-RH9787,Computer Cables,1.1499,12.95,synced,2025-12-05 23:42:07.524
RH9788,0821455054499,,ING-RH9788,Computer Cables,1.1498,18.93,synced,2025-12-05 23:42:51.545
RH9791,0821455054529,,ING-RH9791,Computer Cables,1.1501,28.90,synced,2025-12-05 23:34:55.806
RH9792,0821455054536,,ING-RH9792,Computer Cables,1.1498,31.63,synced,2025-12-05 23:42:04.489
RH9795,0821455054567,,ING-RH9795,Audio/Video Cables,1.1502,15.62,synced,2025-12-05 23:42:06.006
RH9797,0821455054581,,ING-RH9797,Computer Cables,1.1500,20.74,synced,2025-12-05 23:41:33.506
RH9799,0821455054604,,ING-RH9799,Computer Cables,1.1503,12.99,synced,2025-12-05 23:41:32.484
RH9802,0821455054635,,6652,Computer Cables,1.1502,18.93,synced,2025-12-05 23:42:09.021
RH9807,0821455054680,,3753,Computer Cables,1.1501,20.22,synced,2025-12-05 23:41:32.978
RJ0165,0757120502388,,6656,Computer Cables,1.1501,27.88,synced,2025-12-05 23:42:05.01
RJ0205,0757120502104,,42709,Audio/Video Cables,1.1502,22.30,synced,2025-12-05 23:42:52.548
RJ2427,0757120425168,,ING-RJ2427,Computer Cables,1.1497,9.00,synced,2025-12-05 23:42:03.964
RJ3256,0757120502180,,6665,Audio/Video Cables,1.1501,62.47,synced,2025-12-05 23:42:03.466
RJ3687,0757120425175,,134,Audio/Video Cables,1.1502,27.76,synced,2025-12-05 23:42:06.493
RJ5889,0698833040043,,ING-RJ5889,Desks,1.1500,765.00,synced,2025-12-05 23:34:55.296
RL7405,0065030849852,,ING-RL7405,Computer Cables,1.1499,46.72,synced,2025-12-05 23:42:14.01
RL7406,0065030849869,,ING-RL7406,Computer Cables,1.1500,52.74,synced,2025-12-05 23:34:47.826
RL7413,0065030850810,,46812,Network Adapters,1.1500,27.45,synced,2025-12-05 23:42:10.511
RM2844,0672792003691,,718965,Cable Splitters,1.1055,205.93,synced,2025-12-05 23:42:13.51
RM3073,0065030850834,,ING-RM3073,Computer Cables,1.1500,42.67,synced,2025-12-05 23:42:14.506
RM4407,0757120502159,,26596,Computer Cables,1.1501,39.18,synced,2025-12-05 23:34:58.291
RM4408,0757120502111,,28434,Computer Cables,1.1498,22.46,synced,2025-12-05 23:41:34.504
RM4659,0731304282686,,ING-RM4659,Device-Specific Electronics Batteries,1.0969,347.69,synced,2025-12-05 23:42:09.509
RP5267,0731304294399,,16892,Power Cables,1.1193,231.32,synced,2025-12-05 23:42:12.032
RP5530,0822088075301,,705986,Cable Connectors,1.1500,101.99,synced,2025-12-05 23:42:10.044
RP5549,0822088075356,,705987,Cable Connectors,1.1500,100.56,synced,2025-12-05 23:42:08.001
RP5550,0822088009573,,719104,Cable Connectors,1.1500,19.22,synced,2025-12-05 23:34:57.303
RP5552,0822088009580,,719305,Cable Connectors,1.1499,33.20,synced,2025-12-05 23:42:15.014
RP5561,0822088066057,,718371,Network Cables,1.1499,,synced,2025-12-05 23:34:49.834
RP5565,0822088068549,,719306,Network Cables,1.1499,47.05,synced,2025-12-05 23:42:16.524
RP5587,0822088050476,,714065,Network Cables,1.1502,9.77,synced,2025-12-05 23:41:33.988
RP5595,0822088076810,,274302,Network Cables,1.1503,17.90,synced,2025-12-05 23:42:51.048
RP5615,0822088008170,,362003,Network Cables,1.1503,19.95,synced,2025-12-05 23:41:36.487
RP5700,0822088074076,,718376,Network Cables,1.1500,41.74,synced,2025-12-05 23:42:11.012
RP5724,0822088008576,,284801,Network Cables,1.1498,12.61,synced,2025-12-05 23:42:13.036
RP5728,0822088008590,,503926,Network Cables,1.1495,11.67,synced,2025-12-05 23:42:16.023
RP5748,0822088008699,,719492,Network Cables,1.1495,7.58,synced,2025-12-05 23:34:56.813
RP5760,0822088050087,,53434,Network Cables,1.1499,9.58,synced,2025-12-05 23:42:15.508
RP5776,0822088050261,,362198,Network Cables,1.1502,12.61,synced,2025-12-05 23:34:50.31
RP5784,0822088050506,,362222,Network Cables,1.1502,9.39,synced,2025-12-05 23:41:36.983
RP5792,0822088008866,,718380,Network Cables,1.1500,,synced,2025-12-05 23:41:35.51
RP5819,0822088050407,,367770,Network Cables,1.1496,20.03,synced,2025-12-05 23:42:12.519
RP5835,0822088050469,,134071,Network Cables,1.1502,10.52,synced,2025-12-05 23:34:58.77
RP5899,0822088076643,,705971,Network Cables,1.1502,19.95,synced,2025-12-05 23:34:57.804
RP5929,0822088066309,,719311,Network Cables,1.1500,93.06,synced,2025-12-05 23:41:35.996
RP5943,0822088050896,,50564,Network Cables,1.1495,6.00,synced,2025-12-05 23:34:56.328
RP5959,0822088050773,,115524,Network Cables,1.1501,19.83,synced,2025-12-05 23:41:38.987
RP5963,0822088009771,,530258,Network Cables,1.1498,12.87,synced,2025-12-05 23:41:34.998
RP5967,0822088009788,,504164,Network Cables,1.1498,10.86,synced,2025-12-05 23:42:11.506
RP6012,0822088010005,,719049,Network Cables,1.1500,71.53,synced,2025-12-05 23:34:59.769
RP6034,0822088075585,,719050,Switch & Outlet Plates,1.1499,14.12,synced,2025-12-05 23:34:51.312
RP6054,0822088075608,,714062,Network Cables,1.1499,,synced,2025-12-05 23:42:17.498
RP6069,0822088010265,,719048,Network Cables,1.1499,82.60,synced,2025-12-05 23:41:38.479
RP6093,0822088074441,,152737,Network Cables,1.1497,14.33,synced,2025-12-05 23:42:21.514
RP6105,0822088010401,,347282,Network Cables,1.1497,15.33,synced,2025-12-05 23:34:59.271
RP6117,0822088010463,,285941,Network Cables,1.1497,20.99,synced,2025-12-05 23:41:40.508
RP6141,0822088050926,,150232,Network Cables,1.1499,10.74,synced,2025-12-05 23:41:37.487
RP6153,0822088050988,,415148,Network Cables,1.1499,14.99,synced,2025-12-05 23:42:53.524
RP6160,0822088067207,,719459,Network Cables,1.1499,30.58,synced,2025-12-05 23:42:54.539
RP6169,0822088010647,,40620,Network Cables,1.1499,,synced,2025-12-05 23:42:53.053
RP6211,0822088050704,,51726,Network Cables,1.1497,16.13,synced,2025-12-05 23:42:21.025
RP6239,0822088123354,,413972,Network Cables,1.1498,15.14,synced,2025-12-05 23:41:39.492
RP6255,0822088010944,,719460,Network Cables,1.1502,11.21,synced,2025-12-05 23:42:19.505
RP6267,0822088066477,,53885,Network Cables,1.1500,15.81,synced,2025-12-05 23:41:39.999
RP6279,0822088011088,,ING-RP6279,Network Cables,1.1498,19.99,synced,2025-12-05 23:42:19.011
RP6283,0822088011118,,705972,Network Cables,1.1499,20.70,synced,2025-12-05 23:42:20.519
RP6291,0822088011149,,261924,Patch Cables,1.1499,20.57,synced,2025-12-05 23:42:17.004
RP6295,0822088011163,,715399,Network Cables,1.1499,19.79,synced,2025-12-05 23:42:18.499
RP6336,0822088081821,,650892,Network Cables,1.1500,16.09,synced,2025-12-05 23:42:54.018
RP6341,0822088072317,,650893,Network Cables,1.1500,17.73,synced,2025-12-05 23:34:50.805
RP6346,0822088081876,,533262,Network Cables,1.1499,15.80,synced,2025-12-05 23:42:20.025
RP6357,0822088081937,,462208,Network Cables,1.1501,22.91,synced,2025-12-05 23:42:22.025
RP6366,0822088070290,,706060,Network Cables,1.1499,27.04,synced,2025-12-05 23:34:49.304
RP6389,0822088057680,,641779,Audio/Video Cables,1.1499,37.42,synced,2025-12-05 23:41:40.998
RP6396,0822088058960,,668796,Computer Cables,1.1499,37.66,synced,2025-12-05 23:34:48.338
RP6472,0822088058083,,714243,Audio/Video Cables,1.1498,15.96,synced,2025-12-05 23:34:48.797
RP6473,0822088058090,,288334,Audio/Video Cables,1.1500,25.01,synced,2025-12-05 23:41:37.979
RP6653,0822088062462,,530264,Cable Splitters,1.1077,294.22,synced,2025-12-05 23:42:18.015
RR4991,0821455057841,,16955,Network Cables,1.1500,74.48,synced,2025-12-05 23:42:22.511
RS5664,0840046051556,,ING-RS5664,Computer Monitors,1.0600,99.99,synced,2025-12-06 00:07:30.396
RS5666,0840046051563,,ING-RS5666,Computer Monitors,1.0600,148.15,synced,2025-12-05 23:42:23.052
RS8400,0191999684736,,ING-RS8400,Electronics Carrying Cases,1.1501,25.37,synced,2025-12-06 00:07:59.914
RS8916,0662774046372,,ING-RS8916,Audio/Video Cables,1.1501,53.01,synced,2025-12-05 23:41:42.994
RS8919,0840283918216,,ING-RS8919,"Tablet Holders, Carriers & Cases",1.1499,43.82,synced,2025-12-05 23:41:44.011
RS8920,0196388445202,,ING-RS8920,Laptop Computers,1.0600,1534.99,synced,2025-12-05 23:52:00.825
RS8925,0196388444366,,ING-RS8925,Tablet Computers,1.0600,2177.60,synced,2025-12-05 23:42:27.504
RS8926,0196388546466,,ING-RS8926,Laptop Computers,1.0600,2730.75,synced,2025-12-06 00:07:30.897
RS8927,0196388445523,,ING-RS8927,Tablet Computers,1.0600,1951.30,synced,2025-12-05 23:35:00.275
RS8929,0196388452316,,ING-RS8929,Tablet Computers,1.0600,1749.99,synced,2025-12-05 23:42:27.009
RS8939,0196388452330,,ING-RS8939,Tablet Computers,1.0600,1961.56,synced,2025-12-05 23:41:43.515
RS8944,0196388444205,,ING-RS8944,Tablet Computers,1.0600,2099.74,synced,2025-12-05 23:41:41.505
RS8949,0196388546398,,ING-RS8949,Laptop Computers,1.0600,1709.99,synced,2025-12-05 23:42:23.505
RS8950,0196388546428,,ING-RS8950,Laptop Computers,1.0600,2210.24,synced,2025-12-05 23:42:25.528
RS8951,0196388546138,,ING-RS8951,Laptop Computers,1.0600,1639.99,synced,2025-12-05 23:42:26.027
RS8952,0196388546343,,ING-RS8952,Laptop Computers,1.0600,1607.69,synced,2025-12-05 23:41:42.513
RS8955,0196388442874,,ING-RS8955,Laptop Docking Stations,1.1216,171.74,synced,2025-12-05 23:42:26.519
RS8956,0196388546220,,ING-RS8956,Laptop Computers,1.0600,1799.99,synced,2025-12-05 23:42:55.548
RS8957,0196388546244,,ING-RS8957,Laptop Computers,1.0600,2099.00,synced,2025-12-05 23:42:28.013
RS8960,0196388446162,,ING-RS8960,Tablet Computers,1.0600,1799.74,synced,2025-12-05 23:42:24.511
RS8962,0196388546367,,ING-RS8962,Laptop Computers,1.0600,1919.99,synced,2025-12-06 00:07:35.917
RS8964,0196388546251,,ING-RS8964,Laptop Computers,1.0600,1734.99,synced,2025-12-05 23:41:42
RS8969,0196388445363,,ING-RS8969,Tablet Computers,1.0600,1749.74,synced,2025-12-05 23:42:55.059
RS8970,0196388546329,,ING-RS8970,Laptop Computers,1.0600,1734.99,synced,2025-12-05 23:41:44.494
RS8978,0196388445844,,ING-RS8978,Tablet Computers,1.0600,1749.74,synced,2025-12-05 23:42:24.015
RS8991,0196388477609,,ING-RS8991,Laptop Computers,1.0600,2367.73,synced,2025-12-05 23:42:25.027
RT3224,0743172043542,,ING-RT3224,Uninterruptible Power Supplies,1.1184,183.99,synced,2025-12-05 23:42:28.984
RT3226,0743172043566,,ING-RT3226,Uninterruptible Power Supplies,1.1055,272.06,synced,2025-12-05 23:42:28.507
RT4583,0807648024135,,77191,Computer Rack Hardware & Accessories,1.1261,134.99,synced,2025-12-05 23:42:29.482
RT6473,0734646498197,,ING-RT6473,Printer Maintenance Kits,1.1500,248.47,synced,2025-12-05 23:41:46.507
RT7914,0010343902015,,ING-RT7914,Printers & All-in-Ones,1.1500,228.79,synced,2025-12-05 23:41:48.979
RT7915,0010343902053,,ING-RT7915,Printer Ribbons,1.1498,15.00,synced,2025-12-05 23:42:56.03
RT8189,0757120502166,,26493,Audio/Video Cables,1.1500,44.63,synced,2025-12-05 23:41:47.494
RT8190,0757120502197,,38989,Computer Cables,1.1499,49.49,synced,2025-12-05 23:42:33.507
RT8195,0757120502296,,7201,Audio/Video Cables,1.1500,51.82,synced,2025-12-05 23:34:51.811
RU8367,0743172045195,,ING-RU8367,Computer Rack Hardware & Accessories,1.1426,115.67,synced,2025-12-05 23:42:32.994
RV0690,0065030850681,,ING-RV0690,Lighting Cables,1.1499,15.92,synced,2025-12-05 23:42:32.491
RV5783,0783750005999,,ING-RV5783,Computer Keyboards,1.1501,19.30,synced,2025-12-05 23:35:00.766
RV5792,0784090031945,,173699,RAM Memory,1.1499,25.07,synced,2025-12-05 23:41:49.51
RV5815,0784090032058,,13517,Computer Cables,1.1501,29.29,synced,2025-12-05 23:42:30.989
RV6965,0065030850933,,7214,Computer Cables,1.1501,37.63,synced,2025-12-05 23:42:29.983
RV7015,0835788108262,,56181,Cable Connectors,1.1500,89.23,synced,2025-12-05 23:41:45.007
RV7027,0835788108552,,61792,Cable Connectors,1.1500,80.17,synced,2025-12-05 23:42:30.483
RV7816,0065030850940,,ING-RV7816,USB Hubs,1.1499,19.99,synced,2025-12-05 23:41:46.99
RV7817,0065030850957,,ING-RV7817,USB Hubs,1.1499,32.99,synced,2025-12-05 23:42:31.987
RV8793,0023942983194,,ING-RV8793,Optical Recording Media,1.1486,68.71,synced,2025-12-05 23:42:31.486
RW2205,0065030850872,,ING-RW2205,Computer Cables,1.1501,11.73,synced,2025-12-05 23:42:34.011
RW2206,0065030851121,,ING-RW2206,Memory Card Readers,1.1499,23.78,synced,2025-12-05 23:41:45.503
RW6947,0882658340925,,55686,Network Switch Modules,1.0824,2966.41,synced,2025-12-05 23:34:52.334
RW6973,0698833039566,,ING-RW6973,TV & Monitor Mounts,1.1385,131.00,synced,2025-12-05 23:41:45.994
RW9282,0757120137870,,38651,Audio/Video Cables,1.1501,5.99,synced,2025-12-05 23:41:49.992
RW9997,0760557823483,,ING-RW9997,Memory Card Readers,1.1499,21.73,synced,2025-12-05 23:42:35.53
RX0082,0757120425236,,26608,Computer Cables,1.1499,21.01,synced,2025-12-05 23:42:35.019
RY9655,0832938064218,,ING-RY9655,Power Cables,1.1499,95.00,synced,2025-12-05 23:41:48.495
RY9678,0832938063617,,430689,Computer Cooling,1.1044,,synced,2025-12-05 23:41:47.987
RY9683,0832938064614,,20601,Computer Power Supplies,1.1040,291.04,synced,2025-12-05 23:34:52.816
RY9695,0832938064645,,ING-RY9695,Network Cables,1.1259,41.63,synced,2025-12-05 23:42:37.515
RZ0421,0065030851626,,4374,Hard Drives,1.1501,31.60,synced,2025-12-05 23:42:36.014
RZ0441,0037332178398,,4379,Signal Repeaters,1.1278,37.75,synced,2025-12-05 23:42:36.507
RZ0827,0065030851596,,ING-RZ0827,Network Cables,1.1207,171.68,synced,2025-12-05 23:42:37.028
RZ0829,0065030851824,,13935,Computer Cables,1.1500,18.91,synced,2025-12-05 23:41:50.495
RZ0830,0065030851497,,13936,Computer Cables,1.1499,27.31,synced,2025-12-05 23:34:53.3
RZ0884,0881317511355,,4402,Computer Cables,1.1498,14.99,synced,2025-12-05 23:35:01.271
RZ1209,0065030851138,,ING-RZ1209,Cable Connectors,1.1500,34.04,synced,2025-12-05 23:41:51.014
RZ1211,0065030851510,,13963,Computer Cables,1.1500,27.28,synced,2025-12-05 23:42:34.515
RZ1212,0065030849876,,21697,Computer Cables,1.1500,43.88,synced,2025-12-05 23:42:38.016
RZ3115,0065030852258,,ING-RZ3115,Computer Replacement Parts,1.1499,20.99,synced,2025-12-05 23:42:42.53
RZ3120,0065030851213,,ING-RZ3120,Computer Cables,1.1502,16.87,synced,2025-12-05 23:42:39.507
RZ3411,0051135809105,,ING-RZ3411,Keyboard Drawers & Platforms,1.1500,146.55,synced,2025-12-05 23:42:41.532
RZ3536,0065030851954,,24553,Network Cables,1.1501,31.40,synced,2025-12-05 23:35:01.77
RZ3748,0092636292805,,ING-RZ3748,Screen Privacy Filters,1.1500,85.01,synced,2025-12-05 23:42:40.031
RZ4057,0065030852395,,ING-RZ4057,Computer Cables,1.1499,36.98,synced,2025-12-05 23:42:41.047
RZ4160,0672792004261,,52031,KVM Switches,1.0991,176.11,synced,2025-12-05 23:42:39.029
RZ4403,0065030852296,,ING-RZ4403,Sound Cards,1.1499,33.99,synced,2025-12-05 23:41:52.008
RZ4940,0708326913867,,274406,Hard Drives,1.1039,263.07,synced,2025-12-05 23:41:51.516
RZ4953,0065030851534,,ING-RZ4953,Computer Cables,1.1501,17.99,synced,2025-12-05 23:42:38.523
RZ4954,0065030851299,,ING-RZ4954,Laptop Docking Stations,1.1500,95.54,synced,2025-12-05 23:42:42.038
RZ4957,0065030850889,,ING-RZ4957,Computer Cables,1.1500,15.99,synced,2025-12-05 23:41:52.485
RZ4958,0065030850896,,ING-RZ4958,Computer Cables,1.1499,20.17,synced,2025-12-05 23:35:02.269
S10801,0783750013826,,ING-S10801,Computer Mice,1.1500,13.99,synced,2025-12-05 23:52:26.372
S11318,0840030702495,,ING-S11318,Network Switches,1.1092,239.99,synced,2025-12-05 23:42:56.533
S11320,0810142820417,,ING-S11320,Network Switches,1.0874,1084.65,synced,2025-12-05 23:42:43.532
S11326,0810142821711,,ING-S11326,Wireless Access Points,1.1500,89.99,synced,2025-12-05 23:41:53
S11456,0783750013802,,ING-S11456,Computer Mice,1.1500,13.49,synced,2025-12-05 23:42:43.051
S11987,0810069811505,,ING-S11987,Computer Monitors,1.0600,730.85,synced,2025-12-05 23:42:44.032
S13794,0197105788176,,ING-S13794,Desktop Computers,1.0600,218.11,synced,2025-12-05 23:42:44.525
S14671,0037332292216,,ING-S14671,Network Cables,1.1391,142.76,synced,2025-12-05 23:34:53.795
S14694,0037332292261,,ING-S14694,Network Cables,1.1149,223.23,synced,2025-12-05 23:41:53.493
S14698,0037332288783,,ING-S14698,Surge Suppressors,1.1499,30.99,synced,2025-12-05 23:42:45.55
S14715,0037332292230,,ING-S14715,Network Cables,1.1301,152.58,synced,2025-12-05 23:42:45.039
S15193,0198155566592,,ING-S15193,Laptop Computers,1.0600,920.75,synced,2025-12-05 23:42:46.016
S15194,0198155618642,,ING-S15194,Laptop Computers,1.0600,889.00,synced,2025-12-05 23:41:54.509
S15195,0198155566653,,ING-S15195,Laptop Computers,1.0600,814.40,synced,2025-12-05 23:41:53.992
S15199,0195892102892,,ING-S15199,Device-Specific Electronics Chargers,1.1501,62.13,synced,2025-12-05 23:42:57.019
S15200,0198155566646,,ING-S15200,Laptop Computers,1.0600,785.75,synced,2025-12-05 23:42:47.019
S15446,0718037893662,,ING-S15446,Hard Drives,1.1500,59.99,synced,2025-12-05 23:42:46.53
S16294,0198122920563,,ING-S16294,Computer Monitors,1.0600,429.00,synced,2025-12-05 23:41:55.505
S16314,0195042180046,,ING-S16314,Power Adapters,1.1500,106.39,synced,2025-12-05 23:42:47.514
S17391,0745883891696,,ING-S17391,Headsets,1.1499,30.99,synced,2025-12-06 00:07:55.931
S17392,0745883901890,,ING-S17392,Electronics Film Protectors,1.1500,44.99,synced,2025-12-05 23:42:48.519
S19085,0195892109778,,ING-S19085,Stylus Pens,1.1501,63.29,synced,2025-12-05 23:41:54.986
S19460,0198153419876,,ING-S19460,Computer Monitors,1.0600,262.40,synced,2025-12-05 23:41:01.941
S30374,0850038769703,,ING-S30374,Electronics Film Protectors,1.1501,40.93,synced,2025-12-05 23:41:14
S35039,0195112131091,,ING-S35039,Network Switch Modules,1.0838,2225.87,synced,2025-12-05 23:41:14.496
S35150,0196786294549,,ING-12AN21,Computer Monitors,1.0600,481.09,synced,2025-12-05 23:41:15.507
S35388,0065030910606,,ING-S35388,Audio/Video Cables,1.1499,27.82,synced,2025-12-05 23:41:14.997
S35389,0065030910613,,ING-S35389,Audio/Video Cables,1.1499,17.44,synced,2025-12-05 23:41:15.997
S35390,0065030904742,,ING-S35390,Network Adapters,1.1500,29.00,synced,2025-12-05 23:41:02.441
S35392,0065030910576,,ING-S35392,Audio/Video Cables,1.1501,26.26,synced,2025-12-05 23:51:05.055
S36183,0886734897877,,ING-S36183,Device-Specific Electronics Batteries,1.1500,95.41,synced,2025-12-05 23:41:02.943
S36950,0606449166422,,ING-S36950,Network Routers,1.0965,424.21,synced,2025-12-05 23:41:16.993
S36970,4064035130787,,ING-S36970,Headsets,1.1018,320.99,synced,2025-12-05 23:41:16.478
S38488,0740617347326,,ING-S38488,Hard Drives,1.0999,428.81,synced,2025-12-05 23:41:17.496
S41783,0195875010145,,ING-8WA685,Wireless Access Points,1.1001,267.77,synced,2025-12-05 23:41:17.998
S41785,0195875215014,,ING-06JZ26,Wireless Access Points,1.0879,891.94,synced,2025-12-05 23:41:18.488
S42058,0606449170351,,ING-S42058,Wireless Access Points,1.1500,93.63,synced,2025-12-05 23:41:18.997
S42241,0766907029598,,ING-S42241,Computer Monitors,1.0600,122.48,synced,2025-12-06 00:07:37.422
S43082,0810084694428,,ING-S43082,Camera & Camcorder Mounts,1.1499,47.96,synced,2025-12-05 23:41:19.531
S44597,0198990112985,,ING-S44597,Laptop Computers,1.0600,2309.99,synced,2025-12-05 23:41:20.49
S44600,0198990118109,,ING-S44600,Laptop Computers,1.0600,1767.42,synced,2025-12-05 23:41:03.947
S44657,0065030902588,,ING-S44657,Surge Suppressors,1.1239,137.69,synced,2025-12-05 23:41:20
S44659,0065030902571,,ING-S44659,Surge Suppressors,1.1286,123.24,synced,2025-12-05 23:41:03.446
S45036,0757120040477,,136768,Network Cables,1.1504,,synced,2025-12-05 23:41:04.444
S45113,0195892107798,,ING-S45113,Network Cards,1.1062,275.53,synced,2025-12-05 23:41:21.991
S45154,0078477877586,,ING-S45154,Vehicle Charging Stations,1.1200,683.49,synced,2025-12-05 23:41:21.511
S45963,0198990094540,,ING-S45966,Laptop Computers,1.0600,305.74,synced,2025-12-05 23:41:20.989
S45965,0198990094243,,ING-S45965,Laptop Computers,1.0600,254.59,synced,2025-12-05 23:41:22.491
S46230,0765010783526,,ING-S46230,Computer Scanners,1.1500,108.93,synced,2025-12-05 23:41:04.967
S61475,0840390329646,,ING-S61475,"Tablet Holders, Carriers & Cases",1.1407,99.99,synced,2025-12-05 23:41:05.464
S61890,0065030915601,,ING-S61890,Network Cables,1.1501,50.99,synced,2025-12-05 23:41:22.981
S61892,0065030915212,,ING-S61892,Network Cables,1.1501,50.99,synced,2025-12-05 23:41:23.995
S61894,0065030914451,,ING-S61894,Network Cables,1.1500,46.31,synced,2025-12-05 23:34:46.83
S61896,0065030914857,,ING-S61896,Network Cables,1.1501,,synced,2025-12-05 23:41:11.473
S61897,0065030914086,,ING-S61897,Network Cables,1.1500,30.23,synced,2025-12-05 23:41:26.483
S61900,0065030913829,,ING-S61900,Network Cables,1.1499,23.52,synced,2025-12-05 23:41:11.962
S61901,0065030915632,,ING-S61901,Network Cables,1.1501,50.99,synced,2025-12-05 23:41:08.465
S61903,0065030896375,,ING-S61903,Network Cables,1.1499,23.43,synced,2025-12-05 23:41:12.961
S61904,0065030896368,,ING-S61904,Network Cables,1.1499,23.43,synced,2025-12-05 23:41:06.482
S61907,0065030913911,,ING-S61907,Network Cables,1.1501,26.60,synced,2025-12-05 23:41:05.965
S61908,0065030915649,,ING-S61908,Network Cables,1.1501,50.99,synced,2025-12-05 23:41:23.487
S61910,0065030914840,,ING-S61910,Network Cables,1.1500,49.35,synced,2025-12-05 23:41:12.474
S61911,0065030913782,,ING-S61911,Network Cables,1.1499,23.52,synced,2025-12-05 23:41:07.463
S61912,0065030913942,,ING-S61912,Network Cables,1.1499,26.60,synced,2025-12-05 23:41:24.49
S61914,0065030915625,,ING-S61914,Network Cables,1.1501,50.99,synced,2025-12-05 23:41:25.998
S61916,0065030913805,,ING-S61916,Network Cables,1.1501,23.38,synced,2025-12-05 23:41:27.465
S61919,0065030913959,,ING-S61919,Network Cables,1.1500,22.80,synced,2025-12-05 23:41:09.477
S61920,0065030915687,,ING-S61920,Network Cables,1.1501,50.99,synced,2025-12-05 23:41:24.986
S61921,0065030913881,,ING-S61921,Network Cables,1.1500,23.43,synced,2025-12-05 23:41:25.496
S61922,0065030914833,,ING-S61922,Network Cables,1.1500,49.35,synced,2025-12-05 23:41:26.987
S61924,0065030914116,,ING-S61924,Network Cables,1.1502,30.23,synced,2025-12-05 23:34:46.298
S61926,0065030915700,,ING-S61926,Network Cables,1.1501,50.99,synced,2025-12-05 23:41:07.981
S61927,0065030896900,,ING-S61927,Network Cables,1.1498,23.43,synced,2025-12-05 23:41:06.965
S61929,0065030914796,,ING-S61929,Network Cables,1.1501,51.24,synced,2025-12-05 23:41:08.983
S61931,0065030913836,,ING-S61931,Network Cables,1.1499,23.43,synced,2025-12-05 23:41:09.986
S61932,0065030915618,,ING-S61932,Network Cables,1.1501,50.99,synced,2025-12-05 23:41:10.472
S62095,0198155811180,,ING-S62095,Laptop Computers,1.0600,862.94,synced,2025-12-05 23:41:10.972
S62737,0886734897839,,ING-S62737,Device-Specific Electronics Batteries,1.1500,69.99,synced,2025-12-05 23:51:26.318
S62874,0690592058536,,ING-S62874,Computer Monitors,1.0600,1277.61,synced,2025-12-05 23:34:45.816
S63530,0810084696965,,ING-S63530,Surveillance Cameras,1.0800,,synced,2025-12-05 23:41:13.468
S63659,0832938105010,,ING-S63659,Network Switches,1.0863,1297.96,synced,2025-12-05 23:41:27.971
S66015,0886734898669,,ING-S66015,Device-Specific Electronics Chargers,1.1500,58.85,synced,2025-12-05 23:40:35.971
S66022,0085896753032,,ING-S66022,Computer Mice,1.1499,39.13,synced,2025-12-05 23:40:49.983
S69888,0886734898690,,ING-S69888,Device-Specific Electronics Chargers,1.1499,55.01,synced,2025-12-05 23:40:50.966
S69889,0886734898706,,ING-S69889,Device-Specific Electronics Chargers,1.1500,69.44,synced,2025-12-05 23:40:52.984
S69890,0886734898683,,ING-S69890,Device-Specific Electronics Chargers,1.1500,86.82,synced,2025-12-05 23:40:51.481
S69973,0195133267434,,ING-S69973,Computer Monitors,1.0600,123.01,synced,2025-12-05 23:40:50.472
S81269,0765010783830,,ING-S81269,Computer Scanners,1.1262,166.05,synced,2025-12-05 23:51:25.822
S81270,0765010783557,,ING-S81270,Computer Scanners,1.1063,280.07,synced,2025-12-05 23:40:52
S81277,0886734891646,,ING-S81277,Power Adapters,1.1416,128.44,synced,2025-12-05 23:40:52.495
S83463,0824142376829,,ING-S83463,Computer Mice,1.1499,54.99,synced,2025-12-05 23:40:53.977
S83643,0706487026426,,ING-S83643,Headsets,1.1024,311.99,synced,2025-12-05 23:40:53.492
S83646,0706487026440,,ING-S83646,Electronics Docks & Cradles,1.1053,326.64,synced,2025-12-05 23:40:36.473
S84813,0198155937286,,ING-S84813,Laptop Computers,1.0600,1377.00,synced,2025-12-05 23:40:38.467
S84814,0198155937347,,ING-S84814,Laptop Computers,1.0600,1140.54,synced,2025-12-05 23:40:54.484
S84815,0198156190260,,ING-S84815,Laptop Computers,1.0600,2164.88,synced,2025-12-05 23:40:37.459
S84817,0198155937309,,ING-S84817,Laptop Computers,1.0600,1911.29,synced,2025-12-05 23:40:36.979
S84818,0198155937316,,ING-S84818,Laptop Computers,1.0600,2311.61,synced,2025-12-05 23:40:38.981
S84820,0198155937323,,ING-S84820,Laptop Computers,1.0600,1292.26,synced,2025-12-06 00:08:02.918
S84822,0198156190253,,ING-S84822,Laptop Computers,1.0600,1545.78,synced,2025-12-05 23:40:37.966
S85761,0887993006192,,ING-S85761,Desktop Computers,1.0600,804.14,synced,2025-12-05 23:40:39.464
S87478,0662774046488,,ING-S87478,Network Adapters,1.1308,144.74,synced,2025-12-05 23:34:43.805
S87530,0065030912181,,ING-S87530,Screen Privacy Filters,1.1501,36.30,synced,2025-12-05 23:40:40.964
S87532,0065030911801,,ING-S87532,Computer Cables,1.1500,60.55,synced,2025-12-05 23:40:39.96
S87533,0065030912174,,ING-S87533,Screen Privacy Filters,1.1500,56.56,synced,2025-12-05 23:40:40.461
S87536,0065030917346,,ING-S87536,Computer Cables,1.1502,12.63,synced,2025-12-05 23:40:55.473
S87539,0065030917384,,ING-S87539,Computer Cables,1.1501,19.47,synced,2025-12-05 23:40:55.995
S87851,0198156183538,,ING-S87851,Laptop Computers,1.0600,1217.70,synced,2025-12-05 23:40:54.984
S88274,0886734898768,,ING-S88274,Device-Specific Electronics Batteries,1.1501,89.50,synced,2025-12-05 23:40:56.491
S88980,0884116481768,,ING-S88980,Laptop Computers,1.0600,3209.02,synced,2025-12-05 23:52:50.892
S89021,0065030916455,,ING-S89021,Audio/Video Cables,1.1499,19.46,synced,2025-12-05 23:40:57.495
S89022,0065030916394,,ING-S89022,Audio/Video Cables,1.1500,15.93,synced,2025-12-05 23:40:57.002
S89024,0065030916370,,ING-S89024,Audio/Video Cables,1.1501,13.45,synced,2025-12-05 23:40:41.478
S89025,0065030916356,,ING-S89025,Audio/Video Cables,1.1501,16.97,synced,2025-12-05 23:40:42.466
S89030,0065030896672,,ING-S89030,Network Cables,1.1501,16.00,synced,2025-12-05 23:40:43.483
S89033,0065030913775,,ING-S89033,Network Cables,1.1501,23.87,synced,2025-12-05 23:40:42.965
S89510,0840046050726,,ING-S89510,Computer Monitors,1.0600,1049.99,synced,2025-12-05 23:40:41.96
S89512,0840046050962,,ING-S89512,Computer Monitors,1.0600,484.35,synced,2025-12-05 23:34:44.321
S89519,0840046051266,,ING-S89519,Computer Monitors,1.0600,152.92,synced,2025-12-05 23:40:58.001
S91085,8720297442155,,ING-S91085,Computer Racks & Mounts,1.1286,169.66,synced,2025-12-05 23:40:43.978
S91089,8720297442391,,ING-S91089,Computer Racks & Mounts,1.1342,151.47,synced,2025-12-05 23:40:58.484
S91857,0881317522139,,ING-S91857,Computer Racks & Mounts,1.1488,101.66,synced,2025-12-05 23:40:44.478
S93559,0884116482550,,ING-S93559,Laptop Computers,1.0600,2091.99,synced,2025-12-06 00:08:02.416
S93562,0884116482710,,ING-S93562,Laptop Computers,1.0600,1722.99,synced,2025-12-05 23:40:47.473
S93592,0007498316989,,762663,Network Cables,1.1500,21.74,synced,2025-12-05 23:40:58.942
S94339,0887276860633,,ING-S94339,Cell Phone Cases,1.1500,23.75,synced,2025-12-05 23:40:46.993
S94344,0887276815336,,ING-S94344,Cell Phone Cases,1.1499,19.95,synced,2025-12-05 23:41:00.951
S94848,0887276928708,,ING-S94848,Cell Phones,1.0800,148.99,synced,2025-12-05 23:40:59.442
S94885,0810010079220,,ING-S94885,Network Switches,1.0931,569.99,synced,2025-12-05 23:40:46.496
S95382,0783064600026,,ING-S95382,Computer Scanners,1.1004,396.24,synced,2025-12-05 23:34:44.809
S95394,0850065242170,,ING-S95394,Portable Speakers,1.1500,34.97,synced,2025-12-05 23:34:45.317
S95426,0065030913102,,ING-S95426,Network Cables,1.1499,20.82,synced,2025-12-05 23:41:01.442
S95427,0065030902335,,ING-S95427,Network Cables,1.1499,20.82,synced,2025-12-05 23:41:00.441
S95432,0065030913096,,ING-S95432,Network Cables,1.1499,20.82,synced,2025-12-05 23:40:59.944
S95434,0065030902328,,ING-S95434,Network Cables,1.1499,20.82,synced,2025-12-05 23:40:45.497
S95435,0065030913065,,ING-S95435,Network Cables,1.1501,20.78,synced,2025-12-05 23:40:45.995
S95436,0065030913058,,ING-S95436,Network Cables,1.1499,20.82,synced,2025-12-05 23:40:44.965
S95437,0065030915137,,ING-S95437,Network Cables,1.1501,10.99,synced,2025-12-05 23:34:43.313
S95438,0065030898225,,ING-S95438,Headset Adapters,1.1500,16.99,synced,2025-12-05 23:40:48.467
S95768,0810069811741,,ING-S95768,Computer Monitors,1.0600,191.93,synced,2025-12-05 23:40:49.47
S95938,0197105832107,,ING-S95938,Webcams,1.0838,1860.00,synced,2025-12-05 23:40:47.968
S96130,0190017716909,,ING-S96130,Network Switch Modules,1.1019,341.80,synced,2025-12-05 23:34:42.804
S96274,0649528821553,,ING-S96274,Hard Drives,1.1423,93.99,synced,2025-12-05 23:40:48.975
S96549,0191999722124,,ING-S96549,Laptop Bags,1.1498,14.99,synced,2025-12-05 23:39:58.458
SB2629,0706487021438,,ING-9UY554,Headsets,1.0997,249.99,synced,2025-12-05 23:40:08.449
SB5248,0065030915717,,ING-SB5248,Network Cables,1.1501,70.84,synced,2025-12-05 23:40:29.424
SB6083,0810036962254,,ING-SB6083,3D Printer Filaments,1.1200,61.62,synced,2025-12-05 23:40:08.949
SB6934,0097855196316,,ING-SB6934,Headsets,1.1104,229.99,synced,2025-12-05 23:40:04.933
SB7051,0829686009172,,ING-SB7051,Hard Drives,1.0909,575.99,synced,2025-12-05 23:40:09.445
SB8378,0884815793506,,ING-SB8378,Network Cables,1.1498,20.36,synced,2025-12-05 23:40:29.931
SB9745,0662875429784,,ING-SB9745,Cable Connectors,1.1499,18.28,synced,2025-12-05 23:40:09.946
SE0572,0198990418049,,ING-SE0572,Laptop Computers,1.0600,2186.66,synced,2025-12-05 23:40:15.444
SE0573,0198990418025,,ING-SE0573,Laptop Computers,1.0600,1953.99,synced,2025-12-05 23:40:14.446
SE0574,0198990418117,,ING-SE0574,Laptop Computers,1.0600,1351.38,synced,2025-12-05 23:34:37.284
SE0582,0198990423609,,ING-SE0582,Laptop Computers,1.0600,2081.09,synced,2025-12-05 23:40:13.446
SE0584,0198990496559,,ING-SE0584,Laptop Computers,1.0600,2392.42,synced,2025-12-05 23:40:01.419
SE0587,0198990496634,,ING-SE0587,Laptop Computers,1.0600,2368.97,synced,2025-12-05 23:40:32.956
SE0589,0198990422558,,ING-SE0589,Laptop Computers,1.0600,1003.97,synced,2025-12-05 23:40:11.455
SE0853,0887276916712,,ING-SE0853,Cell Phones,1.0800,1199.97,synced,2025-12-05 23:40:11.959
SE0854,0887276915999,,ING-SE0854,Cell Phones,1.0800,999.99,synced,2025-12-05 23:40:12.961
SE0857,0887276914121,,ING-SE0857,Cell Phones,1.0800,799.99,synced,2025-12-05 23:40:16.447
SE0860,0887276916279,,ING-SE0860,Cell Phones,1.0800,999.99,synced,2025-12-05 23:40:10.435
SE0862,0887276914053,,ING-SE0862,Cell Phones,1.0800,734.99,synced,2025-12-05 23:34:36.288
SE0864,0887276915852,,ING-SE0864,Cell Phones,1.0800,999.99,synced,2025-12-05 23:39:59.419
SE0871,0887276916439,,ING-SE0871,Cell Phones,1.0800,1194.50,synced,2025-12-05 23:40:31.425
SE0874,0887276917139,,ING-SE0874,Cell Phones,1.0800,1199.97,synced,2025-12-05 23:40:13.962
SE1098,0195133206778,,ING-SE1098,Laptop Computers,1.0600,366.79,synced,2025-12-05 23:34:37.801
SE2109,0065030906340,,ING-SE2109,TV & Monitor Mounts,1.1024,345.29,synced,2025-12-05 23:40:14.954
SE2110,0065030920568,,ING-SE2110,Computer Cables,1.1501,30.37,synced,2025-12-05 23:34:38.798
SE2125,0810136922028,,ING-SE2125,Computer Cables,1.1497,15.96,synced,2025-12-05 23:40:30.925
SE2127,0810136921977,,ING-SE2127,Computer Cables,1.1500,24.53,synced,2025-12-05 23:40:06.452
SE2129,0810136922004,,ING-SE2129,Computer Cables,1.1497,24.49,synced,2025-12-05 23:39:58.917
SE2130,0810136922301,,ING-SE2130,Network Cables,1.1500,39.90,synced,2025-12-05 23:34:39.3
SE2132,0810136922080,,ING-SE2132,Computer Cables,1.1503,25.74,synced,2025-12-05 23:40:05.947
SE2134,0810136922011,,ING-SE2134,Computer Cables,1.1497,24.64,synced,2025-12-05 23:40:00.429
SE2135,0810136922127,,ING-SE2135,Computer Cables,1.1501,39.44,synced,2025-12-05 23:39:59.915
SE2136,0810136922103,,ING-SE2136,Computer Cables,1.1499,41.12,synced,2025-12-05 23:40:12.448
SE2138,0810136922141,,ING-SE2138,Computer Cables,1.1502,28.34,synced,2025-12-05 23:40:32.434
SE2140,0810136922196,,ING-SE2140,Computer Cables,1.1498,16.62,synced,2025-12-06 00:07:36.919
SE2142,0810136922110,,ING-SE2142,Computer Cables,1.1500,46.53,synced,2025-12-05 23:34:38.297
SE2143,0810136922226,,ING-SE2143,Computer Cables,1.1500,40.58,synced,2025-12-05 23:40:10.965
SE2144,0810136922172,,ING-SE2144,Computer Cables,1.1501,26.98,synced,2025-12-05 23:51:27.824
SE2147,0810136922240,,ING-SE2147,Cable Connectors,1.1500,20.58,synced,2025-12-05 23:40:30.428
SE2156,0810136922042,,ING-SE2156,Computer Cables,1.1497,24.72,synced,2025-12-05 23:40:01.913
SE2157,0810136922035,,ING-SE2157,Computer Cables,1.1497,24.64,synced,2025-12-05 23:40:02.412
SE2159,0810136922059,,ING-SE2159,Computer Cables,1.1497,24.72,synced,2025-12-05 23:40:15.949
SE2161,0810136922073,,ING-SE2161,Computer Cables,1.1500,17.07,synced,2025-12-05 23:40:31.953
SE2162,0810136922066,,ING-SE2162,Computer Cables,1.1501,12.99,synced,2025-12-05 23:40:05.443
SE2515,0889523013366,,629823,Computer Video Cards,1.1256,95.72,synced,2025-12-05 23:40:00.931
SE3430,0195892119173,,ING-SE3430,Computer Keyboards,1.1496,100.63,synced,2025-12-05 23:40:02.914
SE3484,0060088977731,,ING-SE3484,Flash Drives,1.1500,74.28,synced,2025-12-05 23:40:16.944
SE3486,0600889777330,,ING-SE3486,Flash Drives,1.1341,148.48,synced,2025-12-05 23:40:17.45
SE3556,0886734898935,,ING-SE3556,Automotive Batteries,1.1199,75.43,synced,2025-12-05 23:34:42.301
SE4446,0198156473479,,ING-SE4446,Laptop Computers,1.0600,745.17,synced,2025-12-05 23:40:25.972
SE4518,0195892109693,,ING-SE4518,Computer Video Cards,1.0919,536.99,synced,2025-12-05 23:40:19.961
SE4708,0810164140098,,ING-SE4708,Headphones,1.1131,149.99,synced,2025-12-05 23:51:27.325
SE4711,0810164140111,,ING-SE4711,Video Game Accessories,1.1500,149.99,synced,2025-12-05 23:34:40.296
SE5029,0097855202048,,ING-SE5029,Computer Mice,1.1500,66.93,synced,2025-12-05 23:40:24.971
SE5211,0037332293060,,ING-SE5211,Power Cables,1.1500,33.27,synced,2025-12-05 23:34:39.784
SE5214,0037332293121,,ING-SE5214,Power Cables,1.1501,39.61,synced,2025-12-05 23:40:20.968
SE5215,0037332293107,,ING-SE5215,Power Cables,1.1500,37.50,synced,2025-12-05 23:40:33.964
SE5216,0037332293008,,ING-SE5216,Power Cables,1.1499,31.39,synced,2025-12-05 23:40:21.968
SE5220,0037332290014,,ING-SE5220,Cable Splitters,1.1167,209.73,synced,2025-12-05 23:40:23.971
SE5221,0037332293367,,ING-SE5221,Power Cables,1.1500,36.33,synced,2025-12-05 23:40:18.95
SE5229,0037332293381,,ING-SE5229,Power Cables,1.1500,36.33,synced,2025-12-05 23:40:18.45
SE5230,0037332293152,,ING-SE5230,Power Cables,1.1499,34.95,synced,2025-12-05 23:40:25.51
SE5234,0037332206633,,ING-SE5234,Network Cables,1.1500,48.78,synced,2025-12-05 23:40:20.465
SE5235,0037332292988,,ING-SE5235,Power Cables,1.1499,30.58,synced,2025-12-05 23:40:26.951
SE5237,0037332293084,,ING-SE5237,Power Cables,1.1500,36.53,synced,2025-12-05 23:40:19.442
SE5242,0037332293343,,ING-SE5242,Power Cables,1.1499,23.77,synced,2025-12-05 23:34:41.293
SE5246,0037332293053,,ING-SE5246,Power Cables,1.1500,25.46,synced,2025-12-05 23:40:03.415
SE5247,0037332293114,,ING-SE5247,Power Cables,1.1500,37.50,synced,2025-12-05 23:40:06.939
SE5248,0037332293091,,ING-SE5248,Power Cables,1.1500,37.50,synced,2025-12-05 23:40:34.468
SE5249,0037332293190,,ING-SE5249,Power Cables,1.1499,31.52,synced,2025-12-05 23:40:22.455
SE5253,0037332293282,,ING-SE5253,Power Cables,1.1499,31.26,synced,2025-12-05 23:40:23.454
SE5256,0037332293305,,ING-SE5256,Power Cables,1.1499,32.24,synced,2025-12-05 23:40:24.501
SE5257,0037332293251,,ING-SE5257,Power Cables,1.1500,30.44,synced,2025-12-05 23:40:22.967
SE5258,0037332293206,,ING-SE5258,Power Cables,1.1500,29.42,synced,2025-12-05 23:34:40.816
SE5259,0037332293244,,ING-SE5259,Power Cables,1.1500,29.66,synced,2025-12-05 23:40:17.952
SE5262,0037332293299,,ING-SE5262,Power Cables,1.1499,31.83,synced,2025-12-05 23:40:26.456
SE5264,0037332293336,,ING-SE5264,Power Cables,1.1499,23.77,synced,2025-12-05 23:40:34.969
SE5266,0037332293374,,ING-SE5266,Power Cables,1.1500,36.33,synced,2025-12-05 23:40:21.451
SE5853,0840283918360,,ING-SE5853,Cell Phone Cases,1.1501,42.48,synced,2025-12-05 23:40:33.459
SE6036,0783750013932,,ING-SE6036,Laptop Docking Stations,1.1269,141.74,synced,2025-12-05 23:40:07.451
SE6849,0065030919616,,ING-SE6849,Device-Specific Electronics Chargers,1.1201,190.61,synced,2025-12-05 23:40:35.472
SE6850,0065030907842,,ING-SE6850,Network Adapters,1.1499,41.86,synced,2025-12-05 23:40:07.948
SE7046,0889842621006,,ING-SE7046,Computer Power Supplies,1.1388,123.14,synced,2025-12-05 23:40:03.917
SE7145,0824142408056,,ING-SE7145,Laptop Computers,1.0600,4509.99,synced,2025-12-05 23:34:36.804
SE8412,0197105868335,,ING-SE8412,Computer Video Cards,1.0838,1199.99,synced,2025-12-05 23:40:27.459
SE8417,0197105868397,,ING-SE8417,Computer Video Cards,1.0849,1299.87,synced,2025-12-05 23:40:04.416
SE8418,0197105890299,,ING-SE8418,Computer Video Cards,1.0818,3359.99,synced,2025-12-05 23:34:41.798
SE8503,0841567005837,,ING-SE8503,Device-Specific Electronics Chargers,1.1501,34.84,synced,2025-12-05 23:40:27.95
SE8504,0841567005875,,ING-SE8504,Device-Specific Electronics Chargers,1.1499,42.92,synced,2025-12-05 23:40:28.46
SE8507,0841567005844,,ING-SE8507,Device-Specific Electronics Chargers,1.1501,39.37,synced,2025-12-05 23:40:28.926
SE8509,0841567005868,,ING-SE8509,Device-Specific Electronics Chargers,1.1500,34.47,synced,2025-12-06 00:07:31.394
SE9582,0662875020004,,ING-SE9582,Computer Racks & Mounts,1.1026,309.52,synced,2025-12-05 23:38:50.407
SF0017,0757120011255,,86047,Network Cables,1.1501,29.45,synced,2025-12-05 23:38:50.913
SF0061,0757120110002,,130546,Network Cables,1.1501,37.85,synced,2025-12-05 23:39:31.96
SF0606,0757120372011,,649966,Network Cables,1.1499,20.01,synced,2025-12-05 23:38:51.908
SF0681,0662875581147,,ING-SF0681,Computer Rack Hardware & Accessories,1.0947,475.01,synced,2025-12-06 00:08:01.417
SF0977,0198415142955,,ING-SF0977,Computer Monitors,1.0600,605.99,synced,2025-12-05 23:38:51.423
SF0984,0198990210520,,ING-SF0984,Barcode Scanners,1.1220,181.87,synced,2025-12-05 23:39:33.963
SF1204,0884116481317,,ING-SF1204,Laptop Computers,1.0600,2424.99,synced,2025-12-05 23:39:32.467
SF1205,0884116481294,,ING-SF1205,Laptop Computers,1.0600,2213.61,synced,2025-12-05 23:39:32.966
SF1287,0718037905501,,ING-SF1287,Hard Drives,1.0900,529.99,synced,2025-12-05 23:39:33.474
SF4745,0840283920769,,ING-SF4745,"Tablet Holders, Carriers & Cases",1.1501,41.98,synced,2025-12-05 23:38:52.418
SF4753,0730143315579,,ING-SF4753,Processors,1.0898,549.00,synced,2025-12-05 23:39:34.454
SF4756,0730143315555,,ING-SF4756,Processors,1.0902,679.99,synced,2025-12-05 23:39:34.94
SF4771,0037332287212,,ING-SF4771,Network Switches,1.1426,124.37,synced,2025-12-05 23:38:52.899
SF5572,0195875215014,,ING-06JZ26,Wireless Access Points,1.0879,891.94,synced,2025-12-05 23:38:53.415
SF6274,0766907029505,,ING-SF6274,Computer Monitors,1.0600,949.99,synced,2025-12-05 23:38:47.902
SF6386,0745883892273,,ING-SF6386,Electronics Film Protectors,1.1499,67.47,synced,2025-12-05 23:38:53.924
SF6387,0745883892327,,ING-SF6387,Electronics Film Protectors,1.1500,63.86,synced,2025-12-05 23:39:35.453
SF6599,0886111945450,,ING-SF6599,Cash Register Drawers & Trays,1.1500,153.36,synced,2025-12-05 23:38:54.414
SF7366,0886734898942,,ING-SF7366,Device-Specific Electronics Chargers,1.1500,47.87,synced,2025-12-05 23:29:55.01
SF7504,0198415942395,,ING-SF7504,Laptop Docking Stations,1.0873,782.53,synced,2025-12-05 23:39:36.957
SF7506,0198990106342,,ING-SF7506,Network Switches,1.1500,74.88,synced,2025-12-05 23:38:56.42
SF7692,0735858416627,,ING-SF7692,Processors,1.1034,351.61,synced,2025-12-05 23:38:54.917
SF8070,0097564315152,,ING-SF8070,Computer Scanners,1.0845,1548.09,synced,2025-12-05 23:38:55.425
SF8140,0732311014093,,ING-SF8140,Hardware Brackets,1.1499,65.64,synced,2025-12-05 23:39:36.433
SF8227,0097855158543,,ING-SF8227,Computer Mice,1.1500,15.05,synced,2025-12-05 23:38:55.916
SF8502,0784755153333,,39536,Surge Suppressors,1.1498,17.50,synced,2025-12-05 23:39:35.944
SF8869,0810084699447,,ING-SF8869,Surveillance Cameras,1.0800,577.93,synced,2025-12-05 23:39:37.951
SF9362,0198415178176,,ING-SF9362,Sound Bars,1.0800,1654.68,synced,2025-12-05 23:39:37.444
SF9363,0198415178329,,ING-SF9363,Computer Monitors,1.0600,2362.01,synced,2025-12-06 00:08:01.915
SF9516,0819927013532,,ING-SF9516,Computer Cables,1.1500,39.95,synced,2025-12-05 23:38:56.924
SG0825,0837324005318,,ING-SG0825,Network Cards,1.1116,212.38,synced,2025-12-05 23:39:38.428
SG0842,0753218984067,,ING-SG0842,Graphics Tablets,1.1081,234.12,synced,2025-12-05 23:38:57.418
SG2181,0195133283281,,ING-SG2181,Laptop Computers,1.0600,1579.44,synced,2025-12-05 23:38:58.399
SG2182,0195133283298,,ING-SG2182,Laptop Computers,1.0600,1464.65,synced,2025-12-05 23:39:01.915
SG2183,0195133285551,,ING-SG2183,Laptop Computers,1.0600,1819.74,synced,2025-12-05 23:38:48.906
SG2204,0824142407721,,ING-SG2204,Laptop Computers,1.0600,3999.00,synced,2025-12-05 23:38:59.887
SG2329,0810136922295,,ING-SG2329,Audio/Video Cables,1.1500,32.41,synced,2025-12-05 23:39:39.946
SG2906,0198157544901,,ING-SG2906,Desktop Computers,1.0600,1364.52,synced,2025-12-05 23:51:26.824
SG2970,0824142405000,,ING-SG2970,Desktop Computers,1.0600,1100.11,synced,2025-12-05 23:38:58.884
SG3153,0706487027591,,ING-SG3153,Headset Adapters,1.1437,109.86,synced,2025-12-05 23:29:55.479
SG3154,0706487027638,,ING-SG3154,Headsets,1.1058,245.24,synced,2025-12-05 23:39:02.888
SG3156,0706487027621,,ING-SG3156,Headsets,1.1033,361.74,synced,2025-12-05 23:39:00.882
SG3157,0706487027607,,ING-SG3157,Headsets,1.1048,339.18,synced,2025-12-05 23:39:00.382
SG3698,0065030912136,,ING-SG3698,USB Hubs,1.1498,22.83,synced,2025-12-05 23:38:48.406
SG3702,0065030912143,,ING-SG3702,USB Hubs,1.1499,22.44,synced,2025-12-05 23:39:40.443
SG3912,0840283913808,,ING-SG3912,"Tablet Holders, Carriers & Cases",1.1500,29.98,synced,2025-12-05 23:38:59.38
SG3913,0840283913815,,ING-SG3913,"Tablet Holders, Carriers & Cases",1.1500,29.98,synced,2025-12-05 23:38:57.927
SG3928,0817882024969,,ING-SG3928,Network Switches,1.1500,27.27,synced,2025-12-05 23:29:44.984
SG4216,0884116482628,,ING-SG4216,Laptop Computers,1.0600,1299.99,synced,2025-12-05 23:39:01.398
SG4217,0884116482666,,ING-SG4217,Laptop Computers,1.0600,1795.00,synced,2025-12-05 23:39:38.956
SG4411,0197105786455,,ING-SG4411,Desktop Computers,1.0600,590.00,synced,2025-12-05 23:39:39.453
SG4412,0197105786431,,ING-SG4412,Desktop Computers,1.0600,455.00,synced,2025-12-05 23:29:45.488
SG4413,0197105786417,,ING-SG4413,Desktop Computers,1.0600,464.99,synced,2025-12-05 23:39:02.383
SG4569,0810142820394,,ING-SG4569,Network Switches,1.1004,328.99,synced,2025-12-06 00:07:20.768
SG4604,0606449172386,,ING-SG4604,Network Routers,1.1167,192.12,synced,2025-12-05 23:39:42.451
SG5002,0646422302607,,ING-SG5002,Headsets,1.1261,159.15,synced,2025-12-05 23:39:04.423
SG5073,0810164140265,,ING-SG5073,Computer Keyboards,1.1054,189.99,synced,2025-12-05 23:39:03.385
SG5074,0810052987033,,ING-SG5074,Mouse Pads,1.1501,49.98,synced,2025-12-06 00:08:00.416
SG5075,0810052988986,,ING-SG5075,Computer Keyboards,1.1035,189.99,synced,2025-12-05 23:39:06.942
SG5077,0810052987040,,ING-SG5077,Mouse Pads,1.1500,57.82,synced,2025-12-05 23:39:40.967
SG5079,0810052988979,,ING-SG5079,Computer Keyboards,1.1501,34.99,synced,2025-12-05 23:39:04.923
SG5080,0810052987026,,ING-SG5080,Mouse Pads,1.1500,43.98,synced,2025-12-05 23:29:55.987
SG5123,0050332194564,,ING-SG5123,Device-Specific Electronics Chargers,1.1499,45.62,synced,2025-12-05 23:39:03.885
SG5137,0783384258181,,ING-SG5137,Network Switches,1.0898,601.78,synced,2025-12-05 23:39:05.944
SG5410,0197105878044,,ING-SG5410,Computer Video Cards,1.0870,809.99,synced,2025-12-05 23:29:56.487
SG5417,0197105976450,,ING-SG5417,Desktop Computers,1.0600,665.98,synced,2025-12-05 23:29:56.979
SG5419,0197105976542,,ING-SG5419,Desktop Computers,1.0600,529.99,synced,2025-12-05 23:39:41.939
SG5421,0197105994355,,ING-SG5421,Desktop Computers,1.0600,453.49,synced,2025-12-05 23:39:41.451
SG5425,0197105952812,,ING-SG5425,Desktop Computers,1.0600,378.99,synced,2025-12-05 23:39:06.452
SG5459,7331021091276,,ING-SG5459,Camera Accessory Bundles,1.0800,129.68,synced,2025-12-05 23:39:07.433
SG5460,7331021091269,,ING-SG5460,Pendant Lights,1.1500,117.36,synced,2025-12-05 23:39:05.429
SG6517,0698833092776,,ING-SG6517,TV & Monitor Mounts,1.1133,226.06,synced,2025-12-05 23:39:08.939
SG6528,0698833092226,,ING-SG6528,TV & Monitor Mounts,1.1398,144.42,synced,2025-12-05 23:39:43.433
SG6549,0698833092264,,ING-SG6549,Computer Racks & Mounts,1.1347,128.00,synced,2025-12-05 23:39:42.95
SG6559,0698833092745,,ING-SG6559,TV & Monitor Mounts,1.1353,126.60,synced,2025-12-05 23:39:07.957
SG6994,0757120269045,,645155,Computer Cables,1.1501,49.60,synced,2025-12-05 23:39:16.439
SG6995,0757120269144,,675716,USB Hubs,1.1499,46.49,synced,2025-12-05 23:39:45.425
SG6996,0757120269151,,675586,Computer Cables,1.1500,82.34,synced,2025-12-05 23:29:52.976
SG6997,0757120269168,,685180,Laptop Docking Stations,1.1378,15.99,synced,2025-12-05 23:29:48.478
SG6998,0757120271390,,83594,Network Cables,1.1500,65.50,synced,2025-12-05 23:29:58.476
SG7013,0757120288411,,500912,Computer Cables,1.1501,50.53,synced,2025-12-05 23:39:51.459
SG7023,0757120293415,,991,Computer Cables,1.1435,132.35,synced,2025-12-05 23:29:49.479
SG7038,0757120298809,,734379,Cable Connectors,1.1500,104.47,synced,2025-12-05 23:39:19.458
SG7048,0757120297468,,619045,USB Hubs,1.1500,56.06,synced,2025-12-05 23:39:08.438
SG7055,0757120313717,,ING-SG7055,Network Cables,1.1500,111.00,synced,2025-12-05 23:36:58.383
SG7080,0757120397113,,284888,Switch & Outlet Plates,1.1501,50.46,synced,2025-12-05 23:29:49.977
SG7083,0757120007227,,196912,Network Cables,1.1499,52.09,synced,2025-12-05 23:39:52.443
SG7084,0757120008903,,13676,Cable Connectors,1.1501,,synced,2025-12-05 23:39:10.951
SG7094,0757120407348,,57624,Video Switchers,1.1500,38.46,synced,2025-12-05 23:39:23.465
SG7097,0757120372004,,507008,Computer Patch Panels,1.1236,194.52,synced,2025-12-05 23:29:46.974
SG7100,0757120390114,,35162,Computer Cables,1.1499,73.98,synced,2025-12-05 23:39:15.451
SG7104,0757120397069,,141320,Switch & Outlet Plates,1.1499,75.83,synced,2025-12-05 23:39:22.958
SG7121,0757120397052,,4258,Switch & Outlet Plates,1.1500,45.61,synced,2025-12-05 23:39:46.451
SG7137,0757120399391,,403836,Computer Cables,1.1501,55.81,synced,2025-12-05 23:29:51.482
SG7143,0757120411901,,145304,Audio/Video Cables,1.1500,115.29,synced,2025-12-05 23:29:51.981
SG7147,0757120425311,,417273,Computer Cables,1.1218,233.33,synced,2025-12-05 23:39:11.454
SG7149,0757120502180,,6665,Audio/Video Cables,1.1501,62.47,synced,2025-12-05 23:29:46.488
SG7150,0757120193524,,87970,Network Cables,1.1501,64.33,synced,2025-12-05 23:39:14.925
SG7152,0757120271598,,82026,Network Cables,1.1500,72.46,synced,2025-12-05 23:29:44.481
SG7154,0757120405184,,62462,Audio/Video Cables,1.1500,52.23,synced,2025-12-05 23:39:43.958
SG7162,0757120408819,,79116,Audio Power Amplifiers,1.1025,349.35,synced,2025-12-05 23:34:33.766
SG7163,0757120409373,,115723,Audio/Video Cables,1.1499,31.25,synced,2025-12-05 23:29:47.477
SG7165,0757120410423,,ING-XP1333,Switch & Outlet Plates,1.1501,69.44,synced,2025-12-05 23:39:45.964
SG7178,0757120431725,,510604,Network Cables,1.1234,145.19,synced,2025-12-05 23:39:11.949
SG7179,0757120287261,,84699,Network Cables,1.1500,36.49,synced,2025-12-05 23:29:57.98
SG7183,0757120410430,,26519,Switch & Outlet Plates,1.1500,60.89,synced,2025-12-05 23:34:33.277
SG7190,0757120411918,,140665,Audio/Video Cables,1.1329,180.68,synced,2025-12-05 23:39:13.442
SG7201,0757120413684,,144801,Computer Cables,1.1316,129.30,synced,2025-12-05 23:29:50.979
SG7202,0757120238706,,82847,Network Cables,1.1499,68.87,synced,2025-12-05 23:39:20.444
SG7203,0757120413974,,687111,Network Switches,1.1501,64.85,synced,2025-12-05 23:39:46.949
SG7211,0757120425281,,417249,Audio/Video Cables,1.1500,102.23,synced,2025-12-05 23:39:09.956
SG7212,0757120425304,,417284,Automotive Electrical Parts & Accessories,1.1200,190.77,synced,2025-12-05 23:39:24.475
SG7221,0757120430896,,149933,Electrical Wire,1.1500,380.87,synced,2025-12-05 23:34:34.771
SG7223,0757120431237,,ING-QW4541,Network Cables,1.1234,186.35,synced,2025-12-05 23:39:50.935
SG7229,0757120432319,,76124,Cable Covers,1.1499,82.14,synced,2025-12-05 23:29:57.484
SG7231,0757120434030,,141823,Network Cables,1.1138,266.33,synced,2025-12-05 23:39:09.456
SG7242,0757120298786,,734301,Other Learning & Educational Toys,1.1500,60.12,synced,2025-12-05 23:39:10.457
SG7249,0757120542841,,627585,Cable Connectors,1.1287,113.33,synced,2025-12-05 23:29:45.98
SG7256,0757120560197,,73749,Network Cables,1.0912,635.82,synced,2025-12-05 23:39:48.945
SG7257,0757120501947,,ING-6KB835,Computer Cables,1.1501,52.59,synced,2025-12-05 23:39:16.943
SG7262,0757120502197,,38989,Computer Cables,1.1499,49.49,synced,2025-12-05 23:39:47.451
SG7264,0757120502296,,7201,Audio/Video Cables,1.1500,51.82,synced,2025-12-05 23:29:52.484
SG7265,0757120502302,,12614,Audio/Video Cables,1.1500,77.61,synced,2025-12-05 23:39:44.954
SG7270,0757120506324,,42923,Network Cables,1.1500,52.40,synced,2025-12-05 23:34:35.797
SG7271,0757120506331,,ING-YP8543,Audio/Video Cables,1.1501,51.22,synced,2025-12-05 23:39:23.962
SG7274,0757120506355,,129208,Audio/Video Cables,1.1499,72.73,synced,2025-12-05 23:39:17.938
SG7280,0757120508762,,700170,Network Cables,1.1500,111.11,synced,2025-12-05 23:39:22.447
SG7285,0757120508823,,700318,Network Cables,1.1500,65.82,synced,2025-12-05 23:39:44.456
SG7294,0757120508885,,700179,Network Cables,1.1500,108.75,synced,2025-12-05 23:39:14.461
SG7295,0757120508878,,706684,Network Cables,1.1501,71.89,synced,2025-12-05 23:34:34.272
SG7299,0757120538783,,145266,Other Learning & Educational Toys,1.1500,484.63,synced,2025-12-05 23:39:12.923
SG7302,0757120542919,,691354,Cable Splitters,1.1493,73.47,synced,2025-12-05 23:39:50.446
SG7307,0757120544043,,114524,Audio/Video Cables,1.1500,68.18,synced,2025-12-05 23:29:47.978
SG7310,0757120544258,,623223,Computer Cables,1.1501,64.96,synced,2025-12-05 23:39:17.443
SG7312,0757120542926,,691475,Cable Splitters,1.1500,64.90,synced,2025-12-05 23:39:12.455
SG7316,0757120544241,,623030,Computer Cables,1.1499,51.00,synced,2025-12-05 23:29:48.981
SG7317,0757120544302,,714776,Computer Cables,1.1499,54.11,synced,2025-12-05 23:29:53.479
SG7319,0757120544340,,714775,Audio/Video Cables,1.1500,48.27,synced,2025-12-05 23:39:21.446
SG7323,0757120546788,,698486,Computer Cables,1.1499,38.56,synced,2025-12-05 23:29:50.478
SG7327,0757120560173,,114686,Network Cables,1.1096,329.42,synced,2025-12-05 23:38:49.407
SG7333,0757120152736,,145871,Network Cables,1.1500,65.01,synced,2025-12-05 23:39:19.961
SG7334,0757120600039,,26368,Audio/Video Cables,1.1500,73.77,synced,2025-12-05 23:39:52.937
SG7335,0757120288459,,666260,Laptop Docking Stations,1.1500,45.59,synced,2025-12-05 23:39:15.982
SG7343,0757120600183,,114506,Audio/Video Cables,1.1500,51.04,synced,2025-12-05 23:39:48.453
SG7359,0757120290179,,56224,Network Cables,1.1321,179.20,synced,2025-12-05 23:29:58.983
SG7364,0757120290285,,77681,Network Cables,1.1445,163.52,synced,2025-12-05 23:52:49.394
SG7378,0757120292067,,130599,Audio/Video Cables,1.1337,262.33,synced,2025-12-05 23:39:25.453
SG7391,0757120295341,,377680,Device-Specific Electronics Chargers,1.1500,41.97,synced,2025-12-05 23:39:20.948
SG7395,0757120399049,,11777,Home Speakers & Subwoofers,1.0800,63.98,synced,2025-12-05 23:39:13.963
SG7396,0757120399063,,526234,Home Speakers & Subwoofers,1.0800,61.35,synced,2025-12-05 23:39:49.46
SG7399,0757120294832,,455790,Computer Cables,1.1501,36.64,synced,2025-12-05 23:39:47.961
SG7422,0757120103004,,657726,Network Cables,1.1500,58.04,synced,2025-12-05 23:39:49.945
SG7429,0757120399353,,672515,Computer Cables,1.1436,136.44,synced,2025-12-05 23:39:21.955
SG7430,0757120193784,,114518,Network Cables,1.1501,62.96,synced,2025-12-05 23:39:18.945
SG7459,0757120297499,,621010,Network Adapters,1.1500,52.12,synced,2025-12-05 23:34:35.285
SG7460,0757120297482,,619088,Network Adapters,1.1501,61.71,synced,2025-12-05 23:39:18.461
SG7461,0757120543077,,373632,Audio/Video Cables,1.1499,56.62,synced,2025-12-05 23:39:24.979
SG7903,0195892115274,,ING-SG7903,Computer Keyboard & Mouse Sets,1.1501,32.70,synced,2025-12-05 23:52:01.316
SG8050,0886734899024,,ING-SG8050,Device-Specific Electronics Batteries,1.1499,55.89,synced,2025-12-05 23:39:51.95
SG8592,0198701773047,,ING-SG8592,Electronics Docks & Cradles,1.1501,37.02,synced,2025-12-05 23:39:53.952
SG9486,0763649184455,,ING-SG9486,Hard Drives,1.1379,94.99,synced,2025-12-05 23:39:53.434
SG9540,0097855201690,,ING-SG9540,Webcams,1.1500,90.74,synced,2025-12-05 23:39:26.465
SG9545,0097855201676,,ING-SG9545,Computer Cables,1.1501,78.49,synced,2025-12-05 23:39:55.953
SG9786,0190017702827,,ING-SG9786,Wireless Access Points,1.0809,8586.07,synced,2025-12-05 23:39:27.48
SG9909,0606449170337,,ING-SG9909,Network Routers,1.1272,148.23,synced,2025-12-05 23:39:25.972
SG9936,0190781399667,,ING-09RP33,Power Adapters,1.1500,49.19,synced,2025-12-05 23:38:49.905
SG9940,0190781399667,,ING-09RP33,Power Adapters,1.1500,49.19,synced,2025-12-05 23:29:53.976
SG9941,0190781399667,,ING-09RP33,Power Adapters,1.1500,49.19,synced,2025-12-05 23:39:26.981
SG9968,0065030911665,,ING-SG9968,Audio/Video Cables,1.1498,15.93,synced,2025-12-05 23:39:54.446
SG9970,0065030910552,,ING-SG9970,Audio/Video Cables,1.1500,54.11,synced,2025-12-05 23:51:59.815
SJ0197,0840283917202,,ING-SJ0197,Cell Phone Cases,1.1499,19.98,synced,2025-12-05 23:39:28.449
SJ0199,0840283917219,,ING-SJ0199,Cell Phone Cases,1.1501,19.98,synced,2025-12-05 23:39:54.957
SJ0200,0840283917233,,ING-SJ0200,Cell Phone Cases,1.1499,22.48,synced,2025-12-05 23:39:31.462
SJ0204,0840283917295,,ING-SJ0204,Cell Phone Cases,1.1500,27.48,synced,2025-12-05 23:39:29.901
SJ0205,0840283917356,,ING-SJ0205,Cell Phone Cases,1.1499,24.98,synced,2025-12-05 23:39:57.949
SJ0207,0840283917363,,ING-SJ0207,Cell Phone Cases,1.1500,22.48,synced,2025-12-05 23:39:28.899
SJ0208,0840283920899,,ING-SJ0208,Cell Phone Cases,1.1501,19.98,synced,2025-12-05 23:29:54.487
SJ0212,0840283920745,,ING-SJ0212,Cell Phone Cases,1.1499,22.48,synced,2025-12-05 23:39:55.464
SJ0213,0840283920752,,ING-SJ0213,Cell Phone Cases,1.1500,22.48,synced,2025-12-05 23:39:56.946
SJ0263,0037332288707,,ING-SJ0263,USB Hubs,1.1499,73.56,synced,2025-12-05 23:39:30.931
SJ0328,0840390355317,,ING-SJ0328,Cell Phone Cases,1.1500,94.16,synced,2025-12-05 23:39:29.4
SJ0434,0884116485193,,ING-SJ0434,Laptop Bags,1.1500,56.72,synced,2025-12-05 23:39:57.443
SJ0476,0197105988514,,ING-SJ0476,Desktop Computers,1.0600,619.99,synced,2025-12-05 23:39:27.957
SJ0485,0197105988491,,ING-SJ0485,Desktop Computers,1.0600,1009.99,synced,2025-12-05 23:39:30.401
SJ0494,0197105806603,,ING-SJ0494,Desktop Computers,1.0600,1127.08,synced,2025-12-05 23:39:56.448
SJ0596,0810141320406,,ING-SJ0596,Label Printers,1.1500,599.00,synced,2025-12-05 23:51:13.816
SJ7892,0824142412169,,ING-SJ7892,Laptop Computers,1.0600,2012.90,synced,2025-12-05 23:37:40.367
SJ7894,0824142412244,,ING-SJ7894,Laptop Computers,1.0600,695.38,synced,2025-12-05 23:37:38.865
SJ7960,0198156722768,,ING-SJ7960,Laptop Computers,1.0600,2234.99,synced,2025-12-05 23:37:39.371
SJ8817,0097855185143,,ING-SJ8817,Audio & Video Receivers,1.0799,65.36,synced,2025-12-05 23:38:36.892
SL0432,0065030920285,,ING-SL0432,Computer Cables,1.1500,14.49,synced,2025-12-05 23:37:26.897
SL0433,0065030918299,,ING-SL0433,Audio & Video Receivers,1.0800,149.80,synced,2025-12-05 23:38:36.397
SL0434,0065030895323,,ING-SL0434,TV & Monitor Mounts,1.0969,448.06,synced,2025-12-05 23:37:42.353
SL0436,0065030919951,,ING-SL0436,Computer Cables,1.1501,19.32,synced,2025-12-05 23:29:42.487
SL0437,0065030919944,,ING-SL0437,Computer Cables,1.1500,19.44,synced,2025-12-05 23:37:41.872
SL0438,0065030917407,,ING-SL0438,Computer Cables,1.1501,26.52,synced,2025-12-05 23:37:42.869
SL0620,0886734897228,,ING-SL4859,Device-Specific Electronics Chargers,1.1501,55.92,synced,2025-12-05 23:38:35.39
SL0621,0886734897624,,ING-SL0619,Device-Specific Electronics Chargers,1.1500,54.91,synced,2025-12-05 23:37:39.871
SL0622,0886734897228,,ING-SL4859,Device-Specific Electronics Chargers,1.1501,55.92,synced,2025-12-05 23:29:34.98
SL0625,0886734897228,,ING-SL4859,Device-Specific Electronics Chargers,1.1501,55.92,synced,2025-12-05 23:37:40.877
SL0628,0886734897228,,ING-SL4859,Device-Specific Electronics Chargers,1.1501,55.92,synced,2025-12-05 23:37:26.414
SL0630,0886734897525,,ING-SM8986,Device-Specific Electronics Chargers,1.1500,72.05,synced,2025-12-05 23:38:34.905
SL0660,0706487027348,,ING-SL0660,Portable Speakers,1.1100,188.96,synced,2025-12-05 23:37:41.37
SL0771,0198156722621,,ING-SL0771,Laptop Computers,1.0600,2638.29,synced,2025-12-05 23:52:00.327
SL0773,0198156806475,,ING-SL0773,Laptop Computers,1.0600,1912.74,synced,2025-12-05 23:38:35.92
SL2376,0706487027027,,ING-SL2376,Headsets,1.1500,58.00,synced,2025-12-05 23:37:43.867
SL2382,0706487027072,,ING-SL2382,Headsets,1.1500,59.00,synced,2025-12-05 23:50:49.194
SL2614,0735858526685,,ING-SL2614,Processors,1.0933,517.29,synced,2025-12-05 23:37:44.368
SL2629,0735858526678,,ING-SL2629,Processors,1.0921,377.00,synced,2025-12-05 23:37:27.362
SL3264,0810177161219,,ING-SL3264,Network Switches,1.1011,309.99,synced,2025-12-05 23:37:27.868
SL3266,0840283921667,,ING-SL3266,"Tablet Holders, Carriers & Cases",1.1500,84.49,synced,2025-12-05 23:37:43.36
SL3351,0884116484561,,ING-SL3351,Computer Monitors,1.0600,749.00,synced,2025-12-05 23:38:37.395
SL3662,0628012405196,,ING-SL3662,Computer Monitors,1.0600,2067.23,synced,2025-12-05 23:37:44.872
SL4859,0886734897228,,ING-SL4859,Device-Specific Electronics Chargers,1.1501,55.92,synced,2025-12-05 23:37:45.369
SL6419,0824142413616,,ING-SL6419,Desktop Computers,1.0600,3606.89,synced,2025-12-05 23:37:48.384
SL6422,0824142408407,,ING-SL6422,Desktop Computers,1.0600,5499.00,synced,2025-12-05 23:37:46.382
SL7176,0718037904313,,ING-SL7176,Hard Drives,1.1090,159.99,synced,2025-12-05 23:37:45.865
SL7801,0810084698778,,ING-SL7801,Wireless Access Points,1.1376,118.99,synced,2025-12-05 23:37:50.896
SL8607,0190017737300,,ING-SL8607,Network Switches,1.0803,27642.53,synced,2025-12-05 23:37:50.391
SL8665,0065030913393,,ING-SL8665,Network Cables,1.1502,20.64,synced,2025-12-05 23:38:37.89
SL8676,0065030915540,,ING-SL8676,Network Cables,1.1499,35.41,synced,2025-12-05 23:37:48.869
SL8679,0065030913683,,ING-SL8679,Network Cables,1.1499,24.35,synced,2025-12-05 23:37:47.883
SL8681,0065030915281,,ING-SL8681,Network Cables,1.1500,22.14,synced,2025-12-05 23:29:35.979
SL8683,0065030915182,,ING-SL8683,Network Cables,1.1499,27.73,synced,2025-12-05 23:37:52.392
SL8684,0065030913317,,ING-SL8684,Network Cables,1.1498,26.97,synced,2025-12-05 23:37:28.375
SL8686,0065030913379,,ING-SL8686,Network Cables,1.1502,8.40,synced,2025-12-05 23:37:49.906
SL8690,0065030913508,,ING-SL8690,Network Cables,1.1499,27.80,synced,2025-12-05 23:37:28.84
SL8693,0065030915144,,ING-SL8693,Network Cables,1.1499,20.88,synced,2025-12-05 23:37:47.379
SL8699,0065030915311,,ING-SL8699,Network Cables,1.1501,,synced,2025-12-05 23:37:46.886
SL8700,0065030915502,,ING-SL8700,Network Cables,1.1500,34.32,synced,2025-12-05 23:29:35.484
SL8704,0065030913577,,ING-SL8704,Network Cables,1.1500,7.99,synced,2025-12-05 23:37:49.392
SL8706,0065030902809,,ING-SL8706,Network Cables,1.1501,8.99,synced,2025-12-05 23:37:54.387
SL8712,0065030913553,,ING-SL8712,Network Cables,1.1502,12.41,synced,2025-12-05 23:37:51.42
SL8722,0065030915304,,ING-SL8722,Network Cables,1.1498,22.16,synced,2025-12-05 23:37:51.919
SL8726,0065030915267,,ING-SL8726,Network Cables,1.1501,32.05,synced,2025-12-05 23:37:52.879
SL8728,0065030915236,,ING-SL8728,Network Cables,1.1501,22.18,synced,2025-12-05 23:37:53.382
SL8733,0065030915403,,ING-SL8733,Network Cables,1.1500,34.32,synced,2025-12-05 23:29:36.492
SL9407,0819927013518,,ING-SL9407,Computer Cables,1.1275,124.95,synced,2025-12-05 23:37:53.878
SL9501,0636430073514,,ING-SL9501,Computer Cables,1.1156,195.37,synced,2025-12-05 23:37:30.84
SL9598,0751492794471,,ING-SL9598,Computer Video Cards,1.0923,591.73,synced,2025-12-05 23:37:55.884
SL9624,0019428182960,,ING-SL9624,Cell Phone Cases,1.1500,41.00,synced,2025-12-05 23:37:54.898
SL9626,0019428186029,,ING-SL9626,Hard-Sided Coolers,1.1500,65.67,synced,2025-12-05 23:37:31.843
SL9630,0019428182830,,ING-SL9630,Hard-Sided Coolers,1.1500,69.95,synced,2025-12-05 23:37:31.338
SL9631,0019428165529,,ING-SL9631,Cooler Backpacks,1.1500,289.95,synced,2025-12-05 23:37:56.387
SL9632,0825494068479,,ING-SL9632,Thermocoolers,1.1500,608.50,synced,2025-12-05 23:38:38.404
SL9929,0740617347852,,ING-SL9929,Hard Drives,1.0867,951.99,synced,2025-12-05 23:37:30.341
SM0966,0840283921896,,ING-SM0966,Cell Phone Cases,1.1500,43.68,synced,2025-12-05 23:37:55.371
SM1495,0824142418635,,ING-SM1495,Desktop Computers,1.0600,1799.00,synced,2025-12-05 23:38:03.353
SM1676,0199251038969,,ING-SM1676,Laptop Computers,1.0600,1955.73,synced,2025-12-05 23:38:39.405
SM1678,0199251038983,,ING-SM1678,Laptop Computers,1.0600,2453.79,synced,2025-12-05 23:37:57.875
SM1686,0199251039102,,ING-SM1686,Laptop Computers,1.0600,3047.94,synced,2025-12-05 23:38:38.897
SM1867,0840064410717,,ING-SM1867,Headsets,1.1201,142.99,synced,2025-12-05 23:29:37.49
SM1890,0199251091186,,ING-SM1890,Computer Servers,1.0600,5490.98,synced,2025-12-05 23:29:36.988
SM1891,0199251097225,,ING-SM1891,Desktop Computers,1.0600,5799.99,synced,2025-12-05 23:37:58.381
SM1893,0199251038839,,ING-SM1893,Desktop Computers,1.0600,2333.05,synced,2025-12-05 23:38:00.361
SM1895,0199251091940,,ING-SM1895,Desktop Computers,1.0600,7026.68,synced,2025-12-05 23:38:02.864
SM1897,0199251097348,,ING-SM1897,Desktop Computers,1.0600,6595.31,synced,2025-12-05 23:38:01.354
SM1899,0199251091193,,ING-SM1899,Desktop Computers,1.0600,3899.99,synced,2025-12-05 23:37:57.384
SM1900,0199251038891,,ING-SM1900,Desktop Computers,1.0600,2302.75,synced,2025-12-05 23:38:03.853
SM1901,0199251091292,,ING-SM1901,Desktop Computers,1.0600,6034.52,synced,2025-12-05 23:38:02.421
SM1903,0199251097195,,ING-SM1903,Desktop Computers,1.0600,5049.99,synced,2025-12-05 23:38:00.858
SM1904,0199251095993,,ING-SM1904,Desktop Computers,1.0600,6659.99,synced,2025-12-05 23:37:59.857
SM1907,0199251097232,,ING-SM1907,Desktop Computers,1.0600,6199.00,synced,2025-12-05 23:37:29.837
SM1908,0199251097386,,ING-SM1908,Desktop Computers,1.0600,7565.89,synced,2025-12-05 23:37:29.339
SM1909,0199251097317,,ING-SM1909,Desktop Computers,1.0600,6189.99,synced,2025-12-05 23:37:32.34
SM1910,0199251091261,,ING-SM1910,Desktop Computers,1.0600,4899.99,synced,2025-12-05 23:38:01.856
SM1911,0199251097294,,ING-SM1911,Desktop Computers,1.0600,6579.99,synced,2025-12-05 23:38:39.895
SM1912,0199251097331,,ING-SM1912,Desktop Computers,1.0600,9082.58,synced,2025-12-05 23:38:04.854
SM1925,0199251038808,,ING-SM1925,Desktop Computers,1.0600,1460.71,synced,2025-12-05 23:38:04.352
SM1926,0199251038877,,ING-SM1926,Computer Monitors,1.0600,2506.14,synced,2025-12-05 23:37:56.891
SM1930,0199251038914,,ING-SM1930,Computer Monitors,1.0600,1926.26,synced,2025-12-05 23:37:59.353
SM1991,0196388517480,,ING-SM1991,Device-Specific Electronics Chargers,1.1500,77.94,synced,2025-12-05 23:37:58.853
SM2520,0884116487548,,ING-SM2520,Computer Monitors,1.0600,599.00,synced,2025-12-05 23:38:05.365
SM2522,0884116487487,,ING-SM2522,Computer Monitors,1.0600,340.06,synced,2025-12-05 23:37:33.371
SM2523,0884116487494,,ING-SM2523,Computer Monitors,1.0600,369.95,synced,2025-12-05 23:37:32.872
SM2524,0884116487531,,ING-SM2524,Computer Monitors,1.0600,419.00,synced,2025-12-05 23:37:33.877
SM2525,0884116487562,,ING-SM2525,Computer Monitors,1.0600,529.59,synced,2025-12-05 23:38:40.401
SM3569,0197105870406,,ING-SM3569,Computer Video Cards,1.0899,579.99,synced,2025-12-05 23:38:05.882
SM3570,0197105870352,,ING-SM3570,Computer Video Cards,1.0887,637.58,synced,2025-12-05 23:38:06.879
SM3879,0065030910118,,ING-SM3879,Computer Cables,1.1500,37.81,synced,2025-12-05 23:29:37.982
SM3881,0065030902731,,ING-SM3881,Hand Tool Crimpers & Strippers,1.1499,29.63,synced,2025-12-05 23:38:41.423
SM3902,0065030903523,,ING-SM3902,Network Cards,1.1091,225.66,synced,2025-12-05 23:38:06.381
SM4007,0198715536836,,ING-SM4007,Electronics Stands,1.1500,80.14,synced,2025-12-05 23:38:40.902
SM4975,0037332293732,,ING-SM4975,Audio/Video Cables,1.1500,84.83,synced,2025-12-06 00:07:21.66
SM5024,0822088149873,,768158,Network Adapters,1.0953,499.48,synced,2025-12-05 23:38:42.405
SM5778,0195892079118,,ING-SM5778,Computer Keyboard & Mouse Sets,1.1500,21.99,synced,2025-12-05 23:38:08.406
SM5831,0085896340409,,ING-SM5831,Laptop Docking Stations,1.1498,89.99,synced,2025-12-05 23:38:07.38
SM5833,0085896582731,,ING-SM5833,TV & Monitor Mounts,1.1216,,synced,2025-12-05 23:38:12.383
SM5835,0745883892440,,ING-SM5835,Headphones,1.1500,74.10,synced,2025-12-05 23:38:09.897
SM5961,0718037904450,,ING-SM5961,Hard Drives,1.0885,569.99,synced,2025-12-05 23:29:38.489
SM6005,0885022028757,,ING-SM6005,Network-Attached Storage Servers,1.0804,15499.00,synced,2025-12-05 23:38:07.882
SM6006,0885022028788,,ING-SM6006,Network-Attached Storage Servers,1.0806,14663.01,synced,2025-12-05 23:38:08.907
SM6429,0198156469205,,ING-SM6429,Laptop Computers,1.0600,249.99,synced,2025-12-05 23:38:09.401
SM6444,0198156469397,,ING-SM6444,Laptop Computers,1.0600,311.99,synced,2025-12-05 23:37:34.387
SM6785,0198122169856,,ING-SM6785,Printer Drums,1.1500,288.40,synced,2025-12-05 23:38:41.907
SM6794,0198122169726,,ING-SM6794,Printer Drums,1.1500,424.88,synced,2025-12-05 23:38:10.901
SM7239,0649532931897,,ING-SM7239,Electronic Component Sensors,1.1309,126.97,synced,2025-12-05 23:38:10.391
SM7413,0841885103765,,ING-SM7413,VoIP Phones,1.0800,173.75,synced,2025-12-05 23:37:34.884
SM7553,0882508000825,,ING-SM7553,Desktop Computers,1.0600,311.98,synced,2025-12-05 23:38:11.888
SM7837,0850035320648,,ING-09QR40,Barcode Scanners,1.1501,55.43,synced,2025-12-05 23:37:35.373
SM7843,0198415232991,,ING-SM7843,Laptop Docking Stations,1.1072,239.99,synced,2025-12-05 23:37:37.368
SM7844,0198415314918,,ING-SM7844,Laptop Docking Stations,1.1001,279.99,synced,2025-12-05 23:38:12.889
SM7959,0810084692677,,ING-SM7959,Surveillance Cameras,1.0800,584.77,synced,2025-12-06 00:07:16.579
SM8011,0195892103615,,ING-SM8011,Webcams,1.1257,132.75,synced,2025-12-05 23:38:13.892
SM8015,0195892118435,,ING-SM8015,Electronics Docks & Cradles,1.1478,96.39,synced,2025-12-05 23:38:11.4
SM8275,0840390317100,,ING-SM8275,Electronics Film Protectors,1.1501,34.05,synced,2025-12-05 23:38:13.415
SM8857,0065030904728,,ING-SM8857,Media Duplicators,1.1500,77.79,synced,2025-12-05 23:38:16.897
SM8864,0065030907224,,ING-SM8864,KVM Switches,1.0934,554.59,synced,2025-12-05 23:38:22.384
SM8986,0886734897525,,ING-SM8986,Device-Specific Electronics Chargers,1.1500,72.05,synced,2025-12-05 23:38:14.391
SM8993,0808447086492,,ING-SM8993,Network Cables,1.1502,34.63,synced,2025-12-05 23:38:20.905
SM8995,0808447086485,,ING-SM8995,Network Cables,1.1499,32.87,synced,2025-12-05 23:38:16.39
SM8996,0808447086508,,ING-SM8996,Network Cables,1.1500,28.53,synced,2025-12-05 23:38:14.895
SM8999,0808447086553,,ING-SM8999,Network Cables,1.1500,96.48,synced,2025-12-05 23:29:38.989
SM9010,0065030910026,,ING-SM9010,Computer Cables,1.1501,32.31,synced,2025-12-05 23:38:19.387
SM9064,0810032045944,,ING-SM9064,Cell Phone Cases,1.1501,43.35,synced,2025-12-05 23:38:44.409
SM9065,0810032046873,,ING-SM9065,Cell Phone Cases,1.1501,43.40,synced,2025-12-05 23:38:18.403
SM9067,0810032044039,,ING-SM9067,Cell Phone Cases,1.1501,43.40,synced,2025-12-05 23:38:21.387
SM9637,0810084695630,,ING-SM9637,Network Cables,1.1503,17.57,synced,2025-12-05 23:37:36.863
SM9737,0886734899468,,ING-SM9737,Device-Specific Electronics Batteries,1.1501,73.26,synced,2025-12-05 23:38:26.881
SM9783,0198156469427,,ING-SM9783,Laptop Computers,1.0600,275.00,synced,2025-12-05 23:38:19.868
SN0844,0786689860066,,ING-SN0844,Uninterruptible Power Supplies,1.0811,6781.91,synced,2025-12-05 23:38:45.406
SN0857,0037332293787,,ING-SN0857,Computer Cables,1.1325,126.35,synced,2025-12-05 23:29:34.486
SN0868,0037332293763,,ING-SN0868,Computer Cables,1.1500,89.24,synced,2025-12-05 23:38:26.379
SN1075,0884116478645,,ING-SN1075,Desktop Computers,1.0600,1129.99,synced,2025-12-05 23:38:45.911
SN1077,0884116479659,,ING-SN1106,Desktop Computers,1.0600,1532.47,synced,2025-12-05 23:38:22.884
SN1079,0884116491088,,ING-SN1079,Desktop Computers,1.0600,948.15,synced,2025-12-05 23:37:35.875
SN1080,0884116489627,,ING-SN1080,Desktop Computers,1.0600,873.99,synced,2025-12-05 23:29:39.983
SN1082,0884116491064,,ING-SN1082,Desktop Computers,1.0600,836.81,synced,2025-12-05 23:38:44.891
SN1084,0884116480112,,ING-SN1105,Desktop Computers,1.0600,1617.99,synced,2025-12-05 23:38:15.888
SN1085,0884116488293,,ING-SN1085,Desktop Computers,1.0600,933.61,synced,2025-12-05 23:38:42.913
SN1087,0884116490647,,ING-SN1087,Desktop Computers,1.0600,750.99,synced,2025-12-05 23:37:38.362
SN1089,0884116488231,,ING-SN1089,Desktop Computers,1.0600,699.99,synced,2025-12-05 23:38:25.889
SN1092,0884116488972,,ING-SN1092,Desktop Computers,1.0600,1249.00,synced,2025-12-05 23:38:43.41
SN1094,0884116489924,,ING-SN1094,Laptop Computers,1.0600,764.99,synced,2025-12-06 00:07:59.414
SN1099,0884116491620,,ING-SN1099,Laptop Computers,1.0600,1738.57,synced,2025-12-05 23:52:53.887
SN1100,0884116473220,,ING-SN1100,Desktop Computers,1.0600,958.43,synced,2025-12-05 23:52:54.368
SN1102,0884116487760,,ING-SN1102,Desktop Computers,1.0600,1490.99,synced,2025-12-05 23:38:24.881
SN1103,0884116478676,,ING-SN1103,Desktop Computers,1.0600,1291.99,synced,2025-12-05 23:38:18.906
SN1109,0884116490661,,ING-SN1109,Desktop Computers,1.0600,890.21,synced,2025-12-05 23:29:39.484
SN1110,0884116490654,,ING-SN1110,Desktop Computers,1.0600,842.99,synced,2025-12-05 23:38:17.393
SN1114,0884116489610,,ING-SN1114,Desktop Computers,1.0600,762.99,synced,2025-12-05 23:38:43.895
SN1116,0884116487821,,ING-SN1116,Desktop Computers,1.0600,1206.99,synced,2025-12-05 23:37:36.377
SN1121,0884116488286,,ING-SN1121,Desktop Computers,1.0600,749.99,synced,2025-12-05 23:29:42.991
SN1122,0884116488262,,ING-SN1122,Desktop Computers,1.0600,1293.19,synced,2025-12-05 23:38:20.395
SN1123,0884116487814,,ING-SN1123,Desktop Computers,1.0600,1169.99,synced,2025-12-05 23:38:21.882
SN1125,0884116487852,,ING-SN1125,Desktop Computers,1.0600,1650.99,synced,2025-12-05 23:38:15.398
SN1130,0884116487647,,ING-SN1130,Desktop Computers,1.0600,723.99,synced,2025-12-05 23:38:17.91
SN1135,0884116487654,,ING-SN1135,Desktop Computers,1.0600,844.99,synced,2025-12-05 23:38:25.378
SN1200,0195892123859,,ING-SN1200,Hard Drives,1.1123,216.41,synced,2025-12-05 23:29:33.988
SN1582,0810084699768,,ING-SN1582,Network Switch Modules,1.1501,33.98,synced,2025-12-05 23:29:41.002
SN1585,0628012404991,,ING-SN1585,Motherboards,1.0831,2455.63,synced,2025-12-05 23:29:43.981
SN1595,0706487027751,,ING-SN1595,Headsets,1.1168,189.00,synced,2025-12-05 23:38:46.899
SN1597,0706487027140,,ING-SN1597,Headsets,1.1427,138.00,synced,2025-12-05 23:52:01.816
SN1600,0706487027157,,ING-SN1600,Headsets,1.1427,138.00,synced,2025-12-05 23:51:59.316
SN1604,0706487027775,,ING-SN1604,Headsets,1.1150,165.60,synced,2025-12-05 23:38:29.859
SN1606,0706487027508,,ING-SN1606,Headsets,1.1166,164.17,synced,2025-12-05 23:38:30.863
SN1608,0706487027515,,ING-SN1608,Headsets,1.1166,155.00,synced,2025-12-05 23:29:41.482
SN1691,0065030912839,,ING-SN1691,Computer Cables,1.1501,46.16,synced,2025-12-05 23:38:23.405
SN1692,0065030912822,,ING-SN1692,Computer Cables,1.1501,32.38,synced,2025-12-05 23:38:27.887
SN1694,0065030918046,,ING-SN1694,Computer Cables,1.1499,30.54,synced,2025-12-05 23:38:31.36
SN1695,0065030916363,,ING-SN1695,Audio/Video Cables,1.1501,33.29,synced,2025-12-05 23:38:24.379
SN1880,0195892122470,,ING-SN1880,Webcams,1.1501,35.99,synced,2025-12-05 23:38:46.41
SN1921,0195133188333,,ING-SN1921,Computer Monitors,1.0600,251.82,synced,2025-12-05 23:38:30.359
SN2420,0097855202819,,ING-SN2420,Computer Mice,1.1500,32.00,synced,2025-12-05 23:38:29.357
SN2422,0097855202833,,ING-SN2422,Computer Mice,1.1500,29.99,synced,2025-12-06 00:08:00.916
SN2423,0097855202840,,ING-SN2423,Computer Mice,1.1500,32.99,synced,2025-12-05 23:29:40.484
SN2424,0097855202871,,ING-SN2424,Computer Mice,1.1500,24.99,synced,2025-12-05 23:29:43.487
SN2427,0097855202864,,ING-SN2427,Computer Mice,1.1500,19.00,synced,2025-12-05 23:37:37.882
SN6849,0840390354181,,ING-SN6849,Electronics Film Protectors,1.1499,37.08,synced,2025-12-05 23:38:28.383
SN6852,0840390354228,,ING-SN6852,Electronics Film Protectors,1.1499,40.43,synced,2025-12-05 23:38:27.379
SN6883,0198156591166,,ING-SN6883,Electronics Docks & Cradles,1.0818,3883.94,synced,2025-12-05 23:38:23.879
SN7378,0740617347678,,ING-SN7378,Flash Memory,1.1501,23.14,synced,2025-12-05 23:38:28.859
SN7453,0195174102640,,ING-SN7453,Televisions,1.0800,746.99,synced,2025-12-05 23:38:33.902
SN7460,0195174103951,,ING-SN7460,Televisions,1.0800,896.99,synced,2025-12-05 23:29:41.978
SN7466,0195174105993,,ING-SN7466,Televisions,1.0800,996.99,synced,2025-12-05 23:38:34.403
SN7468,0195174102428,,ING-SN7468,Televisions,1.0800,289.99,synced,2025-12-06 00:07:21.177
SN7480,0195174104149,,ING-SN7480,Televisions,1.0800,426.99,synced,2025-12-05 23:38:31.86
SN7483,0195174102510,,ING-SN7483,Televisions,1.0800,642.43,synced,2025-12-05 23:38:32.386
SN7486,0195174102480,,ING-SN7486,Televisions,1.0800,626.94,synced,2025-12-05 23:38:32.891
SN7661,0765010778331,,ING-SN7661,Computer Scanners,1.1300,157.89,synced,2025-12-05 23:38:47.415
SN8139,7331021087637,,ING-SN8139,Camera & Camcorder Mounts,1.1339,129.68,synced,2025-12-05 23:38:33.392
SQ2563,0198701401070,,ING-SQ2563,Computer Scanners,1.0897,756.56,synced,2025-12-06 00:14:49.205
SQ2589,0606449170139,,ING-SQ2589,USB Wi-Fi Adapters,1.1500,41.99,synced,2025-12-06 00:14:48.201
SQ2597,0606449169591,,ING-SQ2597,Network Routers,1.0986,356.80,synced,2025-12-06 00:15:40.727
SQ2651,0824142421901,,ING-SQ2651,Laptop Computers,1.0600,599.00,synced,2025-12-06 00:14:28.194
SQ2655,0824142418697,,ING-SQ2655,Desktop Computers,1.0600,3279.00,synced,2025-12-06 00:14:47.186
SQ2656,0824142406427,,ING-SQ2656,Desktop Computers,1.0600,1172.16,synced,2025-12-06 00:15:40.208
SQ2660,0824142406458,,ING-SQ2660,Desktop Computers,1.0600,629.00,synced,2025-12-06 00:15:41.204
SQ2674,0824142406441,,ING-SQ2674,Desktop Computers,1.0600,878.98,synced,2025-12-06 00:14:28.69
SQ2684,0886734897228,,ING-SL4859,Device-Specific Electronics Chargers,1.1501,55.92,synced,2025-12-06 00:14:47.698
SQ2706,0198828032911,,ING-SQ2706,Computer Monitors,1.0600,119.00,synced,2025-12-06 00:14:49.689
SQ2896,0810177160298,,ING-SQ2896,Wireless Access Points,1.1118,239.99,synced,2025-12-06 00:14:48.69
SQ2978,0198157015050,,ING-SQ2978,Desktop Computers,1.0600,3546.53,synced,2025-12-05 23:52:04.847
SQ3613,0841567005936,,ING-SQ3613,Computer Cables,1.1498,24.67,synced,2025-12-06 00:14:29.18
SQ3621,0841567005929,,ING-SQ3621,Computer Cables,1.1501,21.05,synced,2025-12-05 23:51:25.33
SQ3622,0841567006018,,ING-SQ3622,Computer Cables,1.1500,82.48,synced,2025-12-06 00:14:46.696
SQ3981,0198828505583,,ING-SQ3981,Printers & All-in-Ones,1.1500,14005.53,synced,2025-12-06 00:14:50.694
SQ4032,0065030906197,,ING-SQ4032,Network Adapters,1.1500,42.13,synced,2025-12-05 23:34:23.803
SQ4033,0065030911511,,ING-SQ4033,KVM Switches,1.0977,435.10,synced,2025-12-06 00:14:51.196
SQ4127,0884116487449,,ING-SQ4127,Computer Monitors,1.0600,137.83,synced,2025-12-06 00:14:52.19
SQ4128,0884116484554,,ING-SQ4128,Computer Monitors,1.0600,4476.67,synced,2025-12-06 00:14:51.693
SQ4194,0884116487432,,ING-SQ4194,Computer Monitors,1.0600,166.93,synced,2025-12-06 00:14:30.178
SQ4197,0884116487470,,ING-SQ4197,Computer Monitors,1.0600,158.28,synced,2025-12-06 00:14:52.692
SQ4198,0884116487456,,ING-SQ4198,Computer Monitors,1.0600,161.03,synced,2025-12-06 00:15:41.709
SQ4202,0745883892525,,ING-SQ4202,Headphones,1.1500,33.99,synced,2025-12-06 00:14:50.182
SQ5944,0810084699911,,ING-SQ5944,Hardware Brackets,1.1501,28.51,synced,2025-12-06 00:14:29.681
SQ6144,0198156469250,,ING-SQ6144,Laptop Computers,1.0600,269.99,synced,2025-12-06 00:14:31.177
SQ6146,0195348986762,,ING-SQ6146,Other Electronic Components & Accessories,1.0814,5046.37,synced,2025-12-06 00:14:31.682
SQ6473,0757120010920,,103195,Network Cables,1.1500,18.37,synced,2025-12-06 00:14:30.68
SQ6849,0884116456940,,ING-SQ6849,Desktop Computers,1.0600,1585.94,synced,2025-12-06 00:14:54.198
SQ7138,0663072957179,,272647,Antennas,1.0800,13.99,synced,2025-12-06 00:15:42.208
SQ7527,0783750012881,,ING-SQ7527,Computer Keyboards,1.1500,63.99,synced,2025-12-06 00:14:53.2
SQ7558,0065030911948,,ING-SQ7558,Computer Cables,1.1500,43.18,synced,2025-12-06 00:14:53.69
SQ7559,0065030911337,,ING-SQ7559,Network Cards,1.1499,59.02,synced,2025-12-06 00:14:32.18
SQ8192,0784090035899,,462227,Hard Drives,1.0891,342.03,synced,2025-12-06 00:14:55.704
SQ8196,0784090038319,,634947,Hard Drives,1.0984,325.73,synced,2025-12-06 00:15:44.218
SQ8197,0784090038111,,628675,Hard Drives,1.1034,282.58,synced,2025-12-06 00:14:56.198
SQ8199,0784090039507,,713344,Hard Drives,1.1122,211.45,synced,2025-12-06 00:15:42.707
SQ8200,0784090039781,,733542,RAM Memory,1.1160,121.42,synced,2025-12-06 00:15:43.207
SQ8203,0784090039774,,733541,RAM Memory,1.1471,59.94,synced,2025-12-06 00:14:33.185
SQ8205,0784090039835,,729700,RAM Memory,1.1471,59.93,synced,2025-12-06 00:14:54.69
SQ8207,0784090039798,,733543,RAM Memory,1.1118,151.54,synced,2025-12-06 00:14:57.202
SQ8660,0884116482680,,ING-SQ8660,Laptop Computers,1.0600,1556.80,synced,2025-12-06 00:14:57.706
SQ8662,0884116482567,,ING-SQ8662,Laptop Computers,1.0600,2387.99,synced,2025-12-06 00:14:56.696
SQ8668,0884116482543,,ING-SQ8668,Laptop Computers,1.0600,2039.47,synced,2025-12-06 00:14:55.197
SQ8673,0884116482697,,ING-SQ8673,Laptop Computers,1.0600,1589.11,synced,2025-12-06 00:15:43.708
SQ8677,0884116482536,,ING-SQ8677,Laptop Computers,1.0600,1659.99,synced,2025-12-06 00:14:33.7
SQ8678,0884116482802,,ING-SQ8678,Laptop Computers,1.0600,1879.99,synced,2025-12-06 00:14:58.189
SQ8680,0884116482673,,ING-SQ8680,Laptop Computers,1.0600,1605.99,synced,2025-12-06 00:14:32.677
SR0035,0810010070043,,ING-SR0035,Household Sensors & Alarms,1.1500,196.67,synced,2025-12-06 00:15:03.181
SR0086,0837324005110,,ING-SR0086,Network Switches,1.1261,147.03,synced,2025-12-05 23:34:31.252
SR0087,0837324005097,,ING-SR0087,Network Switches,1.1169,193.12,synced,2025-12-06 00:15:01.685
SR0107,0037332292803,,ING-SR0107,Power Cables,1.1501,62.26,synced,2025-12-06 00:15:02.683
SR0110,0037332290649,,ING-SR0110,Laptop Docking Stations,1.1499,57.08,synced,2025-12-05 23:34:20.764
SR0112,0037332292735,,ING-SR0112,Power Cables,1.1500,45.04,synced,2025-12-06 00:15:46.703
SR0114,0037332292926,,ING-SR0114,Power Cables,1.1500,43.63,synced,2025-12-06 00:15:00.681
SR0121,0037332292940,,ING-SR0121,Power Cables,1.1500,55.13,synced,2025-12-06 00:15:00.194
SR0124,0037332292964,,ING-SR0124,Power Cables,1.1499,79.25,synced,2025-12-06 00:14:59.679
SR0125,0037332292933,,ING-SR0125,Power Cables,1.1501,46.90,synced,2025-12-06 00:15:46.206
SR0130,0037332292957,,ING-SR0130,Power Cables,1.1499,63.65,synced,2025-12-06 00:14:58.681
SR0133,0037332292773,,ING-SR0133,Power Cables,1.1501,26.89,synced,2025-12-06 00:14:36.696
SR0135,0037332292810,,ING-SR0135,Power Cables,1.1176,229.06,synced,2025-12-06 00:15:45.714
SR0160,0074983921461,,ING-SR0160,Network Cables,1.1501,70.21,synced,2025-12-06 00:14:34.193
SR0162,0074983921416,,ING-YZ6333,Network Cables,1.1501,73.84,synced,2025-12-06 00:15:44.715
SR0254,0837324005134,,ING-SR0254,Network Switches,1.1199,178.65,synced,2025-12-06 00:14:34.69
SR0777,0013803381276,,ING-SR0777,Printers & All-in-Ones,1.1500,344.99,synced,2025-12-06 00:14:59.178
SR0778,0013803381320,,ING-SR0778,Printers & All-in-Ones,1.1500,431.99,synced,2025-12-06 00:15:02.183
SR0789,0013803381221,,ING-SR0789,Printers & All-in-Ones,1.1500,474.50,synced,2025-12-06 00:15:45.221
SR1023,0198156203618,,ING-SR1023,Computer Monitors,1.0600,249.99,synced,2025-12-05 23:34:31.75
SR1092,0783750012881,,ING-SQ7527,Computer Keyboards,1.1500,63.99,synced,2025-12-06 00:14:35.207
SR1096,0783750007306,,ING-SR1096,Magnetic Stripe Readers,1.1500,49.99,synced,2025-12-06 00:15:01.181
SR1116,9350784102386,,ING-SR1116,Webcams,1.1095,170.15,synced,2025-12-06 00:14:35.691
SR1118,9350784030245,,ING-SR1118,Portable Power Packs,1.1107,240.43,synced,2025-12-06 00:15:47.197
SR1894,0850001446938,,ING-SR1894,Computer Monitors,1.0600,309.43,synced,2025-12-06 00:15:04.181
SR1895,0810130760084,,ING-SR1895,Computer Monitors,1.0600,699.99,synced,2025-12-06 00:15:03.682
SR1896,0810130760664,,ING-SR1896,Computer Keyboards,1.0975,349.94,synced,2025-12-06 00:14:36.193
SR2636,0840390366955,,ING-SR2636,Electronics Film Protectors,1.1499,65.03,synced,2025-12-06 00:14:38.686
SR2677,0013803385243,,ING-SR2677,Printers & All-in-Ones,1.1500,1593.30,synced,2025-12-06 00:15:48.199
SR2759,0884116490869,,ING-SR2759,Desktop Computers,1.0600,1505.14,synced,2025-12-06 00:14:37.193
SR2760,0884116490852,,ING-SR2760,Desktop Computers,1.0600,1311.99,synced,2025-12-06 00:15:10.191
SR2762,0884116487944,,ING-SR2762,Desktop Computers,1.0600,1068.99,synced,2025-12-06 00:15:47.691
SR2764,0884116490692,,ING-SR2764,Desktop Computers,1.0600,1686.65,synced,2025-12-06 00:14:38.201
SR2771,0884116487975,,ING-SR2771,Desktop Computers,1.0600,1799.55,synced,2025-12-06 00:15:08.693
SR2772,0884116490890,,ING-SR2772,Desktop Computers,1.0600,2391.99,synced,2025-12-06 00:15:50.704
SR2773,0884116490883,,ING-SR2773,Desktop Computers,1.0600,1644.99,synced,2025-12-05 23:52:05.849
SR2774,0884116490739,,ING-SR2774,Desktop Computers,1.0600,2103.99,synced,2025-12-06 00:15:05.686
SR2775,0884116490906,,ING-SR2775,Desktop Computers,1.0600,2612.80,synced,2025-12-06 00:15:49.702
SR3268,8718868918895,,ING-SR3268,Wireless Access Points,1.1206,170.05,synced,2025-12-06 00:14:37.697
SR3270,8720297442704,,ING-SR3270,Computer Racks & Mounts,1.1305,138.70,synced,2025-12-06 00:15:11.191
SR3278,0872029744179,,ING-SR3278,Computer Racks & Mounts,1.1303,139.11,synced,2025-12-06 00:15:05.183
SR3359,0757120298113,,149193,Power Cables,1.1501,20.52,synced,2025-12-05 23:34:32.771
SR3518,0199251403248,,ING-SR3518,Laptop Computers,1.0600,2968.56,synced,2025-12-06 00:15:08.21
SR3519,0199251403170,,ING-SR3519,Laptop Computers,1.0600,1889.99,synced,2025-12-05 23:34:32.253
SR3520,0199251401930,,ING-SR3520,Laptop Computers,1.0600,2145.51,synced,2025-12-06 00:15:48.697
SR3523,0199251403347,,ING-SR3523,Laptop Computers,1.0600,1762.04,synced,2025-12-06 00:15:50.2
SR3526,0199251400483,,ING-SR3526,Laptop Computers,1.0600,1823.43,synced,2025-12-06 00:15:51.203
SR3527,0199251403200,,ING-SR3527,Laptop Computers,1.0600,1841.78,synced,2025-12-06 00:15:07.72
SR3531,0199251402210,,ING-SR3531,Laptop Computers,1.0600,2114.27,synced,2025-12-06 00:15:04.682
SR3535,0199251402913,,ING-SR3535,Laptop Computers,1.0600,2354.11,synced,2025-12-05 23:51:32.316
SR3536,0199251403279,,ING-SR3536,Laptop Computers,1.0600,3032.93,synced,2025-12-06 00:15:09.712
SR3537,0199251401916,,ING-SR3537,Laptop Computers,1.0600,2042.63,synced,2025-12-06 00:15:06.212
SR3539,0199251403422,,ING-SR3539,Laptop Computers,1.0600,1799.99,synced,2025-12-05 23:52:03.82
SR3540,0199251403316,,ING-SR3540,Laptop Computers,1.0600,2885.99,synced,2025-12-06 00:15:06.693
SR3544,0199251400520,,ING-SR3544,Laptop Computers,1.0600,1596.04,synced,2025-12-06 00:15:09.199
SR3547,0199251403408,,ING-SR3547,Laptop Computers,1.0600,2440.99,synced,2025-12-05 23:34:21.265
SR3694,9350784023827,,ING-SR3694,Laptop Docking Stations,1.0965,293.54,synced,2025-12-06 00:15:07.202
SR3925,0199251321979,,ING-SR3925,Desktop Computers,1.0600,2173.49,synced,2025-12-06 00:15:49.197
SR3930,0199251322068,,ING-SR3930,Desktop Computers,1.0600,2719.99,synced,2025-12-06 00:15:14.698
SR3953,0199251322037,,ING-SR3953,Desktop Computers,1.0600,2340.98,synced,2025-12-06 00:15:12.196
SR3956,0199251322013,,ING-SR3956,Desktop Computers,1.0600,2409.99,synced,2025-12-06 00:15:14.199
SR3957,0199251322129,,ING-SR3957,Desktop Computers,1.0600,2322.13,synced,2025-12-06 00:15:51.693
SR4469,0810164142108,,ING-SR4469,Headsets,1.1500,24.99,synced,2025-12-06 00:15:10.701
SR4472,0810164142115,,ING-SR4472,Computer Mice,1.1500,24.99,synced,2025-12-06 00:15:15.694
SR4473,0810164142061,,ING-SR4473,Headsets,1.1500,44.99,synced,2025-12-06 00:15:15.221
SR4474,0810164142092,,ING-SR4474,Computer Mice,1.1500,59.99,synced,2025-12-06 00:15:12.695
SR4475,0810164142078,,ING-SR4475,Computer Mice,1.1500,44.99,synced,2025-12-06 00:15:13.691
SR4551,0886734899420,,ING-SR4551,Device-Specific Electronics Batteries,1.1500,86.90,synced,2025-12-06 00:15:13.185
SR4570,0051144066032,,ING-SR4570,Screen Privacy Filters,1.1500,73.72,synced,2025-12-06 00:15:11.69
SR5294,0810111421119,,ING-SR5294,Hard Drives,1.0995,351.38,synced,2025-12-06 00:15:16.187
SR5295,0810111420334,,ING-SR5295,Flash Drives,1.1500,92.02,synced,2025-12-06 00:14:39.693
SR5309,0810111421126,,ING-SR5309,Hard Drives,1.0941,486.24,synced,2025-12-05 23:34:24.275
SR5311,0810111421102,,ING-SR5311,Hard Drives,1.1053,268.77,synced,2025-12-06 00:15:16.689
SR5320,0810111422680,,ING-SR5320,Hard Drives,1.0941,429.95,synced,2025-12-06 00:15:17.192
SR5324,0810111423151,,ING-SR5324,Hard Drives,1.0879,837.56,synced,2025-12-05 23:34:21.793
SR5331,0810111422659,,ING-SR5331,Hard Drives,1.1038,283.60,synced,2025-12-06 00:15:17.686
SR5530,0198990984568,,ING-SR5530,Laptop Computers,1.0600,1680.70,synced,2025-12-06 00:14:39.201
SR6414,0884116197676,,ING-SR6414,Network Adapters,1.1500,96.75,synced,2025-12-06 00:14:40.196
SR6487,0085896336228,,ING-SR6487,Laptop Docking Stations,1.1195,127.49,synced,2025-12-05 23:34:24.763
SR7229,0822088127444,,705916,Network Cables,1.1500,16.65,synced,2025-12-06 00:15:18.689
SR7596,0085896811800,,ING-SR7596,Webcams,1.1500,36.14,synced,2025-12-05 23:34:22.253
SR7597,0085896834564,,ING-SR7597,Headsets,1.1348,128.09,synced,2025-12-06 00:14:40.698
SR7616,0198990838489,,ING-SR7616,Laptop Computers,1.0600,955.99,synced,2025-12-06 00:15:18.204
SR8321,0199251519390,,ING-SR8321,Desktop Computers,1.0600,1189.00,synced,2025-12-05 23:52:05.356
SR8332,0198990984421,,ING-SR8332,Laptop Computers,1.0600,1634.30,synced,2025-12-06 00:15:22.238
SR8333,0198990984544,,ING-SR8333,Laptop Computers,1.0600,1799.00,synced,2025-12-06 00:15:25.199
SR8334,0199251106934,,ING-SR8334,Laptop Computers,1.0600,1304.15,synced,2025-12-05 23:29:33.477
SR8339,0199251086212,,ING-SR8339,Laptop Computers,1.0600,1920.93,synced,2025-12-06 00:15:28.206
SR8340,0199251086137,,ING-SR8340,Laptop Computers,1.0600,2083.53,synced,2025-12-05 23:34:27.77
SR8343,0199251093524,,ING-SR8343,Laptop Computers,1.0600,1555.05,synced,2025-12-06 00:15:25.73
SR8345,0199251093500,,ING-SR8345,Laptop Computers,1.0600,1749.99,synced,2025-12-05 23:37:21.877
SR8346,0199251086243,,ING-SR8346,Laptop Computers,1.0600,1665.71,synced,2025-12-06 00:15:27.2
SR8348,0199251109614,,ING-SR8348,Laptop Computers,1.0600,1569.53,synced,2025-12-06 00:15:22.7
SR8349,0199251108853,,ING-SR8349,Laptop Computers,1.0600,1805.43,synced,2025-12-06 00:15:28.685
SR8353,0199251039553,,ING-SR8353,Laptop Computers,1.0600,1327.99,synced,2025-12-06 00:15:23.709
SR8356,0198990915524,,ING-SR8356,Laptop Computers,1.0600,1349.43,synced,2025-12-06 00:15:27.699
SR8357,0198990910710,,ING-SR8357,Laptop Computers,1.0600,1286.99,synced,2025-12-05 23:29:32.48
SR8358,0199251252303,,ING-SR8358,Laptop Computers,1.0600,837.99,synced,2025-12-06 00:15:26.705
SR8359,0198990915470,,ING-SR8359,Laptop Computers,1.0600,1571.76,synced,2025-12-06 00:14:43.214
SR8360,0198990826875,,ING-SR8404,Laptop Computers,1.0600,1192.35,synced,2025-12-05 23:34:26.773
SR8362,0199251249853,,ING-SR8362,Laptop Computers,1.0600,1539.85,synced,2025-12-06 00:14:43.687
SR8363,0199251231957,,ING-SR8363,Laptop Computers,1.0600,1699.99,synced,2025-12-06 00:08:04.919
SR8364,0198990910758,,ING-SR8364,Laptop Computers,1.0600,1394.41,synced,2025-12-05 23:29:32.154
SR8365,0199251257681,,ING-SR8365,Laptop Computers,1.0600,840.99,synced,2025-12-06 00:14:41.692
SR8367,0199251250316,,ING-SR8367,Laptop Computers,1.0600,1422.16,synced,2025-12-05 23:29:33.016
SR8370,0199251255793,,ING-SR8370,Laptop Computers,1.0600,1045.50,synced,2025-12-05 23:34:22.772
SR8371,0199251255823,,ING-SR8371,Laptop Computers,1.0600,1209.27,synced,2025-12-05 23:37:16.371
SR8374,0198990910765,,ING-SR8374,Laptop Computers,1.0600,1671.74,synced,2025-12-05 23:37:18.862
SR8375,0198990915500,,ING-SR8375,Laptop Computers,1.0600,1470.35,synced,2025-12-06 00:15:26.205
SR8377,0198990910789,,ING-SR8377,Laptop Computers,1.0600,1698.49,synced,2025-12-05 23:37:16.863
SR8378,0198990911182,,ING-SR8378,Laptop Computers,1.0600,1660.74,synced,2025-12-06 00:15:23.213
SR8379,0198990911212,,ING-SR8379,Laptop Computers,1.0600,1841.49,synced,2025-12-06 00:14:42.188
SR8381,0198990911236,,ING-SR8381,Laptop Computers,1.0600,1562.99,synced,2025-12-06 00:15:24.206
SR8383,0198990911144,,ING-SR8383,Laptop Computers,1.0600,1415.99,synced,2025-12-06 00:15:24.71
SR8387,0199251519574,,ING-SR8387,Laptop Computers,1.0600,1390.92,synced,2025-12-05 23:37:20.374
SR8388,0198990826868,,ING-SR8388,Laptop Computers,1.0600,1380.80,synced,2025-12-06 00:15:19.693
SR8391,0198990838557,,ING-SR8391,Laptop Computers,1.0600,1036.99,synced,2025-12-06 00:14:42.699
SR8392,0199251231971,,ING-SR8392,Laptop Computers,1.0600,1832.49,synced,2025-12-05 23:34:27.279
SR8393,0198990838571,,ING-SR8393,Laptop Computers,1.0600,1309.99,synced,2025-12-05 23:37:22.378
SR8397,0199251519239,,ING-SR8397,Laptop Computers,1.0600,1742.39,synced,2025-12-05 23:34:26.278
SR8398,0199251134432,,ING-SR8398,Desktop Computers,1.0600,1467.94,synced,2025-12-05 23:52:06.362
SR8399,0199251353871,,ING-SR8399,Laptop Computers,1.0600,1902.50,synced,2025-12-06 00:15:19.196
SR8401,0199251249877,,ING-SR8401,Laptop Computers,1.0600,1557.99,synced,2025-12-05 23:34:25.796
SR8402,0199251249792,,ING-SR8402,Laptop Computers,1.0600,1537.19,synced,2025-12-06 00:15:20.195
SR8406,0198990838502,,ING-SR8406,Laptop Computers,1.0600,985.99,synced,2025-12-05 23:37:18.366
SR8410,0199251051555,,ING-SR8410,Laptop Computers,1.0600,1378.02,synced,2025-12-05 23:37:21.383
SR8416,0199251231995,,ING-SR8416,Laptop Computers,1.0600,1731.03,synced,2025-12-05 23:37:19.374
SR8418,0199251134548,,ING-SR8418,Desktop Computers,1.0600,821.69,synced,2025-12-05 23:34:25.27
SR8421,0199251134555,,ING-SR8421,Desktop Computers,1.0600,1394.50,synced,2025-12-06 00:14:41.186
SR8973,0767035239729,,ING-SR8973,Network Switches,1.1018,237.15,synced,2025-12-06 00:15:20.695
SR9025,0845973088101,,ING-8PN449,Network Switches,1.0907,549.99,synced,2025-12-06 00:15:21.208
SR9402,7331021087118,,ING-SR9402,Surveillance Cameras,1.0800,1544.15,synced,2025-12-06 00:15:21.711
SR9409,7331021087125,,ING-SR9409,Surveillance Cameras,1.0800,1779.30,synced,2025-12-05 23:37:19.864
SS0024,0841969101441,,ING-SS0024,Network Testers,1.0813,5736.45,synced,2025-12-05 23:37:20.884
SS0027,0841969101410,,ING-SS0027,Network Testers,1.0813,5343.01,synced,2025-12-06 00:15:29.187
SS0028,0841969101403,,ING-SS0028,Spectrum Analyzers,1.1500,1286.25,synced,2025-12-06 00:15:29.688
SS0483,0065030922739,,ING-SS0483,Computer Cables,1.1502,12.03,synced,2025-12-06 00:15:34.211
SS0506,0065030922722,,ING-SS0506,Computer Cables,1.1499,8.29,synced,2025-12-05 23:34:28.753
SS0681,0196388570683,,ING-SS0681,Laptop Computers,1.0600,2349.99,synced,2025-12-06 00:15:33.202
SS0687,0196388570652,,ING-SS0687,Laptop Computers,1.0600,2525.24,synced,2025-12-05 23:34:29.253
SS0689,0196388570690,,ING-SS0689,Laptop Computers,1.0600,3073.08,synced,2025-12-06 00:15:30.694
SS0690,0196388570645,,ING-SS0690,Laptop Computers,1.0600,1199.00,synced,2025-12-05 23:34:28.285
SS0695,0196388570676,,ING-SS0695,Laptop Computers,1.0600,2299.99,synced,2025-12-05 23:37:23.885
SS0764,0884116490951,,ING-SS0764,Laptop Computers,1.0600,1767.69,synced,2025-12-05 23:34:29.751
SS1327,0198957213137,,ING-SS1327,Cell Phones,1.0800,641.87,synced,2025-12-06 00:15:32.689
SS1453,0810084699928,,ING-SS1453,Network Switches,1.1031,265.99,synced,2025-12-05 23:37:23.396
SS1454,0810177160663,,ING-SS1454,Network Switches,1.0836,1968.82,synced,2025-12-06 00:15:30.187
SS1455,0810177163176,,ING-SS1455,Network Switches,1.0826,2734.47,synced,2025-12-06 00:15:33.71
SS1637,0824142421260,,ING-SS1637,Desktop Computers,1.0600,1923.76,synced,2025-12-06 00:15:32.188
SS1641,0824142422359,,ING-SS1641,Desktop Computers,1.0600,2733.73,synced,2025-12-06 00:14:44.193
SS1643,0824142425367,,ING-SS1643,Desktop Computers,1.0600,2279.00,synced,2025-12-05 23:34:23.264
SS1652,0824142411162,,ING-SS1652,Laptop Computers,1.0600,1736.29,synced,2025-12-06 00:15:31.188
SS1655,0824142355251,,ING-SS1655,Laptop Computers,1.0600,1863.36,synced,2025-12-05 23:37:24.363
SS1701,0819927013549,,ING-SS1701,T-Shirts,1.1500,79.95,synced,2025-12-05 23:37:22.877
SS1702,0819927013488,,ING-SS1702,Laptop Docking Stations,1.1014,279.95,synced,2025-12-06 00:15:31.689
SS1863,0198158137126,,ING-SS1863,Desktop Computers,1.0600,1398.02,synced,2025-12-06 00:15:34.716
SS3300,0810084697740,,ING-SS3300,Network Cables,1.1133,210.35,synced,2025-12-06 00:15:35.204
SS3652,0196388543410,,ING-SS3653,Computer Keyboards,1.1327,136.62,synced,2025-12-06 00:08:05.421
SS3658,0196388548286,,ING-SS3658,Laptop Computers,1.0600,1343.49,synced,2025-12-06 00:14:44.709
SS3666,0196388548385,,ING-SS3666,Laptop Computers,1.0600,1166.66,synced,2025-12-06 00:15:35.698
SS3830,0198157015067,,ING-SS3830,Desktop Computers,1.0600,2943.99,synced,2025-12-06 00:15:37.711
SS3908,0766907032062,,ING-SS3908,Computer Monitors,1.0600,279.99,synced,2025-12-06 00:07:24.173
SS4189,0810084699935,,ING-SS4189,Network Switches,1.1050,279.99,synced,2025-12-06 00:15:37.208
SS4595,0012502678953,,ING-SS4595,Label Maker Tape,1.1501,14.49,synced,2025-12-05 23:37:24.875
SS4598,0037332291356,,ING-SS4598,Cable Organizers,1.1500,237.05,synced,2025-12-06 00:14:45.698
SS4671,0840064411837,,ING-SS4671,Headsets,1.1082,247.97,synced,2025-12-05 23:52:02.818
SS4961,0884116469650,,ING-KS6047,Power Adapters,1.1500,37.81,synced,2025-12-06 00:15:39.716
SS4971,0198828044150,,ING-SS4971,Computer Monitors,1.0600,149.00,synced,2025-12-06 00:15:36.218
SS5234,0824142355510,,ING-SS5234,Laptop Computers,1.0600,3547.72,synced,2025-12-06 00:15:36.707
SS5358,0097855124265,,ING-4U0328,Computer Keyboard & Mouse Sets,1.1500,79.99,synced,2025-12-06 00:14:45.191
SS5381,9120056502837,,ING-SS5381,Microphones,1.0989,397.47,synced,2025-12-05 23:34:30.25
SS5383,9120056503841,,ING-SS5383,Microphones,1.1498,17.22,synced,2025-12-05 23:37:25.367
SS5386,9120056501137,,ING-SS5386,Microphones,1.0971,349.00,synced,2025-12-05 23:52:04.319
SS5435,0065030920742,,ING-SS5435,Network Cables,1.1499,42.53,synced,2025-12-06 00:12:26.105
SS5436,0065030920773,,ING-SS5436,Network Cables,1.1501,30.42,synced,2025-12-06 00:10:34.535
SS5437,0065030920834,,ING-SS5437,Network Cables,1.1381,124.68,synced,2025-12-06 00:15:38.696
SS5438,0065030920797,,ING-SS5438,Network Cables,1.1500,52.45,synced,2025-12-05 23:33:48.282
SS5439,0065030920841,,ING-SS5439,Network Cables,1.1488,104.72,synced,2025-12-05 23:33:23.747
SS5440,0065030922579,,ING-SS5440,Network Cables,1.1501,64.23,synced,2025-12-06 00:15:38.216
SS5441,0065030920780,,ING-SS5441,Network Cables,1.1499,56.44,synced,2025-12-06 00:10:33.532
SS5442,0065030920827,,ING-SS5442,Network Cables,1.1500,85.18,synced,2025-12-06 00:10:30.522
SS5443,0065030920759,,ING-SS5443,Network Cables,1.1499,28.64,synced,2025-12-05 23:33:24.238
SS5444,0065030920766,,ING-SS5444,Network Cables,1.1501,35.16,synced,2025-12-05 23:37:25.878
SS5445,0065030920735,,ING-SS5445,Network Cables,1.1501,26.14,synced,2025-12-06 00:12:24.606
SS5573,0810111422482,,ING-SS5573,Flash Drives,1.1277,157.86,synced,2025-12-06 00:15:39.217
SS5574,0810111422512,,ING-SS5574,Hard Drives,1.1030,314.30,synced,2025-12-06 00:10:32.526
SS5575,5060220254060,,ING-SS5575,Flash Drives,1.1117,185.47,synced,2025-12-06 00:12:21.61
SS5844,0840283921087,,ING-SS5844,"Tablet Holders, Carriers & Cases",1.1501,109.95,synced,2025-12-06 00:10:29.02
SS5936,0198157168756,,ING-SS5936,Laptop Computers,1.0600,844.32,synced,2025-12-06 00:10:29.52
SS6145,0840390352613,,ING-SS6145,Cell Phone Cases,1.1500,32.54,synced,2025-12-06 00:12:21.097
SS6148,0840390352606,,ING-SS6148,Electronics Film Protectors,1.1500,29.40,synced,2025-12-05 23:34:30.757
SS6439,0884116487784,,ING-SS6439,Desktop Computers,1.0600,2172.68,synced,2025-12-06 00:10:31.022
SS6447,0884116483540,,ING-SS6447,Laptop Computers,1.0600,1448.16,synced,2025-12-06 00:12:26.604
SS6451,0884116483588,,ING-SS6451,Laptop Computers,1.0600,1859.84,synced,2025-12-06 00:12:27.111
SS6453,0884116491767,,ING-SS6453,Laptop Computers,1.0600,1322.99,synced,2025-12-06 00:10:27.036
SS6455,0884116491392,,ING-SS6455,Laptop Computers,1.0600,768.96,synced,2025-12-06 00:10:27.535
SS6457,0884116490579,,ING-SS6457,Laptop Computers,1.0600,1099.99,synced,2025-12-05 23:33:49.264
SS6458,0884116490760,,ING-SS6458,Laptop Computers,1.0600,1270.75,synced,2025-12-05 23:33:48.779
SS6459,0884116490531,,ING-SS6459,Laptop Computers,1.0600,1106.99,synced,2025-12-06 00:12:23.098
SS6460,0884116489573,,ING-SS6460,Laptop Computers,1.0600,1097.32,synced,2025-12-06 00:10:31.521
SS6465,0884116491521,,ING-SS6465,Laptop Computers,1.0600,612.99,synced,2025-12-06 00:07:18.13
SS6466,0884116491736,,ING-SS6466,Laptop Computers,1.0600,1273.25,synced,2025-12-06 00:12:24.098
SS6467,0884116489528,,ING-SS6467,Laptop Computers,1.0600,866.36,synced,2025-12-06 00:12:22.097
SS6468,0884116489535,,ING-SS6468,Laptop Computers,1.0600,739.99,synced,2025-12-06 00:10:32.02
SS6469,0884116489948,,ING-SS6469,Laptop Computers,1.0600,1137.93,synced,2025-12-06 00:14:46.191
SS6470,0884116489931,,ING-SS6470,Laptop Computers,1.0600,960.99,synced,2025-12-06 00:12:22.608
SS6471,0884116491682,,ING-SS6471,Laptop Computers,1.0600,567.99,synced,2025-12-06 00:07:22.624
SS6472,0884116491699,,ING-SS6472,Laptop Computers,1.0600,703.70,synced,2025-12-06 00:10:30.02
SS6474,0884116491613,,ING-SS6474,Laptop Computers,1.0600,1591.01,synced,2025-12-06 00:10:34.04
SS6475,0884116489955,,ING-SS6475,Laptop Computers,1.0600,1207.65,synced,2025-12-06 00:10:28.529
SS6477,0884116491712,,ING-SS6477,Laptop Computers,1.0600,958.20,synced,2025-12-06 00:12:25.104
SS6484,0884116491545,,ING-SS6484,Laptop Computers,1.0600,699.35,synced,2025-12-06 00:07:23.166
SS6485,0884116491576,,ING-SS6485,Laptop Computers,1.0600,1229.99,synced,2025-12-06 00:12:27.605
SS6488,0884116491422,,ING-SS6488,Laptop Computers,1.0600,817.94,synced,2025-12-05 23:33:23.231
SS6492,0884116491446,,ING-SS6492,Laptop Computers,1.0600,1030.76,synced,2025-12-06 00:08:06.421
SS6556,0810177161158,,ING-SS6556,Surveillance Cameras,1.0800,1435.59,synced,2025-12-06 00:10:33.031
SS6835,0824142429662,,ING-SS6835,Desktop Computers,1.0600,1299.99,synced,2025-12-06 00:10:28.04
SS6836,0824142429693,,ING-SS6836,Desktop Computers,1.0600,1430.66,synced,2025-12-06 00:12:25.603
SS8450,0887276455358,,ING-SS8450,Hard Drives,1.0967,418.27,synced,2025-12-06 00:12:23.6
T10312,0731304203896,,96583,Cable Organizers,1.1501,119.48,synced,2025-12-06 00:10:37.522
T10318,0731304217886,,25461,Power Cables,1.1501,27.58,synced,2025-12-06 00:12:28.608
T10483,0731304123538,,ING-T10483,Device-Specific Electronics Batteries,1.0898,764.23,synced,2025-12-06 00:12:29.092
T21420,0672792112256,,ING-T21420,KVM Switches,1.1154,186.06,synced,2025-12-06 00:10:35.546
T23760,0013803132182,,ING-T23760,Printer Transfer Rollers,1.1500,58.55,synced,2025-12-05 23:52:55.359
T25664,0071701056245,,ING-T25664,Printer Labels,1.1499,22.62,synced,2025-12-05 23:33:24.753
T30644,0881317011022,,ING-T30644,KVM Switches,1.1501,37.35,synced,2025-12-06 00:12:29.592
T32204,0883436026260,,6839,Network Switch Modules,1.1343,77.00,synced,2025-12-06 00:10:35.035
T34851,0821455015247,,84524,Network Switch Modules,1.1500,49.21,synced,2025-12-06 00:10:40.035
T37627,0021299134122,,ING-T37627,Headphones,1.1500,32.41,synced,2025-12-06 00:10:36.04
T37708,0021299175545,,ING-T37708,Headphones,1.1500,12.67,synced,2025-12-06 00:10:39.539
T37712,0021299148570,,ING-T37712,Headphones,1.1500,17.15,synced,2025-12-06 00:10:38.535
T37719,0021299147641,,ING-T37719,Headphones,1.1500,19.99,synced,2025-12-06 00:10:40.536
T37728,0021299113936,,ING-T37728,Volume Controllers,1.1498,23.02,synced,2025-12-06 00:10:41.049
T43270,0722868594513,,ING-T43270,Surge Suppressors,1.1501,42.15,synced,2025-12-06 00:12:30.092
T52263,0021299158227,,ING-T52263,Other Electronic Components & Accessories,1.1499,12.61,synced,2025-12-06 00:10:36.536
T55958,0021299147900,,ING-T55958,Headphones,1.1500,27.98,synced,2025-12-06 00:10:37.04
T55959,0021299147795,,ING-T55959,Headphones,1.1498,26.99,synced,2025-12-06 00:12:30.593
T61815,0663072927349,,71402,Other Computer Accessories,1.1500,21.91,synced,2025-12-06 00:10:38.038
T63229,0037332143754,,ING-T63229,Cable Connectors,1.1498,5.20,synced,2025-12-06 00:10:39.047
T63230,0037332143662,,ING-T63230,Cable Connectors,1.1498,5.93,synced,2025-12-06 00:12:28.1
TA8668,0822088066989,,706092,Other Electronic Components & Accessories,1.0991,422.60,synced,2025-12-05 23:33:49.752
TB4112,0037332179920,,9616,Power Cables,1.1499,35.82,synced,2025-12-06 00:12:38.107
TB4116,0037332179395,,ING-TB4116,Computer Cables,1.1498,15.07,synced,2025-12-06 00:10:44.038
TB4117,0037332179401,,38369,Computer Cables,1.1501,8.25,synced,2025-12-06 00:10:46.037
TB4119,0037332179449,,ING-TB4119,Computer Cables,1.1500,7.96,synced,2025-12-06 00:12:34.109
TB4123,0037332179555,,32455,Computer Cables,1.1498,13.89,synced,2025-12-06 00:12:40.629
TB4440,0037332180292,,14029,Surge Suppressors,1.1501,56.87,synced,2025-12-06 00:10:47.541
TB4444,0037332179425,,79003,Computer Cables,1.1503,8.25,synced,2025-12-05 23:33:26.237
TB4446,0037332179470,,52514,Computer Cables,1.1501,12.81,synced,2025-12-06 00:12:31.594
TB4450,0037332180278,,38385,Computer Cables,1.1502,7.13,synced,2025-12-05 23:33:51.765
TB4459,0037332175991,,ING-TB4459,Other Electrical Equipment Supplies,1.1499,15.20,synced,2025-12-06 00:10:45.037
TB5226,0037332177278,,23296,KVM Switches,1.0855,1822.29,synced,2025-12-06 00:12:37.602
TB5230,0037332180322,,ING-TB5230,KVM Switches,1.1070,258.98,synced,2025-12-06 00:10:46.549
TB5231,0037332180339,,ING-TB5231,KVM Switches,1.0966,398.54,synced,2025-12-06 00:12:34.607
TB5507,0037332180384,,32591,Power Cables,1.1504,13.91,synced,2025-12-06 00:12:35.609
TB5510,0037332180438,,ING-TB5510,Power Cables,1.1501,7.39,synced,2025-12-06 00:10:42.033
TB5512,0037332180452,,ING-TB5512,Power Cables,1.1498,17.96,synced,2025-12-06 00:10:41.534
TB5518,0037332180537,,ING-TB5518,Power Cables,1.1501,7.87,synced,2025-12-06 00:10:45.539
TB5519,0037332180544,,ING-TB5519,Power Cables,1.1498,16.96,synced,2025-12-06 00:10:43.047
TB5520,0037332180551,,ING-TB5520,Power Cables,1.1499,16.02,synced,2025-12-05 23:33:51.263
TB5521,0037332180568,,ING-TB5521,Power Cables,1.1500,16.00,synced,2025-12-06 00:12:39.608
TB5522,0037332180391,,47322,Power Cables,1.1502,13.53,synced,2025-12-06 00:12:31.096
TB5523,0037332180575,,ING-TB5523,Power Cables,1.1499,20.39,synced,2025-12-06 00:12:37.107
TB5524,0037332180582,,34976,Power Cables,1.1501,7.45,synced,2025-12-05 23:33:52.262
TB5525,0037332180599,,14120,Extension Cords,1.1500,21.48,synced,2025-12-06 00:12:32.594
TB5526,0037332180605,,ING-TB5526,Power Cables,1.1499,23.63,synced,2025-12-05 23:33:26.744
TB6514,0812658012270,,9625,USB Hubs,1.1501,45.99,synced,2025-12-05 23:33:25.24
TB6544,0890989001842,,135548,Digital Photo Frames,1.0800,39.99,synced,2025-12-06 00:10:44.536
TB6773,0722868664599,,ING-TB6773,Surge Suppressors,1.1501,19.70,synced,2025-12-06 00:10:47.045
TB7016,0672792402135,,70335,KVM Switches,1.1218,177.67,synced,2025-12-05 23:33:50.768
TB7068,0065030852821,,14209,Network Switches,1.1500,66.86,synced,2025-12-05 23:33:50.289
TB7069,0065030852739,,ING-TB7069,Network Cards,1.1231,160.81,synced,2025-12-05 23:33:25.741
TB7305,0037229002188,,273662,Tool Bags,1.1499,14.89,synced,2025-12-06 00:12:33.108
TB7308,0037229002218,,ING-TB7308,Tool Sets,1.1500,22.12,synced,2025-12-06 00:10:43.541
TB7311,0037229000979,,38406,Novelty Lighting,1.1496,7.70,synced,2025-12-06 00:10:42.556
TB7318,0037229334074,,ING-TB7318,Electrical Outlets,1.1498,12.62,synced,2025-12-06 00:12:36.109
TB7600,0722868968734,,7632,Computer Cables,1.1500,28.38,synced,2025-12-06 00:12:33.611
TB7601,0722868968741,,ING-TB7601,Audio/Video Cables,1.1500,29.03,synced,2025-12-06 00:12:32.095
TB7602,0722868968758,,ING-TB7602,Audio/Video Cables,1.1500,30.75,synced,2025-12-06 00:12:38.615
TB7603,0722868968765,,ING-TB7603,Audio/Video Cables,1.1500,39.26,synced,2025-12-06 00:10:48.046
TC0562,0743172045102,,ING-TC0562,Uninterruptible Power Supplies,1.0988,374.74,synced,2025-12-06 00:12:36.605
TC0563,0743172045119,,ING-TC0563,Uninterruptible Power Supplies,1.0943,488.65,synced,2025-12-06 00:12:39.111
TC0565,0743172045126,,71007,Uninterruptible Power Supplies,1.0980,523.81,synced,2025-12-06 00:12:35.101
TC4719,0873791008100,,ING-TC4719,Computer Cables,1.1501,10.28,synced,2025-12-06 00:12:47.118
TC4733,0873791008278,,51164,Headphones,1.1497,15.31,synced,2025-12-06 00:10:51.546
TC4734,0873791008285,,ING-TC4734,Headphones,1.1501,14.54,synced,2025-12-06 00:12:50.613
TC4740,0873791008506,,129378,Device-Specific Electronics Chargers,1.1501,22.52,synced,2025-12-06 00:10:52.041
TC4767,0784090032119,,4444,RAM Memory,1.1501,35.23,synced,2025-12-06 00:12:44.617
TC4794,0873791007639,,21860,Headphones,1.1500,12.34,synced,2025-12-06 00:12:45.107
TC7451,0884962016473,,ING-TC7451,Other Electronic Components & Accessories,1.1502,15.00,synced,2025-12-05 23:33:30.212
TC9588,0757120006770,,42204,Network Cables,1.1501,21.59,synced,2025-12-05 23:33:28.711
TC9592,0757120006817,,31050,Network Cables,1.1500,31.36,synced,2025-12-05 23:33:53.777
TC9595,0757120006848,,83577,Network Cables,1.1501,36.31,synced,2025-12-05 23:33:54.752
TC9600,0757120006893,,64818,Network Cables,1.1498,20.75,synced,2025-12-06 00:12:49.623
TC9604,0757120006930,,83910,Network Cables,1.1502,20.18,synced,2025-12-06 00:12:45.612
TC9605,0757120006947,,30854,Network Cables,1.1502,15.99,synced,2025-12-06 00:12:41.618
TC9606,0757120006954,,34975,Network Cables,1.1499,21.62,synced,2025-12-06 00:12:43.121
TC9608,0757120006978,,83978,Network Cables,1.1502,23.72,synced,2025-12-06 00:12:52.123
TC9614,0757120007036,,129473,Network Cables,1.1500,35.36,synced,2025-12-06 00:12:46.113
TC9616,0757120007050,,115754,Network Cables,1.1500,42.25,synced,2025-12-05 23:33:52.758
TC9617,0757120007067,,115256,Network Cables,1.1502,21.92,synced,2025-12-05 23:33:28.249
TC9626,0757120007159,,114141,Network Cables,1.1500,29.58,synced,2025-12-06 00:10:55.542
TC9646,0757120007357,,80665,Network Cables,1.1502,35.72,synced,2025-12-06 00:10:48.536
TC9701,0757120007906,,63374,Network Cables,1.1499,37.92,synced,2025-12-06 00:10:53.541
TC9707,0757120007968,,42275,Network Cables,1.1497,19.19,synced,2025-12-05 23:33:54.237
TC9711,0757120008002,,116082,Network Cables,1.1501,20.52,synced,2025-12-06 00:12:47.607
TC9713,0757120008026,,42276,Network Cables,1.1500,21.19,synced,2025-12-06 00:12:48.625
TC9718,0757120008071,,77679,Network Cables,1.1501,33.23,synced,2025-12-06 00:10:51.045
TC9719,0757120008088,,80483,Network Cables,1.1502,16.17,synced,2025-12-06 00:10:58.575
TC9721,0757120008101,,42217,Network Cables,1.1504,17.38,synced,2025-12-05 23:33:27.739
TC9722,0757120008118,,42218,Network Cables,1.1504,15.13,synced,2025-12-06 00:10:58.061
TC9723,0757120008125,,114184,Network Cables,1.1501,19.22,synced,2025-12-06 00:10:56.05
TC9724,0757120008132,,7500,Network Cables,1.1500,19.41,synced,2025-12-06 00:12:44.121
TC9725,0757120008149,,42277,Network Cables,1.1497,11.90,synced,2025-12-06 00:10:56.571
TC9728,0757120008170,,42219,Network Cables,1.1500,19.07,synced,2025-12-05 23:33:55.76
TC9729,0757120008187,,65693,Network Cables,1.1502,24.44,synced,2025-12-06 00:12:41.124
TC9731,0757120008200,,14056,Network Cables,1.1501,24.86,synced,2025-12-05 23:33:27.259
TC9735,0757120008248,,42221,Network Cables,1.1501,40.43,synced,2025-12-06 00:12:40.115
TC9737,0757120008262,,42222,Network Cables,1.1497,11.24,synced,2025-12-06 00:12:43.625
TC9738,0757120008279,,129017,Network Cables,1.1504,11.65,synced,2025-12-06 00:12:48.114
TC9740,0757120008293,,42280,Network Cables,1.1498,18.46,synced,2025-12-05 23:33:55.268
TC9741,0757120008309,,26635,Network Cables,1.1498,13.08,synced,2025-12-05 23:33:53.261
TC9745,0757120008347,,42281,Network Cables,1.1500,21.01,synced,2025-12-06 00:10:57.063
TC9751,0757120008408,,36463,Network Cables,1.1499,34.43,synced,2025-12-05 23:33:29.71
TC9753,0757120008422,,42224,Network Cables,1.1504,16.71,synced,2025-12-06 00:10:54.548
TC9758,0757120008477,,21965,Network Cables,1.1497,22.30,synced,2025-12-06 00:12:50.12
TC9762,0757120008514,,21859,Network Cables,1.1497,21.92,synced,2025-12-06 00:12:49.112
TC9764,0757120008538,,ING-TC9764,Network Cables,1.1502,23.06,synced,2025-12-06 00:12:42.636
TC9766,0757120008552,,ING-TC9766,Network Cables,1.1500,30.11,synced,2025-12-06 00:10:54.037
TC9769,0757120008583,,42286,Network Cables,1.1500,38.19,synced,2025-12-05 23:33:29.213
TC9775,0757120008644,,20417,Network Cables,1.1497,17.83,synced,2025-12-06 00:12:42.117
TC9793,0757120008828,,ING-TC9793,Network Cables,1.1498,12.99,synced,2025-12-06 00:10:49.539
TC9823,0757120009160,,45902,Network Cables,1.1502,9.20,synced,2025-12-06 00:10:52.548
TC9826,0757120009191,,42292,Network Cables,1.1497,,synced,2025-12-06 00:10:50.042
TE2796,0710931302387,,4493,Network Adapters,1.1499,24.98,synced,2025-12-06 00:12:51.112
TE5916,0837324009842,,57115,Network Switches,1.1090,229.54,synced,2025-12-06 00:12:46.608
TE5917,0837324003185,,ING-TE5917,Network Switches,1.1053,265.13,synced,2025-12-06 00:08:03.501
TE5918,0837324003192,,ING-TE5918,Other Electronic Components & Accessories,1.1053,279.91,synced,2025-12-06 00:10:53.04
TE5919,0837324003178,,ING-TE5919,Network Switch Modules,1.1053,279.91,synced,2025-12-06 00:10:57.562
TE5920,0837324009866,,ING-TE5920,Network Switches,1.1501,54.38,synced,2025-12-06 00:10:55.043
TE5921,0837324009873,,ING-TE5921,Network Switches,1.1500,82.47,synced,2025-12-06 00:10:50.549
TE5922,0837324009835,,56828,Electrical System Relays,1.1500,151.66,synced,2025-12-06 00:12:51.612
TE5923,0837324009828,,ING-TE5923,Signal Repeaters,1.1041,294.58,synced,2025-12-06 00:10:49.042
TF3648,0718037810553,,46204,Hard Drives,1.1381,,synced,2025-12-06 00:10:59.053
TG0007,0065030852920,,ING-TG0007,Network Adapters,1.1500,22.99,synced,2025-12-06 00:12:53.122
TG0009,0065030852470,,ING-TG0009,Computer Cables,1.1501,40.36,synced,2025-12-06 00:12:54.617
TG0010,0065030852319,,ING-TG0010,Network Cables,1.1078,273.82,synced,2025-12-06 00:12:54.116
TG0014,0065030852302,,ING-TG0014,Network Cables,1.1031,221.78,synced,2025-12-06 00:12:55.114
TG0063,4939761305498,,ING-TG0063,Other Electronic Components & Accessories,1.1501,41.09,synced,2025-12-06 00:12:53.618
TG0736,0065030851978,,ING-TG0736,Network Cables,1.1500,24.08,synced,2025-12-06 00:12:52.615
TG0955,0095205964189,,ING-TG0955,Printer Transfer Rollers,1.1500,285.34,synced,2025-12-06 00:10:59.54
TG1520,0065030852555,,ING-TG1520,Other Electronic Components & Accessories,1.1500,94.14,synced,2025-12-06 00:11:00.082
TG6298,0088047195262,,35144,Network Cards,1.1500,81.88,synced,2025-12-06 00:11:01.04
TG7018,0606449087840,,ING-TG7018,Network Switch Modules,1.0844,2273.87,synced,2025-12-06 00:11:00.537
TG7299,0754563454106,,ING-TG7299,Printer Ribbons,1.1501,39.29,synced,2025-12-06 00:12:56.12
TG7525,0754563500001,,ING-TG7525,Printers & All-in-Ones,1.1500,1250.00,synced,2025-12-05 23:52:02.322
TG7533,0754563501008,,ING-TG7533,Printers & All-in-Ones,1.1500,1600.00,synced,2025-12-06 00:12:57.628
TG7787,0834619001253,,14406,Computer Monitors,1.0600,394.25,synced,2025-12-06 00:11:01.538
TG7897,0783750006125,,ING-TG7897,Computer Mice,1.1500,28.75,synced,2025-12-06 00:12:57.118
TG7898,0783750006132,,ING-TG7898,Computer Mice,1.1500,39.99,synced,2025-12-06 00:11:02.051
TH0555,0037332180636,,ING-TH0555,Power Cables,1.1503,18.50,synced,2025-12-06 00:12:55.612
TH3033,0885631702680,,ING-TH3033,Printer Transfer Rollers,1.1500,81.99,synced,2025-12-06 00:12:56.617
TH5756,0882658593413,,143447,Network Switches,1.0814,3849.99,synced,2025-12-05 23:33:31.212
TH5803,0882658602184,,58993,Network Cables,1.1030,155.00,synced,2025-12-06 00:13:00.121
TH5806,0882658593536,,71092,Computer Power Supplies,1.0957,358.97,synced,2025-12-06 00:11:04.537
TH5844,0882658561160,,31511,Computer Power Supplies,1.0873,567.00,synced,2025-12-06 00:13:01.611
TH5977,0757120184126,,42391,Computer Cables,1.1500,7.72,synced,2025-12-06 00:13:05.111
TH6079,0037332180667,,14174,Power Cables,1.1497,24.11,synced,2025-12-06 00:13:03.109
TH6115,0757120410430,,26519,Switch & Outlet Plates,1.1500,60.89,synced,2025-12-06 00:11:05.54
TH6547,0037229230291,,48929,Computer Cables,1.1497,16.67,synced,2025-12-06 00:11:02.542
TH6557,0037229229455,,72391,Computer Cables,1.1503,19.99,synced,2025-12-05 23:33:56.758
TH6559,0037229229905,,75284,Computer Cables,1.1498,17.26,synced,2025-12-05 23:33:56.297
TH6561,0037229229813,,70402,Computer Cables,1.1503,9.29,synced,2025-12-06 00:13:04.611
TH6573,0037229229738,,80030,Computer Cables,1.1500,13.17,synced,2025-12-05 23:33:57.754
TH6841,0757120009511,,42494,Network Cables,1.1497,13.00,synced,2025-12-06 00:13:01.111
TH6842,0757120009528,,ING-TH6842,Network Cables,1.1500,14.77,synced,2025-12-05 23:33:57.256
TH6843,0757120009535,,42405,Network Cables,1.1500,12.28,synced,2025-12-06 00:13:03.612
TH6849,0757120009597,,81776,Network Cables,1.1503,10.05,synced,2025-12-06 00:12:59.614
TH6883,0757120521198,,38304,Computer Cables,1.1499,16.20,synced,2025-12-06 00:12:58.123
TH7461,0812658012300,,ING-TH7461,USB Hubs,1.1501,22.94,synced,2025-12-06 00:11:03.045
TH7462,0812658012317,,ING-TH7462,Memory Card Readers,1.1499,19.99,synced,2025-12-06 00:11:06.044
TH7490,0757120184027,,355681,Cable Connectors,1.1501,15.59,synced,2025-12-05 23:33:58.25
TH7507,0010343879904,,ING-TH7507,School & Office Paper,1.1501,22.54,synced,2025-12-06 00:13:02.609
TH7719,0698833040654,,ING-TH7719,TV & Monitor Mounts,1.1126,215.00,synced,2025-12-06 00:13:02.11
TH7720,0698833040173,,ING-TH7720,TV & Monitor Mounts,1.1220,160.61,synced,2025-12-06 00:12:58.616
TJ6114,0783750006002,,ING-TJ6114,Computer Keyboards,1.1500,20.93,synced,2025-12-06 00:11:04.048
TL3500,0065030852586,,ING-TL3500,Media Duplicators,1.0986,376.65,synced,2025-12-06 00:11:05.046
TL3502,0065030852593,,4518,Computer Replacement Parts,1.1501,19.85,synced,2025-12-06 00:13:00.61
TL3503,0065030853002,,ING-TL3503,Network Cables,1.1501,26.26,synced,2025-12-06 00:11:03.557
TL3504,0065030852081,,24010,Computer Cables,1.1498,8.72,synced,2025-12-06 00:13:04.111
TL3747,0051128830826,,419392,Screen Privacy Filters,1.1500,57.99,synced,2025-12-06 00:12:59.108
TL3748,0051128830833,,ING-TL3748,Screen Privacy Filters,1.1500,79.00,synced,2025-12-05 23:33:30.72
TL5691,0881317511553,,ING-TL5691,Stylus Pens,1.1501,11.99,synced,2025-12-05 23:33:31.744
TL6674,0037332177445,,ING-TL6674,Uninterruptible Power Supplies,1.0999,350.47,synced,2025-12-06 00:11:09.051
TL7872,0037332134813,,344405,Network Cables,1.1501,38.13,synced,2025-12-06 00:11:08.052
TN7817,0665188534251,,69856,Printer Cartridges,1.1499,45.73,synced,2025-12-06 00:11:07.559
TQ3845,0881317511621,,ING-TQ3845,Presentation Remotes,1.1500,57.16,synced,2025-12-06 00:13:07.624
TQ4071,0821455068779,,25189,Network Cards,1.1106,228.99,synced,2025-12-05 23:33:58.726
TQ4426,0882658505362,,143034,Network Cables,1.0881,,synced,2025-12-06 00:13:06.612
TR5003,0882658525551,,ING-TR5003,Network Cables,1.1136,219.61,synced,2025-12-06 00:13:06.116
TR8783,0065030852845,,ING-TR8783,Cable Organizers,1.1500,64.41,synced,2025-12-06 00:11:06.54
TR8787,0065030852913,,ING-TR8787,Cable Organizers,1.1499,15.98,synced,2025-12-06 00:13:08.171
TR8789,0065030852784,,ING-TR8789,Cable Connectors,1.1500,14.48,synced,2025-12-06 00:13:05.612
TR8790,0065030852005,,ING-TR8790,Computer Cables,1.1498,18.67,synced,2025-12-06 00:13:07.111
TR8797,0065030854252,,ING-TR8797,Computer Cables,1.1502,13.47,synced,2025-12-05 23:33:59.723
TR8798,0065030851800,,ING-TR8798,Computer Cables,1.1499,16.34,synced,2025-12-06 00:11:07.062
TR8801,0065030852111,,ING-TR8801,Computer Cables,1.1500,7.95,synced,2025-12-05 23:33:59.226
TT2484,0822088055235,,706245,Power Cables,1.1178,227.00,synced,2025-12-06 00:13:13.655
TT2490,0822088052517,,457820,Other TV & Video Accessories,1.1501,99.30,synced,2025-12-06 00:13:08.699
TT2527,0822088059790,,284955,Audio/Video Cables,1.1500,32.60,synced,2025-12-05 23:33:32.241
TT2529,0822088059813,,273674,Computer Cables,1.1499,57.26,synced,2025-12-06 00:13:10.634
TT2531,0822088059837,,278733,Computer Cables,1.1500,111.79,synced,2025-12-06 00:11:08.56
TT2533,0822088058755,,266270,Audio/Video Cables,1.1502,27.34,synced,2025-12-06 00:11:18.067
TT2541,0822088050070,,40499,Network Cables,1.1501,9.88,synced,2025-12-06 00:11:11.557
TT2551,0822088050278,,145618,Network Cables,1.1497,10.02,synced,2025-12-06 00:11:14.571
TT2554,0822088050339,,431041,Network Cables,1.1499,,synced,2025-12-06 00:11:11.05
TT2558,0822088050421,,40503,Network Cables,1.1503,,synced,2025-12-06 00:13:14.134
TT2559,0822088050438,,40618,Network Cables,1.1500,8.04,synced,2025-12-06 00:13:14.635
TT2567,0822088050544,,150227,Network Cables,1.1500,13.69,synced,2025-12-06 00:13:13.142
TT2568,0822088050551,,58683,Network Cables,1.1497,14.23,synced,2025-12-06 00:13:12.636
TT2569,0822088050575,,ING-TT2569,Network Cables,1.1502,15.88,synced,2025-12-06 00:11:09.545
TT2577,0822088050735,,431007,Network Cables,1.1497,13.52,synced,2025-12-06 00:11:18.601
TT2579,0822088050780,,399235,Network Cables,1.1500,12.70,synced,2025-12-06 00:11:10.064
TT2583,0822088050858,,ING-TT2583,Network Cables,1.1499,14.23,synced,2025-12-06 00:11:14.057
TT2586,0822088050919,,706496,Network Cables,1.1497,13.76,synced,2025-12-05 23:33:32.776
TT2590,0822088050995,,40622,Network Cables,1.1498,16.26,synced,2025-12-06 00:11:17.077
TT2598,0822088051015,,40041,Computer Patch Panels,1.1499,75.99,synced,2025-12-06 00:11:16.079
TT2605,0822088064442,,458473,Network Cables,1.1500,17.67,synced,2025-12-06 00:11:10.553
TT2607,0822088064466,,670540,Network Cables,1.1500,28.55,synced,2025-12-06 00:13:09.146
TT2616,0822088064268,,530160,Network Cables,1.1499,28.50,synced,2025-12-05 23:34:00.223
TT2630,0822088064688,,42506,Network Cables,1.1247,156.52,synced,2025-12-06 00:13:11.128
TT2633,0822088064336,,647410,Electrical Outlets,1.1498,9.26,synced,2025-12-06 00:11:15.562
TT7696,0731304300953,,280267,Cable Organizers,1.1500,288.13,synced,2025-12-06 00:11:15.087
TT7698,0731304301035,,131722,Cable Organizers,1.1500,356.61,synced,2025-12-06 00:11:13.568
TT7703,0731304301097,,ING-TT7703,Other Electronic Components & Accessories,1.1228,177.90,synced,2025-12-06 00:11:12.565
TT7704,0731304301103,,ING-TT7704,Cable Organizers,1.1500,132.15,synced,2025-12-06 00:13:12.134
TU1339,0882658647161,,4631,Antennas,1.0801,59.00,synced,2025-12-06 00:11:16.57
TU1706,0843591032049,,266755,Computer Cables,1.1500,54.13,synced,2025-12-06 00:11:12.058
TU1739,0843591038430,,57125,Computer Cooling,1.1501,21.68,synced,2025-12-06 00:13:10.136
TU1916,0882658615344,,ING-TU1916,Other Electronic Components & Accessories,1.1093,228.75,synced,2025-12-06 00:13:11.638
TU1927,0882658623912,,ING-TU1927,Telephone Cables,1.1499,9.99,synced,2025-12-06 00:11:13.056
TU1929,0882658623899,,ING-TU1929,Other Electronic Components & Accessories,1.1500,74.48,synced,2025-12-06 00:13:09.642
TU4432,0065030852517,,17205,Network Adapters,1.1195,136.27,synced,2025-12-06 00:13:15.148
TU7506,0065030853149,,4584,Computer Cables,1.1499,31.76,synced,2025-12-06 00:11:17.581
TU7509,0065030853170,,9726,Computer Cables,1.1499,17.48,synced,2025-12-06 00:11:20.069
TU7512,0065030853361,,ING-TU7512,Computer Cables,1.1501,32.99,synced,2025-12-06 00:11:19.568
TU7513,0065030854511,,24015,Computer Cables,1.1504,15.94,synced,2025-12-06 00:11:19.071
TU7516,0065030853064,,ING-TU7516,Network Cables,1.1499,32.26,synced,2025-12-06 00:11:20.568
TU7518,0065030853033,,ING-TU7518,Patch Cables,1.1499,32.79,synced,2025-12-05 23:34:00.722
TU7519,0065030853088,,ING-TU7519,Network Cables,1.1499,22.75,synced,2025-12-06 00:13:15.648
TU8289,0065030853095,,ING-TU8289,Network Cables,1.1499,29.27,synced,2025-12-06 00:11:21.07
TU8290,0065030852050,,ING-TU8290,Computer Cables,1.1501,16.70,synced,2025-12-06 00:13:16.153
TU8582,0731304292548,,ING-TU8582,Vehicle Batteries,1.1200,468.99,synced,2025-12-05 23:52:12.355
TV8030,0832938068025,,79376,Computer Cooling,1.0929,,synced,2025-12-06 00:11:24.565
TV9638,0767035197579,,500084,Network Cards,1.1080,267.32,synced,2025-12-06 00:13:18.128
TV9857,0887619390865,,ING-TV9857,Computer Keyboards,1.1501,65.99,synced,2025-12-06 00:11:26.574
TW1447,0663072932015,,52402,Power Adapters,1.1500,50.16,synced,2025-12-06 00:13:20.653
TW3774,0882658572814,,289893,Network Switch Modules,1.0844,1982.49,synced,2025-12-06 00:13:17.662
TW4301,0882658638275,,132664,Network Switch Modules,1.0992,364.76,synced,2025-12-06 00:11:24.085
TW4316,0882658638282,,136291,Network Switch Modules,1.0897,951.65,synced,2025-12-06 00:11:22.062
TW4717,0882658617744,,43923,Other Electronic Components & Accessories,1.1042,289.31,synced,2025-12-05 23:34:01.223
TW5187,0065030853682,,14327,Computer Cables,1.1500,70.42,synced,2025-12-06 00:13:19.14
TW5188,0065030852609,,ING-TW5188,Computer Cables,1.1499,20.98,synced,2025-12-06 00:13:18.655
TW5189,0065030854603,,ING-TW5189,Computer Port Cards,1.1500,45.01,synced,2025-12-06 00:11:22.572
TW5192,0065030854283,,ING-TW5192,Analog-to-Digital Converters,1.1502,15.00,synced,2025-12-06 00:13:21.152
TW5326,0065030853057,,ING-TW5326,KVM Switches,1.0870,1003.55,synced,2025-12-06 00:11:27.077
TW5604,0065030854290,,ING-TW5604,Computer Cables,1.1502,20.28,synced,2025-12-06 00:11:21.565
TW5955,0672792400940,,ING-TW5955,Power Distribution Units,1.0933,437.67,synced,2025-12-06 00:13:20.139
TW5960,0672792401398,,ING-TW5960,Surge Suppressors,1.0861,1281.12,synced,2025-12-06 00:13:19.636
TW6107,0065030854856,,ING-TW6107,Hard Drives,1.1499,29.99,synced,2025-12-06 00:11:23.581
TW6108,0065030854436,,24013,Computer Cables,1.1500,15.15,synced,2025-12-06 00:13:17.151
TW6113,0065030855303,,ING-TW6113,Electronics Docks & Cradles,1.1499,57.53,synced,2025-12-06 00:11:23.066
TW6114,0065030854887,,ING-TW6114,Computer Cables,1.1499,26.77,synced,2025-12-06 00:11:26.08
TW6115,0065030854870,,ING-TW6115,Computer Cables,1.1501,28.49,synced,2025-12-06 00:13:16.638
TW6956,0092636302375,,ING-TW6956,Screen Privacy Filters,1.1500,200.47,synced,2025-12-06 00:13:21.644
TW6973,0065030854825,,ING-TW6973,Computer Replacement Parts,1.1500,18.80,synced,2025-12-06 00:11:34.073
TW7128,0722868496886,,ING-TW7128,Network Cables,1.1503,20.31,synced,2025-12-05 23:33:34.754
TW7155,0845973021245,,ING-TW7155,Network Switches,1.1340,131.99,synced,2025-12-06 00:11:30.558
TW7369,0722868468821,,ING-TW7369,Network Cables,1.1501,8.97,synced,2025-12-06 00:13:24.14
TW7559,0812658012287,,ING-TW7559,Headphones,1.1499,47.20,synced,2025-12-06 00:13:26.653
TW7612,0722868497791,,ING-TW7612,Network Cables,1.1504,11.38,synced,2025-12-05 23:34:03.226
TW7629,0819921010421,,ING-TW7629,USB Hubs,1.1501,26.99,synced,2025-12-06 00:11:32.575
TW7860,0722868689691,,ING-TW7860,Audio/Video Cables,1.1500,73.62,synced,2025-12-06 00:13:25.651
TW8090,0037229227864,,ING-TW8090,Computer Cables,1.1501,4.00,synced,2025-12-06 00:13:26.13
TW8098,0037229317077,,ING-TW8098,Computer Cables,1.1502,6.89,synced,2025-12-05 23:34:03.726
TW8099,0037229399202,,38012,Audio/Video Cables,1.1503,,synced,2025-12-06 00:13:33.148
TW8104,0037229399028,,38134,Audio/Video Cables,1.1499,,synced,2025-12-06 00:13:24.639
TW8109,0037229008395,,37172,Audio/Video Cables,1.1501,7.49,synced,2025-12-06 00:13:29.132
TW8110,0037229399035,,38131,Cable Splitters,1.1503,7.75,synced,2025-12-06 00:13:22.164
TW8135,0037229001518,,39144,Ergonomic Backrests,1.1498,21.06,synced,2025-12-06 00:13:27.648
TW8152,0031652190696,,ING-TW8152,Laptop Bags,1.1500,84.00,synced,2025-12-06 00:11:27.588
TW8826,0812658012072,,2285,Audio & Video Receivers,1.0798,26.31,synced,2025-12-05 23:33:34.251
TW8832,0812658012447,,ING-TW8832,Digital Photo Frames,1.0800,129.99,synced,2025-12-06 00:11:31.055
TW8998,0021299185315,,ING-TW8998,Headphones,1.1502,33.04,synced,2025-12-06 00:11:37.581
TW9002,0021299186220,,ING-TW9002,Headphones,1.1502,12.54,synced,2025-12-06 00:13:34.646
TW9003,0021299186152,,ING-TW9003,Headphones,1.1499,17.52,synced,2025-12-06 00:13:31.635
TW9004,0021299187180,,ING-TW9004,Headphones,1.1499,20.22,synced,2025-12-06 00:11:35.093
TW9145,0663296419538,,486441,Video Game Controllers,1.1500,131.28,synced,2025-12-06 00:13:30.132
TW9219,0722868647745,,15984,Network Cables,1.1500,85.40,synced,2025-12-06 00:13:28.653
TW9310,0037229334609,,22095,Cigarette Lighter Adapters,1.1501,17.63,synced,2025-12-06 00:13:29.632
TW9527,0698833042368,,ING-TW9527,Computer Rack Hardware & Accessories,1.1500,46.47,synced,2025-12-06 00:11:36.093
TW9529,0698833041200,,ING-TW9529,TV & Monitor Mounts,1.1136,211.00,synced,2025-12-06 00:13:22.637
TW9561,0021299186176,,ING-TW9561,Headphones,1.1502,26.73,synced,2025-12-06 00:11:29.557
TW9648,0812658012478,,ING-TW9648,Digital Photo Frames,1.0800,59.99,synced,2025-12-06 00:13:32.135
TW9668,0097855106698,,ING-TW9668,Computer Keyboards,1.1500,16.88,synced,2025-12-06 00:13:35.656
TW9671,0722868522998,,ING-TW9671,Network Cables,1.1501,18.40,synced,2025-12-06 00:11:31.556
TW9675,0722868814710,,12112,Network Cables,1.1500,52.82,synced,2025-12-05 23:34:02.222
TW9719,0097855105752,,ING-TW9719,Audio & Video Receivers,1.0801,50.99,synced,2025-12-06 00:13:27.143
TW9956,0745883656899,,ING-TW9956,Computer Keyboards,1.1501,47.75,synced,2025-12-05 23:33:33.238
TX0000,0037332181220,,7660,Computer Cables,1.1501,34.05,synced,2025-12-05 23:33:33.754
TX0003,0037332181251,,18665,Computer Cables,1.1497,9.64,synced,2025-12-06 00:11:25.066
TX0628,0037332178442,,ING-TX0628,Radio Control Vehicle Transmitters,1.1500,92.99,synced,2025-12-06 00:13:34.146
TX0629,0037332181046,,7694,Computer Cables,1.1497,16.54,synced,2025-12-06 00:11:33.572
TX0630,0037332181053,,19263,Cable Connectors,1.1498,15.29,synced,2025-12-06 00:11:28.572
TX0632,0037332181282,,ING-TX0632,Computer Cables,1.1501,46.04,synced,2025-12-05 23:34:02.725
TX0633,0037332180704,,ING-TX0633,Computer Cables,1.1500,34.27,synced,2025-12-06 00:11:25.594
TX0943,0037332181541,,ING-TX0943,Network Cables,1.1501,62.90,synced,2025-12-06 00:13:30.634
TX0944,0037332181558,,61336,Network Cables,1.1500,97.45,synced,2025-12-06 00:13:33.641
TX0948,0037332181268,,7710,Computer Cables,1.1499,29.60,synced,2025-12-06 00:13:28.14
TX0949,0037332181336,,17224,Computer Cables,1.1500,80.49,synced,2025-12-06 00:13:31.163
TX0950,0037332181039,,14390,Computer Cables,1.1498,12.78,synced,2025-12-06 00:13:25.148
TX0951,0037332181060,,7711,Audio/Video Cables,1.1502,32.79,synced,2025-12-06 00:13:23.139
TX1004,0706487014430,,ING-TX1004,Headsets,1.1314,29.99,synced,2025-12-05 23:34:01.722
TX1005,0706487014461,,ING-TX1005,Headsets,1.1229,79.00,synced,2025-12-06 00:11:33.071
TX1007,0706487014485,,ING-01HW33,Headsets,1.1273,139.00,synced,2025-12-06 00:13:32.635
TX1008,0706487014492,,ING-TX1008,Headsets,1.1167,163.66,synced,2025-12-05 23:51:32.821
TX1009,0706487014508,,ING-TX1009,Headsets,1.1167,148.00,synced,2025-12-06 00:11:36.576
TX1269,0037332181312,,9785,Computer Cables,1.1499,16.98,synced,2025-12-06 00:13:35.143
TX1270,0037332181329,,ING-TX1270,Computer Cables,1.1498,24.46,synced,2025-12-06 00:11:37.095
TX1273,0037332181299,,ING-TX1273,Electronics Docks & Cradles,1.1500,94.50,synced,2025-12-06 00:11:32.057
TX2820,0743172040336,,ING-TX2820,Uninterruptible Power Supplies,1.0810,6569.65,synced,2025-12-06 00:11:30.06
TX2823,0743172040367,,ING-TX2823,Uninterruptible Power Supplies,1.0837,2073.74,synced,2025-12-06 00:13:23.637
TX8126,0043859651573,,55560,Appliance Air Filters,1.1200,24.90,synced,2025-12-06 00:11:28.067
TX8129,0043859658169,,ING-TX8129,Appliance Air Filters,1.1200,24.26,synced,2025-12-06 00:11:29.059
TY0164,0882658647161,,4631,Antennas,1.0801,59.00,synced,2025-12-06 00:11:35.591
TY1612,0822088077718,,768559,Patch Cables,1.1500,35.07,synced,2025-12-06 00:11:34.584
TY8971,0883436454230,,ING-TY8971,Network Cables,1.1438,111.45,synced,2025-12-06 00:13:37.648
U05580,0882658209963,,13085,Power Cables,1.1499,41.97,synced,2025-12-06 00:11:39.094
U10888,0051128787281,,ING-U10888,Screen Privacy Filters,1.1500,57.95,synced,2025-12-06 00:13:38.165
U33569,0037332143143,,ING-U33569,Computer Racks & Mounts,1.1051,265.19,synced,2025-12-06 00:13:46.197
U33570,0037332144041,,ING-U33570,Computer Rack Hardware & Accessories,1.0962,384.18,synced,2025-12-06 00:11:43.579
U33573,0037332143198,,ING-U33573,Other Computer Accessories,1.1038,275.31,synced,2025-12-06 00:13:44.663
U34417,0810689055471,,27679,TV & Monitor Mounts,1.1500,70.45,synced,2025-12-06 00:13:37.146
U38565,0037332143563,,ING-U38565,Automotive Specialty Parts,1.1200,42.86,synced,2025-12-06 00:13:40.154
U38566,0037332143181,,22933,Hardware Screws,1.1501,24.19,synced,2025-12-06 00:13:46.669
U38567,0037332144614,,ING-U38567,Computer Racks & Mounts,1.1500,76.05,synced,2025-12-06 00:13:42.157
U38568,0037332144904,,ING-U38568,Shelves & Shelf Units,1.1500,126.82,synced,2025-12-06 00:13:40.646
U38572,0037332144607,,19831,Computer Rack Hardware & Accessories,1.1500,64.71,synced,2025-12-06 00:13:44.164
U38574,0037332144836,,ING-U38574,Computer Cooling,1.1061,238.50,synced,2025-12-06 00:13:38.659
U38575,0037332144843,,ING-U38575,Computer Cooling,1.1105,198.63,synced,2025-12-06 00:11:38.595
U38576,0037332144546,,ING-U38576,Computer Cooling,1.0959,371.00,synced,2025-12-06 00:11:48.594
U38578,0037332142085,,ING-U38578,Computer Rack Hardware & Accessories,1.1500,65.14,synced,2025-12-05 23:33:36.745
U38579,0037332142092,,ING-U38579,Computer Rack Hardware & Accessories,1.1103,221.51,synced,2025-12-06 00:11:44.079
U38580,0037332140661,,ING-U38580,Cable Organizers,1.1499,40.69,synced,2025-12-05 23:33:35.757
U38581,0037332140678,,ING-U38581,Computer Rack Hardware & Accessories,1.1500,72.89,synced,2025-12-06 00:11:46.078
U38583,0037332140692,,ING-U38583,Cable Organizers,1.1500,147.52,synced,2025-12-06 00:11:44.577
U38584,0037332140685,,3956,Cable Organizers,1.1500,161.45,synced,2025-12-06 00:13:39.652
U40089,0037332145833,,ING-U40089,Computer Racks & Mounts,1.1499,66.22,synced,2025-12-06 00:13:43.66
U40149,0757120404248,,114036,Audio/Video Cables,1.1501,10.00,synced,2025-12-06 00:13:41.657
U40307,0757120271819,,ING-U40307,Network Cables,1.1499,12.99,synced,2025-12-06 00:11:43.095
U40311,0757120081333,,114134,Network Cables,1.1498,16.10,synced,2025-12-06 00:11:46.578
U40504,0757120031451,,1707,Power Cables,1.1503,19.09,synced,2025-12-06 00:13:39.146
U40509,0757120034117,,ING-U40509,Switch & Outlet Plates,1.1500,5.53,synced,2025-12-06 00:13:36.655
U40510,0757120034124,,115104,Switch & Outlet Plates,1.1502,10.00,synced,2025-12-05 23:34:04.73
U40513,0757120036777,,37244,Cable Connectors,1.1497,16.60,synced,2025-12-06 00:11:42.584
U40518,0757120038108,,39594,Cable Connectors,1.1503,12.86,synced,2025-12-06 00:13:36.143
U40521,0757120038313,,ING-U40521,Cable Connectors,1.1501,8.74,synced,2025-12-05 23:51:30.313
U40522,0757120038337,,ING-U40522,Electrical Boxes,1.1500,16.57,synced,2025-12-06 00:13:47.668
U40523,0757120038375,,39670,TV & Monitor Mounts,1.1496,13.45,synced,2025-12-06 00:13:45.671
U40526,0757120038597,,26227,Computer Patch Panels,1.1500,39.79,synced,2025-12-06 00:13:43.162
U40575,0757120269496,,3955,Computer Cables,1.1500,35.64,synced,2025-12-06 00:13:47.165
U40602,0757120278016,,114326,Network Cables,1.1501,17.79,synced,2025-12-06 00:11:40.601
U40621,0757120291442,,26104,Computer Cables,1.1503,30.27,synced,2025-12-06 00:11:39.599
U40625,0757120293118,,ING-U40625,Cable Connectors,1.1499,9.99,synced,2025-12-06 00:11:45.583
U40637,0757120298045,,25118,Power Cables,1.1501,7.99,synced,2025-12-06 00:11:48.087
U40639,0757120298540,,23538,Cable Organizers,1.1502,12.65,synced,2025-12-06 00:11:45.069
U40642,0757120299271,,39963,Power Cables,1.1500,20.34,synced,2025-12-05 23:33:35.249
U40643,0757120299288,,3961,Power Cables,1.1500,24.28,synced,2025-12-05 23:33:36.276
U40645,0757120299332,,6916,Extension Cords,1.1497,25.99,synced,2025-12-06 00:11:38.109
U40674,0757120404095,,28229,Audio/Video Cables,1.1501,20.00,synced,2025-12-05 23:34:05.228
U40716,0757120029434,,37534,Cable Connectors,1.1502,14.90,synced,2025-12-06 00:11:49.085
U40719,0757120094524,,3959,Computer Cables,1.1502,25.62,synced,2025-12-06 00:11:40.093
U40723,0757120101819,,114031,Computer Cables,1.1498,17.65,synced,2025-12-06 00:11:41.579
U40804,0037332140296,,ING-U40804,Other Computer Accessories,1.0851,1371.21,synced,2025-12-06 00:13:41.152
U40805,0037332140319,,6917,KVM Switches,1.0856,2041.69,synced,2025-12-05 23:34:04.223
U41113,0757120026648,,375797,Computer Cables,1.1500,16.99,synced,2025-12-05 23:34:05.729
U41259,0757120029731,,82275,Network Cables,1.1498,5.99,synced,2025-12-06 00:13:42.653
U41367,0757120037132,,77463,Switch & Outlet Plates,1.1501,14.34,synced,2025-12-06 00:11:42.088
U41385,0757120037217,,84629,Switch & Outlet Plates,1.1504,12.52,synced,2025-12-06 00:13:45.173
U41403,0757120272298,,51771,Audio/Video Cables,1.1500,32.68,synced,2025-12-06 00:11:41.097
U41427,0757120278061,,ING-U41427,Network Cables,1.1502,33.35,synced,2025-12-05 23:34:06.234
U41453,0757120291329,,ING-U41453,Audio/Video Cables,1.1499,37.26,synced,2025-12-06 00:11:47.59
U41663,0037332146106,,37133,Network Cables,1.1502,18.19,synced,2025-12-06 00:13:51.182
U41668,0037332146144,,ING-U41668,Network Cables,1.1501,7.74,synced,2025-12-05 23:33:42.749
U41669,0037332146151,,37136,Network Cables,1.1497,5.12,synced,2025-12-06 00:13:48.169
U41670,0037332146205,,18779,Network Cables,1.1499,17.42,synced,2025-12-05 23:34:12.266
U41671,0037332146229,,ING-U41671,Network Cables,1.1501,11.50,synced,2025-12-06 00:11:49.591
U41673,0037332146168,,ING-U41673,Network Cables,1.1498,9.65,synced,2025-12-06 00:13:55.17
U41674,0037332122063,,6929,Network Cables,1.1500,19.90,synced,2025-12-05 23:34:12.754
U41675,0037332146212,,13100,Network Cables,1.1499,13.61,synced,2025-12-06 00:11:47.1
U41676,0037332146199,,18579,Network Cables,1.1499,9.26,synced,2025-12-06 00:11:54.086
U41677,0037332138446,,ING-U41677,Computer Racks & Mounts,1.0833,697.05,synced,2025-12-05 23:34:11.769
U41746,0757120273660,,55428,Computer Cables,1.1502,26.59,synced,2025-12-06 00:11:59.578
U41752,0757120404644,,39106,Audio/Video Cables,1.1496,,synced,2025-12-05 23:33:42.261
U41814,0037332145567,,6920,Extension Cords,1.1497,19.69,synced,2025-12-06 00:11:56.59
U42060,0037332146182,,6930,Network Cables,1.1503,9.71,synced,2025-12-05 23:33:39.275
U42063,0037332143204,,64499,Computer Racks & Mounts,1.1142,257.34,synced,2025-12-05 23:33:40.254
U42395,0037332120342,,55441,Network Cables,1.1501,27.66,synced,2025-12-06 00:13:56.177
U42396,0037332143907,,30578,Network Cables,1.1500,25.01,synced,2025-12-06 00:13:49.179
U42397,0037332147080,,1716,Computer Cables,1.1500,64.67,synced,2025-12-06 00:13:54.17
U42398,0037332147042,,9307,Computer Cables,1.1504,21.50,synced,2025-12-05 23:34:06.779
U42399,0037332147059,,13109,Computer Cables,1.1498,13.12,synced,2025-12-05 23:33:41.301
U42662,0037332143389,,3970,Other Electronic Components & Accessories,1.1501,49.28,synced,2025-12-05 23:34:13.261
U42673,0037332145970,,6932,Cable Splitters,1.1500,16.51,synced,2025-12-06 00:11:53.1
U42674,0037332146670,,37193,Audio/Video Cables,1.1496,17.97,synced,2025-12-05 23:33:39.766
U42675,0037332146663,,28648,Computer Cables,1.1503,12.71,synced,2025-12-05 23:34:07.75
U42678,0037332146946,,6928,Computer Cables,1.1503,18.44,synced,2025-12-06 00:13:53.676
U42679,0037332146939,,9308,Computer Cables,1.1498,19.43,synced,2025-12-06 00:13:57.177
U42886,0754082063148,,ING-U42886,Network Testers,1.0841,1583.36,synced,2025-12-05 23:34:08.755
U42891,0754082063100,,ING-U42891,Network Testers,1.0817,4226.43,synced,2025-12-06 00:14:00.661
U42902,0754082064411,,ING-U42902,Other Electronic Components,1.1187,168.13,synced,2025-12-05 23:33:38.765
U42903,0754082064404,,ING-U42903,Cable Connectors,1.1198,177.10,synced,2025-12-05 23:33:37.258
U43253,0037332145352,,ING-U43253,Casters,1.1500,116.80,synced,2025-12-06 00:13:50.178
U43256,0757120521068,,114214,Computer Cables,1.1504,5.68,synced,2025-12-06 00:13:57.698
U43341,0731304243564,,ING-U43341,Device-Specific Electronics Batteries,1.1235,139.99,synced,2025-12-05 23:34:11.262
U43713,0754082037651,,ING-U43713,Power Tool Blades,1.1500,151.92,synced,2025-12-06 00:11:51.096
U43838,0731304258650,,61415,Cable Organizers,1.1500,51.99,synced,2025-12-05 23:34:09.767
U44943,0731304228455,,58309,Device-Specific Electronics Batteries,1.1120,263.00,synced,2025-12-06 00:13:59.16
U45046,0065030792011,,23526,Network Cables,1.1504,11.13,synced,2025-12-06 00:13:49.685
U45137,0065030831642,,3981,Audio/Video Cables,1.1501,22.98,synced,2025-12-06 00:14:01.67
U45138,0065030827980,,ING-U45138,Drive Bay Caddies,1.1500,76.04,synced,2025-12-06 00:13:58.196
U45146,0065030830836,,13132,Computer Cooling,1.1499,8.75,synced,2025-12-06 00:11:50.111
U45511,0722868484524,,ING-U45511,Network Cables,1.1501,15.27,synced,2025-12-06 00:11:55.089
U45579,0722868664728,,ING-U45579,Audio/Video Cables,1.1498,16.72,synced,2025-12-06 00:13:48.678
U45580,0722868664735,,ING-U45580,Audio/Video Cables,1.1500,18.43,synced,2025-12-05 23:52:03.321
U45581,0722868664742,,ING-U45581,Computer Cables,1.1499,18.99,synced,2025-12-06 00:13:53.169
U45797,0722868663998,,ING-U45797,Computer Cables,1.1502,18.99,synced,2025-12-06 00:11:55.589
U45798,0722868664001,,ING-U45798,Computer Cables,1.1499,20.07,synced,2025-12-06 00:08:04.418
U45803,0722868154366,,ING-U45803,Network Cables,1.1500,18.91,synced,2025-12-06 00:11:59.074
U45811,0722868186794,,132516,Network Cables,1.1499,7.36,synced,2025-12-06 00:11:50.61
U45824,0722868168349,,37389,Network Cables,1.1501,12.99,synced,2025-12-06 00:13:50.683
U45830,0722868160114,,ING-U45830,Network Cables,1.1498,11.76,synced,2025-12-05 23:33:38.265
U45832,0722868467336,,ING-U45832,Network Cables,1.1497,13.31,synced,2025-12-06 00:11:51.596
U45842,0722868467343,,ING-U45842,Network Cables,1.1498,18.27,synced,2025-12-06 00:11:52.083
U45843,0722868170564,,28666,Network Cables,1.1500,18.86,synced,2025-12-06 00:08:03.919
U45945,0065030831093,,ING-U45945,Computer Replacement Parts,1.1502,12.95,synced,2025-12-06 00:13:52.668
U45959,0722868163382,,6939,Network Cables,1.1502,17.63,synced,2025-12-06 00:12:01.577
U45968,0722868160145,,ING-U45968,Network Cables,1.1500,23.19,synced,2025-12-06 00:13:56.683
U45974,0722868533109,,ING-U45974,Network Cables,1.1502,12.24,synced,2025-12-05 23:34:08.259
U45976,0722868377284,,37052,Network Cables,1.1498,12.24,synced,2025-12-06 00:11:52.598
U45978,0722868611821,,63929,Network Cables,1.1500,,synced,2025-12-06 00:13:59.662
U45979,0722868683101,,ING-U45979,Network Cables,1.1499,13.83,synced,2025-12-05 23:33:37.765
U45980,0722868611777,,ING-U45980,Network Cables,1.1500,14.53,synced,2025-12-05 23:33:40.792
U45983,0722868611715,,30429,Network Cables,1.1499,16.61,synced,2025-12-06 00:13:55.679
U45984,0722868611852,,30428,Network Cables,1.1500,14.76,synced,2025-12-06 00:12:00.581
U45985,0722868611784,,30435,Network Cables,1.1499,14.87,synced,2025-12-05 23:33:41.763
U45996,0722868391778,,ING-U45996,Network Cables,1.1501,16.69,synced,2025-12-06 00:13:54.682
U46003,0722868484548,,9320,Network Cables,1.1499,20.54,synced,2025-12-05 23:34:09.252
U46004,0722868480878,,21038,Network Cables,1.1502,24.19,synced,2025-12-06 00:14:00.201
U46014,0722868442579,,9322,Network Cables,1.1499,26.09,synced,2025-12-06 00:11:56.093
U46041,0722868644577,,13151,Network Cables,1.1501,62.87,synced,2025-12-06 00:11:53.6
U73708,0092636243159,,3991,Laptop Bags,1.1501,52.00,synced,2025-12-06 00:13:58.661
U75250,0021299179000,,ING-U75250,Headphones,1.1501,11.44,synced,2025-12-06 00:12:00.108
U76861,0037332145956,,ING-U76861,Computer Cables,1.1499,26.56,synced,2025-12-06 00:11:58.595
U76862,0037332145949,,ING-U76862,Computer Cables,1.1500,31.91,synced,2025-12-06 00:11:54.592
U76981,0754082038245,,ING-U76981,Hand Tool Crimpers & Strippers,1.1500,47.85,synced,2025-12-06 00:13:52.173
U77250,0722868297162,,ING-U77250,Network Cables,1.1500,12.03,synced,2025-12-06 00:11:57.598
U77251,0722868433997,,ING-U77251,Network Cables,1.1500,11.36,synced,2025-12-05 23:34:07.261
U77252,0722868505557,,ING-U77252,Network Cables,1.1500,13.21,synced,2025-12-05 23:34:10.258
U77255,0722868434017,,ING-U77255,Network Cables,1.1499,20.54,synced,2025-12-06 00:13:51.676
U78789,0717010562830,,ING-U78789,Print Servers,1.1152,199.95,synced,2025-12-06 00:11:57.092
U94248,0722868164372,,47937,Network Cables,1.1502,10.46,synced,2025-12-06 00:11:58.091
U94385,0722868170663,,ING-U94385,Power Cables,1.1498,16.67,synced,2025-12-05 23:34:10.754
UJ0090,0198155878657,,ING-UJ0090,Computer Monitors,1.0600,640.08,synced,2025-12-05 23:34:13.767
UJ0105,0097855201737,,ING-UJ0105,Computer Keyboards,1.1500,50.98,synced,2025-12-06 00:12:02.078
UJ0106,0097855202185,,ING-UJ0106,Computer Mice,1.1499,39.19,synced,2025-12-06 00:12:05.578
UJ0107,0097855203861,,ING-UJ0107,Webcams,1.1375,116.86,synced,2025-12-06 00:12:03.577
UJ0108,0097855203854,,ING-UJ0108,Camera & Camcorder Mounts,1.1375,114.75,synced,2025-12-06 00:14:04.165
UJ0111,0097855203878,,ING-UJ0111,TV & Monitor Mounts,1.1375,125.47,synced,2025-12-05 23:33:44.755
UJ0112,0097855206107,,ING-UJ0112,Video Game Accessories,1.1500,2079.17,synced,2025-12-06 00:14:01.161
UJ0251,0085896965435,,ING-UJ0251,"Tablet Holders, Carriers & Cases",1.1500,58.52,synced,2025-12-06 00:12:04.578
UJ0336,0198158329880,,ING-UJ0336,Desktop Computers,1.0600,1102.42,synced,2025-12-05 23:33:44.298
UJ0414,0199251443381,,ING-UJ0414,Desktop Computers,1.0600,1529.97,synced,2025-12-06 00:12:03.079
UJ1280,0012502678731,,ING-UJ1280,Label Maker Tape,1.1500,21.67,synced,2025-12-05 23:33:43.782
UJ1293,0012502679516,,ING-UJ1293,Label Maker Tape,1.1499,32.03,synced,2025-12-05 23:33:43.248
UJ1303,0012502677659,,ING-UJ1303,Label Maker Tape,1.1500,22.99,synced,2025-12-06 00:12:05.079
UJ1314,0012502679776,,ING-UJ1314,Label Maker Tape,1.1499,23.49,synced,2025-12-06 00:14:02.16
UJ1315,0012502679295,,ING-UJ1315,Label Maker Tape,1.1500,22.09,synced,2025-12-06 00:12:01.079
UJ1332,0012502679349,,ING-UJ1332,Label Maker Tape,1.1499,23.49,synced,2025-12-06 00:14:03.662
UJ1345,0012502678908,,ING-UJ1345,Label Maker Tape,1.1500,26.99,synced,2025-12-06 00:12:02.578
UJ1367,0012502679530,,ING-UJ1367,Label Maker Tape,1.1499,24.99,synced,2025-12-06 00:12:04.079
UJ1876,0757120404347,,129543,Polos,1.1500,16.33,synced,2025-12-06 00:12:11.091
UJ2135,0097855205759,,ING-UJ2135,Headsets,1.1499,27.99,synced,2025-12-06 00:08:05.92
UJ2177,0037332284983,,ING-UJ2177,Laptop Docking Stations,1.1033,269.99,synced,2025-12-05 23:33:45.261
UJ2190,0037332284990,,ING-UJ2190,Laptop Docking Stations,1.1002,304.99,synced,2025-12-06 00:14:12.668
UJ2476,0037332287229,,ING-UJ2476,Network Switches,1.0995,328.73,synced,2025-12-06 00:12:14.116
UJ2477,0037332287212,,ING-SF4771,Network Switches,1.1426,124.37,synced,2025-12-05 23:34:14.266
UJ2478,0037332287236,,ING-UJ2478,Network Switches,1.1248,150.78,synced,2025-12-06 00:12:06.577
UJ2944,0199251349065,,ING-UJ2948,Desktop Computers,1.0600,2550.97,synced,2025-12-06 00:12:10.586
UJ2952,0199251519505,,ING-UJ2952,Desktop Computers,1.0600,1624.37,synced,2025-12-05 23:51:29.309
UJ2955,0199251271144,,ING-UJ2955,Desktop Computers,1.0600,1875.64,synced,2025-12-06 00:14:08.178
UJ2956,0199251519451,,ING-UJ2956,Desktop Computers,1.0600,1659.00,synced,2025-12-06 00:12:13.598
UJ2957,0199251519444,,ING-UJ2957,Desktop Computers,1.0600,1329.00,synced,2025-12-06 00:12:07.076
UJ2958,0199251336676,,ING-UJ2958,Desktop Computers,1.0600,3437.74,synced,2025-12-05 23:34:15.26
UJ2959,0199251271656,,ING-UJ2959,Desktop Computers,1.0600,3669.74,synced,2025-12-06 00:12:12.087
UJ2960,0199251348082,,ING-UJ2960,Desktop Computers,1.0600,2520.00,synced,2025-12-06 00:14:07.677
UJ2966,0199251271601,,ING-UJ2966,Desktop Computers,1.0600,2529.99,synced,2025-12-06 00:12:13.087
UJ2975,0199251337826,,ING-UJ2975,Desktop Computers,1.0600,3486.16,synced,2025-12-06 00:14:02.679
UJ2979,0199251271199,,ING-UJ2979,Desktop Computers,1.0600,2671.74,synced,2025-12-06 00:14:05.667
UJ2981,0199251271168,,ING-UJ2981,Desktop Computers,1.0600,2509.74,synced,2025-12-06 00:14:08.684
UJ2982,0199251271632,,ING-UJ2982,Desktop Computers,1.0600,2611.99,synced,2025-12-06 00:07:22.07
UJ2984,0199251271687,,ING-UJ2984,Desktop Computers,1.0600,2607.99,synced,2025-12-05 23:34:16.264
UJ2985,0199251271649,,ING-UJ2985,Desktop Computers,1.0600,2839.99,synced,2025-12-05 23:33:46.287
UJ2988,0199251271731,,ING-UJ2988,Desktop Computers,1.0600,1660.99,synced,2025-12-06 00:12:07.617
UJ2989,0199251271717,,ING-UJ2989,Desktop Computers,1.0600,3099.99,synced,2025-12-06 00:14:03.163
UJ2990,0199251336652,,ING-UJ2990,Desktop Computers,1.0600,2699.99,synced,2025-12-05 23:33:47.265
UJ2991,0199251335280,,ING-UJ2991,Desktop Computers,1.0600,2399.99,synced,2025-12-05 23:34:14.762
UJ2992,0199251336638,,ING-UJ2992,Desktop Computers,1.0600,2399.65,synced,2025-12-05 23:33:45.761
UJ2994,0199251337703,,ING-UJ2994,Desktop Computers,1.0600,2118.98,synced,2025-12-06 00:14:11.182
UJ2997,0199251337857,,ING-UJ2997,Desktop Computers,1.0600,3894.79,synced,2025-12-05 23:34:16.771
UJ2999,0199251337710,,ING-UJ2999,Desktop Computers,1.0600,2279.74,synced,2025-12-06 00:12:10.099
UJ3002,0199251337727,,ING-UJ3002,Desktop Computers,1.0600,2599.74,synced,2025-12-06 00:12:08.588
UJ3003,0199251337468,,ING-UJ3003,Desktop Computers,1.0600,3661.72,synced,2025-12-06 00:14:13.683
UJ3004,0199251654299,,ING-UJ3004,Desktop Computers,1.0600,1604.64,synced,2025-12-06 00:14:06.667
UJ3005,0199251337673,,ING-UJ3005,Desktop Computers,1.0600,2191.20,synced,2025-12-05 23:34:17.264
UJ3006,0199251337772,,ING-UJ3006,Desktop Computers,1.0600,2462.99,synced,2025-12-06 00:14:09.687
UJ3008,0199251337697,,ING-UJ3008,Desktop Computers,1.0600,2568.65,synced,2025-12-06 00:12:06.079
UJ3010,0199251654251,,ING-UJ3010,Desktop Computers,1.0600,2011.73,synced,2025-12-06 00:14:04.663
UJ3011,0199251337734,,ING-UJ3011,Desktop Computers,1.0600,1956.74,synced,2025-12-05 23:33:46.778
UJ3012,0199251337741,,ING-UJ3012,Desktop Computers,1.0600,1897.99,synced,2025-12-05 23:34:15.76
UJ3013,0199251343841,,ING-UJ3013,Desktop Computers,1.0600,2356.82,synced,2025-12-06 00:14:07.196
UJ3015,0199251654312,,ING-UJ3015,Desktop Computers,1.0600,1290.49,synced,2025-12-06 00:12:08.09
UJ3017,0199251337376,,ING-UJ3017,Desktop Computers,1.0600,3677.54,synced,2025-12-06 00:12:09.584
UJ3019,0199251343834,,ING-UJ3019,Desktop Computers,1.0600,3001.68,synced,2025-12-06 00:14:10.175
UJ3020,0199251348099,,ING-UJ3020,Desktop Computers,1.0600,1811.99,synced,2025-12-06 00:12:12.593
UJ3021,0199251344343,,ING-UJ3021,Desktop Computers,1.0600,4550.29,synced,2025-12-06 00:14:05.164
UJ3022,0199251337291,,ING-UJ2946,Desktop Computers,1.0600,2033.74,synced,2025-12-06 00:12:09.089
UJ3025,0199251337284,,ING-UJ3025,Desktop Computers,1.0600,1747.99,synced,2025-12-06 00:14:09.181
UJ3026,0199251343827,,ING-UJ3026,Desktop Computers,1.0600,2069.11,synced,2025-12-06 00:14:10.685
UJ3058,0198156756152,,ING-UJ3058,Computer Monitors,1.0600,499.66,synced,2025-12-06 00:08:09.938
UJ3097,0074000703797,,ING-UJ3097,Computer Monitors,1.0600,1669.32,synced,2025-12-06 00:14:06.165
UJ3098,0074000704053,,ING-UJ3098,Computer Monitors,1.0600,3015.42,synced,2025-12-05 23:52:51.872
UJ3236,0198158057776,,ING-UJ3236,Laptop Computers,1.0600,2999.74,synced,2025-12-06 00:12:11.595
UJ3267,0198157589919,,ING-UJ3267,Laptop Computers,1.0600,1159.00,synced,2025-12-06 00:12:17.603
UJ3274,0198157445260,,ING-UJ3274,Laptop Computers,1.0600,1381.99,synced,2025-12-05 23:34:19.752
UJ3277,0198157445253,,ING-UJ3277,Laptop Computers,1.0600,1714.74,synced,2025-12-06 00:14:20.193
UJ3279,0198158520751,,ING-UJ3279,Laptop Computers,1.0600,1899.74,synced,2025-12-06 00:14:24.682
UJ3280,0198158520720,,ING-UJ3280,Laptop Computers,1.0600,2442.42,synced,2025-12-06 00:12:16.103
UJ3282,0198157433328,,ING-UJ3282,Laptop Computers,1.0600,1586.36,synced,2025-12-05 23:34:18.762
UJ3285,0198158520508,,ING-UJ3285,Laptop Computers,1.0600,2154.99,synced,2025-12-06 00:14:22.214
UJ3286,0198158520423,,ING-UJ3286,Laptop Computers,1.0600,1353.02,synced,2025-12-06 00:12:15.602
UJ3288,0198158520454,,ING-UJ3288,Laptop Computers,1.0600,1282.85,synced,2025-12-06 00:12:14.601
UJ3292,0198157443655,,ING-UJ3292,Laptop Computers,1.0600,1527.00,synced,2025-12-06 00:12:18.099
UJ3297,0198158520645,,ING-UJ3297,Laptop Computers,1.0600,1849.99,synced,2025-12-06 00:14:23.181
UJ3307,0884116491934,,ING-UJ3307,Laptop Computers,1.0600,849.94,synced,2025-12-06 00:14:21.682
UJ3309,0884116491415,,ING-UJ3309,Laptop Computers,1.0600,806.39,synced,2025-12-06 00:14:21.181
UJ3311,0884116490623,,ING-UJ3311,Laptop Computers,1.0600,2257.08,synced,2025-12-05 23:34:17.754
UJ3313,0884116490616,,ING-UJ3313,Laptop Computers,1.0600,2156.77,synced,2025-12-06 00:14:14.689
UJ3314,0884116490807,,ING-UJ3314,Laptop Computers,1.0600,2204.37,synced,2025-12-06 00:14:24.18
UJ3327,0884116490593,,ING-UJ3327,Laptop Computers,1.0600,1776.67,synced,2025-12-06 00:14:18.188
UJ3426,0199251134357,,ING-UJ3426,Desktop Computers,1.0600,1519.74,synced,2025-12-06 00:14:16.194
UJ3488,0097564311888,,ING-UJ3488,Computer Scanners,1.0934,424.98,synced,2025-12-06 00:12:15.086
UJ3529,0829686009141,,ING-UJ3529,Hard Drives,1.0917,585.66,synced,2025-12-06 00:14:16.689
UJ3665,0810177162032,,ING-UJ3665,Wireless Access Points,1.1172,187.99,synced,2025-12-06 00:14:20.684
UJ3738,0196388517770,,ING-UJ3738,Computer Replacement Parts,1.1500,37.01,synced,2025-12-06 00:14:18.681
UJ3841,0190017560021,,ING-UJ3841,Network Switches,1.0849,1331.16,synced,2025-12-06 00:14:17.683
UJ3937,0199251442032,,ING-UJ3937,Desktop Computers,1.0600,1264.24,synced,2025-12-05 23:34:19.259
UJ3938,0199251443404,,ING-UJ3938,Desktop Computers,1.0600,1562.74,synced,2025-12-06 00:14:13.182
UJ3939,0199251134340,,ING-UJ3939,Desktop Computers,1.0600,1386.04,synced,2025-12-06 00:14:25.686
UJ3940,0199251443428,,ING-UJ3940,Desktop Computers,1.0600,2329.91,synced,2025-12-06 00:14:19.682
UJ3942,0199251442988,,ING-UJ3942,Desktop Computers,1.0600,1900.99,synced,2025-12-06 00:14:26.199
UJ3944,0199251442926,,ING-UJ3944,Desktop Computers,1.0600,1449.99,synced,2025-12-06 00:14:14.184
UJ3946,0199251442018,,ING-UJ3946,Desktop Computers,1.0600,1216.74,synced,2025-12-06 00:12:18.589
UJ3947,0199251442971,,ING-UJ3947,Desktop Computers,1.0600,1949.25,synced,2025-12-05 23:33:47.771
UJ3948,0199251134333,,ING-UJ3948,Desktop Computers,1.0600,1281.74,synced,2025-12-06 00:12:17.099
UJ3950,0199251134364,,ING-UJ3950,Desktop Computers,1.0600,1599.99,synced,2025-12-06 00:12:19.597
UJ3951,0199251442940,,ING-UJ3951,Desktop Computers,1.0600,1596.99,synced,2025-12-06 00:14:15.191
UJ4087,0198415167118,,ING-UJ4087,Laptop Computers,1.0600,2403.99,synced,2025-12-06 00:14:19.182
UJ4093,0198415247735,,ING-UJ4093,Laptop Computers,1.0600,1851.99,synced,2025-12-05 23:34:18.396
UJ4097,0198415247711,,ING-UJ4097,Laptop Computers,1.0600,1889.99,synced,2025-12-06 00:14:15.7
UJ4114,0199251085680,,ING-UJ4114,Laptop Computers,1.0600,795.54,synced,2025-12-06 00:14:23.675
UJ4187,0606449172478,,ING-UJ4187,Network Routers,1.1080,194.99,synced,2025-12-06 00:12:16.592
UJ4188,0606449171785,,ING-UJ4188,Network Routers,1.0880,589.99,synced,2025-12-06 00:14:12.178
UJ4189,0606449166422,,ING-S36950,Network Routers,1.0965,424.21,synced,2025-12-05 23:34:20.264
UJ4190,0606449172010,,ING-UJ4190,Network Routers,1.0900,811.92,synced,2025-12-06 00:14:17.187
UJ4495,0198157309814,,ING-UJ4495,Desktop Computers,1.0600,1482.10,synced,2025-12-06 00:14:11.681
UJ4505,0198157007888,,ING-UJ4505,Desktop Computers,1.0600,1623.27,synced,2025-12-06 00:14:22.685
UJ4508,0198157309920,,ING-UJ4508,Desktop Computers,1.0600,1513.34,synced,2025-12-06 00:12:20.098
UJ4812,0198158138758,,ING-UJ4812,Desktop Computers,1.0600,2483.99,synced,2025-12-06 00:12:20.605
UJ4870,0198828043573,,ING-UJ4870,Computer Monitors,1.0600,154.00,synced,2025-12-06 00:12:19.09
UJ5215,0850041503820,,ING-UJ5215,Video Game Chairs,1.1500,991.27,synced,2025-12-06 00:14:25.186
UJ5256,0797212999856,,ING-UJ5256,Multimedia Projectors,1.0800,725.43,synced,2025-12-06 00:14:27.191
UJ5257,0850066082003,,ING-UJ5257,Multimedia Projectors,1.0800,850.47,synced,2025-12-06 00:14:27.691
UJ5258,0850031865136,,ING-UJ5258,Multimedia Projectors,1.0800,1169.89,synced,2025-12-06 00:14:26.689
UK0451,0882658561610,,143928,RAM Memory,1.0890,773.51,synced,2025-12-06 00:09:29.496
UK2932,0023942984856,,ING-UK2932,Optical Recording Media,1.1500,68.44,synced,2025-12-06 00:09:30.992
UK3083,0037332182159,,18710,Computer Cables,1.1499,26.28,synced,2025-12-06 00:09:29.992
UK3085,0037332182166,,ING-UK3085,Computer Cables,1.1500,20.83,synced,2025-12-06 00:09:45.511
UK3086,0037332182180,,ING-UK3086,Telephone Cables,1.1500,19.95,synced,2025-12-06 00:09:45.031
UK3999,0708326914017,,ING-UK3999,Hard Drives,1.1128,211.20,synced,2025-12-06 00:09:46.037
UK4001,0708326914000,,ING-UK4001,Hard Drives,1.1011,333.24,synced,2025-12-06 00:09:30.491
UK4484,0882658647178,,144432,Network Cables,1.1409,163.80,synced,2025-12-06 00:09:44.533
UK6027,0882658647154,,143503,Antennas,1.0800,1211.99,synced,2025-12-06 00:09:50.012
UM6564,0745883656271,,2450,Network Adapters,1.1500,37.00,synced,2025-12-06 00:10:20.034
UN0451,0663072948771,,56276,Computer Servers,1.0600,2659.50,synced,2025-12-06 00:09:52.01
UN2770,0757120249047,,ING-UN2770,Computer Cables,1.1499,23.02,synced,2025-12-05 23:33:10.726
UN4211,0065030854597,,17246,Computer Port Cards,1.1475,79.99,synced,2025-12-06 00:09:49.016
UN4212,0065030854627,,ING-UN4212,Computer Port Cards,1.1431,87.99,synced,2025-12-06 00:09:48.515
UN4213,0065030854344,,ING-UN4213,Computer Cables,1.1500,69.42,synced,2025-12-06 00:09:33.505
UN4216,0065030854917,,ING-UN4216,Audio/Video Cables,1.1501,49.24,synced,2025-12-06 00:09:31.49
UN4218,0065030854696,,ING-UN4218,Computer Cables,1.1499,10.49,synced,2025-12-06 00:09:51.521
UN4220,0065030854924,,9772,Computer Cables,1.1499,20.25,synced,2025-12-06 00:09:32.49
UN4222,0065030854931,,ING-UN4222,Computer Cables,1.1500,44.72,synced,2025-12-06 00:09:52.51
UN4462,0065030854894,,17112,Computer Cables,1.1500,56.11,synced,2025-12-06 00:09:33.009
UN4463,0065030854634,,ING-UN4463,USB Hubs,1.1500,56.13,synced,2025-12-06 00:09:34.004
UN4464,0065030855396,,36839,Network Cables,1.0954,569.45,synced,2025-12-06 00:09:34.517
UN4465,0065030855389,,24655,Network Cables,1.0973,327.00,synced,2025-12-05 23:37:17.363
UN4466,0065030851589,,ING-UN4466,Audio/Video Cables,1.1500,31.78,synced,2025-12-06 00:09:47.027
UN4472,0065030851565,,ING-UN4472,Audio/Video Cables,1.1499,23.80,synced,2025-12-06 00:09:53.016
UN5087,0065030851572,,ING-UN5087,Audio/Video Cables,1.1501,17.73,synced,2025-12-06 00:09:46.516
UN5088,0065030855402,,ING-UN5088,Computer Cables,1.1392,86.70,synced,2025-12-06 00:09:48.024
UN5089,0065030854269,,ING-UN5089,USB Wi-Fi Adapters,1.1501,10.71,synced,2025-12-06 00:09:50.509
UN5090,0065030852623,,ING-UN5090,Power Distribution Units,1.1500,72.99,synced,2025-12-06 00:09:49.518
UN5092,0065030855297,,ING-UN5092,Computer Racks & Mounts,1.1432,88.20,synced,2025-12-05 23:33:10.226
UN5354,0065030855433,,ING-UN5354,Audio/Video Cables,1.1342,127.99,synced,2025-12-06 00:09:47.516
UN5355,0065030855440,,ING-UN5355,Audio/Video Cables,1.1071,206.80,synced,2025-12-06 00:09:31.993
UN5357,0065030854177,,ING-UN5357,Analog-to-Digital Converters,1.0979,373.73,synced,2025-12-05 23:33:13.236
UN5931,0065030784344,,ING-4R9540,Cable Covers,1.1501,57.36,synced,2025-12-06 00:09:51.007
UP2885,0882658525513,,ING-UP2885,Network Cables,1.1137,218.93,synced,2025-12-06 00:09:56.522
UP3458,0882658615320,,30554,Computer Software,1.1500,280.94,synced,2025-12-06 00:09:53.522
UP5146,0887942927257,,23193,Device-Specific Electronics Chargers,1.1388,143.61,synced,2025-12-05 23:33:11.224
UP5147,0887619849301,,ING-UP5147,Laptop Computers,1.0599,17.40,synced,2025-12-06 00:09:35.011
UP6186,0843591047289,,32644,Flash Drives,1.1500,39.49,synced,2025-12-06 00:09:36.013
UP7213,0822088068396,,713257,Network Cables,1.1497,19.65,synced,2025-12-06 00:09:54.518
UP7215,0822088075806,,57809,Network Cables,1.1499,18.15,synced,2025-12-06 00:09:55.037
UP7216,0822088073765,,38425,Network Cables,1.1502,15.34,synced,2025-12-05 23:57:27.5
UP7221,0822088072928,,719365,Network Cables,1.1503,15.75,synced,2025-12-06 00:09:57.026
UP7222,0822088005971,,722051,Network Cables,1.1503,18.15,synced,2025-12-06 00:09:56.025
UP7223,0822088073901,,34852,Network Cables,1.1499,,synced,2025-12-06 00:10:21.033
UP7224,0822088070924,,46418,Network Cables,1.1504,12.57,synced,2025-12-06 00:09:54.026
UP7227,0822088006008,,753723,Network Cables,1.1500,41.12,synced,2025-12-06 00:09:35.51
UP7230,0822088006138,,747965,Network Cables,1.1501,9.17,synced,2025-12-06 00:10:20.529
UP7234,0822088006152,,765322,Network Cables,1.1503,10.74,synced,2025-12-06 00:09:55.542
UP7244,0822088006596,,747966,Network Cables,1.1502,,synced,2025-12-06 00:10:10.025
UP7253,0822088127680,,750726,Network Cables,1.1501,17.94,synced,2025-12-05 23:33:12.731
UP7257,0822088071082,,621553,Network Cables,1.1497,8.35,synced,2025-12-06 00:10:12.042
UP7259,0822088006060,,719120,Network Cables,1.1503,11.15,synced,2025-12-06 00:09:58.027
UP7267,0822088006336,,719119,Network Cables,1.1503,6.36,synced,2025-12-06 00:10:02.574
UP7272,0822088006374,,726532,Network Cables,1.1498,14.76,synced,2025-12-05 23:33:22.246
UP7276,0822088006411,,713819,Network Cables,1.1499,22.95,synced,2025-12-06 00:09:40.014
UP7278,0822088006435,,746159,Network Cables,1.1498,25.95,synced,2025-12-05 23:33:15.735
UP7282,0822088077114,,278447,Network Cables,1.1503,6.74,synced,2025-12-06 00:10:21.539
UP7284,0822088077138,,278450,Network Cables,1.1502,14.01,synced,2025-12-05 23:33:18.224
UP7285,0822088006732,,719496,Network Cables,1.1502,16.49,synced,2025-12-06 00:10:22.537
UP7286,0822088006749,,713820,Network Cables,1.1500,18.91,synced,2025-12-06 00:10:07.014
UP7287,0822088067351,,399426,Network Cables,1.1500,19.39,synced,2025-12-06 00:10:09.535
UP7292,0822088073062,,725909,Cable Connectors,1.1500,84.65,synced,2025-12-05 23:33:17.223
UP7316,0822088102526,,500400,KVM Switches,1.1018,369.77,synced,2025-12-06 00:10:02.009
UP7491,0822088122173,,713966,Switch & Outlet Plates,1.1496,15.19,synced,2025-12-06 00:10:01.509
UP7515,0822088028956,,750598,Network Cables,1.1499,15.90,synced,2025-12-06 00:10:06.512
UP7523,0822088121732,,711699,Switch & Outlet Plates,1.1500,27.29,synced,2025-12-06 00:10:05.011
UP7524,0822088121749,,719124,Switch & Outlet Plates,1.1502,15.38,synced,2025-12-06 00:10:23.034
UP7529,0822088077978,,719468,Other Electronic Components & Accessories,1.1435,119.04,synced,2025-12-06 00:09:37.009
UP7567,0822088074397,,706061,Cable Splitters,1.1502,28.24,synced,2025-12-05 23:33:15.237
UP7577,0822088072881,,750972,Network Cables,1.1501,26.45,synced,2025-12-05 23:33:12.234
UP7592,0822088102700,,706062,KVM Switches,1.1179,262.35,synced,2025-12-05 23:33:14.734
UP7599,0822088067726,,415682,Power Cables,1.1502,,synced,2025-12-05 23:50:43.77
UP7612,0822088029007,,760610,Network Cables,1.1500,24.90,synced,2025-12-06 00:09:38.516
UP7621,0822088065043,,ING-UP7621,KVM Switches,1.1261,144.74,synced,2025-12-06 00:10:11.045
UP7646,0822088099802,,709927,Cable Connectors,1.1348,175.89,synced,2025-12-06 00:10:00.507
UP7692,0822088067085,,706259,Terminal Blocks,1.1403,132.29,synced,2025-12-06 00:10:10.547
UP7723,0822088100560,,711590,Signal Repeaters,1.1131,211.52,synced,2025-12-06 00:10:24.532
UP7724,0822088078319,,706034,Box Springs,1.1500,408.04,synced,2025-12-05 23:33:13.737
UP7736,0822088076865,,ING-UP7736,USB Hubs,1.1500,56.85,synced,2025-12-05 23:33:22.733
UP7758,0822088068532,,70224,Signal Repeaters,1.1428,122.66,synced,2025-12-06 00:09:39.016
UP7835,0822088074229,,719488,KVM Switches,1.1152,373.68,synced,2025-12-06 00:09:36.51
UP7896,0822088065104,,ING-UP7896,Network Switches,1.1500,50.76,synced,2025-12-06 00:10:04.51
UP7908,0822088064831,,526534,Network Switches,1.1073,347.58,synced,2025-12-06 00:09:38.014
UP7918,0822088068648,,431055,Cable Connectors,1.1500,23.92,synced,2025-12-05 23:33:19.232
UP7919,0822088102250,,718364,Computer Patch Panels,1.1501,124.77,synced,2025-12-05 23:33:21.231
UQ3022,0698833037654,,ING-UQ3022,Electronics Stands,1.0866,974.27,synced,2025-12-06 00:09:58.525
UQ3023,0698833039047,,ING-UQ3023,Patient Lifts,1.1500,1029.96,synced,2025-12-06 00:10:24.035
UQ3045,0810354020124,,ING-UQ3045,Wireless Access Points,1.1500,107.82,synced,2025-12-06 00:10:09.023
UQ3091,0810354020872,,ING-UQ3091,Automotive Specialty Parts,1.1200,140.46,synced,2025-12-06 00:09:41.023
UQ3093,0810354020896,,ING-UQ3093,Antennas,1.0800,82.04,synced,2025-12-06 00:10:08.527
UQ3182,0698833040920,,ING-UQ3182,Electronics Stands,1.1213,162.88,synced,2025-12-05 23:52:07.175
UQ3203,0757120023180,,65423,Computer Cables,1.1498,19.44,synced,2025-12-06 00:10:04.01
UQ3305,0013803230840,,ING-UQ3305,Printers & All-in-Ones,1.1500,202.64,synced,2025-12-05 23:33:17.727
UQ3306,0013803230260,,ING-UQ3306,Printers & All-in-Ones,1.1500,164.99,synced,2025-12-05 23:33:18.735
UQ4525,0706487015246,,ING-UQ4525,Other Electronic Components & Accessories,1.1501,27.00,synced,2025-12-05 23:33:16.224
UQ4884,0757120010265,,115861,Network Cables,1.1503,13.74,synced,2025-12-06 00:10:01.013
UQ4930,0757120010722,,ING-UQ4930,Network Cables,1.1502,15.32,synced,2025-12-06 00:10:08.04
UQ4931,0757120010739,,81564,Network Cables,1.1497,6.25,synced,2025-12-06 00:10:03.527
UQ4936,0757120010784,,ING-UQ4936,Network Cables,1.1498,16.99,synced,2025-12-06 00:10:03.011
UQ4938,0757120010807,,ING-UQ4938,Network Cables,1.1502,20.91,synced,2025-12-06 00:10:22.034
UQ4941,0757120010838,,ING-UQ4941,Network Cables,1.1501,19.14,synced,2025-12-06 00:09:37.519
UQ4944,0757120010869,,81287,Network Cables,1.1496,15.10,synced,2025-12-06 00:10:00.008
UQ4945,0757120010876,,103316,Network Cables,1.1499,15.78,synced,2025-12-06 00:10:06.01
UQ4955,0757120010975,,116244,Network Cables,1.1496,15.33,synced,2025-12-06 00:09:40.513
UQ4956,0757120010982,,128825,Network Cables,1.1499,7.51,synced,2025-12-06 00:10:11.538
UQ4957,0757120010999,,128945,Network Cables,1.1504,18.57,synced,2025-12-06 00:09:41.522
UQ4960,0757120011026,,77844,Network Cables,1.1503,10.90,synced,2025-12-05 23:33:11.731
UQ4964,0757120011064,,ING-UQ4964,Network Cables,1.1502,21.73,synced,2025-12-06 00:10:23.535
UQ4967,0757120011095,,80320,Network Cables,1.1503,16.29,synced,2025-12-05 23:33:21.744
UR6030,0821455071908,,ING-UR6030,Network Cables,1.1501,22.08,synced,2025-12-06 00:10:05.51
UR6217,0821455071991,,ING-UR6217,Network Cables,1.1501,28.27,synced,2025-12-06 00:09:39.52
UR6234,0821455071090,,31655,Network Cables,1.1501,40.10,synced,2025-12-05 23:33:14.238
UR6235,0821455071106,,21917,Network Switch Modules,1.1500,69.99,synced,2025-12-06 00:10:25.039
UR7973,0743172050410,,ING-UR7973,Other Computer Accessories,1.0851,1294.76,synced,2025-12-05 23:33:16.743
UR8477,0743172050427,,ING-UR8477,Power Distribution Units,1.0869,912.26,synced,2025-12-05 23:33:19.742
UR8479,0743172050458,,ING-UR8479,Power Distribution Units,1.0857,666.46,synced,2025-12-06 00:09:59.006
UR9598,0672792105197,,ING-UR9598,Computer Cables,1.1236,132.58,synced,2025-12-06 00:10:07.518
UR9628,0672792151682,,763988,USB Hubs,1.1442,98.88,synced,2025-12-06 00:09:59.509
UR9632,0672792003790,,ING-UR9632,USB Hubs,1.1500,32.33,synced,2025-12-06 00:09:57.527
US1241,0198828195487,,ING-US1241,Computer Monitors,1.0600,290.80,synced,2025-12-06 00:09:42.029
US3005,0097855175090,,ING-US3005,Computer Mice,1.1500,17.52,synced,2025-12-06 00:10:25.535
US3788,0195892117797,,ING-US3788,Computer Keyboards,1.1346,105.99,synced,2025-12-05 23:33:20.226
US3813,0199271049433,,ING-US3813,Desktop Computers,1.0600,1031.99,synced,2025-12-06 00:10:13.056
US3844,0841567006162,,ING-US3844,Electronics Docks & Cradles,1.0918,592.45,synced,2025-12-06 00:10:13.55
US3942,0065030911436,,ING-US3942,Computer Port Cards,1.1076,275.79,synced,2025-12-06 00:10:12.543
US3962,0824142403129,,ING-US3962,Laptop Computers,1.0600,1949.99,synced,2025-12-06 00:10:14.036
US3995,0810177162179,,ING-US3995,Wireless Access Points,1.1102,232.22,synced,2025-12-06 00:09:42.528
US4473,0606449174823,,ING-US4473,Network Switches,1.1018,318.32,synced,2025-12-06 00:10:15.041
US4887,0886734899574,,ING-US4887,Device-Specific Electronics Batteries,1.1500,90.41,synced,2025-12-06 00:10:15.531
US4909,0199251747144,,ING-US4909,Laptop Computers,1.0600,749.99,synced,2025-12-06 00:09:43.017
US4958,0606449174885,,ING-US4958,Network Switches,1.0943,494.37,synced,2025-12-06 00:09:43.518
US4989,0606449174809,,ING-US4989,Network Switches,1.1233,161.50,synced,2025-12-06 00:10:14.536
US4990,0606449174625,,ING-US4990,Network Switches,1.1307,136.14,synced,2025-12-06 00:09:44.036
US5392,0633886017390,,ING-US5392,Electronics Film Protectors,1.1500,46.48,synced,2025-12-06 00:10:16.03
US5490,0843295102840,,738708,Computer Servers,1.0600,5889.80,synced,2025-12-05 23:52:16.859
US5679,0884116490968,,ING-US5679,Laptop Computers,1.0600,1903.53,synced,2025-12-05 23:33:20.729
US5681,0884116482772,,ING-US5681,Laptop Computers,1.0600,1609.39,synced,2025-12-06 00:10:19.528
US5687,0884116482765,,ING-US5687,Laptop Computers,1.0600,1674.41,synced,2025-12-06 00:10:16.534
US5688,0884116491880,,ING-US5688,Laptop Computers,1.0600,1042.43,synced,2025-12-06 00:10:19.049
US5689,0884116491705,,ING-US5689,Laptop Computers,1.0600,860.99,synced,2025-12-06 00:10:17.037
US5802,0884116490609,,ING-US5802,Laptop Computers,1.0600,2054.52,synced,2025-12-06 00:10:26.035
US6123,0198957072338,,ING-US6123,Cell Phones,1.0800,969.00,synced,2025-12-06 00:10:18.553
US6125,0198957072277,,ING-US6125,Cell Phones,1.0800,1099.99,synced,2025-12-06 00:10:18.039
US6143,0198157851672,,ING-US6143,Desktop Computers,1.0600,1205.88,synced,2025-12-06 00:10:17.536
US6210,0198157460324,,ING-US6210,Laptop Computers,1.0600,1283.85,synced,2025-12-06 00:10:26.532
US7007,0881317522221,,ING-US7007,Device-Specific Electronics Chargers,1.1477,119.61,synced,2025-12-05 23:59:07.517
US8516,0197498837048,,ING-US8516,Microphones,1.0905,570.42,synced,2025-12-05 23:59:08.015
UT2057,0822088102595,,709507,Audio & Video Receivers,1.0800,633.08,synced,2025-12-05 23:59:08.526
UT2080,0822088071686,,526539,Computer Patch Panels,1.1152,266.02,synced,2025-12-06 00:08:51.973
UT2103,0822088067511,,56303,Computer Patch Panels,1.1096,287.53,synced,2025-12-05 23:59:09.011
UT2105,0822088068488,,287833,Computer Patch Panels,1.1070,328.29,synced,2025-12-06 00:08:52.984
UT2114,0822088078098,,284807,KVM Switches,1.1205,239.74,synced,2025-12-06 00:09:21.996
UT2170,0822088065364,,51108,KVM Switches,1.1101,339.89,synced,2025-12-06 00:09:22.498
UT2177,0822088078142,,710282,Network Switches,1.1088,309.78,synced,2025-12-05 23:59:09.512
UT2179,0822088068556,,709173,KVM Switches,1.0941,638.20,synced,2025-12-06 00:08:51.506
UT2181,0822088067719,,517862,Power Cables,1.0887,1026.04,synced,2025-12-06 00:08:52.48
UT2212,0822088068334,,527748,Computer Patch Panels,1.1203,169.37,synced,2025-12-06 00:09:18.014
UT2251,0822088102175,,284742,Computer Patch Panels,1.0984,521.01,synced,2025-12-06 00:08:50.974
UT2252,0822088066705,,ING-UT2252,Computer Patch Panels,1.0939,424.80,synced,2025-12-05 23:33:08.724
UT2352,0822088066934,,719609,KVM Switches,1.0829,3128.07,synced,2025-12-05 23:58:42.514
UU4814,0805736051889,,72878,Projector Replacement Lamps,1.1381,187.70,synced,2025-12-05 23:58:46.521
UU5011,0037332181503,,14517,Computer Cables,1.1500,17.99,synced,2025-12-06 00:08:54.482
UU5013,0037332180193,,ING-UU5013,Network Switches,1.0960,433.43,synced,2025-12-05 23:33:05.727
UU5015,0037332181862,,ING-UU5015,Network Cables,1.1214,171.27,synced,2025-12-05 23:58:43.513
UU5344,0822088014638,,622877,Network Cables,1.1500,27.83,synced,2025-12-05 23:58:48.013
UU5365,0822088064909,,ING-UU5365,Network Switch Modules,1.1499,59.71,synced,2025-12-05 23:58:47.013
UU8135,0037332181510,,14601,Computer Cables,1.1498,26.92,synced,2025-12-05 23:58:45.997
UU8136,0037332180766,,14602,Computer Cables,1.1502,19.99,synced,2025-12-06 00:09:19.008
UU8137,0037332181428,,17061,USB Hubs,1.1494,118.51,synced,2025-12-05 23:58:45.509
UU8615,0808447070675,,56924,Audio/Video Cables,1.1500,54.99,synced,2025-12-05 23:58:43.001
UU8632,0808447070958,,30254,Computer Cables,1.1500,55.46,synced,2025-12-06 00:08:53.474
UU8637,0808447071016,,24706,Computer Cables,1.1379,123.76,synced,2025-12-05 23:58:45.006
UU8640,0808447071238,,34392,Computer Cables,1.1500,45.34,synced,2025-12-06 00:09:18.512
UU8642,0808447070927,,18708,Computer Cables,1.1500,57.50,synced,2025-12-05 23:58:44.009
UU8644,0808447071054,,14657,Computer Cables,1.1500,67.68,synced,2025-12-05 23:58:44.517
UU8645,0808447071061,,ING-UU8645,Computer Cables,1.1501,106.99,synced,2025-12-05 23:52:07.339
UU8646,0808447071078,,60927,Computer Cables,1.1440,127.47,synced,2025-12-06 00:09:23.002
UU9567,0037332182593,,ING-UU9567,Network Cables,1.1498,4.93,synced,2025-12-05 23:33:05.218
UU9568,0037332182609,,ING-UU9568,Network Cables,1.1503,5.32,synced,2025-12-06 00:08:54.977
UU9570,0037332182562,,ING-UU9570,Power Cables,1.1501,19.29,synced,2025-12-06 00:08:53.984
UU9841,0037332183569,,19445,TV & Monitor Mounts,1.1371,178.12,synced,2025-12-06 00:08:55.98
UU9843,0037332182548,,14800,Power Cables,1.1499,22.79,synced,2025-12-06 00:08:55.485
UW5018,0888631101231,,114511,Hard Drives,1.1193,149.19,synced,2025-12-05 23:58:47.505
UW7613,0051128829905,,ING-UW7613,Screen Privacy Filters,1.1501,33.99,synced,2025-12-06 00:08:57.473
UX2006,0783750006200,,ING-UX2006,Computer Keyboards,1.1500,104.52,synced,2025-12-06 00:08:56.979
UX2813,0882658615368,,4639,Other Computer Accessories,1.1486,119.60,synced,2025-12-06 00:08:56.496
UX4248,0785813014931,,ING-UX4237,Network Switches,1.0828,2682.49,synced,2025-12-06 00:09:23.508
UX5098,0065030855020,,14628,Network Switches,1.1500,80.80,synced,2025-12-05 23:58:48.497
UX5373,0065030855600,,ING-UX5373,Computer Replacement Parts,1.1500,28.00,synced,2025-12-05 23:50:47.795
UX6701,0757120543121,,19276,Computer Cables,1.1501,34.79,synced,2025-12-06 00:08:57.982
UX6951,0757120567844,,ING-UX6951,Computer Cables,1.1500,9.99,synced,2025-12-06 00:08:58.475
UX9167,0821455075531,,ING-UX9167,Audio/Video Cables,1.1501,25.65,synced,2025-12-05 23:33:07.727
V03709,0037332148070,,ING-V03709,Network Cables,1.1503,9.69,synced,2025-12-05 23:58:50.006
V03713,0037332145321,,ING-V03713,Network Cables,1.1501,14.78,synced,2025-12-06 00:09:01.972
V03714,0037332148094,,ING-V03714,Network Cables,1.1500,9.05,synced,2025-12-05 23:33:06.723
V03715,0037332148100,,ING-V03715,Network Cables,1.1501,18.54,synced,2025-12-05 23:58:50.508
V04038,0037332210982,,ING-V04038,Uninterruptible Power Supplies,1.1500,89.99,synced,2025-12-05 23:33:01.336
V04039,0037332211064,,ING-V04039,Uninterruptible Power Supplies,1.1362,128.97,synced,2025-12-05 23:58:49.513
V04040,0037332211118,,ING-V04040,Uninterruptible Power Supplies,1.1232,155.63,synced,2025-12-06 00:08:59.976
V04052,0722868663974,,ING-V04052,Computer Cables,1.1499,25.90,synced,2025-12-05 23:58:54.016
V06053,0065030831383,,23742,Computer Cables,1.1501,15.00,synced,2025-12-05 23:37:12.859
V06143,0065030831024,,ING-V06143,USB Hubs,1.1500,64.99,synced,2025-12-06 00:09:03.973
V06755,0065030789578,,37324,Network Cables,1.1500,6.44,synced,2025-12-06 00:09:24.5
V07112,0722868685426,,21075,Network Cables,1.1498,14.84,synced,2025-12-05 23:58:52.509
V07116,0722868685464,,13167,Network Cables,1.1502,20.69,synced,2025-12-05 23:58:49.02
V07117,0722868685471,,114772,Network Cables,1.1499,31.87,synced,2025-12-05 23:33:09.724
V07757,5706991002164,,ING-V07757,Other Electronic Components & Accessories,1.1500,25.43,synced,2025-12-06 00:09:02.473
V09470,0043859560585,,ING-V09470,Screen Privacy Filters,1.1500,111.64,synced,2025-12-06 00:09:25.506
V09718,0065030818872,,23506,Computer Replacement Parts,1.1500,14.89,synced,2025-12-06 00:09:19.498
V09750,0037332125873,,ING-V09750,Network Cables,1.1498,9.99,synced,2025-12-05 23:51:30.801
V10086,0065030833073,,ING-V10086,Computer Cables,1.1502,8.30,synced,2025-12-05 23:58:53.024
V10089,0065030830683,,ING-V10089,USB Wi-Fi Adapters,1.1278,155.67,synced,2025-12-06 00:09:02.986
V10735,0065030832182,,ING-V10735,Computer Cables,1.1500,30.29,synced,2025-12-06 00:08:59.471
V10739,0065030833134,,ING-V10739,Computer Cables,1.1499,17.42,synced,2025-12-05 23:58:51.51
V10744,0065030833660,,ING-V10744,Network Cables,1.1499,30.50,synced,2025-12-06 00:09:00.47
V11214,0648177025510,,60312,Computer Rack Hardware & Accessories,1.0995,411.69,synced,2025-12-05 23:33:07.232
V14142,0821455017036,,ING-V14142,Network Switch Modules,1.1500,70.06,synced,2025-12-05 23:33:01.701
V21394,0741149300575,,1748,Computer Monitors,1.0600,681.73,synced,2025-12-06 00:09:00.969
V21538,0741149301565,,ING-V21538,Computer Monitors,1.0600,1025.89,synced,2025-12-05 23:33:02.199
V25727,0051128787304,,45575,Screen Privacy Filters,1.1500,129.99,synced,2025-12-05 23:58:51.004
V25728,0051128787328,,ING-V25728,Screen Privacy Filters,1.1500,167.00,synced,2025-12-05 23:50:48.288
V29122,0881317503497,,1750,Cable Connectors,1.1497,24.25,synced,2025-12-05 23:58:52.015
V32629,0019428083175,,ING-V32629,Cell Phone Cases,1.1499,10.00,synced,2025-12-05 23:37:14.357
V32631,0019428083342,,ING-V32631,Camera Bags & Cases,1.0800,26.76,synced,2025-12-06 00:08:58.968
V32642,0019428011130,,ING-V32642,Camera Bags & Cases,1.0800,57.23,synced,2025-12-06 00:09:24.006
V34227,0881317503190,,ING-V34227,Computer Cables,1.1501,28.26,synced,2025-12-05 23:33:06.217
V34228,0881317503176,,22343,Audio/Video Cables,1.1500,24.79,synced,2025-12-06 00:09:03.473
V35876,0832938042773,,ING-V35876,TV & Monitor Mounts,1.1372,91.06,synced,2025-12-06 00:09:01.489
V39934,0698833009705,,ING-V39934,Electronics Stands,1.1393,119.32,synced,2025-12-06 00:09:04.476
V42119,0698833009606,,ING-V42119,Computer & Machine Carts,1.1500,1910.72,synced,2025-12-06 00:09:19.996
V43786,0754082037668,,288759,Cable Insertion & Extraction Tools,1.1456,122.79,synced,2025-12-06 00:09:04.972
V55649,0012502620747,,63464,Photo Paper,1.0798,15.25,synced,2025-12-06 00:09:25.002
V57454,0037332149572,,1761,Network Adapters,1.1499,15.95,synced,2025-12-06 00:09:05.472
V57458,0037332150332,,57711,Network Cables,1.1500,28.09,synced,2025-12-05 23:58:53.52
V57459,0037332150349,,ING-V57459,Network Cables,1.1500,21.06,synced,2025-12-05 23:33:09.232
V57460,0037332150356,,13212,Network Cables,1.1501,27.30,synced,2025-12-05 23:33:02.701
V57462,0037332150370,,19156,Network Cables,1.1501,29.24,synced,2025-12-05 23:58:54.997
V57463,0037332147790,,ING-V57463,Switch & Outlet Plates,1.1500,4.32,synced,2025-12-05 23:58:54.512
V58084,0051128788509,,ING-V58084,Screen Privacy Filters,1.1500,38.28,synced,2025-12-05 23:52:09.862
VJ1288,0819927013570,,ING-VJ1288,T-Shirts,1.1501,19.95,synced,2025-12-06 00:09:06.483
VJ1291,0819927013556,,ING-VJ1291,T-Shirts,1.1500,299.95,synced,2025-12-05 23:58:56.501
VJ1461,0753218984036,,ING-VJ1461,Stylus Pens,1.1500,104.28,synced,2025-12-05 23:58:55.491
VJ1470,0753218984081,,ING-VJ1470,Graphics Tablets,1.0884,718.92,synced,2025-12-05 23:58:57.034
VJ1677,0821455022238,,ING-DM4012,Network Switch Modules,1.1499,63.50,synced,2025-12-06 00:09:05.976
VJ3518,0845973097318,,ING-VJ3518,USB Wi-Fi Adapters,1.1500,29.99,synced,2025-12-05 23:58:55.999
VJ3682,0198155418921,,ING-VJ3682,Computer Monitors,1.0600,199.99,synced,2025-12-06 00:07:18.661
VJ4044,0198390002138,,ING-VJ4044,Computer Scanners,1.0919,590.95,synced,2025-12-06 00:09:10.504
VJ4051,0750519252185,,ING-VJ4051,Desktop Computers,1.0600,1479.99,synced,2025-12-05 23:33:03.7
VJ4063,0198390001216,,ING-VJ4063,Computer Scanners,1.0890,846.23,synced,2025-12-06 00:09:07.482
VJ4363,0199251797002,,ING-VJ4363,Laptop Computers,1.0600,2299.99,synced,2025-12-06 00:09:09.499
VJ4386,0199251726880,,ING-VJ4386,Laptop Computers,1.0600,2055.95,synced,2025-12-06 00:09:10.983
VJ4388,0199251727146,,ING-VJ4388,Laptop Computers,1.0600,2299.99,synced,2025-12-06 00:09:09.989
VJ4391,0199251725432,,ING-VJ4391,Laptop Computers,1.0600,1397.92,synced,2025-12-06 00:09:07.004
VJ4394,0199251725425,,ING-VJ4394,Laptop Computers,1.0600,1647.38,synced,2025-12-05 23:33:08.227
VJ4399,0199251726668,,ING-VJ4399,Laptop Computers,1.0600,2134.33,synced,2025-12-06 00:09:21
VJ4400,0199251726637,,ING-VJ4400,Laptop Computers,1.0600,2567.99,synced,2025-12-06 00:09:09.002
VJ4401,0199251726705,,ING-VJ4401,Laptop Computers,1.0600,2455.57,synced,2025-12-05 23:58:58.516
VJ4402,0199251747199,,ING-VJ4402,Laptop Computers,1.0600,1052.18,synced,2025-12-06 00:09:26.505
VJ4407,0199251519536,,ING-VJ4407,Desktop Computers,1.0600,2434.13,synced,2025-12-05 23:58:58.03
VJ4408,0199251950582,,ING-VJ4408,Desktop Computers,1.0600,2317.37,synced,2025-12-06 00:09:25.997
VJ4409,0199251727122,,ING-VJ4409,Laptop Computers,1.0600,1990.75,synced,2025-12-06 00:09:07.989
VJ4413,0199251726996,,ING-VJ4413,Laptop Computers,1.0600,2399.99,synced,2025-12-06 00:09:08.487
VJ4423,0199251727160,,ING-VJ4423,Laptop Computers,1.0600,2794.01,synced,2025-12-05 23:33:03.202
VJ4426,0199251727030,,ING-VJ4426,Laptop Computers,1.0600,3183.99,synced,2025-12-05 23:58:57.506
VJ4735,7331021084421,,ING-VJ4735,Surveillance Cameras,1.0800,943.99,synced,2025-12-06 00:09:21.503
VJ4737,7331021081215,,ING-VJ4737,Surveillance Cameras,1.0800,2731.09,synced,2025-12-05 23:52:07.853
VJ4738,7331021091320,,ING-VJ4738,Surveillance Cameras,1.0800,865.61,synced,2025-12-06 00:09:11.996
VJ4812,0197497475876,,ING-VJ4812,VoIP Phones,1.0800,186.27,synced,2025-12-05 23:58:59.484
VJ5193,0199271462270,,ING-VJ5193,Desktop Computers,1.0600,1095.19,synced,2025-12-06 00:09:20.498
VJ5234,0198157338388,,ING-VJ5234,Laptop Computers,1.0600,960.95,synced,2025-12-05 23:33:04.199
VJ5239,0198157338630,,ING-VJ5239,Laptop Computers,1.0600,1492.49,synced,2025-12-06 00:09:11.491
VJ6369,0840390330628,,ING-VJ6369,Computer Cables,1.1500,33.34,synced,2025-12-05 23:58:58.981
VJ6407,0840064412216,,ING-VJ6407,Headsets,1.1500,47.99,synced,2025-12-06 00:09:12.488
VJ6431,0840064412223,,ING-VJ6431,Headsets,1.1500,60.25,synced,2025-12-05 23:52:08.848
VJ6441,0840064412209,,ING-VJ6441,Headsets,1.1500,60.25,synced,2025-12-05 23:52:09.351
VJ6708,0198990219394,,ING-VJ6708,Laptop Computers,1.0600,566.48,synced,2025-12-06 00:09:26.994
VJ6828,7331021089938,,ING-VJ6828,Surveillance Cameras,1.0800,1179.15,synced,2025-12-05 23:58:59.98
VJ6862,7331021087255,,ING-VJ6862,Surveillance Cameras,1.0800,1230.62,synced,2025-12-05 23:59:02.982
VJ6940,0760559131029,,ING-VJ6940,Network Switches,1.0927,477.23,synced,2025-12-05 23:59:02.48
VJ7437,0065030920704,,ING-VJ7437,Electronics Film Protectors,1.1500,56.13,synced,2025-12-05 23:59:01.981
VJ7438,0065030920681,,ING-VJ7438,Electronics Film Protectors,1.1500,57.02,synced,2025-12-05 23:59:00.48
VJ7439,0065030920698,,ING-VJ7439,Electronics Film Protectors,1.1500,56.13,synced,2025-12-05 23:59:03.482
VJ7846,0884116489122,,ING-VJ7846,Desktop Computers,1.0600,1179.99,synced,2025-12-05 23:59:01.479
VJ7856,0884116488668,,ING-VJ7856,Desktop Computers,1.0600,1141.99,synced,2025-12-06 00:09:12.992
VJ7863,0884116488798,,ING-VJ7863,Desktop Computers,1.0600,1153.99,synced,2025-12-06 00:09:13.491
VJ7890,0884116489184,,ING-VJ7890,Desktop Computers,1.0600,1003.99,synced,2025-12-06 00:09:13.996
VJ7905,0884116488941,,ING-VJ7905,Desktop Computers,1.0600,1312.66,synced,2025-12-05 23:59:01.002
VJ7970,0199251292750,,ING-VJ7970,Desktop Computers,1.0600,1375.28,synced,2025-12-06 00:09:27.999
VJ8072,0097855204844,,ING-VJ8072,Computer Keyboard & Mouse Sets,1.1501,39.99,synced,2025-12-06 00:09:14.494
VJ8335,0730143317467,,ING-VJ8335,Processors,1.0806,11499.00,synced,2025-12-05 23:37:15.363
VJ8338,0730143317528,,ING-VJ8338,Processors,1.0820,2699.99,synced,2025-12-06 00:09:27.51
VJ8339,0730143317481,,ING-VJ8339,Processors,1.0809,7999.00,synced,2025-12-05 23:37:14.857
VJ8360,0730143317542,,ING-VJ8360,Processors,1.0814,4999.00,synced,2025-12-05 23:36:59.828
VJ8727,0884826509318,,ING-VJ8727,Computer Replacement Parts,1.1039,302.47,synced,2025-12-06 00:09:28.493
VJ8732,0884826509233,,ING-VJ8732,Computer Replacement Parts,1.1496,100.58,synced,2025-12-05 23:59:03.983
VJ8749,0884826509561,,ING-VJ8749,Hard Drives,1.1140,196.57,synced,2025-12-05 23:59:04.481
VJ9746,0037332290533,,ING-VJ9746,Surge Suppressors,1.1500,57.42,synced,2025-12-05 23:33:04.7
VJ9757,0197497681581,,ING-VJ9757,Laptop Computers,1.0600,1716.77,synced,2025-12-05 23:52:50.378
VJ9831,0037332283757,,ING-VJ9831,Uninterruptible Power Supplies,1.0925,576.39,synced,2025-12-05 23:59:06.526
VJ9859,0037332292568,,ING-VJ9859,Power Cables,1.1105,232.34,synced,2025-12-06 00:09:15.497
VJ9870,0037332292605,,ING-VJ9870,Power Cables,1.1500,71.47,synced,2025-12-05 23:59:05.996
VJ9880,0037332292650,,ING-VJ9880,Power Cables,1.1501,85.90,synced,2025-12-05 23:59:04.991
VJ9901,0037332292698,,ING-VJ9901,Power Cables,1.0987,359.62,synced,2025-12-05 23:59:05.484
VJ9902,0037332292612,,ING-VJ9902,Power Cables,1.1027,295.84,synced,2025-12-06 00:09:14.999
VK4499,0196188140710,,ING-JX5344,Computer Keyboard & Mouse Sets,1.1501,59.00,synced,2025-12-05 23:37:15.876
VK4667,0065030922401,,ING-VK4667,KVM Switches,1.0932,583.00,synced,2025-12-05 23:37:13.857
VK4669,0783750014045,,ING-VK4669,Barcode Scanners,1.1215,166.94,synced,2025-12-05 23:59:07.005
VK4674,0783750014533,,ING-VK4674,Barcode Scanners,1.1108,219.28,synced,2025-12-06 00:08:06.931
VK4684,0065030905305,,ING-VK4684,Pegboards,1.1500,66.87,synced,2025-12-06 00:09:16.001
VK4742,0793442027888,,ING-VK4742,Skins for Cell Phones,1.1500,73.00,synced,2025-12-05 23:37:13.37
VK5041,0706487026914,,ING-VK5041,Portable Speakers,1.1275,,synced,2025-12-05 23:36:57.867
VK5043,0706487026907,,ING-VK5043,Portable Speakers,1.1201,174.54,synced,2025-12-06 00:09:16.505
VK5044,0706487026891,,ING-VK5044,Portable Speakers,1.1201,,synced,2025-12-05 23:36:57.379
VK5046,0706487026945,,ING-VK5046,Headsets,1.1399,116.88,synced,2025-12-06 00:09:28.991
VK5062,0706487026969,,ING-VK5062,Headsets,1.1273,147.93,synced,2025-12-06 00:09:17.509
VK5877,0884116670933,,ING-VK5877,Desktop Computers,1.0600,,synced,2025-12-05 23:36:56.904
VK6858,0606449070347,,ING-VK6858,Network Switches,1.1347,126.02,synced,2025-12-06 00:09:17.02
VL7639,0012502531593,,360993,Printer Ribbons,1.1498,24.30,synced,2025-12-05 23:57:34.477
VL7673,0851718004428,,22225,Electronic Touchpads,1.1221,165.27,synced,2025-12-05 23:57:33.97
VL8598,0663072925604,,23704,Network Cables,1.1499,42.58,synced,2025-12-05 23:57:50.995
VL8638,0663072926687,,271915,Computer Servers,1.0600,492.96,synced,2025-12-05 23:57:51.499
VL9995,0708326913997,,ING-VL9995,Hard Drives,1.0956,442.52,synced,2025-12-05 23:57:36.99
VM0878,0092636303761,,7898,Laptop Sleeves,1.1500,33.99,synced,2025-12-05 23:57:52.492
VM0957,0747464127859,,ING-VM0957,Network-Attached Storage Servers,1.1295,165.06,synced,2025-12-05 23:57:54.484
VM0959,0747464127873,,22105,Network-Attached Storage Servers,1.1115,190.61,synced,2025-12-05 23:57:51.986
VM1248,0065030851886,,ING-VM1248,Cable Splitters,1.1500,67.00,synced,2025-12-05 23:37:11.365
VM1249,0065030851879,,ING-VM1249,Video Switchers,1.1500,80.61,synced,2025-12-05 23:58:32.989
VM1354,0065030848701,,2353,Computer Cables,1.1500,15.25,synced,2025-12-06 00:08:48.974
VM2012,0065030856249,,ING-VM2012,Computer Cables,1.1501,48.41,synced,2025-12-05 23:57:37.978
VM2013,0065030855969,,ING-VM2013,Computer Rack Hardware & Accessories,1.1064,271.66,synced,2025-12-05 23:57:37.478
VM2121,0655216002852,,131911,Antennas,1.0801,19.87,synced,2025-12-05 23:57:53.485
VM2122,0655216005174,,154370,Antennas,1.0800,18.91,synced,2025-12-05 23:57:53.986
VM2781,0065030855457,,ING-VM2781,Audio/Video Cables,1.1233,166.73,synced,2025-12-05 23:57:55.493
VM2903,0881317511935,,4769,Computer Cables,1.1500,80.72,synced,2025-12-05 23:57:54.981
VM2904,0881317511911,,61261,Computer Cables,1.1500,59.99,synced,2025-12-06 00:08:46.502
VM2914,0891607000063,,ING-VM2914,Electronics Stands,1.1500,37.25,synced,2025-12-05 23:57:56.492
VM2957,0065030797733,,36416,Network Cables,1.1498,33.26,synced,2025-12-05 23:57:55.987
VM2987,0065030856928,,ING-VM2987,Electronics Docks & Cradles,1.1500,74.99,synced,2025-12-05 23:57:57.994
VM2988,0065030855891,,ING-VM2988,Electronics Docks & Cradles,1.1468,108.24,synced,2025-12-06 00:08:42.958
VN0067,0757120543114,,26692,Computer Cables,1.1501,16.29,synced,2025-12-05 23:57:35.985
VN0068,0757120543213,,ING-VN0068,Computer Cables,1.1499,8.25,synced,2025-12-05 23:57:36.485
VN2990,0012502635468,,20006,Power Adapters,1.1501,31.49,synced,2025-12-05 23:57:34.965
VN3865,0012502637882,,ING-VN3865,Printer Transfer Belts,1.1500,94.99,synced,2025-12-05 23:57:52.992
VN3866,0012502637929,,14641,Printer Drums,1.1500,174.49,synced,2025-12-05 23:57:35.475
VN5741,0754082094401,,ING-VN5741,Cable Connectors,1.0985,393.79,synced,2025-12-05 23:57:50.478
VN8718,0757120543268,,ING-VN8718,Computer Cables,1.1499,25.77,synced,2025-12-05 23:58:31.48
VP2274,0882658608728,,138305,Patch Cables,1.0897,829.06,synced,2025-12-05 23:57:38.475
VP2613,0065030856317,,ING-VP2613,Audio/Video Cables,1.1499,16.93,synced,2025-12-05 23:58:07.49
VP7174,0821455146446,,ING-VP7174,Network Cables,1.1501,21.45,synced,2025-12-05 23:57:59.469
VP7176,0821455146460,,ING-VP7176,Network Cables,1.1501,22.32,synced,2025-12-05 23:58:03.474
VP7177,0821455071458,,ING-VP7177,Network Cables,1.1500,25.72,synced,2025-12-05 23:58:00.971
VP7178,0821455146477,,ING-VP7178,Network Cables,1.1499,33.74,synced,2025-12-05 23:58:01.972
VP7179,0821455146484,,87988,Network Cables,1.1499,24.55,synced,2025-12-05 23:58:02.519
VP8102,0747464128634,,ING-VP8102,Network-Attached Storage Servers,1.1067,295.39,synced,2025-12-05 23:58:34.998
VP8600,0754082111658,,ING-VP8600,Cable Connectors,1.0841,1999.72,synced,2025-12-05 23:58:01.472
VP8601,0754082111665,,ING-VP8601,Cable Connectors,1.0841,1603.50,synced,2025-12-05 23:58:00.47
VQ0346,0784090032416,,ING-VQ0346,Audio/Video Cables,1.1499,41.62,synced,2025-12-06 00:08:47.48
VQ0347,0784090032409,,ING-VQ0347,Computer Cables,1.1501,41.62,synced,2025-12-06 00:08:46.964
VQ0485,0734646526005,,72286,Printer Finishers,1.1500,993.38,synced,2025-12-05 23:57:59.972
VQ0502,0888228968537,,38745,Device-Specific Electronics Chargers,1.1500,17.99,synced,2025-12-05 23:58:33.992
VQ2076,0808447065060,,55370,Audio/Video Cables,1.1500,20.83,synced,2025-12-05 23:58:33.492
VQ5812,0757120407447,,42647,Audio/Video Cables,1.1497,16.95,synced,2025-12-06 00:08:47.969
VQ5948,0887899660955,,7945,Device-Specific Electronics Chargers,1.1500,50.68,synced,2025-12-05 23:58:03.971
VQ5971,0648177037568,,4314,Network Adapters,1.1378,112.75,synced,2025-12-05 23:58:34.49
VQ6782,0757120544029,,ING-VQ6782,Computer Cables,1.1498,32.25,synced,2025-12-05 23:57:57.496
VQ6783,0757120544036,,ING-VQ6783,Computer Cables,1.1499,37.98,synced,2025-12-05 23:58:06.995
VQ6784,0757120544043,,114524,Audio/Video Cables,1.1500,68.18,synced,2025-12-06 00:08:49.986
VQ8481,0882658721656,,2355,Flash Memory,1.1484,102.39,synced,2025-12-05 23:57:58.488
VQ8572,0837324002812,,529485,Power Adapters,1.1500,46.84,synced,2025-12-05 23:57:56.994
VQ9196,0845973021856,,ING-VQ9196,Network Switches,1.1501,42.70,synced,2025-12-05 23:58:04.971
VQ9197,0845973021269,,ING-VQ9197,Network Switches,1.1500,101.30,synced,2025-12-05 23:57:58.97
VQ9481,0085854231718,,ING-VQ9481,Laptop Sleeves,1.1500,34.94,synced,2025-12-05 23:58:04.472
VQ9829,0882658698514,,ING-VQ9829,VoIP Phones,1.0800,180.61,synced,2025-12-06 00:07:19.13
VQ9937,0722868664018,,ING-VQ9937,Computer Cables,1.1500,39.99,synced,2025-12-06 00:08:43.485
VR1996,0037332183484,,ING-VR1996,TV & Monitor Mounts,1.1500,21.70,synced,2025-12-05 23:57:39.978
VR1999,0037332183538,,14833,TV & Monitor Mounts,1.1352,165.68,synced,2025-12-05 23:58:06.472
VR3366,0037332183545,,ING-VR3366,TV & Monitor Mounts,1.1500,65.58,synced,2025-12-05 23:57:38.975
VR3367,0037332183552,,ING-VR3367,TV & Monitor Mounts,1.1499,35.99,synced,2025-12-05 23:57:40.988
VR3368,0037332183576,,7942,TV & Monitor Mounts,1.1500,37.56,synced,2025-12-05 23:57:41.985
VR3370,0037332183590,,ING-VR3370,TV & Monitor Mounts,1.1499,80.70,synced,2025-12-05 23:57:40.488
VR4060,0037332181671,,22116,Computer Racks & Mounts,1.1501,68.35,synced,2025-12-05 23:58:32.501
VR4062,0037332182036,,ING-VR4062,USB Hubs,1.1499,18.06,synced,2025-12-05 23:58:05.47
VR4063,0037332182029,,44747,Computer Cables,1.1501,6.69,synced,2025-12-05 23:58:31.979
VR4064,0037332182913,,44746,Cable Connectors,1.1502,8.99,synced,2025-12-05 23:58:02.973
VR4066,0037332182050,,48747,Computer Cables,1.1502,4.95,synced,2025-12-05 23:58:05.973
VR4067,0037332182104,,48081,Computer Cables,1.1502,8.00,synced,2025-12-05 23:37:11.884
VR4068,0037332182098,,52762,Computer Cables,1.1498,6.29,synced,2025-12-05 23:57:41.5
VR4070,0037332182302,,38443,Computer Cables,1.1498,6.73,synced,2025-12-05 23:58:35.991
VR5302,0037332183637,,ING-VR5302,TV & Monitor Mounts,1.1329,99.15,synced,2025-12-05 23:57:39.484
VR5795,0037332178435,,115787,Audio & Video Receivers,1.0800,179.85,synced,2025-12-05 23:58:37.506
VR5796,0037332180728,,ING-VR5796,Power Adapters,1.1258,186.60,synced,2025-12-05 23:57:42.483
VR5798,0037332181534,,18676,Cable Splitters,1.1500,25.68,synced,2025-12-05 23:58:37
VR5806,0037332181725,,ING-VR5806,Hardware Screws,1.1499,48.88,synced,2025-12-05 23:58:10.479
VR5957,0037332182081,,48263,Computer Cables,1.1504,8.59,synced,2025-12-06 00:08:48.488
VR5967,0037332182272,,32931,Computer Cables,1.1502,10.52,synced,2025-12-05 23:58:10.983
VR5971,0037332183118,,ING-VR5971,Computer Cables,1.1500,16.70,synced,2025-12-05 23:58:13.977
VR5973,0037332183132,,ING-VR5973,Computer Cables,1.1500,19.32,synced,2025-12-05 23:58:08.982
VR5975,0037332183156,,ING-VR5975,Computer Cables,1.1498,17.81,synced,2025-12-05 23:58:35.498
VR5976,0037332183170,,ING-VR5976,Computer Cables,1.1502,16.86,synced,2025-12-05 23:57:43.495
VR5977,0037332183163,,ING-VR5977,Computer Cables,1.1500,20.46,synced,2025-12-05 23:57:44.478
VR5983,0037332182494,,ING-VR5983,Computer Cables,1.1500,19.96,synced,2025-12-05 23:58:08.479
VR7090,0873791010103,,131926,Network Adapters,1.1500,56.50,synced,2025-12-05 23:58:14.478
VR7093,0873791009053,,8004,Cable Connectors,1.1500,20.44,synced,2025-12-06 00:08:43.977
VR7094,0873791009831,,ING-VR7094,Headphones,1.1501,16.99,synced,2025-12-05 23:57:43.006
VR7096,0873791009855,,340118,Headphones,1.1502,20.84,synced,2025-12-05 23:58:13.484
VR7097,0873791009862,,344118,Headphones,1.1502,24.92,synced,2025-12-05 23:58:07.98
VR7098,0873791009879,,340119,Headphones,1.1501,20.84,synced,2025-12-06 00:08:49.477
VR7099,0873791009886,,340120,Headphones,1.1502,24.92,synced,2025-12-05 23:58:12.508
VR7100,0873791009893,,340121,Headphones,1.1501,23.99,synced,2025-12-05 23:57:43.979
VR7513,0822088064756,,40006,Cable Connectors,1.1501,43.31,synced,2025-12-05 23:58:36.498
VR7683,0882658705182,,142171,Network Switch Modules,1.0816,1299.49,synced,2025-12-05 23:58:09.478
VR9522,0851718004459,,ING-VR9522,Electronic Touchpads,1.1026,323.42,synced,2025-12-05 23:58:11.499
VS2822,0783750006286,,ING-VS2822,Computer Keyboards,1.1500,43.43,synced,2025-12-05 23:58:12.996
VS2831,0636430072609,,266375,Print Servers,1.1240,164.22,synced,2025-12-06 00:08:44.465
VS2833,0636430072586,,ING-VS2833,Other Computer Accessories,1.1205,162.05,synced,2025-12-05 23:58:09.971
VS3830,0088047151237,,39043,Printer Ribbons,1.1496,27.18,synced,2025-12-05 23:58:11.992
VS5440,0731304238478,,345618,Device-Specific Electronics Batteries,1.1111,329.98,synced,2025-12-05 23:57:44.981
VT5409,0065030856911,,24025,Audio/Video Cables,1.1499,15.20,synced,2025-12-05 23:58:15.477
VT5413,0065030856348,,ING-VT5413,Computer Cables,1.1502,24.22,synced,2025-12-05 23:58:15.984
VT5594,7290107199087,,260389,Network Cables,1.0909,222.49,synced,2025-12-05 23:58:14.984
VT5606,0065030857208,,ING-VT5606,Network Adapters,1.1499,48.81,synced,2025-12-05 23:58:17.497
VT5608,0065030855594,,ING-VT5608,USB Hubs,1.1500,55.51,synced,2025-12-05 23:58:16.995
VT5687,0065030856645,,ING-VT5687,Network Adapters,1.1501,18.69,synced,2025-12-05 23:58:16.491
VT8939,0888182309025,,ING-VT8939,Network Switches,1.0824,2872.76,synced,2025-12-05 23:57:45.483
VT8946,0888182680124,,ING-VT8946,Computer Power Supplies,1.0863,344.00,synced,2025-12-05 23:37:17.853
VU6861,0882658572838,,129688,Other Computer Accessories,1.0871,698.60,synced,2025-12-06 00:08:45.472
VU7452,0853910008853,,22139,Computer Cables,1.1496,15.14,synced,2025-12-05 23:58:20.983
VU7453,0876910008845,,145559,Cable Connectors,1.1497,9.22,synced,2025-12-05 23:58:18.486
VU7615,0882658572784,,139635,Network Switch Modules,1.0822,2196.05,synced,2025-12-05 23:57:45.988
VV2672,0812658012614,,ING-VV2672,Headphones,1.1500,60.53,synced,2025-12-05 23:58:20.482
VV2764,0722868967775,,ING-VV2764,Audio/Video Cables,1.1499,28.08,synced,2025-12-06 00:08:44.972
VV2929,0037229334579,,ING-VV2929,Extension Cords,1.1500,34.98,synced,2025-12-05 23:58:19.986
VV2938,0037229710731,,28620,Network Cables,1.1500,12.40,synced,2025-12-05 23:57:46.494
VV2944,0037229710663,,80107,Network Cables,1.1499,13.04,synced,2025-12-05 23:58:38.514
VV2950,0037229710724,,30559,Network Cables,1.1499,11.26,synced,2025-12-05 23:57:46.984
VV2952,0037229710755,,38496,Network Cables,1.1499,11.50,synced,2025-12-05 23:58:19.495
VV2954,0037229710779,,31446,Network Cables,1.1500,12.78,synced,2025-12-05 23:58:22.506
VV3340,0097855107978,,ING-VV3340,Headsets,1.1500,36.99,synced,2025-12-05 23:52:08.374
VV3460,0663296419422,,26837,Video Game Accessories,1.1500,154.00,synced,2025-12-05 23:37:12.355
VV3980,0731304007562,,ING-VV3980,Network Adapters,1.0913,648.01,synced,2025-12-05 23:58:38.011
VV3987,0845973070922,,15464,Wireless Access Points,1.1500,60.09,synced,2025-12-05 23:58:21.492
VV3988,0845973022037,,ING-VV3988,Network Switches,1.1499,37.65,synced,2025-12-05 23:58:18.99
VV4148,0882658608742,,ING-VV4148,Network Cables,1.0873,872.99,synced,2025-12-05 23:58:17.997
VV4207,0882658712654,,ING-VV4207,Other Electronic Components & Accessories,1.1501,59.95,synced,2025-12-05 23:57:48.992
VV4588,0837324003369,,ING-VV4588,Network Switches,1.0978,413.11,synced,2025-12-05 23:58:26.506
VV4603,0882658608926,,140100,Network Cables,1.0882,1018.99,synced,2025-12-05 23:58:39.003
VV4660,0013803247596,,ING-VV4660,Computer Scanners,1.1040,297.63,synced,2025-12-05 23:58:27.497
VV5757,0819921011145,,ING-VV5757,USB Hubs,1.1501,16.95,synced,2025-12-05 23:58:24.987
VV5889,0722868974360,,ING-VV5889,Network Adapters,1.1499,24.99,synced,2025-12-06 00:08:08.433
VV5899,0722868969052,,ING-VV5899,Computer Cables,1.1502,8.19,synced,2025-12-06 00:08:07.444
VV6418,0821455143605,,ING-VV6418,Audio/Video Cables,1.1502,41.68,synced,2025-12-06 00:08:45.981
VV6428,0821455143483,,ING-VV6428,Computer Cables,1.1502,12.50,synced,2025-12-05 23:58:23.985
VW0131,0037332182517,,18675,Computer Cables,1.1501,19.99,synced,2025-12-05 23:58:27.01
VW0133,0037332182234,,36794,Computer Cables,1.1497,4.82,synced,2025-12-05 23:58:23.48
VW0230,0037332182470,,ING-VW0230,KVM Switches,1.0908,638.73,synced,2025-12-06 00:08:50.472
VW0231,0037332182579,,ING-VW0231,USB Hubs,1.1499,39.99,synced,2025-12-05 23:58:28.502
VW0251,0805736051681,,48557,Projector Replacement Lamps,1.0981,440.63,synced,2025-12-05 23:58:25.48
VW2349,0672792004742,,68121,Analog-to-Digital Converters,1.1124,202.54,synced,2025-12-05 23:58:24.485
VW2366,0065030794930,,39384,Network Cables,1.1500,31.06,synced,2025-12-05 23:58:42.029
VW2474,0065030856508,,ING-VW2474,Cell Phone Tool Kits,1.0941,510.01,synced,2025-12-05 23:57:47.497
VW2477,0065030854863,,ING-VW2477,Computer Cables,1.1500,43.14,synced,2025-12-05 23:58:25.982
VW2478,0065030855884,,ING-VW2478,Other Computer Accessories,1.1439,111.45,synced,2025-12-05 23:58:23
VW2580,0065030784115,,ING-VW2580,Cable Covers,1.1500,36.40,synced,2025-12-05 23:57:48.524
VW2762,0065030857383,,ING-VW2762,Network Cards,1.1162,104.34,synced,2025-12-05 23:58:39.511
VW2934,0672792005404,,71042,Analog-to-Digital Converters,1.1122,199.32,synced,2025-12-05 23:57:47.996
VW2935,0672792005633,,763992,Analog-to-Digital Converters,1.1120,219.10,synced,2025-12-05 23:58:41.509
VW2936,0672792005640,,ING-VW2936,Analog-to-Digital Converters,1.1123,215.86,synced,2025-12-05 23:58:21.995
VW2940,0672792004360,,79481,Cable Splitters,1.1500,89.89,synced,2025-12-05 23:58:28.002
VW2942,0672792402555,,ING-VW2942,Computer Racks & Mounts,1.0863,1093.16,synced,2025-12-05 23:58:40.004
VW2945,0672792005572,,ING-VW2945,KVM Switches,1.0887,756.07,synced,2025-12-05 23:58:41.002
VW2981,0065030858267,,ING-VW2981,Laptop Docking Stations,1.1501,61.33,synced,2025-12-05 23:57:49.487
VW2983,0065030857673,,ING-VW2983,Network Cables,1.1168,221.70,synced,2025-12-05 23:58:29.478
VW2984,0065030857369,,ING-VW2984,Analog-to-Digital Converters,1.1500,23.08,synced,2025-12-05 23:58:30.978
VW3040,0829973823726,,74292,TV & Monitor Mounts,1.0969,539.89,synced,2025-12-05 23:57:49.983
VW3226,0747464128443,,22286,Hard Drives,1.1040,330.00,synced,2025-12-05 23:50:47.269
VW3228,0747464128467,,25636,Hard Drives,1.0976,366.38,synced,2025-12-05 23:58:28.98
VW3235,0065030855167,,ING-VW3235,Print Servers,1.1500,72.11,synced,2025-12-05 23:58:40.489
VW3237,0065030858175,,17690,Drive Bay Caddies,1.1344,127.99,synced,2025-12-05 23:58:29.984
VW3238,0065030858465,,ING-VW3238,Cable Splitters,1.1500,49.53,synced,2025-12-05 23:58:30.481
VZ0069,0808447003079,,115394,Instrument Cables,1.1500,26.66,synced,2025-12-05 23:57:29.956
VZ0070,0808447003086,,116151,Instrument Cables,1.1499,40.21,synced,2025-12-05 23:57:30.958
VZ2030,0673825423639,,ING-VZ2030,Computer Mice,1.1500,34.18,synced,2025-12-05 23:57:30.454
VZ2594,0888182992302,,138548,Printer Cartridges,1.1501,49.95,synced,2025-12-05 23:57:28.956
VZ2835,0731304312703,,173314,Electronic Component Sensors,1.1274,175.67,synced,2025-12-05 23:57:28.022
VZ3316,0731304307327,,ING-VZ3316,Power Distribution Units,1.0883,836.74,synced,2025-12-05 23:57:31.959
VZ3317,0731304307334,,ING-VZ3317,Power Distribution Units,1.0873,955.79,synced,2025-12-05 23:57:31.459
VZ3330,0731304307532,,ING-VZ3330,Power Distribution Units,1.0845,1756.34,synced,2025-12-05 23:57:28.49
VZ4896,0731304310815,,58795,Computer Cables,1.1501,41.53,synced,2025-12-05 23:57:29.454
VZ6251,0822088069072,,155135,Network Cables,1.0942,1103.52,synced,2025-12-05 23:57:32.972
VZ6698,0881317511959,,15419,Network Adapters,1.1501,30.41,synced,2025-12-05 23:57:33.467
VZ6854,0037332183040,,63786,KVM Switches,1.1032,246.40,synced,2025-12-05 23:57:32.472
XC0171,0037332184481,,15344,Network Cables,1.1501,42.90,synced,2025-12-05 23:57:14.491
XC0180,0037332182524,,19320,Computer Cables,1.1500,22.61,synced,2025-12-05 23:57:11.481
XC1526,0822088063964,,72593,Audio/Video Cables,1.1499,40.59,synced,2025-12-05 23:57:10.469
XC1707,0822088014713,,706388,Network Cables,1.1498,27.77,synced,2025-12-05 23:57:13.992
XC1709,0822088075493,,451720,Network Cables,1.1500,15.94,synced,2025-12-06 00:08:41.969
XC1721,0822088077213,,719092,Cable Connectors,1.1502,22.19,synced,2025-12-05 23:57:15.007
XC2679,0043859660179,,ING-XC2679,Screen Privacy Filters,1.1500,101.49,synced,2025-12-05 23:57:10.98
XJ5901,0706487015444,,ING-XJ5901,Headset Adapters,1.1414,108.34,synced,2025-12-05 23:57:15.485
XJ7322,0065030858571,,ING-XJ7322,TV & Monitor Mounts,1.1151,112.99,synced,2025-12-05 23:57:16.495
XJ7326,0065030858489,,22514,Analog-to-Digital Converters,1.1500,59.95,synced,2025-12-06 00:08:42.47
XJ7339,0037332183972,,38502,Audio/Video Cables,1.1503,11.94,synced,2025-12-05 23:57:25.49
XJ7340,0037332184030,,28838,Cable Splitters,1.1501,20.90,synced,2025-12-05 23:57:25.995
XJ7548,0092636304966,,ING-XJ7548,Screen Privacy Filters,1.1500,105.53,synced,2025-12-05 23:57:15.977
XK0384,0706487015451,,ING-XK0384,Cell Phone Tool Kits,1.1500,60.56,synced,2025-12-05 23:57:16.972
XK1211,0735858282130,,ING-XK1211,Network Cards,1.1061,252.21,synced,2025-12-05 23:57:17.972
XK1534,0882658634512,,140818,Network Switch Modules,1.0883,1101.82,synced,2025-12-05 23:57:11.978
XK1907,0837324002676,,493298,Computer Servers,1.0600,439.85,synced,2025-12-05 23:57:17.472
XK1915,0837324002805,,73265,TV & Monitor Mounts,1.1500,40.51,synced,2025-12-05 23:57:26.511
XK3271,0882658634536,,48468,IO Modules,1.1500,568.67,synced,2025-12-05 23:57:18.475
XK4357,0882658698859,,103249,RAM Memory,1.0865,1376.58,synced,2025-12-05 23:57:18.972
XK4373,0882658562402,,144692,Network Switch Modules,1.0851,1646.40,synced,2025-12-05 23:57:19.465
XK4392,0882658630910,,47695,Computer Power Supplies,1.0973,503.52,synced,2025-12-05 23:57:12.488
XK4571,0698833047141,,ING-XK4571,Storage Chests & Boxes,1.1500,,synced,2025-12-05 23:36:56.367
XN0477,0710931160178,,35158,Network Adapters,1.1501,24.74,synced,2025-12-05 23:57:27.004
XN0683,0816191010304,,273657,Network Switch Modules,1.0978,427.95,synced,2025-12-05 23:57:12.98
XN1706,0754082127444,,ING-XN1706,Cable Testers,1.0987,347.34,synced,2025-12-05 23:57:19.97
XN1707,0754082127451,,ING-XN1707,Tone Generators,1.1500,158.53,synced,2025-12-05 23:57:20.473
XN5137,0648177038800,,129866,Network Switches,1.1274,147.55,synced,2025-12-05 23:57:21.976
XN5376,0648177038657,,ING-XN5376,Network Adapters,1.1073,256.09,synced,2025-12-05 23:57:21.483
XN5437,0012502638773,,701565,Printers & All-in-Ones,1.1500,299.00,synced,2025-12-05 23:37:10.867
XN5470,0012502638780,,46741,Printers & All-in-Ones,1.1500,349.99,synced,2025-12-05 23:57:23.486
XN5494,0012502050629,,61835,Label Maker Tape,1.1499,37.70,synced,2025-12-05 23:57:13.481
XN6752,0700908003584,,ING-XN6752,Receipt Paper Rolls,1.1500,115.56,synced,2025-12-05 23:57:20.979
XP1333,0757120410423,,ING-XP1333,Switch & Outlet Plates,1.1501,69.44,synced,2025-12-05 23:57:22.967
XP1559,0606449104936,,36940,Antennas,1.0801,92.99,synced,2025-12-05 23:57:22.472
XP1904,0851398005029,,ING-XP1904,Computer Cables,1.1501,19.77,synced,2025-12-06 00:08:41.474
XP8707,0065030857581,,ING-XP8707,Cable Organizers,1.1500,35.01,synced,2025-12-05 23:57:24.981
XP8710,0065030857932,,17639,Electronics Docks & Cradles,1.1146,140.63,synced,2025-12-05 23:57:24.477
XQ1050,0757120408819,,79116,Audio Power Amplifiers,1.1025,349.35,synced,2025-12-05 23:56:26.012
XQ4333,0821455093658,,80814,Network Cables,1.1463,97.47,synced,2025-12-05 23:55:59.428
XQ4822,0731304315193,,27334,Surge Suppressors,1.1500,49.34,synced,2025-12-05 23:56:26.981
XQ4906,0701107493985,,33175,Electronics Stands,1.1501,24.99,synced,2025-12-05 23:55:58.492
XQ5295,0065030858359,,20697,Other Electronic Components & Accessories,1.1010,260.63,synced,2025-12-05 23:57:07.49
XQ5297,0065030858243,,ING-XQ5297,USB Wi-Fi Adapters,1.1500,9.55,synced,2025-12-05 23:56:27.486
XQ6903,0708326914109,,ING-XQ6903,Hard Drives,1.1061,246.25,synced,2025-12-05 23:56:26.477
XQ6904,0708326914116,,ING-XQ6904,Hard Drives,1.1045,258.75,synced,2025-12-05 23:57:23.97
XQ6906,0065030858281,,ING-XQ6906,Laptop Docking Stations,1.1500,86.06,synced,2025-12-05 23:56:28.939
XQ6907,0065030858212,,ING-XQ6907,Network Adapters,1.1501,19.12,synced,2025-12-05 23:55:58.93
XQ8482,0037332184719,,36123,Computer Cables,1.1501,9.93,synced,2025-12-06 00:08:34.958
XQ8882,0037332160928,,150597,Power Distribution Units,1.0982,457.00,synced,2025-12-05 23:37:05.86
XQ9081,0037332184597,,15483,Audio/Video Cables,1.1500,13.08,synced,2025-12-05 23:56:30.952
XQ9082,0037332184450,,36161,Cable Ties,1.1496,13.11,synced,2025-12-05 23:56:29.942
XQ9083,0037332184283,,ING-XQ9083,Cigarette Lighter Adapters,1.1502,28.56,synced,2025-12-06 00:08:31.437
XR2030,0043859663095,,ING-XR2030,Literature Display Racks & Organizers,1.1500,27.83,synced,2025-12-05 23:56:30.442
XR5269,0021299187197,,ING-XR5269,Headphones,1.1498,12.99,synced,2025-12-05 23:56:00.429
XR5528,0745883661565,,ING-XR5528,Computer Keyboards,1.1500,36.81,synced,2025-12-05 23:55:59.926
XR6327,0845973071677,,ING-XR6327,Wireless Access Points,1.1500,53.13,synced,2025-12-05 23:56:29.441
XR7154,0822088036579,,706389,Network Cables,1.1500,15.80,synced,2025-12-05 23:56:01.429
XR7331,0800975030985,,ING-XR7331,Network Adapters,1.0857,1253.65,synced,2025-12-05 23:56:00.927
XR8755,0822088072300,,192353,Network Cables,1.1499,,synced,2025-12-05 23:36:54.865
XR9441,0743172069184,,ING-XR9441,Power Distribution Units,1.0841,1847.74,synced,2025-12-05 23:56:28.472
XR9819,0783384236387,,151110,Computer Servers,1.0600,2561.23,synced,2025-12-05 23:56:27.986
XS0954,0097855207579,,ING-XS0954,Computer Mice,1.1241,127.93,synced,2025-12-05 23:56:01.931
XS1341,0199271559567,,ING-XS1341,Desktop Computers,1.0600,2645.99,synced,2025-12-05 23:56:02.48
XS2912,0810130760725,,ING-XS2912,Computer Monitors,1.0600,249.99,synced,2025-12-05 23:52:28.349
XS2924,0810130760701,,ING-XS2924,Computer Monitors,1.0600,159.99,synced,2025-12-05 23:56:31.443
XS2942,0810130760718,,ING-XS2942,Computer Monitors,1.0600,199.99,synced,2025-12-05 23:52:51.376
XS3076,0199271763575,,ING-XS3076,Laptop Computers,1.0600,1998.75,synced,2025-12-05 23:56:31.942
XS3551,0840064411974,,ING-XS3551,Earbud Covers,1.1501,27.85,synced,2025-12-05 23:56:33.472
XS4007,0810032047009,,ING-XS4007,Car Mounts,1.1500,48.14,synced,2025-12-05 23:56:32.463
XS4043,5415334040977,,ING-XS4043,TV & Monitor Mounts,1.1501,25.09,synced,2025-12-05 23:56:32.972
XS7475,0198828502698,,ING-XS7475,Microphones,1.0994,322.34,synced,2025-12-05 23:56:34.968
XS8883,0603175009818,,ING-XS8883,Network Cards,1.0813,5446.28,synced,2025-12-05 23:56:37.471
XS8900,0603175009795,,ING-XS8900,Network Adapters,1.0830,2350.93,synced,2025-12-05 23:56:34.467
XT0008,0768897624005,,ING-XT0008,Wireless Keypads,1.1483,101.39,synced,2025-12-05 23:56:03.431
XT0128,0037332183644,,68252,Computer Racks & Mounts,1.1353,204.19,synced,2025-12-06 00:08:35.455
XT0129,0037332183866,,ING-XT0129,Computer Racks & Mounts,1.0894,499.99,synced,2025-12-06 00:08:08.101
XT0130,0037332182654,,ING-XT0130,Computer Racks & Mounts,1.1202,150.36,synced,2025-12-05 23:56:33.959
XT0132,0037332183323,,ING-XT0132,Computer Racks & Mounts,1.0888,855.73,synced,2025-12-05 23:51:21.332
XT0134,0037332184061,,ING-XT0134,Computer Racks & Mounts,1.1456,149.66,synced,2025-12-05 23:56:02.935
XT0136,0037332184382,,38509,Computer Cables,1.1502,,synced,2025-12-05 23:36:55.393
XT3757,0757120521488,,ING-XT3757,Computer Cables,1.1501,27.10,synced,2025-12-05 23:56:04.43
XT3766,0757120413523,,5024,Computer Cables,1.1503,16.39,synced,2025-12-05 23:56:43.964
XT3767,0757120413509,,ING-XT3767,Audio/Video Cables,1.1502,31.99,synced,2025-12-05 23:56:40.977
XT3768,0757120413516,,2478,Other Electronic Components & Accessories,1.1500,47.26,synced,2025-12-05 23:56:35.971
XT4343,0757120543039,,ING-XT4343,Computer Cables,1.1499,30.06,synced,2025-12-05 23:56:07.942
XT4522,0821455149973,,27302,Network Switch Modules,1.1500,47.24,synced,2025-12-05 23:56:04.932
XT4523,0821455149997,,26995,Network Switch Modules,1.1500,53.20,synced,2025-12-06 00:08:32.964
XT4526,0821455178805,,26996,Network Switch Modules,1.1500,45.80,synced,2025-12-05 23:56:38.471
XT4559,0821455179086,,27303,Network Switch Modules,1.1501,40.63,synced,2025-12-05 23:56:08.446
XT4560,0821455179093,,29357,Network Cables,1.1501,47.02,synced,2025-12-05 23:56:39.464
XT4561,0821455179109,,ING-XT4561,Network Cables,1.1501,62.49,synced,2025-12-05 23:56:41.522
XT4725,0010343913165,,ING-XT4725,Computer Scanners,1.0843,1499.00,synced,2025-12-05 23:37:07.872
XT4805,0810354021435,,ING-XT4805,Wireless Access Points,1.1275,147.69,synced,2025-12-05 23:57:08.963
XT4915,0757120543015,,ING-XT4915,Computer Cables,1.1499,8.95,synced,2025-12-05 23:56:41.975
XT4916,0757120543022,,48282,Computer Cables,1.1501,26.83,synced,2025-12-05 23:56:38.967
XT5660,0757120152736,,145871,Network Cables,1.1500,65.01,synced,2025-12-05 23:56:03.928
XU0130,0706487014973,,ING-XU0130,Headsets,1.1501,46.00,synced,2025-12-05 23:50:45.766
XU0132,0706487014997,,ING-XU0132,Headsets,1.1501,45.39,synced,2025-12-06 00:08:32.451
XU0147,0037332180315,,ING-XU0147,Hardware Screws,1.1500,60.60,synced,2025-12-05 23:57:08.473
XU0149,0037332184658,,ING-XU0149,Surge Suppressors,1.1500,29.77,synced,2025-12-05 23:56:40.459
XU0169,0037332184801,,ING-XU0169,Audio/Video Cables,1.1499,12.18,synced,2025-12-06 00:08:33.451
XU0184,0037332181701,,14863,TV & Monitor Mounts,1.1500,50.47,synced,2025-12-05 23:56:35.481
XU0386,0808447071559,,30286,Audio/Video Cables,1.1500,44.37,synced,2025-12-05 23:56:36.973
XU0387,0808447071566,,ING-XU0387,Computer Cables,1.1499,49.12,synced,2025-12-05 23:56:42.993
XU0405,0037332184139,,ING-XU0405,Other Electronic Components & Accessories,1.1499,77.03,synced,2025-12-05 23:56:06.945
XU0407,0037332183927,,ING-XU0407,Network Adapters,1.1145,161.77,synced,2025-12-05 23:56:09.561
XU0505,0808447003147,,65552,Audio/Video Cables,1.1501,32.99,synced,2025-12-05 23:56:36.479
XU0506,0808447003154,,72838,Audio/Video Cables,1.1498,14.23,synced,2025-12-05 23:56:05.432
XU0524,0808447002836,,56442,Instrument Cables,1.1501,30.55,synced,2025-12-05 23:56:06.467
XU0529,0037332185228,,ING-XU0529,Computer Racks & Mounts,1.0859,1089.99,synced,2025-12-05 23:56:37.964
XU1085,0085896626107,,24634,Laptop Sleeves,1.1500,25.60,synced,2025-12-05 23:56:07.448
XU1092,0085896621478,,ING-XU1092,Surge Suppressors,1.1500,34.99,synced,2025-12-05 23:56:43.467
XU1093,0085896626343,,ING-XU1093,Surge Suppressors,1.1499,68.73,synced,2025-12-06 00:08:36.959
XU1259,0706487014362,,ING-XU1259,Portable Speakers,1.1275,133.72,synced,2025-12-05 23:56:05.959
XU1260,0706487014386,,ING-XU1260,Portable Speakers,1.1201,145.95,synced,2025-12-06 00:08:31.939
XU1667,0037332182982,,ING-XU1667,Uninterruptible Power Supplies,1.0833,2299.99,synced,2025-12-05 23:56:08.947
XU1686,0706487015192,,ING-XU1686,Headsets,1.1501,88.00,synced,2025-12-05 23:37:08.372
XU1687,0706487015208,,ING-XU1687,Headsets,1.1501,88.00,synced,2025-12-05 23:37:06.372
XU1689,0706487016106,,ING-XU1689,Headsets,1.1501,88.00,synced,2025-12-05 23:50:46.263
XU1697,0706487015529,,ING-XU1697,Headsets,1.1501,76.76,synced,2025-12-06 00:08:36.454
XU1698,0706487015536,,ING-XU1698,Headphone Cases,1.1429,157.00,synced,2025-12-05 23:37:07.373
XU7563,0065030858519,,ING-XU7563,Computer Racks & Mounts,1.0961,289.99,synced,2025-12-05 23:57:07.967
XU7569,0065030857505,,ING-XU7569,Audio/Video Cables,1.1500,76.15,synced,2025-12-05 23:56:39.968
XU8250,0883436605489,,273908,Power Cables,1.1499,21.51,synced,2025-12-06 00:08:35.957
XU8394,0883436589529,,133794,Computer Cables,1.0976,147.20,synced,2025-12-05 23:56:42.479
XU9129,0784090033086,,36941,Audio/Video Cables,1.1499,15.99,synced,2025-12-06 00:08:37.959
XU9131,0784090033017,,27372,Audio/Video Cables,1.1502,16.85,synced,2025-12-05 23:56:44.467
XU9944,0648177038947,,ING-XU9944,Other Electronic Components & Accessories,1.0951,391.74,synced,2025-12-05 23:56:50.466
Y57217,0698833010602,,ING-Y57217,TV & Monitor Mounts,1.1115,218.75,synced,2025-12-05 23:56:48.486
Y59062,0698833010572,,ING-Y59062,TV & Monitor Mounts,1.0914,642.35,synced,2025-12-05 23:56:49.962
Y59063,0698833010565,,ING-Y59063,TV & Monitor Mounts,1.0902,613.00,synced,2025-12-05 23:37:08.864
Y68668,0813810010448,,ING-Y68668,Mouse Pads,1.1500,35.28,synced,2025-12-05 23:56:44.966
Y70687,0821455017395,,7002,Network Switch Modules,1.1501,52.02,synced,2025-12-05 23:56:09.949
Y70963,0065030833820,,ING-Y70963,Computer Cables,1.1499,19.34,synced,2025-12-05 23:56:47.99
Y71072,0065030833448,,ING-Y71072,Power Cables,1.1499,19.28,synced,2025-12-05 23:56:11.457
Y71076,0065030833479,,13249,Power Cables,1.1498,23.37,synced,2025-12-05 23:56:45.466
Y71458,0065030805742,,23746,Automotive Electrical Parts & Accessories,1.1195,14.60,synced,2025-12-05 23:56:49.467
Y78770,0746320873503,,13257,Power Cables,1.1500,104.19,synced,2025-12-05 23:56:45.98
Y84271,0783384233164,,60072,Network-Attached Storage Servers,1.1027,315.72,synced,2025-12-06 00:08:37.462
Y88213,0882658213229,,27864,Network Cables,1.1500,31.43,synced,2025-12-05 23:56:48.968
Y88291,0767035191515,,21189,Network Cards,1.1298,154.00,synced,2025-12-05 23:37:09.357
Y88822,0012502605324,,ING-Y88822,Label Maker Tape,1.1501,10.08,synced,2025-12-05 23:56:10.466
Y96346,0037332148674,,21188,Computer Racks & Mounts,1.0924,419.99,synced,2025-12-05 23:56:10.966
Y96357,0037229422320,,45078,Computer Cables,1.1504,10.50,synced,2025-12-05 23:56:46.49
Y96358,0037229422283,,37212,Computer Cables,1.1500,8.54,synced,2025-12-05 23:56:46.969
YB0874,0065030858625,,ING-YB0874,KVM Switches,1.1500,54.78,synced,2025-12-05 23:56:47.477
YB3430,0065030858410,,27137,Video Switchers,1.1236,154.11,synced,2025-12-05 23:56:14.445
YB3431,0065030858427,,ING-YB3431,Video Switchers,1.1465,120.85,synced,2025-12-05 23:56:11.959
YB3855,0065030859288,,44185,Other Electronic Components & Accessories,1.1499,34.23,synced,2025-12-05 23:56:13.453
YB4236,0065030859318,,27203,Network Switches,1.1115,196.10,synced,2025-12-05 23:56:13.952
YB4286,0708326914086,,ING-YB4286,Flash Drives,1.1317,147.16,synced,2025-12-05 23:56:12.946
YB4287,0708326914093,,265146,Flash Drives,1.1159,180.34,synced,2025-12-05 23:56:12.451
YB4288,0708326914062,,ING-YB4288,Flash Drives,1.1157,196.73,synced,2025-12-05 23:56:50.977
YD3346,0710931401400,,59016,Cable Testers,1.1500,64.99,synced,2025-12-05 23:56:52.958
YD4892,0808447071757,,54156,Audio/Video Cables,1.1501,30.98,synced,2025-12-05 23:56:51.98
YD7039,0757120506072,,ING-YD7039,Computer Cables,1.1498,19.67,synced,2025-12-05 23:56:51.471
YD7044,0757120506126,,ING-YD7044,Audio/Video Cables,1.1501,17.56,synced,2025-12-05 23:56:52.474
YD9128,0766907793611,,ING-YD9128,Screen Privacy Filters,1.1500,89.91,synced,2025-12-05 23:56:15.985
YE3129,0037332184832,,26862,Computer Cables,1.1498,37.23,synced,2025-12-05 23:56:15.456
YE3131,0037332185266,,ING-YE3131,Network Cables,1.1152,200.68,synced,2025-12-06 00:08:38.458
YE3291,0037332183910,,ING-YE3291,Computer Cables,1.1501,39.39,synced,2025-12-05 23:56:14.963
YE3774,0037332185211,,ING-YE3774,Signal Repeaters,1.1265,152.23,synced,2025-12-05 23:56:54.975
YE3777,0037332138002,,30515,Network Cables,1.1500,42.54,synced,2025-12-05 23:56:53.964
YE3778,0037332186508,,35251,Network Cables,1.1501,25.74,synced,2025-12-05 23:56:55.473
YE3779,0037332185853,,ING-YE3779,Power Cables,1.1502,18.08,synced,2025-12-05 23:56:55.984
YE3783,0037332184818,,ING-YE3783,Cable Connectors,1.1499,26.99,synced,2025-12-05 23:56:54.459
YE3792,0037332185907,,46606,Power Cables,1.1497,13.53,synced,2025-12-05 23:56:53.468
YE9873,0648177038992,,43262,Network Adapters,1.0921,546.29,synced,2025-12-05 23:56:57.984
YL1773,0648177039036,,50044,Network Adapters,1.1010,352.53,synced,2025-12-05 23:51:20.819
YL1774,0648177039074,,60372,Network Adapters,1.0912,565.80,synced,2025-12-05 23:56:57.489
YL6626,0757120223351,,351435,Device-Specific Electronics Chargers,1.1500,25.99,synced,2025-12-05 23:52:15.878
YL8352,0065030797726,,ING-YL8352,Network Cables,1.1500,29.23,synced,2025-12-05 23:56:56.502
YL9799,0790069411670,,53218,Network Switches,1.1376,105.65,synced,2025-12-05 23:57:09.493
YL9800,0790069409592,,ING-YL9800,Network Switches,1.0908,649.99,synced,2025-12-05 23:56:17.956
YL9872,0710931160185,,33493,Network Switches,1.1501,46.98,synced,2025-12-05 23:56:16.46
YL9874,0710931160246,,78604,Network Switches,1.1057,272.37,synced,2025-12-05 23:56:16.96
YM5414,0763649044957,,27486,Hard Drives,1.1134,180.25,synced,2025-12-05 23:56:58.494
YM5424,0763649044933,,64476,Hard Drives,1.0992,245.01,synced,2025-12-05 23:50:54.807
YN0832,0881317512468,,ING-YN0832,Memory Card Readers,1.1501,24.38,synced,2025-12-05 23:56:17.477
YN1044,0757120506324,,42923,Network Cables,1.1500,52.40,synced,2025-12-05 23:56:56.98
YN2206,0882658740275,,157081,Hard Drives,1.0839,,synced,2025-12-05 23:36:55.861
YN2412,0698833048575,,ING-YN2412,Computer Keyboard Trays,1.1500,113.34,synced,2025-12-05 23:56:58.957
YN2588,0037332185389,,ING-YN2588,USB Hubs,1.1499,50.05,synced,2025-12-06 00:08:40.976
YN2589,0037332185396,,ING-YN2589,USB Hubs,1.1500,31.07,synced,2025-12-05 23:56:18.454
YN2590,0037332185341,,ING-YN2590,Laptop Docking Stations,1.1500,100.45,synced,2025-12-05 23:56:59.455
YN3605,0026649073243,,ING-YN3605,Printer Photoconductor Units,1.1500,57.27,synced,2025-12-05 23:56:59.959
YN5526,0822088076285,,508739,Computer Rack Hardware & Accessories,1.0992,484.68,synced,2025-12-05 23:57:01.96
YN5574,0822088005896,,276349,Cable Connectors,1.1500,14.47,synced,2025-12-05 23:57:09.968
YN6009,0023942986652,,ING-YN6009,Flash Drives,1.1500,44.07,synced,2025-12-05 23:57:02.951
YN6010,0023942491682,,ING-YN6010,Flash Drives,1.1501,20.99,synced,2025-12-05 23:57:04.455
YN6125,0822088077909,,399556,Fiber Optic Connectors,1.1500,13.42,synced,2025-12-05 23:56:19.46
YN6267,0873791011018,,ING-YN6267,Cable Splitters,1.1425,129.32,synced,2025-12-06 00:08:34.459
YN6268,0873791011025,,78059,Cable Splitters,1.1239,146.94,synced,2025-12-06 00:08:39.973
YN6270,0873791011049,,168108,Other Electronic Components & Accessories,1.1344,130.23,synced,2025-12-05 23:57:06.477
YN6292,0718037833613,,33742,Network-Attached Storage Servers,1.0882,699.99,synced,2025-12-06 00:08:40.468
YN6332,0760557825340,,ING-YN6332,Flash Drives,1.1499,15.35,synced,2025-12-05 23:56:23.96
YN6512,0822088078005,,749858,Electronic Component Sensors,1.1500,47.60,synced,2025-12-05 23:56:19.953
YN7336,0821455142219,,85800,Network Cables,1.1487,96.96,synced,2025-12-05 23:57:01.456
YN7464,0768897648506,,ING-YN7464,Wireless Keypads,1.1315,144.42,synced,2025-12-05 23:56:22.479
YN7526,0881317511942,,62433,Computer Cables,1.1499,42.06,synced,2025-12-05 23:57:05.962
YN8102,0821455142004,,89082,Network Cables,1.1500,20.46,synced,2025-12-05 23:57:02.453
YN8971,0821455080245,,84314,Network Switch Modules,1.1500,69.44,synced,2025-12-05 23:57:04.954
YP3415,0065030859660,,ING-YP3415,Computer Cables,1.1499,22.20,synced,2025-12-05 23:56:18.951
YP3420,0065030859615,,ING-YP3420,Computer Cables,1.1500,24.97,synced,2025-12-05 23:51:29.802
YP3421,0065030859622,,ING-YP3421,Computer Cables,1.1500,28.19,synced,2025-12-05 23:56:24.469
YP3438,0064547913551,,ING-YP3438,Device-Specific Electronics Batteries,1.1270,151.00,synced,2025-12-05 23:37:06.859
YP3858,0065030859226,,27710,Hard Drives,1.1500,12.00,synced,2025-12-05 23:50:46.776
YP3886,7290107199117,,ING-YP3886,Network Cables,1.0882,764.99,synced,2025-12-05 23:56:21.466
YP3898,7290107190404,,348435,Network Cables,1.0938,441.74,synced,2025-12-06 00:08:39.457
YP3900,7290107190428,,ING-YP3900,Network Cables,1.0956,464.70,synced,2025-12-05 23:56:20.462
YP3901,7290107190435,,672072,Network Cables,1.0925,522.28,synced,2025-12-05 23:56:21.962
YP4314,0097855110442,,ING-YP4314,Computer Keyboards,1.1500,89.05,synced,2025-12-05 23:57:03.955
YP4422,0810354021848,,ING-YP4422,Wireless Access Points,1.1147,224.00,synced,2025-12-05 23:37:09.856
YP4676,0722868669853,,ING-YP4676,Network Cables,1.1502,24.85,synced,2025-12-05 23:57:00.961
YP4764,0812658012799,,ING-YP4764,Laptop Cooling Pads,1.1501,19.99,synced,2025-12-05 23:56:23.472
YP4765,0812658012805,,33856,Laptop Cooling Pads,1.1499,19.99,synced,2025-12-05 23:57:05.454
YP4943,0840460602761,,ING-YP4943,USB Hubs,1.1500,29.99,synced,2025-12-06 00:08:38.961
YP5694,0845973071714,,ING-YP5694,Network Routers,1.1500,42.87,synced,2025-12-05 23:56:22.972
YP5954,0819921011138,,ING-YP5954,Audio/Video Cables,1.1499,11.98,synced,2025-12-05 23:56:20.96
YP5964,0722868789377,,ING-YP5964,USB Hubs,1.1500,36.24,synced,2025-12-05 23:57:06.968
YP5965,0745883670857,,ING-YP5965,USB Hubs,1.1500,17.55,synced,2025-12-05 23:57:03.451
YP5969,0745883671069,,ING-YP5969,USB Hubs,1.1500,21.99,synced,2025-12-06 00:08:33.964
YP8317,0852994002528,,1930,Computer Keyboards,1.1322,151.00,synced,2025-12-05 23:37:10.374
YP8543,0757120506331,,ING-YP8543,Audio/Video Cables,1.1501,51.22,synced,2025-12-05 23:57:00.456
YS0759,0198156726360,,ING-YS0759,Computer Monitors,1.0600,306.99,synced,2025-12-06 00:07:19.749
YS0801,0198157472266,,ING-YS0801,Computer Monitors,1.0600,201.59,synced,2025-12-05 23:56:24.965
YS0981,0606449174724,,ING-YS0981,Network Switches,1.1251,118.24,synced,2025-12-05 23:56:25.484
YS2357,0199271850725,,ING-YS2357,Desktop Computers,1.0600,1107.53,synced,2025-12-05 23:55:44.962
YS2718,0199271850619,,ING-YS2718,Desktop Computers,1.0600,1437.60,synced,2025-12-05 23:55:10.942
YS4981,0037332289148,,ING-YS4981,Air Conditioners,1.0828,5144.93,synced,2025-12-05 23:55:45.951
YS5006,0606449172539,,ING-YS5006,Network Routers,1.0960,455.39,synced,2025-12-05 23:55:45.454
YS5265,0190017630793,,ING-YS5265,Network Routers,1.0805,14706.85,synced,2025-12-05 23:55:16.928
YS5362,0740617348637,,ING-YS5362,Flash Memory,1.1428,152.25,synced,2025-12-05 23:55:15.935
YS5428,0037332294418,,ING-YS5428,Computer Cables,1.0998,349.62,synced,2025-12-05 23:55:46.482
YS5464,0199485628899,,ING-YS5464,Desktop Computers,1.0600,3513.77,synced,2025-12-05 23:55:46.978
YS5511,0037332293985,,ING-YS5511,USB Hubs,1.1500,96.83,synced,2025-12-05 23:55:14.936
YS6538,0198957105739,,ING-YS6538,Cell Phones,1.0800,2119.99,synced,2025-12-05 23:55:16.426
YS6553,0198957105722,,ING-YS6553,Cell Phones,1.0800,2460.37,synced,2025-12-05 23:55:17.437
YS6560,0198957105760,,ING-YS6560,Cell Phones,1.0800,2119.99,synced,2025-12-05 23:55:15.445
YS7803,0065030907248,,ING-YS7803,Hard Drives,1.1388,127.74,synced,2025-12-05 23:55:17.931
YS7805,0065030905459,,ING-YS7805,Electronics Stands,1.1365,131.79,synced,2025-12-05 23:55:18.944
YS7822,0884116479642,,ING-YS7822,Desktop Computers,1.0600,1257.99,synced,2025-12-05 23:55:18.433
YS8383,0840283924026,,ING-YS8383,Electronics Film Protectors,1.1498,19.95,synced,2025-12-05 23:55:19.43
YS8422,0745883920525,,ING-YS8422,Headphones,1.1501,46.37,synced,2025-12-05 23:55:19.95
YS8667,0840283921063,,ING-YS8667,"Tablet Holders, Carriers & Cases",1.1500,53.54,synced,2025-12-05 23:55:20.451
YS8669,0840283921797,,ING-YS8669,Cell Phone Cases,1.1500,44.95,synced,2025-12-05 23:55:11.437
YS8670,0840283921803,,ING-YS8670,Cell Phone Cases,1.1499,44.95,synced,2025-12-05 23:55:47.474
YS9229,0753218983756,,ING-YS9229,Graphics Tablets,1.0935,414.96,synced,2025-12-05 23:55:11.923
YS9341,0840030705700,,ING-YS9341,Network Switches,1.1500,59.99,synced,2025-12-05 23:55:20.931
YS9648,0198828548689,,ING-YS9648,Computer Monitors,1.0600,265.99,synced,2025-12-05 23:55:47.961
YS9975,0092636364779,,ING-09TR92,Laptop Bags,1.1500,45.41,synced,2025-12-05 23:55:21.945
YU1938,0663072927332,,673174,Network Adapters,1.1500,32.00,synced,2025-12-05 23:37:04.844
YU5244,0821455230176,,87104,Network Cables,1.1500,37.83,synced,2025-12-05 23:55:21.432
YU5687,0606449087857,,ING-YU5687,Network Switch Modules,1.0815,4525.58,synced,2025-12-05 23:55:25.461
YU7919,0037332186102,,35319,Power Cables,1.1501,85.44,synced,2025-12-05 23:55:49.439
YU7920,0037332185402,,27995,Computer Cables,1.1501,43.89,synced,2025-12-05 23:55:48.98
YU7921,0037332186010,,ING-YU7921,Computer Cables,1.1501,40.39,synced,2025-12-05 23:55:13.01
YU7923,0037332186188,,ING-YU7923,Computer Cables,1.1499,24.69,synced,2025-12-05 23:55:48.448
YU7925,0037332224514,,ING-YU7925,Computer Racks & Mounts,1.0823,2732.90,synced,2025-12-06 00:08:26.958
YU8409,0766907738926,,29592,Screen Privacy Filters,1.1500,85.80,synced,2025-12-05 23:55:24.439
YU8513,0037332185532,,44801,Computer Racks & Mounts,1.1500,96.89,synced,2025-12-05 23:55:27.959
YU8516,0037332185938,,29420,Audio/Video Cables,1.1501,32.85,synced,2025-12-05 23:55:29.925
YU8517,0037332185945,,29363,Computer Cables,1.1501,36.82,synced,2025-12-05 23:55:50.461
YU8522,0037332186065,,33297,Computer Cables,1.1498,15.41,synced,2025-12-05 23:55:31.92
YU8525,0037332185983,,ING-YU8525,Computer Cables,1.1500,87.35,synced,2025-12-05 23:55:13.442
YU8528,0037332185488,,31162,Network Switch Modules,1.1500,73.85,synced,2025-12-05 23:55:27.455
YU8529,0037332185495,,29207,Network Switch Modules,1.1159,253.60,synced,2025-12-05 23:55:26.451
YU8552,0706487015475,,ING-YU8552,Headsets,1.1199,145.00,synced,2025-12-05 23:50:45.259
YU8562,0808447071788,,64939,Audio/Video Cables,1.1501,73.42,synced,2025-12-06 00:08:27.447
YU8671,0037332186461,,ING-YU8671,TV & Monitor Mounts,1.1500,95.89,synced,2025-12-05 23:55:51.452
YU8672,0037332186478,,ING-YU8672,TV & Monitor Mounts,1.1500,83.58,synced,2025-12-06 00:07:20.268
YU8673,0037332186676,,ING-YU8673,TV & Monitor Mounts,1.1339,141.86,synced,2025-12-05 23:55:30.923
YU8674,0037332185679,,ING-YU8674,Projector Mounts,1.1500,83.97,synced,2025-12-06 00:08:26.466
YU8682,0037332186492,,34609,Computer Cables,1.1502,22.31,synced,2025-12-06 00:08:28.458
YU8685,0037332184757,,ING-YU8685,Computer Cables,1.1499,,synced,2025-12-05 23:36:54.376
YU8704,0808447073409,,ING-YU8704,Network Cables,1.1501,100.45,synced,2025-12-05 23:55:12.432
YU8708,0808447073263,,74804,Network Cables,1.1499,46.75,synced,2025-12-05 23:55:31.426
YU8722,0808447073119,,66937,Network Cables,1.1502,18.60,synced,2025-12-05 23:55:26.95
YU8724,0808447073133,,68866,Network Cables,1.1501,39.94,synced,2025-12-05 23:55:23.46
YU8958,0757120506300,,42840,Computer Cables,1.1501,34.47,synced,2025-12-05 23:55:50.95
YU8959,0757120506348,,33953,Computer Cables,1.1500,60.66,synced,2025-12-05 23:55:22.449
YV9058,0065030859776,,ING-YV9058,USB Hubs,1.1500,67.65,synced,2025-12-05 23:55:29.423
YV9059,0065030859677,,ING-YV9059,Device-Specific Electronics Chargers,1.1501,36.62,synced,2025-12-05 23:55:51.968
YV9069,0040232226366,,288641,Network Switch Modules,1.1501,,synced,2025-12-05 23:36:53.858
YV9766,0672792005985,,128574,Other Electronic Components & Accessories,1.1494,27.75,synced,2025-12-05 23:55:22.946
YV9767,0672792004537,,632874,Computer Cables,1.1501,46.71,synced,2025-12-05 23:55:28.923
YV9768,0672792005749,,129756,Cable Connectors,1.1500,98.44,synced,2025-12-05 23:55:25.952
YV9774,0672792005732,,155316,Network Switches,1.1448,108.68,synced,2025-12-05 23:55:28.449
YW3113,0037229009422,,31371,Computer Cables,1.1501,31.90,synced,2025-12-06 00:08:30.453
YW3114,0037229009439,,29598,Computer Cables,1.1498,37.45,synced,2025-12-05 23:55:30.425
YW4023,0843591057004,,35164,Flash Drives,1.1500,37.93,synced,2025-12-05 23:55:24.943
YW4025,0843591057011,,60946,Flash Drives,1.1500,54.48,synced,2025-12-06 00:08:27.949
YW4026,0843591056984,,30264,Flash Drives,1.1498,27.41,synced,2025-12-05 23:55:23.933
YW4027,0843591056991,,49024,Flash Drives,1.1501,24.21,synced,2025-12-05 23:55:49.933
YW8047,0743172078919,,ING-YW8047,Power Distribution Units,1.0849,1282.22,synced,2025-12-05 23:55:37.966
YX0040,0096633378784,,407517,Electronics Docks & Cradles,1.0848,1444.94,synced,2025-12-05 23:55:52.461
YX0041,0096633378791,,407537,Electronics Docks & Cradles,1.0873,1012.99,synced,2025-12-05 23:55:33.454
YZ2718,0757120506294,,42926,Audio/Video Cables,1.1499,28.27,synced,2025-12-05 23:55:36.453
YZ2927,0013803247329,,ING-YZ2927,Computer Scanners,1.1217,180.85,synced,2025-12-05 23:55:34.45
YZ3723,0841872163291,,ING-YZ3723,TV & Monitor Mounts,1.1108,209.00,synced,2025-12-05 23:37:05.368
YZ5568,0888793323618,,ING-YZ5568,Hard Drives,1.0904,532.52,synced,2025-12-05 23:55:35.457
YZ5734,0074983656172,,66308,Cable Organizers,1.1500,388.12,synced,2025-12-05 23:55:38.442
YZ5742,0074983376476,,95557,Cable Organizers,1.1500,83.98,synced,2025-12-05 23:55:36.962
YZ5743,0074983378012,,14412,Cable Organizers,1.1501,78.52,synced,2025-12-05 23:55:34.973
YZ5748,0074983009411,,14411,Other Computer Accessories,1.1500,108.46,synced,2025-12-06 00:08:29.434
YZ5778,0074983005048,,749229,Computer Patch Panels,1.1174,218.36,synced,2025-12-05 23:55:54.464
YZ5780,0074983005031,,72540,Computer Patch Panels,1.1413,184.44,synced,2025-12-05 23:55:13.933
YZ5784,0074983036639,,768634,Computer Patch Panels,1.1500,64.50,synced,2025-12-05 23:55:32.939
YZ5787,0074983036585,,643930,Computer Patch Panels,1.1500,110.11,synced,2025-12-05 23:55:33.955
YZ6255,0074983651986,,54909,Network Cables,1.1502,12.99,synced,2025-12-05 23:55:53.453
YZ6311,0074983454105,,750600,Cable Connectors,1.1171,196.79,synced,2025-12-05 23:55:52.949
YZ6313,0074983376575,,761762,Other Electronic Components,1.1500,121.45,synced,2025-12-05 23:55:35.947
YZ6322,0074983921935,,677503,Network Cables,1.1501,65.52,synced,2025-12-05 23:55:37.464
YZ6333,0074983921416,,ING-YZ6333,Network Cables,1.1501,73.84,synced,2025-12-05 23:55:53.942
YZ7097,0889296177029,,57439,Printer Spindles,1.1499,99.40,synced,2025-12-06 00:08:30.935
YZ7309,0731304322382,,ING-YZ7309,Computer Rack Hardware & Accessories,1.1046,249.99,synced,2025-12-05 23:55:32.429
YZ7613,0821455320747,,87719,Network Cables,1.1502,32.06,synced,2025-12-06 00:08:28.937
YZ8013,0889296046318,,ING-YZ8013,Network Switch Modules,1.0807,10259.10,synced,2025-12-05 23:55:41.95
YZ8015,0889296046332,,ING-YZ8015,Network Cables,1.0938,479.95,synced,2025-12-06 00:08:09.438
YZ8058,0888182604281,,ING-YZ8058,Network Switches,1.0815,1025.00,synced,2025-12-05 23:37:04.334
YZ8090,0731304317289,,36558,Computer Racks & Mounts,1.1032,585.63,synced,2025-12-05 23:55:38.95
YZ8740,0043859680290,,92303,Laminators,1.1499,49.34,synced,2025-12-06 00:08:29.935
Z20168,0198158237390,,ING-Z20168,Laptop Computers,1.0600,1744.66,synced,2025-12-05 23:54:47.465
Z20173,0766907034028,,ING-Z20173,Computer Monitors,1.0600,339.99,synced,2025-12-05 23:55:39.461
Z20214,7331021091368,,ING-Z20214,Electronics Stands,1.1501,78.17,synced,2025-12-05 23:55:40.955
Z20789,0199485629513,,ING-Z20789,Desktop Computers,1.0600,1093.06,synced,2025-12-05 23:52:10.367
Z20847,0199485629384,,ING-Z20847,Desktop Computers,1.0600,1291.63,synced,2025-12-05 23:55:55.442
Z20862,0199485629360,,ING-Z20862,Desktop Computers,1.0600,1178.93,synced,2025-12-05 23:55:39.945
Z20867,0199642111738,,ING-Z20867,Desktop Computers,1.0600,2781.89,synced,2025-12-05 23:55:40.453
Z20868,0199642110595,,ING-Z20868,Desktop Computers,1.0600,1301.99,synced,2025-12-05 23:55:41.461
Z20880,0199485629148,,ING-Z20880,Desktop Computers,1.0600,1073.26,synced,2025-12-05 23:55:54.965
Z23449,0884116493037,,ING-Z23449,Portable Speakers,1.1191,193.71,synced,2025-12-05 23:55:14.436
Z25497,0198158762533,,ING-Z25497,Laptop Computers,1.0600,2130.99,synced,2025-12-05 23:55:42.453
Z25498,0199272136057,,ING-Z25498,Laptop Computers,1.0600,2146.99,synced,2025-12-05 23:55:55.974
Z25517,0197530796487,,ING-Z25517,Computer Monitors,1.0600,317.55,synced,2025-12-05 23:55:42.954
Z26110,0198158237437,,ING-Z26110,Laptop Computers,1.0600,2123.95,synced,2025-12-05 23:55:43.447
Z26716,0051144066162,,ING-Z26716,Screen Privacy Filters,1.1499,70.85,synced,2025-12-05 23:55:56.47
Z27043,0065030915205,,ING-Z27043,Device-Specific Electronics Chargers,1.1126,210.47,synced,2025-12-05 23:55:56.974
Z27687,0822088109501,,767377,Other Electronic Components & Accessories,1.1182,212.94,synced,2025-12-05 23:55:57.462
Z27722,0822088109518,,ING-6DN597,Other Electronic Components & Accessories,1.1048,266.02,synced,2025-12-06 00:07:37.931
Z27956,0648177010837,,692041,Network Adapters,1.1039,292.63,synced,2025-12-05 23:55:43.943
Z28598,0199642142732,,ING-Z28598,Desktop Computers,1.0600,1393.15,synced,2025-12-05 23:55:57.964
Z28828,0051144066155,,ING-Z28828,Screen Privacy Filters,1.1501,41.71,synced,2025-12-05 23:54:21.45
Z29379,0819927013587,,ING-Z29379,Laptop Docking Stations,1.1107,240.88,synced,2025-12-05 23:54:46.441
Z29495,0745883920501,,ING-Z29495,Headphones,1.1499,47.68,synced,2025-12-05 23:54:20.946
Z29557,0834619004230,,343738,Electronics Stands,1.1500,109.32,synced,2025-12-05 23:54:21.937
Z29853,0766907002270,,ING-7QV016,Computer Monitors,1.0600,96.95,synced,2025-12-05 23:54:45.934
Z29961,0037332287212,,ING-SF4771,Network Switches,1.1426,124.37,synced,2025-12-06 00:08:24.943
Z30109,0199271793244,,ING-Z30109,Laptop Computers,1.0600,419.99,synced,2025-12-05 23:55:44.453
Z30507,0884116670612,,ING-Z30507,Laptop Computers,1.0600,1517.49,synced,2025-12-05 23:51:31.3
Z30588,0810142822763,,ING-Z30588,Wireless Access Points,1.1161,193.99,synced,2025-12-05 23:54:22.43
Z30613,0810142822770,,ING-Z30613,Wireless Access Points,1.1161,193.99,synced,2025-12-05 23:54:46.942
Z31959,0037332291356,,ING-SS4598,Cable Organizers,1.1500,237.05,synced,2025-12-05 23:54:48.937
Z31988,0037332284976,,ING-Z31988,Laptop Docking Stations,1.1035,324.21,synced,2025-12-05 23:54:49.499
Z31989,0037332290915,,ING-Z31989,Network Switches,1.0953,411.12,synced,2025-12-05 23:54:24.944
Z32001,0037332282477,,ING-Z32001,Electronics Docks & Cradles,1.0850,1350.94,synced,2025-12-05 23:54:25.93
Z32015,0037332293459,,ING-Z32015,Computer Cables,1.1500,73.50,synced,2025-12-05 23:54:23.427
Z32021,0037332290892,,ING-Z32021,Network Switches,1.1107,213.65,synced,2025-12-05 23:54:22.912
Z32024,0037332292445,,ING-Z32024,Computer Cables,1.1141,236.84,synced,2025-12-05 23:54:23.909
Z32029,0037332293442,,ING-Z32029,Computer Cables,1.1500,62.82,synced,2025-12-05 23:54:51.434
Z32030,0037332292438,,ING-Z32030,Audio/Video Cables,1.1048,270.55,synced,2025-12-05 23:54:50.441
Z32031,0037332293466,,ING-Z32031,Computer Cables,1.1500,87.20,synced,2025-12-05 23:54:26.455
Z32032,0037332293978,,ING-Z32032,USB Hubs,1.1501,73.34,synced,2025-12-06 00:08:23.448
Z32063,0037332282484,,ING-Z32063,Computer Racks & Mounts,1.0854,1252.98,synced,2025-12-05 23:54:47.939
Z32142,0840064400282,,ING-Z32142,Audio & Video Receivers,1.0799,101.38,synced,2025-12-05 23:54:50.936
Z32247,0198957222603,,ING-Z32247,Cell Phones,1.0800,534.99,synced,2025-12-05 23:54:24.409
Z32248,0198957222627,,ING-Z32248,Cell Phones,1.0800,650.00,synced,2025-12-05 23:37:01.827
Z32257,0198957222580,,ING-Z32257,Cell Phones,1.0800,474.99,synced,2025-12-05 23:54:25.435
Z32283,0198957222566,,ING-Z32283,Cell Phones,1.0800,540.33,synced,2025-12-06 00:07:23.759
Z32284,0198957222559,,ING-Z32284,Cell Phones,1.0800,599.99,synced,2025-12-05 23:54:49.94
Z32285,0198957222665,,ING-Z32285,Cell Phones,1.0800,650.00,synced,2025-12-05 23:37:03.329
Z32286,0198957222641,,ING-Z32286,Cell Phones,1.0800,540.33,synced,2025-12-05 23:54:48.436
Z32287,0198957222542,,ING-Z32287,Cell Phones,1.0800,599.90,synced,2025-12-05 23:50:53.691
Z32447,0074000705050,,ING-Z32447,Computer Monitors,1.0600,541.56,synced,2025-12-05 23:54:27.917
Z32484,0074000705074,,ING-Z32484,Computer Monitors,1.0600,540.20,synced,2025-12-05 23:54:54.431
Z32489,0074000705067,,ING-Z32489,Computer Monitors,1.0600,645.83,synced,2025-12-05 23:54:26.939
Z32633,0199271646793,,ING-Z32633,Laptop Computers,1.0600,1264.99,synced,2025-12-05 23:54:27.46
Z32636,0199271423615,,ING-Z32636,Laptop Computers,1.0600,1829.99,synced,2025-12-05 23:54:53.428
Z33049,0727419317627,,ING-Z33049,Computer Video Cards,1.1041,262.87,synced,2025-12-05 23:54:51.951
Z33050,0783750014267,,ING-Z33050,Barcode Scanners,1.1501,91.03,synced,2025-12-05 23:54:53.936
Z33498,0074000704190,,ING-Z33498,Computer Monitors,1.0600,590.89,synced,2025-12-05 23:54:52.919
Z33538,0074000704206,,ING-Z33538,Computer Monitors,1.0600,769.40,synced,2025-12-05 23:54:28.938
Z33652,0199272040637,,ING-Z33652,Desktop Computers,1.0600,2418.99,synced,2025-12-05 23:54:28.428
Z33653,0199272035022,,ING-Z33653,Desktop Computers,1.0600,1699.20,synced,2025-12-05 23:54:52.421
Z33662,0199272040040,,ING-Z33662,Desktop Computers,1.0600,1749.00,synced,2025-12-05 23:50:44.76
Z36303,0074000705081,,ING-Z36303,Computer Monitors,1.0600,420.30,synced,2025-12-05 23:54:55.938
Z36544,0881317512949,,ING-Z36544,KVM Switches,1.1488,110.76,synced,2025-12-05 23:54:56.435
Z36649,0199271869512,,ING-Z36649,Desktop Computers,1.0600,1634.95,synced,2025-12-05 23:54:54.944
Z36690,0199272034865,,ING-Z36690,Desktop Computers,1.0600,1397.27,synced,2025-12-05 23:54:29.901
Z36975,0199271423608,,ING-Z36975,Laptop Computers,1.0600,2197.99,synced,2025-12-05 23:54:55.438
Z37157,0603175009849,,ING-Z37157,Network Switch Modules,1.0862,1178.96,synced,2025-12-05 23:54:29.402
Z37374,0763649185988,,ING-Z37374,Hard Drives,1.1115,221.91,synced,2025-12-05 23:54:56.928
Z37390,0763649185964,,ING-Z37390,Hard Drives,1.1348,127.85,synced,2025-12-05 23:54:30.409
Z37826,0198157123830,,ING-Z37826,Computer Monitors,1.0600,249.99,synced,2025-12-05 23:54:30.907
Z38206,0077511360534,,130634,Shredder Bags,1.1500,35.96,synced,2025-12-05 23:54:31.41
Z38589,0074000704077,,ING-Z38589,Computer Monitors,1.0600,10661.46,synced,2025-12-05 23:54:57.921
Z38632,0074000705012,,ING-Z38632,Computer Monitors,1.0600,13940.43,synced,2025-12-05 23:51:31.807
Z38799,0886734899321,,ING-Z38799,Power Adapters,1.1330,126.66,synced,2025-12-05 23:54:57.427
Z38827,0886734899314,,ING-Z38827,Power Adapters,1.1149,209.79,synced,2025-12-05 23:54:59.407
Z38853,0886734899291,,ING-Z38853,Power Adapters,1.1372,117.27,synced,2025-12-05 23:54:31.906
Z38854,0886734899369,,ING-Z38854,Power Adapters,1.1148,190.61,synced,2025-12-05 23:54:58.906
Z38871,0886734899352,,ING-Z38871,Power Adapters,1.1348,122.37,synced,2025-12-05 23:54:58.416
Z38872,0886734899383,,ING-Z38872,Power Adapters,1.1299,140.18,synced,2025-12-05 23:54:32.415
Z38873,0886734899413,,ING-Z38873,Power Adapters,1.1109,239.70,synced,2025-12-06 00:08:23.946
Z38966,0819927013594,,ING-Z38966,T-Shirts,1.1501,30.95,synced,2025-12-06 00:08:25.458
Z38971,0819927013600,,ING-Z38971,Computer Cables,1.1500,20.96,synced,2025-12-05 23:54:33.422
Z38990,0819927013617,,ING-Z38990,Computer Cables,1.1501,14.95,synced,2025-12-05 23:54:32.919
Z39424,0663072925048,,ING-Z39424,USB Hubs,1.0939,526.00,synced,2025-12-05 23:37:02.328
Z39674,0840064404891,,ING-Z39674,Earbud Covers,1.1498,23.99,synced,2025-12-05 23:54:33.918
Z40161,0706487014973,,ING-XU0130,Headsets,1.1501,46.00,synced,2025-12-05 23:37:02.829
Z40798,0822088125648,,530314,Network Switches,1.0895,865.18,synced,2025-12-05 23:54:34.425
Z41043,0822088135173,,719154,Network Adapters,1.1228,209.22,synced,2025-12-05 23:54:34.932
Z41841,0097855195876,,ING-Z41841,Computer Mice,1.1500,19.99,synced,2025-12-05 23:54:35.437
Z42896,0810052988443,,ING-Z42896,Headsets,1.1308,109.99,synced,2025-12-05 23:54:37.421
Z42897,0810052988436,,ING-Z42897,Headsets,1.1308,79.99,synced,2025-12-05 23:55:01.41
Z42905,0810052988429,,ING-Z42905,Headsets,1.1308,79.99,synced,2025-12-05 23:54:59.913
Z42907,0810164142740,,ING-Z42907,Mouse Pads,1.1499,19.99,synced,2025-12-05 23:55:00.419
Z42908,0810164142764,,ING-Z42908,Mouse Pads,1.1499,19.99,synced,2025-12-05 23:54:36.935
Z42909,0810052989266,,ING-Z42909,Headsets,1.1308,109.99,synced,2025-12-05 23:55:00.907
Z42924,0810164142573,,ING-Z42924,Mouse Pads,1.1500,11.99,synced,2025-12-05 23:54:37.911
Z42925,0810164142757,,ING-Z42925,Mouse Pads,1.1499,19.99,synced,2025-12-05 23:54:36.433
Z42932,0810052988474,,ING-Z42932,Headsets,1.1308,109.99,synced,2025-12-05 23:54:35.933
Z44406,0757120506485,,ING-Z44406,Audio/Video Cables,1.1499,40.36,synced,2025-12-05 23:55:02.408
Z45600,0199642878990,,ING-Z45600,Laptop Computers,1.0600,1322.46,synced,2025-12-05 23:54:38.425
Z45650,0195892113034,,ING-Z45650,USB Hubs,1.1500,78.09,synced,2025-12-05 23:55:01.909
Z46135,0097855201812,,ING-Z46135,Computer Mice,1.1335,100.98,synced,2025-12-05 23:54:39.947
Z46137,0097855207180,,ING-Z46137,Computer Keyboard & Mouse Sets,1.1500,119.99,synced,2025-12-05 23:52:55.891
Z46171,0097855206473,,ING-Z46171,Computer Keyboards,1.1321,125.19,synced,2025-12-05 23:54:38.916
Z46173,0097855207616,,ING-Z46173,Computer Mice,1.1253,119.99,synced,2025-12-05 23:52:10.845
Z46179,0097855207159,,ING-Z46179,Computer Keyboard & Mouse Sets,1.1500,119.99,synced,2025-12-06 00:08:15.438
Z46193,0097855207135,,ING-Z46193,Computer Keyboard & Mouse Sets,1.1500,119.99,synced,2025-12-05 23:52:28.835
Z47622,0740617277357,,ING-Z47622,Hard Drives,1.1500,112.99,synced,2025-12-05 23:54:39.424
Z47630,0740617261219,,ING-Z47630,Hard Drives,1.1499,29.00,synced,2025-12-05 23:37:03.833
Z48258,0810164142184,,ING-Z48258,Headsets,1.1091,199.99,synced,2025-12-05 23:52:57.365
Z48344,0810164142153,,ING-Z48344,Headsets,1.1091,199.99,synced,2025-12-06 00:08:15.934
Z48345,0810164142191,,ING-Z48345,Headsets,1.1091,199.99,synced,2025-12-05 23:52:29.833
Z48346,0810164142207,,ING-Z48346,Headsets,1.1091,199.99,synced,2025-12-05 23:52:30.332
Z48348,0810164142146,,ING-Z48348,Headsets,1.1091,199.99,synced,2025-12-05 23:52:56.388
Z48349,0810164142122,,ING-Z48349,Headsets,1.1091,199.99,synced,2025-12-06 00:08:16.44
Z48391,0810164142177,,ING-Z48391,Headsets,1.1091,199.99,synced,2025-12-05 23:52:56.869
Z48405,0810164142139,,ING-Z48405,Headsets,1.1091,199.99,synced,2025-12-05 23:52:29.334
Z49139,0768897648506,,ING-YN7464,Wireless Keypads,1.1315,144.42,synced,2025-12-05 23:55:04.909
Z49386,0885022020928,,762306,Network-Attached Storage Servers,1.0867,1013.96,synced,2025-12-05 23:54:42.423
Z49417,0840460600309,,ING-Z49417,Network Switches,1.1498,100.28,synced,2025-12-05 23:55:03.517
Z49452,0840460600316,,ING-Z49452,Network Switches,1.1373,122.33,synced,2025-12-05 23:55:06.921
Z49473,0840460600286,,ING-Z49473,Network Switches,1.1500,72.80,synced,2025-12-05 23:55:08.432
Z49708,0705110116534,,ING-Z49708,Hard Drives,1.0959,441.26,synced,2025-12-05 23:55:05.909
Z49726,0019428189174,,ING-Z49726,Duffel Bags,1.1500,134.44,synced,2025-12-05 23:55:03.908
Z49727,0019428190347,,ING-Z49727,Luggage & Luggage Sets,1.1500,361.61,synced,2025-12-06 00:08:25.945
Z49728,0019428188900,,ING-Z49728,Luggage & Luggage Sets,1.1500,234.79,synced,2025-12-05 23:55:07.934
Z49748,0019428190323,,ING-Z49748,Luggage & Luggage Sets,1.1500,361.61,synced,2025-12-05 23:55:06.411
Z49784,0019428189167,,ING-Z49784,Duffel Bags,1.1500,134.31,synced,2025-12-05 23:54:41.939
Z49790,0019428190330,,ING-Z49790,Luggage & Luggage Sets,1.1500,361.61,synced,2025-12-05 23:55:02.936
Z49806,0019428189075,,ING-Z49806,Backpacks,1.1500,167.44,synced,2025-12-05 23:55:07.435
Z49808,0019428189068,,ING-Z49808,Backpacks,1.1500,167.31,synced,2025-12-05 23:54:40.434
Z49815,0019428189150,,ING-Z49815,Duffel Bags,1.1500,134.18,synced,2025-12-05 23:54:41.44
Z49818,0019428189037,,ING-Z49805,Backpacks,1.1500,130.23,synced,2025-12-05 23:54:40.926
Z50919,0633886017666,,ING-Z50919,Computer Mice,1.1500,28.60,synced,2025-12-05 23:55:05.408
Z50921,0766907033670,,ING-Z50921,Computer Monitors,1.0600,609.99,synced,2025-12-05 23:55:04.409
Z51406,0840390329646,,ING-S61475,"Tablet Holders, Carriers & Cases",1.1407,99.99,synced,2025-12-05 23:54:42.924
Z52341,0194850292972,,ING-Z52341,Computer Monitors,1.0600,218.90,synced,2025-12-06 00:08:24.444
Z52658,0085896008415,,ING-Z52716,Screen Privacy Filters,1.1500,109.34,synced,2025-12-05 23:54:43.978
Z52677,0085896006718,,ING-Z52678,Screen Privacy Filters,1.1501,65.74,synced,2025-12-05 23:54:43.425
Z52679,0085896007715,,ING-Z52679,Screen Privacy Filters,1.1500,104.95,synced,2025-12-05 23:54:44.946
Z52686,0085896006510,,ING-Z52686,Screen Privacy Filters,1.1499,56.45,synced,2025-12-05 23:55:09.933
Z52688,0085896008118,,ING-Z52688,Screen Privacy Filters,1.1500,59.76,synced,2025-12-05 23:55:10.436
Z52711,0085896008316,,ING-Z52711,Screen Privacy Filters,1.1500,139.49,synced,2025-12-05 23:54:45.433
Z52714,0085896006411,,ING-Z52714,Screen Privacy Filters,1.1500,198.02,synced,2025-12-05 23:54:44.426
Z52720,0085896007913,,ING-Z52720,Screen Privacy Filters,1.1500,88.70,synced,2025-12-05 23:55:08.924
Z52721,0085896007517,,ING-Z52721,Screen Privacy Filters,1.1500,184.29,synced,2025-12-05 23:55:09.428
Z53699,0190017593449,,ING-Z53699,Network Switches,1.0913,621.26,synced,2025-12-05 23:54:05.897
Z56912,0198990677187,,ING-Z56912,Headsets,1.1186,170.46,synced,2025-12-05 23:54:06.397
Z57975,0065030906227,,ING-Z57975,USB Hubs,1.1501,46.37,synced,2025-12-05 23:53:59.394
Z58558,0840283922060,,ING-Z58558,Cell Phone Cases,1.1499,64.95,synced,2025-12-05 23:53:59.895
Z58946,0065030895095,,ING-Z58946,Computer Cables,1.1500,53.84,synced,2025-12-05 23:53:58.896
Z58964,0097564315701,,ING-Z58964,Computer Scanners,1.0921,474.99,synced,2025-12-05 23:53:58.416
Z60745,0840390356369,,ING-Z60745,Electronics Film Protectors,1.1499,43.43,synced,2025-12-05 23:54:00.901
Z60754,0840390356383,,ING-Z60754,Electronics Film Protectors,1.1499,43.43,synced,2025-12-05 23:54:00.399
Z60760,0840390356406,,ING-Z60760,Electronics Film Protectors,1.1499,37.99,synced,2025-12-05 23:54:06.919
Z62880,0092636365073,,ING-07LV74,"Tablet Holders, Carriers & Cases",1.1472,126.26,synced,2025-12-05 23:54:10.919
Z63011,0810078054191,,ING-Z63011,Laptop Docking Stations,1.1277,143.55,synced,2025-12-05 23:54:10.422
Z63134,0031652291270,,ING-Z63134,Automotive Specialty Parts,1.1200,99.12,synced,2025-12-05 23:54:09.429
Z63261,0807648018226,,ING-LJ6804,Computer Replacement Parts,1.1502,20.13,synced,2025-12-05 23:54:11.423
Z63309,0807648019285,,ING-NE8992,Other Power & Hand Tool Accessories,1.1500,24.01,synced,2025-12-05 23:54:12.914
Z63338,0807648025804,,ING-PP6890,Computer Rack Hardware & Accessories,1.1314,144.99,synced,2025-12-05 23:54:09.91
Z63344,0807648040135,,ING-VU7458,Computer Racks & Mounts,1.1500,91.99,synced,2025-12-05 23:54:12.424
Z63392,0807648025798,,ING-PP6889,Computer Rack Hardware & Accessories,1.1332,134.74,synced,2025-12-05 23:54:15.933
Z63423,0807648024135,,77191,Computer Rack Hardware & Accessories,1.1261,134.99,synced,2025-12-05 23:54:13.915
Z63491,0807648000610,,ING-658374,Computer Racks & Mounts,1.1087,241.99,synced,2025-12-05 23:54:07.938
Z63518,0807648000603,,18737,Computer Rack Hardware & Accessories,1.1188,181.04,synced,2025-12-05 23:54:07.406
Z63541,0807648004892,,ING-L45356,Cable Organizers,1.1500,89.99,synced,2025-12-05 23:54:15.452
Z63570,0807648000245,,ING-326026,Computer Racks & Mounts,1.1377,127.73,synced,2025-12-05 23:54:08.415
Z63575,0807648001495,,5699,Computer Racks & Mounts,1.1500,39.99,synced,2025-12-05 23:54:13.417
Z63583,0807648000580,,13415,Computer Rack Hardware & Accessories,1.1347,99.99,synced,2025-12-05 23:54:01.396
Z63585,0807648001426,,ING-E93178,Computer Rack Hardware & Accessories,1.1499,75.25,synced,2025-12-05 23:54:08.913
Z63589,0807648000832,,ING-D34827,Computer Racks & Mounts,1.1267,154.98,synced,2025-12-05 23:54:14.428
Z63592,0807648027952,,ING-PX4987,Computer Racks & Mounts,1.1436,109.98,synced,2025-12-05 23:54:14.932
Z63596,0807648001594,,ING-E93445,Computer Racks & Mounts,1.1500,66.60,synced,2025-12-05 23:54:01.894
Z63603,0807648000474,,66785,Computer Rack Hardware & Accessories,1.1255,186.38,synced,2025-12-06 00:08:22.952
Z63609,0807648001631,,ING-E93449,Electrical System Relays,1.1500,74.99,synced,2025-12-05 23:54:11.947
Z63620,0807648001440,,5698,Hardware Brackets,1.1500,92.27,synced,2025-12-05 23:54:02.396
Z63622,0807648000597,,ING-658456,Computer Rack Hardware & Accessories,1.1298,140.99,synced,2025-12-05 23:54:03.402
Z63624,0807648001433,,ING-E93179,Computer Racks & Mounts,1.1499,84.99,synced,2025-12-05 23:54:17.461
Z63632,0807648001600,,68202,Electrical System Relays,1.1500,67.82,synced,2025-12-05 23:54:03.895
Z63641,0807648001532,,60366,Computer Rack Hardware & Accessories,1.1501,65.60,synced,2025-12-05 23:54:04.399
Z63662,0807648001556,,79947,Electrical System Relays,1.1500,65.60,synced,2025-12-05 23:54:02.941
Z63668,0807648007534,,ING-GV8606,Computer Racks & Mounts,1.1500,177.98,synced,2025-12-05 23:54:16.945
Z63753,0051135807064,,ING-Z63753,Mouse Pads,1.1500,22.66,synced,2025-12-05 23:54:16.431
Z64599,0886734900560,,ING-Z64599,Device-Specific Electronics Batteries,1.1500,95.98,synced,2025-12-05 23:54:18.425
Z64608,0886734900546,,ING-Z64608,Device-Specific Electronics Batteries,1.1500,82.98,synced,2025-12-05 23:54:17.926
Z64613,0886734900607,,ING-Z64613,Device-Specific Electronics Batteries,1.1500,92.98,synced,2025-12-05 23:54:20.44
Z64634,0886734900515,,ING-Z64634,Device-Specific Electronics Batteries,1.1500,97.20,synced,2025-12-05 23:54:18.932
Z64651,0886734900577,,ING-Z64651,Device-Specific Electronics Batteries,1.1500,99.93,synced,2025-12-05 23:54:05.395
Z64653,0886734900584,,ING-Z64653,Device-Specific Electronics Batteries,1.1362,126.98,synced,2025-12-05 23:54:19.931
Z64654,0886734900591,,ING-Z64654,Device-Specific Electronics Batteries,1.1500,92.98,synced,2025-12-05 23:54:04.895
Z64660,0886734900522,,ING-Z64660,Device-Specific Electronics Batteries,1.1431,112.98,synced,2025-12-05 23:54:19.454
Z69457,0051141986388,,ING-Z69457,Chalkboard Erasers,1.1502,6.79,synced,2025-12-05 23:53:55.918
Z69470,0076308905774,,460711,Whiteboards,1.1500,633.60,synced,2025-12-05 23:53:56.912
Z69472,0638060276594,,ING-Z69472,Whiteboards,1.1500,140.20,synced,2025-12-05 23:53:57.414
Z69487,0021200596964,,ING-Z69487,Laminators,1.1500,245.00,synced,2025-12-05 23:37:01.328
Z69549,0195892122333,,ING-Z69549,Headsets,1.1500,53.56,synced,2025-12-05 23:53:56.414
Z75113,0037332289162,,ING-Z75113,Air Conditioners,1.0897,1249.31,synced,2025-12-05 23:53:57.937
ZA1970,0065030859059,,31319,Computer Cables,1.1500,24.98,synced,2025-12-05 23:53:54.419
ZA1972,0065030860383,,ING-ZA1972,Computer Cables,1.1499,20.76,synced,2025-12-05 23:53:53.41
ZA2077,0065030860345,,29908,Computer Port Cards,1.1500,75.99,synced,2025-12-05 23:53:52.907
ZA2184,0064547913568,,ING-ZA2184,Device-Specific Electronics Batteries,1.1470,103.73,synced,2025-12-05 23:53:54.936
ZA2247,0065030859516,,31607,Electronics Stands,1.1257,157.49,synced,2025-12-05 23:53:53.911
ZA5009,0501203450000,,402473,Electronics Stands,1.1501,78.96,synced,2025-12-05 23:53:55.411
ZG2157,0065030860338,,29907,Computer Port Cards,1.1501,45.69,synced,2025-12-05 23:53:43.405
ZG6561,0731304309628,,284302,Power Distribution Units,1.1003,344.34,synced,2025-12-05 23:53:42.388
ZG6712,0731304228479,,ING-G08582,Device-Specific Electronics Batteries,1.0953,272.90,synced,2025-12-05 23:53:11.388
ZG7334,0037332183231,,67241,Power Distribution Units,1.1420,149.30,synced,2025-12-05 23:53:14.394
ZG7335,0037332182883,,ING-ZG7335,Power Distribution Units,1.1320,134.99,synced,2025-12-05 23:52:59.854
ZG7336,0037332179333,,ING-ZG7336,Computer Racks & Mounts,1.1499,92.36,synced,2025-12-05 23:53:00.855
ZG7337,0037332182869,,115797,Power Distribution Units,1.1430,170.99,synced,2025-12-05 23:52:59.353
ZG7471,0808447012866,,156239,Computer Cables,1.1499,41.59,synced,2025-12-05 23:53:14.889
ZG7472,0808447065312,,77908,Computer Cables,1.1499,16.48,synced,2025-12-05 23:53:41.909
ZG7473,0808447072037,,57467,Computer Cables,1.1499,25.62,synced,2025-12-05 23:53:15.391
ZG7475,0808447062533,,30258,Audio/Video Cables,1.1502,39.30,synced,2025-12-05 23:53:11.878
ZG7477,0808447064520,,65728,Network Cables,1.1501,12.90,synced,2025-12-05 23:53:12.892
ZG7479,0808447073928,,73748,Network Cables,1.1501,11.28,synced,2025-12-05 23:52:58.866
ZG7483,0808447024838,,68393,Network Cables,1.1501,13.17,synced,2025-12-05 23:53:12.388
ZG7484,0808447024913,,73806,Network Cables,1.1500,22.17,synced,2025-12-05 23:53:10.903
ZG7486,0808447025163,,57578,Network Cables,1.1499,15.75,synced,2025-12-05 23:53:13.381
ZG7487,0808447074178,,63449,Network Cables,1.1501,6.24,synced,2025-12-05 23:53:13.89
ZG7490,0808447025378,,67859,Network Cables,1.1499,15.03,synced,2025-12-05 23:53:01.357
ZG7491,0808447025446,,73912,Network Cables,1.1499,28.96,synced,2025-12-05 23:53:17.891
ZG7493,0808447053609,,66336,Network Cables,1.1499,18.28,synced,2025-12-05 23:53:16.386
ZG7494,0808447053616,,ING-ZG7494,Network Cables,1.1499,29.00,synced,2025-12-05 23:50:44.282
ZG7495,0808447053623,,128368,Network Cables,1.1499,22.86,synced,2025-12-05 23:53:43.916
ZG7499,0808447053661,,73793,Network Cables,1.1502,31.69,synced,2025-12-05 23:53:18.894
ZG7505,0808447045819,,70305,Network Cables,1.1501,39.84,synced,2025-12-05 23:53:19.395
ZG7512,0808447075304,,50757,Audio/Video Cables,1.1500,49.37,synced,2025-12-05 23:53:42.923
ZG7513,0808447075311,,52237,Audio/Video Cables,1.1501,45.32,synced,2025-12-05 23:53:15.899
ZG7515,0808447071283,,58677,Audio/Video Cables,1.1500,39.67,synced,2025-12-05 23:53:02.857
ZG7520,0808447071849,,ING-ZG7520,Cable Connectors,1.1501,38.43,synced,2025-12-05 23:53:01.854
ZG7532,0808447064957,,74790,Audio/Video Cables,1.1502,44.06,synced,2025-12-05 23:53:19.894
ZG7536,0808447064995,,115427,Audio/Video Cables,1.1501,97.54,synced,2025-12-05 23:53:16.88
ZG7537,0808447063516,,30182,Computer Cables,1.1500,38.20,synced,2025-12-05 23:53:02.356
ZG7539,0808447071856,,58732,Audio/Video Cables,1.1500,46.10,synced,2025-12-05 23:53:17.381
ZG7540,0808447071863,,48591,Computer Cables,1.1501,38.24,synced,2025-12-06 00:08:16.94
ZG7542,0808447071177,,34325,Audio/Video Cables,1.1498,38.38,synced,2025-12-05 23:53:00.356
ZG7547,0808447071603,,67346,Analog-to-Digital Converters,1.1500,110.68,synced,2025-12-05 23:53:44.417
ZG7568,0808447067262,,36937,Device-Specific Electronics Chargers,1.1499,27.19,synced,2025-12-05 23:53:18.378
ZG8017,0037332185839,,ING-ZG8017,Computer Cables,1.1501,28.70,synced,2025-12-06 00:08:21.449
ZH0385,0882658790836,,156249,Computer Racks & Mounts,1.1500,92.89,synced,2025-12-06 00:08:18.983
ZH1109,0698833049770,,ING-ZH1109,Power Cables,1.1293,130.38,synced,2025-12-05 23:53:44.932
ZH1110,0698833049831,,ING-ZH1110,Telephone Cables,1.1290,136.44,synced,2025-12-05 23:53:20.402
ZH1703,0747464130477,,31876,Hard Drives,1.1405,115.69,synced,2025-12-05 23:53:03.857
ZH2807,0883436656092,,280728,Network Cables,1.1499,34.99,synced,2025-12-05 23:53:21.395
ZH3202,0010343916944,,ING-ZH3202,Printer Maintenance Kits,1.1501,14.99,synced,2025-12-05 23:53:03.356
ZH4425,0760557828112,,ING-ZH4425,Hard Drives,1.1486,97.59,synced,2025-12-05 23:53:22.377
ZH4447,0822088018285,,713971,Computer Cables,1.1500,29.20,synced,2025-12-05 23:53:20.893
ZH4890,0822088049081,,261927,Cable Connectors,1.1499,26.06,synced,2025-12-05 23:53:45.422
ZH4891,0822088037958,,711531,Network Cables,1.1501,32.73,synced,2025-12-05 23:53:04.358
ZH5273,0822088051404,,761594,Cable Connectors,1.1498,16.97,synced,2025-12-05 23:53:05.358
ZH5277,0822088063865,,40040,Network Cables,1.1500,111.69,synced,2025-12-06 00:08:21.943
ZH5345,0873791011087,,34096,Computer Cables,1.1496,11.43,synced,2025-12-06 00:08:19.443
ZH6621,0760557827979,,167003,Flash Drives,1.1499,12.59,synced,2025-12-05 23:53:05.873
ZH6738,0822088074540,,706033,Network Cables,1.1498,32.12,synced,2025-12-05 23:53:47.409
ZK6222,0822088107323,,526522,Network Switch Modules,1.1500,59.71,synced,2025-12-05 23:53:22.91
ZL4787,0710931160277,,ING-ZL4787,Network Switches,1.1001,268.79,synced,2025-12-05 23:53:21.894
ZL8268,0037332188526,,139799,Computer Cables,1.1359,141.20,synced,2025-12-06 00:08:20.442
ZL8273,0092636312930,,36346,Computer Cables,1.1501,23.00,synced,2025-12-05 23:37:00.332
ZL8416,0037332186591,,ING-ZL8416,TV & Monitor Mounts,1.1070,229.59,synced,2025-12-05 23:53:28.395
ZL8417,0037332186683,,ING-ZL8417,TV & Monitor Mounts,1.1230,178.83,synced,2025-12-05 23:53:06.873
ZL8418,0037332185976,,34990,Computer Cables,1.1499,30.79,synced,2025-12-05 23:53:08.381
ZL8420,0037332183255,,68004,Power Distribution Units,1.1187,212.75,synced,2025-12-05 23:53:30.372
ZL8421,0037332182852,,56326,Power Distribution Units,1.1338,177.60,synced,2025-12-05 23:53:46.411
ZL8423,0037332182845,,72033,Power Distribution Units,1.1228,223.87,synced,2025-12-05 23:53:07.871
ZL8424,0037332186119,,ING-ZL8424,Surge Suppressors,1.1500,48.46,synced,2025-12-05 23:53:48.902
ZL8430,0037332186904,,31917,Cable Connectors,1.1499,5.56,synced,2025-12-06 00:08:20.941
ZL8745,0758479002802,,ING-ZL8745,Network Security Devices,1.1499,40.63,synced,2025-12-06 00:08:17.941
ZL8822,0758479005254,,ING-ZL8822,Computer Rack Hardware & Accessories,1.1243,173.88,synced,2025-12-05 23:53:25.919
ZL9001,0808447073539,,68470,Computer Cables,1.1499,31.86,synced,2025-12-05 23:53:26.889
ZL9003,0808447073553,,34931,Computer Cables,1.1500,29.40,synced,2025-12-06 00:08:17.44
ZL9004,0808447055498,,31856,Network Adapters,1.1499,32.72,synced,2025-12-05 23:53:06.368
ZL9512,0037332187437,,ING-ZL9512,TV & Monitor Mounts,1.1185,179.76,synced,2025-12-05 23:53:07.376
ZL9513,0037332188205,,56519,Electric Power Testers,1.1499,91.01,synced,2025-12-05 23:53:26.407
ZL9514,0037332187819,,38557,Wire & Cable Organizers,1.1504,10.81,synced,2025-12-05 23:53:27.39
ZL9517,0037332186614,,54088,Surge Suppressors,1.1501,50.17,synced,2025-12-06 00:08:19.936
ZL9518,0037332186638,,ING-ZL9518,Surge Suppressors,1.1500,108.44,synced,2025-12-05 23:53:24.89
ZL9522,0037332186416,,ING-ZL9522,Surge Suppressors,1.1499,55.99,synced,2025-12-05 23:53:47.894
ZL9523,0037332186423,,49469,Surge Suppressors,1.1500,128.74,synced,2025-12-05 23:53:29.374
ZM1001,0065030860796,,ING-ZM1001,Computer Port Cards,1.1499,54.99,synced,2025-12-05 23:53:25.401
ZM1002,0065030860802,,ING-ZM1002,Hard Drives,1.1500,56.95,synced,2025-12-05 23:53:24.403
ZM1004,0065030860673,,ING-ZM1004,Device-Specific Electronics Chargers,1.1501,36.64,synced,2025-12-05 23:53:27.893
ZM1911,0065030860550,,31724,Power Cables,1.1499,30.01,synced,2025-12-05 23:53:23.891
ZM1999,0672792006166,,ING-ZM1999,Audio & Video Receivers,1.0800,119.36,synced,2025-12-05 23:53:28.877
ZM2000,0672792006173,,ING-ZM2000,Audio & Video Receivers,1.0800,120.73,synced,2025-12-05 23:53:04.857
ZM2198,0065030861199,,ING-ZM2198,Computer Cables,1.1500,27.52,synced,2025-12-05 23:53:46.902
ZM2200,0065030861151,,ING-ZM2200,Computer Cables,1.1500,28.04,synced,2025-12-05 23:53:23.382
ZM2203,0065030861175,,34142,Computer Cables,1.1500,30.74,synced,2025-12-06 00:08:18.445
ZM6230,0097855114976,,156241,Headsets,1.1501,14.99,synced,2025-12-05 23:53:48.413
ZM6262,0019428039639,,ING-ZM6262,Electronics Carrying Cases,1.1094,168.41,synced,2025-12-05 23:53:45.909
ZM7430,0097855115300,,ING-ZM7430,Computer Keyboards,1.1500,24.99,synced,2025-12-05 23:53:29.873
ZM7865,0783750006576,,ING-ZM7865,Cash Register Drawers & Trays,1.1500,42.88,synced,2025-12-05 23:53:31.416
ZM7866,0783750006583,,58599,Cash Register Drawers & Trays,1.1499,46.75,synced,2025-12-05 23:53:30.896
ZM9553,0021299184516,,ING-ZM9553,Headphones,1.1501,15.49,synced,2025-12-05 23:53:49.425
ZN0965,0636430076270,,ING-ZN0965,Computer Monitors,1.0600,1366.03,synced,2025-12-05 23:53:49.929
ZN2800,0881317512482,,ING-ZN2800,Memory Card Readers,1.1501,19.99,synced,2025-12-05 23:53:09.389
ZN3129,0757120390107,,354259,Computer Cables,1.1500,54.85,synced,2025-12-05 23:53:33.378
ZN3655,0012502641544,,ING-ZN3655,Labels,1.1500,24.90,synced,2025-12-05 23:53:09.88
ZN3846,0757120520313,,355235,Computer Cables,1.1497,19.90,synced,2025-12-05 23:53:32.383
ZN9713,0722868889480,,34760,Audio/Video Cables,1.1502,9.99,synced,2025-12-05 23:53:08.891
ZP1952,0881317512550,,313946,Network Switches,1.1500,66.31,synced,2025-12-05 23:53:31.875
ZP1953,0881317512567,,271023,Network Switches,1.1500,89.99,synced,2025-12-05 23:53:32.872
ZP3497,0889233034798,,ING-ZP3497,Hardware Brackets,1.1500,27.72,synced,2025-12-05 23:53:38.394
ZP3823,0822088071037,,706032,Network Switch Modules,1.0872,1076.18,synced,2025-12-05 23:53:39.424
ZQ0763,0065030860321,,ING-ZQ0763,Computer Port Cards,1.1500,39.99,synced,2025-12-06 00:08:22.439
ZQ0784,0037332187741,,38554,Network Cables,1.1497,14.47,synced,2025-12-05 23:53:33.907
ZQ0790,0037332187673,,ING-ZQ0790,Network Cables,1.1501,16.40,synced,2025-12-05 23:53:35.9
ZQ0791,0037332187697,,ING-ZQ0791,Network Cables,1.1499,26.39,synced,2025-12-05 23:53:38.9
ZQ0794,0037332187727,,35003,Network Cables,1.1501,22.92,synced,2025-12-05 23:53:36.888
ZQ0946,0065030799928,,39412,Network Cables,1.1502,15.59,synced,2025-12-05 23:53:35.408
ZQ1503,0655216007673,,ING-ZQ1503,Cordless Phones,1.0800,1288.87,synced,2025-12-05 23:53:50.928
ZQ1504,0655216007680,,ING-ZQ1504,Cordless Phones,1.0800,482.99,synced,2025-12-05 23:53:51.924
ZQ1505,0655216007697,,ING-ZQ1505,Cordless Phones,1.0800,1081.66,synced,2025-12-05 23:53:34.399
ZQ2146,0706487015888,,ING-ZQ2146,Headsets,1.1242,140.24,synced,2025-12-05 23:53:34.927
ZQ4309,0097855107879,,33851,Computer Keyboard & Mouse Sets,1.1499,27.99,synced,2025-12-05 23:53:51.425
ZQ7834,0822088070054,,714092,Cable Connectors,1.1500,37.15,synced,2025-12-05 23:53:37.903
ZQ7835,0822088069553,,285501,Network Cables,1.1501,37.15,synced,2025-12-05 23:53:50.427
ZQ7836,0822088070641,,718328,Network Cables,1.1499,40.75,synced,2025-12-05 23:53:36.398
ZQ7838,0822088071556,,718991,Network Cables,1.1500,28.97,synced,2025-12-05 23:53:37.39
ZS1873,0097855203632,,ING-ZS1873,Computer Mice,1.1159,161.99,synced,2025-12-05 23:53:10.401
ZS1912,0633886017864,,ING-ZS1912,"Tablet Holders, Carriers & Cases",1.1500,58.21,synced,2025-12-05 23:53:40.409
ZS1953,0065030911245,,ING-ZS1953,Laptop Docking Stations,1.1039,267.21,synced,2025-12-05 23:53:41.415
ZS2383,0719192636200,,ING-7QM766,Computer Monitors,1.0600,179.99,synced,2025-12-05 23:53:40.927
ZS2418,0195174081440,,ING-JU9463,Streaming Media Players,1.0800,332.95,synced,2025-12-05 23:53:39.912
ZS2470,0195174092156,,ING-NR5013,Computer Monitors,1.0600,1667.06,synced,2025-12-05 23:53:52.42
ZS2471,0195174016640,,ING-01GY36,Computer Monitors,1.0600,2110.00,synced,2025-12-05 23:37:00.829
ZS6698,0745883912162,,ING-ZS6698,Electronics Film Protectors,1.1500,34.99,synced,2025-12-05 23:52:30.832
ZY0334,0698833051582,,ING-ZY0334,TV & Monitor Mounts,1.1095,239.91,synced,2025-12-05 23:52:19.366
ZY0372,0882658784361,,ING-ZY0372,Other Electronic Components & Accessories,1.1500,80.89,synced,2025-12-05 23:52:32.852
ZY0377,0074983170104,,90425,Network Cables,1.1499,31.78,synced,2025-12-05 23:52:18.351
ZY1011,0837324003710,,64791,Power Adapters,1.1247,182.89,synced,2025-12-05 23:52:33.356
ZY1012,0837324003604,,ING-ZY1012,Network Switches,1.1090,283.80,synced,2025-12-05 23:52:31.831
ZY1268,0843591066389,,36584,Flash Drives,1.1500,95.33,synced,2025-12-05 23:52:18.861
ZY1273,0843591066396,,36587,Flash Drives,1.1499,46.78,synced,2025-12-05 23:52:21.865
ZY1276,0698833050417,,ING-ZY1276,Storage Chests & Boxes,1.1501,73.06,synced,2025-12-05 23:52:31.333
ZY1277,0698833048889,,ING-ZY1277,Desks,1.1500,622.70,synced,2025-12-05 23:52:32.354
ZY1291,0882658704871,,195273,Network Switches,1.0949,249.49,synced,2025-12-05 23:52:41.368
ZY1676,0026649075117,,ING-ZY1676,Printer Drums,1.1500,124.16,synced,2025-12-05 23:52:22.85
ZY1971,0882658770623,,262902,Network Switches,1.0854,999.00,synced,2025-12-05 23:36:59.325
ZY2885,0819921011749,,ING-ZY2885,USB Hubs,1.1501,19.99,synced,2025-12-05 23:52:37.853
ZY4309,0043859681464,,ING-ZY4309,Laminating Pouches,1.1501,55.84,synced,2025-12-05 23:52:35.358
ZZ0205,0037332187833,,ING-ZZ0205,Network Cables,1.1501,41.88,synced,2025-12-05 23:52:38.861
ZZ0207,0037332187857,,36352,Cable Connectors,1.1500,82.39,synced,2025-12-05 23:52:44.374
ZZ0211,0037332187260,,78033,Fiber Optic Connectors,1.1217,224.57,synced,2025-12-05 23:52:36.857
ZZ0214,0037332187222,,74276,Other Electronic Components & Accessories,1.1320,134.56,synced,2025-12-05 23:52:42.355
ZZ0518,0037332188267,,ING-ZZ0518,Network Cables,1.1501,8.99,synced,2025-12-05 23:52:20.876
ZZ0519,0037332187550,,45707,Analog-to-Digital Converters,1.1499,17.49,synced,2025-12-05 23:52:57.879
ZZ0520,0037332187567,,48039,Cable Connectors,1.1500,33.68,synced,2025-12-05 23:52:35.867
ZZ0521,0037332187451,,45708,Surge Suppressors,1.1500,88.99,synced,2025-12-05 23:52:33.862
ZZ0522,0037332188564,,ING-ZZ0522,Computer Cables,1.1502,9.94,synced,2025-12-05 23:52:39.872
ZZ0524,0037332188588,,ING-ZZ0524,Computer Cables,1.1499,17.94,synced,2025-12-05 23:52:37.361
ZZ0526,0037332188601,,44917,Computer Cables,1.1503,11.36,synced,2025-12-05 23:52:22.354
ZZ0528,0037332188328,,44927,Network Adapters,1.1499,28.48,synced,2025-12-06 00:08:11.937
ZZ0889,0037332183194,,74764,Power Distribution Units,1.1034,298.98,synced,2025-12-05 23:52:40.37
ZZ1163,0805736057492,,348724,Projector Replacement Lamps,1.1103,219.50,synced,2025-12-05 23:52:34.39
ZZ1335,0706487016144,,ING-ZZ1335,Headsets,1.1208,83.83,synced,2025-12-05 23:52:20.38
ZZ1769,0873791010929,,413888,Device-Specific Electronics Chargers,1.1500,15.56,synced,2025-12-06 00:08:12.933
ZZ1770,0873791010936,,76176,Device-Specific Electronics Chargers,1.1501,24.72,synced,2025-12-05 23:52:19.873
ZZ1771,0873791010943,,ING-ZZ1771,Network Cables,1.1050,261.50,synced,2025-12-05 23:52:58.375
ZZ1774,0873791011209,,48448,Audio/Video Cables,1.1503,17.41,synced,2025-12-06 00:08:13.442
ZZ1776,0873791011315,,ING-ZZ1776,Device-Specific Electronics Chargers,1.1500,20.08,synced,2025-12-05 23:52:39.376
ZZ1778,0873791011339,,ING-ZZ1778,Device-Specific Electronics Chargers,1.1502,14.23,synced,2025-12-06 00:07:24.661
ZZ1803,0885022008698,,141518,Computer Rack Hardware & Accessories,1.1398,104.13,synced,2025-12-05 23:52:36.373
ZZ1813,0037332187918,,ING-ZZ1813,Power Inverters,1.1199,68.41,synced,2025-12-05 23:52:11.844
ZZ1814,0037332187895,,ING-ZZ1814,Power Inverters,1.1200,69.99,synced,2025-12-05 23:52:21.378
ZZ1818,0037332189776,,48732,Computer Cables,1.1499,44.88,synced,2025-12-05 23:52:42.852
ZZ1819,0037332189769,,48730,Computer Cables,1.1500,44.29,synced,2025-12-06 00:08:13.941
ZZ1824,0037332189288,,ING-ZZ1824,Computer Cables,1.1502,20.15,synced,2025-12-05 23:52:23.349
ZZ6264,0783384236479,,ING-ZZ6264,Computer Servers,1.0600,6054.77,synced,2025-12-05 23:52:40.869
ZZ6265,0783384236530,,ING-ZZ6265,Network Switch Modules,1.0855,1537.38,synced,2025-12-05 23:52:41.879
ZZ8639,0037332187277,,71011,Computer Racks & Mounts,1.1097,269.26,synced,2025-12-05 23:52:43.386
ZZ8874,0646422301099,,ING-ZZ8874,Headsets,1.1502,19.23,synced,2025-12-05 23:52:34.867
ZZ8875,0646422301082,,ING-ZZ8875,Headphones,1.1500,14.99,synced,2025-12-05 23:52:38.349
