sku,mfgn,qty,qtynj,qtyfl,price,map,mrp
10020,2228,34,10,24,4.88,,
10021,6001,3,3,0,77.81,,
10024,6003,3,2,1,77.81,,
10025,1928.3,2,0,2,143.44,,
10026,6002,4,2,2,42.8,,
10027,1927.3,4,2,2,325.16,,
10030,9283.3,5,2,3,372.73,,
10341,X-10-M,3,1,2,38.46,,
10342,SS-1002,15,8,7,256.12,,
10345,SS-2000,3,1,2,441.77,,
10348,FN-201,3,0,3,372.82,,
10349,BN-202,0,0,0,430.96,,
10350,SP-5-B,0,0,0,909.95,,
10351,F-50,22,9,13,76.33,,
10352,SS-5000,2,0,2,801.42,,
10353,F-50W,6,2,4,76.33,,
10354,B-51,17,4,13,75.06,,
10355,S-53,5,3,2,75.06,,
10357,V-57W.2,13,3,10,78.24,,
10360,HF-742,10,5,5,226.19,,
10361,HF-743,22,10,12,226.19,,
10366,B-80,5,3,2,139.99,,
10367,B-81,4,2,2,161.89,,
10368,F-82,13,7,6,154.91,,
10369,F-83,46,20,26,154.91,,
10373,RU-90,1,1,0,138.67,,
10374,DNB-200,0,0,0,540.16,,
10377,DNP-200,0,0,0,540.16,,
10378,YB-500,0,0,0,1215.89,,
10391,220SW,7,4,3,33.33,,
10394,MMB-84,12,7,5,12.0,,
10442,SP-80-3,0,0,0,2484.3,,
10446,SRA-1,1,1,0,525.0,,
10472,SP-70-3,1,0,1,2484.3,,
10532,X-11Y,4,1,3,47.02,,
10533,FNW-201,3,2,1,372.82,,
10534,HF-742W,3,1,2,226.19,,
10535,HF-743W,15,6,9,226.19,,
10536,F-82W,10,4,6,154.91,,
10537,F-83W,2,2,0,154.91,,
10539,RA-91,2,1,1,75.06,,
10540,RA-93,9,5,4,75.06,,
10541,BN-C,21,9,12,28.5,,
10545,LL-C,0,0,0,34.29,,
10548,N-203-C,11,4,7,26.4,,
10549,NC-20,1,0,1,34.29,,
10550,GM-5-C,4,2,2,54.96,,
10552,010-10117-02,0,0,0,11.69,,
10563,010-10085-00,14,1,13,12.81,,
10578,010-10083-00,0,0,0,16.31,,
10595,390,0,0,0,499.99,,
10596,393,2,0,2,332.04,,
10597,396-1,8,8,0,131.95,,
10599,399-1M,4,4,0,247.14,,
10601,4018,0,0,0,535.28,,
10602,4018-M,2,2,0,494.31,,
10609,4351,5,5,0,69.59,,
10612,476,0,0,0,1074.99,,
10618,5018,17,6,11,522.01,,
10627,5206-N,51,28,23,60.23,,
10631,5215,5,2,3,57.53,,
10632,5215-C-X,12,9,3,120.48,,
10636,5225-XT,84,50,34,164.15,,
10637,5226-XT,9,4,5,164.15,,
10640,5230,10,3,7,425.0,,
10648,5911,1,1,0,55.82,,
10658,408-R,4,1,3,16.26,,
10660,410-R,2,2,0,69.58,,
10661,4186-BP,24,6,18,10.29,,
10662,4186-U,3,3,0,10.29,,
10663,4187,39,32,7,41.24,,
10668,4352,4,0,4,34.07,,
10673,4365,13,9,4,19.8,,
10679,5228,4,4,0,191.57,,
10680,5228-4,9,4,5,129.0,,
10682,81-S,2,0,2,55.61,,
10840,2100,7,3,4,46.75,,
10841,2101,4,3,1,40.28,,
10842,2300A,12,9,3,108.17,,
10844,2303A,7,1,6,147.13,,
10850,84-2056-01,16,7,9,127.33,,
11123,740011-1,0,0,0,24.14,,
11188,SPC-15RP,15,8,7,22.86,,
11196,SPC-40RP,13,5,8,30.0,,
11197,SPC-5P,20,10,10,13.73,,
11221,MA4054W,0,0,0,48.69,,
11222,MA4055W,2,2,0,52.44,,
11223,MA4055B,0,0,0,47.44,,
11224,MA4056W,15,10,5,56.41,,
11225,MA4056B,0,0,0,56.41,,
11234,MA905W,3,3,0,124.65,,
11235,MB21W,39,24,15,17.59,,
11236,MB21B,7,0,7,17.59,,
11237,MB41W,12,12,0,24.65,,
11238,MB41B,45,24,21,24.65,,
11241,WC-3,22,6,16,19.94,,
11793,525TID-TMD,0,0,0,688.89,,
11794,235DT-PSE,0,0,0,500.0,,
11799,001-410-540,0,0,0,295.45,,
11800,PG500R,0,0,0,805.95,,
11804,520-IHD,1,1,0,181.82,,
11805,AIR-033-270,0,0,0,72.73,,
11806,AIR-033-352,0,0,0,68.18,,
11814,AIR-033-391,0,0,0,227.27,,
11817,525T-BSD,1,1,0,204.44,,
12150,SS-1002W,1,1,0,256.12,,
12151,SS-2000W,10,4,6,441.77,,
12152,SS-5000W,0,0,0,801.42,,
12167,5241-R,9,1,8,84.7,,
12285,MA7060,14,14,0,47.95,,
12542,MA4054B,0,0,0,48.69,,
12743,M81120,3,3,0,790.75,,
12744,M81121,1,0,1,974.17,,
12745,M81105,7,7,0,245.82,,
13034,010-10121-00,0,0,0,17.5,,
13045,X-10-A,1,0,1,38.46,,
13048,5228-1,5,5,0,58.62,,
13049,5228-2,3,3,0,62.65,,
13109,000-159-702,0,0,0,40.91,,
13110,AIR-033-428,0,0,0,45.45,,
13112,525ST-PWC,0,0,0,173.33,,
13113,526ST-MSC,0,0,0,355.56,,
13153,008-526-360,0,0,0,72.73,,
13169,M78713-PZ,2,0,2,149.99,179.99,
13172,P19007,10,0,10,48.73,,
13173,P19001,0,0,0,48.73,,
13174,P19006,6,2,4,48.73,,
13176,5309-R,0,0,0,685.79,,
13253,AIR-033-226,0,0,0,68.18,,
13254,AIR-033-476,0,0,0,68.18,,
13255,AIR-033-073,0,0,0,68.18,,
13256,525STID-MSD,0,0,0,400.0,,
13267,5101,77,51,26,67.76,,
13292,525STID-PWD,1,0,1,173.33,,
13293,520-5PSD,1,1,0,168.89,,
13294,ST-02MSB,0,0,0,190.91,,
13295,ST-02PSB,0,0,0,118.18,,
13298,CA50/200-12M,0,0,0,871.11,,
13300,525T-BSC,0,0,0,204.44,,
13306,FAX30,0,0,0,1064.78,,
13350,520-BLD,0,0,0,186.67,,
13362,000-041-405,0,0,0,76.36,,
13366,525T-PWD,3,1,2,106.67,,
13374,806-1800,2,1,1,1459.74,,
13390,CA28F-8,0,0,0,986.67,,
13478,526ST-MSC7,0,0,0,440.0,,
13479,YB-600,0,0,0,1453.22,,
13481,ST-01PTB,0,0,0,81.82,,
13483,AIR-033-203,1,0,1,77.27,,
13498,E26019-PZ,0,0,0,270.82,324.99,
13500,A12005,10,8,2,472.49,,
13501,A12004,6,5,1,414.46,,
13544,CA50/200-1T,0,0,0,871.11,,
13560,000-158-002,0,0,0,31.82,,
13561,CA50B-9B,0,0,0,400.0,,
13593,010-10272-00,2,2,0,57.91,,
13598,AIR-033-204,0,0,0,63.64,,
13628,9004E,7,3,4,46.42,,
13629,2001,7,7,0,9.97,,
13630,GPA017,4,2,2,113.64,,
13643,000-159-695,0,0,0,90.0,,
13646,9282.3,2,2,0,155.33,,
13648,300/50/200T,1,1,0,159.99,,
13666,520-PLD,3,0,3,88.89,,
13667,000-135-397,2,2,0,45.45,,
13724,4187HD,46,17,29,47.59,,
13725,4353,0,0,0,28.84,,
13726,5120,8,3,5,85.28,,
13748,808-1800,3,2,1,54.38,,
13759,4357-S,6,4,2,67.36,,
13767,AIR-033-407,0,0,0,81.82,,
13770,AIR-033-333,2,0,2,50.0,,
13775,000-154-036,0,0,0,90.91,,
13776,FAX5,0,0,0,572.73,,
13792,SP-5-C,0,0,0,909.95,,
13827,525-5PWD,0,0,0,106.67,,
13828,000-154-053,0,0,0,111.36,,
13834,CA50B-6B,1,1,0,248.89,,
13846,CA200B-5S,0,0,0,266.67,,
13852,AIR-033-351,0,0,0,31.82,,
13856,P102938,0,0,0,44.47,,
13861,CA50B-6G,0,0,0,391.11,,
13876,4125,8,3,5,12.59,,
13877,7234,2,2,0,30.89,,
13878,7208,2,2,0,13.38,,
13879,9353,7,5,2,28.96,,
13880,8013,4,1,3,29.85,,
13881,1002,13,3,10,13.8,,
13882,8031,0,0,0,7.05,,
13902,E66008,1,1,0,169.6,199.0,
13934,8067,10,6,4,29.53,,
13935,8030,27,14,13,7.05,,
13936,8039,7,2,5,29.53,,
13937,8065,1,0,1,15.33,,
13938,2304,59,12,47,9.65,,
13940,2305,62,53,9,10.71,,
13941,2701,0,0,0,12.7,,
13942,2709,18,5,13,10.03,,
13943,2710,9,2,7,11.48,,
13944,2301,14,0,14,12.87,,
13945,2303,15,6,9,16.75,,
13947,2302,52,13,39,20.01,,
13948,2105,20,15,5,42.05,,
13950,2003,28,13,15,9.97,,
13951,2002,21,2,19,9.97,,
13952,2103,7,5,2,18.92,,
13953,2104,55,0,55,82.66,,
13954,2708,4,0,4,17.66,,
13955,2506,43,27,16,6.24,,
13956,2508,0,0,0,7.29,,
13957,2510,0,0,0,8.27,,
13958,2512,5,5,0,9.49,,
13959,9217,25,22,3,2.99,,
13960,1001,24,8,16,13.32,,
13961,1003,23,11,12,15.25,,
13967,5018,3,2,1,26.54,,
13969,5005,67,17,50,19.43,,
13971,8068,5,3,2,482.22,,
13972,8082,4,1,3,379.47,,
13974,8080,0,0,0,178.2,,
13975,8079,16,8,8,86.92,,
13976,8051,0,0,0,205.96,,
13979,8061,0,0,0,173.68,,
13980,8081,0,0,0,306.27,,
13981,8015,1,0,1,87.57,,
13984,B-51W,0,0,0,75.06,,
13993,FN-203,5,2,3,390.35,,
13994,FNW-203,1,1,0,390.35,,
14021,520-5MSD,1,0,1,293.33,,
14037,5400-XT,10,6,4,146.54,,
14038,5401-XT,11,5,6,146.55,,
14042,5420-XT,6,4,2,116.11,,
14043,5421-XT,2,0,2,116.11,,
14065,010-10314-00,0,0,0,7.42,,
14066,010-10267-00,0,0,0,7.9,,
14067,D284,2,0,2,42.6,,
14068,D285,0,0,0,51.13,,
14069,D286,0,0,0,51.13,,
14070,D287,0,0,0,59.65,,
14071,D288,0,0,0,89.48,,
14073,D244,0,0,0,38.34,,
14085,M78717,0,0,0,183.32,,
14086,M78716,0,0,0,195.82,,
14100,528-VW,6,0,6,195.42,,
14106,531-AW,3,3,0,216.41,,
14125,2702,31,1,30,16.47,,
14165,7202,8,3,5,12.77,,
14166,7206,0,0,0,13.38,,
14177,5133,17,0,17,21.27,,
14235,SK135,0,0,0,181.81,,
14258,82-0123-01,14,10,4,126.07,,
14259,2404,1,0,1,3.35,,
14260,2406,25,9,16,4.59,,
14365,307/50/200T 8P,1,1,0,154.99,,
14489,ARP11,0,0,0,590.91,,
14491,000-154-049,0,0,0,127.27,,
14494,000-154-052,0,0,0,281.82,,
14495,235DST-PWE,0,0,0,481.82,,
14497,010-10231-01,8,4,4,17.6,,
14521,000-144-463,0,0,0,59.09,,
14525,4700,6,2,4,21.09,,
14526,4700-1,3,0,3,32.28,,
14527,4700-2,6,3,3,44.09,,
14533,4190,6,3,3,38.06,,
14538,4710,24,12,12,14.55,,
14541,4720,12,4,8,17.93,,
14561,2011,36,13,23,6.65,,
14562,2101,8,6,2,18.92,,
14563,2102,8,3,5,18.92,,
14566,4100,60,36,24,2.65,,
14567,4126,4,0,4,13.57,,
14569,5015,6,0,6,31.25,,
14572,8086,2,0,2,1344.14,,
14573,8084,2,0,2,763.27,,
14574,8076,0,0,0,481.43,,
14575,8074,4,2,2,398.56,,
14576,8097,0,0,0,216.35,,
14577,8096,5,2,3,225.73,,
14578,8261,5,3,2,159.19,,
14579,8262,2,0,2,94.91,,
14580,9001E,18,12,6,35.23,,
14581,8184,0,0,0,763.38,,
14582,2402,11,8,3,2.73,,
14583,2408,6,0,6,5.32,,
14584,2410,0,0,0,7.2,,
14585,2502,4,4,0,3.61,,
14586,2504,72,43,29,4.49,,
14587,2602,13,7,6,6.18,,
14588,2604,3,0,3,8.81,,
14589,2608,3,0,3,16.67,,
14590,2610,16,7,9,19.2,,
14592,9216,17,9,8,2.99,,
14594,9218,39,17,22,2.99,,
14597,7218,0,0,0,13.38,,
14599,7226,15,6,9,13.38,,
14600,7230,17,7,10,13.38,,
14601,7233,11,8,3,30.89,,
14602,7235,6,5,1,30.89,,
14603,7260,0,0,0,30.89,,
14604,7238,2,0,2,30.89,,
14605,7240,1,0,1,30.89,,
14606,7242,0,0,0,30.89,,
14607,010-10300-00,0,0,0,24.49,,
14672,V-57.2,4,2,2,78.24,,
14673,K-TD.2,2,1,1,33.95,,
14768,8033,16,12,4,2.25,,
14769,8022,0,0,0,59.71,,
14771,8232,7,5,2,10.24,,
14847,8263,5,3,2,33.84,,
14882,AG226,0,0,0,349.08,,
14883,AG126,0,0,0,359.99,,
14884,TP125,1,1,0,145.44,,
14907,5235-XT,5,1,4,138.61,,
14908,4006,6,5,1,16.73,,
14909,414,9,4,5,8.09,,
14911,4188-SL,8,4,4,57.11,,
14934,SU-1,4,2,2,35.29,,
14941,ANCHORMAX,1,1,0,686.64,,
14960,CMP460,118,53,65,44.04,,
14968,22040A,6,3,3,464.22,,
15022,NET-DWN-CBL,0,0,0,54.55,,
15023,010-10305-01,0,0,0,12.59,,
15028,D031,0,0,0,76.69,,
15111,235DHT-MSE,0,0,0,627.27,,
15112,235DHT-LMSE,0,0,0,736.36,,
15125,000-159-686,0,0,0,45.45,,
15126,000-030-097,0,0,0,77.27,,
15198,FPHRC1002000C00,0,0,0,111.08,,
15204,FP900UB00000A00,0,0,0,21.79,,
15231,E66023,0,0,0,74.99,,
15232,M81131,0,0,0,2083.32,,
15243,TRAWLPLOT 12,0,0,0,1959.3,,
15266,E66054,0,0,0,169.6,199.0,
15273,4079,6,6,0,11.52,,
15274,4184,88,67,21,7.17,,
15278,4078-50,4,4,0,36.8,,
15307,PL-258-G,4,0,4,9.93,,
15309,PL-259-58-G,7,3,4,9.93,,
15310,PL-259-CP-G,47,28,19,11.16,,
15311,PL-259-G,21,10,11,9.93,,
15317,PL-258-CP-G,17,8,9,16.45,,
15368,710161-1,0,0,0,75.89,,
15371,E66014,0,0,0,241.66,289.99,
15374,PL-259-8X-G,16,4,12,9.93,,
15404,E22078,8,3,5,489.12,,
15499,700030-1,5,0,5,25.51,,
15502,E26030,0,0,0,99.99,,
15512,SRC-35,3,2,1,41.94,,
15513,SRC-50,3,3,0,56.9,,
15554,MR50W,16,7,9,24.71,,
15555,MR60W,20,6,14,30.56,,
15556,MR690,9,1,8,60.33,,
15599,802-1500,6,4,2,540.37,,
15665,6510USB,4,2,2,187.5,,
15685,010-10454-00,0,0,0,9.89,,
15701,2110A,7,3,4,28.6,,
15706,2111A,10,5,5,23.98,,
15841,E12093,2,1,1,615.48,,
15853,710166-1,1,1,0,291.48,,
15856,M81130,2,1,1,1795.82,,
15871,GP1060,0,0,0,349.08,,
15965,M81132,0,0,0,2149.99,,
16015,GP1061,0,0,0,363.62,,
16019,010-00351-00,2,0,2,202.49,,
16024,CT-100,7,4,3,19.06,,
16081,8197,0,0,0,216.35,,
16082,8072,3,2,1,15.52,,
16087,8066,31,4,27,2.25,,
16088,9003E,76,12,64,32.94,,
16105,S-53G,14,7,7,75.06,,
16136,PP5050,0,0,0,356.35,,
16137,PP5051,0,0,0,370.9,,
16152,240SW,14,5,9,39.13,,
16154,PP5061,0,0,0,399.99,,
16208,N108000,0,0,0,443.18,,
16209,N128000,0,0,0,446.02,,
16210,FP900DB00000A00,5,0,5,21.79,,
16211,DA645G,2,0,2,21.98,,
16213,N129000,0,0,0,451.7,,
16214,N189000,0,0,0,517.05,,
16215,N121100,0,0,0,491.48,,
16216,N141100,0,0,0,502.84,,
16218,N188000,3,0,3,447.99,,
16219,12700UNIV,1,1,0,289.77,,
16220,12641-12,0,0,0,78.75,,
16221,12701-12,4,2,2,68.99,,
16222,12612,8,4,4,15.75,,
16223,12728,307,139,168,4.5,,
16224,12727,0,0,0,105.0,,
16227,2900BWL,0,0,0,303.75,,
16228,2900WBL,0,0,0,303.75,,
16251,GP1040,1,1,0,319.99,,
16253,GP1050,0,0,0,312.72,,
16254,GP1051,0,0,0,327.26,,
16260,GP1170,0,0,0,370.9,,
16267,GP2050,1,1,0,312.72,,
16268,GP2051,0,0,0,327.26,,
16269,GP2060,0,0,0,349.08,,
16270,GP2061,0,0,0,363.62,,
16276,GP2170,0,0,0,370.9,,
16286,396-1-AIS,8,5,3,144.49,,
16386,9093,0,0,0,399.99,,
16387,8369,0,0,0,427.51,,
16435,010-10380-00,11,8,3,7.14,,
16507,5025,129,48,81,32.73,,
16508,5026,104,50,54,42.32,,
16509,2723,8,8,0,24.85,,
16523,809-0915,4,3,1,159.16,,
16532,E55060,0,0,0,34.08,,
16535,E55051,0,0,0,154.16,,
16536,E55052,0,0,0,238.63,,
16537,E55053,0,0,0,51.13,,
16577,E15023,0,0,0,585.15,,
16578,E15024,0,0,0,414.46,,
16600,P77746,4,2,2,899.76,1282.0,
16601,P77741,9,6,3,764.8,1154.0,
16602,P77736,7,5,2,721.3,1025.0,
16604,P77727,8,4,4,653.82,936.0,
16607,P77712,38,28,10,489.29,714.0,
16608,P77912,37,23,14,536.05,767.0,
16609,P77915,8,4,4,740.24,886.0,
16610,P77726,12,6,6,644.81,870.0,
16710,MR50B,21,12,9,24.71,,
16755,P77099,9,6,3,779.8,1230.0,
16790,010-10552-00,4,3,1,45.49,,
16791,010-10551-00,35,32,3,34.99,,
16850,129E,0,0,0,541.5,,
16851,189E,0,0,0,582.47,,
16852,249E,0,0,0,603.36,,
16853,309E,0,0,0,629.39,,
16854,369E,0,0,0,648.79,,
16855,429E,0,0,0,681.52,,
16856,549E,0,0,0,829.96,,
16857,1212E,0,0,0,583.21,,
16858,1812E,0,0,0,603.36,,
16859,2412E,0,0,0,623.43,,
16860,3012E,0,0,0,648.79,,
16861,3612E,0,0,0,681.52,,
16862,4212E,0,0,0,724.72,,
16863,4812E,0,0,0,865.49,,
16864,5412E,0,0,0,1007.97,,
16865,489E,0,0,0,724.72,,
16866,6012E,0,0,0,1097.85,,
16867,6612E,0,0,0,1155.6,,
16868,7212E,0,0,0,1247.79,,
16869,129,0,0,0,473.0,,
16870,189,0,0,0,513.97,,
16871,249,0,0,0,534.8,,
16872,309,0,0,0,560.89,,
16873,369,0,0,0,580.23,,
16875,429,0,0,0,613.02,,
16876,549,0,0,0,755.22,,
16877,1212,0,0,0,514.71,,
16878,1812,0,0,0,534.8,,
16879,2412,0,0,0,554.89,,
16880,3012,0,0,0,580.23,,
16881,3612,0,0,0,613.02,,
16882,4212,0,0,0,656.22,,
16883,4812,0,0,0,796.99,,
16884,5412,0,0,0,855.08,,
16885,489,0,0,0,716.19,,
16887,6012,0,0,0,938.5,,
16888,6612,0,0,0,1103.93,,
16889,7212,0,0,0,1173.06,,
16890,M80,0,0,0,520.67,,
16891,M120,0,0,0,557.92,,
16892,ST9,0,0,0,632.37,,
16893,ST12,1,0,1,799.97,,
16894,ST16,5,2,3,865.49,,
16897,ES2000,22,10,12,68.56,,
16898,ES2000A,5,2,3,91.61,,
16913,A1101A,101,52,49,73.76,,
16915,A1103,11,7,4,14.19,,
16920,A1113,5,3,2,5.96,,
16921,A1114,16,6,10,6.76,,
16922,A1115,9,9,0,2.7,,
16923,A1200S,19,9,10,73.76,,
16925,AR512,3,1,2,59.62,,
16928,V351HPU1,446,230,216,259.99,,
16929,V351HPU2,5,2,3,285.31,,
16930,VP1135R,10,6,4,42.46,,
16931,VP1135G,10,4,6,42.46,,
16932,T1125-20,11,8,3,28.32,,
16957,P55950,24,23,1,543.86,885.0,
16958,P55750,8,6,2,494.52,805.0,
16968,578-SW ,2,0,2,255.51,,
17029,DNW-200,0,0,0,540.16,,
17037,E26001-PZ,0,0,0,169.6,199.0,
17039,E66066,0,0,0,83.32,,
17061,526TID-HDD,0,0,0,1244.44,,
17064,010-10603-00,66,39,27,10.48,,
17067,FMB321,27,19,8,9.38,,
17088,CA200B-12H,0,0,0,1511.11,,
17153,010-10570-00,0,0,0,21.99,,
17154,010-10571-00,46,41,5,13.74,,
17185,PSU008,0,0,0,1177.27,,
19000,5001,20,10,10,17.62,,
19005,5138,34,16,18,4.19,,
19006,7198,21,11,10,4.24,,
19007,5139,19,8,11,4.19,,
19008,5140,13,12,1,4.19,,
19009,5141,30,18,12,4.19,,
19010,5142,9,9,0,4.32,,
19011,5143,3,0,3,4.32,,
19012,5101,13,6,7,7.27,,
19013,5102,8,3,5,7.27,,
19014,5103,3,0,3,7.27,,
19015,5104,10,10,0,7.27,,
19016,5105,29,18,11,7.27,,
19018,5107,14,3,11,7.27,,
19019,5112,19,19,0,36.47,,
19020,5113,0,0,0,36.47,,
19021,5114,0,0,0,36.47,,
19022,5115,8,5,3,36.47,,
19023,5116,4,4,0,36.47,,
19024,5117,5,0,5,36.47,,
19025,5118,0,0,0,36.47,,
19026,5119,2,2,0,36.47,,
19027,5120,8,5,3,36.47,,
19028,5121,28,16,12,36.47,,
19041,8023,5,4,1,191.18,,
19042,8025,1,1,0,127.97,,
19045,8054,0,0,0,77.82,,
19046,8053,3,1,2,125.89,,
19047,8058,3,0,3,131.73,,
19048,8059,0,0,0,188.59,,
19049,8027,3,2,1,197.04,,
19050,8043,0,0,0,234.9,,
19051,8032,1,1,0,170.99,,
19052,8029,3,2,1,105.84,,
19053,8077,21,2,19,86.92,,
19057,9002E,14,10,4,38.93,,
19059,7210,0,0,0,13.38,,
19060,7214,31,13,18,13.38,,
19061,7222,14,13,1,13.38,,
20208,2010,4,0,4,6.65,,
20209,2107,7,2,5,124.01,,
20210,2201,13,6,7,16.99,,
20211,2202,13,6,7,16.99,,
20212,2203,19,14,5,18.72,,
20213,2204,1,0,1,18.72,,
20218,2300,54,9,45,14.94,,
20219,2306,10,7,3,4.99,,
20220,2606,5,0,5,14.39,,
20222,2715,27,16,11,2.97,,
20224,2722,8,0,8,22.0,,
20231,3000,10,0,10,66.68,,
20232,3001,7,5,2,76.09,,
20233,3002,15,7,8,69.43,,
20234,3003,6,3,3,79.03,,
20377,4001,82,78,4,4.04,,
20378,4005,5,0,5,3.48,,
20379,4006,5,0,5,3.11,,
20380,4008,3,0,3,1.86,,
20381,4009,23,7,16,1.86,,
20382,4010,21,21,0,1.95,,
20383,4011,16,4,12,1.95,,
20384,4012,0,0,0,2.32,,
20385,4013,0,0,0,2.32,,
20386,4014,0,0,0,2.49,,
20387,4015,0,0,0,2.49,,
20388,4016,0,0,0,3.11,,
20389,4017,0,0,0,3.11,,
20390,4026,10,9,1,18.15,,
20391,4027,4,1,3,22.51,,
20392,4028,10,5,5,59.34,,
20393,4029,0,0,0,95.8,,
20396,4111,8,4,4,3.66,,
20397,4130,3,3,0,24.51,,
20398,4131,6,4,2,24.51,,
20399,4135,5,3,2,2.95,,
20400,4136,23,5,18,2.95,,
20401,4137,0,0,0,2.95,,
20402,4138,0,0,0,3.09,,
20404,4150,10,2,8,4.71,,
20405,4151,3,3,0,4.71,,
20406,4152,6,6,0,4.71,,
20407,4153,0,0,0,4.71,,
20408,4154,0,0,0,4.71,,
20409,4155,3,3,0,11.61,,
20410,4215,6,3,3,11.62,,
20411,4216,3,3,0,12.85,,
20412,4217,15,2,13,16.82,,
20413,4218,10,4,6,11.62,,
20414,4302,0,0,0,42.42,,
20415,4304,4,2,2,67.97,,
20416,4306,9,0,9,95.65,,
20417,4308,16,5,11,134.44,,
20422,4374,7,3,4,83.46,,
20423,4376,3,0,3,103.49,,
20428,5021,104,46,58,2.77,,
20429,5028,25,8,17,28.63,,
20430,5029,30,18,12,36.88,,
20431,5030,5,1,4,30.67,,
20432,5031,10,5,5,38.91,,
20433,5033,10,1,9,26.59,,
20434,5034,5,2,3,34.79,,
20435,5108,29,16,13,7.27,,
20436,5122,11,6,5,17.38,,
20437,5123,7,0,7,17.38,,
20438,5124,10,0,10,17.38,,
20439,5125,20,0,20,17.38,,
20440,5126,18,5,13,17.38,,
20441,5127,22,10,12,17.38,,
20442,5128,5,5,0,17.38,,
20443,5129,18,14,4,17.38,,
20445,5131,19,15,4,21.27,,
20448,5135,10,3,7,21.27,,
20449,5136,64,53,11,21.27,,
20450,5137,14,10,4,21.27,,
20451,5161,13,5,8,32.18,,
20453,5163,18,14,4,32.18,,
20454,5164,9,4,5,17.38,,
20455,5165,10,0,10,17.38,,
20491,5235,49,25,24,1.29,,
20492,5236,0,0,0,1.29,,
20493,5237,39,31,8,1.29,,
20494,5238,47,27,20,1.29,,
20495,5239,12,5,7,1.29,,
20496,5240,15,15,0,1.29,,
20497,5241,3,3,0,1.29,,
20498,5242,28,28,0,1.29,,
20499,5243,17,9,8,1.29,,
20500,5244,18,8,10,1.29,,
20501,5245,20,8,12,1.29,,
20502,5246,11,8,3,1.29,,
20505,6007,25,6,19,29.29,,
20506,6010,8,2,6,36.56,,
20507,6011,28,3,25,36.56,,
20508,6337,0,0,0,182.62,,
20520,7035,7,2,5,59.11,,
20521,7036,8,3,5,59.11,,
20523,7038,16,14,2,59.11,,
20524,7039,19,11,8,59.11,,
20525,7040,13,7,6,59.11,,
20526,7041,0,0,0,59.11,,
20527,7042,7,2,5,59.11,,
20528,7043,9,4,5,59.11,,
20529,7044,10,7,3,59.11,,
20531,7046,31,31,0,59.11,,
20532,7047,11,5,6,59.11,,
20533,7048,15,14,1,59.11,,
20534,7050,0,0,0,3.86,,
20536,7052,0,0,0,3.86,,
20537,7053,14,6,8,3.86,,
20538,7054,0,0,0,3.86,,
20540,7056,0,0,0,3.86,,
20541,7057,0,0,0,3.86,,
20542,7058,11,7,4,3.86,,
20543,7059,1,1,0,3.86,,
20545,7061,24,9,15,3.99,,
20555,7135,10,6,4,59.11,,
20556,7136,34,21,13,59.11,,
20558,7138,11,6,5,59.11,,
20559,7139,12,2,10,59.11,,
20560,7140,3,0,3,59.11,,
20561,7141,11,4,7,59.11,,
20562,7142,19,8,11,59.11,,
20563,7143,6,2,4,59.11,,
20564,7144,24,10,14,59.11,,
20566,7146,0,0,0,59.11,,
20568,7148,9,2,7,59.11,,
20569,7200,15,9,6,12.77,,
20570,7201,6,4,2,12.77,,
20571,7204,24,23,1,13.38,,
20572,7205,9,0,9,13.38,,
20573,7209,13,9,4,13.38,,
20574,7212,20,12,8,13.38,,
20575,7213,13,4,9,13.38,,
20576,7216,8,2,6,13.38,,
20577,7217,7,2,5,13.38,,
20578,7220,12,6,6,13.38,,
20579,7221,9,2,7,13.38,,
20580,7224,1,0,1,13.38,,
20581,7225,8,5,3,13.38,,
20582,7228,4,0,4,13.38,,
20583,7229,7,4,3,13.38,,
20584,7232,6,4,2,30.89,,
20585,7236,5,3,2,30.89,,
20586,7237,11,6,5,30.89,,
20587,7239,11,6,5,30.89,,
20588,7241,0,0,0,30.89,,
20589,7244,0,0,0,33.35,,
20590,7246,4,4,0,33.35,,
20591,7248,0,0,0,33.35,,
20592,7250,0,0,0,33.35,,
20593,7251,8,3,5,80.25,,
20594,7254,3,1,2,80.25,,
20595,7256,7,2,5,80.25,,
20596,7258,0,0,0,80.25,,
20601,7267,0,0,0,106.35,,
20602,7268,0,0,0,106.35,,
20603,7269,0,0,0,106.35,,
20604,7270,5,3,2,137.23,,
20605,7271,6,3,3,137.23,,
20606,7287,0,0,0,103.51,,
20607,7288,0,0,0,103.51,,
20608,7289,0,0,0,103.51,,
20609,7290,0,0,0,103.51,,
20613,7294,9,6,3,30.89,,
20614,7295,13,7,6,30.89,,
20615,7299,9,3,6,13.38,,
20633,7347,11,5,6,13.38,,
20634,7348,7,5,2,30.89,,
20635,7349,13,6,7,30.89,,
20636,7350,10,2,8,33.35,,
20637,7351,5,0,5,33.35,,
20638,7352,16,11,5,33.35,,
20639,7353,0,0,0,33.35,,
20640,7354,10,3,7,33.35,,
20641,7355,0,0,0,33.35,,
20642,7365,0,0,0,80.25,,
20645,7372,1,0,1,236.94,,
20649,7400,19,10,9,16.87,,
20650,7401,0,0,0,16.87,,
20651,7402,6,0,6,16.87,,
20652,7403,21,5,16,16.87,,
20653,7404,21,14,7,16.87,,
20654,7405,11,3,8,16.87,,
20655,7406,23,0,23,16.87,,
20656,7407,1,0,1,16.87,,
20657,7408,14,5,9,16.87,,
20658,7425,6,4,2,17.68,,
20660,7427,0,0,0,17.68,,
20661,7428,12,8,4,17.68,,
20662,7429,11,6,5,17.68,,
20663,7430,0,0,0,17.68,,
20666,7433,6,0,6,17.68,,
20670,7475,5,2,3,99.87,,
20671,7476,5,3,2,99.87,,
20672,7477,4,4,0,146.66,,
20678,7900,4,2,2,3.85,,
20679,7901,8,5,3,4.66,,
20680,7902,10,5,5,5.29,,
20681,8003,4,3,1,29.8,,
20682,8005,5,1,4,31.9,,
20685,8017,1,1,0,59.71,,
20686,8018,2,2,0,59.71,,
20687,8019,0,0,0,79.53,,
20688,8028,2,2,0,30.61,,
20689,8034,0,0,0,2.25,,
20690,8035,16,9,7,1.24,,
20691,8037,18,13,5,1.39,,
20693,8041,0,0,0,65.71,,
20694,8069,0,0,0,16.29,,
20695,8073,0,0,0,17.19,,
20696,8087,3,1,2,59.68,,
20697,8088,3,2,1,43.76,,
20698,8089,4,0,4,3.14,,
20699,8095,3,1,2,1216.05,,
20700,8099,5,3,2,227.53,,
20701,8127,0,0,0,196.95,,
20702,8129,0,0,0,105.84,,
20703,8132,0,0,0,174.41,,
20704,8134,25,6,19,2.25,,
20705,8143,0,0,0,234.9,,
20706,8158,0,0,0,131.73,,
20707,8159,0,0,0,188.57,,
20708,8161,0,0,0,173.68,,
20709,8165,0,0,0,575.47,,
20710,8166,20,18,2,2.25,,
20711,8167,69,29,40,2.25,,
20712,8169,34,10,24,2.25,,
20713,8171,10,0,10,2.25,,
20714,8172,51,12,39,2.25,,
20715,8173,23,0,23,19.28,,
20716,8174,0,0,0,398.56,,
20717,8176,0,0,0,481.47,,
20718,8177,0,0,0,86.92,,
20719,8179,0,0,0,86.92,,
20721,8186,0,0,0,1344.43,,
20722,8195,0,0,0,1216.05,,
20723,8199,0,0,0,227.53,,
20724,8200,7,4,3,5.2,,
20725,8204,8,5,3,4.77,,
20726,8205,3,0,3,7.85,,
20727,8206,0,0,0,6.72,,
20728,8207,2,2,0,9.66,,
20729,8208,0,0,0,10.1,,
20730,8209,0,0,0,9.66,,
20731,8210,2,1,1,7.13,,
20732,8211,10,6,4,7.42,,
20733,8212,0,0,0,15.66,,
20734,8214,20,8,12,7.13,,
20735,8216,4,0,4,10.24,,
20736,8217,6,0,6,7.13,,
20737,8218,3,3,0,10.0,,
20738,8219,8,4,4,10.0,,
20739,8220,6,6,0,13.59,,
20740,8221,4,0,4,14.28,,
20741,8222,2,1,1,13.59,,
20742,8230,2,0,2,8.13,,
20743,8231,4,1,3,8.13,,
20744,8233,0,0,0,10.24,,
20745,8234,0,0,0,10.24,,
20746,8235,2,0,2,149.47,,
20747,8236,3,2,1,176.92,,
20748,8237,2,2,0,176.92,,
20749,8238,7,5,2,215.68,,
20750,8239,4,3,1,176.92,,
20751,8240,0,0,0,29.8,,
20752,8242,4,2,2,56.22,,
20754,8244,1,1,0,31.23,,
20755,8245,6,1,5,31.23,,
20756,8246,2,0,2,55.46,,
20757,8247,11,5,6,251.71,,
20758,8248,9,5,4,228.62,,
20760,8251,2,2,0,167.7,,
20761,8252,0,0,0,65.95,,
20762,8253,4,2,2,65.95,,
20764,8255,9,8,1,48.96,,
20765,8256,11,8,3,19.56,,
20766,8257,5,4,1,18.61,,
20767,8258,8,5,3,48.77,,
20768,8259,10,4,6,5.72,,
20769,8260,4,1,3,9.2,,
20770,8264,0,0,0,586.05,,
20771,8265,0,0,0,564.19,,
20772,8266,0,0,0,2.24,,
20773,8267,1,1,0,2.24,,
20774,8268,25,5,20,2.42,,
20776,8271,2,2,0,189.53,,
20777,8272,1,1,0,110.84,,
20778,8273,0,0,0,147.11,,
20779,8274,0,0,0,91.87,,
20780,8275,5,2,3,13.59,,
20781,8278,10,5,5,2.42,,
20782,8280,2,1,1,188.77,,
20783,8282,88,15,73,8.13,,
20784,8283,12,12,0,10.24,,
20785,8284,0,0,0,10.24,,
20786,8285,8,7,1,10.24,,
20787,8286,7,7,0,13.59,,
20788,8287,13,9,4,10.0,,
20789,8288,6,3,3,10.0,,
20790,8289,8,6,2,13.59,,
20791,8290,3,3,0,13.59,,
20792,8291,0,0,0,10.24,,
20793,8292,4,4,0,8.13,,
20794,8293,1,1,0,1.84,,
20795,8294,5,0,5,1.56,,
20796,8295,21,5,16,1.56,,
20797,8296,4,4,0,1.56,,
20798,8297,17,12,5,1.56,,
20799,8298,9,5,4,1.56,,
20800,8299,5,5,0,1.56,,
20801,8357,0,0,0,309.75,,
20802,8358,0,0,0,209.48,,
20803,8359,0,0,0,199.73,,
20804,8361,0,0,0,451.27,,
20805,8363,1,0,1,367.11,,
20806,8365,0,0,0,309.75,,
20807,8366,4,3,1,209.48,,
20808,8367,0,0,0,199.73,,
20810,8371,5,3,2,189.53,,
20811,8372,1,0,1,110.84,,
20812,8373,5,2,3,147.11,,
20813,8374,0,0,0,91.87,,
20814,8375,0,0,0,429.39,,
20815,8376,2,2,0,346.97,,
20816,8377,0,0,0,407.84,,
20817,8378,0,0,0,674.52,,
20818,8379,0,0,0,886.25,,
20819,8380,4,2,2,730.65,,
20820,8381,0,0,0,985.22,,
20821,8382,0,0,0,1213.22,,
20822,8383,3,3,0,16.29,,
20823,8384,0,0,0,10.27,,
20824,8385,3,2,1,198.84,,
20825,8386,3,1,2,252.24,,
20826,8401,0,0,0,409.13,,
20827,8402,2,1,1,480.08,,
20828,8403,0,0,0,580.8,,
20829,8405,0,0,0,410.54,,
20830,8406,1,1,0,489.09,,
20831,8407,0,0,0,577.82,,
20832,8408,0,0,0,1117.78,,
20833,8409,0,0,0,322.13,,
20834,8410,0,0,0,138.89,,
20835,8411,2,0,2,188.59,,
20836,8412,0,0,0,197.04,,
20840,8461,0,0,0,399.56,,
20841,8462,0,0,0,453.85,,
20843,8464,0,0,0,413.94,,
20844,8465,0,0,0,573.62,,
20845,8466,0,0,0,376.01,,
20846,8467,0,0,0,241.7,,
20857,8478,0,0,0,333.61,,
20858,8479,0,0,0,423.82,,
20859,8480,0,0,0,347.1,,
20864,8485,0,0,0,366.84,,
20867,8488,0,0,0,346.46,,
20868,8489,0,0,0,362.59,,
20872,8498,0,0,0,287.38,,
20873,8499,0,0,0,241.7,,
20874,8505,0,0,0,410.54,,
20875,8506,0,0,0,489.09,,
20876,8507,0,0,0,577.82,,
20877,8508,0,0,0,1117.78,,
20878,8509,0,0,0,315.78,,
20879,8511,0,0,0,188.59,,
20880,8512,0,0,0,196.95,,
20883,8561,0,0,0,399.54,,
20884,8562,0,0,0,453.54,,
20886,8564,0,0,0,413.94,,
20887,8565,0,0,0,573.47,,
20888,8566,0,0,0,376.01,,
20889,8567,0,0,0,241.66,,
20902,8580,0,0,0,347.1,,
20907,8585,0,0,0,366.85,,
20910,8588,0,0,0,346.43,,
20911,8589,0,0,0,362.59,,
20915,8598,0,0,0,287.35,,
20916,8599,0,0,0,241.7,,
20943,8686,5,3,2,155.62,,
20945,8689,3,1,2,269.29,,
20946,8690,0,0,0,177.78,,
20948,8693,4,2,2,351.41,,
20949,9009,3,2,1,114.99,,
20950,9010,0,0,0,143.81,,
20951,9011,4,1,3,254.61,,
20952,9012,6,6,0,173.67,,
20953,9019,2,0,2,327.24,,
20954,9077,0,0,0,413.19,,
20955,9228,0,0,0,30.82,,
20957,9230,9,6,3,30.82,,
20959,9233,9,3,6,48.96,,
20960,9354,0,0,0,28.96,,
20961,9630,6,4,2,48.13,,
20963,5510E,20,6,14,44.93,,
20964,5511E,24,2,22,44.93,,
20965,7250I,0,0,0,33.35,,
21060,SG10,0,0,0,276.35,,
21062,AG127,0,0,0,359.99,,
25049,E26009,0,0,0,91.66,,
25050,E26008,0,0,0,104.16,,
25103,6005,14,10,4,21.96,,
25104,6006,85,23,62,21.96,,
25142,GPK-11,1,1,0,181.3,,
25238,010-10702-00,0,0,0,23.62,,
25241,FNB-83,5,4,1,28.24,,
25264,492/50/200ST-ES,2,1,1,194.99,,
25265,494/50/200-ES,1,1,0,179.99,,
25266,496/50/200ST-ES,0,0,0,210.0,,
25307,CAT460,10,8,2,12.71,,
25325,010-10550-00,90,55,35,24.49,,
25349,010-10723-01,16,1,15,11.24,,
25449,1810125,1,1,0,185.81,,
25453,1865003,30,25,5,15.98,,
25454,1865006,20,17,3,23.24,,
25456,1865017,3,0,3,23.24,,
25457,1865018,6,4,2,35.59,,
25458,1865010,9,9,0,6.53,,
25459,1865011,1,0,1,6.53,,
25489,526TID-HDN,0,0,0,1066.67,,
25524,E66079,0,0,0,1374.16,1649.0,
25525,E66082,0,0,0,979.26,1149.0,
25537,E26033,0,0,0,46.86,,
25550,1854021,0,0,0,65.38,,
25580,MA3013G,10,10,0,34.69,,
25582,MS56,3,0,3,103.39,,
25587,MA8506W,8,5,3,94.26,,
25594,P77769,6,4,2,629.83,768.0,
25642,1459,48,18,30,42.68,,
25643,1458,1,1,0,54.88,,
25656,010-10617-02,0,0,0,13.22,,
25657,235DST-MSE,0,0,0,445.45,,
26221,000-154-054,0,0,0,50.0,,
26249,E66013,0,0,0,153.4,179.99,
26250,E66085,0,0,0,270.82,324.99,
26251,E66086,0,0,0,270.82,324.99,
26252,525T-LTD/20,0,0,0,244.44,,
26253,525T-LTD/12,0,0,0,244.44,,
26258,72-0151-01,0,0,0,131.63,,
26260,808-0232-01,11,5,6,30.21,,
26264,FX-7,32,0,32,107.02,149.99,
26265,FX-11,64,24,40,143.46,202.99,
26266,FX-16,20,8,12,207.54,289.99,
26267,FX-23,2,0,2,329.53,455.99,
26268,FX-37,8,3,5,490.55,699.99,
26269,FX-55,9,3,6,717.29,,
26270,FX-85,0,0,0,1100.49,,
26271,FX-125,0,0,0,1612.52,,
26272,SFX-7,3,3,0,62.84,,
26273,SFX-11,4,3,1,70.65,,
26274,SFX-16,5,2,3,75.34,,
26275,SFX-23,6,2,4,96.02,,
26276,SFX-37,7,3,4,99.54,,
26277,SFX-55,7,3,4,146.39,,
26278,SFX-85,0,0,0,181.52,,
26279,SFX-125,0,0,0,190.49,,
27077,531-AB,4,2,2,237.41,,
27204,528-VB,2,0,2,216.41,,
27206,E66010,0,0,0,98.0,,
27366,000-154-028,0,0,0,100.0,,
27976,FAPAR4502,0,0,0,377.78,,
27991,010-10725-00,11,5,6,7.42,,
28012,525STID-MSD7,0,0,0,488.89,,
28037,PT2004,2,1,1,320.06,,
28040,PT3010,4,3,1,95.06,,
28048,SC50,2,0,2,217.89,,
28049,SC102,0,0,0,1051.88,,
28050,SC104,0,0,0,1051.88,,
28054,SC120,0,0,0,573.75,,
28057,SPT2010,0,0,0,87.19,,
28059,AG118,1,1,0,352.49,,
28061,010-10747-03,0,0,0,13.74,,
28096,010-10747-00,11,5,6,8.24,,
28115,525TID-BHD,0,0,0,800.0,,
28150,MB1100,0,0,0,355.56,,
28181,H-741-C,16,7,9,25.31,,
28202,A66089,0,0,0,1096.46,,
28234,2312,21,10,11,23.94,,
28235,2314,57,32,25,11.44,,
28236,2315,8,0,8,13.15,,
28348,1901250,4,4,0,167.1,,
28349,1901200,5,3,2,84.48,,
28350,2295002,3,2,1,38.18,,
28351,2295180,4,2,2,45.81,,
28352,2295182,2,2,0,53.45,,
28353,2295184,6,6,0,61.09,,
28354,2295190,4,3,1,68.73,,
28355,2207001,4,3,1,32.34,,
28356,2207002,0,0,0,25.15,,
28357,2207003,6,6,0,71.87,,
28361,2200693,0,0,0,43.12,,
28362,2250927,1,1,0,71.87,,
28363,2250928,5,5,0,71.87,,
28364,2250940,1,1,0,71.87,,
28365,2207327,23,16,7,64.68,,
28367,2250009,24,22,2,13.74,,
28368,2250105,1,1,0,16.03,,
28370,2250111,0,0,0,14.5,,
28373,2250119,4,4,0,16.79,,
28374,2250120-1,3,3,0,15.26,,
28375,2250106,0,0,0,16.79,,
28376,2250107,0,0,0,21.38,,
28377,2250109,0,0,0,17.55,,
28386,2450163,5,5,0,57.49,,
28389,2450169-1,38,38,0,15.47,,
28395,1491072,0,0,0,107.81,,
28447,1820087,11,7,4,12.34,,
28448,1854060,0,0,0,121.96,,
28451,1852061,0,0,0,24.69,,
28455,1852068,1,1,0,29.05,,
28457,1852060,0,0,0,29.05,,
28458,1852080,4,3,1,35.59,,
28468,HB-845,6,1,5,521.61,,
28513,PUMPHRP11-12,1,1,0,720.0,,
28534,528-EW,0,0,0,186.73,,
28555,2716,18,11,7,4.96,,
28663,MRC5,13,0,13,14.38,,
28664,MRANT12,18,9,9,7.48,,
28668,710198-1,16,16,0,68.99,,
28697,710160-1,3,3,0,82.79,,
28723,010-10714-00,18,18,0,5.49,,
28931,527ID-IHD,0,0,0,888.89,,
28949,PP4808,0,0,0,356.35,,
28957,010-10861-00,0,0,0,11.83,,
28995,883-CW,0,0,0,314.87,,
29006,826-VW,3,1,2,262.6,,
29019,578-SB,0,0,0,276.51,,
29020,876-SW,0,0,0,294.87,,
29021,876-SB,1,1,0,295.32,,
29025,518-EW,0,0,0,166.46,,
29033,340-100NM,0,0,0,196.24,,
29034,340-75NM,0,0,0,172.61,,
29061,5187,17,9,8,49.03,,
29062,5216,0,0,0,49.09,,
29063,5218,9,9,0,58.98,,
29064,5242-A,8,8,0,81.98,,
29070,5396-AIS,5,3,2,176.13,,
29071,5912,3,3,0,53.7,,
29087,53670A,3,3,0,53.79,99.99,
29088,53671A,0,0,0,55.95,99.99,
29089,53672A,10,7,3,53.79,99.99,
29090,53680CA,13,9,4,91.78,164.99,
29091,53681CA,13,5,8,91.78,164.99,
29092,53682CA,11,10,1,91.78,164.99,
29095,53684A,0,0,0,16.84,,
29122,15054-001,4,0,4,181.11,,
29123,15061-001,1,0,1,218.91,,
29125,15055-001,4,2,2,219.63,,
29126,15056-001,4,0,4,219.63,,
29128,15062-001,0,0,0,256.73,,
29129,15063-001,3,1,2,256.73,,
29133,15059-001,9,1,8,219.63,,
29135,15060-001,6,2,4,243.18,,
29136,15067-001,1,0,1,278.13,,
29137,15085-001,1,0,1,9.76,,
29138,50225-001D,0,0,0,10.3,,
29139,50015-001D,0,0,0,9.26,,
29140,50015-002D,5,2,3,9.26,,
29141,50014-001D,5,0,5,9.26,,
29143,15087-001,0,0,0,7.6,,
29144,60101-001,1,0,1,10.11,,
29170,20140-001,5,3,2,85.2,,
29172,20157-001,1,0,1,96.55,,
29173,20141-001,4,2,2,91.59,,
29175,20158-001,0,0,0,97.98,,
29176,20142-001,0,0,0,115.01,,
29177,20143-001,0,0,0,146.25,,
29178,20144-001,0,0,0,206.6,,
29179,20145-001,0,0,0,230.74,,
29180,20146-001,0,0,0,256.3,,
29182,20159-001,4,2,2,97.98,,
29185,20149-001,6,2,4,102.95,,
29187,20160-001,8,0,8,125.66,,
29188,20150-001,5,2,3,132.05,,
29189,20161-001,3,0,3,138.44,,
29190,20151-001,0,0,0,190.98,,
29192,20152-001,0,0,0,230.74,,
29194,20153-001,0,0,0,261.26,,
29196,20154-001,0,0,0,290.38,,
29199,15064-001,1,1,0,289.94,,
29200,15065-001,0,0,0,311.0,,
29216,20760-001,0,0,0,274.64,,
29217,20762-001,0,0,0,281.76,,
29218,20766-001,0,0,0,292.46,,
29219,20764-001,0,0,0,292.46,,
29220,20770-001,0,0,0,311.01,,
29221,20768-001,0,0,0,311.01,,
29223,20776-001,0,0,0,345.96,,
29224,20774-001,0,0,0,345.96,,
29225,20780-001,0,0,0,376.64,,
29226,20778-001,0,0,0,376.64,,
29227,20784-001,0,0,0,408.74,,
29228,20782-001,0,0,0,408.74,,
29229,20786-001,1,0,1,437.99,,
29230,20788-001,0,0,0,437.99,,
29231,70381-001,6,3,3,43.13,,
29236,RT9X9,0,0,0,711.35,,
29237,RT9X9I,0,0,0,829.95,,
29238,15034-101,0,0,0,541.54,,
29239,RT9X12,0,0,0,745.44,,
29240,RT9X12I,0,0,0,864.03,,
29241,15035-101,0,0,0,575.63,,
29242,RT12X9,0,0,0,738.34,,
29243,RT12X9I,0,0,0,856.93,,
29244,15036-101,0,0,0,568.53,,
29245,RT12X12,1,0,1,768.86,,
29248,15041-101,0,0,0,907.88,,
29249,RT12X12I,1,0,1,887.46,,
29250,15037-101,1,0,1,599.05,,
29252,RT16X12HD,1,0,1,1168.56,,
29253,RT16X12HDI,1,0,1,1287.16,,
29254,15043-101,1,0,1,998.75,,
29255,RT16X12I,2,0,2,966.98,,
29256,15039-101,3,1,2,678.56,,
29257,RT17X12XD,0,0,0,1370.9,,
29258,RT17X12XDI,0,0,0,1489.5,,
29259,15045-101,0,0,0,1201.09,,
29260,RT18X14,1,1,0,945.64,,
29261,RT18X14HD,0,0,0,1211.88,,
29262,RT18X14HDI,0,0,0,1330.48,,
29263,15044-101,0,0,0,1042.06,,
29264,RT18X14I,0,0,0,1064.24,,
29265,15040-101,1,1,0,775.83,,
29266,RT19X14XDI,0,0,0,2233.54,,
29267,15046-101,0,0,0,1846.29,,
29281,TT9X9,4,1,3,639.65,,
29282,TT9X9E,1,0,1,666.63,,
29283,TT9X9EI,1,0,1,785.23,,
29284,15013-101,1,0,1,496.81,,
29285,TT9X9I,3,0,3,758.25,,
29286,15000-101,4,1,3,469.84,,
29287,15104-102,9,3,6,652.43,,
29288,15108-103,6,0,6,771.03,,
29289,15001-101,9,3,6,482.61,,
29290,TT9X18,0,0,0,686.5,,
29291,TT9X18I,0,0,0,805.1,,
29292,15002-101,0,0,0,516.69,,
29293,TT9X24,0,0,0,768.86,,
29294,TT9X24I,0,0,0,887.46,,
29295,15003-101,0,0,0,599.05,,
29296,TT9X30,0,0,0,832.76,,
29297,TT9X30I,0,0,0,951.35,,
29298,15004-101,0,0,0,662.94,,
29299,TT9X36,0,0,0,889.55,,
29300,TT9X36I,0,0,0,1008.15,,
29301,15005-101,0,0,0,719.74,,
29305,TT12X9E,0,0,0,680.11,,
29306,TT12X9EI,0,0,0,798.71,,
29307,15015-101,0,0,0,510.3,,
29308,15105-102,7,2,5,665.75,,
29309,15106-102,5,0,5,708.18,,
29310,15110-103,5,0,5,824.28,,
29311,15016-101,5,0,5,535.86,,
29312,15109-103,5,0,5,783.1,,
29313,15007-101,7,2,5,494.69,,
29314,TT12X18,0,0,0,720.59,,
29315,TT12X18E,1,1,0,774.54,,
29316,TT12X18EI,0,0,0,893.14,,
29317,15017-101,1,1,0,604.73,,
29318,TT12X18I,0,0,0,839.18,,
29319,15008-101,0,0,0,550.78,,
29320,TT12X18SS,0,0,0,1021.78,,
29322,15026-101,0,0,0,864.03,,
29323,TT12X18SSI,0,0,0,1140.36,,
29324,15018-101,0,0,0,851.96,,
29325,TT12X24,0,0,0,810.75,,
29326,TT12X24I,0,0,0,929.35,,
29327,15009-101,0,0,0,640.94,,
29328,TT12X24SS,0,0,0,1143.0,,
29330,15027-101,0,0,0,980.29,,
29331,TT12X24SSI,0,0,0,1261.59,,
29332,15019-101,0,0,0,934.15,,
29333,TT12X30,0,0,0,886.71,,
29334,TT12X30I,0,0,0,1005.31,,
29335,15010-101,0,0,0,716.9,,
29336,TT12X30SS,0,0,0,1260.66,,
29338,15028-101,0,0,0,1094.4,,
29339,TT12X30SSI,0,0,0,1379.26,,
29340,15020-101,0,0,0,1042.06,,
29343,15011-101,0,0,0,764.46,,
29346,15029-101,0,0,0,1218.46,,
29348,15021-101,0,0,0,1212.79,,
29353,15030-101,0,0,0,1415.56,,
29354,TT16X24SSI,0,0,0,1800.69,,
29355,15022-101,0,0,0,1413.44,,
29357,15031-101,0,0,0,1565.6,,
29359,15023-101,0,0,0,1486.34,,
29361,15032-101,0,0,0,1719.19,,
29363,15024-101,0,0,0,1624.78,,
29365,15033-101,0,0,0,1916.06,,
29367,15025-101,0,0,0,1903.28,,
29766,7650,16,9,7,124.93,,
29767,9972204B,4,3,1,103.93,,
29768,9972207B,4,1,3,65.16,,
29769,9972220B,1,1,0,238.26,,
29773,9972305B,9,5,4,116.81,,
29774,001-453,1,1,0,8.07,,
29775,001-675,10,3,7,5.71,,
29776,001-700,7,3,4,8.24,,
29777,9972313B,9,5,4,113.15,,
29780,9972321B,4,1,3,149.79,,
29783,9973210B,4,1,3,360.42,,
29785,004-246,1,0,1,4.8,,
29786,001-699,7,3,4,8.32,,
29793,001-011,2,0,2,5.19,,
29801,9982305B,10,6,4,108.79,,
29802,206-070S,1,1,0,8.64,,
29805,206-073S,9,9,0,8.64,,
29809,206-077S,4,2,2,8.64,,
29811,206-078S,11,11,0,17.6,,
29814,206-080S,7,3,4,18.7,,
29816,206-081S,8,6,2,19.95,,
29818,206-082S,6,3,3,19.95,,
29819,9960013B,6,2,4,87.86,,
29820,206-083S,16,7,9,19.95,,
29822,206-084S,4,1,3,19.95,,
29823,206-085S,3,3,0,19.95,,
29826,9960020B,3,1,2,88.49,,
29827,9960024B,5,2,3,96.91,,
29828,206-051S,4,2,2,18.87,,
29837,010-005,1,0,1,2.29,,
29838,048-003,42,16,26,2.98,,
29839,048-004,9,3,6,2.98,,
29840,048-005,1,0,1,2.98,,
29842,048-011,90,48,42,2.98,,
29843,048-016,92,33,59,2.98,,
29844,048-017,8,8,0,2.98,,
29845,048-027,75,34,41,2.98,,
29846,048-028,52,52,0,2.98,,
29856,001-156,41,13,28,2.98,,
29858,001-204,1,0,1,2.98,,
29859,111-176,4,4,0,2.98,,
29863,048-006,7,7,0,3.21,,
29872,100-880,3,3,0,2.89,,
29873,100-881,6,3,3,5.48,,
29878,206-087,12,9,3,34.32,,
29879,206-353,8,4,4,34.32,,
29883,001-158,1,1,0,3.75,,
29884,570-001B,1,0,1,90.49,,
29887,570-003B,3,0,3,82.09,,
29896,150-061,5,3,2,5.48,,
29897,150-062,14,10,4,5.48,,
29904,9490.1,9,9,0,97.74,,
29929,PUMPHRP17-12,2,0,2,720.0,,
30089,P100019,42,2,40,20.0,,
30092,P102944,0,0,0,570.56,,
30130,1854017,41,2,39,64.62,,
30193,340-25NE,0,0,0,97.68,,
30231,53680SA,20,12,8,117.36,214.99,
30232,53681SA,11,3,8,117.36,214.99,
30233,53682SA,11,0,11,117.36,214.99,
30358,010-C0690-00,0,0,0,262.49,,
30359,010-C0691-00,0,0,0,262.49,,
30360,010-C0726-00,0,0,0,262.49,,
30361,010-C0708-00,0,0,0,262.49,,
30362,010-C0709-00,0,0,0,262.49,,
30363,010-C0727-00,0,0,0,262.49,,
30364,010-C0710-00,2,0,2,262.49,,
30365,010-C0692-00,0,0,0,262.49,,
30366,010-C0711-00,0,0,0,262.49,,
30367,010-C0712-00,1,0,1,262.49,,
30368,010-C0713-00,0,0,0,262.49,,
30369,010-C0728-00,0,0,0,262.49,,
30370,010-C0714-00,0,0,0,262.49,,
30371,010-C0715-00,0,0,0,262.49,,
30375,010-C0730-00,0,0,0,262.49,,
30379,010-C0731-00,1,0,1,262.49,,
30380,010-C0721-00,0,0,0,262.49,,
30381,010-C0722-00,0,0,0,262.49,,
30382,010-C0732-00,1,0,1,262.49,,
30385,010-C0693-00,0,0,0,262.49,,
30386,010-C0733-00,0,0,0,262.49,,
30387,010-C0725-00,0,0,0,262.49,,
30388,010-C0694-00,0,0,0,262.49,,
30389,010-C0734-00,0,0,0,262.49,,
30393,010-C0698-00,0,0,0,262.49,,
30394,010-C0736-00,0,0,0,262.49,,
30399,010-C0739-00,0,0,0,337.49,,
30400,010-C0701-00,0,0,0,337.49,,
30401,010-C0740-00,0,0,0,337.49,,
30402,010-C0702-00,0,0,0,262.49,,
30403,010-C0703-00,0,0,0,262.49,,
30404,010-C0704-00,0,0,0,262.49,,
30405,010-C0705-00,1,1,0,262.49,,
30406,010-C0741-00,0,0,0,337.49,,
30408,010-C0742-00,0,0,0,337.49,,
30411,010-C0744-00,1,0,1,337.49,,
30426,HB-740,0,0,0,250.76,,
30428,010-10447-03,0,0,0,17.49,,
30554,ART-3,2,2,0,135.53,,
30594,7610,21,9,12,83.13,,
30617,710147-1,0,0,0,82.79,,
30636,SEAMINI2,8,0,8,4.99,,
30645,1368560,0,0,0,838.6,,
30647,1810140,6,4,2,254.64,,
30665,010-10930-00,0,0,0,31.5,,
30668,010-10918-00,5,3,2,20.99,,
30729,010-C0760-00,0,0,0,187.49,,
30730,010-C0761-00,0,0,0,187.49,,
30731,010-C0762-00,0,0,0,187.49,,
30732,010-C0763-00,0,0,0,187.49,,
30733,010-C0764-00,0,0,0,187.49,,
30734,010-C0765-00,0,0,0,187.49,,
30735,010-C0766-00,0,0,0,187.49,,
30736,010-C0767-00,0,0,0,187.49,,
30737,010-C0768-00,0,0,0,187.49,,
30739,010-C0770-00,0,0,0,187.49,,
30740,010-C0771-00,0,0,0,187.49,,
30741,010-C0772-00,0,0,0,187.49,,
30742,010-C0773-00,0,0,0,187.49,,
30743,010-C0774-00,0,0,0,187.49,,
30744,010-C0775-00,0,0,0,187.49,,
30745,010-C0776-00,0,0,0,187.49,,
30746,010-C0777-00,0,0,0,187.49,,
30747,010-C0778-00,0,0,0,187.49,,
30748,010-C0779-00,0,0,0,187.49,,
30749,010-C0780-00,0,0,0,187.49,,
30750,010-C0782-00,0,0,0,187.49,,
30751,010-C0783-00,0,0,0,187.49,,
30754,010-C0786-00,0,0,0,187.49,,
30755,010-C0787-00,0,0,0,187.49,,
30756,010-C0788-00,0,0,0,187.49,,
30757,010-C0789-00,0,0,0,187.49,,
30758,010-C0790-00,0,0,0,187.49,,
30759,010-C0791-00,0,0,0,187.49,,
30762,010-C0794-00,0,0,0,131.23,,
30763,010-C0795-00,0,0,0,131.23,,
30764,010-C0796-00,0,0,0,131.23,,
30765,010-C0797-00,0,0,0,131.23,,
30766,010-C0798-00,0,0,0,131.23,,
30767,010-C0799-00,0,0,0,131.23,,
30768,010-C0800-00,0,0,0,131.23,,
30769,010-C0801-00,0,0,0,131.23,,
30770,010-C0802-00,0,0,0,131.23,,
30771,010-C0803-00,0,0,0,131.23,,
30772,010-C0804-00,0,0,0,131.23,,
30773,010-C0805-00,0,0,0,131.23,,
30775,010-C0807-00,0,0,0,131.23,,
30776,010-C0808-00,0,0,0,131.23,,
30777,010-C0809-00,0,0,0,131.23,,
30778,010-C0810-00,0,0,0,131.23,,
30779,010-C0811-00,0,0,0,131.23,,
30780,010-C0812-00,0,0,0,131.23,,
30781,010-C0813-00,0,0,0,131.23,,
30782,010-C0814-00,0,0,0,131.23,,
30783,010-C0815-00,0,0,0,131.23,,
30784,010-C0816-00,0,0,0,131.23,,
30785,010-C0817-00,0,0,0,131.23,,
30786,010-C0818-00,0,0,0,131.23,,
30791,010-C0823-00,0,0,0,131.23,,
30794,010-C0826-00,0,0,0,131.23,,
30795,010-C0827-00,0,0,0,131.23,,
30796,010-C0828-00,0,0,0,131.23,,
30797,010-C0829-00,0,0,0,131.23,,
30798,010-C0830-00,0,0,0,131.23,,
30800,010-C0832-00,0,0,0,131.23,,
30801,010-C0833-00,0,0,0,131.23,,
30802,010-C0834-00,0,0,0,131.23,,
30803,010-C0835-00,0,0,0,131.23,,
30804,010-C0836-00,0,0,0,131.23,,
30812,010-C0844-00,0,0,0,131.23,,
30814,010-C0846-00,0,0,0,131.23,,
30817,010-C0849-00,0,0,0,187.49,,
30818,010-C0850-00,0,0,0,131.23,,
30863,B260-BL,0,0,0,1209.54,,1649.99
30871,010-10856-00,0,0,0,10.99,,
30872,010-10931-00,27,8,19,23.99,,
30874,010-10888-00,0,0,0,14.99,,
30888,710200-1,7,0,7,142.86,,
30907,T100-916,0,0,0,962.49,,
30908,T101-916,0,0,0,1124.99,,
30909,T103-916,0,0,0,951.91,,
30914,T122,0,0,0,399.71,,
30917,2713,3,0,3,2.68,,
30918,010-C0753-00,0,0,0,187.49,,
30919,010-C0754-00,0,0,0,187.49,,
30920,010-C0756-00,0,0,0,187.49,,
30921,010-C0757-00,0,0,0,187.49,,
30922,010-C0868-00,0,0,0,142.49,,
30923,010-C0869-00,0,0,0,142.49,,
30924,010-C0870-00,0,0,0,142.49,,
30925,010-C0871-00,0,0,0,142.49,,
30926,010-C0872-00,0,0,0,142.49,,
30927,010-C0873-00,0,0,0,142.49,,
30928,010-C0874-00,0,0,0,142.49,,
30929,010-C0875-00,0,0,0,142.49,,
30939,MP420,0,0,0,363.62,,
30947,1854019,2,0,2,79.91,,
30976,010-C0749-00,0,0,0,187.49,,
30982,010-10920-00,0,0,0,20.3,,
31021,010-C0755-00,0,0,0,187.49,,
31028,010-C0877-00,0,0,0,262.49,,
31029,010-C0878-00,0,0,0,262.49,,
31030,010-C0879-00,0,0,0,262.49,,
31031,010-C0881-00,0,0,0,262.49,,
31034,010-C0884-00,0,0,0,262.49,,
31035,010-C0865-00,0,0,0,187.49,,
31036,010-C0866-00,0,0,0,187.49,,
31037,010-C0758-00,2,2,0,131.23,,
31038,010-C0759-00,0,0,0,131.23,,
31039,010-C0750-00,0,0,0,131.23,,
31040,010-C0751-00,0,0,0,131.23,,
31041,010-C0752-00,0,0,0,131.23,,
31042,010-C0747-00,0,0,0,187.49,,
31043,010-C0748-00,0,0,0,187.49,,
31059,010-10921-00,0,0,0,20.3,,
31081,MX7000CR,0,0,0,464.54,,
31082,MX8000CR,0,0,0,475.96,,
31090,MX8716CR,0,0,0,506.42,,
31091,MX8718CR,2,2,0,497.08,,
31092,AL7211CR,3,2,1,90.0,,
31093,AL7001CR,0,0,0,183.46,,
31094,AO8712CR,0,0,0,247.5,,
31095,AO8715CR,0,0,0,333.18,,
31096,SW9300,0,0,0,1275.52,,
31097,SW9901,0,0,0,72.69,,
31098,SX3916XS,0,0,0,1024.27,,
31101,AP3916XS,0,0,0,727.27,,
31106,AP3918,0,0,0,822.46,,
31108,AP3716XS,0,0,0,761.54,,
31110,AP3718 -1 3/4,0,0,0,833.88,,
31111,RK0322RK,0,0,0,86.54,,
31112,RK0322RK/CR,0,0,0,46.47,,
31113,RK0337CR,0,0,0,33.65,,
31115,RK0322LS,0,0,0,59.29,,
31116,RK0337LS,0,0,0,65.71,,
31117,RK0337LS/MO,0,0,0,65.71,,
31118,RK0337LD,0,0,0,125.0,,
31119,RK0337LD/MO,0,0,0,125.0,,
31123,RH525SS,20,12,8,76.28,,
31124,RH527VS,10,10,0,76.28,,
31125,RH529HS,21,15,6,76.28,,
31126,RH530SS,6,0,6,94.55,,
31127,RH532VS,0,0,0,94.55,,
31128,RH534HS,10,6,4,94.55,,
31129,RH525SS/XS,9,6,3,85.58,,
31130,RH527VS/XS,6,6,0,85.58,,
31131,RH529HS/XS,2,2,0,85.58,,
31132,RH530SS/XS,2,1,1,108.01,,
31133,RH532VS/XS,6,4,2,108.01,,
31134,RH534HS/XS,8,4,4,95.74,,
31155,SR-2,0,0,0,236.19,,
31160,RH570,0,0,0,186.15,,
31161,RH570XL,1,1,0,203.85,,
31162,RH575,0,0,0,136.22,,
31163,RH575XL,2,0,2,150.64,,
31164,RH577V,12,9,3,136.22,,
31165,RH577XL,10,6,4,150.64,,
31166,RH579H,0,0,0,136.22,,
31167,RH579XL,3,0,3,150.64,,
31168,RH5165,6,6,0,111.54,,
31169,RH5167V,6,4,2,111.54,,
31170,RH5169H,4,3,1,111.54,,
31172,RH5999-0003,6,0,6,17.31,,
31174,RH5930,46,15,31,25.32,,
31175,RH5931,23,0,23,19.23,,
31176,RH511,0,0,0,9.62,,
31178,RH516,1,1,0,14.42,,
31179,RH526,11,1,10,9.62,,
31180,RH528,0,0,0,9.62,,
31181,RH531,6,2,4,14.42,,
31182,RH535,10,8,2,14.42,,
31184,MC0075-1012,0,0,0,57.37,,
31185,MC0075-1016,0,0,0,57.37,,
31191,010-11029-00,0,0,0,8.24,,
31222,MC0075-1030,0,0,0,57.37,,
31224,MC0075-1033,0,0,0,57.37,,
31225,MC0075-1050,0,0,0,57.37,,
31226,MC0075-1051,2,0,2,57.37,,
31227,MC0075-1052,0,0,0,57.37,,
31228,MC0075-1053,0,0,0,57.37,,
31229,MC0075-1071,0,0,0,57.37,,
31230,MC0075-1080,0,0,0,57.37,,
31231,MC0075-1081,0,0,0,57.37,,
31233,MC0075-1083,0,0,0,57.37,,
31234,MC0075-1130,1,1,0,57.37,,
31235,MC0075-1131,0,0,0,57.37,,
31236,MC0075-3016,0,0,0,57.37,,
31237,MC0075-3020,0,0,0,57.37,,
31238,MC0075-3030,0,0,0,57.37,,
31239,MC0075-3031,6,2,4,57.37,,
31240,MC0075-3050,0,0,0,57.37,,
31241,MC0075-3051,0,0,0,57.37,,
31242,MC0075-3081,0,0,0,57.37,,
31243,MC0075-4020,0,0,0,57.37,,
31244,MC0075-4025,0,0,0,57.37,,
31245,MC0075-4026,2,0,2,57.37,,
31246,MC70,15,7,8,23.88,,
31247,MC70GL,9,4,5,36.38,,
31248,MC70SL,4,3,1,32.86,,
31249,LT5201,0,0,0,80.13,,
31250,LT5202,0,0,0,80.13,,
31251,LT5203,0,0,0,80.13,,
31252,LT5204,0,0,0,80.13,,
31253,AT5101,1,1,0,69.23,,
31254,AT5102,0,0,0,69.23,,
31255,AT5103,0,0,0,69.23,,
31256,AT5104,0,0,0,69.23,,
31259,AL7301CR,0,0,0,102.12,,
31260,AL7302CR,0,0,0,102.12,,
31261,AL7303CR,0,0,0,102.12,,
31262,AL7304CR,0,0,0,102.12,,
31263,AO8716CR,0,0,0,369.35,,
31264,AO8718CR,0,0,0,407.42,,
31265,OH2016F,0,0,0,688.85,,
31266,OH2018S,0,0,0,671.63,,
31267,OH219F,0,0,0,726.92,,
31268,OH2020S,0,0,0,726.92,,
31270,AP3719XS/SK,0,0,0,883.38,,
31272,AP3722SK,0,0,0,951.92,,
31273,RA5001SL,0,0,0,131.41,,
31274,RA5001GL,1,1,0,119.44,,
31275,RA5002SL,1,0,1,110.22,,
31276,RA5002GL,2,0,2,130.68,,
31277,RA5003SL,1,0,1,131.41,,
31278,RA5003GL,3,2,1,127.78,,
31279,RA5004SL,3,2,1,131.41,,
31280,RA5004GL,0,0,0,147.44,,
31281,RA5005SL,1,1,0,131.41,,
31282,RA5005GL,0,0,0,147.44,,
31283,RA5201SL,0,0,0,131.41,,
31284,RA5201GL,2,0,2,147.44,,
31285,RA5202SL,2,0,2,131.41,,
31286,RA5202GL,2,0,2,147.44,,
31287,RA5203SL,0,0,0,131.41,,
31288,RA5203GL,0,0,0,147.44,,
31289,RA5204SL,0,0,0,131.41,,
31290,RA5204GL,0,0,0,147.44,,
31291,RA5205SL,1,1,0,131.41,,
31292,RA5205GL,0,0,0,147.44,,
31293,526TID-LTD/12,0,0,0,884.44,,
31294,526TID-LTD/20,0,0,0,884.44,,
31297,A102112,0,0,0,1062.5,,
31298,A102113,0,0,0,1062.5,,
31304,RC10812V,2,0,2,1920.71,2693.6,
31305,RC101012V,2,1,1,1920.71,2693.6,
31308,OH226S,0,0,0,1656.35,,
31309,AP3519,0,0,0,807.23,,
31310,AP3519XS,0,0,0,850.67,,
31311,010-10922-00,2,0,2,24.49,,
31320,A25062,0,0,0,237.49,,
31345,15052-101,0,0,0,483.33,,
31346,15048-101,0,0,0,1236.59,,
31347,15049-101,0,0,0,1283.44,,
31348,15050-101,0,0,0,1847.44,,
31349,15051-101,0,0,0,2210.12,,
31357,806-1010,7,3,4,376.68,,
31358,806-1810,24,11,13,465.55,,
31388,1903002,8,8,0,143.75,,
31390,1903005,0,0,0,107.81,,
31391,1903006,4,3,1,107.81,,
31395,1821033,391,199,192,132.13,,
31415,17215-0000,20,13,7,44.31,,
31416,17800-2000,6,6,0,251.93,,
31418,18590-2092,18,12,6,177.65,,
31419,18660-0121,10,5,5,167.44,,
31420,29015-0000,11,3,8,30.02,,
31421,29015-0010,2,2,0,43.33,,
31422,29015-0020,11,0,11,52.99,,
31423,29040-3000,17,8,9,101.48,,
31427,29200-0120,3,0,3,421.48,,
31428,29295-1011,10,2,8,17.91,,
31429,30573-0000,18,8,10,76.48,,
31443,33799-0000,9,5,4,86.62,,
31444,34060-0010,12,0,12,52.49,,
31445,34060-0130,6,2,4,57.14,,
31446,35400-0000,5,3,2,180.72,,
31447,35440-0000,9,4,5,168.58,,
31448,35760-0092,8,4,4,262.99,,
31449,35770-0092,11,4,7,240.81,,
31451,36740-0000,2,0,2,159.49,,
31452,36770-0115,8,4,4,382.17,,
31466,45490-1000,8,5,3,76.49,,
31468,46400-0000,13,4,9,19.28,,
31469,50880-1000,2,1,1,226.2,,
31470,50890-1000,5,0,5,281.79,,
31479,140,1,0,1,34.69,,
31480,240,15,8,7,37.96,,
31481,41,29,13,16,30.72,,
31482,43,30,28,2,31.47,,
31483,39,2,0,2,67.16,,
31484,33ALA,15,7,8,68.17,,
31489,04,7,2,5,121.42,,
31490,51S,1,0,1,173.38,,
31491,02,39,3,36,89.28,,
31492,09,13,3,10,145.52,,
31493,53S,12,5,7,236.75,,
31494,10,40,15,25,125.25,,
31496,710201-1,1,1,0,188.32,,
31498,13A,5,2,3,269.53,,
31499,17A,6,1,5,230.15,,
31500,14A,0,0,0,206.64,,
31507,40A,23,22,1,41.16,,
31508,35A,42,33,9,32.09,,
31509,35FA,11,9,2,34.4,,
31516,70,30,11,19,4.93,,
31517,37A,26,12,14,47.77,,
31518,37FA,22,15,7,49.77,,
31519,403STC,11,4,7,49.99,,
31520,405STC,18,9,9,54.99,,
31521,401STC,4,0,4,46.99,,
31539,B60-20-BL,0,0,0,290.59,,
31650,A53S-24,14,8,6,202.84,,
31656,11200800,0,0,0,24.3,,
31657,21211310,0,0,0,57.21,,
31658,11200200,1,0,1,24.3,,
31659,11200500,2,1,1,24.3,,
31672,21310810,1,1,0,58.06,,
31673,21311010,0,0,0,65.31,,
31683,21201110,0,0,0,57.21,,
31684,21201310,1,1,0,57.21,,
31685,21211110,0,0,0,57.21,,
31686,11500600,2,0,2,37.46,,
31687,11200100,2,0,2,24.3,,
31689,11500000,3,1,2,37.46,,
31690,11500500,11,7,4,37.46,,
31693,21301110,2,1,1,60.75,,
31694,21301410,3,2,1,60.75,,
31695,21301510,1,1,0,60.75,,
31696,21300810,0,0,0,60.75,,
31697,21301010,1,1,0,60.75,,
31698,21311710,0,0,0,66.83,,
31699,21311310,0,0,0,66.83,,
31700,21311510,0,0,0,66.83,,
31701,21432111,3,2,1,76.95,,
31702,21431111,2,2,0,76.95,,
31703,21431311,0,0,0,76.95,,
31713,11500700,3,2,1,40.5,,
31714,21301210,3,2,1,60.75,,
31715,21431911,6,3,3,76.95,,
31716,21501511,4,3,1,84.04,,
31721,21301310,2,1,1,60.75,,
31722,21431511,6,4,2,76.95,,
31723,21502311,5,2,3,84.04,,
31724,11500200,7,4,3,37.46,,
31725,11500400,13,10,3,37.46,,
31726,21431711,4,1,3,76.95,,
31727,21501711,5,3,2,84.04,,
31728,21501911,4,2,2,84.04,,
31729,21502111,6,3,3,84.04,,
31730,11300101,2,1,1,27.85,,
31731,11300200,6,3,3,27.85,,
31732,11500300,5,3,2,37.46,,
31733,11500100,0,0,0,37.46,,
31741,USB100-01,8,4,4,156.0,,
31743,J2K100-01,7,3,4,280.0,,
31745,RAA100-01,0,0,0,247.2,,
31746,TLA100-01,7,4,3,210.4,,
31777,M33-100,0,0,0,100.0,,
31779,33-398-04PW,7,3,4,25.2,,
31786,FA-CF-ST,66,32,34,15.68,,
31787,FA-CM-ST,74,48,26,15.68,,
31788,BHF-CM-CF,3,3,0,25.44,,
31789,CM-CF-CF,67,30,37,19.68,,
31791,M000101,12,8,4,2.0,,
31792,M000102,14,11,3,2.0,,
31793,TR-CM,21,8,13,10.0,,
31794,TR-CF,25,8,17,10.0,,
31795,IT-CM-CF,7,4,3,16.8,,
31797,CM-CG1-CF-00.5,14,8,6,20.8,,
31798,CM-CG1-CF-01.0,14,8,6,21.92,,
31799,CM-CG1-CF-03.0,11,6,5,26.56,,
31800,CM-CG1-CF-06.0,9,9,0,33.2,,
31801,CM-CG1-CF-10.0,8,8,0,41.52,,
31807,CF-SPWR05-CF,15,7,8,40.32,,
31810,FA-NF-ST,3,2,1,27.36,,
31811,FA-NM-ST,3,2,1,27.36,,
31812,BHF-NM-NF,0,0,0,25.44,,
31813,NM-NF-NF,3,2,1,27.44,,
31815,NM-CF-NF,8,3,5,28.8,,
31816,M65-0085,0,0,0,12.8,,
31817,M65-0086,0,0,0,9.6,,
31818,TR-NM,2,0,2,10.08,,
31819,TR-NF,2,0,2,10.08,,
31820,TRL-NM,2,1,1,22.64,,
31821,TRL-NF,1,0,1,22.64,,
31822,NM-NB1-NF-00.5,0,0,0,33.28,,
31823,NM-NG1-NF-01.0,1,0,1,35.44,,
31824,NM-NG1-NF-03.0,1,0,1,48.4,,
31825,NM-NG1-NF-06.0,0,0,0,58.4,,
31826,NM-NG1-NF-08.0,0,0,0,73.92,,
31827,NM-NG1-NF-10.0,0,0,0,77.6,,
31828,NF-NM4P-NF,2,0,2,198.16,,
31829,NM4P-01,0,0,0,31.52,,
31835,220003,1,1,0,23.17,,
31839,150110,3,3,0,33.3,,
31841,151510,7,1,6,58.73,,
31842,142610,8,5,3,34.4,,
31843,142410,12,7,5,43.61,,
31849,131510,4,2,2,58.1,,
31850,131110,0,0,0,114.39,,
31851,124110,0,0,0,87.38,,
31852,124310,0,0,0,56.56,,
31853,124510,10,3,7,39.93,,
31854,124710,17,5,12,31.35,,
31855,151525,8,5,3,137.66,,
31856,111502,13,5,8,22.01,,
31857,111902,5,3,2,22.01,,
31858,112502,5,5,0,27.23,,
31860,112002,10,10,0,27.23,,
31861,113002,19,10,9,38.02,,
31862,113502,0,0,0,38.02,,
31863,113902,5,3,2,38.02,,
31864,114002,18,6,12,57.8,,
31865,114502,0,0,0,57.8,,
31866,114902,8,4,4,57.8,,
31867,102010,11,7,4,11.87,,
31868,102810,18,7,11,11.87,,
31869,103010,10,5,5,11.87,,
31870,102410,5,1,4,11.87,,
31871,104010,25,9,16,17.06,,
31872,104810,15,0,15,17.06,,
31873,105010,10,5,5,17.06,,
31874,106010,19,7,12,22.93,,
31875,106810,0,0,0,22.93,,
31876,107010,3,0,3,22.93,,
31877,106310,7,3,4,22.93,,
31878,702033,6,4,2,16.6,,
31887,010-11082-00,0,0,0,22.49,,
31889,010-11084-00,0,0,0,10.48,,
31890,010-11076-03,36,22,14,17.49,,
31891,010-11076-00,44,11,33,22.49,,
31892,010-11076-01,28,20,8,24.49,,
31893,010-11076-02,43,6,37,27.99,,
31894,010-11078-00,44,20,24,17.49,,
31895,010-11080-00,21,0,21,10.48,,
31896,010-11081-00,122,1,121,10.48,,
31897,010-11094-00,16,9,7,24.49,,
31898,010-11095-00,9,9,0,24.49,,
31899,010-11096-00,3,1,2,13.99,,
31902,010-00671-00,2,2,0,157.49,,
31903,010-00701-00,0,0,0,157.49,,
31906,010-00701-01,3,3,0,157.49,,
31915,010-11089-00,8,2,6,20.99,,
31917,010-11091-00,0,0,0,25.2,,
31921,A66091,0,0,0,412.48,,
31928,010-C0887-00,0,0,0,337.49,,
31937,6316,2,1,1,195.83,,
31938,6316C,0,0,0,156.67,,
31945,215,12,1,11,40.54,,
31997,M81202,0,0,0,2962.49,,
32001,P102939,1,0,1,334.23,,
32002,806-1020,8,6,2,477.48,,
32003,806-1840,28,17,11,630.01,,
32022,A66092,0,0,0,520.82,,
32038,010-11023-00,12,0,12,5.5,,
32039,010-11031-00,0,0,0,16.49,,
32049,010-10729-00,0,0,0,6.0,,
32050,POWER 760,4,2,2,108.06,139.99,
32060,740093-1,6,6,0,31.04,,
32079,010-C0924-00,0,0,0,187.49,,
32149,1865106,763,377,386,24.17,,
32154,DA-2330,0,0,0,110.73,,
32164,SW45650,7,5,2,29.33,,
32165,SW45660,9,6,3,38.77,,
32166,SW77345,7,3,4,27.15,,
32167,SW77350,1,1,0,24.56,,
32168,SW77355,6,4,2,24.56,,
32169,SW77340,4,2,2,27.15,,
32170,SW21215,8,6,2,8.19,,
32171,SW21414,4,3,1,23.29,,
32172,SW21514,1,0,1,20.99,,
32173,SW31315,0,0,0,58.67,,
32174,SW19140,5,4,1,21.37,,
32175,SW61865,0,0,0,8.01,,
32178,SW81000,0,0,0,112.0,,
32195,HS1500HP,45,42,3,17.95,29.99,
32235,8110,7,5,2,134.27,,
32244,A55078D,0,0,0,204.16,,
32402,SW66650,12,7,5,8.56,,
32437,MA8505W,6,4,2,76.41,,
32446,UFM-100-BL,105,66,39,9.2,19.99,
32449,PHV-200-BL,0,0,0,7.32,14.99,
32452,PHW-203-BL,1,0,1,9.72,14.99,
32469,11500900,2,2,0,40.5,,
32476,XP-98W,15,10,5,91.74,,
32485,11100101,0,0,0,18.74,,
32486,11200600,0,0,0,25.92,,
32487,11100201,2,1,1,18.74,,
32488,11100501,1,1,0,18.74,,
32489,11100601,0,0,0,18.74,,
32490,11100701,0,0,0,18.74,,
32491,11100801,0,0,0,18.74,,
32492,21221110,0,0,0,57.21,,
32494,21221310,1,0,1,50.3,,
32495,21100910,1,1,0,42.71,,
32496,21101010,1,1,0,49.11,,
32497,21110910,2,1,1,43.18,,
32498,21111010,0,0,0,52.39,,
32522,A55077D,0,0,0,174.99,,
32529,2250141,25,25,0,6.1,,
32533,2250002,17,15,2,26.73,,
32541,1015,5,5,0,14.7,,
32543,2016,8,8,0,16.41,,
32544,2017,16,7,9,16.41,,
32545,2018,7,0,7,16.41,,
32546,5175,27,10,17,11.85,,
32547,5176,27,18,9,11.85,,
32548,5177,10,0,10,11.85,,
32549,5178,35,22,13,11.85,,
32550,5180,1,1,0,11.85,,
32551,5181,45,25,20,11.85,,
32552,5182,15,10,5,11.85,,
32553,5183,21,4,17,11.85,,
32554,5184,23,8,15,11.85,,
32555,5185,31,14,17,11.85,,
32556,5186,20,10,10,11.85,,
32557,5187,1,0,1,11.85,,
32559,5189,43,16,27,11.85,,
32560,5190,0,0,0,11.85,,
32561,5191,202,61,141,17.91,,
32562,7620,3,3,0,178.53,,
32563,7621,0,0,0,178.53,,
32564,7700,5,0,5,147.48,,
32565,7701,5,2,3,136.58,,
32566,7702,0,0,0,147.48,,
32567,7703,0,0,0,136.58,,
32568,9159,8,4,4,11.24,,
32570,1810150,6,5,1,50.85,,
32571,150CCI,9,3,6,13.88,,
32605,PP4802,0,0,0,356.35,,
32644,010-11079-00,35,16,19,17.49,,
32645,010-C0880-00,0,0,0,262.49,,
32765,E22079,1,0,1,554.34,,
32772,010-11105-00,4,3,1,243.74,,
32879,SW81400,0,0,0,47.85,,
32880,B60-12-BL,0,0,0,244.66,,
32887,D003,0,0,0,29.82,,
32889,D005,0,0,0,29.82,,
32890,D006,0,0,0,29.82,,
32891,D007,0,0,0,29.82,,
32892,D009,0,0,0,46.86,,
32893,D010,0,0,0,46.86,,
32894,D011,0,0,0,46.86,,
32895,D159,0,0,0,46.86,,
32896,D160,0,0,0,46.86,,
32897,D026,0,0,0,76.69,,
32898,D027,0,0,0,76.69,,
32899,D028,0,0,0,76.69,,
32900,D029,0,0,0,76.69,,
32901,D030,0,0,0,76.69,,
32903,D008,0,0,0,29.82,,
32907,000-149-054,0,0,0,136.36,,
32908,CBL-DVI-10M,0,0,0,113.64,,
32909,PSU012,0,0,0,756.82,,
32913,713,12,9,3,7.07,,9.98
32914,730,6,3,3,9.63,,12.98
32915,730FG,0,0,0,9.07,,12.98
32916,740,15,7,8,12.96,,19.48
32917,760,34,11,23,17.99,,25.98
32918,760FG,6,6,0,17.99,,25.98
32919,833,28,11,17,28.29,,39.98
32920,855,92,47,45,34.69,,49.98
32921,950,75,33,42,24.07,,32.98
32922,955,38,18,20,24.07,,32.98
32923,960,70,38,32,25.93,,35.98
32924,970,57,28,29,28.1,,39.98
32925,980,58,34,24,32.14,,44.98
32926,985,66,27,39,32.14,,44.98
32927,990,62,22,40,32.14,,44.98
32928,308,18,8,10,27.31,,38.98
32929,310,15,8,7,30.53,,44.98
32930,50,9,9,0,24.64,,34.98
32931,2110,8,4,4,22.56,,29.98
32932,1700,13,13,0,21.9,,29.98
32933,1701,17,17,0,6.6,,8.98
32934,1702,17,7,10,6.53,,8.98
32935,1703,0,0,0,6.53,,8.98
32936,1710,24,16,8,11.56,,16.95
32937,1710C,21,1,20,27.87,,39.98
32940,112,0,0,0,15.93,,22.98
32941,113,26,6,20,29.27,,42.98
32942,117,46,24,22,56.24,,94.98
32946,1412,20,20,0,21.59,,29.98
32947,1416,31,17,14,24.41,,34.98
32948,1424,0,0,0,39.59,,56.98
32949,260,50,35,15,21.56,,29.98
32950,265,44,21,23,11.56,,15.98
32951,130,30,10,20,10.94,,15.98
32952,1901,0,0,0,22.91,,32.98
32953,1804,0,0,0,48.16,,67.98
32954,1820,0,0,0,32.13,,44.98
32955,1822,0,0,0,19.63,,28.98
32956,1825,23,10,13,38.56,,55.98
32957,101,41,26,15,6.89,,9.98
32958,102CH,9,3,6,11.44,,16.98
32960,KITMB,0,0,0,82.67,,119.98
32961,KITMI,6,3,3,123.67,,174.98
32972,A25004-P,18,0,18,25.56,,
32973,E06055,0,0,0,93.74,,
32974,VP1138,9,5,4,14.82,,
33049,A06041,11,2,9,51.13,,
33066,A06028,15,5,10,29.82,,
33067,A06030,0,0,0,25.56,,
33068,A06031,8,0,8,21.3,,
33069,A06032,16,4,12,17.03,,
33070,A06033,29,0,29,34.08,,
33071,A06034,5,0,5,38.34,,
33072,A06035,6,0,6,42.6,,
33073,A06036,5,0,5,51.13,,
33074,A06037,2,1,1,76.69,,
33075,A06038,2,2,0,34.08,,
33076,A06039,15,2,13,38.34,,
33077,0170BTWDP3,0,0,0,264.94,,
33078,A06040,10,10,0,42.6,,
33081,0170BM0DP3,0,0,0,351.7,,
33082,0170BP0DP3,2,2,0,171.73,,
33083,0170BSDDP3,4,2,2,171.73,,
33085,0170MP0DP3,2,1,1,233.85,,
33086,0170MSDDP3,0,0,0,233.85,,
33087,0170MSNDP3,0,0,0,337.13,,
33089,0170WP0DP3,4,2,2,176.63,,
33090,0170WSDDP3,4,2,2,157.0,,
33091,0170WSNDP3,0,0,0,264.94,,
33092,0602DP1BLK,0,0,0,132.41,,
33093,0602DP1CHR,2,2,0,158.69,,
33094,0602DP1WHT,1,0,1,158.73,,
33095,0602DP2BLK,0,0,0,132.41,,
33096,0602DP2CHR,3,1,2,158.69,,
33097,0602DP2WHT,1,0,1,158.73,,
33100,1045P00DP,7,2,5,27.88,,
33101,1045P0SDP,0,0,0,27.33,,
33103,1046P0SDP,6,1,5,30.32,,
33105,1047P0SDP,2,2,0,30.32,,
33106,1048P00DP,6,1,5,27.88,,
33107,1048P0SDP,7,2,5,27.33,,
33108,1060PB0DP,4,3,1,26.84,,
33110,1074DP2WHT,0,0,0,19.63,,
33111,1263DP1WHT,5,5,0,63.64,,
33112,1343DP4CHR,2,1,1,99.65,,
33114,1348DP6CHR,1,0,1,113.31,,
33115,1348DP8CHR,2,1,1,102.47,,
33116,8503DP,8,5,3,64.4,,
33117,8504DP,8,5,3,61.84,,
33118,8511DP,3,3,0,53.52,,
33119,8512DP,5,0,5,63.24,,
33120,8603DP,5,3,2,160.8,,
33121,9602DP,5,0,5,61.17,,
33122,9604DP,6,1,5,72.12,,
33123,9611DP,5,2,3,51.51,,
33124,9612DP,0,0,0,61.17,,
33125,9703DP,4,4,0,153.0,,
33166,A06042,1,0,1,34.08,,
33167,A06043,0,0,0,38.34,,
33168,A06044,0,0,0,42.6,,
33169,A06045,21,7,14,38.34,,
33170,A06046,10,3,7,38.34,,
33171,A06047,2,0,2,34.08,,
33172,A06048,0,0,0,34.08,,
33173,A06049,2,0,2,29.16,,
33174,A06061,5,2,3,29.82,,
33175,A06064,22,3,19,38.34,,
33180,HB-741,2,1,1,224.99,,
33182,PP4804,0,0,0,356.35,,
33225,E26028-PZ,0,0,0,169.6,199.0,
33236,NA-M320C-CARD,0,0,0,231.6,,279.0
33261,825-WLW,0,0,0,295.32,,
33291,51060,13,8,5,40.34,,
33294,79018,5,2,3,28.31,,
33295,87710,1,1,0,8.57,,
33312,R28170,46,15,31,311.16,,
33330,22034,29,13,16,214.21,,
33331,22074,25,15,10,288.75,,
33333,01-70-3,2,0,2,29.99,,
33343,ACM100-01,3,0,3,324.0,,
33344,DCM100-01,0,0,0,396.0,,
33345,FC01,0,0,0,32.0,,
33346,LEMHTA200-S,0,0,0,79.2,,
33347,M000630,2,2,0,60.0,,
33348,ELB-NM-NF,1,0,1,35.28,,
33349,MCF-2M-D12,0,0,0,44.0,,
33350,MCF-2M-D12CAT,2,0,2,98.4,,
33351,MCF-2M-D4,1,0,1,51.2,,
33352,NM-NG1-NF-02.0,0,0,0,40.96,,
33353,NM-NG1-NF-04.0,0,0,0,49.04,,
33354,NM-NG1-NF-05.0,1,1,0,49.04,,
33357,CM-CG1-CF-02.0,3,0,3,24.24,,
33358,CM-CG1-CF-04.0,7,6,1,29.44,,
33359,CM-CG1-CF-05.0,12,6,6,31.2,,
33360,CM-CG1-CF-08.0,12,6,6,38.24,,
33368,TR3K,4,4,0,26.4,,
33376,CVS-126,3,1,2,559.3,,
33378,A102137,0,0,0,1062.5,1275.0,
33473,17850-1012,0,0,0,177.57,,
33474,17820-0012,5,2,3,555.15,,
33475,MH-73A4B,12,12,0,42.35,,
33494,010-10850-20,0,0,0,19.8,,
33496,010-10851-11,0,0,0,16.49,,
33508,137500,16,12,4,175.39,,
33509,137501,21,12,9,133.63,,
33550,84-2031-00,6,4,2,255.98,,
33552,ST780-20,0,0,0,90.46,,
33555,ST780-30,3,3,0,90.46,,
33556,ST980-30,7,4,3,101.77,,
33557,ST980-40,3,3,0,101.77,,
33558,ST1290-60,14,7,7,135.69,,
33559,ST1290-80,14,6,8,135.69,,
33560,SX9510-30,9,7,2,100.5,,
33561,SX9510-40,16,4,12,100.5,,
33562,SX9510-60,0,0,0,100.5,,
33563,SX9510-80,21,10,11,100.5,,
33564,ST1610-120,0,0,0,197.88,,
33565,ST1610-160,0,0,0,197.88,,
33566,PT980-40,2,2,0,124.38,,
33567,PT1290-60,3,3,0,158.31,,
33568,PT9510-40,12,6,6,124.38,,
33569,PT9510-60,12,6,6,124.38,,
33570,PR500,0,0,0,28.24,,
33579,9368,0,0,0,38.14,,
33595,804-1210,4,4,0,183.03,,
33611,FI5001,2,1,1,462.22,,
33612,000-010-511,0,0,0,113.64,,
33615,000-010-618,0,0,0,136.36,,
33617,DST-800PWF,0,0,0,311.11,,
33618,DT-800PSF,0,0,0,288.89,,
33634,1363640,2,0,2,1308.94,,1549.99
33636,1363425,3,1,2,827.32,,
33637,1363445,1,0,1,1212.2,,
33680,1904000,3,3,0,24.66,,
33686,1904015,9,5,4,27.08,,
33690,1904025,24,24,0,38.69,,
33691,1904026,4,4,0,46.44,,
33692,1904027,0,0,0,61.92,,
33693,1904028,16,16,0,69.66,,
33694,1904029,12,9,3,89.01,,
33695,1904030,19,15,4,61.92,,
33696,1904031,22,21,1,69.66,,
33697,1904032,19,19,0,100.62,,
33698,1904033,5,4,1,108.36,,
33700,1907001,8,8,0,77.4,,
33701,1907002,275,219,56,92.97,,
33706,1903012,14,10,4,12.98,,
33707,1903013,5,0,5,12.98,,
33711,84-2030-00,11,7,4,218.48,,
33712,9479,0,0,0,125.0,,
33713,172001,3,1,2,961.11,,
33714,172011,0,0,0,1136.36,,
33715,171211,2,2,0,1047.75,,
33716,171201,4,2,2,919.08,,
33717,170611,1,1,0,1000.0,,
33719,1790010,5,4,1,43.59,,
33720,1790610,5,3,2,44.87,,
33721,1510012,1,0,1,445.12,,
33722,1203BW,3,3,0,19.51,,
33723,1211PL,7,2,5,18.29,,
33724,1212W,2,1,1,46.47,,
33725,1214A,5,2,3,8.01,,
33726,1222AW,6,3,3,9.62,,
33727,1222B,2,1,1,15.38,,
33728,1228CW,8,4,4,23.08,,
33732,160HI012,6,3,3,615.65,,
33741,160MI012,2,2,0,557.94,,
33748,21SRP1512,0,0,0,3430.23,,
33749,21SR1512,0,0,0,3343.02,,
33750,220HF012,2,2,0,972.56,,
33751,220HR012,0,0,0,1213.41,,
33752,31-102,1,0,1,16.03,,
33753,31-3001,2,0,2,118.75,,
33756,32-601RFK,0,0,0,355.77,,
33757,AVHWR01202,0,0,0,1116.07,,
33758,AVHAR01202,0,0,0,1155.49,,
33762,AVHAR01203,1,0,1,1306.55,,
33763,AVHWF01203,0,0,0,1085.37,,
33764,AVHWR01203,3,1,2,1326.22,,
33765,AVHWR01201,0,0,0,1192.07,,
33766,AVHWF01201,0,0,0,951.22,,
33767,AVLAR01202,0,0,0,1228.66,,
33768,AVLWR01201,0,0,0,1265.24,,
33769,ATDISRK,0,0,0,54.49,,
33770,C253,28,15,13,16.03,,
33771,C254,6,5,1,16.03,,
33785,CDRK,1,0,1,121.79,,
33790,CDS12,0,0,0,46.79,,
33791,CH102MW,3,3,0,173.72,,
33793,CH18W,9,4,5,34.62,,
33794,CHRK,0,0,0,105.77,,
33799,CSRK,0,0,0,106.25,,
33832,206-136,5,2,3,59.45,,
33870,DIAPUMPRK,6,3,3,43.59,,
33873,EST12,1,0,1,2032.35,,
33874,ESTDC,0,0,0,105.0,,
33876,G13W,10,3,7,28.13,,
33877,WH1A-S,6,2,4,28.13,,
33884,PHIIPUMP,15,7,8,248.72,,
33885,WH3,5,5,0,37.18,,
33896,RWS,5,4,1,131.25,,
33898,SEADISRK,7,4,3,33.33,,
33903,WH16,1,1,0,63.46,,
33904,048-001,30,19,11,3.03,,
33906,048-002,50,45,5,3.03,,
33908,048-015,72,47,25,3.03,,
33950,289-003,5,3,2,37.77,,
34011,HS-2774-1-R,0,0,0,489.65,,
34029,15096-001,0,0,0,43.1,,
34046,407020-1,1,1,0,327.99,,
34047,407030-1,5,5,0,356.36,,
34048,407040-1,8,8,0,419.17,,
34050,740105-1,0,0,0,22.14,,
34051,780015-1,1,1,0,37.09,,
34150,1854023,2,0,2,79.91,,
34156,FBA-38,15,9,6,18.75,,
34158,RIM100-01,4,2,2,240.0,,
34159,SIM100-01,1,0,1,276.0,,
34166,Z195,2,1,1,245.82,,
34176,MHS75,28,17,11,77.71,,
34184,FCV295,0,0,0,2587.95,,
34191,PSU013,0,0,0,927.27,,
34279,1050DPR,2,2,0,155.99,,
34280,1050MP,0,0,0,197.77,,
34281,1060DPR,0,0,0,185.98,,
34282,1071DP,4,4,0,78.48,,
34283,1073DP,6,6,0,65.61,,
34285,1085,1,1,0,246.68,,
34287,1091,2,2,0,334.36,,
34290,1101,1,1,0,511.39,,
34291,1106,2,2,0,563.86,,
34293,1116,2,2,0,617.76,,
34297,370,12,0,12,8.6,,
34299,1000K,12,12,0,19.04,,
34300,1001K,12,12,0,26.03,,
34301,1002K,8,8,0,31.1,,
34303,1010,11,11,0,15.15,,
34305,1021,0,0,0,51.25,,
34306,1023,1,1,0,14.76,,
34307,1025,0,0,0,36.78,,
34308,1026,1,1,0,69.69,,
34309,1028,2,2,0,62.33,,
34310,1029,1,1,0,68.33,,
34311,1036,4,4,0,11.93,,
34313,1170,24,24,0,8.34,,
34314,1171,17,17,0,8.61,,
34315,1172,8,8,0,8.68,,
34316,1173,0,0,0,8.71,,
34317,1179,10,10,0,9.18,,
34318,1190,23,23,0,10.41,,
34319,1180,0,0,0,6.28,,
34320,1181,12,8,4,5.49,,
34321,2125,0,0,0,35.41,,
34322,2126,11,11,0,21.61,,
34323,2127,5,5,0,15.78,,
34329,3015,0,0,0,20.75,,
34333,230-BK,7,7,0,18.18,,
34334,230-WH,3,3,0,18.18,,
34335,231-BK,5,4,1,19.33,,
34337,240,12,12,0,37.88,,
34339,241-BK,3,3,0,5.58,,
34340,241L-BK,14,14,0,7.81,,
34341,241-GR,12,12,0,5.58,,
34343,241-WH,16,16,0,5.58,,
34344,243-BK,0,0,0,7.91,,
34345,244-BK,6,6,0,6.74,,
34346,244L-BK,0,0,0,9.0,,
34348,245,14,8,6,12.28,,
34354,256,0,0,0,82.35,,
34355,257,1,1,0,34.78,,
34360,264,3,3,0,21.89,,
34361,265,0,0,0,20.64,,
34362,280-BK,12,12,0,16.36,,
34363,280-WH,9,9,0,16.36,,
34364,281-BK,0,0,0,17.48,,
34365,287,9,9,0,12.88,,
34369,344-BK,11,11,0,8.43,,
34370,350,10,10,0,16.94,,
34371,351,0,0,0,18.13,,
34372,355,9,9,0,20.64,,
34373,358,9,9,0,19.65,,
34375,362,1,1,0,22.53,,
34378,400-BK,6,6,0,33.88,,
34379,CM-CF-4,7,5,2,77.04,,
34380,401-BK,0,0,0,33.89,,
34382,444-BK,4,4,0,8.63,,
34385,459,11,11,0,13.03,,
34418,854-2021-01,4,2,2,101.22,,
34424,1608DP0BLK,0,0,0,61.55,,
34425,1608DP1BLK,0,0,0,60.52,,
34426,1609DP0CHR,2,0,2,70.81,,
34427,1636DP0CHR,4,2,2,72.25,,
34428,1639DP0CHR,1,0,1,72.25,,
34429,1642DP0CHR,6,3,3,80.94,,
34430,0300DP0CHR,0,0,0,37.36,,
34431,0300DP1CHR,6,3,3,40.96,,
34432,0300DP2CHR,1,0,1,47.96,,
34433,0870DP0CHR,4,1,3,32.19,,
34434,1312DP0CHR,9,4,5,26.47,,
34436,0420006CHR,0,0,0,496.43,,
34439,0499DP0CHR,4,0,4,83.59,,
34440,0504DP0CHR,7,2,5,67.79,,
34443,1356DP0CHR,0,0,0,99.75,,
34444,1356DP0WHT,0,0,0,96.84,,
34449,0599DPDCHR,2,2,0,54.57,,
34450,0599DPGCHR,12,7,5,57.29,,
34451,GP330B,7,2,5,344.25,,
34452,1399DP0CHR,0,0,0,44.03,,
34457,0525DP0BLK,5,2,3,30.96,,
34458,1324DP0BLK,10,6,4,27.2,,
34459,1324DP1BLK,7,2,5,29.92,,
34460,1188DP4CHR,2,2,0,26.49,,
34461,1188DP6CHR,9,3,6,18.08,,
34462,1188DP8CHR,0,0,0,37.52,,
34463,1252DP0CHR,7,5,2,36.27,,
34468,1230DP0CHR,9,9,0,21.93,,
34469,0750DP0CHR,2,0,2,130.99,,
34470,0757DP0CHR,5,5,0,27.52,,
34478,1347DP4CHR,5,2,3,70.7,,
34479,1347DP6CHR,1,1,0,94.47,,
34480,1349DP6CHR,0,0,0,121.38,,
34481,1349DP8CHR,0,0,0,135.91,,
34488,1049P00DPB,3,0,3,27.45,,
34492,1611DP2CHR,9,5,4,41.82,,
34514,11,10,8,2,129.99,,
34515,47DR,55,31,24,38.44,,
34516,A26043,0,0,0,399.99,479.99,
34517,405FC,15,5,10,51.96,,
34518,401C,15,3,12,49.33,,
34520,403C,2,2,0,49.99,,
34521,18220-1127,1,0,1,295.1,,
34522,34744-0000,7,4,3,188.23,,
34523,35115-0020,5,5,0,79.9,,
34524,35515-0010,5,5,0,102.17,,
34525,34739-0020,5,4,1,175.52,,
34526,35400-0010,2,1,1,212.43,,
34527,36740-0010,8,1,7,170.53,,
34528,35770-0094,3,3,0,243.96,,
34529,02840100A,6,1,5,458.84,,
34531,50840-0012,0,0,0,361.12,,
34532,31911-0000,8,5,3,109.14,,
34533,37010-0092,1,1,0,425.99,,
34535,IL500PK,3,2,1,96.4,,
34536,50070-0040,4,2,2,110.23,,
34537,50070-0200,7,2,5,121.65,,
34538,6050-0003,0,0,0,754.21,,
34539,11860-0005,4,1,3,760.73,,
34540,11810-0003,0,0,0,734.7,,
34541,18370-0000,0,0,0,1177.86,,
34542,37072-0092,8,7,1,202.81,,
34545,12210-0001,0,0,0,415.96,,
34550,209B,3,3,0,161.89,,
34551,10-6UL,15,8,7,136.96,,
34552,15A,1,1,0,199.99,,
34553,403FC,23,15,8,48.43,,
34554,18590-2094,7,7,0,188.41,,
34555,03,5,1,4,101.22,,
34556,55S,3,1,2,347.33,,
34557,16A,0,0,0,216.85,,
34558,56D,0,0,0,220.0,,
34564,40FA,6,0,6,42.94,,
34571,45,20,6,14,24.95,,
34572,18680-0920,1,0,1,299.99,,
34574,18670-0123,9,4,5,292.85,,
34575,18670-0943,1,1,0,322.14,,
34576,010-11156-00,0,0,0,20.99,,
34601,220AHF012,0,0,0,984.76,,
34602,220AHR012,0,0,0,1225.61,,
34603,220HF01201,0,0,0,902.44,,
34604,220AHF01201,0,0,0,914.63,,
34605,220HR01201,0,0,0,1143.29,,
34606,220AHR01201,0,0,0,1155.49,,
34607,220HF01202,2,1,1,826.22,,
34608,220AHF01202,0,0,0,838.41,,
34609,220HR01202,0,0,0,1067.07,,
34610,220AHR01202,0,0,0,1079.27,,
34612,760FS,7,4,3,61.06,,94.98
34613,833FS,16,5,11,70.7,,99.98
34614,855FS,14,8,6,83.56,,119.98
34692,T210,0,0,0,1170.32,,
34706,T215,0,0,0,951.91,,
34762,LMM-1,1,0,1,843.75,,
34764,LMM-2,0,0,0,843.75,,
34767,LM-GPS,5,3,2,81.56,,
34768,9502,5,3,2,76.69,,
34769,SC18,0,0,0,258.75,,
34770,SC12,1,0,1,264.38,,
34772,SC20,3,1,2,292.5,,
34773,SC21,2,0,2,326.25,,
34774,M92722,3,1,2,320.63,,
34775,M92698,0,0,0,360.0,,
34776,50100,1,0,1,143.44,,
34781,SC35,0,0,0,241.88,,
34782,SC45,0,0,0,270.0,,
34783,SC45R,0,0,0,281.25,,
34792,SPH-4I-W,0,0,0,289.69,,
34848,AIR-339-101,0,0,0,113.64,,
34849,AIR-339-102,0,0,0,145.45,,
34899,5502,27,11,16,39.56,,
34905,PP4805,0,0,0,356.35,,
34910,1413020134,0,0,0,251.52,,
34911,1413040134,0,0,0,242.95,,
34915,XP15 0101,0,0,0,123.48,,
34918,XPD15L0101,4,1,3,146.34,,
34947,A55076D,0,0,0,124.99,,
34948,A55079D,0,0,0,308.32,,
34949,A55080D,0,0,0,133.32,,
34950,A55081D,1,1,0,174.99,,
34959,WS20HD0600,4,0,4,17.86,,
34960,WC325 0100,21,3,18,22.5,,
34961,WC750 0100,2,2,0,38.08,,
34962,2019,14,14,0,17.85,,
34963,5503,34,10,24,39.56,,
34964,OML 0127,4,2,2,35.45,,
34965,4378,8,5,3,144.53,,
34967,7622,28,20,8,190.13,,
34968,7623,10,7,3,190.13,,
34969,11001,10,5,5,38.93,,
34970,11003,18,12,6,79.03,,
34971,2145,15,8,7,17.06,,
34972,2146,11,3,8,15.73,,
34973,1811,2,2,0,88.75,,
34974,1810,6,3,3,88.75,,
34978,2151,27,19,8,26.3,,
34979,1011,8,0,8,7.92,,
34980,1010,14,10,4,8.37,,
34983,2138,11,5,6,35.68,,
34984,2139,9,4,5,35.68,,
34986,2140,8,3,5,35.68,,
34987,2141,9,4,5,35.68,,
34988,2142,15,7,8,35.68,,
34989,2143,4,0,4,35.68,,
35008,1413230134,7,3,4,265.24,,
35097,81167,1,0,1,490.0,,
35098,SP-80-1,0,0,0,2099.3,,
35109,FW20000101,1,0,1,169.21,,
35151,1027,0,0,0,43.18,,
35157,1363641,0,0,0,1351.16,,1599.99
35162,1363420,1,0,1,757.42,,
35164,1363421,3,0,3,797.37,,
35168,1363447,2,0,2,1168.91,,
35169,1363446,1,0,1,1255.49,,
35177,1129,0,0,0,14.24,,
35192,T16012,0,0,0,89.48,,
35194,010-10781-00,0,0,0,16.31,,
35195,TLM100-01,11,3,8,180.0,,
35196,TMP100-01,3,2,1,244.0,,
35197,TA-5H-1.5NPT,4,2,2,49.6,,
35198,TA-5H-1.25BSP,1,1,0,29.6,,
35199,TFT-5H,0,0,0,43.2,,
35200,TFT-1.5NPT,4,2,2,40.0,,
35201,TFT-1.25BSP,1,1,0,67.2,,
35205,TP-AAP-1,2,1,1,20.4,,
35206,TP-EGT-1,4,2,2,125.6,,
35207,TP-IP-1,0,0,0,100.0,,
35252,1177,12,12,0,6.23,,
35253,1182,5,5,0,9.86,,
35254,E26027-PZ,0,0,0,165.83,199.0,
35265,B164-12-BL,0,0,0,934.65,,1275.0
35281,5250,11,7,4,61.4,,
35313,000-156-405,1,1,0,86.36,,
35379,1182-BUCKET,0,0,0,241.39,,
35421,27740,9,6,3,104.95,164.99,
35422,TPK300,8,4,4,19.99,,
35423,GP1030,0,0,0,349.08,,
35424,GP1031,0,0,0,363.62,,
35426,GP2030,0,0,0,349.08,,
35427,GP2031,0,0,0,363.62,,
35428,GP2033,0,0,0,363.62,,
35429,PP5030,0,0,0,385.44,,
35430,PP5031,0,0,0,399.99,,
35431,PP5033,0,0,0,399.99,,
35432,GP1052,0,0,0,327.26,,
35433,GP2052,0,0,0,327.26,,
35434,PP5052,0,0,0,370.9,,
35435,GP1173,0,0,0,385.44,,
35465,1153,30,18,12,5.74,,
35468,311-BK,6,6,0,12.18,,
35470,590-BK,8,8,0,7.29,,
35471,253,10,10,0,23.99,,
35472,254,0,0,0,22.88,,
35473,259,9,9,0,10.85,,
35476,254M,3,3,0,14.05,,
35492,104,6,6,0,12.56,,
35494,222,10,10,0,35.4,,
35498,247,0,0,0,66.61,,
35499,248,27,0,27,11.94,,
35501,266,10,10,0,16.63,,
35502,267,6,6,0,32.31,,
35504,269,0,0,0,15.2,,
35507,276,3,3,0,25.16,,
35508,277,7,7,0,26.83,,
35509,750,7,7,0,33.76,,
35510,797,4,4,0,26.73,,
35520,1041,15,12,3,9.0,,
35524,1047,6,6,0,6.49,,
35526,1049,13,13,0,9.11,,
35527,1176,5,5,0,9.58,,
35528,1178,10,10,0,9.0,,
35529,1183,0,0,0,7.54,,
35531,3025,12,12,0,16.0,,
35557,010-C0722-20,0,0,0,112.49,,
35559,010-C0728-20,0,0,0,112.49,,
35561,010-C0730-20,0,0,0,112.49,,
35563,010-C0731-20,0,0,0,112.49,,
35565,010-C0732-20,1,0,1,112.49,,
35566,010-C0735-00,0,0,0,262.49,,
35576,010-C0747-20,0,0,0,97.49,,
35578,010-C0748-20,0,0,0,97.49,,
35580,010-C0749-20,0,0,0,97.49,,
35588,010-C0755-20,0,0,0,97.49,,
35594,010-C0760-20,0,0,0,97.49,,
35596,010-C0761-20,0,0,0,97.49,,
35598,010-C0762-20,0,0,0,97.49,,
35600,010-C0763-20,0,0,0,97.49,,
35602,010-C0764-20,0,0,0,97.49,,
35604,010-C0765-20,0,0,0,97.49,,
35606,010-C0766-20,0,0,0,97.49,,
35608,010-C0767-20,0,0,0,97.49,,
35610,010-C0768-20,0,0,0,97.49,,
35614,010-C0770-20,0,0,0,97.49,,
35616,010-C0771-20,0,0,0,97.49,,
35618,010-C0772-20,0,0,0,97.49,,
35620,010-C0773-20,0,0,0,97.49,,
35622,010-C0774-20,0,0,0,97.49,,
35624,010-C0775-20,0,0,0,97.49,,
35626,010-C0776-20,0,0,0,97.49,,
35628,010-C0777-20,0,0,0,97.49,,
35630,010-C0778-20,0,0,0,97.49,,
35632,010-C0779-20,0,0,0,97.49,,
35634,010-C0780-20,0,0,0,97.49,,
35636,010-C0782-20,0,0,0,97.49,,
35638,010-C0783-20,0,0,0,97.49,,
35644,010-C0786-20,0,0,0,97.49,,
35646,010-C0787-20,0,0,0,97.49,,
35648,010-C0788-20,0,0,0,97.49,,
35650,010-C0789-20,0,0,0,97.49,,
35652,010-C0790-20,0,0,0,97.49,,
35654,010-C0791-20,0,0,0,97.49,,
35730,010-C0849-20,0,0,0,97.49,,
35758,010-C0868-20,0,0,0,63.74,,
35760,010-C0869-20,0,0,0,63.74,,
35762,010-C0870-20,0,0,0,63.74,,
35764,010-C0871-20,0,0,0,63.74,,
35766,010-C0872-20,0,0,0,63.74,,
35768,010-C0873-20,0,0,0,63.74,,
35770,010-C0874-20,0,0,0,63.74,,
35772,010-C0875-20,0,0,0,63.74,,
35776,010-C0877-20,0,0,0,119.99,,
35778,010-C0878-20,0,0,0,119.99,,
35780,010-C0879-20,0,0,0,119.99,,
35782,010-C0880-20,0,0,0,119.99,,
35784,010-C0881-20,0,0,0,119.99,,
35798,010-C0924-20,0,0,0,97.49,,
35799,010-C1001-00,0,0,0,187.49,,
35801,010-C1001-20,0,0,0,97.49,,
35805,010-C1003-00,1,0,1,262.49,,
35806,010-C1004-00,1,1,0,262.49,,
35811,010-C1018-20,3,0,3,164.99,,
35812,010-C1019-20,1,1,0,164.99,,
35818,010-C1024-00,0,0,0,262.49,,
35820,010-C1024-20,0,0,0,112.49,,
35833,010-10580-00,20,10,10,31.49,,
35834,FA-CF-90,8,5,3,15.68,,
35835,FA-CM-90,9,2,7,15.68,,
35881,220HS012,1,0,1,1368.9,,
35882,220AHS012,0,0,0,1381.1,,
35894,F08893,0,0,0,62.47,,
35895,F14256,7,7,0,93.6,,
35896,F14220,7,3,4,42.95,,
35897,F14393,30,22,8,63.28,,
35898,F14221,35,31,4,79.78,,
35899,F14254,19,6,13,11.37,,
35903,F13109,0,0,0,16.05,,
35904,F13110,0,0,0,18.18,,
35906,F13111,9,9,0,16.83,,
35908,F13112,11,11,0,20.53,,
35910,F14207,9,5,4,26.2,,
35911,F14208,13,9,4,26.41,,
35912,F13114,0,0,0,15.53,,
35913,F13116,0,0,0,16.77,,
35914,F10972BK,13,6,7,8.99,,
35915,F14264,11,11,0,18.45,,
35916,F15437,3,0,3,19.82,,
35919,F13274,1,0,1,5.32,,
35920,F13180,19,7,12,5.32,,
35925,T71FC,18,9,9,69.65,,
35927,X34,36,22,14,19.88,,
35928,M66X08,3,0,3,97.73,,
35929,M66X09,6,3,3,97.73,,
35930,M66X10,9,4,5,97.73,,
35931,M66X11,3,2,1,97.73,,
35932,M66X12,8,6,2,97.73,,
35933,M66X13,4,2,2,97.73,,
35934,M66X14,4,2,2,97.73,,
35935,M66X15,1,1,0,97.73,,
35936,M66X16,3,1,2,97.73,,
35937,M66X17,3,1,2,97.73,,
35938,M66X18,6,3,3,97.73,,
35939,M66X19,4,0,4,97.73,,
35940,A62245,0,0,0,72.43,,
35941,M66X20,3,2,1,97.73,,
35943,ROTECH08FC,2,2,0,147.58,,
35944,ROTECH09FC,4,2,2,147.58,,
35945,ROTECH10FC,6,4,2,147.58,,
35946,ROTECH11FC,2,0,2,147.58,,
35947,ROTECH12FC,4,2,2,147.58,,
35948,ROTECH13FC,4,3,1,147.58,,
35949,ROTECH14FC,2,0,2,147.58,,
35950,ROTECH15FC,0,0,0,147.58,,
35951,ROTECH16FC,3,2,1,147.58,,
35952,ROTECH17FC,3,2,1,147.58,,
35953,ROTECH18FC,6,4,2,147.58,,
35954,ROTECH19FC,5,1,4,147.58,,
35955,ROTECH20FC,6,4,2,147.58,,
35986,793,21,19,2,19.38,,
35988,5250-AIS,3,2,1,61.4,,
36015,2215397,0,0,0,39.53,,
36040,APT6002,2,0,2,309.71,,
36043,LMB-F1,0,0,0,1333.13,,
36044,LMB-F2,0,0,0,1333.13,,
36045,LMB-A1,0,0,0,1333.13,,
36046,LMB-A2,0,0,0,1333.13,,
36048,LMP-1,0,0,0,1745.12,,
36049,LMP-2,0,0,0,1788.75,,
36063,B164-0-10F,0,0,0,934.65,,1275.0
36065,806-1850,0,0,0,1441.73,,
36066,F18800,61,55,6,61.39,,
36090,UP28FM,4,2,2,514.45,,
36092,OIL 15,40,22,18,17.07,,
36095,KITOB-10',7,2,5,113.4,,
36096,KITOB-12',5,2,3,113.4,,
36097,KITOB-14',3,2,1,113.4,,
36098,KITOB-16',0,0,0,113.4,,
36099,KITOB-18',0,0,0,113.4,,
36100,KITOB-20',2,2,0,116.51,,
36101,KITOB-22',3,1,2,157.8,,
36102,KITOB-24',0,0,0,171.27,,
36103,KITOB-26',5,2,3,184.72,,
36104,KITOB-28',0,0,0,198.21,,
36105,KITOB-30',4,0,4,225.16,,
36139,PP4800,0,0,0,341.81,,
36146,72-0409,2,2,0,129.24,,
36176,SC101,0,0,0,984.38,,
36177,SC103,0,0,0,984.38,,
36180,6009C,0,0,0,13.52,,
36181,6010C,0,0,0,22.68,,
36182,6011C,0,0,0,38.08,,
36183,6012,0,0,0,58.11,,
36184,6110,6,2,4,52.65,,
36185,6111,0,0,0,68.76,,
36186,6112,10,6,4,143.54,,
36187,S-1520P,22,12,10,5.27,,
36188,S-1521,9,9,0,11.17,,
36189,S-1522P,7,3,4,16.39,,
36190,S-1523,0,0,0,23.0,,
36191,6804,0,0,0,59.4,,
36192,6804BP,0,0,0,5.99,,
36193,6809,2,0,2,77.64,,
36194,6809BP,0,0,0,5.99,,
36195,6810,0,0,0,145.72,,
36196,6810BP,0,0,0,5.99,,
36197,6904D,0,0,0,4.8,,
36198,6909D,0,0,0,4.97,,
36199,6910D,0,0,0,5.0,,
36200,6704,0,0,0,40.61,,
36201,6709,0,0,0,57.54,,
36202,6710,0,0,0,87.93,,
36207,S-114C,0,0,0,52.81,,
36208,S-112C,4,2,2,24.18,,
36209,6008HC,3,2,1,76.45,,
36210,6113C,4,4,0,29.25,,
36211,6073C,1,0,1,64.85,,
36212,6013C,0,0,0,40.04,,
36213,6030C,0,0,0,62.84,,
36215,6082C,0,0,0,39.84,,
36216,6083C,0,0,0,40.89,,
36217,AR-6480,1,0,1,35.73,,
36218,AR-6481,0,0,0,69.23,,
36219,AR-6482,0,0,0,31.18,,
36220,AR-6483,0,0,0,46.3,,
36221,AR-6484,0,0,0,50.2,,
36222,AR-6485,0,0,0,143.13,,
36223,AR-6486,0,0,0,298.41,,
36224,AR-6487,0,0,0,120.11,,
36225,AR-6488,0,0,0,173.99,,
36226,AR-6489,0,0,0,195.9,,
36227,AR-6490C,2,1,1,35.74,,
36228,AR-6495C,0,0,0,40.28,,
36238,S-5020P,2,2,0,13.0,,
36239,S-5021P,2,0,2,14.03,,
36240,S-5022P,0,0,0,14.85,,
36241,S-5023P,5,2,3,23.67,,
36242,S-5024P,4,2,2,26.16,,
36243,S-5025C,0,0,0,11.01,,
36244,S-5028P,2,2,0,13.09,,
36245,S-5029P,4,2,2,19.28,,
36246,6260C,4,2,2,27.4,,
36247,6261C,0,0,0,37.66,,
36248,6262C,0,0,0,46.7,,
36249,6959,4,2,2,118.78,,
36250,6960CBLUE,0,0,0,61.9,,
36251,S-1462C,0,0,0,19.41,,
36252,6993CBLUE,4,2,2,50.33,,
36253,6994CBLUE,0,0,0,50.33,,
36254,6995CBLUE,2,1,1,50.33,,
36255,6996CBLUE,0,0,0,50.33,,
36257,6894CBLUE,1,0,1,54.29,,
36258,6895CBLUE,0,0,0,54.29,,
36259,6004C,2,0,2,17.88,,
36260,6023C,2,2,0,21.14,,
36261,S-7031C,0,0,0,7.62,,
36262,S-7032C,0,0,0,12.41,,
36263,S-7033C,0,0,0,16.37,,
36264,6001,0,0,0,57.54,,
36265,6002,1,0,1,22.32,,
36266,6123C,6,2,4,34.99,,
36267,6124C,5,2,3,31.18,,
36268,6125C,4,2,2,34.99,,
36269,6126C,6,2,4,34.99,,
36270,6129C,4,2,2,36.33,,
36271,6394C,6,3,3,49.69,,
36272,6395C,5,4,1,49.69,,
36273,6060C,4,2,2,8.29,,
36274,6061C,9,4,5,17.21,,
36275,S-7041P,2,2,0,7.83,,
36294,806-1206,6,3,3,206.91,,
36295,806-1210,8,8,0,307.71,,
36296,806-1220,6,0,6,462.9,,
36297,S-9001B,2,1,1,98.59,,
36298,S-9002B,0,0,0,110.45,,
36299,S-9003B,0,0,0,125.01,,
36300,S-9004B,0,0,0,117.39,,
36302,S-9005C,0,0,0,37.96,,
36305,010-11022-10,18,9,9,8.0,,
36310,010-11345-00,0,0,0,8.24,,
36313,302,1,1,0,246.13,,
36371,H-AWHT,11,5,6,12.54,,
36372,H-ABLK,31,18,13,12.54,,
36382,CVS-128,1,1,0,1119.3,,
36402,32-5000,5,2,3,490.85,,
36406,E15017,0,0,0,42.6,,
36418,S-7004CBLUE,0,0,0,73.89,,
36419,6174CBLUE,1,0,1,50.78,,
36420,S-096,0,0,0,20.18,,
36421,S-1957CBLUE,0,0,0,51.09,,
36422,S-7009,0,0,0,203.51,,
36423,S-7007CBLUE,2,0,2,128.74,,
36425,S-1958CBLUE,0,0,0,62.55,,
36427,S-6241,19,10,9,51.59,,
36428,S-6242,17,7,10,166.85,,
36429,S-3541C,0,0,0,9.79,,
36430,P-2456C,35,6,29,41.84,,
36431,P-2452C,5,4,1,23.5,,
36432,P-2453C,0,0,0,35.29,,
36433,P-2454C,3,1,2,21.73,,
36434,P-2455C,0,0,0,31.39,,
36517,S-1388C,24,0,24,2.42,,
36519,S-1390C,63,7,56,3.42,,
36520,3421BP,0,0,0,6.47,,
36521,3439BP,0,0,0,14.47,,
36522,86000C,0,0,0,41.79,,
36523,P100084,0,0,0,20.0,,
36524,P100085,0,0,0,21.43,,
36525,X-10B-M,22,12,10,38.46,,
36526,X-10W-M,2,0,2,31.99,,
36527,X-11Y-TD,0,0,0,65.47,,
36536,V-527,2,0,2,82.12,,
36537,V-537B,19,10,9,82.12,,
36538,V-537,2,2,0,82.12,,
36539,V-537W,5,4,1,82.12,,
36540,S-53W,4,1,3,75.06,,
36541,XP-99,3,1,2,76.33,,
36542,XP-99W,8,4,4,76.33,,
36543,SS-PR2,2,1,1,236.19,,
36544,S-87,4,3,1,154.91,,
36545,S-87W,0,0,0,154.91,,
36546,B-200P,0,0,0,880.82,,
36547,FB-500,0,0,0,787.25,,
36620,T10-526,2,0,2,57.62,,
36625,3100,7,3,4,120.0,,159.98
36626,3101,8,5,3,140.0,,198.98
36627,3151,25,13,12,19.24,,27.52
36628,3152,27,17,10,19.91,,28.98
36637,A10-240,7,0,7,49.39,,
36640,A10-902,29,16,13,43.9,,
36668,T108-916,0,0,0,1903.84,,
36671,T909,1,1,0,242.89,,
36673,10,86,61,25,1.7,,
36674,30,6,5,1,30.99,,
36675,31,24,12,12,9.12,,
36677,75,34,27,7,11.37,,
36678,A-0-RED,33,20,13,29.23,,
36679,A-1-RED,15,7,8,35.79,,
36680,A-2-RED,14,10,4,49.53,,
36681,A-3-RED,2,0,2,66.31,,
36682,A-4-RED,9,5,4,93.41,,
36683,A-5-RED,5,5,0,188.04,,
36685,EFC-1,10,0,10,25.99,,
36686,EFC-2,11,11,0,33.99,,
36687,EFC-3,14,12,2,32.99,,
36688,EFC-4,8,0,8,39.99,,
36745,0227DP0CHR,9,6,3,33.59,,
36754,1400DP4CHR,0,0,0,33.8,,
36757,1400DP7CHR,0,0,0,56.02,,
36761,0939DP1STS,8,5,3,85.8,,
36767,FF-F1/G4 BLACK,11,7,4,21.81,,
36768,FF-F1/G4 GREEN,0,0,0,21.81,,
36769,FF-F1/G4 NVY BL,0,0,0,21.81,,
36770,FF-F3/G5 BLK,7,3,4,23.49,,
36771,FF-F3/G5 GRN,0,0,0,27.09,,
36772,FF-F3/G5 NVY BL,0,0,0,27.09,,
36774,FF-HTM-2 GRN,4,4,0,17.99,,
36775,FF-HTM-2 NVY BL,3,3,0,20.72,,
36776,FF-HTM-3 BLK,2,2,0,44.89,,
36777,FF-HTM-3 GRN,0,0,0,44.89,,
36778,FF-HTM-3 NVY BL,0,0,0,44.89,,
36779,FF-HTM-4 BLK,4,2,2,43.99,,
36780,FF-HTM-4 GRN,2,2,0,38.99,,
36781,FF-HTM-4 NVY BL,3,0,3,52.95,,
36782,G-1-BLACK,0,0,0,11.93,,
36783,G-1-BLUE,3,2,1,10.46,,
36784,G-1-WHITE,3,0,3,9.99,,
36785,G-2-BLACK,0,0,0,13.95,,
36786,G-2-BLUE,1,0,1,11.49,,
36787,G-2-WHITE,12,0,12,11.49,,
36788,G-3-BLACKWO,6,0,6,16.8,,
36789,G-3-BLUEWO,12,6,6,16.8,,
36790,G-3-WHITEWO,10,4,6,16.8,,
36792,G-3-BLUE,12,6,6,15.33,,
36793,G-3-WHITE,10,4,6,17.25,,
36794,G-4-BLACKWO,5,2,3,25.47,,
36795,G-4-BLUEWO,9,3,6,25.47,,
36796,G-4-WHITEWO,8,4,4,25.47,,
36797,G-4-BLACK,5,2,3,25.92,,
36798,G-4-BLUE,9,3,6,25.92,,
36799,G-4-WHITE,8,4,4,25.92,,
36800,G-5-BLACKWO,9,7,2,49.11,,
36801,G-5-BLUEWO,0,0,0,49.11,,
36802,G-5-WHITEWO,8,4,4,49.11,,
36803,G-5-BLACK,9,7,2,49.56,,
36804,G-5-BLUE,0,0,0,49.56,,
36805,G-5-WHITE,8,4,4,49.56,,
36806,G-6-BLACKWO,0,0,0,64.84,,
36807,G-6-BLUEWO,7,5,2,64.84,,
36808,G-6-WHITEWO,5,3,2,64.84,,
36809,G-6-BLACK,0,0,0,64.84,,
36810,G-6-BLUE,7,5,2,65.29,,
36811,G-6-WHITE,5,3,2,65.29,,
36812,HTM-1-BLACKWO,6,6,0,34.68,,
36813,HTM-1-BLUEWO,10,6,4,34.68,,
36814,HTM-1-WHITEWO,0,0,0,34.68,,
36815,HTM-1-BLACK,6,6,0,35.13,,
36816,HTM-1-BLUE,10,6,4,35.13,,
36817,HTM-1-WHITE,0,0,0,35.13,,
36818,HTM-2-BLACKWO,2,2,0,45.57,,
36819,HTM-2-BLUEWO,4,0,4,45.57,,
36820,HTM-2-WHITEWO,7,4,3,45.57,,
36821,HTM-2-BLACK,2,2,0,46.03,,
36822,HTM-2-BLUE,4,0,4,46.03,,
36823,HTM-2-WHITE,7,4,3,46.03,,
36824,HTM-3-BLACKWO,0,0,0,80.89,,
36825,HTM-3-BLUEWO,1,0,1,80.89,,
36826,HTM-3-WHITEWO,9,4,5,80.89,,
36827,HTM-3-BLACK,0,0,0,81.35,,
36828,HTM-3-BLUE,1,0,1,81.35,,
36829,HTM-3-WHITE,9,4,5,81.35,,
36830,HTM-4-BLACKWO,0,0,0,119.37,,
36831,HTM-4-BLUEWO,3,0,3,119.37,,
36832,HTM-4-WHITEWO,0,0,0,119.37,,
36833,HTM-4-BLACK,0,0,0,119.83,,
36834,HTM-4-BLUE,3,0,3,119.83,,
36835,HTM-4-WHITE,0,0,0,119.83,,
36836,WS-1-RED,98,48,50,9.06,,
36837,WS-1-YELLOW,64,31,33,9.06,,
36838,WS-1-GREEN,33,33,0,7.49,,
36839,CM-2-RED,0,0,0,149.07,,
36840,CM-2 WH-STR,0,0,0,149.07,,
36841,CM-2SS-RED,0,0,0,202.04,,
36842,CM-2SS W-STR,0,0,0,202.04,,
36843,CM-3-RED,0,0,0,174.27,,
36844,CM-3 WH-STR,5,3,2,154.99,,
36845,CM-3SS-RED,0,0,0,227.2,,
36846,CM-3SS W-STR,3,1,2,199.99,,
36851,35983,11,7,4,23.04,,
36853,36103,11,11,0,2.24,,
36855,65501,52,52,0,31.41,,
36941,1820089,16,13,3,29.05,,
36942,1865108,160,147,13,12.34,,
36943,1865110,36,18,18,12.34,,
36953,1865101,0,0,0,8.71,,
36954,1865107,1,0,1,29.05,,
36955,1840201,5,5,0,15.98,,
36957,1810126,1,1,0,220.22,,
36958,1865002,9,8,1,12.34,,
36960,1865014,0,0,0,6.53,,
36961,1865019,33,33,0,6.1,,
36962,1865260,0,0,0,36.32,,
36963,1865261,3,3,0,43.58,,
36964,1865262,0,0,0,29.05,,
36988,1907030,0,0,0,6.49,,
36989,1907040,10,2,8,11.71,,
36990,1907050,6,6,0,8.45,,
36991,1907060,4,4,0,7.36,,
37010,7716,8,4,4,149.15,,
37029,FW32000101,6,1,5,228.66,,
37030,TJ12000101,7,4,3,68.6,,
37220,58500-0012,5,3,2,698.48,,
37221,58500-1012,11,5,6,825.52,,
37224,T10-327,9,5,4,46.65,,
37241,6074C,2,2,0,23.73,,
37256,560-1110-7,3,2,1,28.57,,
37258,560-1112-7,10,4,6,28.57,,
37259,560-2110-7,0,0,0,28.57,,
37260,560-2112-7,3,3,0,28.57,,
37261,560-2113-7,10,4,6,28.57,,
37292,A10-650,14,9,5,30.18,,
37293,21501730,7,4,3,94.16,,
37294,21501930,11,8,3,94.16,,
37322,A10-492PB,0,0,0,43.9,,
37324,A10-1290PB,8,2,6,54.88,,
37325,A10-1291PB,9,8,1,60.37,,
37327,CL-D,0,0,0,191.37,,
37328,CL-W,0,0,0,296.43,,
37329,CL-DS,0,0,0,254.57,,
37333,CL-S,0,0,0,182.25,,
37337,012-2500-7,6,4,2,13.68,,
37339,012-5500-7,0,0,0,13.68,,
37340,CL-C,1,1,0,223.81,,
37341,BM-1,0,0,0,132.29,,
37347,CL-GR,0,0,0,141.09,,
37349,CL-EL,0,0,0,96.42,,
37350,CL-DR,0,0,0,96.42,,
37351,CL-SLR,0,0,0,96.42,,
37352,CL-CR,0,0,0,120.1,,
37353,CL-WR,0,0,0,96.42,,
37355,CL-AIS,0,0,0,169.23,,
37357,CLZ-SXD,0,0,0,37.82,,
37358,CLZ-PS,0,0,0,9.78,,
37359,CLZ-DXD,0,0,0,56.72,,
37360,CLZ-DX,0,0,0,18.43,,
37362,CLZ-WC,0,0,0,21.54,,
37363,CLZ-WXC,0,0,0,8.3,,
37365,CLZ-PWU,0,0,0,52.68,,
37366,CLZ-IHK,0,0,0,32.42,,
37367,CLZ-WEXT,0,0,0,23.4,,
37368,CLZ-WV,0,0,0,21.54,,
37370,P79-BL,0,0,0,145.88,,199.0
37378,RC612V,3,2,1,806.25,1135.2,
37379,RC8812V,2,1,1,1385.97,1944.8,
37388,449-BK,13,13,0,27.09,,
37414,ARM2502B,0,0,0,98.01,,
37424,P10293,0,0,0,257.27,363.0,
37425,P10294,0,0,0,308.77,431.0,
37426,P10295,0,0,0,357.63,508.0,
37427,P10297,2,2,0,505.86,698.0,
37428,P10299,0,0,0,640.45,773.0,
37431,PRO510XL,23,12,11,47.37,,
37432,PRO520XL,40,23,17,58.32,,
37440,27656A,71,24,47,32.56,,
37474,808-9001,6,0,6,19.92,,
37476,288-PW,0,0,0,102.04,,
37477,295-PW,0,0,0,121.58,,
37482,GPS200-01,5,2,3,236.0,,
37525,010-11215-01,0,0,0,25.99,,
37684,707/50/200T-CX,2,1,1,367.5,,
37705,311096402,4,4,0,94.24,,
37710,311096406,4,2,2,94.24,,
37713,311196402,5,3,2,92.99,,
37714,311196406,2,2,0,108.74,,
37716,311096502,2,2,0,108.74,,
37717,311096506,0,0,0,108.74,,
37718,311196502,0,0,0,123.24,,
37719,311196506,7,6,1,123.24,,
37721,301097206,0,0,0,115.99,,
37723,301097406,3,2,1,137.74,,
37725,301197406,4,2,2,152.24,,
37728,301097506,0,0,0,159.49,,
37730,301197506,4,3,1,173.99,,
37765,010-11442-00,4,1,3,73.49,,
37769,TM260-10F,0,0,0,1098.85,,1499.0
37775,010-11324-00,1,0,1,149.99,,
37776,010-11325-00,0,0,0,149.99,,
37777,010-11326-00,5,2,3,157.49,,
37779,010-11328-00,0,0,0,157.49,,
37791,EFC-A4,11,9,2,84.99,,
37792,EFC-A5,0,0,0,152.91,,
37793,EFC-A6,0,0,0,223.43,,
37800,HF3/W,0,0,0,324.18,,
37809,242-BK,18,10,8,7.36,,
37811,130-BK,8,8,0,19.18,,
37812,405-BK,6,6,0,36.16,,
37982,MK212,0,0,0,758.72,,
37987,TLM150-01,4,2,2,208.0,,
38041,SC105,0,0,0,1006.88,,
38046,SC65,0,0,0,309.38,,
38047,DS16-P,48,28,20,16.88,,
38048,DS21A-P,26,3,23,19.69,,
38049,DS21B-P,24,3,21,19.69,,
38050,DS30-P,188,147,41,20.81,,
38051,DS40-P,20,14,6,23.63,,
38052,DS16-S,7,4,3,33.19,,
38053,DS21A-S,21,19,2,39.38,,
38054,DS21B-S,19,0,19,39.38,,
38055,DS30-S,20,0,20,48.94,,
38056,DS40-S,38,15,23,52.31,,
38072,1820,16,8,8,12.09,,
38177,DAC,3,2,1,29.99,,
38186,3022-BK,8,8,0,14.15,,
38299,T104-916,0,0,0,2336.53,,
38301,T110-916,0,0,0,478.01,,
38302,T111-916,0,0,0,564.55,,
38304,T112-916,0,0,0,564.55,,
38306,T113-916,0,0,0,478.01,,
38309,T120,0,0,0,659.33,,
38312,T121,1,0,1,399.71,,
38315,T908,0,0,0,387.49,,
38317,T221,0,0,0,717.02,,
38318,T138,0,0,0,108.32,,
38319,T911,0,0,0,158.32,,
38320,T912,0,0,0,161.92,,
38321,T914,0,0,0,483.32,,
38322,T915,0,0,0,195.82,,
38323,T910,0,0,0,245.82,,
38324,T075-916,0,0,0,1298.07,,
38325,T070-916,0,0,0,692.3,,
38326,T061,1,0,1,412.08,,
38329,T10-471JB,6,2,4,65.85,,
38334,135200-701-999-12,42,28,14,17.5,,
38335,135000-701-999-12,6,6,0,11.88,,
38389,1854107,3,3,0,25.41,,
38390,1854108,4,2,2,36.32,,
38391,1854100,0,0,0,29.05,,
38392,1854101,3,3,0,21.79,,
38471,544K,2,2,0,28.93,,
38488,1150-F,15,8,7,50.08,,
38490,1151-F,14,7,7,29.23,,
38491,1152-F,3,0,3,21.0,,
38492,1132-F,11,4,7,20.23,,
38493,1190-F,0,0,0,47.72,,
38494,1135-F,10,4,6,19.2,,
38495,1006-F,6,3,3,17.72,,
38496,1060-W-F,20,12,8,24.75,,
38497,1062-W-F,13,8,5,60.87,,
38498,1064-W-F,9,8,1,40.57,,
38499,95-078-F,3,2,1,57.71,,
38500,95-072-F,0,0,0,103.05,,
38504,96-250-F,5,0,5,70.11,,
38505,96-258-F,16,10,6,51.68,,
38506,3200-F,0,0,0,213.0,,
38507,3400-F,3,2,1,319.57,,
38508,3600-F,0,0,0,369.8,,
38509,3800-F,0,0,0,420.01,,
38513,91-110-F,6,6,0,21.93,,
38514,3100-F,6,3,3,188.07,,
38515,3120-F,3,1,2,299.0,,
38516,2606W-F,16,8,8,17.8,,
38517,2608W-F,8,4,4,29.37,,
38518,2606P-F,16,12,4,17.8,,
38519,2608P-F,9,3,6,29.37,,
38540,CL-BAR,1,1,0,170.49,,
38547,B-60-12-CX,0,0,0,315.0,,
38548,B-60-20-CX,1,1,0,315.0,,
38571,XP10 0101,3,3,0,91.46,,
38572,XP15L 0101,7,5,2,124.52,,
38573,HD25000101,11,7,4,123.48,,
38574,EJ10000101,14,8,6,55.31,,
38575,HD50000101,16,8,8,214.94,,
38744,272,0,0,0,13.25,,
38746,428,3,3,0,11.31,,
38747,429,0,0,0,22.34,,
38748,388-BK,7,7,0,40.9,,
38819,010-11430-00,21,4,17,6.04,,
38848,87730,4,2,2,20.2,,
38853,ALM100-01,3,2,1,215.2,,
38855,MK5,0,0,0,649.39,,
38888,P7702101AJ,0,0,0,58.26,,
38906,500-0393-00,0,0,0,1084.58,,
38953,32903,2,1,1,35.19,,
38954,42123,0,0,0,36.42,,
38955,16004-00,5,3,2,81.48,,
38956,22004,4,3,1,87.99,,
38957,40004,2,1,1,153.09,,
38958,07503-00,22,8,14,42.99,,
38961,05703-00,3,1,2,56.99,,
38962,07903-00,0,0,0,62.96,,
38963,08203-00,1,0,1,64.2,,
38964,32-47258-003,0,0,0,62.65,,
38965,32-47259-003,0,0,0,68.91,,
38966,32-47260-003,0,0,0,75.19,,
38967,32-47261-002,1,0,1,77.69,,
38968,26014,8,6,2,12.83,,
38969,36303,3,2,1,37.04,,
38970,36152,5,2,3,39.51,,
38971,28552,38,25,13,19.75,,
38972,28572,6,6,0,30.86,,
38973,28512,12,10,2,32.1,,
38975,57151,0,0,0,95.23,,
38976,10-24453-01,4,1,3,102.47,,
38979,64534,0,0,0,195.8,,
38980,64634,0,0,0,277.78,,
38981,10-24728-03,0,0,0,86.28,,
38982,10-13399-03,0,0,0,125.93,,
38983,10-13407-07,0,0,0,157.53,,
38984,10-13329-103,0,0,0,221.4,,
38985,80-47229-01,12,6,6,137.84,,
38986,80-47230-01,0,0,0,157.89,,
38987,80-47435-01,10,6,4,256.89,,
38988,80-47436-01,2,1,1,255.99,,
39079,27575,12,6,6,230.57,399.99,
39082,A3120Z-11HAE,0,0,0,89.63,,
39083,A3120Z-31HAE,0,0,0,89.63,,
39086,P1120Z-11HAE,0,0,0,102.44,,
39087,P1120Z-31HAE,1,1,0,102.44,,
39090,LL-101,4,3,1,67.07,,
39091,55150A,51,9,42,15.93,,
39097,010-11441-00,0,0,0,22.49,,
39098,010-11441-01,0,0,0,14.99,,
39105,F05848,0,0,0,15.27,,
39106,F07674,3,1,2,9.99,,
39107,F05343,30,15,15,12.17,,
39108,F05351,9,9,0,10.78,,
39109,F05352,16,16,0,8.32,,
39111,F14200,9,0,9,22.07,,
39114,F14086,0,0,0,14.25,,
39115,F18804,9,5,4,63.91,,
39130,OT-0441VEL15,1,1,0,399.99,,
39132,0063DP5PLB,4,1,3,14.53,,
39134,OT-0541VEL15-HD,2,1,1,449.99,,
39135,OT-0542VEL15-HD,5,1,4,616.05,,
39139,OT-0552VEL186,6,3,3,778.47,,
39140,0063DP6PLB,10,5,5,24.15,,
39141,0063DP7PLB,5,5,0,34.67,,
39142,0063DP8PLB,5,0,5,40.6,,
39143,0063009PLB,0,0,0,63.87,,
39144,0065DP4PLB,1,0,1,44.08,,
39145,0065DP5PLB,8,3,5,57.08,,
39146,0065DP6PLB,5,2,3,73.55,,
39147,0065DP7PLB,1,1,0,62.19,,
39148,0066DP1PLB,5,0,5,14.77,,
39149,0066DP2PLB,2,0,2,28.44,,
39150,0066DP3PLB,2,2,0,42.99,,
39151,0066DP4PLB,2,0,2,59.39,,
39153,0076DP5PLB,3,0,3,9.96,,
39154,0076DP6PLB,8,4,4,13.55,,
39155,0076DP7PLB,5,5,0,14.53,,
39156,0076DP8PLB,7,5,2,21.49,,
39157,0076009PLB,0,0,0,33.97,,
39161,0086DP3PLB,10,5,5,18.33,,
39162,0086DP4PLB,8,4,4,28.84,,
39163,0086DP5PLB,0,0,0,41.8,,
39164,0086006PLB,2,1,1,50.63,,
39167,0322DP4PLB,5,5,0,27.05,,
39168,0322DP5PLB,8,5,3,34.76,,
39169,0322DP6PLB,5,3,2,45.6,,
39170,0322DP7PLB,6,2,4,63.97,,
39171,0322DP8PLB,8,3,5,83.51,,
39172,0322009PLB,3,2,1,102.01,,
39173,0328DP4,19,10,9,3.0,,
39174,0328DP4A,20,10,10,9.28,,
39175,0328DP5,15,5,10,5.25,,
39176,0328DP6,9,7,2,3.61,,
39177,0328DP6A,0,0,0,3.4,,
39178,0328DP8,14,8,6,11.81,,
39179,0350004DPC,6,6,0,28.81,,
39180,0350004DPP,7,4,3,32.53,,
39181,0350005DPC,7,4,3,43.04,,
39182,0350005DPP,4,4,0,35.29,,
39183,0350006DPC,1,1,0,59.0,,
39184,0350006DPP,0,0,0,45.85,,
39186,0350007DPP,6,4,2,69.71,,
39187,0350008DPC,9,5,4,98.88,,
39188,0350008DPP,8,4,4,85.59,,
39189,035006ADPC,5,1,4,59.0,,
39190,035006ADPP,3,3,0,45.85,,
39195,0493004PLB,2,0,2,199.98,,
39196,0493005PLB,7,3,4,272.54,,
39197,0493006PLB,5,3,2,302.6,,
39198,0493007PLB,5,5,0,305.66,,
39199,0493008PLB,4,1,3,481.79,,
39200,0493009PLB,6,3,3,597.68,,
39201,0493010PLB,0,0,0,742.11,,
39202,0714DP1PLB,7,2,5,23.19,,
39203,0805005PLB,3,3,0,142.9,,
39204,0805006PLB,0,0,0,177.84,,
39205,0805007PLB,0,0,0,175.25,,
39206,0805008PLB,0,0,0,217.93,,
39207,0805009PLB,4,4,0,453.51,,
39208,0805010PLB,0,0,0,711.5,,
39211,1310DP0CHR,7,4,3,29.52,,
39212,EFC-5,0,0,0,48.08,,
39271,010-11526-00,0,0,0,10.99,,
39306,010-11270-00,0,0,0,17.49,,
39313,MR652C,10,5,5,57.47,,
39314,MR752C,3,1,2,66.09,,
39318,MRANT10,18,12,6,3.31,,
39325,010-10856-20,0,0,0,12.99,,
39328,010-10854-21,0,0,0,8.24,,
39331,2104-F,0,0,0,168.51,,
39332,2105-F,0,0,0,202.2,,
39336,96-252-F,0,0,0,91.36,,
39341,ELB-CM-CF,4,2,2,29.92,,
39350,010-11478-01,0,0,0,8.24,,
39351,010-11478-02,0,0,0,16.49,,
39354,T060,13,7,6,370.87,,
39399,ZDIGUSBNMEA,20,9,11,48.96,,
39400,ZDIGHSC100,3,1,2,265.96,,
39401,BM-1CW,0,0,0,131.63,,
39402,BM-1CG,0,0,0,131.63,,
39410,27620,18,6,12,82.09,,
39411,27670,31,17,14,75.06,109.99,
39415,13109,8,3,5,44.95,,
39418,13311,19,6,13,54.87,,
39419,13511,9,3,6,56.94,,
39420,27660,52,39,13,76.67,,
39437,1082DP3WHT,0,0,0,31.79,,
39472,SP-70-8,0,0,0,2939.3,,
39473,SP-70-7,0,0,0,2799.3,,
39474,SP-80-8,0,0,0,2939.3,,
39475,SP-80-7,0,0,0,2799.3,,
39495,CO-CO1224T,2,1,1,156.0,,
39519,010-11595-00,0,0,0,84.99,,
39576,P7810500AJ,59,36,23,13.56,,
39577,P7810300AJ,34,16,18,10.14,,
39579,P7160901AJ,0,0,0,55.24,,
39580,P7837200AJ,0,0,0,12.31,,
39582,P7811700AJ,1,1,0,41.54,,
39585,P5591000AJ,4,1,3,9.74,,
39587,P7837300AJ,0,0,0,19.71,,
39590,P7816100AJ,0,0,0,19.71,,
39593,585-RAM-MNT,1,1,0,50.0,,
39600,YBP-0101,13,7,6,28.52,,34.98
39601,YBP-0202,20,12,8,16.88,,19.98
39602,251,138,68,70,6.5,,9.98
39627,1148,9,9,0,9.35,,
39628,S-500,13,0,13,2.15,,
39629,S-501,9,3,6,2.3,,
39641,1902300,24,24,0,459.54,,
39642,1902305,25,21,4,566.1,,
39643,1902310,12,9,3,751.99,,
39650,1904040,7,7,0,28.74,,
39651,1904045,7,3,4,86.25,,
39652,1907024,4,4,0,332.86,,
39653,1903020,0,0,0,26.59,,
39654,1903030,0,0,0,35.93,,
39655,1903031,5,5,0,35.93,,
39656,1907070,2,2,0,35.93,,
39694,720073-2,12,0,12,41.39,,
39695,720073-3,24,15,9,48.29,,
39696,720074-1,54,29,25,18.05,,
39699,407860-1,123,56,67,112.16,,
39708,710226-1,8,7,1,106.63,,
39711,2215392,6,6,0,21.55,,
39712,2215396,6,6,0,28.74,,
39713,2250122,7,2,5,14.36,,
39715,011-5540-7,0,0,0,7.68,,
39718,011-2540-7,8,6,2,7.68,,
39744,1865022,26,11,15,23.24,,
39749,1810220,4,2,2,50.85,,
39766,1822105,599,328,271,87.16,,
39767,1823155,1503,781,722,108.92,,
39777,010-11572-00,0,0,0,1612.49,,
39782,010-11156-30,0,0,0,24.49,,
39783,010-11156-31,0,0,0,38.5,,
39784,010-11156-32,0,0,0,52.49,,
39785,29310,26,22,4,50.14,,
39786,29210,13,2,11,59.13,,
39788,MR60B,24,10,14,31.61,,
39791,010-11053-30,0,0,0,637.49,,
39793,010-11057-30,2,1,1,55.99,,
39795,010-11532-00,1,0,1,10.48,,
39796,010-11533-00,4,3,1,20.99,,
39797,010-11056-00,1,0,1,56.24,,
39798,010-11170-01,18,18,0,1.05,,
39803,CVS-1410,0,0,0,1539.3,,
39808,500/50/200ST-CX,0,0,0,280.0,,
39809,B-164-0-CX,0,0,0,1050.0,,
39810,B-164-12-CX,0,0,0,1050.0,,
39811,B-164-20-CX,0,0,0,1050.0,,
39822,B-60-12-ES,0,0,0,350.0,,
39823,B-60-20-ES,2,1,1,234.99,,
39837,09-808B-1,0,0,0,20.37,,
39838,09-810B-1,1,1,0,16.0,,
39839,09-1028BT-1,0,0,0,28.4,,
39840,09-1026B-1,0,0,0,19.44,,
39843,61123,3,3,0,63.99,,
39845,43210-0001,0,0,0,768.16,,
39846,50410-1201,3,2,1,486.51,,
39943,GP1056,0,0,0,327.26,,
39944,GP2056,0,0,0,327.26,,
39945,PP5056,0,0,0,370.9,,
39946,GP1057,0,0,0,327.26,,
39947,GP2057,0,0,0,327.26,,
39948,PP5057,0,0,0,370.9,,
39949,GP2055,0,0,0,327.26,,
39950,PP5055,0,0,0,370.9,,
39979,GP1032,0,0,0,363.62,,
39980,GP2032,0,0,0,363.62,,
39981,PP5032,0,0,0,399.99,,
39982,GP1034,0,0,0,363.62,,
39983,GP2034,0,0,0,363.62,,
39984,PP5034,0,0,0,399.99,,
39991,GP1080,0,0,0,370.9,,
39992,GP1081,0,0,0,385.44,,
39993,GP2080,0,0,0,370.9,,
39994,GP2081,0,0,0,385.44,,
40026,010-11480-00,1,0,1,59.49,,
40074,010-C1048-20,0,0,0,97.49,,
40088,2106,1,1,0,715.85,,
40089,2116,0,0,0,782.83,,
40104,49114500,0,0,0,146.99,,
40105,49070800,0,0,0,107.91,,
40106,49060700,0,0,0,89.92,,
40120,SM81,28,14,14,14.12,,
40169,TX3916SL/SL,0,0,0,875.77,,
40175,L006UCL040ABA,0,0,0,2294.44,,
40176,L006UCL040ABB,0,0,0,2163.33,,
40177,L004U00741AME,0,0,0,3080.77,,
40178,L004U00741AM3,0,0,0,2818.89,,
40179,L006U00741AME,0,0,0,3343.33,,
40180,L006U00741AM5,0,0,0,3047.25,,
40181,L008U00741AMD,0,0,0,3527.17,,
40182,L008U00741AM5,0,0,0,3343.33,,
40183,L004US0241AME,0,0,0,4019.78,,
40184,L004US0241AM3,0,0,0,3783.7,,
40185,L006US0241AMD,0,0,0,4279.12,,
40186,L006US0241AM5,0,0,0,4040.22,,
40187,L008US0241AME,0,0,0,4489.13,,
40188,L008US0241AM4,0,0,0,4296.74,,
40189,1017759,0,0,0,125.0,,
40190,1031221,0,0,0,210.0,,
40334,813-1000-UL,0,0,0,139.42,,
40335,813-1500-UL,8,5,3,202.93,,
40336,813-3000-UL,4,3,1,448.3,,
40337,813-5000-UL,10,7,3,691.02,,
40367,010-11029-02,0,0,0,10.99,,
40368,010-11666-00,0,0,0,15.4,,
40413,V11-0809BBK50-2,19,2,17,206.62,,
40414,V11-0809BWK50-2,4,2,2,225.23,,
40415,V11-2423BBK50-2,1,0,1,422.83,,
40416,V11-2423BBK70-2,8,1,7,505.71,,
40417,V11-3426BBK70-2,2,0,2,588.32,,
40418,V11-3447BBK50-2,7,0,7,304.23,,
40419,V11-3447BWK50-2,4,2,2,307.85,,
40420,V11-4135BKA30-3,3,1,2,218.1,,
40421,V11-9795BBK50D-2,12,0,12,333.21,,
40422,V11-9811WCM70-2,4,0,4,466.13,,
40437,FPM100-01,4,1,3,336.0,,
40510,HX400,164,90,74,184.99,,
40524,15098-001,0,0,0,57.24,,
40568,010-11677-00,0,0,0,8.99,,
40569,010-11679-00,0,0,0,6.99,,
40571,010-10249-20,2,0,2,48.99,,
40572,010-11615-00,0,0,0,13.99,,
40574,010-11676-00,0,0,0,14.69,,
40575,010-11682-00,0,0,0,8.24,,
40579,2155,3,0,3,17.06,,
40580,4018,0,0,0,4.04,,
40581,5060,114,10,104,1.68,,
40582,5061,17,14,3,4.09,,
40583,5063,27,7,20,2.65,,
40584,5064,32,23,9,2.59,,
40585,5065,207,109,98,5.65,,
40586,5250,33,23,10,4.96,,
40587,5251,32,13,19,4.96,,
40588,5252,32,12,20,4.96,,
40589,5253,17,13,4,4.96,,
40590,5254,0,0,0,4.96,,
40591,5255,21,10,11,4.96,,
40592,5256,19,10,9,4.96,,
40593,5257,14,9,5,4.96,,
40594,5258,0,0,0,4.96,,
40595,5259,14,9,5,4.96,,
40596,5260,12,9,3,4.96,,
40597,7049,17,15,2,77.48,,
40598,7149,15,5,10,77.48,,
40599,7720,21,14,7,23.8,,
40600,7721,9,7,2,23.8,,
40601,7748,1,0,1,101.28,,
40605,8100,0,0,0,351.19,,
40606,8101,6,3,3,416.7,,
40607,8102,4,2,2,444.76,,
40608,7080,9,4,5,37.43,,
40609,7081,4,2,2,37.43,,
40610,7082,9,4,5,37.43,,
40611,7083,8,5,3,37.43,,
40612,7084,12,5,7,37.43,,
40613,7085,6,0,6,37.43,,
40614,7086,4,3,1,37.43,,
40624,ME-60,1,1,0,44.95,,
40627,7087,8,5,3,37.43,,
40628,7088,6,0,6,37.43,,
40629,7089,10,5,5,37.43,,
40631,7180,17,5,12,37.43,,
40632,7181,46,12,34,37.43,,
40633,7182,34,15,19,37.43,,
40634,7183,45,5,40,37.43,,
40635,7184,109,11,98,37.43,,
40636,7185,35,14,21,37.43,,
40637,7186,3,3,0,37.43,,
40638,7187,22,13,9,37.43,,
40640,7188,11,0,11,37.43,,
40641,7189,10,2,8,37.43,,
40643,7506,12,7,5,53.01,,
40644,7507,11,10,1,59.65,,
40645,7508,12,9,3,66.29,,
40752,T10-540,27,6,21,57.62,,
40787,F14087,9,0,9,17.11,,
40789,F16777,3,3,0,15.83,,
40790,F18816,0,0,0,89.47,,
40794,F103745,0,0,0,45.91,,
40797,SST-110,5,3,2,279.3,,
40798,TM200-30,0,0,0,70.0,,
40799,TS200-30,2,2,0,107.33,,
40808,229-BK,0,0,0,14.2,,
40809,239-BK,21,15,6,33.4,,
40810,260,16,16,0,16.81,,
40811,279,5,5,0,12.36,,
40812,349-BK,2,2,0,12.98,,
40813,469,4,4,0,24.66,,
40814,470,8,8,0,34.29,,
40817,476,20,20,0,17.18,,
40820,479,11,11,0,13.06,,
40822,720057-1,127,127,0,15.16,,
40832,ZDIGAIS100,6,5,1,216.96,,
40833,ZDIGAISNET,4,2,2,664.96,,
40840,PT-0-3PSI-01,2,0,2,128.0,,
40841,PT-0-5PSI-01,0,0,0,151.2,,
40844,T137,0,0,0,108.32,,
40845,TA065,13,9,4,25.56,,
40846,TA100,0,0,0,59.65,,
40848,TA101,2,0,2,25.56,,
40849,TA118,12,5,7,59.65,,
40851,C5-A,10,4,6,125.95,,
40852,TA119,16,7,9,59.65,,
40856,TA122,0,0,0,80.95,,
40857,TA125,9,5,4,59.65,,
40858,TA900,1,0,1,34.08,,
40860,T005,6,4,2,68.17,,
40867,TA070,2,1,1,25.56,,
40922,10222-211D,0,0,0,74.19,,
40932,013-00005-00,0,0,0,1.27,,
41034,MMB-97,14,5,9,11.72,,
41046,854-2022-01,0,0,0,57.1,,
41047,808-9003,0,0,0,28.12,,
41048,809-0940,6,3,3,21.73,,
41049,809-0942,1,0,1,32.34,,
41050,808-8040-01,2,0,2,76.93,,
41056,101075,10,4,6,82.74,,
41057,101076,19,10,9,81.57,,
41058,101077,0,0,0,82.08,,
41059,101078,17,7,10,32.0,,
41060,101079,15,4,11,33.06,,
41061,101080,6,4,2,35.66,,
41062,101081,4,2,2,104.61,,
41063,101082,3,0,3,111.1,,
41065,101084,16,3,13,13.22,,
41066,101085,16,4,12,13.22,,
41067,101086,6,4,2,12.98,,
41070,1031219,0,0,0,327.78,,
41071,1031482,0,0,0,327.78,,
41092,S-233,9,3,6,8.5,,
41094,808-0915,3,1,2,57.65,,
41142,63110,10,4,6,211.19,,263.99
41143,63115,10,7,3,259.19,,323.99
41144,63120,11,5,6,326.39,,407.99
41145,63130,21,17,4,393.59,,491.99
41146,63140,25,19,6,422.39,,527.99
41147,63150,19,10,9,547.19,,683.99
41148,63160,14,7,7,671.99,,839.99
41149,63170,8,3,5,431.99,,539.99
41150,63180,11,7,4,671.99,,839.99
41166,HRCFF612V,1,1,0,961.18,1307.2,
41167,HRCFF812V,3,3,0,931.58,1307.2,
41170,T10-780,5,5,0,76.83,,
41198,PTM-R1-1,0,0,0,1403.29,,
41199,IPG100-01,4,2,2,567.2,,
41203,010-00957-00,0,0,0,562.49,,
41207,010-C1062-20,3,1,2,112.49,,
41208,010-C1063-20,0,0,0,112.49,,
41211,010-C0884-20,0,0,0,119.99,,
41213,010-C1062-00,0,0,0,262.49,,
41214,010-C1063-00,0,0,0,262.49,,
41292,DS-MULTI,10,2,8,49.5,,
41294,SC30,0,0,0,174.38,,
41295,F40-0030BKA-1,8,7,1,33.69,,
41297,RK-0001PB,11,3,8,87.05,,
41300,010-C1064-00,0,0,0,187.49,,
41301,010-C1064-20,0,0,0,97.49,,
41302,CLZ-THMK,0,0,0,32.42,,
41326,010-11131-10,0,0,0,27.5,,
41331,701S-00616,0,0,0,214.05,,
41333,701S-00608,1,1,0,65.15,,
41376,2401K,16,16,0,29.21,,
41377,2402K,0,0,0,36.0,,
41420,ZDIGAIS100USB,4,2,2,216.96,,
41421,MS-RA200MP,1,0,1,9.09,,
41450,23121,5,4,1,115.18,,
41451,23122,3,2,1,131.63,,
41452,23124,4,2,2,123.47,,
41453,23123,2,1,1,149.25,,
41454,23125,0,0,0,158.07,,
41455,23126,0,0,0,181.25,,
41456,23127,7,4,3,227.58,,
41485,LTM-MS-525,18,0,18,105.72,154.99,
41487,UCH-101-BL,6,2,4,9.62,14.99,
41489,HS-01,0,0,0,421.88,,
41490,SPH-SYSTEM-W,0,0,0,479.12,,
41494,SX10512-70,18,7,11,119.35,,
41495,SX10512-90,10,10,0,119.35,,
41506,10009,22,10,12,62.3,,
41507,10012,16,7,9,124.71,,
41509,10027,11,8,3,74.26,,
41510,10028,7,7,0,139.55,,
41511,10036,134,37,97,33.35,,
41512,10002,17,0,17,64.61,,
41519,10035,47,17,30,23.45,,
41521,10050,24,19,5,32.86,,
41522,10051,30,18,12,32.86,,
41523,10055,33,14,19,65.35,,
41524,10001,35,33,2,42.87,,
41525,11031,25,18,7,18.57,,
41526,11032,24,16,8,30.9,,
41527,854-2019-01,0,0,0,189.67,,
41528,12427,13,1,12,80.25,,
41529,12428,19,13,6,152.06,,
41533,31991,6,6,0,90.51,,
41534,30991,33,24,9,92.22,,
41535,32991,22,12,10,98.08,,
41544,31001,12,6,6,61.92,,
41545,31011,11,3,8,73.9,,
41549,010-C1058-00,0,0,0,42.49,,
41578,81783,2,0,2,595.0,,
41590,GP1055,0,0,0,327.26,,
41592,010-C1057-00,0,0,0,79.98,,
41631,PP40-916,0,0,0,5200.54,,
41632,PP50-916,0,0,0,6498.62,,
41638,DCR100-01,0,0,0,284.8,,
41639,DST110-01,0,0,0,399.2,,
41646,FDEBSN010000A00,0,0,0,91.48,,
41647,FDEBSN015000A00,1,0,1,103.81,,
41648,FDEBSN020000A00,1,1,0,113.99,,
41655,HRC101012V,0,0,0,2249.43,3167.2,
41656,HRC101012VLP,0,0,0,2328.82,3167.2,
41658,P104370,1,1,0,41.6,,
41659,P104371,1,0,1,55.99,,
41660,P102981,2,1,1,1067.5,,
41661,P103864,8,0,8,52.14,,
41704,22209,4,2,2,56.85,,
41711,96-264-F,15,11,4,68.23,,
41712,96-288-F,12,4,8,24.6,,
41727,53502,13,9,4,71.86,164.99,
41737,102,11,11,0,61.33,,
41738,104,0,0,0,125.33,,
41739,105,0,0,0,74.67,,
41740,106,0,0,0,181.18,,
41741,108,0,0,0,76.0,,
41763,BF30,1,1,0,79.17,117.0,
41765,C30253,1,1,0,208.27,307.8,
41766,C30503,0,0,0,282.56,417.6,
41767,A1001,6,6,0,13.4,19.8,
41783,82044,1,1,0,31.33,,
41784,82004,0,0,0,27.57,,
41787,1212EIC,9,0,9,623.49,,
41791,189EIC,9,0,9,622.83,,
41797,CLZ-POD,0,0,0,51.92,,
41806,103,9,9,0,7.09,,
41810,101-BK,1,1,0,8.06,,
41814,010-11654-00,0,0,0,51.99,,
41815,010-11654-01,0,0,0,51.99,,
41818,010-11654-04,0,0,0,64.99,,
41819,010-11654-05,0,0,0,10.48,,
41820,0348DP5PLB,3,3,0,61.81,,
41827,SB-8-5,4,2,2,20.81,,
41828,SB-8-10,3,1,2,30.94,,
41829,SB-2G,6,3,3,9.0,,
41843,010-11602-00,0,0,0,31.99,,
41844,010-11734-20,136,68,68,5.99,,
41847,BPKT0801,0,0,0,1250.0,,
41849,RST755,0,0,0,133.06,,
41850,090-1100-4,0,0,0,145.76,,
41851,090-2100-4,0,0,0,145.76,,
41854,NBE100-01,3,3,0,270.4,,
41861,010-11598-00,18,13,5,22.19,,
41864,010-11733-00,0,0,0,11.99,,
41865,010-11600-00,7,7,0,29.98,,
41869,135600-701-999-12,4,3,1,20.67,,
41870,135400-701-999-12,20,10,10,12.67,,
41881,010-10856-30,0,0,0,19.49,,
41889,P104809,5,5,0,41.67,,
41890,P104810,3,3,0,41.67,,
41891,SDD-110,2,1,1,300.3,,
41894,408P/120,1,1,0,74.99,,
41981,MEK-4,12,6,6,36.82,,
42009,T222,0,0,0,1784.33,,
42027,341-BK,0,0,0,8.66,,
42029,9601DP,5,0,5,51.51,,
42040,RH5365,0,0,0,116.35,,
42041,RH5367V,19,8,11,116.35,,
42042,RH5369H,16,6,10,116.35,,
42045,010-11054-00,2,0,2,314.99,,
42068,FFM100-01,4,2,2,316.0,,
42083,010-C1066-20,0,0,0,112.49,,
42084,010-C1067-20,0,0,0,164.99,,
42086,309299,13,11,2,39.07,,
42087,309199,14,8,6,28.29,,
42089,309099,15,10,5,28.29,,
42090,315299,2,1,1,42.13,,
42091,314299,4,3,1,32.34,,
42092,312299,6,4,2,38.28,,
42093,311299,18,13,5,27.78,,
42094,310299,2,2,0,27.78,,
42095,317899,10,5,5,74.33,,
42096,316899,4,4,0,70.51,,
42097,317999,6,3,3,44.22,,
42098,316999,4,3,1,44.22,,
42099,319899,6,3,3,38.28,,
42100,318899,5,3,2,36.31,,
42101,319999,5,3,2,38.28,,
42102,318999,5,3,2,36.31,,
42105,BP-150BSY-320-1,10,4,6,95.13,,
42123,WIF-RK30880-E,0,0,0,200.8,,
42375,CVS2500A,5,2,3,85.35,,
42376,FNB-110LI,3,2,1,33.75,,
42425,1355946,6,2,4,405.51,,
42426,1355947,3,2,1,450.56,,
42429,1355956,0,0,0,558.7,,
42430,1355957,4,4,0,585.74,,
42432,1355970,5,2,3,630.79,,
42433,1355971,3,0,3,684.86,,
42466,710234-1,2,0,2,136.36,,
42471,720075-1,0,0,0,34.6,,
42476,720073-5,25,17,8,44.84,,
42496,199119,16,8,8,88.87,,
42516,44411-0045,22,9,13,38.62,,
42517,44411-1045,7,7,0,44.59,,
42518,44411-2045,11,4,7,48.44,,
42530,32601-0092,6,0,6,157.02,,
42586,1810141,3,2,1,338.3,,
42594,MS6007WR,9,4,5,45.07,,
42595,MSX60RVR,6,2,4,72.2,,
42616,30573-0003,9,0,9,54.36,,
42617,121,0,0,0,194.67,,
42619,CL-MOBI,0,0,0,343.69,,
42620,CLZ-FOB,0,0,0,59.08,,
42621,09-24652-02-CN,0,0,0,14.81,,
42622,09-24652-04-CN,0,0,0,14.81,,
42623,09-24653-02-CN,2,0,2,16.05,,
42624,10-24516-03,0,0,0,167.91,,
42625,10-24727-03,0,0,0,175.43,,
42627,80-47508-01,0,0,0,87.72,,
42628,80-47508-02,0,0,0,81.55,,
42630,10-13373-07,0,0,0,280.69,,
42631,09-701B-1,0,0,0,21.6,,
42632,09-702B-1,0,0,0,22.22,,
42634,09-704BT-1,0,0,0,32.1,,
42636,01604-00,2,1,1,102.99,,
42637,01674-001,0,0,0,116.05,,
42638,02204-00,5,2,3,129.63,,
42639,02274-001,4,2,2,128.4,,
42642,A10-114,4,4,0,148.17,,
42645,ZDIGAIT2000,3,2,1,594.96,,
42648,7420CR,19,8,11,30.12,,
42649,12VPK,6,2,4,13.77,,
42650,6083CR,0,0,0,79.9,,
42653,305CRCN,6,6,0,23.21,,
42655,303SSEL-B,19,7,12,68.15,,
42656,301EL-B,13,4,9,43.93,,
42657,199117,3,0,3,74.67,,
42658,305CRR,13,8,5,24.45,,
42664,153AY,7,5,2,165.27,,
42665,157AY,3,1,2,152.92,,
42668,806-1206-01,0,0,0,364.13,,
42669,806-1210-01,0,0,0,482.79,,
42670,806-1220-01,0,0,0,702.96,,
42673,806-1870,0,0,0,1057.09,,
42674,806-1874,0,0,0,1057.09,,
42690,121A,12,6,6,103.42,,
42693,111A,0,0,0,131.48,,
42696,105SPP,11,7,4,45.12,,
42701,104SPP,0,0,0,40.93,,
42704,6364CRN,9,6,3,70.78,,
42705,6365CRN,9,9,0,63.56,,
42706,12VRC,26,17,9,9.99,,
42712,PP4401,0,0,0,269.08,,
42716,2126,8,1,7,45.47,,
42722,2128,5,0,5,28.46,,
42723,2719,18,6,12,21.86,,
42727,4002,14,5,9,5.23,,
42728,4003,14,5,9,5.23,,
42729,5035,36,13,23,28.63,,
42730,5037,13,10,3,26.59,,
42737,2127,23,8,15,29.15,,
42738,2718,26,5,21,26.0,,
42746,395,8,4,4,22.3,,
42747,152,6,4,2,97.49,,
42749,026,6,1,5,279.06,,
42750,025,8,5,3,348.83,,
42775,AP-1100-B-S,0,0,0,210.0,,
42776,AP-1100-B-M,0,0,0,210.0,,
42777,AP-1100-B-L,0,0,0,210.0,,
42778,AP-1100-B-XL,0,0,0,210.0,,
42779,AP-1100-B-XXL,0,0,0,210.0,,
42780,AB-1100-RB-S,0,0,0,216.25,,
42781,AB-1100-RB-M,0,0,0,216.25,,
42782,AB-1100-RB-L,0,0,0,216.25,,
42783,AB-1100-RB-XL,0,0,0,216.25,,
42784,AB-1100-RB-XXL,0,0,0,216.25,,
42790,AC-1100-RB-S,0,0,0,240.0,,
42791,AC-1100-RB-M,0,0,0,240.0,,
42792,AC-1100-RB-L,0,0,0,240.0,,
42793,AC-1100-RB-XL,0,0,0,240.0,,
42794,AC-1100-RB-XXL,0,0,0,240.0,,
42803,BP 03511,14,14,0,7.62,10.95,
42805,CA 03518-6,18,4,14,35.99,54.95,
42807,LQ 04587,7,0,7,8.99,15.95,
42808,LQ 04506,5,1,4,18.79,27.95,
42812,GW 02785,2,2,0,8.79,16.95,
42818,KG 41501,12,9,3,15.26,23.95,
42832,65000,2,1,1,162.9,,
42845,459M,11,11,0,11.08,,
42846,132,0,0,0,5.74,,
42847,135,0,0,0,16.56,,
42848,136,1,1,0,7.31,,
42895,010-11251-08,0,0,0,19.99,,
42897,010-11251-06,38,20,18,30.0,,
42898,010-11251-05,0,0,0,21.99,,
42905,92856,0,0,0,154.53,,
42925,MRANT12W,29,10,19,7.48,,
42935,815-3012,8,3,5,1765.36,,
42936,27200,26,12,14,6.91,,
42937,27201,29,11,18,11.09,,
42939,27206A,4,3,1,11.4,,
42940,27310G,12,4,8,28.79,,
42942,27410,19,11,8,13.83,,
42943,27420,21,15,6,17.45,,
42944,27430,6,2,4,18.31,,
42945,27440,10,0,10,17.76,,
42950,55120A,55,28,27,3.21,,
42951,55121A,13,13,0,3.47,,
43087,29045-3000,11,0,11,73.54,,
43088,CNV-12-1,2,0,2,81.25,,
43089,37040-0000,6,4,2,52.57,,
43090,90197-0000,18,12,6,18.86,,
43119,63100,13,4,9,72.93,,
43137,HX400IS,177,65,112,259.99,,
43171,9575,0,0,0,1513.16,,
43210,ZDIGAIS100P,3,1,2,244.96,,
43257,RM-10,19,9,10,12.88,,
43258,ME-52,3,3,0,66.61,,
43260,SBC-2,8,4,4,21.63,,
43261,SBC-3,9,6,3,38.76,,
43317,RMX4100,0,0,0,349.08,,
43318,RMX4101,0,0,0,363.62,,
43319,RMX4400,0,0,0,378.17,,
43320,RMX4401,0,0,0,392.72,,
43321,RMX4402,0,0,0,392.72,,
43323,PP4100,0,0,0,225.44,,
43324,PP4101,0,0,0,239.99,,
43325,PP4400,0,0,0,254.53,,
43326,PP5063,0,0,0,399.99,,
43327,PP4402,0,0,0,269.08,,
43332,GP1809,0,0,0,312.72,,
43333,GP2059,0,0,0,327.26,,
43337,GP2058,0,0,0,327.26,,
43338,GP1063,0,0,0,363.62,,
43339,GP2063,0,0,0,363.62,,
43342,GP1049,0,0,0,334.53,,
43343,GP2049,0,0,0,334.53,,
43346,AG27,3,2,1,327.26,,
43347,AG18,1,1,0,322.49,,
43348,AG218,1,1,0,352.49,,
43349,AG227,0,0,0,349.08,,
43392,GS-170,4,3,1,866.73,,
43397,P05-06W,3,1,2,32.49,,
43423,96-268-F,6,6,0,25.59,,
43428,A10-104,0,0,0,131.71,,
43433,A10-132T,42,23,19,49.39,,
43434,A10-133T,1,1,0,13.72,,
43435,A10-134T,5,2,3,11.84,,
43437,A10-136T,1,1,0,12.5,,
43441,101070,1,0,1,114.99,,
43444,010-11010-20,0,0,0,787.49,,
43463,5104,122,62,60,52.93,,
43474,TBH-4,0,0,0,33.19,,
43475,TBH-10,0,0,0,33.19,,
43493,ER370,6,2,4,63.75,,
43517,B164-12-8G,0,0,0,934.65,,1275.0
43522,010-10982-20,12,10,2,243.74,,
43525,010-10982-21,4,2,2,243.74,,
43527,010-10183-22,3,2,1,359.99,,
43531,010-10192-21,1,1,0,142.49,,
43532,P79-8G,17,1,16,145.88,,199.0
43534,010-10272-10,5,3,2,57.91,,
43545,1183-CW,0,0,0,361.92,,
43547,1126-VW,0,0,0,315.13,,
43549,010-10182-21,4,2,2,217.49,,
43550,010-10193-22,1,1,0,511.75,,
43551,010-10194-21,3,3,0,134.99,,
43553,010-10640-20,0,0,0,1119.99,,
43557,010-10703-20,0,0,0,712.49,,
43559,TM260-8G,0,0,0,1098.85,,1499.0
43642,FI5002,2,2,0,190.91,,
43644,815-2012,6,4,2,1501.38,,
43645,809-0921,9,5,4,190.95,,
43646,H1170A,2,2,0,26.18,,
43647,H1179,12,6,6,6.62,,
43648,T1127,34,16,18,1.6,,
43650,TPA129,5,3,2,97.62,,
43651,TPA189,5,3,2,108.78,,
43652,TPA249,5,4,1,119.93,,
43653,TPA1212,7,4,3,110.27,,
43654,TPA1812,8,4,4,128.36,,
43655,TPA2412,7,4,3,131.1,,
43733,804-2410,1,0,1,311.23,,
43737,815-3024,1,1,0,1862.19,,
43802,36252,0,0,0,39.47,,
43803,10-13407-08,0,0,0,165.43,,
43804,64534-24,0,0,0,203.7,,
43805,09-10616,7,3,4,22.56,,
43807,10-13329-104,0,0,0,229.04,,
43857,66318-7,11,3,8,25.23,,
43858,66319R7,6,3,3,26.33,,
43859,66319G7,11,6,5,26.33,,
43870,5110-36-7,8,4,4,22.61,,
43873,7100A7,5,2,3,31.48,,
43874,7100B7,7,3,4,35.87,,
43875,7100C7,8,4,4,36.95,,
43885,91022-7,12,6,6,10.84,,
43894,6556-7,9,3,6,48.04,,
43895,6356D7,12,7,5,16.45,,
43897,11940-2,8,5,3,13.59,,
43900,11437-7,3,2,1,19.05,,
43901,11438-7,6,4,2,16.67,,
43905,4730-4,11,5,6,84.19,,
43906,4760-4,9,2,7,94.08,,
43913,4801-7,6,4,2,30.06,,
43914,4202-7,15,8,7,20.46,,
43915,4201-7,14,9,5,22.13,,
43916,4141-4,13,8,5,94.44,,
43918,4140-4,12,6,6,37.42,,
43920,7615A3,6,3,3,15.71,,
43923,1733-4,13,9,4,21.57,,
43925,1749-4,20,4,16,24.69,,
43945,M2-TD02,1,0,1,159.99,,
43952,S2-2112,1,1,0,438.12,,
43953,S2-3108,0,0,0,464.64,,
43954,S2-4109,0,0,0,491.15,,
44028,2897.91,0,0,0,115.51,,
44029,2898.91,0,0,0,115.51,,
44030,A53D,5,2,3,206.25,,
44069,A62360,4,2,2,63.91,,
44187,010-11613-00,8,2,6,52.49,,
44191,6007200,42,38,4,29.29,,
44192,6006200,39,36,3,21.96,,
44201,3153,26,9,17,9.61,,14.47
44216,758NUT,8,6,2,22.16,,
44217,702NUT,12,6,6,22.57,,
44224,BM-2,0,0,0,162.51,,
44225,CL-NCS,0,0,0,116.62,,
44299,OT-0542BKA15-HD,0,0,0,616.05,,
44300,SPD-4XI-W,0,0,0,430.31,,
44301,010-11680-00,0,0,0,11.24,,
44311,BHW100,2,0,2,48.8,,
44316,OCTAF1012LAM7,0,0,0,1527.92,,
44317,OCTAF1012LAR7,0,0,0,1527.92,,
44318,OCTAF1212LAM12,0,0,0,1721.01,,
44319,OCTAF1212LAR12,0,0,0,1721.01,,
44321,OCTAFMDMSW,2,2,0,754.72,,
44357,OCTAFMDTPW,2,1,1,838.68,,
44358,OC17SUK03,1,1,0,152.79,,
44359,OC15SUK07,4,2,2,35.26,,
44360,OC15SUK08,2,2,0,57.09,,
44362,OC15SUK16,0,0,0,67.17,,
44364,OCTAFMDRESYSA,0,0,0,1048.56,,
44365,OCTAFMDRESYSB,0,0,0,1048.56,,
44368,OC15109-9,0,0,0,130.12,,
44372,OC15SUK27B,5,5,0,200.65,,
44373,OC15SUK27D,1,1,0,200.65,,
44374,OC15SUK27E,5,2,3,200.65,,
44375,OC15SUK83,1,1,0,175.46,,
44404,109,0,0,0,26.67,,
44461,101033,9,8,1,33.77,,
44462,101034,17,4,13,34.08,,
44463,101035,0,0,0,36.42,,
44464,112500,0,0,0,77.85,,
44465,112501,0,0,0,90.42,,
44466,112502,5,5,0,85.99,,
44467,112503,13,6,7,47.87,,
44468,112508,13,3,10,77.85,,
44469,112520,22,5,17,76.0,,
44470,112521,12,4,8,84.79,,
44471,112522,0,0,0,85.99,,
44472,112523,16,9,7,43.48,,
44473,112800,4,0,4,85.18,,
44474,112801,0,0,0,82.85,,
44475,112802,0,0,0,81.68,,
44477,112808,0,0,0,84.43,,
44478,112820,0,0,0,79.96,,
44481,112823,8,0,8,50.99,,
44482,112828,3,0,3,85.18,,
44483,101073,38,14,24,7.63,,
44497,001-156-750,0,0,0,31.82,,
44583,MS-CLADAP,92,92,0,18.13,,
44600,B50ASSY,7,7,0,256.99,379.8,
44601,BF50,2,2,0,104.74,154.8,
44602,BM50S,6,6,0,152.24,225.0,
44604,010-11394-00,0,0,0,258.99,,
44609,SPH-4XI-W,0,0,0,405.0,,
44628,6077C,0,0,0,18.67,,
44629,6177C,0,0,0,21.55,,
44630,6014C,0,0,0,23.83,,
44631,6114C,0,0,0,23.37,,
44632,6040C,8,8,0,16.88,,
44633,6140C,8,0,8,18.41,,
44634,6039C,8,8,0,16.88,,
44635,6139C,8,0,8,18.41,,
44636,6078C,0,0,0,18.67,,
44637,6178C,0,0,0,21.55,,
44638,6015C,0,0,0,23.83,,
44639,6115C,0,0,0,23.37,,
44640,6042C,8,8,0,16.88,,
44641,6142C,8,0,8,18.41,,
44642,6041C,8,8,0,16.88,,
44643,6141C,8,4,4,18.41,,
44644,6194,0,0,0,17.96,,
44645,6195,7,4,3,17.96,,
44646,6043C,0,0,0,16.03,,
44647,6143C,0,0,0,18.17,,
44649,6076C,8,8,0,17.24,,
44650,6176C,8,0,8,19.55,,
44651,6192,1,0,1,16.99,,
44652,6249C,4,2,2,3.8,,
44655,6093C,8,8,0,16.81,,
44656,6193C,8,0,8,18.23,,
44657,6044C,0,0,0,19.53,,
44658,6045C,0,0,0,19.53,,
44659,6144C,0,0,0,21.15,,
44660,6145C,0,0,0,21.15,,
44661,6046C,0,0,0,24.21,,
44662,6146C,0,0,0,26.83,,
44663,6051C,0,0,0,33.39,,
44664,6086,0,0,0,32.11,,
44666,6151,0,0,0,41.36,,
44670,527ID-IHN,0,0,0,888.89,,
44679,440,6,2,4,31.57,,
44684,001-122-790,0,0,0,190.91,,
44687,A62361,7,1,6,79.16,,
44688,A80005,4,3,1,99.99,,
44689,A62362,7,3,4,129.16,,
44690,A80006,4,2,2,166.66,,
44691,A80007,7,3,4,285.32,,
44698,ZDIGSPL2000,6,3,3,286.96,,
44708,740087-1,4,4,0,24.14,,
44717,MDA-1,3,2,1,489.3,,
44718,MDA-2,2,2,0,265.3,,
44719,MDA-3,5,2,3,266.04,,
44722,E22158,13,12,1,99.99,,
44738,808-9002,3,2,1,19.9,,
44742,27760,6,0,6,156.42,,
44757,40631,3,2,1,52.55,,
44758,40621,11,11,0,12.2,,
44767,1016,58,25,33,18.52,,
44780,A80010,1,0,1,1629.62,1999.0,
44786,K00-00118-01,41,41,0,11.76,,
44791,806-1851,0,0,0,1441.73,,
44809,101102,18,8,10,127.76,,
44810,101103,6,3,3,129.01,,
44811,101099,6,0,6,125.09,,
44812,101100,5,0,5,138.65,,
44841,010-11654-07,7,0,7,29.98,,
44842,010-01010-00,0,0,0,149.99,,
44846,5215-AIS,10,5,5,57.53,,
44847,100-329-371,0,0,0,13.64,,
44862,R001441,3,3,0,68.21,,
44866,MMW-IE,0,0,0,823.5,,
44867,MMW-IIE,0,0,0,964.29,,
44868,MMW-IIIE,0,0,0,1057.5,,
44869,SE-100,0,0,0,342.6,,
44870,SE-142,0,0,0,598.8,,
44871,SE-162,0,0,0,642.6,,
44872,81-2010-12,10,4,6,1076.94,,
44873,81-2530-12,8,6,2,1380.61,,
44874,A18127,1,0,1,349.99,,
44875,EOS-II-BK,7,0,7,42.06,67.99,
44876,A80151,4,2,2,68.17,,
44877,QUAD-II-BK,0,0,0,34.93,56.99,
44885,QUAD-BK,3,3,0,24.87,39.99,
44913,EF-2-NY,0,0,0,15.54,24.99,
44938,E70010,12,5,7,273.09,,
44940,PX0852,0,0,0,6.0,,
44955,72-0177,0,0,0,29.82,,
44963,92415,5,2,3,20.4,,
44964,CL-CTC,0,0,0,186.69,,
44977,37064-0000,5,2,3,167.67,,
44990,WX1-005-014,0,0,0,50.0,,
44995,010-11838-00,1,1,0,13.74,,
45006,500187,1,0,1,318.84,,
45007,500188,0,0,0,318.84,,
45011,1012,7,2,5,20.52,,
45013,1014,10,5,5,3.16,,
45052,HDPB230101,18,10,8,112.5,,
45053,HDPB330101,3,1,2,132.81,,
45055,HDPB350101,0,0,0,175.32,,
45056,001-500594,0,0,0,196.74,,
45057,001-500596,0,0,0,1085.87,1724.0,
45059,FW16000101,1,0,1,150.91,,
45079,STC1000101,0,0,0,44.0,,
45080,ETC 0101,0,0,0,12.8,,
45081,ETCLB 0700,0,0,0,19.69,,
45082,CR8008,1,1,0,24.01,,
45083,CR8012,8,7,1,32.0,,
45100,PG700,6,2,4,643.95,,
45104,GB 04985,5,1,4,11.15,15.95,
45105,TA 04885,6,6,0,11.15,15.95,
45106,TA 04806,5,3,2,18.79,27.95,
45108,MX 32806,16,5,11,7.99,16.95,
45125,010-11832-00,0,0,0,15.99,,
45126,1152,0,0,0,5.26,,
45136,010-11843-00,14,4,10,15.99,,
45137,010-11843-02,0,0,0,15.99,,
45138,010-11843-01,0,0,0,39.99,,
45139,A80014,1,1,0,1058.97,1299.0,
45146,INFMPK250,1,1,0,240.99,,
45183,127,0,0,0,137.33,,
45230,010-11454-00,0,0,0,32.89,,
45231,OC17SUK34,4,2,2,314.3,,
45232,20330008,3,1,2,490.0,,
45234,10080035,2,1,1,525.0,,
45235,10080038,0,0,0,630.0,,
45239,30110004,0,0,0,31.47,,
45257,9972208B,7,4,3,82.08,,
45259,9982316B,7,4,3,48.4,,
45260,9973410B,7,3,4,377.18,,
45288,9960010B,10,8,2,22.03,,
45294,9960022B,2,0,2,59.76,,
45303,9960021B,1,0,1,24.32,,
45304,9960023B,5,3,2,91.19,,
45414,A80159,2,1,1,108.32,,
45440,Z83120,5,0,5,134.19,229.99,
45452,TPOM120,0,0,0,78.97,,
45453,TPOM80,0,0,0,73.76,,
45459,10400G,13,5,8,18.32,,
45460,10401G,27,20,7,22.65,,
45461,10403G,20,5,15,33.24,,
45462,10404G,20,10,10,38.05,,
45463,10405G,8,6,2,44.85,,
45466,10455G,21,14,7,49.11,,
45470,16681A,2,2,0,23.12,,
45471,16691A,8,0,8,6.09,,
45472,27481,21,7,14,21.39,,
45473,32420A,12,12,0,8.01,,
45475,010-11829-00,0,0,0,185.49,,264.99
45476,010-11829-01,4,2,2,23.09,,
45477,010-11829-02,1,0,1,41.99,,
45481,010-11814-02,0,0,0,13.74,,
45498,000-011-704,0,0,0,654.55,,
45533,2827,3,2,1,527.34,,
45534,2828,0,0,0,653.2,,
45535,TB-01,2,0,2,314.44,,
45536,TP-01,0,0,0,438.19,,
45537,RA-01,5,2,3,59.06,,
45538,SPH-8-W,0,0,0,317.65,,
45539,SPH-12-W,0,0,0,357.35,,
45540,SPD-7-W,0,0,0,333.53,,
45541,SPD-8-W,2,2,0,365.29,,
45542,SPD-12-W,3,1,2,389.12,,
45596,010-11785-00,7,4,3,15.07,,
45597,QCM-CG1-QCF-01,0,0,0,33.2,,
45600,PAD4000.4,7,3,4,313.63,,
45674,12,9,5,4,136.96,,
45684,46DR,197,136,61,35.67,,
45687,ID20,8,4,4,73.74,,
45723,0615DP2STS,2,2,0,86.46,,
45726,0616DP2STS,0,0,0,155.45,,
45792,F16-0150-F,0,0,0,467.41,,
45795,F16-0212-F,0,0,0,240.9,,
45815,GSC-0025-1,8,3,5,96.46,,
45844,RK-0002PB,11,3,8,143.69,,
45850,RK-0001SB,8,3,5,70.67,,
45855,RK-0001PCB,2,2,0,59.35,,
45868,COK-0008B-1,18,0,18,15.64,,
45874,PX0837/5M00,0,0,0,115.2,,
45915,F16-2700-1,2,2,0,51.38,,
45916,F16-2751-1,3,3,0,107.09,,
45917,F16-2753-1,0,0,0,167.06,,
45918,F16-2752-1,8,4,4,210.29,,
45920,F31-3003BSA-1,4,0,4,166.69,,
45921,F31-3004BSA-1,2,0,2,234.85,,
45923,P03-063W,6,4,2,45.6,,
45924,P03-064B,4,3,1,61.86,,
45925,P03-064W,0,0,0,57.28,,
45928,P03-132W,0,0,0,44.44,,
45929,P03-133W,5,2,3,48.05,,
45930,P03-134W,0,0,0,54.36,,
45932,P01-2120W,169,72,97,49.99,,
45933,P01-2132W,77,43,34,62.99,,
45935,P01-2000W,0,0,0,70.04,,
45938,P01-1000W,2,2,0,27.99,,
45946,461,17,15,2,134.99,,
45947,460,16,13,3,149.99,,
45948,462,30,22,8,97.49,,
45951,1551,26,17,9,20.27,,
45959,151,9,6,3,29.99,,
45960,385,22,0,22,23.65,,
45961,3120,16,4,12,30.41,,
45962,3101,10,5,5,20.27,,
45963,3150,15,10,5,47.3,,
45964,3151,5,3,2,33.78,,
45965,3200,1,0,1,33.78,,
45966,1705,5,2,3,44.99,,
45967,3155,7,5,2,8.57,,
45974,2027,2,2,0,49.43,,
45976,447,2,2,0,81.66,,
45977,453,0,0,0,17.63,,
45978,455,3,3,0,18.43,,
45980,438,14,14,0,12.85,,
45981,414,6,6,0,3.58,,
45982,415,10,10,0,3.65,,
45983,2500,4,4,0,460.68,,
45995,42009G,7,5,2,1024.78,,
45996,42010R,7,5,2,1071.72,,
45997,42011T,4,3,1,1270.26,,
45998,42012V,3,2,1,1334.29,,
45999,42017F,3,2,1,436.37,,
46000,42018H,4,2,2,366.05,,
46001,42023A,8,3,5,394.77,,
46002,42026G,3,2,1,254.24,,
46003,42027J,2,2,0,912.04,,
46004,42028L,3,2,1,28.85,,
46005,42029N,4,2,2,46.32,,
46006,42052H,8,6,2,23.05,,
46007,42053K,4,2,2,31.71,,
46008,42056S,4,4,0,28.28,,
46009,42060G,7,5,2,28.28,,
46010,71021K,4,2,2,84.93,,
46011,73639T,7,5,2,32.95,,
46012,EM11,2,2,0,2869.25,,
46013,EM12,1,1,0,3934.72,,
46014,EM21,1,1,0,4393.21,,
46015,EM22,1,1,0,5639.73,,
46016,EE11,3,2,1,2397.32,,
46017,EE12,2,1,1,4223.07,,
46018,EE21,2,1,1,2702.8,,
46019,EE22,1,1,0,4004.65,,
46020,MM11,1,1,0,3647.06,,
46021,MM12,1,1,0,4712.53,,
46022,MM21,0,0,0,5801.51,,
46023,MM22,0,0,0,7055.22,,
46024,MM11T,1,1,0,3692.27,,
46025,MM12T,1,1,0,4802.94,,
46026,MM21T,0,0,0,5801.48,,
46028,ME11,2,2,0,3167.98,,
46029,ME12,1,1,0,4233.44,,
46030,ME21,1,1,0,4413.65,,
46031,ME22,1,1,0,5667.38,,
46046,E70066,2,2,0,216.02,,
46047,E70145,4,3,1,339.46,,
46049,E70064,3,0,3,191.57,,
46050,E70142,5,1,4,252.71,,
46051,E70143,0,0,0,259.15,,
46054,E70058,1,1,0,407.6,,
46056,E70060,2,1,1,448.36,,
46058,E70059,2,0,2,407.6,,
46059,E70148,2,0,2,394.73,,
46060,E70061,2,1,1,434.2,,
46062,E70150,4,2,2,789.46,,
46146,1901140,7,4,3,423.46,,
46147,1901130,9,5,4,300.79,,
46148,1901120,3,1,2,250.66,,
46149,1901020,7,7,0,208.88,,
46165,1810302,0,0,0,327.57,,
46166,1810303,2,0,2,327.57,,
46195,710236-1,16,0,16,71.42,,
46224,1866460,15,2,13,23.24,,
46261,SLT6,26,14,12,98.36,,
46262,SLT10,70,37,33,117.97,,
46264,A06074,2,0,2,25.56,,
46267,010-11029-04,2,0,2,10.99,,
46269,010-11251-18,2,1,1,21.99,,
46272,305CRMB,10,4,6,18.95,,
46276,3034-F,1,1,0,207.43,,
46277,3036-F,0,0,0,273.69,,
46284,010-11483-00,13,6,7,14.01,,
46285,010-11482-01,0,0,0,30.8,,
46292,101134,0,0,0,506.97,,
46295,3201,15,13,2,6.2,,8.98
46296,3202,8,6,2,6.2,,8.98
46297,3203,22,12,10,6.2,,8.98
46298,101135,2,0,2,530.55,,
46299,101133,2,2,0,349.99,,
46300,3205,13,8,5,15.26,,21.98
46301,3206,8,6,2,15.26,,21.98
46302,3207,12,6,6,15.26,,21.98
46316,101137,0,0,0,97.29,,
46317,101138,5,2,3,95.43,,
46318,101139,13,7,6,96.31,,
46319,109PC,14,12,2,36.57,,
46320,118PF,16,6,10,27.33,,
46321,124PF,12,9,3,32.69,,
46322,124PF6,10,4,6,31.99,,
46323,136PF,15,10,5,39.07,,
46324,136PF6,19,16,3,48.41,,
46325,136PF9,0,0,0,64.75,,
46326,101097,10,5,5,99.48,,
46327,101098,10,7,3,99.48,,
46329,101147,0,0,0,156.26,,
46330,101148,0,0,0,159.21,,
46331,101144,10,3,7,17.74,,
46332,101145,28,18,10,17.4,,
46333,101146,6,0,6,17.74,,
46334,216PC,0,0,0,35.19,,
46335,224PF,2,1,1,22.99,,
46336,230PF,0,0,0,33.36,,
46337,315FP4,0,0,0,61.83,,
46338,315FP6,0,0,0,69.81,,
46339,318P,0,0,0,25.15,,
46340,318P1/FPS3R,3,1,2,38.37,,
46343,519CG#3,0,0,0,405.88,,
46347,524C,0,0,0,271.73,,
46348,954DP2,0,0,0,171.5,,
46350,1174-BUCKET,1,1,0,168.23,,
46351,1177-BUCKET,0,0,0,184.1,,
46387,FPS-3R,0,0,0,10.63,,
46390,FVR1-3/4,0,0,0,17.22,,
46392,FPH-1-1/4-4,0,0,0,36.94,,
46394,FPH-1-1/4-6,0,0,0,43.1,,
46411,DP10-B,17,10,7,4.23,,
46412,DP10-W,0,0,0,4.23,,
46416,DP40-N,13,9,4,14.19,,
46417,DP40-B,16,10,6,14.19,,
46418,DP40-W,18,8,10,14.19,,
46419,DP40-B-C,19,11,8,17.83,,
46420,DP40-N-C,0,0,0,17.83,,
46421,DP40-W-C,16,6,10,18.35,,
46423,DP60-B,20,9,11,20.6,,
46424,DP60-N,0,0,0,20.6,,
46425,DP60-W,18,8,10,20.6,,
46426,DP60-B-C,11,0,11,24.72,,
46428,DP60-W-C,6,3,3,24.72,,
46429,DP62-B,0,0,0,20.6,,
46431,DP62-W,15,3,12,20.01,,
46433,DP80-N,0,0,0,30.7,,
46434,DP80-W,1,1,0,30.7,,
46435,DP80-B-C,18,10,8,34.7,,
46436,DP80-N-C,0,0,0,34.7,,
46437,DP80-W-C,0,0,0,34.7,,
46438,DP50-B,0,0,0,16.22,,
46440,DP50-W,10,2,8,16.22,,
46441,DP40BB,0,0,0,36.11,,
46442,DP40BW,0,0,0,37.18,,
46443,DP60BB,0,0,0,43.25,,
46444,DP60BW,0,0,0,43.25,,
46445,DP50BB,0,0,0,36.69,,
46446,DP50BN,0,0,0,35.64,,
46447,DP50BW,1,1,0,26.99,,
46449,DP61-W,0,0,0,21.68,,
46450,DP61-W-C,0,0,0,23.65,,
46451,DP63-N,16,10,6,21.06,,
46452,DP63-W,15,9,6,21.06,,
46453,DP81-W,1,0,1,22.99,,
46455,DP81-N-C,4,0,4,26.99,,
46457,DP83-N,2,0,2,23.99,,
46458,DP83-W,1,0,1,24.99,,
46459,HH-4,8,5,3,52.32,,
46460,HH-6B,18,0,18,15.43,,
46461,HH-6,11,0,11,15.43,,
46462,HH-61B,14,10,4,20.06,,
46463,HH-61,12,5,7,20.06,,
46464,HH-81B,0,0,0,15.43,,
46465,HH-81,23,13,10,17.38,,
46466,HH-8B,0,0,0,19.24,,
46467,HH-8,9,5,4,19.24,,
46468,HH-2,4,4,0,19.49,,
46469,HH-3,12,5,7,19.99,,
46471,305CRPN,16,9,7,12.95,,
46474,F111640,2,0,2,50.72,,
46482,AB-1100-HV-S,0,0,0,216.25,,
46483,AB-1100-HV-M,0,0,0,216.25,,
46484,AB-1100-HV-L,2,2,0,216.25,,
46485,AB-1100-HV-XL,3,3,0,216.25,,
46486,AB-1100-HV-XXL,2,2,0,216.25,,
46487,AC-1100-HV-S,0,0,0,240.0,,
46488,AC-1100-HV-M,0,0,0,240.0,,
46489,AC-1100-HV-L,0,0,0,240.0,,
46490,AC-1100-HV-XL,0,0,0,240.0,,
46491,AC-1100-HV-XXL,0,0,0,240.0,,
46492,438-BUCKET,0,0,0,302.54,,
46494,AS-1100-RB-S,0,0,0,419.38,,
46495,AS-1100-RB-M,0,0,0,419.38,,
46496,AS-1100-RB-L,0,0,0,419.38,,
46497,AS-1100-RB-XL,0,0,0,419.38,,
46498,AS-1100-RB-XXL,0,0,0,419.38,,
46499,AS-1100-HV-S,0,0,0,419.38,,
46500,AS-1100-HV-M,0,0,0,419.38,,
46502,AS-1100-HV-L,0,0,0,419.38,,
46503,AS-1100-HV-XL,0,0,0,419.38,,
46505,AS-1100-HV-XXL,0,0,0,419.38,,
46518,A80013,0,0,0,1450.27,1779.0,
46519,001-112-970,0,0,0,100.0,,
46525,SPM-3I-W,0,0,0,393.75,,
46536,HH,8,3,5,46.78,,
46552,112809,0,0,0,86.29,,
46553,112829,0,0,0,90.58,,
46554,PDK 25503,46,22,24,120.0,179.95,
46555,113190,13,3,10,76.04,,
46556,113191,0,0,0,105.69,,
46557,113192,1,1,0,101.88,,
46558,113193,0,0,0,40.38,,
46559,113198,24,3,21,76.04,,
46560,113199,15,5,10,77.88,,
46561,113110,17,6,11,78.62,,
46562,113111,2,0,2,105.69,,
46563,113112,0,0,0,101.88,,
46564,113113,29,10,19,40.38,,
46565,113118,23,9,14,76.04,,
46566,113119,28,9,19,76.04,,
46567,113120,28,15,13,76.77,,
46568,113121,12,8,4,105.69,,
46569,113122,0,0,0,105.14,,
46570,113123,38,6,32,39.82,,
46571,113128,32,12,20,76.04,,
46572,113129,19,6,13,76.04,,
46573,MN2KKIT,9,4,5,116.4,,
46574,T70134,7,5,2,99.99,,
46626,41 483,0,0,0,90.88,117.89,
46676,010-C1066-00,0,0,0,262.49,,
46694,TPAM80,4,2,2,105.8,,
46695,TPAM120,6,4,2,111.01,,
46696,USB-57B,5,1,4,21.41,,
46747,MS-OS420,7,7,0,42.39,,
46823,21501530,3,1,2,94.16,,
46824,21501540,5,2,3,94.16,,
46830,WN3604,1,1,0,135.83,,
46831,WT3604,3,1,2,142.24,,
46832,WN3702,3,2,1,126.39,,
46833,WT3702,2,1,1,149.94,,
46835,WT3503,5,3,2,103.71,,
46838,WN3506,1,1,0,28.3,,
46839,WL3506,1,0,1,35.55,,
46840,WT3507,1,0,1,55.66,,
46844,WNAC04,0,0,0,5.56,,
46857,1104,0,0,0,6.98,,
46858,1105,0,0,0,11.77,,
46859,1107,0,0,0,17.31,,
46862,1132,0,0,0,127.28,,
46863,1134,0,0,0,80.85,,
46865,1139,0,0,0,47.87,,
46875,1501,0,0,0,13.44,,
46877,1509,1,1,0,38.07,,
46879,1523,0,0,0,17.73,,
46880,1524,0,0,0,21.27,,
46881,1526,0,0,0,40.38,,
46882,1528,0,0,0,42.76,,
46884,1529,0,0,0,32.13,,
46885,1530,0,0,0,57.37,,
46886,1533,0,0,0,25.55,,
46887,1534,0,0,0,34.42,,
46888,1535,0,0,0,45.97,,
46889,1537,0,0,0,43.85,,
46890,1539,0,0,0,67.92,,
46902,1025,0,0,0,18.15,,
46903,1027,0,0,0,12.44,,
46904,1030,0,0,0,12.44,,
46905,1020,0,0,0,11.53,,
46906,1035,0,0,0,23.28,,
46907,1005,0,0,0,7.08,,
46908,1010,0,0,0,10.65,,
46932,CT-99,5,4,1,17.65,,
46956,T10-485,52,5,47,18.11,,
46957,18555000A,6,3,3,247.93,,
46958,18550000A,17,7,10,195.99,,
46959,04406043A,0,0,0,164.6,,
46960,04406143A,36,28,8,107.79,,
46963,M000612,3,0,3,341.6,,
46964,LEMHTA400-S,0,0,0,134.4,,
46965,LEMHTA600-S,0,0,0,163.2,,
46966,NG1-100C,0,0,0,605.2,,
46967,NB1-100C,0,0,0,605.2,,
46968,NF-NF,5,2,3,35.28,,
46969,NM-CF,2,0,2,35.52,,
46970,NM-NM,7,6,1,35.28,,
46971,NM4P-05,0,0,0,42.4,,
46973,61126,0,0,0,17.91,,
46974,66302,0,0,0,32.1,,
46975,66402,0,0,0,33.33,,
46976,48503,2,1,1,29.99,,
46985,EX-1,0,0,0,141.09,,
46987,DM-DG1-DF-00.5,0,0,0,23.92,,
46989,DM-DG1-DF-01.0,4,0,4,24.24,,
46990,DM-DG1-DF-02.0,3,0,3,26.56,,
46991,DM-DG1-DF-03.0,1,1,0,29.92,,
46992,DM-DG1-DF-04.0,0,0,0,33.36,,
46993,DM-DG1-DF-05.0,0,0,0,34.4,,
46994,48903,2,0,2,46.91,,
46995,48103,0,0,0,46.91,,
46996,DM-DG1-DF-06.0,0,0,0,36.8,,
46997,DM-DG1-DF-07.0,0,0,0,35.04,,
46998,DM-DG1-DF-08.0,0,0,0,41.84,,
47001,DM-DG1-DF-10.0,0,0,0,48.24,,
47003,DM-DB1-DF-00.5,1,0,1,24.08,,
47006,28103-00,0,0,0,46.91,,
47007,38103,1,1,0,46.91,,
47008,16004B,0,0,0,135.33,,
47010,DM-DB1-DF-01.0,2,0,2,24.96,,
47011,60000,2,1,1,57.0,,
47012,DM-DB1-DF-02.0,0,0,0,26.88,,
47013,DM-DB1-DF-03.0,0,0,0,29.76,,
47014,DM-DB1-DF-04.0,0,0,0,31.52,,
47015,DM-DB1-DF-05.0,4,2,2,34.48,,
47016,DM-DB1-DF-06.0,0,0,0,36.88,,
47017,34014,0,0,0,120.3,,
47018,DM-DB1-DF-08.0,0,0,0,41.92,,
47019,34024,0,0,0,97.74,,
47021,DM-DB1-DF-10.0,0,0,0,48.24,,
47023,DG1-100C,2,1,1,402.64,,
47024,DB1-100C,0,0,0,412.24,,
47025,CP-WH-ALM-100,0,0,0,13.76,,
47026,CP-BK-ALM100,0,0,0,16.4,,
47034,OC15109-6,0,0,0,121.73,,
47037,2606,0,0,0,68.21,,
47038,2612,1,1,0,78.25,,
47057,MC0075-1017,0,0,0,57.37,,
47058,MC0075-1034,0,0,0,57.37,,
47059,MC0075-1054,0,0,0,57.37,,
47060,PTM-R1-2,0,0,0,1403.29,,
47061,SPH-3I-W,0,0,0,255.94,,
47065,FP900UW00000A00,1,0,1,21.79,,
47066,FP900DW00000A00,8,0,8,21.79,,
47068,RC121012V,1,0,1,2944.89,4146.4,
47069,RC1210CAP12V,0,0,0,3209.41,4364.8,
47074,MR1308UAB,19,6,13,48.33,,
47078,S30-15,10,6,4,32.86,,
47103,240-15NM,0,0,0,72.45,,
47428,432-0010-01-00,0,0,0,4591.66,,
47429,432-0010-03-00,0,0,0,5541.66,,
47434,IF-NMEA2K2,9,1,8,290.91,,
47441,302,0,0,0,24.98,,
47442,301,0,0,0,12.01,,
47443,MSX65R,18,11,7,72.34,,
47453,E2500,0,0,0,148.8,,
47454,MARE-004-1M-7,0,0,0,52.0,,
47455,VS-07.OHG,0,0,0,69.6,,
47456,MS-1035,0,0,0,6.16,,
47457,MS-1085-N,0,0,0,13.52,,
47459,MS-1075,0,0,0,3.04,,
47523,7504,5,5,0,59.65,,
47524,7509,2,0,2,68.29,,
47525,7601,22,10,12,57.58,,
47526,7611,6,3,3,83.13,,
47527,7649,11,6,5,91.32,,
47613,FNB-125,0,0,0,23.86,,
47616,CLIP-24,20,11,9,5.65,,
47661,010-11251-15,0,0,0,31.99,,
47663,124750,2,2,0,140.89,,
47664,311599,5,3,2,27.78,,
47665,311699,5,3,2,27.78,,
47667,S2-6110,0,0,0,1235.95,,
47669,59401,3,0,3,188.2,,
47709,5608,0,0,0,88.64,,
47710,2602,0,0,0,59.37,,
47711,5508,0,0,0,36.58,,
47712,361,0,0,0,22.49,,
47713,367,0,0,0,19.33,,
47714,375,0,0,0,38.78,,
47781,HC1100,6,6,0,7.06,,
47782,HC1600,32,4,28,7.06,,
47809,010-11425-04,0,0,0,27.99,,
47823,RH-1,0,0,0,27.5,,
47824,MB30-RLY,0,0,0,27.5,,
47825,ES-3000-01,7,2,5,300.0,,
47839,P104330,0,0,0,188.0,,
47840,P104331,1,1,0,383.33,,
47841,P104332,0,0,0,72.53,,
47842,P104333,0,0,0,90.67,,
47844,P104345,1,0,1,196.73,,
47845,P104340,0,0,0,208.0,,
47846,P104372,0,0,0,182.2,,
47847,P104373,0,0,0,271.7,,
47848,P104335,0,0,0,103.33,,
47850,010-10249-40,0,0,0,55.99,,
47853,010-10218-21,0,0,0,125.99,,
47854,010-10218-22,2,0,2,125.99,,
47855,010-10217-21,0,0,0,164.99,,
47856,010-10217-22,1,1,0,164.99,,
47857,010-11937-20,0,0,0,824.99,,
47863,010-11937-22,1,0,1,824.99,,
47864,010-11939-20,0,0,0,899.99,,
47865,010-11939-21,2,1,1,899.99,,
47866,010-11939-22,1,0,1,899.99,,
47867,010-11938-20,0,0,0,1124.99,,
47868,010-11938-21,0,0,0,1124.99,,
47869,010-11938-22,1,0,1,1124.99,,
47870,010-11927-20,3,1,2,337.49,,
47871,010-11927-21,3,1,2,337.49,,
47872,010-11927-22,2,1,1,337.49,,
47874,010-11634-21,0,0,0,562.49,,
47875,010-11634-22,0,0,0,562.49,,
47876,010-11636-20,0,0,0,659.99,,
47877,010-11636-21,2,1,1,659.99,,
47878,010-11636-22,0,0,0,659.99,,
47905,010-10717-20,0,0,0,119.0,,
47907,101043,21,12,9,18.77,,
47908,101044,21,13,8,18.77,,
47909,101045,14,8,6,18.77,,
47910,101046,15,5,10,18.77,,
47911,101047,14,12,2,18.94,,
47912,101048,0,0,0,18.43,,
47913,1619DP2BLK,2,0,2,120.03,,
47914,TM 81585,12,6,6,6.5,11.95,
48004,112509,0,0,0,83.01,,
48005,112529,0,0,0,83.01,,
48017,33-479-01,3,3,0,22.86,,
48021,52024,4,2,2,271.59,,339.49
48026,AIR-331-104-01,0,0,0,86.36,,
48027,AIR-331-104-02,0,0,0,196.0,,
48029,DT-800MSF,0,0,0,351.11,,
48043,FAP7002,5,3,2,1355.56,,
48044,FAP6112,8,4,4,333.33,,
48050,V11-0809BBK70-2,9,1,8,261.87,,
48053,V11-3426BBK50-2,4,2,2,399.99,,
48056,V11-3447BBK70-2,0,0,0,387.96,,
48057,V11-3447WWK50-2,3,2,1,352.63,,
48180,010-11612-00,0,0,0,17.49,,
48237,50010,15,5,10,55.09,,
48240,50020,21,11,10,20.77,,
48241,50044,10,8,2,23.7,,
48242,50025,14,9,5,21.99,,
48243,50048,10,5,5,23.57,,
48244,50030,14,7,7,20.03,,
48245,50040,15,14,1,24.06,,
48246,50050,15,4,11,138.64,,
48247,50055,5,3,2,140.58,,
48258,68,42,25,17,8.36,,
48260,A53S,23,15,8,189.2,,
48261,31911-0002,51,35,16,30.57,,
48262,275,24,15,9,6.13,,
48263,277,12,9,3,10.4,,
48264,278,53,32,21,9.65,,
48265,279,8,6,2,9.1,,
48266,285,5,1,4,8.0,,
48267,286,13,13,0,13.85,,
48270,66,27,5,22,12.19,,
48271,IL200,2,0,2,27.94,,
48272,IL200P,7,7,0,29.99,,
48273,IL200K,1,0,1,50.35,,
48274,IL500P,4,2,2,60.09,,
48277,200WX,4,0,4,1074.85,,
48278,113010,2,2,0,130.67,,
48279,1130-FT,100,100,0,2.07,,
48280,113510,20,10,10,130.67,,
48281,1135-FT,96,96,0,2.07,,
48282,113910,0,0,0,130.67,,
48283,1139-FT,5,5,0,2.07,,
48284,114010,5,4,1,214.33,,
48285,1140-FT,100,100,0,3.15,,
48286,114510,10,4,6,214.33,,
48287,1145-FT,60,60,0,3.15,,
48288,114910,0,0,0,214.33,,
48289,1149-FT,30,30,0,3.15,,
48290,115010,0,0,0,273.37,,
48291,1150-FT,37,37,0,5.4,,
48292,115510,3,2,1,273.37,,
48293,1155-FT,42,42,0,5.4,,
48294,115910,0,0,0,273.37,,
48296,116010,7,4,3,319.3,,
48297,1160-FT,39,39,0,4.67,,
48298,116510,0,0,0,319.3,,
48299,1165-FT,31,31,0,4.67,,
48300,116910,1,1,0,319.3,,
48301,1169-FT,67,67,0,4.67,,
48302,117010,5,3,2,394.76,,
48303,1170-FT,25,25,0,5.95,,
48304,117510,0,0,0,394.76,,
48305,1175-FT,15,15,0,5.95,,
48306,117910,0,0,0,394.76,,
48307,1179-FT,5,5,0,5.95,,
48308,MX8713CR,0,0,0,403.62,,
48309,108310,7,2,5,35.17,,
48310,1083-FT,64,64,0,0.83,,
48311,120710,4,4,0,244.51,,
48312,1207-FT,15,15,0,3.4,,
48313,120910,9,5,4,139.76,,
48314,1209-FT,179,179,0,1.97,,
48315,121110,18,5,13,83.22,,
48316,1211-FT,29,29,0,1.13,,
48317,156610,3,3,0,64.68,,
48318,1566-FT,35,35,0,0.88,,
48319,156410,4,2,2,79.85,,
48328,108010,8,2,6,35.17,,
48329,1080-FT,433,433,0,0.83,,
48330,108810,29,11,18,35.17,,
48331,1088-FT,17,17,0,0.83,,
48332,F16-2810-1,8,4,4,72.55,,
48334,WCN604,1,1,0,145.54,,
48336,WCN503,3,2,1,104.7,,
48337,WCT503,2,1,1,110.22,,
48338,F16-2600POL-1,16,7,9,110.13,,
48339,F16-2623POL-1,11,2,9,116.5,,
48340,F16-2630POL-1,15,8,7,132.86,,
48347,111010,11,7,4,59.3,,
48348,1110-FT,48,48,0,1.2,,
48349,111310,5,3,2,59.3,,
48350,1113-FT,100,100,0,1.2,,
48351,111510,8,4,4,59.3,,
48352,1115-FT,26,26,0,1.2,,
48353,112010,10,7,3,95.4,,
48354,1120-FT,71,71,0,1.48,,
48355,112310,7,4,3,95.4,,
48356,1123-FT,50,50,0,1.48,,
48357,112510,0,0,0,95.4,,
48358,1125-FT,65,65,0,1.48,,
48359,21431730,0,0,0,85.56,,
48360,21431930,6,3,3,85.56,,
48361,252234,28,18,10,1.6,,
48362,242234,15,10,5,14.94,,
48363,244234,10,4,6,44.02,,
48364,252235,12,2,10,1.6,,
48365,242235,9,5,4,14.94,,
48366,244235,5,2,3,43.76,,
48369,252236,23,10,13,1.6,,
48370,242236,12,7,5,14.94,,
48371,244236,5,2,3,44.02,,
48373,252244,24,10,14,2.42,,
48374,242244,11,5,6,20.56,,
48375,244244,4,3,1,58.41,,
48376,252245,36,21,15,2.42,,
48377,242245,12,5,7,20.56,,
48378,244245,9,5,4,61.31,,
48379,252246,21,9,12,2.42,,
48380,242246,8,1,7,20.56,,
48381,244246,6,4,2,68.33,,
48382,252241,3,3,0,2.41,,
48385,HC15F,4,3,1,138.64,239.99,
48387,HC15S,8,6,2,85.61,139.99,
48390,252254,23,8,15,2.42,,
48392,242254,6,3,3,22.23,,
48397,244254,4,2,2,65.76,,
48398,252255,25,14,11,2.81,,
48399,242255,21,12,9,26.24,,
48400,244255,9,2,7,78.63,,
48401,252256,19,0,19,2.81,,
48402,242256,5,0,5,26.24,,
48403,244256,7,2,5,78.63,,
48404,252257,4,4,0,3.67,,
48405,242257,10,4,6,14.09,,
48406,252251,5,0,5,3.22,,
48407,252265,20,3,17,3.22,,
48408,242265,8,3,5,30.22,,
48409,244265,9,4,5,90.74,,
48410,252266,4,4,0,4.41,,
48411,242266,28,11,17,41.16,,
48412,244266,0,0,0,125.45,,
48413,252267,7,3,4,4.38,,
48414,252261,9,4,5,4.41,,
48415,252275,17,11,6,3.22,,
48416,242275,8,7,1,31.47,,
48417,252276,13,8,5,3.22,,
48418,242276,14,6,8,31.47,,
48422,252271,0,0,0,3.05,,
48427,252285,10,5,5,3.69,,
48428,242285,8,4,4,36.34,,
48429,244285,5,3,2,107.49,,
48430,252286,0,0,0,3.69,,
48432,242286,6,3,3,40.56,,
48433,244286,3,0,3,107.49,,
48434,252287,9,5,4,4.81,,
48435,252295,20,9,11,4.41,,
48436,242295,21,9,12,42.79,,
48437,244295,4,1,3,127.5,,
48438,252296,10,0,10,4.41,,
48439,242296,10,6,4,42.79,,
48440,244296,5,2,3,127.5,,
48441,252297,8,5,3,4.38,,
48442,242297,9,5,4,17.36,,
48443,260100,103,42,61,2.79,,
48444,260200,56,6,50,3.03,,
48445,260325,53,22,31,5.33,,
48446,260010,8,4,4,6.65,,
48447,260012,11,5,6,7.83,,
48448,260322,8,4,4,20.57,,
48460,1035,7,5,2,8.2,,
48464,CLZ-CRDL,0,0,0,28.22,,
48465,21432311,2,2,0,76.95,,
48466,21501740,1,0,1,94.16,,
48467,21501940,1,1,0,94.16,,
48482,010-11855-00,0,0,0,15.99,,
48483,G-5,54,10,44,43.59,,
48484,G-7,0,0,0,55.95,,
48485,G-11,23,15,8,76.77,,
48486,G-16,16,2,14,111.25,,
48487,G-23,0,0,0,175.66,,
48488,000-171-974,0,0,0,159.09,,
48489,000-171-975,0,0,0,104.55,,
48493,010-11617-10,6,2,4,27.99,,
48494,118505,2,2,0,290.15,,
48495,1185-FT,33,33,0,7.92,,
48496,119505,12,4,8,308.77,,
48497,1195-FT,37,37,0,9.92,,
48498,252715,9,6,3,5.36,,
48499,242715,9,5,4,21.37,,
48500,252716,17,5,12,5.64,,
48501,242716,8,3,5,21.79,,
48502,252717,6,1,5,5.64,,
48503,252725,9,3,6,6.86,,
48504,242725,19,9,10,29.45,,
48505,252726,6,5,1,6.91,,
48506,242726,16,9,7,29.45,,
48507,252727,4,4,0,6.91,,
48508,242727,6,5,1,29.45,,
48518,21410004,2,1,1,644.99,,
48526,432-0010-11-00,0,0,0,5462.49,,
48527,432-0010-13-00,0,0,0,6412.49,,
48529,311399,14,8,6,27.78,,
48530,311499,2,1,1,27.78,,
48531,312399,13,8,5,38.28,,
48532,312499,0,0,0,38.28,,
48533,312599,12,4,8,38.28,,
48534,312699,5,3,2,38.28,,
48548,MS-BT100,1,1,0,35.74,,
48575,20310013,2,2,0,789.99,,
48628,1247-FT,23,23,0,0.75,,
48639,LLB-33JW-81-OT,0,0,0,43.9,,
48641,LLB-33RW-81-OT,0,0,0,43.9,,
48642,LLB-33SW-81-OT,1,1,0,43.9,,
48643,LLB-49WR-21-CR,3,1,2,71.34,,
48656,LLB-32AH-01-00,0,0,0,4.15,,
48658,010-11580-00,11,1,10,17.49,,
48660,010-11010-22,0,0,0,934.65,,1275.0
48684,A80228,2,0,2,174.99,,
48707,LLB-11TW-61-00,0,0,0,9.0,,
48711,LLB-21UW-21-00,4,1,3,9.0,,
48714,PRC200BC,9,4,5,84.77,136.99,
48715,LLB-21TW-21-00,2,0,2,9.0,,
48717,LLB-216W-21-00,0,0,0,8.31,,
48721,LLB-186W-21-00,0,0,0,6.92,,
48722,LLB-202W-21-00,0,0,0,6.23,,
48727,LLB-26FC-21-00,0,0,0,8.31,,
48728,LLB-26FW-21-00,0,0,0,8.31,,
48729,LLB-229W-21-00,0,0,0,3.46,,
48730,LLB-269W-21-00,0,0,0,3.46,,
48736,LLB-44BG-01-00,0,0,0,4.15,,
48737,LLB-44DG-01-00,0,0,0,4.15,,
48738,LLB-44EE-01-00,0,0,0,10.38,,
48739,LLB-453W-01-02,0,0,0,31.46,,
48740,LLB-453W-01-05,3,2,1,47.99,,
48741,LLB-453R-01-02,0,0,0,31.46,,
48742,LLB-453R-01-05,0,0,0,54.15,,
48743,LLB-453B-01-02,0,0,0,31.46,,
48744,LLB-453B-01-05,5,2,3,54.15,,
48745,05903-00,1,1,0,65.43,,
48746,LLB-463W-01-05,0,0,0,35.85,,
48750,22102,3,2,1,35.84,,
48751,22702,4,2,2,28.49,,
48752,22502,9,2,7,26.99,,
48756,33103,0,0,0,38.27,,
48757,LLB-453M-01-02,0,0,0,31.46,,
48758,LLB-453M-01-05,1,1,0,54.15,,
48772,1050,0,0,0,26.92,,
48775,2010,48,43,5,25.93,,
48776,4020,50,17,33,25.23,,
48779,80300,11,5,6,51.66,,
48780,805002,0,0,0,15.81,,
48792,805950,1,1,0,22.14,,
48793,805900,0,0,0,44.29,,
48794,805950B,2,2,0,20.95,,
48795,805900B,8,8,0,41.33,,
48796,803950,2,2,0,17.57,,
48797,803900,4,4,0,35.14,,
48798,803950B,12,6,6,17.57,,
48799,803900B,7,7,0,35.14,,
48801,80113,0,0,0,12.97,,
48802,80113B,3,1,2,13.71,,
48803,83212,21,9,12,17.71,,
48804,83216,3,2,1,19.59,,
48805,83220,9,4,5,22.29,,
48806,83224,7,7,0,23.31,,
48807,102412,0,0,0,21.86,,
48808,102420,0,0,0,23.38,,
48809,102424,3,2,1,25.27,,
48812,142016,7,5,2,25.14,,
48813,142024,15,9,6,26.76,,
48815,142032,0,0,0,41.14,,
48816,142040,0,0,0,42.43,,
48817,3816325,0,0,0,53.65,,
48820,51618122,0,0,0,47.08,,
48823,80725,0,0,0,50.66,,
48824,807100,0,0,0,208.11,,
48825,809025,6,3,3,25.0,,
48826,809100,0,0,0,100.0,,
48827,901024,0,0,0,53.92,,
48828,901420,0,0,0,58.78,,
48829,50142050,0,0,0,28.23,,
48831,60250,0,0,0,14.86,,
48832,60375,0,0,0,19.82,,
48833,60500,0,0,0,27.03,,
48834,60625,0,0,0,29.73,,
48835,60750,0,0,0,35.14,,
48836,601000,0,0,0,40.54,,
48837,80250,0,0,0,19.41,,
48838,80375,0,0,0,28.38,,
48839,80500,0,0,0,41.89,,
48840,80625,0,0,0,45.95,,
48841,80750,0,0,0,55.41,,
48842,801000,0,0,0,60.81,,
48866,CVS-1266012,0,0,0,874.3,,
48867,CVS-1266020,1,1,0,874.3,,
48873,201010,4,4,0,256.41,,
48874,402010,4,1,3,248.93,,
48883,71245,9,6,3,7.52,,
48884,90051,0,0,0,21.51,,
48885,90191-00,2,0,2,13.99,,
48886,90261,0,0,0,37.98,,
48889,90331,0,0,0,24.04,,
48891,90511,0,0,0,20.88,,
48892,90681-00,0,0,0,20.56,,
48893,90791,0,0,0,20.88,,
48896,09-1026B-9,0,0,0,20.99,,
48897,09-1027B-10,2,2,0,23.0,,
48899,09-1028B-9,0,0,0,32.1,,
48901,09-1052S-9,0,0,0,19.3,,
48902,09-1077B-9,1,0,1,19.99,,
48903,09-13384,3,3,0,142.99,,
48904,09-46839-01,0,0,0,100.25,,
48905,09-46839-02,0,0,0,100.25,,
48907,09-5000,0,0,0,56.79,,
48908,09-6000,1,0,1,43.99,,
48909,09-802B,0,0,0,91.48,,
48912,09-810B-9,0,0,0,21.23,,
48914,09-814B,0,0,0,79.01,,
48916,09-819B-9,0,0,0,54.32,,
48917,09-820B,0,0,0,228.06,,
48920,09-824P-9,0,0,0,23.46,,
48921,09-842B,0,0,0,243.1,,
48922,09-843S-9,0,0,0,25.93,,
48972,T70152,26,6,20,1320.41,,
48973,T70153,1,0,1,1421.04,,
48974,T70154,3,1,2,1385.86,,
49025,15101,2,0,2,94.51,,
49034,32-0510-50,0,0,0,219.38,,
49037,412-BK,13,2,11,6.6,,
49040,19-0410,0,0,0,365.5,,
49048,A80229,8,4,4,204.16,,
49049,A80230,2,1,1,308.32,,
49050,A80227,0,0,0,124.99,,
49078,32-1087-50,1,0,1,74.99,,
49092,1128A00BLK,3,2,1,173.09,,
49093,1127RA0BLK,0,0,0,153.88,,
49094,1127GA0BLK,4,2,2,153.88,,
49095,1129A00BLK,0,0,0,153.88,,
49096,1129MA0BLK,0,0,0,173.09,,
49097,1130A00BLK,0,0,0,153.88,,
49098,1365E00BLK,0,0,0,455.81,,
49099,0314C0712V,2,0,2,1017.34,,
49100,PSU017,0,0,0,612.18,,
49104,E70096,3,1,2,652.16,,
49108,E70098,1,0,1,440.21,,
49109,E70099,1,1,0,774.45,,
49110,E70139,0,0,0,1667.11,,
49111,E70100,3,1,2,1752.71,,
49112,R70160,0,0,0,179.34,,
49113,0374001CLR,0,0,0,44.23,,
49114,0374002CLR,0,0,0,44.24,,
49116,0374003CLR,0,0,0,39.32,,
49117,0374004CLR,1,0,1,36.86,,
49118,0342024CLR,0,0,0,61.81,,
49130,16004B-24,0,0,0,140.35,,
49133,10-13252-103-BW,0,0,0,138.27,,
49134,10-13252-107-BW,0,0,0,140.74,,
49135,10-13350-03,0,0,0,177.94,,
49136,10-13350-04,1,1,0,200.49,,
49137,10-13395-103,0,0,0,106.17,,
49138,10-13395-104,0,0,0,101.48,,
49139,73681S,3,1,2,67.83,,
49140,42054M,0,0,0,47.37,,
49141,42057U,4,2,2,33.48,,
49142,UFO X,32,8,24,139.99,,
49143,7241321FG,7,5,2,166.87,,
49145,7241321FGK,8,3,5,192.0,,
49146,7241521FGK,10,5,5,200.74,,
49153,58121,4,4,0,172.85,,
49154,58130,11,8,3,174.3,,
49155,58131,12,9,3,198.95,,
49156,58140,11,9,2,161.01,,
49158,58180,52,48,4,38.41,,
49159,58182,17,16,1,39.74,,
49160,58183,0,0,0,67.4,,
49162,58231,9,5,4,47.61,,
49163,58300,6,4,2,35.16,,
49164,58275,0,0,0,31.26,,
49167,CAB000863,0,0,0,15.66,,
49182,B265LH,0,0,0,1422.22,,
49184,PM265LH,0,0,0,1422.22,,
49188,31410018,1,1,0,79.99,,
49189,11953-4,6,3,3,22.02,,
49194,11780-6,6,5,1,4.29,,
49195,11776-5,4,4,0,22.62,,
49196,11775-5,6,3,3,12.81,,
49217,6005200,15,5,10,21.96,,
49218,6010200,8,2,6,36.56,,
49219,6011200,12,2,10,36.56,,
49220,12VCP,20,7,13,35.51,,
49221,150BBI,26,8,18,16.87,,
49222,S20-15,0,0,0,39.87,,
49223,S15-30,10,7,3,32.86,,
49224,S20-30,3,2,1,54.76,,
49225,6152SPP-25,3,1,2,441.81,,
49226,6152SPPW-25,8,4,4,514.3,,
49227,6152SPP,6,3,3,620.83,,
49228,6152SPPW,0,0,0,673.58,,
49229,12VBR,6,3,3,19.23,,
49230,12VBP,13,6,7,13.79,,
49231,12VBRAD,8,4,4,14.28,,
49232,12VCP6,7,4,3,45.37,,
49240,6369CR,15,3,12,92.69,,
49241,6370CR,2,2,0,90.92,,
49242,305CRRB,8,3,5,25.69,,
49243,6371EL-B,5,1,4,123.66,,
49244,6373EL-B,22,5,17,130.2,,
49245,6373EL,4,3,1,138.07,,
49246,2018BP-12,0,0,0,19.4,,
49247,2018BP-24,8,2,6,18.45,,
49248,2018BR-MB,25,22,3,57.72,,
49249,2018PKG,3,1,2,77.03,,
49250,2018BR,11,3,8,38.72,,
49257,RY504-2-30,11,7,4,321.28,,
49259,110A,6,3,3,102.35,,
49260,115A,6,5,1,166.1,,
49261,117A,6,4,2,142.99,,
49262,199120,6,3,3,95.67,,
49263,12VPG,29,8,21,7.47,,
49264,12VCPS2,19,8,11,28.73,,
49292,150400-200-050-12,4,2,2,74.99,,
49293,150400-200-060-12,5,5,0,87.93,,
49294,150400-200-070-12,5,0,5,87.93,,
49295,150400-200-080-12,0,0,0,87.93,,
49301,151200-200-004-13,20,18,2,57.24,,
49302,100200-200-002-12,12,7,5,55.71,,
49305,100100-200-002-12,13,8,5,45.71,,
49306,100100-200-004-12,12,6,6,50.71,,
49308,102000-200-002-12,0,0,0,12.5,,
49309,102000-200-004-12,0,0,0,12.5,,
49310,102000-200-005-12,0,0,0,12.5,,
49312,102200-200-004-12,7,3,4,59.23,,
49333,A80277,0,0,0,283.32,,
49335,A80273,0,0,0,34.08,,
49345,6360CRN,7,3,4,72.44,,
49346,6153SPP,4,1,3,437.37,,
49347,6153SPP-25,0,0,0,389.4,,
49348,6153SPPW,0,0,0,509.08,,
49351,CS30-12,7,3,4,51.76,,
49352,CS30-25,20,13,7,85.79,,
49353,CS30-50,14,8,6,102.21,,
49354,CS503-25,4,2,2,428.19,,
49355,CS503-50,7,4,3,480.92,,
49356,CS504-25,5,1,4,485.86,,
49357,CS504-50,4,1,3,682.69,,
49358,P15-30,6,0,6,48.12,,
49359,P30-15,0,0,0,53.06,,
49360,P503-30,4,2,2,120.35,,
49361,P30-503,0,0,0,154.65,,
49362,P504-30,4,2,2,141.69,,
49363,P30-504,4,0,4,168.14,,
49364,P504-503,2,1,1,205.64,,
49365,Y503-2-30,0,0,0,225.84,,
49366,Y504-2-30,5,4,1,194.33,,
49367,Y504-2-503,0,0,0,431.42,,
49368,Y30-2-30,4,2,2,174.99,,
49369,Y504-2-504,4,2,2,416.66,,
49390,2882.91,0,0,0,94.75,,
49391,2883.91,0,0,0,94.75,,
49392,2884.91,0,0,0,94.75,,
49393,2885.91,0,0,0,94.75,,
49394,305CRCN.VPK,6,6,0,39.86,,
49395,103RN,0,0,0,13.24,,
49396,103ELN,0,0,0,14.14,,
49397,6361CRN,5,3,2,62.1,,
49398,2848.91,0,0,0,235.2,,
49399,2846.91,0,0,0,235.2,,
49400,2842.91,0,0,0,235.2,,
49401,2844.91,0,0,0,235.2,,
49402,2874.91,0,0,0,235.2,,
49403,2875.91,0,0,0,235.2,,
49404,7715CRN,12,9,3,20.51,,
49405,7715ELN,8,2,6,20.51,,
49406,A80160,1,1,0,63.91,,
49407,18598-1000,0,0,0,65.41,,
49410,GS-280,4,0,4,1417.06,,
49411,GS-2801,1,0,1,1430.45,,
49513,010-11932-00,0,0,0,19.99,,
49537,GS-170-2,4,1,3,470.74,,
49538,F16-0311C-1,0,0,0,122.14,,
49543,V30-0744B8-2,17,3,14,10.5,,
49544,V30-0748B8-2,7,2,5,12.92,,
49545,V30-1333B10-1,14,7,7,21.63,,
49546,V30-0202B10-1,17,9,8,23.55,,
49547,V30-0109B10-1,10,0,10,18.77,,
49548,V30-0113B10-1,13,6,7,19.33,,
49549,V30-1005B25-1,2,0,2,53.4,,
49550,V30-1005W25-1,8,2,6,53.4,,
49551,V30-1008B25-1,5,0,5,53.4,,
49552,V30-1008W25-1,9,2,7,53.4,,
49553,V30-1312B25-1,2,1,1,39.99,,
49554,V30-1312W25-1,6,0,6,60.47,,
49555,V30-1316B25-1,2,2,0,60.28,,
49556,V30-1316W25-1,12,8,4,57.81,,
49561,CB3961001,9,4,5,31.35,,
49568,MS6007BR,8,5,3,51.94,,
49570,22823,30,26,4,12.24,,
49571,22833,5,1,4,17.71,,
49572,22853,44,31,13,27.33,,
49585,P66-BL,1,1,0,173.24,,
49597,A28167,1,1,0,55.39,,
49622,1901122,11,11,0,309.57,,
49665,010-11409-20,2,0,2,8.4,,
49717,CLIP-17,4,2,2,7.5,,
49718,CN-3,4,2,2,8.8,,
49721,FBA-42,6,4,2,18.75,,
49723,FBA-44,4,2,2,18.75,,
49727,B117-DT-BL,0,0,0,240.29,,
49733,E-DC-19A,17,4,13,24.75,,
49734,E-DC-6,11,3,8,7.5,,
49735,SPR-1I-RM,0,0,0,124.41,,
49736,SPR-7-RM,0,0,0,299.12,,
49740,001-167-880-10,0,0,0,50.0,,
49741,001-167-900-10,0,0,0,90.91,,
49745,LLB-28NW-24-SY,0,0,0,38.41,,
49750,SS 01306,0,0,0,10.4,16.95,
49754,BC 01806,31,13,18,11.33,17.95,
49755,BC 01810,0,0,0,49.74,69.95,
49759,LLB-33AW-81-OT,0,0,0,41.16,,
49760,LLB-33BW-81-OT,0,0,0,41.16,,
49761,LLB-33CW-81-OT,0,0,0,50.49,,
49762,LLB-33EW-81-OT,0,0,0,43.9,,
49766,3970.3,16,16,0,54.81,,
49767,3971.3,17,10,7,60.26,,
49772,010-11977-00,0,0,0,6.99,,
49773,010-11994-00,0,0,0,34.99,,
49800,154000-200-020-13,0,0,0,484.8,,
49801,154000-200-004-13,0,0,0,484.8,,
49802,154000-200-005-13,0,0,0,532.67,,
49803,154100-200-020-13,0,0,0,554.0,,
49804,154100-200-004-13,0,0,0,554.0,,
49805,154100-200-005-13,0,0,0,593.64,,
49819,E70227,2,2,0,244.55,,
49820,2714.4,0,0,0,161.21,,
49850,11031A,0,0,0,6.73,,
49851,11065A,50,27,23,5.08,,
49852,23000,0,0,0,19.56,,
49853,23102,71,19,52,14.21,,
49854,23103,9,6,3,22.74,,
49855,25006GA,18,8,10,21.74,,
49856,27700,0,0,0,162.39,199.99,
49857,27710,25,13,12,181.77,229.99,
49858,27850,27,14,13,39.31,,
49859,29300,7,7,0,18.49,,
49860,29330,1,1,0,17.79,,
49861,29331,4,3,1,22.95,,
49862,29332,9,9,0,20.12,,
49863,29333,5,0,5,18.77,,
49864,27635,10,7,3,197.14,,
49865,26051A,8,2,6,21.27,,
49866,26053A,10,10,0,8.77,,
49867,53690A,36,10,26,26.99,49.99,
49868,55108A,31,18,13,62.03,,
49882,133-4,3,3,0,4.66,,
49883,133-16,22,22,0,13.46,,
49885,368,11,11,0,13.29,,
49886,1158,13,13,0,24.65,,
49887,1159,4,4,0,25.18,,
49928,710237-1,0,0,0,90.91,,
49976,720085-1,3,0,3,25.75,,
50042,81-2022-12,17,9,8,1252.67,,
50057,2278,20,10,10,81.08,,
50058,2279,23,18,5,47.5,,
50064,SPL-12W,8,2,6,331.02,,
50067,SPLR-3,3,2,1,34.38,,
50068,202319,1,1,0,4.92,,
50069,202320,0,0,0,5.1,,
50074,3726BC,6,2,4,29.05,,
50075,3730BC,4,1,3,23.99,,
50076,6228BC,0,0,0,43.24,,
50077,6230BC,0,0,0,36.93,,
50078,6228WC,0,0,0,43.24,,
50079,6230WC,0,0,0,36.93,,
50080,02840000A,2,2,0,524.46,,
50082,29092-1000,20,15,5,11.7,,
50083,S-235C,0,0,0,72.25,,
50084,S-236C,0,0,0,91.11,,
50087,S-239C,0,0,0,42.59,,
50088,3226BC,129,45,84,26.93,,
50091,3230BC,0,0,0,20.95,,
50092,6094C,5,2,3,35.13,,
50093,6095C,0,0,0,37.56,,
50094,6096C,4,0,4,34.0,,
50095,6097C,2,0,2,37.56,,
50096,S-976C,9,2,7,5.83,,
50097,S-976BC,69,46,23,5.63,,
50100,6223C,3,2,1,32.08,,
50101,6349,0,0,0,105.68,,
50102,S-1320,0,0,0,64.79,,
50105,6263,0,0,0,18.29,,
50106,S-1524C,0,0,0,14.64,,
50107,S-1525C,0,0,0,15.73,,
50108,S-1526C,0,0,0,20.25,,
50109,S-1527C,0,0,0,22.19,,
50110,S-1528C,0,0,0,23.76,,
50111,6098C,0,0,0,37.74,,
50112,6099C,0,0,0,82.58,,
50113,6970C,10,5,5,23.08,,
50121,1133-F,2,2,0,46.52,,
50122,1205-F,0,0,0,100.49,,
50123,101245,3,3,0,207.32,,
50124,101246,14,10,4,207.32,,
50125,1200-F,0,0,0,100.49,,
50126,95-077-F,4,3,1,143.16,,
50127,1008-F,17,12,5,26.87,,
50128,1058-F,3,0,3,6.03,,
50129,1059-F,11,6,5,11.73,,
50130,73-071-F,12,5,7,64.13,,
50149,1363660,3,3,0,1435.61,,1699.99
50152,FRRRCR902000A00,0,0,0,312.19,,
50154,FRRRCH902000A00,0,0,0,148.83,,
50156,FRRRCP902000A00,0,0,0,105.27,,
50166,1363860,4,2,2,1061.37,,
50167,1363844,4,1,3,319.04,,
50168,1363854,2,0,2,474.0,,
50169,1363845,6,6,0,355.83,,
50170,1363855,3,3,0,489.27,,
50174,1363856,2,2,0,504.15,,
50179,FVC100358220Q00,1,0,1,487.73,,
50182,FVC08031231CA00,0,0,0,288.33,,
50191,FVC7031231CQ00,2,2,0,274.43,,
50193,FVC070312130Q00,1,0,1,307.09,,
50194,FVC070312120Q00,0,0,0,259.17,,
50206,MS-CBUSBFM1,0,0,0,16.24,,
50208,1810222,6,4,2,181.61,,
50213,114110,0,0,0,85.18,,
50214,1852072,1,0,1,29.05,,
50215,1865023,12,2,10,35.59,,
50216,114113,0,0,0,44.02,,
50217,114118,10,9,1,82.33,,
50218,114119,0,0,0,79.05,,
50219,114120,0,0,0,85.18,,
50220,114123,0,0,0,46.46,,
50221,114128,14,4,10,85.18,,
50222,114129,0,0,0,85.18,,
50224,101218,6,0,6,129.01,,
50232,1210-0001-P,7,2,5,29.28,,
50233,13554-0001-P,3,2,1,52.04,,
50234,17018-0001-P,11,3,8,54.81,,
50235,17935-0001-P,7,6,1,55.57,,
50236,17936-0001-P,14,7,7,87.1,,
50237,17937-0001-P,7,2,5,32.28,,
50238,18838-0001-P,2,0,2,35.51,,
50239,18777-0001-P,9,6,3,33.86,,
50240,18948-0001-P,2,0,2,40.48,,
50241,22405-0001-P,5,3,2,22.3,,
50242,6056-0003-P,17,8,9,116.4,,
50243,6303-0003-P,12,7,5,21.78,,
50244,6303-0007-P,12,7,5,36.8,,
50245,836-0001-P,14,6,8,51.21,,
50246,836-0003-P,0,0,0,51.21,,
50247,920-0001-P,15,6,9,31.53,,
50248,14750-0003-P,10,8,2,32.21,,
50249,17370-0001-P,13,7,6,121.42,,
50251,5929-0003-P,7,3,4,86.74,,
50252,6760-0003-P,4,0,4,173.46,,
50253,6080C,0,0,0,13.53,,
50254,9200-0023-P,5,0,5,40.56,,
50255,6180C,5,5,0,19.09,,
50256,920-0003-P,7,1,6,34.69,,
50257,6079C,8,8,0,15.67,,
50258,6179C,10,2,8,19.09,,
50259,6215C,0,0,0,12.84,,
50260,6216C,0,0,0,12.84,,
50261,6091C,0,0,0,16.92,,
50262,6081C,8,8,0,13.53,,
50263,6181C,8,0,8,19.09,,
50264,6225C,0,0,0,15.12,,
50265,6226C,0,0,0,15.12,,
50266,6279C,0,0,0,16.23,,
50267,6280C,0,0,0,17.04,,
50268,6090,0,0,0,43.69,,
50281,6190,0,0,0,47.93,,
50282,6130,0,0,0,43.67,,
50284,6050,0,0,0,21.91,,
50288,6048C,0,0,0,30.21,,
50291,6049C,0,0,0,21.15,,
50293,6084,0,0,0,40.59,,
50295,6184,0,0,0,38.73,,
50297,6229C,0,0,0,17.67,,
50299,S-7091P,0,0,0,34.31,,
50300,S-7092P,0,0,0,39.28,,
50303,S-7093P,0,0,0,47.73,,
50307,11901,0,0,0,36.96,,
50333,6028,0,0,0,10.97,,
50334,6029,4,4,0,16.3,,
50335,S-3433,0,0,0,7.96,,
50336,33611,25,11,14,97.83,,
50337,S-1492,0,0,0,4.8,,
50338,33621,26,14,12,99.18,,
50339,S-3030,14,2,12,2.15,,
50340,33631,9,8,1,102.84,,
50341,S-3031,0,0,0,2.15,,
50342,6007,0,0,0,12.06,,
50343,6021,0,0,0,13.7,,
50344,S-3436,0,0,0,7.26,,
50345,S-3032,0,0,0,1.97,,
50346,S-3033,0,0,0,1.97,,
50347,6161,0,0,0,16.94,,
50348,6162,0,0,0,17.66,,
50349,S-3025,0,0,0,5.44,,
50350,S-3439,4,4,0,7.44,,
50351,S-3440,0,0,0,6.53,,
50352,6027C,0,0,0,31.63,,
50353,S-990C,0,0,0,19.36,,
50354,S-990BC,0,0,0,19.87,,
50355,6211C,2,0,2,27.32,,
50356,6018C,0,0,0,18.57,,
50357,S-991,0,0,0,11.16,,
50358,6024L,0,0,0,16.94,,
50359,6024R,0,0,0,16.94,,
50360,6390,0,0,0,11.81,,
50361,6391,0,0,0,12.81,,
50362,6163,0,0,0,9.54,,
50365,6164,0,0,0,11.71,,
50366,S-1497,5,2,3,4.43,,
50367,S-3034,0,0,0,1.97,,
50368,S-3035,2,2,0,1.97,,
50369,S-3415,0,0,0,3.65,,
50370,S-3416,0,0,0,5.6,,
50371,S-3417,0,0,0,4.66,,
50372,S-3418,0,0,0,8.78,,
50373,S-3419,0,0,0,9.37,,
50374,S-3420,1,1,0,10.8,,
50375,S-3421,0,0,0,7.85,,
50376,S-3422,0,0,0,5.88,,
50377,S-3425,0,0,0,9.63,,
50378,6025,6,2,4,9.21,,
50379,6026,2,0,2,13.56,,
50380,S-3428,0,0,0,11.09,,
50381,S-3430,7,4,3,10.57,,
50382,S-604,0,0,0,12.67,,
50383,S-604BC,0,0,0,9.77,,
50384,S-605C,0,0,0,18.01,,
50385,S-605BC,0,0,0,11.19,,
50386,6384,0,0,0,41.49,,
50387,6160,9,4,5,15.83,,
50388,S-3422R,0,0,0,6.78,,
50389,S-3700,8,1,7,9.59,,
50390,S-3705,0,0,0,9.19,,
50391,S-3444,5,2,3,11.56,,
50392,6342C,0,0,0,21.83,,
50393,S-4051C,0,0,0,14.21,,
50394,S-579C,0,0,0,11.56,,
50395,S-579BC,0,0,0,9.03,,
50396,S-1400C,0,0,0,8.51,,
50397,6343C,2,2,0,21.83,,
50398,S-4052C,0,0,0,10.7,,
50399,S-578C,0,0,0,10.99,,
50400,S-4053C,0,0,0,12.87,,
50401,S-585C,0,0,0,9.2,,
50402,S-585BC,0,0,0,10.1,,
50403,S-586C,0,0,0,16.16,,
50404,S-586BC,0,0,0,15.67,,
50405,S-588C,8,4,4,44.36,,
50406,S-054C,7,4,3,12.4,,
50407,S-054BC,0,0,0,14.55,,
50408,S-1401C,0,0,0,7.84,,
50409,S-1401BC,15,12,3,8.63,,
50410,S-1402C,0,0,0,9.97,,
50411,S-1402BC,7,3,4,8.63,,
50412,S-1031,0,0,0,16.33,,
50416,S-1032,0,0,0,23.47,,
50417,S-1033,3,3,0,28.53,,
50418,S-5031,3,0,3,4.26,,
50421,S-5032,11,5,6,4.29,,
50423,S-5033,10,2,8,6.07,,
50428,6022C,0,0,0,14.94,,
50429,S-3360C,2,2,0,9.23,,
50430,S-3360BC,0,0,0,9.23,,
50431,S-3362C,0,0,0,9.67,,
50432,S-3362BC,0,0,0,11.17,,
50433,S-3364C,2,0,2,11.83,,
50434,S-3364BC,0,0,0,12.13,,
50435,S-222C,8,4,4,8.43,,
50436,S-223C,0,0,0,8.14,,
50437,S-224C,0,0,0,11.94,,
50438,S-229C,7,3,4,4.92,,
50439,S-977C,0,0,0,6.43,,
50440,S-503C,0,0,0,7.84,,
50441,S-148SC,0,0,0,14.7,,
50442,S-149C,0,0,0,4.85,,
50453,000-11142-001,0,0,0,559.33,,
50464,0456DP4,4,3,1,96.6,,
50465,0456DP6,3,2,1,96.6,,
50466,0456DP7,0,0,0,96.6,,
50467,0457DP4,6,6,0,132.08,,
50468,010-11076-04,38,29,9,20.99,,
50469,0457DP6,2,1,1,162.01,,
50470,0457DP7,5,2,3,162.01,,
50485,S-096B,0,0,0,26.39,,
50486,60900,0,0,0,154.66,,
50487,60902,2,2,0,198.91,,
50488,60901,0,0,0,159.53,,
50489,60903,2,0,2,209.56,,
50490,67900,0,0,0,163.4,,
50491,67902,0,0,0,210.13,,
50492,67901,0,0,0,168.53,,
50493,67903,0,0,0,221.39,,
50495,60821,0,0,0,24.68,,
50496,60823,0,0,0,11.66,,
50497,60822,0,0,0,11.66,,
50499,60825,0,0,0,26.05,,
50501,60827,0,0,0,12.3,,
50503,60826,0,0,0,12.3,,
50504,60805,0,0,0,31.33,,
50505,60831,0,0,0,42.28,,
50506,60833,0,0,0,15.77,,
50507,60832,0,0,0,15.77,,
50508,60835,0,0,0,49.26,,
50509,60837,8,4,4,15.87,,
50510,60836,0,0,0,15.87,,
50511,60847,0,0,0,74.92,,
50512,60703,0,0,0,85.14,,
50513,60705,2,0,2,77.92,,
50514,60855,0,0,0,49.26,,
50515,60857,0,0,0,29.96,,
50516,60858,0,0,0,26.52,,
50517,60859,0,0,0,20.6,,
50518,60860,0,0,0,17.98,,
50519,60861,0,0,0,37.7,,
50520,60840,0,0,0,43.76,,
50521,60841,0,0,0,26.18,,
50522,60843,0,0,0,43.76,,
50523,60844,0,0,0,32.42,,
50524,60850,0,0,0,19.17,,
50525,60851,0,0,0,18.1,,
50526,60853,0,0,0,16.82,,
50527,60854,0,0,0,10.72,,
50528,60150-20,27,11,16,2.64,,
50529,60151-20,46,15,31,3.46,,
50530,60152-20,50,18,32,3.98,,
50531,60153-20,7,5,2,6.94,,
50532,60154-20,4,2,2,10.38,,
50533,60155-20,6,3,3,9.47,,
50534,60148,0,0,0,3.7,,
50535,60149,0,0,0,6.13,,
50536,60120-A,0,0,0,5.9,,
50537,60130-A,0,0,0,8.13,,
50538,60131-A,6,0,6,11.67,,
50539,60137-A,0,0,0,12.23,,
50540,60145-A,6,3,3,3.98,,
50541,60146-A,16,12,4,4.6,,
50563,157000-300-010-12,0,0,0,14.12,,
50567,157000-300-050-12,0,0,0,14.12,,
50568,152800-300-050-13,6,6,0,35.0,,
50569,152800-300-075-13,6,6,0,39.29,,
50571,102500-702-999-12,0,0,0,13.21,,
50572,102400-702-999-12,2,2,0,12.14,,
50580,1366ME0BLK,0,0,0,455.81,,
50640,60124-A,15,13,2,6.35,,
50641,60127-A,20,10,10,3.46,,
50642,60135-A,17,11,6,5.04,,
50643,60142-A,0,0,0,6.62,,
50644,60147-A,9,2,7,9.2,,
50645,60170,18,12,6,7.31,,
50646,60171,15,3,12,7.31,,
50647,60172,3,2,1,7.31,,
50649,61973,0,0,0,27.04,,
50651,61974,4,4,0,37.55,,
50652,60712,7,3,4,24.49,,
50653,60710,1,1,0,40.74,,
50654,60714,2,2,0,25.73,,
50655,60716,3,2,1,45.59,,
50658,60629,1,1,0,54.53,,
50660,60720,6,3,3,68.14,,
50662,60721,0,0,0,68.14,,
50664,60722,0,0,0,80.99,,
50667,60723,0,0,0,80.99,,
50669,60724,6,3,3,100.33,,
50670,60725,0,0,0,100.33,,
50675,60730,0,0,0,30.56,,
50677,60732,0,0,0,44.56,,
50680,60734,0,0,0,61.64,,
50681,60736,0,0,0,88.39,,
50682,61398,1,0,1,381.53,,
50683,61399,0,0,0,398.14,,
50684,61397,0,0,0,381.53,,
50685,S-3511C,21,5,16,11.81,,
50687,61394,4,2,2,289.45,,
50688,62402,0,0,0,136.23,,
50689,62406,3,2,1,90.98,,
50690,62404,4,2,2,147.15,,
50698,62414,0,0,0,59.05,,
50699,62408,0,0,0,30.56,,
50700,62550,0,0,0,120.59,,
50701,62418,0,0,0,42.53,,
50702,62416,0,0,0,25.73,,
50703,62421,0,0,0,18.34,,
50704,62420,0,0,0,12.06,,
50705,62434,0,0,0,39.65,,
50706,62432,0,0,0,19.11,,
50707,62433,0,0,0,39.03,,
50708,62618,0,0,0,18.85,,
50709,62620,2,0,2,30.55,,
50710,62425,0,0,0,61.64,,
50711,62426,0,0,0,44.83,,
50712,62440,5,2,3,68.63,,
50713,62436,0,0,0,45.25,,
50714,62438,0,0,0,51.65,,
50715,62444,4,2,2,26.0,,
50716,62446,0,0,0,71.54,,
50717,62442,73,42,31,17.35,,
50718,62540,0,0,0,65.26,,
50719,62544,0,0,0,45.48,,
50720,62354,0,0,0,123.45,,
50721,62344,0,0,0,42.0,,
50722,62322,6,5,1,14.21,,
50738,N2KVIEW,0,0,0,556.0,,
50741,62330,16,4,12,11.43,,
50742,62332,9,4,5,20.83,,
50743,62338,0,0,0,39.73,,
50744,62334,0,0,0,14.21,,
50745,62336,0,0,0,16.59,,
50746,62310,0,0,0,10.0,,
50747,62312,0,0,0,11.66,,
50748,62315,0,0,0,29.55,,
50749,62314,0,0,0,13.68,,
50750,62316,5,2,3,19.15,,
50762,62670,0,0,0,14.0,,
50763,62672,0,0,0,14.0,,
50764,62526,6,4,2,18.21,,
50765,62512,0,0,0,70.5,,
50766,62520,0,0,0,43.43,,
50767,62524,7,4,3,24.6,,
50768,62530,0,0,0,36.94,,
50769,62534,0,0,0,29.64,,
50770,62532,3,2,1,49.6,,
50771,62536,0,0,0,9.93,,
50772,62502,3,0,3,71.54,,
50773,50900-1000,6,0,6,293.37,,
50774,62504,0,0,0,44.89,,
50775,62508,0,0,0,64.5,,
50776,62560,6,3,3,12.94,,
50777,62601,1,1,0,30.08,,
50778,62602,0,0,0,38.81,,
50779,62610,0,0,0,23.46,,
50780,62612,4,2,2,28.7,,
50781,62616,7,5,2,45.59,,
50782,18690-0000,5,5,0,739.59,,
50783,62410,3,3,0,30.56,,
50784,56D-24,2,0,2,225.64,,
50785,62634,4,2,2,58.03,,
50786,60034,0,0,0,91.18,,
50787,60020,0,0,0,235.63,,
50788,60031,0,0,0,216.39,,
50789,60055,0,0,0,339.78,,
50790,60030,0,0,0,237.89,,
50791,60028,0,0,0,259.94,,
50792,60029,0,0,0,805.69,,
50793,60608,0,0,0,23.06,,
50794,60620,4,2,2,76.04,,
50795,60610,4,2,2,16.28,,
50796,60612,2,2,0,27.59,,
50797,60614,7,4,3,32.8,,
50798,60609,0,0,0,5.41,,
50799,60329,0,0,0,20.18,,
50800,60502,12,5,7,17.89,,
50801,60504,18,12,6,10.31,,
50802,60506,5,3,2,7.48,,
50803,60101,57,33,24,10.14,,
50804,60102,31,15,16,15.76,,
50805,60104,46,28,18,24.24,,
50806,60106,32,17,15,30.51,,
50807,60108,32,16,16,56.75,,
50808,60110,6,4,2,69.42,,
50809,60112,21,16,5,82.2,,
50810,60114,126,65,61,15.43,,
50811,65855,0,0,0,48.79,,
50812,63272,2,2,0,11.46,,
50813,65856,0,0,0,33.24,,
50814,63218,0,0,0,49.89,,
50815,63219,0,0,0,95.35,,
50816,60808,0,0,0,16.13,,
50817,60809,0,0,0,57.34,,
50818,60810,0,0,0,115.83,,
50819,60811,23,15,8,17.21,,
50820,60812,16,4,12,22.97,,
50821,60813,0,0,0,64.8,,
50822,60814,0,0,0,16.5,,
50823,60815,0,0,0,53.1,,
50824,60816,0,0,0,16.13,,
50825,60817,0,0,0,7.51,,
50826,60818,11,8,3,62.7,,
50827,02-100-112,0,0,0,243.13,311.2,
50829,02-100-134,0,0,0,243.13,311.2,
50830,02-100-200,0,0,0,243.13,311.2,
50831,02-100-214,0,0,0,243.13,311.2,
50832,02-118-112,0,0,0,243.13,311.2,
50833,02-118-134,0,0,0,243.13,311.2,
50834,02-114-134,0,0,0,278.13,356.0,
50840,1379220,3,3,0,381.18,,
50844,02-114-200,0,0,0,278.13,356.0,
50845,02-114-214,0,0,0,278.13,356.0,
50846,02-114-212,0,0,0,278.13,356.0,
50847,02-138-214,0,0,0,278.13,356.0,
50848,02-138-212,0,0,0,281.25,356.0,
50849,02-112-214,0,0,0,368.13,471.2,
50850,02-112-212,1,1,0,368.13,471.2,
50851,02-112-234,0,0,0,368.13,471.2,
50852,02-112-300,0,0,0,368.13,471.2,
50853,02-112-314,0,0,0,368.13,471.2,
50854,02-112-312,0,0,0,368.13,471.2,
50855,02-134-212,0,0,0,402.5,515.2,
50856,02-134-234,0,0,0,402.5,515.2,
50857,02-134-300,0,0,0,402.5,515.2,
50858,02-134-314,0,0,0,402.5,515.2,
50859,02-134-312,0,0,0,402.5,515.2,
50860,02-200-234,0,0,0,473.13,605.6,
50861,02-200-300,0,0,0,473.13,605.6,
50862,02-200-314,0,0,0,473.13,605.6,
50866,02-200-312,0,0,0,473.13,605.6,
50867,02-214-312,0,0,0,539.38,690.4,
50868,02-214-400,0,0,0,539.38,690.4,
50872,02-212-312,0,0,0,539.38,690.4,
50874,02-212-400,2,0,2,539.38,690.4,
50875,02-300-412,0,0,0,769.38,984.8,
50876,A06068,2,0,2,63.91,,
50932,29045-2000,4,3,1,73.54,,
50933,000-164-608,0,0,0,70.91,,
50935,000-153-769,0,0,0,190.91,,
50936,7717,22,4,18,63.92,,
50937,15125-101,3,1,2,433.63,,
50938,15126-101,0,0,0,458.48,,
50939,15088-101,1,0,1,508.18,,
50940,15112-101,5,0,5,283.9,,
50941,15095-001,3,0,3,43.1,,
50959,ZDIGGV30,8,4,4,139.96,,
50962,124910,5,2,3,24.87,,
50963,0947DP1CHR,9,5,4,35.91,,
50964,1186DP0ZNC,20,0,20,12.53,,
50965,1187DP0ZNC,7,7,0,12.53,,
50966,1299DP0CHR,26,10,16,15.41,,
50968,1110DP0CHR,5,0,5,15.8,,
50969,0506DP4CHR,9,9,0,13.71,,
50970,1184DP0CHR,10,5,5,52.37,,
50971,1183DP0CHR,7,4,3,38.23,,
50972,1604DP0CHR,3,0,3,16.29,,
50974,1440DP5CHR,14,7,7,33.4,,
50975,1440DP6CHR,0,0,0,37.04,,
50976,1221DP0CHR,5,0,5,13.97,,
50977,1220DP0CHR,5,5,0,15.8,,
50980,100-340-032,0,0,0,45.45,,
50981,100-343-132,0,0,0,27.27,,
50982,E1150Z-11AAH,0,0,0,51.22,,
50983,IRIS595,2,0,2,324.99,,
50985,5530-24A7,7,3,4,40.38,,
50986,5530-36A7,11,9,2,42.27,,
50987,5530-42A7,10,7,3,44.7,,
50992,5580A7,22,6,16,38.07,,
50993,6355W7,9,9,0,9.59,,
50994,11794-7,6,3,3,16.67,,
50996,14185XFS-7,0,0,0,36.92,,
50997,14187XFS-7,0,0,0,53.65,,
50998,11246-1,26,13,13,13.01,,
51000,11441-4,5,3,2,47.62,,
51003,11897-2,5,2,3,15.31,,
51005,11901-4,41,20,21,33.92,,
51006,14066-7,21,8,13,19.64,,
51007,9350-4,7,6,1,19.05,,
51008,14367-6,19,10,9,9.2,,
51105,010-01226-00,2,1,1,157.49,,
51144,104,0,0,0,9.76,,12.98
51154,VIZZ-IND,4,4,0,41.43,66.99,
51156,QUAD-IND,0,0,0,29.54,47.99,
51176,010-12017-00,4,3,1,89.99,,
51181,2400,11,8,3,67.49,,
51182,2410,15,11,4,67.49,,
51183,2415,10,5,5,48.74,,
51184,2420,8,4,4,56.24,,
51185,2430,15,3,12,25.49,,
51186,2440,6,3,3,27.74,,
51187,2445,4,2,2,29.99,,
51188,2460,7,5,2,17.36,,
51189,2450,0,0,0,22.49,,
51190,2455,0,0,0,22.49,,
51214,1RPC50,0,0,0,68.65,,
51216,199128,6,5,1,84.17,,
51218,122200-200-020-14,0,0,0,54.67,,
51219,122200-200-040-14,5,2,3,44.99,,
51220,122200-200-060-14,5,4,1,54.67,,
51224,122000-300-020-14,3,3,0,44.0,,
51225,122000-300-040-14,3,3,0,44.0,,
51226,122000-300-060-14,2,2,0,44.0,,
51229,33-523-01,0,0,0,123.46,,
51241,CL-ENT,0,0,0,335.11,,
51263,1854120,2,2,0,8.71,,
51266,100-323-601,0,0,0,70.91,,
51268,001-122-810-10,0,0,0,431.82,,
51283,SPR-1I-AM,2,2,0,177.35,,
51284,SPR-7-AM,0,0,0,333.53,,
51287,T70226,4,1,3,1304.34,,
51291,A80276,0,0,0,76.69,,
51293,A80272,0,0,0,63.91,,
51294,07-100-112R,0,0,0,71.88,92.0,
51295,07-100-134R,0,0,0,71.88,92.0,
51296,07-100-200R,0,0,0,71.88,92.0,
51297,07-100-214R,0,0,0,71.88,92.0,
51298,07-118-112R,0,0,0,71.88,92.0,
51299,07-118-134R,0,0,0,71.88,92.0,
51300,07-114-134R,0,0,0,93.13,119.2,
51301,07-114-200R,0,0,0,93.13,119.2,
51302,07-114-214R,0,0,0,93.13,119.2,
51303,07-114-212R,0,0,0,93.13,119.2,
51304,07-138-214R,0,0,0,93.13,119.2,
51305,07-138-212R,0,0,0,93.13,119.2,
51306,07-112-214R,0,0,0,118.13,151.2,
51307,07-112-212R,0,0,0,118.13,151.2,
51308,07-112-234R,0,0,0,118.13,151.2,
51309,07-112-300R,0,0,0,118.13,151.2,
51310,07-112-314R,0,0,0,118.13,151.2,
51311,07-112-312R,0,0,0,118.13,151.2,
51312,07-134-212R,0,0,0,118.13,151.2,
51313,07-134-234R,0,0,0,118.13,151.2,
51314,07-134-300R,0,0,0,118.13,151.2,
51315,07-134-314R,0,0,0,118.13,151.2,
51316,07-134-312R,0,0,0,118.13,151.2,
51317,07-200-234R,0,0,0,118.13,151.2,
51318,07-200-300R,0,0,0,118.13,151.2,
51319,07-200-314R,0,0,0,118.13,151.2,
51320,07-200-312R,0,0,0,118.13,151.2,
51321,07-214-312R,0,0,0,168.75,216.0,
51322,07-214-400R,0,0,0,168.75,216.0,
51323,07-212-312R,0,0,0,168.75,216.0,
51324,07-212-400R,0,0,0,168.75,216.0,
51325,07-300-412R,0,0,0,239.38,306.4,
51331,31014,29,15,14,76.58,,
51333,33001,9,6,3,70.35,,
51339,33020,1,0,1,9.99,,
51342,33640,0,0,0,27.36,,
51343,33641,10,7,3,28.7,,
51344,33650,36,17,19,27.36,,
51350,33651,16,12,4,28.7,,
51351,33660,21,9,12,29.31,,
51352,33661,15,8,7,30.53,,
51353,33670,24,12,12,62.42,,
51354,33671,9,0,9,65.1,,
51355,33680,16,12,4,19.55,,
51358,40400,14,4,10,17.83,,
51376,010-10723-17,0,0,0,31.99,,
51379,SVS-760,3,2,1,629.3,,
51381,SVS-760TM,0,0,0,748.3,,
51385,SVS-760B60-12,0,0,0,944.3,,
51386,SVS-760B60-20,1,1,0,944.3,,
51395,SAS-300-1,0,0,0,1224.3,,
51396,SAS-300-2,1,1,0,1129.99,,
51397,SAS-300-3,2,1,1,649.99,,
51405,18670-9127,10,3,7,272.58,,
51406,T-760,4,4,0,1644.3,,
51428,101241,7,0,7,35.81,,
51429,101242,11,6,5,80.36,,
51430,101243,40,6,34,77.71,,
51431,101240,12,4,8,13.1,,
51432,101230,0,0,0,17.57,,
51433,101223,26,20,6,18.77,,
51434,101224,15,6,9,19.29,,
51481,A22154,2,1,1,216.66,,
51482,0540DPG99A,28,10,18,37.77,,
51483,0540DPGCHR,3,0,3,44.04,,
51485,010-11970-00,2,2,0,16.09,,
51500,MDA-1-ANT,3,2,1,84.0,,
51548,104000-200-000-14,0,0,0,20.67,,
51562,010-11119-00,0,0,0,25.46,,
51571,111910,5,5,0,59.3,,
51577,010-10562-00,23,9,14,4.24,,
51594,11500800,6,3,3,37.46,,
51595,21431530,7,4,3,85.56,,
51602,S2-0802,0,0,0,139.51,,
51611,58303,9,5,4,47.14,,
51612,58184,15,12,3,85.66,,
51613,58173,11,8,3,293.98,,
51614,R1,0,0,0,2.75,,
51615,R2,11,5,6,6.9,,
51616,R3,10,1,9,10.57,,
51617,R4,11,11,0,20.56,,
51618,R5,0,0,0,30.82,,
51619,R7,0,0,0,54.49,,
51620,R1AL,4,2,2,3.29,,
51621,R2AL,3,2,1,5.97,,
51622,R3AL,4,4,0,8.82,,
51623,R4AL,1,1,0,12.99,,
51624,R5AL,0,0,0,24.91,,
51625,R1MG,0,0,0,4.65,,
51626,R2MG,0,0,0,13.43,,
51627,R3MG,6,6,0,20.15,,
51628,R4MG,0,0,0,39.24,,
51629,R5MG,0,0,0,48.1,,
51632,141133,5,2,3,178.57,,
51633,EFC-03,10,0,10,32.99,,
51634,EFC-04,5,2,3,48.08,,
51635,X1,0,0,0,7.21,,
51636,X2,0,0,0,6.63,,
51637,X3,0,0,0,7.1,,
51638,X4,0,0,0,7.56,,
51639,X5,2,0,2,7.66,,
51641,X6,0,0,0,11.34,,
51642,X7,0,0,0,10.97,,
51643,X8,2,0,2,15.79,,
51644,X9,2,0,2,17.4,,
51645,X10,0,0,0,40.28,,
51646,X11,0,0,0,33.72,,
51647,X12,0,0,0,50.66,,
51648,X13,0,0,0,43.47,,
51649,X14,0,0,0,62.32,,
51650,X15,0,0,0,63.79,,
51651,X16,0,0,0,74.41,,
51652,X17,0,0,0,66.0,,
51653,X18,0,0,0,71.25,,
51654,X19,0,0,0,79.1,,
51655,X20,0,0,0,210.18,,
51656,X21,0,0,0,94.99,,
51657,X22,0,0,0,118.32,,
51681,10025,9,6,3,56.92,,
51684,X1AL,0,0,0,6.99,,
51685,X2AL,0,0,0,6.9,,
51686,X3AL,0,0,0,6.54,,
51687,X4AL,0,0,0,6.44,,
51688,X5AL,0,0,0,7.07,,
51689,X6AL,0,0,0,9.01,,
51690,X7AL,0,0,0,8.72,,
51691,X8AL,0,0,0,16.82,,
51692,X9AL,0,0,0,14.53,,
51693,X10AL,0,0,0,31.12,,
51694,X11AL,0,0,0,31.93,,
51695,X12AL,0,0,0,34.59,,
51696,X13AL,0,0,0,37.57,,
51697,X1MG,0,0,0,12.88,,
51698,X2MG,0,0,0,12.88,,
51699,X3MG,0,0,0,16.44,,
51700,X4MG,0,0,0,16.96,,
51701,X5MG,0,0,0,12.47,,
51702,X6MG,0,0,0,20.78,,
51704,X7MG,0,0,0,22.76,,
51705,X8MG,0,0,0,23.5,,
51706,X9MG,0,0,0,25.91,,
51707,00800,5,3,2,5.99,,
51708,00800AL,0,0,0,8.38,,
51709,00800MG,0,0,0,11.41,,
51710,00801,0,0,0,11.69,,
51711,00804,0,0,0,7.56,,
51712,00806,0,0,0,16.66,,
51713,00806BIS,0,0,0,14.53,,
51714,00806BISAL,0,0,0,10.12,,
51715,00806BISMG,0,0,0,14.5,,
51716,00807,0,0,0,2.63,,
51717,00807AL,0,0,0,3.47,,
51718,00807MG,0,0,0,4.24,,
51722,28106,159,83,76,78.42,,
51723,28210,60,37,23,125.09,,
51725,010-C1087-00,0,0,0,112.49,,
51738,5291,18,4,14,4.27,,
51739,5292,0,0,0,4.27,,
51740,5293,14,5,9,4.27,,
51741,5294,59,2,57,4.27,,
51742,5295,16,15,1,4.27,,
51743,5296,23,2,21,4.27,,
51744,5297,18,10,8,4.27,,
51745,5298,20,10,10,4.27,,
51746,5299,15,5,10,4.27,,
51747,00817,1,1,0,1.59,,
51748,00817AL,0,0,0,3.31,,
51749,00817MG,0,0,0,5.74,,
51750,00818,0,0,0,5.29,,
51751,00818AL,0,0,0,6.53,,
51752,00818MG,0,0,0,8.44,,
51753,00816,0,0,0,9.53,,
51754,00816AL,0,0,0,7.59,,
51755,00816MG,0,0,0,12.47,,
51756,00815,0,0,0,15.38,,
51757,00815AL,0,0,0,11.96,,
51758,00815MG,0,0,0,16.13,,
51759,00814,0,0,0,11.1,,
51760,00814AL,0,0,0,11.03,,
51761,00814MG,0,0,0,16.41,,
51762,00812,0,0,0,10.84,,
51763,01124,3,1,2,14.85,,
51764,01124AL,0,0,0,13.79,,
51765,01112,0,0,0,16.07,,
51768,01112AL,2,2,0,10.99,,
51770,01133DX,0,0,0,15.26,,
51771,01133DXAL,0,0,0,10.56,,
51772,01134SX,0,0,0,15.26,,
51773,01134SXAL,0,0,0,10.56,,
51774,TEC-DIVERS,6,3,3,48.32,,
51775,TEC-DIVERSMG,0,0,0,51.16,,
51776,TEC-20,0,0,0,4.66,,
51777,TEC-30,0,0,0,17.0,,
51778,TEC-30AL,0,0,0,13.18,,
51779,TEC-Z-406,1,1,0,49.9,,
51786,SPC12RP,3,0,3,20.0,,
51787,EMU-1,0,0,0,491.76,,
51801,OPTO-4,0,0,0,100.59,,
51803,QNB-1,0,0,0,166.06,,
51808,5049,14,5,9,3.66,,
51809,5050,7,3,4,34.73,,
51810,5051,43,2,41,56.82,,
51811,5052,13,4,9,44.19,,
51812,5054,4,1,3,75.76,,
51813,4303,12,6,6,26.23,,
51814,4305,5,2,3,40.95,,
51815,4307,9,5,4,54.04,,
51816,4309,7,2,5,67.33,,
51821,WP-150WHA-1,5,2,3,115.77,,
51822,P04-091W,60,0,60,3.75,,
51823,P04-0111W,5,0,5,11.93,,
51824,P04-011W,12,6,6,10.78,,
51826,F31-3504BSA-1,7,3,4,281.62,,
51991,7520,2,1,1,94.41,,
52003,010-11979-00,1,1,0,24.99,,
52007,3119,0,0,0,645.15,,
52008,TEC-40,2,2,0,13.99,,
52009,TEC-N1,4,4,0,25.49,,
52011,00630FISH,4,4,0,56.81,,
52012,TEC-S-Z1,0,0,0,5.75,,
52013,GO,0,0,0,962.36,,
52016,00718,0,0,0,15.76,,
52018,4187BX,39,32,7,41.24,,
52020,20708,2,2,0,32.69,,
52021,20708AL,1,0,1,29.81,,
52022,20708MG,3,3,0,44.4,,
52023,20800,0,0,0,35.22,,
52024,20800AL,0,0,0,30.69,,
52025,20800MG,1,1,0,32.26,,
52026,20801,3,1,2,49.84,,
52027,20801AL,2,1,1,46.43,,
52028,20801MG,4,4,0,51.46,,
52029,20803,0,0,0,40.06,,
52030,20803AL,3,3,0,32.99,,
52031,20803MG,6,3,3,37.06,,
52032,20804,0,0,0,26.47,,
52033,20804AL,4,2,2,27.99,,
52034,20804MG,3,3,0,32.22,,
52035,20805,1,0,1,44.16,,
52036,20805AL,0,0,0,50.38,,
52037,20805MG,0,0,0,43.03,,
52038,20814,0,0,0,28.75,,
52039,20814AL,0,0,0,29.94,,
52040,20814MG,2,2,0,36.59,,
52041,20816,0,0,0,45.75,,
52042,20816AL,0,0,0,30.76,,
52043,20816MG,0,0,0,39.49,,
52044,21101,2,2,0,27.18,,
52045,21101AL,0,0,0,21.82,,
52046,21102,0,0,0,34.74,,
52047,21102AL,0,0,0,21.82,,
52048,21104,0,0,0,27.59,,
52049,21104AL,0,0,0,24.31,,
52050,21106,0,0,0,27.91,,
52051,21106AL,0,0,0,23.46,,
52055,TEC-E0-C,2,2,0,3.26,,
52056,TEC-E00-C,1,1,0,2.44,,
52057,TEC-E1-C,0,0,0,5.1,,
52058,TEC-E2-C,1,0,1,3.99,,
52059,TEC-E3-C,0,0,0,8.99,,
52060,TEC-E4-C,0,0,0,10.62,,
52061,TEC-E5-C,0,0,0,9.79,,
52062,20701,0,0,0,27.28,,
52063,20701AL,0,0,0,31.59,,
52064,20701MG,0,0,0,28.03,,
52065,20702,0,0,0,26.85,,
52066,010-11057-00,0,0,0,55.99,,
52067,20702AL,0,0,0,26.82,,
52068,20702MG,0,0,0,27.28,,
52069,20705,0,0,0,29.0,,
52070,20705AL,0,0,0,24.21,,
52071,20705MG,0,0,0,33.38,,
52072,20706,4,2,2,29.81,,
52073,20706AL,0,0,0,21.21,,
52074,20706MG,0,0,0,26.5,,
52075,20715,0,0,0,78.6,,
52097,510,18,12,6,7.81,,
52098,511,19,10,9,7.81,,
52099,512,16,11,5,7.81,,
52100,448,32,17,15,97.49,,
52101,430,16,4,12,31.57,,
52102,393,71,29,42,9.03,,
52104,425,1,0,1,9.99,,
52106,540,17,12,5,16.2,,
52107,544,18,14,4,16.2,,
52108,2205,57,21,36,37.49,,
52112,3160,8,6,2,33.78,,
52121,B4-419Q,0,0,0,3655.4,,
52122,1260,6,0,6,49.99,,
52123,B4-619Q,0,0,0,5288.73,,
52124,B4-409AA,1,0,1,3263.4,,
52125,B4-609AA,1,0,1,4329.99,,
52128,B4-639HD,3,1,2,6249.99,,
52131,950,145,55,90,15.15,,
52133,2350,54,25,29,12.15,,
52134,2351,39,14,25,12.15,,
52135,2352,24,11,13,12.15,,
52136,1295,8,4,4,52.49,,
52146,7747,5,2,3,208.33,,
52148,6357,11,6,5,336.65,,
52149,6322,4,2,2,579.17,,
52150,6323,0,0,0,808.33,,
52151,6322C,0,0,0,495.83,,
52152,6327,0,0,0,1058.33,,
52153,6328,0,0,0,1287.5,,
52154,6327C,0,0,0,975.0,,
52156,6345,5,3,2,233.33,,
52157,6345CS,4,2,2,579.55,,
52158,6332,8,5,3,167.05,,
52160,7654,2,0,2,412.5,,
52161,7656,0,0,0,213.07,,
52162,7660,0,0,0,213.07,,
52164,7627,8,5,3,312.5,,
52165,6450,8,4,4,187.5,,
52166,6490,4,2,2,354.17,,
52167,6673,7,3,4,40.91,,
52168,6440,4,2,2,72.44,,
52169,6470,3,2,1,76.7,,
52171,6475,5,3,2,68.18,,
52172,6477,6,4,2,38.35,,
52173,6410,10,6,4,200.28,,
52174,6420,4,1,3,141.67,,
52175,7720,2,2,0,354.17,,
52176,7714,4,2,2,112.5,,
52181,6510SER,4,2,2,187.5,,
52184,7876-008,0,0,0,38.82,,
52185,7876-040,0,0,0,39.47,,
52186,7876-100,1,1,0,52.94,,
52187,7876-200,0,0,0,70.59,,
52195,7649003,5,3,2,90.68,,
52196,7650003,16,6,10,129.04,,
52205,A0-TPGN-Z30,3,1,2,1484.57,,
52206,A0-BOLT-REV,2,1,1,1404.32,,
52207,A0-BOLT-RAD,1,1,0,1203.7,,
52208,17-1526-23,4,2,2,56.17,,
52209,A0-1500-TEL,1,1,0,767.84,,
52210,A0-1800-TEL,3,1,2,863.4,,
52212,CA-0110-TG,0,0,0,103.52,,
52213,REV-TPGN-15T,0,0,0,2180.72,,
52214,REV-TPGN-18T,0,0,0,2291.79,,
52215,Z30-TPGN-15T,0,0,0,2256.95,,
52216,Z30-TPGN-18T,0,0,0,2368.02,,
52217,RAD-TPGN-15T,0,0,0,1984.11,,
52218,RAD-TPGN-18T,0,0,0,2095.93,,
52264,4131-4,4,3,1,121.11,,
52269,CA-0110-MO,0,0,0,112.35,,
52270,CA-0025-MO,1,0,1,132.41,,
52271,5010-4,0,0,0,24.44,,
52272,CA-0106,0,0,0,28.44,,
52273,CA-0105,2,0,2,36.56,,
52274,CA-0023,2,2,0,52.81,,
52276,PAK-0001,1,1,0,141.47,,
52277,PAK-0002,0,0,0,172.06,,
52278,PAK-0003,0,0,0,91.76,,
52279,PAK-0004,0,0,0,91.76,,
52280,PAK-0005,5,4,1,179.71,,
52281,PAK-0006,2,2,0,179.71,,
52282,5009-4,19,17,2,17.53,,
52283,5014-4,11,10,1,17.33,,
52284,CA-0087,178,110,68,15.85,,
52295,66470-7,3,3,0,34.99,,
52300,66362-7,5,2,3,32.83,,
52302,66363-7,5,0,5,32.83,,
52304,66364-7,10,5,5,32.83,,
52305,66364W7,0,0,0,32.83,,
52316,12761-7,6,4,2,13.44,,
52317,12750-6,7,6,1,8.39,,
52318,13066-7,8,4,4,25.62,,
52323,11849-2,4,2,2,7.24,,
52327,11848-4,7,6,1,6.23,,
52328,14137-7,19,12,7,7.89,,
52331,11900-4,5,3,2,22.92,,
52333,7563-6,27,17,10,6.97,,
52334,7594-3,8,5,3,10.28,,
52337,11862-6,7,2,5,6.58,,
52345,010-C1105-00,0,0,0,262.49,,
52346,010-C1106-00,0,0,0,262.49,,
52348,403252,7,3,4,6.41,,
52349,403312,3,2,1,6.74,,
52350,403372,11,6,5,6.74,,
52351,403502,11,5,6,7.1,,
52352,403562,11,6,5,7.72,,
52353,403622,11,7,4,7.78,,
52354,403752,7,6,1,9.12,,
52355,403872,6,3,3,9.81,,
52356,403892,1,1,0,10.14,,
52373,90885,4,2,2,170.73,,
52374,90195,0,0,0,209.76,,
52375,90160,8,5,3,117.07,,
52381,LLB-01WD-81-00,0,0,0,30.18,,
52385,LLB-55NN-81-00,0,0,0,73.17,,
52411,01-0368-07,1,0,1,3549.99,,
52412,01-0364-07,1,0,1,4460.4,,
52413,01-0369-07,0,0,0,7196.4,,
52459,40190,0,0,0,38.12,54.99,
52460,01-0366-02,0,0,0,2912.5,,
52461,01-0368-02,0,0,0,3812.4,,
52462,40191,35,9,26,11.25,16.99,
52463,01-0368-09,0,0,0,4172.4,,
52464,01-0364-04,0,0,0,4820.4,,
52465,01-0364-34,0,0,0,5252.4,,
52466,40193,0,0,0,34.37,49.99,
52467,01-0369-02,0,0,0,7988.4,,
52468,01-0364-03,0,0,0,4460.4,,
52469,01-0369-03,0,0,0,7124.4,,
52471,40194,4,2,2,27.5,39.99,
52472,40195,8,3,5,27.5,39.99,
52474,40197,0,0,0,28.12,44.99,
52478,40052,2,0,2,35.62,56.99,
52479,01-0372,2,0,2,500.88,,
52480,01-0370,0,0,0,630.88,,
52481,01-0373,0,0,0,797.03,,
52482,01-0371,0,0,0,1440.83,,
52484,N101200,0,0,0,480.11,,
52485,N121200,0,0,0,482.95,,
52486,N181100,0,0,0,530.68,,
52504,49001,0,0,0,45.62,,
52645,010-01142-00,0,0,0,337.49,,
52646,010-01142-10,0,0,0,337.49,,
52647,220,26,19,7,11.6,,15.98
52648,E70196,3,2,1,99.99,,
52654,305CRPN.VPK,30,16,14,22.4,,
52660,110R,2,0,2,9.53,,
52676,010-11814-10,0,0,0,14.99,,
52677,010-11823-00,0,0,0,17.49,,
52678,010-11828-10,15,4,11,11.69,,
52679,010-11828-11,0,0,0,12.99,,
52680,010-11867-10,0,0,0,31.99,,
52685,010-11874-00,0,0,0,20.5,,
52696,010-C1114-00,0,0,0,149.99,,
52697,010-C1113-00,0,0,0,112.49,,
52698,L255,0,0,0,103.36,,
52699,WN3605,2,1,1,190.89,,
52700,WT3605,2,1,1,156.46,,
52781,010-11678-10,23,2,21,14.99,,
52842,10-263,16,8,8,30.18,,
52843,10-264,6,5,1,30.18,,
52844,10-265,11,0,11,30.18,,
52848,40043,38,33,5,18.58,,
52851,10-361,12,6,6,24.15,,
52873,42030,0,0,0,43.74,,
52880,43030,0,0,0,61.5,,
52891,42040,0,0,0,43.12,,
52903,42550,1,1,0,30.39,,
52909,42050,1,1,0,31.38,,
52934,40645,15,11,4,12.52,,
52945,7943,0,0,0,10.24,,
52946,7944,3,0,3,10.24,,
52948,7945,12,5,7,10.24,,
53010,72-0452-01,0,0,0,1296.18,,
53011,240,9,1,8,9.59,,12.98
53019,A0-1500-CRP,0,0,0,552.9,,
53020,A0-1800-CRP,0,0,0,578.42,,
53021,CA-0002,0,0,0,240.74,,
53022,CA-0001,0,0,0,361.11,,
53023,CA-0113,0,0,0,57.78,,
53024,CA-0113-MO,0,0,0,60.99,,
53025,09-1258-2PC,11,9,2,10.0,,
53210,RA5099,5,4,1,9.62,,
53211,010-11254-02,0,0,0,28.79,,
53212,72-0634,1,0,1,369.99,,
53213,117005,4,2,2,199.57,,
53214,117505,1,1,0,199.57,,
53215,117905,0,0,0,199.57,,
53216,814-WLW,2,2,0,295.32,,
53218,010-10580-10,11,2,9,48.74,,
53219,GP1300,0,0,0,261.81,,
53220,GP1301,1,1,0,276.35,,
53221,GP2300,0,0,0,261.81,,
53222,GP2301,0,0,0,276.35,,
53248,L217,0,0,0,26.12,,
53257,LLB-472W-21-10,1,0,1,98.78,,
53260,RM1500A,21,12,9,186.81,,
53261,RM2000A,26,3,23,240.58,,
53262,RM2000A-24,9,5,4,245.1,,
53280,CL-WWS,0,0,0,443.74,,
53281,CL-WWMH,0,0,0,416.03,,
53286,RAM-B-166-326-VIS-G1U,0,0,0,52.82,74.99,
53292,119002,14,10,4,181.61,,
53293,LLB-189R-21-00,0,0,0,7.62,,
53296,MCU002,0,0,0,160.0,,
53299,EFC-A1,0,0,0,62.49,,
53300,EFC-A2,0,0,0,65.67,,
53301,EFC-A3,23,16,7,73.99,,
53310,BEARCAT 880,12,9,3,115.04,,
53313,17860-2012,9,5,4,185.98,,
53320,1000864-26,8,2,6,12.5,,
53321,FAP7011C,9,5,4,933.33,,
53322,001-260-690-00,0,0,0,54.55,,
53327,010-12123-00,0,0,0,11.24,,
53331,E70240,0,0,0,95.82,,
53332,E70241,0,0,0,95.82,,
53333,010-12106-00,0,0,0,18.74,,
53334,010-12106-10,0,0,0,18.74,,
53347,FPHRC1002L00C00,4,0,4,137.28,,
53443,10-13406-107,0,0,0,148.15,,
53445,010-12067-00,3,2,1,35.1,,
53446,11330,73,50,23,21.83,,
53447,11350,6,3,3,21.83,,
53448,11372,12,3,9,21.83,,
53449,11349,11,4,7,44.94,,
53450,11373,9,8,1,44.94,,
53453,GP1203,0,0,0,363.62,,
53464,7713,14,0,14,170.29,,
53465,7717,3,1,2,170.29,,
53466,010-11971-00,0,0,0,10.48,,
53467,010-11972-00,0,0,0,10.48,,
53471,7788CR,10,4,6,38.77,,
53472,T10-471PB,5,3,2,65.85,,
53474,SP100,17,5,12,55.0,,
53475,SP200,58,19,39,63.22,,
53476,SP300,16,6,10,113.02,,
53480,LPS-1,13,13,0,95.0,,
53486,HRMK4300,0,0,0,576.01,,
53488,HRMK1504,0,0,0,89.07,,
53489,HRMK1304,1,1,0,162.72,,
53490,HRMK2300,0,0,0,199.01,,
53491,HRMK1503,0,0,0,21.32,,
53492,HRMK2200,0,0,0,70.78,,
53493,HRMK1201,0,0,0,73.8,,
53494,HRMK1301,0,0,0,345.69,,
53495,HRMK1204,0,0,0,30.69,,
53496,HRMK1300,0,0,0,55.8,,
53497,HRMK2203,0,0,0,10.45,,
53498,HRMK2202,0,0,0,26.91,,
53499,HRMK2503,0,0,0,12.71,,
53500,HRMK2504,0,0,0,14.36,,
53501,HRMK2502,0,0,0,13.46,,
53519,101071,21,12,9,82.21,,
53520,NQA-2447,0,0,0,132.3,,
53526,12VDUSB,18,7,11,12.12,,
53527,12VCOMBO,25,5,20,17.08,,
53529,703010,11,5,6,47.97,,
53530,703030,5,1,4,47.97,,
53531,703024,10,4,6,18.4,,
53533,320003,0,0,0,3.24,,
53534,320025,3,1,2,21.2,,
53535,320103,12,9,3,3.74,,
53536,320125,20,9,11,24.33,,
53537,320203,4,0,4,4.43,,
53538,320225,13,8,5,28.83,,
53539,320303,6,2,4,6.24,,
53540,320325,3,1,2,40.55,,
53590,10-13530-01,0,0,0,93.98,,
53592,81-47238-01,1,1,0,47.62,,
53680,40192,0,0,0,84.37,134.99,
53682,PP5203,0,0,0,392.72,,
53820,104050,16,3,13,71.2,,
53828,52060,6,4,2,25.68,,
53830,27648,14,9,5,138.83,,
53831,27636,14,5,9,219.05,,
53832,27600,5,0,5,162.48,,
53833,29301,7,3,4,22.95,,
53834,32100G,13,9,4,22.88,,
53835,32110G,31,12,19,22.61,,
53836,32150G,40,20,20,23.17,,
53837,32003G,38,4,34,27.73,,
53839,32005G,32,27,5,30.35,,
53843,GP1036,0,0,0,363.62,,
53844,GP1037,0,0,0,363.62,,
53845,GP1040-02,0,0,0,334.53,,
53846,GP1040-04,0,0,0,334.53,,
53847,GP1040-08,0,0,0,334.53,,
53848,GP1040-11,0,0,0,334.53,,
53849,GP1040-13,0,0,0,334.53,,
53850,GP1040-14,0,0,0,334.53,,
53851,GP1040-15,0,0,0,334.53,,
53852,GP1040-18,0,0,0,334.53,,
53853,GP1048,0,0,0,334.53,,
53855,GP1065,0,0,0,363.62,,
53863,GP1080-13,0,0,0,385.44,,
53864,GP1080-14,0,0,0,385.44,,
53865,GP1080-18,0,0,0,385.44,,
53866,GP1088,0,0,0,385.44,,
53867,GP1170-04,0,0,0,385.44,,
53868,GP1170-06,0,0,0,385.44,,
53869,GP1176,0,0,0,385.44,,
53870,GP1200,0,0,0,349.08,,
53871,GP1201,0,0,0,363.62,,
53872,GP1202,0,0,0,363.62,,
53873,GP1204,0,0,0,363.62,,
53874,GP1400,0,0,0,298.17,,
53875,GP1401,0,0,0,312.72,,
53876,GP1500,1,0,1,261.81,,
53877,GP1040-07,0,0,0,334.53,,
53878,GP1501,0,0,0,276.35,,
53879,GP1502,0,0,0,276.35,,
53880,GP1503,0,0,0,276.35,,
53881,GP1505,0,0,0,276.35,,
53882,GP1506,0,0,0,276.35,,
53883,GP1507,0,0,0,276.35,,
53884,010-12029-00,0,0,0,1574.99,,
53885,GP1035,0,0,0,363.62,,
53886,GP1511,0,0,0,276.35,,
53887,GP1512,0,0,0,276.35,,
53888,GP1513,0,0,0,276.35,,
53889,GP1515,0,0,0,276.35,,
53890,GP1516,0,0,0,276.35,,
53891,GP1517,0,0,0,276.35,,
53892,GP1521,0,0,0,276.35,,
53893,GP1522,0,0,0,276.35,,
53894,GP1523,0,0,0,276.35,,
53898,GP1600,1,0,1,327.26,,
53899,GP1603,0,0,0,341.81,,
53900,GP1604,0,0,0,341.81,,
53901,GP1605,0,0,0,341.81,,
53902,GP1606,0,0,0,341.81,,
53903,GP1607,0,0,0,341.81,,
53904,GP1811,0,0,0,312.72,,
53906,GP1814,0,0,0,312.72,,
53907,GP1818,0,0,0,312.72,,
53908,GP2035,0,0,0,363.62,,
53909,GP2036,0,0,0,363.62,,
53910,GP2037,0,0,0,363.62,,
53911,GP2040-02,0,0,0,334.53,,
53912,GP2040-04,0,0,0,334.53,,
53913,GP2040-08,0,0,0,334.53,,
53914,GP2040-11,0,0,0,334.53,,
53915,GP2040-13,0,0,0,334.53,,
53916,GP2040-14,0,0,0,334.53,,
53917,GP2040-15,0,0,0,334.53,,
53926,16200A,11,10,1,6.05,,
53928,16303A,60,21,39,4.79,,
53931,26212GA,22,12,10,11.61,,
53940,GP2040-18,0,0,0,334.53,,
53941,GP2048,0,0,0,334.53,,
53942,GP2050-10,0,0,0,327.26,,
53943,GP2050-11,0,0,0,327.26,,
53944,GP2050-12,0,0,0,327.26,,
53945,GP2050-13,0,0,0,327.26,,
53946,GP2050-14,0,0,0,327.26,,
53947,GP2050-18,0,0,0,327.26,,
53955,GP2080-13,0,0,0,385.44,,
53957,GP2080-14,0,0,0,385.44,,
53958,GP2080-18,0,0,0,385.44,,
53959,GP2088,0,0,0,385.44,,
53960,GP2170-04,0,0,0,385.44,,
53961,GP2170-06,0,0,0,385.44,,
53962,GP2176,0,0,0,385.44,,
53963,GP2200,0,0,0,349.08,,
53964,GP2201,0,0,0,363.62,,
53965,GP2202,0,0,0,363.62,,
53966,GP2203,0,0,0,363.62,,
53967,GP2204,0,0,0,363.62,,
53968,GP2400,0,0,0,298.17,,
53969,GP2401,0,0,0,312.72,,
53970,GP2500,1,1,0,261.81,,
53971,GP2040-07,0,0,0,334.53,,
53972,GP2501,0,0,0,276.35,,
53973,GP2502,0,0,0,276.35,,
53974,GP2503,0,0,0,276.35,,
53976,GP2506,0,0,0,276.35,,
53977,GP2507,0,0,0,276.35,,
53978,GP2511,0,0,0,276.35,,
53979,GP2512,0,0,0,276.35,,
53988,GP2513,0,0,0,276.35,,
53989,GP2515,0,0,0,276.35,,
53990,GP2516,0,0,0,276.35,,
53991,GP2517,0,0,0,276.35,,
53992,GP2521,0,0,0,276.35,,
53993,GP2522,0,0,0,276.35,,
53994,GP2523,0,0,0,276.35,,
53998,GP2600,0,0,0,327.26,,
53999,GP2603,0,0,0,341.81,,
54000,GP2604,0,0,0,341.81,,
54001,GP2605,0,0,0,341.81,,
54002,GP2606,0,0,0,341.81,,
54003,GP2607,0,0,0,341.81,,
54007,PP4404,0,0,0,269.08,,
54008,PP4405,0,0,0,269.08,,
54009,PP4406,0,0,0,269.08,,
54011,PP4811,0,0,0,356.35,,
54013,PP4814,0,0,0,356.35,,
54014,PP4818,0,0,0,356.35,,
54015,PP5035,0,0,0,399.99,,
54016,PP5036,0,0,0,399.99,,
54017,PP5037,0,0,0,399.99,,
54018,PP5038,0,0,0,399.99,,
54020,PP5200,0,0,0,378.17,,
54021,PP5201,0,0,0,392.72,,
54022,PP5202,0,0,0,392.72,,
54023,PP5204,0,0,0,392.72,,
54024,RMX4404,0,0,0,392.72,,
54025,RMX4405,0,0,0,392.72,,
54026,RMX4406,0,0,0,392.72,,
54027,RMX4811,0,0,0,436.35,,
54029,RMX4814,0,0,0,436.35,,
54030,RMX4818,0,0,0,436.35,,
54039,740142-1,3,0,3,31.04,,
54040,740143-1,42,39,3,22.06,,
54042,780028-1,48,15,33,15.16,,
54056,1363831,2,2,0,840.25,,
54059,1854125,0,0,0,43.58,,
54060,1862050,13,7,6,39.94,,
54063,25M00,0,0,0,451.22,,
54064,25M00L,0,0,0,545.73,,
54065,25H00,0,0,0,466.46,,
54066,25H00L,0,0,0,545.73,,
54067,OT-0552BKA186,5,0,5,778.47,,
54080,A10-1225-2GS,6,3,3,499.99,,749.99
54094,R10-1001,6,4,2,246.95,,
54095,R10-1010-36,11,5,6,76.83,,
54096,R10-1020,12,6,6,82.32,,
54103,BOLT124,4,3,1,390.62,,
54104,BOLT129,6,3,3,405.48,,
54105,BOLT189,4,2,2,435.26,,
54106,BOLT249,0,0,0,465.04,,
54107,BOLT1212,7,4,3,435.26,,
54108,BOLT1812,5,3,2,465.04,,
54109,BOLT2412,0,0,0,494.76,,
54110,BRC4000,8,3,5,70.79,,
54113,BOLTLKCON,3,2,1,246.98,,
54114,BEA2000,4,3,1,167.6,,
54115,BEA2100,4,2,2,9.56,,
54120,BAW2005,0,0,0,23.87,,
54121,BAW2010,5,3,2,27.58,,
54122,BAW2015,6,3,3,31.3,,
54123,BAW2020,7,3,4,35.02,,
54124,BHW4003,0,0,0,34.28,,
54125,BHW4005,0,0,0,35.77,,
54126,BHW4007,0,0,0,37.26,,
54127,BHW4010,3,2,1,39.49,,
54128,V351CK,4,2,2,182.48,,
54129,V351LK,4,1,3,327.02,,
54130,8310CASBX,0,0,0,125.0,,
54151,748CAWBX,2,1,1,63.05,74.0,
54152,748CABBX,0,0,0,63.05,74.99,
54153,748CA24WBX,3,0,3,79.92,94.0,
54154,748CA24BBX,1,0,1,79.92,94.0,
54157,747DCWCS,0,0,0,48.1,64.0,
54158,747DCBCS,16,8,8,48.1,64.0,
54159,747CA24WCS,4,2,2,58.99,79.0,
54160,FVSLRSB12110A00,21,0,21,95.83,,
54161,FVSLRSB05110A00,1,0,1,95.83,,
54162,747CA24BCS,0,0,0,61.35,79.0,
54163,FVSLRSB0811SA00,0,0,0,95.83,,
54164,FVSLVS126B00A00,6,0,6,51.55,,
54165,757DCWBX,17,14,3,38.82,54.0,
54166,757DCBBX,7,4,3,38.82,54.0,
54167,757CA24WBX,5,5,0,51.41,64.0,
54168,757CA24BBX,12,6,6,53.47,64.0,
54176,817CAWBX,1,1,0,124.76,144.0,
54177,817CABBX,1,0,1,124.76,144.99,
54189,BKTLA-7C,2,2,0,22.58,,
54194,LP900S,26,23,3,69.94,,
54195,LP900D,18,7,11,53.75,,
54196,436977,6,3,3,239.44,,
54197,436979,4,2,2,266.84,,
54198,436981,8,5,3,314.98,,
54210,IRID-GO-ANT-ADA,0,0,0,41.11,,
54212,IRID-GO-BAT,0,0,0,59.34,,
54213,IRID-GO-BRACKET,0,0,0,35.56,,
54214,IRID-GO-CASE,0,0,0,31.11,,
54216,2000016407,0,0,0,39.71,,
54223,004-2100-7,0,0,0,11.57,,
54239,SXW9510-30,3,3,0,100.5,,
54240,SXW9510-40,15,6,9,100.5,,
54241,SXW9510-60,13,11,2,100.5,,
54242,SXW9510-80,13,3,10,100.5,,
54244,81-47240-01,0,0,0,195.48,,
54301,817CA24WBX,0,0,0,141.04,169.0,
54303,817CA24BBX,0,0,0,135.62,169.0,
54306,7482CAWBX,7,2,5,92.27,104.0,
54307,7482CABBX,8,4,4,92.27,104.0,
54308,707CHWBX,11,6,5,30.73,,
54309,707CHBBX,10,5,5,30.73,,
54319,827CATCS,11,5,6,14.94,,
54321,9510CABBX,98,61,37,211.73,299.0,
54323,9406CAABX,36,22,14,86.91,99.99,
54324,9303CABCS,6,6,0,30.31,39.0,
54328,MRKCA02BX,0,0,0,15.09,19.99,
54329,MRKCA03BX,8,8,0,15.07,18.99,
54331,74701WBG,21,13,8,7.11,,
54333,74701BBG,15,9,6,7.11,,
54338,70733WBG,14,4,10,5.77,,
54339,70733BBG,4,3,1,5.77,,
54340,80701WBG,6,4,2,5.95,,
54343,82701GBG,8,3,5,2.48,,
54344,747CL,16,10,6,17.4,,
54416,2000013194,0,0,0,26.18,,
54454,010-12117-20,5,2,3,337.49,,
54455,010-01403-10,0,0,0,899.99,,
54456,010-12117-30,0,0,0,862.49,,
54486,104000-105-000-15,10,6,4,20.67,,
54487,104200-500-000-15,4,4,0,16.99,,
54489,104300-200-001-15,7,5,2,23.33,,
54493,122200-505-020-15,6,6,0,54.67,,
54494,122200-505-040-15,1,1,0,54.67,,
54495,122200-505-060-15,8,2,6,44.99,,
54497,136200-701-999-13,8,5,3,21.33,,
54501,132000-500-004-15,169,94,75,84.99,,
54502,132000-105-004-14,4,0,4,84.99,,
54516,LLB-202C-21-00,0,0,0,6.23,,
54529,00820,0,0,0,7.19,,
54530,00820AL,0,0,0,6.79,,
54531,00820MG,0,0,0,10.76,,
54555,65UW03B-7,0,0,0,104.51,,
54556,65UW03G-7,1,1,0,104.51,,
54557,65UW03W-7,3,3,0,104.51,,
54558,65UW06B-7,5,5,0,146.87,,
54559,65UW06G-7,0,0,0,146.87,,
54560,65UW06W-7,20,2,18,148.33,,
54561,65UW12B-7,5,3,2,245.45,,
54563,65UW12W-7,0,0,0,245.45,,
54587,MGR350B,26,20,6,94.39,,
54588,MR762BRGB,13,9,4,81.67,,
54593,MRGB65,6,3,3,66.09,,
54594,MR6W,18,6,12,25.23,,
54595,MR6B,7,2,5,25.23,,
54596,MR4.3W,10,6,4,43.09,,
54597,MR4.3B,6,3,3,43.09,,
54598,MRC5B,15,1,14,14.02,,
54599,MRC10,37,19,18,18.28,,
54603,MCKGB350W.6,12,4,8,133.91,,
54604,MCKGB350B.6,14,5,9,133.91,,
54605,1011200,13,3,10,7.92,,
54606,1016200,19,9,10,18.52,,
54608,1039,30,0,30,34.97,,
54609,1044,4,4,0,20.08,,
54610,1070,8,3,5,18.24,,
54612,KTF003,1,1,0,236.95,,
54613,1990,14,10,4,134.51,,
54614,1991,15,10,5,168.16,,
54615,1992,5,1,4,134.51,,
54616,1993,5,2,3,168.16,,
54617,KTF004,5,0,5,189.99,,
54618,33710,2,0,2,89.25,,
54619,33718,9,4,5,85.54,,
54620,33742,4,4,0,99.8,,
54622,33732,3,2,1,134.41,,
54624,33750,7,6,1,184.89,,
54628,13701,4,4,0,29.51,,
54629,13702,6,4,2,29.51,,
54630,13712,3,0,3,62.99,,
54631,13704,3,3,0,29.8,,
54632,13707,13,5,8,33.26,,
54633,13709,1,0,1,27.99,,
54635,13705,2,2,0,29.8,,
54636,KTF001,4,3,1,245.11,,
54637,KTF002,4,4,0,199.66,,
54638,33807,3,3,0,85.35,,
54639,33817,6,4,2,87.36,,
54640,33842,0,0,0,103.7,,
54641,33818,2,0,2,92.25,,
54642,33832,9,4,5,132.64,,
54643,33840,5,0,5,132.63,,
54644,33850,7,4,3,181.3,,
54647,33811,12,0,12,57.83,,
54648,33819,2,1,1,48.99,,
54649,13801,20,9,11,29.8,,
54650,13802,2,2,0,29.8,,
54651,13812,3,3,0,66.1,,
54652,13804,14,3,11,29.8,,
54653,13807,3,3,0,30.09,,
54654,13809,7,6,1,30.09,,
54656,13805,5,5,0,30.09,,
54657,KT9797,3,2,1,232.34,,
54658,KT9794,4,1,3,189.31,,
54659,33103,8,6,2,68.68,,
54660,33104,9,5,4,68.68,,
54663,33132,0,0,0,173.74,,
54665,33150,8,3,5,163.05,,
54667,33113,4,3,1,44.99,,
54668,13101,12,7,5,23.64,,
54669,13102,2,2,0,23.64,,
54670,13108,0,0,0,88.21,,
54671,13110,11,6,5,23.64,,
54672,13122,7,4,3,23.64,,
54675,13120,6,5,1,23.64,,
54678,KT9799,4,3,1,213.98,,
54679,KT9796,1,0,1,195.03,,
54680,32804,2,2,0,67.56,,
54681,32805,0,0,0,67.58,,
54682,32842,0,0,0,78.39,,
54683,32803,0,0,0,86.96,,
54684,32832,10,5,5,121.79,,
54685,32840,8,6,2,124.76,,
54686,32850,3,3,0,139.9,,
54688,32810,0,0,0,68.06,,
54689,32812,0,0,0,46.65,,
54690,12801,19,12,7,22.24,,
54691,12803,14,2,12,22.15,,
54692,12810,24,5,19,57.93,,
54693,12812,0,0,0,21.5,,
54694,12828,13,6,7,22.15,,
54695,12827,8,3,5,22.58,,
54697,12821,0,0,0,22.15,,
54698,KT9798,4,1,3,217.68,,
54699,KT9795,2,0,2,194.08,,
54700,32904,6,3,3,67.99,,
54701,32905,8,4,4,64.99,,
54707,32909,2,2,0,42.99,,
54708,32910,4,4,0,46.99,,
54709,12901,6,3,3,22.58,,
54710,12902,6,5,1,20.99,,
54711,12903,4,4,0,52.99,,
54712,12904,6,4,2,21.9,,
54713,12916,1,1,0,20.99,,
54714,12915,3,0,3,20.99,,
54715,12913,7,6,1,51.94,,
54716,12911,6,6,0,22.58,,
54717,KTF024,3,0,3,253.31,,
54718,39004,7,3,4,86.95,,
54719,39005,2,0,2,92.99,,
54721,39040,11,8,3,142.23,,
54722,39009,0,0,0,60.01,,
54723,19150,0,0,0,263.13,,
54724,19151,2,2,0,224.99,,
54725,19001,5,5,0,31.49,,
54726,19002,11,5,6,32.08,,
54727,19007,1,1,0,59.99,,
54728,19003,7,4,3,32.08,,
54729,19005,6,5,1,36.66,,
54730,19020,0,0,0,67.31,,
54731,19004,5,3,2,30.65,,
54743,F16-0151-1,15,7,8,71.65,,
54749,965,62,36,26,28.1,,39.98
54750,MRWT69RGB,7,4,3,113.58,,
54751,96-272-F,0,0,0,10.04,,
54755,1057-1-F,2,2,0,24.8,,
54756,73-100-F,4,1,3,39.19,,
54757,91-113-F,0,0,0,21.93,,
54759,3050-F,1,0,1,347.69,,
54762,1830,11,6,5,253.1,,
54764,1832,1,1,0,253.1,,
54765,1833,7,1,6,226.46,,
54768,1836,1,1,0,229.08,,
54769,1837,0,0,0,252.67,,
54771,1838,11,4,7,267.48,,
54772,53-135-F,0,0,0,62.01,,
54773,2340,16,3,13,18.29,,
54774,53-010-F,2,2,0,9.95,,
54775,5023,23,12,11,17.21,,
54776,5024,15,12,3,25.12,,
54777,85-272-F,0,0,0,261.36,,
54778,5032,15,0,15,52.28,,
54779,5068,21,9,12,17.54,,
54808,1001100,11,5,6,18.43,,
54809,1002100,8,3,5,21.51,,
54810,1003100,12,5,7,22.94,,
54811,1007,24,14,10,4.15,,
54812,1007100,20,14,6,8.66,,
54820,DRS4W,2,0,2,967.95,,
54839,44010250,14,3,11,306.86,,
54851,81400200,0,0,0,56.42,,
54852,81400300,6,3,3,84.99,,
54853,81400330,0,0,0,200.07,,
54855,83116025,6,3,3,281.13,,
54856,83116035,4,2,2,315.03,,
54857,83125035,0,0,0,340.01,,
54865,MX7001CR,0,0,0,238.85,,
54866,MX7002CR,0,0,0,238.85,,
54867,MX7003CR,0,0,0,238.85,,
54869,910-002,0,0,0,171.88,220.0,
54870,910-001,0,0,0,178.13,228.0,
54871,910-004,0,0,0,200.0,256.0,
54872,910-014,0,0,0,171.88,220.0,
54873,910-009,0,0,0,318.75,408.0,
54874,910-012,0,0,0,318.75,408.0,
54875,910-044,0,0,0,325.0,416.0,
54876,910-029,0,0,0,550.0,704.0,
54877,910-026,0,0,0,712.5,912.0,
54878,800-036,0,0,0,78.13,100.0,
54879,800-038,0,0,0,81.25,104.0,
54880,800-041,0,0,0,84.38,108.0,
54881,800-037,0,0,0,109.38,140.0,
54882,800-010,0,0,0,109.38,140.0,
54883,800-011,0,0,0,109.38,140.0,
54884,800-014,0,0,0,109.38,140.0,
54885,800-030,0,0,0,128.13,164.0,
54886,SW45640,5,2,3,20.84,,
54887,800-037Y,0,0,0,140.63,180.0,
54888,SW46700,2,2,0,4.99,,
54889,SW46710,0,0,0,19.89,,
54890,800-010Y,0,0,0,140.63,180.0,
54891,800-011Y,0,0,0,140.63,180.0,
54892,800-YMKIT1,0,0,0,528.13,676.0,
54893,SW19150,0,0,0,10.73,,
54894,SW19155,2,2,0,14.63,,
54895,SW61900,1,0,1,4.55,,
54897,SW21314,6,5,1,31.36,,
54898,SW19170,2,2,0,21.07,,
54899,SW19175,1,1,0,11.13,,
54900,SW66670,2,1,1,23.99,,
54901,SW45670,5,3,2,50.73,,
54902,SW66610,6,6,0,5.15,,
54903,SW66620,0,0,0,3.95,,
54904,SW66630,2,0,2,4.63,,
54905,SW66640,1,0,1,7.0,,
54910,SW31215,45,27,18,22.19,,
54914,151710,4,2,2,112.7,,
54965,RF4050,0,0,0,69.84,105.02,
54974,MR-2BLK,6,4,2,11.67,,
54975,MR-2BLU,9,6,3,11.67,,
54976,MR-2R,9,6,3,11.67,,
54977,MR-3BLK,0,0,0,11.67,,
54978,MR-3BLU,4,2,2,11.67,,
54979,MR-3R,0,0,0,11.67,,
54980,MT-OPTI,5,3,2,62.67,,
54982,PNP121,12,4,8,6.9,,
54985,FAMP3112011CA00,0,0,0,108.17,,
54987,PNP14,0,0,0,1.49,,
54988,PNP88A,0,0,0,8.46,,
54991,PNP171R,0,0,0,9.11,,
54993,PNP182,0,0,0,6.9,,
54995,PNP186,0,0,0,8.46,,
54996,PNP187,0,0,0,9.41,,
54997,PNP188,0,0,0,9.99,,
54998,PNP189,5,5,0,9.99,,
55000,PNP27T,0,0,0,1.51,,
55001,PNP28T,37,20,17,1.51,,
55003,RA2028010000,4,2,2,918.95,985.5,
55004,RA2034010000,0,0,0,975.93,1079.1,
55005,RA2040010000,4,2,2,1081.74,1165.5,
55006,RA2046010000,2,0,2,1464.3,1526.4,
55007,RA554130,8,7,1,59.91,,
55008,RA554131,3,2,1,81.39,,
55009,RA554132,4,1,3,95.52,,
55010,RA554133,0,0,0,100.45,,
55011,RA554136,7,3,4,82.52,,
55013,RC61914,0,0,0,74.91,,
55014,RC61983,0,0,0,35.58,,
55015,RC63201,0,0,0,106.75,,
55016,RC63216,0,0,0,237.86,,
55017,RC7251-1.0A,0,0,0,60.05,,
55018,RC72504,0,0,0,27.25,,
55019,RC72536S,0,0,0,62.09,,
55020,RC72544,0,0,0,102.56,,
55021,RC72581,0,0,0,3.01,,
55022,RC81940,0,0,0,18.95,,
55027,RF128,0,0,0,3.01,,
55029,RF41000,3,2,1,5.14,,
55030,RF1759,0,0,0,4.53,,
55031,RF437,0,0,0,6.05,,
55032,RF1765,0,0,0,6.8,,
55033,RF103,0,0,0,29.74,44.73,
55034,RF104,0,0,0,28.22,42.43,
55035,RF418,0,0,0,15.89,23.27,
55036,RF418C,0,0,0,17.57,26.42,
55038,RF1032,16,7,9,14.27,21.21,
55039,RF1033,7,3,4,15.89,23.6,
55040,RF1034,6,5,1,20.81,30.91,
55041,RF1035,0,0,0,77.22,114.71,
55042,RF1851,1,0,1,6.58,,
55043,RF1806,0,0,0,4.91,,
55044,RF616,25,11,14,4.99,,
55045,RF617,29,20,9,6.58,,
55046,RF618,0,0,0,11.02,,
55047,RF619,0,0,0,16.98,25.22,
55048,RF620,0,0,0,29.52,43.85,
55050,RF1047,6,4,2,17.02,25.29,
55056,RF1058,8,3,5,6.05,,
55057,RF113,0,0,0,0.74,,
55058,RF1135-16,59,14,45,3.93,,
55059,RF114,0,0,0,0.74,,
55063,RF115X1,9,5,4,13.45,20.22,
55064,RF115X1/2,0,0,0,13.45,20.22,
55065,RF115X3/4,0,0,0,13.45,20.22,
55066,RF115X5/8,0,0,0,13.45,20.22,
55067,RF122,0,0,0,5.67,,
55068,RF123,0,0,0,5.67,,
55069,RF124,0,0,0,5.67,,
55070,RF125,15,10,5,9.83,,
55071,RF13101-2,11,3,8,9.7,,
55074,RF1315GRN,4,0,4,2.26,,
55083,RF1317R,0,0,0,1.51,,
55088,RF150,9,0,9,5.3,,
55089,RF151,0,0,0,6.05,,
55090,RF156,0,0,0,5.51,,
55100,RF167,0,0,0,10.28,,
55102,RF1685-3,0,0,0,3.21,,
55103,RF1685-4,0,0,0,3.21,,
55104,RF1685-5,0,0,0,3.21,,
55105,RF1685-6,0,0,0,4.02,,
55106,RF1685-8,0,0,0,5.67,,
55107,RF1685-10,0,0,0,9.71,,
55108,RF1685-12,0,0,0,12.18,,
55113,RF1706,0,0,0,3.01,,
55114,RF173,0,0,0,20.32,30.56,
55115,RF75,0,0,0,28.41,42.72,
55116,RF180,0,0,0,6.72,,
55118,RF1850S,15,9,6,4.93,,
55120,RF1852,0,0,0,7.24,,
55121,RF1853,6,4,2,10.2,,
55122,RF639,0,0,0,15.33,23.74,
55124,RF640,0,0,0,23.18,35.9,
55126,RF641,0,0,0,28.41,44.0,
55128,RF185,0,0,0,12.33,,
55129,RF186,0,0,0,20.67,30.69,
55130,RF187,0,0,0,23.84,35.42,
55131,RF20100,16,4,12,14.12,20.98,
55132,RF20101,0,0,0,8.06,12.34,
55133,RF20111,0,0,0,10.28,,
55134,RF20151,0,0,0,11.02,16.86,
55136,RF20151A,6,3,3,13.95,20.73,
55137,RF20171,0,0,0,14.69,21.83,
55138,RF20180,0,0,0,16.16,24.01,
55139,RF20202,15,5,10,20.57,30.56,
55140,RF20212,0,0,0,22.78,34.85,
55141,RF20302,15,5,10,27.93,41.48,
55142,RF20312,9,5,4,30.51,45.31,
55143,RF20332,0,0,0,58.8,87.35,
55144,RF20711,0,0,0,21.31,31.66,
55145,RF2180,0,0,0,5.28,8.09,
55147,RF2181,0,0,0,5.3,8.09,
55148,RF2182,0,0,0,6.05,9.26,
55150,RF2183,0,0,0,6.8,10.41,
55151,RF2184,11,5,6,11.8,18.06,
55153,010-01159-00,4,1,3,712.49,,
55154,RF251,0,0,0,3.78,,
55155,RF25109,8,6,2,9.42,,
55156,RF254,0,0,0,9.9,,
55158,RF2665,0,0,0,14.75,21.92,
55159,RF536,0,0,0,3.01,,
55161,RF280,10,5,5,7.56,,
55162,RF291,0,0,0,4.91,,
55163,RF94,0,0,0,3.25,,
55164,RF94A,0,0,0,3.01,,
55165,RF5013,0,0,0,4.16,,
55166,RF5023,0,0,0,6.05,,
55167,RF294,9,5,4,6.51,,
55168,RF738,22,2,20,4.91,,
55169,RF30,0,0,0,36.78,54.63,
55170,RF602,0,0,0,44.42,65.62,
55171,RF30101,5,2,3,13.44,,
55172,RF31712,7,3,4,19.84,29.46,
55173,RF35100,0,0,0,14.98,21.83,
55174,RF35101,3,3,0,10.53,,
55175,RF35140,11,7,4,19.1,28.38,
55176,RF35151,7,5,2,11.75,,
55177,RF35202,16,4,12,24.99,37.11,
55178,RF35302,3,1,2,33.81,50.22,
55179,RF35312,13,11,2,35.28,52.4,
55180,RF3128,5,5,0,36.33,53.98,
55181,RF3129,0,0,0,40.88,60.72,
55184,RF3134,4,4,0,74.95,111.34,
55185,RF3131,9,6,3,73.44,109.09,
55188,RF3133,42,7,35,10.57,,
55189,RF3136,9,5,4,3.78,,
55199,RF4025,0,0,0,5.98,,
55200,RF4026,11,7,4,6.05,,
55201,RF41100,6,3,3,15.53,22.94,
55202,RF41101,0,0,0,12.77,,
55203,RF41110,0,0,0,20.57,30.56,
55204,RF41111,0,0,0,19.1,28.38,
55205,RF41140,5,2,3,22.05,32.74,
55206,RF41151,0,0,0,22.05,32.74,
55209,RF41712,27,0,27,18.45,33.84,
55210,RF40100,15,5,10,20.21,30.01,
55211,RF40140,0,0,0,27.19,40.39,
55212,RF413,0,0,0,4.53,,
55213,RF4410,0,0,0,129.01,177.65,
55214,RF4415,0,0,0,129.01,177.65,
55215,RF4430,0,0,0,135.19,186.15,
55216,RF4435,0,0,0,135.19,177.65,
55217,RF44100,0,0,0,43.72,66.89,
55219,RF453,5,2,3,19.68,29.23,
55220,RF46100,1,0,1,47.2,67.15,
55221,RF469,0,0,0,14.98,20.66,
55222,RF48,0,0,0,5.67,,
55224,RF483,0,0,0,2.17,,
55225,RF484,0,0,0,2.17,,
55226,RF485,10,0,10,2.96,,
55227,RF48A,0,0,0,4.91,,
55228,RF49,0,0,0,6.51,,
55229,RF494,0,0,0,13.07,,
55230,RF498,16,8,8,2.41,,
55231,RF499,0,0,0,3.67,5.61,
55232,RF5,4,4,0,44.12,66.35,
55233,RF50,0,0,0,4.99,,
55234,RF5000,0,0,0,18.16,26.98,
55235,RF5001,5,4,1,17.79,26.42,
55236,RF5010,6,2,4,20.05,29.78,
55238,RF5020,7,4,3,36.33,53.98,
55239,RF5400,6,1,5,17.72,26.31,
55240,RF5400B,0,0,0,17.72,26.31,
55241,RF5410,2,2,0,19.1,28.38,
55245,RF5003,0,0,0,4.07,,
55246,RF5005,0,0,0,6.05,,
55247,RF50100HL,0,0,0,42.74,63.48,
55248,RF51,10,6,4,9.07,,
55249,RF5100,5,2,3,5.98,,
55250,RF5101,6,3,3,5.98,,
55251,RF5105,4,2,2,8.22,,
55252,RF5106,0,0,0,8.96,,
55253,RF51100,11,0,11,22.28,33.11,
55255,RF51110,0,0,0,33.77,51.65,
55256,RF55110,0,0,0,30.86,45.85,
55257,RF56100,11,5,6,57.33,85.16,
55258,RF571,0,0,0,8.32,,
55259,RF573,4,4,0,13.23,,
55260,RF64100,0,0,0,68.89,105.4,
55261,RF64110,0,0,0,93.89,130.9,
55263,RF663,0,0,0,12.93,,
55264,RF74100,6,2,4,93.89,130.9,
55265,RF74100AW,0,0,0,155.0,228.65,
55266,RF520,4,3,1,3.67,,
55267,RF521,0,0,0,3.67,,
55271,RF5402,0,0,0,5.88,,
55274,RF5405,12,9,3,6.6,,
55276,BOW4512D,0,0,0,1321.41,1691.4,
55278,BOW5512D,2,1,1,1465.78,1876.2,
55281,BOW9512D,0,0,0,2675.5,3424.64,
55282,RF544,0,0,0,15.7,23.6,
55283,RF559,0,0,0,13.45,20.22,
55285,BPJE2,4,2,2,228.5,305.28,
55287,RF6080,11,2,9,15.21,22.59,
55289,BPSE2,1,1,0,150.18,200.4,
55291,RF58,7,3,4,51.87,78.0,
55292,EZDOCK2,0,0,0,411.43,,
55293,RF59,13,3,10,5.3,,
55294,RF6000,5,3,2,11.64,,
55295,RF6002,16,4,12,13.22,,
55296,RF6010C,13,11,2,5.51,,
55297,RF6093L,0,0,0,4.86,,
55298,RF6093M,1,0,1,4.78,,
55300,RF6093S,2,0,2,4.04,,
55302,RF6100,0,0,0,35.53,52.66,
55303,RF6110,5,4,1,45.75,67.96,
55304,RF6120,7,4,3,45.75,67.96,
55305,RF6130,0,0,0,50.93,77.92,
55308,RF6200,23,5,18,49.21,73.1,
55309,RF6210,4,4,0,63.86,90.91,
55311,RF6220,0,0,0,72.2,101.15,
55315,BP29,0,0,0,65.57,73.44,
55316,RF6321,5,3,2,97.47,144.78,
55317,BP2910,0,0,0,71.86,95.88,
55318,BP2916,0,0,0,95.09,121.72,
55319,RF614,0,0,0,5.78,,
55320,RF615,0,0,0,4.53,,
55321,RF615A,0,0,0,4.99,,
55324,BP125G10,0,0,0,96.53,115.84,
55327,RF625,0,0,0,22.7,33.73,
55328,BP150G10,0,0,0,110.9,124.2,
55330,BP185G10,0,0,0,165.0,184.8,
55331,RF627,0,0,0,5.23,,
55332,RF628,0,0,0,7.46,,
55333,ZE250,1,1,0,14.29,,
55334,ZE425,0,0,0,16.07,,
55335,ZEHC100,1,1,0,55.24,,
55336,RF629,0,0,0,10.46,,
55337,RF630,0,0,0,15.34,22.06,
55338,RF631,5,0,5,24.67,37.1,
55339,RF632,0,0,0,37.84,56.91,
55342,RF635,18,10,8,7.72,,
55343,RF636,7,2,5,11.42,,
55344,RF637,0,0,0,24.22,35.98,
55346,RF67,5,2,3,43.37,65.22,
55347,RF6710,0,0,0,138.86,194.65,
55348,RF6720,0,0,0,155.53,228.65,
55350,RF677,0,0,0,43.72,64.94,
55351,RF686,257,153,104,0.74,,
55352,RF687,0,0,0,0.85,,
55353,RF688,2,0,2,1.51,,
55354,RF7,2,0,2,92.18,138.63,
55357,RF713,4,2,2,18.93,28.11,
55363,RF8080BLU-2,0,0,0,13.22,,
55365,RF8080GRY-2,8,5,3,13.22,,
55366,RF8080R-2,5,3,2,13.22,,
55367,RF8081BLU,6,3,3,9.74,,
55368,RF8081R,0,0,0,9.74,14.9,
55369,RF8090-08,4,3,1,11.67,,
55371,RF8090-11,0,0,0,13.56,,
55373,RF8090-16,0,0,0,15.41,,
55374,RF8090-21,1,1,0,23.43,,
55375,RF816,0,0,0,29.88,41.65,
55376,RF823002,16,9,7,55.53,76.46,
55380,RF917,0,0,0,10.81,,
55381,RF919,0,0,0,12.48,,
55382,RF92,0,0,0,16.64,22.89,
55383,RFSCISSORS,0,0,0,54.94,70.51,
55384,RFSPLICE-6,10,6,4,45.04,62.01,
55385,RFSPLICE-F15,0,0,0,18.49,25.46,
55387,RFSPLICE-F20,8,6,2,19.11,26.31,
55388,RFSPLICE-F25,0,0,0,19.73,27.16,
55400,TY-10WSP,15,5,10,5.32,,
55401,TY-15WSP,6,6,0,5.32,,
55402,TY-KITBLU,2,1,1,10.58,,
55403,WD-1W,68,11,57,13.27,,
55407,A80289,10,0,10,220.82,,
55408,199248,22,13,9,1.36,,
55409,199249,3,3,0,3.59,,
55410,199210,17,12,5,1.41,,
55411,199211,22,9,13,5.31,,
55412,199214,16,9,7,2.88,,
55413,199215,24,12,12,7.58,,
55414,199259,18,6,12,2.88,,
55415,199260,27,11,16,10.85,,
55416,199217,5,3,2,3.93,,
55417,199252,8,5,3,1.76,,
55418,199253,7,3,4,4.9,,
55419,199228,10,10,0,2.08,,
55420,199229,29,12,17,7.78,,
55421,199257,0,0,0,3.8,,
55422,199258,9,3,6,13.78,,
55423,309025,6,4,2,13.83,,
55424,309002,6,3,3,127.24,,
55425,309003,10,4,6,2.3,,
55426,309103,18,14,4,2.35,,
55427,309125,12,8,4,13.83,,
55428,309102,10,4,6,127.24,,
55429,309203,15,5,10,2.93,,
55430,309225,6,3,3,19.1,,
55431,309202,4,1,3,175.86,,
55432,312325,5,5,0,18.72,,
55433,312303,9,5,4,2.87,,
55434,312225,11,6,5,18.72,,
55435,312203,11,7,4,2.87,,
55436,312425,12,9,3,18.72,,
55437,312403,10,6,4,2.87,,
55438,312603,5,2,3,2.87,,
55439,312625,6,4,2,18.72,,
55440,312503,8,4,4,2.87,,
55441,312525,5,3,2,18.72,,
55442,311303,0,0,0,2.28,,
55443,311325,8,4,4,13.57,,
55444,311225,3,0,3,13.57,,
55445,311203,15,10,5,2.28,,
55446,311425,4,2,2,13.57,,
55447,311403,8,4,4,2.28,,
55448,311625,4,2,2,13.57,,
55449,311603,9,4,5,2.28,,
55450,311525,5,4,1,13.57,,
55451,311503,8,4,4,2.28,,
55452,310399,6,0,6,27.78,,
55453,310325,6,3,3,13.57,,
55454,310303,4,2,2,2.28,,
55455,310499,5,4,1,26.3,,
55456,310425,2,2,0,12.86,,
55457,310403,0,0,0,2.16,,
55458,310699,6,3,3,26.3,,
55459,310625,5,3,2,12.86,,
55460,310603,0,0,0,2.16,,
55461,310599,0,0,0,26.3,,
55462,310525,5,2,3,12.86,,
55463,310503,0,0,0,2.16,,
55476,010-11617-50,0,0,0,33.74,,
55477,010-11617-52,2,0,2,41.24,,
55478,010-12234-05,3,3,0,26.24,,
55480,010-12233-00,49,0,49,14.99,,
55481,010-12234-00,31,26,5,14.99,,
55482,010-12199-01,0,0,0,14.99,,
55483,010-12247-00,0,0,0,11.24,,
55484,010-12233-01,0,0,0,11.24,,
55485,010-12234-01,0,0,0,11.24,,
55486,010-12199-03,16,6,10,18.74,,
55487,010-12199-04,19,4,15,17.24,,
55488,010-12233-03,2,2,0,22.49,,
55510,310203,6,5,1,2.28,,
55511,310225,2,0,2,13.57,,
55525,E70297,2,2,0,789.46,,
55526,E70298,2,1,1,1105.25,,
55527,E70258,1,0,1,1815.78,,
55529,E70242,0,0,0,95.82,,
55530,010-11170-00,13,5,8,2.03,,
55567,21-200-001A,0,0,0,589.56,,
55568,21-300-001A,0,0,0,208.44,,
55570,21-200-002A,0,0,0,789.44,,
55572,21-300-002A,0,0,0,295.56,,
55576,313203,0,0,0,2.16,,
55577,313225,3,2,1,15.22,,
55578,313299,4,2,2,31.15,,
55579,314203,0,0,0,2.16,,
55580,314225,0,0,0,15.83,,
55581,314303,0,0,0,2.16,,
55582,314325,0,0,0,15.07,,
55583,314399,4,2,2,30.83,,
55584,315203,0,0,0,2.73,,
55585,315225,2,2,0,20.57,,
55586,315303,0,0,0,2.73,,
55587,315325,0,0,0,20.57,,
55588,315399,3,0,3,42.13,,
55633,CPM50,1,0,1,113.14,,
55635,JMPSW800,9,2,7,151.52,205.95,
55642,FAMP3472X02CA00,0,0,0,53.0,,
55650,FAMP3022B02CA00,0,0,0,106.72,,
55652,FAMP3022S02CA00,0,0,0,106.72,,
55653,FAMP3022X01CA00,0,0,0,106.72,,
55654,FAMP3022X02CA00,0,0,0,106.72,,
55655,FAMP3022B11CA00,0,0,0,108.17,,
55659,FAMP3022X11CA00,0,0,0,108.17,,
55663,AK-1000-HV-S,0,0,0,35.0,,
55664,AK-1000-HV-M,0,0,0,35.0,,
55665,AK-1000-HV-L,0,0,0,35.0,,
55666,AK-1000-HV-XL,0,0,0,35.0,,
55667,AC-1100-RB-3XL,0,0,0,263.13,,
55668,AB-1100-RB-3XL,0,0,0,239.38,,
55669,AS-1100-RB-3XL,0,0,0,443.75,,
55670,FAMP3022X12CA00,0,0,0,108.17,,
55672,FAMP3012B02CA00,0,0,0,104.55,,
55675,FAMP3012X01CA00,0,0,0,104.55,,
55676,FAMP3012X02CA00,0,0,0,104.55,,
55681,FAMP3012X11CA00,0,0,0,106.72,,
55682,FAMP3012X12CA00,0,0,0,106.72,,
55683,1190-FT,40,40,0,9.92,,
55686,FAMP2982B02CA00,0,0,0,103.09,,
55691,FAMP2982X01CA00,0,0,0,103.09,,
55697,FAMP2982X11CA00,0,0,0,103.09,,
55699,FAMP2492B01CA00,0,0,0,103.09,,
55702,FAMP2492S02CA00,0,0,0,103.09,,
55704,FAMP2492X02CA00,0,0,0,103.09,,
55714,800CAXBX,43,29,14,64.09,79.99,
55716,FAMP3002X01CA00,0,0,0,106.72,,
55717,FAMP3002X02CA00,0,0,0,106.72,,
55722,FAMP3002X11CA00,0,0,0,106.72,,
55725,FAMP2992B02CA00,0,0,0,95.04,,
55740,FAMP3262X01CA00,0,0,0,101.64,,
55741,FAMP3262X02CA00,0,0,0,101.64,,
55743,433,0,0,0,22.06,,
55747,FAMP3262X11CA00,0,0,0,104.55,,
55755,FAMP3252X01CA00,0,0,0,101.64,,
55756,FAMP3252X02CA00,0,0,0,101.64,,
55762,FAMP3252X12CA00,0,0,0,103.09,,
55767,37041-0010,7,4,3,237.81,,
55768,8M0092085,1,0,1,128.04,,
55770,001-266-010-00,2,2,0,127.27,,
55772,5225-AIS,17,8,9,164.15,,
55773,5239,3,1,2,124.6,,
55776,3004,1,1,0,82.52,,
55777,3015,1,1,0,126.96,,
55778,3019,2,2,0,158.72,,
55791,S-9200P,33,23,10,21.2,,
55792,S-9201P,22,10,12,18.51,,
55793,S-9202P,38,17,21,11.91,,
55795,WN3508,0,0,0,75.55,,
55796,WT3508,0,0,0,67.27,,
55797,WN3606,0,0,0,92.46,,
55798,WT3606,0,0,0,110.84,,
55808,11300301,0,0,0,27.85,,
55809,31431512,0,0,0,270.34,,
55810,31431712,5,3,2,270.34,,
55811,31431912,4,3,1,270.34,,
55812,31432112,4,2,2,270.34,,
55813,31431530,5,3,2,307.3,,
55814,31431730,2,1,1,307.3,,
55815,31431930,1,0,1,307.3,,
55816,21502131,3,2,1,94.16,,
55817,21502141,0,0,0,94.16,,
55818,0070DP0CLR,7,2,5,9.63,,
55819,0070DP1CLR,5,5,0,10.15,,
55820,0071DP0CLR,0,0,0,9.47,,
55821,0072DP1CLR,0,0,0,14.15,,
55822,0126DP0BLK,11,5,6,9.47,,
55823,0248DP0CLR,6,5,1,11.09,,
55824,0271DP0CHR,1,0,1,23.43,,
55825,0338DP1CLR,10,5,5,6.96,,
55826,0338DP2CLR,5,3,2,7.35,,
55827,0339DP0CHR,14,6,8,32.95,,
55828,0554DP,14,10,4,8.33,,
55829,0559DP,14,0,14,5.74,,
55830,0561DP4CHR,16,10,6,14.4,,
55831,0578DP0CHR,0,0,0,7.6,,
55833,0831DP0PLB,0,0,0,22.15,,
55834,0841DP0CHR,5,0,5,12.65,,
55835,0958DP0CHR,10,10,0,12.47,,
55836,1059P00DP,5,3,2,27.5,,
55837,1091DP1BLK,16,1,15,42.69,,
55838,1091DP1WHT,6,1,5,42.69,,
55839,1092DP1WHT,17,1,16,38.13,,
55840,1092DP3BLK,7,2,5,38.13,,
55841,1194DP0CHR,17,9,8,19.73,,
55842,1205DP0CHR,11,8,3,54.16,,
55844,1232DP2CHR,13,5,8,13.97,,
55845,1262DP0CHR,0,0,0,15.65,,
55846,1267DP0CHR,0,0,0,16.43,,
55847,1267DP0ZNC,0,0,0,9.49,,
55848,1270DPG99A,3,0,3,15.88,,
55850,1313DP0CHR,5,3,2,18.71,,
55851,8501DP,3,3,0,41.16,,
55852,G-37,2,0,2,275.53,,
55853,G-55,0,0,0,406.95,,
55854,G-85,1,1,0,623.6,,
55855,G-125,0,0,0,924.18,,
55856,SG-7,0,0,0,62.84,,
55857,SG-11,0,0,0,70.65,,
55858,SG-16,0,0,0,75.34,,
55859,SG-23,0,0,0,96.02,,
55860,SG-37,0,0,0,99.54,,
55861,SG-55,0,0,0,146.39,,
55862,SG-85,0,0,0,181.52,,
55863,SG-125,0,0,0,190.49,,
55864,162HF012,0,0,0,899.39,,
55865,162HR012,0,0,0,1076.22,,
55866,162MF012,0,0,0,875.0,,
55867,162MR012,0,0,0,1051.83,,
55868,2500RFK,2,1,1,288.69,,
55892,3134,3,3,0,13.25,,
55894,0342-BK,6,4,2,11.49,,
55895,0423,4,4,0,11.4,,
55934,ZDIGAIT1500,3,1,2,524.96,,
55935,M8AR,0,0,0,676.8,,
55936,M16AR,0,0,0,1021.6,,
55973,M4364,35,20,15,9.95,,
55975,M4516,25,9,16,10.02,,
55977,M4716,22,11,11,10.8,,
55978,M4901,0,0,0,42.74,,
55979,M4916,11,10,1,10.71,,
55980,M4965,11,9,2,34.54,,
55981,M5001,40,20,20,47.63,,
55983,M5016,23,15,8,11.61,,
55984,M5032,13,8,5,19.18,,
55986,M5401,3,3,0,24.4,,
55987,M5416,7,7,0,4.0,,
55988,M5616,8,8,0,12.03,,
55989,M5716,26,8,18,11.03,,
55990,M5916,11,3,8,8.14,,
55991,M6132,13,11,2,19.35,,
55992,M6301,10,2,8,60.03,,
55994,M6316,0,0,0,17.65,,
55995,M6332,1,1,0,21.99,,
55999,M6732,0,0,0,20.67,,
56002,M9132,0,0,0,24.93,,
56019,11959-1,10,5,5,14.55,,
56031,31501712,4,2,2,301.23,,
56032,31501912,5,3,2,301.23,,
56033,31502112,6,4,2,301.23,,
56034,31501722,1,0,1,301.23,,
56035,31501922,2,1,1,301.23,,
56036,31502122,0,0,0,301.23,,
56037,31501731,5,3,2,327.04,,
56038,31501931,6,3,3,327.04,,
56039,31502131,4,3,1,327.04,,
56041,31501741,2,1,1,327.04,,
56042,31501941,2,2,0,327.04,,
56043,31502141,4,2,2,327.04,,
56044,31501532,5,2,3,327.04,,
56045,31501542,2,1,1,327.04,,
56052,4128-110-E04,12,7,5,107.77,,
56054,4138-111-E65,13,9,4,128.99,,
56056,4148-153-E75,3,0,3,216.25,,
56060,4158-153-E75,5,2,3,302.73,,
56061,4558-153-E75,0,0,0,873.32,,
56062,4558-163-E75,4,1,3,927.04,,
56063,105-013,19,2,17,67.97,,
56064,4238-121-E07,1,1,0,148.03,,
56065,4248-153-E09,15,4,11,205.95,,
56066,4258-153-E09,0,0,0,285.51,,
56067,4348-153-E09,3,2,1,260.48,,
56068,4358-153-E09,5,1,4,346.21,,
56069,253-120-01,0,0,0,32.92,,
56070,253-220-01,5,5,0,35.16,,
56071,253-320-01,10,7,3,55.23,,
56073,253-121-01,3,2,1,39.59,,
56074,253-221-01,4,1,3,44.04,,
56075,253-321-01,12,5,7,61.92,,
56076,253-401-01,0,0,0,65.11,,
56077,94-726-00,0,0,0,17.21,,
56078,94-727-00,9,4,5,16.95,,
56079,4648-153-E07,8,5,3,289.42,,
56080,1700-001-030,10,0,10,102.12,,
56081,1700-011-030,17,5,12,109.6,,
56082,1700-021-030,0,0,0,116.8,,
56083,358-001-10,24,3,21,136.93,,
56084,358-011-10,10,2,8,150.27,,
56085,357-013-10,8,1,7,48.16,,
56086,357-113-10,16,4,12,51.14,,
56087,357-103-10,14,7,7,56.38,,
56088,357-012-10,4,0,4,48.16,,
56089,357-112-10,4,0,4,51.14,,
56090,357-102-10,8,0,8,56.38,,
56091,357-014-10,3,1,2,48.16,,
56092,357-114-10,14,2,12,44.99,,
56113,330-021,16,0,16,30.47,,
56114,357-116-10,47,29,18,46.97,,
56115,357-106-10,39,11,28,51.14,,
56116,355-020-10,14,10,4,20.87,,
56117,355-010-10,8,4,4,24.36,,
56118,355-110-10,9,3,6,34.17,,
56119,355-100-10,6,1,5,38.63,,
56120,358-000-10,8,0,8,101.81,,
56121,358-010-10,8,4,4,132.28,,
56122,359-111-30,11,0,11,30.61,,
56123,359-111-40,8,3,5,38.22,,
56124,277-3110,3,3,0,29.67,,
56125,277-4110,20,7,13,32.51,,
56126,3200-001,2,0,2,168.96,,
56127,3200-101,0,0,0,168.96,,
56128,010-12117-01,15,11,4,56.24,,
56130,8050-305-526,5,0,5,149.3,,
56131,8050-305-626,0,0,0,173.49,,
56132,8050-305-426,5,3,2,184.07,,
56133,3010-000,6,4,2,24.59,,
56134,94-009-10,2,2,0,47.96,,
56135,94-009-12,8,5,3,43.09,,
56136,94-009-20,6,6,0,112.66,,
56137,255-323,35,28,7,10.68,,
56138,255-313,26,21,5,10.68,,
56139,255-315,5,5,0,14.0,,
56140,255-325,29,15,14,14.0,,
56141,340-001,19,9,10,14.43,,
56142,182-200,3,0,3,59.99,,
56143,183-039-08,0,0,0,36.28,,
56144,183-029-14,11,8,3,44.23,,
56145,183-029-18,4,0,4,35.61,,
56151,DS6-P,34,10,24,11.25,,
56152,DS-H6,22,18,4,13.5,,
56173,L258,0,0,0,116.37,,
56175,101296,5,0,5,104.56,,
56181,35SPP,10,6,4,83.59,,
56182,113,0,0,0,49.33,,
56183,123,0,0,0,180.0,,
56185,132,0,0,0,156.0,,
56186,134,1,1,0,273.33,,
56187,SVS-560CF,0,0,0,629.3,,
56188,SVS-560CF-E,0,0,0,699.3,,
56199,101288,16,4,12,79.32,,
56201,GA-88,4,2,2,84.0,,
56202,101292,16,6,10,80.09,,
56211,20-001-01A,0,0,0,637.0,,
56216,166000,9,6,3,319.23,,
56217,21101MG,0,0,0,25.34,,
56218,21104MG,0,0,0,30.06,,
56220,20709AL,0,0,0,19.65,,
56221,20711AL,0,0,0,32.79,,
56225,317301200,8,6,2,284.38,,454.99
56227,FTT631512000B00,3,0,3,127.05,,
56231,M1AR,2,2,0,436.8,,
56233,000-0127-52,1,0,1,16.68,,
56234,S-3511BC,5,3,2,23.69,,
56235,S-3511RC,0,0,0,23.69,,
56247,M2AR,2,2,0,436.8,,
56248,76-0022-00,10,4,6,35.85,,
56249,806-1884,0,0,0,1057.09,,
56251,809-0918,5,3,2,348.8,,
56252,809-0946,5,2,3,20.26,,
56253,815-2524-02,0,0,0,1671.19,,
56254,815-3524-02,2,0,2,1798.46,,
56262,OC15SUK31A,0,0,0,71.98,,
56263,OC15SUK31B,0,0,0,71.98,,
56264,OC15SUK18,0,0,0,70.22,,
56268,804010,3,1,2,248.67,,
56269,8085050,4,3,1,57.43,,
56270,8040,46,17,29,25.2,,
56273,80850,15,13,2,11.33,,
56303,S-226BC,68,9,59,30.43,,
56304,S-226WC,26,15,11,30.43,,
56305,S-230BC,103,42,61,22.48,,
56306,S-230WC,43,24,19,22.48,,
56307,S-1444C,0,0,0,8.91,,
56308,S-1445C,0,0,0,10.16,,
56309,6744C,4,0,4,21.14,,
56310,6746C,15,12,3,38.14,,
56367,2880.91,0,0,0,74.0,,
56393,F38-2050B-1,0,0,0,140.88,,
56394,F38-2050R-1,4,1,3,140.88,,
56395,F38-2060B-1,13,2,11,76.6,,
56396,F38-2060R-1,9,1,8,76.6,,
56420,01-0385-01,0,0,0,5252.4,,
56421,01-0385-02,0,0,0,5252.4,,
56424,15014-101,2,0,2,518.11,,
56425,TT9X12E,2,0,2,687.93,,
56426,TT9X12EI,2,0,2,806.53,,
56427,15038-101,0,0,0,628.15,,
56428,15042-101,0,0,0,966.8,,
56429,15047-101,0,0,0,2134.78,,
56430,15056-002,1,1,0,219.63,,
56431,15057-001,6,3,3,219.63,,
56432,15058-001,4,0,4,219.63,,
56433,15066-001,1,0,1,239.6,,
56436,15086-001,0,0,0,14.74,,
56437,15092-001,9,3,6,12.96,,
56438,15093-001,3,0,3,24.14,,
56441,CAP0303,9,2,7,13.66,,
56442,15102-104,0,0,0,610.05,,
56443,CAP0304,6,6,0,2.17,,
56444,15103-104,6,0,6,568.88,,
56445,15113-101,0,0,0,508.25,,
56446,15114-101,0,0,0,540.2,,
56447,15115-101,0,0,0,548.64,,
56448,15116-101,0,0,0,588.4,,
56452,SBR-13LI,79,21,58,34.09,,
56453,SBT-13,7,2,5,17.65,,
56455,SEP-10A,6,4,2,21.18,,
56463,940100160,4,4,0,139.99,,
56480,8M0092070,0,0,0,396.33,,
56481,8M0092071,0,0,0,110.96,,
56482,8M0092068,0,0,0,60.17,,
56484,8M0092069,3,0,3,149.99,,
56487,8M0092063,3,2,1,59.99,,
56489,8M0092072,1,0,1,9.99,,
56515,IRIS740,1,0,1,982.56,,
56520,30133-001D,0,0,0,20.24,,
56521,30133-002D,1,1,0,23.79,,
56522,30133-103D,3,2,1,28.93,,
56524,30142-202,0,0,0,56.8,,
56525,30142-104,0,0,0,86.61,,
56526,15107-001,0,0,0,12.44,,
56527,15107-002,0,0,0,11.54,,
56528,8M0095972,1,0,1,79.99,,
56541,OCTAFMDRESYSA-9,1,1,0,1048.56,,
56544,AP3522,0,0,0,951.92,,
56550,2000020942,8,7,1,118.24,,
56554,15120-001,0,0,0,228.19,,
56568,15122-001,2,0,2,228.19,,
56571,15130-001,0,0,0,228.19,,
56669,808-9010,6,3,3,16.44,,
56672,7635,28,15,13,66.33,,
56701,P105072,0,0,0,114.92,,
56703,RL-ADM,0,0,0,63.0,,
56704,RL-ARM,6,3,3,81.56,,
56705,RL-RM,6,3,3,28.94,,
56706,RL-501,0,0,0,11.76,,
56707,RL-502,4,2,2,11.76,,
56708,RL-503,0,0,0,11.76,,
56709,RL-504,0,0,0,11.76,,
56711,RL-506,0,0,0,11.76,,
56712,RL-507,4,2,2,11.76,,
56761,25 220,0,0,0,107.46,139.49,
56762,25 221,0,0,0,39.67,,
56771,416-BK,8,0,8,5.9,,
56809,A0-1800-CF,0,0,0,1552.38,,
56810,A0-1800-CFT,1,1,0,1743.77,,
56811,1852073,4,4,0,49.45,,
56834,C118-10,0,0,0,77.33,,
56835,C118-20,0,0,0,87.92,,
56844,B-81-WM,0,0,0,171.14,,
56845,010-11647-20,0,0,0,1312.49,,
56848,17288-1000,9,7,2,16.2,,
56850,MMGGX6800000,1,1,0,31.95,,
56851,MSVGGGX08000,0,0,0,15.97,,
56852,MSVGGGX10000,0,0,0,21.79,,
56853,MMGGX10120000,2,0,2,60.99,,
56881,3200-011,1,1,0,219.14,,
56882,358-100-10,0,0,0,114.0,,
56883,358-110-10,1,0,1,144.44,,
56884,94-181-02,4,3,1,12.77,,
56885,94-181-03,15,6,9,11.74,,
56886,94-238-03,11,2,9,27.92,,
56889,94-800-26,0,0,0,37.59,,
56896,94-571-00,5,2,3,38.36,,
56898,94-619-00,99,19,80,28.4,,
56899,94-620-00,15,11,4,47.73,,
56914,6080,6,3,3,24.13,,
56918,42,23,21,2,35.19,,
56925,M4AR,0,0,0,675.2,,
56934,010-12181-20,1,1,0,997.49,,
56935,010-12181-21,3,2,1,997.49,,
56936,010-12181-22,2,2,0,997.49,,
56943,900-6WP,2,0,2,43.23,,
56944,900-6WPW,0,0,0,43.23,,
56946,CSP6,3,2,1,56.72,,
56947,CSP6-F,0,0,0,71.27,,
56948,CSP6-PTC,1,0,1,88.5,,
56950,80-511-0002-01,11,6,5,19.99,,
56954,80-511-0005-01,13,3,10,28.59,,
56956,80-511-0007-01,13,5,8,28.59,,
56957,80-511-0008-01,11,8,3,19.99,,
56958,80-511-0010-01,1,0,1,24.99,,
56959,1100-BK,0,0,0,11.5,,
56961,1101-BK,3,2,1,13.8,,
56982,A80162,3,2,1,63.91,,
56983,A80161,3,2,1,63.91,,
56984,750S-01710,4,2,2,115.7,,
56987,WCPC-6,0,0,0,13.09,,
56988,WCPC-6.5,0,0,0,13.09,,
56989,WCPC-7,0,0,0,10.96,,
56990,WCPC-7.5,0,0,0,10.96,,
56991,WCPC-8,0,0,0,11.38,,
56992,WCPC-8.5,0,0,0,11.38,,
56993,WCPC-9,0,0,0,12.24,,
56994,WCPC-9.5,0,0,0,12.24,,
56995,WCPC-10,0,0,0,13.87,,
56996,WCPC-10.5,0,0,0,13.87,,
56997,WCPC-11,0,0,0,14.95,,
56998,WCPC-11.5,0,0,0,25.12,,
56999,WCPC-12,0,0,0,19.75,,
57000,WCPC-12.5,0,0,0,27.26,,
57001,WCPC-13,0,0,0,22.38,,
57002,WCPC-13.5,0,0,0,29.39,,
57003,WCPC-14,0,0,0,31.55,,
57004,WCPC-14.5,0,0,0,31.55,,
57005,WCPC-15,0,0,0,33.7,,
57006,WCPC-15.5,0,0,0,33.7,,
57010,710204-1,3,0,3,136.36,,
57013,SET0148,0,0,0,38.04,,
57014,SET0149,0,0,0,42.33,,
57015,SET0150,0,0,0,45.0,,
57016,OC-0422VEL8,0,0,0,213.96,,
57017,010-12122-10,7,3,4,18.74,,
57023,5310012,0,0,0,230.77,,
57024,5310112,5,2,3,231.28,,
57025,5310024,0,0,0,230.77,,
57026,5310124,0,0,0,269.23,,
57027,SMC12,2,1,1,99.36,,
57028,SMC24,0,0,0,125.0,,
57034,41331,0,0,0,26.67,,
57037,T9025406,9,7,2,5.43,,
57045,58155,7,4,3,278.9,,
57047,58319,0,0,0,23.79,,
57048,500-0395-00,0,0,0,790.83,,
57054,441,2,2,0,4.34,,
57055,GOTECH 1.0,0,0,0,685.38,,
57062,403902,7,3,4,11.13,,
57063,404152,10,3,7,11.5,,
57064,404172,3,2,1,12.62,,
57065,404202,2,1,1,13.19,,
57066,404252,11,1,10,15.56,,
57067,404302,13,1,12,16.55,,
57068,20711,2,2,0,29.99,,
57080,117WR-2,0,0,0,35.4,,
57081,60WR-2,0,0,0,35.4,,
57082,75WR-2,0,0,0,36.59,,
57083,164WR-2,0,0,0,44.78,,
57084,117WR-4,2,2,0,26.75,,
57085,60WR-4,0,0,0,27.95,,
57086,75WR-4,0,0,0,29.75,,
57087,175WR-4,1,1,0,29.84,,
57097,A80330,3,0,3,34.08,,
57145,117WR-1,0,0,0,25.42,,
57146,60WR-1,0,0,0,26.75,,
57147,75WR-1,2,0,2,27.95,,
57148,164WR-1,4,1,3,39.94,,
57149,117WR-3,1,1,0,42.14,,
57150,60WR-3,3,3,0,44.78,,
57151,75WR-3,0,0,0,45.05,,
57152,164WR-3,0,0,0,55.65,,
57163,385310076,6,6,0,35.92,,
57167,720080-1,6,2,4,42.65,,
57212,1139,1,0,1,52.15,,
57213,1408,2,0,2,190.85,,
57214,1147,4,2,2,112.34,,
57215,1148,4,3,1,110.7,,
57216,1522,4,2,2,98.73,,
57217,1216,0,0,0,167.16,,
57218,1455,0,0,0,80.14,,
57219,1450,0,0,0,107.27,,
57220,1457,0,0,0,138.08,,
57221,1456,0,0,0,175.46,,
57222,1200,5,3,2,287.71,,
57223,1225,1,0,1,294.63,,
57224,1463,2,1,1,257.81,,
57225,1464,2,1,1,316.27,,
57226,1227,0,0,0,503.71,,
57227,1223,3,2,1,422.33,,
57228,1217,0,0,0,673.3,,
57229,1222,0,0,0,547.05,,
57230,1201,0,0,0,685.22,,
57231,1221,0,0,0,969.86,,
57232,1210,3,1,2,178.23,,
57233,1228,6,3,3,311.33,,
57234,1214,4,2,2,186.91,,
57235,1206,0,0,0,235.34,,
57236,1230,0,0,0,326.84,,
57237,1202,2,1,1,326.84,,
57238,1208,0,0,0,188.14,,
57239,1231,0,0,0,188.15,,
57240,1502,2,1,1,350.15,,
57241,1190,4,2,2,407.08,,
57243,1193,0,0,0,549.24,,
57244,1168,0,0,0,218.59,,
57245,1218,2,1,1,1498.66,,
57248,1475,0,0,0,42.97,,
57249,1474,0,0,0,268.33,,
57250,1473,0,0,0,73.14,,
57251,1472,2,2,0,38.37,,
57252,1478,3,2,1,52.49,,
57253,7480,14,9,5,1.97,,
57254,7481,0,0,0,2.53,,
57255,7482,10,5,5,2.53,,
57256,7483,0,0,0,2.53,,
57257,7484,2,2,0,2.53,,
57258,7485,10,5,5,2.53,,
57259,7490,0,0,0,2.97,,
57260,7491,4,4,0,2.97,,
57261,7492,6,1,5,2.97,,
57262,7493,1,0,1,2.97,,
57263,7494,0,0,0,2.97,,
57264,7495,4,4,0,2.97,,
57272,010-12199-00,0,0,0,14.99,,
57273,0200MB0DP1,0,0,0,89.8,,
57274,SPK2218,5,2,3,6.17,,
57275,SPK1614,13,6,7,6.17,,
57276,6225-R,7,5,2,306.43,,
57278,A28162,16,3,13,108.32,,
57280,5290,0,0,0,32.32,,
57296,R70014,2,2,0,25.56,,
57315,600033-1,194,154,40,57.97,,
57316,600031-1,0,0,0,127.05,,
57317,600032-1,4,4,0,158.81,,
57321,2700K,4,4,0,29.14,,
57322,2701K,9,9,0,37.45,,
57323,2702K,6,6,0,45.93,,
57350,TY-KITW,7,7,0,10.58,,
57351,001-341-830-00,0,0,0,536.36,,
57353,760025-1,0,0,0,75.89,,
57354,UFO X RV,0,0,0,164.4,,
57355,5266CR,0,0,0,22.43,,
57364,327,5,5,0,7.01,,
57373,KG1020-4,0,0,0,8.04,9.56,
57374,KG1020-9,0,0,0,18.84,24.01,
57381,010-12378-20,1,0,1,997.02,,
57382,010-12379-20,0,0,0,1177.5,,
57383,010-12380-20,0,0,0,1109.99,,
57386,MILPLATE1,1,1,0,4.99,,
57389,OC15SUK10,0,0,0,28.54,,
57391,137000-701-999-16,29,29,0,8.21,,
57396,0425-BK,0,0,0,9.96,,
57400,104110,11,4,7,17.06,,
57401,108910,7,4,3,35.17,,
57402,104310,11,4,7,17.06,,
57403,104710,9,6,3,17.06,,
57404,103910,4,2,2,17.06,,
57405,104210,7,4,3,17.06,,
57406,104610,7,2,5,17.06,,
57411,A80291,4,0,4,46.86,,
57412,A80292,3,0,3,63.91,,
57413,A0-0900-TEG,0,0,0,637.96,,
57414,A0-1500-CF,0,0,0,1360.99,,
57415,A0-1500-CFT,1,1,0,1552.38,,
57416,MI-001ST,0,0,0,120.37,,
57417,CA-0088,14,9,5,211.03,,
57421,40934,5,0,5,18.4,,
57422,40934CASE,0,0,0,149.25,,
57426,A80312,3,1,2,25.56,,
57427,A80247,12,6,6,63.91,,
57430,BCPC-6,0,0,0,13.09,,
57431,BCPC-6.5,0,0,0,13.09,,
57432,BCPC-7,0,0,0,10.96,,
57433,BCPC-7.5,0,0,0,10.96,,
57434,BCPC-8,0,0,0,11.38,,
57435,BCPC-8.5,0,0,0,11.38,,
57436,BCPC-9,0,0,0,12.24,,
57437,BCPC-9.5,0,0,0,12.24,,
57438,BCPC-10,0,0,0,13.87,,
57439,BCPC-10.5,0,0,0,13.87,,
57440,BCPC-11,0,0,0,14.95,,
57441,BCPC-11.5,0,0,0,25.12,,
57442,BCPC-12,0,0,0,19.75,,
57443,BCPC-12.5,0,0,0,27.26,,
57444,BCPC-13,0,0,0,22.38,,
57445,BCPC-13.5,0,0,0,29.39,,
57446,BCPC-14,0,0,0,31.55,,
57447,BCPC-14.5,0,0,0,31.55,,
57448,BCPC-15,0,0,0,33.7,,
57449,BCPC-15.5,0,0,0,33.7,,
57465,010-11129-00,0,0,0,20.99,,
57466, 106910,6,4,2,22.93,,
57467, 104510,9,5,4,17.06,,
57468,ZDIGDTV100,5,2,3,174.96,,
57473,SN2060A,5,1,4,99.99,,
57474,SN2011,5,4,1,111.78,,
57475,SN2010,6,2,4,134.99,,
57488,F17727,8,2,6,32.75,,
57501,36400-1000,11,6,5,22.27,,
57502,36400-0000,16,9,7,22.27,,
57503,010-11957-00,0,0,0,22.49,,
57510,HS2500HP,13,12,1,24.45,39.99,
57512,010-11613-10,0,0,0,56.24,,
57517,30142-201,2,1,1,53.96,,
57525,001-167-890-10,1,1,0,59.09,,
57530,001-105-810-10,0,0,0,47.27,,
57531,001-341-660-00,0,0,0,272.73,,
57536,PP4800-12,0,0,0,356.35,,
57537,MS-CL602,0,0,0,100.75,,
57538,1039,10,10,0,4.43,,
57539,1008,13,13,0,3.25,,
57542,24012000,0,0,0,1753.87,,
57543,24020800,0,0,0,834.77,,
57544,24021500,0,0,0,1309.22,,
57545,24022500,5,3,2,2296.47,,
57546,24095100,2,1,1,3965.15,,
57560,81400100,0,0,0,41.38,,
57561,81500600,0,0,0,93.28,,
57562,81500700,0,0,0,168.49,,
57563,81500100,0,0,0,69.2,,
57564,81500200,0,0,0,100.03,,
57565,81500300,4,2,2,142.16,,
57566,81500350,0,0,0,303.13,,
57567,81500400,0,0,0,142.93,,
57568,81500500,0,0,0,312.16,,
57569,81400400,0,0,0,154.95,,
57570,81400500,1,0,1,188.05,,
57573,806-1055,2,0,2,611.44,,
57574,010-12117-08,0,0,0,14.99,,
57578,1154,3,3,0,5.74,,
57579,1011,11,11,0,3.46,,
57581,1004,15,15,0,2.73,,
57584,SET0044,0,0,0,606.23,,
57585,15101-104,0,0,0,556.8,,
57587,001-337-420-00,0,0,0,309.09,,
57589,001-337-450-00,0,0,0,259.09,,
57590,001-337-430-00,0,0,0,177.27,,
57591,001-337-440-00,0,0,0,231.82,,
57599,SVS880FMK,0,0,0,40.0,,
57601,65100,0,0,0,104.99,,
57607,43990-0051,6,0,6,25.11,,
57608,11944-7,9,5,4,7.63,,
57611,BT1-514-1,0,0,0,21.13,34.99,
57612,BT1-515-1,0,0,0,21.13,34.99,
57616,BT1-651-2,0,0,0,18.08,29.99,
57617,BT1-663-2,0,0,0,15.99,24.99,
57618,OCTAFG1012,1,0,1,420.0,,
57620,R70439,0,0,0,29.82,,
57625,SP-70-1,2,0,2,2099.3,,
57626,DVD5800,0,0,0,176.42,,
57641,26244GA,33,16,17,15.19,,
57643,27672,25,23,2,86.52,149.99,
57648,MC200,31,5,26,3.53,4.95,
57655,PP5050-19,0,0,0,370.9,,
57656,PP5200-12,0,0,0,392.72,,
57657,PP4408,0,0,0,269.08,,
57658,PP5205,0,0,0,392.72,,
57659,HRSB1107,0,0,0,264.8,,
57661,SSC300-01,4,2,2,316.0,,
57662,SSC300-01-KIT,0,0,0,556.0,,
57663,803500,1,1,0,159.99,,
57664,803500B,2,0,2,175.68,,
57665,805500,4,0,4,209.46,,
57666,805500B,0,0,0,209.46,,
57667,63070,0,0,0,294.52,,
57668,63071,0,0,0,279.55,,
57675,APT-150-01,36,17,19,264.38,,
57676,APT-250-01,5,3,2,275.63,,
57677,APT-GPS-01,4,2,2,115.31,,
57678,APT-LB-01,6,2,4,123.75,,
57679,APT-LB-GPS2-01,1,0,1,208.13,,
57680,APT6003,3,2,1,345.94,,
57684,SSM-64A,4,3,1,53.33,,
57685,010-11617-32,5,5,0,37.49,,
57686,010-11617-42,2,2,0,44.99,,
57687,010-12234-07,0,0,0,22.49,,
57688,010-12406-00,20,11,9,18.74,,
57758,10102G40,5,5,0,6.56,,
57759,10200G40,42,0,42,2.3,,
57760,10201G40,5,3,2,2.12,,
57766,10600G40,20,12,8,5.36,,
57768,10603G40,19,11,8,4.1,,
57770,45004G40,20,12,8,4.93,,
57774,58195,10,0,10,55.09,,
57775,58196,8,0,8,60.08,,
57776,58197,22,21,1,30.91,,
57777,58387,2,1,1,16.23,,
57785,FT1PXC,15,14,1,158.33,,
57786,500199,5,2,3,365.86,,
57787,500200,0,0,0,365.86,,
57811,740146-1,4,1,3,22.06,,
57812,740149-1,3,3,0,41.39,,
57813,780029-1,3,0,3,15.16,,
57819,710185-1,3,3,0,193.19,,
57820,790,66,18,48,15.63,,
57821,792,24,13,11,35.16,,
57829,ACDC1911,2,0,2,23.16,,
57833,740090-1,8,8,0,20.69,,
57841,720073-4,2,2,0,75.89,,
57885,1862014,0,0,0,106.72,,
57887,1852074,0,0,0,29.05,,
57899,1810340,5,2,3,335.28,,
57900,1810244,2,1,1,72.64,,
57901,1810212,3,0,3,23.46,,
57902,1368562,0,0,0,1006.32,,
57943,EIC101,6,1,5,131.26,,
57962,3400,16,8,8,122.65,,199.98
57963,3500,12,6,6,171.53,,259.98
57965,YBP-5103,47,33,14,14.09,,19.98
57969,YBP-5203,44,26,18,16.66,,19.98
57973,3552,35,12,23,16.16,,21.98
57975,3554,47,28,19,16.16,,21.98
57976,3555,19,19,0,16.16,,21.98
57977,30803,24,21,3,12.36,,16.98
57980,010-11966-00,3,2,1,13.99,,
58046,32010,9,5,4,165.38,,
58047,CA-VAT-10-R,0,0,0,605.62,,
58049,1810225,1,0,1,181.61,,
58050,1810226,1,0,1,108.96,,
58051,IRIS090,3,1,2,491.28,,
58053,1001003,3,3,0,198.67,,
58054,1001008,3,3,0,168.83,,
58055,7001,0,0,0,292.0,,
58056,7008,0,0,0,265.33,,
58066,122000-500-020-16,6,6,0,44.0,,
58067,122000-500-040-16,5,2,3,44.0,,
58068,122000-500-060-16,0,0,0,44.0,,
58072,GP2205,0,0,0,363.62,,
58073,GP1205,0,0,0,363.62,,
58074,GP1524,0,0,0,276.35,,
58075,GP2524,0,0,0,276.35,,
58084,801310,0,0,0,68.26,,
58085,8013,0,0,0,9.97,,
58086,80301,30,28,2,42.99,,
58087,HRSB1201,0,0,0,8.26,,
58138,3000003654,85,85,0,72.35,,
58139,011,10,3,7,89.99,,
58140,144,9,4,5,44.99,,
58168,SW55450,4,2,2,14.03,,
58175,SRA-50,29,22,7,80.02,,
58180,01-0398,0,0,0,4777.78,,
58182,6018-R,0,0,0,684.73,,
58184,B4-509AA,1,1,0,3439.99,,
58186,010-12167-20,0,0,0,41.24,,
58188,DBP5,0,0,0,22.79,,
58189,DFC5,15,6,9,12.05,,
58190,DFP5,11,3,8,12.05,,
58191,DFF5,0,0,0,12.05,,
58195,10-24750-09,2,1,1,221.99,,
58199,3230WC,43,11,32,20.95,,
58200,3226WC,16,4,12,26.93,,
58239,9351-2,6,3,3,10.53,,
58240,11370-7,11,4,7,11.7,,
58241,14233-7,7,3,4,20.24,,
58243,11778-2,3,0,3,38.93,,
58249,90-815-F,2,2,0,288.86,,
58250,96-280-F,25,12,13,17.55,,
58252,96-286-F,13,2,11,16.57,,
58256,2428-F,60,24,36,7.8,,
58257,2430-F,14,6,8,13.35,,
58320,001-337-410-00,0,0,0,78.18,,
58325,CLM100-01,0,0,0,336.0,,
58328,49024,0,0,0,28.12,44.99,
58329,0140,18,17,1,18.34,,
58330,0141,9,4,5,24.61,,
58335,0443,12,12,0,7.18,,
58338,0448-BK,11,11,0,14.55,,
58339,4338-121-E07,8,4,4,200.05,,
58341,2028,3,0,3,55.99,,
58342,2029,1,1,0,61.15,,
58370,2000023099,4,1,3,124.41,,
58378,2000026562,0,0,0,304.41,,
58398,019901,1,0,1,134.78,212.0,
58399,011702,2,0,2,201.14,304.0,
58413,10-904,15,1,14,35.55,,
58414,10-905,5,5,0,35.55,,
58450,44106-1000,50,30,20,8.57,,
58483,50050-2,6,3,3,266.6,,
58484,50051,6,3,3,126.67,,
58488,QCM-S,10,6,4,59.82,,
58490,QCM-N,8,6,2,24.2,,
58492,QCM-SR,6,6,0,73.13,,
58565,50053,0,0,0,299.93,,
58570,CA-0157-1,4,2,2,31.7,,
58571,CA-0157-2,7,5,2,47.54,,
58572,CA-0157-3,6,4,2,65.0,,
58573,CA-0157-4,0,0,0,83.46,,
58574,03-1570-100,0,0,0,11.38,,
58576,03-1108-RP,2,2,0,4.26,,
58577,17-1510-50W,4,2,2,24.38,,
58578,CA-0032,3,2,1,34.94,,
58579,CA-0033,2,0,2,70.69,,
58580,03-1033-AS,4,3,1,6.5,,
58581,1045,23,12,11,34.97,,
58582,1733,39,9,30,36.58,,
58584,770-EZ,35,17,18,43.33,,
58585,5045,24,4,20,20.94,,
58586,5046,21,12,9,33.33,,
58587,770-DP-EZ,6,3,3,57.48,,
58588,770-DP,1,0,1,47.33,,
58589,771-S-EZ,7,4,3,48.33,,
58592,771-S,10,7,3,38.4,,
58593,771-SFD,2,2,0,42.49,,
58594,772-DBC-EZ,6,2,4,60.54,,
58595,772-DBC,6,4,2,49.96,,
58596,701S,8,2,6,29.86,,
58597,701-PM,19,9,10,20.06,,
58598,701S-PM,14,0,14,30.74,,
58599,701-MD,7,0,7,133.43,,
58600,701-MD-D,0,0,0,142.18,,
58601,720-MDO,4,2,2,174.51,,
58603,80-724-0006-00,4,3,1,64.71,,
58604,80-708-0013-00,0,0,0,40.79,,
58606,80-911-0045-00,4,2,2,109.04,,
58607,54-27C4/DSP,10,4,6,7.85,,
58608,54-35C2/DSP,0,0,0,10.19,,
58609,701-KEY,7,7,0,7.43,,
58610,701-KEY-EP,7,3,4,8.85,,
58611,GP1800-20,0,0,0,312.72,,
58612,P105055,0,0,0,306.51,,
58613,P105056,0,0,0,522.6,,
58614,P105057,0,0,0,868.47,,
58615,010-12255-00,0,0,0,142.49,,
58616,112507,0,0,0,91.93,,
58617,112527,39,7,32,90.1,,
58618,113117,30,24,6,91.61,,
58619,113127,34,13,21,90.27,,
58620,113197,34,14,20,90.27,,
58621,112807,7,2,5,105.05,,
58622,112827,15,9,6,100.85,,
58626,101326,10,6,4,126.07,,
58629,101334,8,3,5,357.08,,
58630,101335,1,0,1,381.33,,
58631,101336,9,6,3,356.38,,
58632,101346,2,0,2,563.5,,
58633,101347,0,0,0,541.47,,
58634,101348,13,4,9,545.36,,
58641,111831,0,0,0,178.67,,
58647,701-MDVS,16,10,6,152.52,,
58648,720-MDVSO,5,3,2,254.97,,
58649,80-701-0018-00,5,2,3,123.4,,
58650,720-MDO-EP,3,2,1,175.22,,
58651,80-724-0007-00,1,0,1,28.61,,
58652,710-140A,16,6,10,89.09,,
58653,714-140A-DVSR,2,1,1,121.57,,
58654,715-H,0,0,0,71.78,,
58655,715-V,0,0,0,71.78,,
58656,716-H-140A-DVSR,3,1,2,154.81,,
58657,716-V-140A-DVSR,0,0,0,154.81,,
58658,716-SQ-140A-DVSR,7,3,4,154.81,,
58659,715-S,0,0,0,91.12,,
58660,718-140A-DVSR,0,0,0,180.69,,
58661,717-140A-DVSR,17,4,13,268.85,,
58662,719-140A-DVSR,1,0,1,391.01,,
58663,80-716-0017-00,0,0,0,189.45,,
58664,80-716-0018-00,11,0,11,413.92,,
58665,80-716-0014-00,0,0,0,387.77,,
58666,80-716-0015-00,3,1,2,648.43,,
58667,80-716-0016-00,0,0,0,904.52,,
58668,80-700-0050-00,0,0,0,229.83,,
58669,80-700-0051-00,0,0,0,232.13,,
58670,80-700-0052-00,0,0,0,223.0,,
58673,CC-810,0,0,0,124.27,,
58674,CC-803N,5,2,3,309.75,,
58676,CC-5,0,0,0,33.79,,
58679,CC-BLANK,0,0,0,31.39,,
58688,A80346,7,2,5,34.08,,
58689,777-BB4S-500,27,26,1,64.36,,
58690,777-BB3S-650,16,14,2,70.6,,
58691,777-BB5S-650,18,10,8,94.96,,
58692,777-BB8S-650,7,3,4,133.48,,
58693,777-Z10W-200,10,7,3,25.69,,
58694,777-Z18W-200,6,2,4,39.95,,
58695,778-ANL,19,13,6,20.71,,
58696,778-ANL2S,0,0,0,42.06,,
58697,778-ANLTP,5,3,2,50.21,,
58698,778-T2S-400,0,0,0,42.06,,
58699,778-T2S-600,21,7,14,49.36,,
58700,IST-8MM-1S,11,8,3,10.56,,
58701,IST-8MM-2S,0,0,0,15.96,,
58702,IST-10MM-8MM,0,0,0,16.27,,
58704,IST-10MM-2S,18,3,15,16.59,,
58705,IST-8MM-1SPT,0,0,0,16.8,,
58706,IST-10MM-1SPT,4,0,4,17.35,,
58707,IS-6MM-1/DSP,5,2,3,8.64,,
58708,IS-6MM-1R/DSP,6,4,2,9.43,,
58709,IS-6MM-2/DSP,7,5,2,11.2,,
58710,BB-6W-2S/DSP,0,0,0,22.53,,
58711,BB-12W-2S/DSP,0,0,0,25.07,,
58712,BB-24W-2S/DSP,0,0,0,30.73,,
58713,BB-12W-2NC/DSP,0,0,0,32.87,,
58714,BB-4S-150A/DSP,0,0,0,30.55,,
58715,TB-118-6P/DSP,5,3,2,9.06,,
58717,706-4W,6,2,4,78.18,,
58718,706-2W,2,0,2,42.62,,
58719,707,2,0,2,95.64,,
58720,705-50A,0,0,0,84.08,,
58721,705-80A,3,1,2,84.08,,
58722,705-100A,2,0,2,84.08,,
58723,705-135A,0,0,0,84.08,,
58724,705-150A,0,0,0,84.08,,
58725,ATC-6W,0,0,0,24.8,,
58726,ATC-6WQC,0,0,0,24.8,,
58727,80-712-0039-00,6,4,2,15.27,,
58728,810-15-CX,1,1,0,56.0,,
58731,810-30-CX,0,0,0,84.0,,
58733,ZDIGDTVDA,2,1,1,62.96,,
58741,HX380,95,46,49,147.99,,
58763,77030100,33,17,16,150.42,,
58768,131902500,5,3,2,192.29,,
58805,GP1050-19,0,0,0,327.26,,
58806,900-DC,0,0,0,114.08,,
58807,OCTAFMDRSSYS12,0,0,0,1208.07,,
58809,901H,0,0,0,200.59,,
58810,901V,0,0,0,200.59,,
58811,CA82B-35R,0,0,0,2906.67,,
58812,902NMH,0,0,0,311.55,,
58813,902NMV,0,0,0,311.55,,
58814,904NM,1,1,0,393.76,,
58815,905NM,0,0,0,582.65,,
58817,764998,15,5,10,3.62,,
58818,765000,30,15,15,7.74,,
58819,765002,21,16,5,5.87,,
58820,765004,10,6,4,6.05,,
58821,765006,13,6,7,9.65,,
58822,765010,17,10,7,6.64,,
58823,765012,10,5,5,8.28,,
58824,750000,17,7,10,9.3,,
58825,760375,0,0,0,1.35,,
58826,760500,14,4,10,1.35,,
58827,301503,7,2,5,5.34,,
58828,301506,10,5,5,9.45,,
58829,304503,0,0,0,3.83,,
58830,304506,8,4,4,6.44,,
58831,306503,0,0,0,5.59,,
58832,906NMV,0,0,0,911.66,,
58834,OCTAFG0612,0,0,0,402.13,,
58838,OCTAFG1012,0,0,0,477.68,,
58841,OCTAFG1612,0,0,0,528.06,,
58847,NC36NM,0,0,0,920.33,,
58852,901V-DCSM,0,0,0,565.82,,
58865,902V-DCSM,0,0,0,628.48,,
58867,903-DCSM,0,0,0,814.24,,
58871,905V-DCSM,0,0,0,905.92,,
58880,900-AM,0,0,0,213.77,,
58883,902-AM,0,0,0,376.82,,
58885,904-AM,0,0,0,591.92,,
58887,905-AM,0,0,0,805.23,,
58889,906-AM,0,0,0,1014.6,,
58890,906V-AM,0,0,0,994.69,,
58891,907-AM,0,0,0,1470.1,,
58893,NC32Y-DCSM,0,0,0,1240.05,,
58897,M28-DCSM,0,0,0,1000.64,,
58898,M32-DCSM,0,0,0,1061.14,,
58947,010-01550-00,6,4,2,111.99,,
58948,010-01550-10,4,4,0,175.99,,219.99
58953,010-12439-00,11,2,9,9.74,,
58954,010-12439-01,10,7,3,14.99,,
58955,010-12440-00,2,2,0,11.24,,
58956,010-12440-01,0,0,0,11.24,,
58957,010-12440-02,0,0,0,11.24,,
58958,010-12401-00,0,0,0,119.99,,
58959,010-12401-20,0,0,0,97.49,,
58960,010-12402-00,6,3,3,149.99,,
58961,010-12403-00,2,0,2,134.99,,
58962,010-12404-00,10,2,8,157.49,,
58963,010-12404-10,2,1,1,434.99,,
58964,010-12405-00,2,1,1,236.24,,
58966,010-12407-00,0,0,0,22.49,,
58967,010-12407-02,0,0,0,22.49,,
58970,010-12445-30,0,0,0,5.24,,
58971,010-12445-22,0,0,0,22.49,,
58972,010-12445-32,70,39,31,21.37,,
58973,010-12445-00,2,2,0,17.24,,
58975,010-12445-21,0,0,0,3.74,,
58976,010-12445-31,0,0,0,3.74,,
58977,010-12445-10,0,0,0,18.74,,
58978,010-12234-06,0,0,0,14.99,,
58979,010-12462-00,0,0,0,74.99,,
58980,010-12357-00,0,0,0,18.74,,
58986,OC-0422BKA8,0,0,0,213.96,,
58988,OC-0432VEL116,4,2,2,249.99,,
58989,OT-0442BKA15,3,1,2,544.53,,
58990,OT-0442VEL15,4,2,2,544.53,,
58992,F16-0151R-1,5,3,2,38.38,,
58994,F31-0790BXY-1,2,1,1,379.91,,
58995,F31-0770BSA-1,3,1,2,182.47,,
58999,F16-0810-1,0,0,0,249.46,,
59001,OT-3160CF,3,1,2,2192.41,,
59002,OT-4200CF,4,2,2,2619.47,,
59006,900-ACM6W-110V,0,0,0,256.43,,
59008,900-AC1-110V,1,1,0,259.99,,
59009,900-AC1,0,0,0,305.25,,
59010,HRC10812V,1,1,0,2049.54,2879.2,
59011,RC8612V,2,0,2,1071.02,1508.0,
59012,RC121212V,0,0,0,3285.29,4468.0,
59013,900-ACCH-110V,0,0,0,166.74,,
59014,900-ACCH,0,0,0,279.99,,
59015,R62379,7,4,3,127.83,,
59028,900-AC2V-ACSM,0,0,0,868.36,,
59029,900-AC3-AM,0,0,0,792.48,,
59031,900-AC3-ACSM,0,0,0,1059.42,,
59033,900-AC4-ACSM,0,0,0,1110.11,,
59044,BM30PW,0,0,0,84.04,124.2,
59045,BM30PG,1,1,0,84.04,124.2,
59046,BM30PB,2,2,0,84.04,124.2,
59047,BM50PW,2,2,0,98.65,145.8,
59048,BM50PG,1,1,0,98.65,145.8,
59049,BM50PB,0,0,0,98.65,145.8,
59050,BM30NT,5,5,0,118.14,174.6,
59110,2914,6,4,2,537.73,,
59164,BP3708,2,1,1,223.64,,
59165,BP3740,4,2,2,223.64,,
59167,BP9005,4,2,2,54.88,,
59168,BP9013,4,3,1,71.18,,
59169,BP9021,6,2,4,59.31,,
59170,BP4402,2,0,2,109.87,,
59171,BP4410,5,3,2,125.08,,
59172,BP0510,5,3,2,117.27,,
59174,BP0350,8,7,1,81.33,,
59176,82-962-001A,0,0,0,88.19,,
59177,BP1552,4,0,4,141.75,,
59178,BP1554,7,3,4,145.85,,
59179,GP4618,104,91,13,38.79,,
59180,GP0550,0,0,0,87.47,,
59181,GP0551,6,2,4,87.47,,
59182,GP0418,8,4,4,75.44,,
59183,GP0650,0,0,0,54.16,,
59184,SS5212,18,11,7,53.11,,
59185,SS1212,9,3,6,75.05,,
59186,SS1224,13,7,6,82.26,,
59187,BP2052,18,10,8,160.02,,
59188,BP2054,17,6,11,156.35,,
59189,BP4572,8,4,4,192.47,,
59190,BP4574,3,1,2,201.28,,
59191,LV1219,21,14,7,13.44,,
59192,RT2498,17,7,10,96.18,,
59193,RT2658,9,6,3,125.62,,
59199,S-7098P,29,25,4,5.32,,
59208,F600,5,3,2,438.58,,
59209,S600,7,5,2,437.61,,
59210,F700,3,2,1,525.19,,
59211,S700,5,3,2,522.79,,
59212,S1100,10,6,4,490.96,,
59213,F1100,4,2,2,498.33,,
59214,F600W,3,1,2,513.25,,
59215,F1200,2,1,1,610.03,,
59216,S1200,1,1,0,585.5,,
59221,PP4800-20,0,0,0,356.35,,
59222,PP5065,0,0,0,399.99,,
59224,PP5058,0,0,0,370.9,,
59225,PP4403,0,0,0,269.08,,
59226,PP5064,0,0,0,399.99,,
59227,PP5059,0,0,0,370.9,,
59228,PP4407,0,0,0,269.08,,
59229,RMX4800-20,0,0,0,436.35,,
59230,RMX4800-12,0,0,0,436.35,,
59232,RMX4800,0,0,0,421.81,,
59234,RMX4408,0,0,0,392.72,,
59235,RMX4407,0,0,0,392.72,,
59236,RMX4808,0,0,0,436.35,,
59238,ACC-FF-1536,8,4,4,7.42,,
59239,GP2050-20,0,0,0,327.26,,
59240,ACC-FF-1567,2,2,0,7.42,,
59241,ACC-FF-1659,0,0,0,13.74,,
59242,GP2050-19,0,0,0,327.26,,
59243,ACC-FF-1581,0,0,0,38.64,,
59244,GP1200-12,0,0,0,363.62,,
59245,GP2200-12,0,0,0,363.62,,
59246,GP1800-12,0,0,0,312.72,,
59248,GP2050-09,0,0,0,327.26,,
59249,GP1807,0,0,0,312.72,,
59250,GP1040-20,0,0,0,334.53,,
59251,A80350,0,0,0,341.66,,
59252,GP2040-20,0,0,0,334.53,,
59253,GP1080-19,0,0,0,385.44,,
59254,GP2080-19,0,0,0,385.44,,
59258,GP1170-12,0,0,0,385.44,,
59259,GP2170-12,0,0,0,385.44,,
59260,GP1040-09,0,0,0,334.53,,
59261,GP2040-09,0,0,0,334.53,,
59262,GP2040,0,0,0,319.99,,
59263,GP1170-09,0,0,0,385.44,,
59264,GP2170-09,0,0,0,385.44,,
59265,GP1174,0,0,0,385.44,,
59266,GP2174,0,0,0,385.44,,
59267,GP2082,0,0,0,385.44,,
59268,GP1082,0,0,0,385.44,,
59269,GP1170-05,0,0,0,385.44,,
59270,GP2170-05,0,0,0,385.44,,
59271,GP1504,0,0,0,276.35,,
59272,GP1514,0,0,0,276.35,,
59273,GP1600-04,0,0,0,341.81,,
59274,GP2504,0,0,0,276.35,,
59275,GP2514,0,0,0,276.35,,
59276,GP2600-04,0,0,0,341.81,,
59277,GP1040-19,0,0,0,334.53,,
59279,BEA3000,7,4,3,167.6,,
59280,GP2040-19,0,0,0,334.53,,
59281,GP1508,0,0,0,276.35,,
59282,RLS- AM,12,6,6,33.19,,
59283,RLS- 401,8,5,3,12.94,,
59284,RLS- 402,3,2,1,21.38,,
59285,RLS- 403,4,2,2,15.75,,
59286,RLS- 404,10,6,4,15.75,,
59287,MBR-300 PRO,1,0,1,199.99,,
59289,RL- 508,6,3,3,24.75,,
59290,RL- 509,5,2,3,19.13,,
59291,RL- 510,0,0,0,12.38,,
59292,RL- 511,0,0,0,12.38,,
59293,MBR-700 PRO,1,0,1,799.99,,
59295,RL- TETH,0,0,0,11.25,,
59296,GP1518,0,0,0,276.35,,
59297,GP1608,0,0,0,341.81,,
59298,GP2508,0,0,0,276.35,,
59299,GP2518,0,0,0,276.35,,
59300,GP2608,0,0,0,341.81,,
59301,GP2600-10,0,0,0,341.81,,
59302,GP1600-10,0,0,0,341.81,,
59303,GP1080-08,0,0,0,385.44,,
59304,GP2080-08,0,0,0,385.44,,
59305,TP325,0,0,0,159.99,,
59307,SG125,0,0,0,319.99,,
59308,SG225,0,0,0,319.99,,
59310,GP2065,0,0,0,363.62,,
59311,PP5066,0,0,0,399.99,,
59312,PP4500-01,0,0,0,276.35,,
59313,PP5050-01,0,0,0,370.9,,
59314,PP4500-06,0,0,0,276.35,,
59315,PP4500-05,0,0,0,276.35,,
59316,PP5050-02,0,0,0,370.9,,
59317,PP4900-02,0,0,0,356.35,,
59318,000-154-024,0,0,0,68.18,,
59319,PP4500-03,0,0,0,276.35,,
59321,PP4500-02,0,0,0,276.35,,
59322,PP4900-01,0,0,0,356.35,,
59323,RMX4500-01,0,0,0,399.99,,
59324,RMX4500-02,0,0,0,399.99,,
59325,RMX4900-01,0,0,0,436.35,,
59326,GP1066,0,0,0,363.62,,
59327,GP2066,0,0,0,363.62,,
59335,GP1040-26,0,0,0,334.53,,
59338,GP1040-23,0,0,0,334.53,,
59341,GP1040-29,0,0,0,334.53,,
59345,LLB-16CW-01-00,0,0,0,12.46,,
59346,GP1500-01,0,0,0,276.35,,
59347,LLB-45RU-91-K1,0,0,0,90.24,,
59348,LLB-45RE-91-K1,2,2,0,67.99,,
59349,GP1500-11,0,0,0,276.35,,
59351,GP1040-10,0,0,0,334.53,,
59353,GP1500-05,0,0,0,276.35,,
59354,GP1500-04,0,0,0,276.35,,
59355,GP1040-25,0,0,0,334.53,,
59361,GP1040-24,0,0,0,334.53,,
59362,GP1500-02,0,0,0,276.35,,
59363,GP1040-28,0,0,0,334.53,,
59364,GP1040-27,0,0,0,334.53,,
59366,GP1040-22,0,0,0,334.53,,
59367,11501000,1,0,1,47.09,,
59368,GP1040-21,0,0,0,334.53,,
59376,SK129,0,0,0,181.81,,
59379,SK130,0,0,0,181.81,,
59382,TZ-111,0,0,0,1235.29,1500.0,
59386,TZ-116,0,0,0,823.53,1000.0,
59394,DS0006,5,3,2,125.42,,
59395,LV1215,13,9,4,15.53,,
59396,F1100W,3,3,0,549.05,,
59397,S600W,4,2,2,494.88,,
59398,BP0527,3,3,0,118.31,,
59399,WM8284,5,3,2,272.88,,
59400,WM8484,8,2,6,283.52,,
59401,GP1354,45,20,25,29.04,,
59402,S360EW,0,0,0,601.74,,
59403,S1100W,0,0,0,582.4,,
59404,SS5012,11,6,5,28.92,,
59405,SS1012,8,7,1,34.28,,
59406,BE1482,8,2,6,88.52,,
59407,BE1484,5,4,1,99.72,,
59408,BE9003,35,13,22,34.29,,
59409,BE9006,13,8,5,55.53,,
59415,73-103-F,14,6,8,15.32,,
59421,WLOCKLP30,0,0,0,123.57,,
59427,USG-2,0,0,0,134.21,,
59428,DIN-KIT-2,0,0,0,13.06,,
59432,TKA01,3,3,0,6.9,,
59433,TKA02,4,4,0,5.03,,
59446,MRWT40,12,6,6,79.55,,
59454,MRGB65S,4,4,0,65.34,,
59455,SET0151,0,0,0,49.83,,
59476,L004CL0015ACJ,0,0,0,2107.59,,
59478,L006CL0015ACJ,0,0,0,6521.74,,
59479,L004CL0015ACI,0,0,0,2707.96,,
59480,L006CL0015ACI,0,0,0,2807.81,,
59481,P7904300AJ,1,1,0,34.53,,
59485,320899,6,4,2,84.23,,
59486,MI-1050-ORS,0,0,0,68.61,,
59488,CA-0172-MO,0,0,0,155.68,,
59489,CA-0175-MO,3,2,1,255.79,,
59491,03-1226-23S,8,4,4,16.05,,
59492,03-1226-23G,0,0,0,16.05,,
59495,AL 01706,10,3,7,10.5,17.95,
59496,AL 01710,3,2,1,49.74,69.95,
59497,CR 01606,25,11,14,10.5,17.95,
59498,CR 01610,3,1,2,49.74,69.95,
59501,14190-7,13,6,7,24.25,,
59502,14191-7,4,2,2,29.55,,
59513,308-0163-25,0,0,0,60.72,,
59514,308-0163-50,0,0,0,93.1,,
59515,308-0163-75,0,0,0,114.79,,
59516,308-0163-100,0,0,0,161.92,,
59517,308-0164-25,0,0,0,68.82,,
59518,308-0164-50,0,0,0,85.01,,
59519,308-0164-75,0,0,0,117.4,,
59520,308-0164-100,0,0,0,125.49,,
59521,4115028,15,8,7,20.95,,
59522,4113315,1,0,1,15.39,,
59523,4113746,5,3,2,157.88,,
59526,308-0251-30-00,0,0,0,87.49,,
59527,308-0252-30-00,0,0,0,87.49,,
59528,308-0253-30-00,0,0,0,335.1,,
59529,308-0254-30-00,0,0,0,335.1,,
59551,F31-2200BXY-4A,0,0,0,53.65,,
59552,F31-2230BXY-4A,0,0,0,68.56,,
59556,HRMK2103,0,0,0,245.69,,
59557,10-24664-09,3,3,0,243.1,,
59568,BE2002,5,2,3,81.4,,
59570,SI8284,4,2,2,248.02,,
59571,SI8484,1,0,1,286.84,,
59572,E70321,0,0,0,999.92,,
59593,CMP31B,5,3,2,99.99,,
59594,CMP31W,4,1,3,99.99,,
59596,6830,3,1,2,145.83,,
59597,6400-R,5,3,2,260.35,,
59598,6832,0,0,0,404.17,,
59631,010-01512-00,2,0,2,7799.99,,
59668,010-11533-10,0,0,0,41.24,,
59683,250140101,13,7,6,161.25,,
59698,65109,0,0,0,86.24,,
59699,010-01966-00,9,6,3,472.49,,
59700,GP1800,0,0,0,298.17,,
59701,GP1900-01,0,0,0,319.99,,
59702,GP2040-22,0,0,0,334.53,,
59703,GP2040-21,0,0,0,334.53,,
59715,010-01960-00,3,3,0,74.99,,
59716,010-01960-01,12,5,7,74.99,,
59743,DT820BV-235-N2,2,1,1,408.64,,
59744,DT812BV-235-N2,0,0,0,408.64,,
59747,0443004PLB,0,0,0,195.84,,
59748,0443005PLB,0,0,0,219.46,,
59749,0443006PLB,0,0,0,292.99,,
59763,111801,0,0,0,174.71,,
59764,111800,3,0,3,163.43,,
59765,111803,0,0,0,186.35,,
59766,111802,7,1,6,161.9,,
59767,112203,9,0,9,24.74,,
59768,112204,0,0,0,24.74,,
59769,112205,0,0,0,25.22,,
59770,101227,8,4,4,26.57,,
59771,112223,22,10,12,24.74,,
59772,112224,24,10,14,24.74,,
59773,112225,9,2,7,24.96,,
59774,101228,14,8,6,24.96,,
59775,101049,8,3,5,19.1,,
59776,101050,12,6,6,19.1,,
59777,101051,0,0,0,19.01,,
59778,101225,0,0,0,20.33,,
59779,101052,0,0,0,19.1,,
59780,101053,12,6,6,19.1,,
59781,101054,0,0,0,20.51,,
59782,101226,0,0,0,18.91,,
59786,199276,0,0,0,1.29,,
59787,199277,0,0,0,2.71,,
59788,199280,0,0,0,1.7,,
59789,199281,0,0,0,4.08,,
59790,199284,0,0,0,2.03,,
59791,199285,0,0,0,5.09,,
59792,199274,0,0,0,1.29,,
59793,199275,0,0,0,2.71,,
59794,199278,0,0,0,1.7,,
59795,199279,0,0,0,4.08,,
59796,199282,0,0,0,2.03,,
59797,199283,0,0,0,5.09,,
59808,R70375,6,4,2,33.32,,
59812,IRHT-01,0,0,0,225.6,,
59815,TFTDBE-5H,5,3,2,60.8,,
59822,2073-F,2,2,0,106.88,,
59823,2074-F,0,0,0,126.37,,
59824,2075-F,3,2,1,147.44,,
59835,261-2319-00,0,0,0,55.39,,
59839,OC17SUK42,21,13,8,174.3,,
59852,B164-0-BL,0,0,0,925.96,1275.0,
59857,USB-62C,1,0,1,29.24,,
59858,MC70BK,3,1,2,22.6,,
59859,RA5001BK,1,0,1,102.56,,
59860,RA5001WH,0,0,0,102.56,,
59866,SC-USB-01,16,13,3,24.19,,
59867,RA5002BK,2,0,2,102.56,,
59868,RA5002WH,0,0,0,102.56,,
59869,RA5003BK,4,4,0,102.56,,
59870,RA5003WH,0,0,0,102.56,,
59876,18673-0001-P,0,0,0,39.64,,
59877,HYDBOLTCON,10,4,6,257.84,,
59878,3962.1,174,114,60,16.4,,
59879,3963.1,141,92,49,11.94,,
59880,3964.1,239,126,113,19.03,,
59881,3965.1,179,79,100,13.89,,
59882,ANGLE FINDER,4,2,2,13.44,,
59884,010-01966-11,1,0,1,1274.99,,
59885,27626,29,17,12,78.82,114.99,
59886,27646,34,16,18,132.63,,
59889,010-01961-00,4,2,2,157.49,,
59890,010-01961-10,0,0,0,551.24,,
59891,010-01961-11,0,0,0,1049.99,,
59896,BP4772,18,6,12,133.12,,
59898,BP4774,4,2,2,137.86,,
59921,242243,9,1,8,17.36,,
59922,252243,11,4,7,2.03,,
59923,242264,5,2,3,30.22,,
59924,252264,0,0,0,3.22,,
59925,242294,9,4,5,42.79,,
59926,5557-P12A7,8,4,4,36.05,,
59927,119005,0,0,0,308.77,,
59928,14192-7,6,4,2,32.24,,
59929,14193-7,1,1,0,43.15,,
59930,14194-7,6,4,2,27.33,,
59931,14195-7,3,3,0,41.11,,
59932,12048-4,7,5,2,10.58,,
59933,12049-4,0,0,0,18.79,,
59934,9097-5,23,9,14,8.18,,
59935,9098-5,43,18,25,8.34,,
59936,11930-4,5,2,3,49.4,,
59939,58040-3012,8,1,7,830.11,,
59940,58040-3024,1,0,1,913.12,,
59944,58240-3012,1,0,1,913.12,,
59946,58240-3024,0,0,0,913.12,,
59947,SVC-KIT-DBL,0,0,0,137.22,,
59950,010-01966-10,5,3,2,712.49,,
59954,DS0005,21,10,11,100.36,,
59957,010-12152-10,0,0,0,17.24,,
59961,RA5004BK,2,0,2,102.56,,
59962,RA5004WH,4,4,0,102.56,,
59966,341010,13,9,4,5.13,,
59968,343010,0,0,0,5.13,,
59971,346010,9,0,9,5.13,,
59972,347010,7,0,7,5.13,,
59974,331066,32,12,20,3.47,,
59979,336066,27,7,20,3.47,,
59980,337066,30,18,12,3.47,,
59982,339066,34,12,22,2.33,,
59999,703005,7,3,4,18.21,,
60000,703006,6,3,3,76.37,,
60001,703040,6,5,1,192.63,,
60002,703050,5,4,1,131.0,,
60003,703060,3,2,1,46.14,,
60005,702027,6,3,3,26.94,,
60006,702030,5,2,3,36.21,,
60007,230612,18,10,8,1.8,,
60008,210612,5,2,3,10.6,,
60009,220612,25,2,23,21.69,,
60010,RA5005BK,6,2,4,102.56,,
60011,RA5005WH,6,2,4,102.56,,
60012,RA5201BK,4,2,2,102.56,,
60013,RA5201WH,0,0,0,102.56,,
60014,S15-504,2,2,0,40.81,,
60015,RA5202BK,2,2,0,102.56,,
60016,RA5202WH,3,1,2,102.56,,
60017,199264,4,0,4,25.13,,
60018,RA5203BK,0,0,0,102.56,,
60019,199265,4,4,0,37.69,,
60020,199266,0,0,0,44.14,,
60021,RA5203WH,0,0,0,102.56,,
60022,199267,0,0,0,25.13,,
60023,199268,0,0,0,40.26,,
60024,199269,0,0,0,47.16,,
60025,150BBIW,23,8,15,16.87,,
60031,700,8,6,2,26.6,,
60032,701,33,22,11,22.91,,
60033,721,9,2,7,49.25,,
60034,720,13,9,4,65.07,,
60035,IST-10MM-1S,2,2,0,10.73,,
60036,702-2S,5,5,0,31.96,,
60039,301103,0,0,0,1.49,,
60040,301106,0,0,0,7.98,,
60041,301124,3,3,0,14.21,,
60042,301148,5,5,0,5.02,,
60043,302103,4,4,0,1.76,,
60044,302106,4,2,2,9.77,,
60045,302124,0,0,0,17.16,,
60046,302148,6,4,2,5.91,,
60047,303103,16,12,4,2.06,,
60048,303106,10,6,4,12.15,,
60049,303124,7,3,4,21.58,,
60050,303148,98,7,91,7.41,,
60051,303603,8,8,0,2.28,,
60052,303606,4,1,3,11.62,,
60053,303624,7,3,4,20.44,,
60054,303648,3,2,1,7.37,,
60055,304103,10,5,5,2.38,,
60056,304106,10,5,5,6.81,,
60057,304124,5,3,2,12.15,,
60058,304148,13,3,10,8.28,,
60059,304602,0,0,0,1.76,,
60060,304603,7,4,3,2.38,,
60061,304606,7,1,6,6.81,,
60062,304624,4,3,1,12.15,,
60063,304648,5,4,1,8.28,,
60065,305103,13,6,7,2.67,,
60066,305106,12,4,8,7.98,,
60067,305124,13,10,3,14.21,,
60068,305148,106,8,98,9.77,,
60069,305602,9,6,3,2.53,,
60070,305603,10,4,6,2.66,,
60071,305624,10,2,8,14.21,,
60072,305648,105,9,96,9.77,,
60073,306103,5,2,3,4.16,,
60074,306106,6,3,3,10.09,,
60075,306124,13,9,4,18.06,,
60076,306148,109,7,102,15.38,,
60078,306602,8,4,4,2.95,,
60079,306603,5,1,4,4.16,,
60080,306606,5,2,3,10.09,,
60081,306624,14,9,5,18.06,,
60082,306648,13,3,10,15.38,,
60083,306924,4,3,1,17.1,,
60084,307103,9,3,6,5.34,,
60085,307106,0,0,0,8.97,,
60086,307124,6,3,3,17.16,,
60087,307148,9,8,1,19.51,,
60088,307624,6,4,2,16.26,,
60089,307648,6,4,2,19.74,,
60090,307906,0,0,0,9.05,,
60216,44412-1045,16,13,3,39.4,,
60219,44412-2045,15,13,2,51.23,,
60248,180003,19,5,14,5.23,,
60249,100010,7,3,4,10.45,,
60250,100025,9,6,3,23.56,,
60251,100050,0,0,0,41.06,,
60252,100099,0,0,0,76.61,,
60253,180103,7,5,2,5.23,,
60254,100110,6,2,4,10.45,,
60255,100125,0,0,0,23.56,,
60256,100150,5,2,3,41.06,,
60257,100199,0,0,0,76.61,,
60258,180203,0,0,0,5.23,,
60259,100210,0,0,0,10.45,,
60260,100225,0,0,0,23.56,,
60261,100250A,3,3,0,41.06,,
60262,100299,0,0,0,76.61,,
60263,180303,4,2,2,5.23,,
60264,100310,5,3,2,10.45,,
60265,100325,0,0,0,23.56,,
60266,100350,6,4,2,41.06,,
60267,100399,0,0,0,76.61,,
60268,180403,4,3,1,5.23,,
60269,100410,0,0,0,10.45,,
60270,100425,0,0,0,23.56,,
60271,100450,0,0,0,41.06,,
60272,100499,0,0,0,76.61,,
60273,180503,0,0,0,5.23,,
60274,100510,5,2,3,10.45,,
60275,100525,0,0,0,23.56,,
60276,100550,4,4,0,41.06,,
60277,100599,0,0,0,76.61,,
60278,180603,8,5,3,5.23,,
60313,SP-400-RB,12,10,2,36.49,,
60321,100610,3,1,2,10.45,,
60322,100625,0,0,0,23.56,,
60323,100650,0,0,0,41.06,,
60324,100699,0,0,0,76.61,,
60325,180703,3,3,0,5.23,,
60326,100710,3,1,2,10.45,,
60327,100725,0,0,0,23.56,,
60328,100750,0,0,0,41.06,,
60329,100799,0,0,0,76.61,,
60330,180803,6,6,0,5.23,,
60331,100810,9,2,7,10.45,,
60332,100825,8,6,2,23.56,,
60333,100850,0,0,0,41.06,,
60334,100899,0,0,0,76.61,,
60335,180903,3,2,1,5.23,,
60336,100910,7,6,1,10.45,,
60337,100925,0,0,0,23.56,,
60338,100950,0,0,0,41.06,,
60339,100999,0,0,0,76.61,,
60340,181003,3,2,1,5.23,,
60341,101010,7,4,3,10.45,,
60342,101025,0,0,0,23.56,,
60343,101050,0,0,0,41.06,,
60344,101099,0,0,0,76.61,,
60345,101910,7,3,4,11.87,,
60346,101925,0,0,0,28.57,,
60347,101950,0,0,0,52.85,,
60348,182003,14,9,5,5.07,,
60349,102025,6,3,3,28.57,,
60350,102050,0,0,0,52.85,,
60351,102099,0,0,0,87.55,,
60352,182103,7,4,3,5.07,,
60353,102110,13,3,10,11.87,,
60354,102125,2,1,1,28.57,,
60355,102150,0,0,0,52.85,,
60356,102199,0,0,0,87.55,,
60357,182203,8,6,2,5.07,,
60358,102210,1,1,0,11.87,,
60359,102225,0,0,0,28.57,,
60360,102250,0,0,0,52.85,,
60361,102299,0,0,0,87.55,,
60362,182303,4,2,2,5.07,,
60363,102310,7,4,3,11.87,,
60364,102325AA,0,0,0,28.57,,
60365,102350,0,0,0,52.85,,
60366,102399,0,0,0,87.55,,
60367,182403,3,0,3,5.07,,
60368,102425,0,0,0,28.57,,
60369,102450,0,0,0,52.85,,
60370,102499,0,0,0,87.55,,
60371,94-181-04,7,3,4,9.71,,
60376,AK1557,9,5,4,26.64,,
60378,100400-200-004-16,15,15,0,62.86,,
60405,010-11413-10,0,0,0,78.75,,
60409,182503,5,2,3,5.07,,
60410,102510,5,2,3,11.87,,
60411,102525,0,0,0,28.57,,
60412,102550,3,1,2,52.85,,
60413,102599,2,0,2,87.55,,
60414,182603,6,3,3,5.07,,
60415,102610,8,3,5,11.87,,
60416,102625,0,0,0,28.57,,
60417,102650,0,0,0,52.85,,
60418,182703,4,2,2,5.07,,
60419,102710,4,2,2,11.87,,
60420,102725,0,0,0,28.57,,
60421,102750,0,0,0,52.85,,
60422,102799,0,0,0,87.55,,
60423,182803,10,5,5,5.07,,
60424,102825,10,7,3,28.57,,
60425,102850,1,0,1,52.85,,
60426,102899,0,0,0,87.55,,
60427,182903,3,1,2,5.07,,
60428,102910,3,3,0,11.87,,
60429,102925,2,0,2,28.57,,
60430,102950,0,0,0,52.85,,
60431,102999,0,0,0,87.55,,
60432,183003,6,4,2,5.07,,
60433,103025,0,0,0,28.57,,
60434,103050,0,0,0,52.85,,
60435,103099,0,0,0,87.55,,
60477,121910,10,2,8,24.88,,
60478,121925,7,2,5,58.17,,
60479,121950,5,2,3,110.1,,
60481,121725,10,2,8,74.24,,
60482,121750,5,2,3,140.89,,
60484,121799,2,1,1,276.39,,
60486,121510,10,6,4,39.8,,
60487,121525,11,8,3,95.52,,
60488,121550,3,3,0,182.77,,
60489,121599,0,0,0,359.7,,
60491,121310,0,0,0,56.82,,
60492,121325,5,4,1,138.02,,
60493,121350,5,1,4,265.74,,
60494,121125,7,4,3,198.71,,
60496,121140,7,4,3,316.94,,
60497,121180,0,0,0,685.09,,
60498,120905,10,7,3,72.07,,
60499,120925,2,2,0,338.2,,
60500,120705,8,6,2,124.41,,
60521,FVSLTB152700A00,0,0,0,42.84,,
60526,189130,0,0,0,12.34,,
60527,189131,3,2,1,12.34,,
60528,189134,0,0,0,15.5,,
60529,189135,0,0,0,15.5,,
60530,189136,0,0,0,18.88,,
60531,189137,2,2,0,18.88,,
60532,189140,4,1,3,15.11,,
60533,189141,3,0,3,15.11,,
60534,189144,2,0,2,19.22,,
60535,189145,2,0,2,19.22,,
60536,189146,0,0,0,24.21,,
60537,189147,0,0,0,24.21,,
60542,121710,13,7,6,31.32,,
60557,TZ-114,0,0,0,823.53,1000.0,
60565,001-409-510-00,0,0,0,177.27,,
60571,COK-0001B-2,3,2,1,16.17,,
60572,COK-0001T-2,6,3,3,24.63,,
60573,COK-0004G-2,2,1,1,7.03,,
60575,COK-0017-2,18,10,8,4.58,,
60576,COK-0018-2,4,2,2,12.25,,
60577,COK-0020-2,8,2,6,26.03,,
60578,COK-0022-2,7,1,6,27.33,,
60579,COK-0021-2,4,1,3,19.4,,
60580,COK-0043-1,0,0,0,91.23,,
60581,F16-1200-2,3,3,0,8.58,,
60582,RK-0002MP,7,2,5,148.4,,
60583,RK-0003MP,1,1,0,323.83,,
60584,RK-0003PB,3,2,1,329.65,,
60585,119250,0,0,0,175.87,,
60587,010-04284-00,0,0,0,157.49,,
60588,010-04283-00,0,0,0,119.99,,
60589,1175-BUCKET,0,0,0,186.73,,
60600,CA-0025-TG,0,0,0,121.98,,
60608,6303-0001-P,9,9,0,23.95,,
60614,010-12466-01,7,1,6,11.29,,
60625,FVSGANBTQ110A00,0,0,0,29.04,,
60629,FVSGEL110000A00,0,0,0,34.99,,
60630,FVSGEL125000A00,0,0,0,34.99,,
60634,S-3514,0,0,0,55.58,,
60635,S-3515,0,0,0,70.21,,
60636,S-3516,2,2,0,31.68,,
60637,S-3517,0,0,0,47.7,,
60638,6844C,5,2,3,28.83,,
60639,6846C,2,2,0,43.59,,
60641,S-5085P,0,0,0,6.11,,
60642,S-5086P,4,2,2,6.11,,
60649,A80275,1,1,0,99.99,,
60650,A80274,1,0,1,70.82,,
60651,A80310,0,0,0,166.66,,
60652,B4-619W2,0,0,0,5746.07,,
60654,210,0,0,0,6.04,,8.98
60655,270,26,19,7,4.89,,6.98
60656,272,13,2,11,8.36,,10.98
60657,274,6,4,2,6.5,,8.98
60658,276,9,6,3,8.07,,10.98
60659,278,0,0,0,4.23,,5.98
60661,281,0,0,0,11.06,,14.98
60662,282,19,7,12,3.59,,4.98
60663,284,9,9,0,7.79,,10.98
60664,285,8,0,8,22.67,,29.98
60665,288,20,9,11,9.29,,12.98
60666,293,0,0,0,15.49,,21.98
60667,294,0,0,0,28.51,,41.38
60671,10423,8,4,4,19.99,,
60716,6007,0,0,0,1207.13,,
60720,GPA021S,1,0,1,400.0,,
60721,ASK904B.64,14,6,8,165.97,,
60722,35AC,5,0,5,2.08,,
60723,MUSB35,21,21,0,12.67,,
60724,124925,7,5,2,60.39,,
60725,124950,0,0,0,109.37,,
60726,124999,0,0,0,213.05,,
60727,124725,4,4,0,74.24,,
60728,124799,0,0,0,276.4,,
60729,124502,6,4,2,16.9,,
60730,124525,6,6,0,95.67,,
60731,124550,3,0,3,182.77,,
60732,124599,1,0,1,358.11,,
60733,124325,4,3,1,137.27,,
60734,124350,0,0,0,264.21,,
60735,124102,8,4,4,25.1,,
60736,124125,5,3,2,207.5,,
60737,124140,3,3,0,316.94,,
60738,124180,0,0,0,685.09,,
60739,123905,2,2,0,72.07,,
60740,123910,8,8,0,139.76,,
60741,123950,0,0,0,700.43,,
60742,123705,10,3,7,109.45,,
60743,123710,1,0,1,212.84,,
60744,126710,0,0,0,56.7,,
60745,126725,0,0,0,113.87,,
60746,126750,1,0,1,224.78,,
60747,126510,3,1,2,79.57,,
60748,126525,0,0,0,155.93,,
60749,126550,0,0,0,305.16,,
60750,126310,0,0,0,110.6,,
60751,126325,1,1,0,218.71,,
60752,126350,0,0,0,432.04,,
60753,154010,3,2,1,70.6,,
60754,154030,3,2,1,155.46,,
60755,154510,4,2,2,53.61,,
60756,154525,0,0,0,125.71,,
60757,153110,7,3,4,30.44,,
60758,153125,4,2,2,64.07,,
60759,153150,0,0,0,125.22,,
60760,141410,4,2,2,127.79,,
60761,141425,0,0,0,286.79,,
60762,153010,10,8,2,30.55,,
60763,153050,0,0,0,132.84,,
60777,260-11795,0,0,0,38.05,,
60778,260-11796,2,2,0,38.05,,
60785,350-11800,3,2,1,16.19,,
60788,310-11801,5,2,3,16.19,,
60791,301-11802,6,2,4,16.19,,
60792,382-11803,0,0,0,16.19,,
60794,382-11804,0,0,0,16.19,,
60795,332-11805,0,0,0,16.19,,
60809,184203,4,2,2,5.51,,
60810,104225,0,0,0,39.6,,
60811,104250,0,0,0,71.2,,
60812,104299,0,0,0,138.41,,
60813,184303,6,4,2,5.51,,
60814,104325,0,0,0,39.6,,
60815,104350,0,0,0,71.2,,
60816,104399,0,0,0,138.41,,
60817,184403,1,1,0,5.51,,
60818,104410,7,3,4,17.06,,
60819,104425,0,0,0,39.6,,
60820,104450,0,0,0,71.2,,
60821,104499,0,0,0,138.41,,
60822,184503,5,2,3,5.51,,
60823,104525,6,2,4,39.6,,
60824,104550,0,0,0,71.2,,
60825,104599,0,0,0,138.41,,
60826,184603,11,3,8,5.51,,
60827,104625,0,0,0,39.6,,
60828,104650,0,0,0,71.2,,
60829,184703,43,41,2,5.51,,
60830,104725,5,2,3,37.76,,
60831,104750,0,0,0,71.2,,
60832,184803,6,6,0,5.51,,
60833,104825,20,5,15,39.6,,
60834,104850,9,2,7,71.2,,
60835,104899,0,0,0,138.41,,
60836,184903,1,1,0,5.51,,
60837,104910,12,6,6,17.06,,
60838,104925,6,3,3,39.6,,
60839,104950,0,0,0,71.2,,
60840,104999,0,0,0,138.41,,
60841,185003,5,3,2,5.51,,
60842,105025,2,0,2,39.6,,
60843,105050,0,0,0,71.2,,
60844,105099,0,0,0,138.41,,
60845,186003,0,0,0,5.39,,
60846,106002,11,8,3,9.85,,
60847,106025,3,3,0,58.05,,
60848,106040,4,2,2,85.4,,
60849,106102,7,2,5,9.85,,
60850,106110,8,4,4,22.93,,
60851,106125,0,0,0,58.05,,
60852,106140,2,0,2,85.4,,
60853,106199,0,0,0,204.68,,
60854,106202,0,0,0,9.85,,
60855,106210,5,2,3,22.93,,
60856,106225,0,0,0,58.05,,
60857,106240,0,0,0,85.4,,
60858,106299,0,0,0,204.68,,
60859,106302,6,2,4,9.85,,
60860,106325,0,0,0,58.05,,
60861,106340,0,0,0,85.4,,
60862,106399,0,0,0,204.68,,
60863,106499,0,0,0,204.68,,
60864,106502,0,0,0,9.85,,
60865,106510,3,2,1,22.93,,
60866,106525,0,0,0,58.05,,
60867,106540,0,0,0,85.4,,
60868,106599,0,0,0,204.68,,
60869,106602,0,0,0,9.85,,
60870,106610,0,0,0,22.93,,
60871,106625,0,0,0,58.05,,
60872,106640,0,0,0,85.4,,
60873,106702,3,2,1,9.85,,
60874,106710,0,0,0,22.93,,
60875,106725,0,0,0,58.05,,
60876,106740,0,0,0,85.4,,
60877,186803,7,5,2,5.39,,
60878,106802,7,2,5,9.85,,
60879,106825,7,4,3,58.05,,
60880,106840,0,0,0,85.4,,
60881,106899,0,0,0,204.68,,
60882,P10068,4,4,0,227.33,,
60883,188003,0,0,0,5.39,,
60884,108002,12,6,6,15.4,,
60885,108025,5,5,0,86.16,,
60886,108050,2,2,0,166.65,,
60887,108099,0,0,0,306.18,,
60888,108102,0,0,0,15.4,,
60889,108110,0,0,0,35.17,,
60890,108125,0,0,0,86.16,,
60891,108150,0,0,0,166.65,,
60893,108199,0,0,0,306.18,,
60894,108202,0,0,0,15.4,,
60895,108210,5,2,3,35.17,,
60896,108225,0,0,0,86.16,,
60897,108250,0,0,0,166.65,,
60898,108299,0,0,0,306.18,,
60899,108302,7,3,4,15.4,,
60900,108325,0,0,0,86.16,,
60901,108350,0,0,0,166.65,,
60902,108399,0,0,0,306.18,,
60903,108502,0,0,0,15.4,,
60904,108510,0,0,0,35.17,,
60905,108525,0,0,0,86.16,,
60906,108550,0,0,0,166.65,,
60907,108599,0,0,0,306.18,,
60908,188803,0,0,0,5.39,,
60909,108802,14,6,8,15.4,,
60910,108825,12,11,1,86.16,,
60911,108850,4,3,1,166.65,,
60912,108899,0,0,0,306.18,,
60913,108902,6,3,3,15.4,,
60914,PSW5,0,0,0,16.0,,
60915,108925,0,0,0,86.16,,
60916,108950,0,0,0,166.65,,
60917,108999,0,0,0,306.18,,
60918,109002,6,3,3,15.4,,
60919,109010,3,2,1,35.17,,
60920,109025,0,0,0,86.16,,
60921,109050,0,0,0,166.65,,
60922,109099,0,0,0,306.18,,
60923,109302,13,3,10,15.4,,
60924,109310,2,0,2,35.17,,
60925,109325,0,0,0,86.16,,
60926,109350,0,0,0,166.65,,
60927,109399,0,0,0,306.18,,
60928,3764.1,134,64,70,14.72,,
60980,MC0075-3130,3,3,0,57.37,,
60981,MC0075-1132,0,0,0,57.37,,
60984,S8101512,2,1,1,47.08,,
60985,010-11969-00,1,1,0,27.99,,
60987,WFPC-6,0,0,0,14.2,,
60988,WFPC-6.5,0,0,0,14.2,,
60989,WFPC-7,0,0,0,16.03,,
60990,WFPC-7.5,0,0,0,16.03,,
60991,WFPC-8,0,0,0,16.79,,
60992,WFPC-8.5,0,0,0,16.79,,
60993,WFPC-9,0,0,0,18.71,,
60994,WFPC-9.5,0,0,0,18.71,,
60995,WFPC-10,0,0,0,23.53,,
60996,WFPC-10.5,0,0,0,23.53,,
60997,WFPC-11,0,0,0,24.61,,
60998,WFPC-11.5,0,0,0,25.68,,
60999,WFPC-12,0,0,0,26.22,,
61000,WFPC-12.5,0,0,0,27.29,,
61001,WFPC-13,0,0,0,28.37,,
61002,WFPC-13.5,0,0,0,29.45,,
61003,WFPC-14,0,0,0,31.59,,
61004,WFPC-14.5,0,0,0,31.59,,
61005,WFPC-15,0,0,0,33.71,,
61006,WFPC-15.5,0,0,0,33.71,,
61014,142012304,0,0,0,36.65,,
61038,2020,3,3,0,13.04,,
61039,326103,6,4,2,4.43,,
61040,326106,1,0,1,7.65,,
61041,326124,0,0,0,14.64,,
61042,326148,5,1,4,16.14,,
61043,326202,8,5,3,3.28,,
61044,326603,6,4,2,4.47,,
61045,326606,0,0,0,7.65,,
61046,326624,2,0,2,14.64,,
61047,326648,5,2,3,16.14,,
61048,327124,9,3,6,11.94,,
61049,327148,9,6,3,19.51,,
61050,327202,0,0,0,4.17,,
61051,327606,0,0,0,6.59,,
61052,327624,3,1,2,11.94,,
61053,327648,7,5,2,19.51,,
61054,316825,2,0,2,34.47,,
61055,316925,2,1,1,21.62,,
61056,317825,8,3,5,36.34,,
61057,317925,7,5,2,21.62,,
61058,320825,1,1,0,41.59,,
61059,320925,5,3,2,24.57,,
61060,320999,4,1,3,49.13,,
61061,7928,1,1,0,10.8,,
61062,7929,40,8,32,8.13,,
61063,7930,5,5,0,8.13,,
61064,7931,15,8,7,10.24,,
61065,7932,17,9,8,10.24,,
61066,7933,13,6,7,10.24,,
61067,7934,8,3,5,10.0,,
61068,7935,8,4,4,10.0,,
61069,7936,11,7,4,13.59,,
61070,7937,4,2,2,13.59,,
61071,7938,4,3,1,13.59,,
61072,7939,9,4,5,13.59,,
61194,E70342,1,1,0,70.82,,
61195,E70339,0,0,0,158.32,,
61196,E70340,0,0,0,258.32,,
61197,E70341,3,1,2,258.32,,
61229,FLKMT0000000A00,2,2,0,135.76,,
61231,30266-001,0,0,0,274.78,,
61232,30267-001D,0,0,0,21.99,,
61233,30268-001D,0,0,0,14.14,,
61234,30268-002D,0,0,0,14.14,,
61235,30281-001D,0,0,0,45.54,,
61245,300-036,2,0,2,1356.87,,1696.08
61246,400-404,0,0,0,41.51,,51.89
61252,62-541-MARINE,22,0,22,52.44,,
61254,62-541-MARINE-RLY-NC,18,10,8,52.44,,
61257,62-542-MARINE,12,9,3,52.44,,
61258,62-542-MARINE-RLY-NC,7,7,0,52.44,,
61267,SA-1000XL,13,10,3,36.19,,
61268,SA-6200,21,14,7,19.23,,
61270,010-C1134-00,0,0,0,84.99,,
61271,010-C1130-00,0,0,0,84.99,,
61273,010-C1131-00,0,0,0,84.99,,
61274,010-C1133-00,0,0,0,84.99,,
61317,F16-0006L,13,9,4,85.03,,
61318,F16-0005A,12,6,6,141.31,,
61322,P1120Z-41HAE,0,0,0,102.44,,
61323,A3120Z-41HAE,1,0,1,89.63,,
61325,SEMF06,5,5,0,42.0,,
61335,F16-0800-1,0,0,0,271.08,,
61336,F31-0780BXY-1,4,2,2,290.92,,
61337,F31-0781BXY-1,3,0,3,290.92,,
61338,BFPC-10.5,0,0,0,23.53,,
61339,BFPC-11.5,0,0,0,25.68,,
61345,001-248-170-00,0,0,0,340.91,,
61346,52520-1000,7,6,1,513.47,,
61374,MM3-VNA-027,0,0,0,227.27,,
61378,001-341-820-00,0,0,0,386.36,,
61407,111002,16,7,9,22.01,,
61408,111005,7,5,2,39.26,,
61409,111025,0,0,0,145.9,,
61410,111050,0,0,0,297.13,,
61411,111099,0,0,0,554.57,,
61412,111302,7,4,3,22.01,,
61413,111305,7,5,2,39.26,,
61414,111325,6,2,4,145.9,,
61415,111350,1,1,0,286.16,,
61416,111399,0,0,0,554.57,,
61417,111505,5,1,4,39.26,,
61418,111525,7,3,4,145.9,,
61419,111550,0,0,0,286.16,,
61420,111702,0,0,0,22.01,,
61421,111705,0,0,0,39.26,,
61422,111710,1,1,0,59.3,,
61423,111725,0,0,0,145.9,,
61424,111750,0,0,0,286.16,,
61425,111799,0,0,0,554.57,,
61427,111905,1,0,1,39.26,,
61428,111925,2,1,1,145.9,,
61429,111950,0,0,0,286.16,,
61430,111999,0,0,0,554.57,,
61431,112005,18,8,10,52.85,,
61432,112025,0,0,0,229.79,,
61433,112050,0,0,0,446.37,,
61434,112075,0,0,0,717.53,,
61435,112305,4,2,2,52.85,,
61436,112325,4,4,0,229.79,,
61437,112350,0,0,0,446.37,,
61438,112375,0,0,0,656.28,,
61439,112505,0,0,0,52.85,,
61440,112525,0,0,0,229.79,,
61441,112550,0,0,0,446.37,,
61442,112575,0,0,0,717.53,,
61443,112702,3,1,2,27.23,,
61444,112705,0,0,0,52.85,,
61445,112710,4,2,2,95.4,,
61446,112725,0,0,0,229.79,,
61447,112750,0,0,0,446.37,,
61448,112775,0,0,0,656.28,,
61449,112902,5,3,2,27.23,,
61450,112905,0,0,0,52.85,,
61451,112910,2,1,1,95.4,,
61452,112925,0,0,0,229.79,,
61453,112950,0,0,0,446.37,,
61454,112975,0,0,0,656.28,,
61456,GSE-1939BSA30-C,0,0,0,325.1,,
61468,WB 201-50,8,1,7,25.26,37.95,
61469,SM 10250-50,10,1,9,24.97,34.95,
61472,R109C-LH,0,0,0,3058.82,,
61476,S72-0632,0,0,0,458.06,,
61487,BFPC-6,0,0,0,14.2,,
61488,BFPC-6.5,0,0,0,14.2,,
61489,BFPC-7,0,0,0,16.03,,
61490,BFPC-7.5,0,0,0,16.03,,
61491,BFPC-8,0,0,0,16.79,,
61492,BFPC-8.5,0,0,0,16.79,,
61493,BFPC-9,0,0,0,18.71,,
61494,BFPC-9.5,0,0,0,18.71,,
61495,BFPC-10,0,0,0,23.53,,
61496,BFPC-11,0,0,0,24.61,,
61497,BFPC-12,0,0,0,26.22,,
61498,BFPC-12.5,0,0,0,27.29,,
61499,BFPC-13,0,0,0,28.37,,
61500,BFPC-13.5,0,0,0,29.45,,
61501,BFPC-14,0,0,0,31.59,,
61502,BFPC-14.5,0,0,0,31.59,,
61503,BFPC-15,0,0,0,33.71,,
61504,BFPC-15.5,0,0,0,33.71,,
61507,210613,27,8,19,5.38,,
61513,010-01504-00,0,0,0,127.99,,
61518,1160-F,5,3,2,74.13,,
61519,73-106-F,19,19,0,14.24,,
61520,96-306-F,5,5,0,29.45,,
61537,360-406,23,2,21,40.97,,
61538,323-479,8,3,5,25.77,,
61541,360-430,15,5,10,38.31,,
61543,010-11351-40,0,0,0,33.74,,
61544,323-478,4,4,0,28.8,,
61546,360-003,7,5,2,35.21,,
61547,MM3-FNA-022,0,0,0,90.91,,
61564,58356,15,11,4,41.8,,
61565,58358,9,2,7,40.97,,
61567,PB 101-50,0,0,0,24.12,34.95,
61574,MM3-VNA-022,0,0,0,227.27,,
61575,R70257,14,0,14,21.3,,
61580,11865-4,12,8,4,21.42,,
61582,11830-2,11,8,3,10.74,,
61585,385320007,5,3,2,21.25,,
61586,30140-001D,0,0,0,14.31,,
61588,113550,0,0,0,691.16,,
61589,114540,0,0,0,824.99,,
61592,360-410,4,4,0,38.21,,
61593,360-801,4,4,0,35.59,,
61598,340-020,3,2,1,46.64,,
61605,230-604,3,1,2,19.53,,
61606,230-404,0,0,0,16.72,,
61607,230-515,7,6,1,16.72,,
61608,230-504,9,3,6,16.72,,
61609,600-802,11,8,3,5.14,,
61613,226-001,0,0,0,31.4,,
61614,226-007,6,3,3,31.89,,
61615,226-163,0,0,0,35.84,,
61616,226-162,2,0,2,36.25,,
61621,CBL-10M-IRID,0,0,0,194.44,,
61622,CBL-15M-IRID,3,3,0,219.99,,
61623,CBL-20M-IRID,1,1,0,275.0,,
61641,226-615,4,3,1,33.25,,
61642,226-618,2,1,1,33.25,,
61644,226-620,3,1,2,33.25,,
61645,226-623,1,1,0,33.25,,
61646,226-625,3,3,0,35.39,,
61647,226-627,2,1,1,35.39,,
61648,226-630,5,2,3,38.28,,
61649,226-633,2,2,0,38.28,,
61650,226-635,3,1,2,41.51,,
61651,226-640,4,1,3,44.15,,
61652,226-645,0,0,0,46.63,,
61653,226-660,4,2,2,53.73,,
61654,226-666,2,0,2,62.64,,
61655,226-680,4,4,0,64.59,,
61656,226-690,1,1,0,76.95,,
61657,600-880,4,0,4,10.16,,
61658,600-878,0,0,0,6.88,,
61659,600-879,0,0,0,10.36,,
61661,600-840,14,11,3,5.92,,
61662,600-815,5,0,5,4.42,,
61663,RMX4500,0,0,0,385.44,,
61666,A0-SIDE-175,0,0,0,1424.79,,
61667,A1-2000-MIN,0,0,0,1854.35,,
61678,HTM-3-ORANGEWO,4,0,4,73.99,,
61680,FAP7011C-A,0,0,0,933.33,,
61682,1238SC,5,3,2,44.87,,
61685,114117,0,0,0,101.85,,
61686,MBB300C-01,0,0,0,1302.4,,
61687,PT-0-1.5PSI-01,0,0,0,151.2,,
61691,113005,9,5,4,67.54,,
61692,113025,0,0,0,318.23,,
61693,113050,0,0,0,691.16,,
61694,113505,6,5,1,67.54,,
61695,113525,6,2,4,318.23,,
61696,113905,1,1,0,67.54,,
61697,113925,0,0,0,318.23,,
61698,113950,0,0,0,632.16,,
61699,114005,2,0,2,109.01,,
61700,114025,3,1,2,503.21,,
61701,114040,0,0,0,824.99,,
61702,114505,0,0,0,109.01,,
61703,114525,3,0,3,503.21,,
61704,114905,4,1,3,109.01,,
61705,114925,0,0,0,503.21,,
61706,114940,0,0,0,879.99,,
61707,115002,0,0,0,99.02,,
61708,115005,0,0,0,138.85,,
61709,115030,0,0,0,784.11,,
61710,115502,0,0,0,99.02,,
61711,115505,0,0,0,138.85,,
61712,115530,0,0,0,784.11,,
61713,115902,0,0,0,99.02,,
61714,115905,0,0,0,138.85,,
61715,115930,0,0,0,784.11,,
61716,116002,5,2,3,85.5,,
61717,116005,0,0,0,160.16,,
61718,116025,0,0,0,870.35,,
61719,116502,0,0,0,85.5,,
61720,116505,0,0,0,160.16,,
61721,116525,0,0,0,870.35,,
61722,116902,0,0,0,85.5,,
61723,116905,5,2,3,160.16,,
61724,116925,0,0,0,796.05,,
61725,117002,6,2,4,109.13,,
61726,117020,0,0,0,838.84,,
61727,117502,0,0,0,109.13,,
61728,117520,0,0,0,767.23,,
61729,117902,0,0,0,109.13,,
61730,117920,0,0,0,767.23,,
61734,E70097,2,1,1,1932.05,,
61737,010-11422-00,0,0,0,29.39,,
61740,E70346,0,0,0,655.25,,
61747,151750,1,0,1,522.93,,
61748,0440-BK-4,0,0,0,7.18,,
61749,0440-BK-8,7,7,0,9.68,,
61751,0282-BK,6,6,0,23.93,,
61760,FX-7-AS,15,10,5,274.55,,
61761,FX-11-AS,15,8,7,320.42,,
61763,E70327,37,10,27,469.73,,
61770,A80351,13,9,4,119.99,,
61772,P101,19,10,9,320.0,,
61777,G-3040C,4,0,4,12.83,,
61778,G-3040SSC,8,1,7,30.41,,
61779,G-31120C,0,0,0,39.52,,
61780,G-31120SSC,0,0,0,78.08,,
61781,G-3120C,7,4,3,12.83,,
61782,G-3120SSC,3,1,2,28.61,,
61783,G-3140C,2,2,0,12.83,,
61784,G-3140SSC,0,0,0,29.04,,
61785,G-3320C,10,2,8,12.83,,
61786,G-3320SSC,3,0,3,31.95,,
61787,G-3330C,5,2,3,12.83,,
61788,G-3340C,4,1,3,12.83,,
61789,G-3340SSC,5,2,3,31.95,,
61790,G-3360C,1,1,0,12.83,,
61791,G-3360SSC,5,2,3,31.95,,
61792,G-3420C,4,2,2,12.83,,
61793,G-3420SSC,0,0,0,33.51,,
61794,G-3430C,4,2,2,12.83,,
61796,G-3440SSC,2,1,1,33.51,,
61797,G-3460C,6,4,2,12.83,,
61798,G-3460SSC,0,0,0,33.51,,
61799,G-3490C,0,0,0,12.83,,
61800,G-3480C,0,0,0,12.83,,
61801,G-3490SSC,5,3,2,37.57,,
61802,G-34120C,0,0,0,12.83,,
61803,G-34120SSC,0,0,0,37.57,,
61804,G-3520C,0,0,0,12.83,,
61805,G-3530C,6,3,3,12.83,,
61806,G-3550C,0,0,0,12.83,,
61807,G-3590C,0,0,0,12.83,,
61809,G-3620C,0,0,0,12.83,,
61810,G-3620SSC,2,0,2,32.71,,
61812,G-3630C,0,0,0,12.83,,
61813,112528,25,7,18,76.0,,
61814,G-3630SSC,4,2,2,32.71,,
61815,G-3640C,2,2,0,12.83,,
61816,G-3640SSC,2,0,2,32.71,,
61817,G-3650C,0,0,0,12.83,,
61818,G-3660C,0,0,0,12.83,,
61819,G-3660SSC,5,0,5,36.32,,
61820,G-3690C,0,0,0,12.83,,
61821,G-3690SSC,3,0,3,36.32,,
61822,G-6624C,0,0,0,12.83,,
61823,G-6624SSC,0,0,0,33.52,,
61833,G-3020C,9,4,5,12.83,,
61843,G-3020SSC,4,2,2,30.41,,
61847,LMJ-1,22,4,18,36.71,,
61850,MM3-VNA-026,0,0,0,227.27,,
61875,MCU004,0,0,0,355.56,,
61883,RA5204BK,0,0,0,102.56,,
61897,96-262-F,22,12,10,28.12,,
61915,LLB-48FW-82-00,0,0,0,21.32,,
61925,M265C-LH,0,0,0,1347.06,,
61928,P102983,1,1,0,451.33,,
61934,ES-5000-01,0,0,0,350.0,,
61942,B164-20-BL,0,0,0,925.96,1275.0,
61949,010-11425-05,0,0,0,24.49,,
61950,808-1802,7,3,4,132.88,,
61952,010-10718-01,9,9,0,10.99,,
61969,SA1200S,0,0,0,78.73,,
61970,010-11251-74,0,0,0,23.99,,
61973,010-11251-86,0,0,0,31.99,,
61974,010-11251-90,0,0,0,31.99,,
61975,010-11251-85,0,0,0,31.99,,
61985,010-12390-21,0,0,0,26.24,,
61986,010-12390-11,6,0,6,22.49,,
61987,131310,8,5,3,80.39,,
61988,A-5-WHITE,0,0,0,188.04,,
62005,741S-02037,0,0,0,241.45,,
62026,4018,0,0,0,517.68,,
62030,FNTCDEX06000A00,0,0,0,47.92,,
62036,150510,0,0,0,50.63,,
62037,150525,0,0,0,114.51,,
62040,E70305,0,0,0,98.0,,
62043,7879CR,0,0,0,35.17,,
62044,5262CRR,0,0,0,23.83,,
62050,001-122-870-10,0,0,0,445.45,,
62054,7010CAWBX,2,0,2,99.21,119.0,
62055,7010CABBX,31,18,13,99.21,119.0,
62061,41970,5,3,2,42.97,,
62062,41951,6,4,2,23.19,,
62066,58355,9,6,3,40.97,,
62067,58357,3,2,1,40.97,,
62079,NF-4 WHITE,0,0,0,33.04,,
62084,3154,3,3,0,21.2,,28.98
62085,3130,17,0,17,9.76,,14.98
62087,YBP-5100,4,2,2,20.2,,28.98
62088,120,21,11,10,12.03,,16.98
62089,975,66,29,37,37.13,,49.98
62090,2461,8,4,4,41.79,,59.98
62091,2462,2,2,0,41.79,,59.98
62092,2402,17,9,8,8.74,,11.98
62093,2403,14,7,7,9.61,,12.98
62094,2404,27,6,21,8.74,,11.98
62095,YBP-0301,4,4,0,12.37,,17.98
62096,YBP-0305,0,0,0,12.37,,17.98
62097,YBP-0701,6,0,6,14.96,,19.98
62098,YBP-0801,7,6,1,11.77,,16.98
62099,273,0,0,0,7.07,,10.33
62100,134,23,14,9,7.21,,9.98
62102,760H,6,3,3,8.61,,12.98
62103,833H,5,5,0,10.4,,15.98
62104,855H,9,6,3,12.67,,18.98
62131,MC0075-9002,6,5,1,47.11,,
62132,MC0075-9001,0,0,0,57.37,,
62135,1480,0,0,0,452.91,,
62151,RH5999-9001,0,0,0,16.03,,
62168,DRS6AX,0,0,0,3640.95,,4495.0
62189,31631-0092,14,3,11,157.02,,
62194,2061-5,14,6,8,8.36,,
62200,2130,0,0,0,4.0,,
62201,2132,0,0,0,4.0,,
62203,2133,0,0,0,4.0,,
62204,2134,0,0,0,4.0,,
62232,RA5204WH,0,0,0,102.56,,
62237,T234,0,0,0,237.49,,
62244,53700,15,11,4,71.53,119.99,
62246,53710,17,8,9,65.43,119.99,
62247,53715,4,3,1,71.53,119.99,
62248,53720,13,4,9,71.53,119.99,
62249,53725,12,7,5,67.06,119.99,
62250,53730,15,7,8,71.53,119.99,
62251,53735,12,5,7,71.53,119.99,
62252,53740,19,8,11,71.53,119.99,
62253,53745,13,8,5,71.53,119.99,
62254,53750,15,7,8,71.53,119.99,
62262,A80372,7,3,4,17.03,,
62266,13515,16,9,7,54.79,,
62278,ENP-REMOTE,1,1,0,104.99,,
62318,RODE38,2,1,1,270.0,,
62319,RODE51,1,0,1,480.0,,
62320,RODE52,2,1,1,370.67,,
62322,RODE53,1,0,1,464.67,,
62328,18753-0178  ,10,7,3,52.8,,
62332,0420-BK,0,0,0,22.4,,
62336,010-11251-44,0,0,0,21.99,,
62379,001-325-990-00,0,0,0,554.55,,
62388,1854035,4,4,0,53.36,,
62390,1866070,34,1,33,79.91,,
62392,1866550,186,84,102,133.62,,
62393,1866650,27,22,5,245.59,,
62395,1866670,13,9,4,23.24,,
62398,410190-1,10,9,1,190.82,,
62400,410200-1,7,2,5,234.18,,
62405,410150-1,5,1,4,105.32,,
62406,410170-1,0,0,0,175.53,,
62425,740155-1,1,0,1,45.45,,
62429,750013-1,4,4,0,1659.76,,1899.99
62442,600050-1,9,0,9,97.4,,149.99
62460,010-12445-33,2,2,0,22.49,,
62463,010-11976-00,0,0,0,3.49,,
62470,SET0015,0,0,0,228.76,,
62479,SCM-10-BB-20,0,0,0,378.96,,539.0
62481,SCM-10-GW-20,0,0,0,378.96,,539.0
62486,SCM-10-AG-20,0,0,0,378.96,,539.0
62491,SCM-10-UB-20,0,0,0,378.96,,539.0
62493,SCM-10-CR-20,0,0,0,378.96,,539.0
62494,SCM-6-BB-20,0,0,0,282.5,,399.0
62495,SCM-6-GW-20,0,0,0,282.5,,399.0
62501,SCM-6-AG-20,0,0,0,282.5,,399.0
62503,SCM-6-UB-20,0,0,0,282.5,,399.0
62506,SCM-6-CR-20,0,0,0,282.5,,399.0
62513,SCM-4-BB-20,1,0,1,201.25,,299.0
62514,SCM-4-GW-20,0,0,0,201.25,,299.0
62517,SCM-4-AG-20,0,0,0,201.25,,299.0
62522,SCM-4-UB-20,0,0,0,201.25,,299.0
62527,SCM-4-CR-20,0,0,0,201.25,,299.0
62538,SCM-AL-LED-16,5,2,3,115.85,,169.0
62539,SCM-AL-LED-8,5,3,2,83.0,,112.0
62540,SCM-CL-BB-4PACK,1,0,1,88.84,,129.95
62541,SCM-CL-GW-4PACK,0,0,0,88.84,,129.95
62542,SCM-CL-CR-4PACK,0,0,0,88.84,,129.95
62543,SCM-CL-RGB-4PACK,1,0,1,106.62,,149.95
62544,SCM-CL-BB-SS-4PACK,0,0,0,97.65,,139.95
62545,SCM-CL-GW-SS-4PACK,0,0,0,97.65,,139.95
62546,SCM-CL-CR-SS-4PACK,0,0,0,97.65,,139.95
62547,SCM-CL-RGB-SS-4PACK,2,2,0,110.44,,159.95
62550,SCM-PD,0,0,0,178.04,,269.0
62552,SCM-PD-PLUS,0,0,0,299.97,,419.0
62554,SCM-TT-10,0,0,0,120.99,,169.0
62555,SCM-TT-6,0,0,0,120.99,,169.0
62556,SCM-TT-4,0,0,0,120.99,,169.0
62559,131710,9,4,5,40.77,,
62560,131725,0,0,0,100.55,,
62561,131750,0,0,0,187.21,,
62562,131799,0,0,0,368.87,,
62563,RL-513,5,2,3,16.88,,
62564,131525,0,0,0,136.27,,
62567,131302,11,7,4,31.61,,
62568,131325,12,0,12,199.23,,
62569,131370,0,0,0,557.81,,
62570,131130,0,0,0,340.09,,
62571,131150,0,0,0,615.08,,
62572,130902,5,3,2,77.38,,
62573,130905,8,5,3,110.89,,
62574,130910,5,3,2,217.27,,
62575,130705,8,3,5,215.3,,
62576,130710,5,2,3,421.91,,
62577,133710,5,3,2,80.55,,
62578,133725,0,0,0,182.28,,
62579,133510,7,2,5,83.88,,
62580,133525,1,0,1,206.05,,
62581,133590,0,0,0,682.61,,
62583,133310,4,2,2,114.65,,
62584,133325,2,0,2,277.72,,
62585,151025,0,0,0,112.21,,
62586,151050,0,0,0,216.21,,
62587,151725,4,3,1,267.02,,
62588,151550,2,0,2,264.04,,
62589,151560,0,0,0,508.48,,
62591,199300,4,0,4,1.7,,
62592,199301,0,0,0,3.6,,
62593,199302,0,0,0,30.55,,
62594,199303,0,0,0,1.97,,
62595,199304,0,0,0,4.69,,
62596,199305,0,0,0,42.72,,
62597,199306,0,0,0,2.36,,
62598,199307,0,0,0,5.85,,
62599,199308,0,0,0,48.69,,
62600,199309,0,0,0,1.7,,
62601,199310,0,0,0,3.6,,
62602,199311,0,0,0,32.63,,
62603,199312,0,0,0,1.97,,
62604,199313,0,0,0,4.69,,
62607,199315,0,0,0,2.36,,
62608,199316,0,0,0,5.85,,
62610,199318,0,0,0,4.05,,
62611,199319,0,0,0,18.15,,
62613,199321,0,0,0,19.39,,
62614,199322,0,0,0,3.6,,
62616,220011,2,2,0,24.95,,
62617,309000,4,3,1,68.19,,
62618,309001,9,7,2,62.52,,
62619,309101,8,7,1,62.52,,
62620,309201,9,5,4,80.67,,
62621,703023,1,0,1,28.14,,
62622,703075,7,3,4,22.06,,
62623,6396-AIS-R,3,1,2,337.25,,
62624,NPT2000,1,0,1,290.9,,
62644,G10307,16,4,12,10.85,,
62739,RODE59,0,0,0,510.67,,
62740,RODE60,0,0,0,624.0,,
62744,11870-0005,0,0,0,1262.25,,
62754,11841-002,2,0,2,155.55,,
62755,15170-001,10,0,10,288.41,,
62756,11841-004,0,0,0,180.29,,
62757,15169-001,9,3,6,169.81,,
62758,15171-001,2,0,2,366.63,,
62783,P100735,0,0,0,87.66,,
62825,15270-001,4,1,3,365.56,,
62826,30343-001,14,7,7,133.01,,
62835,30340-001,7,0,7,256.63,,
62836,15271-001,0,0,0,484.75,,
62837,30342-001,0,0,0,363.7,,
62838,11841-101,10,5,5,105.28,,
62841,114127,17,0,17,101.85,,
62865,11841-102,0,0,0,118.0,,
62866,11841-103,0,0,0,131.43,,
62867,11841-104,0,0,0,143.44,,
62868,11841-105,0,0,0,152.63,,
62873,11841-001,3,0,3,142.14,,
62874,11841-003,0,0,0,168.28,,
62875,11841-005,0,0,0,189.48,,
62876,11941-001,0,0,0,174.64,,
62877,11941-002,0,0,0,185.24,,
62878,11941-003,0,0,0,192.3,,
62879,11941-004,0,0,0,199.36,,
62880,11941-005,0,0,0,206.43,,
62884,50480-001,0,0,0,70.29,,
62885,50480-021,0,0,0,80.94,,
62890,GX6000,42,21,21,364.99,,
62894,SSM-70H,2,2,0,99.99,,
62896,SCU-30,8,5,3,99.99,,
62897,SCU-31,7,3,4,79.99,,
62899,S32-0619-0100,0,0,0,411.75,,
62900,410160-1,12,12,0,149.21,,
62901,SP0530,0,0,0,5.0,,
62903,2210012,7,3,4,265.63,,
62905,4445,0,0,0,22.86,,
62912,4132,4,4,0,68.56,,
62927,88934,0,0,0,44.83,86.99,
62932,88938,0,0,0,44.83,86.99,
62941,88502,0,0,0,164.39,301.99,
62942,88506,0,0,0,289.39,537.99,
62943,88504,1,0,1,95.1,182.99,
62944,88505,0,0,0,156.24,301.99,
62945,A10-140,0,0,0,19.76,,
62946,88508,0,0,0,278.53,537.99,
62947,88501,0,0,0,42.11,75.99,
62948,88503,2,2,0,33.95,55.99,
62949,88507,0,0,0,84.23,161.99,
62953,88150,0,0,0,73.35,139.99,
62955,88502-1,0,0,0,32.6,73.99,
62956,88505-1,0,0,0,32.6,73.99,
62957,88506-1,0,0,0,32.6,86.99,
62958,88508-1,1,1,0,32.6,86.99,
62959,88932,0,0,0,59.78,139.99,
62985,A80322,1,0,1,2118.75,2599.0,
62986,A80327,2,0,2,108.32,,
62991,36143,16,11,5,7.21,,
63000,91105,1,1,0,3.99,,
63003,IF1500AIS,0,0,0,518.18,,
63008,2129,0,0,0,4.0,,
63009,2131,0,0,0,4.0,,
63010,2135,2,2,0,4.0,,
63011,2136,0,0,0,4.0,,
63012,2137,27,5,22,4.0,,
63018,WH1A,3,3,0,30.13,,
63026,001-423-430-00,0,0,0,681.82,,
63029,397,6,2,4,22.3,,
63030,382,11,9,2,13.51,,
63055,010-12117-05,0,0,0,82.49,,
63056,010-10647-01,0,0,0,153.99,,
63070,SC27,2,2,0,241.88,,
63073,MM-10FUR,1,1,0,75.24,97.5,
63075,SILVERSTEER2.0B,2,0,2,1050.71,,
63077,172002,0,0,0,1060.98,,
63078,68131,0,0,0,437.49,699.99,
63172,142102,6,3,3,54.88,,
63173,BM-BT,1,1,0,99.0,,
63174,142203,4,2,2,68.6,,
63175,142305,0,0,0,86.89,,
63176,142001,0,0,0,41.16,,
63178,142300,5,2,3,69.79,,
63179,142311,5,5,0,85.63,,
63180,142314,5,1,4,104.59,,
63183,2701A,14,5,9,25.81,,
63184,150025,7,5,2,16.56,,
63185,150050,6,3,3,28.92,,
63186,150025NL,5,3,2,15.72,,
63187,150050NL,6,4,2,27.28,,
63188,150SPP,4,3,1,55.35,,
63195,12VBPS3,13,7,6,18.44,,
63196,12VBRS3,8,6,2,21.52,,
63197,12VCPS3,29,13,16,42.32,,
63214,63072,0,0,0,231.96,,
63216,SS60-SLTD/12,0,0,0,355.56,,
63220,44001,9,4,5,25.94,,
63221,06120,4,2,2,273.93,,
63222,06150,4,2,2,292.19,,
63223,07100,7,2,5,410.92,,
63229,88200,0,0,0,84.23,161.99,
63243,88220,0,0,0,190.2,311.99,
63248,88680,0,0,0,36.68,53.99,
63249,88681,0,0,0,48.9,80.99,
63250,88680-1,0,0,0,48.9,96.99,
63269,88600,0,0,0,48.9,76.99,
63271,88601,0,0,0,55.69,104.99,
63275,88603,2,1,1,74.71,141.99,
63277,88605,2,1,1,124.71,258.99,
63278,88605-1,0,0,0,138.58,258.99,
63281,88610,0,0,0,32.6,59.99,
63282,88644,0,0,0,42.11,78.99,
63283,88642,0,0,0,23.09,39.99,
63284,88620,0,0,0,9.5,,
63285,88624,0,0,0,10.86,,
63293,88628,1,0,1,13.58,,
63294,88632,2,0,2,19.01,33.99,
63303,88635,0,0,0,7.94,,
63306,88636,2,0,2,24.71,41.99,
63324,31201111,0,0,0,228.83,,
63325,31201311,1,0,1,228.83,,
63326,31211111,2,0,2,228.83,,
63327,31211311,0,0,0,228.83,,
63329,31221311,0,0,0,228.83,,
63331,31301212,1,0,1,246.55,,
63332,31301312,2,0,2,246.55,,
63333,31301412,1,0,1,246.55,,
63334,31502311,5,3,2,301.23,,
63335,31502321,0,0,0,301.23,,
63336,31431130,0,0,0,307.3,,
63339,31431330,1,1,0,307.3,,
63341,31431540,0,0,0,307.3,,
63342,31431740,2,1,1,307.3,,
63343,31431940,0,0,0,307.3,,
63344,31432130,1,0,1,307.3,,
63345,31432140,0,0,0,307.3,,
63346,21431130,4,2,2,85.56,,
63347,21431330,5,3,2,85.56,,
63348,21432130,4,3,1,85.56,,
63349,11501100,0,0,0,47.09,,
63350,31511710,0,0,0,393.36,,
63351,31511720,1,0,1,393.36,,
63352,31511910,3,1,2,393.36,,
63353,31511920,0,0,0,393.36,,
63354,31512110,2,1,1,393.36,,
63355,31512120,2,2,0,393.36,,
63356,31512310,1,0,1,393.36,,
63357,31512320,1,0,1,393.36,,
63358,37068-2000,9,3,6,93.33,,
63359,501202,11,3,8,13.37,,
63360,501208,9,7,2,14.99,,
63361,77040020,5,3,2,18.76,,
63362,77040050,4,2,2,21.58,,
63363,77040100,8,3,5,25.33,,
63364,77040300,4,2,2,28.15,,
63381,001-421-520-00,0,0,0,354.55,,
63382,001-421-530-00,0,0,0,372.73,,
63383,001-421-540-00,0,0,0,572.73,,
63384,001-421-550-00,0,0,0,745.45,,
63407,COK-0024,5,2,3,51.38,,
63408,MX8715CR,0,0,0,453.12,,
63409,EIC001,0,0,0,107.06,,
63410,RC1010CAP24V,0,0,0,2102.94,2860.0,
63426,010-01616-30,0,0,0,862.49,,
63429,13850,4,2,2,159.99,,
63430,010-11417-10,5,2,3,119.99,,
63458,010-12401-10,5,1,4,97.49,,
63459,010-12402-10,3,1,2,149.99,,
63462,104300-500-001-17,3,3,0,19.99,,
63463,104300-105-001-17,5,1,4,18.99,,
63478,121900-100-004-17,11,6,5,37.14,,
63480,121900-100-005-17,2,0,2,37.14,,
63481,121700-706-004-17,5,3,2,60.0,,
63483,121700-706-005-17,13,13,0,49.99,,
63487,10-262,7,2,5,30.18,,
63490,SUPER-TRI,0,0,0,83.37,,
63512,010-01550-01,21,12,9,111.99,,
63523,88630,0,0,0,13.58,23.99,
63526,88650,0,0,0,5.43,,
63527,88652,5,0,5,5.43,,
63528,88654,0,0,0,6.78,,
63529,88656,0,0,0,17.65,31.99,
63530,88657,0,0,0,8.14,,
63531,88659,0,0,0,14.94,26.99,
63532,88660,0,0,0,12.21,21.99,
63533,88664,3,1,2,9.5,25.99,
63534,88666,0,0,0,8.14,,
63535,88667,1,1,0,5.43,,
63536,88668,0,0,0,6.78,,
63537,88669,4,0,4,6.78,,
63538,88670,13,0,13,12.21,21.99,
63539,88671,0,0,0,12.21,21.99,
63540,88672,2,1,1,12.21,20.99,
63544,88690,0,0,0,5.43,,
63545,88695,0,0,0,24.44,41.99,
63546,88697,0,0,0,13.58,25.99,
63549,88612,0,0,0,43.46,76.99,
63550,88613,0,0,0,42.11,70.99,
63551,88614,0,0,0,39.39,66.99,
63552,88655,0,0,0,17.65,26.99,
63553,88655-1,0,0,0,23.09,35.99,
63554,88658,0,0,0,12.21,,
63558,88658-6,0,0,0,10.86,,
63559,88658-7,0,0,0,10.86,,
63560,88658-8,0,0,0,10.86,,
63561,88658-9,0,0,0,10.86,,
63562,88615,0,0,0,12.21,,
63563,88615-1,0,0,0,12.21,,
63564,88616,0,0,0,4.06,,
63565,88665,0,0,0,12.21,22.99,
63567,88963,4,0,4,6.78,,
63568,88964,0,0,0,8.14,,
63569,88661,0,0,0,6.78,,
63570,88662,0,0,0,6.78,,
63571,88154,0,0,0,91.03,160.99,
63573,88149-1,0,0,0,237.76,301.99,
63574,88156,0,0,0,116.84,209.99,
63575,88158,0,0,0,137.21,248.99,
63576,88159,0,0,0,137.21,248.99,
63577,88157,0,0,0,273.09,430.99,
63578,88157-1,0,0,0,273.09,430.99,
63594,ME70BT,4,0,4,107.99,,
63596,WC4-W,0,0,0,21.19,,
63604,FA1702,0,0,0,1151.11,,
63606,WD-OPNARY-01,5,2,3,111.94,,
63607,WD-RAD-01,4,2,2,111.94,,
63608,RLS-405,9,4,5,21.38,,
63609,A10-901,16,11,5,32.93,,
63614,88525,0,0,0,58.41,86.99,
63615,88527,0,0,0,58.41,86.99,
63616,88529,0,0,0,58.41,86.99,
63620,77900,0,0,0,69.28,107.99,
63621,77901,0,0,0,69.28,107.99,
63622,77902,0,0,0,69.28,107.99,
63626,77900-1,2,0,2,78.79,129.99,
63628,77902-1,0,0,0,78.79,129.99,
63632,88535,0,0,0,72.0,107.99,
63633,88539,0,0,0,88.62,107.99,
63634,88537,0,0,0,72.0,107.99,
63638,88540,0,0,0,77.44,139.99,
63639,88542,0,0,0,95.1,172.99,
63640,77910,0,0,0,10.86,,
63641,77911,0,0,0,4.06,,
63642,77900-2,0,0,0,14.94,24.99,
63644,88525-1,0,0,0,17.65,26.99,
63646,88530-3,0,0,0,21.73,32.99,
63650,77173,0,0,0,69.28,125.99,
63655,88191,2,2,0,77.44,139.99,
63656,88192,1,0,1,77.44,139.99,
63657,88193,4,0,4,77.44,139.99,
63658,88176,0,0,0,44.83,84.99,
63659,88144,0,0,0,271.73,430.99,
63660,88144-1,0,0,0,244.55,397.99,
63661,HRMK1502,0,0,0,41.61,,
63675,HX210,747,535,212,87.99,,
63676,VLH-3000A,6,3,3,280.39,,
63680,88522,0,0,0,108.69,161.99,
63681,88524,0,0,0,108.69,161.99,
63683,88522XL,0,0,0,123.63,193.99,
63684,88524XL,0,0,0,123.63,193.99,
63685,88522SM,4,0,4,119.55,182.99,
63686,88524SM,0,0,0,119.55,182.99,
63687,88686,0,0,0,23.09,37.99,
63688,88686-1,4,0,4,21.73,32.99,
63689,88686-2,0,0,0,17.65,26.99,
63691,88688-1,0,0,0,17.65,26.99,
63693,88687,0,0,0,39.39,70.99,
63694,77900-3,0,0,0,8.14,,
63695,77901-3,0,0,0,8.14,,
63696,77902-3,0,0,0,8.14,,
63697,77900-4,0,0,0,8.14,,
63698,77901-4,2,0,2,8.14,,
63699,77902-4,0,0,0,8.14,,
63700,88530-2,0,0,0,10.86,,
63702,88152-2,8,0,8,5.29,,
63704,88682,0,0,0,20.36,31.99,
63705,88675,0,0,0,20.36,29.99,
63706,88676,1,1,0,9.5,,
63707,PCHE-BP,0,0,0,8.14,,
63709,21178,0,0,0,10.86,,
63710,21180,0,0,0,14.94,24.99,
63718,105550,0,0,0,51.61,96.99,
63719,88544,4,0,4,16.29,29.99,
63720,88545,0,0,0,19.01,34.99,
63721,88546,0,0,0,20.36,39.99,
63722,88547,1,0,1,33.95,58.99,
63723,A80048,0,0,0,1415.83,1699.0,
63724,A80328,1,0,1,68.17,,
63743,F38-8800W-1,3,3,0,86.59,,
63780,GP1059,0,0,0,327.26,,
63782,GP1080-06,0,0,0,385.44,,
63783,GP1080-07,0,0,0,385.44,,
63784,GP1080-09,0,0,0,385.44,,
63785,GP1080-20,0,0,0,385.44,,
63786,GP1170-14,0,0,0,385.44,,
63787,GP1170-15,0,0,0,385.44,,
63788,GP1170-63,0,0,0,385.44,,
63789,GP1170-64,0,0,0,385.44,,
63790,GP1213,0,0,0,363.62,,
63791,GP1302,0,0,0,276.35,,
63792,GP1402,0,0,0,312.72,,
63793,GP1500-16,0,0,0,276.35,,
63794,GP1500-17,0,0,0,276.35,,
63795,GP1600-11,0,0,0,341.81,,
63796,GP1600-12,0,0,0,341.81,,
63797,GP1600-13,0,0,0,341.81,,
63798,GP1808,0,0,0,312.72,,
63799,GP1900,0,0,0,305.44,,
63800,GP1900-09,0,0,0,319.99,,
63801,GP1900-13,0,0,0,319.99,,
63802,GP2040-23,0,0,0,334.53,,
63803,GP2040-29,0,0,0,334.53,,
63804,GP2040-30,0,0,0,334.53,,
63805,GP2040-95,0,0,0,334.53,,
63806,GP2050-95,0,0,0,327.26,,
63807,GP2050-98,0,0,0,327.26,,
63808,GP2053,0,0,0,327.26,,
63809,GP2080-06,0,0,0,385.44,,
63810,GP2080-07,0,0,0,385.44,,
63811,GP2080-09,0,0,0,385.44,,
63812,GP2080-20,0,0,0,385.44,,
63813,GP2170-14,0,0,0,385.44,,
63815,GP2170-15,0,0,0,385.44,,
63816,GP2170-63,0,0,0,385.44,,
63817,GP2170-64,0,0,0,385.44,,
63818,GP2500-16,0,0,0,276.35,,
63819,GP2500-17,0,0,0,276.35,,
63820,GP2600-09,0,0,0,341.81,,
63821,GP2600-11,0,0,0,341.81,,
63822,GP2600-12,0,0,0,341.81,,
63823,GP2600-13,0,0,0,341.81,,
63824,PED4400-C,0,0,0,254.53,,
63825,PED4401-C,0,0,0,269.08,,
63826,PED4402-C,0,0,0,269.08,,
63827,PED4403-C,0,0,0,269.08,,
63828,C-1B-R,0,0,0,150.0,,
63829,PED4404-C,0,0,0,269.08,,
63830,PED4405-C,0,0,0,269.08,,
63831,PED4406-C,0,0,0,269.08,,
63832,C-1C-R,0,0,0,168.75,,
63833,PED4407-C,0,0,0,269.08,,
63834,P-1B-R,1,1,0,243.75,,
63835,P-1C-R,0,0,0,250.0,,
63836,P-1BS-R,14,3,11,300.0,,
63837,P-1CS-R,0,0,0,306.25,,
63838,PED4408-C,0,0,0,269.08,,
63839,P-1BNV-R,0,0,0,250.0,,
63840,PED4409-C,0,0,0,269.08,,
63841,P-1CNV-R,0,0,0,256.25,,
63843,PED4410-C,0,0,0,269.08,,
63844,PED4500-01-C,0,0,0,276.35,,
63845,P-2BS-R,5,1,4,431.25,,
63846,PED4500-02-C,0,0,0,276.35,,
63847,P-2BNV-R,1,1,0,362.5,,
63848,PED4500-03-C,0,0,0,276.35,,
63849,PED4500-05-C,0,0,0,276.35,,
63850,PED4500-06-C,0,0,0,276.35,,
63852,PED4500-C,0,0,0,261.81,,
63853,PED4600-00-C,0,0,0,509.08,,
63854,PED4600-01-C,0,0,0,305.44,,
63855,PED4600-03-C,0,0,0,305.44,,
63856,PED4600-04-C,0,0,0,305.44,,
63857,G-1B-R,4,2,2,237.5,,
63858,PED4600-05-C,0,0,0,305.44,,
63859,PED4800-12-C,0,0,0,356.35,,
63860,PED4800-20-C,0,0,0,356.35,,
63861,G-1C-R,0,0,0,243.75,,
63862,PED4800-C,0,0,0,341.81,,
63863,PED4808-C,0,0,0,356.35,,
63864,PED4814-C,0,0,0,356.35,,
63865,G-1BB-R,7,5,2,256.25,,
63866,PED4900-01-C,0,0,0,356.35,,
63867,PED4900-02-C,0,0,0,356.35,,
63868,G-1CB-R,5,3,2,268.75,,
63870,C30503BM30PB,4,4,0,366.6,541.8,
63871,PED4900-04-C,0,0,0,356.35,,
63872,G-2BB-R,0,0,0,437.5,,
63873,PED4900-09-C,0,0,0,356.35,,
63875,G-2B-R,1,0,1,412.5,,
63876,C30503BM30PG,0,0,0,366.6,541.8,
63877,PED4900-C,0,0,0,341.81,,
63878,PED5050-01-C,0,0,0,370.9,,
63879,PED5050-19-C,0,0,0,370.9,,
63880,C30503BM30PW,1,1,0,366.6,541.8,
63881,PED5050-C,0,0,0,356.35,,
63883,BOLT1212ED,11,5,6,446.42,,
63884,FS-T01-R,0,0,0,131.25,,
63885,PED5059-C,0,0,0,370.9,,
63886,B30ASSYPB,6,6,0,163.21,241.2,
63887,PED5100-01-C,1,1,0,356.35,,
63888,PED5100-C,0,0,0,341.81,,
63889,B30ASSYPG,5,5,0,163.21,241.2,
63890,B30ASSYPW,4,4,0,163.21,241.2,
63891,B50ASSYPG,5,5,0,203.4,300.6,
63893,B50ASSYPB,6,6,0,203.4,300.6,
63896,PED5200-C,0,0,0,378.17,,
63897,FS-A01-R,0,0,0,143.75,,
63899,B50ASSYPW,3,3,0,203.4,300.6,
63906,PP4402-C,0,0,0,269.08,,
63907,PP4403-C,0,0,0,269.08,,
63908,PP4404-C,0,0,0,269.08,,
63909,PP4405-C,0,0,0,269.08,,
63910,PP4406-C,0,0,0,269.08,,
63911,PP4407-C,0,0,0,269.08,,
63912,PP4408-C,0,0,0,269.08,,
63913,PP4409,0,0,0,269.08,,
63914,PP4409-C,0,0,0,269.08,,
63915,PP4410,0,0,0,269.08,,
63916,PP4410-C,0,0,0,269.08,,
63917,PP4500,0,0,0,261.81,,
63920,PP4500-01-C,0,0,0,276.35,,
63921,PP4500-02-C,0,0,0,276.35,,
63922,PP4500-03-C,0,0,0,276.35,,
63923,PP4500-05-C,0,0,0,276.35,,
63924,PP4500-06-C,0,0,0,276.35,,
63927,PP4500-C,0,0,0,261.81,,
63928,PP4600-00,0,0,0,290.9,,
63931,PP4600-01,0,0,0,305.44,,
63934,PP4600-03,0,0,0,305.44,,
63936,PP4600-04,0,0,0,305.44,,
63938,PP4600-05,0,0,0,305.44,,
63940,PP4800-12-C,0,0,0,356.35,,
63941,PP4800-20-C,0,0,0,356.35,,
63943,PP4800-C,0,0,0,341.81,,
63944,PP4811-C,0,0,0,356.35,,
63946,PP4814-C,0,0,0,356.35,,
63947,PP4818-C,0,0,0,356.35,,
63948,PP4900,0,0,0,341.81,,
63949,PP4900-01-C,0,0,0,356.35,,
63950,PP4900-02-C,0,0,0,356.35,,
63953,PP4900-04-C,0,0,0,356.35,,
63954,PP4900-09,0,0,0,356.35,,
63955,PP4900-09-C,0,0,0,356.35,,
63958,PP4900-C,0,0,0,341.81,,
63959,PP5030-01,0,0,0,399.99,,
63960,PP5050-01-C,0,0,0,370.9,,
63961,PP5050-02-C,0,0,0,370.9,,
63962,PP5050-19-C,0,0,0,370.9,,
63963,PP5050-C,0,0,0,356.35,,
63964,PP5052-C,0,0,0,370.9,,
63965,PP5053,0,0,0,370.9,,
63966,PP5053-C,0,0,0,370.9,,
63967,PP5058-C,0,0,0,370.9,,
63968,PP5060-01,0,0,0,399.99,,
63969,PP5100,0,0,0,341.81,,
63970,PP5100-01,0,0,0,356.35,,
63971,PP5100-01-C,0,0,0,356.35,,
63972,PP5100-C,0,0,0,341.81,,
63973,PP5200-01,0,0,0,392.72,,
63974,PP5200-01-C,0,0,0,392.72,,
63976,PP5200-C,0,0,0,378.17,,
63977,PP5201-C,0,0,0,392.72,,
63978,PP5202-C,0,0,0,392.72,,
63979,PP5203-C,0,0,0,392.72,,
63980,PP5204-C,0,0,0,392.72,,
63981,PP5205-C,0,0,0,392.72,,
63982,PP5213,0,0,0,392.72,,
63983,PP5213-C,0,0,0,392.72,,
63984,RMX4102,0,0,0,363.62,,
63985,RMX4600,0,0,0,399.99,,
63986,RMX4600-04,0,0,0,414.53,,
63987,RMX4900,0,0,0,421.81,,
63988,RMX4900-09,0,0,0,436.35,,
63990,B30ASSYNT,0,0,0,197.31,291.6,
63991,PP4400-C,0,0,0,254.53,,
63992,PP4401-C,0,0,0,269.08,,
63993,PP4808-C,0,0,0,356.35,,
63995,LLB-47FW-82-00,2,2,0,47.2,,
64002,LLB-05WD-81-00,0,0,0,18.36,,
64005,1479,1,1,0,65.16,,
64007,260WR-2,0,0,0,26.75,,
64008,E70328,9,4,5,529.88,,
64009,E70329,1,0,1,570.64,,
64013,SPD-7S-W,0,0,0,345.94,,
64019,A80355,0,0,0,21.3,,
64020,A80356,0,0,0,21.3,,
64025,1106-B,2,2,0,640.3,,
64026,A80357,0,0,0,21.3,,
64030,29043-0000,12,6,6,19.96,,
64031,BP 03511-6A-6PK,2,2,0,45.71,65.95,
64032,BP 03511-10A-10PK,1,1,0,76.18,109.95,
64040,A-4-WHITE,0,0,0,93.41,,
64041,A10-364,5,4,1,24.7,,
64047,FOURTECH09,1,1,0,119.99,,
64050,FOURTECH12,2,0,2,119.99,,
64051,FOURTECH13,4,0,4,155.73,,
64052,FOURTECH14,1,1,0,119.99,,
64054,FOURTECH16,4,4,0,119.99,,
64059,T101,6,4,2,153.95,,
64060,T103,3,2,1,211.39,,
64061,X52,0,0,0,146.99,,
64080,M81134,0,0,0,2145.82,,
64083,1020-F,18,0,18,50.83,,
64084,1020-B-F,25,10,15,50.83,,
64085,1022-F,10,6,4,57.09,,
64086,1022-B-F,7,5,2,57.09,,
64087,1201-F,0,0,0,100.49,,
64088,1206-F,0,0,0,100.49,,
64089,1193-F,6,6,0,47.72,,
64090,1163-F,4,2,2,74.13,,
64091,1008-B-F,17,11,6,26.87,,
64092,91-118-F,2,2,0,21.93,,
64093,91-410-F,22,10,12,11.51,,
64094,91-200-F,9,3,6,6.29,,
64096,90-810-F,1,0,1,139.73,,
64100,2506P-F,20,8,12,17.75,,
64101,2606B-F,23,8,15,17.8,,
64102,2608B-F,9,9,0,29.37,,
64103,2064-F,0,0,0,199.67,,
64104,2084-F,6,4,2,217.95,,
64107,91-531-F,17,8,9,8.51,,
64108,91-536-F,17,13,4,9.37,,
64109,91-561-F,17,6,11,5.89,,
64110,91-562-F,17,11,6,5.89,,
64111,91-566-F,15,12,3,5.89,,
64120,AN-MAP7,1,0,1,179.99,,
64121,012102W,0,0,0,317.39,503.0,
64122,012101B,0,0,0,317.39,503.0,
64123,012103BW,0,0,0,406.67,631.0,
64125,29090-5000,5,5,0,168.69,,
64126,29120-5000,21,14,7,183.81,,
64127,29120-5100,7,7,0,217.6,,
64128,37010-3092,6,5,1,419.88,,
64129,37010-3094,3,1,2,473.28,,
64130,37010-4092,4,1,3,473.28,,
64131,37010-4192,2,2,0,482.83,,
64132,37010-4094,0,0,0,520.62,,
64133,37010-4194,0,0,0,531.11,,
64159,25SA,8,8,0,72.32,,
64160,25SA-24,0,0,0,85.74,,
64161,MSVANDTZN075QL,0,0,0,53.43,,
64162,20SA,8,8,0,89.36,,
64163,27SA,7,4,3,109.86,,
64164,MSVANDTZN150QL,0,0,0,94.75,,
64165,24DA,26,18,8,19.53,,
64166,25DA,12,10,2,26.06,,
64167,25DA-24,11,1,10,32.3,,
64168,20DA,14,7,7,40.63,,
64169,20DA-24,9,4,5,48.81,,
64170,27DA,7,7,0,46.26,,
64171,27DA-24,0,0,0,55.84,,
64172,6009,0,0,0,693.85,,
64177,A80308,0,0,0,38.34,,
64178,F008002,0,0,0,62.19,,
64212,A80332,0,0,0,25.56,,
64215,A80278,0,0,0,242.89,,
64223,AP000A1HA,9,5,4,512.34,,
64224,AP000A1BC,9,5,4,518.03,,
64258,2061 02061,0,0,0,0.78,,
64259,2061TP 02,0,0,0,5.56,,
64267,012301W,0,0,0,142.39,226.0,
64268,012302B,3,3,0,142.39,226.0,
64269,012304W,0,0,0,237.5,360.0,
64270,012305B,3,2,1,227.17,360.0,
64271,012307C,3,0,3,268.89,417.0,
64272,012308W,0,0,0,325.0,493.0,
64273,012309B,2,2,0,325.0,493.0,
64274,012311C,5,2,3,346.74,550.0,
64275,011416,0,0,0,51.09,79.0,
64276,011417,0,0,0,60.0,93.0,
64277,011418,0,0,0,71.74,113.0,
64281,E70310,23,7,16,273.09,,
64284,A80370,10,9,1,38.34,,
64290,101475,0,0,0,120.2,,
64291,101476,0,0,0,142.68,,
64292,101477,3,3,0,142.68,,
64295,101186,3,2,1,128.02,,
64296,101187,0,0,0,131.72,,
64297,101325,3,0,3,126.07,,
64310,101283,23,6,17,98.1,,
64312,115117,10,3,7,106.2,,
64313,115118,0,0,0,91.38,,
64314,115119,0,0,0,90.17,,
64315,115127,8,6,2,106.2,,
64316,115128,0,0,0,91.38,,
64317,115129,0,0,0,92.19,,
64319,116117,11,6,5,100.06,,
64320,116118,40,0,40,83.79,,
64321,116119,12,6,6,78.62,,
64323,116127,0,0,0,100.06,,
64324,116128,0,0,0,85.63,,
64325,116129,0,0,0,83.79,,
64327,116197,0,0,0,92.5,,
64328,116198,0,0,0,80.3,,
64336,1732,10,3,7,66.53,,
64338,1741,5,0,5,50.72,,
64340,1821,11,7,4,11.33,,
64341,1839,7,4,3,253.1,,
64351,5007100,0,0,0,57.03,,
64352,5194,9,1,8,45.62,,
64354,5196,13,5,8,38.62,,
64355,5502100,18,0,18,57.03,,
64357,6004,9,3,6,24.0,,
64358,6004200,5,5,0,24.0,,
64359,7197,15,13,2,12.77,,
64361,7399,6,3,3,16.87,,
64362,7517,0,0,0,157.38,,
64363,7615,0,0,0,103.81,,
64374,7903,4,1,3,2.39,,
64375,7903200,7,2,5,2.39,,
64379,7812-S-7,14,9,5,82.85,,
64381,CA50BL-12HR,0,0,0,2888.89,,
64383,7202-P-7,7,5,2,49.67,,
64385,5558-P12A7,2,2,0,36.07,,
64386,5550-PA20-7,6,4,2,38.29,,
64387,5557-PV12A7,8,4,4,36.39,,
64389,5551-PA20-7,5,0,5,45.65,,
64393,A80367,1,1,0,12.77,,
64394,MCK508WB.6,9,6,3,96.53,,
64401,LLB-21BC-21-00,0,0,0,8.31,,
64402,LLB-21BW-21-00,2,2,0,5.49,,
64406,ZDIGWS,2,1,1,461.96,,
64433,142400,4,4,0,114.33,,
64434,142410,12,9,3,132.62,,
64437,142420,6,4,2,178.35,,
64441,142411,6,5,1,139.02,,
64446,5006100,34,2,32,20.43,,
64450,TEC-BNT,11,11,0,10.96,,
64459,PO512-WC-20,0,0,0,161.44,,
64470,5358-P12-7,0,0,0,26.96,,
64471,5350-PA20-7,3,0,3,31.69,,
64475,6354W7,9,5,4,15.83,,
64480,300-036-B,0,0,0,1356.87,,1696.08
64481,31221111,2,1,1,228.83,,
64483,3125,11,3,8,4.22,,
64484,SHC-19,17,16,1,52.5,,
64508,T70330,8,5,3,1839.99,,
64509,09-1050-12,0,0,0,12.64,,
64511,3530,52,18,34,13.0,,18.98
64513,88607-2,1,1,0,105.96,167.99,
64514,88608-1,1,0,1,93.74,118.99,
64515,R70159,1,0,1,38.34,,
64516,S-226KEY,19,15,4,4.03,,
64517,AS0511,6,5,1,26.08,,
64541,OC17SUK42,14,14,0,134.32,,
64549,DU-RBH-20-R,1,1,0,118.75,,
64550,DU-RCH-20-R,0,0,0,125.0,,
64551,DU-SBH-20-R,0,0,0,125.0,,
64552,011807,0,0,0,53.26,83.0,
64558,GP1040-31,0,0,0,334.53,,
64559,GP2040-31,0,0,0,334.53,,
64560,GP2050-21,0,0,0,327.26,,
64561,GP1800-13,1,0,1,312.72,,
64562,RMX4800-13,0,0,0,436.35,,
64563,PP4800-13-C,0,0,0,356.35,,
64564,PP4800-13,0,0,0,356.35,,
64565,PED4800-13-C,0,0,0,356.35,,
64568,CS2308402,9,2,7,46.48,,
64574,E70430,1,1,0,623.63,,
64583,CA50BL-24HR,0,0,0,3551.11,,
64585,CA28F-38M,0,0,0,3111.11,,
64587,A2C1102950001,1,0,1,67.4,81.89,
64588,A2C1102960001,5,0,5,91.17,110.69,
64592,FW0814,1,1,0,95.49,,
64593,FW1214,4,2,2,95.49,,
64594,FW1215,9,3,6,95.49,,
64595,FW1225,4,0,4,99.68,,
64598,RT3000,6,3,3,54.74,,
64600,BP2552B,7,3,4,209.18,,
64601,BP2554B,5,3,2,252.71,,
64602,P10-2512WHA27-1C,7,1,6,24.79,,
64606,P10-2524WHA27-1C,7,3,4,45.73,,
64607,P10-5012BLK27-1C,5,2,3,44.56,,
64608,P10-5012SFM27-1C,3,3,0,44.56,,
64609,P10-5012WHA27-1C,5,1,4,44.56,,
64610,P10-5024BLK27-1C,6,2,4,84.29,,
64612,P10-5024WHA27-1C,5,1,4,84.29,,
64613,P10-7512BLK27-1C,4,4,0,65.69,,
64615,P10-7512WHA27-1C,0,0,0,65.69,,
64617,P10-7524WHA27-1C,3,1,2,123.54,,
64618,P14-5012WHA27-1C,0,0,0,46.73,,
64619,P14-7512WHA27-1C,0,0,0,68.68,,
64621,80-601-0020-00,0,0,0,104.55,,
64623,710S-00607,1,0,1,531.87,,
64624,720S-00585,0,0,0,563.3,,
64625,720S-00614,0,0,0,716.3,,
64646,P10-2506WHA12-1C,6,3,3,11.77,,
64647,P10-2512WHA12-1C,7,5,2,17.13,,
64683,M81203,0,0,0,3008.32,,
64686,3117,4,2,2,696.67,,
64687,SET0152,0,0,0,54.11,,
64694,0120DP3CHR,0,0,0,105.61,,
64695,PO512-WC-10,0,0,0,161.44,,
64699,0440-BK-1,5,5,0,4.53,,
64705,0301DP6A,9,6,3,7.28,,
64707,001-190-440-00,0,0,0,136.36,,
64718,6128C,10,4,6,33.38,,
64719,CA-0160-MO,0,0,0,365.12,,
64722,IS216,2,0,2,32.8,,
64723,NM-NB1-NF-05.0,1,0,1,54.4,,
64724,NM-NB1-NF-10.0,1,0,1,77.6,,
64725,PT-0-50PSI-01,0,0,0,162.4,,
64732,010-12127-00,0,0,0,22.49,,
64734,740157-1,0,0,0,142.86,,
64742,115123,0,0,0,88.15,,
64745,710262-1,2,2,0,280.32,,
64746,710264-1,0,0,0,346.14,,
64750,740162-1,7,7,0,24.14,,
64752,720096-1,5,0,5,37.94,,
64753,720096-2,0,0,0,51.74,,
64772,740157-1NB,0,0,0,131.09,,
64780,ZE355,0,0,0,15.19,,
64781,BP2918,0,0,0,111.04,142.12,
64790,3875C1,23,14,9,7.58,,
64842,R599C-LH,1,0,1,4500.0,,
64853,010-12224-01,0,0,0,56.24,,
64878,520T-BLD,0,0,0,200.0,,
64880,CA200B-8B/30,0,0,0,662.22,,
64895,81300300,0,0,0,369.34,,
64908,1331,0,0,0,18.97,,
64910,UP33FM,1,0,1,531.64,,
64976,DM260G,7,0,7,140.0,,224.0
64977,DM260B,1,1,0,140.0,,224.0
64979,SF100G,1,0,1,287.5,,360.0
64980,SF100B,4,2,2,287.5,,360.0
64984,CORD50,4,2,2,28.44,,
64987,FL50,4,0,4,150.0,,184.0
64993,PUMPHRP11-24,0,0,0,720.0,,
65003,CC3003P,7,3,4,27.41,,
65012,001-247-240-00,0,0,0,145.45,,
65014,BOLT912ED,7,4,3,416.69,,
65016,000-040-720,0,0,0,40.91,,
65019,372,0,0,0,36.43,,
65020,373,0,0,0,40.46,,
65023,360,0,0,0,56.59,,
65025,361,0,0,0,71.67,,
65028,380,0,0,0,79.74,,
65031,363,0,0,0,56.59,,
65032,364,8,0,8,71.67,,
65034,383,16,15,1,77.44,,
65040,40220,5,4,1,18.06,,
65041,80220,2,0,2,24.1,,
65042,40230,2,1,1,23.09,,
65043,80230,13,7,6,30.81,,
65044,40240,8,3,5,31.61,,
65045,80240,2,0,2,42.13,,
65046,40245,2,2,0,32.07,,
65047,80245,0,0,0,42.77,,
65048,40400,3,2,1,36.34,,
65049,80400,0,0,0,46.62,,
65050,40410,1,1,0,39.6,,
65051,80410,1,0,1,49.94,,
65052,40420,3,2,1,44.24,,
65053,80420,3,3,0,60.04,,
65054,8418,15,4,11,19.49,,
65055,8424,8,8,0,22.46,,
65056,8118,8,8,0,16.54,,
65057,8124,4,0,4,21.87,,
65065,1818,3,3,0,9.99,,
65066,2918,39,15,24,11.1,,
65067,3018,18,18,0,11.1,,
65068,3118,11,11,0,11.1,,
65069,3218,6,6,0,11.1,,
65070,4118,9,9,0,11.1,,
65071,4218,6,6,0,11.1,,
65072,4318,14,2,12,11.1,,
65073,4418,0,0,0,11.1,,
65114,01-0387,0,0,0,3896.1,,
65118,2818,12,0,12,11.1,,
65127,60749,1,0,1,15.86,,
65128,60750,1,0,1,18.49,,
65129,60752,0,0,0,24.5,,
65130,57933,4,4,0,11.6,,
65137,1139,5,5,0,19.07,,
65138,921,3,2,1,47.92,,
65139,922,1,0,1,48.79,,
65140,971,0,0,0,19.26,,
65144,960,0,0,0,39.83,,
65145,961,0,0,0,39.83,,
65148,962,0,0,0,17.29,,
65149,965,2,0,2,29.17,,
65150,57925,5,0,5,7.73,,
65151,57926,6,4,2,7.73,,
65152,57928,5,5,0,7.73,,
65170,A80321,1,1,0,1304.34,,
65171,A102146,2,1,1,51.13,,
65181,600015,1,1,0,22.69,,
65187,805Q,0,0,0,9.0,,
65189,805G,4,4,0,22.35,,
65190,810Q,7,7,0,9.0,,
65191,810G,6,4,2,26.59,,
65192,800Q,11,6,5,9.0,,
65193,800G,6,2,4,22.35,,
65194,830,7,3,4,11.57,,
65195,825Q,4,2,2,10.33,,
65198,815Q,12,2,10,11.83,,
65199,850Q,12,0,12,11.67,,
65200,846P,5,3,2,7.33,,
65201,410,10,4,6,11.68,,
65203,435,0,0,0,4.09,,
65205,001-409-540-00,0,0,0,413.64,,
65207,010-12105-10,0,0,0,18.74,,
65209,TS 1001,16,0,16,16.33,,
65210,TS 1002,13,7,6,42.92,,
65212,TC 2000,9,2,7,17.27,,
65213,TC 2001,3,0,3,33.33,,
65214,TB 3001,25,12,13,11.49,,
65222,IRID-GO-INST-KIT,0,0,0,397.65,,
65246,P66-DT-HB,0,0,0,153.55,199.0,
65247,TM258-HB,0,0,0,798.14,1099.0,
65249,TM260-HB,0,0,0,1088.65,1499.0,
65250,TM260-14HB,0,0,0,1088.65,1499.0,
65251,B60-12-HB,0,0,0,236.02,324.99,
65252,B60-20-HB,1,1,0,236.02,324.99,
65253,B164-0-HB,0,0,0,925.96,1275.0,
65254,B164-12-HB,0,0,0,925.96,1275.0,
65255,B164-20-HB,0,0,0,925.96,1275.0,
65256,B164-0-14HB,0,0,0,925.96,1275.0,
65257,B164-12-14HB,0,0,0,925.96,1275.0,
65258,B164-20-14HB,0,0,0,879.67,1275.0,
65259,B117-DT-HB,0,0,0,210.6,289.99,
65260,S3-0502,0,0,0,1282.07,,
65261,P79-HB,0,0,0,144.52,199.0,
65263,1525,4,4,0,32.57,,
65269,7410,7,0,7,32.2,,
65270,7411,9,7,2,32.2,,
65271,7412,3,0,3,32.2,,
65272,7413,3,0,3,32.2,,
65273,7574,13,7,6,31.86,,
65274,7414,8,4,4,32.2,,
65275,7575,5,2,3,31.86,,
65276,7415,0,0,0,32.2,,
65277,7416,5,5,0,32.2,,
65278,7577,7,3,4,31.86,,
65279,7417,12,7,5,32.2,,
65280,7540,3,0,3,28.43,,
65281,7541,10,5,5,28.43,,
65282,7542,11,3,8,28.43,,
65284,7543,13,10,3,28.43,,
65285,7545,7,5,2,28.43,,
65286,7546,6,5,1,28.43,,
65287,7547,0,0,0,28.43,,
65288,7548,0,0,0,28.43,,
65289,7549,11,5,6,28.43,,
65303,BP0535,5,3,2,138.06,,
65308,7721,0,0,0,458.33,,
65309,6627,9,4,5,14.06,,
65317,1360,0,0,0,6.23,,
65318,1225,4,0,4,5.44,,
65320,11736,5,0,5,3.26,,
65322,1725,2,0,2,25.87,,
65323,1726,2,1,1,17.86,,
65324,83553,0,0,0,719.2,,
65325,46054,1,1,0,58.94,,
65332,001-041-560,0,0,0,45.45,,
65341,42030X,0,0,0,54.49,,
65351,010-11089-01,3,2,1,18.74,,
65353,RC1210CAP24V,0,0,0,3326.83,4364.8,
65354,980650001,0,0,0,289.87,,
65355,959941001,0,0,0,126.58,,
65356,959941011,0,0,0,126.58,,
65369,959940201,2,1,1,131.65,,
65370,959940211,6,3,3,131.65,,
65371,980520501,4,3,1,77.22,,
65372,980520511,6,3,3,77.22,,
65373,980520811,6,3,3,125.32,,
65374,980520901,6,3,3,125.32,,
65375,980520911,2,2,0,125.32,,
65376,980620811,3,2,1,144.3,,
65377,980620801,0,0,0,144.3,,
65378,980620901,0,0,0,144.3,,
65379,980620911,5,1,4,144.3,,
65380,980960201,0,0,0,75.95,,
65381,980960211,6,1,5,75.95,,
65382,980960231,0,0,0,86.08,,
65383,980960241,4,2,2,86.08,,
65384,980960301,4,0,4,101.27,,
65385,980960311,7,4,3,101.27,,
65388,980960341,2,0,2,108.86,,
65389,980960351,8,4,4,108.86,,
65390,980960461,4,2,2,121.52,,
65391,980960471,1,1,0,121.52,,
65392,980573021,0,0,0,121.52,,
65393,980740011,2,2,0,196.2,,
65394,980950071,0,0,0,145.57,,
65395,980950081,2,2,0,145.57,,
65396,980950061,2,2,0,145.57,,
65398,958109021,13,6,7,34.18,,
65399,958109011,8,4,4,27.85,,
65400,958109111,0,0,0,27.85,,
65401,958109121,0,0,0,34.18,,
65402,958110011,4,2,2,29.11,,
65403,958110021,10,7,3,34.18,,
65404,958110111,3,3,0,29.11,,
65405,958110121,3,0,3,34.18,,
65406,958109511,4,2,2,29.11,,
65407,958109521,7,4,3,35.44,,
65408,958109611,0,0,0,29.11,,
65409,958109621,1,0,1,34.18,,
65410,958110511,5,3,2,30.38,,
65411,958110521,2,2,0,34.18,,
65413,958110621,0,0,0,34.18,,
65414,959950121,0,0,0,127.85,,
65415,959951121,0,0,0,127.85,,
65416,980630002,1,0,1,111.39,,
65419,980630102,0,0,0,111.39,,
65421,980629001,0,0,0,88.61,,
65422,980629501,4,2,2,101.27,,
65424,959700101,2,2,0,56.96,,
65425,959700701,0,0,0,56.96,,
65427,980704001,1,1,0,82.28,,
65431,DRS12AX,2,1,1,3964.95,,4895.0
65434,980869301,7,3,4,24.05,,
65435,980869401,0,0,0,24.05,,
65436,980869501,6,4,2,24.05,,
65437,980869601,7,0,7,24.05,,
65440,980500521,4,2,2,27.85,,
65441,980500541,12,4,8,24.05,,
65442,980500721,3,1,2,27.85,,
65443,980502221,5,3,2,27.85,,
65444,980502241,9,4,5,24.05,,
65445,980507221,9,5,4,27.85,,
65446,980507241,7,4,3,24.05,,
65447,980507251,6,6,0,22.78,,
65449,958121001,1,0,1,60.76,,
65450,958121011,2,2,0,63.29,,
65451,958121101,4,3,1,63.29,,
65452,5287,1,0,1,2.91,,
65453,5235100,18,16,2,12.41,,
65454,5236100,15,11,4,11.92,,
65455,5237100,10,2,8,11.92,,
65456,5239100,17,9,8,11.92,,
65457,5240100,17,10,7,11.92,,
65458,5241100,17,10,7,11.92,,
65459,5242100,16,7,9,11.92,,
65460,5243100,9,6,3,11.92,,
65461,5244100,17,11,6,11.92,,
65462,5245100,12,6,6,11.92,,
65463,958121111,0,0,0,63.29,,
65464,958123001,3,0,3,56.96,,
65465,958124401,0,0,0,44.3,,
65466,002984335,0,0,0,39.24,,
65467,002984385,5,3,2,39.24,,
65468,002984345,6,2,4,39.24,,
65469,002984395,4,3,1,39.24,,
65470,002984315,0,0,0,43.04,,
65471,002984365,0,0,0,44.3,,
65472,002984325,2,1,1,43.04,,
65473,002984375,1,1,0,43.04,,
65474,002984305,6,1,5,39.24,,
65475,002984355,0,0,0,39.24,,
65477,002984535,0,0,0,62.03,,
65478,002984601,0,0,0,94.94,,
65479,002984505,0,0,0,59.49,,
65480,002984565,1,1,0,59.49,,
65485,003562025,1,1,0,17.72,,
65487,003562045,4,4,0,18.99,,
65489,003562005,5,3,2,17.72,,
65491,003562015,0,0,0,17.72,,
65494,003361002,0,0,0,68.35,,
65495,003361012,15,8,7,72.15,,
65496,003361022,8,5,3,68.35,,
65497,002843011,0,0,0,22.78,,
65498,706729011,13,10,3,5.06,,
65500,998502001,0,0,0,136.71,,
65501,156,2,1,1,8.99,,
65512,003562035,2,2,0,17.72,,
65513,1942,0,0,0,2107.91,,
65514,60754,3,3,0,31.96,,
65515,966,0,0,0,31.14,,
65516,967,4,2,2,27.09,,
65532,010-01962-00,2,2,0,119.99,,
65533,010-01962-10,1,1,0,356.24,,
65534,010-11868-20,0,0,0,322.49,,
65535,010-11868-21,1,1,0,322.49,,
65536,010-11868-22,0,0,0,322.49,,
65537,010-12465-00,0,0,0,187.49,,
65538,010-11937-21,2,1,1,824.99,,
65539,010-12187-20,1,0,1,3119.99,,
65540,010-12182-20,1,0,1,2418.74,,
65541,010-11643-20,0,0,0,2459.99,,
65543,010-12188-20,0,0,0,3097.49,,
65547,1866680,4,0,4,121.21,,
65548,3116,6,3,3,441.54,,
65549,3118,3,1,2,571.49,,
65550,11990,8,2,6,13.27,,
65569,ATPSENSTD,18,10,8,66.96,,
65570,SCH-11,44,20,24,7.5,,
65573,A80464,10,5,5,307.99,,
65574,A80465,0,0,0,1099.99,,
65575,T70318,0,0,0,1891.66,,
65576,T70319,2,1,1,1891.66,,
65583,3113,0,0,0,144.56,,
65585,A80018,0,0,0,701.08,,
65586,A80475,2,2,0,98.0,,
65587,A80476,3,3,0,106.52,,
65588,A80477,1,0,1,166.18,,
65589,A80485,0,0,0,55.39,,
65590,SC-USB-02,21,12,9,32.06,,
65591,DS-H10,35,15,20,19.13,,
65600,A80510,10,7,3,367.01,,
65606,R70527,10,3,7,46.86,,
65609,OCTAF1212BP12,0,0,0,847.07,,
65611,ZDIGSPLK1500,5,3,2,265.96,,
65616,8806LP2,9,5,4,49.54,,
65617,8806LPG2,22,7,15,52.39,,
65619,NM-NG1-NF-00.5,0,0,0,33.28,,
65620,58103-1012,3,2,1,487.06,,
65625,001-122-910,0,0,0,172.73,,
65627,27SA-24,7,1,6,127.04,,
65629,81300400,2,2,0,369.34,,
65630,010-12165-02,0,0,0,16.44,,
65644,FAP6310,0,0,0,1688.89,,
65649,010-12390-30,0,0,0,78.75,,
65652,S00-00522-24,3,1,2,11.29,,
65668,A10-210PB,7,5,2,25.79,,
65715,AF45,4,2,2,30.17,,
65716,AF90,6,4,2,14.48,,
65718,71928P,6,3,3,1.91,,
65721,71955T,0,0,0,13.73,,
65722,T-FITTING,4,1,3,13.87,,
65724,71861H,4,2,2,49.48,,
65727,71004K,51,23,28,2.28,,
65728,UNION 62CA-6,0,0,0,8.48,,
65729,MD 38 NI COM FT,0,0,0,21.24,,
65733,UPS BLKHD T-FIT,8,4,4,63.81,,
65734,UPS T-FITTING,3,0,3,45.96,,
65738,UPS 4-4 FLO-SS,3,1,2,116.03,,
65740,40878B,5,2,3,20.77,,
65744,42838Z,5,2,3,33.67,,
65745,40736E-UC94,6,4,2,18.37,,
65748,40735C,4,2,2,18.92,,
65749,40822X,2,2,0,34.63,,
65750,40736E,2,2,0,17.99,,
65751,73115F,2,1,1,34.8,,
65753,40736E-SVS,3,1,2,44.08,,
65754,A80488,0,0,0,55.39,,
65757,RF41200,6,4,2,33.81,50.22,
65779,010-12586-00,4,4,0,17.39,,
65780,010-12588-00,0,0,0,14.49,,
65781,010-12590-00,0,0,0,11.59,,
65782,010-12587-00,0,0,0,17.39,,
65784,010-12591-00,3,2,1,11.13,,
65789,TU95-50,7,5,2,158.57,,
65791,171CA-6-4,5,4,1,27.07,,
65803,RCM5,1,1,0,125.0,,
65812,F16-0080,3,3,0,62.78,,
65813,F40-0018WHC-A,6,6,0,4.93,,
65820,184003,22,17,5,5.51,,
65823,77010310,8,7,1,296.59,,
65824,DST800L-235-N2,0,0,0,604.4,,
65825,33-409-01,0,0,0,100.43,,
65827,221HF012,5,3,2,927.33,,
65838,1812ATP,1,1,0,946.17,,
65845,010-12528-02,8,4,4,48.74,,
65846,010-12531-00,5,0,5,11.24,,
65854,B501BT/L,8,1,7,412.92,,
65855,B501CHT/L,2,2,0,412.92,,
65856,B501B/L,4,2,2,360.32,,
65857,B501CH/L,0,0,0,354.35,,
65862,B502BT/L,0,0,0,720.38,,
65863,B502CHT/L,4,2,2,724.19,,
65864,B502B/L,4,2,2,618.06,,
65865,B502CH/L,3,2,1,573.1,,
65905,000-176-666-10,0,0,0,78.18,,
65906,SCR-24-CC-BZ-10,8,0,8,425.61,,635.0
65908,SCR-24-BW-BZ-10,0,0,0,431.74,,625.0
65909,SCR-24-GW-BZ-10,0,0,0,431.74,,625.0
65910,SCR-24-BB-BZ-10,2,0,2,431.74,,625.0
65915,A503-31CBBR-HE,1,1,0,128.05,,
65916,LL-101-PRO,4,2,2,67.07,,
65918,15099-001,3,0,3,23.43,,
65923,NEW-12V-24V-7A,0,0,0,558.22,,
65924,NEW-12V-24V-16A,0,0,0,711.11,,
65937,MC14X06,0,0,0,34.32,,
65939,MC14X10,2,0,2,38.0,,
65940,MC14X12,5,2,3,39.84,,
65941,MC14X14,2,0,2,41.69,,
65942,MC14X16,2,0,2,43.53,,
65943,MC14X18,2,0,2,45.37,,
65945,MC14X22,0,0,0,49.07,,
65947,MC14X26,0,0,0,52.75,,
65948,MC14X28,0,0,0,54.6,,
65949,MC14X30,2,2,0,56.44,,
65950,MC14X32,0,0,0,67.51,,
65951,MC14X34,0,0,0,76.13,,
65952,MC14X36,0,0,0,84.68,,
65953,MC36X06,0,0,0,31.92,,
65954,MC36X08,0,0,0,31.69,,
65955,MC36X10,2,2,0,33.55,,
65956,MC36X12,0,0,0,37.45,,
65957,MC36X14,0,0,0,39.29,,
65958,MC36X16,2,2,0,41.13,,
65959,MC36X18,4,2,2,42.97,,
65960,MC36X20,0,0,0,44.83,,
65961,MC36X22,0,0,0,46.67,,
65962,MC36X24,0,0,0,48.83,,
65963,MC36X26,4,2,2,51.07,,
65964,MC36X28,0,0,0,53.25,,
65965,MC36X30,0,0,0,55.51,,
65966,MC36X32,0,0,0,67.51,,
65967,MC36X34,0,0,0,76.13,,
65968,MC36X36,0,0,0,84.68,,
65969,MC36X38,0,0,0,100.2,,
65974,MC5X08,0,0,0,34.08,,
65975,MC5X10,2,0,2,35.92,,
65976,MC5X12,4,2,2,37.77,,
65977,MC5X14,2,0,2,39.61,,
65978,MC5X16,6,4,2,41.45,,
65979,MC5X18,0,0,0,43.31,,
65981,MC5X22,4,2,2,46.99,,
65983,MC5X26,4,2,2,51.07,,
65984,MC5X28,2,0,2,53.25,,
65985,MC5X30,1,1,0,41.99,,
65986,MC5X32,0,0,0,66.28,,
65987,MC5X34,0,0,0,76.13,,
65988,MC5X36,0,0,0,84.68,,
65990,MC5X38,0,0,0,93.25,,
65991,MC0X06,2,0,2,27.13,,
65992,MC0X08,4,2,2,28.23,,
65993,MC0X10,2,0,2,29.93,,
65994,MC0X12,3,0,3,31.15,,
65995,MC0X14,2,2,0,34.16,,
65996,MC0X16,2,2,0,36.88,,
65997,MC0X18,1,1,0,39.79,,
65998,MC0X20,4,4,0,42.71,,
65999,MC0X22,5,3,2,45.64,,
66000,MC0X24,4,2,2,48.57,,
66001,MC0X26,4,2,2,51.53,,
66002,MC0X28,0,0,0,54.41,,
66003,MC0X30,2,0,2,57.33,,
66004,MC0X32,4,2,2,71.48,,
66005,MC0X34,0,0,0,75.47,,
66006,MC0X36,0,0,0,79.45,,
66007,MC0X38,0,0,0,83.4,,
66015,LNZ-512S,9,4,5,51.11,,
66025,SET0090,1,1,0,172.8,,
66028,545-5010-7,10,8,2,27.7,,
66030,MGR450B,22,14,8,105.0,,
66036,RLS-508-401,6,3,3,70.31,,
66037,RLS-509-401,5,2,3,64.69,,
66048,010-12491-01,0,0,0,19.99,,
66053,010-12236-00,0,0,0,314.99,,
66054,010-12236-01,0,0,0,397.49,,
66055,010-12236-02,0,0,0,547.49,,
66056,010-12239-00,0,0,0,14.99,,
66060,010-12237-00,0,0,0,14.99,,
66062,010-12239-01,0,0,0,14.99,,
66063,010-12237-01,0,0,0,14.99,,
66065,010-12520-00,0,0,0,55.99,,
66071,RLS-509-405,5,2,3,73.13,,
66073,010-12098-00,36,24,12,18.74,,
66075,010-12020-00,8,2,6,6.99,,
66100,980950051,0,0,0,145.57,,
66103,66502-1,35,23,12,17.1,,
66104,001-409-520-00,0,0,0,222.73,,
66105,A06075,16,10,6,38.34,,
66106,A06076,6,1,5,38.34,,
66109,11969-4,2,2,0,23.81,,
66110,13710-4,30,21,9,32.74,,
66112,117553-7,14,9,5,10.68,,
66126,A80500,0,0,0,68.17,,
66128,010-12006-11,1,1,0,22.49,,
66135,02840300A,5,2,3,520.67,,
66157,29550,0,0,0,18.09,,
66158,29551,2,2,0,13.7,,
66159,29552,4,2,2,6.26,,
66161,29751,7,7,0,8.81,,
66162,LMB-EXTSHORT,0,0,0,202.5,,
66165,165T-B54,3,1,2,1688.89,,
66166,136,0,0,0,164.0,,
66168,055-43250-7,4,4,0,18.36,,
66177,83550,0,0,0,561.81,,
66215,1PPOT,21,13,8,21.84,,
66232,ZDIGAIT1500N2K,3,2,1,524.96,,
66237,3876-3,39,19,20,7.91,,
66238,AR-6493,7,3,4,32.7,,
66240,R70384,0,0,0,136.35,,
66247,TM260-BL,0,0,0,1088.65,1499.0,
66256,A80438,0,0,0,346.46,,
66257,A80011,0,0,0,1792.66,2199.0,
66277,15140-001,4,0,4,16.69,,
66286,A80440,4,2,2,149.99,,
66288,F16-2525,10,1,9,41.83,,
66289,100-357-172-10,0,0,0,22.73,,
66292,300-038,0,0,0,2206.09,,2757.62
66294,317302400,0,0,0,284.38,,454.99
66295,SET0087,0,0,0,67.2,,
66303,1341,4,4,0,8.06,,
66305,000-159-688,0,0,0,100.0,,
66306,BP-T901P,0,0,0,591.46,,
66308,S3-0506_A,0,0,0,599.53,,
66319,B4A02753,0,0,0,656.12,,
66322,GP1900-06,0,0,0,319.99,,
66342,RFLAERTR,3,3,0,21.11,,
66345,FPF6,12,12,0,15.45,,
66347,SACP6,6,6,0,8.33,,
66348,SACP8,13,13,0,9.64,,
66349,FSB1223,0,0,0,22.47,,
66350,FSB1631,0,0,0,34.78,,
66351,6033,5,2,3,60.71,,
66352,6126SC,0,0,0,54.38,,
66353,SET0089,0,0,0,98.67,,
66354,BP65S,1,1,0,25.71,,
66365,F106877,44,30,14,47.59,,
66367,F12066,12,5,7,36.05,,
66374,RMX4500-08,0,0,0,399.99,,
66378,44020120,6,2,4,416.2,,
66384,B275C-LHW-MM,1,1,0,1789.47,2464.0,
66386,DSM410-01,0,0,0,476.0,,
66392,001-435-870-00,0,0,0,86.36,,
66402,58359,4,1,3,183.34,,
66405,STC,3,1,2,278.13,,
66407,SP4157,0,0,0,59.51,,
66408,1015,2,2,0,15.46,,
66409,1016,39,39,0,15.46,,
66411,11311,28,14,14,12.4,,
66412,11312,1,0,1,8.95,,
66413,11313,19,19,0,12.4,,
66414,375,5,0,5,11.87,,
66415,19308,0,0,0,230.63,,
66423,GP1800-07,0,0,0,312.72,,
66425,R70523,5,2,3,42.6,,
66426,L10-1003-1,4,2,2,1494.97,,
66427,L10-1002-1,9,3,6,276.46,,
66428,L10-1003BAG,0,0,0,349.04,,
66434,P102923,0,0,0,130.71,,
66448,83554,0,0,0,974.96,,
66449,83557,0,0,0,616.93,,
66450,83562,0,0,0,726.2,,
66451,CAM-MM-02,0,0,0,272.81,,
66452,CAM-PT-150-02,3,0,3,239.06,,
66453,CAM-PT-300-02,3,2,1,250.31,,
66454,010-11599-10,19,12,7,79.98,,
66462,7879CR-FI,0,0,0,49.28,,
66463,41500500,0,0,0,34.71,,
66466,SHC-18,11,5,6,52.5,,
66490,MM3-VNA-024,0,0,0,227.27,,
66491,0150,5,0,5,20.61,,
66492,0151,6,6,0,24.23,,
66493,0152,8,8,0,25.78,,
66499,INTTYPES,3,2,1,788.24,,
66500,INTTYPET,1,1,0,831.71,,
66501,INTTYPER,0,0,0,659.52,,
66502,INTTYPEH,1,0,1,718.02,,
66503,INTTYPEA,4,3,1,125.38,,
66504,INTREMOTE,2,1,1,40.96,,
66505,132000-400-004-18,46,16,30,84.99,,
66527,PO414DWC-10,0,0,0,172.82,,
66529,BHW4025,5,3,2,50.53,,
66530,ATPDISPBR,7,3,4,167.27,,
66531,ATPBRCABLE,0,0,0,35.71,,
66537,010-12445-13,1,0,1,15.74,,
66550,PT109,8,3,5,8.14,,
66555,4158-163-E75,12,7,5,337.3,,
66563,131252,2,2,0,10.6,,
66564,141250,6,6,0,17.67,,
66565,161250,0,0,0,21.2,,
66566,620106,4,4,0,11.3,,
66567,620206,11,7,4,14.13,,
66568,620306,6,6,0,17.67,,
66569,861600,3,3,0,35.34,,
66571,137401,0,0,0,56.56,,
66572,144900,0,0,0,12.71,,
66573,145000,2,1,1,17.67,,
66574,146000,0,0,0,28.27,,
66575,777101,0,0,0,69.87,,
66576,787010,2,2,0,80.43,,
66584,344010,0,0,0,6.43,,
66585,RF1135-20,16,14,2,3.93,,
66586,RF1136,7,2,5,7.15,,
66587,354010,4,4,0,7.71,,
66588,RF2330,0,0,0,17.02,25.29,
66589,364010,0,0,0,9.64,,
66591,374010,1,1,0,11.57,,
66592,RF3124,0,0,0,93.12,138.33,
66593,374110,4,4,0,12.86,,
66596,386001,1,1,0,10.6,,
66597,RF3132,0,0,0,81.01,120.33,
66598,387001,0,0,0,12.01,,
66600,360710,24,13,11,5.79,,
66601,370710,90,27,63,6.43,,
66602,RF44140,0,0,0,81.09,118.15,
66603,705001,20,12,8,10.93,,
66604,RF44188,0,0,0,83.54,101.15,
66605,708001,0,0,0,16.07,,
66606,RF444,0,0,0,31.04,46.1,
66608,2350000,9,5,4,3.21,,
66610,2360001,100,100,0,5.14,,
66611,2370002,1,1,0,6.43,,
66612,RF62100,0,0,0,141.36,,
66613,RF66100,0,0,0,33.31,47.94,
66614,RF72100,0,0,0,171.44,236.07,
66633,0301DP5,17,10,7,4.96,,
66636,R409C-LWM,0,0,0,4582.35,,
66639,EIC20130,3,3,0,112.15,,
66642,GP1200-14,0,0,0,363.62,,
66647,331-548,0,0,0,27.84,,
66669,001-470-970-00,0,0,0,427.27,,
66673,212513,0,0,0,168.75,269.99,
66680,SM-ACC-SNAP,3,2,1,31.26,,38.47
66682,SM-ACC-INFR,5,2,3,109.84,,135.19
66683,SM-ACC-REED,7,2,5,14.94,,18.38
66684,SM-ACC-EPIR,6,1,5,118.29,,145.59
66685,SM-ACC-SHOR,4,1,3,59.14,,72.79
66687,SM-ACC-DCRE,4,2,2,22.81,,28.07
66692,142006,4,2,2,58.44,,
66693,142100,0,0,0,45.73,,
66694,142208,2,0,2,72.88,,
66697,00900-40,8,6,2,9.19,,
66700,00900-37A,7,0,7,3.84,,
66706,7717N,7,3,4,15.2,,
66730,TS1029,0,0,0,16.34,,
66740,RA-259-239-G,8,3,5,10.51,,
66742,136400,3,3,0,40.12,,
66745,07200,9,5,4,538.77,,
66746,06200,5,2,3,344.44,,
66749,010-11078-01,12,4,8,41.24,,
66750,010-11351-50,0,0,0,33.74,,
66755,16870,34,10,24,4.21,,
66756,16871,10,0,10,9.22,,
66757,16873,25,5,20,10.25,,
66819,CLIP-AIS,0,0,0,301.23,,
66831,A503-11AAG-HE,0,0,0,128.05,,
66833,GP2050-16,0,0,0,327.26,,
66841,F14215,12,12,0,14.1,,
66842,F14216,0,0,0,15.2,,
66843,F12811,0,0,0,11.53,,
66845,725001,3,3,0,11.57,,
66847,F12637,6,6,0,20.04,,
66848,108401,3,3,0,11.57,,
66849,108700,0,0,0,12.86,,
66850,F13758,12,1,11,16.97,,
66851,F14060,0,0,0,16.95,,
66852,181250,11,3,8,31.81,,
66857,465100,0,0,0,9.19,,
66858,500000,1,1,0,16.26,,
66860,FUR-DWN-CBL,0,0,0,59.09,,
66861,500101,1,1,0,11.3,,
66862,500102,7,7,0,11.3,,
66868,SCR-24-AG-BZ-10,0,0,0,431.74,,625.0
66872,106113,2,2,0,221.87,350.19,
66874,262113,17,8,9,243.75,389.99,
66877,110113,1,1,0,284.37,454.99,
66886,7531,4,2,2,542.96,,
66890,98 075,0,0,0,149.75,194.39,
66897,760200,0,0,0,24.74,,
66898,760301,0,0,0,31.81,,
66900,374310,0,0,0,12.86,,
66909,EOS130-BK,5,3,2,36.11,57.99,
66911,344987,0,0,0,3.21,,
66912,345500,3,3,0,6.43,,
66913,2375002,168,152,16,6.43,,
66914,2373005,24,5,19,9.64,,
66915,2361800,11,11,0,5.14,,
66919,T70407,1,1,0,1239.99,,
66920,100103,8,8,0,10.6,,
66921,530006,0,0,0,17.67,,
66923,620292,10,9,1,14.13,,
66925,613306,1,0,1,28.27,,
66958,PTS-1,2,1,1,165.19,,
66959,PTS-2,3,2,1,262.08,,
66960,ARM101,0,0,0,109.94,,
66961,ARM101WP,0,0,0,17.0,,
66971,470000,3,3,0,12.86,,
66972,R70484,13,0,13,17.03,,
66973,MMC-12G,3,2,1,104.18,135.0,
66977,E70373-00-NAG,0,0,0,4641.59,,
66985,A80490,7,3,4,59.65,,
66997,P12074,0,0,0,522.67,,
66998,P12073,2,0,2,509.33,,
66999,GP1050-15,1,1,0,327.26,,
67002,010-12117-10,0,0,0,14.99,,
67007,PW 02685,2,2,0,11.15,18.95,
67010,KR 41511,6,6,0,16.54,25.95,
67011,CA 03516-6,11,11,0,27.96,35.95,
67012,Z60-8266VEL26-2,4,1,3,48.86,,
67013,Z60-7279VEL27.5-2,21,9,12,38.14,,
67014,Z60-7288VEL30.75-2,8,4,4,47.22,,
67015,Z10-4067BLY60MM,6,2,4,36.33,,
67016,Z10-4085BLY60MM,4,4,0,45.44,,
67024,BPA,0,0,0,42.73,,
67032,M6385,10,0,10,32.87,,
67033,M180132,23,6,17,12.45,,
67034,M180232,5,0,5,11.03,,
67035,M180332,12,6,6,10.82,,
67045,220161,3,3,0,27.98,,
67046,220162,6,4,2,27.98,,
67047,220163,5,1,4,34.07,,
67049,710265-1,0,0,0,280.32,,
67052,817-1000,3,1,2,338.51,,
67053,817-2000,7,0,7,669.8,,
67055,817-1050,0,0,0,453.94,,
67056,817-2080,20,7,13,823.66,,
67057,808-0817-01,10,1,9,61.01,,
67058,808-9817,9,4,5,25.09,,
67059,ECP135,0,0,0,77.08,,
67060,ECPL38,0,0,0,165.76,,
67063,1854051,2,2,0,191.63,,
67070,1810440,1,0,1,1575.64,,
67071,1810441,6,2,4,1575.64,,
67072,1810442,3,1,2,1575.64,,
67073,1810443,3,0,3,1575.64,,
67075,1810445,0,0,0,1575.64,,
67076,1810450,2,0,2,1647.26,,2299.99
67077,1810451,0,0,0,1647.26,,2299.99
67078,1810452,5,3,2,1647.26,,2299.99
67079,1810453,0,0,0,1647.26,,2299.99
67081,1810455,3,0,3,1647.26,,2299.99
67082,1810462,1,1,0,1933.75,,2699.99
67083,1810463,3,1,2,1933.75,,2699.99
67084,1810247,0,0,0,106.46,,
67087,1810257,5,2,3,127.75,,
67089,A80333,0,0,0,8.51,,
67092,010-12342-00,0,0,0,79.98,,
67093,136200,0,0,0,28.27,,
67095,757004,2,2,0,45.68,,
67096,112300,5,5,0,28.27,,
67097,134830,0,0,0,19.03,,
67099,RC1010CAP12V,0,0,0,2031.25,2860.0,
67101,3875-3,11,7,4,6.63,,
67115,767000,0,0,0,79.19,,
67129,EVO-2212,0,0,0,1371.7,1891.9,
67130,EVO-3012,0,0,0,1611.44,2273.0,
67131,EVO-2224,0,0,0,1371.7,1891.9,
67132,EVO-4024,1,1,0,1674.2,2309.1,
67134,EVO-RC,0,0,0,107.05,147.6,
67135,SAM-1500C-12,1,1,0,289.66,399.5,
67136,SAM-100-12,0,0,0,26.82,36.9,
67137,SAM-250-12,0,0,0,48.18,66.5,
67138,LHC,0,0,0,374.05,,
67139,SAM-450-12,2,2,0,57.84,79.7,
67141,SAM-800-12,4,4,0,84.43,116.5,
67155,SAM-1000-12,1,1,0,103.41,142.7,
67156,SAM-1500-12,0,0,0,177.73,245.1,
67157,SAM-2000-12,1,1,0,242.16,334.1,
67158,SAM-3000-12,0,0,0,360.23,496.9,
67165,SSW-350-12A,0,0,0,96.14,132.6,
67166,SSW-600-12A,2,2,0,158.18,218.2,
67170,PST-300-12,4,4,0,178.86,246.8,
67171,PST-600-12,2,2,0,222.39,306.7,
67173,PST-1500-12,0,0,0,487.27,672.11,
67174,PST-2000-12,1,1,0,644.43,888.9,
67175,PST-3000-12,3,3,0,906.25,1249.8,
67176,PST-300-24,4,4,0,178.86,246.8,
67177,PST-600-24,5,5,0,222.39,306.7,
67178,PST-1000-24,3,3,0,400.68,552.7,
67179,PST-1500-24,1,1,0,487.27,672.11,
67180,PST-2000-24,1,1,0,644.43,888.9,
67181,PST-3000-24,1,1,0,896.07,1249.8,
67182,STS-30,0,0,0,213.41,294.4,
67183,SBR-27LI,7,4,3,30.0,,
67187,SEC-1215UL,3,3,0,145.8,201.1,
67188,SEC-1230UL,3,3,0,204.2,281.7,
67189,SEC-1250UL,1,1,0,371.02,511.7,
67190,SEC-1280UL,2,2,0,526.93,726.7,
67191,SEC-2415UL,3,3,0,204.2,281.7,
67192,SEC-2425UL,0,0,0,367.84,507.3,
67193,SEC-2440UL,2,2,0,526.93,726.7,
67194,900-RC,0,0,0,29.43,40.5,
67195,RC-15,0,0,0,17.05,23.4,
67196,RC-15A,1,1,0,27.39,37.7,
67198,RC-300,0,0,0,62.61,86.4,
67199,SAM-RC,0,0,0,26.82,36.9,
67213,DC-1000-KIT,0,0,0,118.98,164.1,
67214,DC-2000-KIT,0,0,0,140.23,193.3,
67215,DC-2500-KIT,0,0,0,211.59,291.8,
67216,DC-3500-KIT,0,0,0,416.02,573.8,
67217,7462,2,0,2,47.04,,
67218,3131,4,4,0,32.09,,
67220,DC-FA-100,2,2,0,31.48,43.5,
67221,DC-FA-200,2,2,0,31.48,43.5,
67223,DC-FA-300,2,2,0,31.48,43.5,
67224,MRBF-100,3,3,0,12.5,17.2,
67225,MRBF-200,3,3,0,12.5,17.2,
67226,MRBF-300,8,8,0,12.5,17.2,
67227,7532,7,3,4,691.06,,
67228,DC-FB-2,1,1,0,26.36,36.4,
67229,JLLN-400,2,2,0,102.05,140.7,
67230,CFB2-400,1,1,0,124.66,171.9,
67232,BF16,0,0,0,79.17,117.0,
67233,GP1040-40,0,0,0,334.53,,
67241,BG-200,1,1,0,175.57,279.4,
67242,BW-01,0,0,0,39.89,55.1,
67243,BW-03,1,1,0,72.16,99.5,
67244,ACR-160,0,0,0,106.14,146.4,
67245,SDC-15,0,0,0,72.16,99.6,
67246,SDC-23,6,6,0,80.8,111.4,
67247,SDC-5,4,4,0,34.89,48.1,
67248,SDC-12,0,0,0,46.36,63.9,
67249,SDC-30,0,0,0,115.34,159.1,
67250,SDC-60,0,0,0,277.73,383.0,
67251,IDC-100A-12,0,0,0,118.64,163.6,
67252,IDC-100B-12,0,0,0,118.64,163.6,
67253,IDC-100C-12,1,1,0,118.64,163.6,
67254,IDC-100D-12,0,0,0,118.64,163.6,
67255,IDC-100A-24,0,0,0,118.64,163.6,
67256,IDC-100C-24,0,0,0,118.64,163.6,
67257,IDC-200A-12,0,0,0,136.7,188.6,
67258,IDC-200B-12,0,0,0,136.7,188.6,
67259,IDC-200C-12,0,0,0,136.7,188.6,
67260,IDC-200D-12,0,0,0,136.7,188.6,
67261,IDC-200A-24,0,0,0,136.7,188.6,
67262,IDC-200B-24,0,0,0,136.7,188.6,
67263,IDC-200C-24,0,0,0,136.7,188.6,
67264,IDC-360A-12,0,0,0,263.41,363.3,
67265,IDC-360B-12,0,0,0,263.41,363.3,
67266,IDC-360C-12,0,0,0,263.41,363.3,
67267,IDC-360D-12,0,0,0,263.41,363.3,
67268,IDC-360A-24,0,0,0,263.41,363.3,
67269,IDC-360B-24,0,0,0,263.41,363.3,
67270,IDC-360C-24,0,0,0,263.41,363.3,
67271,STEP7,2,2,0,87.61,120.8,
67272,STEP10,0,0,0,122.05,168.3,
67273,STEP20,0,0,0,253.64,349.8,
67276,59001,0,0,0,21.36,,
67277,59000,0,0,0,44.01,,
67295,93-303,42,29,13,15.4,,
67296,93-304,10,10,0,12.06,,
67297,C3-803,66,40,26,5.35,,
67298,C3-805,96,66,30,5.35,,
67299,C3-810,70,50,20,5.35,,
67300,C7-10,53,32,21,12.78,,
67301,C7-10-02,16,13,3,14.0,,
67302,S3-0503,1,0,1,1229.99,,
67303,F7-53,24,24,0,6.96,,
67304,F7-73,46,27,19,9.78,,
67305,M1-15-61-8,0,0,0,43.79,,
67306,M1-20-32-48,0,0,0,73.62,,
67307,M1-20-81-48,0,0,0,69.21,,
67309,M1-2A-11-1,0,0,0,24.06,,
67310,M1-2A-13-5,32,19,13,14.78,,
67311,90919,45,45,0,10.47,,
67312,90923,133,68,65,10.47,,
67313,90925,20,0,20,7.99,,
67314,90927,47,17,30,7.99,,
67316,90891,66,45,21,8.0,,
67317,90893,70,70,0,8.0,,
67318,90892,50,50,0,8.0,,
67325,131550,2,0,2,261.2,,
67329,188024,21,21,0,10.51,,
67330,106096,65,39,26,15.24,,
67336,710273-1,0,0,0,65.11,,
67344,MFC-2BS,0,0,0,15.41,,
67345,MFC-2NS,0,0,0,15.41,,
67346,MFC-3BS,6,5,1,23.73,,
67347,MFC-3NS,0,0,0,23.73,,
67348,MFC-4BS,7,4,3,25.99,,
67352,MFC-4NS,5,3,2,28.86,,
67357,MFC-1BD,0,0,0,14.63,,
67358,MFC-1BS,0,0,0,12.44,,
67359,MFC-1NS,0,0,0,12.44,,
67360,MFC-2BD,0,0,0,21.94,,
67361,MFC-2ND,0,0,0,21.94,,
67362,MFC-3BD,0,0,0,37.49,,
67364,MFC-3ND,0,0,0,37.49,,
67367,MFC-4BD,5,3,2,45.12,,
67368,MFC-4ND,13,8,5,40.99,,
67373,MFC-A2B,4,2,2,23.49,,
67377,MFC-A2N,0,0,0,26.27,,
67389,MFC-A3B,5,5,0,29.99,,
67390,MFC-A3N,10,2,8,31.0,,
67391,MFC-A4B,1,0,1,46.99,,
67392,MFC-A4N,0,0,0,55.87,,
67393,MFC-A5B,0,0,0,80.81,,
67394,MFC-A5N,0,0,0,80.81,,
67395,MFC-A6B,4,2,2,102.53,,
67396,MFC-A7N,0,0,0,136.04,,
67397,MFC-A7B,0,0,0,136.04,,
67398,MFC-F4N,4,4,0,36.49,,
67399,MFC-F4B,0,0,0,46.55,,
67400,MFC-F7N,0,0,0,49.21,,
67401,MFC-F7B,1,1,0,49.21,,
67402,MFC-F8N,0,0,0,71.6,,
67403,MFC-F8B,0,0,0,71.6,,
67404,MFC-F10B,0,0,0,76.86,,
67406,MFC-F10N,0,0,0,76.86,,
67407,MFC-F11B,0,0,0,95.29,,
67408,MFC-F11N,0,0,0,95.29,,
67409,MFC-13B,0,0,0,145.92,,
67410,MFC-F13N,0,0,0,145.92,,
67412,M5-60-205-8,0,0,0,70.58,,
67415,MC-04-123-10,0,0,0,179.0,,
67416,MF-01-110-60,19,3,16,107.53,,
67417,37-20-086-20,10,0,10,19.55,,
67420,93-10-201-50,0,0,0,32.04,,
67421,93-314,3,3,0,13.21,,
67422,C2-32-25,19,17,2,21.22,,
67423,C7-10-15,5,0,5,11.59,,
67424,F7-530,22,6,16,5.74,,
67426,1001401,16,10,6,3.87,,
67427,1001402,12,10,2,3.59,,
67428,1001503,6,3,3,9.88,,
67429,1001504,10,6,4,14.29,,
67430,1001505,11,5,6,10.38,,
67431,1001506,11,8,3,14.41,,
67432,1001507,3,3,0,11.0,,
67433,1001508,8,2,6,7.94,,
67435,A80526,1,1,0,59.65,,
67436,A80527,0,0,0,76.69,,
67437,A80528,1,0,1,76.69,,
67438,A80525,0,0,0,59.65,,
67439,A80529,1,0,1,76.69,,
67440,A80524,0,0,0,59.65,,
67441,A80530,7,6,1,68.17,,
67442,A80531,0,0,0,74.99,,
67443,A80533,0,0,0,91.66,,
67444,209-1277-00,1,1,0,110.54,,
67445,1001306,19,11,8,15.27,,
67446,1001302,6,1,5,9.31,,
67447,1001303,4,2,2,15.34,,
67448,1001307,9,7,2,8.74,,
67449,1001304,0,0,0,26.02,,
67450,1001301,16,4,12,11.45,,
67451,1001305,0,0,0,11.81,,
67452,1001605,5,3,2,26.12,,
67454,1001606,0,0,0,21.89,,
67455,1001610,4,4,0,11.81,,
67456,1001604,2,0,2,24.85,,
67457,1001603,4,2,2,34.79,,
67458,1001607,4,2,2,18.69,,
67459,1001609,5,2,3,18.84,,
67460,1002301,3,3,0,18.74,,
67461,1001001,2,2,0,28.95,,
67462,1002101,0,0,0,59.08,,
67463,1002102,6,4,2,42.55,,
67464,1001601,12,6,6,12.82,,
67465,1001602,3,0,3,7.01,,
67466,1001101,0,0,0,5.9,,
67467,1001102,3,1,2,3.94,,
67468,1001103,8,3,5,3.94,,
67469,1001104,11,9,2,3.94,,
67470,1002206,2,2,0,19.65,,
67471,1002201,0,0,0,44.52,,
67472,1002205,15,4,11,30.18,,
67473,1002203,0,0,0,25.74,,
67474,1002204,5,3,2,22.38,,
67480,560-1814-7,0,0,0,25.0,,
67491,7010,8,1,7,17.86,,
67494,1128,4,4,0,17.55,,
67500,INF1022MLW,2,0,2,159.99,,
67507,T70327,4,2,2,285.32,,
67528,A526-31AAG-HE,14,11,3,127.11,,
67536,RF261,11,4,7,3.01,,
67538,RF263,0,0,0,3.01,,
67544,RF270,0,0,0,6.8,,
67547,RF273,0,0,0,6.8,,
67550,RF276,0,0,0,13.09,,
67578,32816,3,2,1,117.66,,
67603,1377615,1,1,0,594.22,,
67611,412,5,0,5,11.27,,
67613,413,1,0,1,11.58,,
67616,010-01759-00,2,2,0,183.74,,
67618,591,0,0,0,13.21,,
67619,010-12506-00,3,3,0,74.99,,
67623,010-12523-00,0,0,0,44.99,,
67627,010-12523-03,0,0,0,59.99,,
67629,010-12506-02,0,0,0,59.99,,
67631,444,3,3,0,22.4,,
67632,442,0,0,0,24.14,,
67633,446,6,2,4,24.14,,
67634,010-12505-02,4,1,3,11.24,,
67635,300,12,6,6,12.5,,
67636,302,4,4,0,12.5,,
67637,301,2,2,0,12.5,,
67640,847Q,0,0,0,12.06,,
67666,DT1H,22,16,6,69.68,,
67671,1001801,13,10,3,8.86,,
67672,1001802,16,8,8,8.3,,
67673,1001803,8,3,5,8.86,,
67674,1001804,11,5,6,9.16,,
67675,1001805,12,5,7,9.31,,
67676,1001806,4,0,4,9.31,,
67677,1001807,9,5,4,11.73,,
67678,1001808,18,5,13,11.81,,
67679,1001809,21,10,11,11.6,,
67680,1001810,2,0,2,9.74,,
67681,1001811,14,5,9,10.01,,
67682,1001812,6,6,0,11.73,,
67683,1001703,12,5,7,3.23,,
67684,1001702,7,5,2,5.44,,
67685,1001701,4,0,4,8.3,,
67686,1001705,5,2,3,6.68,,
67687,1001707,8,3,5,3.93,,
67688,1001708,10,5,5,7.21,,
67689,1001714,10,10,0,6.93,,
67690,1001716,0,0,0,14.36,,
67691,1001704,12,9,3,11.84,,
67692,1001709,22,10,12,5.54,,
67693,1001706,18,8,10,4.29,,
67694,1001710,15,7,8,6.26,,
67695,1001715,12,8,4,8.38,,
67696,1001711,22,17,5,6.3,,
67697,1001712,9,4,5,6.96,,
67698,1001713,14,6,8,7.76,,
67699,1001901,13,8,5,6.88,,
67700,1001906,7,4,3,7.23,,
67701,1001902,0,0,0,4.66,,
67702,1001908,9,7,2,7.01,,
67707,MCK632WB.6,25,17,8,68.13,,
67708,MCK632WB.64,18,5,13,90.85,,
67751,MR508UABW,14,9,5,72.17,,
67752,MR632UAB,25,15,10,37.72,,
67754,MR62W,14,9,5,32.9,,
67755,MR52W,22,10,12,24.34,,
67757,MRGB65B,14,6,8,56.82,,
67761,MR62B,19,8,11,32.9,,
67764,MR52B,18,6,12,23.99,,
67776,100102-W,0,0,0,9.17,,
67779,S72-0486,1,1,0,699.99,,
67786,EC-ER-DB,1,0,1,799.99,,
67788,EC-HP-DB-AC,2,2,0,1499.99,,
67790,99081,0,0,0,483.2,,
67791,99080,0,0,0,418.05,,
67793,11700100,6,2,4,51.14,,
67794,11700500,2,2,0,55.69,,
67795,11700700,3,0,3,52.65,,
67796,11700800,0,0,0,51.14,,
67797,11701500,0,0,0,61.76,,
67798,31430930,0,0,0,307.3,,
67799,31432330,3,2,1,307.3,,
67800,31432340,0,0,0,307.3,,
67801,31511110,2,1,1,393.36,,
67802,31511120,0,0,0,393.36,,
67803,31511310,1,0,1,393.36,,
67804,31511320,0,0,0,393.36,,
67805,31511510,1,1,0,393.36,,
67806,31511520,0,0,0,393.36,,
67819,862113,2,0,2,243.75,389.99,
67820,862213,0,0,0,243.75,389.99,
67822,212213BLK,2,0,2,181.25,289.99,
67824,150213BLK,0,0,0,1158.75,1853.99,
67826,883213BLK,0,0,0,1043.75,1669.99,
67832,872213,3,0,3,721.87,1154.99,
67833,873213,3,2,1,984.37,1574.99,
67834,874213,2,0,2,1246.87,1994.99,
67835,876213,0,0,0,1575.0,2519.99,
67836,322613,2,2,0,415.62,664.99,
67840,324313,2,2,0,285.88,,
67846,2378000,18,18,0,9.64,,
67847,202113,5,0,5,150.0,239.99,
67848,202213,9,3,6,150.0,239.99,
67849,502313,0,0,0,265.62,424.99,
67850,502513,0,0,0,265.62,424.99,
67880,806113,0,0,0,206.24,329.99,
67881,806213,0,0,0,206.24,329.99,
67886,810313,2,0,2,284.37,454.99,
67887,820313,0,0,0,490.62,784.99,
67888,830313,1,1,0,708.12,1132.99,
67901,602113,3,2,1,150.0,239.99,
67902,602213,1,0,1,150.0,239.99,
67903,602513,2,1,1,150.0,239.99,
67915,MHU-TACT,0,0,0,237.95,,
67945,62-542-MARINE-BLK,18,0,18,52.44,,
67950,710269-1,1,0,1,149.13,,
67952,ZDIGN2KIT,13,6,7,87.46,,
67953,720101-1,10,6,4,33.33,,
67954,720102-1,0,0,0,33.33,,
67957,720073-6,33,26,7,35.06,,
67962,740174-1,1,0,1,41.66,,
67969,875213,0,0,0,1509.37,2414.99,
67973,PS20061050000,0,0,0,412.5,,
67974,PS20061054000,0,0,0,412.5,,
67975,PS20061058000,0,0,0,412.5,,
68004,MMC-0,0,0,0,104.18,135.0,
68005,MMC-8G,3,2,1,104.18,135.0,
68006,MMC-BL,0,0,0,104.18,135.0,
68007,MMC-9N,3,2,1,104.18,135.0,
68008,MMC-14HB,1,1,0,104.18,135.0,
68009,MMC-HB,0,0,0,104.18,135.0,
68016,B175C-20-H-MM,1,1,0,845.35,1164.0,
68017,B175C-20-HW-MM,4,1,3,1048.71,1444.0,
68018,B175C-20-M-MM,6,4,2,903.45,1244.0,
68019,B265C-LH-MM,1,1,0,1353.73,1864.0,
68020,B175C-0-H-MM,0,0,0,845.35,1164.0,
68021,B175C-12-H-MM,0,0,0,845.35,1164.0,
68031,B175C-0-HW-MM,0,0,0,1048.71,1444.0,
68032,B175C-12-HW-MM,0,0,0,1048.71,1444.0,
68033,B175C-0-M-MM,0,0,0,903.45,1244.0,
68034,B175C-12-M-MM,0,0,0,903.45,1244.0,
68036,B75C-0-H-MM,0,0,0,525.8,724.0,
68037,B75C-12-H-MM,0,0,0,525.8,724.0,
68038,B75C-20-H-MM,1,0,1,525.8,724.0,
68039,B75C-0-M-MM,0,0,0,598.42,824.0,
68040,B75C-12-M-MM,0,0,0,598.42,824.0,
68041,B75C-20-M-MM,3,0,3,598.42,824.0,
68046,7465,0,0,0,47.04,,
68054,TKA01AL,0,0,0,7.24,,
68055,TKA02AL,0,0,0,5.26,,
68057,100102-B,0,0,0,9.17,,
68075,M4516CASE,3,1,2,52.78,,
68076,M6316CASE,0,0,0,93.0,,
68078,M180132CASE,3,1,2,65.59,,
68079,M180332CASE,2,1,1,63.16,,
68080,M6385CASE,1,0,1,186.57,,
68081,010-12390-20,1,0,1,56.24,,
68086,DFW4X-6,0,0,0,81.0,,
68089,M77132CASE,0,0,0,101.77,,
68091,M5916CASE,1,0,1,42.89,,
68092,M5616CASE,1,1,0,63.41,,
68093,M5016CASE,3,2,1,67.78,,
68094,M4916CASE,1,1,0,56.43,,
68098,342KIT,0,0,0,82.03,,
68099,342KIT2,0,0,0,82.97,,
68100,342KIT3,0,0,0,82.03,,
68102,SCR-24-CC-BZ-10CASE,2,0,2,1749.95,,2540.0
68104,342KIT4,0,0,0,82.97,,
68105,342KIIT5,0,0,0,76.4,,
68106,342KIT6,0,0,0,76.4,,
68107,342KIT7,0,0,0,76.4,,
68110,042KIT,0,0,0,74.27,,
68113,042KIT2,0,0,0,75.21,,
68115,TB 3001CASE,2,1,1,104.42,,
68120,TC 2001CASE,0,0,0,78.31,,
68122,TC 2000CASE,0,0,0,156.62,,
68124,TS 1001CASE,1,0,1,148.36,,
68125,042KIT3,0,0,0,74.27,,
68127,042KIT4,0,0,0,75.21,,
68130,042KIT5,0,0,0,68.64,,
68132,042KIT6,0,0,0,68.64,,
68133,042KIT7,0,0,0,68.64,,
68137,045KIT,0,0,0,74.27,,
68144,SAD-1460,3,0,3,293.48,,
68145,045KIT2,0,0,0,75.21,,
68146,045KIT3,0,0,0,74.27,,
68147,045KIT4,0,0,0,75.21,,
68148,045KIT5,0,0,0,68.64,,
68149,045KIT6,0,0,0,68.64,,
68150,045KIT7,0,0,0,68.64,,
68152,340KIT,1,1,0,82.03,,
68156,340KIT2,0,0,0,82.97,,
68158,340KIT3,1,1,0,82.03,,
68160,340KIT4,3,2,1,82.97,,
68163,340KIT5,2,1,1,76.4,,
68165,340KIT6,3,2,1,76.4,,
68167,340KIT7,3,2,1,76.4,,
68169,040KIT,0,0,0,74.27,,
68170,040KIT2,0,0,0,75.21,,
68171,040KIT3,0,0,0,74.27,,
68172,040KIT4,2,0,2,75.21,,
68173,040KIT5,1,0,1,68.64,,
68174,040KIT6,1,0,1,68.64,,
68175,040KIT7,2,0,2,68.64,,
68206,010KIT2,0,0,0,106.48,,
68208,305KIT2,0,0,0,105.47,,
68210,001KIT2,0,0,0,97.47,,
68224,HX400ISCASE,8,3,5,5544.72,,
68244,M180232CASE,0,0,0,64.38,,
68245,M5032CASE,1,1,0,101.11,,
68247,DRS6ANXT,0,0,0,4288.95,,5295.0
68248,CM-CF-CFCASE,11,5,6,109.44,,
68249,270000,26,12,14,18.55,,
68250,270001,18,3,15,16.56,,
68251,270002,31,3,28,23.2,,
68252,270005,9,0,9,29.82,,
68253,270010,9,3,6,46.39,,
68254,270101,32,20,12,13.26,,
68255,270103,53,33,20,23.2,,
68256,270104,166,95,71,29.82,,
68257,270105,37,14,23,9.28,,
68258,270106,45,13,32,9.28,,
68259,270108,37,9,28,11.94,,
68260,270201,14,6,8,53.01,,
68261,270202,40,21,19,72.9,,
68262,270300,73,28,45,11.37,,
68263,270301,38,11,27,15.98,,
68264,270302,74,25,49,19.6,,
68265,270305,40,21,19,24.99,,
68266,300000,8,3,5,6.78,,
68267,101810,4,2,2,11.87,,
68268,101825,0,0,0,28.57,,
68269,101850,0,0,0,52.85,,
68270,103810,7,2,5,17.06,,
68271,103825,10,0,10,39.6,,
68272,103850,0,0,0,71.2,,
68273,105810,0,0,0,22.93,,
68274,105825,0,0,0,58.05,,
68275,105840,2,0,2,85.4,,
68276,703112,8,6,2,9.19,,
68277,2707A,19,13,6,89.68,,
68278,2708A,9,6,3,72.5,,
68279,2710A,6,5,1,106.0,,
68280,2711A,15,9,6,113.83,,
68281,2713A,10,5,5,138.61,,
68282,2720A,12,6,6,146.77,,
68283,2731A,10,5,5,267.73,,
68284,2740A,12,4,8,332.97,,
68285,76080,5,3,2,88.34,,
68286,76090,6,4,2,76.56,,
68287,151225,0,0,0,25.3,,
68288,151250,5,2,3,47.7,,
68289,22150A,0,0,0,531.73,,
68291,22350-R,0,0,0,47.6,,
68292,23050A,0,0,0,611.95,,
68293,23051A,0,0,0,571.16,,
68294,23250-HH,0,0,0,43.51,,
68295,23250-R,0,0,0,40.79,,
68296,23350-R,0,0,0,47.6,,
68298,CM-CG1-CF-00.5CASE,2,1,1,120.0,,
68306,83304002,4,1,3,202.0,,
68366,SS175C-20-HW-MM,0,0,0,1106.8,1524.0,
68373,104018,3,1,2,124.23,,
68376,102217,0,0,0,86.64,,
68377,100000,1,1,0,33.03,,
68378,205102,2,2,0,141.91,,
68380,131300,3,0,3,95.16,,
68381,132200,5,1,4,47.28,,
68383,132300,3,0,3,124.23,,
68384,100017,13,4,9,15.19,,
68385,210003,5,2,3,35.31,,
68386,010-11076-03CASE,3,2,1,174.9,,
68387,890017,0,0,0,9.09,,
68388,941014,4,2,2,5.39,,
68389,941015,6,3,3,7.95,,
68390,150110,11,6,5,17.07,,
68391,010-11076-04CASE,6,5,1,112.46,,
68392,156006,1,0,1,45.29,,
68393,156026,4,2,2,46.15,,
68394,941022,6,3,3,4.71,,
68395,151100,0,0,0,155.59,,
68396,010-11076-00CASE,4,1,3,224.93,,
68397,010-11076-01CASE,3,2,1,209.94,,
68398,010-11078-01CASE,1,0,1,206.21,,
68399,LQ 04506CASE,0,0,0,112.76,167.95,
68400,PS1,2,0,2,211.1,,
68401,PS2,1,0,1,324.88,,
68402,PS3,2,0,2,470.49,,
68403,PS4,3,1,2,609.51,,
68404,SS1,0,0,0,176.22,,
68405,SS2,0,0,0,271.46,,
68406,SS3,3,2,1,397.2,,
68407,SS4,2,1,1,527.68,,
68409,C50254,0,0,0,569.4,841.5,
68410,RS1,0,0,0,116.1,,
68411,RS2,2,1,1,162.07,,
68412,RS3,0,0,0,220.0,,
68413,C50504,0,0,0,700.32,1035.0,
68430,BFGWOV12V,0,0,0,63.29,,
68431,BFGWOV24V,0,0,0,63.29,,
68432,BFGWOV36V,0,0,0,63.29,,
68433,BFGWOV48V,0,0,0,63.29,,
68434,BFGWOV64V,0,0,0,63.29,,
68435,BFGWOV72V,0,0,0,63.29,,
68436,BFGWOVR12V,0,0,0,63.29,,
68437,BFGWOVR24V,0,0,0,63.29,,
68438,BFGWOVR36V,0,0,0,63.29,,
68439,BFGWOVR48V,0,0,0,63.29,,
68440,BFGWOVR64V,0,0,0,63.29,,
68441,BFGWOVR72V,0,0,0,63.29,,
68453,CA-0180,0,0,0,40.11,,
68455,CM-CG1-CF-01.0CASE,2,1,1,125.76,,
68456,210201,10,3,7,5.16,,
68457,210202,9,6,3,5.45,,
68458,220202,6,4,2,11.15,,
68459,210203,4,2,2,5.45,,
68460,220203,0,0,0,11.15,,
68462,210204,4,2,2,6.87,,
68464,210205,0,0,0,6.53,,
68466,210206,0,0,0,6.53,,
68468,210211,4,2,2,5.45,,
68469,210212,4,2,2,5.45,,
68470,220212,5,3,2,11.15,,
68471,210213,6,4,2,5.45,,
68472,220213,9,3,6,11.15,,
68473,222213,0,0,0,50.15,,
68474,210214,0,0,0,6.91,,
68475,220214,0,0,0,14.14,,
68476,210215,0,0,0,6.91,,
68477,220215,0,0,0,14.14,,
68478,210216,0,0,0,6.91,,
68479,220216,0,0,0,14.14,,
68480,EFC-1 BLUE,0,0,0,30.73,,
68481,EFC-2 BLUE,7,3,4,37.07,,
68482,EFC-3 BLUE,8,8,0,32.99,,
68483,EFC-4 BLUE,0,0,0,48.08,,
68484,M285C-HW-MM,0,0,0,772.73,1064.0,
68490,GP2050-08,0,0,0,327.26,,
68497,WS-C25,0,0,0,164.07,,
68498,WS-USB,0,0,0,205.09,,
68509,210221,8,3,5,7.1,,
68510,210222,0,0,0,7.51,,
68511,220222,4,3,1,15.38,,
68512,210223,7,3,4,7.51,,
68513,220223,11,2,9,15.38,,
68515,210224,2,2,0,8.71,,
68516,220224,4,2,2,17.81,,
68517,210225,2,0,2,8.71,,
68518,220225,5,3,2,17.81,,
68519,210226,3,2,1,8.71,,
68520,220226,3,1,2,17.81,,
68521,210227,3,1,2,12.65,,
68523,210233,2,0,2,13.4,,
68524,222233,0,0,0,27.41,,
68525,210234,0,0,0,13.47,,
68526,222234,5,1,4,27.55,,
68527,210235,6,2,4,17.09,,
68528,222235,4,2,2,34.99,,
68529,210236,2,0,2,17.09,,
68530,222236,2,0,2,34.99,,
68531,210237,0,0,0,18.7,,
68534,210244,4,1,3,18.36,,
68536,210245,4,2,2,18.36,,
68538,210246,0,0,0,18.36,,
68539,DRS4DL+,1,1,0,1534.95,,
68545,210247,0,0,0,18.36,,
68557,210301,0,0,0,5.16,,
68558,210302,0,0,0,5.45,,
68559,220302,3,2,1,11.15,,
68560,210303,0,0,0,5.45,,
68561,220303,0,0,0,11.15,,
68562,R111C-LH,0,0,0,3117.65,,
68563,210311,0,0,0,5.16,,
68564,210312,0,0,0,5.45,,
68565,SA-866,21,12,9,14.64,,
68566,220312,6,2,4,11.15,,
68567,210313,0,0,0,5.45,,
68568,220313,0,0,0,11.15,,
68570,210322,3,1,2,7.51,,
68573,220323,0,0,0,15.38,,
68574,210510,3,1,2,17.74,,
68575,210520,0,0,0,19.62,,
68576,210100,3,1,2,4.26,,
68577,220100,0,0,0,8.71,,
68578,222100,0,0,0,39.16,,
68579,210110,9,3,6,4.26,,
68580,220110,2,2,0,8.71,,
68581,222110,0,0,0,39.16,,
68582,210120,2,2,0,6.94,,
68583,220120,7,2,5,14.22,,
68584,222120,0,0,0,68.35,,
68585,CM-CG1-CF-03.0CASE,1,1,0,147.36,,
68587,210161,0,0,0,13.67,,
68589,210162,0,0,0,13.67,,
68590,210163,0,0,0,16.66,,
68591,222161,0,0,0,125.91,,
68592,222162,0,0,0,125.91,,
68593,222163,0,0,0,153.29,,
68594,210164,0,0,0,15.47,,
68597,210165,0,0,0,16.78,,
68598,210166,4,3,1,21.72,,
68614,GPS915,0,0,0,489.3,,
68626,GSE-1939BSA20,4,0,4,224.5,,
68627,NMEA2K1,3,2,1,169.57,,
68636,122200-300-020-18,5,5,0,44.99,,
68637,122200-300-040-18,14,11,3,54.67,,
68638,122200-300-060-18,2,0,2,44.99,,
68639,122200-600-020-18,5,5,0,54.67,,
68640,122200-600-040-18,5,0,5,40.99,,
68641,122200-600-060-18,1,0,1,54.67,,
68649,G-1-COBALT BLUE,15,12,3,9.99,,
68650,G-2-COBALT BLUE,13,12,1,11.99,,
68651,G-3-COBALT BLUE,6,0,6,17.25,,
68652,G-4-COBALT BLUE,0,0,0,25.47,,
68653,G-5-COBALT BLUE,4,0,4,49.56,,
68654,CW-376-5M,2,1,1,52.5,,
68655,G-6-COBALT BLUE,2,0,2,65.29,,
68656,G-3 COBALT BLUEWO,6,0,6,14.49,,
68657,G-4-COBALT BLUEWO,0,0,0,25.47,,
68658,G-5-COBALT BLUEWO,4,0,4,49.11,,
68659,1002013,8,3,5,6.23,,
68660,G-6-COBALT BLUEWO,2,0,2,64.84,,
68661,1002021,12,5,7,6.49,,
68662,1002022,0,0,0,7.16,,
68663,1002002,10,5,5,5.97,,
68664,1002023,5,5,0,6.17,,
68665,1002010,22,7,15,9.06,,
68666,1002006,5,5,0,10.24,,
68667,1001907,10,3,7,7.3,,
68668,1001903,7,7,0,5.31,,
68669,1001904,8,8,0,5.4,,
68670,1002001,4,0,4,5.56,,
68671,1002015,10,2,8,5.64,,
68672,1002004,16,10,6,5.73,,
68673,1002008,4,0,4,13.15,,
68674,1002007,0,0,0,10.26,,
68675,1002009,5,3,2,10.16,,
68681,1002017,0,0,0,6.37,,
68682,1001905,5,5,0,7.03,,
68683,1002018,10,4,6,6.71,,
68684,1002014,0,0,0,6.71,,
68685,1002012,10,4,6,6.79,,
68686,1002016,2,0,2,10.74,,
68687,1002003,2,2,0,11.31,,
68688,1002011,8,4,4,12.96,,
68689,1002005,0,0,0,11.91,,
68692,M80ATP,2,2,0,924.66,,
68702,SEC-1212,12,12,0,103.95,140.1,
68712,7608,3,0,3,293.39,,
68716,7151,6,1,5,6.53,,
68717,7152,10,4,6,6.53,,
68718,7153,15,7,8,6.53,,
68719,7154,9,5,4,6.53,,
68720,7155,14,4,10,6.53,,
68721,7156,13,0,13,6.53,,
68722,7157,16,12,4,6.53,,
68723,7160,9,3,6,1.26,,
68729,4180,61,9,52,47.44,,
68730,4181,18,8,10,47.44,,
68731,4230,10,2,8,10.51,,
68733,1842,2,1,1,252.67,,
68734,YBP-0111,1,0,1,51.86,,74.98
68735,242237,10,6,4,8.49,,
68736,012110C,0,0,0,478.26,759.0,
68737,70195,0,0,0,14.81,,
68739,09-703P-1,0,0,0,14.81,,
68740,10-13399-05,0,0,0,117.28,,
68741,10-24188-4,0,0,0,423.25,,
68742,54264PK,0,0,0,6.4,,
68743,54274PK,0,0,0,7.54,,
68745,80-47625-01,1,0,1,139.09,,
68747,80-47626-01,0,0,0,260.64,,
68754,60-100-SV,1,0,1,561.78,688.0,
68758,621-100-SV,1,1,0,561.78,688.0,
68761,ARS-5-H,1,0,1,215.0,264.0,
68763,DDC-12/24,0,0,0,189.03,232.0,
68764,MC-TS-A,2,0,2,31.36,38.99,
68765,MC-TS-B,0,0,0,39.21,47.99,
68768,UBB,0,0,0,58.42,71.99,
68769,UAA,2,0,2,28.01,34.99,
68770,BBU,2,0,2,40.88,50.99,
68772,F16-0204-1,7,0,7,123.82,,
68773,F16-0220-1,1,0,1,39.99,,
68776,F31-3103BXZ-1,193,74,119,74.99,,
68777,F31-3104BXZ-1,10,1,9,169.99,,
68783,L10-1001-1,0,0,0,1782.99,,
68805,2307,13,0,13,19.72,,
68806,3180,5,0,5,19.99,,
68812,88586,0,0,0,24.44,32.99,
68813,MSK-90,0,0,0,335.23,483.8,
68814,MSK-135,0,0,0,426.14,615.0,
68821,SCC-30AB,2,2,0,100.0,144.4,
68833,SCC-1208L,1,1,0,41.59,60.0,
68846,A80470,0,0,0,866.66,,
68852,320,12,6,6,7.43,,
68853,321,10,5,5,7.43,,
68854,322,13,7,6,7.43,,
68855,SRV-100-30A,0,0,0,359.09,518.2,
68856,SRV-150-30A,0,0,0,401.14,578.9,
68859,HC25H2,6,5,1,122.31,199.99,
68882,010-12439-10,1,1,0,9.74,,
68883,010-12439-03,18,6,12,18.74,,
68884,010-12440-10,0,0,0,7.49,,
68885,010-12440-03,0,0,0,14.99,,
68908,010-12671-00,0,0,0,11.24,,
68911,010-12671-01,0,0,0,14.99,,
68912,010-12672-01,0,0,0,14.99,,
68913,010-12673-01,3,3,0,14.99,,
68914,010-12671-02,0,0,0,6.74,,
68915,010-12672-02,0,0,0,6.74,,
68916,010-12673-02,0,0,0,6.74,,
68917,010-12671-03,0,0,0,18.74,,
68918,010-12672-03,0,0,0,41.24,,
68919,010-12672-05,1,1,0,41.24,,
68920,010-12673-03,3,3,0,44.99,,
68924,PP4500-08,0,0,0,276.35,,
68928,2833,3,2,1,36.71,,
68929,30097-005,0,0,0,86.2,,
68930,S600EW,4,2,2,487.71,,
68931,S650E,0,0,0,453.34,,
68932,S700E,5,3,2,522.09,,
68933,S750E,0,0,0,536.49,,
68936,F650,3,1,2,466.33,,
68937,F650W,0,0,0,530.1,,
68939,F750,0,0,0,549.99,,
68940,S300EW,0,0,0,488.9,,
68941,200122,2,0,2,40.99,,
68942,S350EW,0,0,0,503.29,,
68943,S300W,0,0,0,500.13,,
68944,M120ATP,1,1,0,961.79,,
68945,904042ABYC,4,2,2,64.39,,
68946,S650,2,0,2,465.35,,
68947,904043ABYC,1,1,0,67.23,,
68948,S750,0,0,0,547.55,,
68949,904044ABYC,4,2,2,79.77,,
68950,S1200E,4,2,2,595.05,,
68951,904045ABYC,4,3,1,96.87,,
68952,904046ABYC,1,1,0,102.57,,
68953,904048ABYC,2,0,2,141.91,,
68954,F1150,3,2,1,522.59,,
68955,F1150W,0,0,0,564.23,,
68956,F1250,0,0,0,636.51,,
68962,S1150,0,0,0,515.09,,
68964,S1250,2,1,1,611.48,,
68979,74556,10,10,0,21.31,,
68999,ST16ATP,5,3,2,1261.36,,
69049,S1150EW-4500,0,0,0,576.6,,
69050,S650EW-3000,0,0,0,509.16,,
69051,WX1599B,7,4,3,137.33,,
69061,XV1-921-2,40,0,40,16.05,22.99,
69067,YBP-3153,36,18,18,8.74,,12.98
69068,PTS-0-5PSI-01,0,0,0,361.6,,
69087,1216DP0CHR,17,10,7,12.31,,
69096,90133,7,2,5,190.0,303.99,
69097,C30503BM30NT,0,0,0,400.71,592.2,
69103,PP5200-14,0,0,0,392.72,,
69107,CA-0127,0,0,0,152.47,,
69115,33-969-01,0,0,0,358.81,465.0,
69131,385320006,5,3,2,21.25,,
69133,010-12670-00,0,0,0,11.24,,
69155,A80043,1,0,1,1149.17,1379.0,
69160,GS-400,1,1,0,1927.5,,
69197,CA-0026-MO,0,0,0,216.67,,
69223,3106100,8,3,5,286.28,,
69228,140402,4,4,0,19.27,,
69229,2365002,32,14,18,5.14,,
69231,AS-LED-NY,20,8,12,26.26,41.99,
69233,AS-LED-BK,0,0,0,26.26,41.99,
69239,A90LBC-BK,2,1,1,13.12,20.99,
69240,A90LBC-NY,0,0,0,13.12,20.99,
69245,ST-NY,0,0,0,26.26,41.99,
69282,010-11052-65,1,0,1,1949.99,,
69284,010-11052-67,5,1,4,787.49,,
69286,010-11053-02,0,0,0,472.49,,
69288,010-00705-64,2,1,1,869.99,,
69293,E70499,8,5,3,328.22,,
69294,E70476,17,11,6,879.99,,
69298,A80532,0,0,0,603.25,,
69303,MT-03-10-5,0,0,0,24.92,,
69308,M1-64-8,0,0,0,49.47,,
69311,E70492,4,2,2,717.38,,
69312,M1-63-1,57,40,17,16.38,,
69314,E70493,3,1,2,896.73,,
69315,M1-63,21,11,10,16.38,,
69319,M1-62-8,0,0,0,57.32,,
69325,M1-61-8,0,0,0,55.13,,
69326,M1-61-1,0,0,0,14.94,,
69327,M1-61,0,0,0,14.94,,
69328,FASP3112A1ACA00,0,0,0,129.23,,
69329,FASP453201ACA00,0,0,0,212.72,,
69331,FASP3562X12CA00,0,0,0,620.73,,
69332,FASP1572X12CD00,0,0,0,653.4,,
69336,UM385,144,33,111,95.37,,
69337,UM385BK,126,57,69,95.37,,
69338,UM435,20,9,11,113.03,,
69339,UM435BK,23,10,13,113.03,,
69340,2401,11,6,5,9.61,,12.98
69344,JP-21405,0,0,0,21.06,,
69346,GP0819,0,0,0,288.0,,
69348,PP1812D,1,1,0,432.0,,509.95
69357,289,29,16,13,4.54,,5.98
69404,941600070,6,0,6,1449.99,,
69406,JP-64535,0,0,0,164.44,,
69407,JP-61121,0,0,0,87.72,,
69408,54304PK,1,1,0,10.02,,
69411,90281PK,2,1,1,26.99,,
69412,90291PK,0,0,0,11.25,,
69453,M-284-01-BP,1,1,0,42.99,,
69455,24117-01-BP,5,0,5,32.99,,
69457,95060-50-BP,6,5,1,29.99,,
69458,9579-BP,8,5,3,18.99,,
69459,M-712-BP,2,2,0,24.99,,
69460,M-850-BP,5,5,0,19.99,,
69461,58328-101-BP,8,6,2,12.99,,
69465,M-58031-02-BP,2,0,2,10.99,,
69472,87167-01-BP,2,0,2,11.99,,
69473,54100-BP,1,1,0,4.99,,
69474,54103-BP,6,0,6,5.99,,
69475,54104-BP,1,0,1,5.99,,
69476,54109-BP,1,1,0,8.99,,
69479,5586-BP,9,5,4,4.99,,
69480,55021-BP,4,0,4,9.99,,
69481,55021-07-BP,6,4,2,11.99,,
69485,M-54111-02-BP,7,4,3,12.99,,
69491,SP5104,2,1,1,148.1,,
69493,SP5105,0,0,0,139.55,,
69494,M-628-BP,2,2,0,13.99,,
69495,SP5102,0,0,0,141.2,,
69497,M-531-BP,5,5,0,17.99,,
69498,M-532-BP,3,2,1,24.99,,
69501,11173-BP,6,1,5,7.99,,
69521,LLB-53BK-01-00,4,4,0,189.88,,
69525,910R2PB-7,17,5,12,11.29,,
69526,910R2PSB-7,7,3,4,15.8,,
69528,910R3PSB-7,6,4,2,16.04,,
69529,910T2PB-7,7,6,1,12.97,,
69533,910V2PB-7,9,2,7,14.29,,
69544,1212ATP,5,3,2,894.56,,
69545,S2-0820,1,1,0,168.33,,
69546,129ATP,3,1,2,884.49,,
69551,PED4600-08-C,0,0,0,305.44,,
69552,GP1200-13,0,0,0,363.62,,
69555,817-3000,10,8,2,921.81,,
69564,92861,5,3,2,80.34,,
69565,92828,17,9,8,98.91,,
69566,92814,5,4,1,107.25,143.58,
69567,92820,17,10,7,125.59,168.13,
69568,GP1040-05,0,0,0,334.53,,
69573,7463,0,0,0,47.04,,
69576,SK11,0,0,0,145.44,,
69578,M1-519-4,45,18,27,1.68,,
69579,M1-62-1,0,0,0,22.54,,
69580,M1-63-8,0,0,0,48.56,,
69586,M5-10-271-8,31,26,5,21.47,,
69588,37-20-101-20,25,24,1,19.74,,
69589,F7-730,0,0,0,10.63,,
69605,90845,0,0,0,18.33,,
69606,7461,0,0,0,47.04,,
69607,7464,0,0,0,47.04,,
69608,7466,0,0,0,52.99,,
69609,7467,0,0,0,52.99,,
69611,9380,0,0,0,44.96,,
69630,A80492,0,0,0,98.0,,
69655,010-11156-01,0,0,0,34.99,,
69657,010-11351-30,0,0,0,33.74,,
69658,010-11053-01,1,0,1,599.99,,
69662,PP5200-02,0,0,0,392.72,,
69663,PP5200-02-C,0,0,0,392.72,,
69664,PP5200-13,0,0,0,392.72,,
69666,PP4500-09,0,0,0,276.35,,
69667,PP4600-06,0,0,0,305.44,,
69668,PP4400-09,0,0,0,269.08,,
69694,C7-10-17,0,0,0,4.68,,
69698,910213,0,0,0,215.62,344.99,
69699,FLB31503S120A00,0,0,0,1063.59,,
69700,FLB32003S120A00,0,0,0,1118.04,,
69702,HE-TL1,0,0,0,27.96,55.99,
69703,A80496,0,0,0,55.39,,
69705,EZ36-W,10,9,1,20.17,,
69706,EZ48-W,6,6,0,23.05,,
69707,EZ22-W,0,0,0,23.05,,
69709,010-12165-00,0,0,0,14.99,,
69710,BOLT612ED,1,1,0,416.69,,
69711,HE-DR8,0,0,0,84.55,154.99,
69714,HE-DR14,0,0,0,135.8,248.99,
69715,HE-TR10,0,0,0,124.55,,
69716,HE-TR20,0,0,0,203.49,398.99,
69720,HE-TR50,1,0,1,467.05,,
69721,HE-DR22,0,0,0,173.09,316.99,
69722,HE-DR30,0,0,0,253.37,,
69723,HE-DR42,0,0,0,334.98,596.99,
69725,HE-DR50,0,0,0,360.5,645.99,
69730,HE-BDR8,0,0,0,87.21,170.99,
69732,HE-BDR22,0,0,0,197.06,384.99,
69733,HE-BDR30,0,0,0,315.0,597.99,
69734,HE-BDR42,0,0,0,356.28,678.99,
69741,HE-SL550,1,0,1,67.77,123.99,
69742,HE-SL914,0,0,0,84.55,154.99,
69743,HE-SL2014,5,2,3,122.83,224.99,
69744,HE-SL32,0,0,0,217.8,383.99,
69745,HE-SL3912,0,0,0,251.76,445.99,
69746,PH1800-GFP,0,0,0,803.32,,
69747,HE-SL5034,0,0,0,307.01,545.99,
69750,20036,4,2,2,15.05,,
69759,HE-HCL2S2PK,1,1,0,148.76,264.99,
69762,2373101,11,0,11,9.64,,
69765,HE-DL1,3,1,2,50.6,98.99,
69766,HE-FMDL1,3,3,0,45.94,90.99,
69767,HE-DL2,0,0,0,54.93,107.99,
69768,HE-WL1,0,0,0,41.28,80.99,
69770,HE-MDR8,1,0,1,79.22,155.99,
69771,HE-MDR14,2,0,2,137.07,249.99,
69772,HE-MDRC30,2,0,2,282.06,499.99,
69773,HE-MDRC42,5,1,4,353.62,629.99,
69783,HE-MFMCL2,1,1,0,53.8,118.0,
69784,HE-MFMCL3,0,0,0,69.0,134.99,
69785,HE-4MLRGBK,0,0,0,140.48,273.99,
69786,HE-8MLRGBK,1,1,0,252.32,492.99,
69787,HE-ML1,0,0,0,28.62,55.99,
69788,HE-ML1RGB,7,5,2,25.29,49.99,
69789,HE-ML1DIV,9,5,4,3.52,6.99,
69790,HE-ML1B,0,0,0,37.28,72.99,
69791,HE-ML1G,0,0,0,36.2,,
69793,HE-TL1B,0,0,0,37.28,72.99,
69794,HE-TL1G,0,0,0,33.29,65.99,
69795,HE-TL1R,0,0,0,37.28,72.99,
69796,HE-TL1DIV,0,0,0,3.8,7.99,
69797,HE-4TLRGBK,0,0,0,140.48,273.99,
69798,HE-8TLRGBK,3,1,2,252.32,492.99,
69799,HE-PTRGB,5,3,2,3.52,6.99,
69807,010-12677-00,0,0,0,127.5,,
69808,010-12676-00,0,0,0,299.99,,
69809,010-12676-10,0,0,0,97.49,,
69810,A2K-SBN-1,4,4,0,74.33,,
69823,DE96255F,16,12,4,19.67,,
69826,NV2002PB-7,5,2,3,29.96,,
69827,NV2002SS-7,6,3,3,36.43,,
69828,NV2012PBR-7,6,3,3,24.13,,
69829,NV2012PBG-7,10,1,9,24.13,,
69830,NV2012SSR-7,11,7,4,32.49,,
69831,NV2012SSG-7,10,7,3,32.49,,
69832,NV3012SSR-7,16,2,14,31.55,,
69833,NV3012SSG-7,15,6,9,31.55,,
69834,NV4012SSR-7,11,5,6,32.17,,
69835,NV4012SSG-7,10,5,5,32.17,,
69838,NV6LC1-14A7,3,3,0,33.21,,
69839,NV6LC2-10-7,12,7,5,39.37,,
69847,010-12100-00,0,0,0,23.99,,
69850,010-10646-02,0,0,0,6.39,,
69852,2445-7,4,4,0,6.21,,
69853,2449-7,5,2,3,6.21,,
69859,6244-6,7,7,0,11.12,,
69869,7571L7,13,10,3,4.99,,
69870,ZDIGDTV200,5,3,2,216.96,,
69871,HE-9006LED,5,2,3,62.34,126.99,
69872,HE-BFMCL2,0,0,0,67.24,128.99,
69873,11478-7,8,2,6,26.39,,
69876,2027-7,63,54,9,3.69,,
69878,1364A3,77,51,26,18.74,,
69879,14348-6,16,10,6,6.49,,
69880,6522SS7,6,5,1,112.26,,
69882,HX40,116,65,51,95.99,,
69908,EXPLORERNAVPROWIFI,3,2,1,629.3,,
69909,EXPLORERNAVPROWIFIW,2,1,1,811.3,,
69915,ACC-FF-1543,0,0,0,11.88,,
69920,101413,0,0,0,862.52,,
69921,101414,0,0,0,891.8,,
69923,101416,0,0,0,952.95,,
69924,101515,117,27,90,422.82,,
69925,101511,86,27,59,201.44,,
69926,101510,79,31,48,247.26,,
69929,165T-TM54,1,1,0,1688.89,,
69939,601513,0,0,0,81.25,129.99,
69940,122400,5,5,0,5.77,,
69941,122850,0,0,0,4.94,,
69943,460000,5,5,0,9.64,,
69944,17-1502-23,0,0,0,72.22,,
69945,C12,4,2,2,82.41,,
69946,C35,4,1,3,87.64,,
69947,C40,7,3,4,124.28,,
69948,C60,10,5,5,142.59,,
69949,CM/R-50,6,4,2,71.96,,
69952,AIR-331-029-02,0,0,0,72.73,,
69954,F11-0177S-1,0,0,0,20.31,,
69955,F11-0180S-1,1,0,1,21.28,,
69956,33749,5,3,2,122.2,,
69957,33839,14,2,12,120.69,,
69961,F12-0181S-1,2,0,2,19.18,,
69963,F13-0241/244BN-1,5,1,4,25.73,,
69964,F13-0242/244BN-1,4,2,2,26.51,,
69965,F13-0301/244BN-1,5,3,2,28.35,,
69966,F13-0244BN-1,18,2,16,10.6,,
69967,PP4102,0,0,0,239.99,,
69968,0795DP0BLK,7,4,3,23.77,,
69969,0795DP0WHT,5,5,0,23.77,,
69970,8521DPC,5,3,2,54.36,,
69971,8521DP0KEY,5,0,5,4.1,,
69972,8521DP,0,0,0,34.99,,
69974,9621DPC,4,4,0,44.01,,
69975,9621DP,0,0,0,39.25,,
69976,0541DPGCHR,10,5,5,44.04,,
69977,0542DPGBLK,3,0,3,28.71,,
69978,0543DPGBLK,9,4,5,28.71,,
69979,0590DPGCHR,5,3,2,57.07,,
69980,0591DPGCHR,8,4,4,68.48,,
69982,SD0047,0,0,0,38.94,,
69994,81300100,0,0,0,369.34,,
69995,45513000,5,2,3,288.81,,
69996,131906000,8,4,4,545.48,,
69998,LLB-51M1-81-00,2,2,0,101.22,,
69999,LLB-61WO-81-00,0,0,0,93.9,,
70001,F7-51,0,0,0,12.06,,
70003,M1-2A-13-1,41,17,24,17.13,,
70004,M1-63-7,0,0,0,28.5,,
70005,M1-64,0,0,0,20.38,,
70013,20080011,0,0,0,490.0,,
70023,119902,0,0,0,181.61,,
70024,119502,13,7,6,181.61,,
70049,SF200G,6,2,4,362.5,,472.0
70052,BFGWOM1512V/12V,0,0,0,98.29,,
70053,BFGWOM1524V/12V,0,0,0,98.29,,
70054,BFGWOM1536V/12V,0,0,0,98.29,,
70055,2000030727,1,1,0,67.65,,
70078,432-0012-08-00,0,0,0,61137.23,,
70079,432-0012-04-00,0,0,0,72576.61,,
70095,101516,129,66,63,278.59,,
70096,33801,0,0,0,104.84,,
70097,33851,5,1,4,101.84,,
70098,101459,5,2,3,211.97,,
70099,101460,11,7,4,254.4,,
70100,101456,5,2,3,115.77,,
70101,101457,10,6,4,114.69,,
70103,101525,6,2,4,1139.42,,
70104,101526,6,2,4,314.19,,
70105,101520,6,3,3,107.19,,
70106,101521,0,0,0,148.65,,
70107,101522,0,0,0,146.68,,
70108,101532,2,0,2,122.56,,
70113,SCR-16-BW-BZ-10,0,0,0,318.99,,449.0
70114,SCR-16-UB-BZ-10,0,0,0,318.99,,449.0
70115,SCR-16-GW-BZ-10,1,0,1,318.99,,449.0
70116,SCR-16-BB-BZ-10,3,1,2,298.25,,449.0
70117,SCR-16-AG-BZ-10,0,0,0,318.99,,449.0
70118,SCR-16-CR-BZ-10,0,0,0,318.99,,449.0
70119,SCM-DL-CC,0,0,0,83.26,,116.0
70122,SCM-DL-GW,2,2,0,70.0,,98.0
70123,4160,185,32,153,17.24,,
70124,4161,30,8,22,17.24,,
70125,4162,21,4,17,17.24,,
70126,4163,10,8,2,17.24,,
70131,980960011,7,3,4,67.09,,
70132,010-C1157-00,0,0,0,262.49,,
70133,980960001,5,3,2,67.09,,
70139,010-12110-04,3,2,1,8.0,,
70141,010-11932-01,0,0,0,7.69,,
70142,TD9122,4,4,0,74.87,,
70144,CLIP-TWNDRP,0,0,0,116.42,,
70145,CA76313,0,0,0,14.58,,
70146,CA76312,32,12,20,10.0,,
70147,CA76311,0,0,0,14.58,,
70148,CA76310,0,0,0,10.0,,
70149,TR7,0,0,0,708.33,,
70150,TR7 SSP,0,0,0,50.8,,
70151,TR5,1,0,1,491.11,,
70152,TR5 SSP,0,0,0,43.97,,
70154,1030,28,16,12,11.86,,
70155,1031,12,0,12,11.86,,
70156,1032,23,11,12,11.86,,
70157,1033,54,43,11,22.53,,
70158,1034,35,35,0,22.53,,
70159,1035,20,11,9,22.53,,
70160,1036,38,12,26,22.53,,
70161,1052,22,14,8,9.76,,
70162,1055,21,12,9,9.76,,
70163,1169,83,60,23,19.22,,
70164,1170,36,26,10,19.22,,
70165,1171,15,0,15,19.22,,
70167,1173,0,0,0,19.22,,
70168,1150,28,5,23,15.93,,
70169,2310,0,0,0,17.69,,
70170,2311,1,1,0,8.46,,
70171,1151,34,16,18,15.93,,
70172,3150,0,0,0,25.01,,
70173,3174,0,0,0,9.86,,
70174,1152,7,0,7,15.93,,
70175,3207,0,0,0,24.29,,
70176,3462,0,0,0,6.92,,
70177,1160,24,9,15,10.32,,
70178,3856,0,0,0,27.14,,
70180,4220,0,0,0,6.15,,
70181,4376,0,0,0,113.57,,
70182,1161,14,12,2,8.99,,
70183,4547,0,0,0,4.17,,
70184,1162,31,14,17,10.32,,
70185,1140,82,71,11,8.01,,
70186,4611,0,0,0,22.14,,
70187,1141,46,33,13,8.01,,
70188,1142,23,3,20,8.01,,
70189,2185,0,0,0,5.42,,
70190,1063,3,3,0,18.11,,
70191,1064,44,23,21,41.36,,
70192,1065,46,23,23,69.79,,
70194,5347,1,1,0,25.38,,
70195,5953,0,0,0,44.29,,
70196,6915,0,0,0,31.43,,
70197,6980,0,0,0,58.04,,
70198,7037,0,0,0,16.92,,
70199,7068,0,0,0,26.34,,
70200,7278,0,0,0,22.86,,
70201,BP1020,0,0,0,4.37,,
70202,BP1055,0,0,0,5.52,,
70203,BP1129,0,0,0,33.76,,
70204,BP1130,0,0,0,24.43,,
70205,BP1346,0,0,0,4.94,,
70206,BP170,2,2,0,4.48,,
70208,BP228S,0,0,0,23.34,,
70209,BP255,0,0,0,8.74,,
70210,BP275S,0,0,0,32.69,,
70212,DRAIN,0,0,0,3.89,,
70213,FTR13201,2,2,0,57.03,,
70214,FTR13202,0,0,0,20.56,,
70215,FTR3301,0,0,0,23.43,,
70216,FTR3302,0,0,0,18.97,,
70217,FTR41,0,0,0,10.29,,
70218,SPR-8-AM,0,0,0,343.13,,
70228,P90006,0,0,0,27.14,,
70229,P90007,0,0,0,27.14,,
70230,RC01C,3,2,1,12.43,,
70232,SET0003,1,0,1,27.43,,
70234,SET0187,0,0,0,18.13,,
70235,SP0037,0,0,0,3.08,,
70238,HS37N,0,0,0,23.64,,
70239,SP0262,0,0,0,1.83,,
70242,P100083,0,0,0,26.43,,
70243,P100087,5,2,3,26.67,,
70245,SP0288,0,0,0,2.03,,
70251,SP0428,0,0,0,2.28,,
70254,SP0468,0,0,0,9.23,,
70255,SP0474,0,0,0,1.86,,
70256,RS100,2,2,0,39.99,,
70257,SP0484,0,0,0,5.38,,
70258,SP0622,0,0,0,3.45,,
70259,P100807,0,0,0,93.57,,
70261,SP0708,0,0,0,5.38,,
70262,SP0717,0,0,0,7.69,,
70263,P101526,0,0,0,45.0,,
70264,SP0721,0,0,0,5.38,,
70265,P101543,0,0,0,23.07,,
70266,SP0722,0,0,0,6.92,,
70267,SP0740,0,0,0,5.38,,
70268,SP0846,0,0,0,8.46,,
70269,SP0871,0,0,0,6.15,,
70270,SP0878,0,0,0,8.46,,
70275,SP4155,0,0,0,36.0,,
70276,US001,0,0,0,10.38,,
70277,US002,0,0,0,10.38,,
70279,US003,3,0,3,11.08,,
70280,US004,0,0,0,5.38,,
70282,ZE050,0,0,0,15.38,,
70283,ZE125,0,0,0,15.38,,
70284,ZE160,0,0,0,15.38,,
70285,ZE200,0,0,0,15.38,,
70286,P101550,1,0,1,47.14,,
70287,P102837,0,0,0,24.29,,
70288,ZE300,0,0,0,16.0,,
70289,ZE500,0,0,0,17.31,,
70290,P104704,0,0,0,20.0,,
70291,P104750,0,0,0,43.06,,
70292,P104897,1,0,1,40.0,,
70293,P90003,0,0,0,35.0,,
70294,P90004,0,0,0,35.0,,
70295,P90005,2,0,2,35.71,,
70298,SPR-8-RM,4,2,2,326.25,,
70299,1061,1,0,1,171.21,,
70300,500620,10,9,1,409.85,,
70301,500621,8,7,1,444.76,,
70340,55106100,2,2,0,547.41,,
70363,ZDIGSTN,5,3,2,153.96,,
70373,MVP-J-G-XL,0,0,0,180.0,,
70376,RC8812VEDC,0,0,0,1575.29,2142.4,
70377,FBNRP0140FR0A00,0,0,0,171.57,,
70378,FBNRP0250FR0A00,0,0,0,215.67,,
70379,FBNRP0300FR0A00,0,0,0,278.88,,
70380,FBNRP0500FR0A00,0,0,0,412.65,,
70381,FBNRP0700FR0A00,0,0,0,957.6,,
70383,FBNRP1100FR0A00,0,0,0,1265.25,,
70384,FBNRP1200FR0A00,0,0,0,1526.41,,
70411,41011,0,0,0,24.86,,
70417,28522000,0,0,0,655.4,,
70418,70405080,0,0,0,42.55,,
70419,540-0000-7,13,8,5,21.65,,
70420,540-0100-7,22,4,18,21.65,,
70422,540-0101-7,28,6,22,21.65,,
70432,2362001,10,2,8,6.0,,
70435,119510,0,0,0,664.61,,
70436,119910,0,0,0,664.61,,
70439,010-12770-00,23,4,19,22.49,,
70440,SHC-29,2,0,2,10.4,,
70441,165T-50/200-SS260,1,0,1,2666.67,,
70442,165T-50/200-TM260,1,1,0,2044.44,,
70443,165T/265LH-PM488,0,0,0,3111.11,,
70450,322313,2,2,0,345.0,551.99,
70457,LTB1,3,3,0,290.51,,
70463,120313,0,0,0,490.62,784.99,
70468,980503221,4,0,4,27.85,,
70478,OCTOIL1USQ,20,10,10,14.24,,
70495,GK1512,6,4,2,395.35,,
70514,010-12719-00,5,5,0,18.74,,
70521,GB44 0101,1,0,1,122.37,,
70522,GB150 0100,4,4,0,126.32,,
70523,BGR20 0101,0,0,0,131.59,,
70525,STC1000301,4,3,1,41.67,,
70529,92306,117,70,47,148.36,196.76,
70543,RC8824V,0,0,0,1482.32,1944.8,
70550,010-12381-00,0,0,0,15.16,,
70552,IRID-BM-9575PD,0,0,0,815.22,,
70566,88611-4,0,0,0,105.96,177.99,
70567,88617-5,0,0,0,52.98,75.99,
70573,90122,4,1,3,192.5,307.99,
70574,90144,0,0,0,190.0,303.99,
70582,88619,0,0,0,95.1,134.99,
70584,2060366,2,2,0,73.69,,
70587,PCHE,0,0,0,17.65,25.99,
70591,1196,3,3,0,29.99,,
70592,1137,0,0,0,16.74,,
70593,1190,28,20,8,15.01,,
70594,1102,16,16,0,11.16,,
70600,RF41300,4,2,2,51.44,76.42,
70601,RF41310,0,0,0,56.59,84.07,
70602,RF41171,0,0,0,30.33,45.05,
70603,RF41500,0,0,0,32.33,48.03,
70604,RF41510,0,0,0,34.54,51.31,
70605,RF41520,0,0,0,68.36,101.55,
70606,RF41530,7,4,3,70.57,104.82,
70607,RF41811,0,0,0,54.4,80.8,
70608,RF41821,0,0,0,51.64,71.4,
70609,RF41831,0,0,0,57.33,85.16,
70611,RF40101,0,0,0,16.53,24.56,
70612,RF40100HL,0,0,0,34.73,51.58,
70613,RF40110,0,0,0,26.83,39.84,
70614,RF40111,0,0,0,23.15,34.39,
70615,RF40171,6,3,3,34.73,51.58,
70616,RF40200,5,3,2,45.57,67.69,
70617,RF40210,0,0,0,49.25,73.15,
70618,RF40300,0,0,0,55.86,82.98,
70619,RF40310,0,0,0,61.74,91.72,
70620,RF40500,0,0,0,36.75,54.59,
70621,RF40510,0,0,0,39.69,58.95,
70622,RF40520,0,0,0,60.27,89.53,
70623,RF40530,6,2,4,62.48,92.8,
70624,RF45130,10,7,3,61.74,91.72,
70625,RF45140,0,0,0,33.31,45.85,
70626,RF45151,4,2,2,20.57,30.56,
70630,545513,2,0,2,450.0,719.99,
70636,245213,0,0,0,359.37,574.99,
70660,R70561,0,0,0,42.6,,
70661,LLB-26KC-21-00,0,0,0,11.77,,
70662,LLB-26KW-21-00,0,0,0,11.77,,
70670,90519,0,0,0,35.11,,
70671,91109,7,3,4,10.63,,
70672,13002,3,0,3,18.99,,
70674,544613,0,0,0,450.0,719.99,
70679,RF51111,0,0,0,31.1,46.76,
70680,RF51140,5,2,3,31.6,46.94,
70681,RF51151,0,0,0,34.31,50.96,
70682,RF51171,0,0,0,32.99,48.99,
70683,RF51200,5,3,2,47.98,71.27,
70684,RF51210,0,0,0,59.51,88.4,
70685,RF51300,6,3,3,68.1,101.15,
70686,RF51500,0,0,0,41.9,64.1,
70687,RF51510,5,2,3,46.31,68.78,
70688,RF51530,4,2,2,83.22,123.63,
70690,209-1268-00,1,1,0,63.2,,
70691,118510,0,0,0,582.56,,
70692,DT820PV-235-N2,0,0,0,310.47,,
70701,RF56110,0,0,0,55.86,82.98,
70702,RF56120,0,0,0,105.0,152.58,
70703,EC-HP-DB-3G/4G,1,1,0,1899.99,,
70704,RF56130,0,0,0,108.15,160.65,
70705,RF56151,0,0,0,52.48,77.95,
70706,RF56151A,0,0,0,52.48,77.95,
70708,RF56510,4,2,2,60.98,90.57,
70720,88617,0,0,0,12.21,,
70721,88618,0,0,0,12.21,,
70729,199114,0,0,0,41.15,,
70730,303SSEL-BXPK,0,0,0,62.3,,
70733,000-154-025,0,0,0,181.82,,
70738,S-0601,0,0,0,250.41,,
70739,S-0600,0,0,0,184.91,,
70740,60756,0,0,0,45.6,,
70741,60748,0,0,0,16.01,,
70742,60750,4,2,2,18.94,,
70743,60752,3,1,2,24.6,,
70744,60754,0,0,0,34.37,,
70745,6147,1,1,0,28.98,,
70746,6169,0,0,0,27.0,,
70747,S-5001,0,0,0,8.89,,
70748,S-5001B,0,0,0,10.61,,
70749,S-5002,0,0,0,12.72,,
70750,S-5002B,8,7,1,16.05,,
70751,CS 02902,44,23,21,3.26,5.95,
70752,S-5003,0,0,0,23.23,,
70753,S-5003B,1,1,0,18.75,,
70754,CS 02908,3,3,0,14.79,20.95,
70755,6170,3,2,1,28.63,,
70756,S-5010,3,3,0,21.69,,
70757,S-5011,4,2,2,34.34,,
70767,992-35,1,1,0,131.25,,175.0
70769,119010,0,0,0,664.61,,
70770,F16-0039,21,3,18,27.53,,
70772,16023,1,1,0,22.99,,
70777,49012,1,0,1,21.25,33.99,
70778,261113,0,0,0,137.5,219.99,
70781,32834,6,6,0,124.98,,
70783,RF20141,4,4,0,13.95,20.73,
70784,A80309,2,2,0,55.39,,
70785,A80369,0,0,0,79.16,,
70786,RF20281,0,0,0,24.25,36.02,
70787,RF20284,0,0,0,17.63,26.19,
70789,RF20184,0,0,0,12.85,,
70790,RF20174,0,0,0,24.99,37.11,
70791,RF20175,0,0,0,46.48,69.04,
70792,RF613S,8,4,4,4.91,,
70794,010-12776-00,0,0,0,198.74,,
70795,010-12776-10,0,0,0,629.98,,
70796,010-12776-11,1,0,1,974.99,,
70801,010-02055-00,0,0,0,472.49,,
70803,112000,0,0,0,28.27,,
70804,H2183-10,0,0,0,626.47,,
70806,010-12721-00,2,1,1,18.74,,
70808,115503,0,0,0,31.81,,
70809,WS-C10,0,0,0,109.15,,
70810,WS2-C06,1,1,0,76.92,,
70816,TPA3012,6,4,2,146.03,,
70832,134900,0,0,0,31.81,,
70833,135010,0,0,0,38.89,,
70835,RF572,0,0,0,13.23,19.09,
70837,RF2332,0,0,0,17.41,25.86,
70839,395010,7,6,1,20.62,,
70841,395210,0,0,0,35.34,,
70842,791502,2,2,0,80.43,,
70843,723300,2,2,0,55.68,,
70844,723700,0,0,0,61.86,,
70846,135402,0,0,0,28.27,,
70847,737002,0,0,0,61.86,,
70848,758005,0,0,0,63.63,,
70852,B765C-LH-MM,0,0,0,845.35,1164.0,
70853,147000,2,2,0,38.89,,
70854,144402,0,0,0,42.41,,
70855,613403,5,5,0,38.06,,
70856,759201,0,0,0,80.43,,
70857,797010,0,0,0,93.16,,
70871,105000,0,0,0,5.92,,
70872,106100,0,0,0,9.88,,
70873,107000,0,0,0,9.88,,
70874,171301,0,0,0,7.2,,
70875,171502,4,4,0,9.64,,
70876,321309,0,0,0,8.1,,
70877,321508,0,0,0,16.07,,
70878,321407,6,6,0,7.2,,
70879,341406,7,2,5,7.2,,
70880,350304,2,0,2,9.0,,
70881,350500,0,0,0,9.64,,
70882,350400,0,0,0,9.0,,
70883,344922,9,9,0,7.2,,
70884,345023,0,0,0,9.0,,
70885,350022,7,2,5,7.5,,
70886,351001,0,0,0,6.92,,
70888,358200,1,1,0,12.0,,
70889,358300,1,1,0,15.0,,
70890,358400,6,6,0,21.0,,
70891,2373121,2,2,0,12.86,,
70892,2373130,2,2,0,12.86,,
70893,2361000,0,0,0,7.2,,
70894,708020,9,9,0,28.93,,
70897,361610,6,6,0,7.07,,
70898,371610,4,4,0,9.64,,
70899,344840,6,0,6,3.75,,
70900,344860,0,0,0,4.5,,
70901,344985,4,4,0,4.5,,
70902,345046,0,0,0,5.25,,
70904,345028,4,4,0,6.3,,
70905,2360600,0,0,0,5.54,,
70912,2371304,0,0,0,7.71,,
70913,2360100,0,0,0,5.14,,
70914,2363001,0,0,0,6.43,,
70916,2370100,21,18,3,8.36,,
70917,2370500,8,8,0,5.14,,
70918,2371500,6,0,6,5.14,,
70920,436200,0,0,0,8.36,,
70921,437000,0,0,0,9.64,,
70922,437300,3,3,0,11.57,,
70931,360704,0,0,0,12.46,,
70934,370704,0,0,0,12.86,,
70935,370705,0,0,0,12.86,,
70936,370707,4,4,0,12.86,,
70938,370708,5,5,0,12.86,,
70941,010-12753-00,4,0,4,17.39,,
70944,M051A-SS,10,5,5,15.98,,
70956,010-01428-23,29,0,29,171.93,,
70962,7012CAWBX,182,60,122,172.58,,
70963,7012CABBX,150,42,108,172.58,,
70967,011204WW,0,0,0,270.0,,
70980,619,4,4,0,32.89,,
70981,916,20,11,9,10.53,,
70983,984,55,4,51,20.39,,
70989,927,0,0,0,17.11,,
70991,963,5,5,0,22.37,,
70992,964,6,2,4,38.82,,
70993,965,0,0,0,52.43,,
70994,844,0,0,0,67.11,,
70995,942,0,0,0,12.63,,
70997,840,0,0,0,34.87,,
70998,841,2,2,0,65.46,,
71010,B285C-HW-MM,1,1,0,1135.85,1564.0,
71019,RF15100,0,0,0,14.12,21.61,
71020,RF15101,4,1,3,8.16,,
71021,RF15111,0,0,0,9.54,,
71022,RF15141,0,0,0,12.48,,
71023,RF15151,0,0,0,10.28,,
71024,RF15171,0,0,0,13.95,20.73,
71025,RF15174,4,1,3,24.62,36.57,
71026,RF15180,0,0,0,16.53,24.56,
71027,RF15202,8,5,3,16.02,23.8,
71028,RF15212,0,0,0,17.74,26.35,
71029,RF15302,0,0,0,22.41,34.29,
71030,RF15312,0,0,0,24.62,37.67,
71031,RF15711,6,2,4,20.94,31.11,
71032,63407,0,0,0,37.49,,
71033,63410,0,0,0,77.04,,
71034,60175,0,0,0,15.39,,
71035,60176,0,0,0,14.43,,
71037,60177,0,0,0,15.39,,
71038,60178,0,0,0,14.43,,
71039,60179,0,0,0,15.37,,
71044,68900,3,2,1,200.01,,
71045,68902,4,2,2,207.29,,
71046,68904,2,2,0,235.71,,
71047,68906,2,0,2,256.64,,
71052,58542-1000,3,1,2,18.91,,
71053,S-1850,0,0,0,75.5,,
71054,S-1852,4,2,2,95.24,,
71055,S-1854,5,3,2,130.26,,
71056,62-541-MARINE-BL,28,21,7,52.44,,
71057,62-541-R-MARINE-BL,0,0,0,52.44,,
71058,62-542-R-MARINE-BL,0,0,0,52.44,,
71060,RF4055,10,2,8,57.2,84.96,
71061,RF4055A,11,6,5,57.2,84.96,
71062,RF4055B,7,5,2,57.2,84.96,
71063,547,5,1,4,85.0,,
71066,SH-0126-200,0,0,0,14.79,,
71069,CA-0147,1,1,0,12.07,,
71071,S-0232C,5,3,2,14.89,,
71072,P-2400,0,0,0,5.77,,
71073,P-2401,1,1,0,6.69,,
71074,P-2402,5,3,2,17.35,,
71075,P-0440B,19,8,11,21.5,,
71076,P-0441B,8,3,5,24.84,,
71077,P-0442B,3,2,1,32.23,,
71078,P-0440,19,10,9,21.5,,
71079,P-0441,8,8,0,24.84,,
71080,P-0442,13,4,9,32.23,,
71081,P-0443,1,0,1,75.58,,
71082,63448,2,2,0,26.54,,
71083,63449,2,0,2,41.61,,
71084,63450,0,0,0,54.64,,
71085,SH-0126-390,0,0,0,18.49,,
71086,SH-0126-820,0,0,0,14.79,,
71087,000-157-939-10,0,0,0,86.36,,
71091,W700-800-WHITE,0,0,0,279.92,,
71127,W705-WHITE,0,0,0,230.97,,
71145,010-12225-00,1,1,0,41.24,,
71165,W709-SUPA,1077,529,548,79.99,,
71166,W730,8,5,3,19.68,,
71167,W731,3,2,1,6.42,,
71168,W749,1,1,0,7.55,,
71169,W734,0,0,0,10.85,,
71170,W738,0,0,0,10.85,,
71174,CVC627MT,0,0,0,118.75,,
71185,GP1871F,12,8,4,724.95,,
71187,GP1971F,26,14,12,1048.95,,
71189,CM599C-LHW,0,0,0,3852.94,4999.0,
71192,6135C,4,2,2,31.5,,
71193,6136C,0,0,0,36.18,,
71194,6137C,6,4,2,25.56,,
71195,6138C,0,0,0,30.8,,
71196,S-0250C,0,0,0,74.96,,
71197,S-0251C,2,2,0,78.73,,
71199,6095KEY,22,6,16,5.94,,
71200,3360BC,5,5,0,3.88,,
71201,3360WC,0,0,0,3.88,,
71202,3364BC,0,0,0,5.13,,
71203,3364WC,0,0,0,5.13,,
71204,010-12718-00,19,19,0,18.74,,
71205,3227BC,0,0,0,15.45,,
71206,3227WC,0,0,0,15.45,,
71207,3228BC,0,0,0,16.49,,
71208,3228WC,0,0,0,16.49,,
71209,S-1415BC,6,4,2,35.39,,
71210,S-1417BC,0,0,0,25.45,,
71211,S-1415WC,0,0,0,30.96,,
71212,S-1417WC,0,0,0,25.45,,
71213,6228KEY,18,12,6,3.52,,
71214,6075C,0,0,0,14.91,,
71225,40020506,6,3,3,1393.21,,
71226,011810,0,0,0,538.04,855.0,
71228,011811,0,0,0,538.04,855.0,
71230,20641,15,12,3,109.37,174.99,
71231,09-1088-23,0,0,0,27.28,,
71235,950520,6,6,0,21.94,,
71236,951520,7,3,4,21.94,,
71237,950622,12,11,1,37.04,,
71238,1005,0,0,0,13.47,,
71239,951622,9,6,3,37.04,,
71240,950824,2,0,2,57.13,,
71241,951824,10,2,8,57.13,,
71242,252000,6,6,0,17.36,,
71243,252004,7,6,1,17.36,,
71244,262300,7,5,2,26.91,,
71246,282600,4,0,4,46.81,,
71247,282604,1,1,0,46.81,,
71248,31010,0,0,0,5.53,,
71253,2412ATP,2,2,0,966.26,,
71254,010-12504-02,7,0,7,11.24,,
71255,010-12545-00,0,0,0,22.49,,
71257,GP1170-17,0,0,0,385.44,,
71269,OC14SUK26,0,0,0,47.85,,
71283,PP5920-01,0,0,0,414.53,,
71284,A2K-GCM-0.25M,8,8,0,32.53,,
71286,HE-CBRGB,0,0,0,46.73,91.99,
71291,6031,4,2,2,60.71,,
71292,6034,0,0,0,60.71,,
71293,GP2402,0,0,0,312.72,,
71294,CA200B-8B,0,0,0,386.67,,
71296,GP1040-42,0,0,0,334.53,,
71306,374,2,2,0,15.97,,
71333,230AHF012,0,0,0,1000.0,,
71341,AV-800-BK-S/M,2,2,0,78.13,,
71342,AV-800-BK-L/XL,1,1,0,78.13,,
71343,AV-800-BK-2XL/3XL,2,2,0,78.13,,
71344,AV-800-HV-S/M,3,3,0,78.13,,
71345,AV-800-HV-L/XL,2,2,0,78.13,,
71346,AV-800-HV-2XL-3XL,3,3,0,78.13,,
71347,AV-800-GN-S/M,2,2,0,78.13,,
71348,AV-800-GN-L/XL,4,4,0,78.13,,
71349,AV-800-GN-2XL/3XL,0,0,0,78.13,,
71352,921314,0,0,0,496.87,794.99,
71353,920314,0,0,0,386.25,617.99,
71415,300-037,0,0,0,1356.87,,1696.08
71428,482073,0,0,0,112.5,179.99,
71430,482083,0,0,0,112.5,179.99,
71437,86610,19,4,15,78.12,124.99,
71438,681513,5,1,4,175.0,279.99,
71439,262213,0,0,0,243.75,389.99,
71440,262313,10,3,7,350.0,559.99,
71443,14212,2,2,0,57.1,,
71458,0780,13,11,2,3.91,,
71462,4825,0,0,0,24.1,,
71465,0838,4,4,0,60.78,,
71467,14371,1,0,1,47.59,,
71469,14042,0,0,0,47.59,,
71472,14071,0,0,0,57.1,,
71474,14261,0,0,0,57.1,,
71476,99091,2,0,2,22.21,,
71479,14691,0,0,0,82.49,,
71480,14221,4,4,0,20.94,,
71482,980023,0,0,0,275.0,439.99,
71484,980033,0,0,0,275.0,439.99,
71485,14281,22,22,0,7.42,,
71486,14291,0,0,0,7.06,,
71487,1430,15,15,0,13.43,,
71491,A80489,7,5,2,55.39,,
71492,A80494,0,0,0,98.0,,
71493,A80491,0,0,0,98.0,,
71498,4501,3,0,3,7.6,,
71499,451200,3,3,0,19.78,,
71500,451205,7,7,0,15.22,,
71503,4744,1,0,1,9.19,,
71507,4651,8,4,4,9.34,,
71509,1062,1,1,0,19.03,,
71511,1280,0,0,0,8.47,,
71527,210413,0,0,0,721.87,1154.99,
71528,28-501,3,0,3,11.84,,
71529,27-404,7,0,7,32.42,,
71530,42-110,3,0,3,45.45,,
71534,45-100,3,0,3,161.79,,
71536,04-100,0,0,0,35.67,,
71537,04-110,19,0,19,27.68,,
71538,04-110S,11,0,11,24.87,,
71539,05-110,2,0,2,33.75,,
71540,06-110,5,0,5,58.92,,
71541,QR-3-20,5,0,5,6.96,,
71542,QR-4-32,5,0,5,9.47,,
71544,QR-6-26,2,0,2,14.95,,
71546,50-115,3,0,3,14.07,,
71547,50-115B,3,0,3,14.07,,
71552,2150,3,3,0,10.14,,
71554,2152,3,0,3,13.95,,
71555,2154,1,1,0,15.22,,
71556,90-500,3,0,3,141.96,,
71558,2156,0,0,0,27.28,,
71559,2157,0,0,0,30.45,,
71560,48-580,3,0,3,26.2,,
71561,1264,8,3,5,42.41,,
71563,48-585,5,0,5,49.74,,
71565,48-590,0,0,0,41.26,,
71566,1271,12,6,6,14.11,,
71569,1279,17,6,11,17.08,,
71572,1290,1,1,0,38.06,,
71573,1291,1,1,0,57.11,,
71574,37-510,4,0,4,42.34,,
71575,37-504,1,0,1,51.51,,
71576,37-505,0,0,0,115.46,,
71577,37-503,3,0,3,326.84,,
71578,53-215,5,0,5,267.8,,
71580,53-220,0,0,0,305.11,,
71581,53-222,0,0,0,511.42,,
71582,220413,2,0,2,1172.5,1875.99,
71583,230413,0,0,0,1585.0,2535.99,
71584,240413,0,0,0,1860.62,2976.99,
71585,250413,0,0,0,2274.37,3638.99,
71586,550103,0,0,0,90.0,143.99,
71588,920413,0,0,0,450.62,720.99,
71590,1300,5,5,0,15.86,,
71601,14213,4,4,0,50.76,,
71609,4820,0,0,0,10.78,,
71610,A80508,0,0,0,1149.7,,
71614,TM185C-HW-14HB,0,0,0,1088.65,1499.0,
71618,BS11250,5,5,0,80.95,,
71661,142625,5,2,3,85.59,,
71696,PP4500-08-C,0,0,0,276.35,,
71697,B4-209SS,1,0,1,1956.73,,
71698,B4-309SS,1,0,1,2499.99,,
71700,50900-1100,6,0,6,340.53,,
71701,2106B,0,0,0,730.18,,
71704,464,14,10,4,2.88,,
71707,744,5,5,0,6.58,,
71716,6032,2,0,2,60.71,,
71722,27640,8,2,6,115.01,,
71724,29320,16,9,7,49.51,,
71729,MM3-VNA-021,0,0,0,227.27,,
71731,16867A,11,2,9,4.09,,
71733,29540,0,0,0,6.04,,
71734,29541,9,7,2,8.95,,
71742,18A,1,1,0,235.56,,
71779,41611,2,2,0,105.0,199.99,
71806,TPA309,0,0,0,134.08,,
71807,88157-2,2,2,0,273.09,430.99,
71808,88148,0,0,0,258.14,322.99,
71809,88148-1,0,0,0,258.14,322.99,
71810,88160,1,0,1,149.44,215.99,
71811,88160-1,0,0,0,149.44,215.99,
71812,ZDIG4GC-US,2,1,1,379.99,,
71813,ZDIG4GCPRO-US,2,1,1,657.96,,
71825,B785C-M-MM,0,0,0,700.11,964.0,
71828,S72-0631-05,0,0,0,1137.6,,
71832,DMF6,31,25,6,19.99,,
71833,DMF6B,0,0,0,76.17,,
71839,A1624,0,0,0,6.97,,
71840,A2216,23,0,23,8.11,,
71841,A1214,0,0,0,11.96,,
71844,G17748,15,5,10,11.5,,
71849,G10900,24,5,19,6.6,,
71850,DMX5,3,0,3,15.99,,
71852,PP4800-07,0,0,0,356.35,,
71853,D15501,9,0,9,22.65,,
71854,D18001,5,3,2,37.07,,
71856,D30116,0,0,0,9.65,,
71857,12845,7,7,0,22.84,,
71864,2000033189,1,0,1,148.53,,
71865,2000033190,2,2,0,205.28,,
71867,010-12525-00,0,0,0,29.98,,
71874,F38-6602-1,9,4,5,143.01,,
71875,PP5920-05,0,0,0,414.53,,
71877,77270,0,0,0,28.53,43.99,
71878,77271,0,0,0,28.53,43.99,
71879,77273,0,0,0,28.53,43.99,
71883,TM150M,4,1,3,311.11,,
71904,90406,1,1,0,15.74,,
71918,A102148,0,0,0,51.13,,
71919,330314,3,1,2,579.37,926.99,
71926,HL-1,3,3,0,9.2,,
71927,HEL-KIT,3,2,1,12.66,,
71928,HL-103,3,0,3,3.08,,
71933,EVO-1212F,0,0,0,697.95,962.7,
71938,0253W00DP1,6,5,1,53.09,,
71946,199232,10,10,0,8.28,,
71947,B765C-LM-MM,0,0,0,990.6,1364.0,
71948,010-12527-00,18,0,18,74.99,,
71949,E70511,0,0,0,959.99,,
71954,119251,0,0,0,188.49,,
71955,118151,0,0,0,16.22,,
71964,GP1800-08,0,0,0,312.72,,
71966,A80515,0,0,0,80.95,,
71973,32851,5,5,0,92.38,,
71974,RMX4800-07,0,0,0,436.35,,
71989,RAM-HOL-TAB28U,0,0,0,22.18,31.49,
72002,350314,0,0,0,871.87,1394.99,
72007,010-02087-00,0,0,0,749.99,,
72008,010-12824-01,2,2,0,22.49,,
72009,010-02047-00,13,9,4,599.99,,
72010,010-12769-00,1,1,0,97.49,,
72018,37202-2024,1,1,0,249.99,,
72045,D30116CASE,0,0,0,56.35,,
72049,A1624CASE,0,0,0,39.57,,
72050,A2216CASE,3,0,3,46.05,,
72051,A1214CASE,0,0,0,67.86,,
72054,G17748CASE,1,0,1,61.54,,
72057,G18016CASE,0,0,0,35.27,,
72059,D18001CASE,0,0,0,133.08,,
72060,D15501CASE,2,0,2,80.81,,
72061,G10900CASE,3,0,3,34.78,,
72062,CS 02908CASE,0,0,0,88.76,125.7,
72076,09-60616,6,3,3,22.49,,
72077,10615-00,4,2,2,27.16,,
72078,61155,4,4,0,15.04,,
72085,110-15800,0,0,0,65.95,,
72087,20104,20,8,12,77.97,,121.64
72088,20105,18,10,8,89.97,,140.35
72089,20106,8,8,0,101.97,,159.07
72090,20107,31,15,16,113.97,,177.79
72091,20108,20,9,11,125.97,,196.51
72092,20109,20,9,11,137.97,,215.23
72093,20110,15,10,5,149.97,,233.95
72094,20111,0,0,0,161.97,,252.67
72095,20112,11,8,3,173.97,,271.39
72096,20204,22,12,10,77.97,,121.64
72097,20205,16,10,6,89.97,,140.35
72098,20206,12,11,1,101.97,,159.07
72099,20207,12,8,4,113.97,,177.79
72100,20208,15,6,9,125.97,,196.51
72101,20209,16,6,10,137.97,,215.23
72102,20210,14,6,8,149.97,,233.95
72103,20211,0,0,0,161.97,,252.67
72104,20212,11,5,6,173.97,,271.39
72108,20304,3,0,3,77.97,,121.64
72109,20305,0,0,0,89.97,,140.35
72110,20306,0,0,0,101.97,,159.07
72111,20307,0,0,0,113.97,,177.79
72112,20308,0,0,0,125.97,,196.51
72113,20309,0,0,0,137.97,,215.23
72114,20310,0,0,0,149.97,,233.95
72115,20311,2,0,2,161.97,,252.67
72116,20312,2,2,0,173.97,,271.39
72118,20404,0,0,0,77.97,,121.64
72119,20405,0,0,0,89.97,,140.35
72120,20406,10,2,8,101.97,,159.07
72121,20407,1,0,1,113.97,,177.79
72122,20408,2,1,1,125.97,,196.51
72123,20409,0,0,0,137.97,,215.23
72124,20410,0,0,0,149.97,,233.95
72125,20411,0,0,0,161.97,,252.67
72126,20412,0,0,0,173.97,,271.39
72128,20504,0,0,0,77.97,,121.64
72129,20505,11,7,4,89.97,,140.35
72130,20506,9,8,1,101.97,,159.07
72131,20507,16,7,9,113.97,,177.79
72132,20508,11,8,3,125.97,,196.51
72133,20509,0,0,0,137.97,,215.23
72134,20510,0,0,0,149.97,,233.95
72135,20511,5,2,3,161.97,,252.67
72136,20512,0,0,0,173.97,,271.39
72137,20604,0,0,0,77.97,,121.64
72138,20605,0,0,0,89.97,,140.35
72139,20606,16,6,10,101.97,,159.07
72140,20607,13,6,7,113.97,,177.79
72141,20608,10,8,2,125.97,,196.51
72142,20609,0,0,0,137.97,,215.23
72143,20610,2,2,0,149.97,,233.95
72144,20611,1,0,1,161.97,,252.67
72145,20612,0,0,0,173.97,,271.39
72146,20704,10,4,6,77.97,,121.64
72147,20705,15,9,6,89.97,,140.35
72148,20706,0,0,0,101.97,,159.07
72149,20707,12,9,3,113.97,,177.79
72150,20708,0,0,0,125.97,,196.51
72151,20709,0,0,0,137.97,,215.23
72152,20710,0,0,0,149.97,,233.95
72153,20711,7,2,5,161.97,,252.67
72154,20712,0,0,0,173.97,,271.39
72155,20804,6,0,6,77.97,,121.64
72156,20805,0,0,0,86.51,,140.35
72157,20806,16,8,8,101.97,,159.07
72158,20807,12,7,5,113.97,,177.79
72159,20808,9,5,4,125.97,,196.51
72160,20809,0,0,0,137.97,,215.23
72161,20810,1,1,0,137.62,,233.95
72162,20811,0,0,0,161.97,,252.67
72163,20812,0,0,0,167.28,,271.39
72164,20904,5,0,5,77.97,,121.64
72165,20905,2,2,0,82.56,,140.35
72166,20906,0,0,0,101.97,,159.07
72167,20907,9,2,7,113.97,,177.79
72168,20908,0,0,0,121.13,,196.51
72169,20909,0,0,0,137.97,,215.23
72170,20910,0,0,0,149.97,,233.95
72171,20911,0,0,0,161.97,,252.67
72172,20912,0,0,0,173.97,,271.39
72173,21104,0,0,0,77.97,,121.64
72174,21105,0,0,0,86.51,,140.35
72175,21106,0,0,0,98.05,,159.07
72176,21107,0,0,0,109.59,,177.79
72177,21108,11,0,11,125.97,,196.51
72178,21109,4,2,2,137.97,,215.23
72179,21110,5,5,0,149.97,,233.95
72180,21111,2,2,0,148.64,,252.67
72181,21112,0,0,0,173.97,,271.39
72182,21404,1,1,0,71.55,,121.64
72183,21405,2,2,0,82.56,,140.35
72184,21406,2,2,0,101.97,,159.07
72185,21407,4,1,3,113.97,,177.79
72186,21408,6,4,2,125.97,,196.51
72187,21409,2,2,0,126.61,,215.23
72188,21410,0,0,0,149.97,,233.95
72189,21411,1,1,0,148.64,,252.67
72190,21412,0,0,0,173.97,,271.39
72191,30232,0,0,0,251.38,,333.33
72192,30240,0,0,0,298.95,,396.4
72193,30532,0,0,0,251.38,,333.33
72194,30540,0,0,0,298.95,,396.4
72195,31532,0,0,0,251.38,,333.33
72197,31632,0,0,0,251.38,,333.33
72198,31640,0,0,0,298.95,,396.4
72201,27011,0,0,0,66.32,,95.41
72202,02637,23,4,19,12.67,,19.76
72203,02638,6,3,3,12.67,,19.76
72204,80637,13,4,9,24.21,,37.76
72205,80638,13,6,7,24.21,,37.76
72206,80011,19,14,5,102.54,,143.96
72210,LLB-45AR-08-02,0,0,0,15.79,,
72237,27021,4,2,2,66.32,,95.41
72238,27031,24,19,5,66.32,,95.41
72239,27041,8,4,4,66.32,,95.41
72240,27051,16,9,7,66.32,,95.41
72241,27061,17,7,10,66.32,,95.41
72242,27071,8,4,4,66.32,,95.41
72243,27081,10,4,6,66.32,,95.41
72244,27091,14,10,4,66.32,,95.41
72245,27101,0,0,0,66.32,,95.41
72246,27121,0,0,0,66.32,,95.41
72247,27131,0,0,0,66.32,,95.41
72248,27141,19,11,8,66.32,,95.41
72249,27151,14,8,6,66.32,,95.41
72250,27171,9,5,4,66.32,,95.41
72251,27181,7,4,3,66.32,,95.41
72252,27191,0,0,0,66.32,,95.41
72253,27211,0,0,0,66.32,,95.41
72254,27221,0,0,0,66.32,,95.41
72255,27261,0,0,0,66.32,,95.41
72256,27271,0,0,0,66.32,,95.41
72257,27291,0,0,0,66.32,,95.41
72258,27301,11,7,4,66.32,,95.41
72259,27311,9,4,5,66.32,,95.41
72260,27321,0,0,0,66.32,,95.41
72261,27331,8,8,0,66.32,,95.41
72262,27341,0,0,0,66.32,,95.41
72263,MBR550,1,1,0,899.99,,
72267,02655,26,6,20,40.36,,62.96
72268,02656,7,1,6,40.36,,62.96
72269,02657,0,0,0,40.36,,62.96
72270,02658,0,0,0,40.36,,62.96
72271,02660,0,0,0,40.36,,62.96
72273,02662,0,0,0,40.36,,62.96
72274,02663,0,0,0,40.36,,62.96
72275,02664,0,0,0,40.36,,62.96
72276,02665,13,6,7,40.36,,62.96
72277,02667,23,19,4,40.36,,62.96
72278,02668,0,0,0,40.36,,62.96
72280,02673,0,0,0,40.36,,62.96
72281,02674,0,0,0,40.36,,62.96
72293,RF681,5,3,2,11.89,,
72294,RF470,0,0,0,18.2,26.38,
72297,RF467,0,0,0,18.62,27.65,
72298,RF567,0,0,0,22.7,33.73,
72299,RF417,5,2,3,14.6,21.69,
72300,RF285,5,2,3,16.88,25.07,
72301,RF188,0,0,0,14.04,,
72302,RF81,0,0,0,19.86,29.51,
72303,RF82,0,0,0,26.32,39.1,
72304,RF83,0,0,0,22.7,33.73,
72305,64011,0,0,0,456.25,729.99,
72306,41646,0,0,0,175.0,279.99,
72311,165T-SS54,0,0,0,1688.89,,
72321,31-6262-00,4,2,2,17.75,,
72333,529-VW-S,13,0,13,322.63,,
72334,897-CW-S,0,0,0,345.16,,
72335,1197-CW-S,0,0,0,396.93,,
72337,529-VB-S,16,8,8,348.9,,
72339,829-VW-S,0,0,0,346.65,,
72340,1129-VW-S,0,0,0,367.66,,
72341,532-VW-S,10,0,10,992.19,,
72342,532-VW-RS,3,3,0,1045.25,,
72343,549-EW-S,0,0,0,407.43,,
72344,598-SW-S,1,0,1,336.15,,
72345,538-AW-S,2,2,0,295.62,,
72346,538-AB-S,2,1,1,319.63,,
72348,249ATP,0,0,0,946.17,,
72352,11001,6,2,4,12.5,24.99,
72354,11003,2,2,0,14.0,24.99,
72357,1140,12,0,12,29.23,,
72358,1143,0,0,0,35.09,,
72359,385310681,0,0,0,59.53,,
72360,1146,1,1,0,45.87,,
72361,1149,12,0,12,60.87,,
72362,1152,3,0,3,93.6,,
72363,61140,11,6,5,29.23,,
72364,61143,14,4,10,35.09,,
72366,61146,4,2,2,45.87,,
72367,61149,0,0,0,60.87,,
72368,61152,0,0,0,93.6,,
72370,1515-FT,40,40,0,0.8,,
72375,201913,4,4,0,6.25,13.99,
72376,201923,18,13,5,9.37,13.99,
72377,201933,110,48,62,6.25,13.99,
72386,104933,0,0,0,8.12,16.99,
72392,106913,3,3,0,7.58,18.99,
72393,106923,0,0,0,11.08,18.99,
72394,106933,2,2,0,7.58,18.99,
72397,RF30100,4,1,3,19.84,29.46,
72402,RF30110,0,0,0,31.6,46.94,
72403,RF30141,0,0,0,17.63,26.19,
72404,110913,13,6,7,8.12,20.99,
72406,110933,11,3,8,8.12,20.99,
72414,301913,0,0,0,5.83,15.99,
72425,311933,4,2,2,6.25,15.99,
72426,R50304,0,0,0,386.71,571.5,
72435,103933,2,0,2,10.0,24.99,
72443,R69015,32,2,30,26.46,,
72446,88148PS-KIT,0,0,0,516.28,614.99,
72449,88679,0,0,0,1237.49,1666.99,
72450,88679-1,2,1,1,1169.01,1666.99,
72451,105843,0,0,0,8.12,18.99,
72453,105863,0,0,0,8.12,18.99,
72455,105883,0,0,0,11.87,18.99,
72458,105913,0,0,0,11.87,,
72460,40187,0,0,0,84.37,134.99,
72462,MBR500,1,0,1,499.99,,
72463,20611,0,0,0,50.0,79.99,
72464,163032,2,2,0,31.4,45.97,
72465,163001,9,7,2,87.62,126.97,
72466,163532,21,11,10,36.12,52.97,
72467,163501,4,2,2,79.99,145.97,
72472,131932,1,0,1,24.4,41.97,
72473,131901,11,0,11,61.22,108.97,
72474,133532,7,7,0,25.99,52.97,
72475,133501,7,6,1,75.49,136.97,
72476,133132,7,5,2,33.36,56.97,
72477,133332,0,0,0,28.55,49.97,
72478,800136CS,28,20,8,7.69,13.97,
72479,890146,28,25,3,14.82,24.97,
72480,810176,33,28,5,12.78,16.97,
72481,890171,22,12,10,15.83,28.97,
72482,890142,23,23,0,14.85,21.97,
72483,890143,0,0,0,15.12,25.97,
72485,890172,5,5,0,15.1,26.97,
72486,890144,38,38,0,16.83,23.97,
72487,166232,5,1,4,9.62,12.97,
72488,166022,15,11,4,5.86,9.97,
72489,166622,19,16,3,5.69,9.97,
72496,166322,17,8,9,6.35,10.97,
72498,166920,4,0,4,3.83,4.97,
72501,C1030D,1,0,1,89.04,,
72502,C1015D,0,0,0,89.04,,
72503,C1000D,13,0,13,89.04,,
72504,C1030ND,27,16,11,89.04,,
72505,C1015ND,1,0,1,89.04,,
72506,C1000ND,2,2,0,89.04,,
72507,C1030DS,11,9,2,100.0,,
72508,C1015DS,0,0,0,100.0,,
72509,C1000DS,11,5,6,100.0,,
72510,C2030D,0,0,0,89.04,,
72511,C2015D,10,1,9,89.04,,
72512,C2000D,0,0,0,89.04,,
72513,C2030ND,0,0,0,89.04,,
72514,C2015ND,20,0,20,89.04,,
72515,C2000ND,14,12,2,89.04,,
72516,C2030DS,9,9,0,100.0,,
72518,C2015DS,14,9,5,100.0,,
72519,C2000DS,7,7,0,100.0,,
72520,P1000DB,28,0,28,11.64,,
72521,P1000DW,33,27,6,11.64,,
72522,20621,0,0,0,62.5,99.99,
72523,P1015DB,14,7,7,11.64,,
72524,P1015DW,35,18,17,11.64,,
72525,20631,0,0,0,62.5,99.99,
72526,P2030B,18,18,0,11.64,,
72527,P2030W,38,18,20,11.64,,
72528,2000CS,1,1,0,7.53,,
72529,20731,0,0,0,168.75,269.99,
72530,1000CS,8,0,8,7.53,,
72533,CBP,0,0,0,13.7,,
72534,RHS,0,0,0,41.1,,
72535,A3812,0,0,0,0.75,,
72536,EL3812,2,2,0,0.75,,
72537,T12,0,0,0,0.92,,
72538,20511,0,0,0,60.62,96.99,
72539,20521,0,0,0,60.62,96.99,
72542,40282,3,3,0,31.87,50.99,
72552,40286,0,0,0,26.24,,
72555,40289,5,4,1,9.7,,
72557,20541,4,2,2,109.37,174.99,
72566,42010,0,0,0,43.75,69.99,
72571,740173-1,2,2,0,53.02,,
72572,010-12809-20,0,0,0,2984.99,,
72578,010-12765-00,0,0,0,37.49,,
72580,010-12784-01,3,0,3,22.49,,
72581,010-12784-00,2,1,1,22.49,,
72582,010-12784-02,0,0,0,26.24,,
72583,SET0225,0,0,0,88.57,,
72585,010-12531-01,16,6,10,18.74,,
72591,001-341-680-00,0,0,0,336.36,,
72594,40690,0,0,0,20.0,31.99,
72597,42090,0,0,0,33.12,52.99,
72602,20002,123,0,123,5.34,,
72603,20004,17,0,17,73.33,,
72605,20032,37,0,37,25.71,,
72607,20012,44,0,44,12.42,,
72610,25002,232,0,232,4.25,,
72612,25003,12,0,12,11.45,,
72613,25014,9,0,9,12.62,,
72614,25016,4,0,4,15.11,,
72616,MI-0012-STD,3,1,2,84.26,,
72618,RA0978600,1,0,1,0.86,,
72627,R70389,0,0,0,136.35,,
72633,T70216,5,3,2,1304.34,,
72634,QUAD-TAC-BK,9,5,4,27.72,44.99,
72636,QUAD-TAC-OD,2,2,0,32.61,44.99,
72659,PP4400-09-C,0,0,0,269.08,,
72662,480153,0,0,0,60.62,96.99,
72664,RA5205BK,0,0,0,102.56,,
72666,RH5329H,6,2,4,87.19,,
72685,40-518,16,0,16,18.21,,
72718,010-11967-00,3,1,2,20.99,,
72721,FX-4,32,14,18,53.44,,
72723,A80311,0,0,0,262.49,,
72767,ARG-500-P,5,3,2,162.22,,
72768,ARG-500-S,5,3,2,164.44,,
72769,ARG-500,0,0,0,196.67,,
72770,ARG-755-P,0,0,0,162.22,,
72771,ARG-755,5,2,3,196.11,,
72772,T70432,1,0,1,432.05,,
72773,T70433,2,1,1,529.88,,
72774,T70434,0,0,0,277.16,,
72775,E70399,0,0,0,4399.99,,
72782,ARG-750-P,1,0,1,166.67,,
72783,ARG-750-S,1,0,1,168.89,,
72784,ARG-750,3,0,3,212.22,,
72786,ARG-1000-P,6,2,4,230.56,,
72787,ARG-1000-S,7,2,5,230.56,,
72789,ARG-1000,3,1,2,295.56,,
72791,ARG-1250-P,4,1,3,250.56,,
72793,ARG-1250-S,2,0,2,250.0,,
72794,ARG-1250,4,2,2,329.44,,
72795,ARG-1500-P,2,2,0,378.33,,
72796,ARG-1500-S,3,2,1,381.67,,
72797,ARG-1500,0,0,0,471.67,,
72798,ARG-2000-P,0,0,0,402.78,,
72799,ARG-2000-S,8,3,5,404.44,,
72800,ARG-2000,0,0,0,512.78,,
72819,RK2201BK,0,0,0,10.96,,
72820,RK2202BK,0,0,0,21.5,,
72821,TM-10-101-24,6,1,5,154.22,,
72823,46-250-1,3,0,3,87.78,,
72824,46-250-2,4,0,4,81.71,,
72825,ASC-1250,4,4,0,105.0,,
72827,ASC-2000,0,0,0,141.11,,
72829,ASC-3000,6,2,4,254.44,,
72839,544-SSW-RS,0,0,0,1045.25,,
72841,BV-750,4,2,2,181.67,,
72842,BV-1000,2,2,0,221.67,,
72843,BV-1250,1,1,0,282.78,,
72844,BV-1500,3,1,2,318.89,,
72845,BV-2000,0,0,0,446.11,,
72846,199325,6,6,0,3.28,,
72847,BB-1,0,0,0,37.78,,
72848,BB-2,5,3,2,48.33,,
72853,FF-500,12,3,9,6.11,,
72855,FF-750,29,6,23,8.33,,
72857,FF-1000,13,9,4,10.0,,
72859,FF-1125,13,0,13,10.0,,
72861,FF-1250,18,5,13,16.11,,
72863,FF-1500,21,10,11,20.56,,
72865,FF-2000,3,0,3,45.0,,
72869,MM3-VNA-023,0,0,0,227.27,,
72883,PP4503,0,0,0,276.35,,
72886,601114,3,0,3,3.21,,
72887,700103,0,0,0,4.34,,
72891,FM4800,2,1,1,565.16,,695.0
72895,EIC102,0,0,0,131.26,,
72901,NAVPRO900,2,1,1,769.3,,
72902,NAVPRO900F,1,0,1,889.99,,
72903,NAVPRO1200,1,1,0,1559.99,,
72904,NAVPRO1200F,1,1,0,1659.99,,
72905,10-13406-104,0,0,0,156.25,,
72907,980013,0,0,0,225.0,359.99,
72908,PRO505XL,21,21,0,41.66,,
72911,A80565,0,0,0,76.69,,
72927,20310033,2,1,1,944.99,,
72938,012105W,0,0,0,422.73,641.0,
72939,012104B,0,0,0,422.73,641.0,
72940,012106BW,0,0,0,448.91,712.0,
72941,012107C,0,0,0,619.32,940.0,
72952,RBA-100,0,0,0,45.0,,
72953,RA5000SL,1,1,0,111.54,,
72959,1104,0,0,0,169.15,,
72969,1428G00WHT,9,9,0,32.67,,
72994,010-12390-44,7,0,7,59.99,,
72996,GP2040-17,0,0,0,334.53,,
73005,163032CASE,0,0,0,376.77,551.64,
73006,163532CASE,0,0,0,433.38,635.64,
73009,131932CASE,0,0,0,292.77,503.64,
73010,133532CASE,0,0,0,362.62,635.64,
73011,133132CASE,0,0,0,200.15,341.82,
73012,133332CASE,0,0,0,171.31,299.82,
73014,166322CASE,0,0,0,76.17,131.64,
73016,166920CASE,0,0,0,44.67,,
73018,P12072,3,2,1,450.0,,
73020,W739,0,0,0,10.85,,
73021,W732,3,1,2,10.85,,
73025,W737,0,0,0,6.85,,
73026,W740,0,0,0,4.28,,
73027,W741,0,0,0,4.57,,
73028,W742,0,0,0,4.42,,
73029,W746,4,3,1,8.12,,
73031,W743-DOUBLE,0,0,0,13.98,,
73032,W743-SS,0,0,0,16.12,,
73033,W748,0,0,0,8.12,,
73035,W755,1,0,1,40.99,,
73044,890146CASE,2,2,0,177.85,299.64,
73045,810176CASE,2,2,0,153.45,203.64,
73046,890171CASE,1,1,0,190.0,347.64,
73047,890142CASE,1,1,0,178.22,263.64,
73048,890143CASE,0,0,0,181.38,311.64,
73049,890172CASE,0,0,0,181.23,323.64,
73050,890144CASE,3,3,0,202.0,287.64,
73052,M81136,0,0,0,1891.66,,
73054,JB-100716B,0,0,0,9.06,,
73061,480143,0,0,0,60.62,96.99,
73069,480343,0,0,0,60.62,96.99,
73073,480043,0,0,0,60.62,96.99,
73074,480033,0,0,0,60.62,96.99,
73077,FTT641512000B00,6,0,6,130.68,,
73081,F7-537,49,24,25,1.61,,
73082,B45-DT-HB,0,0,0,236.02,324.99,
73084,104099,0,0,0,138.41,,
73096,731S-01422,0,0,0,17.67,,
73100,MCKGB450W.6,13,5,8,141.99,,
73101,MCKGB450B.6,13,6,7,139.2,,
73102,BM40AMPBT,8,6,2,170.44,,
73103,TUBE,60,42,18,39.77,,
73106,R109LH,0,0,0,3022.22,,
73107,R70521,2,2,0,55.39,,
73108,010-12507-02,6,4,2,7.49,,
73109,GP1812,0,0,0,398.0,,
73110,GPX1212,0,0,0,328.0,,
73111,GPX2012,0,0,0,457.0,,
73112,IPX1212,0,0,0,350.0,,409.95
73113,PPX2012D,4,4,0,506.0,,589.95
73122,DVR100,0,0,0,32.0,,
73123,104,54,20,34,7.51,,
73124,TB0050,0,0,0,86.0,,
73125,TB0080,0,0,0,86.0,,
73126,TB0051,0,0,0,98.0,,
73127,TK-100,0,0,0,63.0,,
73128,TK-123,0,0,0,92.0,,
73129,TK-144,0,0,0,92.0,,
73130,TK-187,0,0,0,92.0,,
73131,TK-184,0,0,0,92.0,,
73132,TK-127,0,0,0,118.0,,
73133,TK-130,0,0,0,118.0,,
73134,TK-223,0,0,0,92.0,,
73135,TK-244,0,0,0,92.0,,
73136,TK-284,0,0,0,89.0,,
73137,TK-287,0,0,0,92.0,,
73138,TK-227,0,0,0,118.0,,
73139,TK-230,0,0,0,115.0,,
73140,BK0023,0,0,0,10.0,,
73141,BK0027,2,2,0,10.0,,
73142,BK0044,8,8,0,14.0,,
73143,P1030DB,40,28,12,11.64,,
73144,VGR001,0,0,0,30.0,,
73145,CB0001,0,0,0,21.0,,
73146,GB0001,0,0,0,10.51,,
73147,COV001,0,0,0,8.51,,
73148,L-202,3,2,1,17.0,,
73149,MS0001,0,0,0,13.0,,
73150,BC-100,0,0,0,29.0,,
73152,PC-100,0,0,0,28.0,,
73154,TSA001,2,2,0,8.0,,
73156,PC0001,0,0,0,12.0,,
73157,PC0004,0,0,0,12.0,,
73158,PCDCA1,0,0,0,26.0,,
73159,PCDCA4,0,0,0,26.0,,
73160,S-140,0,0,0,15.0,,
73162,SP0007,0,0,0,29.0,,
73164,SP0005,0,0,0,29.0,,
73168,RH-100,0,0,0,5.0,,
73171,FT-100,0,0,0,5.0,,
73172,GBK001,1,1,0,4.0,,
73173,RB-100,1,1,0,1.0,,
73174,ST-100,3,3,0,1.51,,
73177,TKB100,0,0,0,4.51,,
73178,SMC001,0,0,0,14.0,,
73179,SMB001,0,0,0,11.0,,
73180,ACE001,0,0,0,5.51,,
73181,V-120,2,2,0,40.0,,
73183,DD-100,21,21,0,42.0,,
73184,V-410,0,0,0,20.0,,
73199,010-02096-00,13,11,2,299.99,,
73200,010-02097-00,10,6,4,374.99,,
73201,010-02098-00,1,0,1,524.99,,
73206,010-12462-10,0,0,0,149.99,,
73207,010-12676-30,0,0,0,56.24,,
73208,010-12676-35,0,0,0,29.98,,
73209,88653,0,0,0,565.2,1000.0,
73216,770050,13,2,11,11.37,,
73217,770055,8,6,2,15.36,,
73218,770067,20,8,12,24.48,,
73220,GK-414,13,7,6,9.3,,
73222,770001,1,1,0,9.67,,
73223,770002,20,13,7,14.23,,
73224,770003,3,0,3,21.07,,
73225,770007,15,4,11,11.95,,
73226,770035,1,1,0,29.04,,
73227,770295,4,2,2,112.83,,
73229,770297-1,2,0,2,20.49,,
73230,770297-2,3,1,2,33.03,,
73231,770298-1,3,2,1,25.63,,
73233,770298-2,8,8,0,41.59,,
73237,BP282,1,1,0,29.99,,
73242,770201,0,0,0,12.51,,
73243,770202,17,7,10,19.92,,
73244,770203,0,0,0,31.32,,
73245,770204,0,0,0,49.56,,
73246,770207,15,8,7,13.08,,
73250,0927DP0CHR,0,0,0,110.61,,
73251,0960DP0CHR,0,0,0,72.24,,
73252,8502DP,2,2,0,63.24,,
73253,0254B00DP1,5,0,5,53.64,,
73254,1181DP0CHR,5,1,4,52.37,,
73255,0947DP3CHR,8,3,5,44.97,,
73256,0947DP2CHR,11,4,7,38.95,,
73257,0931DP1BLK,6,2,4,38.23,,
73258,903000,4,2,2,21.63,,
73259,903001,4,1,3,19.35,,
73260,903002,0,0,0,7.97,,
73261,903003,4,2,2,26.19,,
73262,710215-1,13,13,0,68.18,,
73263,903007,4,3,1,24.62,,
73264,770030-1,1,1,0,48.69,,
73265,903008,5,1,4,23.91,,
73267,903011,0,0,0,27.91,,
73268,903018,3,1,2,31.89,,
73270,1421DP2CHR,3,3,0,36.97,,
73271,740158-1NB,9,9,0,196.98,,
73272,1092DP1BLK,11,6,5,38.13,,
73273,1134DP0CHR,0,0,0,32.69,,
73274,1137DP0CHR,1,1,0,32.69,,
73275,1634DP0CHR,4,4,0,32.0,,
73276,1637DP0CHR,7,2,5,32.0,,
73277,0323DP,6,1,5,31.29,,
73281,F16-0091,7,2,5,56.9,,
73282,010-10553-00,3,1,2,20.3,,
73283,MVP-J-G-XXL,0,0,0,180.0,,
73284,MVP-J-G-L,0,0,0,180.0,,
73285,MVP-J-G-M,0,0,0,180.0,,
73290,480213,0,0,0,66.87,106.99,
73291,0932DP1BLK,15,5,10,31.08,,
73292,0932DP2BLK,7,5,2,31.08,,
73296,1440DP2CHR,18,9,9,30.38,,
73297,0956DP4CHR,14,9,5,23.05,,
73298,1318DPGBLK,18,5,13,21.97,,
73299,1319DPGBLK,0,0,0,21.97,,
73300,1101DP0CHR,4,4,0,20.56,,
73301,1198DP2CHR,10,10,0,16.43,,
73302,0481DP0BLK,0,0,0,12.01,,
73303,1125DP499A,3,3,0,82.8,,
73304,1125DP4CHR,7,3,4,104.5,,
73305,0052DP,15,5,10,11.93,,
73306,1269DP099A,9,4,5,10.79,,
73307,1223DP0CHR,1,1,0,10.25,,
73308,1199DP3CHR,0,0,0,10.24,,
73309,1199DP2CHR,3,0,3,8.31,,
73310,1199DP1CHR,15,15,0,9.19,,
73311,1287DP1CHR,25,15,10,9.19,,
73312,0492DP0STS,10,0,10,9.08,,
73313,0502DP2STS,14,4,10,9.73,,
73314,1242DP0CHR,9,9,0,5.99,,
73316,0502DP1STS,8,0,8,7.81,,
73317,0024DP1,12,10,2,6.43,,
73319,0477DP0BLK,10,0,10,6.43,,
73321,0610DP0CHR,0,0,0,5.03,,
73325,W736-SS,0,0,0,10.26,,
73331,RA2012010000,4,2,2,503.84,535.5,
73332,RA2018010000,5,2,3,650.35,701.1,
73333,RA2050010000,0,0,0,1868.02,1889.1,
73338,VP1135R24V,7,2,5,42.34,,
73339,VP1135G24V,5,2,3,42.34,,
73374,MM3-VNA-033,0,0,0,454.55,,
73378,205113,4,2,2,33.31,,
73382,130900-701-004-19,0,0,0,67.11,,
73391,103000-500-000-12,1,0,1,13.99,,
73392,103000-500-001-12,8,2,6,19.62,,
73393,103000-500-002-12,0,0,0,19.62,,
73394,103000-500-004-12,0,0,0,19.62,,
73395,103000-500-005-12,14,8,6,19.62,,
73402,103000-100-000-12,1,0,1,19.62,,
73403,103000-100-001-12,7,1,6,19.62,,
73404,103000-100-002-12,0,0,0,19.62,,
73405,103000-100-004-12,13,7,6,19.62,,
73406,103000-100-005-12,3,3,0,19.62,,
73408,152200-200-024-13,0,0,0,92.86,,
73422,SILVERSTEER 1TB,0,0,0,1266.92,,
73425,SILVERSTEER 2TB,4,1,3,1266.92,,
73426,SILVERSTEER1.0B,2,0,2,1050.71,,
73455,01-03-011,0,0,0,62.63,,
73456,01-03-012,3,1,2,64.0,,
73457,01-03-013,2,0,2,81.61,,
73458,01-03-014,3,1,2,83.76,,
73459,01-04-015,7,5,2,32.0,,
73460,01-04-016,5,2,3,35.21,,
73461,01-04-017,4,2,2,37.52,,
73462,01-04-018,2,1,1,39.81,,
73463,01-04-019,1,0,1,41.95,,
73464,01-66-025,2,1,1,14.5,,
73466,01-69-041,0,0,0,102.7,,
73482,03-01-001,2,2,0,115.82,,
73483,03-01-002,0,0,0,116.91,,
73484,03-01-003,0,0,0,131.59,,
73488,03-01-004,0,0,0,133.77,,
73490,03-01-005,0,0,0,95.53,,
73492,03-01-006,0,0,0,97.87,,
73495,03-01-015,0,0,0,115.82,,
73497,03-01-016,0,0,0,116.91,,
73506,03-02-007,0,0,0,516.5,,
73507,03-02-008,0,0,0,543.66,,
73508,03-02-009,0,0,0,465.31,,
73509,03-02-010,0,0,0,489.96,,
73510,03-66-011,4,2,2,27.47,,
73511,03-66-012,0,0,0,53.77,,
73512,04-01-001,4,2,2,78.67,,
73513,04-01-002,0,0,0,80.86,,
73514,04-01-003,0,0,0,94.44,,
73515,04-01-004,0,0,0,94.44,,
73520,04-01-005,5,3,2,125.96,,
73521,04-01-006,0,0,0,128.15,,
73525,04-03-009,3,2,1,110.19,,
73526,04-03-010,0,0,0,112.69,,
73529,07-01-001,0,0,0,199.45,,
73531,07-01-002,0,0,0,150.63,,
73532,07-01-003,0,0,0,199.45,,
73534,07-02-004,3,2,1,324.72,,
73536,07-02-005,0,0,0,331.12,,
73539,07-02-006,1,0,1,345.94,,
73540,07-02-007,0,0,0,352.18,,
73541,07-02-008,3,2,1,324.72,,
73542,07-02-009,0,0,0,331.12,,
73545,07-03-010,4,2,2,305.67,,
73547,07-03-011,0,0,0,312.38,,
73548,07-03-012,2,1,1,321.43,,
73549,07-03-013,0,0,0,325.81,,
73550,07-02-043,2,1,1,366.11,,
73551,07-02-044,0,0,0,376.27,,
73552,07-03-045,3,1,2,386.75,,
73553,07-03-046,0,0,0,397.08,,
73554,07-04-014,1,0,1,657.15,,
73555,07-04-015,0,0,0,657.15,,
73556,07-04-016,0,0,0,657.15,,
73557,07-04-017,0,0,0,657.15,,
73558,07-66-018,0,0,0,71.95,,
73559,07-66-019,2,1,1,177.64,,
73560,07-66-020,0,0,0,177.64,,
73561,07-66-021,0,0,0,193.87,,
73562,07-66-022,0,0,0,193.87,,
73563,07-66-023,0,0,0,17.18,,
73567,07-66-024,1,1,0,94.44,,
73568,07-66-025,2,1,1,61.81,,
73569,07-66-027,0,0,0,16.86,,
73570,07-66-028,0,0,0,18.11,,
73595,07-66-029,0,0,0,21.38,,
73597,07-66-031,0,0,0,110.12,,
73599,07-66-033,0,0,0,87.72,,
73606,07-66-034,0,0,0,58.38,,
73607,07-99-035,1,1,0,31.21,,
73608,07-99-036,0,0,0,37.47,,
73609,07-99-037,0,0,0,88.97,,
73611,07-99-042,0,0,0,136.7,,
73625,08-01-027,0,0,0,531.6,,
73632,710274-1,5,5,0,77.92,,
73633,710295-1,0,0,0,174.25,,
73634,710280-1,2,2,0,212.13,,
73635,710297-1,13,7,6,174.25,,
73636,710282-1,10,10,0,340.93,,
73637,710285-1,1,1,0,90.91,,
73638,710290-1,4,4,0,212.13,,
73639,710276-1,0,0,0,90.91,,
73640,710275-1,7,4,3,77.92,,
73641,710287-1,4,0,4,113.64,,
73642,710286-1,0,0,0,98.48,,
73643,710277-1,0,0,0,77.92,,
73646,710296-1,0,0,0,166.67,,
73647,710281-1,0,0,0,212.13,,
73648,710298-1,0,0,0,166.67,,
73649,710283-1,0,0,0,340.93,,
73650,09-02-005,0,0,0,440.8,,
73652,09-02-006,0,0,0,440.8,,
73653,09-02-007,0,0,0,459.53,,
73655,09-02-008,0,0,0,459.53,,
73656,710291-1,0,0,0,212.13,,
73659,09-02-011,0,0,0,356.98,,
73660,09-02-012,0,0,0,356.98,,
73661,09-02-013,0,0,0,372.74,,
73662,09-02-014,0,0,0,372.74,,
73663,09-66-015,0,0,0,44.33,,
73664,09-66-016,0,0,0,44.33,,
73665,09-66-017,0,0,0,51.66,,
73666,10-02-001,0,0,0,56.0,,
73667,10-02-002,2,0,2,60.52,,
73669,10-02-003,0,0,0,137.56,,
73670,710278-1,1,1,0,77.92,,
73671,10-02-004,0,0,0,139.01,,
73672,710279-1,0,0,0,110.39,,
73673,10-02-005,0,0,0,175.05,,
73674,710284-1,0,0,0,378.81,,
73675,10-02-006,0,0,0,179.38,,
73677,10-03-007,0,0,0,143.87,,
73678,10-03-008,0,0,0,147.15,,
73679,10-03-009,10,10,0,186.99,,
73680,10-03-010,0,0,0,189.18,,
73681,10-01-011,0,0,0,172.51,,
73682,10-01-012,0,0,0,175.6,,
73683,10-01-013,0,0,0,172.51,,
73684,10-01-014,0,0,0,175.6,,
73685,740181-1,4,0,4,34.08,,
73686,740182-1,2,0,2,34.08,,
73687,740183-1,8,8,0,34.08,,
73688,740179-1,2,0,2,53.02,,
73689,780038-1,2,0,2,37.87,,
73690,740184-1,2,2,0,20.76,,
73700,DPT-R,0,0,0,469.69,,
73701,DPT-S-PLATE-02,0,0,0,151.88,,
73702,DPT-R-PLATE-01,2,1,1,81.56,,
73703,DPT-LB-01,3,2,1,174.38,,
73728,0162,3,3,0,31.05,,
73729,0163,0,0,0,31.05,,
73730,0375,12,12,0,11.31,,
73731,0376,8,8,0,11.43,,
73732,0377,10,10,0,15.66,,
73733,0378,11,11,0,15.99,,
73738,1355935,6,5,1,315.39,,
73739,1355963,0,0,0,495.62,,
73753,1358884,12,7,5,2223.7,,
73755,1358838,33,19,14,2292.02,,
73770,1355964,3,0,3,516.6,,
73771,1355979,2,1,1,607.23,,
73799,A06072,0,0,0,68.17,,
73801,A06077,1,1,0,25.56,,
73806,7315,0,0,0,65.24,,
73809,BPJDE2,0,0,0,411.73,494.08,
73812,SA-339-WHT,16,6,10,45.88,,
73814,360-004,0,0,0,35.35,,
73816,010-12117-06,0,0,0,14.99,,
73817,93070,0,0,0,21.59,,
73818,5624,0,0,0,14.14,,
73819,38023500,0,0,0,3426.9,,
73821,25-742-BL,43,43,0,59.53,,
73822,25-742-WHT,8,4,4,58.6,,
73823,35-741-BL,2,2,0,66.6,,
73824,35-741-WHT,0,0,0,66.6,,
73825,35-742-BL,35,24,11,65.1,,
73826,35-742-WHT,0,0,0,66.6,,
73828,45-741-BL,105,59,46,66.6,,
73830,7310,0,0,0,65.24,,
73844,TR3,0,0,0,377.78,,
73845,TR8,3,1,2,1252.33,,
73847,TR3 SSP,2,2,0,41.03,,
73848,TR8 SSP,0,0,0,50.8,,
73850,118158,0,0,0,27.78,,
73852,119177,0,0,0,61.46,,
73856,118821,0,0,0,73.4,,
73870,68201,0,0,0,187.24,299.59,
73891,23003,0,0,0,26.24,,
73892,10052-32GA,50,8,42,15.06,,
73893,10190G40,9,8,1,11.77,,
73896,ML-005NWW,20,8,12,29.48,,
73897,S00-00522-08,1,0,1,11.29,,
73898,GP2080-17,0,0,0,385.44,,
73901,DPT-OA,2,0,2,556.88,,
73902,DPT-OA-PLATE-01,5,3,2,115.31,,
73905,DPT-R-PLATE-02,1,0,1,81.56,,
73908,DPT-C-PLATE-01,3,1,2,132.19,,
73909,DPT-C-PLATE-02,3,1,2,132.19,,
73912,DPT-S-PLATE-01,0,0,0,104.06,,
73913,DPT-S-PLATE-03,0,0,0,222.19,,
73952,F16-2500,12,0,12,39.4,,
73958,F16-3000,3,0,3,54.08,,
73964,17201203,0,0,0,1411.59,,
73972,G190200,9,5,4,18.56,,
73976,G191419,6,0,6,5.81,,
73980,G190315,0,0,0,9.43,,
73982,G190526,3,0,3,16.01,,
73984,010-12743-00,3,1,2,12.99,,
73985,010-12745-00,8,6,2,12.99,,
73986,010-12817-00,0,0,0,10.39,,
73987,010-12830-00,0,0,0,10.39,,
74003,SP-67739-T,10,2,8,34.23,,
74010,P100790,0,0,0,93.83,,
74014,36032,4,4,0,112.99,,
74015,5022,0,0,0,1.65,,
74016,E-4209-16,0,0,0,102.5,,
74017,010-12183-20,0,0,0,1912.49,,
74019,133316,5,5,0,13.99,26.97,
74020,133216,0,0,0,17.97,32.97,
74021,133116,5,1,4,19.82,34.97,
74022,133632,20,20,0,30.21,52.97,
74063,010-01876-00,0,0,0,174.99,,
74067,010-12548-03,0,0,0,18.74,,
74071,53800,4,1,3,108.7,184.99,
74076,MDA-5,1,1,0,909.3,,
74079,27637,0,0,0,247.11,,
74080,27638,0,0,0,260.83,,
74081,27580,12,5,7,219.0,314.99,
74082,10161A40,8,2,6,13.37,,
74083,10162A40,6,0,6,15.32,,
74084,10160A40,4,3,1,12.13,,
74085,010-12530-03,0,0,0,27.99,,
74087,010-12530-00,36,12,24,8.0,,
74089,10003GA,23,12,11,13.08,,
74093,16720A,13,0,13,11.3,,
74095,29542,0,0,0,6.67,,
74096,29543,0,0,0,6.57,,
74097,29554,10,2,8,5.53,,
74098,29791,33,10,23,23.78,,
74099,10800A,7,0,7,6.84,,
74100,10801A,8,7,1,6.96,,
74101,010-12771-01,0,0,0,67.99,,
74102,010-12771-00,4,3,1,39.99,,
74112,9030,0,0,0,102.44,,
74114,ME-01-210-60,35,11,24,147.18,,
74115,MF-02-310-24,12,12,0,103.47,,
74116,MF-05-550-24,0,0,0,203.95,,
74117,MG-01-110-70,29,13,16,36.9,,
74118,93-402,0,0,0,19.71,,
74119,97-50-310-12,0,0,0,21.94,,
74129,S72-0636-01,0,0,0,284.47,,
74141,GP1080-23,0,0,0,385.44,,
74142,RMX300-BK,0,0,0,27.56,43.99,
74166,GP1352,10,5,5,29.62,,
74167,GP1002,34,25,9,22.99,,
74168,GP1652,0,0,0,28.22,,
74172,010-11029-19,0,0,0,19.99,,
74173,BB-3,3,1,2,56.67,,
74174,12835,17,5,12,43.74,,
74179,FFC-500,11,9,2,10.0,,
74180,FFC-750,28,11,17,13.89,,
74181,FFC-1000,12,10,2,20.56,,
74182,FFC-1125,9,3,6,18.89,,
74183,FFC-1250,11,4,7,33.33,,
74184,FFC-1500,5,2,3,42.78,,
74185,FFC-2000,0,0,0,110.56,,
74186,IBV-250,0,0,0,13.89,,
74187,IBV-375,6,0,6,13.89,,
74188,IBV-500,28,12,16,18.89,,
74189,IBV-750,9,7,2,21.67,,
74190,IBV-1000,10,5,5,40.0,,
74191,IBV-1250,12,6,6,56.67,,
74192,IBV-1500,1,1,0,76.11,,
74194,IBV-2000,3,3,0,135.56,,
74195,IBV-250-S,5,3,2,31.11,,
74196,IBV-375-S,0,0,0,34.44,,
74197,IBV-500-S,6,4,2,41.67,,
74198,IBV-750-S,4,3,1,43.89,,
74199,IBV-1000-S,1,0,1,46.67,,
74200,IBV-1250-S,4,2,2,72.78,,
74201,IBV-1500-S,1,1,0,95.0,,
74202,IBV-2000-S,3,2,1,121.67,,
74204,FFL12G,17,0,17,24.44,,
74207,29712,0,0,0,9.76,,
74208,10700A,33,7,26,5.0,,
74209,10701A,25,22,3,5.14,,
74210,10705A,13,0,13,7.24,,
74222,11052A,14,14,0,4.01,,
74230,IBVF-750,4,3,1,33.89,,
74231,IBVF-1000,4,4,0,36.67,,
74232,IBVF-1250,4,2,2,41.67,,
74233,IBVF-1500,5,2,3,53.89,,
74234,IBVF-2000,2,0,2,65.56,,
74235,IBVF-750-S,0,0,0,43.89,,
74236,IBVF-1000-S,2,2,0,47.78,,
74238,IBVF-1250-S,0,0,0,51.11,,
74239,IBVF-1500-S,0,0,0,57.78,,
74241,IBVF-2000-S,0,0,0,65.56,,
74247,PNC-500,2,2,0,8.89,,
74248,PNC-750,9,0,9,11.11,,
74249,PNC-1000,9,0,9,17.22,,
74250,PNC-1250,0,0,0,24.44,,
74251,PNC-1500,9,7,2,19.99,,
74252,PNC-2000,0,0,0,37.78,,
74253,PTH-500,9,0,9,4.44,,
74254,PTH-5062,17,4,13,5.0,,
74255,PTH-750,36,22,14,5.56,,
74256,PTH-1000,20,7,13,7.78,,
74257,PTH-1125,16,12,4,12.22,,
74258,PTH-1250,1,0,1,13.33,,
74259,PTH-1500,12,0,12,17.22,,
74260,PTH-2000,3,3,0,22.78,,
74265,PTH-750-S,5,2,3,8.89,,
74266,PTH-1000-S,1,0,1,12.22,,
74267,PTH-1250-S,4,2,2,16.67,,
74268,PTH-1500-S,0,0,0,20.56,,
74269,PTH-2000-S,0,0,0,34.44,,
74274,PTHC-750,21,2,19,8.89,,
74275,PTHC-1000,25,8,17,13.89,,
74276,PTHC-1125,8,4,4,18.33,,
74277,PTHC-1250,16,9,7,20.0,,
74278,PTHC-1500,19,10,9,27.78,,
74279,PTHC-2000,1,0,1,40.0,,
74289,TH-500-W,9,9,0,11.67,,
74290,TH-750-W,0,0,0,12.78,,
74291,TH-1000-W,6,6,0,18.33,,
74292,TH-1250-W,21,15,6,30.56,,
74293,TH-1500-W,13,7,6,39.44,,
74298,TH-2000-W,2,2,0,59.44,,
74299,TH-500-WS,9,3,6,12.22,,
74300,TH-750-WS,10,0,10,11.67,,
74301,TH-1000-WS,0,0,0,33.33,,
74302,TH-1250-WS,6,4,2,37.22,,
74303,TH-1500-WS,6,5,1,38.89,,
74304,TH-2000-WS,0,0,0,52.22,,
74318,LLB-32KW-01-00,2,0,2,29.99,,
74320,LLB-32LW-01-00,0,0,0,49.39,,
74370,FBVE-750 12V,0,0,0,1452.78,,
74371,FBVE-750 24V,0,0,0,1458.33,,
74372,FBVE-1000 12V,0,0,0,1475.56,,
74373,FBVE-1000 24V,1,1,0,1481.11,,
74374,FBVE-1250 12V,2,0,2,1355.5,,
74375,FBVE-1250 24V,0,0,0,1511.67,,
74376,FBVE-1500 12V,3,1,2,1553.33,,
74377,FBVE-1500 24V,3,1,2,1558.89,,
74378,FBVE-2000 12V,0,0,0,1636.67,,
74379,FBVE-2000 24V,0,0,0,1642.22,,
74380,FBVE-2500 12V,0,0,0,1785.56,,
74381,FBVE-2500 24V,1,1,0,1791.11,,
74382,FBVE-3000 12V,0,0,0,2198.89,,
74383,FBVE-3000 24V,0,0,0,2204.44,,
74384,LCD-5,0,0,0,1420.56,,
74385,FBV-750,0,0,0,46.11,,
74386,FBV-1000,5,0,5,63.89,,
74387,FBV-1250,6,3,3,78.89,,
74388,FBV-1500,2,1,1,106.67,,
74389,FBV-2000,5,3,2,172.22,,
74390,HF-B,3,1,2,498.33,,
74391,K-H,4,2,2,1422.78,,
74392,K-H 12V,0,0,0,2280.56,,
74393,K-H 24V,0,0,0,2291.67,,
74394,970-1500-12,4,2,2,2318.33,,
74395,APHS-1250-1,1,0,1,114.44,,
74396,APHS-2000-1,2,2,0,161.67,,
74397,APHS-3000-1,1,0,1,281.67,,
74398,BVS-750,4,0,4,503.89,,
74399,BVS-1000,8,4,4,615.0,,
74400,BVS-1250,5,3,2,814.44,,
74401,BVS-1500,3,1,2,925.0,,
74402,CP-20 12V,1,1,0,237.78,,
74403,CV-50,5,3,2,17.22,,
74404,CV-75,6,2,4,20.56,,
74405,CV-100,6,2,4,27.22,,
74406,CV-125,0,0,0,51.11,,
74407,CV-150,0,0,0,77.78,,
74408,CV-200,0,0,0,116.11,,
74409,FV-250,0,0,0,14.44,,
74410,FV-375,15,12,3,14.44,,
74411,FV-500,23,15,8,22.78,,
74412,FV-750,13,2,11,27.78,,
74413,FV-590,29,20,9,16.67,,
74414,FV-590-S,23,13,10,26.67,,
74415,FV-450-X,4,2,2,75.56,,
74416,FV-550-L,6,0,6,95.0,,
74417,FV-65038,9,3,6,142.78,,
74431,12VBRS2,0,0,0,16.5,,
74437,P100791,0,0,0,96.62,,
74441,BHW4050,0,0,0,80.29,,
74443,41657,2,0,2,49.74,89.99,
74444,41658,3,3,0,57.07,99.99,
74445,41659,0,0,0,93.75,149.99,
74446,41660,2,1,1,136.49,,
74450,41665,0,0,0,134.37,214.99,
74463,133632CASE,1,1,0,362.46,635.64,
74464,133116CASE,0,0,0,118.92,209.82,
74465,133216CASE,0,0,0,107.85,197.82,
74466,133316CASE,0,0,0,104.31,161.82,
74470,A-2 WHITE,12,2,10,49.53,,
74471,A-3 WHITE,9,5,4,66.31,,
74474,A-1 WHITE,4,4,0,35.79,,
74479,10980,13,13,0,7.03,,
74483,29532,14,8,6,22.05,,
74488,10211G,23,16,7,6.04,,
74499,TM185HW,1,0,1,1066.67,,
74500,MMC-10F-HM,2,2,0,104.18,135.0,
74501,MMC-10F-L,0,0,0,104.18,135.0,
74502,TM185C-HW-MM,0,0,0,990.6,1364.0,
74529,1908016,7,7,0,86.25,,
74536,GP1040-16,0,0,0,334.53,,
74541,13851,2,1,1,184.59,,
74542,13751,4,4,0,179.99,,
74544,HE-RGBSAC-1,3,0,3,35.94,70.99,
74571,010-12855-00,3,0,3,63.74,,
74573,905513BLK,5,2,3,218.75,349.99,
74574,110213BLK,0,0,0,293.75,469.99,
74575,202513BLK,0,0,0,150.0,239.99,
74580,EVO-1212F-HW,0,0,0,697.95,962.7,
74581,EVO-1224F,0,0,0,697.95,962.7,
74582,EVO-1224F-HW,0,0,0,697.95,962.7,
74583,EVO-RC-PLUS,2,2,0,117.16,161.5,
74585,482033,0,0,0,100.0,159.99,
74604,UMS108SR,1,1,0,149.95,269.99,
74611,UMS77BR,5,4,1,209.95,359.99,
74614,UMS88BR,0,0,0,309.09,409.99,
74634,SP201RG,1,1,0,105.82,,
74635,MA7020G,1,0,1,95.24,,
74636,SB44G2,48,12,36,19.4,,
74637,SB44G1,7,7,0,19.4,,
74639,MA4052LG1,18,12,6,32.88,,
74640,CVC620WPT,0,0,0,147.5,,
74662,13752,5,4,1,220.65,,
74664,13852,4,2,2,224.99,,
74665,1038,5,5,0,41.11,,
74666,KTF0184,3,1,2,204.99,,
74667,1046,9,6,3,41.11,,
74668,12851,0,0,0,204.13,,
74670,33005,3,3,0,67.56,,
74671,91106,4,4,0,22.99,,
74672,13795,3,1,2,163.25,,
74673,KTF063,4,3,1,333.15,,
74682,RA38M,0,0,0,21.25,,
74692,AH-100,8,0,8,74.21,,
74694,HH,10,0,10,16.15,,
74698,H002F00,3,0,3,66.41,,
74699,H003F00,0,0,0,20.23,,
74703,TDH-900,8,0,8,329.65,,
74704,17-59,2,0,2,97.05,,
74705,300-34,6,0,6,53.81,,
74706,300-35,1,0,1,108.14,,
74707,303-09,4,0,4,53.05,,
74708,32-97,4,2,2,304.36,,
74709,34-46,0,0,0,23.37,,
74710,34-48,3,0,3,47.92,,
74711,36-01,2,0,2,134.1,,
74714,45-06,2,0,2,76.71,,
74715,504-05,2,0,2,54.72,,
74716,504-11,0,0,0,65.32,,
74717,504-62,2,0,2,136.47,,
74718,504-82,4,1,3,158.18,,
74724,505-05,2,0,2,63.59,,
74727,505-11,4,0,4,73.76,,
74731,506-05,2,0,2,76.13,,
74732,506-44,5,0,5,61.13,,
74734,70-74,4,1,3,135.1,,
74735,70-75,1,0,1,143.78,,
74737,704-05,2,0,2,82.95,,
74738,704-11,2,0,2,93.95,,
74739,704-62,2,0,2,164.27,,
74740,704-92,0,0,0,234.72,,
74741,705-05,2,0,2,108.14,,
74742,705-92,0,0,0,230.17,,
74744,72-49,1,0,1,112.54,,
74746,74-35,2,0,2,6.26,,
74748,74-35-G,3,0,3,6.26,,
74749,74-36,0,0,0,6.26,,
74751,74-36-G,3,0,3,6.26,,
74753,77-18,2,0,2,8.24,,
74754,010-12833-10,2,0,2,202.49,,
74756,78-01,4,0,4,32.67,,
74757,010-02011-00,5,4,1,215.99,,
74758,78-02,2,0,2,41.6,,
74759,010-02011-01,4,2,2,215.99,,
74761,78-03,2,0,2,23.5,,
74762,78-05,2,0,2,29.62,,
74763,78-07,0,0,0,58.76,,
74764,78-17,6,0,6,78.14,,
74765,78-83,1,0,1,186.64,,
74769,63259,5,0,5,22.04,,
74770,63223,0,0,0,14.15,,
74773,63300,0,0,0,34.81,,
74774,R599C-LM,0,0,0,4929.41,,
74775,13130,1,1,0,43.74,,
74778,RAM33,0,0,0,19.38,,
74779,RAA33,0,0,0,30.0,,
74780,RA24M,0,0,0,21.25,,
74781,RA24A,0,0,0,28.13,,
74782,SWV-100-RD-U,0,0,0,198.75,,
74783,SWV-100-HV-U,0,0,0,198.75,,
74789,80307,0,0,0,52.41,,
74790,AB-1100-PRO-BK-S,0,0,0,245.0,,
74791,AB-1100-PRO-BK-M,0,0,0,245.0,,
74792,AB-1100-PRO-BK-L,0,0,0,245.0,,
74793,AB-1100-PRO-BK-XL,0,0,0,241.25,,
74794,AB-1100-PRO-BK-2XL,0,0,0,245.0,,
74795,AB-1100-PRO-NV-S,0,0,0,245.0,,
74796,AB-1100-PRO-NV-M,0,0,0,245.0,,
74797,AB-1100-PRO-NV-L,0,0,0,245.0,,
74798,AB-1100-PRO-NV-XL,0,0,0,245.0,,
74799,AB-1100-PRO-NV-2XL,0,0,0,245.0,,
74801,AB-1100-PRO-GN-S,0,0,0,245.0,,
74802,AB-1100-PRO-GN-M,0,0,0,245.0,,
74803,AB-1100-PRO-GN-L,0,0,0,245.0,,
74804,AB-1100-PRO-GN-XL,0,0,0,245.0,,
74805,AB-1100-PRO-GN-2XL,0,0,0,245.0,,
74806,FWBH-RD-S/M,2,2,0,56.25,,
74807,FWBH-HV-S/M,0,0,0,56.25,,
74808,FWBH-GN-S/M,0,0,0,56.25,,
74809,FWBH-BK-S/M,3,3,0,56.25,,
74810,FWBH-RD-L/XL,14,14,0,56.25,,
74811,FWBH-HV-L/XL,2,2,0,56.25,,
74812,FWBH-GN-L/XL,0,0,0,56.25,,
74813,FWBH-BK-L/XL,9,9,0,56.25,,
74814,MVP-J-G-S,0,0,0,180.0,,
74815,MVP-J-G-XXXL,0,0,0,180.0,,
74816,MVP-J-BK-S,0,0,0,180.0,,
74817,MVP-J-BK-M,0,0,0,180.0,,
74818,MVP-J-BK-L,0,0,0,180.0,,
74819,MVP-J-BK-XL,0,0,0,180.0,,
74820,MVP-J-BK-2XL,0,0,0,180.0,,
74821,BHW4035,0,0,0,57.97,,
74822,MVP-J-BK-3XL,0,0,0,180.0,,
74823,MVP-J-HV-S,0,0,0,180.0,,
74824,MVP-J-HV-M,0,0,0,180.0,,
74825,MVP-J-HV-L,0,0,0,175.0,,
74826,MVP-J-HV-XL,0,0,0,180.0,,
74827,MVP-J-HV-2XL,0,0,0,180.0,,
74828,MVP-J-HV-3XL,0,0,0,180.0,,
74836,MVP-BP-BK-S,0,0,0,161.25,,
74838,MVP-BP-BK-M,0,0,0,161.25,,
74839,MVP-BP-BK-L,0,0,0,161.25,,
74840,MVP-BP-BK-XL,0,0,0,161.25,,
74841,MVP-BP-BK-2XL,0,0,0,161.25,,
74842,MVP-BP-BK-3XL,0,0,0,161.25,,
74844,LLB-51WO-91-10,4,4,0,134.12,,
74845,HBV-100-BK-M-XL,0,0,0,241.25,,
74846,HBV-100-BK-XL-3XL,0,0,0,255.0,,
74847,HBV-100-RD-M-XL,0,0,0,241.25,,
74848,HBV-100-RD-XL-3XL,0,0,0,255.0,,
74849,HBV-100-HV-M-XL,0,0,0,241.25,,
74850,HBV-100-HV-XL-3XL,0,0,0,255.0,,
74851,1850,7,2,5,283.52,,
74853,010-12167-00,0,0,0,3.75,,
74854,701S-00618,3,2,1,191.59,,
74860,SN0015,2,1,1,104.99,,
74864,9160,6,0,6,12.01,,
74865,S-0226SO,42,20,22,4.38,,
74866,S-0226SL,18,13,5,4.38,,
74867,S-0226A,88,43,45,4.48,,
74868,S-0226LO,30,16,14,5.04,,
74869,MM-9N,3,1,2,75.24,97.5,
74870,88850,0,0,0,1062.5,,
74871,88860,0,0,0,307.05,483.99,
74872,88923,0,0,0,336.94,,
74873,88923-1,0,0,0,336.94,,
74874,88924,3,2,1,413.03,,
74875,88924-1,2,0,2,413.03,,
74876,88921,2,1,1,164.39,268.99,
74877,88921-1,1,1,0,164.39,268.99,
74879,88824,0,0,0,1607.33,2526.99,
74880,88824-1,0,0,0,1606.1,2526.99,
74881,SSM-76H,20,13,7,43.06,,
74882,88679-00,0,0,0,2341.68,3494.99,
74883,88679-01,0,0,0,2273.2,3494.99,
74884,88621,0,0,0,503.94,784.99,
74885,88621-1,0,0,0,504.04,784.99,
74896,88585,0,0,0,12.21,21.99,
74898,FASP4881TVCFA00,0,0,0,350.47,,
74903,MFR-7,2,2,0,1199.99,,
74907,13715,9,5,4,49.29,,
74909,40020156,0,0,0,923.77,,
74919,KTF064,3,1,2,300.49,,
74921,5257-S,5,4,1,61.42,,
74922,PL-259-ER,15,9,6,9.31,,
74923,4078-20-ER,0,0,0,48.91,,
74931,RL-521,0,0,0,11.25,,
74932,RLS-407,0,0,0,20.81,,
74933,RLS-521-401,0,0,0,40.5,,
74934,RLS-521-402,0,0,0,50.63,,
74937,RLS-521-407,0,0,0,51.75,,
74943,XT-DF-170-DV,0,0,0,803.57,984.0,
74945,XT-DF-170-DV-KIT,2,0,2,997.1,1220.0,
74946,XT-DF-170-J10,1,0,1,803.57,984.0,
74947,XT-DF-170-J10-KIT,1,0,1,997.1,1220.0,
74948,XT-DF-170-K6,4,1,3,803.57,984.0,
74949,XT-DF-170-K6-KIT,2,0,2,997.1,1220.0,
74950,XT-SF-170-DV,0,0,0,803.57,984.0,
74951,XT-SF-170-DV-KIT,2,0,2,997.1,1220.0,
74952,XT-SF-170-J10,2,0,2,803.57,984.0,
74953,XT-SF-170-J10-KIT,0,0,0,997.1,1220.0,
74954,XT-SF-170-K6,2,0,2,803.57,984.0,
74955,XT-SF-170-K6-KIT,2,0,2,997.1,1220.0,
74956,XT-VT-170-IR,0,0,0,477.25,539.0,
74957,XT-VT-170-K6,0,0,0,803.57,984.0,
74958,XT-VT-170-K6-KIT,3,0,3,997.1,1220.0,
74959,SG200,1,0,1,194.54,229.0,
74960,SG2-0100,3,0,3,112.83,128.0,
74961,SG2-0200,2,0,2,112.83,128.0,
74962,SG2-0300,2,0,2,48.65,54.99,
74963,SG2-0400,2,0,2,53.52,60.99,
74966,E70532-00-NAG,0,0,0,599.99,,
74970,E70532-05-NAG,0,0,0,679.99,,
74974,E70534-00-NAG,2,1,1,712.49,,
74976,E70534-05,6,5,1,511.11,,
74977,75155,0,0,0,7.41,,
74979,E70534-05-NAG,0,0,0,839.99,,
74983,E70536-00-NAG,0,0,0,1159.99,,
74987,64544,0,0,0,175.0,,
74989,E70536-05-NAG,0,0,0,1239.99,,
74991,10615-01,0,0,0,38.27,,
74993,80-47232-03,0,0,0,350.86,,
74995,A80557,0,0,0,46.86,,
75000,R70651,0,0,0,38.34,,
75002,A80604,0,0,0,354.61,,
75003,T70448,0,0,0,619.55,,
75004,A80562,0,0,0,70.82,,
75005,A80558,0,0,0,76.69,,
75006,A80559,0,0,0,85.22,,
75007,E70524,7,0,7,366.84,,
75008,E70516,5,1,4,448.36,,
75009,E70517,2,0,2,627.71,,
75010,A80615,0,0,0,1329.16,,
75011,T70450,0,0,0,1966.66,,
75012,T70451,1,1,0,1966.66,,
75013,A80560,0,0,0,46.86,,
75038,03-1033-4PK,1,0,1,26.0,,
75050,RMX4400-11,0,0,0,392.72,,
75063,STADIUMMW1000AM,1,1,0,224.99,,
75067,KAPPA8135M,2,0,2,244.99,,
75068,KAPPA1010M,4,2,2,239.99,,
75069,KAPPA1050M,3,2,1,149.99,,
75084,01-0418-11,1,0,1,6599.99,,
75085,101584,7,3,4,87.64,,
75086,101585,7,2,5,81.86,,
75087,101586,6,3,3,491.01,,
75088,101587,12,4,8,491.01,,
75092,101574,5,2,3,51.18,,
75093,101575,7,3,4,51.18,,
75094,101576,7,3,4,52.4,,
75095,101577,3,2,1,129.99,,
75096,101578,4,2,2,129.99,,
75100,101596,3,1,2,49.99,,
75101,101597,2,1,1,49.99,,
75103,101448,8,2,6,972.1,,
75104,101449,5,4,1,1172.64,,
75105,OT-0318HD-VEL,4,2,2,1124.91,,
75108,4320,6,1,5,29.39,,
75109,4321,0,0,0,50.37,,
75110,4322,10,6,4,37.8,,
75111,4323,4,4,0,33.59,,
75112,4324,4,4,0,54.59,,
75113,4325,0,0,0,41.99,,
75114,4368,7,5,2,93.47,,
75115,4369,2,0,2,30.25,,
75116,6008,7,2,5,36.56,,
75117,6008200,6,1,5,36.56,,
75118,7440,19,14,5,26.7,,
75119,7441,9,4,5,26.7,,
75120,7442,8,7,1,26.7,,
75121,7443,0,0,0,26.7,,
75122,7444,1,0,1,26.7,,
75123,7445,6,5,1,26.7,,
75124,7446,10,6,4,26.7,,
75125,7454,3,3,0,26.7,,
75126,7455,0,0,0,26.7,,
75127,7456,6,2,4,26.7,,
75128,7457,0,0,0,26.7,,
75129,7458,5,5,0,26.7,,
75130,7459,5,4,1,26.7,,
75131,7870,2,2,0,29.06,,
75132,8300,1,1,0,13.59,,
75133,4363,8,0,8,37.62,,
75134,4364,4,4,0,17.68,,
75135,4365,6,4,2,50.92,,
75136,4366,4,1,3,75.85,,
75137,4367,0,0,0,20.54,,
75138,166100,1,0,1,319.23,,
75148,010-12799-12,1,1,0,82.49,,
75149,010-12799-02,1,0,1,22.49,,
75150,010-12798-02,0,0,0,41.24,,
75151,010-12799-11,7,1,6,63.74,,
75152,010-12799-01,25,4,21,18.74,,
75153,010-12798-01,0,0,0,29.98,,
75154,010-12799-10,0,0,0,56.24,,
75155,010-12799-00,7,3,4,14.99,,
75156,010-12798-00,0,0,0,29.98,,
75162,F38-6800D,25,7,18,150.6,,
75163,RM500B,3,0,3,59.1,,
75164,RM800B,12,3,9,81.17,,
75165,RM1100B,2,0,2,104.09,,
75166,RM500B-24,10,6,4,65.91,,
75168,RM800B-24,12,6,6,91.77,,
75169,RM1100B-24,8,6,2,107.9,,
75170,98B,11,3,8,127.12,,
75171,99B,7,2,5,130.05,,
75172,98B-24,9,3,6,130.05,,
75173,99B-24,13,3,10,146.44,,
75178,980503241,0,0,0,24.05,,
75179,980508241,2,2,0,24.05,,
75181,24DA-35A,13,11,2,49.14,,
75182,25DA-35A,10,6,4,65.67,,
75183,66A,36,14,22,17.85,,
75184,45DR,19,7,12,29.21,,
75185,GX1400B,118,74,44,124.99,,
75186,GX1400W,110,65,45,124.99,,
75187,GX1400GB,64,32,32,159.99,,
75188,GX1400GW,69,34,35,159.99,,
75191,GX1800GB,44,39,5,198.99,,
75192,GX1800GW,97,42,55,198.99,,
75193,GX1850B,68,26,42,196.99,,
75194,GX1850W,78,29,49,196.99,,
75195,A80513,8,2,6,17.03,,
75196,ARM102,0,0,0,98.01,,
75198,710292-1,6,5,1,340.93,,
75206,S2-6322,0,0,0,119.91,,
75207,S2-0329,0,0,0,119.91,,
75208,MGD-1XL,2,2,0,106.94,,
75214,HTH-500,12,10,2,11.67,,
75215,HTH-625,19,10,9,15.0,,
75216,HTH-750,28,20,8,17.78,,
75217,HTH-1000,19,7,12,24.44,,
75218,HTH-1125,17,7,10,27.22,,
75219,HTH-1250,9,7,2,32.22,,
75220,HTH-1500,17,8,9,40.56,,
75221,HTH-2000,12,6,6,52.78,,
75222,HTH-500-S,14,9,5,21.67,,
75223,HTH-625-S,16,9,7,18.89,,
75224,HTH-750-S,20,6,14,18.89,,
75225,HTH-1000-S,9,0,9,22.78,,
75226,HTH-1125-S,31,8,23,23.33,,
75227,HTH-1250-S,11,2,9,38.33,,
75228,HTH-1500-S,15,6,9,46.67,,
75229,HTH-2000-S,4,4,0,57.78,,
75230,HVL-500,1,0,1,69.99,,
75231,HVL-750,0,0,0,146.11,,
75232,HVL-1000,6,3,3,146.11,,
75233,HVL-1500,7,4,3,163.33,,
75234,HVL-2000,8,4,4,177.22,,
75235,PN-500,14,12,2,5.0,,
75236,PN-750,5,2,3,6.11,,
75237,PN-1000,8,0,8,10.56,,
75238,PN-1250,20,14,6,18.89,,
75239,PN-1500,8,3,5,20.0,,
75240,PN-2000,4,0,4,28.33,,
75241,PN-2500,5,2,3,37.22,,
75242,PN-3000,4,2,2,68.89,,
75243,PN-4000,0,0,0,103.33,,
75244,PGN-50,22,8,14,15.0,,
75245,PJR-A 12V,2,1,1,1938.33,,
75246,PJR-A 24V,2,0,2,1949.44,,
75247,PJR-B 12V,0,0,0,2262.78,,
75248,PJR-B 24V,0,0,0,2273.89,,
75251,PSR 115VAC,0,0,0,2476.11,,
75252,PSR 230VAC,0,0,0,2466.11,,
75253,PST-1,7,4,3,180.0,,
75254,PST-2,2,0,2,255.0,,
75255,PST-3A,1,0,1,618.5,,
75256,PST-4,0,0,0,863.33,,
75257,PST-5,0,0,0,1020.56,,
75258,PST-6,0,0,0,488.89,,
75259,PTHC-5062,1,1,0,7.22,,
75261,PTHD-750,12,9,3,10.0,,
75262,PTHD-1000,17,10,7,12.22,,
75263,PTHD-1250,14,4,10,18.33,,
75264,PTHD-1500,6,5,1,27.22,,
75265,PTHD-2000,4,2,2,35.56,,
75266,PTHD-2500,3,1,2,65.0,,
75267,PTHD-3000,0,0,0,85.0,,
75268,RSC-1000,5,3,2,43.89,,
75269,RSC-2000,8,4,4,67.22,,
75272,RSC-4000,3,3,0,288.33,,
75277,010-12613-00,2,0,2,16.24,,
75278,010-12614-00,8,0,8,19.49,,
75279,010-12615-00,3,0,3,29.24,,
75280,010-12616-00,3,1,2,32.49,,
75281,010-12618-00,1,1,0,42.24,,
75282,010-12619-00,2,1,1,45.49,,
75283,010-12620-00,3,0,3,55.24,,
75284,010-12621-00,10,5,5,11.69,,
75285,010-12622-00,13,12,1,11.69,,
75287,010-12850-00,11,3,8,28.99,,
75295,010-12831-00,0,0,0,86.99,,
75296,010-12831-10,9,3,6,115.99,,
75297,010-12831-90,0,0,0,86.99,,
75300,010-12744-00,0,0,0,25.99,,
75301,010-12744-01,0,0,0,38.99,,
75302,010-12744-02,0,0,0,51.99,,
75305,SC-1000-L,7,3,4,21.11,,
75306,SC-1500-L,4,3,1,36.11,,
75307,SC-2500-L,7,4,3,62.22,,
75308,SC-1000,2,2,0,34.44,,
75309,SC-1500,2,2,0,69.44,,
75310,SC-2500,2,0,2,91.67,,
75311,12825,2,0,2,84.99,,
75313,SPO-60-N 12V,3,0,3,308.89,,
75314,SPO-60-N 24V,3,2,1,314.44,,
75315,SPO-60-R 12V,0,0,0,451.11,,
75316,SPO-60-R 24V,0,0,0,456.67,,
75321,SPO-80-N 12V,0,0,0,743.33,,
75322,SPO-80-N 24V,0,0,0,748.89,,
75323,SPO-80-R 12V,0,0,0,961.11,,
75324,SPO-80-R 24V,0,0,0,966.67,,
75329,STH-500-W,3,2,1,19.44,,
75330,STH-750-W,0,0,0,24.44,,
75331,STH-1000-W,12,7,5,33.33,,
75332,STH-1250-W,10,4,6,47.78,,
75333,STH-1500-W,9,2,7,53.33,,
75334,STH-2000-W,0,0,0,92.22,,
75335,STH-2500-W,5,4,1,140.56,,
75336,STK-18 12V,7,4,3,274.63,,
75337,STK-18 24V,0,0,0,279.51,,
75338,STK-18 115VAC,5,2,3,275.61,,
75339,SW-2531,34,18,16,17.22,,
75340,TD-500,11,8,3,6.67,,
75341,TD-750,23,9,14,53.89,,
75342,THT-530,5,2,3,114.44,,
75343,THXL-750-W,0,0,0,22.78,,
75344,THXL-1000-W,8,3,5,28.89,,
75345,THXL-1250-W,4,1,3,46.67,,
75346,THXL-1500-W,3,2,1,50.0,,
75347,THXL-2000-W,8,5,3,68.89,,
75348,THXL-750-WS,18,9,9,32.22,,
75349,THXL-1000-WS,6,3,3,35.0,,
75350,THXL-1250-WS,6,3,3,42.22,,
75351,THXL-1500-WS,6,3,3,43.33,,
75352,THXL-2000-WS,5,2,3,46.67,,
75353,TS-350-T,6,1,5,148.33,,
75354,TWV-500,5,4,1,28.89,,
75355,TWV-750,5,3,2,36.11,,
75356,TWV-1500,5,2,3,153.89,,
75357,ULUBE-3,8,8,0,17.22,,
75358,WSB-500,0,0,0,31.67,,
75359,WSB-750,11,5,6,33.33,,
75360,WSB-1000,2,0,2,51.11,,
75361,WSB-1250,7,2,5,53.33,,
75362,WSB-500-P,7,4,3,33.89,,
75363,WSB-750-P,9,5,4,35.0,,
75364,WSB-1000-P,7,4,3,53.89,,
75365,WSB-1250-P,0,0,0,55.56,,
75371,SBV-1250-P,0,0,0,410.0,,
75372,SBV-1500-P,2,0,2,468.5,,
75373,SBV-2000-P,2,2,0,566.11,,
75374,SBV-2500-P,5,3,2,868.33,,
75375,SBV-3000-P,0,0,0,1393.33,,
75376,HSTH-750-W,2,0,2,12.22,,
75377,HSTH-1000-W,9,5,4,19.44,,
75378,HSTH-1250-W,5,0,5,34.44,,
75379,HSTH-1500-W,4,3,1,50.0,,
75380,HSTH-2000-W,7,3,4,56.67,,
75381,HSTH-2500-W,0,0,0,120.0,,
75382,HSTH-3000-W,0,0,0,165.0,,
75383,HSTH-4000-W,0,0,0,664.44,,
75384,HSTHXL-750-W,21,12,9,22.22,,
75385,HSTHXL-1000-W,0,0,0,32.22,,
75386,HSTHXL-1250-W,1,1,0,50.0,,
75387,HSTHXL-1500-W,0,0,0,53.33,,
75388,HSTHXL-2000-W,0,0,0,72.22,,
75389,HTHC-750-S,3,0,3,30.0,,
75390,HTHC-1000-S,9,7,2,37.22,,
75391,HTHC-1250-S,3,2,1,58.89,,
75392,HTHC-1500-S,4,2,2,107.78,,
75393,HTHC-2000-S,0,0,0,97.22,,
75394,SCUS-1245,2,0,2,83.33,,
75395,SCUS-1250,3,1,2,81.67,,
75396,SCUS-1290,2,0,2,88.33,,
75397,SCUS-1500,7,3,4,81.67,,
75398,SCUS-1590,4,2,2,100.0,,
75400,48-510,5,0,5,78.89,,
75403,40-506,10,0,10,25.32,,
75405,46-450,2,0,2,113.24,,
75406,WRAPC2-P,20,0,20,12.43,,
75407,WRAPC3-P,32,0,32,12.29,,
75408,WRAPC4-P,16,0,16,14.8,,
75410,48-701,4,0,4,10.89,,
75412,22610-9007,4,2,2,319.65,,
75413,22610-9507,3,3,0,355.99,,
75415,23095-0007-P,29,16,13,41.3,,
75434,M-489-BP,5,0,5,29.99,,
75442,58327-06-BP,4,0,4,17.99,,
75445,58027-03-BP,2,0,2,9.99,,
75448,2102,7,3,4,42.43,,
75449,58027-11-BP,2,2,0,12.99,,
75451,2112A,6,4,2,28.52,,
75452,54007-BP,5,0,5,2.99,,
75455,55025-BP,3,1,2,10.99,,
75456,55025-01-BP,4,0,4,12.99,,
75461,55020-BP,1,1,0,6.99,,
75463,55088-BP,6,5,1,6.99,,
75469,33762,7,5,2,188.9,,
75470,33761,1,0,1,239.99,,
75472,33763,11,7,4,189.94,,
75473,M-626-BP,0,0,0,13.99,,
75474,33864,3,1,2,184.5,,
75475,33861,5,3,2,239.99,,
75476,33863,0,0,0,190.56,,
75477,M-485-BP,3,0,3,12.99,,
75479,770205,0,0,0,61.53,,
75480,770206,0,0,0,102.0,,
75481,M81135,0,0,0,1666.66,,
75482,0124000PLB,5,4,1,88.33,,
75483,012400099B,4,1,3,35.47,,
75488,010-12769-01,0,0,0,33.74,,
75489,G190200CASE,2,1,1,72.22,,
75491,G191419CASE,1,0,1,33.86,,
75493,G190315CASE,0,0,0,55.0,,
75494,G190526CASE,0,0,0,93.49,,
75496,CS75IT5,0,0,0,3457.02,,
75498,CS100IT5,0,0,0,3494.3,,
75499,CW125IT5,0,0,0,2884.19,,
75503,CW125IT4,0,0,0,2777.97,,
75505,CS754,0,0,0,3395.3,,
75507,CW754,0,0,0,2469.3,,
75508,CW1004,0,0,0,3765.69,,
75509,M4100B12R,0,0,0,538.37,,
75510,M4100C12,0,0,0,528.67,,
75512,M4100P12,6,3,3,535.41,,
75513,M4100R12,0,0,0,556.71,,
75514,M5100B9R,0,0,0,617.87,,
75515,M5100C9,0,0,0,642.98,,
75516,M5100C9R,0,0,0,642.98,,
75517,M5100P9,0,0,0,584.73,,
75518,M5100R9,0,0,0,611.6,,
75519,A-6 WHITE,0,0,0,354.11,,
75520,K00-00118-00,3,3,0,7.62,,
75521,B175C-20-L-MM,0,0,0,1135.85,1564.0,
75522,270113,27,12,15,13.26,,
75523,320101,5,5,0,60.24,,
75524,250101,2,0,2,61.01,,
75525,255101,7,6,1,61.38,,
75526,330101,7,3,4,56.3,,
75528,PP5200-16,0,0,0,392.72,,
75529,320000,13,10,3,29.8,,
75530,302603,9,9,0,1.72,,
75531,302606,0,0,0,9.52,,
75532,302624,0,0,0,16.74,,
75533,302648,0,0,0,5.78,,
75534,303602,0,0,0,1.77,,
75535,305606,5,3,2,7.78,,
75537,306903,0,0,0,3.85,,
75538,306906,8,3,5,9.33,,
75539,306948,16,15,1,15.02,,
75540,307602,1,0,1,3.42,,
75541,307603,7,4,3,5.2,,
75542,307606,0,0,0,8.74,,
75543,307903,0,0,0,5.2,,
75544,307924,0,0,0,15.86,,
75545,307948,7,3,4,18.06,,
75546,AIR-052-531,0,0,0,42.73,,
75547,326903,0,0,0,4.34,,
75548,326906,0,0,0,7.47,,
75549,AIR-335-661,0,0,0,81.82,,
75550,326924,0,0,0,14.29,,
75551,AIR-335-791,0,0,0,20.0,,
75552,327103,0,0,0,4.94,,
75553,AIR-335-792,1,1,0,20.0,,
75554,327106,0,0,0,6.42,,
75555,327603,0,0,0,4.94,,
75556,327903,0,0,0,4.94,,
75557,327906,0,0,0,6.42,,
75558,327924,0,0,0,11.64,,
75559,309302,0,0,0,479.76,,
75560,UP28R,2,2,0,571.13,,
75562,1852086,5,2,3,25.41,,
75563,MC70WH,0,0,0,22.6,,
75579,CS504-50W,0,0,0,740.95,,
75583,DE73104F,22,11,11,15.32,,
75584,DE73107F,13,10,3,14.24,,
75586,RF4054,4,2,2,48.6,72.21,
75587,RF4054A,8,3,5,48.6,72.21,
75588,RF4054B,12,4,8,48.6,72.21,
75589,GP1080-24,0,0,0,385.44,,
75590,BP-1,6,2,4,32.78,,
75591,BP-2,10,3,7,35.0,,
75592,BP-3,18,4,14,41.67,,
75593,BP-4,5,3,2,41.11,,
75594,BP-5,11,3,8,47.22,,
75595,BP-6,5,3,2,46.67,,
75596,BP-7,0,0,0,46.67,,
75597,BP-8,5,3,2,53.33,,
75598,BP-9,0,0,0,46.67,,
75599,BP-10,0,0,0,53.33,,
75600,BP-11,5,1,4,53.89,,
75601,BP-12,0,0,0,46.67,,
75602,BP-13,0,0,0,53.33,,
75603,BP-14,0,0,0,60.56,,
75604,BP-15,0,0,0,56.11,,
75606,BS-1,7,3,4,36.67,,
75607,BS-2,17,7,10,38.89,,
75608,BS-3,10,7,3,41.67,,
75609,BS-4,15,5,10,41.67,,
75610,BS-5,10,5,5,43.89,,
75611,BS-6,4,0,4,49.44,,
75612,BS-7,0,0,0,49.44,,
75613,BS-8,7,0,7,52.78,,
75614,BS-9,0,0,0,49.44,,
75615,BS-10,0,0,0,52.78,,
75616,BS-11,2,0,2,56.11,,
75617,BS-12,0,0,0,49.44,,
75618,BS-13,0,0,0,52.78,,
75619,BS-14,0,0,0,56.11,,
75620,BS-15,4,3,1,59.44,,
75621,BM-1,0,0,0,71.67,,
75622,BM-2,0,0,0,92.78,,
75623,BM-3,4,2,2,112.78,,
75624,BM-4,2,2,0,112.78,,
75625,BM-5,2,0,2,138.33,,
75626,BM-6,0,0,0,155.56,,
75627,BM-7,0,0,0,155.56,,
75628,BM-8,0,0,0,187.22,,
75629,BM-9,0,0,0,156.11,,
75630,BM-10,0,0,0,187.22,,
75631,BM-11,0,0,0,222.78,,
75632,BM-12,9,4,5,109.99,,
75633,BM-13,0,0,0,187.22,,
75634,BM-14,0,0,0,222.22,,
75635,BM-15,0,0,0,255.56,,
75636,19-1040,0,0,0,48.01,,
75637,010-12165-04,0,0,0,14.99,,
75643,010-12550-00,8,7,1,18.74,,
75647,A80564,1,1,0,59.65,,
75648,A80290,2,2,0,74.99,,
75649,A06078,0,0,0,29.82,,
75651,T70293,0,0,0,362.76,,
75652,A80049,1,0,1,1149.17,1379.0,
75653,A102150,0,0,0,68.17,,
75655,T12217,0,0,0,132.09,,
75656,A80012,0,0,0,1434.77,,
75657,556TID-HDD,0,0,0,1111.11,,
75682,FX-4MARINE2-PACK,16,7,9,80.19,,
75683,OCTAF1012,2,1,1,435.15,,
75685,OCTAF1212,2,1,1,468.8,,
75686,OCTAF2012,1,0,1,651.0,,
75692,SM-ACC-ACRE-240,4,1,3,82.8,,101.91
75693,T70452,0,0,0,1207.88,,
75696,E3009W,0,0,0,1166.3,1852.0,
75697,E3009B,0,0,0,1166.3,1852.0,
75698,E3009BW,0,0,0,1301.09,2066.0,
75699,E3009CS,2,2,0,1099.99,,
75700,E6009BW,0,0,0,1602.17,2545.0,
75701,E6009CD,0,0,0,1673.91,2659.0,
75754,101-001,7,2,5,236.96,,296.2
75755,101-001-B,0,0,0,236.96,,296.2
75756,ZDIGWLN10SM,7,4,3,139.96,,
75757,101-002,6,2,4,236.96,,296.2
75758,101-002-B,1,1,0,236.96,,396.2
75762,101-004,0,0,0,338.85,,423.56
75764,101-004-B,0,0,0,338.85,,423.56
75774,261213,0,0,0,137.5,219.99,
75775,261313,0,0,0,187.5,299.99,
75792,101059,12,6,6,15.78,,
75793,101061,20,14,6,15.41,,
75796,12802,5,4,1,22.2,,
75803,DPT-R-COMP,3,1,2,461.25,,
75806,201-004,5,3,2,380.51,,475.63
75807,201-004-B,0,0,0,380.51,,475.63
75812,201-010,4,0,4,338.85,,423.56
75813,201-010-B,0,0,0,338.85,,423.56
75816,201-011,0,0,0,581.13,,726.42
75860,201-011-B,0,0,0,581.13,,726.42
75872,201-013V,0,0,0,460.48,,575.6
75873,201-013V-B,0,0,0,460.48,,575.6
75874,83551,0,0,0,1045.92,,
75875,40565,0,0,0,86.08,,
75876,83552,0,0,0,823.83,,
75877,83555,0,0,0,1083.46,,
75878,83556,0,0,0,775.56,,
75879,83559,0,0,0,991.71,,
75881,83560,0,0,0,1016.92,,
75882,83561,0,0,0,785.89,,
75890,301-001,6,2,4,266.21,,332.77
75891,301-001-B,6,3,3,266.21,,332.77
75892,301-001ST,0,0,0,553.47,,691.83
75893,301-001ST-B,0,0,0,553.47,,691.83
75894,301-002,8,3,5,266.21,,332.77
75895,09-47165-01,4,2,2,12.79,,
75896,A80544,2,0,2,224.17,,
75898,63803,6,3,3,65.76,,
75899,606-32,16,4,12,9.47,,
75900,607-32,13,5,8,9.93,,
75901,608-32,12,9,3,15.18,,
75902,812-32,14,8,6,14.25,,
75903,870-32,7,1,6,13.81,,
75904,875-32,11,6,5,15.63,,
75905,880-32,5,5,0,8.09,,
75907,826-32,4,0,4,8.05,,
75908,826-86,13,0,13,15.75,,
75912,905Q,3,3,0,9.47,,
75913,905G,5,5,0,23.44,,
75914,909Q,1,1,0,9.47,,
75915,926,21,11,10,12.4,,
75916,925,0,0,0,11.03,,
75917,912,5,5,0,12.51,,
75918,950,4,0,4,12.88,,
75919,965,2,2,0,6.26,,
75920,970,4,4,0,6.88,,
75921,975,0,0,0,16.56,,
75922,2032,2,2,0,9.74,,
75925,301-002-B,5,2,3,266.21,,332.77
75926,301-002ST,0,0,0,553.47,,691.83
75927,301-002ST-B,0,0,0,553.47,,691.83
75932,301-006,7,1,6,345.35,,431.69
75933,301-006-B,3,2,1,345.35,,431.69
75938,61429,3,0,3,299.99,,
75939,61430,5,4,1,213.43,,
75943,301-006ST,0,0,0,691.57,,864.46
75945,61427,3,2,1,281.07,,
75947,301-006ST-B,0,0,0,691.57,,864.46
75958,301-101,0,0,0,782.75,,978.44
75959,301-101-B,0,0,0,782.75,,978.44
75960,301-101ST,0,0,0,1494.36,,1764.17
75961,301-101ST-B,0,0,0,1494.36,,1867.95
75962,301-102,0,0,0,782.75,,978.44
75963,301-102-B,0,0,0,782.75,,978.44
75964,301-102ST,0,0,0,1494.36,,1867.95
75965,301-102ST-B,0,0,0,1494.36,,1867.95
75966,301-105,0,0,0,1044.63,,1305.79
75967,301-105-B,0,0,0,1044.63,,1305.79
75968,301-105ST,0,0,0,1707.84,,2134.8
75969,301-105ST-B,0,0,0,1707.84,,2134.8
75970,301-106,0,0,0,939.31,,1174.14
75971,301-106-B,0,0,0,939.31,,1174.14
75973,301-106ST,0,0,0,1707.84,,2134.8
75974,301-106ST-B,0,0,0,1707.84,,2134.8
75976,301-107,0,0,0,939.31,,1174.14
75977,301-107-B,0,0,0,939.31,,1174.14
75978,301-108,0,0,0,939.31,,1174.14
75979,301-108-B,0,0,0,939.31,,1174.14
75980,301-108ST,0,0,0,1494.36,,1867.95
75981,301-108ST-B,0,0,0,1494.36,,1867.95
75982,301-109,0,0,0,939.31,,1174.14
75983,301-109-B,0,0,0,939.31,,1174.14
75984,301-109ST,0,0,0,1494.36,,1867.95
75985,301-109ST-B,0,0,0,1494.36,,1867.95
75997,PWSA-751,13,5,8,6.11,,
75998,PWSA-1001,25,9,16,8.33,,
75999,PWSA-1251,3,3,0,8.33,,
76006,WSA-751,1,0,1,4.44,,
76007,WSA-1001,11,5,6,21.11,,
76008,WSA-1251,0,0,0,6.11,,
76013,93-1250-01,7,1,6,9.99,,
76015,93-2000-01,3,3,0,23.33,,
76016,93-3000-01,4,4,0,40.56,,
76023,93-1250-02,2,2,0,12.22,,
76024,93-2000-02,2,2,0,20.56,,
76026,93-3000-02,5,4,1,32.78,,
76027,93-1250-03,0,0,0,11.11,,
76028,93-2000-03,3,0,3,25.0,,
76030,93-3000-03,3,2,1,34.44,,
76038,ARG-1001-PC,15,7,8,22.22,,
76039,ARG-1501-PC,11,6,5,25.0,,
76040,TSM810C-01,0,0,0,2512.0,,
76041,ARG-501-PC,7,2,5,15.0,,
76042,ARG-503,6,4,2,37.22,,
76043,ARG-753,0,0,0,43.33,,
76044,ARG-1003,6,3,3,55.0,,
76045,ARG-1253,10,6,4,61.11,,
76046,ARG-1503,4,2,2,88.33,,
76047,ARG-2003,1,0,1,106.11,,
76053,101060,9,5,4,15.41,,
76054,1111,0,0,0,37.16,,
76067,A2K-GCF-0.25M,13,8,5,32.53,,
76070,02-300-512,0,0,0,961.25,1230.4,
76071,GP1040-32,0,0,0,334.53,,
76072,01052,1,0,1,3.51,,
76082,815CAXBX,29,18,11,59.6,69.99,
76084,010-10253-00,2,2,0,9.09,,
76086,385230980,2,2,0,127.59,,
76087,385310151,13,2,11,21.25,,
76088,810073,22,12,10,26.26,44.97,
76090,165001,2,2,0,71.62,114.97,
76092,SPD-13-W,4,2,2,413.44,,
76093,010-12163-00,0,0,0,22.49,,
76094,SPH-13-W,3,2,1,388.13,,
76095,SPD-9-W,2,2,0,388.13,,
76096,SPH-9-W,3,1,2,337.5,,
76098,SV-1,0,0,0,75.0,,
76102,980520601,7,5,2,70.89,,
76105,352,107,56,51,15.15,,
76106,GPB-1 12V,0,0,0,297.78,,
76107,GPBR-1,0,0,0,426.67,,
76111,40200,0,0,0,62.5,89.99,
76130,A80614,0,0,0,149.99,,
76131,A06082,12,5,7,29.82,,
76132,A06083,7,6,1,29.82,,
76133,A06084,1,0,1,29.82,,
76134,93096,10,4,6,14.14,,
76136,2018,1,1,0,15.37,,
76139,93272,0,0,0,3.47,,
76140,210043,4,1,3,224.69,385.19,
76142,220023,0,0,0,307.62,492.19,
76152,ELCIBRKR30SS,0,0,0,627.24,927.0,
76153,ELCIBRKR50SS,3,3,0,654.65,967.5,
76157,ELCIBRKR30PW,0,0,0,487.18,720.0,
76158,ELCIBRKR50PW,0,0,0,517.63,765.0,
76165,PKF30,3,3,0,56.03,82.8,
76166,PKF50,1,1,0,79.17,117.0,
76167,PKM30,0,0,0,59.08,87.3,
76168,PKM50,3,3,0,59.08,87.3,
76169,PKF30G,5,5,0,24.36,36.0,
76170,PKF50G,1,1,0,34.72,51.3,
76173,93072,0,0,0,12.71,,
76174,SF200B,2,0,2,362.5,,472.0
76181,556TID-LTD/12,0,0,0,888.89,,
76199,34000,0,0,0,802.49,1283.99,
76216,010-01248-60,0,0,0,862.49,,
76226,P101E12,1,0,1,737.18,,
76227,P102E12,0,0,0,724.36,,
76229,121613,0,0,0,678.12,1084.99,
76232,010-12717-30,0,0,0,23.18,,
76233,010-12717-20,0,0,0,28.99,,
76236,010-12846-02,4,1,3,22.49,,
76237,010-12846-01,15,2,13,22.49,,
76238,010-12846-00,0,0,0,22.49,,
76239,010-11824-01,0,0,0,3.49,,
76240,A2C1352150002,0,0,0,1296.62,1497.59,
76241,A2C1352150003,1,1,0,1429.99,2138.39,
76242,A2C1865330001,3,2,1,838.83,1019.69,
76243,A2C1352150001,6,3,3,435.85,564.29,
76244,A2C1352090001,0,0,0,171.56,228.59,
76245,A2C1352080001,0,0,0,171.56,228.59,
76247,A2C1352010001,0,0,0,171.56,228.59,
76248,A2C1351990001,0,0,0,171.56,228.59,
76249,A2C1351980001,0,0,0,171.56,228.59,
76250,A2C1351970001,0,0,0,171.56,228.59,
76251,A2C1349730001,0,0,0,48.05,63.89,
76254,A2C1349700001,0,0,0,48.05,63.89,
76256,A2C1349680001,1,1,0,12.99,,
76257,A2C1349660001,1,1,0,17.99,63.89,
76262,A2C1066150001,0,0,0,48.05,63.89,
76263,A2C1066140001,0,0,0,48.05,63.89,
76264,A2C1066130001,0,0,0,48.05,63.89,
76265,RA2028211300,0,0,0,2328.26,2441.29,
76266,RA2028211400,0,0,0,2328.26,2441.29,
76267,RA2034211300,0,0,0,2328.26,2441.29,
76268,RA2034211400,0,0,0,2328.26,2441.29,
76269,RA2040211300,0,0,0,2328.26,2441.29,
76270,RA2040211400,0,0,0,2328.26,2441.29,
76271,RA2046211300,0,0,0,2328.26,2441.29,
76272,RA2046211400,1,0,1,2328.26,2441.29,
76273,RA2050211300,0,0,0,2328.26,2441.29,
76274,RA2050211400,0,0,0,2328.26,2441.29,
76277,020-00200-10,0,0,0,277.5,,
76279,1510,0,0,0,42.84,,
76281,RA2028214100,0,0,0,4103.74,4712.76,
76282,RA2028214200,0,0,0,4494.57,4712.76,
76284,RA2028215100,0,0,0,4494.57,4712.76,
76285,RA2028215200,0,0,0,4494.57,4712.76,
76286,RA2034214100,1,0,1,3984.22,,
76287,RA2034214200,0,0,0,4494.57,4712.76,
76288,RA2034215100,0,0,0,4494.57,4712.76,
76289,RA2034215200,0,0,0,4494.57,4712.76,
76290,RA2040214100,1,0,1,4103.74,4712.76,
76291,RA2040214200,0,0,0,4494.57,4712.76,
76292,RA2040215100,0,0,0,4494.57,4712.76,
76293,RA2040215200,0,0,0,4494.57,4712.76,
76294,RA2046214100,0,0,0,4643.71,5332.86,
76295,RA2046214200,0,0,0,5085.96,5332.86,
76296,RA2046215100,0,0,0,5085.96,5332.86,
76297,RA2046215200,0,0,0,5085.96,5332.86,
76298,RA2050214100,0,0,0,4643.71,5332.86,
76299,RA2050214200,0,0,0,5085.96,5332.86,
76300,RA2050215100,0,0,0,5085.96,5332.86,
76301,RA2050215200,0,0,0,5085.96,5332.86,
76303,OC16SUK08,0,0,0,41.03,,
76304,SCM-DL-WBR,3,2,1,79.0,,109.0
76308,SCM-CL-BB/GW,0,0,0,26.9,,37.95
76309,SCM-CL-RGB,2,0,2,26.9,,37.95
76312,A2C1066120001,0,0,0,48.05,63.89,
76313,A2C1066110001,0,0,0,48.05,63.89,
76314,A2C1066100001,1,1,0,42.99,63.89,
76315,80-511-0001-00,0,0,0,34.48,,
76316,80-511-0003-00,9,4,5,32.68,,
76317,A2C1066090001,0,0,0,48.05,63.89,
76318,A2C1066080001,3,2,1,48.05,63.89,
76321,A2C1066050001,0,0,0,48.05,63.89,
76322,A2C1066040001,0,0,0,48.05,63.89,
76325,88152-3,0,0,0,4.06,,
76326,A2C1066030001,2,2,0,22.99,63.89,
76327,A2C1066020001,0,0,0,48.05,63.89,
76328,A2C1066010001,0,0,0,48.05,63.89,
76329,A2C1066000001,0,0,0,48.05,63.89,
76331,A2C1065980001,3,2,1,19.99,63.89,
76332,A2C1065970001,3,1,2,34.99,63.89,
76333,A2C1065950001,2,2,0,42.99,63.89,
76334,A2C1065940001,0,0,0,48.05,63.89,
76335,A2C1065930001,2,2,0,48.05,63.89,
76336,A2C1065920001,0,0,0,48.05,63.89,
76337,A2C1065910001,0,0,0,48.05,63.89,
76338,A2C1065900001,2,1,1,22.99,63.89,
76339,A2C1065890001,0,0,0,48.05,63.89,
76341,A2C1065870001,2,1,1,12.99,,
76342,A2C1065860001,2,1,1,12.99,63.89,
76343,A2C1065850001,1,1,0,17.99,63.89,
76345,A2C1065840001,0,0,0,48.05,63.89,
76347,A2C1065830001,0,0,0,48.05,63.89,
76349,A2C1065820001,0,0,0,154.68,206.09,
76351,A2C1065810001,2,1,1,154.68,206.09,
76353,A2C1065720001,0,0,0,154.68,206.09,
76355,A2C1065670001,0,0,0,154.68,206.09,
76360,A2C1065660001,0,0,0,154.68,206.09,
76369,19-0423,0,0,0,19.12,,
76370,A2C59501980,0,0,0,278.18,321.29,
76371,A2C59501984,2,2,0,399.09,485.09,
76372,A2C59501981,0,0,0,544.94,662.39,
76373,80-511-0002-00,3,0,3,32.68,,
76374,80-511-0004-00,3,3,0,32.68,,
76375,80-511-0009-00,9,4,5,32.68,,
76376,80-511-0006-00,0,0,0,32.68,,
76377,80-511-0008-00,0,0,0,32.68,,
76380,80-511-0010-00,0,0,0,32.68,,
76381,80-511-0031-00,8,3,5,12.39,,
76393,16002,5,5,0,26.99,,
76394,16004,9,5,4,29.99,,
76396,36010,1,0,1,47.99,,
76397,GP1900-11,0,0,0,319.99,,
76401,ZDIGNLINK,8,4,4,195.96,,
76407,H001F00,2,0,2,43.46,,
76408,H004F00,5,0,5,29.21,,
76409,H005F00,2,0,2,54.21,,
76411,IRID-INT-9555,0,0,0,33.33,,
76412,H006F00,3,0,3,46.99,,
76413,H007F00,1,0,1,26.13,,
76416,23-145A,2,2,0,86.12,,
76418,1001755,3,3,0,499.06,686.0,
76419,E70532,0,0,0,439.99,,
76420,E70534,21,13,8,427.77,,
76421,E70536,0,0,0,999.99,,
76444,32181,42,21,21,8.32,17.99,
76446,32183,24,19,5,8.12,17.99,
76452,60918,8,4,4,77.16,,
76456,104213,0,0,0,168.75,269.99,
76459,173513,0,0,0,187.49,299.99,
76460,173613,0,0,0,193.12,308.99,
76464,MSK-EXT,0,0,0,36.36,52.5,
76465,010-12133-00,0,0,0,3.74,,
76467,RA2028011300,0,0,0,2993.94,3214.03,
76468,RA2028011400,0,0,0,2993.94,3214.03,
76469,RA2034011300,0,0,0,3101.48,3329.46,
76470,RA2034011400,0,0,0,3101.48,3329.46,
76471,RA2040011300,0,0,0,3279.21,3520.26,
76472,RA2040011400,0,0,0,3279.21,3520.26,
76473,RA2046011300,0,0,0,3545.81,3806.46,
76474,RA2046011400,1,0,1,3545.81,3806.46,
76475,RA2050011300,0,0,0,3634.67,3901.86,
76476,RA2050011400,0,0,0,3634.67,3901.86,
76477,40335,1,1,0,93.95,169.99,
76478,RA2028014100,0,0,0,4643.71,5332.86,
76479,RA2028014200,0,0,0,4967.69,5332.86,
76480,RA2028015100,0,0,0,4967.69,5332.86,
76481,400203,0,0,0,206.25,329.99,
76482,RA2028015200,0,0,0,4967.69,5332.86,
76483,400213,0,0,0,206.25,329.99,
76485,RA2034014100,0,0,0,4793.24,5504.58,
76486,RA2034014200,0,0,0,5127.65,5504.58,
76487,400233,0,0,0,206.25,329.99,
76488,RA2034015100,0,0,0,5127.65,5504.58,
76489,400243,2,0,2,196.88,329.99,
76490,400253,0,0,0,300.0,479.99,
76491,RA2034015200,0,0,0,5127.65,5504.58,
76492,400263,0,0,0,300.0,479.99,
76494,400283,0,0,0,300.0,479.99,
76495,400293,0,0,0,300.0,479.99,
76496,RA2040014100,1,0,1,4934.46,5666.76,
76497,RA2040014200,0,0,0,5278.72,5666.76,
76498,RA2040015100,0,0,0,5278.72,5666.76,
76499,RA2040015200,0,0,0,5278.72,5666.76,
76500,RA2046014100,0,0,0,5582.42,6410.88,
76501,RA2046014200,0,0,0,5971.9,6410.88,
76502,RA2046015100,0,0,0,5971.9,6410.88,
76503,RA2046015200,0,0,0,5971.9,6410.88,
76504,RA2050014100,0,0,0,5956.24,6840.18,
76505,RA2050014200,0,0,0,6371.79,6840.18,
76506,RA2050015100,0,0,0,6371.79,6840.18,
76507,RA2050015200,0,0,0,6371.79,6840.18,
76508,B175M/12,0,0,0,1155.56,,
76509,B175M/20,0,0,0,1422.22,,
76510,B75M,0,0,0,666.67,,
76511,B150M,3,3,0,422.22,,
76512,B785M,0,0,0,800.0,,
76513,SS75M/12,0,0,0,666.67,,
76514,SS75M/20,1,1,0,666.67,,
76515,TM185M,1,1,0,888.89,,
76516,B285M,1,1,0,1155.56,,
76517,SS75H/20,0,0,0,666.67,,
76518,B175HW/20,1,1,0,1244.44,,
76520,480083,0,0,0,66.87,106.99,
76521,480093,0,0,0,66.87,106.99,
76522,480103,0,0,0,66.87,106.99,
76528,480333,0,0,0,66.87,106.99,
76530,482023,0,0,0,100.0,159.99,
76532,482053,0,0,0,100.0,159.99,
76534,482343,0,0,0,100.0,159.99,
76540,80-600-0022-00,0,0,0,325.83,,
76541,400-034,0,0,0,157.73,,197.17
76542,SPC10,4,1,3,26.67,,
76543,SPC15T,2,0,2,53.75,,
76546,304874020,0,0,0,1403.83,,
76547,C5050-12-00015,1,0,1,21.8,,
76548,C5050-12-00025,7,0,7,28.52,,
76550,C5050-16-00025,7,7,0,34.38,,
76551,C5050-16-00035,14,12,2,47.36,,
76552,C5050-20-00015,0,0,0,32.73,,
76553,C5050-20-00025,0,0,0,47.68,,
76554,C5050-20-00035,0,0,0,61.44,,
76555,C5050-20-00040,0,0,0,76.96,,
76556,C5050-20-00050,0,0,0,87.86,,
76557,C5050-24-00025,6,6,0,68.84,,
76558,C5050-24-00035,0,0,0,95.84,,
76559,C5050-24-00050,0,0,0,126.33,,
76560,C5059-12-00015,1,0,1,23.01,,
76561,C5059-12-00025,11,11,0,29.72,,
76562,C5059-16-00015,0,0,0,30.12,,
76563,C5059-16-00025,0,0,0,41.5,,
76564,C5059-16-00035,0,0,0,57.16,,
76565,C5059-20-00015,0,0,0,35.24,,
76566,C5059-20-00025,9,9,0,51.33,,
76567,C5059-20-00035,0,0,0,66.05,,
76568,C5059-20-00040,0,0,0,81.49,,
76569,C5059-20-00050,0,0,0,95.84,,
76570,C5059-24-00025,6,6,0,75.35,,
76571,C5059-24-00035,6,1,5,100.63,,
76572,C5059-24-00050,0,0,0,134.61,,
76573,C5054-12-00015,0,0,0,25.32,,
76574,C5054-12-00020,0,0,0,35.19,,
76575,C5054-12-00025,4,4,0,34.45,,
76576,C5054-16-00015,12,12,0,31.29,,
76577,C5054-16-00025,2,2,0,46.0,,
76578,C5054-16-00035,0,0,0,49.26,,
76579,C5054-20-00015,23,13,10,35.22,,
76580,C5054-20-00025,0,0,0,55.7,,
76581,C5054-20-00035,3,1,2,71.21,,
76582,C5054-20-00040,0,0,0,89.49,,
76583,C5054-20-00050,0,0,0,108.31,,
76584,C5054-24-00025,6,0,6,87.55,,
76585,C5054-24-00035,0,0,0,110.66,,
76586,C5054-24-00050,0,0,0,146.81,,
76587,C5053-12-00015,1,0,1,22.34,,
76588,C5053-12-00025,11,11,0,34.45,,
76589,C5053-16-00015,10,10,0,35.47,,
76590,C5053-16-00025,16,3,13,46.0,,
76591,C5053-16-00035,0,0,0,58.23,,
76592,C5053-20-00015,6,6,0,39.63,,
76593,C5053-20-00025,0,0,0,55.7,,
76594,C5053-20-00035,0,0,0,71.21,,
76595,C5053-20-00050,0,0,0,108.31,,
76596,C5053-24-00025,0,0,0,87.55,,
76597,C5053-24-00035,3,0,3,110.66,,
76598,C5053-24-00050,0,0,0,146.81,,
76601,40206,27,16,11,4.44,,
76602,C6050-12-00015,5,5,0,15.8,,
76603,C6050-12-00020,0,0,0,18.04,,
76604,C6050-12-00025,0,0,0,19.4,,
76605,C6050-16-00015,0,0,0,22.39,,
76606,C6050-16-00025,0,0,0,30.8,,
76607,C6050-16-00035,0,0,0,37.09,,
76608,C6050-20-00015,10,10,0,27.93,,
76609,C6050-20-00025,6,6,0,38.71,,
76610,C6050-20-00035,0,0,0,49.23,,
76611,C6050-20-00050,0,0,0,70.8,,
76612,C6050-24-00025,6,6,0,51.5,,
76613,C6050-24-00035,3,0,3,66.39,,
76614,C6050-24-00050,0,0,0,70.05,,
76615,C6054-12-00015,0,0,0,17.13,,
76616,C6054-12-00020,0,0,0,20.73,,
76617,C6054-12-00025,0,0,0,21.56,,
76618,C6054-16-00015,6,6,0,25.72,,
76619,C6054-16-00025,0,0,0,34.13,,
76620,C6054-16-00035,4,4,0,46.38,,
76621,C6054-20-00015,0,0,0,31.34,,
76622,C6054-20-00025,0,0,0,48.98,,
76623,C6054-20-00035,0,0,0,63.75,,
76624,C6054-20-00050,13,3,10,91.25,,
76625,C6054-24-00025,0,0,0,64.9,,
76626,C6054-24-00035,7,7,0,83.64,,
76627,C6054-24-00050,0,0,0,118.08,,
76628,C6053-12-00015,0,0,0,17.13,,
76629,C6053-12-00025,5,0,5,20.29,,
76630,C6053-16-00015,8,8,0,25.72,,
76631,C6053-16-00025,4,4,0,34.13,,
76632,C6053-16-00035,0,0,0,46.38,,
76633,C6053-20-00015,0,0,0,32.64,,
76634,C6053-20-00025,0,0,0,51.01,,
76635,C6053-20-00035,0,0,0,66.41,,
76636,LM0004,1,1,0,19.99,,
76638,244276,0,0,0,100.35,,
76639,12860,6,5,1,25.34,,
76642,X2000,21,6,15,7.61,,
76643,003-1000-7,0,0,0,10.29,,
76644,003-1100-7,0,0,0,10.29,,
76645,003-1200-7,0,0,0,10.29,,
76646,003-2000-7,0,0,0,10.29,,
76647,003-2100-7,0,0,0,10.29,,
76648,003-2200-7,0,0,0,10.29,,
76649,003-4000-7,0,0,0,10.29,,
76650,003-4100-7,0,0,0,10.29,,
76652,003-5000-7,0,0,0,10.29,,
76654,003-5200-7,0,0,0,10.29,,
76680,011-1500-7,2,2,0,8.23,,
76681,011-3500-7,9,0,9,8.23,,
76682,541-0000-7,3,0,3,22.89,,
76683,541-0100-7,11,7,4,22.89,,
76685,600-ACSM-KIT,0,0,0,436.63,,
76686,1684DP0CHR,2,2,0,119.09,,
76717,RF568,0,0,0,10.98,,
76719,1PCHGAL,9,2,7,106.58,,
76722,1PCHQT,18,6,12,40.79,,
76724,1PKOGAL,24,11,13,35.0,,
76726,1062,6,3,3,137.97,,
76727,33834,8,4,4,185.49,,
76728,A80542,0,0,0,91.66,,
76729,20002CASE,5,0,5,111.04,,
76730,20004CASE,4,0,4,293.31,,
76731,010-12829-00,4,4,0,17.54,,
76732,20032CASE,9,0,9,102.83,,
76733,20012CASE,3,0,3,137.57,,
76734,25002CASE,9,0,9,94.11,,
76735,25003CASE,2,0,2,58.18,,
76736,25014CASE,0,0,0,115.65,,
76737,25016CASE,0,0,0,76.71,,
76738,F38-6810B-1,0,0,0,159.95,,
76739,MERK,6,4,2,28.85,,
76743,1113,0,0,0,22.84,,
76744,1116,0,0,0,17.24,,
76745,1119,0,0,0,18.15,,
76746,1148,0,0,0,19.27,,
76747,1161,0,0,0,21.4,,
76748,1163,0,0,0,44.13,,
76749,1164,0,0,0,64.35,,
76750,1165,0,0,0,29.33,,
76751,1173,0,0,0,18.1,,
76752,1570,0,0,0,40.1,,
76753,1578,0,0,0,63.81,,
76754,1579,0,0,0,80.58,,
76755,4122,0,0,0,23.2,,
76775,NTECH-EPS,0,0,0,1732.9,,
76776,SILVERSTEERXP1,2,1,1,1063.88,,
76778,SILVERSTEERXP2,0,0,0,1063.88,,
76779,SILVERSTEERXP2T,2,0,2,1279.82,,
76781,ZTF TILLER Y1,0,0,0,1773.81,,
76782,ZTF TILLER Y2,2,0,2,1773.81,,
76795,UC128-SVS 1,0,0,0,679.87,,
76797,740165-1,4,0,4,51.94,,
76801,35040,0,0,0,98.77,,
76803,38005,0,0,0,153.35,,
76804,33037A,16,8,8,48.29,,
76807,BBWX4,7,2,5,329.19,,
76810,165T-CM54,0,0,0,1777.78,,
76811,165T/275LHW,0,0,0,3288.89,,
76813,TM265C-LH-MM,0,0,0,1193.95,1644.0,
76823,RH5327V,5,3,2,79.26,,
76827,S-1 COBALT BLUE,0,0,0,18.44,,
76828,S-1 WHITE,20,10,10,14.99,,
76829,S-1 BLUE,0,0,0,18.44,,
76838,LLB-36MN-81-00,2,2,0,195.12,,
76842,647-560,0,0,0,64.72,,
76846,F38-6610D,13,3,10,134.32,,
76847,SET0088,0,0,0,98.67,,
76863,010-12908-00,3,3,0,157.49,,
76864,010-12909-00,32,10,22,277.5,,
76870,010-12928-01,1,0,1,1124.99,,
76872,010-12928-00,0,0,0,63.74,,
76873,010-12928-02,0,0,0,56.24,,
76876,010-C1205-00,0,0,0,149.99,,
76878,010-C1204-00,0,0,0,149.99,,
76903,133432,0,0,0,24.63,44.97,
76907,01-66-027,4,1,3,31.37,,
76908,02-66-022,0,0,0,66.32,,
76909,133401,1,1,0,51.99,113.97,
76921,22005,26,15,11,3.16,4.99,
76922,22214,4,4,0,12.19,,
76923,22213,50,29,21,40.41,,
76924,22239,10,4,6,6.64,,
76925,22241,11,2,9,6.64,,
76926,22240,26,12,14,18.28,,
76927,22250,11,8,3,63.83,,
76928,22001,12,7,5,4.26,5.49,
76929,22003,19,13,6,7.54,9.99,
76930,22004,0,0,0,3.28,4.49,
76931,998504001,0,0,0,89.87,,
76932,22254,18,5,13,19.09,23.99,
76933,22255,7,3,4,60.98,63.99,
76934,22206,22,9,13,4.88,,
76935,22207,45,24,21,6.57,,
76936,40333,1,0,1,55.26,99.99,
76937,A80498,0,0,0,59.65,,
76938,30445,29,15,14,5.08,8.79,
76939,GP2500-33,0,0,0,276.35,,
76940,30204,40,19,21,8.36,15.99,
76941,30570,22,22,0,24.42,44.79,
76945,30205,3,0,3,6.55,12.79,
76947,30213,7,2,5,10.7,16.79,
76949,30215,57,33,24,10.7,16.79,
76950,30306,30,12,18,14.05,24.79,
76951,30573,43,24,19,7.49,12.79,
76952,30574,15,2,13,12.49,20.79,
76953,010-11202-02,4,1,3,157.49,,
76954,010-11202-03,3,0,3,22.49,,
76955,30616,44,28,16,11.75,19.99,
76956,30604,35,23,12,20.39,29.99,
76960,30324,107,27,80,6.76,8.79,
76962,30586,15,9,6,11.38,20.79,
76967,010-12390-10,0,0,0,41.24,,
76971,MRGB10W,15,6,9,76.69,,
76980,MGD-10XL,24,12,12,187.19,,
76981,MGD-1,24,15,9,106.94,,
76984,MCK508WB.64S,12,10,2,130.61,,
76987,ATV6.5B,7,3,4,90.85,,
76988,MC425BA,14,10,4,79.49,,
76989,MCBK425BA,15,6,9,79.49,,
76996,CG1-100C,4,2,2,343.52,,
76997,PP5050-33,1,1,0,370.9,,
76998,PP4800-10,1,1,0,356.35,,
76999,PP5030-02,0,0,0,399.99,,
77000,PP4900-11,1,0,1,356.35,,
77001,R509C-LH,0,0,0,4111.76,,
77002,R509C-LHW,0,0,0,4294.12,,
77005,BEN1042,0,0,0,315.33,,
77006,BEN1050,0,0,0,323.85,,
77007,BEN1250,0,0,0,340.9,,
77008,BEN842,5,0,5,298.28,,
77014,E12139,0,0,0,637.49,,
77017,BCA310V-110-12,4,2,2,449.99,,
77020,IPSI1200-20-110,2,0,2,499.0,,
77021,IPSI2400-20-110,0,0,0,2090.18,,
77022,PWI320-12,7,2,5,486.26,,
77023,PWI320-24,2,0,2,486.26,,
77024,PWS1000-110-12,0,0,0,985.64,,
77025,PWS1000-110-24,0,0,0,985.64,,
77026,VTC305-12-24,0,0,0,449.36,,
77027,VTC605-12-24,0,0,0,733.9,,
77028,VCH10W-12,1,0,1,371.46,,
77029,VCH10W-24,5,2,3,371.46,,
77030,BCH10W-12,0,0,0,391.96,,
77031,BCH10W-24,4,2,2,391.96,,
77032,IBI1-40-200,0,0,0,183.12,,
77034,IBI2-40-200,0,0,0,227.96,,
77038,010-12852-00,17,7,10,29.98,,
77044,01-07-008,1,1,0,186.41,,
77045,ATLANTIS 155,24,13,11,56.51,,
77046,ATLANTIS 275,47,22,25,91.84,,
77048,GS-800-1,2,2,0,454.63,,649.99
77049,676,0,0,0,6.69,,
77060,520070-1,13,8,5,5.23,,
77061,520072-1,6,0,6,5.95,,
77062,ARG-2500,0,0,0,602.78,,
77063,520091-1,4,0,4,4.9,,
77064,ARG-2500-P,0,0,0,467.22,,
77065,520092-1,12,4,8,4.73,,
77066,ARG-2500-S,1,0,1,471.11,,
77067,520093-1,17,10,7,5.26,,
77068,ARG-2503,7,3,4,117.78,,
77069,520094-1,51,10,41,5.26,,
77070,520045-1,3,2,1,9.53,,
77071,357399-1,16,9,7,1.61,,
77074,230106-1,6,3,3,29.17,,
77077,230107-1,0,0,0,29.17,,
77084,502006-1,4,2,2,21.35,,
77096,522105-1,3,1,2,10.0,,
77106,531112,13,2,11,8.81,,
77107,521700-1,5,2,3,7.02,,
77110,521663-1,0,0,0,5.29,,
77112,521664-1,7,2,5,6.58,,
77113,521655-1,0,0,0,11.5,,
77115,521500-1,0,0,0,6.29,,
77117,351100,0,0,0,56.03,,
77119,351110,10,7,3,51.26,,
77120,351119,7,0,7,13.71,,
77123,30674,2,2,0,78.09,89.99,
77126,30370,47,25,22,43.39,64.99,
77130,30340,14,0,14,8.95,15.99,
77132,14602,1,1,0,23.99,,
77135,491134-1,4,0,4,26.92,,
77136,491140-1,2,2,0,18.84,,
77137,491070-1,8,3,5,16.29,,
77138,491080-1,0,0,0,16.55,,
77141,491090-1,6,4,2,18.37,,
77142,491060-1,0,0,0,5.35,,
77143,491100-1,4,1,3,22.98,,
77144,491105-1,0,0,0,20.5,,
77145,491107-1,0,0,0,17.9,,
77146,HCP1500HP,12,6,6,23.74,37.99,
77147,HCP2000HP,3,2,1,29.99,47.99,
77148,HCP2500HP,14,5,9,36.24,57.99,
77151,491012-1,20,10,10,20.06,,
77152,491013-1,0,0,0,25.68,,
77153,491024-1,0,0,0,30.17,,
77154,490300-1,15,8,7,19.1,,
77155,491051-1,2,2,0,7.15,,
77156,50840-0024,2,2,0,369.59,,
77157,491361-1,12,2,10,6.26,,
77158,37041-0011,1,0,1,255.15,,
77159,37072-0094,8,4,4,202.81,,
77161,50890-1100,3,2,1,298.0,,
77168,299190-1,5,3,2,24.11,,
77169,299201B-1,5,4,1,3.55,,
77170,299201W-1,7,6,1,3.55,,
77171,299202B-1,10,6,4,3.68,,
77172,299202W-1,5,5,0,3.68,,
77173,299204B-01,3,3,0,3.74,,
77174,491110-1,5,5,0,7.74,,
77175,491115-1,2,2,0,13.94,,
77176,588071-1,5,3,2,19.1,,
77177,588074-1,7,2,5,19.1,,
77178,588510-1,0,0,0,11.19,,
77179,588520-1,4,4,0,17.31,,
77180,588450-1,5,3,2,11.33,,
77181,327124-1,0,0,0,22.88,,
77182,327130-1,0,0,0,15.5,,
77183,327135-1,0,0,0,30.85,,
77184,299204W-1,12,6,6,3.74,,
77185,426506-1,3,1,2,32.26,,
77186,426505-1,12,11,1,21.86,,
77187,426513-1,7,5,2,21.3,,
77188,426515-1,13,6,7,15.7,,
77189,P1030DW,25,8,17,11.64,,
77190,426517-1,8,3,5,19.73,,
77191,426520-1,5,5,0,16.26,,
77192,426527-1,7,2,5,21.3,,
77193,426560-1,0,0,0,28.05,,
77194,431510-1,2,2,0,60.87,,
77195,431520-1,4,3,1,119.09,,
77196,405950-1,3,1,2,103.21,,
77197,405951-1,0,0,0,140.26,,
77198,400180-1,9,6,3,38.71,,
77199,400080-1,0,0,0,75.13,,
77200,LG4-NY,7,3,4,35.22,56.99,
77201,LG4-BK,5,2,3,35.22,56.99,
77202,MGV550B,10,8,2,205.99,379.99,
77204,B62RGB,2,2,0,295.7,,
77206,BOLTBLK,40,20,20,31.99,,
77207,403010-1,6,4,2,7.02,,
77208,403020-1,0,0,0,8.34,,
77209,403060-1,3,1,2,43.76,,
77210,404610-3,0,0,0,169.37,,
77211,401321-1,6,6,0,9.71,,
77212,401320-1,12,4,8,9.53,,
77254,LLB-32KC-01-00,0,0,0,41.16,,
77257,302110010BK-1,7,7,0,5.51,,
77263,302110010WH-1,7,7,0,5.21,,
77264,302110015BK-1,7,7,0,7.04,,
77271,302110020BK-1,8,8,0,8.7,,
77278,302110020WH-1,2,2,0,8.55,,
77279,302110025BK-1,0,0,0,10.46,,
77283,001-506-900-00,0,0,0,288.89,,
77285,302110025WH-1,0,0,0,10.29,,
77286,302110050BK-1,0,0,0,17.14,,
77287,302112010BK-1,0,0,0,7.53,,
77292,302112010WH-1,3,3,0,6.36,,
77293,302112015BK-1,4,4,0,10.08,,
77300,302112015WH-1,5,5,0,9.85,,
77301,302112020BK-1,5,5,0,13.09,,
77308,302112020WH-1,5,5,0,12.74,,
77309,302112025BK-1,4,4,0,15.6,,
77314,302112025WH-1,11,11,0,15.6,,
77315,302112030BK-1,6,6,0,19.15,,
77317,302112030WH-1,2,2,0,16.55,,
77318,302112035BK-1,2,2,0,23.18,,
77322,302112050BK-1,0,0,0,26.28,,
77323,302116015BK-1,3,3,0,17.14,,
77329,302116020BK-1,7,7,0,24.2,,
77334,302116020WH-1,0,0,0,20.65,,
77335,302116025BK-1,4,4,0,28.64,,
77337,302116025WH-1,0,0,0,24.94,,
77338,302116030BK-1,0,0,0,33.76,,
77341,302116030WH-1,0,0,0,30.45,,
77342,302116035BK-1,0,0,0,39.83,,
77345,302116035WH-1,2,2,0,34.74,,
77346,302116050BK-1,0,0,0,48.63,,
77347,302116050WH-1,9,3,6,48.41,,
77348,302119025BK-1,4,4,0,36.45,,
77350,302119025WH-1,0,0,0,33.76,,
77351,302119030BK-1,6,6,0,36.8,,
77352,302119035BK-1,0,0,0,51.41,,
77354,302119035WH-1,6,6,0,50.65,,
77355,302119050BK-1,1,1,0,58.04,,
77358,561010-1,5,0,5,8.52,,
77359,561012-1,3,3,0,9.05,,
77360,561016-1,14,4,10,9.21,,
77361,561019-1,5,5,0,9.53,,
77365,582501-1,2,2,0,49.73,,
77366,582502-1,3,1,2,42.64,,
77367,582503-1,6,2,4,32.53,,
77370,XT-SF-170-IR,2,0,2,477.25,539.0,
77377,254106-1,10,5,5,18.25,,
77378,254112-1,3,0,3,24.85,,
77379,254118-1,0,0,0,30.45,,
77380,254124-1,3,3,0,34.95,,
77381,254209-1,5,5,0,25.41,,
77382,254212-1,7,4,3,28.21,,
77383,254218-1,5,5,0,34.39,,
77384,254224-1,10,5,5,38.32,,
77385,254312-1,5,5,0,25.68,,
77386,254318-1,11,5,6,32.7,,
77387,254324-1,2,2,0,40.56,,
77388,254509-1,0,0,0,44.88,,
77389,254512-1,0,0,0,46.56,,
77390,254518-1,0,0,0,54.03,,
77391,751010-1,0,0,0,2.9,,
77392,751011-1,21,11,10,2.95,,
77394,751030-1,8,5,3,9.27,,
77395,751062-1,19,10,9,4.94,,
77396,752010-1,0,0,0,19.69,,
77397,753864-1,0,0,0,10.6,,
77398,753874-1,10,0,10,10.9,,
77399,753877-1,0,0,0,6.89,,
77400,755220-1,3,3,0,14.9,,
77401,331320-1,2,2,0,32.53,,
77403,331330-1,7,7,0,31.58,,
77404,331335-1,2,2,0,21.35,,
77405,331340-1,0,0,0,30.85,,
77406,331350-1,9,8,1,32.53,,
77407,331360-1,0,0,0,2.06,,
77408,331370-1,4,0,4,2.31,,
77409,331375-1,2,0,2,6.89,,
77410,331380-1,15,8,7,5.23,,
77411,331390-1,7,7,0,7.92,,
77412,331400-1,6,6,0,13.6,,
77413,331405-1,7,0,7,15.24,,
77414,331410-1,8,2,6,14.19,,
77415,331424-1,2,2,0,5.35,,
77416,331425-1,5,5,0,7.61,,
77417,331440-1,2,0,2,7.52,,
77418,331450-1,9,9,0,15.98,,
77419,331600-1,13,5,8,3.74,,
77420,331620-1,9,2,7,7.02,,
77421,335653-1,0,0,0,54.49,,
77424,12822,1,1,0,22.15,,
77426,335740-1,3,3,0,6.73,,
77427,335745-1,6,5,1,7.32,,
77428,335750-1,7,3,4,6.85,,
77429,335755-1,0,0,0,7.45,,
77430,335760-1,7,4,3,8.81,,
77431,335765-1,5,2,3,9.4,,
77432,336140-1,11,6,5,9.5,,
77433,336145-1,0,0,0,9.11,,
77434,336150-1,11,3,8,9.4,,
77435,336152-1,16,9,7,9.4,,
77436,A80320,0,0,0,1315.83,1579.0,
77437,336155-1,9,9,0,8.44,,
77438,336157-1,7,0,7,8.44,,
77439,336160-1,7,2,5,12.52,,
77440,336162-1,8,8,0,13.11,,
77441,336165-1,11,1,10,12.52,,
77442,336167-1,13,10,3,11.92,,
77444,336182-1,9,3,6,15.53,,
77445,336185-1,10,7,3,14.65,,
77447,336187-1,8,2,6,14.65,,
77448,336262-1,2,0,2,15.5,,
77449,336282-1,1,1,0,17.32,,
77450,336340-1,8,8,0,9.21,,
77451,336345-1,9,0,9,8.81,,
77452,336350-1,16,10,6,9.21,,
77454,336352-1,7,7,0,9.21,,
77455,336355-1,7,7,0,6.36,,
77456,336357-1,14,6,8,6.36,,
77457,336360-1,8,8,0,12.68,,
77458,336362-1,1,1,0,12.68,,
77459,336365-1,0,0,0,12.08,,
77460,336367-1,10,5,5,12.08,,
77461,336380-1,0,0,0,16.73,,
77462,336382-1,8,6,2,16.73,,
77463,336385-1,8,0,8,15.5,,
77464,336387-1,15,7,8,15.5,,
77481,708-0030,0,0,0,57.07,,
77482,708-0040,0,0,0,6.71,,
77483,708-0050,0,0,0,11.55,,
77484,708-0060,0,0,0,4.28,,
77486,708-0080,3,2,1,12.53,,
77498,RLS-508-402,4,0,4,78.75,,
77499,RLS-509-402,6,4,2,73.13,,
77500,RLS-509-404,0,0,0,67.5,,
77530,MAAUXUSBR,0,0,0,27.09,,
77577,415044-1,6,4,2,7.74,,
77578,415047-1,8,4,4,8.94,,
77579,415054-1,0,0,0,6.73,,
77580,415057-1,5,2,3,7.32,,
77581,415082-1,8,7,1,9.11,,
77582,415092-1,11,1,10,4.34,,
77583,415094-1,8,7,1,4.76,,
77584,415110-1,0,0,0,5.08,,
77585,415115-1,0,0,0,5.53,,
77587,415210-1,23,11,12,8.77,,
77588,222500-1,5,5,0,5.66,,
77589,222501-1,3,3,0,6.26,,
77590,222502-1,24,10,14,6.89,,
77591,222503-1,10,5,5,6.03,,
77592,222522-1,15,5,10,8.81,,
77593,222710-1,7,2,5,18.84,,
77594,222712-1,1,1,0,16.71,,
77595,225400-1,0,0,0,26.35,,
77596,225420-1,8,3,5,26.35,,
77597,226312-1,4,4,0,12.65,,
77598,227023-1,0,0,0,5.98,,
77599,227030-1,12,5,7,5.98,,
77600,227108-1,4,4,0,6.42,,
77601,227135-1,19,10,9,4.48,,
77602,227141-1,6,6,0,3.23,,
77603,221842-1,11,9,2,4.48,,
77604,221860-1,8,4,4,17.42,,
77605,221880-1,9,2,7,23.19,,
77606,221910-1,5,5,0,24.29,,
77607,221920-1,5,0,5,20.77,,
77608,221930-1,22,10,12,8.37,,
77609,222435-1,0,0,0,57.14,,
77610,222440-1,3,1,2,68.26,,
77611,221982L-1,5,3,2,56.1,,
77612,222380-1,1,1,0,17.77,,
77616,321291-1,0,0,0,25.79,,
77618,321292-1,0,0,0,24.11,,
77619,321295-1,0,0,0,21.98,,
77620,321296-1,2,0,2,23.55,,
77621,321581-1,3,0,3,6.42,,
77624,321582-1,11,11,0,7.26,,
77627,321583-1,8,8,0,5.6,,
77635,321402-1,0,0,0,17.41,,
77637,321404-1,0,0,0,17.41,,
77642,321422-1,0,0,0,18.21,,
77643,321424-1,0,0,0,18.81,,
77644,321426-1,1,1,0,18.81,,
77645,321462-1,0,0,0,17.97,,
77647,321463-1,0,0,0,17.97,,
77649,321464-1,0,0,0,16.85,,
77650,321466-1,0,0,0,17.97,,
77662,321473-1,1,1,0,18.82,,
77664,321474-1,0,0,0,18.82,,
77671,321476-1,0,0,0,18.82,,
77674,321482-1,0,0,0,18.67,,
77677,321483-1,0,0,0,18.67,,
77679,321484-1,0,0,0,18.67,,
77682,321486-1,0,0,0,18.67,,
77683,321488-1,0,0,0,21.74,,
77684,321489-1,4,2,2,21.74,,
77685,321492-1,0,0,0,21.74,,
77687,325028-1,8,4,4,13.2,,
77688,325029-1,12,8,4,13.2,,
77691,325044-1,5,4,1,10.0,,
77692,325060-1,16,8,8,5.23,,
77693,325061-1,9,8,1,5.23,,
77694,325120-1,27,15,12,6.79,,
77695,325121-1,0,0,0,7.26,,
77696,325122-1,0,0,0,7.39,,
77697,325140-1,0,0,0,12.52,,
77698,325141-1,4,0,4,12.52,,
77699,325150-1,6,2,4,34.24,,
77700,325160-1,12,4,8,6.73,,
77701,325161-1,9,6,3,6.89,,
77702,325168-1,5,2,3,20.35,,
77704,325173-1,11,5,6,35.92,,
77705,325175-1,11,6,5,26.92,,
77706,325190-1,5,5,0,77.8,,
77707,325199-1,2,0,2,14.34,,
77708,325233-1,8,3,5,39.83,,
77709,325235-1,16,7,9,40.95,,
77710,325236-1,20,16,4,39.83,,
77711,325613-1,8,8,0,11.88,,
77712,325615-1,1,0,1,15.86,,
77713,325925-1,12,6,6,9.11,,
77714,GP1030-02,0,0,0,363.62,,
77716,326510-3,2,0,2,113.01,,
77717,326515-3,3,0,3,109.4,,
77718,326520-3,3,3,0,103.49,,
77719,326525-3,0,0,0,134.19,,
77720,326530-3,2,0,2,103.49,,
77721,326535-3,4,2,2,135.24,,
77722,326580-3,4,2,2,50.7,,
77723,326585-3,5,4,1,74.36,,
77724,326598-1,3,2,1,71.96,,
77725,8309819,9,4,5,3.38,,
77726,326599-1,0,0,0,32.14,,
77727,AN110,21,14,7,11.19,,
77728,AN150SR,14,8,6,13.43,19.99,
77729,1181067,2,1,1,16.15,,
77730,ANT1B,20,2,18,5.92,,
77731,ACDC3212,2,2,0,76.0,,
77744,B265C-LM-MM,0,0,0,1498.98,2064.0,
77755,32807,2,0,2,97.1,,
77756,66400,0,0,0,28.53,48.99,
77757,66242,0,0,0,30.68,45.99,
77758,66244,0,0,0,28.75,44.99,
77759,66412,2,0,2,24.57,39.99,
77760,66414,0,0,0,15.0,33.99,
77761,88146,2,2,0,62.49,82.99,
77762,88144-2,0,0,0,138.58,158.99,
77763,88155,2,0,2,48.75,84.99,
77764,88152-4,6,0,6,4.06,,
77765,88152-5,0,0,0,4.06,,
77766,88152-6,1,0,1,4.06,,
77775,A2K-4WD-1,3,2,1,83.88,,
77780,33703,0,0,0,35.8,,
77782,AV3012,2,0,2,476.13,,
77787,010-12842-01,9,0,9,14.99,,
77788,010-12842-02,0,0,0,7.49,,
77789,010-12938-00,19,14,5,17.24,,
77790,010-12842-00,0,0,0,74.99,,
77791,010-12841-01,0,0,0,14.99,,
77792,010-12841-02,0,0,0,7.49,,
77793,010-12841-00,1,0,1,59.99,,
77800,RMX4600-06,1,0,1,414.53,,
77805,PO414DWC-20,0,0,0,172.82,,
77807,249108,0,0,0,7.17,,
77811,NDA-3,48,48,0,14.63,,
77828,RLBL,3,3,0,23.15,,
77829,RJBM,2,2,0,16.84,,
77832,RUBS,0,0,0,13.38,,
77834,401412-1,2,2,0,21.86,,
77835,401413-1,0,0,0,20.74,,
77836,401417-1,10,0,10,18.5,,
77837,401418-1,3,3,0,25.23,,
77838,401420-1,8,3,5,33.65,,
77839,401421-1,9,4,5,33.65,,
77840,401422-1,5,5,0,32.53,,
77842,400193-1,0,0,0,42.64,,
77844,400198-1,11,6,5,54.49,,
77845,400200-1,4,0,4,31.41,,
77846,400203-1,4,0,4,44.9,,
77848,400208-1,2,0,2,60.31,,
77851,400353-1,14,9,5,53.96,,
77852,400358-1,3,3,0,70.9,,
77853,400400-1,5,1,4,50.26,,
77854,400410-1,2,2,0,71.96,,
77858,400710-3,6,3,3,35.89,,
77859,400730-3,9,5,4,40.95,,
77861,401240-1,12,2,10,10.87,,
77862,401270-1,0,0,0,15.5,,
77863,401274-1,12,5,7,14.9,,
77864,FASP4881TCCAA00,0,0,0,335.95,,
77865,400070-1,1,1,0,45.49,,
77866,400071-1,3,2,1,42.08,,
77867,400073-1,3,0,3,40.95,,
77868,400078-1,2,2,0,55.01,,
77869,400079-1,3,2,1,70.37,,
77870,400110-1,4,4,0,21.3,,
77871,400120-1,0,0,0,17.31,,
77872,400130-1,6,3,3,17.31,,
77873,400135-1,5,5,0,9.71,,
77874,400136-1,1,1,0,23.87,,
77875,400140-1,2,2,0,16.89,,
77876,400016-1,2,0,2,57.67,,
77878,400020-1,2,0,2,15.5,,
77879,400022-1,0,0,0,38.71,,
77880,400023-1,2,2,0,39.83,,
77881,585-0220-7,3,3,0,226.67,,
77882,400026-1,3,2,1,46.56,,
77886,405110-1,1,1,0,25.79,,
77887,405115-1,0,0,0,24.11,,
77890,405335-3,8,3,5,77.24,,
77896,328112-1,12,4,8,14.05,,
77897,328114-1,1,1,0,18.24,,
77898,328115-1,4,4,0,7.92,,
77899,328120-1,0,0,0,26.67,,
77900,328190-1,0,0,0,2.92,,
77901,328195-1,0,0,0,4.48,,
77902,328196-1,5,5,0,5.08,,
77903,328197-1,0,0,0,6.89,,
77904,327122-1,0,0,0,19.56,,
77905,424617-1,0,0,0,54.23,,
77906,424623-1,0,0,0,32.53,,
77907,424627-1,0,0,0,43.51,,
77908,424636-1,0,0,0,42.31,,
77909,426120-1,22,16,6,7.02,,
77910,421615-1,4,2,2,12.32,,
77911,421617-1,0,0,0,22.42,,
77912,421625-1,4,4,0,25.23,,
77913,421610-1,3,3,0,36.45,,
77914,421620-1,11,6,5,49.2,,
77917,431310-1,7,5,2,15.12,,
77918,431210-1,0,0,0,28.05,,
77919,431230-1,4,1,3,29.17,,
77920,431250-1,0,0,0,29.73,,
77921,431430-1,2,2,0,13.71,,
77923,432510-1,0,0,0,172.01,,
77924,432520-1,2,1,1,260.82,,
77926,432620-1,3,1,2,216.93,,
77927,431115-1,4,4,0,27.48,,
77928,431110-1,2,0,2,23.55,,
77929,431120-1,1,1,0,46.0,,
77930,431125-1,10,5,5,48.67,,
77931,431151-1,1,1,0,24.11,,
77932,431153-1,0,0,0,18.5,,
77933,431152-1,9,3,6,18.5,,
77934,S00-00522-04,1,1,0,2.9,,
77935,010-12773-00,1,0,1,50.25,,
77936,660040-1,3,2,1,48.14,,
77937,660020-1,1,0,1,48.8,,
77938,420350-1,6,4,2,22.03,,
77954,420488-1,3,3,0,13.11,,
77955,420486-1,0,0,0,12.52,,
77956,420487-1,16,9,7,12.71,,
77957,420498-1,15,9,6,16.29,,
77958,420496-1,18,10,8,12.52,,
77959,420495-1,17,14,3,7.15,,
77960,06-01-001,0,0,0,12.33,,
77961,06-01-002,0,0,0,12.17,,
77962,06-01-003,0,0,0,12.02,,
77963,06-01-004,0,0,0,16.7,,
77964,06-01-005,0,0,0,14.67,,
77965,06-01-006,0,0,0,14.67,,
77966,06-01-007,0,0,0,15.92,,
77967,06-01-008,0,0,0,14.67,,
77969,06-01-010,0,0,0,18.27,,
77970,06-01-011,0,0,0,17.18,,
77972,06-01-013,2,1,1,21.54,,
77973,06-01-014,1,0,1,24.67,,
77974,06-01-015,0,0,0,20.61,,
77975,06-01-016,0,0,0,18.42,,
77976,06-01-017,0,0,0,24.67,,
77977,06-01-018,1,0,1,20.29,,
77978,41670,1,1,0,85.6,149.99,
77979,06-01-019,0,0,0,31.21,,
77980,06-01-020,0,0,0,47.3,,
77981,06-01-021,0,0,0,23.72,,
77982,41671,3,0,3,57.75,109.99,
77983,06-02-022,0,0,0,35.9,,
77984,06-02-023,0,0,0,27.01,,
77985,06-02-024,0,0,0,37.15,,
77986,06-02-025,0,0,0,35.9,,
77987,06-02-026,0,0,0,48.86,,
77988,41672,1,0,1,71.84,129.99,
77989,06-02-027,0,0,0,43.87,,
77990,06-02-028,0,0,0,41.52,,
77992,06-02-029,0,0,0,64.16,,
77993,06-02-030,0,0,0,74.15,,
77994,41675,2,2,0,120.31,219.99,
77995,06-02-031,0,0,0,69.61,,
77996,06-02-032,0,0,0,86.63,,
77997,06-02-033,1,0,1,111.3,,
77998,06-02-034,0,0,0,111.3,,
77999,001-464-280-00,0,0,0,100.0,,
78001,70-17,0,0,0,31.0,,
78012,010-01499-00,2,1,1,129.95,,
78013,010-01500-00,0,0,0,186.99,,
78022,MR1010RII,0,0,0,2443.89,,
78024,25SA-6WC,10,3,7,85.99,,
78025,RMX4400-09,0,0,0,392.72,,
78028,010-12920-00,0,0,0,63.74,,
78031,010-C1128-00,0,0,0,131.23,,
78034,189ATP,0,0,0,990.18,,
78035,8/6 RS,19,12,7,10.48,,
78036,10 RS,11,7,4,9.0,,
78037,10/6 RS,18,18,0,10.73,,
78038,12 PM,8,5,3,10.8,,
78039,12/6 PM,9,2,7,14.18,,
78040,14 PM,1,1,0,11.14,,
78041,14/8 PM,2,2,0,14.71,,
78042,10 VRS,0,0,0,17.21,,
78043,12 VRS,0,0,0,18.56,,
78044,SM4,4,0,4,23.96,,
78045,SM6,51,17,34,27.0,,
78046,SM8,19,15,4,34.76,,
78047,FRBBA213,0,0,0,76.14,,
78048,FRBBA219,0,0,0,82.49,,
78050,1680DP012V,6,5,1,52.71,,
78058,SMP4,0,0,0,36.45,,
78059,SMP6,0,0,0,41.53,,
78060,SMP8,0,0,0,53.16,,
78064,PRS,8,3,5,7.68,,
78092,SS175C-12-L-MM,0,0,0,1179.42,1624.0,
78093,010-12887-00,16,3,13,8.44,,
78094,010-12888-00,11,6,5,10.39,,
78095,010-12889-00,8,6,2,13.64,,
78096,010-12890-00,1,1,0,17.54,,
78097,010-12892-00,9,4,5,13.64,,
78098,010-12893-00,12,6,6,17.54,,
78099,010-12894-00,1,1,0,27.94,,
78100,010-12895-00,7,5,2,4.54,,
78101,010-12896-00,9,8,1,4.54,,
78102,S00-00522-15,0,0,0,23.18,,
78103,S00-00522-16,0,0,0,26.09,,
78104,S00-00522-17,0,0,0,23.18,,
78105,010-12717-00,0,0,0,23.18,,
78106,010-12717-10,0,0,0,26.09,,
78114,010-12878-00,1,1,0,11.04,,
78115,51960,5,5,0,28.49,,
78116,010-12878-10,2,0,2,13.64,,
78117,010-12878-20,0,0,0,11.04,,
78118,010-12878-30,0,0,0,11.04,,
78119,010-12879-00,2,0,2,12.34,,
78120,010-12879-10,0,0,0,17.54,,
78121,010-12879-20,3,1,2,12.34,,
78122,010-12879-30,3,3,0,12.34,,
78123,010-12880-00,0,0,0,13.64,,
78124,010-12880-10,1,1,0,17.54,,
78125,010-12880-20,0,0,0,13.64,,
78126,010-12880-30,0,0,0,13.64,,
78131,S00-00522-23,1,0,1,1.73,,
78132,S00-00522-22,4,0,4,2.9,,
78134,S00-01195-00,6,4,2,5.79,,
78139,S00-00522-20,6,6,0,1.73,,
78141,S00-00522-19,1,0,1,1.15,,
78144,S00-00522-21,3,0,3,2.9,,
78147,S00-01196-00,0,0,0,2.9,,
78153,010-12789-00,5,5,0,11.04,,
78154,010-12789-10,5,2,3,13.64,,
78155,010-12789-20,0,0,0,11.04,,
78175,UC116-I,3,1,2,379.56,,
78177,34000,10,4,6,144.98,,
78181,IL200P-24,6,3,3,46.14,,
78183,217,19,12,7,22.49,,29.98
78185,000-033-337-00,0,0,0,181.82,,
78186,GP1800-10,0,0,0,312.72,,
78205,OC17234,0,0,0,14.15,,
78206,OC17235,0,0,0,6.28,,
78207,OC17236,0,0,0,12.55,,
78208,D00342H,5,5,0,23.93,,
78210,SC28,0,0,0,258.75,,
78211,KITOBDBR-02',13,8,5,113.4,,
78212,KITOBDBR-04',5,2,3,113.4,,
78213,KITOB-06',3,2,1,110.96,,
78226,RC88CAP12V,0,0,0,1575.29,2142.4,
78229,300-138,0,0,0,2523.31,,3154.13
78230,A1200SCPEIC,3,1,2,84.44,,
78231,33751,4,2,2,95.85,,
78232,22014-P,3,2,1,76.76,,
78235,LLB-366N-31-10,3,1,2,80.49,,
78236,PP5050-15,0,0,0,370.9,,
78237,PP4400-12,0,0,0,269.08,,
78238,22005CASE,1,1,0,36.0,,
78239,22213CASE,12,7,5,153.55,,
78240,22239CASE,0,0,0,79.74,,
78241,22241CASE,0,0,0,75.75,,
78242,22240CASE,4,2,2,104.18,,
78243,22250CASE,1,1,0,242.55,,
78244,22001CASE,1,1,0,24.3,,
78245,22003CASE,3,2,1,42.98,,
78246,22004CASE,0,0,0,18.68,,
78247,22254CASE,4,1,3,72.55,,
78248,22255CASE,1,0,1,259.15,,
78252,22206CASE,1,0,1,55.65,,
78253,22207CASE,3,2,1,74.85,,
78254,30445CASE,4,2,2,28.95,,
78255,SSP-100-KIT,0,0,0,259.09,373.9,
78256,30204CASE,6,3,3,47.63,,
78257,SSP-150-KIT,0,0,0,301.14,434.6,
78258,30570CASE,5,5,0,92.8,,
78259,ADJ-28,1,1,0,85.45,123.3,
78261,SC-05,1,1,0,53.41,77.1,
78262,SC-10,2,2,0,82.39,118.9,
78264,30205CASE,0,0,0,37.35,,
78266,30213CASE,0,0,0,60.98,,
78269,30306CASE,5,2,3,80.1,,
78270,30573CASE,7,4,3,42.68,,
78271,30574CASE,2,0,2,71.18,,
78272,30616CASE,6,4,2,66.98,,
78273,30604CASE,5,3,2,116.25,,
78277,30586CASE,2,1,1,64.88,,
78279,30674CASE,0,0,0,296.75,,
78280,30370CASE,11,6,5,164.9,,
78281,30340CASE,2,0,2,51.0,,
78282,30324CASE,8,2,6,77.1,,
78290,JAHD240BT,15,6,9,79.55,129.95,
78294,6353EL-B.GRAY,0,0,0,74.9,,
78297,LLB-46WW-3A-SS,0,0,0,54.88,,
78298,LLB-46WW-3A-BN,0,0,0,55.98,,
78301,TMS10,0,0,0,12.79,,
78302,TMS12,7,5,2,16.88,,
78303,FFMK,5,3,2,128.63,,
78304,FFMG,0,0,0,128.63,,
78305,RF5500R,0,0,0,17.64,,
78307,90512,1,1,0,32.01,,
78310,FFWC,2,0,2,128.63,,
78311,TR,2,0,2,12.23,,
78312,SAS-900,3,2,1,1679.3,,
78314,TMCV,0,0,0,78.75,,
78315,PWC3H,1,1,0,13.48,,
78316,PWC1/2,0,0,0,19.91,,
78317,LLB-36MN-41-00,4,2,2,188.24,,
78318,PWCGW10,1,1,0,16.06,,
78319,PWC12,15,10,5,11.14,,
78320,PWC12SH,19,14,5,11.88,,
78321,PWCETS,10,8,2,15.19,,
78323,BOWA0651,0,0,0,2593.6,3319.8,
78324,BPPJA,0,0,0,586.41,,
78326,BPCABCPC,0,0,0,77.51,,
78330,CQWB,3,3,0,40.16,,
78331,COW,0,0,0,20.95,,
78332,BTD,0,0,0,10.93,,
78333,EBCTD,0,0,0,28.09,,
78334,DS,2,2,0,11.55,,
78335,MCS,0,0,0,9.63,,
78336,BGTD,8,2,6,6.89,,
78337,SSBGTD,7,1,6,14.18,,
78338,WS16,6,2,4,12.49,,
78339,WS20,5,2,3,13.23,,
78340,WS16S,92,76,16,15.53,,
78341,WS20S,29,13,16,18.23,,
78342,WS25,3,3,0,14.58,,
78343,WS16T,0,0,0,13.16,,
78344,WS20T,0,0,0,14.18,,
78345,WS25T,0,0,0,15.19,,
78346,WSY20,2,0,2,21.6,,
78347,WSY25,14,4,10,24.3,,
78348,WSY30,0,0,0,30.74,,
78349,WS3Y20,4,2,2,29.03,,
78350,WS3Y25,6,2,4,33.75,,
78351,WS3Y30,0,0,0,38.48,,
78352,GP1050-33,0,0,0,327.26,,
78353,RT40,8,4,4,72.9,,
78354,SSRT40,6,2,4,106.65,,
78355,RT50,0,0,0,42.99,,
78356,RT50SH,0,0,0,45.4,,
78357,RTB,0,0,0,11.24,,
78358,RTB-U,0,0,0,11.24,,
78359,RTB80,0,0,0,11.24,,
78360,RTB-E,0,0,0,13.8,,
78361,1QRTD2,0,0,0,18.24,,
78362,1QRTD4,0,0,0,18.9,,
78363,1QT2,0,0,0,19.0,,
78364,1QT3,0,0,0,20.18,,
78365,1QT4,0,0,0,20.95,,
78366,TTDS1/2,0,0,0,19.91,,
78367,TTDS1/3,3,3,0,20.25,,
78368,TTDS1/4,0,0,0,20.59,,
78369,1PB2,0,0,0,18.56,,
78370,1PB4,0,0,0,19.24,,
78371,RTD3,0,0,0,24.98,,
78372,RTD4,3,3,0,25.65,,
78373,RTD6,3,3,0,26.33,,
78374,UTD,0,0,0,20.93,,
78375,TTD2,26,14,12,26.33,,
78376,TTD3,1,1,0,27.0,,
78377,TTD4,11,3,8,27.68,,
78378,TTD5,2,2,0,28.01,,
78379,TTD6,1,1,0,28.35,,
78380,QRTD2,0,0,0,20.93,,
78381,QRTD4,7,7,0,21.6,,
78382,QRTD6,0,0,0,21.6,,
78383,QRTD2VP,0,0,0,24.64,,
78384,QRTD4VP,4,4,0,24.98,,
78385,QRTD6VP,0,0,0,25.65,,
78387,2PB4,4,4,0,21.94,,
78388,2PB6,0,0,0,22.61,,
78389,2PB2VP,0,0,0,24.98,,
78390,2PB4VP,0,0,0,25.99,,
78391,2PB6VP,0,0,0,26.33,,
78392,R2TTD3,3,0,3,35.05,,
78393,R2TTD5,2,2,0,36.11,,
78395,31038,2,0,2,26.2,,
78399,PBGW10,0,0,0,13.96,,
78400,PBGW13,0,0,0,14.38,,
78401,PBGW16,0,0,0,15.19,,
78402,QRGW10,5,5,0,8.99,,
78403,QRGW13,0,0,0,14.38,,
78404,QRGW16,2,2,0,15.19,,
78405,R1GW10,9,6,3,15.86,,
78406,R1GW13,5,5,0,16.88,,
78407,R1GW16,3,1,2,17.89,,
78408,GW2/10,0,0,0,12.89,,
78409,GW2/13,0,0,0,13.43,,
78410,GW2/16,0,0,0,14.1,,
78411,GW2/18,0,0,0,14.58,,
78412,GW2/20,0,0,0,14.85,,
78413,SS1QRTD2,0,0,0,34.15,,
78414,SS1QRTD4,3,3,0,24.99,,
78415,SS1QRTD6,0,0,0,36.58,,
78416,SSRTD3,4,2,2,62.78,,
78417,SSRTD4,2,0,2,63.11,,
78418,SSRTD6,4,2,2,63.58,,
78419,SSRGW10,0,0,0,38.26,,
78420,SSRGW13,0,0,0,39.08,,
78421,SSRGW16,0,0,0,40.76,,
78422,SSTTD3,4,4,0,64.15,,
78423,SSTTD4,4,2,2,75.26,,
78424,SSTTD6,4,2,2,76.88,,
78425,SS/QRTD3,0,0,0,20.34,,
78426,SS/QRTD4,2,2,0,58.65,,
78427,SS/QRTD6,3,3,0,59.33,,
78428,SS/GW210,0,0,0,19.24,,
78429,SS/GW213,0,0,0,19.91,,
78430,SS/GW216,0,0,0,20.25,,
78431,SS/GW220,0,0,0,20.93,,
78432,RW,1,1,0,15.86,,
78433,RW2,0,0,0,10.46,,
78434,RW2/S,0,0,0,11.34,,
78435,CW,0,0,0,7.01,,
78436,CW2,0,0,0,7.76,,
78440,LS,0,0,0,11.81,,
78441,VRC,0,0,0,30.3,,
78442,703S-01600,1,1,0,15.07,,
78443,MSR,0,0,0,22.4,,
78444,DKMS,0,0,0,23.96,,
78445,RSS,0,0,0,8.9,,
78446,ETS,12,4,8,24.56,,
78447,SO/O,0,0,0,19.03,,
78448,PS,0,0,0,12.28,,
78449,RS57,2,2,0,8.98,,
78451,PPC-RS,2,0,2,58.39,,
78452,RRW16,2,1,1,12.89,,
78453,RRW32,0,0,0,13.84,,
78454,RPW10,0,0,0,7.89,,
78455,RPW16,0,0,0,8.44,,
78456,FDRW,2,0,2,8.06,,
78458,101545,22,8,14,80.63,,
78470,PP4502,0,0,0,276.35,,
78573,010-12547-01,4,1,3,18.74,,
78639,100-418-430-10,0,0,0,16.36,,
78641,491110-1-491115-1KIT,2,2,0,7.27,,
78648,906704,1,0,1,323.12,516.99,
78652,01-0420-SL,0,0,0,549.82,,
78655,32203,0,0,0,280.86,427.99,
78669,7311,0,0,0,65.24,,
78670,7312,0,0,0,65.24,,
78671,7313,0,0,0,65.24,,
78672,7314,0,0,0,65.24,,
78673,7316,0,0,0,65.24,,
78674,88925,2,1,1,498.63,,
78675,7317,0,0,0,65.24,,
78676,88925-1,0,0,0,498.63,,
78687,229F,4,2,2,35.77,53.95,
78688,230F,6,3,3,76.51,114.95,
78693,300F,4,2,2,31.0,46.95,
78699,379F,6,2,4,35.16,52.95,
78752,6230,6,2,4,30.58,47.1,
78753,6231,6,4,2,38.87,59.85,
78754,6238,5,3,2,66.99,103.15,
78755,6239,4,2,2,74.71,115.05,
78756,6240,4,2,2,86.23,132.8,
78757,6241,5,2,3,93.16,143.45,
78761,HS-40,1,1,0,63.63,,
78763,91-001-220A-C,0,0,0,249.29,319.0,
78770,883213,0,0,0,1034.37,1654.99,
78772,SP38-2,0,0,0,3709.3,,
78773,SP38-4,0,0,0,3289.3,,
78775,SP38-17,0,0,0,2729.3,,
78776,SP38-18,0,0,0,4199.3,,
78780,TS38,0,0,0,1120.0,,
78781,NF38,0,0,0,1120.0,,
78783,20310025,0,0,0,1050.0,,
78785,522112,16,9,7,2.08,,
78790,SC-CW-RCV-LU,1,1,0,7.11,,
78791,SC-CW-RCV-MU,2,2,0,7.11,,
78793,APT-F-150-01,9,5,4,264.38,,
78796,67,30,15,15,8.36,,
78821,403061-1,7,0,7,42.64,,
78822,404610-3-403061-1,0,0,0,156.0,,
78829,010-12829-03,3,1,2,17.54,,
78830,010-12817-02,0,0,0,10.39,,
78831,010-12745-01,8,2,6,12.99,,
78836,DT2B-TM,8,4,4,94.79,,
78851,LLB-32KW-11-00,0,0,0,41.16,,
78875,273100-1,0,0,0,5.19,,
78876,273101-1,3,3,0,5.56,,
78877,273110-1,1,1,0,4.97,,
78878,273111-1,7,7,0,5.56,,
78879,273175-1,6,6,0,2.98,,
78880,273176-1,4,4,0,3.18,,
78881,273180-1,0,0,0,2.81,,
78882,273181-1,0,0,0,3.11,,
78883,273580-1,6,6,0,3.11,,
78884,273581-1,16,14,2,3.53,,
78885,270100-1,16,12,4,7.68,,
78886,270101-1,13,3,10,8.05,,
78887,270111-1,10,0,10,10.9,,
78888,270180-1,40,40,0,4.5,,
78890,270191-1,20,10,10,9.66,,
78891,270175-1,0,0,0,7.32,,
78892,S1R,4,2,2,22.22,,
78893,273200-1,7,7,0,3.44,,
78894,273201-1,9,9,0,4.6,,
78895,273205-1,10,3,7,4.44,,
78896,273206-1,1,1,0,4.53,,
78897,273230-1,1,1,0,4.6,,
78898,273231-1,8,4,4,4.84,,
78899,273240-1,0,0,0,5.03,,
78900,273241-1,1,1,0,5.08,,
78901,270200-1,12,12,0,8.87,,
78902,270205-1,3,3,0,11.5,,
78903,270230-1,2,0,2,9.87,,
78904,270235-1,6,6,0,11.63,,
78905,270240-1,5,0,5,9.71,,
78906,270245-1,7,0,7,11.5,,
78907,270260-1,15,7,8,10.0,,
78908,273300-1,6,0,6,2.52,,
78909,589610-1,5,5,0,17.31,,
78910,588130-3,0,0,0,14.5,,
78911,010-12697-00,0,0,0,14.99,,
78912,010-12525-01,0,0,0,8.78,,
78915,T70321,0,0,0,1604.16,,
78917,010-12812-02,7,1,6,10.39,,
78918,001-533-250-00,0,0,0,90.91,,
78964,600-TLM-SIF,8,3,5,44.24,,
78966,010-12547-02,1,0,1,18.74,,
78968,211409,0,0,0,7.99,,
78969,211408,9,5,4,7.99,,
78970,211419,3,0,3,8.33,,
78971,211418,5,3,2,7.99,,
78972,211429,2,2,0,11.87,,
78973,211428,6,2,4,11.44,,
78974,199263,21,8,13,10.67,,
78975,199262,24,7,17,3.73,,
78987,HE-INFIN50,0,0,0,290.85,,
78988,HE-INFIN40,0,0,0,334.33,594.99,
78989,HE-INFIN22,1,1,0,238.51,434.99,
78990,HE-INFIN14,1,1,0,109.18,187.99,
78991,HE-INFIN8,0,0,0,130.91,238.99,
78992,HE-ICL2PK,0,0,0,199.2,362.99,
78993,HE-ICL2,0,0,0,56.26,96.99,
78995,MPS-RGBC-4,2,2,0,26.96,52.99,
78996,010-12800-01,0,0,0,7.49,,
78999,010-12844-00,0,0,0,31.99,,
79009,150112,4,0,4,13.65,,
79011,ZDIGIKVT,5,3,2,153.96,,
79012,ZDIGIKVTUSB,20,16,4,153.96,,
79013,LLB-21KC-71-00,2,2,0,13.15,,
79014,LLB-21KW-71-00,0,0,0,13.15,,
79017,22042,1,1,0,138.33,,
79018,22043,6,3,3,138.33,,
79020,422110-1,0,0,0,40.39,,
79021,422010-1,4,2,2,29.73,,
79022,422800-1,0,0,0,46.0,,
79023,424806-1,1,0,1,57.83,,
79024,425800-1,0,0,0,86.41,,
79026,424605-1,0,0,0,37.03,,
79027,423046-1,3,3,0,17.26,,
79028,424016-1,0,0,0,33.65,,
79029,424116-1,0,0,0,44.88,,
79033,150,21,18,3,29.69,44.95,
79034,224,3,0,3,9.68,14.95,
79035,225,6,2,4,11.19,16.95,
79036,226,7,3,4,24.38,36.95,
79037,227,6,2,4,26.39,39.95,
79038,228,7,2,5,35.01,52.95,
79039,229,4,2,2,35.77,53.95,
79040,230,6,3,3,76.51,114.95,
79041,239,6,2,4,41.38,62.95,
79042,244,4,2,2,28.58,42.95,
79043,245,5,3,2,31.06,46.95,
79044,292,0,0,0,19.43,28.95,
79045,300,4,2,2,31.0,46.95,
79046,326,8,6,2,31.65,47.95,
79047,327,10,3,7,37.9,56.95,
79048,344,7,3,4,45.91,68.95,
79049,365,2,1,1,23.44,34.95,
79050,376,0,0,0,16.45,24.95,
79051,379,6,2,4,35.16,52.95,
79052,381,7,4,3,29.64,44.95,
79053,404,4,2,2,11.6,17.95,
79054,405,6,2,4,13.3,19.95,
79055,406,6,2,4,24.14,36.95,
79056,407,2,2,0,26.39,39.95,
79057,408,7,4,3,34.08,51.95,
79058,409,5,3,2,35.83,53.95,
79059,417,8,4,4,20.87,31.95,
79060,468,0,0,0,24.26,36.95,
79061,469,4,4,0,30.13,45.95,
79062,471,0,0,0,21.34,31.95,
79063,473,19,8,11,27.21,40.95,
79064,2103,4,1,3,8.91,13.95,
79065,2104,5,3,2,9.12,13.95,
79066,2106,8,4,4,15.43,22.95,
79067,2116,4,2,2,51.29,76.95,
79068,2131,3,2,1,6.14,8.95,
79069,2132,8,4,4,8.36,12.95,
79070,2133,0,0,0,6.26,9.95,
79072,2600,0,0,0,36.35,54.95,
79073,2622,7,3,4,48.01,72.95,
79074,2636,5,2,3,25.01,37.95,
79075,2655,7,5,2,34.25,51.95,
79076,2656,1,1,0,38.34,57.95,
79077,2660,4,2,2,64.05,96.95,
79079,340,22,2,20,19.26,28.95,
79080,348,5,3,2,11.4,16.95,
79085,010-12812-01,0,0,0,10.39,,
79101,010-12813-00,8,6,2,5.83,,
79104,010-12814-00,3,1,2,7.14,,
79107,PKF32G,0,0,0,29.85,44.1,
79113,9638,2,2,0,39.73,,
79114,9639,4,2,2,27.4,,
79115,9637,4,2,2,79.42,,
79136,019904,0,0,0,259.78,411.0,
79137,019903,1,0,1,66.3,104.0,
79138,013001,0,0,0,844.32,1282.0,
79139,013003,0,0,0,844.32,1282.0,
79142,33025,3,2,1,33.49,,
79150,RMX4502,0,0,0,399.99,,
79152,10080,8,2,6,31.12,,
79153,10079,7,3,4,28.3,,
79154,10031,6,4,2,15.26,,
79155,10082,20,11,9,20.17,,
79156,10098,8,5,3,15.56,,
79157,10099,6,4,2,15.56,,
79158,10035,16,12,4,17.78,,
79159,10001,5,3,2,36.24,,
79160,10036,7,4,3,85.6,,
79161,10028XLP,8,5,3,67.67,,
79162,10017XL,2,0,2,77.26,,
79163,10029XLP,12,5,7,130.22,,
79164,10018XL,18,12,6,142.1,,
79165,10010,4,2,2,58.57,,
79166,10011,6,3,3,115.33,,
79167,10107,6,3,3,146.3,,
79168,10108,4,2,2,195.97,,
79169,10105,5,3,2,156.38,,
79170,10524,0,0,0,173.23,,
79171,10106,7,4,3,232.13,,
79172,10122,7,2,5,232.13,,
79173,10624,2,2,0,232.13,,
79174,E70531,0,0,0,359.99,,
79176,S00-00522-10,1,1,0,6.79,,
79181,A80512,2,0,2,87.49,,
79188,E70531-00-NAG,0,0,0,519.99,,
79190,E70533,0,0,0,519.99,,
79192,E70533-00-NAG,0,0,0,679.99,,
79194,E70535,0,0,0,919.99,,
79196,E70535-00-NAG,0,0,0,1079.99,,
79208,RODE54,0,0,0,694.67,,
79214,TR05LM,0,0,0,1038.89,,
79215,TR07LM,0,0,0,1322.22,,
79218,420805-1,0,0,0,4.34,,
79219,420806-1,0,0,0,4.15,,
79220,420808-1,0,0,0,4.13,,
79221,420810-1,15,7,8,4.13,,
79222,420815-1,6,0,6,4.15,,
79223,420820-1,0,0,0,4.15,,
79224,420830-1,4,0,4,4.56,,
79225,420839-1,6,6,0,3.23,,
79227,B60-20-FISO,0,0,0,236.02,324.99,
79255,445185-1,5,0,5,19.06,,
79256,445188-1,5,2,3,31.97,,
79257,445090-1,8,2,6,12.48,,
79258,445190-1,44,8,36,8.94,,
79259,403066-1,0,0,0,28.05,,
79260,420430-1,5,1,4,33.65,,
79266,426113-1,13,9,4,5.82,,
79271,2129,0,0,0,15.29,,
79274,911421A5,20,6,14,19.74,,
79284,010-02277-00,0,0,0,562.49,,
79285,RH5332V,6,4,2,109.94,,
79289,34012B,0,0,0,12.47,,
79290,34012S,18,11,7,12.47,,
79291,34014B,0,0,0,13.43,,
79292,34014S,13,7,6,13.43,,
79293,911313,4,2,2,259.37,414.99,
79294,34016B,9,4,5,14.52,,
79296,34018B,13,12,1,15.45,,
79297,34018S,29,22,7,15.45,,
79298,34020B,15,15,0,17.98,,
79299,34020S,18,7,11,17.98,,
79300,34022B,8,6,2,21.81,,
79301,34022S,9,6,3,21.81,,
79302,34024B,6,3,3,26.67,,
79303,34024S,2,2,0,26.67,,
79304,34026B,2,2,0,30.45,,
79305,34026S,4,4,0,30.45,,
79306,36180,8,6,2,132.15,,
79307,36110,0,0,0,132.15,,
79308,37180,15,11,4,132.15,,
79309,37110,10,7,3,132.15,,
79312,33006A,9,4,5,23.81,,
79313,33007A,7,5,2,24.8,,
79314,33010A,11,5,6,27.95,,
79315,33012A,0,0,0,24.8,,
79316,33014A,10,4,6,27.95,,
79317,33070A,7,3,4,29.67,,
79319,SCED2225,5,4,1,41.78,,
79321,34016S,27,21,6,14.52,,
79325,AVLWR02401,0,0,0,1309.38,,
79332,S11-01315-30,1,0,1,169.74,,
79335,323-500,0,0,0,10.19,,
79336,012924,0,0,0,54.35,85.0,
79337,80-47231-01,1,0,1,284.99,,
79338,80-47232-01,1,0,1,333.32,,
79343,010-12256-12,0,0,0,18.74,,
79376,126,33,19,14,10.71,,
79378,010-11822-02,0,0,0,19.99,,
79379,S1W,4,2,2,22.22,,
79380,S1G,5,2,3,27.06,,31.2
79419,E70483,0,0,0,3999.99,,
79421,E70373,0,0,0,4399.99,,
79424,13889,1,0,1,81.54,,
79426,GP2050-06,0,0,0,327.26,,
79427,ZDIGAISNODE,3,1,2,454.96,,
79434,32-700,1,1,0,781.25,,
79447,010-C1156-00,0,0,0,262.49,,
79463,IPB02BK,0,0,0,27.85,,
79464,DP60-B-CC,0,0,0,36.31,,
79465,012925,2,2,0,58.29,,
79466,012926,3,3,0,75.33,,
79469,DOLLY-2-B-HD,0,0,0,55.17,,
79470,315FPX,19,8,11,35.01,,
79477,010-02024-00,10,8,2,2662.49,,
79478,010-02025-00,2,1,1,2737.49,,
79479,010-12832-00,4,2,2,52.49,,
79480,010-12832-01,1,1,0,52.49,,
79481,010-12832-10,0,0,0,18.74,,
79482,010-12832-18,1,0,1,18.74,,
79483,010-12832-20,0,0,0,41.24,,
79484,010-12832-22,1,0,1,41.24,,
79485,010-12832-25,0,0,0,26.24,,
79486,010-12832-30,0,0,0,44.99,,
79487,010-12833-00,4,2,2,194.99,,
79488,010-12834-00,1,1,0,236.24,,
79489,010-12832-50,0,0,0,44.99,,
79491,A80036,0,0,0,782.6,,
79496,FP-OUT3,0,0,0,18.11,,
79499,C2111-08-00600,0,0,0,292.6,,
79500,C2111-12-00600,0,0,0,493.05,,
79501,C2113-10-00600,0,0,0,380.95,,
79502,SAD-24B,8,2,6,22.5,,
79503,980500741,0,0,0,24.05,,
79504,RA38A,0,0,0,30.0,,
79507,804030,0,0,0,12.17,,
79519,T70320,0,0,0,1604.16,,
79526,63002,0,0,0,537.49,859.99,
79537,1902340,17,14,3,1391.19,,
79538,1902335,11,10,1,1240.79,,
79539,1903017,3,2,1,30.54,,
79540,1852075,9,6,3,29.05,,
79541,1850276,2,0,2,30.86,,
79542,A80484,0,0,0,55.39,,
79543,T232,0,0,0,195.82,,
79550,720105-1,25,23,2,23.47,,
79558,RODE47,0,0,0,434.67,,
79559,SP4156,0,0,0,41.51,,
79561,40181,0,0,0,14.37,22.99,
79562,UST850S-P17-N2,0,0,0,1047.74,,
79564,710302-1,4,1,3,643.99,,
79565,720106-1,23,14,9,58.44,,
79566,720106-2,2,2,0,64.93,,
79567,720107-1,8,8,0,41.66,,
79568,720108-1,0,0,0,49.99,,
79570,411260-1,22,11,11,1064.18,,
79571,APT-F-LB-01,7,5,2,120.94,,
79593,P79-235-N2,0,0,0,338.82,,
79595,AM120W,0,0,0,31.6,,
79598,10-1476-40,5,4,1,24.07,,
79601,977339-T,8,3,5,61.94,,
79603,815000,7,4,3,111.18,,
79629,HE-SLWH1,0,0,0,22.68,41.99,
79630,AV212,1,1,0,350.0,,
79632,322210-1,5,5,0,14.79,,
79633,324310-1,0,0,0,9.71,,
79634,329990-1,5,5,0,2.39,,
79635,412428B-1,2,2,0,87.86,,
79636,412421B-1,0,0,0,87.86,,
79637,414900-3,8,3,5,51.87,,
79638,414800-3,0,0,0,144.5,,
79639,412428W-1,0,0,0,94.21,,
79640,412421W-1,0,0,0,94.21,,
79641,151300-410-004-17,4,0,4,237.72,,
79642,LLB-32KW-01-M0,0,0,0,38.41,,
79644,C998-20,0,0,0,87.92,,
79645,227561-1,6,5,1,8.94,,
79646,227560-1,12,2,10,8.94,,
79647,322620-1,4,4,0,30.85,,
79648,327200-1,7,5,2,11.95,,
79649,328012-1,17,8,9,17.32,,
79650,328013-1,10,2,8,17.87,,
79651,328059-1,6,1,5,11.32,,
79653,322150-1,0,0,0,50.26,,
79654,321680-1,8,2,6,37.58,,
79660,ZDIGAIT5000,6,4,2,909.96,,
79688,820009,2,1,1,389.99,462.97,
79689,GP1900-04,0,0,0,319.99,,
79691,325-002,2,1,1,47.28,,
79692,R30303,0,0,0,197.92,292.5,
79693,R30303BM30NT,4,4,0,316.06,467.1,
79694,R30303BM30PW,3,3,0,281.96,416.7,
79695,R30303BM30PG,4,4,0,281.96,416.7,
79696,R30303BM30PB,0,0,0,281.96,416.7,
79697,533-VW-S,0,0,0,284.37,,
79699,40021006,0,0,0,2745.27,,
79702,T70281,1,1,0,1065.78,,
79704,0111,4,0,4,74.98,,
79705,R111C-LM,0,0,0,3352.94,,
79706,329515,3,3,0,11.35,,
79711,010-12826-00,0,0,0,749.99,,
79714,PLASE360,121,112,9,18.0,,
79715,PLASE371,15,11,4,21.21,,
79716,PLASE370,138,138,0,21.21,,
79717,PLASE373,39,39,0,25.71,,
79718,PLASE400,0,0,0,38.57,,
79720,PLASE503,2,2,0,38.57,,
79721,PLASE700,4,4,0,35.36,,
79722,PLASE600,0,0,0,25.71,,
79723,PLASE800,4,2,2,35.36,,
79724,PLASV455,0,0,0,12.86,,
79725,PLASV373,2,0,2,11.08,,
79726,PLASV370,4,4,0,9.75,,
79727,PLASV371,12,6,6,9.75,,
79728,PLASV363,0,0,0,8.25,,
79729,PLASV360,7,7,0,7.5,,
79730,PLASV350,3,3,0,5.73,,
79732,2156,5,3,2,58.56,87.95,
79733,2157,4,2,2,54.77,82.95,
79734,2638,5,2,3,56.64,84.95,
79735,2639,4,2,2,60.75,91.95,
79736,2640,4,2,2,93.51,140.95,
79737,2641,4,2,2,97.57,146.95,
79738,2642,8,4,4,47.25,70.95,
79739,F-1-WHITE,10,0,10,34.99,,
79740,2643,6,2,4,51.34,77.95,
79741,F-1-BLACK,0,0,0,41.71,,
79742,2644,5,2,3,24.05,35.95,
79743,F-02-WHITE,0,0,0,49.33,,
79744,2645,9,6,3,81.53,122.95,
79745,2646,1,1,0,85.7,128.95,
79746,F-02-BLACK,0,0,0,49.33,,
79747,F-2-WHITE,9,1,8,57.17,,
79748,F-2-BLACK,0,0,0,57.17,,
79749,F-3-WHITE,3,0,3,72.99,,
79750,F-3-BLACK,2,0,2,78.33,,
79751,F-4-WHITE,0,0,0,99.55,,
79752,F-4-BLACK,0,0,0,99.55,,
79753,F-5-WHITE,2,2,0,102.28,,
79754,F-5-BLACK,0,0,0,102.28,,
79755,F-6-WHITE,2,2,0,139.76,,
79756,F-6-BLACK,5,2,3,139.76,,
79757,F-7-WHITE,2,0,2,203.31,,
79758,F-7-BLACK,9,6,3,203.31,,
79759,F-8-WHITE,0,0,0,339.25,,
79760,F-8-BLACK,0,0,0,339.25,,
79761,F-10-WHITE,0,0,0,388.67,,
79762,F-10-BLACK,1,1,0,388.67,,
79763,F-11-WHITE,2,0,2,399.99,,
79764,F-11-BLACK,0,0,0,457.77,,
79765,F-13-WHITE,0,0,0,842.57,,
79768,PP4500-10,0,0,0,276.35,,
79790,UTV4B,0,0,0,92.97,,
79800,414800-3-414900-3,0,0,0,144.5,,
79805,621-VUP-MC-120-J10,0,0,0,819.08,1003.0,
79810,07-66-035,3,2,1,23.39,,
79857,KG-1WP-R,51,6,45,38.67,49.3,
79858,KG-4WP-R,0,0,0,125.67,160.23,
79859,KG-1GP-R,41,6,35,38.67,49.3,
79860,KG-4GP-R,16,3,13,125.67,160.23,
79861,KG-1CP-R,70,5,65,38.67,49.3,
79862,KG-4CP-R,42,7,35,125.67,160.23,
79863,8014,0,0,0,9.97,,
79865,KG-4BL-PR,0,0,0,125.67,160.23,
79866,18916-0050,17,3,14,23.6,,
79867,GP2200-14,0,0,0,363.62,,
79868,549-EW-RS,0,0,0,427.7,,
79870,ZDIGGPS160,4,3,1,132.96,,
79871,ZDIGGPS160USB,13,5,8,181.96,,
79872,ZDIGGPS160N2K,2,1,1,244.96,,
79873,ZDIGGPS160ST,3,1,2,244.96,,
79874,ZDIGGPS160WL,1,1,0,149.99,,
79875,ZDIGMOBSW,4,2,2,14.99,,
79877,VDR100-01,0,0,0,636.0,,
79878,7060,0,0,0,148.01,182.0,
79899,902213,0,0,0,106.25,169.99,
79903,N20804S,27,5,22,150.27,,
79920,588250-1,0,0,0,32.14,,
79921,50070-0080,1,1,0,156.28,,
79926,400054-3,2,2,0,110.09,,
79927,400157-1,1,1,0,14.9,,
79928,400155-1,4,2,2,14.65,,
79929,30398,13,12,1,14.04,20.79,
79930,30398CASE,2,2,0,80.03,,
79934,30218,14,3,11,6.41,8.79,
79935,30571,6,2,4,5.36,8.79,
79936,30218CASE,1,0,1,36.53,,
79937,922513,0,0,0,109.37,174.99,
79938,MM3-VSA-500,0,0,0,227.27,,
79939,30571CASE,0,0,0,30.53,,
79940,38116-0000,1,1,0,264.17,,
79949,FL50W,0,0,0,150.0,,184.0
79950,E6-10-301-20,29,0,29,8.63,,
79954,D16601,4,2,2,68.69,,
79955,D16601CASE,0,0,0,267.53,,
79956,M21032,0,0,0,35.7,,
79957,M21032CASE,0,0,0,208.58,,
79966,010-02184-01,24,24,0,79.99,,
79967,28512000,0,0,0,649.14,,
79968,53120,0,0,0,203.12,324.99,
79969,53121,0,0,0,203.12,324.99,
79970,53123,0,0,0,203.12,324.99,
79971,53122,0,0,0,204.37,326.99,
79973,53221,0,0,0,178.12,284.99,
79974,53223,0,0,0,190.62,304.99,
79975,53222,0,0,0,190.62,304.99,
79982,221408,7,3,4,16.34,,
79983,221428,6,3,3,23.41,,
79984,221418,8,4,4,16.34,,
79988,327150-1,8,0,8,23.55,,
79989,327151-1,5,5,0,22.98,,
79991,010-12464-00,0,0,0,15.99,,
79997,22275,5,5,0,12.95,,
79998,22275CASE,0,0,0,73.8,,
79999,22295,54,24,30,3.59,,
80000,22295CASE,6,3,3,27.3,,
80004,521520-1,2,2,0,6.19,,
80005,521550-1,4,3,1,14.5,,
80006,300085-1,11,4,7,17.9,,
80007,336520-3,0,0,0,45.49,,
80008,336525-3,2,1,1,45.49,,
80009,357390-1,4,2,2,9.4,,
80010,490050-1,7,4,3,22.08,,
80030,1358996,11,4,7,2546.25,,
80032,940314,2,0,2,728.12,1164.99,
80033,421645-1,6,1,5,24.11,,
80040,906513,0,0,0,162.5,259.99,
80041,491075-1,14,6,8,11.09,,
80042,429930-1,0,0,0,20.5,,
80043,432590-1,13,7,6,15.5,,
80044,491713-1,7,0,7,20.91,,
80045,512220-1,9,5,4,21.3,,
80046,513110-1,4,2,2,24.39,,
80047,513120-1,0,0,0,20.0,,
80048,520065-1,5,3,2,17.61,,
80054,67852OB,1,0,1,147.05,,
80055,67852OG,3,1,2,147.05,,
80057,83302502,0,0,0,280.02,,
80060,11701100,3,3,0,55.69,,
80063,31501330,4,2,2,327.04,,
80064,31501340,2,2,0,327.04,,
80065,31501512,2,1,1,301.23,,
80066,31501522,3,2,1,301.23,,
80067,31502331,3,2,1,327.04,,
80068,31502341,0,0,0,327.04,,
80069,31512510,0,0,0,393.36,,
80070,31512520,0,0,0,393.36,,
80071,31512710,0,0,0,393.36,,
80072,31512720,0,0,0,393.36,,
80073,041636-1,10,0,10,25.79,,
80074,041666-1,5,4,1,24.06,,
80075,221615-1,0,0,0,116.44,,
80076,337198-1,5,0,5,3.74,,
80077,10-24690-18,10,2,8,184.99,,
80078,10-24939-18,3,3,0,224.99,,
80079,09-824P-2,6,4,2,27.57,,
80080,405300-3,3,2,1,62.43,,
80081,09-849P-2,3,1,2,32.58,,
80082,405320-3,0,0,0,33.09,,
80083,405321-3,4,4,0,37.58,,
80084,421600-1,5,3,2,33.65,,
80085,422790-1,4,3,1,45.49,,
80086,31505,15,3,12,70.52,,99.99
80087,31510,6,4,2,109.71,,149.99
80088,31515,6,3,3,141.06,,189.99
80089,44006,9,6,3,91.19,,119.99
80090,44008,30,18,12,113.99,,149.99
80091,44012,39,20,19,138.59,,179.99
80092,44020,30,14,16,169.39,,219.99
80093,44021,48,21,27,179.39,,229.99
80094,44023,1,1,0,131.2,,170.39
80095,44026,3,2,1,164.26,,210.59
80096,44028,18,4,14,229.41,,290.39
80097,2133,1,0,1,63.51,,
80098,44029,11,3,8,228.93,,289.79
80099,51805,15,11,4,16.7,,
80100,51815,14,5,9,26.25,,
80101,405681-1,1,0,1,42.34,,
80102,RF35109HL,6,3,3,66.64,104.98,
80104,77010700,10,4,6,92.78,,
80105,90405,2,2,0,17.26,,
80106,91005,0,0,0,53.11,,
80110,90402,1,0,1,14.58,,
80112,13721,13,9,4,32.25,,
80113,13725,5,5,0,39.99,,
80114,13806,9,3,6,42.33,,
80116,13818,6,4,2,29.99,,
80118,13009,5,4,1,34.99,,
80119,13001,1,1,0,23.86,,
80120,41500700,5,3,2,18.14,,
80122,33009,2,0,2,44.99,,
80123,77032900,5,2,3,122.02,,
80126,13016,6,0,6,22.99,,
80127,13017,0,0,0,23.86,,
80128,13010,5,0,5,21.99,,
80130,35513000,6,3,3,1079.2,,1349.0
80131,13113,0,0,0,39.16,,
80132,35523000,3,2,1,1279.2,,1599.99
80133,13151,0,0,0,201.63,,
80134,35512000,5,2,3,879.2,,1099.0
80135,35522000,0,0,0,1119.2,,1399.0
80136,35013000,0,0,0,1195.02,,
80137,35023000,1,1,0,1427.05,,
80138,35012000,0,0,0,1011.73,,
80139,35022000,4,2,2,1296.3,,
80142,36212000,11,5,6,645.93,,
80143,33147,4,3,1,116.54,,
80144,36211200,4,2,2,534.36,,
80145,13117,3,1,2,23.99,,
80147,44320805,0,0,0,1518.4,,1898.0
80148,44321105,7,4,3,1964.8,,2456.0
80149,12819,0,0,0,51.28,,
80150,12861,3,2,1,8.9,,
80151,32861,3,3,0,16.55,,
80155,12805,37,19,18,14.99,,
80157,12830,1,0,1,33.08,,
80159,12814,5,0,5,21.99,,
80161,12910,0,0,0,35.15,,
80170,14604,4,4,0,23.99,,
80174,16016,3,2,1,24.99,,
80175,13736,3,3,0,23.99,,
80178,CW100IT5,0,0,0,2620.73,,
80179,124302,7,3,4,21.0,,
80180,124702,8,5,3,13.82,,
80181,160010,1,1,0,38.72,,
80182,160099,0,0,0,356.7,,
80183,160110,5,4,1,53.61,,
80184,160199,0,0,0,489.59,,
80185,160210,4,2,2,65.99,,
80186,160299,0,0,0,562.48,,
80187,270107,28,10,18,11.49,,
80188,270109,41,7,34,17.26,,
80189,270110,24,16,8,17.26,,
80190,270111,10,10,0,4.6,,
80191,270112,17,7,10,4.6,,
80192,270114,0,0,0,13.26,,
80193,270203,4,2,2,88.34,,
80194,326899,5,2,3,74.02,,
80195,327899,5,2,3,78.05,,
80196,336899,1,1,0,74.02,,
80197,337899,5,2,3,78.05,,
80198,404352,1,1,0,19.16,,
80199,501072-3,2,2,0,41.39,,
80200,702007,11,5,6,5.66,,
80201,702008,0,0,0,8.5,,
80202,702031,0,0,0,28.3,,
80203,702032,9,3,6,14.47,,
80204,703007,1,1,0,39.51,,
80205,703015,8,5,3,46.92,,
80206,703035,6,4,2,46.92,,
80207,703072,0,0,0,30.45,,
80208,703073,0,0,0,64.45,,
80209,703079,0,0,0,134.93,,
80210,SPKKIT,4,2,2,76.81,,
80225,BOLTBLTADJ,11,5,6,267.57,,
80234,RBA-200,0,0,0,225.0,,
80237,010-12937-00,1,0,1,11.59,,
80238,010-12937-01,0,0,0,11.59,,
80239,010-12937-10,2,1,1,11.13,,
80240,010-12937-11,0,0,0,11.59,,
80241,010-12937-20,7,4,3,11.74,,
80242,010-12937-21,0,0,0,11.59,,
80245,8HG998519001,0,0,0,13.92,,
80246,88443,1,0,1,434.78,698.99,
80248,LLB-22KC-21-00,0,0,0,11.77,,
80249,LLB-22KW-21-00,0,0,0,11.77,,
80250,6123AEPA,6,2,4,48.45,,
80274,36111,0,0,0,312.5,499.99,
80276,36112,0,0,0,257.5,411.99,
80278,36113,0,0,0,257.5,411.99,
80279,36114,1,0,1,257.5,411.99,
80280,36115,0,0,0,257.5,411.99,
80281,36116,0,0,0,257.5,411.99,
80284,36117,0,0,0,257.5,411.99,
80286,36119,0,0,0,257.5,411.99,
80288,36208,1,0,1,240.33,411.99,
80292,36200,0,0,0,400.0,639.99,
80293,36201,3,3,0,400.0,639.99,
80295,36202,0,0,0,400.0,639.99,
80297,36203,0,0,0,400.0,639.99,
80298,36204,0,0,0,400.0,639.99,
80299,36205,0,0,0,400.0,639.99,
80301,36207,0,0,0,400.0,639.99,
80302,36360,3,1,2,71.87,109.99,
80312,255,2,0,2,19.83,,
80313,257,3,3,0,19.83,,
80314,355,4,4,0,15.42,,
80315,357,0,0,0,19.83,,
80316,12003OB,2,0,2,158.29,,
80317,12003ON,4,1,3,158.29,,
80318,12003OS,3,2,1,158.29,,
80321,55745,2,0,2,58.94,,
80322,67867,0,0,0,69.62,,
80323,22048,1,1,0,138.33,,
80324,12004OB,10,7,3,89.99,,
80325,12004OS,6,0,6,101.21,,
80327,12005OB,9,5,4,107.61,,
80328,12005OS,2,1,1,141.56,,
80330,1092,37,18,19,13.35,,
80332,GS-390,2,1,1,2499.99,,
80333,GS-390XL,3,2,1,2899.99,,
80359,GS-900-1,0,0,0,677.74,,949.99
80360,GS-950,2,0,2,832.32,,
80362,10-13409-02,0,0,0,563.89,,
80363,4000,29,15,14,3.41,,
80365,7062,11,0,11,7.22,,
80366,7063,12,0,12,7.22,,
80368,7064,15,8,7,7.22,,
80369,7065,17,6,11,7.22,,
80370,7066,14,7,7,7.22,,
80371,7067,14,4,10,7.22,,
80372,7068,8,0,8,7.22,,
80379,2356,7,5,2,24.96,,
80382,5056,9,5,4,28.0,,
80383,46310,10,2,8,36.04,,
80385,1739,15,8,7,38.42,,
80386,1739200,7,6,1,38.42,,
80388,1732200,10,5,5,66.53,,
80389,1733200,39,25,14,36.58,,
80392,1741200,15,10,5,50.72,,
80408,010-02236-00,0,0,0,479.98,,
80409,010-02236-02,0,0,0,519.99,,
80410,010-12946-00,0,0,0,63.74,,
80419,2000035023,11,5,6,52.94,,
80423,6234,4,1,3,74.71,115.05,
80424,6235,5,3,2,75.19,115.8,
80425,6260,7,4,3,45.32,66.15,
80426,6261,8,4,4,53.15,77.6,
80427,6269,5,3,2,98.26,143.45,
80428,6270,4,2,2,107.19,156.5,
80429,6272,3,2,1,119.42,174.35,
80430,6273,4,2,2,134.84,196.85,
80439,W733-SS,0,0,0,15.12,,
80443,010-12105-20,3,2,1,18.74,,
80484,500-0398-10,1,0,1,1275.8,,
80487,T70477,0,0,0,876.86,,
80490,T70478,1,0,1,1355.59,,
80528,742132BFGK,2,0,2,422.95,,
80529,CAP030B,5,3,2,16.23,,
80530,DEF150101,0,0,0,82.96,,
80531,DEF228101,0,0,0,67.16,,
80532,DE248101,0,0,0,89.79,,
80535,JMS3RTL,9,6,3,176.54,285.99,
80568,AIR-033-745,0,0,0,250.0,,
80569,GP1050-26,0,0,0,327.26,,
80580,GP1500-32,0,0,0,276.35,,
80581,01-05-074,3,1,2,16.57,,
80582,01-05-075,0,0,0,21.24,,
80583,01-05-076,1,1,0,22.65,,
80584,01-05-077,4,2,2,14.6,,
80585,DE2044F,0,0,0,187.97,,
80586,01-05-078,1,1,0,14.6,,
80587,01-05-079,0,0,0,23.44,,
80588,01-05-080,4,2,2,16.5,,
80589,01-05-081,3,1,2,24.07,,
80591,01-05-082,3,1,2,21.59,,
80592,02-01-003,0,0,0,80.75,,
80593,02-01-004,0,0,0,94.24,,
80594,02-02-006,0,0,0,147.65,,
80595,02-02-008,0,0,0,181.71,,
80596,02-04-014,3,1,2,107.02,,
80597,02-04-015,1,0,1,174.57,,
80598,02-99-023,2,0,2,14.29,,
80605,BOWA0301,0,0,0,1959.0,2507.52,
80606,BOWA0361,0,0,0,2186.5,2798.72,
80607,BOWA0421,0,0,0,2234.06,2859.6,
80609,37-10-065-20,37,26,11,7.92,,
80611,E3-15-22,0,0,0,52.74,,
80612,E3-15-30,0,0,0,68.62,,
80614,E3-5-15,22,16,6,6.42,,
80616,M1-25-62-28,0,0,0,77.66,,
80617,MP-04-33-22,0,0,0,99.74,,
80618,MR-01-122-24,0,0,0,69.14,,
80619,BP110G75,0,0,0,66.51,79.8,
80620,MF-02-110-70,0,0,0,125.5,,
80621,BPPPA,0,0,0,423.75,,
80622,M1-44-8,4,3,1,48.82,,
80623,M1-25-42-28,0,0,0,82.11,,
80625,M1-20-31-58,0,0,0,100.19,,
80630,JOY1000,7,5,2,182.2,,
80631,OBI9000-E,19,8,11,294.23,,
80632,OBI9000-H,13,5,8,314.83,,
80633,BOLT1216HD,2,1,1,925.06,,
80634,1852084,31,31,0,23.46,,
80635,BOLT129ADJ,3,1,2,405.48,,
80651,010-12753-20,0,0,0,8.69,,
80657,010-12584-00,27,8,19,2.88,,
80658,112302,6,4,2,27.23,,
80659,010-12466-00,0,0,0,13.72,,
80676,T1125-30,5,3,2,40.91,,
80677,3947,0,0,0,108.87,,
80679,S2-4643,0,0,0,71.48,,
80680,S2-6645,0,0,0,71.48,,
80685,A80537,0,0,0,136.35,,
80691,ER370B,1,1,0,58.75,,
80692,SPC104,2,0,2,25.0,,
80696,53711,15,7,8,71.53,119.99,
80697,53716,7,2,5,71.53,119.99,
80698,53721,12,5,7,71.53,119.99,
80699,53726,7,4,3,71.53,119.99,
80700,27411,0,0,0,66.32,,95.41
80701,27412,12,0,12,66.32,,95.41
80703,53770,10,5,5,89.75,149.99,
80704,53771,6,6,0,89.75,149.99,
80705,53772,6,6,0,89.75,149.99,
80706,53773,13,5,8,89.75,149.99,
80707,53774,9,5,4,89.75,149.99,
80708,53775,16,11,5,90.9,149.99,
80709,16662A,0,0,0,28.53,,
80710,16672A,2,0,2,34.12,,
80714,351320-1,2,0,2,34.5,,
80715,351321-1,2,2,0,28.46,,
80717,SBH-32,0,0,0,22.5,,
80718,351322-1,2,0,2,34.5,,
80719,351323-1,1,1,0,32.26,,
80720,351300-1,2,0,2,22.63,,
80721,DS16-P-BLK,30,20,10,16.88,,
80722,DS21A-P-BLK,40,20,20,19.21,,
80723,DS21B-P-BLK,6,4,2,19.21,,
80724,P2030BK,0,0,0,13.01,,
80725,DS30-P-BLK,7,7,0,20.3,,
80726,P1334314,1,0,1,6.16,,
80727,C1334314,0,0,0,15.07,,
80728,DS40-P-BLK,14,5,9,23.05,,
80729,DS6-P-BLK,0,0,0,10.98,,
80730,DS-H10-BLK,29,25,4,18.66,,
80731,DS-H6-BLK,49,29,20,13.17,,
80740,010-12931-00,0,0,0,29.98,,
80743,SAD-25B,23,4,19,22.5,,
80748,55613,0,0,0,96.03,,
80750,55616,3,3,0,38.86,,
80753,55621,0,0,0,247.71,,
80754,55623,0,0,0,603.55,,
80755,55625,0,0,0,43.81,,
80757,55635,0,0,0,43.19,,
80758,50030,34,28,6,32.6,,
80759,50031,19,15,4,34.26,,
80761,50033,9,7,2,18.01,,
80762,DSM570-01,3,1,2,876.0,,
80776,BOS12V2,1,1,0,285.98,,
80777,BOS12V3,2,1,1,285.98,,
80808,710294-1,2,2,0,378.81,,
80827,FSGP22012D05A00,0,0,0,1789.59,,
80840,LLB-53SW-81-00,1,0,1,41.54,,
80843,SBH-25,31,10,21,15.0,,
80844,CD-48,6,0,6,22.5,,
80845,SBH-27,9,5,4,15.0,,
80846,91-063A,0,0,0,21.69,,
80865,44320605,5,1,4,1074.4,,1343.0
80875,3126,0,0,0,7.42,,
80877,BOW7512D,0,0,0,1863.0,2384.64,
80880,83558,0,0,0,469.07,,
80882,APT-F-250-01,5,3,2,275.63,,
80888,385310969,2,0,2,56.45,,
80890,385311009,6,0,6,54.25,,
80892,385311292,0,0,0,51.93,,
80895,385311013,0,0,0,51.32,,
80919,DT2BX-TM,33,7,26,113.16,,
80920,01-0423-01SL,1,0,1,10076.4,,
80922,041608-1,19,10,9,29.73,,
80923,060060-1,7,5,2,25.82,,
80924,205420-1,0,0,0,21.17,,
80925,221835-1,0,0,0,47.56,,
80926,353210-1,9,3,6,21.59,,
80927,491912-1,0,0,0,18.81,,
80928,080036-1,15,10,5,13.0,,
80930,221244-1,7,2,5,20.89,,
80931,205705-1,8,6,2,26.62,,
80933,169601,7,6,1,41.92,59.97,
80934,169601CASE,1,1,0,167.67,523.2,
80935,169622,23,20,3,15.82,19.97,
80936,169622CASE,1,1,0,189.88,239.64,
80938,LS-2900,4,0,4,38.93,,
80939,LS-3100,3,0,3,62.17,,
80940,LS-3170,10,0,10,45.59,,
80941,LS-3200,4,0,4,34.05,,
80942,LS-3300,13,0,13,33.01,,
80943,LS-3400,0,0,0,28.87,,
80944,LS-3600,0,0,0,24.42,,
80945,LS-3650,6,0,6,20.87,,
80946,LS-5200,3,0,3,58.62,,
80947,20-61,3,0,3,20.43,,
80948,20-62,2,0,2,19.99,,
80949,20-63,3,0,3,19.84,,
80950,20-64,6,2,4,19.54,,
80951,BPG-2038,10,0,10,0.59,,
80952,SLK-30,2,0,2,291.32,,
80953,SLK-40,3,0,3,319.74,,
80954,SLK-GKM,5,0,5,168.89,,
80955,SLK-GKA,4,0,4,128.49,,
80956,26-884,2,0,2,59.8,,
80958,21-80,2,0,2,51.66,,
80959,21-80-1,4,0,4,51.66,,
80960,21-81,3,0,3,51.66,,
80961,27-316,1,0,1,58.03,,
80962,26-314,5,0,5,58.62,,
80963,26-412,2,0,2,27.09,,
80964,27-412,3,0,3,27.54,,
80965,26-412-1T,6,0,6,22.8,,
80966,27-412-1T,6,0,6,23.09,,
80967,26-409,5,0,5,22.05,,
80968,27-409,5,0,5,20.87,,
80969,26-407,5,0,5,23.09,,
80970,27-407,5,0,5,24.87,,
80971,26-410,3,0,3,42.93,,
80972,27-410,3,0,3,40.57,,
80973,26-408,3,0,3,43.96,,
80974,27-408,2,0,2,50.04,,
80975,26-415-1T,7,0,7,10.8,,
80976,27-415-1T,5,0,5,9.62,,
80977,26-415,5,0,5,15.11,,
80978,27-415,5,0,5,13.92,,
80979,26-406,5,0,5,19.39,,
80980,27-406,0,0,0,16.43,,
80981,22-100,2,0,2,41.59,,
80982,LS-2500,3,0,3,18.5,,
80983,LS-2550,3,0,3,15.11,,
80985,29-501,7,0,7,8.0,,
80987,40-530,2,0,2,59.51,,
80988,161200,0,0,0,16.26,,
80995,BX1-588-2,1,1,0,21.0,39.99,
80996,R70615,3,0,3,25.56,,
80997,BX1-750-2,5,2,3,11.0,34.99,
80998,BX1-590-2,1,0,1,14.0,29.99,
81001,142036,0,0,0,41.84,,
81004,1138,0,0,0,11.03,,
81005,1138CASE,0,0,0,132.32,,
81006,1134,1,0,1,12.99,,
81007,1134CASE,0,0,0,183.95,,
81008,1116,0,0,0,16.74,,
81009,1116CASE,0,0,0,200.84,,
81010,1119,10,10,0,18.2,,
81011,1119CASE,0,0,0,218.37,,
81012,1112,4,4,0,7.88,,
81013,1112CASE,0,0,0,94.58,,
81014,S2-5111,0,0,0,568.4,,
81015,1185,19,8,11,21.99,,
81016,1185CASE,0,0,0,329.05,,
81017,1188,11,0,11,28.62,,
81018,1188CASE,0,0,0,343.42,,
81019,GP330B/0183,1,1,0,344.25,,
81026,88443-1,0,0,0,107.33,161.99,
81027,88679-2,0,0,0,411.68,483.99,
81028,88410,0,0,0,42.11,64.99,
81032,40020756,0,0,0,2122.14,,
81035,1059,7,7,0,18.74,,
81036,1059CASE,0,0,0,224.84,,
81037,1056,6,6,0,21.16,,
81038,1056CASE,0,0,0,253.89,,
81039,1123,10,10,0,19.0,,
81040,1123CASE,0,0,0,205.26,,
81042,ZDIGAIT2500,6,3,3,664.96,,
81044,ZDIGWND100,2,1,1,321.96,,
81045,ZDIGDST800,0,0,0,349.96,,
81046,BOW22024D,0,0,0,4942.5,6326.4,
81048,54033PK,4,3,1,4.77,,
81049,81-47239-01,0,0,0,67.67,,
81051,R70530,8,4,4,51.13,,
81052,R70533,7,1,6,51.13,,
81054,817-2000-21,4,1,3,847.54,,
81056,T9027407,2,1,1,9.2,,
81057,RA6060600,4,2,2,5.43,,
81060,GP2600-16,0,0,0,341.81,,
81068,260413,0,0,0,562.5,899.99,
81069,270413,0,0,0,750.0,1199.99,
81070,280413,0,0,0,937.5,1499.99,
81071,290413,0,0,0,1187.5,1899.99,
81084,503124-1,0,0,0,19.69,,
81085,503236-1,4,2,2,20.18,,
81086,503372-1,0,0,0,22.42,,
81095,BT2-952-2,0,0,0,37.45,49.99,
81111,6235-R,2,2,0,237.31,,
81144,HE-BRS,0,0,0,11.37,22.99,
81145,HE-RMBK,1,0,1,10.56,20.99,
81148,ACC-FF-1772,0,0,0,16.14,,
81162,SICO,0,0,0,275.63,,
81166,321820-1,0,0,0,38.15,,
81168,321825-1,0,0,0,52.18,,
81172,322080-1,3,0,3,25.41,,
81173,321850-1,2,2,0,29.17,,
81174,327357-1,2,2,0,66.16,,
81175,327359-1,7,2,5,79.4,,
81176,327361-1,3,1,2,87.33,,
81177,A80448,0,0,0,158.32,,
81178,A80447,0,0,0,158.32,,
81179,A80446,0,0,0,249.99,,
81180,A80479,0,0,0,74.99,,
81181,A80480,1,1,0,74.99,,
81182,N05-801-336,6,0,6,38.96,39.59,
81183,N05-800-286,6,4,2,47.79,48.59,
81186,305,0,0,0,47.29,,
81188,M6601,0,0,0,30.85,,
81189,M6601CASE,0,0,0,120.05,,
81207,BM-1 LI,0,0,0,142.53,,
81208,385314349,0,0,0,50.18,,
81209,HE-RRS,0,0,0,11.37,22.99,
81211,0158,12,3,9,11.49,,
81212,0159,0,0,0,10.39,,
81213,0168,7,6,1,13.98,,
81214,0169,0,0,0,11.48,,
81215,0367,2,2,0,20.29,,
81216,A80581,0,0,0,212.49,,
81219,SS175C-20-L-MM,0,0,0,1179.42,1624.0,
81258,WINDCPS-WT,1,1,0,20.26,,
81259,WINDVNE-WT,1,1,0,20.26,,
81262,MCU005,0,0,0,1240.0,,
81267,WN510,31,10,21,4.27,6.99,
81268,WN815,10,1,9,10.39,16.99,
81270,A2C59501972,0,0,0,26.49,30.59,
81271,A2C59501973,0,0,0,59.22,68.39,
81272,A2C1083230001,0,0,0,17.92,20.69,
81273,A2C1152980001,0,0,0,17.92,20.69,
81274,A2C59501968,0,0,0,23.38,26.99,
81275,A2C3995200001,0,0,0,23.38,26.99,
81276,A2C1141440001,2,2,0,7.53,8.63,
81277,A2C1352110001,0,0,0,7.53,8.63,
81278,A2C5336487001,2,2,0,13.25,15.29,
81279,A2C1111380001,0,0,0,9.22,10.52,
81280,A2C1352140001,0,0,0,9.22,10.52,
81281,A2C1141580001,0,0,0,21.04,24.29,
81282,A2C1376090001,1,0,1,9.22,10.52,
81283,A2C5205947101,2,0,2,6.62,7.64,
81284,A2C1433330001,0,0,0,22.6,26.09,
81285,A2C1507870001,0,0,0,17.92,20.69,
81286,A2C1697530001,0,0,0,21.82,25.19,
81287,A2C1697540001,0,0,0,21.82,25.19,
81288,A2C1957420001,0,0,0,160.78,214.19,
81289,A2C1957400001,0,0,0,160.78,214.19,
81290,A2C1957390001,0,0,0,160.78,214.19,
81291,A2C1957380001,0,0,0,160.78,214.19,
81292,A2C1957360001,0,0,0,160.78,214.19,
81295,AK1008,7,3,4,153.66,,
81311,E1150Z-11CAB,4,3,1,51.22,,
81318,E1150Z-12AAH,0,0,0,51.22,,
81319,T10-7579VEL2,8,4,4,19.42,,
81320,E1150Z-12CAB,0,0,0,51.22,,
81322,E1150Z-11H,0,0,0,51.22,,
81323,E1150Z-12H,0,0,0,51.22,,
81324,01-02-002,4,2,2,14.04,,
81325,01-02-003,3,2,1,19.99,,
81326,01-02-005,2,2,0,24.78,,
81327,01-02-007,2,0,2,19.99,,
81328,01-02-008,0,0,0,24.78,,
81330,530-00486,4,2,2,4.88,,
81332,C15503,0,0,0,310.58,459.0,
81334,E1150Z-42AAH,0,0,0,51.22,,
81335,E1150Z-41CAB,0,0,0,51.22,,
81336,E1150Z-42CAB,0,0,0,51.22,,
81337,E1150Z-41H,0,0,0,51.22,,
81338,E1150Z-42H,0,0,0,51.22,,
81360,6100,8,5,3,223.33,,
81365,6466,9,3,6,127.84,,
81366,6464,6,4,2,115.06,,
81367,A3120Z-11HCE,0,0,0,89.63,,
81368,A3120Z-31HCE,3,2,1,89.63,,
81369,A3120Z-41HCE,0,0,0,89.63,,
81371,7120132,0,0,0,4.88,,
81372,V11-9960BBK60-2,8,0,8,381.42,,
81373,V11-9960WCM60-2,8,0,8,401.59,,
81374,V11-9990BBK60-2,8,0,8,462.09,,
81375,V11-9990BBK80-2,5,2,3,577.79,,
81376,V11-9990WCM60-2,4,2,2,508.6,,
81377,V11-9990WCM80-2,5,1,4,641.49,,
81380,A1120Z-11HAE,0,0,0,89.63,,
81382,1949,0,0,0,347.42,,
81397,A1120Z-11HCE,5,1,4,81.67,,
81398,7701100,2,2,0,141.44,,
81403,7703100,0,0,0,141.44,,
81404,A1120Z-12HAE,0,0,0,87.5,,
81405,A1120Z-14HCE,0,0,0,89.63,,
81406,A1120Z-14HAE,0,0,0,89.63,,
81407,A1120Z-41HAE,0,0,0,89.63,,
81408,A1120Z-41HCE,5,3,2,81.67,,
81409,A1120Z-42HAE,0,0,0,89.63,,
81410,7700100,0,0,0,151.09,,
81411,A1120Z-42HCE,0,0,0,89.63,,
81412,A1120Z-44HAE,0,0,0,89.63,,
81413,A1120Z-44HCE,0,0,0,89.63,,
81414,7702100,0,0,0,151.09,,
81415,7620100,0,0,0,185.37,,
81416,10-24488-03,29,29,0,107.77,,
81417,7621100,0,0,0,185.37,,
81418,77125,1,1,0,6.27,,
81419,10-24504-03,9,3,6,107.77,,
81420,10-24486-03,2,0,2,107.77,,
81421,7713100,8,4,4,173.81,,
81422,75035-00,8,4,4,7.37,,
81423,09-821BT-1,1,1,0,56.0,,
81425,7717100,0,0,0,173.81,,
81426,7622100,3,0,3,194.85,,
81427,09-45587,3,1,2,30.86,,
81428,72303,0,0,0,71.6,,
81429,72303-001,2,2,0,66.99,,
81430,10-24228-1,0,0,0,228.4,,
81431,09-46939,1,1,0,7.52,,
81432,7623100,0,0,0,194.85,,
81433,09-47163-01,3,3,0,16.49,,
81434,01-45680,0,0,0,2.69,,
81435,10-13405-103,2,1,1,79.01,,
81440,23505,0,0,0,23.03,,
81441,23506,0,0,0,29.79,,
81442,23507,0,0,0,17.18,,
81443,23500,0,0,0,11.26,,
81444,28552-24,2,2,0,22.99,,
81445,10-24750-10,0,0,0,243.1,,
81446,09-47426,0,0,0,54.17,,
81448,M183089,2,0,2,32.99,,
81449,03605,2,2,0,5.1,,
81450,22084,0,0,0,106.12,,
81451,03609,0,0,0,5.1,,
81453,03606,0,0,0,6.24,,
81454,03607,0,0,0,7.82,,
81455,03608,0,0,0,10.12,,
81456,54124,3,1,2,48.99,,
81457,80-47420-01,0,0,0,145.36,,
81458,92205,0,0,0,5.01,,
81459,01-42398,0,0,0,27.44,,
81460,82024,0,0,0,27.57,,
81461,40084,3,2,1,156.64,,
81462,09-45825,5,4,1,33.0,,
81463,10-13406-103,0,0,0,148.15,,
81464,10-22020-101,0,0,0,57.28,,
81465,01-46535,0,0,0,16.7,,
81468,RA078410C,5,3,2,2.62,,
81471,1482,0,0,0,248.39,,
81476,GFEL-MG-BU-DP,6,4,2,20.0,,
81477,GFEL-MG-C-DP,3,3,0,20.0,,
81479,GFEL-MK-BK-DP,0,0,0,50.61,,
81480,GFEL-MK-BU-DP,0,0,0,50.61,,
81481,GFEL-MK-C-DP,1,0,1,44.01,,
81482,GFEL-MK-R-DP,0,0,0,44.99,,
81483,GFEL-MKS-BK-DP,2,2,0,44.01,,
81484,GFEL-MKS-BU-DP,3,2,1,44.01,,
81485,GFEL-MKS-C-DP,9,6,3,44.99,,
81487,00726,0,0,0,18.78,,
81488,GFEQ-MG-BK-DP,1,1,0,59.99,,
81489,00728,0,0,0,5.96,,
81490,GFEQ-MG-BU-DP,3,3,0,59.99,,
81491,00733,0,0,0,16.26,,
81492,GFEQ-MG-R-DP,5,4,1,59.99,,
81493,00733BIS,0,0,0,23.85,,
81494,GFES-BLK-DP,17,7,10,5.0,,
81495,GFES-RED-DP,10,6,4,5.0,,
81496,00734,0,0,0,27.93,,
81497,00735,0,0,0,10.57,,
81499,00706-1,0,0,0,29.01,,
81500,PLAC-2,0,0,0,21.31,,
81501,GFGG-MKL-DP,4,4,0,30.27,,
81503,GFGG-MKS-DP,6,3,3,27.97,,
81504,GFH-1G-DP,1,1,0,43.28,,
81505,GFH-1R-DP,6,0,6,45.03,,
81506,GFH-CA1R-DP,0,0,0,52.6,,
81508,QF-1K-DP,4,4,0,19.13,,
81509,QF-2K-DP,14,7,7,19.13,,
81511,P1120Z-11HCE,0,0,0,102.44,,
81513,P1120Z-31HCE,0,0,0,102.44,,
81514,P1120Z-41HCE,0,0,0,102.44,,
81517,P1100Z-11H,0,0,0,128.05,,
81518,P1100Z-11E,0,0,0,128.05,,
81527,P1100Z-41H,0,0,0,128.05,,
81528,P1100Z-41E,0,0,0,128.05,,
81532,P1100Z-31H,0,0,0,128.05,,
81533,P1100Z-31E,0,0,0,128.05,,
81538,A2C59501781,0,0,0,157.4,198.04,
81539,A2C59501782,0,0,0,157.4,198.04,
81540,A2C59501987,0,0,0,157.4,198.04,
81541,A2C59512328,0,0,0,48.05,60.34,
81542,A2C59512330,0,0,0,48.05,60.34,
81543,A2C59512329,2,0,2,48.05,60.34,
81544,A2C59512331,0,0,0,48.05,60.34,
81545,A2C59512332,0,0,0,41.3,51.84,
81546,A2C59512333,0,0,0,41.3,51.84,
81547,A2C59512334,1,1,0,41.3,51.84,
81548,A2C59512335,0,0,0,41.3,51.84,
81561,A2C59512350,0,0,0,114.81,144.49,
81563,A2C59512367,0,0,0,133.12,167.44,
81564,A2C59512369,0,0,0,133.12,167.44,
81565,A2C59512370,0,0,0,133.12,167.44,
81566,A2C59512371,0,0,0,133.12,167.44,
81569,A2C59512390,7,3,4,114.81,144.49,
81570,A2C59512391,9,6,3,114.81,144.49,
81571,A2C59512392,1,1,0,114.81,144.49,
81572,A2C59512393,7,3,4,114.81,144.49,
81573,A2C59512394,0,0,0,114.81,144.49,
81574,A2C59512395,0,0,0,114.81,144.49,
81575,A2C59512396,0,0,0,114.81,144.49,
81576,A2C59512397,2,2,0,114.81,144.49,
81577,A2C59512398,0,0,0,114.81,144.49,
81578,A2C59512399,0,0,0,114.81,144.49,
81579,A2C59512400,0,0,0,114.81,144.49,
81581,A2C59512402,3,2,1,67.53,84.99,
81582,A2C59512403,3,2,1,54.99,84.99,
81583,A2C59512410,2,0,2,67.53,84.99,
81584,A2C59512411,0,0,0,67.53,84.99,
81588,182608-1,3,2,1,43.76,,
81589,182612-1,0,0,0,71.43,,
81596,P1101Z-11AAH,0,0,0,89.63,,
81597,P1101Z-11CAB,0,0,0,89.63,,
81600,P11001Z-41AAH,0,0,0,89.63,,
81601,P1101Z-41CAB,0,0,0,89.63,,
81602,P1101Z-31AAH,0,0,0,89.63,,
81603,P1101Z-31CAB,0,0,0,89.63,,
81604,HN-G1080A,0,0,0,292.94,,
81609,00825,0,0,0,5.85,,
81610,00825AL,0,0,0,4.13,,
81611,00829,0,0,0,9.46,,
81612,00829AL,0,0,0,5.34,,
81613,00833,0,0,0,3.9,,
81614,00833AL,0,0,0,3.35,,
81615,00835,0,0,0,4.91,,
81617,00835AL,0,0,0,5.5,,
81618,00847,0,0,0,11.24,,
81619,301-001-6M,4,2,2,300.87,,376.08
81620,301-002-6M,4,2,2,300.87,,376.08
81622,00847AL,0,0,0,10.66,,
81624,KIT-843AL,0,0,0,108.1,,
81631,A3101Z-11A08N,0,0,0,76.83,,
81633,E1150Z-41AAH,0,0,0,51.22,,
81637,A3101Z-31A08N,0,0,0,76.83,,
81639,A3101Z-11CAB,6,2,4,76.83,,
81641,A3101Z-31CAB,2,2,0,69.23,,
81642,A3101Z-41CAB,0,0,0,76.83,,
81643,20817,1,0,1,43.41,,
81644,20817AL,1,0,1,36.03,,
81645,01040,0,0,0,12.03,,
81646,01050,0,0,0,3.41,,
81647,01053,0,0,0,33.72,,
81648,02480,0,0,0,9.46,,
81649,01080,0,0,0,9.74,,
81650,01081,0,0,0,13.26,,
81651,01082,0,0,0,21.34,,
81652,01146,0,0,0,3.4,,
81653,01146-1,0,0,0,6.69,,
81654,01156,0,0,0,11.6,,
81655,01156AL,0,0,0,6.68,,
81656,01156-1,0,0,0,3.41,,
81657,01156-1AL,0,0,0,3.74,,
81658,21107,0,0,0,29.47,,
81659,21107AL,0,0,0,27.35,,
81660,21107MG,0,0,0,26.9,,
81661,MCBK634B.6,13,6,7,68.13,,
81662,AHJ-10V-B-DP,5,2,3,1488.44,,
81664,AHJ-10V-DP,7,1,6,1378.63,,
81665,AHJ-10VHD-B-DP,2,1,1,1652.75,,
81666,AHJ-10VHD-DP,3,2,1,1571.4,,
81667,AHJ-12V-B-DP,1,1,0,1577.89,,
81668,AHJ-12V-DP,2,1,1,1498.0,,
81669,AHJ-12VHD-B-DP,0,0,0,1738.95,,
81670,AHJ-12VHD-DP,1,0,1,1601.11,,
81671,AHJ-14V-DP,0,0,0,1486.8,,
81673,AHJ-14VHD-DP,2,2,0,1650.31,,
81674,300-039,0,0,0,2220.33,,2775.41
81675,AHJ-4V-B-DP,5,2,3,1381.06,,
81677,01305/1,6,6,0,29.53,,
81678,01305/1AL,0,0,0,24.37,,
81679,01305/1MG,0,0,0,28.31,,
81680,PLAC-1,0,0,0,20.37,,
81681,AHJ-4VHD-B-DP,4,2,2,1428.77,,
81682,AHJ-4VHD-DP,4,2,2,1381.06,,
81683,AHJ-6V-B-DP,4,1,3,1400.05,,
81685,AHJ-6VHD-B-DP,1,0,1,1566.22,,
81686,AHJ-6VHD-DP,3,0,3,1450.77,,
81687,AHJ-8V-B-DP,3,1,2,1436.75,,
81688,AHJ-8V-DP,5,1,4,1358.11,,
81689,AHJ-8VHD-B-DP,2,1,1,1581.37,,
81690,AHJ-8VHD-DP,3,2,1,1537.22,,
81691,KITYANMARSTD,0,0,0,70.99,,
81693,KITYANMARSTDAL,0,0,0,46.34,,
81694,DP36/12,1,0,1,739.27,,
81695,TEC-AB,0,0,0,5.06,,
81696,TEC-AB/AL,0,0,0,5.9,,
81697,TEC-AB/MG,0,0,0,9.78,,
81698,AHJACT-3-DP,8,2,6,596.15,,
81699,TEC-CDE,0,0,0,7.88,,
81700,TEC-CDE/AL,0,0,0,6.75,,
81701,TEC-CDE/MG,0,0,0,12.85,,
81702,TEC-FF1,0,0,0,8.41,,
81703,TEC-FF1/AL,0,0,0,7.15,,
81704,TEC-FF1/MG,0,0,0,13.68,,
81705,TEC-F2F3,0,0,0,10.93,,
81706,TEC-F2F3/AL,0,0,0,9.31,,
81707,TEC-F2F3/MG,0,0,0,17.74,,
81708,TEC-DIVERS-AL,4,4,0,19.99,,
81709,TEC-DIVERS-S,0,0,0,17.94,,
81710,TEC-DIVERS-SAL,0,0,0,12.22,,
81711,TEC-DIVERS-SMG,0,0,0,22.03,,
81712,TEC-40MG,0,0,0,20.65,,
81713,TEC-Z-406MG,0,0,0,42.07,,
81714,AHJRELAYKIT-2-DP,12,0,12,123.76,,
81715,AHJSWITCH-1-DP,12,0,12,19.99,,
81716,FAGK-1-DP,3,1,2,254.88,,
81717,FAGK-1SS-DP,5,2,3,254.88,,
81718,FAGK-2-DP,2,0,2,254.88,,
81719,FAGK-2SS-DP,8,2,6,254.88,,
81720,O2-BK3-DP,4,4,0,136.38,,
81721,PMW-1-DP,7,7,0,17.33,,
81722,GFC-CCSG2-DP,9,6,3,48.12,,
81723,A3100Z-11H,0,0,0,128.05,,
81724,A3100Z-11E,0,0,0,128.05,,
81729,A3100Z-41H,0,0,0,128.05,,
81730,A3100Z-41E,0,0,0,128.05,,
81732,A3100Z-31H,0,0,0,128.05,,
81735,A526-11AAG,3,3,0,115.38,,
81736,A526-11BBD,0,0,0,128.05,,
81737,A526-11CBBR,7,0,7,110.53,,
81738,A526-11AAG-H,0,0,0,128.05,,
81739,A526-11AAG-E,0,0,0,128.05,,
81745,0493DP599L,8,4,4,20.44,,
81747,0493DP799L,1,1,0,22.83,,
81749,0493DP999L,3,3,0,28.98,,
81751,049300699D,5,3,2,73.32,,
81758,70020P-10,1,1,0,149.99,,
81789,GFC-WK-DP,8,6,2,8.99,,
81793,71113C-SG,0,0,0,144.38,,
81794,71114C-SG,0,0,0,145.46,,
81795,71115C-SG,0,0,0,153.21,,
81796,71116C-SG,0,0,0,170.83,,
81828,72318P-10,2,2,0,134.99,,
81830,RFSPLICE-KIT1,0,0,0,129.6,178.46,
81831,RFSPLICE-KIT2,0,0,0,184.57,254.15,
81832,RFSPLICE-KIT3,6,3,3,240.12,330.65,
81855,74200C-SG,0,0,0,147.03,,
81856,74201C-SG,0,0,0,147.73,,
81857,74203C-SG,0,0,0,174.14,,
81869,A526-41AAG,0,0,0,128.05,,
81870,A526-41BBD,0,0,0,128.05,,
81871,A526-41CBBR,4,3,1,128.05,,
81872,A526-41AAG-H,0,0,0,128.05,,
81873,A526-41AAG-E,0,0,0,128.05,,
81874,A526-31AAG,0,0,0,128.05,,
81875,A526-31BBD,0,0,0,128.05,,
81876,A526-31CBBR,0,0,0,128.05,,
81877,A526-31AAG-H,0,0,0,128.05,,
81878,A526-31AAG-E,0,0,0,128.05,,
81930,SS-3-DP,13,7,6,14.59,,
81933,MSS-1-DP,8,4,4,33.0,,
81940,BS-1-42SS-DP,19,13,6,7.81,,
81944,BS-1-54SS-DP,40,18,22,8.81,,
81956,77815C-SG,0,0,0,175.26,,
81957,77816C-SG,0,0,0,182.94,,
81958,77817C-SG,0,0,0,192.86,,
81959,77818C-SG,0,0,0,208.71,,
81996,95120P-10,1,0,1,229.99,,
82002,HF-1CT-DP,12,6,6,160.83,,
82003,HF-1-DP,6,0,6,142.87,,
82004,HF-1T-DP,6,2,4,150.48,,
82005,HFM-1-DP,10,2,8,64.78,,
82006,HFS-1-DP,11,6,5,14.2,,
82008,ZL-10-DP,0,0,0,34.39,,
82012,ZL-15-DP,9,3,6,38.28,,
82013,ZL-20-DP,10,6,4,38.18,,
82028,HW-PKG-H2CAT,0,0,0,368.47,,
82032,HW-PKG-H2KVD,2,0,2,337.41,,
82035,HW-PKG-H2MRCRAP,0,0,0,368.47,,
82037,HW-PKG-H2WALL,0,0,0,368.47,,
82055,HW-ASSY-MINI12VK,4,2,2,24.81,,
82097,A503-11AAG,0,0,0,89.63,,
82098,A503-11BBD,0,0,0,89.63,,
82099,A503-11CBBR,0,0,0,89.63,,
82100,A503-11AAG-H,0,0,0,89.63,,
82101,A503-11AAG-E,0,0,0,89.63,,
82102,A503-12AAG,0,0,0,89.63,,
82103,A503-12BBD,0,0,0,89.63,,
82104,A503-12CBBR,0,0,0,89.63,,
82105,A503-12AAG-H,0,0,0,89.63,,
82106,A503-12AAG-E,0,0,0,89.63,,
82114,61000,2,2,0,20.11,,
82115,61020,4,4,0,11.99,,
82116,61050,3,3,0,21.46,,
82117,60000,1,1,0,20.44,,
82118,60002,0,0,0,31.59,,
82120,60008,4,4,0,36.09,,
82121,VENTII,0,0,0,16.19,,
82123,SNAP,0,0,0,4.54,,
82139,LED-34143-DP,9,3,6,66.76,,
82142,ST-1-DP,7,4,3,108.1,,
82143,TTC-1-DP,5,4,1,40.97,,
82144,FRH-1P-DP,16,12,4,16.44,,
82146,ZRS-1-DP,10,5,5,42.86,,
82151,TWA-1-DP,1,0,1,112.91,,
82152,TWAR-1-DP,6,2,4,32.21,,
82153,LB-TLRLCK-DP,2,2,0,41.95,,
82154,1461,0,0,0,229.3,,
82156,A503-14AAG,0,0,0,89.63,,
82158,A503-14CBBR,0,0,0,89.63,,
82159,A503-14AAG-H,0,0,0,89.63,,
82160,A503-14AAG-E,0,0,0,89.63,,
82161,A506-11AAG,0,0,0,102.44,,
82163,A506-11BBD,0,0,0,102.44,,
82165,A506-11CBBR,0,0,0,102.44,,
82166,A506-11AAG-H,0,0,0,102.44,,
82167,A506-11AAG-E,0,0,0,102.44,,
82168,A506-12AAG,0,0,0,102.44,,
82169,A506-12BBD,0,0,0,102.44,,
82170,A506-12CBBR,0,0,0,102.44,,
82171,A506-12AAG-H,0,0,0,102.44,,
82172,A506-12AAG-E,0,0,0,102.44,,
82173,A506-14AAG,0,0,0,102.44,,
82174,A506-14BBD,0,0,0,102.44,,
82175,A506-14CBBR,0,0,0,102.44,,
82176,A506-14AAG-H,0,0,0,102.44,,
82177,A506-14AAG-E,0,0,0,102.44,,
82208,A503-41AAG,0,0,0,89.63,,
82209,A503-41BBD,4,2,2,89.63,,
82210,A503-41CBBR,0,0,0,89.63,,
82211,A503-41AAG-H,9,5,4,76.56,,
82212,A503-41AAG-E,0,0,0,89.63,,
82213,A503-42AAG,0,0,0,89.63,,
82214,A503-42BBD,0,0,0,89.63,,
82215,A503-42CBBR,0,0,0,89.63,,
82216,A503-42AAG-H,0,0,0,89.63,,
82217,A503-42AAG-E,0,0,0,89.63,,
82218,A503-44AAG,0,0,0,89.63,,
82219,A503-44BBD,0,0,0,89.63,,
82220,A503-44CBBR,1,0,1,77.37,,
82221,A503-44AAG-H,0,0,0,89.63,,
82222,A503-44AAG-E,0,0,0,89.63,,
82223,A506-41AAG,0,0,0,102.44,,
82224,A506-41BBD,0,0,0,102.44,,
82225,A506-41CBBR,0,0,0,102.44,,
82226,A506-41AAG-H,0,0,0,102.44,,
82227,A506-41AAG-E,0,0,0,102.44,,
82228,A506-42AAG,0,0,0,102.44,,
82229,A506-42BBD,0,0,0,102.44,,
82230,A506-42CBBR,0,0,0,102.44,,
82231,A506-42AAG-H,0,0,0,102.44,,
82232,A506-42AAG-E,0,0,0,102.44,,
82233,A506-44AAG,0,0,0,102.44,,
82234,A506-44BBD,0,0,0,102.44,,
82235,A506-44CBBR,0,0,0,102.44,,
82236,A506-44AAG-H,0,0,0,102.44,,
82237,A506-44AAG-E,0,0,0,102.44,,
82238,A503-31AAG,2,0,2,89.63,,
82239,A503-31BBD,0,0,0,89.63,,
82240,A503-31CBBR,1,1,0,77.37,,
82241,A503-31AAG-H,4,0,4,89.63,,
82242,A503-31AAG-E,0,0,0,89.63,,
82243,A503-32AAG,0,0,0,89.63,,
82244,A503-32BBD,0,0,0,89.63,,
82245,A503-32CBBR,0,0,0,89.63,,
82246,A503-32AAG-H,0,0,0,89.63,,
82247,A503-32AAG-E,0,0,0,89.63,,
82248,A503-34AAG,0,0,0,89.63,,
82249,A503-34BBR,0,0,0,89.63,,
82250,A503-34CBBR,0,0,0,89.63,,
82251,A503-34AAG-H,0,0,0,89.63,,
82252,A503-34AAG-E,0,0,0,89.63,,
82253,A506-31AAG,16,0,16,88.42,,
82254,A506-31BBD,0,0,0,102.44,,
82255,A506-31CBBR,0,0,0,102.44,,
82256,A506-31AAG-H,0,0,0,102.44,,
82257,A506-31AAG-E,0,0,0,102.44,,
82258,A506-32AAG,0,0,0,102.44,,
82259,A506-32BBD,0,0,0,102.44,,
82260,A506-32CBBR,0,0,0,102.44,,
82261,A506-32AAG-H,0,0,0,102.44,,
82262,A506-32AAG-E,0,0,0,102.44,,
82263,A506-34AAG,0,0,0,102.44,,
82264,A506-34BBD,0,0,0,102.44,,
82265,A506-34CBBR,0,0,0,102.44,,
82266,A506-34AAG-H,0,0,0,102.44,,
82267,A506-34AAG-E,0,0,0,102.44,,
82268,A1110Z-11AAH,0,0,0,87.07,,
82272,A1110Z-14AAH,0,0,0,87.07,,
82288,A1110Z-41AAH,0,0,0,87.07,,
82293,A1110Z-45AAH,0,0,0,87.07,,
82294,A1110Z-45CAB,0,0,0,87.07,,
82295,A1110Z-46AAH,0,0,0,87.07,,
82296,A1110Z-46CAB,0,0,0,87.07,,
82297,A1110Z-31AAH,0,0,0,87.07,,
82298,A1110Z-31CAB,6,0,6,74.38,,
82301,A1110Z-34AAH,0,0,0,87.07,,
82302,A1110Z-34CAB,0,0,0,87.07,,
82303,A1110Z-35AAH,0,0,0,87.07,,
82304,A1110Z-35CAB,0,0,0,87.07,,
82305,A1110Z-36AAH,0,0,0,87.07,,
82306,A1110Z-36CAB,0,0,0,87.07,,
82355,101609,6,4,2,140.78,,
82357,101621,15,3,12,83.95,,
82358,101450,5,3,2,1132.97,,
82359,101451,6,1,5,1290.91,,
82360,101605,0,0,0,93.55,,
82361,101606,0,0,0,92.71,,
82362,101611,0,0,0,157.88,,
82363,101627,14,2,12,120.36,,
82364,101628,0,0,0,128.47,,
82365,101629,6,0,6,107.38,,
82367,101630,0,0,0,114.6,,
82368,101631,12,7,5,120.36,,
82369,101632,0,0,0,130.2,,
82370,101633,0,0,0,107.38,,
82371,101634,10,4,6,116.15,,
82372,01-91-065,1,1,0,17.22,,
82374,101636,0,0,0,362.03,,
82375,101637,0,0,0,491.25,,
82376,101640,11,6,5,166.43,,
82377,101641,6,4,2,250.24,,
82378,101642,7,3,4,317.93,,
82379,101643,6,2,4,370.86,,
82405,58029-1000,5,3,2,204.95,,
82419,C15043,2,2,0,146.15,216.0,
82420,BAM010702200R,8,3,5,111.62,,137.7
82441,379700029,0,0,0,27.77,,
82443,379711001,2,2,0,9.99,,
82480,N02-240-902,2,0,2,193.25,257.39,
82481,A2C59514180,1,1,0,22.99,51.84,
82489,A2C59514154,5,4,1,41.3,51.84,
82495,A2C59514091,1,0,1,41.3,51.84,
82497,A2C39308500,0,0,0,41.3,47.69,
82498,A2C39310500,0,0,0,27.27,31.49,
82499,A2C3931060001,0,0,0,17.92,20.69,
82500,A2C3931100001,1,0,1,17.92,20.69,
82501,A2C3931250001,0,0,0,27.27,31.49,
82502,A2C3931270002,0,0,0,33.51,38.69,
82504,A2C59501950,3,0,3,86.49,99.89,
82505,A2C9624370001,0,0,0,30.39,35.09,
82506,A2C9624380001,0,0,0,40.52,46.79,
82507,A2C9624400001,0,0,0,47.53,54.89,
82508,A2C9624420001,0,0,0,58.44,67.49,
82509,A2C99794200,0,0,0,45.19,52.19,
82511,A2C38805500,0,0,0,27.27,31.49,
82512,A2C38805700,1,0,1,17.99,55.79,
82513,A2C96244600,0,0,0,35.84,41.39,
82514,A2C96245000,1,0,1,21.99,62.99,
82515,A2C96245100,2,2,0,29.99,80.09,
82516,A2C39488200,0,0,0,45.19,52.19,
82517,A2C96244900,3,2,1,22.99,50.39,
82529,A2C59501979,0,0,0,555.58,641.69,
82540,A2C59501931,1,0,1,17.99,,
82568,A2C59501937,4,4,0,19.99,,
82605,PIN245020000,0,0,0,1350.44,,1666.0
82608,PIN123020100,4,3,1,935.66,,1154.3
82616,A2C59501997,0,0,0,838.83,1019.69,
82617,A2C59501983,0,0,0,556.75,676.79,
82618,A2C5323888101,0,0,0,7.53,8.63,
82619,A2C59500139,0,0,0,13.25,15.29,
82623,PIN123750500,12,6,6,95.77,,118.15
82624,PIN125010500,10,7,3,119.89,,147.9
82625,A2C99791100,0,0,0,51.43,59.39,
82626,PIN121800500,9,5,4,204.63,,252.45
82628,A2C3997620001,1,0,1,99.99,,
82629,A2C59501982,1,1,0,149.99,246.59,
82630,PIN243020100,7,3,4,935.66,,1154.3
82631,PIN241800500,7,3,4,166.05,,204.85
82632,A2C1845710001,0,0,0,55.32,63.89,
82637,PMP122301102,16,0,16,947.37,,1168.75
82638,QUA125021100,5,2,3,2419.08,,2984.35
82639,PMP243021102,25,12,13,947.37,,1168.75
82640,PMP242301102,5,3,2,960.47,,1184.9
82641,QUA245023110,13,4,9,2022.21,,2494.75
82642,QUA485021100,1,0,1,1448.28,,1786.7
82643,QUA483100100,6,3,3,2224.09,,2743.8
82644,BPC120731104R,22,20,2,87.77,,111.35
82645,BPC121031104R,16,13,3,103.85,,131.75
82646,BPC121531104R,15,4,11,119.93,,152.15
82647,BPC240831104R,38,20,18,119.93,,152.15
82650,BPC120715106,0,0,0,74.37,,94.35
82653,A2C1313150001,0,0,0,99.74,115.19,
82654,A2C17563000,0,0,0,23.38,26.99,
82655,A2C1766930001,0,0,0,109.87,126.89,
82656,A2C1821960001,1,1,0,49.99,115.19,
82658,A2C3986520001,1,1,0,17.99,,
82659,A2C59514043,0,0,0,40.52,53.99,
82660,A2C59514047,0,0,0,40.52,53.99,
82661,A2C5321223801,0,0,0,5.84,6.28,
82663,A2C1650700001,0,0,0,14.81,17.09,
82664,A2C1992110001,0,0,0,17.92,20.69,
82671,A2C1720030001,0,0,0,25.45,42.29,
82672,A2C1720100001,0,0,0,45.97,76.49,
82673,A2C1742410001,0,0,0,25.97,43.19,
82674,A2C1742980001,0,0,0,26.49,44.09,
82675,A2C1744170001,0,0,0,26.49,44.09,
82676,A2C1744180001,0,0,0,26.49,44.09,
82677,A2C1744190001,1,1,0,12.99,44.99,
82678,A2C1744200001,0,0,0,27.66,45.89,
82679,A2C1744210001,0,0,0,28.18,46.79,
82680,A2C1744220001,0,0,0,28.7,47.69,
82681,A2C1744230001,0,0,0,28.7,47.69,
82682,A2C1744240001,0,0,0,29.22,48.59,
82683,A2C1744250001,0,0,0,29.74,49.49,
82684,A2C1744260001,0,0,0,30.91,51.29,
82685,A2C1744270001,0,0,0,30.91,51.29,
82686,A2C1744280001,0,0,0,31.43,52.19,
82687,A2C1744290001,2,2,0,14.99,53.09,
82688,010-12505-00,1,1,0,18.74,,
82689,A2C1744300001,0,0,0,32.47,53.99,
82690,A2C1744310001,0,0,0,32.47,53.99,
82693,A2C1744320001,0,0,0,33.51,55.79,
82694,A2C1744350001,0,0,0,34.16,56.69,
82695,A2C1744360001,0,0,0,34.68,57.59,
82696,A2C1744370001,0,0,0,34.68,57.59,
82697,A2C1744380001,0,0,0,35.19,58.49,
82698,A2C1744390001,0,0,0,35.71,59.39,
82699,A2C1744400001,0,0,0,36.75,61.19,
82700,A2C1744410001,0,0,0,37.27,62.09,
82701,A2C1744420001,0,0,0,37.92,62.99,
82702,A2C1744430001,0,0,0,37.92,62.99,
82703,A2C1744440001,0,0,0,38.44,63.89,
82704,A2C1744450001,0,0,0,38.96,64.79,
82705,A2C1744460001,0,0,0,38.96,64.79,
82706,A2C1744470001,0,0,0,39.48,65.69,
82707,A2C1744480001,0,0,0,40.0,66.59,
82708,A2C1745780001,0,0,0,40.0,66.59,
82709,A2C1745790001,0,0,0,41.17,68.39,
82710,A2C1745800001,2,2,0,41.69,69.29,
82711,A2C1745810001,0,0,0,43.77,72.89,
82712,A2C1745820001,0,0,0,49.74,82.79,
82713,A2C1745830001,0,0,0,51.95,86.39,
82714,A2C1745840001,0,0,0,55.19,91.79,
82715,A2C1745880001,0,0,0,57.92,96.29,
82716,A2C1745890001,0,0,0,61.17,101.69,
82717,A2C1745900001,0,0,0,63.77,106.19,
82718,A2C1745910001,0,0,0,67.01,111.59,
82719,A2C1745920001,0,0,0,69.74,116.09,
82720,A2C1745960001,0,0,0,82.21,136.79,
82721,A2C1745950001,0,0,0,78.96,131.39,
82722,A2C1745940001,0,0,0,76.23,126.89,
82723,A2C1745930001,0,0,0,73.51,122.39,
82724,A2C1746020001,0,0,0,25.45,42.29,
82725,A2C1746030001,2,2,0,12.99,43.19,
82726,A2C1746040001,0,0,0,26.49,44.09,
82727,A2C1746060001,0,0,0,26.49,44.09,
82728,A2C1746100001,0,0,0,26.49,44.09,
82729,A2C1746120001,0,0,0,27.01,44.99,
82730,A2C1746130001,0,0,0,27.66,45.89,
82731,A2C1746140001,0,0,0,28.18,46.79,
82732,A2C1746150001,0,0,0,28.7,47.69,
82733,A2C1746170001,0,0,0,28.7,47.69,
82734,A2C1746190001,0,0,0,29.22,48.59,
82735,A2C1746220001,0,0,0,29.74,49.49,
82736,A2C1746300001,0,0,0,30.91,51.29,
82737,A2C1746390001,0,0,0,30.91,51.29,
82738,A2C1746420001,0,0,0,31.43,52.19,
82739,A2C1746450001,0,0,0,31.95,53.09,
82740,A2C1746990001,0,0,0,32.47,53.99,
82741,A2C1747000001,0,0,0,32.47,53.99,
82742,A2C1747020001,0,0,0,33.51,55.79,
82743,A2C1747030001,0,0,0,34.16,56.69,
82744,A2C1747050001,0,0,0,34.68,57.59,
82745,A2C1747060001,0,0,0,34.68,57.59,
82746,A2C1747080001,0,0,0,35.19,58.49,
82747,A2C1747090001,0,0,0,35.71,59.39,
82748,A2C1747130001,0,0,0,36.75,61.19,
82749,A2C1747140001,0,0,0,37.27,62.09,
82750,A2C1747150001,0,0,0,37.92,62.99,
82751,A2C1747160001,0,0,0,37.92,62.99,
82752,A2C1747170001,0,0,0,38.44,63.89,
82753,A2C1747190001,0,0,0,38.96,64.79,
82754,A2C1747200001,0,0,0,38.96,64.79,
82755,A2C1747210001,0,0,0,39.48,65.69,
82756,A2C1747220001,0,0,0,40.0,66.59,
82757,A2C1747230001,0,0,0,40.0,66.59,
82758,A2C1747240001,0,0,0,41.17,68.39,
82759,A2C1747250001,0,0,0,41.69,69.29,
82760,A2C1747260001,0,0,0,43.77,72.89,
82761,A2C1747270001,0,0,0,45.97,76.49,
82762,A2C1747280001,0,0,0,49.74,82.79,
82763,A2C1747290001,0,0,0,51.95,86.39,
82764,A2C1747300001,0,0,0,55.19,91.79,
82765,A2C1747340001,0,0,0,57.92,96.29,
82766,A2C1747350001,0,0,0,61.17,101.69,
82767,A2C1747360001,0,0,0,63.77,106.19,
82768,A2C1747370001,0,0,0,67.01,111.59,
82769,A2C1747380001,0,0,0,69.74,116.09,
82770,A2C1747390001,0,0,0,73.51,122.39,
82771,A2C1747410001,0,0,0,76.23,126.89,
82772,A2C1747420001,0,0,0,78.96,131.39,
82773,A2C1747430001,0,0,0,82.21,136.79,
82774,A2C1749300001,0,0,0,25.45,42.29,
82775,A2C1749310001,0,0,0,25.97,43.19,
82776,A2C1749370001,0,0,0,26.49,44.09,
82777,A2C1749950001,0,0,0,26.49,44.09,
82778,A2C1750030001,0,0,0,26.49,44.09,
82779,A2C1750040001,0,0,0,27.01,44.99,
82781,A2C1750100001,0,0,0,27.66,45.89,
82782,A2C1750120001,0,0,0,28.18,46.79,
82783,A2C1750130001,0,0,0,28.7,47.69,
82784,A2C1750170001,0,0,0,28.7,47.69,
82786,A2C1750190001,0,0,0,29.22,48.59,
82787,A2C1750200001,0,0,0,29.74,49.49,
82788,A2C1750210001,0,0,0,30.91,51.29,
82789,A2C1750220001,0,0,0,30.91,51.29,
82790,A2C1750230001,0,0,0,31.43,52.19,
82791,A2C1750240001,0,0,0,31.95,53.09,
82792,A2C1750250001,0,0,0,32.47,53.99,
82793,A2C1750260001,0,0,0,32.47,53.99,
82795,A2C1750270001,0,0,0,33.51,55.79,
82796,A2C1750280001,0,0,0,34.16,56.69,
82797,A2C1750290001,0,0,0,34.68,57.59,
82798,A2C1750300001,0,0,0,34.68,57.59,
82799,A2C1750310001,0,0,0,35.19,58.49,
82800,A2C1750320001,0,0,0,35.71,59.39,
82801,A2C1750330001,0,0,0,36.75,61.19,
82802,A2C1750340001,0,0,0,37.27,62.09,
82803,A2C1750350001,0,0,0,37.92,62.99,
82804,A2C1750360001,0,0,0,37.92,62.99,
82805,A2C1750380001,0,0,0,38.44,63.89,
82806,A2C1750390001,0,0,0,38.96,64.79,
82807,A2C1750420001,0,0,0,38.96,64.79,
82808,A2C1750440001,0,0,0,39.48,65.69,
82809,A2C1750460001,0,0,0,40.0,66.59,
82810,A2C1750470001,0,0,0,40.0,66.59,
82811,A2C1750490001,0,0,0,41.17,68.39,
82812,A2C1750500001,0,0,0,41.69,69.29,
82813,A2C1750530001,0,0,0,43.77,72.89,
82814,A2C1750570001,0,0,0,45.97,76.49,
82815,A2C1750620001,0,0,0,49.74,82.79,
82816,A2C1750650001,0,0,0,51.95,86.39,
82817,A2C1750730001,0,0,0,55.19,91.79,
82818,A2C1750740001,0,0,0,57.92,96.29,
82819,A2C1750750001,0,0,0,61.17,101.69,
82820,A2C1750760001,0,0,0,63.77,106.19,
82821,A2C1750770001,0,0,0,67.01,111.59,
82822,A2C1750790001,0,0,0,69.74,116.09,
82823,A2C1750810001,0,0,0,73.51,122.39,
82824,A2C1750840001,0,0,0,76.23,126.89,
82825,A2C1750850001,0,0,0,78.96,131.39,
82826,BPC121715106,9,6,3,108.54,,137.7
82828,A2C1750860001,0,0,0,82.21,136.79,
82830,CCH012040000,4,2,2,382.39,,471.75
82831,CCH012060000,2,2,0,412.71,,509.15
82832,CCH012080000,4,3,1,685.55,,845.75
82833,CCH012100000,5,4,1,837.13,,1032.75
82834,CCH024030000,5,1,4,481.61,,594.15
82835,CCH024040000,5,2,3,629.06,,776.05
82836,CCH024060000,7,3,4,719.32,,887.4
82837,SM-SAT-OFFS,6,1,5,194.99,,259.99
82841,LYN040102100,15,6,9,288.0,,355.3
82842,LYN020102000,12,4,8,114.37,,141.1
82843,LYN060102000,11,9,2,163.29,,201.45
82861,ORI241221226,18,8,10,184.65,,227.8
82866,ORI121210110R,8,4,4,51.67,,63.75
82868,ORI121222110,10,4,6,92.33,,113.9
82870,ORI121240110,6,6,0,163.29,,201.45
82871,N03 141,0,0,0,63.97,,
82876,ORI241224110,11,6,5,92.33,,113.9
82877,ORI241240110,8,6,2,163.29,,201.45
82878,ORI481240110,3,3,0,163.29,,201.45
82879,N04 150,0,0,0,33.54,43.47,
82881,N05 140,0,0,0,89.97,,
82883,N05 420,1,0,1,35.12,,
82884,N05 631,2,0,2,94.15,,
82887,N05 430,2,0,2,40.43,,
82888,N05 641,1,0,1,119.46,,
82889,ARG160201020,19,2,17,73.03,,90.1
82890,ARG100201020,22,20,2,81.3,,100.3
82891,ARG200201020R,15,6,9,97.15,,119.85
82894,01-0290-03SL,0,0,0,1440.83,,
82895,LLB-57WW-01-00,0,0,0,17.76,,
82896,LLB-571B-01-00,0,0,0,17.76,,
82897,LLB-46WW-0A-SS,0,0,0,55.98,,
82898,LLB-46WR-0A-SS,2,0,2,62.01,,
82899,LLB-46WB-0A-SS,0,0,0,62.01,,
82900,LLB-46WW-0A-BN,0,0,0,55.98,,
82901,LLB-46WR-0A-BN,0,0,0,62.01,,
82902,385310635,0,0,0,32.99,,
82903,BCD000802000,0,0,0,36.52,,45.05
82904,LLB-46WB-0A-BN,0,0,0,62.01,,
82905,BPR000065400,33,19,14,29.63,,36.55
82906,LLB-46WW-0A-WH,0,0,0,55.98,,
82907,BPR000100400,6,4,2,43.41,,53.55
82908,LLB-46WR-0A-WH,0,0,0,62.01,,
82909,LLB-46WB-0A-WH,0,0,0,62.01,,
82910,LLB-46RG-3A-SS,4,2,2,60.37,,
82911,LLB-46RG-3A-BN,0,0,0,60.37,,
82912,LLB-46RG-3A-WH,0,0,0,60.37,,
82913,LLB-33VW-81-OT,0,0,0,41.71,,
82915,BPR000220400,27,20,7,70.97,,87.55
82916,LLB-45WG-01-00,0,0,0,80.49,,
82917,BPR065022000,22,18,4,43.41,,53.55
82918,BPR110022000,6,1,5,57.19,,70.55
82919,BPR122022000,22,2,20,85.44,,105.4
82920,BAM030712000R,2,2,0,128.84,,158.95
82921,BAM010702000R,13,10,3,111.62,,137.7
82922,ASS000100000,1,1,0,25.49,,31.45
82923,77010600,4,0,4,116.06,,
82925,BPP010300100R,13,7,6,351.39,,433.5
82926,BPP900400100,18,11,7,156.06,,245.65
82928,BPP900100200,4,3,1,17.91,,22.1
82929,ASS030536011,4,0,4,32.38,,39.95
82930,ASS030537010,4,2,2,75.79,,93.5
82932,SBS050150200,4,1,3,31.69,,39.1
82933,REC020005010,6,3,3,107.48,,132.6
82934,DMC000200010R,7,1,6,95.08,,117.3
82935,REC030001210,6,4,2,70.97,,87.55
82936,ASS030064900,9,2,7,6.2,,7.65
82937,ASS030064920,49,23,26,6.2,,7.65
82938,ASS030064980,37,21,16,10.33,,12.75
82939,ASS030065000,6,5,1,13.09,,16.15
82940,ASS030065010,10,9,1,15.16,,18.7
82941,ASS030065030,7,3,4,25.49,,31.45
82942,ASS030065050,15,3,12,29.63,,36.55
82943,ASS030065510,2,2,0,15.16,,18.7
82944,ASS030531203,8,3,5,11.02,,13.6
82945,ASS030531209,6,2,4,11.02,,13.6
82946,ASS030531230,18,8,10,12.4,,15.3
82947,ASS030531250,14,5,9,13.78,,17.0
82948,ASS030531320,20,13,7,16.54,,20.4
82949,ASS030530010,0,0,0,22.74,,28.05
82950,ASS030140000,5,3,2,55.81,,68.85
82951,ASS030520200,24,16,8,57.19,,70.55
82953,SCC010010000,1,0,1,14.4,,20.4
82954,SCC010020020,4,3,1,22.05,,27.2
82956,304206050YW-1,7,5,2,6.42,,
82957,304210100YW-1,0,0,0,22.45,,
82958,304206100YW-1,10,10,0,11.5,,
82959,304210075YW-1,0,0,0,16.71,,
82960,563310-1,3,2,1,18.5,,
82961,565050-1,0,0,0,17.31,,
82962,563151-1,8,2,6,12.52,,
82963,563320-1,0,0,0,21.53,,
82964,322270-1,9,2,7,33.41,,
82965,322271-1,10,5,5,29.48,,
82966,SCC010030020,3,0,3,31.0,,38.25
82967,400058-1,0,0,0,40.2,,
82968,400059-1,2,0,2,48.67,,
82969,SCC010010050R,10,10,0,36.52,,45.05
82970,SCC010015050R,8,7,1,40.65,,50.15
82971,SCC010015200R,12,4,8,49.61,,61.2
82972,SCC075010060R,15,8,7,50.3,,62.05
82973,SCC075015060R,10,10,0,54.43,,67.15
82974,SCC110015060R,5,3,2,63.39,,78.2
82976,SCC110030210,4,4,0,104.04,,128.35
82977,SCC110050210,0,0,0,149.51,,184.45
82978,404230-3,5,0,5,29.33,,
82979,404232-3,7,6,1,29.33,,
82981,404330-3,3,3,0,31.58,,
82983,404332-3,10,5,5,31.58,,
82985,401755-1,1,1,0,35.33,,
82988,401757-1,9,6,3,31.97,,
82990,CIP100200100,3,0,3,28.94,,35.7
82991,CIP100400070,6,4,2,36.52,,45.05
82992,CIP136200010,3,3,0,12.4,,15.3
82993,CIP136250010,8,4,4,12.4,,15.3
82995,CIP136400010,3,3,0,18.6,,22.95
82996,327194-1,4,4,0,8.52,,
82997,ITR040202041,6,3,3,322.45,,397.8
82998,ITR000100101,9,2,7,412.71,,509.15
83002,432599-1,4,3,1,45.49,,
83003,432598-1,1,1,0,51.31,,
83006,404546-1,3,1,2,112.02,,
83008,BPC121315106,13,6,7,98.49,,124.95
83009,CIP000100001,7,7,0,9.65,,11.9
83010,CIP136300010,5,4,1,12.4,,15.3
83012,401686-1,0,0,0,42.64,,
83013,400112-1,1,1,0,20.74,,
83014,400005-1,3,3,0,17.9,,
83028,A2C5318602201,0,0,0,5.84,6.28,
83029,A2C5318602301,0,0,0,11.69,12.74,
83030,A2C5318604001,0,0,0,5.84,6.28,
83031,A2C5318602401,0,0,0,5.84,6.28,
83032,A2C5318602501,4,4,0,3.99,6.28,
83033,A2C5318602601,0,0,0,11.69,12.74,
83034,A2C5318602701,0,0,0,5.84,6.28,
83035,A2C5318602801,0,0,0,5.84,6.28,
83036,A2C5318602901,0,0,0,11.69,12.74,
83037,A2C5319291001,0,0,0,12.47,13.59,
83038,A2C5319291101,0,0,0,6.62,7.22,
83039,A2C5319291201,0,0,0,6.62,7.22,
83040,A2C5319291301,0,0,0,6.62,7.22,
83041,A2C5319291601,2,2,0,3.99,7.22,
83042,A2C5319291401,0,0,0,12.47,13.59,
83043,A2C5319291701,0,0,0,6.62,7.22,
83044,A2C5319292001,0,0,0,6.62,7.22,
83045,A2C5319291801,0,0,0,12.47,13.59,
83046,A2C5321074501,0,0,0,8.31,9.0,
83048,A2C5321074701,0,0,0,14.81,16.14,
83051,A2C5321076101,0,0,0,14.81,16.14,
83052,A2C5321076301,0,0,0,8.31,9.0,
83054,A2C5321076501,0,0,0,14.81,16.14,
83055,A2C59514123,0,0,0,41.3,51.84,
83057,N02-240-402,6,2,4,120.91,161.09,
83058,N02-240-404,1,1,0,217.53,289.79,
83059,N02-240-406,0,0,0,297.14,395.99,
83060,N02-240-802,1,0,1,120.91,161.09,
83061,N02-240-904,0,0,0,289.09,385.19,
83062,N02-240-906,0,0,0,369.48,492.29,
83063,N03-320-264,1,0,1,160.78,214.19,
83064,N03-320-266,0,0,0,20.26,26.99,
83065,A2C3935310001,1,0,1,779.99,1069.19,
83066,A2C5312164501,0,0,0,8.31,9.53,
83067,A2C59510854,4,2,2,22.99,63.89,
83068,A2C59510864,0,0,0,8.31,9.53,
83070,A2C99793900,0,0,0,27.27,31.49,
83071,N05-016-930,0,0,0,44.16,44.99,
83072,N05-001-370,4,2,2,9.99,27.89,
83073,N05-008-750,0,0,0,31.17,35.99,
83074,226-828-001-001K,3,2,1,289.09,385.19,
83075,A2C59514079,0,0,0,41.3,51.84,
83076,A2C59514182,0,0,0,41.3,51.84,
83079,A2C59514128,18,9,9,41.3,51.84,
83081,A2C59514136,0,0,0,41.3,51.84,
83082,A2C59514137,0,0,0,44.68,56.09,
83083,A2C59514139,0,0,0,41.3,51.84,
83084,A2C59514141,4,4,0,41.3,51.84,
83086,A2C59514145,14,8,6,41.3,51.84,
83087,A2C59514149,2,2,0,41.3,51.84,
83088,A2C59514152,0,0,0,41.3,51.84,
83089,A2C59514088,0,0,0,41.3,51.84,
83090,A2C59514085,0,0,0,41.3,51.84,
83091,A2C59514082,3,3,0,41.3,51.84,
83092,A2C59514083,0,0,0,41.3,51.84,
83094,A2C59514094,9,5,4,41.3,51.84,
83096,A2C59514096,5,3,2,41.3,51.84,
83097,A2C59514097,0,0,0,41.3,51.84,
83100,A2C59514099,0,0,0,41.3,51.84,
83101,404520-1,2,1,1,56.5,,
83102,ZDIGIAISTX,4,2,2,559.96,,
83103,ZDIGIAISTXPL,4,2,2,629.96,,
83105,327175-1,4,2,2,56.2,,
83107,328025-1,7,5,2,22.68,,
83132,GS-390-180,1,1,0,2499.99,,
83134,S32-1031-0100,0,0,0,599.25,,
83136,CS2596701,3,0,3,21.41,,
83137,CS2596702,4,2,2,21.41,,
83138,RA6203900,2,2,0,6.49,,
83141,226-801-015-001G,0,0,0,50.65,67.49,
83142,323-801-004-002N,8,0,8,32.99,,
83153,357204031,3,0,3,36.71,,
83154,357204041,2,0,2,36.71,,
83155,357203001,5,2,3,26.58,,
83156,357203051,6,3,3,30.38,,
83157,357208001,0,0,0,89.87,,
83158,357208011,0,0,0,91.14,,
83159,ARG-756,0,0,0,4.67,,
83168,23903-18423,2,0,2,23.21,31.99,
83169,23903-80016,1,0,1,23.21,31.99,
83171,23903-80022,2,0,2,23.21,31.99,
83173,23903-18373,3,0,3,23.21,31.99,
83174,23903-21526,3,0,3,23.21,31.99,
83176,23903-80023,4,0,4,23.21,31.99,
83177,23902-80093,0,0,0,28.29,38.99,
83178,23902-80066,0,0,0,28.29,38.99,
83179,22135-80129,9,0,9,21.76,29.99,
83180,22135-80038,7,0,7,21.76,29.99,
83181,22135-80050,2,0,2,21.76,29.99,
83183,37926-80324,0,0,0,142.24,195.99,
83184,37926-80375,0,0,0,142.24,195.99,
83185,37925-80324,0,0,0,118.29,162.99,
83186,37925-80375,1,0,1,118.29,162.99,
83190,SM-ACC-ALRM,10,3,7,44.78,,55.11
83191,556TID-HDN,0,0,0,1111.11,,
83194,RST1619,0,0,0,65.63,,
83195,TDL1619,1,0,1,65.63,,
83196,SNR1619,0,0,0,65.63,,
83197,SST1619,0,0,0,65.63,,
83198,F16-0274,27,8,19,17.36,,
83199,FSAL1512D008A00,0,0,0,2758.8,,
83204,TM185C-M-8G,0,0,0,928.87,1279.0,
83206,70-XT-170,2,0,2,187.23,230.0,
83207,XT-DF-170-K6-IG,0,0,0,876.62,1073.0,
83209,XT-VT-170-K6-IG,0,0,0,876.62,1073.0,
83210,XT-SF-170-IR-IG,1,0,1,446.03,622.0,
83212,SG2-0402,2,0,2,11.71,13.99,
83213,UAA2,0,0,0,42.94,52.99,
83214,60-120-K6,1,0,1,625.99,766.0,
83216,621-120-K6,2,0,2,625.99,766.0,
83219,CFII-12/24,0,0,0,181.16,222.0,
83225,ES-8015-01,0,0,0,475.0,,
83227,72-0563,1,1,0,109.99,,
83230,TM275C-LHW-MM,1,0,1,1498.98,2064.0,
83241,44310755,8,2,6,1020.0,,1275.0
83242,R70621,0,0,0,68.17,,
83247,941900020,6,0,6,1649.99,,
83248,941900040,4,4,0,1679.99,,
83249,941900030,1,1,0,1499.99,,
83256,E70537,3,1,2,468.74,,
83257,8M4004173,6,0,6,29.99,,
83258,10-13409-01,0,0,0,551.36,,
83277,LQ 04502,35,20,15,3.69,4.95,
83283,H1170B,6,3,3,27.81,,
83289,77060050,0,0,0,11.97,,
83290,77060100,0,0,0,12.71,,
83291,77060200,11,8,3,13.92,,
83292,77060500,0,0,0,18.37,,
83293,44311005,3,1,2,1322.4,,1653.0
83294,44320405,3,3,0,778.4,,973.0
83295,77020115,10,6,4,275.5,,
83300,PLABG371,6,3,3,124.6,,
83301,PLABG350,0,0,0,58.83,,
83302,PLABG360,1,1,0,83.06,,
83303,PLABG370,3,1,2,103.83,,
83304,PLABG100,0,0,0,17.29,,
83305,PLABG110,0,0,0,24.22,,
83308,FRBO1440,0,0,0,9.51,,
83333,B175C-0-L-MM,0,0,0,1135.85,1564.0,
83334,MMC-8G-L,0,0,0,104.18,135.0,
83336,BAM010700000R,11,10,1,89.57,,110.5
83337,SAS-600,1,0,1,1249.99,,
83338,KRD-10,0,0,0,489.3,,
83341,BPA000100010R,6,2,4,46.85,,57.8
83349,H25-0016,4,0,4,317.19,,
83353,010-12797-00,8,8,0,26.24,,
83356,BPP900455050,12,12,0,178.45,,220.15
83357,18920-9043,4,4,0,104.46,,
83358,BAM030712200,6,2,4,128.84,,158.95
83359,18916-0040,20,4,16,23.6,,
83360,58100-2000,4,2,2,164.05,,
83362,G200416,6,6,0,19.29,,
83363,G200416CASE,1,1,0,106.85,,
83364,G200526,0,0,0,15.72,,
83365,G200526CASE,0,0,0,87.08,,
83367,M6701,8,0,8,52.15,,
83368,M6701CASE,2,0,2,203.11,,
83370,MMC-11R-HM,2,1,1,104.18,135.0,
83376,88331,0,0,0,812.5,1299.99,
83377,VECTOR200-0,2,1,1,1469.3,,
83378,VECTOR200-2,3,2,1,1119.3,,
83384,HE-EYHK,0,0,0,31.72,61.99,
83385,HE-DLWH1,0,0,0,28.37,51.99,
83386,HE-DTPIGTAIL,0,0,0,30.74,52.99,
83387,HE-DTPLUG,0,0,0,34.65,59.99,
83388,NCTP100,20,0,20,208.27,249.99,
83389,NCTP1002,4,0,4,82.33,97.99,
83390,G190526-X2000KIT,3,0,3,22.99,,
83393,706-62,3,0,3,170.32,,
83394,A2K-SBN-2,0,0,0,127.41,,
83401,HE-WRRK,0,0,0,61.16,,
83405,LQ 04502CASE,0,0,0,88.59,118.95,
83406,90100,7,6,1,7.67,,
83407,300-037B,0,0,0,1356.87,,1696.08
83431,S72-0436,0,0,0,991.06,,
83436,S72-0638,0,0,0,292.5,,
83437,S72-0629,0,0,0,667.88,,
83438,E-DC-30,3,2,1,22.25,,
83445,A80451,0,0,0,1120.82,,
83446,S72-0695,0,0,0,390.74,,
83453,PKMGKT,7,7,0,26.19,38.7,
83499,RF25109HL,5,2,3,41.12,69.91,
83500,010-12548-00,0,0,0,11.24,,
83503,S2-0313,0,0,0,284.78,,
83504,S2-2638,0,0,0,71.48,,
83505,S2-0314,0,0,0,284.78,,
83506,S2-3641,0,0,0,71.48,,
83507,S2-0334,0,0,0,284.78,,
83508,S2-00315,0,0,0,284.78,,
83509,S2-0633,0,0,0,470.4,,
83510,S2-6661,0,0,0,133.74,,
83511,S2-6544,0,0,0,340.12,,
83512,S2-6663,0,0,0,76.09,,
83513,S2-9628,0,0,0,14.7,,
83514,S2-9632,0,0,0,14.7,,
83529,610568,38,29,9,8.49,,
83530,610566,0,0,0,8.49,,
83535,610586,0,0,0,10.39,,
83536,610587,40,17,23,10.39,,
83562,B285C-M-MM,0,0,0,917.98,1264.0,
83567,22010,4,2,2,127.86,,
83568,22009,6,3,3,90.68,,
83570,22024,7,6,1,48.7,,
83571,22017,4,4,0,49.44,,
83572,22022,7,6,1,44.54,,
83573,22021,3,0,3,45.96,,
83577,T-04MSB,0,0,0,363.64,,
83579,IBI3-40-200,2,0,2,277.98,,
83580,88411,5,2,3,50.26,80.99,
83581,88152-8,0,0,0,4.06,,
83582,88152-9,0,0,0,4.06,,
83586,0424DP0CHR,19,9,10,24.18,,
83587,MD32T,2,1,1,2446.27,,
83589,CCH012030000,3,2,1,311.43,,384.2
83590,CCH012050000,4,2,2,397.55,,490.45
83593,610572,18,10,8,7.7,,
83594,610588,0,0,0,7.7,,
83595,611547,12,8,4,39.36,,
83596,611395,2,2,0,36.99,,
83597,607393,2,1,1,174.99,,
83598,607405,0,0,0,49.97,,
83599,607407,0,0,0,49.97,,
83600,607400,0,0,0,49.97,,
83607,166001,14,6,8,12.51,19.97,
83608,166201,7,3,4,20.49,34.97,
83609,166101,1,1,0,43.15,64.97,
83611,CAM-PT-150-03,5,2,3,255.94,,
83612,CAM-PT-300-03,4,2,2,275.63,,
83613,CAM-MM-03,0,0,0,300.94,,
83614,AIR-033-203-33,0,0,0,91.52,,
83617,10-24946-01,0,0,0,150.37,,
83618,90110,54,50,4,8.37,,
83619,90130,8,8,0,7.99,,
83624,NAVPRO900R,1,1,0,2308.61,,
83625,NAVPRO900FR,0,0,0,2448.61,,
83626,NAVPRO1200R,1,1,0,3148.61,,
83627,NAVPRO1200FR,1,1,0,3288.61,,
83631,281301-1,8,8,0,14.5,,
83632,281300-1,17,7,10,10.14,,
83633,281451-1,0,0,0,15.1,,
83634,281601-1,0,0,0,15.39,,
83635,281901-1,11,7,4,14.61,,
83636,280301-1,6,2,4,15.24,,
83637,280451-1,0,0,0,16.58,,
83638,280601-1,1,0,1,15.81,,
83639,280901-1,3,1,2,14.61,,
83640,010-12226-00,1,0,1,33.74,,
83641,010-12545-01,0,0,0,26.24,,
83642,959940401,4,2,2,139.24,,
83645,241287802,5,3,2,10.13,,
83646,980910121,3,3,0,86.08,,
83654,2982,10,8,2,114.74,,
83656,A2C59514118,2,0,2,41.3,51.84,
83658,B265LH-12P,1,1,0,1422.22,,
83659,B275LHW-12P,1,1,0,1866.67,,
83660,CM275LH-W-12P,0,0,0,1862.22,,
83661,PM265LH-12P,0,0,0,1422.22,,
83662,PM275LHW-12P,0,0,0,1688.89,,
83663,CM599LHG,0,0,0,3551.11,,
83664,VWC100012V105,0,0,0,2418.82,3289.6,
83668,R70727,0,0,0,42.6,,
83669,R70728,0,0,0,42.6,,
83670,R70729,0,0,0,42.6,,
83671,R70525,0,0,0,46.86,,
83672,A80501,4,3,1,51.13,,
83673,A80503,0,0,0,59.65,,
83675,A80536,0,0,0,119.31,,
83676,GP1920-01,0,0,0,392.72,,
83677,ASK902B.6,8,5,3,147.47,,
83678,ZDIGWLN30SM,7,4,3,195.96,,
83679,ZDIGCLA2000,4,2,2,1819.96,,
83690,SC29,4,2,2,247.5,,
83691,010-12528-10,0,0,0,48.74,,
83692,010-12067-10,3,3,0,78.75,,
83700,AHJHSP-T-12V-DP,3,1,2,99.69,,
83707,GP2920-00,0,0,0,378.17,,
83717,2986,1,1,0,119.54,,
83719,SCM-MFD-CABLE-GARMIN,1,0,1,36.25,,39.95
83720,SCM-MFD-CABLE-NAVICO,0,0,0,36.25,,39.95
83722,PMPS-1-DP,41,28,13,10.27,,
83727,RF47109,0,0,0,227.78,313.35,
83728,RF67109,0,0,0,394.44,534.65,
83729,RF77109,0,0,0,647.53,891.65,
83730,139800-300-999-17,13,5,8,9.69,,
83747,360-005,2,0,2,36.15,,
83748,1101,18,0,18,9.36,,
83750,MM3-VNA-035,0,0,0,454.55,,
83756,77317,51,50,1,2.91,,
83757,77022,0,0,0,4.69,,
83758,77027,0,0,0,9.36,,
83759,77037,0,0,0,34.63,,
83760,77042,0,0,0,48.61,,
83761,20623,0,0,0,136.0,,
83762,77347,0,0,0,3.01,,
83763,77052,0,0,0,4.88,,
83764,77057,0,0,0,11.16,,
83765,77062,0,0,0,20.15,,
83766,77067,0,0,0,36.63,,
83767,77072,0,0,0,50.89,,
83768,20638,0,0,0,152.29,,
83769,77607,0,0,0,3.52,,
83770,77023,0,0,0,4.13,,
83771,77028,0,0,0,13.13,,
83772,77033,0,0,0,18.48,,
83773,77038,0,0,0,29.63,,
83774,77043,0,0,0,41.08,,
83775,20653,0,0,0,91.59,,
83776,77637,0,0,0,2.77,,
83777,77053,0,0,0,3.93,,
83779,77058,0,0,0,12.8,,
83780,77063,0,0,0,18.49,,
83782,77068,0,0,0,27.96,,
83783,77073,0,0,0,41.89,,
83784,20668,0,0,0,111.71,,
83785,77377,0,0,0,4.43,,
83786,77387,0,0,0,7.76,,
83787,77412,0,0,0,14.2,,
83788,77442,0,0,0,23.77,,
83789,77457,0,0,0,45.24,,
83790,77477,0,0,0,55.89,,
83791,20683,0,0,0,171.24,,
83792,78047,1,1,0,2.61,,
83793,78052,0,0,0,3.96,,
83794,78057,0,0,0,7.95,,
83795,78062,0,0,0,9.95,,
83796,78067,0,0,0,18.13,,
83797,78072,0,0,0,23.13,,
83798,20728,0,0,0,67.76,,
83799,78172,0,0,0,6.48,,
83800,78177,0,0,0,8.51,,
83801,78182,0,0,0,10.81,,
83802,78187,0,0,0,16.29,,
83803,78192,0,0,0,24.63,,
83804,78197,0,0,0,28.12,,
83805,79005,0,0,0,19.88,,
83806,79010,0,0,0,21.91,,
83807,79015,0,0,0,27.68,,
83808,79020,0,0,0,34.73,,
83809,79025,0,0,0,50.29,,
83810,79030,0,0,0,61.57,,
83811,20743,0,0,0,68.69,,
83812,78147,0,0,0,11.99,,
83813,78152,0,0,0,14.0,,
83814,78157,0,0,0,20.47,,
83815,15588,0,0,0,34.03,,
83816,15608,0,0,0,52.47,,
83817,78167,0,0,0,33.91,,
83818,79923,0,0,0,33.05,,
83819,79928,0,0,0,38.97,,
83820,79933,0,0,0,51.09,,
83821,79938,0,0,0,95.79,,
83824,79035,0,0,0,21.49,,
83825,79040,0,0,0,27.49,,
83826,79045,0,0,0,31.69,,
83827,79050,0,0,0,45.83,,
83828,79055,0,0,0,65.05,,
83829,79060,0,0,0,118.39,,
83830,17768,0,0,0,1.4,,
83831,17778,0,0,0,2.11,,
83832,17788,0,0,0,2.45,,
83833,17803,0,0,0,2.93,,
83834,17818,0,0,0,5.52,,
83835,17823,0,0,0,5.73,,
83838,001-512-620-00,9,3,6,163.64,,
83839,131824000,3,2,1,70.35,,
83840,95005,0,0,0,50.31,,
83841,95010,0,0,0,58.28,,
83842,95015,0,0,0,70.77,,
83843,95020,0,0,0,117.92,,
83844,95025,0,0,0,149.55,,
83845,95030,0,0,0,50.34,,
83846,95035,0,0,0,58.32,,
83847,95040,2,2,0,14.99,,
83848,95045,0,0,0,117.97,,
83849,95050,0,0,0,149.62,,
83850,95055,0,0,0,50.31,,
83851,95060,0,0,0,58.28,,
83853,95065,0,0,0,70.77,,
83854,DPT-C-PLATE-03,9,3,6,132.19,,
83855,95070,0,0,0,117.92,,
83856,95075,0,0,0,149.55,,
83857,95080,0,0,0,50.34,,
83858,95085,0,0,0,58.32,,
83859,95090,0,0,0,70.8,,
83860,95095,0,0,0,117.97,,
83861,95100,0,0,0,149.62,,
83862,95105,0,0,0,103.09,,
83863,95110,9,9,0,29.99,,
83864,95115,0,0,0,134.43,,
83865,95120,0,0,0,190.08,,
83866,95125,0,0,0,224.65,,
83867,95285,0,0,0,23.94,,
83868,95290,0,0,0,29.68,,
83869,95295,0,0,0,37.66,,
83870,95300,0,0,0,48.58,,
83871,95305,0,0,0,61.22,,
83872,95310,0,0,0,28.74,,
83873,95315,0,0,0,35.94,,
83874,95320,0,0,0,46.49,,
83875,95325,0,0,0,58.29,,
83876,95330,0,0,0,73.46,,
83877,95335,0,0,0,63.42,,
83878,95340,0,0,0,75.37,,
83879,95345,0,0,0,101.11,,
83880,95350,0,0,0,112.4,,
83881,26500,0,0,0,172.83,,
83882,26505,0,0,0,198.65,,
83883,26510,0,0,0,256.28,,
83884,26530,0,0,0,156.12,,
83885,26535,0,0,0,194.08,,
83886,26540,0,0,0,241.6,,
83887,26560,0,0,0,204.03,,
83888,26565,0,0,0,254.45,,
83889,26570,0,0,0,348.05,,
83890,26670,0,0,0,99.91,,
83891,26675,0,0,0,125.11,,
83892,26680,0,0,0,162.26,,
83893,26685,0,0,0,116.68,,
83894,26690,0,0,0,137.65,,
83895,26695,0,0,0,192.2,,
83915,010-12165-03,0,0,0,18.74,,
83916,FSDP31012010B00,0,0,0,1618.99,,
83918,BK-1-DP,9,6,3,25.54,,
83920,FFBT-S-DP,19,14,5,51.69,,
83922,2134,44,8,36,48.46,,
83928,GP2040-34,0,0,0,334.53,,
83929,1201R,18,10,8,9.11,,
83930,1207R,7,3,4,9.3,,
83932,980910521,0,0,0,82.28,,
83957,19-0747,1,1,0,84.99,,
83960,PNBCK1,4,1,3,33.44,57.99,
83961,ILS-750-DP,16,13,3,15.71,,
83962,ILS-1200-DP,7,3,4,15.71,,
83963,ILS-1500-DP,9,5,4,15.71,,
83964,SHU050210050,5,4,1,134.35,,165.75
83966,SHU050220050,4,3,1,183.27,,226.1
83978,22023,0,0,0,110.16,,
83979,22020,2,2,0,41.99,,
83980,22018,4,3,1,44.99,,
83981,22019,5,5,0,45.89,,
83982,22025,1,0,1,164.99,,
83983,22014,4,0,4,139.99,,
83984,22015,7,4,3,104.45,,
83985,22016,4,0,4,123.41,,
83986,22013,1,1,0,109.38,,
83987,KTF0186,3,2,1,368.0,,
83988,KTF0185,4,3,1,264.99,,
83990,FLX-25-DP,2,0,2,37.52,,
83991,FLX-50-DP,2,1,1,75.07,,
83992,FLX-75-DP,0,0,0,101.16,,
83993,FLX-125-DP,2,1,1,75.07,,
83994,FLX-150-DP,2,1,1,94.67,,
83995,FLX-200-DP,2,1,1,117.0,,
83996,A80235,0,0,0,46.86,,
83999,848-SW-S,0,0,0,367.66,,
84001,411390-1,0,0,0,1309.76,,
84013,BBA000100100,15,12,3,39.27,,48.45
84024,808-0817-02,12,6,6,85.76,,
84027,SHU050150050,7,7,0,81.3,,100.3
84033,73129,0,0,0,11.69,,
84034,75974,13,8,5,30.47,,
84041,UDST800P-N2,0,0,0,984.04,,
84043,001-1,9,4,5,68.33,,
84044,305-1,3,2,1,76.33,,
84045,010-1,2,2,0,66.99,,
84046,910-1,0,0,0,29.13,,
84047,920-1,0,0,0,28.04,,
84048,120-1,4,0,4,10.0,,
84049,110-1,0,0,0,17.08,,
84050,055-1,2,1,1,59.27,,
84051,355-1,0,0,0,67.03,,
84052,220-1,0,0,0,50.75,,
84053,041-1,0,0,0,65.73,,
84054,341-1,4,2,2,76.33,,
84055,771-1,0,0,0,127.84,,
84057,361-1,5,3,2,67.03,,
84058,040-1,2,0,2,59.27,,
84059,340-1,4,3,1,67.03,,
84060,905-1,0,0,0,47.39,,
84061,950-1,3,2,1,9.37,,
84062,952-1,2,1,1,9.37,,
84063,954-1,4,2,2,15.95,,
84064,956-1,1,1,0,15.0,,
84065,960-1,3,1,2,12.19,,
84068,042-1,0,0,0,59.27,,
84069,045-1,0,0,0,59.27,,
84070,342-1,0,0,0,67.03,,
84072,951-1,0,0,0,9.37,,
84073,953-1,5,2,3,9.37,,
84074,955-1,0,0,0,15.95,,
84075,957-1,1,1,0,15.0,,
84076,763-1,2,1,1,66.99,,
84077,769-1,12,5,7,160.99,,
84079,775-1,0,0,0,163.17,,
84080,112-1,0,0,0,9.44,,
84081,114-1,1,0,1,7.99,,
84084,ST850PV-N2,0,0,0,252.92,,
84089,142012100,0,0,0,202.93,,
84090,930-1,0,0,0,26.93,,
84112,A2C59514176,3,0,3,41.3,51.84,
84117,A2C59512545,17,9,8,41.3,51.84,
84118,A2C59514165,4,2,2,41.3,51.84,
84129,TS4-BLK,0,0,0,194.65,,
84130,TS4-WHT,2,2,0,164.99,,
84131,TS5-BLK,0,0,0,201.65,,
84132,TS5-WHT,0,0,0,201.65,,
84133,TS6-BLK,0,0,0,209.2,,
84134,TS6-WHT,1,1,0,184.99,,
84148,958126101,0,0,0,16.46,,
84153,MOFC12GA150SW,3,3,0,91.99,,199.95
84154,MOFC16GA150SW,0,0,0,48.8,,94.95
84155,MFH8,11,6,5,5.55,,11.95
84156,MFH4,12,6,6,8.52,,16.95
84159,201510,0,0,0,4.63,,
84160,ASS050600000,4,2,2,28.94,,35.7
84161,SCC900650010,18,7,11,26.18,,32.3
84164,201510-1,17,7,10,10.16,,
84165,201510-CASE,0,0,0,40.15,,
84166,7782B,1,1,0,5.64,,
84167,PP-118-DP,21,4,17,5.85,,
84168,PP-150-DP,22,11,11,9.38,,
84196,001-563-930-00,2,1,1,236.36,,
84197,79948,0,0,0,217.89,,
84200,010-11376-04,0,0,0,41.24,,
84202,779-LBJ-3,13,9,4,9.45,,
84205,779-LBJ-2,0,0,0,7.12,,
84208,001-563-940-00,0,0,0,309.09,,
84209,001-563-980-00,0,0,0,227.27,,
84211,88679-3,1,1,0,1628.44,2580.99,
84212,88679-4,1,0,1,1628.44,2580.99,
84213,GP2200-16,0,0,0,363.62,,
84214,AHJHSP-10V-DP,5,2,3,71.15,,
84215,AHJHSP-12V-DP,4,2,2,98.41,,
84216,AHJHSP-4V-DP,3,1,2,45.32,,
84217,AHJHSP-6V-DP,4,2,2,49.64,,
84219,AHJHSP-8V-DP,4,2,2,64.69,,
84220,AHJHSP-14V-DP,3,2,1,85.17,,
84221,FSRK-3-DP,34,17,17,9.75,,
84222,358115091,6,3,3,45.57,,
84223,ORI121236120,8,5,3,197.74,,243.95
84224,ORI121222120,14,10,4,129.53,,159.8
84225,ORI241236120,6,4,2,197.74,,243.95
84226,ORI121236140,9,7,2,174.32,,215.05
84227,ORI122436120,5,1,4,197.74,,243.95
84228,ORI241236140,11,5,6,174.32,,215.05
84229,ORI122436140,7,3,4,174.32,,215.05
84238,88385,4,4,0,7.99,,
84239,88390,0,0,0,47.88,,
84242,88100,1,1,0,34.99,,
84245,88095,8,8,0,12.99,,
84251,88005,3,3,0,12.99,,
84256,88010,3,3,0,34.99,,
84272,A2C59514241,0,0,0,41.3,51.84,
84287,SAD-17B,11,2,9,13.5,,
84288,CA28BL-6HR,0,0,0,2888.89,,
84291,S2-6331,0,0,0,771.32,,
84295,010-11078-00CASE,4,2,2,183.76,,
84296,6415,2,0,2,553.98,,
84299,T9101606,9,5,4,8.0,,
84304,2465,4,2,2,115.07,,168.98
84305,T70424,5,3,2,1519.99,,
84316,S-0981C,0,0,0,23.8,,
84330,10-1477-40,4,2,2,24.07,,
84344,CLIP-22,15,3,12,5.25,,
84346,PP4600-10,0,0,0,303.6,,
84347,0439,9,9,0,5.11,,
84352,20761-001,0,0,0,295.33,,
84354,LTVLF-8,0,0,0,324.38,,
84376,CIP050060000,11,4,7,22.74,,28.05
84381,TM165C-HW-MM,3,3,0,326.81,450.0,
84387,290900-1,4,4,0,11.85,,
84388,BPC900120114,14,3,11,10.33,,12.75
84389,BPC900200014,7,3,4,7.58,,9.35
84390,BPC920100200,5,2,3,4.13,,5.1
84391,BPC940100100,9,4,5,22.05,,27.2
84427,BPCAB10HF,0,0,0,87.66,,
84428,BPCAB1HF,0,0,0,36.1,,
84429,BPCAB15HF,0,0,0,93.29,,
84430,BPCAB20HF,0,0,0,105.48,,
84431,BPCAB25HF,0,0,0,117.5,,
84432,BPCAB5HF,0,0,0,53.33,,
84444,2637,4,2,2,29.1,43.95,
84445,2649,4,2,2,32.49,48.95,
84446,2650,7,2,5,20.48,30.95,
84447,2652,7,2,5,27.53,41.95,
84448,2659,4,2,2,27.88,41.95,
84449,2608,10,5,5,47.6,71.95,
84450,2609,4,2,2,51.57,77.95,
84451,2610,2,2,0,100.43,150.95,
84452,2135,11,2,9,56.29,84.95,
84453,2136,6,2,4,61.01,91.95,
84454,2137,2,2,0,60.69,91.95,
84455,CA-0183,0,0,0,7.79,,
84456,PIII-20-ER,11,6,5,51.8,,
84458,SP120C-RF-1,0,0,0,1889.3,,
84459,SP120C-RF-2,0,0,0,2239.3,,
84460,SP120C-RF-3,0,0,0,2659.3,,
84461,SP120C-RF-4,0,0,0,2729.3,,
84462,SP120C-RF-5,0,0,0,2939.3,,
84463,SP120C-RF-6,0,0,0,3079.3,,
84466,SP120C-RF-9,0,0,0,2799.3,,
84469,SSM-72H,8,6,2,99.99,,
84473,TM200HWKIT,3,3,0,22.07,,
84474,TM201HWKIT,9,7,2,22.07,,
84475,TM203HWKIT,9,5,4,22.07,,
84476,TM206HWKIT,14,9,5,22.07,,
84477,TM207HWKIT,7,4,3,22.07,,
84478,TM208HWKIT,6,3,3,22.07,,
84479,TM209HWKIT,0,0,0,22.07,,
84480,TM210HWKIT,3,3,0,22.07,,
84481,TM212HWKIT,7,3,4,22.07,,
84482,TM214HWKIT,2,2,0,22.07,,
84483,TM215HWKIT,8,6,2,22.07,,
84484,TM216HWKIT,12,7,5,22.07,,
84486,51100,0,0,0,131.25,209.99,
84487,51101,0,0,0,131.25,209.99,
84488,51102,0,0,0,106.24,169.99,
84489,51200,2,0,2,112.5,179.99,
84490,51201,0,0,0,113.75,181.99,
84491,51202,0,0,0,93.74,149.99,
84492,52100,0,0,0,106.24,169.99,
84493,52101,0,0,0,106.24,169.99,
84494,52102,0,0,0,106.24,169.99,
84495,52200,0,0,0,85.59,149.99,
84497,52202,0,0,0,93.74,149.99,
84498,62000,13,7,6,456.51,,
84499,62001,2,0,2,499.99,,
84500,62002,18,9,9,279.99,,
84503,62102,0,0,0,499.99,799.99,
84506,PM2,18,12,6,23.47,,
84507,SB50G,16,8,8,19.94,,
84509,301-011KLST,0,0,0,1748.13,,2185.17
84510,925513BLK,7,3,4,218.75,349.99,
84511,818-2010,6,3,3,1108.82,,
84512,818-3010,0,0,0,1338.28,,
84515,01-0343-01,0,0,0,25124.4,,
84524,BOWA0761,0,0,0,2885.63,3693.6,
84525,DBPPJA,0,0,0,865.2,,
84526,STERN185P,0,0,0,336.0,,
84527,600-807,0,0,0,5.44,,
84528,WP-850-950,2,1,1,38.0,,
84529,BP-850AEY,0,0,0,33.01,,
84538,40131,0,0,0,12.79,,19.95
84539,101638,0,0,0,1396.17,,
84547,UD-ME100LED,6,0,6,14.99,,
84550,UD-ME650LED,7,4,3,24.99,,
84560,SCM-ZC-KIT,2,1,1,357.44,,529.0
84562,A80469,0,0,0,866.66,,
84565,IF-NMEAFI,0,0,0,245.45,,
84566,4141,4,2,2,8.46,,
84658,010-13060-00,8,3,5,32.49,,
84659,66517-7,14,4,10,55.5,,
84668,SP120RF-1,0,0,0,1539.3,,
84669,SP120RF-2,0,0,0,1889.3,,
84670,SP120RF-3,0,0,0,2449.3,,
84671,SP120RF-4,0,0,0,2519.3,,
84672,SP120RF-5,0,0,0,2799.3,,
84673,SP120RF-6,0,0,0,3009.3,,
84680,A2C3832980030,0,0,0,162.57,,
84681,A2C3833350030,5,3,2,81.72,,
84682,A2C3832770030,0,0,0,81.79,,
84683,A2C3833500030,1,1,0,81.6,,
84684,362-004,0,0,0,41.16,,
84685,A2C3833190030,1,1,0,81.72,,
84686,A2C3833120030,4,3,1,81.71,,
84700,SCA520300000,17,17,0,7.58,,9.35
84703,S24-0201,0,0,0,76.0,,
84704,S72-0652,0,0,0,1142.4,,
84705,S72-0656,0,0,0,148.8,,
84706,S24-0098,0,0,0,16.0,,
84707,082,4,2,2,13.93,19.95,
84708,S24-0116,0,0,0,72.0,,
84709,083,5,2,3,16.67,23.95,
84710,S72-0625,0,0,0,288.0,,
84711,S72-0626,0,0,0,489.6,,
84712,084,2,2,0,37.82,53.95,
84713,S72-0627,0,0,0,249.6,,
84714,085,4,2,2,40.59,57.95,
84715,S72-0468,1,0,1,229.99,,
84717,125,4,2,2,25.34,35.95,
84718,126,5,3,2,28.26,40.95,
84719,127,4,2,2,63.56,90.95,
84720,128,4,2,2,66.58,94.95,
84730,PLAMT6211,10,10,0,11.3,,
84731,PLAMT6221,13,5,8,14.13,,
84732,PLAMT6231,0,0,0,17.67,,
84735,118752,0,0,0,93.6,,
84745,B00041201,0,0,0,211.82,257.39,
84746,B00041401,1,1,0,219.99,385.19,
84747,B00041501,0,0,0,404.94,492.29,
84749,87231,5,0,5,502.16,,
84754,3269,4,2,2,13.64,15.95,
84755,3270,4,2,2,17.03,19.95,
84756,3271,5,3,2,18.27,21.95,
84757,3272,4,2,2,23.32,26.95,
84758,3273,4,2,2,34.21,39.95,
84845,GS-500,3,2,1,2866.67,,
84846,OT-4240CF-HD,0,0,0,2420.65,,
84853,RA078400C,2,2,0,3.49,,
84883,R70741,0,0,0,38.34,,
84884,45510500,0,0,0,11.47,,
84885,41500400,2,0,2,10.66,,
84898,001-468-520-00,0,0,0,172.73,,
84899,72-0900-H24,7,2,5,131.25,,
84901,72-0900-HR24,0,0,0,234.12,,
84902,72-0900-H25COM,1,0,1,131.25,,
84903,FVC070312210Q00,1,0,1,188.76,,
84904,FVC080391220Q00,1,0,1,321.61,,
84913,SCC900500000,6,6,0,41.34,,51.0
84914,ASS050500000,5,2,3,18.6,,22.95
84917,304716001,0,0,0,420.19,,
84919,BAT512120610,1,0,1,928.77,,1145.8
84920,BMS300200000,6,2,4,95.08,,117.3
84923,BPP900600100,6,3,3,205.26,,331.5
84933,AHJM-4-DP,0,0,0,901.06,,
84947,011708,0,0,0,90.91,136.0,
84956,10259S-2,0,0,0,587.84,,
84961,MM-8G,2,1,1,75.24,97.5,
84967,TPC6,0,0,0,34.29,,57.95
84968,TPC8,3,2,1,37.75,,63.95
84977,RFSKNIFE-2,0,0,0,22.2,30.56,
84979,T112510,1,0,1,17.32,,
84982,GFTJ-1-DP,11,5,6,29.43,,
84986,NS-24,1,1,0,79.99,,
85005,281900-1,6,6,0,13.05,,
85008,75-5000,11,5,6,42.45,,
85009,55-2100,7,1,6,43.51,,
85010,55-1900,24,17,7,44.3,,
85012,75-6060,0,0,0,57.36,,
85013,75-6025,0,0,0,40.94,,
85014,75-6015,1,1,0,114.28,,
85015,75-6065,4,2,2,79.63,,
85016,75-6099,10,6,4,23.64,,
85022,3102100,22,7,15,273.48,,
85023,3103,0,0,0,377.72,,
85024,3104,0,0,0,422.25,,
85026,CYR010230412,6,3,3,131.6,,162.35
85027,CYR010120450,6,3,3,53.05,,65.45
85028,S72-0692,0,0,0,1916.0,,
85034,E70634-00-NAG,0,0,0,849.59,,
85040,E70635-00-NAG,2,2,0,959.99,,
85043,R70794,27,17,10,119.67,,
85046,E70636-00-NAG,0,0,0,1169.59,,
85047,E70637,13,4,9,1119.99,,
85048,E70637-00-102,13,4,9,1159.99,,
85049,E70637-00-NAG,0,0,0,1313.59,,
85050,E70637-03,9,4,5,1359.99,,
85051,E70637-03-102,9,4,5,1399.99,,
85052,E70637-03-NAG,0,0,0,1553.59,,
85055,E70638-00-NAG,0,0,0,2119.19,,
85059,980960291,2,0,2,98.73,,
85062,SHU500050100,5,4,1,17.91,,22.1
85064,SPR00053,1,1,0,23.43,,28.9
85069,E70639-03-NAG,0,0,0,2519.99,,
85070,KIT 95-2S,0,0,0,63.24,,
85073,E70533-00-102,0,0,0,559.99,,
85074,E70535-00-102,0,0,0,959.99,,
85075,E70534-00-102,21,13,8,469.44,,
85076,E70534-05-102,6,5,1,552.77,,
85077,E70536-00-102,0,0,0,1039.99,,
85078,E70536-05-102,22,10,12,794.44,,
85085,21001600600,0,0,0,754.3,,
85089,APT-150-01-BLK,4,2,2,264.38,,
85090,APT-250-01-BLK,3,2,1,275.63,,
85091,APT-LB-01-BLK,5,3,2,120.94,,
85096,PXXRCASA,35,10,25,4.53,,
85098,010-12898-00,1,0,1,34.44,,
85100,010-12898-10,2,0,2,48.74,,
85101,010-12898-20,0,0,0,253.49,,
85102,010-12899-00,0,0,0,20.79,,
85103,010-12899-10,0,0,0,27.94,,
85104,010-12899-20,5,1,4,169.0,,
85105,ST800PV-N2,0,0,0,287.36,,
85106,33032A,5,3,2,43.22,,
85107,322601101,0,0,0,355.39,,
85108,88412,0,0,0,89.66,118.99,
85109,88413,2,0,2,116.84,145.99,
85110,88414,1,1,0,89.66,118.99,
85111,SBH-36,7,2,5,40.5,,
85114,ARG100301020,3,0,3,93.01,,114.75
85115,ARG200301020,21,19,2,113.68,,140.25
85116,V11-9970BKA100-1,0,0,0,516.29,,
85117,F16-0276,0,0,0,27.42,,
85119,010-12831-20,2,1,1,115.99,,
85120,010-12922-01,0,0,0,9.74,,
85132,3120,4,0,4,578.48,,
85134,41-135A,19,4,15,56.58,,
85139,03-91-032,4,3,1,6.06,,
85156,RMX300-RD-TN,1,1,0,26.9,43.99,
85157,RMX300-RD-MC,12,5,7,31.65,43.99,
85159,2000035457,1,0,1,225.0,,
85161,TZ3-12P-PGT,0,0,0,131.82,,
85164,010-11849-10,0,0,0,26.24,,
85165,32ALA,6,3,3,74.91,,
85166,60-YP-MC-120-J10,0,0,0,819.08,1003.0,
85180,T70278,2,0,2,324.99,389.99,
85182,1810600,1,1,0,1272.06,,1699.99
85183,1810601,0,0,0,1272.06,,1699.99
85184,1810620,0,0,0,1421.71,,1899.99
85185,1810621,8,2,6,1421.71,,1899.99
85186,1810622,1,1,0,1421.71,,1899.99
85187,1810623,2,0,2,1421.71,,1899.99
85188,1810630,6,0,6,1571.37,,2099.99
85189,1810631,4,1,3,1571.37,,2099.99
85190,1810632,6,4,2,1571.37,,2099.99
85191,1810633,6,2,4,1571.37,,2099.99
85192,1810253,6,0,6,82.3,,
85193,1810258,0,0,0,134.68,,
85194,1810360,5,1,4,229.3,,
85195,1810365,1,0,1,229.3,,
85196,1810361,3,0,3,229.3,,
85197,1810366,2,0,2,229.3,,
85198,1810362,3,2,1,229.3,,
85199,1810367,1,0,1,229.3,,
85200,1810363,0,0,0,229.3,,
85201,1810368,1,0,1,229.3,,
85202,1810370,1,0,1,70.97,,
85203,1810375,2,1,1,70.97,,
85204,1810371,0,0,0,78.07,,
85205,1810376,3,3,0,78.07,,
85213,12732-A,9,3,6,12.0,,
85219,7653L3,6,6,0,5.2,,
85220,1580017-BLK,7,5,2,95.96,,
85221,2171042,0,0,0,15.7,,
85227,TS0101,15,8,7,24.99,,
85231,M25033,0,0,0,18.67,,
85232,M25053,35,23,12,18.67,,
85233,M25063,36,36,0,18.67,,
85234,M25073,0,0,0,18.67,,
85235,M25083,51,30,21,18.67,,
85236,M25093,24,0,24,18.67,,
85237,M25103,7,5,2,18.67,,
85238,M25113,9,4,5,18.67,,
85239,M25123,7,1,6,18.67,,
85240,M25193,47,42,5,18.67,,
85241,1061016,7,6,1,104.16,,
85242,1061018,5,0,5,98.53,,
85244,39362,11,11,0,14.0,,
85245,38343,23,23,0,14.49,,
85246,1040647,0,0,0,107.47,,
85247,1040667,0,0,0,84.41,,
85248,38353,13,0,13,17.1,,
85249,1062031,0,0,0,92.27,,
85250,1062034,1,1,0,92.27,,
85251,39643,25,18,7,14.49,,
85252,1040651,7,6,1,81.17,,
85253,1040653,4,0,4,75.4,,
85254,M25610,1,0,1,134.99,,
85255,M25620,3,0,3,134.99,,
85256,M25630,2,0,2,134.99,,
85257,M25640,0,0,0,142.55,,
85258,M25650,0,0,0,142.55,,
85261,71140,18,9,9,10.59,,
85263,TYN-08BLKSP,11,6,5,4.17,,
85264,TYN-08RSP,5,2,3,4.17,,
85269,AK0553,8,5,3,21.56,,
85270,601015-1,18,9,9,97.4,,149.99
85271,SP120VF-1,0,0,0,1259.3,,
85272,SP120VF-2,0,0,0,1609.3,,
85273,SP120C-VF-1,0,0,0,1679.3,,
85274,SP120C-VF-2,0,0,0,2029.3,,
85278,DIGITAL C CABLE,0,0,0,34.97,,
85294,RF70,5,3,2,78.68,118.32,
85295,SN0036A,3,1,2,104.99,,
85296,IBC320-12,4,3,1,601.06,,
85297,001-081-140,0,0,0,31.82,,
85301,ASS000001000,7,1,6,16.54,,20.4
85305,E1150Z-13CAB,2,0,2,51.22,,
85309,88420,0,0,0,14.94,21.99,
85310,88421,0,0,0,14.94,21.99,
85311,88422,0,0,0,14.94,21.99,
85333,286,20,5,15,7.4,,9.98
85338,SSM-17H,18,15,3,21.18,,
85347,22135-80090,5,0,5,21.76,29.99,
85353,39042-85510,5,0,5,111.03,152.99,
85354,39043-85510,5,0,5,121.92,167.99,
85357,39046-85512,0,0,0,111.03,152.99,
85358,39047-85512,3,0,3,121.92,167.99,
85359,39048-85513,2,0,2,111.03,152.99,
85360,39049-85513,3,0,3,121.92,167.99,
85362,SCC115035210,6,3,3,149.51,,184.45
85368,ORI242428110,8,3,5,92.33,,113.9
85372,HC2400,9,4,5,7.5,,
85377,713,11,6,5,13.23,,
85378,YBP-0203,0,0,0,77.13,,99.98
85384,TM275LHW-12P,1,0,1,1600.0,,
85388,CS-6/WH,7,1,6,9.13,,14.95
85389,CS-6/BK,9,4,5,9.13,,14.95
85390,CS-8W,7,4,3,11.59,,18.95
85391,CS-8B,15,8,7,11.59,,18.95
85392,001-193-460-10,0,0,0,122.73,,
85400,55-9815,8,4,4,72.6,,
85401,MG1002-BLK,5,2,3,26.18,39.55,
85403,MG1002-TWH,4,2,2,26.18,39.55,
85404,MG1003-BLK,2,2,0,31.04,46.9,
85405,MG1003-GRY,4,1,3,16.99,46.9,
85406,MG1003-TWH,5,3,2,31.04,46.9,
85407,MG1006-BLK,4,2,2,40.71,61.5,
85408,MG1006-GRY,4,2,2,22.99,61.5,
85409,MG1006-TWH,4,2,2,40.71,61.5,
85410,MG10HC-BLK,3,1,2,40.71,61.5,
85411,MG10HC-GRY,4,2,2,22.99,61.5,
85412,MG10HC-TWH,5,3,2,40.71,61.5,
85413,AO-1500-CRC,0,0,0,552.9,,
85414,CA-0000,0,0,0,361.11,,
85420,1PCP32,149,63,86,11.43,,
85421,1PKO32,87,27,60,10.67,,
85426,SM-S3P-917,16,7,9,617.56,,796.86
85427,SM-ACC3-WIRE,5,2,3,17.74,,21.83
85428,SM-WLS3-TEMP-917,4,3,1,107.8,,139.09
85429,SM-WLS3-BATT-917,14,5,9,107.8,,139.09
85430,SM-WLS3-HIWS-917,13,3,10,107.8,,139.09
85431,SM-WLS3-BILG-917,16,5,11,107.8,,139.09
85432,SM-WLS3-ENTR-917,12,4,8,107.8,,139.09
85433,96590,0,0,0,9.24,12.36,
85434,HL-501,23,15,8,3.62,,
85435,HL-501-OD,19,7,12,3.62,,
85436,HL-501-TAN,0,0,0,3.62,,
85437,HL-APX-BK,10,3,7,4.55,,
85438,HL-500-BK,0,0,0,3.62,,
85481,GDI000032000,0,0,0,201.88,,249.05
85482,WN810,12,2,10,9.36,14.99,
85483,GDI000064000,6,3,3,247.35,,305.15
85486,21010,125,125,0,3.57,6.26,
85487,21030,99,99,0,5.87,10.28,
85489,21036,69,28,41,6.61,11.57,
85490,41150,702,178,524,12.8,22.4,
85492,41160,68,45,23,13.07,22.88,
85495,91003,84,35,49,9.44,16.51,
85497,97008,68,26,42,11.93,20.88,
85499,93003,93,40,53,10.36,18.14,
85502,48008,19,12,7,18.09,31.65,
85506,51010,205,71,134,4.03,7.04,
85509,54200,74,39,35,20.29,37.31,
85510,12004,55,35,20,4.83,8.47,
85511,56204,73,52,21,6.53,11.44,
85513,31110,21,20,1,11.24,19.67,
85514,11016,69,48,21,9.29,16.25,
85515,83110,28,18,10,9.07,15.88,
85516,85011,36,21,15,8.69,12.65,
85517,91110,31,24,7,9.49,16.6,
85518,51600,30,14,16,18.9,33.08,
85519,85032,28,18,10,20.09,32.54,
85520,83032,11,4,7,21.43,34.73,
85521,19003,16,9,7,7.5,13.12,
85522,19008,8,0,8,18.7,32.72,
85523,98003,75,55,20,6.66,11.65,
85524,82003,196,104,92,7.61,13.31,
85525,82016,37,15,22,15.33,26.81,
85526,80320,40,31,9,9.47,16.58,
85527,11520,26,4,22,9.14,15.99,
85532,0173,54,11,43,55.68,,
85533,001-533-080-00,2,0,2,72.73,,
85534,79943,0,0,0,151.09,,
85537,MRGB55B,12,6,6,51.13,,
85538,MRGB55W,7,3,4,51.13,,
85545,QSR2419,0,0,0,92.5,,
85546,TDL2419,2,0,2,92.5,,
85549,13894,4,2,2,183.68,,
85550,18670-9407,20,11,9,255.51,,
85566,GP2920-05,0,0,0,390.35,,
85567,BT1-985-2,0,0,0,19.19,34.99,
85569,55-0010,3,3,0,114.0,,
85570,55-0012,9,8,1,144.35,,
85572,55-0021,1,0,1,162.84,,
85573,55-0024,2,2,0,78.95,,
85574,55-0027,3,3,0,235.68,,
85575,55-0028,5,1,4,105.92,,
85576,55-0407AL,9,9,0,222.65,,
85592,T500-NY,0,0,0,55.8,88.99,
85593,T500-BK,2,2,0,55.8,88.99,
85597,SW-804II,5,2,3,6.11,,
85598,GG-128-R,0,0,0,2.63,,
85607,VTC305-12-12,0,0,0,449.36,,
85610,87331,1,0,1,706.24,,
85613,DT2BX-TH,0,0,0,129.0,,
85618,R70496,0,0,0,25.56,,
85645,RMX4800-10,0,0,0,436.35,,
85648,36212001,0,0,0,771.2,,964.0
85650,RLGCT,2,2,0,24.45,,
85660,22590,23,1,22,9.56,,
85661,22592,21,3,18,13.85,,
85662,22594,19,13,6,20.56,,
85663,22595,5,3,2,24.08,,
85664,22596,9,6,3,31.19,,
85667,79001,1,1,0,104.29,,
85668,79002,0,0,0,120.53,,
85669,79003,1,1,0,109.99,,
85670,79004,2,2,0,132.2,,
85671,79005,0,0,0,146.11,,
85672,79006,0,0,0,171.88,,
85673,79009,0,0,0,208.3,,
85674,79010,0,0,0,149.5,,
85675,79011,1,1,0,152.15,,
85676,79012,0,0,0,176.26,,
85677,AK1005,16,6,10,114.08,,
85680,69361,4,4,0,29.71,,
85681,69362,4,4,0,34.46,,
85682,41971,3,2,1,87.28,,
85684,1105.91,0,0,0,76.11,,
85685,MMC-9N2,2,0,2,104.18,135.0,
85687,53671CA,4,1,3,59.46,107.99,
85689,R70387,0,0,0,55.39,,
85690,R70598,0,0,0,79.16,,
85708,751S-01771,0,0,0,44.92,,
85712,010-12922-02,1,0,1,4.27,,
85716,VC100012V,0,0,0,1449.41,,
85717,5161812304,0,0,0,47.08,,
85724,TS-ME770FC,5,2,3,114.99,,
85726,B117-DT-RAY,0,0,0,210.6,289.99,
85730,F31-0702BXY,2,2,0,44.96,,
85731,T10-3000-1,6,3,3,1030.62,,
85732,T10-3000-2,3,1,2,1030.62,,
85733,T10-3000-3,4,2,2,1101.69,,
85734,T10-3000-4,4,3,1,1101.69,,
85735,T10-3000-5,4,2,2,188.82,,
85737,T10-3000-6,7,1,6,305.15,,
85741,T10-3000-7,3,2,1,176.95,,
85744,411370-1CHO,12,12,0,901.99,,
85745,411370-1,3,3,0,983.99,,
85746,T10-3000-11,1,1,0,112.77,,
85751,411410-1CHO,1,1,0,1147.99,,
85752,411410-1,4,4,0,1229.99,,
85757,411440-1,2,2,0,1885.99,,
85760,411310-1CHO,3,1,2,2213.99,,
85761,411320-1CHO,4,2,2,2377.99,,
85762,411320-1,3,2,1,2623.99,,
85763,411530-1CHO,6,4,2,1919.99,,
85764,411530-1,2,0,2,2159.99,,
85769,411470-1CHO,0,0,0,3377.92,,3999.99
85770,411470-1,2,0,2,3631.26,,4299.99
85771,411500-1CHO,2,2,0,3800.16,,4499.99
85772,411500-1,5,3,2,4053.51,,4799.99
85773,411240-1CHO,4,2,2,4222.4,,4999.99
85774,411240-1,3,1,2,4475.75,,5299.99
85776,740191-1,0,0,0,68.18,,
85777,740192-1,0,0,0,68.18,,
85778,740193-1,0,0,0,68.18,,
85780,720110-1,17,17,0,40.91,,
85781,720111-1,0,0,0,42.85,,
85782,720112-1,0,0,0,42.85,,
85785,411580-1,4,3,1,1013.37,,
85786,720115-1,0,0,0,83.33,,
85787,720113-1,5,5,0,33.33,,
85788,720114-1,13,0,13,24.24,,
85789,700064-1,4,4,0,83.33,,
85790,700065-1,3,3,0,113.64,,
85791,760035-1,3,3,0,16.66,,
85792,760036-1,0,0,0,16.66,,
85793,760038-1,3,3,0,24.24,,
85794,720117-1,1,1,0,24.24,,
85795,720117-2,7,3,4,33.33,,
85796,720117-3,2,2,0,40.91,,
85797,720117-4,3,3,0,60.6,,
85805,HID8,0,0,0,250.0,,
85806,HT471TW,4,2,2,117.5,,
85811,H6HRL2TB,0,0,0,287.5,,
85834,973,0,0,0,49.67,,
85836,32809,8,4,4,36.99,,
85838,B744V-9N,0,0,0,631.53,,
85841,760037-1,0,0,0,28.02,,
85844,CYR010230010,4,3,1,97.84,,120.7
85847,VE-60-E1YN,0,0,0,16141.18,,
85856,12725,4,3,1,97.5,,
85858,SHC-20,12,4,8,21.18,,
85859,SCS-1000,0,0,0,349.3,,
85862,60-YP-MC-120-K6,2,0,2,819.08,1003.0,
85868,IRID-ANT-RST210,0,0,0,191.49,,
85869,A503-51AAG-HE,0,0,0,128.05,,
85870,P1101Z-51AAH,0,0,0,89.63,,
85871,TYN-05WSP,17,6,11,4.27,,
85872,CL730XXS,5,3,2,23.02,35.66,
85873,CL730XS,3,1,2,23.02,35.66,
85874,CL730S,0,0,0,23.02,35.66,
85875,CL730M,1,0,1,23.02,35.66,
85876,CL730L,1,0,1,23.02,35.66,
85877,CL730XL,5,3,2,23.02,35.66,
85878,CL730XXL,9,3,6,23.02,35.66,
85880,CL740XXS,0,0,0,24.67,38.21,
85881,CL740XS,10,2,8,24.98,38.21,
85882,CL740S,0,0,0,24.98,38.21,
85883,CL740M,2,1,1,24.98,38.21,
85884,CL740L,7,4,3,24.98,38.21,
85885,CL740XL,3,1,2,24.98,38.21,
85886,CL740XXL,6,3,3,24.98,38.21,
85887,A2C3832920030,1,1,0,162.57,,
85890,ASS030530310,0,0,0,16.54,,20.4
85893,A2C3833130030,8,6,2,81.71,,
85894,A2C3833140030,0,0,0,81.71,,
85898,A2C3833340030,3,1,2,81.72,,
85909,A2C3833300030,0,0,0,81.72,,
85924,A2C3832780030,2,1,1,69.99,,
85926,UD-ME770LED,10,10,0,29.99,,
85927,A2C3832900030,5,3,2,162.63,,
85929,A2C3833240030,2,0,2,81.6,,
85930,A2C3833010030,0,0,0,162.57,,
85931,A2C3832990030,6,4,2,162.57,,
85932,A2C3833070030,0,0,0,87.73,,
85935,DE1026F,0,0,0,7.21,,
85936,DE1027F,0,0,0,9.31,,
85937,010-11425-01,17,11,6,27.99,,
85938,32-0417-0100,0,0,0,74.25,,
85942,S32-0819-50,0,0,0,66.75,,
85944,A2C3833060030,4,2,2,87.75,,
85945,A2C3833090030,0,0,0,87.73,,
85946,A2C3833080030,0,0,0,87.85,,
85947,A2C3833550030,0,0,0,81.71,,
85948,A2C3832750030,0,0,0,81.71,,
85949,A2C3833100030,2,0,2,81.71,,
85950,1041419,3,0,3,222.34,,
85951,1041483,8,5,3,222.34,,
85952,1041519,0,0,0,220.14,,
85953,1041583,0,0,0,249.23,,
85954,1041606-1,0,0,0,230.3,,
85955,1041631-1,4,4,0,230.3,,
85956,1041634-1,17,14,3,230.3,,
85957,1041684-1,8,6,2,230.3,,
85958,1041636,0,0,0,211.7,,
85959,1041733,4,4,0,211.69,,
85960,1061063-B,0,0,0,200.3,,
85961,1061069-B,0,0,0,200.39,,
85962,1061077-1,0,0,0,180.8,,
85963,1061079-1,0,0,0,180.8,,
85964,1061057,0,0,0,104.16,,
85966,1061017,0,0,0,104.16,,
85967,1061021,1,0,1,102.46,,
85968,1062583,2,0,2,255.9,,
85969,1040665,0,0,0,84.41,,
85970,1040663,2,2,0,99.07,,
85971,1040661,3,1,2,99.07,,
85972,1040643,0,0,0,82.67,,
85973,1040649,5,0,5,82.67,,
85974,1040646,0,0,0,109.39,,
85975,1040655,3,3,0,81.17,,
85976,1040621,0,0,0,65.87,,
85977,1040622,5,1,4,77.47,,
85978,1040623,0,0,0,65.87,,
85979,1040624,0,0,0,65.87,,
85980,1040625,0,0,0,65.87,,
85981,1040628,0,0,0,65.87,,
85982,1040629,2,0,2,65.87,,
85983,1040626,4,2,2,97.4,,
85984,1040627,2,2,0,83.46,,
85985,1040691,0,0,0,162.73,,
85986,1040693,0,0,0,162.73,,
85987,1040697,3,2,1,171.59,,
85988,1040211,0,0,0,37.17,,
85989,1040212,2,2,0,37.17,,
85990,1040213,2,2,0,37.17,,
85991,1040214,0,0,0,37.17,,
85993,1040217,0,0,0,38.86,,
85994,1040216,2,2,0,37.17,,
85999,ASS030530203,17,11,6,11.02,,13.6
86003,FW-40PROA-BK,4,4,0,180.0,,
86008,1615431-1,2,1,1,63.24,,
86009,1615433-1,3,0,3,65.66,,
86010,1630401-1,0,0,0,67.83,,
86011,1612402-A,4,2,2,109.76,,
86012,1632013-A,6,6,0,116.29,,
86013,1612401-A,3,1,2,96.5,,
86014,1632012-A,6,5,1,103.5,,
86015,1611433,2,2,0,157.04,,
86016,1631037,3,1,2,156.2,,
86017,MJUFOXMMB,7,3,4,25.52,,
86022,010-12676-45,0,0,0,26.24,,
86025,010-12676-15,0,0,0,22.49,,
86026,2000033052,0,0,0,278.95,319.99,
86027,27281,20,17,3,66.32,,95.41
86031,010-13069-00,0,0,0,59.99,,
86032,SM-ACC3-GPSA,3,1,2,40.55,,49.91
86033,1100007,4,4,0,12.96,,
86034,1100009,4,4,0,41.03,,
86035,1104010,15,9,6,40.2,,
86036,1100012,9,5,4,33.4,,
86037,1614201-PP,7,4,3,55.97,,
86038,1615201-EC,8,4,4,15.14,,
86039,1615204-EC,13,6,7,14.21,,
86040,1600003,21,12,9,29.27,,
86041,1600005,5,3,2,29.69,,
86043,1600010,5,3,2,44.74,,
86044,1620004,8,4,4,37.5,,
86045,1620005,6,4,2,35.0,,
86046,1100015,1,1,0,14.54,,
86047,1100115,10,7,3,24.09,,
86048,1620001,8,7,1,36.64,,
86049,1620003,6,6,0,37.23,,
86050,1100031-1,13,8,5,35.43,,
86051,1100031-L1,5,5,0,40.13,,
86052,1100300,19,12,7,75.27,,
86053,1840220,17,12,5,71.01,,
86054,1440248,3,3,0,73.66,,
86055,1561105,10,4,6,18.64,,
86056,1561106,2,1,1,22.37,,
86057,1100018,16,15,1,30.01,,
86058,1300750-1,0,0,0,31.66,,
86059,1300751-1,2,0,2,40.99,,
86060,1300901,15,12,3,130.6,,
86061,1300902,1,1,0,134.47,,
86062,1642008,15,9,6,133.04,,
86063,1642005,8,8,0,116.94,,
86064,1603824,8,4,4,85.96,,
86065,1603825,8,8,0,76.87,,
86066,1601002-L,10,8,2,124.56,,
86067,2171004,16,16,0,17.11,,
86068,2171032,7,7,0,10.64,,
86074,134300-701-004-21,0,0,0,263.5,,
86075,132800-500-004-21,3,0,3,201.33,,
86076,132200-701-004-21,11,5,6,153.95,,
86077,132200-100-004-20,10,3,7,139.99,,
86078,122400-100-020-21,1,1,0,60.0,,
86079,122400-100-040-21,2,2,0,60.0,,
86080,122400-100-060-21,6,6,0,60.0,,
86081,121900-505-002-21,5,5,0,33.57,,
86082,121900-500-002-21,0,0,0,33.57,,
86083,121000-200-001-21,2,0,2,25.99,,
86084,121000-600-001-21,1,0,1,33.57,,
86085,121000-400-002-21,0,0,0,29.38,,
86086,121000-500-002-21,0,0,0,33.57,,
86087,120000-200-030-21,0,0,0,33.57,,
86088,120000-200-050-21,0,0,0,33.57,,
86089,120000-200-070-21,0,0,0,33.57,,
86092,DB412,4,2,2,223.89,,
86095,A2C3833110030,2,2,0,81.71,,
86096,A2C3833150030,0,0,0,81.71,,
86097,A2C3916300030,0,0,0,81.79,,
86098,A2C3833440030,0,0,0,81.6,,
86099,A2C3833450030,0,0,0,81.6,,
86100,A2C3833480030,0,0,0,81.6,,
86101,A2C3832710030,0,0,0,81.68,,
86102,A2C3832730030,0,0,0,81.68,,
86103,A2C3833460030,0,0,0,81.6,,
86104,A2C3832720030,0,0,0,81.68,,
86105,A2C3832740030,0,0,0,81.68,,
86106,A2C3833170030,0,0,0,81.72,,
86107,A2C3832690030,0,0,0,81.8,,
86108,A2C3832700030,0,0,0,81.8,,
86109,A2C3833160030,0,0,0,81.72,,
86110,A2C3833230030,3,2,1,81.72,,
86111,A2C3833490030,0,0,0,81.6,,
86112,A2C3833040030,0,0,0,87.73,,
86113,A2C3833050030,0,0,0,87.85,,
86114,A2C3833520030,0,0,0,81.6,,
86115,A2C3833510030,0,0,0,81.6,,
86116,A2C3916310030,0,0,0,81.6,,
86117,A2C3833380030,0,0,0,81.6,,
86118,A2C3833410030,2,2,0,81.6,,
86119,A2C3833320030,0,0,0,81.72,,
86120,ST9ATP,1,0,1,1026.58,,
86121,A2C3833330030,1,0,1,44.99,,
86122,A2C3833530030,0,0,0,81.6,,
86123,A2C3833470030,0,0,0,81.6,,
86124,A2C3833390030,0,0,0,81.6,,
86125,A2C3832910030,0,0,0,162.57,,
86126,136300-701-999-19,12,12,0,19.33,,
86127,135700-701-999-19,6,0,6,16.88,,
86128,A2C3832930030,1,1,0,162.63,,
86129,A2C3832940030,0,0,0,162.57,,
86130,A2C3832950030,0,0,0,162.57,,
86131,A2C3832880030,0,0,0,162.63,,
86132,A2C3832890030,0,0,0,162.83,,
86133,A2C3832960030,0,0,0,162.57,,
86134,A2C3832970030,0,0,0,162.57,,
86137,A2C3833000030,0,0,0,162.57,,
86138,A2C3833020030,2,2,0,162.57,,
86140,A2C3832860030,0,0,0,167.77,,
86141,A2C3832850030,0,0,0,167.77,,
86142,A2C3832840030,0,0,0,167.77,,
86143,A2C3832830030,0,0,0,167.77,,
86144,A2C3832870030,2,2,0,167.77,,
86145,A2C3832820030,4,3,1,167.77,,
86146,A2C3832810030,0,0,0,167.77,,
86147,A2C3832800030,3,1,2,167.77,,
86148,A2C3832790030,0,0,0,167.77,,
86149,A2C1800340030,0,0,0,81.91,,
86150,ITR050362041,2,1,1,511.93,,631.55
86154,CS2661701,4,2,2,33.66,,
86159,HW-ASSY-2.0SPKR,4,2,2,82.59,,
86162,48-YSP-4JH-B,0,0,0,568.29,566.99,
86165,80-600-0027-00,0,0,0,383.23,,
86166,PMP123021010,5,3,2,1150.63,,1419.5
86167,MOFCKIT4,3,1,2,103.13,,179.95
86168,MOFCKIT8,4,0,4,56.73,,
86169,A2C59514230,0,0,0,41.3,51.84,
86177,A10-228,0,0,0,27.44,,
86178,A10-224,0,0,0,29.09,,
86179,10-960-R,6,2,4,18.78,,
86180,HG1000G,0,0,0,175.0,,215.96
86197,010-13009-00,0,0,0,37.49,,
86198,010-13009-01,0,0,0,37.49,,
86199,010-13009-07,0,0,0,37.49,,
86200,010-13009-02,0,0,0,18.74,,
86201,010-13009-03,1,1,0,18.74,,
86202,010-13009-04,0,0,0,37.49,,
86203,010-13009-05,0,0,0,22.49,,
86204,010-13009-06,0,0,0,37.49,,
86206,010-11051-20,0,0,0,314.99,,
86208,010-01248-90,0,0,0,974.99,,
86209,010-01248-70,0,0,0,1087.49,,
86211,51300,57,11,46,7.98,,
86212,51310,24,4,20,7.98,,
86217,HG500,4,2,2,126.25,,143.96
86234,ZDIGNAVDOC,15,7,8,315.0,,
86236,FAP3011,0,0,0,760.0,,
86244,G200924,0,0,0,11.9,,
86245,A06073,0,0,0,21.3,,
86249,SC-CW-07E,1,1,0,42.33,,
86259,18500000,3,2,1,123.59,,
86262,600-881,0,0,0,6.94,,
86272,RF4012,0,0,0,24.67,33.96,
86273,RF4013,34,22,12,64.2,84.15,
86274,RF4014,0,0,0,73.46,101.15,
86275,RF4015,0,0,0,73.46,101.15,
86276,PUMPOCT16-12,1,1,0,400.0,,
86279,9283.4,1,0,1,435.94,,
86289,2920,4,4,0,280.99,,
86290,65F3B,0,0,0,213.58,,
86293,FGBT11025120T00,0,0,0,1139.83,,
86294,FGBT12530120T00,0,0,0,1310.43,,
86295,FGBT12540120T00,0,0,0,1437.48,,
86296,FGBT14030120T00,0,0,0,1546.39,,
86297,FGBT14040120T00,0,0,0,1614.63,,
86298,FGBT18055120T00,0,0,0,1814.28,,
86308,510R,7,3,4,10.65,,
86314,303303050WH-1,0,0,0,1.94,,
86315,303304050-1,9,0,9,3.08,,
86316,303305050-1,0,0,0,3.94,,
86320,03-212-312,0,0,0,661.88,847.2,
86323,SCM-10-EXT-CC-20,2,0,2,499.0,,699.0
86331,CLPX2T3/BK,11,4,7,45.64,,76.95
86332,CLPX2T3/WH,0,0,0,45.64,,76.95
86335,TMBRX/WH,0,0,0,22.95,,37.95
86336,TMBRX/BK,0,0,0,22.95,,37.95
86337,FLMBX/WH,0,0,0,39.46,,64.95
86338,FLMBX/BK,0,0,0,39.46,,64.95
86361,A80674,10,8,2,38.34,,
86362,A80675,24,11,13,38.34,,
86376,MIUL10WHT,1,0,1,59.99,,
86397,SIL16,2,0,2,59.99,,
86401,MIU60WHT,2,0,2,699.99,,
86412,HG250,3,1,2,106.25,,
86416,0289,10,0,10,20.83,,
86417,0290,22,12,10,22.28,,
86420,93806YUS7,6,2,4,38.45,,
86422,000-15793-001,0,0,0,1547.14,,1799.0
86429,KPB30A,0,0,0,133.93,,
86430,KPB30B,5,2,3,133.93,,
86431,KPB30C,0,0,0,159.07,,
86432,KPB60A,0,0,0,159.07,,
86433,KPB60B,0,0,0,159.07,,
86434,KPBQCKA,0,0,0,66.96,,
86435,KPBQCKB,0,0,0,66.96,,
86437,KPPC,4,2,2,8.64,,
86438,KPP100B,7,4,3,83.69,,
86439,KPP100W,9,2,7,83.69,,
86440,KPP120B,13,6,7,93.75,,
86441,KPP120W,9,3,6,93.75,,
86444,FS800IR,1,1,0,207.57,,299.95
86445,KPP802B,8,4,4,75.33,,
86446,KPP802W,7,2,5,75.33,,
86449,KPS25B,1,1,0,117.2,,
86451,KPS50A,1,0,1,125.57,,
86452,KPS50B,2,2,0,125.57,,
86464,M5-7A-4342-8,10,0,10,68.4,,
86467,85-B203STN,10,6,4,476.41,,
86468,85-B203MAR,4,4,0,48.69,,
86469,75-7060B,2,0,2,38.9,,
86470,75-7061,8,5,3,15.73,,
86471,55-9200,9,4,5,30.0,,
86472,55-9300,5,3,2,41.21,,
86473,55-9400,8,3,5,45.91,,
86474,55-9500,6,6,0,18.49,,
86475,55-9600,11,5,6,35.23,,
86476,165T/275LHW-12P,4,4,0,3288.89,,
86477,1245SC,5,4,1,38.46,,
86490,FI5001/30M,0,0,0,573.33,,
86499,63106,77,6,71,9.98,,
86504,INFR3000,18,6,12,149.99,,
86518,C30253W,0,0,0,208.27,307.8,
86519,C30503W,1,1,0,282.56,417.6,
86532,010-02551-04,0,0,0,359.99,,
86543,M5-7A-4261-8,23,0,23,61.9,,
86544,KG-1BL-PR,3,0,3,38.67,49.3,
86546,W744,2,0,2,48.49,,
86551,69390,7,0,7,107.13,,
86552,53083,7,3,4,8.85,,
86553,53086,11,8,3,8.23,,
86554,53092,22,6,16,8.85,,
86555,53093,4,2,2,8.23,,
86558,41980,5,5,0,45.73,,
86559,41982,1,0,1,47.99,,
86560,41983,13,6,7,25.9,,
86561,41985,0,0,0,41.95,,
86562,41986,9,3,6,7.5,,
86563,41987,7,2,5,13.96,,
86564,51798,7,3,4,56.54,,
86565,YBP-0306,4,0,4,26.69,,37.98
86566,69004,4,2,2,189.86,,
86567,69005,9,5,4,213.61,,
86568,69002,7,5,2,143.17,,
86569,69003,9,6,3,165.76,,
86570,69341,10,7,3,19.09,,
86571,69300,8,6,2,13.71,,
86572,69301,18,11,7,19.23,,
86573,69310,6,5,1,29.5,,
86574,69311,2,2,0,35.04,,
86576,A-4-GREY,6,0,6,93.41,,
86577,A-5-GREY,1,0,1,197.44,,
86582,A-2-GREY,8,1,7,49.53,,
86583,A-3-GREY,16,10,6,66.31,,
86585,32305-5012-3A,11,6,5,119.67,,
86586,Q401J-118N-3A,14,5,9,146.69,,
86587,Q401J-118N-4A,14,6,8,169.84,,
86588,P501J-119N-3A,4,2,2,185.28,,
86589,P601J-219N-3A,15,9,6,204.58,,
86590,P601J-219N-4A,16,8,8,227.74,,
86591,Q402J-118N-3A,11,3,8,186.83,,
86593,P602J-219N-3A,15,10,5,227.74,,
86594,6220,4,2,2,42.23,61.65,
86595,6221,6,2,4,73.9,107.9,
86596,6280,4,2,2,225.86,329.75,
86597,6277,4,2,2,147.85,215.85,
86610,42630-3512-3C,12,6,6,84.93,,
86611,31295-3512-3A,10,6,4,96.51,,
86612,31395-2512-3A,12,8,4,104.22,,
86614,31395-4012-3A,5,1,4,104.22,,
86616,SKI024080002,4,3,1,1090.0,,1344.7
86620,Q301J-115S-3A,5,1,4,127.38,,
86621,Q301J-118S-3A,11,6,5,140.12,,
86622,Q401J-115S-3A,0,0,0,150.54,,
86623,Q401J-118S-3A,17,10,7,150.54,,
86624,P501J-115S-3A,6,5,1,185.28,,
86625,P501J-118S-3A,7,5,2,185.28,,
86626,P601J-215S-3A,8,5,3,200.73,,
86627,P601J-218S-3A,6,1,5,200.73,,
86628,31295-3524-3A,11,5,6,131.63,,
86629,31395-2524-3A,6,6,0,140.12,,
86630,31395-4024-3A,9,6,3,127.38,,
86632,010-02316-10,8,0,8,236.24,,
86634,010-02316-00,5,4,1,236.24,,
86636,Q402J-115S-3A,4,0,4,173.7,,
86653,Q402J-118S-3A,5,2,3,191.07,,
86654,P602J-215S-3A,9,3,6,246.27,,
86655,P602J-218S-3A,10,4,6,221.16,,
86659,03-114-200,1,0,1,316.25,404.8,
86660,03-114-214,0,0,0,316.25,404.8,
86662,03-114-212,0,0,0,316.25,404.8,
86663,03-112-214,0,0,0,413.75,529.6,
86664,03-112-212,0,0,0,413.75,529.6,
86665,03-134-300,0,0,0,468.75,600.0,
86666,03-134-312,0,0,0,468.75,600.0,
86667,03-200-300,0,0,0,540.0,691.2,
86668,03-200-312,0,0,0,540.0,691.2,
86669,03-214-312,0,0,0,661.88,847.2,
86670,03-214-400,0,0,0,661.88,847.2,
86671,03-212-400,0,0,0,661.88,847.2,
86672,03-300-412,0,0,0,911.25,1166.4,
86673,03-312-500,0,0,0,1484.38,1900.0,
86686,6500-WB,0,0,0,184.14,,
86708,50180,9,6,3,192.55,,
86713,50182,3,2,1,255.75,,
86714,50184,0,0,0,277.5,,
86715,50186,1,0,1,383.73,,
86716,SA-340-BL,13,2,11,45.88,,
86717,SA-340-WT,6,2,4,45.88,,
86753,22911,8,6,2,98.5,,
86799,FWGB-100-RB,0,0,0,98.13,,
86819,TSP-1-DP,14,8,6,22.01,,
86820,TSP-2-DP,1,0,1,18.29,,
86821,1377605,12,12,0,556.88,,
86853,96604,0,0,0,9.08,12.16,
86854,96607,0,0,0,5.69,7.62,
86864,PIN123020000,0,0,0,774.44,,955.4
86868,1544,1,1,0,192.4,274.95,
86870,1540,2,0,2,98.48,140.95,
86871,1542,4,2,2,131.74,187.95,
86872,010-13072-00,4,2,2,314.99,,
86873,010-13073-00,18,13,5,356.24,,
86876,1902340X2/COVERS,0,0,0,2853.41,,
86877,1902335X2/COVERS,0,0,0,2552.28,,
86878,010-12989-00,0,0,0,14.99,,
86879,010-12989-01,7,1,6,18.74,,
86880,010-12989-02,0,0,0,18.74,,
86881,010-12990-00,0,0,0,14.99,,
86882,010-12992-00,0,0,0,22.49,,
86883,010-12993-00,0,0,0,22.49,,
86884,010-12990-01,2,0,2,18.74,,
86885,010-12992-01,0,0,0,26.24,,
86886,010-12993-01,2,1,1,22.49,,
86887,010-12990-02,0,0,0,18.74,,
86888,010-12992-02,0,0,0,29.98,,
86889,010-12993-02,3,1,2,29.98,,
86890,010-02246-02,0,0,0,143.99,,
86891,010-02246-00,0,0,0,103.99,,
86892,AT-880,0,0,0,33.33,,
86894,AT-85810,0,0,0,12.65,,
86895,AT-388,0,0,0,74.32,,
86896,88100,0,0,0,125.29,,
86898,37161,0,0,0,110.37,,
86901,RMC-101FMK-DP,5,2,3,110.78,,
86903,RMC-101MK-DP,1,1,0,92.32,,
86904,RMC-104FMK-DP,4,2,2,92.32,,
86905,RMC-105FMK-DP,4,4,0,92.32,,
86906,RMC-109-DP,2,2,0,115.46,,
86907,RMC-108-DP,2,2,0,108.81,,
86960,150800-200-070-20,0,0,0,58.32,,
86971,101037,27,10,17,95.24,,
86976,CEC34,1,1,0,32.61,,
86977,CEC10,30,11,19,8.07,,
86978,ZDIGDST810,4,2,2,349.96,,
86979,CEC15,6,1,5,18.91,,
86980,CEC25,2,2,0,25.59,,
86981,CEC50,0,0,0,46.84,,
86982,CEC75,5,5,0,61.73,,
86983,31300006,92,24,68,12.61,15.99,
86984,BPC123048102,11,8,3,162.14,,205.7
86986,010-12225-10,0,0,0,29.98,,
86987,010-13071-00,5,2,3,18.74,,
86988,010-13070-00,24,10,14,22.49,,
86989,22610-9427,6,3,3,297.59,,
86990,100-298-436-10,0,0,0,13.64,,
86994,010-12100-13,0,0,0,8.0,,
86997,S-0627C,8,2,6,89.86,,
86998,S-0628C,3,1,2,89.86,,
86999,S-0629C,0,0,0,89.86,,
87002,301-011KLST-B,0,0,0,1748.13,,2185.17
87010,CX4A,6,6,0,119.0,,
87011,E179F,4,2,2,42.0,,
87012,ZDIGCLA2000/BUNDLE,2,2,0,1924.96,,
87013,83012031,0,0,0,184.73,,
87017,OCTAFG2012,1,1,0,631.64,,
87018,OCTAFG2024,0,0,0,631.64,,
87029,B00042501,2,2,0,185.45,214.19,
87030,B00043901,0,0,0,92.73,107.09,
87031,010-12097-00,0,0,0,37.49,,
87033,G-GATE-G,0,0,0,753.89,,
87044,SCC110020160R,6,4,2,72.34,,89.25
87055,LLB-70SL-01-00,0,0,0,6.92,,
87056,LLB-63CT-01-00,0,0,0,65.85,,
87057,LLB-63AU-01-00,2,0,2,25.24,,
87058,209FDP,8,1,7,154.01,,
87061,010-13014-00,3,2,1,84.49,,
87062,MC-618-H,2,0,2,267.82,328.0,
87063,SG205,3,0,3,155.46,183.0,
87064,SG210,1,0,1,233.59,275.0,
87069,VTC300-32-12,0,0,0,499.38,,
87070,BCA1000V-110-32,0,0,0,1248.86,,
87071,BCA1550-12,0,0,0,1604.74,,
87072,BCA1550-24,0,0,0,1604.74,,
87097,29295-1000,32,22,10,17.91,,
87098,29295-1010,18,9,9,19.7,,
87105,23610-3003,3,1,2,390.69,,
87110,RM12,9,4,5,68.65,,
87174,944113,2,2,0,125.0,199.99,
87177,701513,0,0,0,143.74,229.99,
87249,DST-810MSF,0,0,0,377.78,,
87257,MRX-EXT20,0,0,0,14.56,,26.95
87285,C1000CH,0,0,0,33.33,,
87286,LED1000,0,0,0,15.07,,
87287,FP36,1,0,1,41.1,,
87288,FP36USA,5,3,2,43.84,,
87289,FP36DIVE,3,1,2,43.84,,
87290,FP72,0,0,0,43.84,,
87291,FP72USA,0,0,0,46.58,,
87292,FP72DIVE,0,0,0,46.58,,
87294,240-864,6,1,5,3.29,,
87321,BOWA0571,0,0,0,2601.56,3330.0,
87322,331-546,3,3,0,27.84,,
87348,260-15270,0,0,0,38.05,,
87349,260-15271,0,0,0,38.05,,
87350,301-15278,0,0,0,16.19,,
87351,A2C1767000001,0,0,0,462.86,534.59,
87354,A2C1824820001,0,0,0,278.18,321.29,
87355,310-15277,0,0,0,16.19,,
87356,332-15282,0,0,0,16.19,,
87358,333-15273,0,0,0,56.2,,
87359,333-15272,0,0,0,56.2,,
87360,333-15274,0,0,0,56.2,,
87361,333-15275,0,0,0,56.2,,
87362,350-15276,0,0,0,16.19,,
87363,382-11805,0,0,0,43.08,,
87364,382-15279,0,0,0,16.19,,
87365,382-15280,0,0,0,16.19,,
87366,382-15281,0,0,0,43.08,,
87367,150-15283,0,0,0,26.67,,
87368,TBB-100,0,0,0,156.0,,
87370,GPX28PV,1,1,0,540.0,,639.95
87372,V-100L,9,9,0,41.0,,
87373,V-120L,0,0,0,61.0,,
87378,301-011KL-B,0,0,0,1164.35,,1455.43
87379,APL16997P2,3,1,2,54.99,,
87380,APL17014S2,3,0,3,42.99,,
87381,APL17011S2,0,0,0,66.91,,
87388,AQX20389,10,7,3,9.99,,
87389,AQX19075P3,1,0,1,24.99,,
87394,DPX18230S4L,0,0,0,52.78,,
87395,APL20415,7,1,6,39.87,,
87396,APL19981,7,5,2,74.99,,
87397,APL20416,1,0,1,99.99,,
87399,APL20125,14,7,7,59.87,,
87401,B00042201,8,4,4,92.73,107.09,
87402,B00042301,2,1,1,250.91,289.79,
87404,B00070401,0,0,0,278.18,321.29,
87405,B00042401,6,3,3,111.43,128.69,
87497,OT-4200CF-HD,3,0,3,2689.62,,
87503,PLABW250,1,0,1,17.81,,
87511,PLABZ100,7,3,4,21.59,,
87512,PLABZ360,2,0,2,57.59,,
87513,PLABZ370,8,1,7,71.99,,
87514,PLABZ400,0,0,0,86.39,,
87515,PLABZ500,3,3,0,86.39,,
87516,PLASE350,7,7,0,15.0,,
87517,PLASE300,0,0,0,30.0,,
87518,PLASE366,5,5,0,27.0,,
87519,PLASE377,8,8,0,33.0,,
87520,PLASM364,15,15,0,16.8,,
87544,B00043501,7,7,0,94.03,107.94,
87552,101647,8,4,4,125.73,,
87553,101648,4,4,0,207.98,,
87554,101649,5,2,3,284.3,,
87555,101650,5,2,3,345.29,,
87556,101680,0,0,0,1429.41,,
87565,AQL11310SSP,8,5,3,19.99,,
87578,P13228-202 PCWT,1,1,0,32.99,,
87579,P13228-204 PCWT,3,1,2,19.99,,
87582,P12848-100,0,0,0,322.4,,
87584,P12848-200,1,0,1,161.19,,
87585,P12848-300,0,0,0,80.57,,
87586,P13005-100,6,4,2,80.57,,
87587,P13371-300TEBCL,0,0,0,201.49,,
87588,P13371-300TEBBK,3,3,0,201.49,,
87589,P13371-300TEBGR,1,0,1,201.49,,
87590,P13371-320TEBCL,0,0,0,201.49,,
87591,P13371-320TEBBK,0,0,0,201.49,,
87592,P13371-360TEBBK,0,0,0,201.49,,
87593,P13371-360TEBGR,0,0,0,201.49,,
87594,P12848-250,8,5,3,242.53,,
87595,P12848-350,3,2,1,161.15,,
87596,P13020-100,0,0,0,92.97,,
87597,P13020-100 BK,0,0,0,92.97,,
87598,P12902-100,1,0,1,44.99,,
87599,P12902-100 BK,0,0,0,83.66,,
87600,MS-140,3,3,0,40.27,,
87601,MS-100,0,0,0,32.21,,
87602,P12848-13,0,0,0,46.46,,
87603,P13228-02,0,0,0,46.46,,
87604,P12848-33,0,0,0,37.17,,
87605,P12848-36 BK,0,0,0,4.62,,
87606,P12682-58,0,0,0,11.12,,
87607,P12682-58 BK,0,0,0,11.12,,
87608,P12682-58 GR,3,2,1,11.12,,
87609,P13157-105,0,0,0,27.86,,
87610,P13157-105 BK,0,0,0,27.86,,
87611,B00001201,2,0,2,25.71,29.69,
87612,A2C17593300,0,0,0,8.31,9.53,
87615,B00067401,3,3,0,167.4,203.39,
87622,101672,6,6,0,120.36,,
87623,101673,12,6,6,128.47,,
87624,101670,18,10,8,123.26,,
87625,101671,7,0,7,131.35,,
87627,MC-TS-A80,1,0,1,33.16,40.99,
87628,01-92-083,4,2,2,15.37,,
87629,01-92-084,4,2,2,23.04,,
87630,01-92-086,4,2,2,25.06,,
87631,09-01-035,0,0,0,416.13,,
87633,5505-7,27,5,22,44.14,,
87634,5508-7,16,6,10,68.11,,
87635,5509-7,0,0,0,71.98,,
87636,5512-7,14,4,10,79.96,,
87637,5513-7,5,2,3,83.85,,
87638,SCC115070211,6,2,4,310.05,,382.5
87660,LHRF30ASSY,3,3,0,73.08,108.0,
87663,UBB2,1,0,1,72.95,89.99,
87664,MC-TS-B30,0,0,0,43.71,53.99,
87665,SG2-0403,2,0,2,48.22,54.99,
87666,SG2-0404,2,0,2,28.4,32.99,
87668,202213BLK,0,0,0,150.0,239.99,
87669,HT471TG,0,0,0,117.5,,
87672,930314,0,0,0,579.37,926.99,
87674,LLB-26LC-61-00,0,0,0,10.75,,
87682,15-TSS,0,0,0,65.71,80.99,
87683,C1-70-A00S,0,0,0,5607.78,,
87684,C1-70-A00R,0,0,0,5880.0,,
87688,24104,1,1,0,53.89,,
87689,25104,1,1,0,44.43,,
87690,24105,0,0,0,53.3,,
87691,25105,0,0,0,57.75,,
87692,36211201,0,0,0,657.6,,822.0
87693,45513040,0,0,0,347.33,,
87695,35511500,2,1,1,759.2,,949.0
87696,35513500,5,3,2,1541.7,,
87697,35523500,3,1,2,1699.83,,
87699,TC861,13,9,4,8.17,,
87700,TC862,7,5,2,8.17,,
87701,TK860,10,6,4,20.64,,
87702,710010,0,0,0,24.25,,
87703,710020,0,0,0,20.78,,
87704,710030,0,0,0,24.25,,
87705,710040,0,0,0,22.87,,
87706,711000,0,0,0,34.64,,
87707,703041,0,0,0,22.67,,
87708,703042,0,0,0,25.48,,
87709,262245,5,3,2,3.49,,
87710,262255,11,7,4,4.06,,
87711,262265,14,6,8,4.64,,
87712,262275,8,5,3,5.2,,
87713,262285,7,5,2,5.78,,
87714,A2C59512947,0,0,0,11.69,12.74,
87715,262295,14,10,4,6.35,,
87716,262715,3,1,2,7.79,,
87717,262725,8,3,5,9.5,,
87718,262246,3,2,1,3.49,,
87719,262256,12,6,6,4.06,,
87720,262266,3,2,1,4.64,,
87721,262276,5,2,3,5.2,,
87722,262286,0,0,0,5.78,,
87723,262296,8,2,6,6.35,,
87724,262716,5,3,2,7.79,,
87725,262726,5,5,0,9.5,,
87728,242130,0,0,0,24.48,,
87729,242140,0,0,0,30.6,,
87730,242150,1,0,1,40.8,,
87731,242160,0,0,0,51.15,,
87732,242170,0,0,0,51.15,,
87735,242180,0,0,0,66.96,,
87737,SEA3000,12,1,11,182.94,,
87738,AIR129,0,0,0,480.43,,
87739,CANBUS W SYS,0,0,0,304.77,,
87740,129OBI,3,1,2,764.14,,
87741,189OBI,1,0,1,808.83,,
87742,249OBI,1,0,1,779.64,,
87743,309OBI,0,0,0,860.06,,
87744,1212OBI,2,1,1,809.63,,
87745,1812OBI,0,0,0,831.61,,
87746,2412OBI,1,0,1,853.59,,
87747,3012OBI,0,0,0,881.22,,
87748,M80OBI,2,2,0,808.09,,
87749,M120OBI,1,0,1,804.0,,
87750,ST9OBI,4,2,2,855.27,,
87751,ST12OBI,2,1,1,1035.69,,
87752,ST16OBI,0,0,0,1176.32,,
87756,LHRF50ASSY,0,0,0,92.56,136.8,
87757,RF30,7,6,1,54.21,80.1,
87758,RF50,0,0,0,73.08,108.0,
87761,CM30253,3,3,0,292.31,432.0,
87762,CM30503,4,4,0,351.99,520.2,
87763,CM50254,0,0,0,589.49,871.2,
87764,CM50504,0,0,0,686.92,1015.2,
87767,RDPWL,4,4,0,37.76,55.8,
87768,RDPWP,0,0,0,37.76,55.8,
87770,USB-1,9,8,1,24.98,,
87780,B00034901,0,0,0,124.42,151.19,
87781,B00041601,2,0,2,64.99,124.19,
87782,B00041701,0,0,0,181.43,220.49,
87790,BOS12V4,0,0,0,305.37,,
87792,3000P-10,0,0,0,146.55,,
87793,3001P-10,0,0,0,156.18,,
87794,3002P-10,0,0,0,174.69,,
87795,3005P-10,0,0,0,139.31,,
87796,3006P-10,0,0,0,162.63,,
87797,3008P-10,0,0,0,184.31,,
87798,3009P-10,0,0,0,157.49,,
87799,3010P-10,0,0,0,159.03,,
87804,1001P-10,0,0,0,88.24,,
87805,1002P-10,0,0,0,91.36,,
87806,1003P-10,0,0,0,94.53,,
87815,V11-9990GRD80-2,2,0,2,641.49,,
87816,B60-20-9N,2,1,1,236.02,324.99,
87818,MSK-10A,2,2,0,36.36,52.5,
87819,NTX-1000-12,0,0,0,278.52,384.1,
87820,NTX-1500-12,1,1,0,340.0,468.9,
87821,NTX-2000-12,1,1,0,407.5,562.1,
87822,NTX-3000-12,1,1,0,569.32,785.2,
87823,NTX-RC,1,1,0,34.66,47.8,
87825,010-10962-10,0,0,0,47.99,,
87826,010-12825-00,0,0,0,39.99,,
87827,010-12825-02,0,0,0,79.98,,
87828,010-12941-01,0,0,0,15.99,,
87830,010-11828-40,0,0,0,27.99,,
87831,010-11864-00,0,0,0,27.99,,
87832,010-11925-00,0,0,0,31.99,,
87833,010-12881-05,2,0,2,79.98,,
87864,323-421,2,1,1,11.08,,
87868,60-YP-MC-100-SV,1,0,1,755.69,925.0,
87869,60-YP-MC-100-J10,2,0,2,755.69,925.0,
87876,GP1900-15,0,0,0,318.06,,
87877,RC108CAP12V,0,0,0,2102.94,2860.0,
87880,SKY012070000,1,1,0,615.28,,759.05
87881,SKY012070100,3,1,2,677.98,,836.4
87882,SKY024035000,4,2,2,615.28,,759.05
87883,SKY024035100,5,1,4,677.98,,836.4
87885,PP5920-03,0,0,0,414.53,,
87886,REC000300010R,4,2,2,106.11,,130.9
87887,ASS030543020,6,3,3,175.69,,216.75
87892,BPC122547106,11,9,2,140.03,,177.65
87893,010-12881-08,0,0,0,79.98,,
87894,010-12881-03,0,0,0,119.99,,
87895,010-12881-01,0,0,0,39.99,,
87907,GP1392,36,7,29,32.6,,
87909,A3000/CVR-JBL,0,0,0,20.05,,
87916,SM-ACC-ACRE-120,5,2,3,56.61,,69.67
87923,A2K-KIT-3,1,0,1,154.24,,
87926,DDC,2,1,1,48.99,,
87932,DB1-20,0,0,0,103.52,,
87941,25003,0,0,0,35.3,,
87942,25004,1,1,0,47.99,,
87945,25007,1,1,0,31.99,,
87946,25008,1,1,0,59.99,,
87948,25010,1,1,0,46.99,,
87949,25011,4,0,4,36.99,,
87951,45001,1,1,0,184.99,,
87953,45003,6,5,1,74.99,,
87955,45005,5,1,4,109.99,,
87956,45006,1,1,0,129.99,,
87957,45007,5,2,3,117.99,,
87958,45008,2,2,0,49.99,,
87960,45010,1,0,1,49.99,,
87962,45012,2,0,2,94.99,,
87963,45013,7,3,4,119.99,,
87964,KTF0200,1,1,0,254.99,,
87974,810074,12,6,6,28.01,47.97,
87975,890164,19,19,0,30.35,41.97,
87985,784-0110S,0,0,0,361.64,,
87987,784-0330,0,0,0,1153.94,,
87988,708-0150,2,1,1,96.05,,
87989,818-2015,8,6,2,1085.92,,
87990,818-3015,12,7,5,1338.28,,
87991,820-4080-41,0,0,0,2357.2,,
88006,9600005997,6,2,4,208.33,,
88041,709-3024-01,0,0,0,114.14,,
88042,710-3024-01,6,4,2,224.12,,
88043,710-0010,1,1,0,57.07,,
88048,GS-500XL,0,0,0,3169.23,,
88050,A80691,5,2,3,149.99,,
88052,A80585,0,0,0,116.66,,
88053,A80630,0,0,0,119.31,,
88055,001-512-600-00,5,5,0,127.27,,
88064,APX21-BK/DK,13,7,6,59.09,94.66,
88074,683-150,1,1,0,54.0,,
88075,683-100,0,0,0,52.45,,
88076,682-080,0,0,0,115.3,,
88077,683-080,0,0,0,38.44,,
88078,683-060,3,3,0,25.0,,
88079,3000S-02,0,0,0,159.95,,
88080,FMS-1-0-DP,26,10,16,11.81,,
88081,682-060,0,0,0,84.77,,
88082,683-050,7,7,0,24.2,,
88083,682-050,1,1,0,72.65,,
88085,3001S-02,0,0,0,170.45,,
88086,3002S-02,0,0,0,190.65,,
88087,3005S-02,0,0,0,152.04,,
88088,3006S-02,0,0,0,177.5,,
88090,3008S-02,0,0,0,201.19,,
88092,3009S-02,0,0,0,171.89,,
88093,3010S-02,0,0,0,173.59,,
88094,2000S-02,0,0,0,109.16,,
88095,2001S-02,0,0,0,118.46,,
88096,2002S-02,0,0,0,146.34,,
88099,RLFP122202A,5,2,3,82.06,,
88101,1000S-02,1,1,0,49.99,,
88102,R3526144D,4,4,0,81.06,,
88103,1001S-02,0,0,0,101.96,,
88104,R3526344D,2,2,0,116.35,,
88106,1002S-02,0,0,0,105.61,,
88108,Q301V-117S-3A,0,0,0,115.8,,
88109,1003S-02,0,0,0,109.26,,
88110,1004S-02,0,0,0,120.2,,
88111,SSRS#2VP,5,5,0,8.34,,
88112,Q401V-117S-3A,8,5,3,165.59,,
88113,SSRS#3VP,0,0,0,8.34,,
88115,9000S-02,0,0,0,131.13,,
88116,Q402V-117S-3A,7,4,3,191.07,,
88117,9001S-02,2,2,0,39.99,,
88118,9002S-02,2,2,0,59.99,,
88119,9003S-02,0,0,0,152.98,,
88120,SSRS#4VP,0,0,0,8.34,,
88121,SSRS#5VP,0,0,0,8.34,,
88122,9004S-02,1,1,0,49.99,,
88123,SSRS#6VP,3,3,0,8.34,,
88124,9005S-02,2,2,0,49.99,,
88125,SSRS#8VP,5,5,0,8.34,,
88126,SSRS#10VP,4,4,0,8.34,,
88130,BSHBTSS#6,10,10,0,7.65,,
88132,BSHBTSS#4,0,0,0,7.65,,
88133,BSHBTSS#3,1,1,0,7.65,,
88135,BSHBSWR#5,0,0,0,6.39,,
88136,BSHBSWR#4,0,0,0,6.39,,
88137,BSHBSWR#3,0,0,0,6.39,,
88138,BSHBSWR#2,0,0,0,6.39,,
88139,BSHBSWR#1,0,0,0,6.39,,
88143,385311997,0,0,0,41.07,,
88184,3100205-M,7,3,4,72.41,,
88185,APT-150-02,4,2,2,264.38,,
88186,102440,0,0,0,39.87,,
88192,39615-80327,0,0,0,130.63,174.99,
88193,385320005,6,2,4,30.79,,
88194,301097606,3,2,1,137.74,,
88195,385311462,2,0,2,48.39,,
88196,385316906,4,2,2,49.85,,
88201,010-12982-02,0,0,0,111.99,,
88202,010-12982-05,0,0,0,19.99,,
88203,385310018,2,2,0,29.32,,
88204,385310239,0,0,0,36.65,,
88206,RESP7,4,4,0,63.11,,
88207,RLWRS,0,0,0,8.47,,
88208,RLWRM,13,13,0,8.91,,
88209,RLWRL,8,8,0,9.16,,
88210,SRHO9,1,1,0,13.42,,
88211,RFMT,4,4,0,18.45,,
88214,010-13007-00,0,0,0,202.49,,
88219,2000037883,0,0,0,65.59,,
88220,2000038018,0,0,0,104.26,,
88221,2000038017,0,0,0,19.71,,
88223,SCM-SLF-GW-WH,1,1,0,125.0,,172.0
88224,SCM-SLF-WBR-WH,3,2,1,138.41,,189.0
88225,SCM-SLF-CC-WH,2,1,1,147.76,,199.0
88226,SCM-SLF-CC-BK,2,0,2,142.0,,199.0
88227,SCM-SLB-GW-WH,2,2,0,135.0,,194.0
88228,SCM-SLB-WBR-WH,1,1,0,148.28,,208.0
88229,SCM-SLB-CC-WH,2,2,0,157.62,,218.0
88230,SCM-SLB-CC-BK,0,0,0,157.62,,218.0
88231,SCM-AL-TRACK-1M,16,8,8,3.2,,4.0
88232,88613-1,0,0,0,42.11,75.99,
88233,88645-1,0,0,0,93.74,161.99,
88234,88645,1,0,1,14.94,25.99,
88235,88646,0,0,0,27.16,46.99,
88236,88646-1,0,0,0,140.61,268.99,
88237,88647,0,0,0,40.75,68.99,
88238,88647-1,0,0,0,186.13,322.99,
88239,88610-1,0,0,0,62.49,107.99,
88240,PCH012030001,5,2,3,377.57,,465.8
88241,MA112,1,1,0,187.5,,
88242,901801,0,0,0,505.62,808.99,
88243,901802,0,0,0,528.75,845.99,
88245,46599,0,0,0,75.62,120.99,
88246,20925000A,1,1,0,7.82,,
88247,SCM-MFD-LC-KIT,1,1,0,532.43,,649.0
88248,IN6707.HL,0,0,0,76.77,,
88249,2707.2M,0,0,0,85.3,128.95,
88252,SCM-DLX-CC-WH,2,0,2,83.26,,116.0
88253,SCM-DLX-CC-BK,0,0,0,80.49,,116.0
88255,SCM-DLX-WBR-WH,2,0,2,79.0,,109.0
88256,SCM-DLX-GW-WH,1,1,0,71.2,,98.0
88257,SCM-SWITCH-O/O/M,1,0,1,19.8,,28.99
88258,4758-172-A80,5,1,4,345.86,,
88309,IF-KS-650-25-BLK,2,0,2,10.0,,
88330,IF-RS-650-100-BLK,1,1,0,25.0,,
88338,IF-RS-800-100-BLK,2,0,2,25.0,,
88340,ORI241270020,12,9,3,100.59,,124.1
88342,954000,1,0,1,63.47,,
88343,954200,3,1,2,79.72,,
88344,954400,3,2,1,71.6,,
88345,131822000,0,0,0,50.61,,
88348,IF-KS-800-50-WHT,1,0,1,25.0,,
88351,IF-KS-800-25-BLK,2,0,2,19.0,,
88353,IF-KS-800-75-BLK,2,0,2,25.0,,
88400,WS-RECO8-50-BLK,2,0,2,19.0,,
88401,WS-RECO8-75-BLK,1,0,1,19.0,,
88420,WS-REV12-FAHP-50-WHT,3,0,3,25.0,,
88430,7TM-01-F330,0,0,0,3359.2,,
88431,7TX-01-F010,1,1,0,242.99,,
88432,7GX-03-F010,0,0,0,171.64,,
88433,GP1040-17,0,0,0,334.53,,
88439,E70373-00-102,0,0,0,4439.99,,
88440,E70531-00-102,0,0,0,398.93,,
88441,E70532-00-102,0,0,0,479.99,,
88442,E70532-05-102,0,0,0,559.99,,
88456,FS-FR7022-700-50-BLK,1,1,0,15.0,,
88472,FS- FR6022-600-50-BLK,1,1,0,15.0,,
88473,FS- FR6022-600-75-BLK,1,0,1,15.0,,
88474,FS- FR6022-600-100-BLK,1,1,0,25.0,,
88475,M5-7A-4361-8,0,0,0,116.55,,
88476,M5-7A-6362-8,0,0,0,138.51,,
88483,BPC121545102,14,10,4,99.83,,126.65
88484,BPC121546102,13,7,6,115.24,,146.2
88485,BPC122045102,23,11,12,119.93,,152.15
88486,BPC122046102,13,6,7,134.67,,170.85
88487,BPC123047102,4,4,0,144.05,,182.75
88489,ORI303050000,3,1,2,545.69,,673.2
88491,BAW4010,0,0,0,26.78,,
88493,001-588-890-00,0,0,0,50.0,,
88502,MC-612-DUAL-H,0,0,0,322.96,396.0,
88506,SCC010020060,0,0,0,45.47,,56.1
88507,MMC-9N-L,0,0,0,104.18,135.0,
88508,996476531,0,0,0,177.22,,
88519,100-330-843-10,2,0,2,24.55,,
88589,SSM-21A,18,18,0,53.33,,
88594,HE-FLPUS,0,0,0,39.57,,
88596,S00-01195-10,0,0,0,4.26,,
88597,F91401,7,6,1,3.99,,
88598,F91402,2,0,2,5.49,,
88600,F91404,2,2,0,3.99,,
88602,F91406,6,6,0,6.99,,
88605,46700,0,0,0,91.88,129.99,
88606,46701,0,0,0,98.44,134.99,
88607,46702,0,0,0,114.84,149.99,
88608,150PHW,2,1,1,8.59,,
88609,GP2170-16,0,0,0,385.44,,
88611,F91401-3,2,2,0,11.99,,
88638,DB3901,2,0,2,268.33,,
88639,KF5000WH,3,2,1,111.54,,
88641,WS2-C10,0,0,0,106.88,,
88642,WS2-C30,0,0,0,235.13,,
88653,101684,7,4,3,141.41,,
88667,PCK-175,40,22,18,88.15,,
88668,PCK-250,1,0,1,126.19,,
88669,PCK-625,13,0,13,184.19,,
88670,PCK-1250,29,17,12,253.01,,
88682,602014-1,0,0,0,194.81,,299.99
88686,2304A,14,6,8,151.49,,
88698,APT-F-150-02,5,3,2,264.38,,
88699,B175HW/12,0,0,0,1244.44,,
88702,150800-200-050-20,0,0,0,58.32,,
88723,A2C3931270001,2,1,1,462.86,534.59,
88733,1232,0,0,0,215.46,,
88734,T70347,0,0,0,1736.83,,
88737,LLB-63RB-E0-K1,7,4,3,104.27,,
88738,LLB-63BB-F0-K2,5,3,2,104.27,,
88740,AIR-040-406-10,0,0,0,136.36,,
88754,83224100,0,0,0,145.57,,
88755,83220100,0,0,0,140.07,,
88756,83216100,0,0,0,129.62,,
88765,HSB380,5,2,3,140.05,,
88766,2631,7,3,4,139.16,209.95,
88770,01-0432-01,2,0,2,7789.99,,
88771,000-15687-001,0,0,0,76.62,,
88782,88530-00,3,0,3,10.86,,
88783,621-VUP-MC-120-K6,2,0,2,819.08,1003.0,
88785,150PHB,2,2,0,8.59,,
88786,550416,7,3,4,272.79,,
88789,60031,5,2,3,16.01,20.18,
88790,60030,0,0,0,16.01,20.18,
88791,770065,18,11,7,9.67,,
88792,770066,14,6,8,11.95,,
88794,88922,0,0,0,259.5,322.99,
88795,88922-1,3,1,2,259.5,322.99,
88809,36200-0000,9,3,6,22.27,,
88810,18911-7020,10,9,1,49.07,,
88811,18911-1030,3,2,1,20.98,,
88816,IS2412,0,0,0,270.12,,
88818,171202,0,0,0,975.61,,
88819,779-LB-2-B5,2,2,0,20.32,,
88821,9608,0,0,0,80.15,,
88823,3124,2,0,2,2.66,,
88824,41178,18,11,7,7.84,,
88825,41189,1,1,0,10.98,,
88828,600-804,0,0,0,4.94,,
88830,RF55171,0,0,0,40.0,57.8,
88831,600-864,0,0,0,6.18,,
88832,600-861,0,0,0,7.26,,
88833,600-862,0,0,0,7.26,,
88834,600-860,0,0,0,6.18,,
88835,600-859,3,1,2,3.94,,
88838,600-823,0,0,0,6.48,,
88839,600-844,0,0,0,13.18,,
88840,600-844-LED,0,0,0,10.44,,
88841,600-845,0,0,0,17.7,,
88842,600-846,0,0,0,13.18,,
88843,992-MW-S,3,0,3,351.34,,
88844,MTCP1212LPJ,0,0,0,1032.5,,
88862,T10-3000-9,4,2,2,291.88,,
88868,01-0380-06,0,0,0,882.67,,
88870,APT-F-250-02,2,0,2,275.63,,
88871,150800-200-060-20,0,0,0,58.32,,
88873,PM275C-LHW-MM,0,0,0,1644.22,2264.0,
88878,2484-BP,6,6,0,27.99,,
88879,24450-BP,5,2,3,74.99,,
88881,5582-10-BP,2,2,0,10.99,,
88883,10-963,0,0,0,24.15,,
88884,10-957,0,0,0,20.12,,
88886,SKI024100002,7,4,3,1323.57,,1632.85
88887,240603,0,0,0,635.31,1016.49,
88888,DT812PV-235-N2,0,0,0,310.47,,
88891,3274,7,4,3,30.14,36.95,
88894,600-844-B-LED,0,0,0,10.46,,
88895,600-845-LED,0,0,0,11.16,,
88897,600-846-LED,0,0,0,10.44,,
88900,RF55210,0,0,0,65.23,96.9,
88907,167115,1,1,0,8.99,19.97,
88911,TZ3-190-BKT,0,0,0,268.18,,
88913,100-430-901-10,1,0,1,70.91,,
88914,S-0918LED,0,0,0,83.39,,
88926,UPMD,0,0,0,1620.68,,
88933,V11-2423BKA50-1,8,2,6,307.72,,
88938,010-13126-00,39,22,17,11.24,,
88939,010-13127-00,78,22,56,11.24,,
88941,010-13129-00,5,5,0,11.24,,
88942,010-13130-00,24,22,2,14.99,,
88943,010-13131-00,26,20,6,14.99,,
88944,010-13132-00,24,14,10,14.99,,
88946,010-12953-00,0,0,0,15.99,,
88947,010-12953-02,0,0,0,19.99,,
88949,301096202,0,0,0,72.49,,
88950,301096206,0,0,0,72.49,,
88951,301096602,0,0,0,101.49,,
88952,301096606,0,0,0,101.49,,
88954,2989,1,1,0,37.57,,
88956,ORI241220260,11,10,1,36.52,,45.05
88957,V12-0307CP80,7,3,4,170.09,,
88959,RAERTR-C,2,2,0,11.07,,
88960,MTH2,1,1,0,13.67,,
88961,MTH3,1,1,0,18.07,,
88962,MTHK-2,3,3,0,32.64,,
88964,300417,0,0,0,439.37,702.99,
88965,300418,0,0,0,20.62,32.99,
88966,300419,0,0,0,20.62,32.99,
88967,300420,0,0,0,10.62,19.99,
88969,300422,0,0,0,51.25,81.99,
88970,300427,0,0,0,9.37,14.99,
88971,300428,0,0,0,38.75,59.99,
88972,300429,0,0,0,51.87,79.99,
88973,GP1800-14,0,0,0,312.72,,
88979,VL-45-E1YN,0,0,0,12105.88,,
88980,T72FC,0,0,0,107.95,,
88984,M20-1013A,1,0,1,353.59,,
88988,621-VUP-MC-100-SV,0,0,0,755.69,925.0,
88991,118010,0,0,0,582.56,,
88992,1180-FT,41,41,0,7.92,,
88993,118005,2,2,0,290.15,,
88996,E-4209-20,0,0,0,110.0,,
88998,HE-H10LED,0,0,0,62.34,126.99,
89004,300414,0,0,0,306.25,489.99,
89005,300415,2,2,0,496.87,794.99,
89008,300425,0,0,0,11.15,19.99,
89012,TEU001B,2,0,2,400.0,,
89013,TEU001S,1,1,0,400.0,,
89023,4700CR,3,1,2,56.13,,
89024,4721CR,0,0,0,13.24,,
89025,4731CR,5,0,5,22.06,,
89026,101699,18,7,11,242.93,,
89038,AXRC21-BK/DK,2,0,2,47.46,65.99,
89044,60020,5,3,2,14.21,17.91,
89045,60021,4,1,3,23.81,30.0,
89046,60040,5,2,3,70.89,89.31,
89059,818440,52,35,17,26.37,,
89060,238613L1,15,11,4,30.63,,
89081,201-011-15M,0,0,0,663.31,,829.14
89082,201-011DLX-15M,0,0,0,939.71,,1174.63
89083,201-011DLX-B-15M,0,0,0,939.71,,1174.63
89084,301-001-B-6M,0,0,0,300.87,,376.08
89085,2021026399,0,0,0,1432.51,1769.0,
89086,2021026400,1,0,1,1291.32,1769.0,
89087,2021026251,0,0,0,1432.51,1769.0,
89088,2021026252,1,1,0,1432.51,1769.0,
89089,2021026253,2,0,2,1199.99,,
89090,2021026254,0,0,0,1432.51,1769.0,
89091,2021026255,1,0,1,1209.67,1769.0,
89092,2021026256,0,0,0,1432.51,1769.0,
89093,2021026257,1,0,1,1291.32,1769.0,
89094,2021026258,1,0,1,1209.67,1769.0,
89095,301-002-B-6M,0,0,0,300.87,,376.08
89096,2021026259,2,0,2,1432.51,,
89097,2021026260,0,0,0,1432.51,1769.0,
89098,2021026261,2,0,2,1199.99,,
89099,2021026262,2,0,2,1138.51,1769.0,
89100,2021026263,0,0,0,1432.51,1769.0,
89101,2021026264,1,0,1,1199.99,,
89102,301-006-6M,0,0,0,379.59,,474.49
89103,301-006-B-6M,0,0,0,379.59,,474.49
89104,301-006DLX,0,0,0,723.09,,903.87
89105,201-011ST,0,0,0,871.71,,1089.64
89106,201-011ST-B,0,0,0,871.71,,1089.64
89118,200-016G2,4,2,2,266.21,,332.77
89119,200-016G2-B,0,0,0,266.21,,332.77
89120,200-016G2ST,0,0,0,525.79,,657.24
89121,200-016G2ST-B,0,0,0,525.79,,657.24
89122,200-018G2,4,2,2,266.21,,332.77
89123,200-018G2-B,0,0,0,266.21,,332.77
89124,200-018G2ST,0,0,0,525.79,,657.24
89125,200-018G2ST-B,0,0,0,525.79,,657.24
89126,200-024G2,6,4,2,266.21,,332.77
89127,200-024G2-B,0,0,0,266.21,,332.77
89128,200-024G2ST,0,0,0,525.79,,657.24
89129,200-024G2ST-B,0,0,0,525.79,,657.24
89130,301-011KL,3,2,1,1164.35,,1455.43
89131,301-011,0,0,0,1164.35,,1455.43
89132,301-011-B,0,0,0,1164.35,,1455.43
89133,301-011DLX-15M,0,0,0,1607.05,,2008.82
89134,301-011DLX-B-15M,0,0,0,1607.05,,2008.82
89135,301-011ST,0,0,0,1748.13,,2185.17
89136,301-011ST-B,0,0,0,1748.13,,2185.17
89147,SC80,0,0,0,883.13,,
89148,G-3110C,2,0,2,12.83,,
89149,G-8010C,2,2,0,12.83,,
89161,90404,3,3,0,24.35,,
89166,E-4209-30,0,0,0,150.0,,
89167,ORI242440120,8,5,3,197.74,,243.95
89171,109-516811,4,4,0,85.46,100.99,
89172,109-516804,10,6,4,82.99,102.99,
89173,109-118176,0,0,0,255.61,300.99,
89174,117-117308,13,13,0,88.19,114.99,
89176,BFGRLITH,0,0,0,153.49,,
89177,58295,0,0,0,46.14,,
89183,62-070-BW,4,0,4,70.66,,
89187,172012,0,0,0,1116.67,,
89188,959950111,0,0,0,127.85,,
89197,010-02407-00,3,2,1,824.99,,
89198,010-11082-10,0,0,0,44.99,,
89202,60018,0,0,0,663.26,,
89203,60039,0,0,0,382.39,,
89204,60040,0,0,0,288.31,,
89205,60041,0,0,0,334.73,,
89206,60044,2,2,0,334.73,,
89207,60045,0,0,0,471.56,,
89208,60048,0,0,0,471.56,,
89209,60051,0,0,0,1079.71,,
89210,60052,0,0,0,844.21,,
89211,60053,0,0,0,284.36,,
89212,60054,0,0,0,235.81,,
89213,60058,0,0,0,655.39,,
89214,60063,0,0,0,1317.45,,
89215,60064,0,0,0,1152.36,,
89216,60065,0,0,0,674.09,,
89217,60070,0,0,0,1059.73,,
89218,60071,0,0,0,543.66,,
89219,60072,0,0,0,172.15,,
89220,60073,0,0,0,388.78,,
89221,60074,0,0,0,120.28,,
89222,60075,0,0,0,5325.56,,
89223,60088,0,0,0,329.36,,
89224,60089,0,0,0,710.91,,
89225,60090,0,0,0,445.18,,
89226,60092,0,0,0,178.08,,
89227,MGV520B,3,2,1,160.65,,
89229,90403,0,0,0,14.23,,
89230,90412,2,2,0,12.99,,
89231,90511,0,0,0,41.06,,
89232,91001,1,1,0,48.9,,
89234,60094,0,0,0,1484.46,,
89235,60097,0,0,0,1012.41,,
89236,60400,28,16,12,8.26,,
89237,60401,11,5,6,9.4,,
89238,60402,9,6,3,12.17,,
89239,60404,11,8,3,16.03,,
89240,60406,10,7,3,21.56,,
89241,61040,2,0,2,399.43,,
89242,61041,0,0,0,399.43,,
89243,61042,0,0,0,399.43,,
89244,61043,2,2,0,399.43,,
89245,61044,0,0,0,380.06,,
89246,61050,0,0,0,498.94,,
89247,61051,0,0,0,499.65,,
89248,61052,0,0,0,499.65,,
89249,61053,0,0,0,499.65,,
89250,61054,0,0,0,483.55,,
89251,RC121012VEDC,0,0,0,3134.71,4263.2,
89254,62318,0,0,0,13.01,,
89255,63034,0,0,0,657.3,,
89256,63037,0,0,0,882.25,,
89257,63056,0,0,0,720.46,,
89258,63057,0,0,0,656.34,,
89259,63058,0,0,0,300.53,,
89260,63059,0,0,0,247.01,,
89261,63060,0,0,0,949.96,,
89262,63061,0,0,0,553.39,,
89263,63070,0,0,0,602.06,,
89264,63071,0,0,0,522.09,,
89265,63075,0,0,0,349.43,,
89266,63100,0,0,0,116.93,,
89267,63102,0,0,0,70.98,,
89268,63104,0,0,0,372.94,,
89269,63106,0,0,0,214.46,,
89270,63108,0,0,0,134.65,,
89271,63109,0,0,0,338.26,,
89272,63110,0,0,0,201.53,,
89273,63111,0,0,0,22.94,,
89274,63112,0,0,0,28.66,,
89275,63201,0,0,0,65.99,,
89276,63202,1,0,1,45.54,,
89277,63203,0,0,0,30.94,,
89278,63204,0,0,0,46.48,,
89279,63205,0,0,0,63.55,,
89280,63206,0,0,0,120.46,,
89281,63207,0,0,0,43.26,,
89282,63404,0,0,0,28.78,,
89283,63405,0,0,0,33.4,,
89284,63406,0,0,0,69.08,,
89285,63515,0,0,0,1076.33,,
89286,63516,0,0,0,880.64,,
89287,63518,0,0,0,556.69,,
89288,60455-TO,0,0,0,165.81,,
89289,60456-TO,0,0,0,234.89,,
89290,60457-TO,0,0,0,335.09,,
89291,TK-71000,0,0,0,11.27,,
89292,TK-81000,0,0,0,7.7,,
89293,TK-91000,0,0,0,7.7,,
89294,FLMBPS/BKV2,0,0,0,48.86,,81.95
89295,FLMBPS/WHV2,0,0,0,48.86,,81.95
89296,87240,4,0,4,134.84,,
89297,87241,0,0,0,136.09,,
89298,87242,0,0,0,134.84,,
89299,87243,0,0,0,134.84,,
89300,87271,0,0,0,144.53,,
89301,97240,0,0,0,139.55,,
89302,2141,4,2,2,189.35,284.95,
89303,97241,0,0,0,139.55,,
89304,97242,0,0,0,139.55,,
89305,97243,0,0,0,139.55,,
89307,97271,0,0,0,149.59,,
89308,6502001030,0,0,0,23.88,,
89309,120-121244,10,7,3,33.32,,
89310,120-578840,4,4,0,4.4,,
89311,120-582182,0,0,0,6.35,,
89312,120-143451,3,2,1,6.35,,
89314,100R,10,5,5,6.03,,
89323,GM-ME300X1C,4,4,0,149.99,,
89334,103-141631,0,0,0,249.92,286.99,
89335,103-141709,0,0,0,443.93,508.99,
89336,105-105213,2,2,0,118.47,167.99,
89337,103-142034,0,0,0,101.94,116.99,
89338,120-577348,0,0,0,6.84,,
89339,120-144090,2,1,1,6.39,,
89340,120-144243,0,0,0,6.35,,
89361,996276471,3,3,0,117.72,,
89362,114-115014,0,0,0,231.82,265.99,
89364,105-105275,0,0,0,89.32,126.99,
89365,120-580805,0,0,0,6.84,,
89366,120-143383,3,3,0,7.99,,
89367,120-141730,5,5,0,5.49,,
89368,120-143376,0,0,0,10.27,,
89369,120-577201,0,0,0,32.71,,
89370,120-141532,10,5,5,44.41,,
89371,120-141754,0,0,0,6.39,,
89372,120-103042,1,1,0,28.8,,
89373,120-142065,0,0,0,30.27,,
89374,120-516620,42,24,18,7.32,,
89375,120-151333,3,1,2,23.99,,
89376,120-143369,0,0,0,6.84,,
89377,120-143512,0,0,0,8.92,,
89378,120-577256,0,0,0,6.84,,
89379,7555-3,10,6,4,10.89,,
89380,193415,3,3,0,1.85,,
89383,1979310,1,1,0,668.43,,
89403,PMP482305100,0,0,0,947.37,,1168.75
89404,010-12827-02,0,0,0,56.24,,
89406,APL18904S2,9,4,5,16.99,,
89411,385311520,2,1,1,40.32,,
89412,385311521,3,2,1,40.32,,
89416,2000037884,2,2,0,139.41,,
89417,GP1200-20,1,1,0,363.62,,
89420,000-197-069-10,1,1,0,90.91,,
89422,9636,1,0,1,51.06,,
89424,A2K-SCREWCAP-10-F,10,0,10,16.43,,
89427,DCCIG09,3,2,1,13.45,,
89429,MC-618-VL-01,1,0,1,437.09,535.0,
89430,CS2579402,3,2,1,28.56,,
89433,321913,9,0,9,7.93,18.99,
89434,321933,1,1,0,8.12,18.99,
89436,SP-4000-ADJ-RB,13,8,5,47.43,,
89451,88447,1,0,1,81.51,118.99,
89452,AK3714,8,6,2,41.93,,
89453,BP185G15,0,0,0,201.88,258.4,
89455,77040600,6,4,2,30.94,,
89456,S-0213,3,0,3,7.66,,
89457,010-02667-00,3,1,2,314.99,,
89458,MC-618,2,0,2,252.05,309.0,
89460,SBR-41LI,35,3,32,36.0,,
89468,76-0201,3,0,3,15.69,26.99,
89469,76-0300,0,0,0,12.74,21.99,
89470,76-0600,0,0,0,16.67,27.99,
89471,V-BATT-TML,0,0,0,18.44,30.99,
89474,049300499D,5,3,2,46.92,,
89475,049300599D,3,2,1,57.89,,
89476,049300799D,4,3,1,78.1,,
89477,049300899D,0,0,0,110.15,,
89478,049300999D,1,0,1,143.18,,
89479,049301099D,2,2,0,158.61,,
89484,VBTPN,3,2,1,21.1,32.99,
89486,31-6257-00,0,0,0,12.74,,
89487,VFDB2,0,0,0,19.19,29.99,
89488,VFDB4,6,3,3,24.79,38.99,
89489,VPNB2,8,3,5,17.94,27.99,
89490,VPNB4,0,0,0,30.93,48.99,
89491,VDB2,3,3,0,17.37,27.99,
89492,VDB4,4,2,2,17.94,27.99,
89509,01-0380-05,6,1,5,1030.4,,
89520,71082,7,5,2,192.64,,
89523,15001C,0,0,0,62.67,,
89524,15002C,0,0,0,57.84,,
89526,15003C,0,0,0,56.64,,
89528,15004C,0,0,0,56.64,,
89529,HYCO 1.1,0,0,0,681.42,,
89530,15005C,0,0,0,56.64,,
89531,15006C,0,0,0,53.63,,
89532,15007C,0,0,0,46.76,,
89533,15008,0,0,0,46.4,,
89534,15009,0,0,0,44.59,,
89535,15012,0,0,0,57.84,,
89542,15013,0,0,0,36.16,,
89543,15017C,0,0,0,57.84,,
89544,15021C,0,0,0,68.69,,
89545,15022C,0,0,0,62.67,,
89546,HYTECH 1.1,3,2,1,694.24,,
89547,15023C,0,0,0,57.84,,
89548,15025,0,0,0,112.07,,
89549,15103C,0,0,0,79.41,,
89550,PROTECH 1.1,3,1,2,944.86,,
89553,15106C,0,0,0,51.79,,
89555,15108C,0,0,0,54.19,,
89556,15109C,0,0,0,47.0,,
89557,PROTECH 2.1,1,1,0,944.86,,
89559,15144,0,0,0,248.23,,
89560,15146,0,0,0,260.29,,
89561,15147,5,3,2,170.51,,
89562,15411,0,0,0,39.17,,
89563,15412,0,0,0,61.91,,
89564,ALLOY-X,0,0,0,39.39,62.99,
89565,V12-CBF200,0,0,0,34.31,53.99,
89566,V12-CBF100,0,0,0,34.31,53.99,
89567,V12-CBF180,0,0,0,34.31,53.99,
89568,V12-CBF140,0,0,0,34.31,53.99,
89569,V8-ANL80,0,0,0,3.64,5.99,
89570,V8-ANL100,0,0,0,3.64,5.99,
89571,V8-ANL150,4,2,2,3.64,5.99,
89572,V8-ANL200,2,2,0,3.64,5.99,
89573,V8-ANL250,5,5,0,3.64,5.99,
89574,V8-ANL300,1,1,0,3.99,6.99,
89575,VANL,6,2,4,15.57,24.99,
89576,VMANL,3,1,2,7.2,11.99,
89577,VAGU,0,0,0,7.2,11.99,
89578,VANL1,0,0,0,16.3,25.99,
89579,VMANL1,0,0,0,13.99,21.99,
89580,VDMANL,0,0,0,20.3,31.99,
89581,VR04,0,0,0,9.3,14.99,
89582,VR48,0,0,0,10.44,16.99,
89583,V8-AGU40,1,0,1,4.52,6.99,
89584,V8-AGU60,0,0,0,4.52,6.99,
89585,V8-AGU50,0,0,0,4.2,6.99,
89586,V10-2041,0,0,0,130.55,217.99,
89587,V10-1041,0,0,0,82.99,,
89588,V10-D104K,0,0,0,92.6,154.99,
89589,V10-D108K,0,0,0,59.76,,
89590,12001C,0,0,0,62.67,,
89591,12002C,0,0,0,57.84,,
89592,12003C,0,0,0,56.64,,
89593,12004C,0,0,0,56.64,,
89596,12007C,1,0,1,32.99,,
89597,12008,0,0,0,46.4,,
89600,12013,0,0,0,36.16,,
89602,12025,0,0,0,112.07,,
89603,12103C,0,0,0,79.41,,
89609,12144,0,0,0,248.23,,
89610,12147,0,0,0,170.51,,
89611,RS11,0,0,0,352.94,,
89612,SCC125070221,0,0,0,387.91,,478.55
89634,14001C,0,0,0,75.91,,
89635,14002C,0,0,0,74.71,,
89636,14003C,0,0,0,69.9,,
89637,15843,296,215,81,4.83,,
89638,14004C,0,0,0,56.64,,
89639,14006C,0,0,0,48.06,,
89640,14007C,0,0,0,46.76,,
89641,14008,0,0,0,51.83,,
89642,14009,0,0,0,44.59,,
89643,14013,0,0,0,36.16,,
89647,14106C,0,0,0,58.77,,
89648,14107C,0,0,0,56.64,,
89649,14144,0,0,0,291.61,,
89650,14147,0,0,0,199.43,,
89653,24451,11,6,5,4.83,,
89654,19030,0,0,0,112.07,,
89656,PS1AUTO,2,0,2,221.83,,
89657,PS2AUTO,2,0,2,340.98,,
89658,PS3AUTO,2,1,1,494.39,,
89659,PS4AUTO,0,0,0,640.12,,
89662,28104C,0,0,0,74.71,,
89664,28105C,0,0,0,74.71,,
89666,28106C,0,0,0,60.26,,
89668,28107C,0,0,0,67.49,,
89669,V8-MANL30,6,4,2,2.5,3.99,
89670,V8-MANL40,3,1,2,2.5,3.99,
89671,V8-MANL60,8,4,4,2.27,3.99,
89672,V8-MANL80,2,0,2,2.5,3.99,
89673,V8-MANL100,0,0,0,2.5,3.99,
89674,V8-MANL125,0,0,0,2.5,3.99,
89675,SS1AUTO,2,0,2,185.0,,
89676,V8MANL150,0,0,0,2.43,,
89677,SS2AUTO,1,0,1,284.88,,
89678,SS3AUTO,5,1,4,416.95,,
89679,SS4AUTO,1,0,1,554.02,,
89708,V10R1-5,0,0,0,9.6,16.99,
89711,V10R3,2,0,2,10.01,17.99,
89712,V10R6,2,2,0,10.4,17.99,
89713,V10R10,0,0,0,11.09,19.99,
89714,V10R14,0,0,0,11.86,20.99,
89715,V10R17,0,0,0,12.83,22.99,
89716,V10R20,0,0,0,13.31,23.99,
89717,V10RY1,0,0,0,8.24,14.99,
89718,V10RY2,0,0,0,8.24,14.99,
89719,V10R174,0,0,0,22.24,38.99,
89720,V10R176,0,0,0,35.63,61.99,
89721,V10R3V,0,0,0,8.82,15.99,
89722,V10R9V,0,0,0,11.22,19.99,
89723,V10R20V,0,0,0,15.13,26.99,
89725,AS1562,42,26,16,16.9,,
89727,100-397-071-10,0,0,0,33.64,,
89729,SWM-30 KIT,2,1,1,144.99,,
89740,10104,11,6,5,149.28,,
89742,30101,0,0,0,49.8,,
89743,30102,4,2,2,49.8,,
89746,41218,0,0,0,51.83,,
89747,41220,0,0,0,51.83,,
89748,41224,0,0,0,51.83,,
89750,41262,0,0,0,51.83,,
89752,20001,0,0,0,443.38,,
89757,SLC-11,0,0,0,277.31,357.0,
89759,ORI122421226,19,10,9,221.17,,272.85
89760,F38-6000-G,229,11,218,22.09,,
89761,F38-6000-R,84,21,63,22.09,,
89763,9108821279,2,0,2,2070.59,,
89764,9108844174,3,0,3,1826.47,,
89765,9108850337,1,0,1,1961.76,,
89766,9108732762,2,0,2,1767.65,,
89768,9108732759,2,0,2,1902.94,,
89769,9108732755,2,0,2,2011.76,,
89770,B4-I3SWM30,1,0,1,2778.0,,
89771,B4-I4SWM30,1,0,1,3511.33,,
89772,B4-I5SWM30,1,1,0,3978.0,,
89773,B4-I6SWM30,1,0,1,5044.67,,
89774,241287812,3,2,1,10.13,,
89785,010-12021-00,0,0,0,6.99,,
89786,9610001102,3,1,2,36.43,,
89787,9610001103,3,1,2,51.43,,
89788,9610001104,0,0,0,55.0,,
89790,9108549661,0,0,0,117.86,,
89791,9108732761,0,0,0,940.48,,
89792,9108732760,0,0,0,1043.75,,
89793,9108732758,1,0,1,929.99,,
89794,9108549923,3,1,2,146.88,,
89795,9108750550,0,0,0,153.13,,
89796,9108549909,0,0,0,183.33,,
89797,9108549910,0,0,0,126.67,,
89798,9108549911,0,0,0,86.67,,
89799,9108549912,0,0,0,96.67,,
89800,9108549913,0,0,0,103.33,,
89801,1300715,10,10,0,31.1,,
89803,XRMAG15BNK,0,0,0,16.84,,
89804,XRMAG15BSRD,3,3,0,16.84,,
89805,XRMAG15BTO,2,2,0,16.84,,
89806,XRMAG15D,0,0,0,16.84,,
89807,XRMAG15FT,0,0,0,16.84,,
89808,XRMAG15GGH,3,3,0,16.84,,
89809,XRMAG15GGM,1,1,0,16.84,,
89810,XRMAG15HH,2,2,0,16.84,,
89811,XRMAG15HPU,0,0,0,16.84,,
89812,XRMAG15LLU,0,0,0,16.84,,
89813,XRMAG15PM,2,2,0,16.84,,
89814,XRMAG15RH,4,4,0,16.84,,
89815,XRMAG15RHU,1,1,0,16.84,,
89816,XRMAG15S,0,0,0,16.84,,
89817,XRMAG15SBM,0,0,0,16.84,,
89818,XRMAG15SFU,0,0,0,16.84,,
89819,XRMAG15SPM,1,1,0,16.84,,
89820,XRMAG15WHU,0,0,0,16.84,,
89821,XRMAG15YFT,0,0,0,16.84,,
89824,GP1600-19,0,0,0,341.81,,
89825,385880068,4,1,3,395.34,,
89826,BFGVLITH,1,0,1,153.49,,
89827,BFGHLITH,0,0,0,153.49,,
89828,BFGDUALCOMBO,0,0,0,190.5,,
89829,BFGDUALLITH,0,0,0,257.57,,
89830,XRMAG20BNK,0,0,0,18.06,,
89831,XRMAG20BSRD,3,3,0,18.06,,
89832,XRMAG20BTO,0,0,0,18.06,,
89833,XRMAG20D,3,3,0,18.06,,
89834,XRMAG20FT,0,0,0,18.06,,
89835,XRMAG20GGH,2,2,0,18.06,,
89836,XRMAG20GGM,2,2,0,18.06,,
89837,XRMAG20HH,3,3,0,18.06,,
89838,XRMAG20HPU,6,6,0,18.06,,
89839,XRMAG20HUU,0,0,0,18.06,,
89840,XRMAG20LLU,0,0,0,18.06,,
89841,XRMAG20PM,0,0,0,18.06,,
89842,XRMAG20RH,0,0,0,18.06,,
89843,XRMAG20RHU,0,0,0,18.06,,
89844,XRMAG20S,1,1,0,18.06,,
89845,XRMAG20SBM,0,0,0,18.06,,
89846,XRMAG20SFU,0,0,0,18.06,,
89847,XRMAG20SPM,0,0,0,18.06,,
89848,XRMAG20WHU,0,0,0,18.06,,
89849,XRMAG20YFT,1,1,0,18.06,,
89850,XRMAG20YFU,0,0,0,18.06,,
89851,XRMAG30BNK,2,2,0,20.04,,
89852,XRMAG30BSRD,0,0,0,20.04,,
89853,XRMAG30BTO,0,0,0,20.04,,
89854,XRMAG30D,0,0,0,20.04,,
89855,XRMAG30FT,0,0,0,20.04,,
89856,XRMAG30GGH,0,0,0,20.04,,
89857,XRMAG30GGM,6,6,0,20.04,,
89858,XRMAG30HH,3,3,0,20.04,,
89859,XRMAG30HPU,0,0,0,20.04,,
89860,XRMAG30HUU,0,0,0,20.04,,
89861,XRMAG30LLU,0,0,0,20.04,,
89862,XRMAG30PM,1,1,0,20.04,,
89863,XRMAG30RH,0,0,0,20.04,,
89864,XRMAG30RHU,0,0,0,20.04,,
89865,XRMAG30S,0,0,0,20.04,,
89866,XRMAG30SBM,3,3,0,20.04,,
89867,XRMAG30SFC,0,0,0,20.04,,
89868,XRMAG30SFU,0,0,0,20.04,,
89869,XRMAG30SPM,0,0,0,20.04,,
89870,XRMAG30WHU,0,0,0,20.04,,
89871,XRMAG30YFT,3,3,0,20.04,,
89872,XRMAG30YFU,0,0,0,20.04,,
89873,2000032007,0,0,0,35.33,44.99,
89874,2000023362,0,0,0,115.63,,
89877,P13157-200TEBCL,2,0,2,248.37,,
89878,P13157-200TEBBK,5,2,3,248.37,,
89879,P13157-200TEBGR,3,2,1,248.37,,
89881,50061,2,1,1,321.36,,
89882,59002,0,0,0,42.79,,
89911,TPA369,1,0,1,146.78,,
89912,P102996,0,0,0,209.67,,
89915,DFW4X-4,0,0,0,54.0,,
89922,BPP920140100,0,0,0,79.92,,98.6
89923,A-5-BLACK,10,5,5,197.44,,
89924,10-758,0,0,0,42.26,,
89926,020-00200-24,0,0,0,101.24,,
89930,020-00200-23,1,1,0,412.49,,
89933,UC128TS-1,0,0,0,558.54,,
89936,1468,1,0,1,12.99,,
89937,I10VSD 230V,1,0,1,3450.58,,
89939,I21VSD 230V,1,0,1,4022.17,,
89947,740206-1,0,0,0,196.98,,
89949,770032-1,3,3,0,113.64,,
89950,770033-1,0,0,0,227.28,,
89951,740204-1,11,11,0,330.0,,
89952,740205-1,9,9,0,338.94,,
89953,700066-1,25,25,0,1099.99,,
89956,FNTCD2022000A00,0,0,0,232.32,,
89957,96634,16,9,7,10.15,13.59,
89964,550105,8,3,5,152.49,,
89968,5289,15,10,5,11.37,,
89986,PWR 12V,0,0,0,2500.0,,
89987,PWR 24V,0,0,0,2511.11,,
89988,G-3A 12V,0,0,0,661.11,,
89989,G-3A 24V,0,0,0,672.22,,
89990,G-6A 12V,0,0,0,720.0,,
89991,G-6A 24V,0,0,0,731.11,,
89992,G-4A 12V,0,0,0,687.22,,
89993,G-4A 24V,0,0,0,698.33,,
89997,010-12507-01,23,11,12,9.74,,
89998,010-12504-01,0,0,0,14.99,,
90000,010-12676-05,0,0,0,157.49,,
90001,010-12676-40,38,38,0,41.24,,
90002,010-12531-10,49,19,30,22.49,,
90015,EFC-03 BLUE,5,4,1,30.99,,
90022,D180101,0,0,0,69.93,,
90023,M11032,0,0,0,39.67,,
90024,D10701,19,13,6,18.5,,
90025,M20508,28,14,14,10.53,,
90026,1831061,4,2,2,84.49,,
90027,1831101,3,3,0,103.99,,
90028,101692,13,2,11,81.86,,
90029,1832121,5,3,2,142.99,,
90030,101693,11,4,7,89.73,,
90031,1832201,5,2,3,207.99,,
90034,1833181,10,9,1,194.99,,
90035,1833301,5,0,5,259.99,,
90037,1834401,15,9,6,344.49,,
90039,1835500,33,14,19,489.99,,
90046,131200,5,0,5,8.47,,
90047,171200,3,3,0,13.43,,
90049,8120,4,4,0,214.74,,
90050,010-12390-45,0,0,0,67.49,,
90051,010-12390-46,0,0,0,74.99,,
90057,CANVT,0,0,0,43.47,,
90058,BP125G75,0,0,0,82.0,98.4,
90062,SCC115110411,10,3,7,418.91,,516.8
90067,CMD6-MD-BR,8,4,4,102.5,,
90069,CMD6-MB-BR,0,0,0,102.5,,
90071,CMD6-MD-R,9,7,2,102.5,,
90073,CMD6-MB-R,11,5,6,102.5,,
90074,0590DPWCHR,7,0,7,68.48,,
90079,01-0419-01,0,0,0,1333.33,,
90080,411660-1,17,9,8,277.55,,
90081,411680-1,0,0,0,407.66,,
90082,411670-1,9,6,3,320.92,,
90084,411610-1,6,3,3,531.99,,
90086,411630-1,4,2,2,620.17,,699.99
90087,411640-1CHO,3,3,0,620.17,,699.99
90088,411640-1,6,4,2,664.47,,749.99
90089,411650-1,9,8,1,841.67,,949.99
90098,GP1920-00,0,0,0,378.17,,
90099,648-330,0,0,0,124.5,,
90100,33-476-01,0,0,0,71.25,,
90102,RF4056,5,3,2,108.69,161.46,
90103,A2C59512458,6,2,4,41.3,51.84,
90104,A2C59514117,3,2,1,41.3,51.84,
90106,649-089,0,0,0,124.5,,
90107,650-330,0,0,0,124.5,,
90108,651-330,0,0,0,124.5,,
90109,647-600,0,0,0,64.72,,
90110,647-700,0,0,0,64.72,,
90111,647-792,0,0,0,64.72,,
90112,740200-1,3,2,1,49.24,,
90113,740199-1,3,1,2,45.45,,
90114,780044-1,10,8,2,32.46,,
90115,010-12964-00,0,0,0,25.56,,
90116,010-12964-01,7,7,0,12.99,,
90117,010-12964-10,5,5,0,9.74,,
90118,010-12964-11,0,0,0,9.74,,
90119,010-12964-02,0,0,0,12.99,,
90120,010-13097-00,5,3,2,8.88,,
90121,010-12814-01,0,0,0,13.64,,
90122,MMC-12F,2,2,0,104.18,135.0,
90123,010-13192-10,0,0,0,16.24,,
90124,010-13192-20,0,0,0,25.99,,
90125,010-13192-00,1,1,0,12.99,,
90127,164000BR,0,0,0,28.85,,
90129,2020000297,3,1,2,1233.55,1659.0,
90130,2020000298,0,0,0,1233.55,1659.0,
90131,2020000299,0,0,0,1233.55,1659.0,
90132,2020000300,1,0,1,1233.55,1659.0,
90133,2020000301,0,0,0,1233.55,1659.0,
90134,2020000302,0,0,0,1233.55,1659.0,
90135,2020000303,0,0,0,1233.55,1659.0,
90136,2020000304,6,3,3,1233.55,1659.0,
90137,2020000305,0,0,0,1233.55,1659.0,
90138,2020000306,0,0,0,1233.55,1659.0,
90139,2020000307,0,0,0,1233.55,1659.0,
90140,2020000308,1,1,0,1233.55,1659.0,
90141,2020000309,0,0,0,1233.55,1659.0,
90142,2020000310,0,0,0,1233.55,1659.0,
90143,LYN034160200,13,11,2,735.16,,906.95
90146,SPR-1U-AM,0,0,0,177.35,,
90147,SPR-1U-RM,0,0,0,127.06,,
90148,USB-PM2,28,20,8,17.59,,
90150,BPC120531104R,19,19,0,67.0,,85.0
90153,QUA248020010,4,2,2,2563.08,,3162.0
90154,104400-200-001-22,0,0,0,15.44,,
90155,104400-400-001-22,0,0,0,15.44,,
90161,016145-001,6,3,3,120.25,,
90162,016145-011,5,2,3,120.25,,
90163,016146-001,1,1,0,156.96,,
90164,016146-011,5,2,3,156.96,,
90165,016147-001,6,2,4,165.82,,
90166,016147-101,2,0,2,239.24,,
90167,016148-001,0,0,0,200.0,,
90168,016148-101,12,6,6,278.48,,
90173,A2K-4WT,1,1,0,83.34,,
90181,40158,3,2,1,19.87,,
90182,PROTECH 3.1,0,0,0,944.86,,
90187,001-546-670-00,0,0,0,68.18,,
90196,60-120-J10,0,0,0,625.99,766.0,
90204,PWR-PCK-BLK,1,1,0,95.19,,
90213,PLABS370,9,0,9,7.2,,
90214,PLABS360,0,0,0,4.8,,
90215,PLABW670,2,2,0,47.45,,
90217,PLABK360,0,0,0,97.49,,
90219,PLABK136,2,2,0,14.78,,
90220,PLABK135,4,0,4,10.64,,
90221,PLABE900,4,3,1,172.79,,
90222,PLASE801,0,0,0,38.03,,
90223,PLASE501,4,4,0,28.13,,
90224,PLASE341,0,0,0,21.28,,
90225,PLASE342,1,1,0,21.28,,
90226,PLASE601,0,0,0,24.32,,
90227,PLAM1071B,0,0,0,24.74,,
90230,PLAS7411,4,1,3,13.85,,
90232,109160,0,0,0,77.33,,
90233,1712500,0,0,0,41.24,,
90255,645-330,0,0,0,34.57,,
90256,643-330,0,0,0,34.57,,
90257,648-300,0,0,0,124.5,,
90258,649-081,0,0,0,124.5,,
90259,650-300,0,0,0,124.5,,
90260,651-300,0,0,0,124.5,,
90261,647-599,0,0,0,64.72,,
90262,647-989,0,0,0,64.72,,
90263,647-699,0,0,0,64.72,,
90264,647-791,2,2,0,50.0,,
90265,645-300,0,0,0,34.57,,
90266,646-689,0,0,0,34.57,,
90267,643-300,0,0,0,34.57,,
90268,648-080,0,0,0,124.5,,
90269,649-080,0,0,0,124.5,,
90270,650-180,0,0,0,124.5,,
90271,651-080,0,0,0,124.5,,
90272,647-580,0,0,0,64.72,,
90273,647-980,0,0,0,64.72,,
90274,647-680,0,0,0,64.72,,
90275,647-780,1,1,0,52.5,,
90276,645-180,0,0,0,34.57,,
90277,646-680,0,0,0,34.57,,
90278,644-180,0,0,0,34.57,,
90279,643-180,0,0,0,34.57,,
90280,648-060,0,0,0,124.5,,
90281,649-060,0,0,0,124.5,,
90282,650-160,0,0,0,124.5,,
90283,651-060,0,0,0,124.5,,
90284,647-960,0,0,0,64.72,,
90285,647-660,1,1,0,49.5,,
90286,647-760,1,1,0,49.5,,
90287,645-160,0,0,0,34.57,,
90288,646-660,0,0,0,34.57,,
90289,644-160,0,0,0,34.57,,
90290,643-160,0,0,0,34.57,,
90291,648-050,0,0,0,124.5,,
90292,649-050,0,0,0,124.5,,
90293,650-150,1,1,0,105.0,,
90294,651-050,0,0,0,124.5,,
90295,647-550,0,0,0,64.72,,
90296,647-950,0,0,0,64.72,,
90297,647-650,0,0,0,64.72,,
90298,647-750,1,1,0,49.5,,
90299,645-150,0,0,0,34.57,,
90300,646-650,0,0,0,34.57,,
90301,644-150,0,0,0,34.57,,
90302,643-150,0,0,0,34.57,,
90303,635-150,0,0,0,8.62,,
90304,638-150,0,0,0,8.62,,
90305,636-150,0,0,0,8.62,,
90306,648-040,0,0,0,124.5,,
90307,649-040,0,0,0,124.5,,
90308,650-140,0,0,0,124.5,,
90309,651-040,0,0,0,124.5,,
90310,647-540,0,0,0,64.72,,
90311,647-940,1,1,0,55.92,,
90312,647-640,0,0,0,64.72,,
90313,647-740,0,0,0,64.72,,
90314,645-140,0,0,0,34.57,,
90315,646-640,0,0,0,34.57,,
90316,644-140,0,0,0,34.57,,
90317,643-140,0,0,0,34.57,,
90318,635-140,0,0,0,8.62,,
90319,634-140,0,0,0,8.62,,
90320,638-140,0,0,0,8.62,,
90321,636-140,0,0,0,8.62,,
90322,648-030,0,0,0,124.5,,
90323,649-030,0,0,0,124.5,,
90324,650-130,0,0,0,124.5,,
90325,651-030,0,0,0,124.5,,
90326,647-530,1,1,0,49.5,,
90327,647-930,0,0,0,64.72,,
90328,647-630,0,0,0,64.72,,
90329,647-730,0,0,0,64.72,,
90330,645-130,0,0,0,34.57,,
90331,646-630,0,0,0,34.57,,
90332,644-130,0,0,0,34.57,,
90333,643-130,0,0,0,34.57,,
90334,635-130,0,0,0,8.62,,
90335,634-130,5,5,0,8.62,,
90336,638-130,0,0,0,8.62,,
90337,636-130,0,0,0,8.62,,
90338,648-025,0,0,0,124.5,,
90339,649-025,0,0,0,124.5,,
90340,650-125,0,0,0,124.5,,
90341,651-025,0,0,0,124.5,,
90342,647-525,1,1,0,51.5,,
90343,647-925,2,2,0,51.5,,
90344,647-625,0,0,0,64.72,,
90345,647-725,0,0,0,64.72,,
90346,645-125,0,0,0,34.57,,
90347,646-625,0,0,0,34.57,,
90348,644-125,0,0,0,34.57,,
90349,643-125,0,0,0,34.57,,
90350,635-125,0,0,0,8.62,,
90351,634-125,0,0,0,8.62,,
90352,638-125,0,0,0,8.62,,
90353,636-125,0,0,0,8.62,,
90354,11602100,0,0,0,88.09,,
90355,11800000,4,2,2,55.69,,
90356,11800100,2,1,1,55.69,,
90357,11800500,5,2,3,55.69,,
90358,11800510,2,0,2,58.23,,
90359,648-020,0,0,0,124.5,,
90360,649-020,0,0,0,124.5,,
90361,650-120,0,0,0,124.5,,
90362,651-020,0,0,0,124.5,,
90363,647-520,2,2,0,50.0,,
90364,647-920,1,1,0,50.0,,
90365,647-620,0,0,0,64.72,,
90366,647-720,0,0,0,64.72,,
90367,645-120,0,0,0,34.57,,
90368,646-620,0,0,0,34.57,,
90369,644-120,0,0,0,34.57,,
90370,643-120,0,0,0,34.57,,
90371,635-120,0,0,0,8.62,,
90372,634-120,0,0,0,8.62,,
90373,638-120,0,0,0,8.62,,
90374,636-120,2,2,0,8.62,,
90375,647-515,0,0,0,64.72,,
90376,647-615,1,1,0,57.16,,
90377,647-715,0,0,0,64.72,,
90378,645-115,0,0,0,34.57,,
90379,644-115,0,0,0,34.57,,
90380,643-115,0,0,0,34.57,,
90381,635-115,0,0,0,8.62,,
90382,634-115,0,0,0,8.62,,
90383,638-115,0,0,0,8.62,,
90384,636-115,2,2,0,7.61,,
90385,645-112,0,0,0,34.57,,
90386,644-112,0,0,0,34.57,,
90387,643-112,0,0,0,34.57,,
90388,635-112,0,0,0,8.62,,
90389,634-112,0,0,0,8.62,,
90390,638-112,0,0,0,8.62,,
90391,636-112,1,1,0,8.62,,
90392,645-110,0,0,0,34.57,,
90393,643-110,0,0,0,34.57,,
90394,635-110,0,0,0,8.62,,
90395,634-110,0,0,0,8.62,,
90396,638-110,0,0,0,8.62,,
90397,636-110,1,1,0,8.62,,
90398,635-108,0,0,0,8.62,,
90399,638-108,0,0,0,8.62,,
90400,636-108,0,0,0,8.62,,
90401,635-106,0,0,0,8.62,,
90402,638-106,0,0,0,8.62,,
90403,636-106,8,8,0,8.62,,
90404,7765,5,2,3,131.0,,
90405,010-12236-06,0,0,0,52.49,,
90416,604-120,1,1,0,9.84,,
90417,604-120G,1,1,0,9.84,,
90422,604-117,0,0,0,8.68,,
90423,604-117G,0,0,0,7.84,,
90425,604-1014,0,0,0,22.62,,
90426,604-1014G,0,0,0,22.62,,
90428,604-114,0,0,0,9.84,,
90429,604-114G,0,0,0,9.84,,
90431,604-1012,0,0,0,22.62,,
90432,604-1012G,0,0,0,22.62,,
90434,604-112,0,0,0,9.18,,
90435,604-112G,0,0,0,9.18,,
90437,604-1010,0,0,0,19.47,,
90438,604-1010G,0,0,0,19.47,,
90440,604-110,1,1,0,9.18,,
90441,604-110G,0,0,0,7.32,,
90443,604-1008,0,0,0,15.51,,
90444,604-1008G,0,0,0,19.47,,
90446,604-108,0,0,0,9.18,,
90447,604-108G,0,0,0,9.18,,
90461,010-12548-02,0,0,0,18.74,,
90462,SCC115070411,6,4,2,336.23,,414.8
90464,LLB-70SL-02-00,0,0,0,6.92,,
90479,APT21226,0,0,0,147.78,,
90480,APX20998,7,3,4,54.99,,
90481,APA20450,0,0,0,17.81,,
90533,RC91942,0,0,0,52.99,,
90535,BBTH0927001,17,10,7,30.0,,
90536,L10-2005BSA-1,0,0,0,1011.62,,
90537,15STA,4,2,2,438.35,579.95,
90538,20STC,4,2,2,563.82,745.95,
90539,20STA,0,0,0,488.12,645.95,
90540,SXG9510-30,0,0,0,102.55,,
90541,SXG9510-40,6,6,0,102.55,,
90542,SXG9510-60,9,4,5,102.55,,
90543,SXG9510-80,17,6,11,102.55,,
90596,4000F-10,0,0,0,90.86,,
90597,4001F-10,0,0,0,97.08,,
90598,4002F-10,0,0,0,106.61,,
90599,4003F-10,0,0,0,113.45,,
90600,4004F-10,0,0,0,123.76,,
90601,4005F-10,0,0,0,137.34,,
90603,4010F-10,0,0,0,59.04,,
90604,4012F-10,0,0,0,67.09,,
90605,4012XF-10,0,0,0,73.78,,
90606,4013F-10,0,0,0,73.78,,
90607,4013XF-10,0,0,0,84.49,,
90608,4014F-10,0,0,0,75.1,,
90609,4014XF-10,0,0,0,87.15,,
90610,5010F-10,0,0,0,89.2,,
90611,5012F-10,0,0,0,107.39,,
90612,5013F-10,0,0,0,120.91,,
90613,5014F-10,0,0,0,136.74,,
90614,6000-04S-11,0,0,0,26.63,,
90615,6000-06S-11,2,2,0,27.66,,
90616,6000-08S-11,1,1,0,28.68,,
90617,6000-10S-11,4,4,0,36.9,,
90621,6010-08S-11,1,1,0,28.68,,
90624,6010-10S-11,2,2,0,29.74,,
90625,6010-12S-11,3,3,0,30.76,,
90713,660-006CA,0,0,0,12.57,,
90714,660-006CC,0,0,0,12.57,,
90715,660-006G,2,2,0,12.57,,
90716,660-006GH,1,1,0,12.57,,
90717,660-006L,0,0,0,12.57,,
90718,660-006Y,0,0,0,12.57,,
90719,660-106CA,0,0,0,23.58,,
90720,660-106CC,2,2,0,23.58,,
90721,660-106G,1,1,0,23.58,,
90722,660-106GH,0,0,0,23.58,,
90723,660-106L,0,0,0,23.58,,
90724,660-106Y,0,0,0,23.58,,
90725,660-206CA,0,0,0,44.04,,
90726,660-206CC,0,0,0,44.04,,
90727,660-206G,2,2,0,44.04,,
90728,660-206GH,0,0,0,44.04,,
90729,660-206L,0,0,0,44.04,,
90730,660-206Y,0,0,0,44.04,,
90731,660-306CA,1,1,0,84.06,,
90732,660-306CC,0,0,0,84.06,,
90733,660-306G,0,0,0,84.06,,
90734,660-306GH,0,0,0,84.06,,
90735,660-306L,0,0,0,84.06,,
90736,660-306Y,0,0,0,84.06,,
90737,660-406CA,0,0,0,230.63,,
90738,660-406CC,0,0,0,230.63,,
90739,660-406G,0,0,0,230.63,,
90740,660-406GH,0,0,0,230.63,,
90741,660-406L,0,0,0,230.63,,
90742,660-406Y,0,0,0,230.63,,
90743,660-008CA,0,0,0,12.57,,
90744,660-008CC,0,0,0,12.57,,
90745,660-008G,2,2,0,12.57,,
90746,660-008GH,1,1,0,12.57,,
90747,660-008L,0,0,0,12.57,,
90748,660-008Y,0,0,0,12.57,,
90749,660-108CA,0,0,0,23.58,,
90750,660-108CC,0,0,0,23.58,,
90751,660-108G,0,0,0,23.58,,
90752,660-108GH,1,1,0,23.58,,
90753,660-108L,0,0,0,23.58,,
90754,660-108Y,0,0,0,23.58,,
90755,660-010CA,0,0,0,12.57,,
90756,660-010CC,0,0,0,12.57,,
90757,660-010G,2,2,0,12.57,,
90758,660-010GH,1,1,0,12.57,,
90759,660-010L,1,1,0,12.57,,
90760,660-010Y,0,0,0,12.57,,
90761,660-110CA,0,0,0,23.58,,
90762,660-110CC,0,0,0,23.58,,
90763,660-110G,7,7,0,23.58,,
90764,660-110GH,0,0,0,23.58,,
90765,660-110L,2,2,0,23.58,,
90766,660-110Y,0,0,0,23.58,,
90767,660-210CA,0,0,0,44.04,,
90768,660-210CC,3,3,0,44.04,,
90769,660-210G,0,0,0,44.04,,
90770,660-210GH,3,3,0,44.04,,
90771,660-210L,1,1,0,44.04,,
90772,660-210Y,0,0,0,44.04,,
90773,660-310CA,0,0,0,84.06,,
90774,660-310CC,0,0,0,84.06,,
90775,660-310G,0,0,0,84.06,,
90776,660-310GH,0,0,0,84.06,,
90777,660-310L,0,0,0,84.06,,
90778,660-310Y,0,0,0,84.06,,
90779,660-410CA,0,0,0,230.63,,
90780,660-410CC,0,0,0,230.63,,
90781,660-410G,0,0,0,230.63,,
90782,660-410GH,0,0,0,230.63,,
90783,660-410L,0,0,0,230.63,,
90784,660-410Y,0,0,0,230.63,,
90785,660-015CA,2,2,0,12.57,,
90786,660-015CC,0,0,0,12.57,,
90787,660-015G,1,1,0,12.57,,
90788,660-015GH,0,0,0,12.57,,
90789,660-015L,0,0,0,12.57,,
90790,660-015Y,0,0,0,12.57,,
90791,660-115CA,0,0,0,23.58,,
90792,660-115CC,0,0,0,23.58,,
90793,660-115G,12,12,0,23.58,,
90794,660-115GH,0,0,0,23.58,,
90795,660-115L,0,0,0,23.58,,
90796,660-115Y,0,0,0,23.58,,
90797,660-215CA,0,0,0,44.04,,
90798,660-215CC,2,2,0,44.04,,
90799,660-215G,0,0,0,44.04,,
90800,660-215GH,0,0,0,44.04,,
90801,660-215L,0,0,0,44.04,,
90802,660-215Y,0,0,0,44.04,,
90803,660-315CA,0,0,0,84.06,,
90804,660-315CC,0,0,0,84.06,,
90805,660-315G,0,0,0,84.06,,
90806,660-315GH,0,0,0,84.06,,
90807,660-315L,0,0,0,84.06,,
90808,660-315Y,0,0,0,84.06,,
90809,660-415CA,0,0,0,230.63,,
90810,660-415CC,1,1,0,230.63,,
90811,660-415G,0,0,0,230.63,,
90812,660-415GH,0,0,0,230.63,,
90813,660-415L,0,0,0,230.63,,
90814,660-415Y,0,0,0,230.63,,
90815,660-020CA,3,3,0,12.57,,
90816,660-020CC,0,0,0,12.57,,
90817,660-020G,3,3,0,12.57,,
90818,660-020GH,0,0,0,12.57,,
90819,660-020L,0,0,0,12.57,,
90820,660-020Y,4,4,0,12.57,,
90821,660-120CA,0,0,0,23.58,,
90822,660-120CC,0,0,0,23.58,,
90823,660-120G,16,16,0,23.58,,
90824,660-120GH,3,3,0,23.58,,
90825,660-120L,0,0,0,23.58,,
90826,660-120Y,4,4,0,23.58,,
90827,660-220CA,0,0,0,44.04,,
90828,660-220CC,1,1,0,44.04,,
90829,660-220G,1,1,0,44.04,,
90830,660-220GH,2,2,0,44.04,,
90831,660-220L,1,1,0,44.04,,
90832,660-220Y,0,0,0,44.04,,
90833,660-320CA,0,0,0,84.06,,
90834,660-320CC,0,0,0,84.06,,
90835,660-320G,0,0,0,84.06,,
90836,660-320GH,0,0,0,84.06,,
90837,660-320L,0,0,0,84.06,,
90838,660-320Y,0,0,0,84.06,,
90839,660-420CA,0,0,0,230.63,,
90840,660-420CC,1,1,0,230.63,,
90841,660-420G,0,0,0,230.63,,
90842,660-420GH,0,0,0,230.63,,
90843,660-420L,0,0,0,230.63,,
90844,660-420Y,0,0,0,230.63,,
90845,660-030CA,1,1,0,12.57,,
90846,660-030CC,2,2,0,12.57,,
90847,660-030G,0,0,0,12.57,,
90848,660-030GH,2,2,0,12.57,,
90849,660-030L,5,5,0,12.57,,
90850,660-030Y,0,0,0,12.57,,
90851,660-130CA,0,0,0,23.58,,
90852,660-130CC,1,1,0,23.58,,
90853,660-130G,3,3,0,23.58,,
90854,660-130GH,0,0,0,23.58,,
90855,660-130L,0,0,0,23.58,,
90856,660-130Y,0,0,0,23.58,,
90857,660-230CA,2,2,0,44.04,,
90858,660-230CC,13,13,0,44.04,,
90859,660-230G,1,1,0,44.04,,
90860,660-230GH,0,0,0,44.04,,
90861,660-230L,0,0,0,44.04,,
90862,660-230Y,0,0,0,44.04,,
90863,660-330CA,0,0,0,84.06,,
90864,660-330CC,0,0,0,84.06,,
90865,660-330G,1,1,0,84.06,,
90866,660-330GH,1,1,0,84.06,,
90867,660-330L,0,0,0,84.06,,
90868,660-330Y,0,0,0,84.06,,
90869,660-430CA,0,0,0,230.63,,
90870,660-430CC,1,1,0,230.63,,
90871,660-430G,3,3,0,230.63,,
90872,660-430GH,0,0,0,230.63,,
90873,660-430L,0,0,0,230.63,,
90874,660-430Y,0,0,0,230.63,,
90875,6012F-10,0,0,0,74.45,,
90876,6013F-10,0,0,0,78.86,,
90877,6014F-10,0,0,0,116.65,,
90878,6015F-10,0,0,0,120.65,,
90879,6016F-10,0,0,0,130.06,,
90880,6017F-10,0,0,0,138.08,,
90881,6018F-10,0,0,0,148.8,,
90882,61060F-10,0,0,0,21.7,,
90883,61061F-10,3,3,0,43.85,,
90884,70000F-10,0,0,0,13.38,,
90885,70000S-11,0,0,0,15.03,,
90886,70001F-10,0,0,0,19.61,,
90887,70001S-11,0,0,0,22.01,,
90889,70002F-10,0,0,0,23.66,,
90890,70002S-11,1,1,0,26.55,,
90891,70003F-10,0,0,0,25.7,,
90892,70003S-11,0,0,0,28.85,,
90893,70005F-10,0,0,0,27.79,,
90894,70005S-11,0,0,0,31.18,,
90895,70006F-10,0,0,0,41.56,,
90896,70006S-11,0,0,0,46.65,,
90897,70009F-10,0,0,0,20.71,,
90898,70009S-11,0,0,0,23.23,,
90899,RCLR,0,0,0,16.47,,
90900,RDS100,0,0,0,45.02,,
90901,70017S-11,0,0,0,237.84,,
90902,RESS7,2,2,0,33.21,,
90904,70018S-11,0,0,0,253.01,,
90905,RPRTC,4,4,0,34.45,,
90906,RPTC,6,6,0,17.64,,
90907,70019S-11,0,0,0,269.3,,
90908,RTC-1,0,0,0,31.76,,
90910,70020S-11,0,0,0,295.41,,
90911,RTC-6P136C,3,3,0,21.82,,
90912,70021S-11,0,0,0,307.35,,
90913,RTC-6PCHS,3,3,0,18.35,,
90914,70022S-11,0,0,0,324.7,,
90915,RTC-6PFSC,0,0,0,31.56,,
90916,70024S-11,0,0,0,357.31,,
90917,RTC-6SPLS,0,0,0,13.09,,
90918,70025S-11,0,0,0,375.76,,
90919,RTDS-15,16,16,0,49.95,,
90920,70112F-10,0,0,0,114.3,,
90921,70113F-10,0,0,0,117.63,,
90922,70114F-10,0,0,0,118.48,,
90923,70115F-10,0,0,0,124.34,,
90924,70117F-10,0,0,0,150.25,,
90925,70122F-10,0,0,0,114.3,,
90926,70124F-10,0,0,0,118.48,,
90927,70125F-10,0,0,0,124.34,,
90928,70126F-10,0,0,0,128.33,,
90929,7014F-10,0,0,0,142.11,,
90930,7015F-10,0,0,0,151.49,,
90931,7016F-10,0,0,0,162.2,,
90932,71016S-11,0,0,0,218.23,,
90933,71017S-11,0,0,0,222.58,,
90934,71018S-11,0,0,0,242.18,,
90935,679-1004C,0,0,0,76.94,,
90936,679-004C,2,2,0,19.23,,
90937,679-1006C,0,0,0,76.94,,
90938,679-006C,0,0,0,19.23,,
90939,679-1008C,0,0,0,76.94,,
90940,71019S-11,0,0,0,259.55,,
90941,679-008C,0,0,0,19.23,,
90942,679-1010C,0,0,0,76.94,,
90943,679-010C,0,0,0,19.23,,
90944,679-1012C,0,0,0,76.94,,
90945,679-012C,3,3,0,19.23,,
90946,679-1014C,0,0,0,88.48,,
90947,679-014C,1,1,0,21.53,,
90948,679-1017C,3,3,0,111.57,,
90949,679-017C,0,0,0,26.93,,
90950,71020S-11,0,0,0,282.35,,
90951,679-1020C,0,0,0,123.12,,
90952,679-020C,0,0,0,30.77,,
90953,679-1025C,2,2,0,138.5,,
90954,OCTAFG3012,0,0,0,783.55,,
90955,OCTAFG3024,0,0,0,783.55,,
90956,71021S-11,0,0,0,297.51,,
90957,679-025C,0,0,0,34.6,,
90958,679-1030C,2,2,0,153.9,,
90959,71023S-11,0,0,0,347.5,,
90960,679-030C,1,1,0,38.47,,
90961,FL10012,1,1,0,9.85,,
90962,FL10018,0,0,0,9.85,,
90963,FL15012,6,6,0,9.85,,
90964,71112F-10,0,0,0,114.3,,
90965,FL15018,1,1,0,9.85,,
90966,FL8012,0,0,0,9.85,,
90967,FL8018,2,2,0,9.85,,
90968,71113F-10,0,0,0,117.63,,
90969,71114F-10,0,0,0,118.48,,
90970,71115F-10,0,0,0,124.34,,
90971,71116EXF-10,0,0,0,159.44,,
90972,71116F-10,0,0,0,137.71,,
90973,71117F-10,0,0,0,150.25,,
90974,TLM506,16,16,0,7.23,,
90975,TLM5012,7,7,0,10.4,,
90977,TLM7512,6,6,0,12.93,,
90979,TLS156,11,11,0,7.14,,
90980,TLS1512,0,0,0,9.69,,
90981,TLS306,13,13,0,6.6,,
90982,TLS3012,19,19,0,9.69,,
90983,BGC8BD,0,0,0,12.61,,
90984,BGC8BLKPRPL,0,0,0,12.61,,
90985,BGC8BLPS,0,0,0,12.61,,
90986,BGC8BO,1,1,0,12.61,,
90987,BGC8HW,3,3,0,12.61,,
90988,BGC8LU,2,2,0,12.61,,
90989,BGC8PW,2,2,0,12.61,,
90990,BGC8RBLK,0,0,0,12.61,,
90994,71118S-11,0,0,0,198.53,,
90995,71119EXS-11,0,0,0,261.45,,
90996,71121EXS-11,0,0,0,303.94,,
90997,71122EXS-11,0,0,0,309.18,,
90998,71123EXS-11,0,0,0,315.14,,
90999,71124EXS-11,0,0,0,319.65,,
91000,71216F-10,0,0,0,222.98,,
91001,71217F-10,0,0,0,233.94,,
91002,71218NF-10,0,0,0,217.8,,
91003,71218F-10,0,0,0,237.95,,
91004,71219NS-11,0,0,0,284.01,,
91005,71219S-11,0,0,0,310.19,,
91006,71220NS-11,0,0,0,301.5,,
91007,71220S-11,0,0,0,327.71,,
91009,71221NS-11,0,0,0,318.81,,
91010,71221S-11,0,0,0,345.01,,
91011,71222NS-11,0,0,0,337.7,,
91012,71222S-11,0,0,0,363.91,,
91013,71223NS-11,1,1,0,319.99,,
91014,71223S-11,0,0,0,381.36,,
91015,71224NS-11,0,0,0,375.56,,
91016,71224S-11,0,0,0,401.76,,
91017,71418XS-11,0,0,0,290.46,,
91018,71419XS-11,0,0,0,303.94,,
91020,71420XS-11,0,0,0,317.41,,
91022,71421XS-11,0,0,0,329.45,,
91023,71513S-11,0,0,0,197.86,,
91024,71515S-11,0,0,0,212.31,,
91025,72215F-10,0,0,0,215.86,,
91026,72216F-10,0,0,0,220.49,,
91027,72217NF-10,0,0,0,230.83,,
91028,72217F-10,0,0,0,225.26,,
91029,72218NF-10,0,0,0,235.8,,
91030,72218F-10,0,0,0,229.95,,
91031,72316F-10,0,0,0,233.19,,
91032,72317F-10,0,0,0,238.28,,
91033,72318F-10,0,0,0,240.14,,
91034,010-12390-43,0,0,0,22.49,,
91035,010-11425-13,0,0,0,29.98,,
91036,72319S-11,0,0,0,306.31,,
91037,72320S-11,0,0,0,326.1,,
91038,72321S-11,0,0,0,356.84,,
91039,72418F-10,0,0,0,240.14,,
91040,74016F-10,0,0,0,146.9,,
91041,74017F-10,0,0,0,155.28,,
91042,74018F-10,0,0,0,166.14,,
91057,74099S-11,0,0,0,201.95,,
91061,74100S-11,0,0,0,205.23,,
91063,74101S-11,0,0,0,217.16,,
91064,74102S-11,0,0,0,238.9,,
91065,74103S-11,0,0,0,260.59,,
91066,74118F-10,0,0,0,166.14,,
91067,74119F-10,0,0,0,183.73,,
91068,74120F-10,0,0,0,192.93,,
91069,74121S-11,0,0,0,246.48,,
91070,74200F-10,0,0,0,119.43,,
91071,74201EXF-10,0,0,0,134.33,,
91072,74201F-10,0,0,0,120.18,,
91073,74202F-10,0,0,0,129.38,,
91074,74203F-10,0,0,0,140.24,,
91075,74204F-10,0,0,0,146.9,,
91076,74205F-10,0,0,0,148.59,,
91077,74300F-10,1,1,0,134.45,,
91078,74303F-10,1,0,1,99.99,,
91079,74305F-10,0,0,0,142.24,,
91080,74321S-11,0,0,0,255.19,,
91081,74324S-11,0,0,0,287.8,,
91082,74325S-11,0,0,0,300.8,,
91083,74326S-11,0,0,0,313.84,,
91084,74327S-11,0,0,0,331.25,,
91085,74328S-11,0,0,0,348.61,,
91086,74329S-11,0,0,0,365.94,,
91087,74421S-11,0,0,0,252.78,,
91088,74519S-11,0,0,0,452.48,,
91089,74520S-11,0,0,0,465.85,,
91090,74521S-11,0,0,0,483.46,,
91091,74522S-11,0,0,0,500.6,,
91092,74523S-11,0,0,0,508.59,,
91093,75119S-11,0,0,0,251.96,,
91094,75121S-11,0,0,0,288.85,,
91095,75122S-11,0,0,0,308.43,,
91096,UC128-SVS 1P,0,0,0,679.87,,
91098,77014S-11,0,0,0,159.6,,
91099,77015S-11,0,0,0,178.08,,
91100,77016S-11,0,0,0,195.48,,
91101,77017S-11,0,0,0,208.49,,
91102,77018S-11,0,0,0,223.7,,
91103,77019S-11,0,0,0,234.56,,
91104,77020S-11,0,0,0,274.76,,
91105,77021S-11,0,0,0,298.68,,
91106,77022S-11,0,0,0,313.84,,
91107,77024S-11,0,0,0,342.09,,
91108,77116S-11,0,0,0,195.48,,
91109,77117S-11,0,0,0,208.49,,
91110,77118S-11,0,0,0,219.25,,
91111,77119S-11,0,0,0,229.9,,
91112,77120S-11,0,0,0,274.76,,
91113,77121S-11,0,0,0,298.68,,
91114,77122S-11,0,0,0,313.84,,
91115,77123S-11,0,0,0,327.95,,
91116,77124S-11,0,0,0,342.09,,
91117,77125S-11,0,0,0,360.53,,
91118,77216S-11,0,0,0,199.8,,
91119,77217S-11,0,0,0,211.73,,
91120,77218S-11,0,0,0,225.85,,
91121,77219S-11,0,0,0,244.33,,
91122,77220S-11,0,0,0,255.19,,
91123,77221S-11,0,0,0,262.8,,
91124,77316F-10,0,0,0,160.29,,
91125,77317F-10,0,0,0,171.14,,
91126,77318F-10,0,0,0,187.06,,
91127,77319F-10,0,0,0,196.25,,
91128,77320F-10,0,0,0,204.6,,
91129,77516S-11,0,0,0,329.04,,
91130,77518S-11,0,0,0,357.31,,
91131,77519S-11,0,0,0,363.63,,
91132,77520S-11,0,0,0,371.41,,
91133,77521S-11,0,0,0,387.73,,
91134,77522S-11,0,0,0,398.58,,
91135,77523S-11,0,0,0,413.78,,
91136,77524S-11,0,0,0,419.19,,
91137,77616S-11,0,0,0,312.61,,
91138,77618S-11,0,0,0,357.31,,
91139,77620S-11,0,0,0,371.41,,
91140,77622S-11,0,0,0,398.58,,
91141,77623S-11,0,0,0,413.78,,
91142,77624S-11,0,0,0,419.19,,
91143,77626S-11,0,0,0,447.45,,
91144,77718S-11,0,0,0,238.9,,
91145,77719S-11,0,0,0,262.78,,
91146,77720S-11,0,0,0,306.25,,
91147,77721S-11,0,0,0,329.04,,
91149,77722S-11,0,0,0,347.5,,
91150,77723S-11,0,0,0,361.63,,
91151,77724S-11,0,0,0,383.35,,
91152,77814F-10,0,0,0,132.68,,
91153,77815F-10,0,0,0,141.06,,
91154,77816EF-10,0,0,0,153.28,,
91155,77816F-10,0,0,0,146.9,,
91156,77817EF-10,0,0,0,159.24,,
91157,77817F-10,0,0,0,154.4,,
91158,77818EF-10,0,0,0,182.54,,
91159,77818F-10,0,0,0,166.44,,
91160,77819EF-10,0,0,0,190.05,,
91161,77918F-10,0,0,0,195.78,,
91162,77919F-10,0,0,0,214.56,,
91163,79015F-10,0,0,0,245.6,,
91164,79016F-10,0,0,0,255.7,,
91165,79017F-10,0,0,0,252.55,,
91166,79018F-10,0,0,0,257.91,,
91167,79019F-10,0,0,0,268.64,,
91170,79020XS-11,0,0,0,385.74,,
91171,79118S-11,0,0,0,306.96,,
91172,79119S-11,0,0,0,320.95,,
91173,79120S-11,0,0,0,327.89,,
91174,79120XS-11,0,0,0,367.34,,
91175,79121S-11,0,0,0,341.85,,
91176,79121XS-11,0,0,0,382.08,,
91177,7INF10BF-10,0,0,0,118.9,,
91178,7INF10F-10,0,0,0,117.71,,
91179,7INF11BF-10,0,0,0,120.48,,
91180,7INF11F-10,0,0,0,119.35,,
91181,7INF12BF-10,0,0,0,133.54,,
91182,7INF12F-10,0,0,0,133.11,,
91184,7INF13BF-10,0,0,0,142.08,,
91185,7INF13F-10,0,0,0,142.08,,
91186,7INF14BF-10,0,0,0,152.86,,
91187,7INF14F-10,0,0,0,153.43,,
91188,7INF15F-10,0,0,0,164.79,,
91189,7INF8BF-10,0,0,0,116.81,,
91190,7INF9BF-10,0,0,0,116.84,,
91191,7INF9F-10,0,0,0,116.86,,
91192,81119S-11,0,0,0,350.15,,
91193,81120S-11,0,0,0,368.79,,
91194,81121S-11,0,0,0,384.91,,
91195,81122S-11,0,0,0,404.7,,
91196,81123S-11,0,0,0,407.99,,
91197,82121S-11,0,0,0,404.03,,
91198,82122S-11,0,0,0,423.84,,
91199,82123S-11,0,0,0,427.16,,
91200,83118S-11,0,0,0,328.76,,
91201,83119S-11,0,0,0,333.08,,
91202,83120S-11,0,0,0,337.38,,
91203,83121S-11,0,0,0,364.63,,
91204,53012,0,0,0,36.88,,
91205,53013,1,1,0,43.64,,
91206,53014,1,1,0,50.1,,
91207,84012F-10,0,0,0,57.7,,
91208,84013F-10,0,0,0,82.44,,
91209,90019S-11,0,0,0,630.91,,
91210,90020S-11,0,0,0,646.86,,
91211,90021S-11,0,0,0,662.78,,
91212,90022S-11,0,0,0,678.73,,
91213,90023S-11,0,0,0,694.68,,
91214,90024S-11,0,0,0,710.64,,
91215,90025S-11,0,0,0,726.58,,
91216,90026S-11,0,0,0,742.53,,
91217,90027S-11,0,0,0,788.08,,
91218,90028S-11,0,0,0,833.64,,
91219,95120S-11,0,0,0,374.63,,
91220,95121S-11,0,0,0,390.91,,
91221,95122S-11,0,0,0,407.19,,
91222,95123S-11,0,0,0,423.48,,
91223,95124S-11,0,0,0,439.76,,
91224,95125S-11,0,0,0,456.04,,
91225,96122S-11,0,0,0,536.86,,
91226,97019S-11,0,0,0,373.0,,
91227,97020S-11,0,0,0,416.89,,
91228,97021S-11,0,0,0,434.41,,
91229,97118S-11,0,0,0,329.13,,
91230,97119S-11,0,0,0,351.05,,
91231,97120S-11,0,0,0,373.0,,
91232,97121S-11,0,0,0,394.94,,
91233,97122S-11,0,0,0,412.49,,
91234,97123S-11,0,0,0,421.29,,
91235,97124S-11,0,0,0,449.76,,
91238,INFCC10BNF-10,0,0,0,154.28,,
91239,INFCC11BNF-10,0,0,0,157.98,,
91240,INFCC12BNF-10,0,0,0,159.44,,
91241,INFCC12DRF-10,0,0,0,169.76,,
91242,INFCC13BNF-10,0,0,0,161.69,,
91243,INFCC13DRF-10,0,0,0,169.76,,
91244,INFCC14BNF-10,0,0,0,140.04,,
91245,INFCC14BF-10,0,0,0,167.64,,
91246,INFCC14DRF-10,0,0,0,176.05,,
91247,INFCC15BF-10,0,0,0,197.09,,
91248,INFCC15DRS-11,0,0,0,245.38,,
91249,INFCC16DRS-11,0,0,0,268.13,,
91250,INFCC17DRS-11,0,0,0,274.93,,
91251,INFCC18DRS-11,0,0,0,279.54,,
91252,INFCC19BS-11,0,0,0,286.34,,
91253,INFCC19DRS-11,0,0,0,286.34,,
91254,INFCC20DRS-11,0,0,0,290.86,,
91255,INFCC21DRS-11,0,0,0,302.28,,
91260,PP5200-20,0,0,0,392.72,,
91262,PP5920-10,0,0,0,414.53,,
91263,BPP900455070,8,3,5,262.51,,323.85
91264,BPP900465050,4,1,3,12.4,,15.3
91265,BPP900465070,19,12,7,16.54,,20.4
91266,BPP900460050,4,3,1,19.98,,24.65
91267,BMS800200104,7,3,4,31.69,,39.1
91269,MO716,0,0,0,11.49,,
91280,010-02635-00,0,0,0,239.99,,
91281,010-02635-02,0,0,0,279.98,,
91287,V12-9980CP100-1,2,0,2,258.42,,
91288,9000S-11,0,0,0,131.13,,
91289,9001S-11,0,0,0,131.13,,
91290,9002S-11,0,0,0,123.84,,
91291,9003S-11,0,0,0,152.98,,
91292,9004S-11,0,0,0,107.01,,
91293,9005S-11,0,0,0,152.98,,
91294,DST810PV-N2,0,0,0,347.06,,
91295,048-054,2,2,0,2.42,,
91296,M3-TD32,2,0,2,254.99,,
91299,010-12531-20,1,1,0,26.24,,
91301,010-12531-21,0,0,0,18.74,,
91306,503100-700-030-22,0,0,0,53.33,,
91307,503100-700-040-22,0,0,0,53.33,,
91308,503100-700-050-22,0,0,0,53.33,,
91309,503100-700-060-22,0,0,0,53.33,,
91310,503100-700-070-22,0,0,0,53.33,,
91311,503200-700-030-22,0,0,0,44.0,,
91312,503200-700-040-22,0,0,0,44.0,,
91313,503200-700-050-22,1,0,1,34.99,,
91314,503200-700-060-22,0,0,0,44.0,,
91315,503200-700-070-22,0,0,0,44.0,,
91316,502900-701-030-22,0,0,0,37.33,,
91317,502900-701-040-22,0,0,0,37.33,,
91318,502900-701-050-22,0,0,0,37.33,,
91319,502900-701-060-22,0,0,0,37.33,,
91320,502900-701-070-22,0,0,0,37.33,,
91321,503000-701-030-22,0,0,0,30.67,,
91322,503000-701-040-22,0,0,0,30.67,,
91323,503000-701-050-22,0,0,0,30.67,,
91324,503000-701-060-22,0,0,0,30.67,,
91325,503000-701-070-22,0,0,0,30.67,,
91326,104400-105-001-22,0,0,0,15.44,,
91327,104200-300-000-22,6,6,0,21.0,,
91328,112400-100-000-22,5,5,0,21.07,,
91329,112400-505-000-22,14,6,8,21.07,,
91330,112200-100-001-22,6,5,1,21.07,,
91331,112200-600-001-22,7,1,6,21.07,,
91332,112200-105-002-22,8,6,2,21.07,,
91333,112200-500-002-22,14,12,2,21.07,,
91334,112200-701-010-22,5,2,3,25.67,,
91335,112200-505-010-22,28,20,8,25.67,,
91336,112200-100-030-22,4,4,0,25.67,,
91337,112200-100-050-22,8,6,2,25.67,,
91338,112200-100-080-22,7,2,5,25.67,,
91339,112200-100-110-22,0,0,0,25.67,,
91340,112200-500-030-22,2,2,0,20.99,,
91341,112200-500-050-22,0,0,0,25.67,,
91342,112200-500-080-22,7,5,2,25.67,,
91343,112200-500-110-22,0,0,0,25.67,,
91344,112200-505-030-22,3,1,2,20.99,,
91345,112200-505-050-22,0,0,0,25.67,,
91346,112200-505-080-22,0,0,0,25.67,,
91347,112000-100-004-22,0,0,0,23.0,,
91348,112000-100-005-22,0,0,0,23.0,,
91349,142100-300-000-22,6,0,6,32.67,,
91350,142100-500-001-22,0,0,0,32.67,,
91351,142100-600-001-22,4,4,0,32.67,,
91352,142100-100-002-22,3,3,0,25.99,,
91353,142100-105-002-22,0,0,0,32.67,,
91354,142400-400-009-22,14,12,2,34.99,,
91355,142100-505-030-22,0,0,0,42.67,,
91356,142100-505-050-22,3,1,2,42.67,,
91357,142100-701-030-22,3,0,3,42.67,,
91358,142100-701-050-22,0,0,0,42.67,,
91359,142100-701-080-22,8,7,1,42.67,,
91360,142100-500-030-22,1,0,1,32.99,,
91361,142100-500-050-22,0,0,0,42.67,,
91362,142100-500-080-22,0,0,0,42.67,,
91366,142500-105-001-22,4,4,0,34.99,,
91367,142500-500-001-22,4,4,0,34.99,,
91368,142500-105-002-22,0,0,0,42.0,,
91369,142500-100-002-22,2,2,0,34.99,,
91370,142500-105-810-22,5,5,0,51.99,,
91371,142500-105-820-22,0,0,0,61.33,,
91372,142500-105-830-22,5,5,0,61.33,,
91373,142500-105-840-22,2,0,2,61.33,,
91374,142500-105-850-22,0,0,0,61.33,,
91376,142500-701-030-22,0,0,0,61.33,,
91377,142500-701-040-22,0,0,0,61.33,,
91378,142500-701-050-22,0,0,0,61.33,,
91379,142500-701-060-22,0,0,0,61.33,,
91380,142500-100-020-22,0,0,0,61.33,,
91381,142500-100-030-22,0,0,0,61.33,,
91382,142500-100-040-22,0,0,0,61.33,,
91383,142500-100-050-22,1,0,1,51.99,,
91384,142500-100-060-22,0,0,0,61.33,,
91385,142500-100-070-22,0,0,0,61.33,,
91386,142500-400-030-22,0,0,0,61.33,,
91387,142500-400-040-22,0,0,0,61.33,,
91388,142500-400-050-22,0,0,0,61.33,,
91389,142500-400-060-22,0,0,0,61.33,,
91390,303400-100-002-21,0,0,0,247.5,,
91391,302200-100-002-21,0,0,0,125.63,,
91392,302200-300-003-21,0,0,0,157.5,,
91393,302400-100-002-21,0,0,0,114.38,,
91394,302400-500-003-21,0,0,0,143.75,,
91395,302000-400-001-21,0,0,0,71.25,,
91396,302900-500-002-21,0,0,0,166.25,,
91398,340800-500-999-21,1,1,0,15.36,,
91399,341100-300-999-21,0,0,0,19.64,,
91400,341000-300-999-21,0,0,0,15.71,,
91401,340100-702-999-21,0,0,0,15.71,,
91402,310100-700-999-12,0,0,0,26.0,,
91403,310000-700-999-12,0,0,0,20.0,,
91404,310300-700-999-12,0,0,0,33.33,,
91405,310200-700-999-21,0,0,0,21.07,,
91424,TM265C-LM-12F,0,0,0,1524.39,2099.0,
91425,0343-BK,0,0,0,20.54,,
91426,FVC080391230Q00,0,0,0,384.77,,
91427,51502,25,20,5,11.51,,17.96
91428,51501,0,0,0,11.51,,17.96
91429,550030,12,8,4,260.75,,
91430,758000,0,0,0,20.32,,
91431,758201,1,0,1,84.7,,
91432,CMD6-MDR-BR,3,1,2,115.0,,
91433,CMD6-MBR-BR,0,0,0,115.0,,
91434,CMD6-MDR-R,4,0,4,115.0,,
91435,CMD6-MBR-R,5,3,2,115.0,,
91436,OCTAFMDRSSYS8,0,0,0,1208.07,,
91439,SSM-517A,10,6,4,29.65,,
91441,A80589,4,2,2,129.16,,
91452,20128,4,4,0,25.56,,
91453,A10-1290CN,8,3,5,54.88,,
91455,958130511,0,0,0,202.53,,
91456,958130611,0,0,0,202.53,,
91457,958130641,0,0,0,202.53,,
91458,958130451,2,0,2,234.18,,
91459,958128811,0,0,0,20.25,,
91460,85-741-BL,15,6,9,49.94,,
91461,85-741-WT,3,3,0,49.94,,
91467,MFR-5,1,0,1,1099.99,,
91471,G210608,0,0,0,21.68,,
91475,102408,0,0,0,19.59,,
91476,102416,0,0,0,22.57,,
91482,XT-SF-250-DV-KIT,0,0,0,1227.61,1444.0,
91483,LLB-63AS-01-00,5,1,4,13.72,,
91484,09-707B-1,0,0,0,27.16,,
91486,X3002,20,16,4,5.13,,
91487,X210200,35,8,27,8.46,,
91488,P7185400AJ,0,0,0,54.46,,
91489,P7187200AJ,2,1,1,41.9,,
91490,P7188700AJ,0,0,0,46.08,,
91491,P7702200AJ,5,5,0,22.19,,
91492,CA-0005-SS,2,0,2,140.43,,
91493,CA-0004-15SS,2,2,0,133.82,,
91494,CA-0008-SS,5,3,2,126.39,,
91495,CA-0127-SS,2,0,2,152.47,,
91496,CA-0128-SS,2,0,2,152.47,,
91497,CA-0122-SS,5,3,2,152.47,,
91498,013017,0,0,0,469.32,712.0,
91502,FFKIT,93,56,37,25.34,,
91503,SG230,1,0,1,264.85,311.0,
91505,SG2-0130,2,0,2,157.03,185.0,
91559,69041,40,8,32,45.95,,
91663,69044,0,0,0,44.68,,
91665,270167-1,0,0,0,18.24,,
91671,22007,2,0,2,5.27,6.97,
91672,22405,16,11,5,8.88,12.99,
91673,550103NE,5,4,1,439.5,,
91674,44320305,0,0,0,716.0,,895.0
91675,30251,16,11,5,19.62,29.99,
91723,EX650,21,16,5,149.14,,
91724,G-1-GRAPHITE,0,0,0,11.93,,
91725,G-2-GRAPHITE,0,0,0,13.95,,
91726,G-3-GRAPHITE,6,6,0,14.49,,
91727,G-4-GRAPHITE,3,3,0,25.47,,
91728,G-5-GRAPHITE,0,0,0,49.11,,
91729,G-6-GRAPHITE,3,3,0,64.84,,
91730,HTM-1-GRAPHITE,2,2,0,27.99,,
91731,HTM-2-GRAPHITE,0,0,0,45.57,,
91732,HTM-3-GRAPHITE,14,14,0,80.89,,
91733,HTM-4-GRAPHITE,0,0,0,119.37,,
91806,P12848-100GR-MS,0,0,0,340.0,,
91807,P12848-200-MS,0,0,0,201.45,,
91808,P12848-100-MS,0,0,0,362.67,,
91818,ZIPK8N2,0,0,0,771.25,,
91819,SCC125110412,5,3,2,496.77,,612.85
91831,32-77,2,0,2,233.0,,
91832,20408000,8,5,3,7.64,,
91834,ZDIG4GX-US,2,1,1,1119.96,,
91835,12444,0,0,0,201.76,,
91838,33-351-01,0,0,0,108.03,,
91846,SD1829B,2,0,2,219.14,,
91847,SD1829G,0,0,0,219.14,,
91848,SD1829N,0,0,0,219.14,,
91849,SD1842B,3,2,1,263.14,,
91850,SD1842G,0,0,0,263.14,,
91851,SD1842N,4,2,2,263.14,,
91852,SD1858B,1,0,1,307.11,,
91853,SD1858G,3,3,0,267.05,,
91854,SD1858N,0,0,0,307.11,,
91855,SD2442B,0,0,0,351.14,,
91856,SD2442G,0,0,0,351.14,,
91857,SD2442N,0,0,0,351.14,,
91863,P13168-1300TEBCL,0,0,0,151.11,,
91864,P13168-1300TEBK,0,0,0,151.11,,
91865,P13168-1300TEBGR,0,0,0,151.11,,
91866,P13198-2380TEBCL,0,0,0,377.81,,
91867,P13198-2380TEBBK,0,0,0,377.81,,
91868,P13198-2380TEBGR,0,0,0,377.81,,
91869,P13198-2500TEBCL,0,0,0,377.81,,
91870,P13198-2500TEBBK,0,0,0,377.81,,
91871,P13198-2500TEBGR,0,0,0,377.81,,
91872,P13276-1000TEBCL,0,0,0,1205.36,,
91873,P13276-1000TEBBK,0,0,0,1205.36,,
91874,P13276-1000TEBGR,0,0,0,1205.36,,
91880,FSBL20912FY7A00,0,0,0,1654.56,,
91900,806-1883,0,0,0,1120.52,,
91903,LLB-33OW-81-OT,0,0,0,55.59,,
91906,VSRT-15,0,0,0,4484.0,,
91907,VSRT-17,0,0,0,5876.0,,
91908,VSRT-19,0,0,0,6464.0,,
91909,VSRT-21W,0,0,0,6611.0,,
91910,CD-19T,0,0,0,2837.5,,
91911,CD-24T,0,0,0,3473.0,,
91913,CD-26T,0,0,0,3988.0,,
91914,SRT-10,0,0,0,2100.35,,
91915,SRT-12,1,1,0,2536.76,,
91916,SRT-15,0,0,0,3149.36,,
91917,00108,0,0,0,262.49,,389.99
91918,00110,7,7,0,262.49,,389.0
91919,SRT-17,0,0,0,3528.59,,
91920,00112,6,6,0,262.49,,389.0
91921,SRT-19,0,0,0,4305.0,,
91922,SRT-24,0,0,0,4515.86,,
91923,SRT-15W,0,0,0,3528.59,,
91924,SRT-185W,0,0,0,4339.0,,
91925,SRT-21W,0,0,0,4410.74,,
91926,SRT-24W-1080,0,0,0,4515.86,,
91927,SRT-27,0,0,0,4795.0,,
91928,PHT-12,0,0,0,1838.68,,
91929,PHT-15,0,0,0,1910.99,,
91930,PHT-17,0,0,0,2132.11,,
91931,PHT-19,0,0,0,2205.22,,
91932,PHT-24,0,0,0,3112.94,,
91933,PHT-15W,0,0,0,2237.31,,
91934,PHT-185W,0,0,0,2447.0,,
91935,PHT-21W,0,0,0,3211.76,,
91936,PHT-24W-1080,0,0,0,3285.88,,
91937,PHT-27W,0,0,0,3285.0,,
91942,IND-19,0,0,0,2731.54,,
91943,IND-24W,0,0,0,3667.5,,
91954,PIN125010510,14,11,3,116.44,,143.65
91955,013016,0,0,0,448.91,712.0,
91956,013018,0,0,0,448.91,712.0,
91957,013024,1,0,1,448.91,712.0,
91958,VBS127010010,1,0,1,28.25,,34.85
91960,LLB-53R4-01-00,2,2,0,37.13,,
91961,453382,3,0,3,4.68,,
91962,453386,5,1,4,32.27,,
91963,453502,0,0,0,9.09,,
91964,453506,5,0,5,39.29,,
91965,453752,0,0,0,10.35,,
91966,453756,9,3,6,54.41,,
91967,453901,0,0,0,9.98,,
91968,453906,5,1,4,78.18,,
91969,452251,0,0,0,5.33,,
91971,452381,0,0,0,6.2,,
91972,452385,22,9,13,41.08,,
91973,452501,0,0,0,7.55,,
91974,452505,7,4,3,50.72,,
91975,452751,0,0,0,12.49,,
91976,452755,0,0,0,85.87,,
91977,452900,0,0,0,10.25,,
91978,452905,0,0,0,137.11,,
91982,HCE50SW-GRAY,1,1,0,122.31,,
91983,WN515,0,0,0,4.88,7.99,
91988,MAHC-BP,8,4,4,10.99,,
91990,FHMS200-BP,2,2,0,3.99,,
92048,FX-16-AS,0,0,0,324.65,,
92049,FX-115,0,0,0,1234.34,,
92050,MOFCR-25FT.4CH,2,1,1,23.25,,39.95
92051,MOFCR-6FT.4CH,6,3,3,13.25,,21.95
92052,MOFCR-25FT,2,2,0,13.25,,21.95
92053,MOFCR-12FT,2,0,2,10.0,,16.95
92054,MOFCR-6FT,6,0,6,8.25,,13.95
92055,MOFCR-3FT,5,2,3,7.0,,11.95
92056,MOFCR-1F2M,4,0,4,5.0,,9.95
92057,MOFCR-2F1M,2,0,2,5.0,,9.95
92059,221600,0,0,0,118.9,,
92060,PRS,0,0,0,40.63,,
92065,RT022,0,0,0,28.49,,56.99
92072,RT057,10,10,0,53.99,,107.99
92074,011-A592-7,0,0,0,13.54,,
92075,011-E592-7,0,0,0,26.29,,
92084,A80653,9,3,6,179.16,,
92085,A80658,8,3,5,179.16,,
92086,DC-2500-KIT-XL,0,0,0,286.14,394.6,
92088,SSP-200-KIT,0,0,0,340.0,490.7,
92089,81300200,0,0,0,369.34,,
92092,PPLI28PV,0,0,0,629.0,,729.95
92093,PPLI30BB,0,0,0,580.0,,799.95
92097,RF7110,4,2,2,106.69,135.15,
92098,RF7120,0,0,0,112.47,139.67,
92099,RF7210,0,0,0,128.54,156.4,
92100,RF7220,4,2,2,134.97,167.08,
92101,RF7310,0,0,0,160.69,194.65,
92102,RF7320,0,0,0,167.11,194.48,
92105,134402-200-004-21,0,0,0,205.08,,
92108,1020SF,7,4,3,50.83,,
92109,27627,9,4,5,82.09,,
92110,27647,11,7,4,87.18,,
92111,88440,1,1,0,31.24,48.99,
92112,88440-1,4,2,2,39.39,60.99,
92113,88415,0,0,0,14.94,21.99,
92116,610564,8,8,0,8.4,,
92117,610565,0,0,0,8.4,,
92119,769,57,57,0,18.34,,
92120,778,60,60,0,18.34,,
92121,432053,36,28,8,10.0,,
92122,432029,20,19,1,10.0,,
92123,613773,0,0,0,16.99,,
92124,609801,6,4,2,38.52,,
92125,609802,0,0,0,45.82,,
92126,606127,0,0,0,37.23,,
92127,SCC115060211,6,4,2,284.56,,351.05
92128,658975,0,0,0,39.48,,
92129,648707,0,0,0,4.5,,
92130,605354,0,0,0,4.5,,
92132,658978,60,13,47,11.19,,
92133,648702,1,1,0,8.49,,
92134,648701,31,0,31,11.19,,
92135,91283,21,0,21,14.99,,
92137,108616,17,17,0,22.8,,
92139,91572,62,32,30,56.87,,
92141,451588,39,18,21,65.41,,
92142,473594,0,0,0,222.69,,
92144,606547,6,4,2,123.3,,
92145,606128,1,0,1,101.99,,
92146,606126,0,0,0,104.09,,
92147,648910,0,0,0,107.45,,
92149,JPZ-4-DP,6,0,6,353.45,,
92150,JPZ-6-DP,0,0,0,367.66,,
92151,JPZ-10-DP,0,0,0,490.68,,
92152,JPZ-12-DP,0,0,0,604.34,,
92153,JPZHSP-6,6,4,2,48.73,,
92154,JPZHSP-8,1,1,0,53.8,,
92155,JPZHSP-10,10,6,4,57.12,,
92156,JPZ-8-DP,0,0,0,434.82,,
92157,APM-12,0,0,0,65.74,80.99,
92158,APM-24,5,0,5,73.04,89.99,
92168,4148-163-E75,1,0,1,244.9,,
92170,4230175,0,0,0,1319.74,,
92171,PP5030-03,0,0,0,399.99,,
92172,UC128TS-2,2,2,0,558.54,,
92175,GP1040-52,0,0,0,334.53,,
92176,GP1080-15,0,0,0,385.44,,
92177,GP1080-31,0,0,0,385.44,,
92178,GP1080-33,0,0,0,385.44,,
92179,GP1080-35,0,0,0,385.44,,
92180,GP1170-25,0,0,0,385.44,,
92181,GP2030-02,0,0,0,363.62,,
92182,GP2050-15,1,0,1,327.26,,
92183,GP2050-22,0,0,0,327.26,,
92184,GP2050-26,0,0,0,327.26,,
92185,GP2050-33,0,0,0,327.26,,
92186,GP2050-60,0,0,0,327.26,,
92187,GP2200-20,0,0,0,363.62,,
92188,GP2920-01,0,0,0,392.72,,
92189,PP4400-15,0,0,0,269.08,,
92190,PP4600-08,0,0,0,305.44,,
92191,PP4800-14,1,1,0,356.35,,
92192,PP5050-26,0,0,0,370.9,,
92193,PP5100-02,0,0,0,356.35,,
92194,PP5920-00,0,0,0,399.99,,
92195,PP5920-06,0,0,0,414.53,,
92196,PP5920-07,0,0,0,414.53,,
92197,PP5920-13,0,0,0,414.53,,
92198,RMX4400-12,0,0,0,334.53,,
92199,RMX4400-15,0,0,0,392.72,,
92200,RMX4500-09,0,0,0,399.99,,
92201,RMX4500-14,0,0,0,399.99,,
92204,010-12390-41,0,0,0,18.74,,
92205,33-536-01,0,0,0,33.16,,
92207,756015P,0,0,0,143.8,,
92209,S2-6817,1,0,1,1239.99,,
92210,100-343-822-10,0,0,0,40.91,,
92212,SM-ACC3-N2KCT,5,2,3,31.26,,38.47
92213,ME6005D,9,5,4,179.0,,
92218,2000036414,3,0,3,66.18,,
92222,3000006611,0,0,0,139.69,189.99,
92229,MD4016-806-0-253,7,3,4,99.99,,
92240,88880,0,0,0,1669.15,,
92242,88870,0,0,0,550.26,806.99,
92280,MV4111-222-0-216,4,3,1,47.99,,
92289,MV7112-131-M/L-216,2,0,2,39.99,,
92297,MV701DMS-25-XL/XXL-216,5,4,1,29.99,,
92301,MV2500-5-0-216,2,2,0,44.99,,
92303,MV7030-220-0-216,8,4,4,39.99,,
92313,MV5020-123-XS-216,1,1,0,43.75,,
92314,MV5020-123-S-216,0,0,0,43.75,,
92315,MV5020-123-M-216,2,2,0,43.75,,
92316,MV5020-123-L-216,2,2,0,43.75,,
92317,MV5020-123-XL-216,4,2,2,43.75,,
92318,MACRS2-825-0-253,15,7,8,15.8,,
92323,N-8/49FT,8,3,5,14.99,,
92324,OBSSKIT11/12TT,8,3,5,99.99,,
92325,EL-OB-KIT,0,0,0,1166.2,,
92371,122313,1,1,0,581.25,929.99,
92387,37926-81211,2,0,2,142.24,195.99,
92388,37926-22516,0,0,0,142.24,195.99,
92390,37926-80420,1,0,1,142.24,195.99,
92394,37925-81211,3,0,3,118.29,162.99,
92395,37925-22516,0,0,0,118.29,162.99,
92397,37925-80420,3,0,3,118.29,162.99,
92399,39638-80375,0,0,0,97.97,134.99,
92400,958126001,6,4,2,16.46,,
92405,WM1982B,3,1,2,73.81,,
92406,23903-80368,2,1,1,23.21,31.99,
92407,23903-80020,3,0,3,23.21,31.99,
92409,23903-80098,3,0,3,23.21,31.99,
92410,23903-80018,6,0,6,23.21,31.99,
92411,23903-80019,3,0,3,23.21,31.99,
92412,23903-80085,0,0,0,23.21,31.99,
92413,23903-80251,1,0,1,23.21,31.99,
92414,23903-80021,5,0,5,23.21,31.99,
92449,SC-USB-F1,38,8,30,28.13,,
92450,DS-HD6-BLK,57,17,40,19.69,,
92456,CIP100400060,5,3,2,31.0,,38.25
92458,VBB115021020,4,2,2,15.16,,18.7
92459,VBB115022020,7,3,4,23.43,,28.9
92460,VBB115040020,0,0,0,15.16,,18.7
92461,VBB115060020,4,4,0,22.74,,28.05
92462,VBB125020620,23,14,9,35.14,,43.35
92463,VBB125021220,6,3,3,40.65,,50.15
92464,VBB125040010,25,17,8,46.16,,56.95
92465,VBB160040010,17,10,7,106.11,,130.9
92466,VBB160080010,20,8,12,163.98,,202.3
92469,ZIPK4N1,0,0,0,527.5,,
92472,2-256,9,5,4,2.67,,
92473,9600024617,0,0,0,694.05,,879.99
92474,9600024618,0,0,0,731.42,,949.99
92475,9600024620,0,0,0,831.51,,1079.99
92476,9600024621,0,0,0,962.39,,1249.99
92477,9600024622,0,0,0,1077.88,,1399.99
92478,9600024623,0,0,0,1039.39,,1349.99
92479,9600028370,0,0,0,615.93,,799.99
92480,9600012982,0,0,0,682.88,,859.99
92481,9600015864,0,0,0,621.26,,799.99
92482,9600017007,0,0,0,37.49,,49.99
92483,9600017296,0,0,0,14.96,,19.99
92484,9600026462,0,0,0,112.6,,149.99
92485,9600026463,0,0,0,112.6,,149.99
92486,9600026464,0,0,0,112.6,,149.99
92488,9600026466,0,0,0,135.11,,179.99
92489,9600026467,0,0,0,135.11,,179.99
92490,9600028648,0,0,0,112.6,,149.99
92491,9610000651,0,0,0,295.06,,349.99
92492,9610000652,0,0,0,295.06,,349.99
92493,9610000653,0,0,0,337.21,,399.99
92494,9610000655,0,0,0,358.29,,424.99
92505,44310505,4,3,1,613.6,,767.0
92506,44310355,1,1,0,498.4,,623.0
92507,44320205,2,1,1,545.6,,682.0
92511,V12-4144BKA70-1,6,0,6,143.96,,
92516,G19124,0,0,0,7.83,,
92588,10-960-K,37,4,33,18.78,,
92590,BMS110022000,14,9,5,122.64,,151.3
92591,ASS070200100,5,3,2,13.78,,17.0
92592,ASS030560100,8,4,4,26.87,,33.15
92593,ASS030560200,4,3,1,28.25,,34.85
92594,ASS030560300,8,5,3,30.32,,37.4
92595,ASS030560500,3,3,0,34.45,,42.5
92596,ASS030550320,4,3,1,15.16,,18.7
92597,BMS210055000,6,5,1,188.79,,232.9
92598,SIM-N2K-N0183,0,0,0,469.65,,
92603,010-C1364-30,1,1,0,150.29,,
92604,010-C1365-30,0,0,0,150.29,,
92605,010-C1366-30,0,0,0,150.29,,
92607,010-C1368-30,2,2,0,112.71,,
92608,010-C1369-30,16,3,13,112.71,,
92609,010-C1370-30,3,3,0,112.71,,
92610,010-C1371-30,6,6,0,112.71,,
92612,FVSLANMG1820A00,0,0,0,20.33,,
92614,KAY1619,0,0,0,65.63,,
92616,SUP1619,3,2,1,65.63,,
92617,SAI1619,0,0,0,65.63,,
92618,REN1619,0,0,0,65.63,,
92619,RAD1619,0,0,0,65.63,,
92620,RET1619,0,0,0,65.63,,
92621,BVT-TDL-C,3,0,3,32.5,,
92622,BVT-TDL-Y,0,0,0,32.5,,
92623,BVT-SNR-C,1,0,1,32.5,,
92624,BVT-SNR-Y,2,0,2,32.5,,
92625,BVT-TDL-P-XS,0,0,0,38.13,,
92626,BVT-TDL-P-S,3,3,0,28.99,,
92627,BVT-TDL-P-M,0,0,0,38.13,,
92628,BVT-TDL-P-L,0,0,0,38.13,,
92629,BVT-SNR-P-XS,0,0,0,38.13,,
92631,BVT-SNR-P-S,0,0,0,38.13,,
92632,BVT-SNR-P-M,0,0,0,38.13,,
92633,BVT-SNR-P-L,0,0,0,38.13,,
92635,2000036885,0,0,0,30.94,,
92641,2159359,9,9,0,23.13,,
92642,2159439,0,0,0,29.24,,
92643,2159358,0,0,0,19.38,,
92644,B00085501,4,1,3,219.87,267.29,
92645,2159436,15,6,9,29.24,,
92646,2159360,8,8,0,23.44,,
92647,2159438,1,1,0,20.28,,
92648,B00085502,1,1,0,415.32,504.89,
92650,BPC240531104R,16,3,13,87.77,,111.35
92651,010-C1364-40,2,0,2,300.58,,
92652,010-C1365-40,0,0,0,300.58,,
92654,010-C1368-40,5,5,0,187.86,,
92655,010-C1369-40,18,14,4,187.86,,
92656,010-C1370-40,12,0,12,187.86,,
92657,010-C1371-40,11,11,0,187.86,,
92665,861676,0,0,0,412.33,,
92666,T-941A,2,1,1,2239.3,,
92667,T-940A-3,0,0,0,4199.3,,
92669,010-C1287-20,1,0,1,149.99,,
92671,010-C1289-20,0,0,0,112.49,,
92672,010-C1290-20,0,0,0,112.49,,
92673,010-C1291-20,0,0,0,112.49,,
92674,010-C1292-20,0,0,0,112.49,,
92676,010-C1289-00,17,5,12,187.49,,
92677,010-C1290-00,17,5,12,187.49,,
92678,010-C1291-00,17,5,12,187.49,,
92679,010-C1292-00,17,5,12,187.49,,
92682,G201316,0,0,0,9.46,,
92683,G210516,0,0,0,23.15,,
92684,20195-1W,3,2,1,12.99,,
92685,GP2040-53 ,0,0,0,334.53,,
92686,0655001BLK,1,0,1,103.35,,
92687,0655001BLS,5,0,5,92.12,,
92688,0655001WHS,7,7,0,87.27,,
92689,0655001WHT,0,0,0,99.37,,
92690,0655002WHT,0,0,0,103.35,,
92691,0655002BLK,0,0,0,103.35,,
92692,0618000STS,3,3,0,112.1,,
92693,29280-0000,2,2,0,573.62,,
92694,29240-0000,2,2,0,107.06,,
92695,29270-0000,4,2,2,98.81,,
92696,29250-0000,1,1,0,102.68,,
92698,29279-0000,5,5,0,20.64,,
92701,HYCO 1.1T,1,0,1,934.55,,
92709,54061-22PK,0,0,0,5.45,,
92710,54061-23PK,4,2,2,2.99,,
92711,54061-24PK,0,0,0,5.66,,
92718,IRID-PP-SIM-DP,0,0,0,21.43,,
92720,011706,0,0,0,30.68,45.0,
92721,011707,0,0,0,60.23,91.0,
92722,013019,0,0,0,90.22,142.0,
92723,013025,0,0,0,90.22,142.0,
92725,013010,0,0,0,1289.77,1959.0,
92726,013011,0,0,0,1289.77,1959.0,
92728,010-02405-50,39,31,8,139.99,,
92729,88409,2,1,1,101.89,161.99,
92732,ORI122424120,9,5,4,129.53,,159.8
92737,B00084201,0,0,0,122.34,141.29,
92738,010-12545-02,6,6,0,22.49,,
92740,MC0075-1055,3,0,3,57.37,,
92741,MC0075-1031,0,0,0,57.37,,
92742,MC0075-1072,1,0,1,57.37,,
92743,010-12800-02,5,2,3,7.49,,
92750,RS-1002-HV-U,6,6,0,706.25,,
92751,72-0928,1,1,0,169.72,,
92754,IRID-SIM-DIP,0,0,0,21.43,,
92761,621-VUP-MC-120-DV,1,0,1,819.08,1003.0,
92772,BMS400100000,6,4,2,39.96,,49.3
92773,CYR010120430,8,4,4,61.32,,75.65
92775,101588,5,0,5,491.01,,
92776,101589,8,3,5,491.01,,
92777,101710,15,4,11,129.07,,
92778,101711,16,6,10,118.82,,
92779,101712,7,4,3,118.82,,
92780,101713,21,5,16,70.06,,
92781,101714,10,5,5,106.01,,
92782,101715,10,4,6,132.25,,
92783,101716,11,6,5,115.11,,
92784,101717,4,2,2,126.82,,
92785,101718,4,0,4,71.07,,
92786,101719,5,2,3,113.15,,
92787,101720,10,5,5,128.83,,
92788,101721,7,2,5,115.11,,
92789,101722,0,0,0,123.1,,
92790,101723,7,3,4,70.13,,
92791,101724,6,2,4,106.09,,
92792,101725,0,0,0,132.0,,
92793,101726,0,0,0,115.11,,
92794,101727,0,0,0,126.82,,
92795,101728,3,0,3,71.81,,
92796,101729,0,0,0,107.11,,
92797,101700,6,4,2,445.39,,
92798,101708,12,4,8,307.58,,
92799,101591,10,4,6,447.52,,
92800,101592,10,5,5,303.72,,
92801,101705,5,5,0,447.52,,
92802,FREEDOM,1,1,0,1299.99,,
92804,101645,7,4,3,88.89,,
92805,101694,7,3,4,88.89,,
92806,101695,15,5,10,88.89,,
92807,101598,6,3,3,47.99,,
92808,101590,6,3,3,487.37,,
92809,101603,4,2,2,491.01,,
92810,101731,8,2,6,4.69,,
92811,101732,0,0,0,4.91,,
92817,M90X06,0,0,0,110.96,,
92818,M90X07,0,0,0,110.96,,
92819,M90X08,0,0,0,110.96,,
92820,221409,7,5,2,16.34,,
92821,221419,5,2,3,17.03,,
92822,221429,4,2,2,24.28,,
92823,HE-SLWH2,0,0,0,31.01,51.99,
92824,M90X09,2,2,0,110.96,,
92826,M90X10,2,0,2,110.96,,
92828,M90X11,2,0,2,110.96,,
92830,M90X12,2,0,2,110.96,,
92832,M90X13,2,0,2,110.96,,
92833,M90X14,2,0,2,110.96,,
92835,M90X15,1,0,1,110.96,,
92836,M90X16,2,2,0,110.96,,
92837,M90X17,0,0,0,110.96,,
92838,M90X18,0,0,0,110.96,,
92840,50190,12,7,5,36.93,,
92841,808-1840,22,15,7,28.39,,
92842,B310B,1,0,1,346.5,,
92851,SNAP-IND,0,0,0,36.11,57.99,
92859,2143,5,2,3,208.84,314.95,
92860,P12927-58TEBCL,2,2,0,12.98,,
92861,P12927-58TEBGR,7,3,4,12.98,,
92862,P12927-58TEBBK,4,1,3,12.98,,
92866,1042,0,0,0,9.33,12.99,
92867,1041,0,0,0,10.67,14.99,
92868,1040,0,0,0,6.67,9.99,
92869,1039,0,0,0,10.67,14.99,
92870,1010,0,0,0,116.25,159.99,
92871,1011,0,0,0,116.25,159.99,
92872,1012,0,0,0,116.25,159.99,
92873,1055,0,0,0,116.25,159.99,
92875,1057,0,0,0,116.25,159.99,
92876,1061,0,0,0,116.25,159.99,
92877,1062,0,0,0,116.25,159.99,
92878,1063,0,0,0,116.25,159.99,
92879,1064,0,0,0,116.25,159.99,
92880,1065,0,0,0,116.25,159.99,
92881,1013,0,0,0,166.25,219.99,
92882,1060,0,0,0,166.25,219.99,
92883,1014,0,0,0,166.25,219.99,
92884,88448,1,1,0,108.69,161.99,
92885,ORI122424110,12,7,5,92.33,,113.9
92887,RT320,1,1,0,28.49,56.99,
92890,ORI242441110,6,1,5,163.29,,201.45
92891,10-960,6,2,4,16.77,,
92895,IC900103-6-0-202,7,7,0,861.25,,
92896,MA5183-0-0-101,0,0,0,61.87,,
92897,MA5283-0-0-101,0,0,0,61.87,,
92898,MA7214-0-0-102,55,0,55,61.87,,
92899,MA2014-0-0-102,107,48,59,24.05,,
92900,MA7114-0-0-102,26,19,7,24.05,,
92901,MA7113-0-0-102,55,15,40,24.05,,
92902,MA7116-0-0-102,8,5,3,13.75,,
92903,MA4031-0-0-101,8,2,6,24.05,,
92904,MA3181-0-0-101,3,1,2,34.37,,
92905,MA3070-0-0-101,5,2,3,13.75,,
92907,010-12881-06,0,0,0,79.98,,
92909,140-24V,0,0,0,38.0,,
92910,MA228202-13-0-101,0,0,0,311.25,,
92911,MA228203-13-0-101,0,0,0,311.25,,
92918,MA261202-13-0-202,2,1,1,199.99,,
92921,MA3032-13-0-101,8,4,4,44.68,,
92922,11810,8,4,4,317.87,,
92923,11811,13,13,0,309.04,,
92924,11812,6,3,3,317.87,,
92926,11842,10,2,8,402.01,,
92944,MA600502-262-L-267,2,0,2,34.99,,
92946,MA7632-13-0-101,24,9,15,13.75,,
92947,MA7637-13-0-101,29,7,22,13.75,,
92948,MA7206-0-0-102,2,2,0,53.73,,
92949,MA9210-0-0-205,0,0,0,93.75,,
92950,MC1536-2-S-206,0,0,0,325.6,,
92951,MC1536-2-M-206,0,0,0,325.6,,
92952,MC1536-2-L-206,0,0,0,325.6,,
92953,MC1536-2-XL-206,0,0,0,325.6,,
92954,MC1536-2-XXL-206,0,0,0,325.6,,
92955,MC1536-2-XXXL-206,0,0,0,325.6,,
92956,MC1536-4-S-206,0,0,0,325.6,,
92957,MC1536-4-M-206,0,0,0,325.6,,
92958,MC1536-4-L-206,0,0,0,325.6,,
92959,MC1536-4-XL-206,0,0,0,325.6,,
92960,MC1536-4-XXL-206,0,0,0,325.6,,
92961,MC1536-4-XXXL-206,0,0,0,325.6,,
92962,MC5446-123-S-206,0,0,0,336.19,,
92963,MC5446-123-M-206,0,0,0,336.19,,
92964,MC5446-123-L-206,2,2,0,336.19,,
92965,MC5446-123-XL-206,2,2,0,336.19,,
92966,MC5446-123-XXL-206,0,0,0,336.19,,
92967,MC5446-123-XXXL-206,0,0,0,336.19,,
92968,MC5446-33-S-206,0,0,0,336.19,,
92969,MC5446-33-M-206,2,2,0,336.19,,
92970,MC5446-33-L-206,2,2,0,336.19,,
92971,MC5446-33XL-206,2,2,0,336.19,,
92972,MC5446-33-XXL-206,0,0,0,336.19,,
92973,MC5446-33-XXXL-206,0,0,0,336.19,,
92974,MJ5246-123-S-206,0,0,0,324.99,,
92975,MJ5246-123-M-206,0,0,0,324.99,,
92976,MJ5246-123-L-206,0,0,0,324.99,,
92977,MJ5246-123-XL-206,0,0,0,324.99,,
92978,MJ5246-123-XXL-206,0,0,0,324.99,,
92979,MJ5246-123-XXXL-206,0,0,0,324.99,,
92980,MJ5246-13-S-206,0,0,0,324.99,,
92981,MJ5246-13-M-206,2,2,0,324.99,,
92982,MJ5246-13-L-206,6,4,2,324.99,,
92983,MJ5246-13-XL-206,4,2,2,324.99,,
92984,MJ5246-13-XXL-206,0,0,0,324.99,,
92985,MJ5246-13-XXXL-206,0,0,0,324.99,,
92986,MJ5246-33-S-206,0,0,0,324.99,,
92987,MJ5246-33-M-206,0,0,0,324.99,,
92988,MJ5246-33-L-206,0,0,0,324.99,,
92989,MJ5246-33-XL-206,2,2,0,324.99,,
92990,MJ5246-33-XXL-206,0,0,0,324.99,,
92991,MJ5246-33-XXXL-206,0,0,0,324.99,,
92992,MP4212-13-S-101,0,0,0,306.25,,
92993,MP4212-13-M-101,0,0,0,306.25,,
92994,MP4212-13-L-101,0,0,0,306.25,,
92995,MP4212-13-XL-101,0,0,0,306.25,,
92996,MP4212-13-XXL-101,0,0,0,306.25,,
92997,MP4240-13-S-206,0,0,0,375.83,,
92998,MP4240-13-M-206,0,0,0,362.49,,
92999,MP4240-13-L-206,0,0,0,362.49,,
93000,MP4240-13-XL-206,0,0,0,362.49,,
93001,MP4240-13-XXL-206,0,0,0,362.49,,
93002,MP4240-13-XXXL-206,0,0,0,362.49,,
93003,MIS210HR-4-0-209,0,0,0,412.51,,
93004,MIS220HR-4-0-209,0,0,0,412.51,,
93005,MIS230HR-4-0-209,5,5,0,443.75,,
93006,MIS240HR-4-0-209,0,0,0,481.25,,
93012,MRD030-2-0-311,38,20,18,99.37,,
93013,MRD075-0-0-215,44,18,26,43.11,,
93014,MRD100-0-0-101,0,0,0,199.99,,
93015,MRD175-251-0-215,15,8,7,56.16,,
93016,MRD190-0-0-215,46,14,32,35.08,,
93017,MRD500-4-0-215,8,7,1,39.99,,
93022,MRV15002-251-0-206,31,11,20,212.37,,
93023,MRV170-251-0-206,11,3,8,282.36,,
93024,MS2175-2-XS-206,0,0,0,574.93,,
93025,MS2175-2-S-206,0,0,0,574.93,,
93026,MS2175-2-M-206,1,1,0,574.93,,
93027,MS2175-2-L-206,0,0,0,574.93,,
93028,MS2175-2-XL-206,0,0,0,574.93,,
93029,MS2175-2-XXL-206,0,0,0,574.93,,
93030,MS2175-2-XXXL-206,0,0,0,574.93,,
93031,MS2175-33-XS-206,0,0,0,574.93,,
93032,MS2175-33-S-206,0,0,0,574.93,,
93033,MS2175-33-M-206,2,2,0,574.93,,
93034,MS2175-33-L-206,1,1,0,574.93,,
93035,MS2175-33-XL-206,0,0,0,574.93,,
93036,MS2175-33-XXL-206,0,0,0,574.93,,
93037,MS2175-33-XXXL-206,1,1,0,574.93,,
93042,MSL600GS-13-XS-101,0,0,0,224.93,,
93043,MSL600GS-13-S-101,0,0,0,224.93,,
93044,MSL600GS-13-M-101,0,0,0,224.93,,
93045,MSL600GS-13-L1-101,2,2,0,199.99,,
93046,MSL600GS-13-L2-101,0,0,0,224.93,,
93047,MSL600GS-13-XL-101,0,0,0,224.93,,
93048,MSL600GS-13-XXL-101,0,0,0,224.93,,
93049,MSL600GS-13-XXXL-101,0,0,0,224.93,,
93050,MSL606-13-0-101,0,0,0,31.01,,
93051,MV1254T1-2-S/M-216,31,23,8,64.2,,
93052,MV1254T1-2-L/XL-216,79,60,19,64.2,,
93053,MV1254T1-2-XXL/XXXL-216,35,24,11,64.2,,
93054,MV1254T1-2-4XL/5XL-216,25,25,0,64.2,,
93055,MV1254T3-239-S/M-216,4,2,2,96.88,,
93056,MV1254T3-239-L/XL-216,0,0,0,96.88,,
93057,MV1254T3-239-XXL/XXXL-216,2,0,2,96.88,,
93058,MV1254T3-239-4XL/5XL-216,2,2,0,96.88,,
93059,FNTCDEX08000A00,0,0,0,54.45,,
93061,FVEFF130CNLDA00,0,0,0,12.35,,
93062,FVEFF225CNLDA00,0,0,0,12.35,,
93063,FVEFF150CNLDA00,0,0,0,12.35,,
93064,FVEFF250CNLDA00,0,0,0,12.35,,
93065,FVEFF325CNLDA00,0,0,0,12.35,,
93066,FVEFPTFH3000A00,0,0,0,54.45,,
93068,FGTLV1250100A00,0,0,0,211.63,,
93069,FGTLV1400100A00,0,0,0,319.44,,
93070,FGTLV1850100A00,0,0,0,327.43,,
93076,61392C,0,0,0,531.6,,
93081,02152,3,0,3,17.21,,
93084,11920,0,0,0,33.03,,
93085,11921,0,0,0,31.44,,
93086,11922,0,0,0,30.71,,
93089,01201,8,0,8,7.76,12.2,
93090,01202,2,0,2,9.05,14.24,
93092,01203,4,0,4,11.59,18.23,
93093,01204,2,0,2,18.23,28.69,
93094,01205,5,0,5,29.41,46.28,
93095,01211,0,0,0,9.16,14.41,
93096,01212,4,0,4,10.91,17.17,
93097,01213,3,0,3,14.19,22.31,
93098,01214,3,0,3,22.03,34.68,
93099,01222,3,0,3,13.59,21.38,
93100,01223,7,0,7,15.12,23.8,
93101,01224,3,0,3,24.44,38.46,
93102,01241,6,0,6,9.53,15.0,
93103,01242,2,0,2,10.53,16.58,
93104,01243,1,0,1,13.43,21.12,
93105,01244,6,0,6,20.99,33.02,
93106,01245,4,0,4,34.4,54.15,
93107,01246,4,0,4,54.37,85.6,
93108,01262,2,0,2,16.4,25.8,
93109,01401,5,0,5,12.03,18.91,
93110,01402,2,0,2,14.64,23.04,
93111,01403,3,0,3,18.61,29.28,
93112,01404,8,0,8,28.19,44.37,
93113,01405,3,0,3,43.8,68.94,
93114,01406,3,0,3,66.67,104.93,
93115,01411,4,0,4,14.64,23.04,
93116,01412,2,0,2,17.12,26.95,
93117,01413,4,0,4,23.2,36.51,
93118,01414,0,0,0,36.21,56.99,
93119,01415,3,0,3,58.24,91.67,
93120,01422,1,0,1,18.77,29.54,
93121,01423,2,0,2,25.04,39.4,
93122,01424,4,0,4,38.37,60.39,
93123,01432,10,0,10,16.85,26.52,
93124,01433,2,0,2,22.55,35.49,
93125,01434,3,0,3,40.64,63.96,
93126,01441,3,0,3,13.59,21.38,
93127,01442,4,0,4,15.96,25.12,
93128,01443,8,0,8,20.72,32.6,
93129,01444,3,0,3,30.67,48.28,
93130,01445,2,0,2,48.96,77.05,
93131,01494,3,0,3,48.6,76.5,
93132,01495,4,0,4,75.36,118.62,
93133,02284,4,0,4,24.55,38.63,
93134,02313,0,0,0,18.07,28.43,
93135,02315,2,0,2,23.44,36.89,
93136,02316,5,0,5,31.35,49.34,
93137,02323,3,0,3,19.65,30.94,
93138,02325,2,0,2,25.76,40.55,
93139,02326,5,0,5,33.95,53.42,
93140,02327,0,0,0,56.53,89.0,
93141,02328,6,0,6,67.83,106.76,
93142,02333,1,0,1,15.91,25.03,
93143,PIN242510500,7,1,6,78.55,,96.9
93144,02335,4,0,4,21.49,33.83,
93145,02336,8,0,8,28.03,44.12,
93146,02337,3,0,3,47.49,74.76,
93147,02373,4,0,4,57.76,90.91,
93148,58243,5,3,2,17.04,,
93149,02375,1,0,1,82.49,129.84,
93150,02377,4,0,4,128.25,201.88,
93151,58269,5,3,2,48.59,,
93155,58270,0,0,0,48.59,,
93156,MALRB2-25-S/M-253,0,0,0,18.75,,
93157,MALRB2-25-L/XL-253,0,0,0,18.75,,
93159,69043,28,15,13,28.89,,
93160,200-024G2 6M,0,0,0,298.48,,373.1
93174,MD3070-191-0-202,2,2,0,68.75,,99.99
93175,MD3070-268-0-202,8,5,3,68.75,,99.99
93185,MD318302-13-0-202,12,9,3,192.49,,279.99
93186,MD318302-262-0-202,18,9,9,192.49,,279.99
93187,MD3183LE-13-0-101,0,0,0,312.31,,
93190,MD3183LE-33-0-101,0,0,0,312.31,,
93191,MD3183T2-33-0-101,9,6,3,312.49,,
93192,MD3183T3-239-0-202,17,11,6,299.93,,
93193,MD318402-123-0-202,89,77,12,206.24,,299.99
93194,MD318402-13-0-202,38,38,0,206.24,,299.99
93201,MD5183-13-0-202,13,4,9,189.05,,274.99
93202,MD7183-191-0-202,3,2,1,137.49,,199.99
93203,MD7183-268-202,3,1,2,137.49,,199.99
93204,MD7183-4-0-202,2,2,0,137.49,,199.99
93210,000-156-058-11,0,0,0,77.27,,
93235,MV3104T1-2-0-216,0,0,0,39.99,,
93236,MV3128T2-2-S-216,10,5,5,57.49,,
93237,MV3128T2-2-M-216,2,0,2,57.49,,
93238,MV3128T2-2-L-216,12,7,5,57.49,,
93245,MV3128T2-2-XXL-216,0,0,0,57.49,,
93248,MV3128T2-2-7XL-216,0,0,0,57.49,,
93250,MV3192-2-0-16,13,5,8,76.93,,
93252,69080,11,0,11,16.76,,
93254,MV3196T2-2-S-216,0,0,0,52.44,,
93255,MV3196T2-2-M-216,0,0,0,52.44,,
93256,MV3196T2-2-L-216,0,0,0,52.44,,
93257,MV3196T2-2-XL-216,0,0,0,52.44,,
93258,MV3196T2-2-XXL-216,0,0,0,52.44,,
93259,MV3196T2-2-7XL-216,0,0,0,52.44,,
93262,MA7136-2-0-101,6,3,3,74.88,,
93263,MA7136-4-0-101,0,0,0,74.88,,
93279,MC1506-2-S-206,0,0,0,249.99,,
93280,MC1506-2-M-206,0,0,0,249.99,,
93282,MC1506-2-L-206,0,0,0,249.99,,
93283,MC1506-2-XL-206,0,0,0,249.99,,
93284,MC1506-2-XXL-206,0,0,0,249.99,,
93285,MC1506-2-XXXL-206,0,0,0,249.99,,
93286,MC1506-4-S-206,0,0,0,249.99,,
93287,MC1506-4-M-206,0,0,0,249.99,,
93288,MC1506-4-L-206,0,0,0,249.99,,
93289,MC1506-4-XL-206,0,0,0,249.99,,
93290,MC1506-4-XXL-206,0,0,0,249.99,,
93291,MC1506-4-XXXL-206,0,0,0,249.99,,
93292,MC1506T3-239-S-206,0,0,0,332.49,,
93293,MC1506T3-239-M-206,0,0,0,332.49,,
93294,MC1506T3-239-L-206,0,0,0,332.49,,
93295,MC1506T3-239-XL-206,0,0,0,332.49,,
93296,1810380,0,0,0,286.63,,
93297,MC1506T3-239-XXL-206,0,0,0,332.49,,
93298,1810381,1,0,1,286.63,,
93299,MC1506T3-239-XXXL-206,0,0,0,332.49,,
93300,1810382,2,0,2,286.63,,
93301,1810383,3,0,3,286.63,,
93302,1810384,2,0,2,327.57,,
93303,1810385,1,0,1,327.57,,
93304,1810386,1,0,1,327.57,,
93305,1810387,2,0,2,327.57,,
93306,1810388,0,0,0,114.64,,
93307,1810389,0,0,0,114.64,,
93308,1810350,5,2,3,107.0,,
93309,1810351,1,1,0,107.0,,
93310,1810356,2,0,2,90.08,,
93311,1810357,0,0,0,90.08,,
93317,MJ6214T1-2-S-206,0,0,0,249.87,,
93318,MJ6214T1-2-M-206,0,0,0,249.87,,
93319,MJ6214T1-2-L-206,0,0,0,249.87,,
93320,MJ6214T1-2-XL-206,0,0,0,249.87,,
93321,MJ6214T1-2-XXL-206,0,0,0,249.87,,
93322,MJ6214T1-2-XXXL-206,0,0,0,249.87,,
93323,MD318802-2-0-202,13,4,9,269.99,,
93324,MJ6214T1-33-S-206,0,0,0,249.87,,
93325,MJ6214T1-33-M-206,2,2,0,249.87,,
93326,MJ6214T1-33-L-206,5,3,2,249.87,,
93327,MJ6214T1-33-XL-206,2,2,0,249.87,,
93328,MJ6214T1-33-XXL-206,0,0,0,249.87,,
93329,MJ6214T1-33-XXXL-206,0,0,0,249.87,,
93330,MJ6214T3-239-S-206,0,0,0,349.99,,
93331,MJ6214T3-239-M-206,0,0,0,349.99,,
93332,MJ6214T3-239-L-206,0,0,0,349.99,,
93333,MJ6214T3-239-XL-206,0,0,0,349.99,,
93334,MJ6214T3-239-XXL-206,0,0,0,349.99,,
93335,MJ6214T3-239-XXXL-206,0,0,0,349.99,,
93342,MV3565-268-0-206,7,4,3,41.24,,
93343,MV3565-277-0-206,12,7,5,41.24,,
93352,P12848-100BK-MS,0,0,0,362.67,,
93354,P13371-320TEBGR,0,0,0,201.49,,
93355,P13371-361TEBCL,0,0,0,201.49,,
93356,P13371-361TEBBK,0,0,0,201.49,,
93357,P13371-361TEBGR,0,0,0,201.49,,
93359,XT-SF-250-K6,1,0,1,986.21,1207.0,
93362,P12902-100GR,0,0,0,83.66,,
93363,P13157-170TEBCL,0,0,0,248.37,,
93364,P13157-170TEBGR,0,0,0,248.37,,
93365,P13157-170TEBBK,7,3,4,248.37,,
93372,MV5606-4-S-216,0,0,0,112.49,,
93373,MV5606-4-M-216,0,0,0,112.49,,
93374,MV5606-4-L-216,0,0,0,112.49,,
93376,MV5606-4-XL-216,0,0,0,112.49,,
93377,MV5606-4-XXL-216,0,0,0,112.49,,
93379,MV5606-4-XXXL-216,0,0,0,112.49,,
93389,P12848-1300TEBCL,0,0,0,523.88,,
93391,P12848-1300TEBGR,0,0,0,523.88,,
93393,P12848-1300TEBBK,0,0,0,523.88,,
93396,P12848-1320TEBCL,0,0,0,523.88,,
93397,P12848-1320TEBGR,0,0,0,523.88,,
93398,P12848-1320TEBBK,0,0,0,523.88,,
93399,P13371-360TEBCL,0,0,0,201.49,,
93400,P12848-1360TEBCL,0,0,0,523.88,,
93401,P12848-1360TEBGR,0,0,0,523.88,,
93402,P12848-1360TEBBK,0,0,0,523.88,,
93403,P12848-1361TEBCL,0,0,0,523.88,,
93404,P12848-1361TEBGR,0,0,0,523.88,,
93405,P12848-1361TEBBK,0,0,0,523.88,,
93406,P13228-300PCWH01,0,0,0,403.0,,
93407,P13228-135PCWH01,0,0,0,403.0,,
93408,P12848-2300TEBCL,0,0,0,362.67,,
93409,P12848-2300TEBGR,1,0,1,362.67,,
93410,P12848-2300TEBBK,0,0,0,362.67,,
93411,P12848-2320TEBCL,0,0,0,362.67,,
93412,P12848-2320TEBGR,0,0,0,362.67,,
93413,P12848-2320TEBBK,0,0,0,362.67,,
93414,P12848-2360TEBCL,0,0,0,362.67,,
93415,P12848-2360TEBGR,0,0,0,362.67,,
93416,P12848-2360TEBBK,0,0,0,362.67,,
93417,P12848-2361TEBCL,0,0,0,362.67,,
93418,P12848-2361TEBGR,0,0,0,362.67,,
93419,P12848-2361TEBBK,0,0,0,362.67,,
93426,MV8035-2-0-227,10,4,6,74.99,,
93427,MV8040-2-0-227,25,6,19,87.49,,
93428,FRBAP1319,0,0,0,22.93,,
93429,BE-EL-51004-DP,13,7,6,9.09,,
93430,BE-EL-31639-DP,0,0,0,16.33,,
93431,BE-EL-31640-DP,0,0,0,38.18,,
93432,BE-EL-51047-DP,1,1,0,14.35,,
93433,BE-EL-31643-DP,8,0,8,14.0,,
93434,BE-AN-50299-DP,8,5,3,16.93,,
93435,BE-AN-50301-DP,5,2,3,32.91,,
93437,90920,0,0,0,243.9,,
93441,OBI9000H-DS,3,1,2,520.96,,
93444,611513,0,0,0,97.99,144.19,
93464,SXV300M1,23,17,6,54.74,,
93467,010-11169-00,0,0,0,56.24,,
93472,010-12166-00,0,0,0,14.99,,
93474,02381,4,0,4,32.24,50.75,
93475,02470,4,0,4,35.21,55.42,
93476,02471,5,0,5,39.64,62.39,
93477,02472,0,0,0,59.61,93.84,
93478,02473,0,0,0,51.55,81.13,
93479,02474,3,0,3,55.03,86.62,
93481,UC-100D,0,0,0,45.0,,
93482,28510700,2,0,2,283.74,,
93483,28010700,0,0,0,297.37,,
93484,28011000,0,0,0,379.35,,
93485,28011500,0,0,0,566.84,,
93486,28012000,0,0,0,816.28,,
93487,28012500,0,0,0,985.42,,
93488,28013500,0,0,0,1299.38,,
93489,70405060,0,0,0,178.1,,
93490,70405070,2,2,0,219.87,,
93491,83301202,0,0,0,132.64,,
93492,83309002,6,3,3,215.93,,
93494,010-C1357-30,0,0,0,182.34,,
93495,010-C1358-30,0,0,0,182.34,,
93496,010-C1359-30,0,0,0,98.77,,
93497,010-C1360-30,0,0,0,98.77,,
93498,010-C1361-30,0,0,0,98.77,,
93499,010-C1362-30,0,0,0,98.77,,
93500,010-C1363-30,0,0,0,98.77,,
93513,MA7348-4-0-227,15,5,10,44.69,,
93514,MA6000-13-0-101,3,1,2,54.88,,
93515,MA6000-2-0-101,4,1,3,54.88,,
93518,010-02536-00,1,1,0,412.49,,
93519,010-02536-10,0,0,0,472.49,,
93520,010-12545-03,5,5,0,26.24,,
93524,HE-EL3,0,0,0,119.59,227.99,
93558,157050R,9,7,2,89.48,,
93559,158042R,0,0,0,80.95,,
93560,471NP,1,0,1,17.08,,
93563,138005R,0,0,0,42.6,,
93564,134212R,11,6,5,89.48,,
93565,132105R,11,7,4,51.13,,
93566,150142R,13,7,6,89.48,,
93567,134211R,10,4,6,80.95,,
93568,130105R,0,0,0,46.86,,
93573,GP2040-16,0,0,0,334.53,,
93579,B45-DT-9N,0,0,0,236.02,324.99,
93581,890099P,0,0,0,38.42,66.97,
93582,890086WDP,18,5,13,23.0,53.97,
93583,62-542-TR-WT,57,33,24,52.44,,
93585,0315DP1STS,3,0,3,6.28,,
93586,0315DP2STS,0,0,0,7.82,,
93587,0330DP1STS,0,0,0,5.73,,
93588,0330DP2STS,0,0,0,7.82,,
93589,M0616,0,0,0,11.93,,
93590,2018MB,2,2,0,21.09,,
93612,BK-0019-C,0,0,0,28.44,,
93614,11185,0,0,0,7.33,,
93637,MDA-5H,5,5,0,769.3,,
93666,010-13228-04,4,2,2,74.99,,
93667,010-13228-03,8,7,1,22.49,,
93668,010-13228-02,0,0,0,22.49,,
93669,010-13228-01,0,0,0,22.49,,
93670,010-13228-00,4,2,2,89.99,,
93672,HT1424AW,4,2,2,136.99,,
93673,Z76-8000POL25.5-1,0,0,0,83.14,,
93678,RBA-200-ROP,0,0,0,256.25,,
93679,RTB-50,4,4,0,56.88,,
93680,RTB-75,0,0,0,63.75,,
93681,BAT512132410,0,0,0,1453.79,,1793.5
93689,ARG-2,22,10,12,13.89,,
93690,ARG-3,13,2,11,15.0,,
93692,010-12953-01,0,0,0,39.99,,
93695,ARG-1,18,12,6,13.89,,
93696,E70640,0,0,0,959.99,,
93697,SH-003,2,1,1,201.6,,
93698,B00070501,1,1,0,148.83,171.89,
93710,010-13267-00,0,0,0,26.24,,
93711,010-13268-00,1,0,1,18.74,,
93712,010-13268-10,0,0,0,26.24,,
93716,010-13269-10,1,1,0,26.24,,
93717,010-13266-20,0,0,0,71.24,,
93718,010-13269-20,3,3,0,14.99,,
93719,010-13266-30,1,0,1,14.99,,
93720,010-13270-00,4,1,3,18.74,,
93721,010-13269-00,1,0,1,14.99,,
93724,010-13273-00,3,2,1,22.49,,
93729,010-13274-10,1,0,1,29.99,,
93730,010-13275-00,3,3,0,18.74,,
93732,010-13276-00,1,1,0,22.49,,
93733,010-13269-01,1,0,1,14.99,,
93735,010-13269-40,0,0,0,14.99,,
93737,02475,3,0,3,60.56,95.33,
93738,02476,4,0,4,73.36,115.47,
93739,02477,11,0,11,110.32,173.66,
93740,02479,2,0,2,12.13,19.08,
93741,02480,3,0,3,16.85,26.52,
93742,02481,1,0,1,27.36,43.05,
93743,03-REV-BH,76,34,42,72.56,,
93744,62632,6,3,3,46.1,,
93759,010-13101-20,4,1,3,64.99,,
93760,010-13101-10,1,0,1,64.99,,
93761,010-13101-00,2,1,1,64.99,,
93763,1630001,5,3,2,38.66,,
93765,1640002,8,3,5,31.43,,
93766,11850,3,1,2,420.71,,
93771,6275,5,3,2,166.84,250.25,
93776,09-36012,5,3,2,5.28,,
93779,RF15107,0,0,0,10.0,,
93787,915313,0,0,0,352.49,,469.99
93788,LFV-12VA,4,4,0,55.68,,
93790,LFVLF-10,7,7,0,400.0,,
93796,CT3916,0,0,0,1195.43,,
93797,CT3918,1,0,1,1265.96,,
93798,CT3920,0,0,0,1425.6,,
93799,CT3920XS,0,0,0,1548.11,,
93800,CT3922,0,0,0,1737.45,,
93801,CT3924,0,0,0,1770.86,,
93802,CT3926,0,0,0,1837.69,,
93806,GP1600-17,0,0,0,341.81,,
93809,400-080-26,0,0,0,1096.23,,1370.28
93811,SB50GR1,24,16,8,19.94,,
93814,CABLE-STARTER-1,2,0,2,128.8,,
93827,MC0075-1084,0,0,0,57.37,,
93828,MC0075-1133,1,1,0,57.37,,
93830,MRV050WR-251-XS/S-216,0,0,0,89.36,,
93831,MRV050WR-251-M/L-216,2,2,0,89.36,,
93832,MRV050WR-251-XL/XXL-216,2,2,0,89.36,,
93834,325181-3,8,4,4,56.65,,
93835,325188-1,5,4,1,48.89,,
93836,325189-1,7,4,3,34.85,,
93837,403051-1,4,4,0,37.56,,
93839,FVSGEL185R05A00,1,0,1,39.6,,
93840,F4-A100-S,1,0,1,2649.99,,
93848,010-02732-10,2,2,0,674.99,,
93849,010-02732-11,0,0,0,1237.49,,
93855,25507,18,14,4,47.68,,
93856,25650,7,6,1,11.8,,
93857,25653,3,1,2,21.21,,
93858,39062,4,4,0,38.63,,
93859,39511,7,3,4,13.44,,
93860,39513,0,0,0,12.8,,
93861,98-1805,2,0,2,6.38,,
93862,98-1810,2,0,2,7.35,,
93863,98-1815,10,0,10,8.31,,
93864,39834,13,6,7,3.07,,
93865,98-2510,2,0,2,8.31,,
93866,98-2515,2,0,2,9.29,,
93867,98-2520,2,0,2,10.23,,
93868,98-3110,2,0,2,9.08,,
93869,98-3115,4,0,4,9.91,,
93870,98-3120,0,0,0,10.92,,
93871,70-07,5,0,5,21.79,,
93872,70-27,3,0,3,38.56,,
93873,77-17-BLK,3,0,3,5.23,,
93874,43031,5,2,3,22.88,,
93875,77-17-RED,2,0,2,5.23,,
93876,70-94,3,0,3,30.38,,
93877,43041,4,2,2,27.75,,
93878,70-95,2,0,2,39.01,,
93879,43051,56,39,17,35.05,,
93880,70-96,2,0,2,44.49,,
93881,70-98,2,0,2,61.51,,
93882,60-75,2,0,2,30.71,,
93883,60-120,6,0,6,40.13,,
93884,60-150,2,0,2,57.56,,
93885,43061,0,0,0,41.03,,
93886,60-200,3,0,3,101.26,,
93887,93-21,3,0,3,16.9,,
93888,93-33,2,0,2,14.01,,
93889,78-75,4,0,4,35.71,,
93890,36-18,0,0,0,148.05,,
93891,36-17,2,0,2,157.44,,
93892,43623,35,19,16,12.85,,
93893,44423,0,0,0,27.46,,
93894,44425,3,3,0,50.89,,
93895,44512,9,5,4,36.49,,
93896,44521,7,2,5,37.53,,
93897,44527,9,6,3,43.34,,
93898,44550,8,5,3,99.84,,
93899,44591,5,4,1,18.78,,
93900,44662,1,1,0,53.8,,
93907,SFH,0,0,0,12.0,,
93915,39080,17,6,11,20.85,,
93916,39085,23,11,12,37.68,,
93917,39319,5,5,0,11.63,,
93918,39736,11,4,7,11.56,,
93919,39741,64,31,33,41.99,,
93920,39761,2,2,0,33.24,,
93921,39764,64,25,39,19.62,,
93922,39765,9,3,6,16.93,,
93926,39812,19,12,7,12.24,,
93927,39847,38,12,26,6.08,,
93929,39855,6,2,4,15.29,,
93930,39857,24,17,7,6.25,,
93931,39859,9,2,7,49.65,,
93932,39861,11,5,6,49.65,,
93934,39865,7,2,5,25.2,,
93935,39867,23,10,13,59.66,,
93938,187690,54,54,0,10.71,,
93939,22577,33,20,13,16.81,,
93941,22597,6,2,4,37.5,,
93942,40634,5,3,2,44.06,,
93947,ARG-506,30,20,10,3.33,,
93953,19-0618,0,0,0,48.0,,
93958,PHRKIIU,23,7,16,56.25,,
93959,3226,4,2,2,138.06,207.95,
93960,07001,5,0,5,88.56,139.4,
93961,07150,1,0,1,289.81,456.2,
93968,B45-DT-8G,0,0,0,236.02,324.99,
93970,100-368-954-10,0,0,0,22.73,,
93972,DS30-P-BLK-3,2,2,0,60.18,,
93973,DS30-P-BLK-5,1,1,0,100.3,,
93974,DS-H10-BLK-3,9,8,1,55.3,,
93975,DS-H10-BLK-5,5,5,0,56.02,,
93976,DS30-P-5,37,29,8,100.3,,
93977,DS30-P-3,62,49,13,60.18,,
93978,DS-H6-BLK-3,15,9,6,39.04,,
93979,DS-H6-BLK-5,9,5,4,65.06,,
93980,DS21A-P-BLK-3,12,6,6,56.75,,
93981,DS21A-P-BLK-5,8,4,4,56.93,,
93982,50533PK,0,0,0,6.82,,
93983,35.2STA,2,0,2,715.76,946.95,
93984,35.2STC,0,0,0,795.71,1051.95,
93985,35.2STCCC,0,0,0,1193.29,1577.95,
93986,40.2STA,2,0,2,813.71,1075.95,
93987,40.2STC,0,0,0,908.47,1200.95,
93988,40.2STCCC,0,0,0,1258.94,1664.95,
93989,46.2STA,1,0,1,1105.94,1462.95,
93990,46.2STC,0,0,0,1326.18,1753.95,
93991,46.2STCCC,0,0,0,1658.12,2192.95,
93992,50.2STA,0,0,0,1723.76,2278.95,
93993,50.2STC,0,0,0,1922.82,2542.95,
93994,50.2STCCC,0,0,0,2652.35,3506.95,
93997,TFR-230,4,4,0,46.49,,
93998,TFR-280,22,12,10,64.99,,
93999,TFR-402,13,8,5,15.99,,
94000,TFR-403,13,13,0,13.99,,
94001,TFR-404,29,13,16,17.49,,
94002,APT-LB-L1,8,4,4,164.09,,
94010,883-0105-12,0,0,0,725.99,,
94011,883-0125-12,0,0,0,827.99,,
94012,883-0240-12,0,0,0,1599.99,,
94015,7655,21,10,11,255.43,,
94016,7155,6,6,0,370.0,,
94022,819-0120-12,1,0,1,1291.37,,
94029,808-0817-03,0,0,0,70.99,,
94031,TFR-280-2K,1,1,0,169.99,,
94038,HT1115AW,0,0,0,104.73,,
94044,000-12292-001,2,1,1,112.62,,
94047,F-1-BLUE,4,4,0,35.99,,
94048,F-2-BLUE,0,0,0,57.17,,
94049,F-3-BLUE,2,0,2,61.99,,
94050,F-4-BLUE,0,0,0,106.66,,
94051,F-5-BLUE,0,0,0,102.28,,
94052,F-6-BLUE,5,0,5,119.99,,
94053,F-7-BLUE,0,0,0,203.31,,
94054,F-8-BLUE,0,0,0,339.25,,
94055,F-10-BLUE,0,0,0,388.67,,
94059,CS 02906,18,7,11,20.74,29.95,
94065,1935,0,0,0,367.86,,
94067,PST-1000F-12,0,0,0,408.18,563.0,
94072,PIN122122500,7,4,3,270.78,,334.05
94073,BPC241247106,22,11,11,140.03,,177.65
94075,720119-1,0,0,0,83.33,,
94083,2155747,14,14,0,43.24,74.99,
94084,2155764,0,0,0,24.71,,
94089,81-818-792,15,15,0,1.64,,
94090,260749,24,23,1,3.14,4.97,
94091,260800,36,36,0,3.85,5.97,
94092,240035,26,14,12,4.27,7.47,
94107,20RSB,77,15,62,44.69,,
94108,21RSB,18,9,9,48.81,,
94110,CABLE-STARTER-2,1,1,0,180.0,,
94118,MV3128T2-2-XL-216,13,13,0,57.49,,
94120,G-1-SAND,9,9,0,12.39,,
94121,G-2-SAND,11,11,0,12.83,,
94122,G-3-SAND,0,0,0,17.25,,
94123,G-4-SAND,0,0,0,25.92,,
94124,G-5-SAND,0,0,0,49.56,,
94125,G-6-SAND,0,0,0,65.29,,
94126,G-1-SANDWO,9,9,0,11.93,,
94127,G-2-SANDWO,11,11,0,12.49,,
94128,G-3-SANDWO,0,0,0,16.8,,
94129,G-4-SANDWO,0,0,0,25.47,,
94130,MOROSINI U/CH/B,5,3,2,158.71,,
94131,G-5-SANDWO,0,0,0,49.11,,
94132,G-6-SANDWO,0,0,0,64.84,,
94133,HE-BD22,0,0,0,185.45,337.99,
94134,NISIDA-B/B,1,1,0,122.33,,
94135,V27,4,2,2,95.49,,
94142,HE-BCS2PK,0,0,0,113.8,222.99,
94144,36010,2,0,2,271.89,427.98,
94145,36020,2,0,2,346.73,545.79,
94146,36030,3,0,3,513.95,808.99,
94147,10193,2,0,2,32.45,,
94148,10192,0,0,0,72.91,,
94149,07064,3,0,3,237.07,,
94150,07061,1,0,1,169.56,,
94151,07053,2,0,2,219.49,345.48,
94152,07052,2,0,2,184.28,290.06,
94153,07051,2,0,2,155.99,245.52,
94157,HE-BD14,0,0,0,130.9,238.99,
94170,SCM-RAL-RGB-0.5,0,0,0,15.25,,22.0
94171,SCM-RAL-RGB-0.4-AB,10,10,0,12.99,,18.5
94172,SCM-RAL-RGB-0.4-PW,6,6,0,11.89,,16.99
94173,SC3-CC-ALSM,5,3,2,193.9,,279.0
94174,SC3-BB-ALSM,0,0,0,169.51,,249.0
94175,SC3-GW-ALSM,3,3,0,169.51,,249.0
94179,REC040010210R,18,7,11,16.54,,20.4
94206,FSDP20512007B00,0,0,0,1212.43,,
94208,WS-C15,0,0,0,132.3,,
94211,SCU-38,17,5,12,23.33,,
94212,400-401,0,0,0,98.25,,122.81
94213,400-401-B,0,0,0,98.25,,122.81
94214,B4-209DN2,0,0,0,2207.18,,
94215,B4-209DNSB2,0,0,0,2343.29,,
94216,B4-309DN2,0,0,0,2795.18,,
94217,B4-309DNSB2,0,0,0,2931.29,,
94218,MA0094-0-0-101,0,0,0,8.61,,
94220,MLS-410SP-B,15,4,11,33.32,,
94222,FNQNCCHCF000A00,4,0,4,591.69,,
94224,0057206,0,0,0,376.39,,
94225,0057406,7,4,3,157.27,,
94226,0057905,0,0,0,52.79,,
94227,0057907,0,0,0,72.97,,
94228,HKG-S8,0,0,0,29.3,,
94229,29060152BK,0,0,0,252.91,,
94230,29461354BK,0,0,0,566.15,,
94231,29462354BK,0,0,0,757.58,,
94233,49515055,0,0,0,646.02,,
94234,49515056,2,0,2,638.83,,
94235,49515057,0,0,0,646.02,,
94236,49530055,1,1,0,999.22,,
94237,49530056,2,0,2,968.61,,
94238,49530057,1,1,0,999.22,,
94239,49540055,1,1,0,1203.77,,
94240,49540056,0,0,0,1296.69,,
94241,49540057,1,1,0,1203.77,,
94242,49545055,1,1,0,1626.72,,
94243,49545056,1,0,1,1585.98,,
94244,49545057,1,1,0,1626.72,,
94245,49550055,0,0,0,2069.7,,
94246,49550056,0,0,0,2301.41,,
94247,49550057,0,0,0,2069.7,,
94248,88961,2,0,2,3.74,,
94249,88961-1,3,3,0,9.36,,
94250,88961-2,6,4,2,9.36,,
94251,88961-3,3,1,2,9.36,,
94252,166132,0,0,0,13.77,19.97,
94253,49555055,0,0,0,2928.14,,
94254,49555056,0,0,0,3207.0,,
94255,49555057,0,0,0,2928.14,,
94256,589012,2,0,2,13.89,,
94257,SWIVEL500F,4,2,2,96.74,,
94258,66840066,1,0,1,192.84,,
94259,SS180003,3,0,3,47.33,,
94260,SS180007,2,1,1,68.58,,
94261,589150,0,0,0,15.49,,
94262,589842,1,0,1,151.93,,
94263,68000593,7,5,2,69.29,,
94264,68000917,2,0,2,40.53,,
94265,68000918,6,2,4,40.53,,
94266,39660070,0,0,0,794.82,,
94267,39910030,1,1,0,293.18,,
94268,FPWCS8300000,1,0,1,67.33,,
94272,SWIVEL312F,3,0,3,51.45,,
94273,0057910,0,0,0,93.14,,
94274,68000856,0,0,0,38.57,,
94275,89400470,3,1,2,18.56,,
94276,SS180001,2,1,1,42.6,,
94277,0057404,0,0,0,105.05,,
94278,69000334,2,2,0,318.29,,
94279,66840070,1,1,0,38.57,,
94280,0057416,0,0,0,314.41,,
94281,0057205,0,0,0,372.55,,
94282,0057915,0,0,0,132.96,,
94283,HM15HT200PX,1,0,1,433.38,,
94284,0058910,0,0,0,793.08,,
94285,69000331,1,0,1,181.81,,
94286,0057410,0,0,0,223.48,,
94297,589094,1,0,1,187.21,,
94298,589268,2,0,2,264.48,,
94299,589550,3,2,1,39.63,,
94300,590003LEW,0,0,0,1566.06,,
94301,591468,0,0,0,1659.27,,
94302,29140020,8,6,2,20.97,,
94303,29927201BK,2,0,2,44.47,,
94304,29145301,2,2,0,59.45,,
94305,29141010,2,1,1,60.33,,
94306,29925001BK,3,3,0,23.16,,
94307,29926001BK,2,0,2,31.96,,
94308,29140046,1,1,0,125.6,,
94309,29145311,1,1,0,63.56,,
94310,29929001BK,1,0,1,100.97,,
94311,29196001,2,0,2,60.96,,
94312,29197201,2,1,1,97.0,,
94313,29925040,9,0,9,34.17,,
94314,29140042,1,0,1,104.88,,
94315,29927240,1,0,1,44.47,,
94316,360002990,0,0,0,9.9,,
94317,361680990,10,6,4,49.92,,
94318,393820862,1,1,0,335.64,,
94319,360869999,3,0,3,39.66,,
94320,89700820,0,0,0,127.01,,
94321,19701000,1,1,0,20.97,,
94322,68001249,2,2,0,79.18,,
94323,68001256,0,0,0,79.18,,
94324,19700401,1,1,0,53.36,,
94325,19712056,2,2,0,13.3,,
94326,68000939,0,0,0,131.11,,
94327,6670011108-312,2,2,0,933.81,,
94328,0052531,0,0,0,160.05,,
94329,6656411108-102,1,1,0,1286.42,,
94330,6656211967-310,1,0,1,1183.3,,
94331,6657011108-102,2,1,1,1166.0,,
94332,66000099,5,1,4,18.67,,
94333,6670011108,1,1,0,814.04,,
94334,6656011967,2,1,1,1025.51,,
94335,6656811967-303,1,0,1,760.2,,
94336,66000610,4,3,1,130.15,,
94337,68000883,7,0,7,40.53,,
94338,68000884,4,1,3,40.53,,
94339,68000888,4,3,1,90.27,,
94340,68000889,4,2,2,90.27,,
94341,68000240,0,0,0,103.9,,
94342,68000129,2,2,0,296.14,,
94343,66000616,1,0,1,254.46,,
94344,300-136+112G2,0,0,0,2621.53,,3276.91
94346,BPAJ,0,0,0,256.5,328.32,
94353,AHJC-4V-DP,2,2,0,1300.88,,
94355,AHJC-6V-DP,0,0,0,1175.29,,
94356,E-4209-06,0,0,0,81.25,,
94358,S722-BK,0,0,0,83.27,133.99,
94366,APD-2-DP,8,0,8,3.97,,
94367,010-13116-01,2,2,0,14.99,,
94368,010-13116-00,8,3,5,14.99,,
94371,PB1133,0,0,0,81.99,,
94372,PB1531,0,0,0,67.92,,
94373,PB1543,0,0,0,86.66,,
94374,PB1553,0,0,0,65.22,,
94375,PB1563,0,0,0,40.02,,
94376,PB1580,0,0,0,67.4,,
94383,SCM-LC-N2K,3,2,1,358.96,,489.0
94384,EVO-4248SP,1,1,0,1457.84,2010.6,
94385,APT-250-02,4,2,2,275.63,,
94386,MAWSTL10-2-0-101,5,2,3,25.0,,
94388,MGR300B,24,13,11,92.45,,
94389,02482,3,0,3,50.87,80.07,
94390,02493,1,0,1,64.29,101.19,
94391,02673,3,0,3,70.8,111.44,
94392,02776,4,0,4,148.69,234.05,
94395,06331,2,0,2,14.59,22.95,
94396,06341,2,0,2,22.08,34.77,
94397,06351,2,0,2,33.4,52.57,
94398,06361,3,0,3,51.71,81.39,
94399,06490,2,0,2,16.8,26.44,
94400,06491,2,0,2,18.33,28.86,
94401,06492,2,0,2,27.92,43.95,
94402,06493,2,0,2,28.19,44.37,
94403,06604,2,0,2,37.95,59.71,
94404,06605,0,0,0,53.13,83.64,
94405,06606,5,0,5,75.91,119.47,
94406,07007,2,0,2,143.37,225.68,
94407,07008,2,0,2,220.87,347.65,
94408,07485,10,0,10,75.91,119.47,
94409,09605,12,0,12,23.65,37.23,
94410,10112,5,0,5,30.45,,
94411,10122,0,0,0,37.2,,
94413,11203,3,0,3,29.89,47.05,
94414,11204,4,0,4,41.25,64.94,
94415,11205,4,0,4,64.09,100.9,
94416,11206,2,0,2,96.39,151.73,
94427,TR7412UB-OR,30,30,0,102.78,,
94428,TR7423UB-OR,3,1,2,129.32,,
94429,TR4512UBA-OR,0,0,0,149.88,,
94431,TRD7422U-OR,0,0,0,150.8,,
94433,CD7426UB-OR,8,5,3,126.88,,
94434,TR7411U-ORK,2,2,0,87.92,,
94435,TR7412UB-ORK,21,8,13,109.15,,
94437,AC9745-MIC,0,0,0,5.68,,
94438,AC1111/330,5,2,3,4.78,,
94460,0582DPS99A,5,5,0,40.39,,
94461,010-C1237-00,0,0,0,187.49,,
94464,536810C,2,0,2,99.81,164.99,
94465,536800S,6,0,6,117.36,214.99,
94466,536810S,2,2,0,117.36,214.99,
94467,53696,6,0,6,7.04,,
94470,096000099A ,0,0,0,14.56,,
94477,8664,6,2,4,60.52,,
94478,8665,2,0,2,85.29,,
94479,8666,4,0,4,115.48,,
94483,FT1PXC-K,9,6,3,154.99,,
94484,VP000080,0,0,0,12.69,,
94485,010-13094-00,2,2,0,22.49,,
94486,550103,7,4,3,513.02,,
94487,550503,9,5,4,573.04,,
94488,550101A,0,0,0,450.52,,
94489,550101ANE,0,0,0,434.31,,
94490,550503NE,5,3,2,527.93,,
94493,AC-1100-OB-S,0,0,0,240.0,,
94494,AC-1100-OB-M,0,0,0,240.0,,
94495,AC-1100-OB-L,0,0,0,240.0,,
94496,AC-1100-OB-XL,0,0,0,240.0,,
94497,AC-1100-OB-XXL,0,0,0,240.0,,
94498,AB-1100-OB-S,0,0,0,216.25,,
94499,AB-1100-OB-M,0,0,0,216.25,,
94500,AB-1100-OB-L,0,0,0,216.25,,
94501,AB-1100-OB-XL,0,0,0,216.25,,
94503,AB-1100-OB-XXL,0,0,0,216.25,,
94507,0057310,0,0,0,1183.16,,
94508,HNVGA,0,0,0,27.5,,
94510,HFLP,0,0,0,35.0,,
94511,CT3922-9004,0,0,0,1737.45,,
94514,55-0415,7,4,3,12.93,,
94515,CT8718CR   ,0,0,0,673.96,,
94516,ACC-DF-1000,0,0,0,13.11,,
94517,ACC-DF-1062,0,0,0,6.86,,
94518,ACC-FF-1789,0,0,0,6.86,,
94519,ACC-FF-1550,0,0,0,4.11,,
94520,ACC-FF-1833,0,0,0,24.99,,
94521,ACC-FF-1642,0,0,0,4.11,,
94524,077700299A,0,0,0,28.06,,
94525,CT8720CR     ,0,0,0,753.92,,
94537,LLB-51MC-81-00,2,2,0,103.75,,
94540,6656011967-310,2,1,1,1062.83,,
94541,SC20-BLK,0,0,0,292.5,,
94576,010-12800-00,0,0,0,7.49,,
94580,604-150-DV,2,0,2,738.35,904.0,
94601,MHS338BT,15,8,7,176.62,,
94672,20407021,9,6,3,32.19,,
94675,010-12824-00,0,0,0,29.98,,
94676,ASS030066100,8,4,4,20.67,,25.5
94677,SCC115045212,3,1,2,177.07,,218.45
94678,66000620,1,0,1,155.41,,
94679,4138-131-E65,3,0,3,143.78,,
94682,AV-5001-HV-S/M,0,0,0,63.75,,
94683,AV-5001-HV-L/XL,4,4,0,63.75,,
94687,50002,11,8,3,586.32,,
94688,50003,8,6,2,617.98,,
94690,PA-1000,1,1,0,24.99,,
94691,BC-9005,0,0,0,28.13,,
94693,UM725,15,11,4,124.68,,
94695,UM725BK,33,23,10,124.68,,
94696,UM725G,41,33,8,141.67,,
94698,UM725GBK,24,20,4,141.67,,
94700,UM725GBT,26,15,11,152.99,,
94701,2000038276,1,0,1,258.53,359.99,
94702,UM725GBTBK,18,9,9,152.99,,
94703,2000038278,1,1,0,208.24,289.99,
94704,2154639,0,0,0,119.69,149.99,
94705,UMRMIC,5,0,5,108.32,,
94706,UMRMICBK,10,6,4,108.32,,
94708,2157690,0,0,0,119.69,149.99,
94710,2000036529,0,0,0,150.94,199.99,
94716,2155648,0,0,0,100.0,,
94717,2156413,0,0,0,94.38,129.99,
94721,02995,5,1,4,51.65,81.3,
94722,1494,0,0,0,159.39,,
94723,1495,0,0,0,196.65,,
94724,1496,0,0,0,647.16,,
94725,1497,0,0,0,548.2,,
94726,1498,0,0,0,154.72,,
94727,1499,5,3,2,136.05,,
94729,1503,0,0,0,525.78,,
94730,1504,0,0,0,817.8,,
94731,1505,0,0,0,564.63,,
94732,2356100,10,5,5,27.16,,
94733,3121,5,3,2,622.46,,
94734,BFS-600,0,0,0,360.0,,
94735,3122,0,0,0,657.9,,
94736,3123,1,0,1,612.61,,
94737,3128,0,0,0,523.51,,
94738,3130,1,0,1,291.9,,
94739,3133,0,0,0,250.95,,
94740,3134,3,2,1,241.28,,
94741,3135,2,1,1,269.32,,
94742,2157474,0,0,0,182.81,249.99,
94754,5056100,7,4,3,29.99,,
94755,7718,0,0,0,153.66,,
94756,7718100,2,0,2,161.75,,
94757,7719,0,0,0,153.66,,
94758,7719100,0,0,0,161.75,,
94759,AT22-NY,0,0,0,22.98,36.99,
94768,740215-1,24,24,0,328.77,,
94771,700068-1,31,31,0,237.44,,
94786,FX-7 SHANK,4,2,2,79.99,,
94792,FX-7 STOCK,2,0,2,8.16,,
94793,FX-7 FLUKE,4,3,1,29.39,,
94794,FX-7 CROWN,4,2,2,31.03,,
94795,FX-7 CLIPSET,3,0,3,4.05,,
94796,FX-7 MUDPALMSET,1,1,0,15.44,,
94797,FX-11 SHANK,4,2,2,107.21,,
94798,FX-11 STOCK,1,0,1,10.95,,
94799,FX-11 FLUKE,4,0,4,39.39,,
94800,FX-11 CROWN,4,3,1,41.58,,
94801,FX-11 CLIPSET,2,0,2,5.88,,
94802,FX-11 MUDPALMSET,0,0,0,15.44,,
94803,FX-16 SHANK,0,0,0,155.1,,
94804,FX-16 STOCK,0,0,0,15.83,,
94805,FX-16 FLUKE,0,0,0,56.98,,
94806,FX-16 CROWN,0,0,0,60.14,,
94807,FX-16 CLIPSET,3,1,2,9.26,,
94808,FX-16 MUDPALMSET,0,0,0,15.44,,
94809,FX-23 SHANK,0,0,0,246.28,,
94810,FX-23 STOCK,0,0,0,25.13,,
94811,FX-23 FLUKE,0,0,0,90.46,,
94812,FX-23 CROWN,0,0,0,95.5,,
94813,FX-23 CLIPSET,1,0,1,14.54,,
94814,FX-23 MUDPALMSET,0,0,0,25.73,,
94815,FX-37 SHANK,0,0,0,366.6,,
94816,FX-37 STOCK,0,0,0,37.41,,
94817,FX-37 FLUKE,0,0,0,134.7,,
94818,FX-37 CROWN,0,0,0,142.15,,
94819,FX-37 CLIPSET,2,2,0,21.48,,
94820,FX-37 MUDPALMSET,0,0,0,25.73,,
94821,FX-55 SHANK,0,0,0,536.04,,
94822,FX-55 STOCK,0,0,0,54.7,,
94823,FX-55 FLUKE,0,0,0,196.91,,
94824,FX-55 CROWN,0,0,0,207.86,,
94825,FX-55 CLIPSET,0,0,0,32.9,,
94826,FX-55 MUDPALMSET,0,0,0,25.73,,
94827,FX-85 SHANK,0,0,0,822.41,,
94828,FX-85 STOCK,0,0,0,83.93,,
94829,FX-85 FLUKE,0,0,0,302.11,,
94830,FX-85 CROWN,0,0,0,318.9,,
94831,FX-85 CLIPSET,0,0,0,37.76,,
94832,FX-85 MUDPALMSET,0,0,0,25.73,,
94833,FX-125 SHANK,0,0,0,1205.06,,
94834,FX-125 STOCK,0,0,0,116.73,,
94835,FX-125 FLUKE,0,0,0,442.68,,
94836,FX-125 CROWN,0,0,0,467.26,,
94837,FX-125 CLIPSET,0,0,0,55.34,,
94838,FX-125 MUDPALMSET,0,0,0,25.73,,
94843,8121,1,1,0,145.39,,
94845,8421,0,0,0,162.39,,
94846,8521,1,0,1,162.39,,
94847,WUL6BK-25,4,2,2,27.46,,
94848,WUL6RD-25,4,1,3,27.46,,
94849,WUL6OR-25,3,2,1,27.46,,
94850,WUL6YL-25,3,1,2,27.46,,
94851,WUL6GN-25,2,0,2,27.46,,
94852,WUL6WH-25,3,1,2,27.46,,
94853,WUL6BK-50,0,0,0,53.08,,
94854,WUL6RD-50,1,1,0,53.08,,
94855,WUL6OR-50,4,2,2,46.0,,
94856,WUL6YL-50,5,2,3,46.0,,
94857,WUL6GN-50,3,2,1,46.0,,
94858,WUL6WH-50,1,0,1,53.08,,
94859,WUL6BK-100,0,0,0,101.54,,
94860,WUL6RD-100,0,0,0,101.54,,
94861,WUL6OR-100,2,2,0,88.0,,
94862,WUL6YL-100,2,2,0,101.54,,
94863,WUL6GN-100,2,2,0,101.54,,
94864,WUL6WH-100,0,0,0,105.0,,
94865,WUL6BK-250,0,0,0,245.19,,
94866,WUL6RD-250,0,0,0,245.19,,
94867,WUL6OR-250,0,0,0,245.19,,
94868,WUL6YL-250,0,0,0,245.19,,
94869,WUL6GN-250,0,0,0,245.19,,
94870,WUL6WH-250,0,0,0,245.19,,
94871,WUL6BK-500,0,0,0,507.69,,
94872,WUL6RD-500,0,0,0,507.69,,
94873,WUL6OR-500,0,0,0,507.69,,
94874,WUL6YL-500,0,0,0,507.69,,
94875,WUL6GN-500,0,0,0,507.69,,
94876,WUL6WH-500,0,0,0,507.69,,
94879,WUL6BK-FT,85,85,0,1.22,,
94882,WUL6RD-FT,50,50,0,1.22,,
94884,WUL6GN-FT,26,26,0,1.22,,
94886,WUL4BK-25,4,2,2,39.58,,
94887,WUL4RD-25,3,2,1,39.58,,
94888,WUL4YL-25,4,2,2,39.58,,
94889,WUL4GN-25,1,0,1,39.58,,
94890,WUL4WH-25,3,2,1,39.58,,
94891,WUL4BK-50,3,2,1,76.15,,
94892,WUL4RD-50,2,1,1,76.15,,
94893,WUL4YL-50,3,2,1,76.15,,
94894,WUL4GN-50,3,2,1,76.15,,
94895,WUL4WH-50,3,2,1,76.15,,
94896,WUL4BK-100,1,0,1,143.08,,
94897,WUL4RD-100,1,0,1,143.08,,
94898,WUL4YL-100,3,1,2,143.08,,
94899,WUL4GN-100,4,2,2,143.08,,
94900,WUL4WH-100,4,2,2,143.08,,
94901,WUL4BK-250,3,1,2,351.92,,
94902,WUL4RD-250,1,0,1,351.92,,
94903,WUL4YL-250,0,0,0,351.92,,
94904,WUL4GN-250,0,0,0,351.92,,
94905,WUL4WH-250,0,0,0,351.92,,
94906,WUL4BK-500,0,0,0,686.54,,
94907,WUL4RD-500,0,0,0,686.54,,
94908,WUL4YL-500,0,0,0,686.54,,
94909,WUL4GN-500,0,0,0,686.54,,
94910,WUL4WH-500,0,0,0,686.54,,
94913,WUL4BK-FT,60,60,0,1.72,,
94914,WUL4RD-FT,9,9,0,1.72,,
94915,WUL4YL-FT,13,13,0,1.72,,
94920,WUL2BK-25,3,1,2,62.31,,
94921,WUL2RD-25,2,0,2,62.31,,
94923,WUL2YL-25,4,3,1,62.31,,
94924,WUL2GN-25,2,2,0,62.31,,
94925,WUL2WH-25,4,0,4,62.31,,
94926,WUL2BK-50,3,2,1,115.38,,
94927,WUL2RD-50,1,1,0,115.38,,
94928,WUL2YL-50,1,0,1,115.38,,
94929,WUL2GN-50,3,1,2,115.38,,
94930,WUL2WH-50,2,2,0,115.38,,
94931,WUL2BK-100,4,2,2,228.46,,
94932,WUL2RD-100,3,1,2,228.46,,
94933,WUL2YL-100,2,2,0,228.46,,
94934,WUL2GN-100,0,0,0,228.46,,
94935,WUL2WH-100,6,4,2,228.46,,
94936,WUL2BK-250,0,0,0,556.73,,
94937,WUL2RD-250,1,1,0,556.73,,
94938,WUL2YL-250,0,0,0,482.5,,
94939,WUL2GN-250,0,0,0,556.73,,
94940,WUL2WH-250,0,0,0,556.73,,
94941,WUL2BK-500,0,0,0,1084.62,,
94942,WUL2RD-500,0,0,0,1084.62,,
94943,WUL2YL-500,0,0,0,1084.62,,
94944,WUL2GN-500,0,0,0,1084.62,,
94945,WUL2WH-500,0,0,0,1084.62,,
94946,WUL2BK-FT,33,33,0,2.74,,
94947,WUL2RD-FT,95,95,0,2.74,,
94948,WUL2YL-FT,39,39,0,2.74,,
94949,WUL1BK-25,1,0,1,79.62,,
94951,WUL1YL-25,2,0,2,103.85,,
94952,WUL1BK-50,0,0,0,153.46,,
94953,WUL1RD-50,0,0,0,153.46,,
94954,WUL1YL-50,1,0,1,153.46,,
94955,WUL1BK-100,3,2,1,295.38,,
94956,WUL1RD-100,3,1,2,295.38,,
94957,WUL1YL-100,4,2,2,295.38,,
94958,WUL1BK-250,0,0,0,738.46,,
94959,WUL1RD-250,0,0,0,738.46,,
94960,WUL1YL-250,0,0,0,738.46,,
94961,WUL1BK-500,0,0,0,1459.62,,
94962,WUL1RD-500,0,0,0,1459.62,,
94963,WUL1YL-500,0,0,0,1459.62,,
94964,WUL1BK-FT,34,34,0,3.54,,
94965,WUL1RD-FT,37,37,0,3.54,,
94966,WUL1YL-FT,49,49,0,3.54,,
94967,WUL1/0BK-25,4,2,2,92.6,,
94968,WUL1/0RD-25,0,0,0,92.6,,
94969,WUL1/0YL-25,0,0,0,92.6,,
94970,WUL1/0BK-50,4,2,2,172.5,,
94971,WUL1/0YL-50,0,0,0,172.5,,
94972,WUL1/0BK-100,4,2,2,340.38,,
94973,WUL1/0RD-100,2,1,1,340.38,,
94974,WUL1/0YL-100,2,2,0,295.0,,
94975,WUL1/0BK-FT,6,6,0,4.09,,
94976,WUL1/0RD-FT,90,90,0,4.09,,
94977,WUL1/0YL-FT,2,2,0,4.09,,
94978,WUL2/0BK-25,3,2,1,116.54,,
94979,WUL2/0RD-25,1,1,0,116.54,,
94980,WUL2/0YL-25,2,2,0,101.0,,
94981,WUL2/0BK-50,3,2,1,216.35,,
94982,WUL2/0RD-50,1,0,1,216.35,,
94983,WUL2/0YL-50,0,0,0,216.35,,
94984,WUL2/0BK-100,4,2,2,426.92,,
94985,WUL2/0RD-100,1,1,0,426.92,,
94986,WUL2/0YL-100,0,0,0,426.92,,
94987,WUL2/0BK-250,2,2,0,1044.23,,
94988,WUL2/0RD-250,0,0,0,1044.23,,
94989,WUL2/0YL-250,0,0,0,1044.23,,
94990,WUL2/0BK-FT,65,65,0,5.12,,
94991,WUL2/0RD-FT,2,2,0,5.12,,
94992,WUL2/0YL-FT,10,10,0,5.12,,
94993,WUL3/0BK-25,2,0,2,159.23,,
94994,WUL3/0RD-25,1,0,1,181.26,,
94996,WUL3/0BK-50,3,1,2,309.81,,
94997,WUL3/0RD-50,5,3,2,309.81,,
94998,WUL3/0YL-50,0,0,0,309.81,,
94999,WUL3/0BK-100,0,0,0,603.46,,
95000,WUL3/0RD-100,0,0,0,603.46,,
95001,WUL3/0YL-100,3,2,1,603.46,,
95002,WUL3/0BK-250,0,0,0,1471.15,,
95003,WUL3/0RD-250,0,0,0,1471.15,,
95004,WUL3/0YL-250,0,0,0,1471.15,,
95005,WUL3/0BK-FT,47,47,0,7.25,,
95006,WUL3/0RD-FT,10,10,0,7.25,,
95007,WUL3/0YL-FT,0,0,0,7.25,,
95008,WUL4/0BK-25,2,1,1,186.64,,
95009,WUL4/0RD-25,3,2,1,186.64,,
95010,WUL4/0YL-25,2,2,0,186.64,,
95011,WUL4/0BK-50,2,1,1,336.92,,
95012,WUL4/0RD-50,3,1,2,336.92,,
95013,WUL4/0YL-50,4,2,2,336.92,,
95014,WUL4/0BK-100,1,1,0,642.69,,
95015,WUL4/0RD-100,0,0,0,642.69,,
95016,WUL4/0YL-100,0,0,0,642.69,,
95017,WUL4/0BK-250,1,1,0,1606.73,,
95018,WUL4/0RD-250,0,0,0,1606.73,,
95019,WUL4/0YL-250,0,0,0,1606.73,,
95020,WUL4/0BK-FT,130,130,0,7.71,,
95021,WUL4/0RD-FT,0,0,0,7.71,,
95022,WUL4/0YL-FT,24,24,0,7.71,,
95023,WUL18BK-100,3,2,1,9.46,,
95024,WUL18BR-100,1,1,0,9.46,,
95025,WUL18RD-100,2,2,0,9.46,,
95026,WUL18OR-100,2,0,2,9.46,,
95027,WUL18YL-100,6,4,2,9.46,,
95028,WUL18GN-100,3,2,1,9.46,,
95029,WUL18BL-100,3,2,1,9.46,,
95030,WUL18VI-100,2,0,2,9.46,,
95031,WUL18GY-100,2,2,0,9.46,,
95032,WUL18WH-100,0,0,0,10.38,,
95033,WUL18BK-250,2,2,0,21.06,,
95034,WUL18BR-250,0,0,0,21.06,,
95035,WUL18RD-250,5,3,2,21.06,,
95036,WUL18OR-250,0,0,0,21.06,,
95037,WUL18YL-250,4,2,2,21.06,,
95038,WUL18GN-250,2,2,0,21.06,,
95039,WUL18BL-250,1,0,1,21.06,,
95040,WUL18VI-250,4,2,2,21.06,,
95041,WUL18GY-250,2,2,0,21.06,,
95042,WUL18WH-250,0,0,0,21.06,,
95043,WUL18BK-500,1,0,1,38.65,,
95044,WUL18BR-500,3,3,0,38.65,,
95045,WUL18RD-500,2,0,2,38.65,,
95046,WUL18OR-500,0,0,0,38.65,,
95047,WUL18YL-500,0,0,0,38.65,,
95048,WUL18GN-500,0,0,0,38.65,,
95049,WUL18BL-500,1,1,0,38.65,,
95050,WUL18VI-500,0,0,0,38.65,,
95051,WUL18GY-500,0,0,0,38.65,,
95052,WUL18WH-500,0,0,0,38.65,,
95053,WUL18BK-1000,3,1,2,69.23,,
95054,WUL18BR-1000,0,0,0,69.23,,
95055,WUL18RD-1000,0,0,0,69.23,,
95056,WUL18OR-1000,0,0,0,69.23,,
95057,WUL18YL-1000,0,0,0,69.23,,
95058,WUL18GN-1000,2,0,2,69.23,,
95059,WUL18BL-1000,0,0,0,71.54,,
95060,WUL18VI-1000,0,0,0,69.23,,
95061,WUL18GY-1000,0,0,0,69.23,,
95062,WUL18WH-1000,2,0,2,69.23,,
95063,WUL16BK-25,4,2,2,5.26,,
95064,WUL16BR-25,5,2,3,5.26,,
95065,WUL16RD-25,4,2,2,5.26,,
95066,WUL16OR-25,4,2,2,5.26,,
95067,WUL16YL-25,7,3,4,5.26,,
95068,WUL16GN-25,4,2,2,5.26,,
95069,WUL16LG-25,3,1,2,5.77,,
95070,WUL16BL-25,5,1,4,5.26,,
95071,WUL16LB-25,5,2,3,5.26,,
95072,WUL16VI-25,1,1,0,4.2,,
95073,WUL16GY-25,3,2,1,5.26,,
95075,WUL16WH-25,9,3,6,5.26,,
95076,WUL16TN-25,3,2,1,5.26,,
95077,WUL16PK-25,0,0,0,4.85,,
95078,WUL16BK-100,3,1,2,11.65,,
95079,WUL16BR-100,5,5,0,11.65,,
95080,WUL16RD-100,3,1,2,11.65,,
95081,WUL16OR-100,4,2,2,11.65,,
95082,WUL16YL-100,4,3,1,11.65,,
95083,WUL16GN-100,2,2,0,11.65,,
95084,WUL16LG-100,1,0,1,11.65,,
95085,WUL16BL-100,3,2,1,11.65,,
95086,WUL16LB-100,5,3,2,11.65,,
95087,WUL16VI-100,4,2,2,11.65,,
95088,WUL16GY-100,3,2,1,11.65,,
95089,WUL16WH-100,5,3,2,11.65,,
95090,WUL16TN-100,3,1,2,11.09,,
95091,WUL16PK-100,4,1,3,11.65,,
95092,WUL16BK-250,4,2,2,27.41,,
95093,WUL16BR-250,1,0,1,27.41,,
95094,WUL16RD-250,3,1,2,27.41,,
95095,WUL16OR-250,0,0,0,27.41,,
95096,WUL16YL-250,3,1,2,27.41,,
95097,WUL16GN-250,1,0,1,27.41,,
95098,WUL16LG-250,0,0,0,27.41,,
95099,WUL16BL-250,2,2,0,27.41,,
95100,WUL16LB-250,1,1,0,27.41,,
95101,WUL16VI-250,0,0,0,27.41,,
95102,WUL16GY-250,1,1,0,27.41,,
95103,WUL16WH-250,4,2,2,27.41,,
95104,WUL16TN-250,3,2,1,27.41,,
95105,WUL16PK-250,0,0,0,27.41,,
95106,WUL16BK-500,0,0,0,50.19,,
95107,WUL16BR-500,0,0,0,50.19,,
95108,WUL16RD-500,0,0,0,50.19,,
95109,WUL16OR-500,0,0,0,51.92,,
95110,WUL16YL-500,0,0,0,50.19,,
95111,WUL16GN-500,0,0,0,50.19,,
95112,WUL16LG-500,0,0,0,50.19,,
95113,WUL16BL-500,0,0,0,50.19,,
95114,WUL16LB-500,0,0,0,50.19,,
95115,WUL16VI-500,0,0,0,50.19,,
95116,WUL16GY-500,0,0,0,50.19,,
95117,WUL16WH-500,0,0,0,50.19,,
95118,WUL16TN-500,3,2,1,50.19,,
95119,WUL16PK-500,0,0,0,50.19,,
95120,WUL16BK-1000,0,0,0,98.08,,
95121,WUL16BR-1000,0,0,0,98.08,,
95122,WUL16RD-1000,1,0,1,98.08,,
95123,WUL16OR-1000,0,0,0,98.08,,
95124,WUL16YL-1000,0,0,0,98.08,,
95125,WUL16GN-1000,2,0,2,98.08,,
95126,WUL16LG-1000,0,0,0,98.08,,
95127,WUL16BL-1000,2,0,2,98.08,,
95128,WUL16LB-1000,0,0,0,98.08,,
95129,WUL16VI-1000,0,0,0,98.08,,
95130,WUL16GY-1000,2,0,2,98.08,,
95131,WUL16WH-1000,0,0,0,98.08,,
95132,WUL16TN-1000,0,0,0,98.08,,
95133,WUL16PK-1000,0,0,0,98.08,,
95135,MLS-410SP-W,8,6,2,37.49,,
95136,WUL14BR-18,0,0,0,4.85,,
95139,MLS-410PA-B,0,0,0,52.49,,
95141,WUL14GN-18,1,1,0,4.2,,
95142,MLS-410PA-W,7,5,2,52.49,,
95143,MLS-410LH-B,4,0,4,44.99,,
95145,MLS-410LH-W,1,0,1,44.99,,
95149,WUL14VI-18,2,2,0,4.2,,
95154,WUL14BK-25,4,2,2,6.04,,
95155,WUL14BR-25,4,0,4,6.04,,
95156,WUL14RD-25,3,3,0,6.04,,
95157,WUL14OR-25,1,1,0,6.04,,
95158,WUL14YL-25,4,2,2,6.04,,
95159,WUL14GR-25,5,3,2,5.77,,
95160,WUL14LG-25,4,2,2,6.04,,
95161,WUL14BL-25,5,2,3,6.04,,
95162,WUL14LB-25,5,3,2,6.04,,
95163,WUL14VI-25,4,4,0,6.04,,
95164,WUL14GY-25,2,2,0,6.04,,
95165,WUL14WH-25,4,2,2,6.04,,
95166,WUL14TN-25,4,2,2,6.04,,
95167,WUL14PK-25,2,0,2,6.04,,
95168,WUL14BK-100,2,0,2,16.5,,
95169,WUL14BR-100,4,1,3,16.5,,
95170,WUL14RD-100,4,1,3,16.5,,
95171,WUL14OR-100,3,3,0,16.5,,
95172,WUL14YL-100,1,1,0,16.5,,
95173,WUL14GN-100,3,2,1,16.5,,
95174,WUL14LG-100,0,0,0,16.5,,
95175,WUL14BL-100,2,2,0,16.5,,
95177,WUL14VI-100,1,0,1,16.5,,
95178,WUL14GY-100,2,1,1,16.5,,
95179,WUL14WH-100,2,0,2,16.5,,
95180,WUL14TN-100,4,2,2,16.5,,
95181,WUL14PK-100,4,2,2,16.5,,
95182,WUL14BK-250,4,2,2,40.1,,
95183,WUL14BR-250,0,0,0,40.1,,
95184,WUL14RD-250,3,2,1,40.1,,
95185,WUL14OR-250,1,0,1,40.1,,
95186,WUL14YL-250,3,2,1,40.1,,
95187,WUL14GN-250,0,0,0,40.1,,
95188,WUL14LG-250,0,0,0,40.1,,
95189,WUL14BL-250,0,0,0,40.1,,
95190,WUL14LB-250,3,2,1,40.1,,
95191,WUL14VI-250,0,0,0,40.1,,
95192,WUL14GY-250,0,0,0,40.1,,
95193,WUL14WH-250,1,0,1,40.1,,
95194,WUL14TN-250,2,2,0,40.1,,
95195,WUL14PK-250,0,0,0,40.1,,
95196,WUL14BK-500,2,2,0,72.12,,
95197,WUL14BR-500,0,0,0,72.12,,
95198,WUL14RD-500,3,2,1,72.12,,
95199,WUL14OR-500,0,0,0,72.12,,
95200,WUL14YL-500,1,0,1,72.12,,
95201,WUL14GN-500,2,0,2,75.0,,
95202,WUL14LG-500,0,0,0,72.12,,
95203,WUL14BL-500,2,2,0,72.12,,
95204,WUL14LB-500,0,0,0,72.12,,
95205,WUL14VI-500,0,0,0,72.12,,
95206,WUL14GY-500,0,0,0,72.12,,
95207,WUL14WH-500,0,0,0,72.12,,
95208,WUL14TN-500,4,2,2,72.12,,
95209,WUL14PK-500,0,0,0,72.12,,
95210,WUL14BK-1000,0,0,0,143.08,,
95211,WUL14BR-1000,2,0,2,143.08,,
95212,WUL14RD-1000,0,0,0,143.08,,
95213,WUL14OR-1000,2,0,2,143.08,,
95214,WUL14YL-1000,0,0,0,143.08,,
95215,WUL14GN-1000,2,0,2,143.08,,
95216,WUL14LG-1000,0,0,0,143.08,,
95217,WU14BL-1000,0,0,0,143.08,,
95218,WUL14LB-1000,0,0,0,143.08,,
95219,WUL14VI-1000,1,0,1,143.08,,
95220,WUL14GY-1000,0,0,0,143.08,,
95221,WUL14WH-1000,0,0,0,143.08,,
95222,WUL14TN-1000,0,0,0,143.08,,
95223,WUL14PK-1000,0,0,0,144.23,,
95224,CT3916-9002,0,0,0,1125.11,,
95235,WUL12BK-25,3,2,1,8.81,,
95236,WUL12BR-25,1,0,1,8.81,,
95237,WUL12RD-25,4,2,2,8.81,,
95238,WUL12OR-25,4,2,2,8.81,,
95239,WUL12YL-25,3,2,1,8.81,,
95241,WUL12BL-25,7,4,3,8.81,,
95242,WUL12VI-25,9,5,4,8.81,,
95243,WUL12GY-25,1,0,1,8.81,,
95244,WUL12WH-25,6,3,3,8.81,,
95245,WUL12BK-100,3,2,1,23.31,,
95246,WUL12BR-100,2,1,1,24.23,,
95247,WUL12RD-100,4,2,2,23.31,,
95248,WUL12OR-100,3,2,1,23.31,,
95249,WUL12YL-100,0,0,0,23.31,,
95250,WUL12GN-100,4,3,1,23.31,,
95251,WUL12BL-100,2,0,2,23.31,,
95252,WUL12VI-100,5,2,3,23.31,,
95253,WUL12GY-100,1,0,1,23.31,,
95254,WUL12WH-100,3,2,1,23.31,,
95255,WUL12BK-250,2,1,1,55.68,,
95256,WUL12BR-250,0,0,0,55.68,,
95257,WUL12RD-250,3,2,1,55.68,,
95258,WUL12OR-250,0,0,0,55.68,,
95259,WUL12YL-250,0,0,0,55.68,,
95260,WUL12GN-250,0,0,0,57.69,,
95261,WUL12BL-250,0,0,0,55.68,,
95262,WUL12VI-250,0,0,0,55.68,,
95263,WUL12GY-250,0,0,0,55.68,,
95264,WUL12WH-250,0,0,0,55.68,,
95265,WUL12BK-500,0,0,0,106.15,,
95266,WUL12BR-500,0,0,0,106.15,,
95267,WUL12RD-500,0,0,0,106.15,,
95268,WUL12OR-500,0,0,0,106.15,,
95269,WUL12YL-500,0,0,0,106.15,,
95270,WUL12GN-500,0,0,0,106.15,,
95271,WUL12BL-500,3,3,0,106.15,,
95272,WUL12VI-500,0,0,0,106.15,,
95273,WUL12GY-500,0,0,0,106.15,,
95274,WUL12WH-500,0,0,0,106.15,,
95290,WUL10YL-8,0,0,0,5.03,,
95299,WUL10OR-25,1,1,0,12.5,,
95300,WUL10YL-25,3,1,2,8.88,,
95302,WUL10BL-25,0,0,0,10.24,,
95303,WUL10VI-25,4,1,3,8.88,,
95304,WUL10GY-25,2,1,1,8.88,,
95305,WUL10WH-25,3,3,0,8.88,,
95306,WUL10BK-100,3,1,2,37.27,,
95307,WUL10BR-100,2,0,2,37.27,,
95308,WUL10RD-100,5,1,4,37.27,,
95309,WUL10OR-100,3,2,1,37.27,,
95310,WUL10YL-100,0,0,0,37.27,,
95311,WUL10GN-100,2,2,0,37.27,,
95312,WUL10BL-100,2,1,1,37.27,,
95313,WUL10VI-100,8,4,4,37.27,,
95314,WUL10GY-100,3,1,2,37.27,,
95315,WUL10WH-100,4,1,3,37.27,,
95316,WUL10BK-250,4,2,2,90.29,,
95317,WUL10BR-250,0,0,0,90.29,,
95318,WUL10RD-250,3,1,2,90.29,,
95319,WUL10OR-250,0,0,0,90.29,,
95320,WUL10YL-250,0,0,0,90.29,,
95321,WUL10GN-250,0,0,0,90.29,,
95322,WUL10BL-250,0,0,0,90.29,,
95323,WUL10VI-250,0,0,0,90.29,,
95324,WUL10GY-250,3,3,0,90.28,,
95325,WUL10WH-250,2,2,0,90.29,,
95326,WUL10BK-500,0,0,0,177.12,,
95327,WUL10BR-500,0,0,0,177.12,,
95328,WUL10RD-500,0,0,0,177.12,,
95329,WUL10OR-500,0,0,0,177.12,,
95330,WUL10YW-500,0,0,0,177.12,,
95331,WUL10GN-500,2,0,2,177.12,,
95332,WUL10BL-500,0,0,0,177.12,,
95333,WUL10VI-500,0,0,0,177.12,,
95334,WUL10GY-500,0,0,0,177.12,,
95335,WUL10WH-500,0,0,0,177.12,,
95346,WUL8BK-25,2,1,1,21.64,,
95347,WUL8RD-25,4,2,2,21.64,,
95348,WUL8YL-25,0,0,0,21.64,,
95349,WUL8GN-25,4,3,1,21.64,,
95350,WUL8WH-25,4,2,2,21.64,,
95351,WUL8BK-100,2,1,1,61.38,,
95352,WUL8RD-100,5,3,2,61.38,,
95353,WUL8YL-100,2,2,0,61.38,,
95354,WUL8GN-100,1,1,0,61.38,,
95356,WUL8WH-100,4,1,3,61.38,,
95357,WUL8BK-250,0,0,0,153.46,,
95358,WUL8RD-250,2,2,0,153.46,,
95359,WUL8YL-250,0,0,0,153.46,,
95360,WUL8GN-250,2,1,1,153.46,,
95361,WUL8WH-250,0,0,0,153.46,,
95362,WUL8BK-500,1,0,1,302.88,,
95363,WUL8RD-500,3,1,2,302.88,,
95364,WUL8YL-500,0,0,0,302.88,,
95365,WUL8GN-500,0,0,0,311.54,,
95366,WUL8WH-500,0,0,0,302.88,,
95367,WUL8BK-1000,0,0,0,570.0,,
95368,WUL8RD-1000,0,0,0,570.0,,
95369,WUL8YL-1000,0,0,0,570.0,,
95370,WUL8GN-1000,0,0,0,570.0,,
95371,WUL8WH-1000,0,0,0,570.0,,
95372,W18/2RYW-100,3,2,1,26.54,,
95373,W18/2RYW-250,2,2,0,63.46,,
95374,W18/2RYW-500,0,0,0,115.38,,
95375,W18/2YRW-1000,0,0,0,219.23,,
95376,W16/2RYW-100,3,2,1,27.69,,
95377,W16/2RYW-250,4,3,1,66.35,,
95378,2171001,10,5,5,11.7,,
95379,W16/2RYW-500,3,2,1,126.92,,
95380,W16/2RYW-1000,0,0,0,253.85,,
95381,W16/2RYW-FT,0,0,0,0.34,,
95384,W14/2RYW-100,4,1,3,38.08,,
95385,W142RYW-250,0,0,0,87.8,,
95386,W14/2RYW-500,0,0,0,184.62,,
95387,W14/2RYW-1000,0,0,0,369.23,,
95388,W14/2RYW-FT,45,45,0,0.46,,
95389,W12/2RYW-100,2,1,1,58.85,,
95390,W12/2RYW-250,1,1,0,141.35,,
95391,W12/2RYW-500,0,0,0,276.92,,
95392,W12/2RYW-1000,0,0,0,542.31,,
95393,914313,0,0,0,150.92,249.99,
95394,G-5 SHANK,0,0,0,26.59,,
95395,G-5 STOCK,0,0,0,5.33,,
95396,G-5 FLUKE,0,0,0,13.3,,
95397,G-5 CROWN,0,0,0,13.3,,
95398,G-5 CLIPSET,0,0,0,2.96,,
95399,G-5 MUDPALMSET,0,0,0,15.44,,
95400,G-7 SHANK,4,2,2,34.14,,
95401,G-7 STOCK,0,0,0,6.83,,
95402,G-7 FLUKE,0,0,0,17.06,,
95403,G-7 CROWN,3,2,1,17.06,,
95404,G-7 CLIPSET,4,2,2,2.96,,
95405,G-7 MUDPALMSET,2,1,1,15.44,,
95406,G-11 SHANK,3,1,2,46.83,,
95407,G-11 STOCK,0,0,0,9.36,,
95408,G-11 FLUKE,3,1,2,23.41,,
95409,G-11 CROWN,4,2,2,23.41,,
95410,G-11 CLIPSET,4,2,2,4.05,,
95411,G-11 MUDPALMSET,3,1,2,15.44,,
95412,G-16 SHANK,0,0,0,67.88,,
95413,G-16 STOCK,0,0,0,13.58,,
95414,G-16 FLUKE,0,0,0,33.94,,
95415,G-16 CROWN,0,0,0,33.94,,
95416,G-16 CLIPSET,0,0,0,5.88,,
95417,G-16 MUDPALMSET,0,0,0,25.73,,
95418,W10/2RYW-100,2,1,1,87.69,,
95419,W10/2RYW-250,3,2,1,210.58,,
95420,W10/2RYW-500,0,0,0,415.38,,
95421,W10/2RYW-1000,0,0,0,807.69,,
95422,W10/2RYW-FT,55,55,0,1.05,,
95423,W8/2RYW-50,2,2,0,73.85,,
95424,W8/2RYW-100,3,2,1,139.62,,
95425,W8/2RYW-250,3,1,2,334.62,,
95426,W8/2RYW-500,0,0,0,663.46,,
95427,G-23 SHANK,0,0,0,107.16,,
95428,W6/2RYW-50,1,1,0,128.65,,
95429,G-23 STOCK,0,0,0,21.43,,
95430,W6/2RYW-100,4,2,2,240.0,,
95431,G-23 FLUKE,0,0,0,53.59,,
95432,W6/2RYW-250,4,1,3,585.58,,
95433,G-23 CROWN,0,0,0,53.59,,
95434,G-23 CLIPSET,0,0,0,9.26,,
95435,W6/2RYW-500,0,0,0,1148.08,,
95436,G-23 MUDPALMSET,0,0,0,25.73,,
95437,G-37 SHANK,0,0,0,168.09,,
95438,G-37 STOCK,0,0,0,33.61,,
95439,G-37 FLUKE,0,0,0,84.05,,
95440,G-37 CROWN,0,0,0,84.05,,
95441,G-37 CLIPSET,0,0,0,14.54,,
95442,W18/2DC-100,4,2,2,26.54,,
95443,G-37 MUDPALMSET,0,0,0,25.73,,
95444,W18/2DC-250,3,2,1,63.46,,
95445,W18/2DC-500,0,0,0,115.38,,
95446,G-55 SHANK,0,0,0,257.19,,
95447,G-55 STOCK,0,0,0,49.66,,
95448,W18/2DC-1000,0,0,0,219.23,,
95449,G-55 FLUKE,0,0,0,124.13,,
95450,G-55 CROWN,0,0,0,124.13,,
95451,G-55 CLIPSET,0,0,0,21.48,,
95452,W16/2DC-100,7,2,5,27.69,,
95453,G-55 MUDPALMSET,0,0,0,25.73,,
95454,W16/2DC-250,3,2,1,66.35,,
95455,W16/2DC-500,0,0,0,126.92,,
95456,W16/2DC-1000,0,0,0,253.85,,
95457,G-85 SHANK,0,0,0,380.46,,
95458,W14/2DC-100,2,1,1,38.08,,
95459,G-85 STOCK,0,0,0,76.09,,
95460,G-85 FLUKE,0,0,0,190.21,,
95461,G-85 CROWN,0,0,0,190.21,,
95462,W14/2DC-250,0,0,0,92.31,,
95463,W14/2DC-500,0,0,0,184.62,,
95464,W14/2DC-1000,0,0,0,369.23,,
95465,G-85 CLIPSET,0,0,0,32.9,,
95466,W12/2DC-100,2,2,0,58.85,,
95467,G-85 MUDPALMSET,0,0,0,25.73,,
95468,W12/2DC-250,3,1,2,141.35,,
95469,W12/2DC-500,1,1,0,276.92,,
95470,G-125 SHANK,0,0,0,563.8,,
95471,W12/2DC-1000,0,0,0,542.31,,
95472,G-125 STOCK,0,0,0,112.76,,
95473,G-125 FLUKE,0,0,0,281.9,,
95474,G-125 CROWN,0,0,0,281.9,,
95475,G-125 CLIPSET,0,0,0,37.76,,
95476,G-125 MUDPALMSET,0,0,0,25.73,,
95477,W10/2DC-100,4,2,2,87.69,,
95478,W10/2DC-250,4,2,2,210.58,,
95479,W10/2DC-500,0,0,0,415.38,,
95480,W10/2DC-1000,0,0,0,807.69,,
95481,W10/2DC-FT,133,133,0,1.05,,
95482,W8/2DC-50,2,1,1,73.85,,
95483,W8/2DC-100,0,0,0,139.62,,
95484,W8/2DC-250,3,1,2,348.0,,
95485,W8/2DC-500,0,0,0,663.46,,
95486,W8/2DC-FT,33,33,0,1.68,,
95487,W6/2DC-50,3,2,1,122.88,,
95488,W6/2DC-100,4,2,2,228.46,,
95489,W6/2DC-250,5,2,3,559.62,,
95490,W6/2DC-500,0,0,0,1096.15,,
95491,W6/2DC-FT,0,0,0,2.74,,
95492,SC-CW-01F,20,10,10,50.63,,
95493,SC-CW-02F,13,5,8,50.63,,
95494,SC-CW-04F,35,27,8,84.38,,
95495,SC-CW-05F,17,3,14,101.25,,
95497,SC-CW-07F,16,9,7,50.6,,
95498,SC-CW-08F,10,3,7,64.69,,
95500,SC-CW-10F,18,11,7,82.69,,
95501,SC-CW-BZ,3,1,2,10.26,,
95502,WR16/2RYW-100,3,1,2,54.23,,
95503,WR16/2RYW-250,3,1,2,121.15,,
95504,WR16/2RYW-500,0,0,0,219.23,,
95505,WR14/2RYW-100,1,0,1,63.46,,
95506,WR14/2RYW-250,3,2,1,147.12,,
95507,WR14/2RYW-500,0,0,0,305.77,,
95508,WR12/2RYW-100,3,1,2,91.15,,
95509,WR12/2RYW-250,0,0,0,245.19,,
95510,WR12/2RYW-500,2,0,2,375.0,,
95511,WR10/2RYW-100,3,1,2,145.38,,
95512,WR10/2RYW-250,2,0,2,312.5,,
95513,WR10/2RYW-500,3,0,3,628.85,,
95514,W16/3-100,0,0,0,43.85,,
95515,W16/3-250,0,0,0,106.73,,
95516,010-13194-00,0,0,0,44.99,,
95517,W16/3-500,0,0,0,207.69,,
95518,W16/3-1000,0,0,0,403.85,,
95519,W14/3-100,0,0,0,56.54,,
95520,W14/3-250,1,0,1,138.46,,
95521,W14/3-500,0,0,0,259.62,,
95522,W14/3-1000,0,0,0,507.69,,
95523,W12/3-100,3,1,2,84.23,,
95524,W12/3-250,2,0,2,204.81,,
95525,W12/3-500,0,0,0,421.15,,
95526,W12/3-1000,0,0,0,796.15,,
95527,W10/3-100,3,1,2,124.62,,
95528,W10/3-250,0,0,0,308.65,,
95529,W10/3-500,0,0,0,611.54,,
95530,W8/3-50,3,2,1,121.73,,
95531,W8/3-100,3,2,1,237.69,,
95532,W8/3-250,0,0,0,576.92,,
95533,W8/3-500,0,0,0,1113.46,,
95534,W6/3-50,4,2,2,227.88,,
95535,W6/3-100,1,0,1,448.85,,
95536,W6/3-250,2,2,0,1087.5,,
95583,30302CASE,1,1,0,31.54,,
95584,30302,41,31,10,2.76,,
95588,BAT512110610,0,0,0,609.76,,752.25
95589,BAT524110610,0,0,0,1121.69,,1383.8
95590,BAT524120610,0,0,0,1774.17,,2188.75
95609,EOS-II-MPLS-BK,0,0,0,58.43,99.99,
95614,HE-BD32,0,0,0,278.79,493.99,
95615,HE-BD42,0,0,0,353.73,630.99,
95617,10-044,3,0,3,11.4,,
95622,T10-322,0,0,0,46.65,,
95623,66810025,0,0,0,1561.39,,
95624,68000535,2,1,1,1617.96,,
95625,68000358,0,0,0,383.04,,
95626,SDTG2401001,6,3,3,1178.88,,1454.35
95628,10-912,3,0,3,15.43,,
95629,10-911,1,0,1,12.74,,
95630,106999,0,0,0,204.68,,
95631,106099,0,0,0,195.16,,
95658,CT3926-9003,0,0,0,1884.81,,
95659,800137CS,0,0,0,3.99,6.97,
95661,SM-ACC3-RCGA-PUCK,3,1,2,80.26,,98.79
95663,740210-1,0,0,0,1266.71,,1499.99
95664,411840-1,0,0,0,83.33,,
95665,740211-1,0,0,0,172.86,,
95674,65001063,0,0,0,2.2,,
95675,66000102,0,0,0,113.31,,
95676,66000103,1,0,1,42.31,,
95677,66000104,0,0,0,25.43,,
95678,66000107,0,0,0,141.35,,
95679,66000108,2,1,1,20.41,,
95680,66000605,2,0,2,40.64,,
95681,66000612,1,0,1,146.06,,
95682,66000613,1,1,0,108.47,,
95683,66000614,2,1,1,42.31,,
95684,66000615,0,0,0,12.61,,
95687,T10-534,0,0,0,78.75,,139.99
95692,A10-223,0,0,0,29.09,,
95693,A10-220,0,0,0,29.09,,
95694,A10-219,0,0,0,29.09,,
95695,A10-225,1,1,0,54.88,,
95696,10-187,16,8,8,24.15,,
95697,10-183,11,9,2,16.1,,
95698,10-182,1,1,0,13.41,,
95699,A10-272,2,2,0,12.62,,
95700,T10-785,0,0,0,76.83,,
95701,A10-230,0,0,0,27.44,,
95702,A10-231,0,0,0,27.44,,
95703,A10-232,0,0,0,27.44,,
95704,A10-890JB,0,0,0,38.41,,
95705,A10-890PB,0,0,0,38.41,,
95716,T10-346,0,0,0,31.7,,
95717,T10-347,0,0,0,39.62,,
95720,621-120-DV,2,0,2,625.99,766.0,
95722,5530-36BP7,8,1,7,42.61,,
95723,5530-42BP7,5,3,2,48.07,,
95724,594-MW,0,0,0,208.46,,
95725,SC-USB-F2,36,20,16,29.81,,
95731,88531,0,0,0,1216.46,1899.99,
95761,CO10-272,0,0,0,33.54,,
95762,010-13089-10,0,0,0,64.99,,
95763,010-13089-00,1,1,0,58.49,,
95764,010-13089-30,0,0,0,19.49,,
95791,01-0432-11,1,0,1,12799.99,,
95792,01-0436-11,0,0,0,20156.4,,
95793,01-0441-11,0,0,0,28796.4,,
95794,R70430,1,1,0,93.74,,
95795,03-REV-HK,0,0,0,25.61,,
95796,03-REV-SB,0,0,0,40.24,,
95797,03-REV-FB,0,0,0,40.24,,
95798,03-REV-UF,0,0,0,29.27,,
95799,03-REV-SBP,0,0,0,109.02,,
95800,03-REV-FBP,0,0,0,109.02,,
95801,39970812,0,0,0,1164.75,,
95802,S522-NY,1,1,0,70.46,113.99,
95803,S722-NY,2,2,0,83.27,133.99,
95812,TM260-9N,0,0,0,1088.65,1499.0,
95813,6CM-D5OS,2,0,2,213.5,259.25,
95814,10CM-D5OS,5,2,3,311.5,378.25,
95815,20CCM-D5OS,19,10,9,493.5,599.25,
95816,30CCM-D5OS,7,2,5,682.5,828.75,
95817,40CCM-D5OS,5,0,5,875.0,1062.5,
95818,50CCM-D5OS,7,3,4,1148.0,1394.0,
95820,20CC-D5OS,0,0,0,476.0,578.0,
95821,30CC-D5OS,2,2,0,658.0,799.0,
95822,40CC-D5OS,0,0,0,822.5,998.75,
95823,50CC-D5OS,2,0,2,1036.0,1258.0,
95824,4F-D5OS,0,0,0,161.0,195.5,
95825,4S-D5OS,0,0,0,161.0,195.5,
95826,6C-D5OS,0,0,0,192.5,233.75,
95827,20C-D5OS,0,0,0,476.0,578.0,
95828,10C-D5OS,2,2,0,290.5,352.75,
95829,30C-D5OS,0,0,0,658.0,799.0,
95830,40C-D5OS,0,0,0,822.5,998.75,
95831,50C-D5OS,0,0,0,1036.0,1258.0,
95832,20SL-D5OS,3,2,1,476.0,578.0,
95833,10CM-S5OS,2,0,2,234.5,284.75,
95834,20CM-S5OS,0,0,0,385.0,467.5,
95837,SS125-REC-KIT,0,0,0,51.41,,
95838,30CM-S5OS,1,1,0,532.0,646.0,
95839,40CM-S5OS,2,1,1,686.0,833.0,
95840,50CM-S5OS,3,1,2,875.0,1062.5,
95841,6C-S5OS,0,0,0,143.5,174.25,
95842,MAL-RGB,5,2,3,43.4,52.7,
95843,RL-W,3,3,0,35.0,42.5,
95844,RL-R,4,0,4,35.0,42.5,
95845,RL-A,9,6,3,35.0,42.5,
95846,RL-G,0,0,0,35.0,42.5,
95847,RL-B,2,0,2,35.0,42.5,
95848,RL-RGB,7,4,3,43.4,52.7,
95849,RGB-C,1,0,1,43.4,52.7,
95850,DIM,1,1,0,43.4,52.7,
95851,2IR-POD850,16,7,9,101.25,114.75,
95852,10IR-850,6,0,6,364.0,442.0,
95853,20IR-850,0,0,0,511.0,620.5,
95854,2IR-POD940,7,3,4,101.25,114.75,
95855,10IR-940,0,0,0,364.0,442.0,
95856,20IR-940,2,0,2,511.0,620.5,
95857,2MIR-POD850,0,0,0,108.75,123.25,
95858,10MIR-850,2,0,2,381.5,463.25,
95859,20MIR-850,2,0,2,532.0,646.0,
95860,2R-POD3OS,0,0,0,97.5,110.5,
95861,2G-POD3OS,0,0,0,97.5,110.5,
95862,10R-D3OS,0,0,0,311.5,378.25,
95863,10G-D3OS,0,0,0,311.5,378.25,
95864,20CR-D3OS,4,0,4,490.0,595.0,
95866,30CR-D3OS,3,0,3,675.5,820.25,
95867,30CG-D3OS,0,0,0,675.5,820.25,
95868,10C-S5OS,0,0,0,213.5,259.25,
95869,20C-S5OS,0,0,0,357.0,433.5,
95870,30C-S5OS,2,0,2,472.5,573.75,
95871,40C-S5OS,1,1,0,658.0,799.0,
95872,50C-S5OS,1,1,0,738.5,896.75,
95873,2FM-POD10CR,7,3,4,101.25,114.75,
95874,2DM-POD10CR,1,1,0,101.25,114.75,
95875,2SM-POD10CR,5,3,2,101.25,114.74,
95876,2F-POD10CR,0,0,0,96.75,109.65,
95877,2D-POD10CR,0,0,0,96.75,109.65,
95878,2S-POD10CR,2,0,2,96.75,109.65,
95879,2F-FPOD10CR,4,0,4,112.5,127.5,
95880,2D-FPOD10CR,0,0,0,112.5,127.5,
95881,2DM-FPOD10CR,0,0,0,116.25,131.75,
95882,2SL-POD10CR,1,1,0,96.75,109.65,
95883,4MS-S,11,4,7,112.0,136.0,
95884,4MS-F,5,2,3,112.0,136.0,
95885,2-MS-S,0,0,0,73.5,89.25,
95886,2SR-SL-10CR,2,0,2,70.0,85.0,
95887,2FSLB-S,10,4,6,78.4,95.2,
95888,2FSL-SRPOD10CR,3,1,2,81.9,99.45,
95889,4FMSL-S,6,3,3,122.5,148.75,
95890,4BFMSL-S,0,0,0,119.0,144.5,
95891,MAL-W,11,4,7,35.0,42.5,
95892,MAL-B,10,3,7,35.0,42.5,
95893,MAL-R,5,3,2,35.0,42.5,
95894,MAL-G,4,0,4,35.0,42.5,
95895,FASP3422X02CA00,0,0,0,60.99,,
95896,010-13248-00,0,0,0,89.99,,
95897,010-13248-01,0,0,0,22.49,,
95898,010-13248-02,1,1,0,22.49,,
95903,E-4209-10,2,2,0,93.75,,
95904,E-4209-14,0,0,0,101.25,,
95905,E-4209-24,0,0,0,125.0,,
95906,E-4209-28,0,0,0,137.5,,
95907,E-4209-36,0,0,0,176.25,,
95908,E-4209-42,0,0,0,193.75,,
95909,E-4209-50,0,0,0,212.5,,
95910,90107,6,4,2,16.25,,
95913,WH2,2,0,2,28.0,34.0,
95914,WH4,2,1,1,31.5,38.35,
95916,2000038028,9,6,3,42.06,,
95917,3000004258,0,0,0,90.88,,
95918,2000034936,5,1,4,10.59,,
95924,SS100-CIR-KIT,0,0,0,51.41,,
95932,2A-POD30S,3,2,1,81.75,92.65,
95933,010-C1285-00,1,0,1,299.99,,
95934,010-C1286-00,2,0,2,299.99,,
95936,MSD57602-251-M-101,0,0,0,1248.75,,
95937,MSD57602-251-L-101,0,0,0,1248.75,,
95938,MSD57602-251-XL-101,2,2,0,1248.75,,
95939,MSD57602-251-XXL-101,2,2,0,1248.75,,
95943,MSD62403-251-XSS-101,0,0,0,1573.75,,
95944,MSD62403-251-XSR-101,0,0,0,1573.75,,
95945,MSD62403-251-XSL-101,0,0,0,1573.75,,
95946,MSD62403-251-SS-101,0,0,0,1573.75,,
95947,MSD62403-251-SR-101,0,0,0,1573.75,,
95948,MSD62403-251-SL-101,0,0,0,1573.75,,
95949,MSD62403-251-MS-101,0,0,0,1573.75,,
95950,MSD62403-251-MR-101,0,0,0,1573.75,,
95951,MSD62403-251-ML-101,0,0,0,1573.75,,
95952,MSD62403-251-L1S-101,0,0,0,1573.75,,
95953,MSD62403-251-L1R-101,0,0,0,1573.75,,
95954,MSD62403-251-L1L-101,0,0,0,1573.75,,
95955,MSD62403-251-L2S-101,0,0,0,1573.75,,
95956,MSD62403-251-L2R-101,0,0,0,1573.75,,
95957,MSD62403-251-L2L-101,0,0,0,1573.75,,
95958,MSD62403-251-XLS-101,0,0,0,1573.75,,
95959,MSD62403-251-XLR-101,0,0,0,1573.75,,
95960,MSD62403-251-XLL-101,0,0,0,1573.75,,
95961,MSD62403-251-XXLS-101,0,0,0,1573.75,,
95962,MSD62403-251-XXLR-101,0,0,0,1573.75,,
95963,MSD62403-251-XXLL-101,0,0,0,1573.75,,
95964,MSD62403-251-3XLS-101,0,0,0,1573.75,,
95965,MSD62403-251-3XLR-101,0,0,0,1573.75,,
95966,MSD62403-251-3XLL-101,0,0,0,1573.75,,
95972,33-957-400,0,0,0,23.72,,
95973,XT-DF4-250-DV-KIT ,2,0,2,1179.78,1444.0,
95976,5620-6,0,0,0,14.04,,
95979,G-1-PINKWO,0,0,0,11.93,,
95980,G-2-PINKWO,0,0,0,13.95,,
95981,G-3-PINKWO,6,0,6,16.8,,
95982,G-4-PINKWO,0,0,0,25.47,,
95983,G-5-PINKWO,7,0,7,39.99,,
95984,G-6-PINKWO,0,0,0,64.84,,
95986,NVC-W-S,3,1,2,3525.0,3995.0,
95987,NVC-W-T,3,0,3,3577.5,4054.5,
96000,SPC40RT,0,0,0,75.0,,
96003,010-C1213-20,0,0,0,149.99,,
96004,010-C1214-20,0,0,0,149.99,,
96005,010-C1215-20,0,0,0,123.37,,
96006,010-C1216-20,0,0,0,112.49,,
96007,010-C1217-20,0,0,0,112.49,,
96008,010-C1218-20,0,0,0,112.49,,
96009,010-C1219-20,0,0,0,112.49,,
96010,010-C1220-20,0,0,0,112.49,,
96011,010-C1221-20,0,0,0,112.49,,
96012,010-C1222-20,0,0,0,112.49,,
96013,010-C1223-20,0,0,0,112.49,,
96014,010-C1224-20,0,0,0,119.99,,
96015,010-C1225-20,0,0,0,119.99,,
96016,010-C1226-20,0,0,0,119.99,,
96017,010-C1227-20,0,0,0,119.99,,
96018,S522-BK,2,2,0,70.46,113.99,
96019,FRED21-BK,0,0,0,22.38,30.99,
96021,010-C1228-20,0,0,0,187.49,,
96022,010-C1229-20,0,0,0,119.99,,
96023,010-C1230-20,0,0,0,119.99,,
96024,010-C1231-20,0,0,0,119.99,,
96025,010-C1232-20,0,0,0,119.99,,
96026,XKA9X9,4,2,2,521.87,646.0,
96027,010-C1233-20,0,0,0,119.99,,
96028,XKA9X12,3,2,1,535.6,663.0,
96029,010-C1234-20,0,0,0,119.99,,
96030,010-C1235-20,0,0,0,119.99,,
96031,XKA9X18,3,1,2,670.19,829.6,
96032,XKA9X24,3,1,2,845.97,1047.2,
96033,010-C1236-20,0,0,0,119.99,,
96034,010-C1237-20,0,0,0,119.99,,
96035,010-C1238-20,0,0,0,119.99,,
96036,XKA12X9,3,2,1,538.35,666.4,
96037,XKA12X12,2,1,1,563.07,697.0,
96038,010-C1239-20,0,0,0,119.99,,
96039,XKA12X18,5,1,4,683.24,845.75,
96040,XKA12X24,2,0,2,1223.64,1514.7,
96041,XKA9X9A,0,0,0,482.04,596.7,
96042,XKA9X12A,2,1,1,505.39,625.6,
96044,010-C1240-20,0,0,0,119.99,,
96045,XKA9X18A,2,1,1,556.2,688.5,
96047,010-C1241-20,0,0,0,119.99,,
96049,XKA9X24A,3,1,2,607.01,751.4,
96050,010-C1242-20,0,0,0,119.99,,
96051,XKA12X9A,2,2,0,491.65,608.6,
96052,XKA12X12A,0,0,0,513.63,635.8,
96054,XKA12X18A,2,1,1,582.29,720.8,
96056,XKA12X24A,2,2,0,642.72,795.6,
96057,010-C1243-20,0,0,0,119.99,,
96058,010-C1244-20,0,0,0,119.99,,
96059,010-C1245-20,0,0,0,119.99,,
96060,010-C1246-20,0,0,0,119.99,,
96061,010-C1247-20,0,0,0,119.99,,
96062,010-C1248-20,0,0,0,119.99,,
96063,010-C1249-20,0,0,0,119.99,,
96064,010-C1250-20,0,0,0,119.99,,
96065,010-C1251-20,0,0,0,119.99,,
96066,010-C1252-20,0,0,0,119.99,,
96067,010-C1253-20,0,0,0,119.99,,
96068,010-C1254-20,0,0,0,119.99,,
96069,010-C1255-20,0,0,0,119.99,,
96070,010-C1256-20,0,0,0,119.99,,
96071,010-C1258-20,0,0,0,119.99,,
96072,010-C1259-20,0,0,0,119.99,,
96073,010-C1260-20,0,0,0,119.99,,
96074,010-C1261-20,0,0,0,119.99,,
96075,010-C1262-20,0,0,0,119.99,,
96076,010-C1264-20,0,0,0,119.99,,
96077,010-C1266-20,0,0,0,119.99,,
96078,010-C1267-20,0,0,0,119.99,,
96079,010-C1268-20,0,0,0,119.99,,
96080,010-C1269-20,0,0,0,119.99,,
96081,010-C1270-20,0,0,0,187.49,,
96082,010-C1271-20,0,0,0,187.49,,
96083,010-C1272-20,0,0,0,187.49,,
96084,010-C1273-20,0,0,0,187.49,,
96085,010-C1274-20,0,0,0,187.49,,
96086,010-C1275-20,0,0,0,187.49,,
96087,010-C1276-20,0,0,0,187.49,,
96089,010-C1279-20,0,0,0,179.98,,
96090,010-C1280-20,0,0,0,97.49,,
96091,010-C1281-20,0,0,0,97.49,,
96092,010-C1282-20,0,0,0,97.49,,
96093,010-C1283-20,0,0,0,97.49,,
96094,010-C1284-20,0,0,0,97.49,,
96095,010-C1285-20,1,0,1,149.99,,
96096,010-C1286-20,1,0,1,149.99,,
96100,0058102,1,0,1,86.42,,
96101,0058103,4,4,0,116.15,,
96103,0058105,11,7,4,184.71,,
96104,0058107,4,4,0,256.09,,
96105,0058110,4,2,2,379.69,,
96108,66000618,0,0,0,21.14,,
96109,66000619,0,0,0,7.49,,
96110,66000634,0,0,0,44.1,,
96111,66000649,1,1,0,7.49,,
96112,66000758,1,0,1,22.27,,
96113,66000759,2,0,2,27.76,,
96114,66000763,1,0,1,151.75,,
96115,66000764,2,0,2,39.11,,
96116,66000769,1,0,1,97.92,,
96117,66200146,2,0,2,127.38,,
96118,66000096,0,0,0,20.97,,
96119,66000097,2,0,2,31.61,,
96120,66000098,0,0,0,48.95,,
96121,66000600,0,0,0,20.97,,
96122,66000607,5,3,2,13.8,,
96123,66000609,2,1,1,67.36,,
96124,66000617,1,0,1,20.41,,
96125,66000628,1,1,0,16.09,,
96126,66000631,0,0,0,27.76,,
96127,66000635,0,0,0,219.15,,
96137,66000636,0,0,0,99.87,,
96138,66000760,0,0,0,113.31,,
96141,66000761,1,0,1,241.51,,
96142,68001024,1,0,1,89.73,,
96144,65001211,0,0,0,16.09,,
96145,66810065,2,0,2,719.25,,
96146,68000951,1,0,1,506.89,,
96147,66000720,1,0,1,62.74,,
96148,68000360,2,1,1,245.36,,
96149,68000361,0,0,0,306.7,,
96150,68000362,0,0,0,306.7,,
96151,19700501,0,0,0,48.51,,
96152,19701100,0,0,0,41.86,,
96153,19701500,0,0,0,46.81,,
96154,19701600,0,0,0,10.99,,
96155,45000108P,0,0,0,25.8,,
96156,45000308P,0,0,0,28.66,,
96157,45000408P,2,0,2,30.87,,
96158,45000508P,1,0,1,33.09,,
96159,45500108P,1,0,1,18.67,,
96160,45500308P,0,0,0,18.67,,
96161,45500408P,0,0,0,19.76,,
96162,45500508P,0,0,0,20.89,,
96163,45500608P,1,1,0,21.89,,
96164,48000014,0,0,0,40.99,,
96165,48000017,0,0,0,32.99,,
96166,48000018,4,2,2,71.36,,
96167,48000019,0,0,0,32.99,,
96169,ALC-1,4,2,2,873.53,1124.55,
96170,MLC-1,1,0,1,283.91,365.5,
96171,SAF-SC,3,2,1,82.54,106.25,
96173,HELM FITTING,7,2,5,12.92,,
96174,BOSS FITTING,4,4,0,26.79,,
96186,A10-210JB,0,0,0,25.79,,
96188,RMX4800-14,0,0,0,436.35,,
96189,CONNECTOR FITT.,7,2,5,14.8,,
96190,BLEED TEE,1,0,1,24.48,,
96191,UNION T,5,2,3,14.03,,
96192,DSM410-DUST-COVER,4,2,2,8.56,,
96193,010-C1213-00,0,0,0,299.99,,
96194,010-C1214-00,0,0,0,299.99,,
96195,010-C1215-00,0,0,0,149.99,,
96196,010-C1216-00,0,0,0,149.99,,
96197,010-C1217-00,0,0,0,149.99,,
96198,010-C1218-00,0,0,0,149.99,,
96199,010-C1219-00,0,0,0,149.99,,
96200,010-C1220-00,0,0,0,149.99,,
96201,010-C1221-00,0,0,0,149.99,,
96202,010-C1222-00,0,0,0,149.99,,
96203,010-C1223-00,0,0,0,149.99,,
96204,010-C1224-00,0,0,0,187.49,,
96205,010-C1225-00,0,0,0,187.49,,
96206,010-C1226-00,0,0,0,187.49,,
96207,010-C1227-00,0,0,0,187.49,,
96208,010-C1228-00,0,0,0,262.49,,
96209,010-C1229-00,0,0,0,187.49,,
96210,010-C1230-00,0,0,0,187.49,,
96211,010-C1231-00,0,0,0,187.49,,
96212,010-C1232-00,0,0,0,187.49,,
96213,010-C1233-00,0,0,0,187.49,,
96214,010-C1234-00,0,0,0,187.49,,
96215,010-C1235-00,0,0,0,187.49,,
96216,010-C1236-00,0,0,0,187.49,,
96217,010-C1238-00,0,0,0,187.49,,
96218,010-C1239-00,0,0,0,187.49,,
96219,010-C1240-00,0,0,0,187.49,,
96220,010-C1241-00,0,0,0,187.49,,
96221,010-C1242-00,0,0,0,187.49,,
96222,ZDIGGPS160F,6,4,2,209.96,,
96229,PM111C-LHW,0,0,0,3066.53,,
96232,QUA481030010,0,0,0,2113.16,,2606.95
96252,SS60-SLTD/20,0,0,0,355.56,,
96253,A-BK,2,1,1,174.41,215.9,
96254,A-BK-13,1,1,0,184.03,227.8,
96255,S-BK-16,1,1,0,199.13,246.5,
96256,A-BK-20,1,1,0,195.71,242.25,
96257,A-BK-43,0,0,0,209.44,259.25,
96258,A-BK-26,0,0,0,194.33,,
96259,BL,13,11,2,12.36,15.3,
96260,BU,3,0,3,12.36,15.3,
96261,BU-5,4,2,2,13.73,17.0,
96262,XKAF9X9,3,2,1,607.71,752.25,
96263,XKAF9X12,3,2,1,621.44,769.25,
96264,XKAF9X18,2,1,1,756.03,935.85,
96265,XKAF9X24,0,0,0,933.19,1155.15,
96266,XKAF12X9,3,2,1,624.19,772.65,
96267,XKAF12X12,2,1,1,648.91,803.25,
96268,XKAF12X18,2,1,1,769.76,952.85,
96269,XKAF12X24,1,0,1,1309.48,1620.95,
96270,XKASL9X9,0,0,0,810.27,1003.0,
96271,XKASL9X12,0,0,0,824.0,1020.0,
96272,XKASL9X18,0,0,0,958.59,1186.6,
96273,XKASL9X24,0,0,0,1134.37,1404.2,
96274,XKASL12X9,0,0,0,826.75,1023.4,
96275,XKASL12X12,0,0,0,851.47,1054.0,
96276,XKASL12X18,0,0,0,972.32,1203.6,
96277,XKASL12X24,0,0,0,1512.04,1871.7,
96278,XKASML9X9,1,0,1,817.13,1011.5,
96279,XKASML9X12,1,0,1,830.87,1028.5,
96280,XKASML9X18,0,0,0,965.45,1195.1,
96281,XKASML9X24,1,0,1,1141.24,1412.7,
96282,XKASML12X9,1,0,1,833.61,1031.9,
96283,XKASML12X12,1,0,1,858.33,1062.5,
96284,XKASML12X18,1,0,1,979.19,1212.1,
96285,XKASML12X24,1,0,1,1518.91,1880.2,
96286,XKASAL9X9,4,2,2,1430.33,1770.55,
96287,XKASAL9X12,3,2,1,1444.07,1787.55,
96288,XKASAL9X18,3,1,2,1578.65,1954.15,
96289,XKASAL9X24,3,1,2,1754.44,2171.75,
96290,XKASAL12X9,3,2,1,1446.81,1790.95,
96291,XKASAL12X12,2,1,1,1471.53,1821.55,
96292,XKASAL12X18,3,1,2,1592.39,1971.15,
96293,XKASAL12X24,2,0,2,2132.11,2639.25,
96294,XKAF9X9A,0,0,0,567.88,702.95,
96295,XKAF9X12A,2,1,1,591.23,731.85,
96296,XKAF9X18A,2,1,1,642.04,794.75,
96298,XKAF9X24A,2,1,1,692.85,857.65,
96299,XKAF12X9A,2,2,0,577.49,714.85,
96300,XKAF12X12A,0,0,0,599.47,742.05,
96301,XKAF12X18A,2,1,1,668.13,827.05,
96302,XKAF12X24A,2,2,0,728.56,901.85,
96304,XKASL9X9A,0,0,0,770.44,953.7,
96305,XKASL9X12A,0,0,0,793.79,982.6,
96306,XKASL9X18A,0,0,0,844.6,1045.5,
96307,XKASL9X24A,0,0,0,895.41,1108.4,
96308,XKASL12X9A,0,0,0,780.05,965.6,
96309,XKASL12X12A,0,0,0,802.03,992.8,
96310,XKASL12X18A,0,0,0,870.69,1077.8,
96311,XKASL12X24A,0,0,0,931.12,1152.6,
96316,225T-SS904,1,0,1,711.11,,
96318,M4016,0,0,0,10.67,,
96319,G18516,0,0,0,7.6,,
96323,G220216,0,0,0,9.26,,
96324,G220316,7,5,2,8.49,,
96326,1673-PW,0,0,0,125.93,,
96330,R70739,0,0,0,59.65,,
96331,XKASML9X9A,0,0,0,777.31,962.2,
96332,XKASML9X12A,1,0,1,800.65,991.1,
96333,XKASML9X18A,1,0,1,851.47,1054.0,
96334,XKASML9X24A,1,0,1,902.28,1116.9,
96335,XKASML12X9A,0,0,0,786.92,974.1,
96336,XKASML12X12A,0,0,0,808.89,1001.3,
96337,XKASML12X18A,1,0,1,877.56,1086.3,
96338,XKASML12X24A,0,0,0,937.99,1161.1,
96339,XKASAL9X9A,0,0,0,1390.51,1721.25,
96340,XKASAL9X12A,2,1,1,1413.85,1750.15,
96341,XKASAL9X18A,2,1,1,1464.67,1813.05,
96342,XKASAL9X24A,3,1,2,1515.48,1875.95,
96343,XKASAL12X9A,2,2,0,1400.12,1733.15,
96344,XKASAL12X12A,0,0,0,1422.09,1760.35,
96345,XKASAL12X18A,2,1,1,1490.76,1845.35,
96346,XKASAL12X24A,2,2,0,1551.19,1920.15,
96354,BK4514,13,6,7,121.33,140.95,
96357,200-012G2-H1C,0,0,0,647.55,,809.43
96358,200-012G2-H1C-B,0,0,0,647.55,,809.43
96359,200-014G2-H1C,0,0,0,647.55,,809.43
96360,200-014G2-H1C-B,0,0,0,647.55,,809.43
96366,RH5999-9002,14,12,2,18.91,,
96367,81545,4,2,2,6.17,8.34,
96369,81546,4,2,2,7.95,10.73,
96370,81547,4,2,2,11.47,15.48,
96371,81549,5,2,3,5.0,6.74,
96372,A80731,10,1,9,322.57,,
96373,010-C1243-00,0,0,0,187.49,,
96374,010-C1244-00,0,0,0,187.49,,
96375,010-C1245-00,0,0,0,187.49,,
96376,010-C1246-00,0,0,0,187.49,,
96377,010-C1247-00,0,0,0,187.49,,
96378,010-C1248-00,0,0,0,187.49,,
96379,010-C1249-00,0,0,0,187.49,,
96380,010-C1250-00,0,0,0,187.49,,
96381,010-C1251-00,0,0,0,187.49,,
96382,010-C1252-00,0,0,0,187.49,,
96383,010-C1253-00,0,0,0,187.49,,
96384,010-C1254-00,0,0,0,187.49,,
96385,010-C1255-00,0,0,0,187.49,,
96386,010-C1256-00,0,0,0,187.49,,
96387,010-C1258-00,0,0,0,187.49,,
96388,010-C1259-00,0,0,0,187.49,,
96389,010-C1260-00,0,0,0,187.49,,
96390,010-C1261-00,0,0,0,187.49,,
96391,010-C1262-00,0,0,0,187.49,,
96392,010-C1264-00,0,0,0,187.49,,
96393,010-C1266-00,0,0,0,187.49,,
96394,010-C1267-00,0,0,0,187.49,,
96395,010-C1268-00,0,0,0,187.49,,
96396,010-C1269-00,0,0,0,187.49,,
96401,MA5700-0-0-101,0,0,0,10.31,,
96402,1664-PW,0,0,0,225.11,,
96403,1685-PW,1,0,1,220.23,,
96406,010-12953-03,0,0,0,31.99,,
96407,58541-1000,5,4,1,50.76,,
96408,68000604,2,0,2,94.13,,
96411,10205GA,37,13,24,7.12,,
96412,10000G,11,0,11,8.12,,
96413,15253A,5,5,0,6.19,,
96414,15252A,18,12,6,5.81,,
96415,27657,0,0,0,15.91,,
96416,10727A,25,7,18,8.46,,
96417,29502,5,5,0,17.85,,
96418,GC001,0,0,0,427.27,,
96420,FOURTECHBLK06,4,2,2,203.51,,
96421,FOURTECHBLK07,4,2,2,170.12,,
96422,FOURTECHBLK08,4,2,2,188.43,,
96423,FOURTECHBLK09,3,1,2,171.31,,
96424,88825-2,0,0,0,2472.81,3870.99,
96425,88825-3,0,0,0,2472.81,3870.99,
96426,88679-02,0,0,0,3478.91,4301.99,
96427,88679-03,0,0,0,3478.91,4301.99,
96430,88823-2,0,0,0,989.11,1451.99,
96431,88823-3,0,0,0,989.11,1451.99,
96432,FOURTECHBLK10,4,2,2,155.73,,
96436,FOURTECHBLK11,4,2,2,155.73,,
96438,FOURTECHBLK12,3,1,2,155.73,,
96439,FOURTECHBLK13,0,0,0,155.73,,
96440,FOURTECHBLK14,4,2,2,155.73,,
96441,2000037885,0,0,0,27.94,,
96442,FOURTECHBLK15,5,3,2,155.73,,
96443,FOURTECHBLK16,5,2,3,155.73,,
96444,FOURTECHBLK17,7,3,4,155.73,,
96445,FOURTECHBLK18,3,2,1,155.73,,
96446,FOURTECHBLK20,13,5,8,99.87,,
96449,WUL8BK-FT,534,534,0,0.74,,
96450,WUL10RD-FT,205,205,0,0.45,,
96451,WUL10BK-FT,155,155,0,0.45,,
96452,WUL8RD-FT,18,18,0,0.74,,
96474,SCC115085411,3,3,0,367.24,,453.05
96476,W12/2RYW-FT,74,74,0,0.71,,
96477,W16/2DC-FT,808,808,0,0.34,,
96478,1215-FT,43,43,0,0.55,,
96479,980577011,0,0,0,79.75,,
96482,HD800,0,0,0,34.6,,
96484,M90BX08,5,3,2,110.96,,
96485,M90BX09,4,2,2,110.96,,
96486,M90BX10,2,0,2,110.96,,
96487,M90BX11,2,0,2,110.96,,
96488,M90BX12,2,0,2,110.96,,
96489,M90BX13,2,0,2,110.96,,
96490,M90BX14,2,2,0,110.96,,
96491,M90BX15,2,0,2,110.96,,
96492,M90BX16,2,1,1,110.96,,
96493,M90BX17,2,0,2,110.96,,
96494,M90BX18,0,0,0,110.96,,
96495,UC128TS-1P,0,0,0,558.54,,
96496,UC95OBF-1,1,1,0,404.13,,
96503,CYR010120011R,2,2,0,39.96,,49.3
96504,ARG100301020R,10,8,2,93.01,,114.75
96506,1854080,0,0,0,377.2,,
96507,1854081,0,0,0,377.2,,
96524,53242,7,3,4,239.99,,299.99
96525,53243,7,3,4,263.99,,329.99
96526,53244,4,2,2,279.99,,349.99
96527,53363,7,4,3,319.99,,399.99
96528,53364,9,4,5,343.99,,429.99
96529,53505,6,2,4,439.99,,549.99
96530,53600,6,3,3,29.74,,34.99
96538,69600943,20,20,0,930.74,,
96539,69600944,14,5,9,930.74,,
96541,PMP242305130,28,10,18,919.13,,1133.9
96573,959037521,0,0,0,127.85,,
96588,PMP122305120,33,18,15,808.2,,997.05
96589,PMP122305102,11,1,10,881.92,,1088.0
96591,SHU065150050,42,2,40,81.3,,100.3
96592,SHU065210050,13,6,7,134.35,,165.75
96593,SHU065220050,4,2,2,183.27,,226.1
96594,69330,0,0,0,8.94,,
96595,69320,0,0,0,21.06,,
96596,69321,13,13,0,14.99,,
96598,69380,2,2,0,133.2,,
96599,69381,5,1,4,107.13,,
96614,PLABP360,0,0,0,48.2,,
96616,PLABW570,0,0,0,30.93,,
96617,PLABS705,0,0,0,15.0,,
96618,PLASE301,1,1,0,22.5,,
96619,PLASE401,4,4,0,38.57,,
96620,PLASE602,1,1,0,21.21,,
96621,PLASE603,2,0,2,22.5,,
96622,PLASE701,1,1,0,32.14,,
96623,PLASE702,4,3,1,35.36,,
96628,FRBAP15,0,0,0,12.05,,
96629,FRBAP20,3,3,0,22.21,,
96630,FRBAP22,3,3,0,31.72,,
96631,FRBAP30,2,2,0,38.06,,
96632,FRBAP40,3,3,0,44.41,,
96636,131200-100-004-23,12,6,6,100.69,,
96638,135100-701-999-23,0,0,0,13.67,,
96639,123200-400-020-23,0,0,0,55.0,,
96640,123200-400-040-23,7,6,1,55.0,,
96641,123200-400-060-23,8,6,2,55.0,,
96642,123000-500-020-23,0,0,0,48.75,,
96643,123000-500-040-23,11,5,6,48.75,,
96644,123000-500-060-23,11,5,6,48.75,,
96645,123000-600-020-23,4,2,2,48.75,,
96646,123000-600-040-23,7,2,5,48.75,,
96647,123000-600-060-23,4,4,0,42.99,,
96648,132100-700-004-23,0,0,0,142.16,,
96649,0895,1,0,1,110.48,,
96652,2000010648,0,0,0,20.0,,
96659,PM411C-LWM,0,0,0,4676.47,,
96660,K00-00494-01,4,0,4,1.0,,
96666,600-GDL,0,0,0,238.86,,
96669,601001-1,16,16,0,97.4,,
96670,601002-1,8,8,0,97.4,,
96671,601003-1,6,6,0,97.4,,
96672,601019-1,0,0,0,97.4,,
96673,601004-1,18,0,18,97.4,,
96674,601005-1,4,4,0,97.4,,
96675,601006-1,31,31,0,97.4,,
96676,601007-1,19,19,0,97.4,,
96677,601020-1,59,58,1,97.4,,
96678,601021-1,3,3,0,82.91,,
96679,601008-1,4,0,4,97.4,,
96680,601009-1,4,1,3,97.4,,
96681,601010-1,13,12,1,97.4,,
96682,602001-1,58,58,0,129.87,,199.99
96683,602002-1,25,25,0,129.87,,199.99
96684,602003-1,0,0,0,129.87,,199.99
96685,602004-1,18,0,18,129.87,,199.99
96686,602005-1,0,0,0,129.87,,199.99
96687,602006-1,79,79,0,129.87,,199.99
96688,602007-1,20,20,0,129.87,,199.99
96689,602008-1,22,0,22,129.87,,199.99
96690,602009-1,21,5,16,129.87,,199.99
96691,602010-1,148,148,0,129.87,,199.99
96692,602020-1,35,35,0,162.34,,249.99
96693,602019-1,2,2,0,129.87,,199.99
96694,602021-1,5,5,0,129.87,,199.99
96695,1865115,22,0,22,36.32,,
96696,1865120,51,22,29,108.96,,
96701,B00086001,0,0,0,74.81,85.84,
96702,B00084701,0,0,0,180.0,203.99,
96703,B00084801,1,0,1,174.99,293.24,
96704,B00111301,2,2,0,97.01,111.34,
96705,2000035685,13,3,10,40.33,44.99,
96706,B00110901,4,2,2,61.99,90.94,
96707,B00109001,5,3,2,43.25,54.39,
96714,SCC125060221,10,5,5,336.23,,414.8
96715,BPC900110114,12,5,7,17.22,,21.25
96741,0528006CHR,7,0,7,70.95,,
96743,XRMAGST17ANC,0,0,0,20.04,,
96744,XRMAGST17HDBSRD,2,2,0,20.04,,
96745,XRMAGST17HDBTO,0,0,0,20.04,,
96746,XRMAGST17HDGH,3,3,0,20.04,,
96747,XRMAGST17HDHPU,3,3,0,20.04,,
96748,XRMAGST17HDRHU,3,3,0,20.04,,
96749,XRMAGST17HDSBM,1,1,0,20.04,,
96750,XRMAGST17HDSFU,0,0,0,20.04,,
96751,XRMAGST17HDWHU,0,0,0,20.04,,
96752,XRMAGST17MU,2,2,0,20.04,,
96753,XRMAGST17PHV,1,1,0,20.04,,
96754,XRMAGST17PLD,0,0,0,20.04,,
96755,XRMAGXP130AYU,0,0,0,16.41,,
96756,XRMAGXP130BSRD,2,2,0,16.41,,
96757,XRMAGXP130D,0,0,0,16.41,,
96758,XRMAGXP130FFU,0,0,0,16.41,,
96759,XRMAGXP130HWHU,0,0,0,16.41,,
96760,XRMAGXP130MU,3,3,0,16.41,,
96761,XRMAGXP170AYU,0,0,0,21.39,,
96762,XRMAGXP170BSRD,1,1,0,21.39,,
96763,XRMAGXP170D,3,3,0,21.39,,
96764,XRMAGXP170FFU,2,2,0,21.39,,
96765,XRMAGXP170HWHU,2,2,0,21.39,,
96766,XRMAGXP170MU,3,3,0,21.39,,
96767,DFG50,4,4,0,51.53,,
96768,MFG50,2,2,0,29.01,,
96769,RFFG6,0,0,0,8.83,,
96770,RFFG9,4,4,0,11.41,,
96771,RFFGSC,2,2,0,26.14,,
96772,RHCDS50,0,0,0,33.28,,
96773,RMSPP4,8,8,0,20.8,,
96774,RMSPP6,1,1,0,20.8,,
96775,RMSPP8,1,1,0,23.25,,
96776,SMTH3,28,28,0,19.2,,
96777,630-106G,0,0,0,17.81,,
96778,630-106L,0,0,0,17.81,,
96779,630-110G,2,2,0,17.81,,
96780,630-110L,2,2,0,17.81,,
96781,630-115G,1,1,0,17.81,,
96782,630-115L,0,0,0,17.81,,
96783,630-120G,2,2,0,17.81,,
96784,630-120L,0,0,0,17.81,,
96785,630-130G,1,1,0,17.81,,
96786,630-130L,0,0,0,17.81,,
96787,630-140G,3,3,0,17.81,,
96788,630-140L,0,0,0,17.81,,
96789,630-150G,0,0,0,21.38,,
96790,630-150L,0,0,0,21.38,,
96791,630-165G,0,0,0,21.38,,
96792,630-165L,1,1,0,21.38,,
96793,630-180G,0,0,0,23.41,,
96794,630-180L,0,0,0,23.41,,
96795,630-310G,0,0,0,67.77,,
96796,630-310L,0,0,0,67.77,,
96797,630-315G,1,1,0,52.0,,
96798,630-315L,0,0,0,67.77,,
96799,630-320G,0,0,0,67.77,,
96800,630-320L,0,0,0,67.77,,
96801,630-330G,0,0,0,67.77,,
96802,630-330L,2,2,0,67.77,,
96803,630-340G,2,2,0,67.77,,
96804,630-340L,2,2,0,67.77,,
96805,630-350G,0,0,0,81.9,,
96806,630-350L,1,1,0,81.9,,
96807,630-365G,0,0,0,81.9,,
96808,630-365L,1,1,0,81.9,,
96809,630-380G,0,0,0,85.48,,
96810,630-380L,2,2,0,85.48,,
96811,658-112MC,8,8,0,25.52,,
96812,658-118MC,8,8,0,25.52,,
96813,658-212MC,3,3,0,43.92,,
96814,658-218MC,4,4,0,43.92,,
96815,658-312MC,1,1,0,127.58,,
96816,658-318MC,7,7,0,127.58,,
96817,668-112MC,0,0,0,11.95,,
96818,668-115MC,0,0,0,11.95,,
96819,668-118MC,0,0,0,12.21,,
96820,668-127MC,0,0,0,13.48,,
96821,668-136MC,0,0,0,13.48,,
96822,668-212MC,3,3,0,23.91,,
96823,668-215MC,2,2,0,23.91,,
96824,668-218MC,11,11,0,24.42,,
96825,668-227MC,1,1,0,26.77,,
96826,668-236MC,9,9,0,26.77,,
96827,668-312MC,6,6,0,67.57,,
96828,668-315MC,7,7,0,67.57,,
96829,668-318MC,0,0,0,68.77,,
96830,668-327MC,0,0,0,76.16,,
96831,668-336MC,2,2,0,76.16,,
96832,660-240CC,3,3,0,44.04,,
96833,660-240G,0,0,0,44.04,,
96834,9618,0,0,0,82.35,,
96850,ADA010100400,13,10,3,7.58,,9.35
96851,PSC123051095,3,3,0,301.09,,371.45
96852,PSC123053095,2,2,0,323.83,,399.5
96854,PSC125051095,3,2,1,383.77,,473.45
96855,PSC125053095,6,4,2,406.51,,501.5
96856,PSC241651095,10,5,5,301.09,,371.45
96857,PSC242551095,7,4,3,383.77,,473.45
96858,PSC242553095,4,2,2,406.51,,501.5
96859,RC1212CAP12V   ,0,0,0,3795.0,4857.6,
96865,806-1212,2,1,1,371.96,,
96867,PIN242122500,6,2,4,270.78,,334.05
96868,DX900-ST-0,0,0,0,805.88,,
96871,048-055,5,0,5,3.03,,
96878,1071,0,0,0,116.25,159.99,
96879,1074,0,0,0,116.25,159.99,
96881,1076,0,0,0,116.25,159.99,
96882,1079,0,0,0,191.25,239.99,
96883,1080,0,0,0,191.25,239.99,
96884,1081,0,0,0,191.25,239.99,
96885,1082,0,0,0,191.25,239.99,
96886,1083,0,0,0,191.25,239.99,
96887,1068,0,0,0,166.25,219.99,
96889,1073,0,0,0,166.25,219.99,
96890,1077,0,0,0,166.25,219.99,
96892,1078,0,0,0,166.25,219.99,
96893,1084,0,0,0,166.25,219.99,
96894,1085,0,0,0,166.25,219.99,
96908,GP1500-51,0,0,0,276.35,,
96909,GP1040-54,0,0,0,334.53,,
96910,SCM-ZC-REMOTE,3,1,2,124.0,,177.0
96911,SCM-SCNET-Y,0,0,0,23.95,,29.95
96912,SCM-SCNET-04,0,0,0,23.95,,29.95
96913,S-1805,0,0,0,10.36,,
96916,S-1802BC,5,1,4,67.63,,
96917,S-1802C,2,1,1,54.03,,
96918,5624-6,13,6,7,27.1,,
96919,96635,15,15,0,6.73,9.01,
96920,96637,0,0,0,21.09,28.24,
96921,96631,12,7,5,10.87,12.84,
96922,96636,0,0,0,13.25,15.66,
96923,SEC-1223,7,7,0,120.11,165.7,
96927,M3100,0,0,0,27.0,,
96931,252233,15,10,5,1.2,,
96933,242233,6,6,0,14.94,,
96934,244233,0,0,0,54.94,,
96935,252237,0,0,0,3.99,,
96936,252247,0,0,0,3.05,,
96937,242247,0,0,0,8.35,,
96938,252253,9,5,4,2.41,,
96939,242253,4,1,3,22.23,,
96945,2815,2,0,2,126.95,,
96946,9353,0,0,0,28.06,,
96950,BMS300200200,3,1,2,126.78,,156.4
96951,BPP900450120,23,12,11,176.38,,217.6
96952,010-12390-42,0,0,0,22.49,,
96960,50880-1100,0,0,0,241.63,,
96962,242267,5,5,0,17.07,,
96963,252274,0,0,0,3.2,,
96964,242274,0,0,0,31.47,,
96965,244275,0,0,0,100.36,,
96966,242277,0,0,0,18.33,,
96967,252284,9,5,4,3.67,,
96968,242284,2,2,0,36.34,,
96969,242287,4,3,1,19.26,,
96970,252294,0,0,0,4.38,,
96971,242717,0,0,0,20.76,,
96972,244725,0,0,0,219.4,,
96973,244726,0,0,0,219.44,,
96974,R70690,0,0,0,55.39,,
96976,249101,2,2,0,3.6,,
96977,249102,0,0,0,2.53,,
96979,309303,0,0,0,4.1,,
96980,309325,8,4,4,26.47,,
96982,321303,0,0,0,3.9,,
96983,321325,0,0,0,20.57,,
96984,321403,0,0,0,3.9,,
96985,321425,1,1,0,20.57,,
96986,321503,0,0,0,3.9,,
96987,321525,0,0,0,20.57,,
96988,321603,0,0,0,3.9,,
96989,321625,1,1,0,20.57,,
96990,321703,0,0,0,3.9,,
96991,321725,0,0,0,20.57,,
96993,318803,0,0,0,3.36,,
96994,318903,0,0,0,3.36,,
96995,318825,0,0,0,17.74,,
96996,318925,0,0,0,17.74,,
96997,319803,0,0,0,3.36,,
96998,319903,0,0,0,3.36,,
96999,319825,0,0,0,18.72,,
97000,319925,0,0,0,18.72,,
97001,MM-RAY,2,1,1,75.24,97.5,
97005,22309,12,5,7,5.49,,
97022,000-191-487-10,0,0,0,59.09,,
97024,GNT-1.0-30-INS-ID,1,0,1,1199.99,,
97025,GNT-1.0-80-INS-IDP,3,2,1,1359.99,,
97027,A-0-WHITE,17,17,0,29.23,,
97028,GNT-1.0-ELITE-30-IDP,2,2,0,1839.99,,
97029,GNT-1.0-ELITE-80-IDP,1,1,0,1599.0,,
97030,GP-MSWR,1,0,1,258.99,,
97031,GP-SD,2,0,2,189.99,,
97032,50124,0,0,0,33.2,,
97033,50136,0,0,0,14.37,,
97034,GMM-IP67-TEMPSENSOR,1,0,1,299.0,,
97035,GMM-IP67-HWS,0,0,0,377.99,,
97036,GA-STROBE-WHITE,3,2,1,265.99,,
97037,GMM-IP67-PULL-25,2,1,1,199.0,,
97038,GMM-IP67-POWEROUT,0,0,0,447.99,,
97039,GMM-IP67-IBS2-SIRENOUT,2,1,1,846.99,,
97040,GAP-TSK5-BLACK,1,0,1,199.0,,
97041,GP-KF25,3,1,2,79.0,,
97043,GA-MINI-SIREN,0,0,0,90.99,,
97044,GWHD-XVR-4G,0,0,0,3499.99,,
97045,GWHD-XVR,0,0,0,1749.99,,
97046,G4G-LTE-WIFI-OCTO-DEUCE,2,1,1,849.99,,
97047,GOST-MINI-BALL-1080P-W,6,1,5,444.49,,
97066,WSO200-01,7,4,3,470.05,,
97070,010-01510-50,1,0,1,3500.0,,
97072,010-01512-50,0,0,0,4200.0,,
97083,SCM-DLX-CC-CHR-WH,2,2,0,80.49,,116.0
97088,401-017,0,0,0,55.35,,69.18
97089,401-017-B,0,0,0,55.35,,69.18
97092,PMP122200102,19,4,15,698.65,,861.9
97093,G180124,0,0,0,9.79,,
97094,G180124CASE,0,0,0,39.14,,
97095,KG-1BK-PR,15,0,15,38.67,49.3,
97096,KG-4BK-PR,0,0,0,125.67,160.23,
97097,E6-71-408S-85,0,0,0,46.15,,
97098,E6-71-430S-85,0,0,0,48.58,,
97106,F38-9960,4,1,3,130.72,,
97107,88449,2,0,2,81.24,119.99,
97108,88450,1,1,0,99.99,149.99,
97109,V21-9906WHC60D-1,5,1,4,234.18,,
97110,V21-9906BKA60D-1,4,0,4,236.09,,
97111,V21-9959WHC60D-1,5,0,5,156.68,,
97112,S11-4511P6-1,24,0,24,49.91,,
97113,F16-0200-1,9,3,6,94.85,,
97114,M20-2411,3,2,1,536.49,,
97116,M20-3611,0,0,0,596.51,,
97117,M20-1013E,1,0,1,499.99,,
97118,M20-2413E,4,2,2,699.99,,
97119,M20-3613E,0,0,0,1090.72,,
97121,HTINT60TM,0,0,0,236.25,,
97133,PU105111-04R,24,17,7,191.64,,
97134,PU1051B1-04R,14,6,8,179.95,,
97135,1731321FGK-R,11,9,2,107.26,,
97136,1731521FGK-R,6,3,3,115.06,,
97162,46731,0,0,0,630.0,959.99,
97163,202513,0,0,0,157.5,239.99,
97164,130313,1,0,1,743.53,1132.99,
97165,212113,2,0,2,177.19,269.99,
97166,132313,0,0,0,878.71,1338.99,
97167,910313,0,0,0,226.4,344.99,
97168,931314,0,0,0,675.94,1029.99,
97171,544713,0,0,0,377.34,574.99,
97173,230603,1,0,1,528.28,804.99,
97174,110313,2,0,2,298.59,454.99,
97175,CANNS500,0,0,0,457.98,,
97176,60000189SPA,0,0,0,346.39,,
97178,SW31315DG,0,0,0,50.84,,
97180,30470-A,4,2,2,174.75,,
97181,30433,6,4,2,164.67,,
97182,30460,3,2,1,189.29,,
97183,70200,4,2,2,145.89,,
97184,30457,5,2,3,203.16,,
97185,30456,4,3,1,175.84,,
97186,30459,1,0,1,213.32,,
97187,70125,3,2,1,136.71,,
97188,70201,2,1,1,150.53,,
97189,70216,2,2,0,109.99,,
97190,30462,2,1,1,204.43,,
97191,5372,2,2,0,122.95,,
97192,5393,2,1,1,138.25,,
97193,5380,3,1,2,155.12,,
97194,5375,3,1,2,167.25,,
97195,5387,3,2,1,160.52,,
97196,5392,3,2,1,171.65,,
97197,5363,4,2,2,109.89,,
97198,5360,2,1,1,179.89,,
97199,5370,2,1,1,147.97,,
97200,5373,4,2,2,139.17,,
97201,20815,3,2,1,204.68,,
97202,60050,1,0,1,169.6,,
97203,60125,2,1,1,192.37,,
97204,20102,3,2,1,150.81,,
97205,60073,2,1,1,199.59,,
97206,20800,3,2,1,164.85,,
97207,20850,2,0,2,320.96,,
97208,60075,4,2,2,184.67,,
97209,60055,2,1,1,181.59,,
97210,20860,2,0,2,273.08,,
97211,6240,2,1,1,228.69,,
97212,6258,2,1,1,356.71,,
97213,6250,5,2,3,203.87,,
97214,6241,3,1,2,148.69,,
97215,6263,2,1,1,343.8,,
97216,6276,3,1,2,302.27,,
97217,6260,2,1,1,200.61,,
97218,6238,2,1,1,151.89,,
97219,SW058,6,4,2,17.23,,
97220,SW058HD,5,2,3,19.53,,
97221,SW109,3,1,2,26.65,,
97222,SW622,2,2,0,26.37,,
97223,SW054,3,2,1,17.91,,
97224,SW097,2,2,0,27.69,,
97225,MBK450,4,2,2,17.33,,
97226,M525,4,1,3,30.41,,
97227,BK900,1,1,0,17.23,,
97228,M532,3,1,2,36.76,,
97229,R473,4,3,1,14.07,,
97230,R151,3,2,1,11.35,,
97231,R767,2,2,0,101.47,,
97232,MV3555-268-0-216,9,9,0,43.75,,
97243,84-78,0,0,0,64.01,,
97246,V-420,0,0,0,23.0,,
97247,V-420L,0,0,0,26.0,,
97248,V-200L,1,1,0,82.0,,
97249,V-220L,6,6,0,91.0,,
97250,V-100,5,5,0,27.0,,
97253,0946DP1STS,5,5,0,49.49,,
97254,404605-3,1,1,0,135.85,,
97255,ORI482441110,3,3,0,163.29,,201.45
97256,A10-366-CB-2-IN,0,0,0,252.0,,389.99
97257,A10-366-MR-2-IN,7,2,5,252.0,,369.99
97258,A10-366-JB-2-IN,1,1,0,252.0,,389.99
97262,E6TH009CD,0,0,0,1750.0,2660.0,
97263,E6TH009BW,1,0,1,1675.0,2546.0,
97264,D3009B,0,0,0,200.0,302.0,
97265,D3009BI,0,0,0,200.0,302.0,
97266,D3009W,0,0,0,200.0,302.0,
97267,D3009WI,4,0,4,200.0,302.0,
97268,MR1308UABK,17,6,11,48.33,,
97292,001-629-020-00,0,0,0,340.91,,
97298,RF45711,0,0,0,71.53,106.25,
97299,RF45711HL,0,0,0,123.02,182.75,
97300,RF45711N,0,0,0,60.6,92.72,
97301,RF46000,0,0,0,60.09,89.25,
97302,RF46330,0,0,0,200.28,297.5,
97303,RF46530,4,2,2,355.0,526.15,
97304,RF48000,0,0,0,13.86,,
97305,RF48000HL,0,0,0,85.56,126.65,
97306,RF48100,0,0,0,24.98,35.7,
97307,RF48109,0,0,0,21.46,31.88,
97308,RF48109HL,0,0,0,107.17,159.21,
97309,RF48120,0,0,0,88.86,130.9,
97310,RF48140,5,2,3,30.9,45.9,
97311,RF48151,2,0,2,35.48,52.7,
97312,RF48200,0,0,0,55.53,81.6,
97313,RF48209,0,0,0,41.83,62.14,
97314,RF48210,6,3,3,61.09,90.1,
97315,RF48300,0,0,0,82.06,121.89,
97316,RF48310,0,0,0,87.56,130.05,
97317,RF48330,0,0,0,143.06,212.5,
97318,RF48400,4,2,2,110.21,163.71,
97319,RF48410,0,0,0,115.7,171.87,
97320,RF48500,6,2,4,125.54,186.49,
97321,RF48510,0,0,0,131.04,194.65,
97322,010-12547-03,17,0,17,22.49,,
97324,P-10 MASTER,5,3,2,112.22,,
97360,101753,9,3,6,101.6,,
97361,101754,8,3,5,102.07,,
97362,101755,7,4,3,102.07,,
97363,101756,6,3,3,100.64,,
97364,101758,0,0,0,102.07,,
97365,101763,8,6,2,100.64,,
97367,JP-704B,0,0,0,170.78,325.99,
97374,6353L,2,2,0,32.81,,
97400,02994,2,0,2,36.77,57.89,
97427,MJSLT190U,3,0,3,340.06,,
97428,MJSLT220U,7,3,4,382.67,,
97429,APM-48,3,0,3,108.84,134.0,
97431,7090,4,0,4,102.27,126.0,
97434,7094,0,0,0,148.01,182.0,
97436,7095,1,0,1,149.96,227.0,
97441,60-100-DV,4,0,4,561.78,688.0,
97444,60-100-J10,2,0,2,561.78,688.0,
97446,60-100-K6,2,0,2,561.78,688.0,
97447,60-120-DV,2,0,2,625.99,766.0,
97451,604-120-DV,0,0,0,625.99,766.0,
97453,604-120-K6,2,0,2,625.99,766.0,
97455,604-150-K6,2,0,2,738.35,904.0,
97456,60-YP-MC-100-DV,2,0,2,755.69,925.0,
97457,60-YP-MC-100-K6,2,0,2,755.69,925.0,
97458,621-100-DV,2,0,2,561.78,688.0,
97459,621-100-J10,2,0,2,561.78,688.0,
97460,621-100-K6,3,0,3,561.78,688.0,
97461,621-120-J10,1,0,1,625.99,766.0,
97462,60-YP-MC-120-DV,2,0,2,819.08,1003.0,
97463,621-VUP-MC-100-DV,2,0,2,755.69,925.0,
97464,621-VUP-MC-100-J10,2,0,2,755.69,925.0,
97465,621-VUP-MC-100-K6,2,0,2,755.69,925.0,
97468,7060-24,0,0,0,148.01,182.0,
97470,70-AT-200,3,0,3,164.78,202.0,
97473,SG2-0405,2,0,2,34.09,38.99,
97474,XT-CR-170-J10,1,0,1,803.57,984.0,
97475,XT-CR-170-J10-KIT,2,1,1,997.1,1220.0,
97476,XT-CR-170-K6,3,0,3,803.57,984.0,
97477,XT-CR-170-K6-KIT,2,0,2,997.1,1220.0,
97478,XT-CR-250-K6,2,0,2,986.21,1207.0,
97479,XT-CR-250-K6-KIT,2,0,2,1179.78,1444.0,
97480,XT-DF-250-DV,1,0,1,799.35,1207.0,
97481,XT-DF-250-DV-KIT,3,0,3,1179.78,1444.0,
97482,XT-DF-250-J10,2,0,2,986.21,1207.0,
97483,XT-DF-250-J10-KIT,2,0,2,1179.78,1444.0,
97484,XT-DF-250-K6,2,0,2,986.21,1207.0,
97485,XT-DF4-170-K6,2,0,2,803.57,984.0,
97486,XT-DF4-170-K6-KIT,2,0,2,997.1,1220.0,
97488,SBR-45LI,28,21,7,52.5,,
97519,JB4U30-300IB,5,5,0,14.26,,
97533,MJBKT100,7,7,0,29.78,,
97534,MJUFOXL,5,3,2,213.02,,
97535,2000033704,6,4,2,18.24,,
97539,ZDIGPLINK2,4,3,1,209.96,,
97542,T10-504B,0,0,0,93.29,,
97543,T10-527,0,0,0,71.34,,
97545,81-47248-01,0,0,0,159.69,,
97554,B00109901,11,5,6,54.16,65.69,
97556,B285HW,0,0,0,1244.44,,
97557,B117-DT-9N,0,0,0,210.6,289.99,
97564,5101-BLK,34,23,11,67.76,,
97565,5104-BLK,24,10,14,52.93,,
97566,5912-DS-VHF,6,3,3,72.69,,
97567,5912-DS-VHF-W,1,0,1,72.69,,
97568,QC-8-T,0,0,0,78.97,,
97569,QC-4-T,4,3,1,61.8,,
97572,40020256,0,0,0,950.94,,
97573,6187,5,0,5,72.69,,
97580,1089,0,0,0,191.25,239.99,
97581,1087,0,0,0,191.25,239.99,
97582,1086,0,0,0,191.25,239.99,
97585,GS-950BHC,0,0,0,1201.58,,
97587,1721321-R,13,7,6,73.14,,
97588,7141321FGK-R,12,6,6,152.48,,
97589,7401321FGK-R,3,3,0,401.62,,
97590,PU026104-R,9,5,4,97.71,,
97591,PU063104-01R,13,6,7,63.19,,
97592,PU021104-R,6,0,6,86.78,,
97595,PU085241,6,3,3,349.98,,
97596,PU081B11,12,6,6,349.98,,
97597,PU301404-44,7,3,4,144.77,,
97598,PU501404,13,6,7,110.36,,
97599,150200-200-080-23,2,2,0,52.13,,
97600,1444DP2ALU,5,3,2,55.2,,
97601,1444DP3ALU,4,0,4,56.46,,
97602,1444DP4ALU,3,3,0,60.06,,
97603,1444DP5ALU,6,5,1,66.44,,
97607,CB131MA600,0,0,0,527.61,,
97608,CB131H600,0,0,0,442.83,,
97609,CB131M1KW,0,0,0,762.39,,
97610,CB131H1KW,0,0,0,645.0,,
97623,ASS030550120,4,2,2,12.4,,15.3
97624,ASS030550220,8,2,6,12.4,,15.3
97628,01206,1,0,1,50.81,79.99,
97629,01207,2,0,2,103.73,163.29,
97630,01215,4,0,4,36.61,57.63,
97631,01225,3,0,3,38.48,60.56,
97632,7700D,3,0,3,367.63,,
97633,01247,2,0,2,140.48,221.13,
97634,01248,4,0,4,235.31,370.39,
97635,01263,3,0,3,21.65,34.09,
97636,01264,2,0,2,33.79,53.17,
97637,01265,4,0,4,53.71,84.53,
97638,01303,5,0,5,18.44,29.03,
97639,01304,2,0,2,25.65,40.38,
97640,01305,2,0,2,41.59,65.45,
97641,01306,1,0,1,68.93,108.5,
97642,01343,4,0,4,21.04,33.11,
97643,01344,1,0,1,29.89,47.05,
97645,01345,3,0,3,45.52,71.66,
97646,01346,2,0,2,73.01,114.92,
97647,N20804W,7,2,5,142.8,,
97648,01394,2,0,2,55.55,87.42,
97649,01395,2,0,2,85.48,134.56,
97650,N20020,22,12,10,87.47,,
97651,02317,4,0,4,52.65,82.88,
97652,02329,3,0,3,146.8,231.07,
97653,02374,4,0,4,73.36,115.47,
97654,02376,2,0,2,91.67,144.29,
97655,02382,2,0,2,62.45,98.3,
97656,02478,3,0,3,137.21,215.99,
97657,02495,2,0,2,73.36,115.47,
97658,02674,3,0,3,88.51,139.32,
97659,02675,2,0,2,109.73,172.72,
97660,02676,0,0,0,141.48,222.7,
97661,02677,2,0,2,219.44,345.4,
97662,02678,5,0,5,367.88,579.06,
97663,02773,5,0,5,77.96,122.7,
97664,02774,2,0,2,95.61,150.49,
97665,02775,2,0,2,116.8,183.86,
97666,02777,2,0,2,233.53,367.58,
97667,02778,2,0,2,389.17,612.6,
97668,06332,2,0,2,14.59,22.95,
97669,06333,2,0,2,14.59,22.95,
97670,06334,2,0,2,14.59,22.95,
97671,WS-200WX,0,0,0,1408.24,,
97672,06342,2,0,2,22.08,34.77,
97673,06344,2,0,2,22.08,34.77,
97674,06345,3,0,3,22.08,34.77,
97675,06352,3,0,3,33.4,52.57,
97676,06355,3,0,3,33.4,52.57,
97677,06356,0,0,0,33.4,52.57,
97678,06363,2,0,2,51.71,81.39,
97679,06366,0,0,0,51.71,81.39,
97680,06367,2,0,2,51.71,81.39,
97681,06368,0,0,0,51.71,81.39,
97682,06495,5,0,5,42.07,66.22,
97683,06497,3,0,3,63.61,100.13,
97684,06511,4,0,4,9.32,,
97685,06512,6,0,6,10.27,,
97686,06513,3,0,3,11.21,,
97687,06514,4,0,4,17.6,,
97688,06515,2,0,2,27.15,,
97689,06516,3,0,3,56.81,,
97690,06523,3,0,3,14.4,,
97691,06524,2,0,2,20.93,,
97693,06525,2,0,2,33.29,,
97694,06526,2,0,2,64.61,,
97695,06564,3,0,3,82.81,130.35,
97696,06565,2,0,2,105.47,166.01,
97697,06566,5,0,5,158.09,248.84,
97698,09201,2,0,2,6.11,9.61,
97699,09202,12,0,12,6.95,10.92,
97700,09203,0,0,0,8.75,13.77,
97701,09204,3,0,3,13.43,21.12,
97702,09205,3,0,3,24.55,38.63,
97703,09211,2,0,2,8.43,13.26,
97704,09212,0,0,0,8.75,13.77,
97705,09222,2,0,2,12.91,20.32,
97706,11207,2,0,2,175.04,275.53,
97707,11208,2,0,2,201.36,316.97,
97708,11209,4,0,4,332.61,523.56,
97709,11215,2,0,2,83.32,131.16,
97710,11240,0,0,0,210.07,330.65,
97711,11244,2,0,2,52.65,82.88,
97712,11245,3,0,3,70.2,110.5,
97713,11246,2,0,2,113.76,179.05,
97714,11247,2,0,2,237.15,373.28,
97715,11248,4,0,4,393.77,619.82,
97716,11249,2,0,2,533.09,895.05,
97717,21104,1,0,1,55.19,86.87,
97718,21105,1,0,1,68.99,108.59,
97719,21106,2,0,2,110.37,173.74,
97720,21223,3,0,3,24.13,,
97721,21224,1,0,1,31.08,,
97723,21225,2,0,2,37.95,,
97725,29944,2,0,2,61.56,96.9,
97728,29955,2,0,2,65.99,103.87,
97730,29966,2,0,2,90.51,142.46,
97731,65321,2,0,2,13.8,21.72,
97732,65331,3,0,3,15.85,24.95,
97733,65341,0,0,0,22.15,34.85,
97734,65351,2,0,2,36.72,57.8,
97735,65361,2,0,2,64.29,101.19,
97736,65441,2,0,2,24.99,39.31,
97737,65451,2,0,2,45.96,72.34,
97738,65461,2,0,2,73.36,115.47,
97739,91432,4,0,4,31.79,50.02,
97740,91433,3,0,3,40.37,63.54,
97741,91434,2,0,2,65.77,103.53,
97742,SP300,2,2,0,255.29,,
97743,SP400,0,0,0,324.31,,
97744,SP992,2,0,2,183.96,,
97746,DS-HD10-BLK,59,19,40,25.88,,
97747,DS-MULTI-P-BLK,25,5,20,27.0,,
97749,SC-CW-11F,24,16,8,73.13,,
97750,SC-USB-03,9,3,6,35.44,,
97752,AV-5001-HV-2XL/3XL,0,0,0,63.75,,
97761,V46B,0,0,0,227.29,,
97762,V46,2,1,1,139.21,,
97763,1503,2,2,0,34.43,,
97764,1503B,1,1,0,34.43,,
97766,V46 KIT,1,1,0,169.92,,
97767,V46B KIT,0,0,0,261.6,,
97770,ASS030530218,12,9,3,11.02,,13.6
97771,ASS030530230,4,4,0,12.4,,15.3
97772,ASS030066003,16,8,8,6.2,,7.65
97783,SBV-4000-P,0,0,0,2908.89,,
97794,CG2-2W,0,0,0,65.53,,
97799,FSDP31012008B00,0,0,0,1618.99,,
97802,27646-903,0,0,0,114.95,,
97803,27640-903,0,0,0,115.01,174.99,
97804,0320,0,0,0,18.96,,
97805,0452,6,6,0,33.26,,
97807,010-12922-00,0,0,0,38.99,,
97810,V351HPU1D,1,0,1,275.36,,
97812,APPT6-MR/DP,0,0,0,25.27,,
97815,01112-1,0,0,0,11.03,,
97816,01112-1AL,0,0,0,12.2,,
97817,01143,0,0,0,11.23,,
97818,01145,0,0,0,12.48,,
97819,01051,0,0,0,5.17,,
97820,TEC-DIVERSD,0,0,0,82.74,,
97821,00734-1,0,0,0,25.26,,
97822,BGW-40,2,2,0,76.36,105.4,
97823,BGW-60,0,0,0,102.05,140.7,
97824,FMB323,0,0,0,9.38,,
97828,845,0,0,0,13.0,,16.99
97829,476S-9OZ,67,3,64,13.8,,21.95
97830,476S-18OZ,29,19,10,21.86,,32.95
97831,915,56,31,25,25.31,,39.95
97833,850-16OZ,0,0,0,9.29,,14.95
97834,850-64OZ,33,9,24,32.6,,
97835,631,76,54,22,13.34,,20.95
97836,520-16OZ,50,33,17,6.49,,10.95
97837,520-64OZ,24,21,3,17.66,,
97838,415,29,18,11,6.94,,
97842,390,91,66,25,9.06,,13.95
97845,855,19,6,13,10.89,,15.95
97846,325,14,6,8,12.06,,18.95
97847,870-16OZ,54,34,20,13.97,,21.95
97848,870-64OZ,33,26,7,41.71,,64.95
97849,885,102,66,36,14.4,,21.95
97850,920-16OZ,51,47,4,6.94,,
97851,920-64OZ,39,25,14,24.2,,
97852,925,59,59,0,13.0,,20.95
97855,001-608-450-00,0,0,0,80.91,,
97857,13-01-001,0,0,0,98.97,,
97858,13-01-002,0,0,0,98.97,,
97859,13-01-003,2,1,1,165.88,,
97860,13-01-004,0,0,0,165.88,,
97861,13-01-005,0,0,0,66.36,,
97862,13-01-006,0,0,0,66.36,,
97863,GP1170-07,0,0,0,385.44,,
97868,P-2BS-24-R,0,0,0,437.5,,
97869,CA-0182,0,0,0,23.56,,
97870,CA-0185,0,0,0,156.48,,
97871,CA-0184,0,0,0,104.32,,
97875,880021-BP,5,2,3,9.99,,
97876,880022-BP,7,7,0,14.99,,
97878,880024-BP,7,4,3,9.99,,
97880,880026-BP,2,0,2,17.99,,
97881,880027-BP,6,4,2,29.99,,
97882,880028-BP,9,4,5,34.99,,
97885,MMC-11R-LDB,0,0,0,98.05,135.0,
97886,SBR-45LIIS,17,10,7,84.0,,
97887,PC170,6,3,3,146.57,205.2,
97888,PC210,5,2,3,82.07,114.9,
97889,PC3410,4,2,2,41.9,58.65,
97890,PC3435,5,2,3,29.33,41.05,
97891,PC3440,7,3,4,29.33,41.05,
97892,PC3450,6,3,3,46.04,64.45,
97893,PC3460,4,2,2,50.26,70.35,
97894,PC3470,4,2,2,58.64,82.1,
97895,PC3660,8,2,6,25.11,35.15,
97896,PC3661,6,3,3,29.33,41.05,
97897,PC3751,4,2,2,41.9,58.65,
97898,PC866,4,2,2,41.9,58.65,
97899,PC891,4,2,2,29.33,41.05,
97900,PC892,4,2,2,29.33,41.05,
97901,PC190,5,3,2,205.21,287.3,
97902,PC3400,8,5,3,54.43,76.2,
97903,PC3405,3,1,2,58.64,82.1,
97904,PC3490,7,4,3,67.0,93.8,
97905,PC3500,5,2,3,58.64,82.1,
97906,PC3505,6,3,3,67.0,93.8,
97907,PC3510,1,1,0,71.21,99.7,
97908,PC3515,6,2,4,75.36,105.5,
97909,PC3580,4,2,2,50.26,70.35,
97910,PC3585,3,1,2,58.64,82.1,
97911,PC550,6,3,3,46.04,64.45,
97912,PC555,5,3,2,54.43,76.2,
97913,PC560,4,2,2,67.0,93.8,
97914,PC600,6,3,3,67.0,93.8,
97915,PC867,4,2,2,54.43,76.2,
97916,PC980,6,1,5,12.57,17.6,
97932,1260/7PK,2,0,2,11.44,,
97933,1217-FT,767,767,0,0.43,,
97939,1742-MW,0,0,0,255.51,,
97942,PMP122305122,23,8,15,815.78,,1006.4
97943,PMP482305102,4,2,2,947.37,,1168.75
97944,106940,0,0,0,85.4,,
97963,2021014014,1,0,1,200.51,289.95,
97964,2021014013,1,1,0,200.51,289.95,
97965,2021014015,0,0,0,200.51,289.95,
97966,2021014016,1,0,1,200.51,289.95,
97967,2021014019,0,0,0,200.51,289.95,
97968,2021014017,1,0,1,200.51,289.95,
97969,2021014018,2,1,1,200.51,289.95,
97972,41560,163,77,86,9.18,,
97984,P55750-S,3,2,1,472.73,786.0,
97992,P77712-S,5,3,2,467.5,696.0,
97999,P92001,64,36,28,401.39,534.0,
98002,2000026606,18,6,12,4.68,,
98005,TFR-230-2K,0,0,0,170.48,,
98011,58020-3012,4,2,2,784.8,,
98012,58060-3012,4,3,1,784.8,,
98013,58060-3024,0,0,0,768.67,,
98014,58080-3012,2,2,0,830.11,,
98015,58080-3024,0,0,0,830.11,,
98016,58220-3012,1,0,1,784.8,,
98017,58220-3024,0,0,0,784.8,,
98018,58260-3012,2,1,1,784.8,,
98019,58260-3024,0,0,0,768.67,,
98020,58280-3012,0,0,0,830.11,,
98021,58280-3024,0,0,0,830.11,,
98025,10-24967-02,0,0,0,203.0,,
98026,10-35038-9,0,0,0,200.46,,
98027,35760-0094,12,8,4,261.51,,
98028,10-13599-02,0,0,0,393.31,,
98029,10-24398-01,0,0,0,449.14,,
98030,10-24140-5,0,0,0,370.48,,
98040,60CCM-D5OS,5,3,2,1477.0,1793.5,
98041,SCM-PD4CH,2,2,0,175.0,,249.0
98042,SCM-PWR6,2,0,2,273.99,,389.0
98043,SC3-BW-ALSM,2,0,2,169.51,,249.0
98044,BP150G15,0,0,0,137.07,164.48,
98047,FP5X,12,6,6,83.59,,
98049,SPD-15-W,0,0,0,509.06,,
98050,ACC-FF-1840,0,0,0,32.24,,
98058,WR16/4-100,4,3,1,99.23,,
98059,2000032712,0,0,0,19.71,,
98060,66031-3,7,5,2,21.73,,
98061,66032-3,17,5,12,25.21,,
98063,010-13115-02,4,4,0,18.74,,
98064,010-13116-02,0,0,0,14.99,,
98065,010-13115-10,0,0,0,93.74,,
98066,010-13116-03,0,0,0,14.99,,
98067,010-13115-11,0,0,0,93.74,,
98068,010-13116-04,0,0,0,14.99,,
98069,010-13115-12,0,0,0,93.74,,
98072,4113,3,1,2,6.06,,
98073,4770-4,4,1,3,102.08,,
98074,5606-7,15,7,8,21.58,,
98075,5608-7,5,3,2,34.32,,
98076,5609-7,0,0,0,35.8,,
98077,5612-7,11,9,2,44.9,,
98078,5613-7,7,3,4,41.96,,
98082,66540-3,4,4,0,15.21,,
98083,66541-3,10,8,2,17.8,,
98084,66542-3,0,0,0,20.86,,
98085,66543-3,0,0,0,24.58,,
98086,66544-3,0,0,0,32.24,,
98087,66545-3,3,0,3,36.77,,
98088,66546-3,12,6,6,17.38,,
98089,66547-3,5,5,0,18.46,,
98090,66548-3,6,6,0,20.74,,
98091,66549-3,13,6,7,24.5,,
98092,66550-3,2,2,0,31.6,,
98093,66551-3,5,3,2,35.69,,
98094,66553-3,15,6,9,59.62,,
98095,150600-200-020-23,0,0,0,39.33,,
98096,150600-200-030-23,0,0,0,39.33,,
98097,150600-200-040-23,0,0,0,39.33,,
98098,150600-200-050-23,0,0,0,39.33,,
98099,3872-3,0,0,0,3.94,,
98100,150600-200-060-23,0,0,0,39.33,,
98101,3873-3,0,0,0,3.7,,
98102,150600-200-070-23,0,0,0,39.33,,
98103,3874-3,7,7,0,6.04,,
98104,150200-200-030-23,0,0,0,52.13,,
98105,3878-3,3,1,2,9.32,,
98106,150200-200-050-23,0,0,0,52.13,,
98107,3877-3,15,5,10,6.14,,
98108,150200-200-110-23,0,0,0,52.13,,
98109,3879-3,0,0,0,9.76,,
98110,3886-3,0,0,0,10.62,,
98111,17211-3,0,0,0,4.57,,
98113,7557-7,13,3,10,22.35,,
98114,7526A7,19,8,11,4.5,,
98115,7518A3,0,0,0,8.74,,
98116,7524A7,20,7,13,4.3,,
98117,7520A3,0,0,0,8.88,,
98118,2000033703,9,4,5,19.38,,
98119,7533A7,9,6,3,7.25,,
98122,2155787,9,9,0,88.99,,
98123,2155783,0,0,0,287.5,389.99,
98124,NV6LC1-14BP7,5,0,5,38.89,,
98125,NV6LC2-14BP7,0,0,0,48.75,,
98127,2000036528,0,0,0,105.63,149.99,
98131,5092-10-7,0,0,0,22.69,,
98132,5092-14-7,0,0,0,24.95,,
98133,5091-10-7,4,0,4,20.77,,
98134,5091-14-7,0,0,0,25.87,,
98135,5095-10-7,0,0,0,38.38,,
98136,5530-24BP7,0,0,0,45.8,,
98140,2154662,0,0,0,84.38,114.99,
98142,2154640,0,0,0,84.38,114.99,
98143,911339-7,0,0,0,15.89,,
98145,2156401,0,0,0,142.19,184.99,
98148,5122-08-7,0,0,0,18.49,,
98157,5940-7,12,4,8,16.29,,
98159,6100-AT-7,3,1,2,339.29,,
98160,6100-LT-7,3,2,1,339.29,,
98163,FASP093CA2L1A00,0,0,0,82.04,,
98165,2000035697,0,0,0,83.13,,
98168,2156426,0,0,0,157.19,219.99,
98173,66UW03B-7,9,4,5,134.31,,
98174,66UW06B-7,0,0,0,206.11,,
98175,66UW12B-7,3,0,3,314.01,,
98177,2156416,0,0,0,102.19,139.99,
98179,6350W7,8,6,2,17.19,,
98180,6350B7,10,4,6,17.19,,
98182,2156421,0,0,0,117.81,159.99,
98183,2156429,0,0,0,102.19,139.99,
98184,2157500,0,0,0,102.19,139.99,
98188,HX320,74,39,35,124.99,,
98189,93038LP7,0,0,0,15.74,,
98190,93516LP7,10,7,3,15.74,,
98191,93014LP7,5,2,3,16.08,,
98193,9300FDV7,0,0,0,23.93,,
98194,2157496,0,0,0,79.06,104.99,
98195,2156422,0,0,0,79.06,104.99,
98198,8838US6,6,3,3,14.88,,
98199,8838HF6,0,0,0,6.93,,
98200,8838TM6,0,0,0,7.16,,
98201,8838HM6,0,0,0,9.75,,
98202,951606ULP7,5,3,2,34.49,,
98203,93806UUS7,0,0,0,36.18,,
98204,93806UUSD7,7,3,4,51.71,,
98205,93812UUS7,0,0,0,53.27,,
98206,93812UUSD7,0,0,0,69.94,,
98207,2000035686,0,0,0,38.0,,
98208,93806ULP7,0,0,0,33.12,,
98209,2000034873,5,2,3,40.33,44.99,
98211,93806UFDV7,0,0,0,57.54,,
98212,93812ULP7,0,0,0,43.65,,
98213,93806MUS7,1,0,1,38.45,,
98214,93806AUS7,0,0,0,38.45,,
98215,93806MUSD7,7,4,3,58.2,,
98216,93806EUS7,0,0,0,38.45,,
98217,93806EUSD7,0,0,0,58.2,,
98218,93806ELP7,3,3,0,40.36,,
98219,93806YLP7,0,0,0,40.36,,
98220,93806HUS7,12,7,5,40.92,,
98221,8873-6,0,0,0,6.63,,
98222,8890LP6,8,5,3,6.39,,
98223,8896LP6,14,9,5,3.87,,
98224,8882-6,0,0,0,9.67,,
98225,14530-6,0,0,0,11.45,,
98226,14532-6,0,0,0,7.29,,
98227,8883-6,0,0,0,6.17,,
98228,88FHE516-6,3,3,0,4.74,,
98229,8889LP6,0,0,0,3.87,,
98230,8897-6,0,0,0,6.8,,
98231,88FHY516-6,0,0,0,3.21,,
98232,8901-6,0,0,0,5.0,,
98233,8902-6,6,6,0,9.66,,
98234,8900-6,0,0,0,5.01,,
98235,14509-6,0,0,0,4.64,,
98236,8884-6,0,0,0,9.41,,
98237,88FTS014-6,0,0,0,10.04,,
98238,8887-6,0,0,0,5.57,,
98239,T91,2,0,2,106.92,,
98240,T93,4,2,2,167.73,,
98241,ZTF TILLER M2,0,0,0,1774.65,,
98242,904513,0,0,0,137.8,224.99,
98243,ZTF TILLER S2,1,0,1,1773.81,,
98255,5590-24-7,6,4,2,34.64,,
98256,5590-30-7,2,1,1,29.99,,
98257,5590-36-7,0,0,0,35.36,,
98258,5590-42-7,0,0,0,35.36,,
98259,7800-24-7,0,0,0,48.1,,
98261,7800-36-7,0,0,0,48.45,,
98262,LTM-SA-102,0,0,0,16.41,24.99,
98263,7800-42-7,0,0,0,48.81,,
98264,W6/3-FT,66,66,0,5.38,,
98265,W16/3-FT,0,0,0,0.52,,
98286,6234,2,1,1,281.85,,
98287,SM-ACC3-RCGA-DOME,2,1,1,80.26,,98.79
98290,R509C-LM,0,0,0,4411.76,,
98292,E70660,12,2,10,479.99,,
98306,T70581,0,0,0,1063.99,,
98308,A80703,6,4,2,503.99,,
98309,A80704,1,1,0,1283.99,,
98310,T70543,1,1,0,1999.99,,
98311,T70544,1,0,1,1999.99,,
98314,125,0,0,0,10.71,,
98316,127,44,22,22,10.71,,
98317,128,28,25,3,10.71,,
98318,131,22,17,5,10.71,,
98320,132,43,18,25,10.71,,
98322,400,23,17,6,7.7,,
98323,11595-2,5,3,2,17.96,,
98324,5614-7,7,4,3,45.12,,
98325,88FBM101-6,3,3,0,2.89,,
98326,14540-6,0,0,0,5.43,,
98327,88FBMA102-6,0,0,0,3.54,,
98328,88FAS014-6,0,0,0,8.29,,
98329,88FAS038-6,0,0,0,15.38,,
98330,11822-6,0,0,0,3.14,,
98334,99DFCCSZ1S,6,3,3,51.81,,
98335,99DFCCSS1S,7,4,3,57.3,,
98336,99DFCCAB1S,3,2,1,39.12,,
98337,99DFCCAZ1S,5,3,2,51.81,,
98338,99DFCCAS1S,6,3,3,57.3,,
98339,1670-3,4,4,0,10.93,,
98340,66419-3,13,6,7,9.95,,
98341,1674-6,5,0,5,27.42,,
98343,30SCM-D5OS,0,0,0,682.5,828.75,
98345,14-02-026,2,1,1,400.68,,
98349,99CC045-1S,19,5,14,75.76,,
98350,99CC085-1S,8,2,6,83.99,,
98351,99CC085HSA1S,0,0,0,103.51,,
98352,99CC150-1S,1,0,1,128.63,,
98354,99DFPVSS1S,6,3,3,83.65,,
98355,99DFPVAB1S,8,5,3,61.44,,
98356,99DFPVAS1S,5,4,1,83.65,,
98357,12820-5,15,7,8,6.11,,
98358,11526-3,8,6,2,8.05,,
98359,11512-3,11,8,3,9.41,,
98360,88TC06-7,5,3,2,17.44,,
98362,11840-7,5,2,3,17.86,,
98363,11841-4,5,3,2,6.58,,
98364,12562-6,45,24,21,2.92,,
98365,11820-7,2,2,0,7.07,,
98366,11873-1,25,13,12,4.29,,
98371,11891D7,12,10,2,5.71,,
98372,66406-5,0,0,0,27.49,,
98373,66074-3,13,3,10,18.14,,
98374,1607-3,12,6,6,6.82,,
98375,8803LP2,8,4,4,40.65,,
98376,8803LPG2,34,20,14,45.9,,
98377,8812LP2,8,4,4,96.07,,
98378,8812LPG2,28,15,13,99.74,,
98379,8812LLP2,0,0,0,92.58,,
98380,8812LLPG2,20,12,8,98.95,,
98384,13700-7,0,0,0,6.63,,
98385,13702-4,0,0,0,10.45,,
98386,11575-3,10,4,6,6.33,,
98387,11952-7,6,2,4,8.0,,
98388,010-13177-00,0,0,0,112.49,,
98394,GOST-UCU-S,0,0,0,1999.99,,
98395,6242,14,10,4,473.86,,
98396,6252,18,11,7,678.41,,
98397,6253,12,6,6,869.32,,
98398,6262,8,5,3,1073.86,,
98399,6263,11,6,5,1261.36,,
98401,G230524,9,5,4,10.07,,
98402,G230416,0,0,0,12.12,,
98403,G230316,0,0,0,12.13,,
98417,TYN-08BLUSP,10,8,2,4.17,,
98418,3000004255,12,8,4,81.25,,
98422,S10,2,0,2,265.36,,
98430,AAI-KIT,1,0,1,779.99,,
98431,WVI-KIT,0,0,0,2642.35,,
98432,S6HD-KIT,1,0,1,1899.99,,
98433,F4-A250-R,0,0,0,6388.89,,
98434,F4-A250-S,0,0,0,6055.56,,
98435,F4-A500-R,0,0,0,11444.44,,
98436,F4-A500-S,0,0,0,11111.11,,
98438,400715-3,2,0,2,48.24,,
98439,401840-3,9,5,4,98.24,,
98440,404939-3,1,0,1,65.09,,
98441,422730-1,3,0,3,31.73,,
98442,WR16/2DC-100,3,1,2,54.23,,
98444,WR16/2DC-250,2,0,2,121.15,,
98445,WR16/2DC-500,3,0,3,219.23,,
98446,WR14/2DC-100,3,2,1,63.46,,
98447,WR14/2DC-250,3,1,2,147.12,,
98448,422732-1,2,0,2,21.76,,
98449,WR14/2DC-500,3,2,1,271.15,,
98450,WR12/2DC-100,4,2,2,91.15,,
98451,426514-1,0,0,0,20.18,,
98452,426516-1,0,0,0,17.38,,
98453,WR12/2DC-250,0,0,0,250.96,,
98454,WR12/2DC-500,4,2,2,392.31,,
98455,WR10/2DC-100,4,3,1,145.38,,
98456,WR10/2DC-250,1,0,1,340.38,,
98457,WR10/2DC-500,0,0,0,628.85,,
98458,WR16/3-100,3,2,1,72.69,,
98459,426518-1,0,0,0,24.11,,
98460,426519-1,3,3,0,28.05,,
98461,426521-1,15,7,8,20.18,,
98462,426522-1,0,0,0,40.95,,
98463,WR16/3-250,3,1,2,164.42,,
98464,S00-01140-00,1,0,1,8.55,,
98467,HT1821AW,0,0,0,187.71,,
98468,WR16/3-500,0,0,0,288.46,,
98469,WR14/3-250,0,0,0,196.15,,
98470,WR14/3-500,0,0,0,369.23,,
98471,WR14/3-1000,0,0,0,669.23,,
98472,WR12/3-100,2,1,1,120.0,,
98473,WR12/3-250,0,0,0,300.0,,
98474,WR12/3-500,2,0,2,480.0,,
98475,WR10/3-100,3,1,2,188.08,,
98482,ZDIGELINK,5,2,3,195.96,,
98483,WR10/3-250,4,2,2,444.23,,
98484,WR10/3-500,2,2,0,836.54,,
98485,WR14/3-100,4,2,2,84.23,,
98486,WR16/4-250,0,0,0,237.0,,
98487,WR16/4-500,1,0,1,438.46,,
98488,WR14/4-100,3,2,1,132.69,,
98489,WR14/4-250,0,0,0,308.65,,
98490,WR14/4-1000,0,0,0,1084.62,,
98491,WR12/4-100,2,1,1,180.0,,
98492,WR12/4-250,1,0,1,380.0,,
98493,WR12/4-500,0,0,0,773.08,,
98494,WR10/4-100,4,2,2,252.69,,
98495,WR10/4-250,1,0,1,614.42,,
98496,WR10/4-500,2,0,2,1344.23,,
98497,WR14/4-500,1,1,0,582.69,,
98498,WR16/6-100,2,2,0,237.69,,
98499,WR16/6-250,5,2,3,576.92,,
98500,WR16/6-500,0,0,0,1050.0,,
98501,WR14/6-100,0,0,0,303.46,,
98502,WR14/6-250,0,0,0,735.58,,
98503,WR14/6-500,0,0,0,1401.92,,
98508,101829,5,3,2,118.35,,
98519,BS-22,6,4,2,60.56,,
98520,BS-23,5,3,2,71.67,,
98521,BS-24,8,4,4,87.78,,
98522,BS-25,2,0,2,73.33,,
98527,FW-40PROA-GN,0,0,0,180.0,,
98528,FW-40PROA-HV,3,3,0,180.0,,
98529,FW-40PROHA-OB,3,3,0,215.63,,
98531,AV-1000-BK-XS/S,0,0,0,161.25,,
98532,AV-1000-BK-M/L,3,3,0,161.25,,
98533,AV-1000-BK-XL/XXL,2,2,0,161.25,,
98534,AV-1000-GN-XS/S,0,0,0,161.25,,
98535,AV-1000-GN-M/L,2,2,0,161.25,,
98536,AV-1000-GN-XL/XXL,0,0,0,161.25,,
98537,BCF-AV1000,0,0,0,13.13,,
98540,W0004,0,0,0,5.49,,
98547,AV-5001-OB-S/M,0,0,0,63.75,,
98548,AV-5001-OB-L/XL,0,0,0,63.75,,
98549,AV-5001-OB-2XL/3XL,0,0,0,63.75,,
98550,701-MDVS-D,0,0,0,160.9,,
98551,010-13305-00,1,1,0,91.17,,
98553,010-13269-12,2,1,1,26.59,,
98554,AV-800-OB-S/M,0,0,0,78.13,,
98555,AV-800-OB-L/XL,0,0,0,78.13,,
98556,AV-800-OB-2XL/3XL,0,0,0,78.13,,
98557,AS-1100-OB-S,0,0,0,419.38,,
98558,AS-1100-OB-M,0,0,0,419.38,,
98559,AS-1100-OB-L,0,0,0,419.38,,
98560,AS-1100-OB-XL,0,0,0,419.38,,
98561,AS-1100-OB-2XL,0,0,0,419.38,,
98562,AS-1100-OB-3XL,0,0,0,443.75,,
98564,FRS-900-HV-S/M,0,0,0,374.38,,
98565,FRS-900-HV-L/XL,2,2,0,374.38,,
98566,FRS-900-HV-2XL/3XL,0,0,0,374.38,,
98567,FRP-800-BK-S/M,0,0,0,174.38,,
98568,010-C1351-40,0,0,0,281.58,,
98569,FRP-800-BK-L/XL,2,2,0,174.38,,
98570,FRP-800-BK-2XL/3XL,0,0,0,174.38,,
98571,312070001,0,0,0,820.0,,1229.99
98572,312500001,0,0,0,766.67,,1149.99
98583,491108-1,0,0,0,8.69,,
98584,422768-1,6,4,2,61.37,,
98585,312500003,0,0,0,792.67,,1188.99
98591,FG250RV,15,5,10,20.0,,
98603,1029,18,18,0,23.24,,
98604,1082,13,3,10,26.01,,
98605,1054,0,0,0,24.9,,
98606,1086,0,0,0,27.87,,
98607,1160,0,0,0,34.99,,
98608,1139,18,12,6,34.99,,
98609,1092,116,111,5,46.82,,
98611,1027,15,5,10,14.23,,
98614,1090,7,1,6,22.53,,
98615,1091,9,6,3,14.23,,
98616,1011,14,3,11,52.17,,
98617,1022,15,13,2,52.17,,
98618,1014,36,22,14,52.17,,
98619,1009,1285,1250,35,14.23,,
98620,1006,45,36,9,22.53,,
98621,1001,141,133,8,22.53,,
98622,1005,145,108,37,22.53,,
98623,1104,14,2,12,16.6,,
98624,1023,23,6,17,13.43,,
98625,010-12504-00,0,0,0,14.99,,
98634,1132,8,7,1,20.0,,
98635,1133,55,51,4,20.0,,
98636,1134,18,15,3,20.0,,
98637,1076,21,11,10,15.66,,
98638,1075,7,4,3,15.66,,
98639,1077,14,6,8,15.66,,
98643,1119,0,0,0,34.99,,
98648,OMHD-04-DB-R,3,3,0,98.75,,
98649,OMSD-01-DB-R,0,0,0,112.5,,
98650,BPP900462050,5,5,0,13.78,,17.0
98651,BPP900462070,4,2,2,13.78,,17.0
98667,SC3-CC-BZSM,1,1,0,242.68,,349.0
98668,SC3-BW-BZSM,0,0,0,218.29,,319.0
98669,SC3-BB-BZSM,2,2,0,218.29,,319.0
98670,SC3-GW-BZSM,0,0,0,218.29,,319.0
98673,010-12117-04,0,0,0,59.99,,
98686,21043,0,0,0,57.75,,
98687,B00129201,3,1,2,759.88,1019.69,
98691,367654252,0,0,0,155.34,,
98694,CIP136100010,0,0,0,12.4,,15.3
98695,CIP136125010,0,0,0,12.4,,15.3
98700,425-0012,10,6,4,1505.56,,1951.0
98701,430-0001,21,11,10,442.36,,573.0
98702,430-0003,17,8,9,583.75,,841.0
98703,430-0005,15,6,9,575.69,,746.0
98704,430-0007,10,6,4,825.69,,1070.0
98705,430-0009,11,8,3,531.25,,689.0
98706,430-0011,8,4,4,738.19,,957.0
98707,430-0013,8,5,3,663.89,,860.0
98708,430-0015,14,6,8,915.28,,1186.0
98709,429-0007,4,2,2,876.88,,1070.0
98710,413-0060,3,2,1,252.78,,328.0
98712,304-0055,11,6,5,75.0,,
98714,UC168-1,3,2,1,474.95,,
98721,36123,0,0,0,250.0,399.99,
98722,36210,0,0,0,393.75,629.99,
98724,922314,0,0,0,393.75,629.99,
98725,932314,0,0,0,590.62,944.99,
98726,262214,0,0,0,237.5,379.99,
98727,20252,0,0,0,143.75,229.99,
98729,300515,0,0,0,456.25,729.99,
98733,001-512-680-00,0,0,0,311.11,,
98738,S1950,0,0,0,1047.06,,
98739,ZDIG4GXWL,2,1,1,349.96,,
98741,VR600,12,6,6,110.13,,
98751,708082,0,0,0,12.86,,
98755,0493DP999R,0,0,0,25.55,,
98764,68000363,0,0,0,306.7,,
98767,14141-7,11,7,4,5.71,,
98768,14142-7,8,0,8,5.71,,
98769,6123AEPAWV,0,0,0,68.35,,
98770,14060-7,8,3,5,16.25,,
98772,14063-7,6,4,2,20.83,,
98773,14065-7,2,2,0,34.52,,
98774,14064-7,4,2,2,38.1,,
98775,11149-4,8,4,4,28.57,,
98777,103200-999-004-12,0,0,0,66.25,,
98779,11195-4,7,3,4,35.71,,
98781,1698,3,0,3,40.67,,
98784,MAG5151SL,0,0,0,497.4,596.88,
98785,MAG2626SL,0,0,0,249.91,299.88,
98786,MAG6363SL,0,0,0,632.4,758.88,
98787,ALT5151SL,0,0,0,483.33,580.0,
98788,ALT2626SL,0,0,0,224.97,269.96,
98789,148-1006,9,6,3,102.14,,
98790,148-1126,8,3,5,150.59,,
98791,149-0346,14,5,9,74.79,,
98792,149-1186,4,2,2,114.43,,
98793,149-1126,5,2,3,162.79,,
98794,147-0346,8,4,4,73.6,,
98795,147-1186,5,3,2,99.06,,
98796,365-0386,13,7,6,106.09,,
98797,365-0566,6,4,2,106.09,,
98798,317-0586,6,3,3,133.39,,
98799,305-0386,5,3,2,101.4,,
98800,305-0566,6,3,3,93.8,,
98801,165-0126,2,1,1,42.71,,
98802,38163225,0,0,0,246.68,,
98803,166-0126,4,3,1,42.71,,
98804,166-0586,6,2,4,45.77,,
98805,165-0586,3,1,2,45.77,,
98806,165-0346,5,4,1,61.34,,
98808,166-0346,7,6,1,61.34,,
98809,161-1006,3,3,0,82.56,,
98810,250-1126,0,0,0,372.91,,
98811,325626-1,4,1,3,48.89,,
98812,100-1146,3,2,1,306.13,,
98813,102-1126,0,0,0,434.03,,
98814,100-0346,0,0,0,264.44,,
98815,100-1006,2,2,0,291.76,,
98816,705-0381,15,5,10,12.89,,
98818,705-0561,20,10,10,12.43,,
98820,705-0121,19,7,12,13.64,,
98821,705-0141,24,10,14,12.13,,
98822,705-0581,16,6,10,13.94,,
98826,705-1001,16,10,6,15.46,,
98827,710-0121,19,10,9,18.34,,
98828,710-0341,14,6,8,19.86,,
98829,710-0581,22,10,12,18.5,,
98830,710-1001,15,9,6,20.61,,
98831,710-1121,22,10,12,26.6,,
98832,710-1141,24,10,14,25.71,,
98833,710-1381,16,6,10,24.79,,
98834,710-2001,24,12,12,29.36,,
98835,720-1001,10,5,5,63.27,,
98836,720-1121,9,5,4,66.16,,
98837,720-2001,7,3,4,68.07,,
98838,720-2121,8,4,4,73.51,,
98839,720-3001,9,5,4,77.21,,
98840,11127-4,11,7,4,32.74,,
98841,11126-4,7,4,3,38.69,,
98842,720-3121,10,5,5,79.46,,
98843,720-4001,10,5,5,81.7,,
98844,720-4001L,10,5,5,82.01,,
98845,11247-1,9,7,2,18.68,,
98846,720-5001,10,5,5,86.17,,
98847,720-5001L,11,6,5,87.46,,
98848,720-6001,10,5,5,88.73,,
98849,720-6001L,11,6,5,90.01,,
98850,15232-7,4,4,0,11.84,,
98851,720-8001,10,5,5,92.57,,
98852,15221-7,10,3,7,15.15,,
98853,720-8001L,9,5,4,96.41,,
98854,GFELGF-BK-DP,0,0,0,44.99,,
98855,GFEL-GF-R-DP,0,0,0,44.99,,
98856,GFEL-LG-BK-DP,6,3,3,44.99,,
98857,GFEL-LG-R-DP,5,1,4,44.99,,
98858,11108-7,7,2,5,11.32,,
98859,11730-7,6,4,2,14.49,,
98860,11732-7,4,3,1,8.76,,
98861,11792-6,0,0,0,5.16,,
98862,SP-1002,22,7,15,14.33,,
98863,90720,6,3,3,17.86,,
98864,91320,4,2,2,19.36,,
98865,91320-ADJ,1,1,0,32.3,,
98867,EBL-1-DP,0,0,0,242.7,,
98870,GNT-EVOLUTION-IDP-SM+,0,0,0,4715.28,,
98873,2158135,4,4,0,30.71,,
98874,2158119,3,1,2,42.41,,
98875,2158133,0,0,0,30.71,,
98876,2158118,3,2,1,35.71,,
98877,2158117,0,0,0,40.36,,
98878,2158132,4,2,2,40.36,,
98880,2158120,3,1,2,51.88,,
98882,2158134,5,3,2,21.43,,
98884,GDI000016000,4,3,1,88.88,,109.65
98886,98391GNMX,8,4,4,62.92,,
98887,98391GY,7,3,4,57.54,,
98888,98395CAMO,5,3,2,55.51,,
98889,98395GY,5,2,3,42.93,,
98892,A2C59514202,1,0,1,17.99,51.84,
98903,202-255,0,0,0,200.0,256.0,
98922,TS001,5,2,3,47.99,,
98923,IG001,11,5,6,47.11,,
98924,IG002,2,0,2,31.39,,
98925,IG003,4,2,2,25.13,,
98926,IG004,3,0,3,19.99,,
98927,IG005,4,1,3,60.68,,
98928,IG006,2,1,1,59.99,,
98929,IG007,11,5,6,44.93,,
98930,IG008,12,6,6,75.84,,
98931,IG009,12,6,6,59.96,,
98932,IG010,4,2,2,78.56,,
98933,IG011,9,3,6,56.99,,
98934,IG012,11,7,4,47.99,,
98935,IG013,2,2,0,29.24,,
98936,DR001,2,0,2,4.49,,
98937,DR002,5,3,2,6.79,,
98938,DR003,12,6,6,8.36,,
98939,DR004,12,6,6,15.16,,
98940,DC001,11,5,6,26.27,,
98941,DC003,6,4,2,41.45,,
98942,317-0580-FT,131,131,0,4.35,,
98943,365-0560-FT,112,112,0,3.4,,
98945,DC004,12,6,6,48.61,,
98946,DC006,11,5,6,17.51,,
98947,DC007,11,5,6,19.23,,
98948,TP001,12,6,6,61.51,,
98951,SUN-COV-175,0,0,0,53.33,,
98953,327-1126,0,0,0,366.53,,
98954,327-2006,1,1,0,582.97,,
98957,481-3000,4,3,1,204.29,,
98963,G7516,0,0,0,10.79,,
98964,GP1040-43,0,0,0,334.53,,
98965,G7164,0,0,0,10.93,,
98970,110513,0,0,0,297.4,453.19,
98971,1110,5,5,0,29.97,,
98972,1111,8,4,4,29.97,,
98973,000-10614-001,0,0,0,19.88,,
98982,1100531-L1,0,0,0,92.13,,
98983,1100521-L1,7,7,0,94.84,,
98984,3433,2,1,1,432.12,,
98985,6259,2,1,1,255.57,,
98986,6247,4,3,1,125.83,,
98987,60060,2,2,0,195.73,,
98988,6275,4,2,2,334.99,,
98989,6279,3,1,2,197.96,,
98990,3432,2,1,1,385.99,,
98991,2171000,0,0,0,10.87,,
98992,5399,4,2,2,147.57,,
98993,6220,7,3,4,109.37,,
98994,6218,4,2,2,140.69,,
98995,SW064,4,2,2,22.77,,
98996,SW595,0,0,0,26.05,,
98997,20810,4,3,1,183.16,,
98998,5358,1,1,0,118.36,,
98999,SW275,3,2,1,21.16,,
99000,6267,3,2,1,264.27,,
99001,6232,5,2,3,112.4,,
99002,SW774,3,2,1,27.11,,
99003,SW099,3,1,2,27.69,,
99004,1690106,1,1,0,142.79,,
99006,FRBBA230,0,0,0,142.3,,
99010,88451,0,0,0,143.74,199.99,
99011,88452,2,0,2,181.24,249.99,
99018,PT-0-5000PSI-01,3,3,0,183.96,,
99019,KITOBBHBR-06',2,0,2,149.04,,
99022,9091-5,9,6,3,7.42,,
99025,1660230,17,15,2,393.24,,
99026,89700924,5,1,4,806.61,,
99027,SW08HOG,0,0,0,8.58,,
99029,SW08HP,0,0,0,8.58,,
99030,SW08GRMU,0,0,0,8.58,,
99031,SW08HBNC,0,0,0,8.58,,
99032,W14/2DC-FT,65,65,0,0.46,,
99038,301-0132,4,2,2,30.69,,
99047,20-586-01,0,0,0,340.0,,
99049,544313,0,0,0,521.71,794.99,
99053,1127RA0WHT,0,0,0,179.63,,
99054,1127GA0WHT,0,0,0,179.63,,
99057,03-1104-10PK,2,2,0,6.1,,
99058,03-1108-2PK,2,2,0,8.54,,
99061,99DFPVSB1S,4,2,2,61.44,,
99062,09-812BT-1,0,0,0,36.0,,
99070,1250300,0,0,0,239.87,,
99072,1240748-MLNS,10,5,5,84.63,,
99073,12730,0,0,0,1.5,,
99077,SXV300M1-3,7,5,2,164.21,,
99079,AK7691,1,0,1,47.28,,
99084,2158920,0,0,0,31.75,,
99085,225T-TM904,1,1,0,577.78,,
99086,225T-PR904,0,0,0,1511.11,,
99087,1780250,3,2,1,70.19,,
99088,1780245,4,4,0,59.13,,
99089,WP-800-900,3,0,3,22.44,,
99090,1690107,6,4,2,137.54,,
99093,07-30M-134R    ,0,0,0,71.88,92.0,
99094,07-SRC-30M     ,0,0,0,31.25,40.0,
99095,07-141-8NPSMPLUG     ,0,0,0,26.88,34.4,
99097,N07170,6,4,2,95.14,123.29,
99098,N03130,1,0,1,16.44,21.31,
99100,32301,7,3,4,52.51,68.05,
99101,64914,0,0,0,18.72,24.26,
99102,64913,11,2,9,16.03,20.76,
99103,81586,4,2,2,82.56,107.0,
99109,81585,0,0,0,72.9,94.47,
99110,81686B,0,0,0,100.76,130.58,
99111,81685B,0,0,0,88.14,114.23,
99112,81684B,0,0,0,74.64,96.73,
99113,81683B,0,0,0,60.26,78.1,
99114,81682B,2,0,2,44.33,57.46,
99115,81686,0,0,0,97.4,126.23,
99116,81684,0,0,0,71.08,92.13,
99117,81682,0,0,0,42.22,54.73,
99118,41201,23,2,21,179.99,,
99119,60150,6,2,4,28.03,36.32,
99120,41200,30,7,23,169.99,,
99121,N03591,4,2,2,63.76,82.64,
99122,N02130,4,2,2,14.96,19.39,
99134,N01130,6,4,2,13.32,17.25,
99135,05900,4,2,2,275.94,357.62,
99136,N03430,4,2,2,27.56,35.71,
99137,64804,0,0,0,1.67,2.16,
99138,N03631,0,0,0,61.85,80.15,
99139,N02631,0,0,0,54.15,70.17,
99140,N02430,0,0,0,22.03,28.55,
99141,N02290,0,0,0,28.6,37.06,
99142,N02190,0,0,0,20.83,26.99,
99143,N02160,4,2,2,15.15,19.63,
99144,N02150,4,2,2,19.06,24.7,
99145,N00110,4,2,2,6.14,7.96,
99146,42400,6,4,2,9.8,13.05,
99147,42358,0,0,0,4.03,5.36,
99148,43601,0,0,0,5.77,7.69,
99149,42357,1,0,1,3.77,5.01,
99150,81550,3,3,0,76.84,102.36,
99151,81584,5,2,3,61.96,80.29,
99152,42336,3,3,0,48.62,64.76,
99153,42335,5,3,2,72.72,94.25,
99154,42334,4,2,2,65.49,84.87,
99155,21053,4,3,1,14.36,19.13,
99156,42300,15,8,7,131.25,170.1,
99157,90301,0,0,0,86.67,112.31,
99158,70300,4,2,2,26.69,34.59,
99159,60001,8,5,3,20.11,26.06,
99160,52111,5,4,1,12.64,16.83,
99161,52110,6,2,4,12.64,16.83,
99162,52100,2,2,0,16.89,21.88,
99163,52001,12,1,11,13.15,17.05,
99164,52000,3,2,1,13.15,17.05,
99165,51253,7,4,3,41.18,54.86,
99168,22100,0,0,0,51.88,67.22,
99169,21644,5,3,2,86.81,112.5,
99170,21643,5,3,2,83.28,107.93,
99171,21642,1,1,0,79.17,102.6,
99172,21641,0,0,0,68.78,89.13,
99175,PMP242305102,19,5,14,808.2,,997.05
99180,55505,4,2,2,499.99,,624.99
99181,55363,3,3,0,379.99,,474.99
99183,W14/3-FT,17,17,0,0.68,,
99194,221127,14,7,7,11.32,,
99196,TAE1/0-12R-10,19,12,7,18.06,,
99201,TAE1-12R-10,19,10,9,17.2,,
99206,TAE2/0-12R-10,17,8,9,16.29,,
99210,TAE2/0-38R-2,9,0,9,6.96,,
99212,TAE2-12R-10,16,14,2,16.03,,
99214,A22112,0,0,0,332.5,399.0,
99218,TAE3/0-12R-10,20,10,10,20.26,,
99220,TAE3/0-38R-10,16,8,8,20.45,,
99222,TAE3/0-56R-10,18,9,9,20.06,,
99224,TAE4/0-12R-10,7,2,5,27.64,,
99226,TAE4/0-38-R-10,12,6,6,27.64,,
99232,TAE4/0-56R-10,8,5,3,27.64,,
99237,TAE4-12R-10,8,6,2,13.23,,
99244,TAE6-12R-10,8,3,5,9.63,,
99246,TAE6-14R-2,20,14,6,4.0,,
99247,TAE6-38R-2,30,20,10,4.0,,
99250,TAE8-12R-10,17,9,8,15.54,,
99256,TBSE18-25,9,6,3,14.71,,
99257,TBSE18-100,18,13,5,29.79,,
99258,TBSE14-3,6,6,0,3.82,,
99259,TBSE14-25,8,6,2,14.71,,
99260,TBSE14-100,41,16,25,29.79,,
99261,TBSE10-3,0,0,0,4.76,,
99262,TBSE10-25,6,6,0,20.31,,
99263,TBSE10-100,15,9,6,41.12,,
99265,TBSE8-25,6,0,6,28.13,,
99267,TE18-8R-25,6,2,4,14.71,,
99268,TE18-8R-100,19,12,7,30.09,,
99269,TE18-10R-3,8,8,0,2.02,,
99270,TE18-10R-25,6,3,3,14.43,,
99271,TE18-10R-100,26,15,11,29.53,,
99272,TE18-14R-3,1,1,0,1.96,,
99273,TE18-14R-25,11,5,6,13.93,,
99274,TE18-14R-100,27,14,13,28.51,,
99275,TE18-56R-3,7,7,0,1.96,,
99276,TE1856R-25,6,6,0,13.93,,
99277,TE18-56R-100,19,7,12,28.51,,
99279,TE18-38R-25,10,5,5,13.93,,
99280,TE18-38R-100,27,13,14,28.51,,
99282,TE14-8R-25,7,6,1,14.28,,
99283,TE14-8R-100,23,11,12,29.24,,
99284,TE14-10R-3,3,3,0,2.0,,
99285,TE14-10R-25,7,4,3,14.28,,
99286,TE14-10R-100,22,8,14,29.24,,
99287,TE14-14R-3,2,2,0,2.0,,
99288,CMP122200102,10,5,5,733.1,,904.4
99289,TE14-14R-25,8,4,4,14.28,,
99290,TE14-14R-100,27,13,14,31.53,,
99291,TE14-56R-3,9,9,0,2.0,,
99292,TE14-56R-25,10,5,5,14.28,,
99300,TE14-56R-100,9,2,7,30.09,,
99302,TE14-38R-25,6,3,3,14.28,,
99303,TE14-38R-100,17,8,9,29.24,,
99304,TE10-8R-3,3,3,0,2.52,,
99305,TE10-8R-25,7,4,3,21.11,,
99306,TE10-8R-100,19,15,4,40.29,,
99307,TE10-10R-3,7,7,0,2.52,,
99308,TE10-10R-25,9,8,1,19.71,,
99309,TE10-10R-100,17,11,6,40.29,,
99310,TE10-14R-3,6,6,0,2.52,,
99311,TE10-14R-25,9,5,4,19.71,,
99312,TE10-14R-100,17,10,7,40.29,,
99313,TE10-56R-3,5,5,0,2.52,,
99314,TE10-56R-25,12,7,5,19.71,,
99315,TE10-56R-100,12,4,8,40.29,,
99317,TE10-38R-3,1,1,0,2.52,,
99319,TE10-38R-25,14,5,9,19.71,,
99321,TE10-38R-100,14,8,6,40.29,,
99325,TE18-8SLF-25,11,5,6,16.49,,
99327,TE18-8SLF-100,27,15,12,33.76,,
99332,TE14-8SLF-25,9,4,5,17.15,,
99333,TE14-8SLF-100,26,11,15,35.04,,
99337,TE14-10SLF-25,8,3,5,16.33,,
99338,TE14-10SLF-100,29,14,15,33.41,,
99339,TE10-8SLF-3,7,7,0,2.47,,
99342,TE10-8SLF-25,10,6,4,22.28,,
99344,TE10-8SLF-100,26,14,12,45.65,,
99345,TE10-10SLF-3,4,4,0,2.47,,
99346,TE10-10SLF-25,11,5,6,22.28,,
99347,TE10-10SLF-100,28,14,14,45.65,,
99349,TDE18-250FI-25,7,7,0,12.19,,
99350,TDE18-250M-3,5,5,0,2.58,,
99351,TDE18-250M-25,5,1,4,23.43,,
99352,TDE18-250M-100,24,13,11,47.92,,
99354,TE8-10R-25,11,6,5,22.28,,
99356,TE8-14R-25,8,2,6,22.28,,
99357,TE8-56R-25,6,3,3,22.28,,
99361,TE8-12R-25,9,6,3,23.35,,
99362,TDE18-250FI-100,10,7,3,48.72,,
99363,TDE14-250FI-3,1,1,0,4.26,,
99364,TDE14-250FI-25,3,2,1,39.37,,
99365,TDE14-250FI-100,3,2,1,80.55,,
99366,TDE14-250M-3,9,9,0,2.58,,
99367,TDE14-250M-25,3,1,2,23.43,,
99368,TDE14-250M-100,24,12,12,47.92,,
99370,TBRE18-156-25,11,6,5,19.23,,
99371,TBRE18-156-100,28,15,13,39.35,,
99373,TBPE18-156-25,9,5,4,19.23,,
99374,TBPE18-156-100,29,14,15,39.35,,
99376,TBRE14-156-25,11,7,4,20.29,,
99377,TBRE14-156-100,25,12,13,41.48,,
99379,TBPE14-156-25,11,8,3,20.29,,
99380,TBPE14-156-100,24,12,12,41.48,,
99382,001-554-920-00,4,2,2,163.64,,
99397,MV325003-277-0-216,8,4,4,47.51,,
99400,MV355502-277-0-216,9,5,4,47.51,,
99401,MV356002-277-0-216,4,4,0,47.51,,
99402,0P22100,0,0,0,4.68,,
99406,1229,0,0,0,311.32,,
99407,3093,0,0,0,461.42,,
99408,6152SPP-12SC,0,0,0,380.05,,
99413,1088,1,0,1,11.56,,
99416,B00143501,0,0,0,219.87,267.29,
99417,B00143601,0,0,0,203.64,247.49,
99418,B00143502,0,0,0,415.32,504.89,
99420,325032-1,22,12,10,12.67,,
99421,325033-1,28,10,18,12.67,,
99422,325034-1,0,0,0,12.81,,
99423,PM111C-LH,0,0,0,2682.74,,
99429,RGP6,7,7,0,6.5,,
99430,RIRP,0,0,0,11.34,,
99431,M135C-M-9N,0,0,0,681.94,939.0,
99433,RA6186800,0,0,0,1.06,,
99439,30239,8,2,6,23.54,31.99,
99440,30243,26,17,9,11.78,15.99,
99441,30240,0,0,0,20.62,27.99,
99442,PMP482505110,9,3,6,1313.92,,1620.95
99443,BAT512118610,0,0,0,723.45,,892.5
99444,BGW-200,0,0,0,202.5,279.4,
99447,SCM-DLXS-BB-WH,5,3,2,47.5,,69.99
99448,SCM-DLXS-WW-WH,2,2,0,47.5,,69.99
99449,SCM-DLXS-GW-WH,4,2,2,47.5,,69.99
99450,41910,0,0,0,19.44,,
99451,41912,4,4,0,25.77,,
99452,41914,6,2,4,30.83,,
99453,41916,4,4,0,39.49,,
99454,41920,0,0,0,23.13,,
99455,41922,2,2,0,17.44,,
99456,41924,5,5,0,17.29,,
99457,41926,4,4,0,15.63,,
99458,92922111,0,0,0,20.29,,
99459,NAN012PW/TSFT/NA,3,2,1,708.74,,
99460,001-392-790-00,4,4,0,90.91,,
99464,GS-380-LE,9,6,3,1749.99,,
99467,30Y-S5OS,2,0,2,493.5,599.25,
99468,89300053,0,0,0,2840.02,,
99469,39660050,0,0,0,792.89,,
99470,2021133086,1,1,0,1233.55,1659.0,
99471,2021133087,2,1,1,1233.55,1659.0,
99472,2021133088,2,1,1,1233.55,1659.0,
99473,2021133089,2,1,1,1233.55,1659.0,
99476,T-NAN012PW/E/NA,3,0,3,480.01,,
99477,T-NAN024PW/E/NA,0,0,0,483.34,,
99478,T-NAN024PW/TSFT/NA,0,0,0,720.51,,
99482,ZDIGNS5,4,2,2,118.96,,
99488,C998-30,0,0,0,92.8,,
99493,010-12530-25,0,0,0,19.99,,
99494,E70643,6,5,1,252.7,,
99497,6293,2,2,0,340.31,,
99498,6294,1,0,1,340.31,,
99499,6295,3,1,2,374.47,,
99504,2021133090,3,1,2,1075.0,1659.0,
99505,2021133091,2,1,1,1233.55,1659.0,
99506,2021133092,2,1,1,1233.55,1659.0,
99507,2021133093,2,1,1,1233.55,1659.0,
99508,2021133094,4,2,2,1233.55,1659.0,
99509,2021133095,2,1,1,1233.55,1659.0,
99510,2021133096,2,1,1,1233.55,1659.0,
99511,2021133097,2,1,1,1233.55,1659.0,
99512,2021133098,2,1,1,1233.55,1659.0,
99513,2021133099,2,1,1,1233.55,1659.0,
99516,SBR-23LI,29,3,26,30.0,,
99520,435,53,39,14,10.29,,16.99
99523,F153180,8,4,4,88.64,,
99527,HA4-25WHA-7-0000-0-0,0,0,0,2049.08,,
99532,ORIONC,2,1,1,1259.3,,
99533,ORIONCF,2,1,1,1329.3,,
99535,109600,1,0,1,948.61,,
99537,106107,0,0,0,86.03,,
99538,106106,0,0,0,78.3,,
99539,106108,0,0,0,95.16,,
99540,106112,0,0,0,107.85,,
99541,106110,0,0,0,102.88,,
99542,106114,0,0,0,115.36,,
99543,106116,0,0,0,122.2,,
99544,106118,0,0,0,129.71,,
99545,106120,0,0,0,137.22,,
99546,106122,0,0,0,146.79,,
99547,106124,0,0,0,156.35,,
99548,100205,11,11,0,9.6,,
99555,167401,4,4,0,65.12,119.97,
99556,167432,17,10,7,24.49,44.97,
99557,167501,5,5,0,74.28,131.97,
99558,167532,7,5,2,22.99,51.97,
99560,92921111,5,5,0,21.24,,
99561,010-12022-00,0,0,0,6.99,,
99568,B00059201,0,0,0,83.25,99.89,
99570,250-1126-FT,145,145,0,10.44,,
99571,100-1146-FT,23,23,0,8.58,,
99572,102-1126-FT,42,42,0,12.16,,
99573,100-0346-FT,58,58,0,7.4,,
99574,100-1006-FT,5,5,0,8.18,,
99575,481-3000-FT,28,28,0,7.15,,
99578,1139,3,3,0,9.69,,
99579,1014,4,4,0,18.85,,
99580,1157,11,11,0,3.51,,
99585,O4ID2,0,0,0,256.25,,
99586,O4D9,0,0,0,256.25,,
99587,O4B9,0,0,0,155.0,,
99595,24832JU,2,1,1,2623.0,,
99596,24831GU,20,6,14,2443.01,,
99597,165-0126-FT,23,23,0,1.5,,
99598,166-0126-FT,24,24,0,1.5,,
99599,166-0586-FT,50,50,0,1.6,,
99600,165-0586-FT,50,50,0,1.6,,
99601,165-0346-FT,28,28,0,2.15,,
99602,161-1006-FT,45,45,0,2.9,,
99605,148-1006-FT,28,28,0,3.58,,
99606,148-1126-FT,19,19,0,5.28,,
99607,149-0346-FT,12,12,0,2.63,,
99608,149-1186-FT,45,45,0,4.0,,
99609,149-1126-FT,50,50,0,5.7,,
99610,147-0346-FT,15,15,0,2.58,,
99611,147-1186-FT,32,32,0,3.48,,
99612,365-0386-FT,25,25,0,3.73,,
99613,365-0566-FT,21,21,0,3.73,,
99614,317-0586-FT,9,9,0,4.68,,
99615,305-0386-FT,4,4,0,3.55,,
99616,305-0566-FT,50,50,0,3.28,,
99617,327-1126-FT,134,134,0,10.26,,
99618,327-2006-FT,71,71,0,16.32,,
99623,ME70BTW8505W,2,0,2,139.99,,
99624,ME70BTWMA8505B,0,0,0,139.99,,
99628,IRIS-S460-18,7,4,3,316.57,,
99629,IRIS-S460-28,0,0,0,345.35,,
99630,IRIS-S460-36,1,1,0,345.35,,
99632,IRIS-S076,4,0,4,434.99,,
99633,IRIS-S476,0,0,0,491.28,,
99634,IRIS490,1,0,1,694.19,,
99635,IRIS735,3,1,2,298.55,,
99642,IRIS106,1,0,1,1095.93,,
99643,IRIS4106,4,0,4,1059.99,,
99644,BRK106,2,0,2,214.99,,
99645,CMAC-INT001,1,0,1,499.99,,
99646,CMAC-INT002,0,0,0,549.42,,
99647,POE1,0,0,0,81.25,,
99648,CMAC-NVR-1TB-G,2,0,2,1079.99,,
99649,CMAC-NVR-1TB-X,1,0,1,809.99,,
99650,CMAC-HVR-1TB-X,1,0,1,889.99,,
99651,POE4V2,3,0,3,159.99,,
99652,CMAC-HVR-1TB-G,1,0,1,1229.99,,
99659,166-0346-FT,45,45,0,2.15,,
99663,ZDIGISSPK1,3,1,2,587.96,,
99665,61005,0,0,0,27.25,,
99666,61003,1,1,0,10.99,,
99670,010-12697-01,0,0,0,7.49,,
99677,30399,8,6,2,40.99,67.99,
99679,RA6201,2,2,0,575.65,649.0,
99680,RA6302,5,3,2,789.76,909.0,
99681,RA6402,6,2,4,946.24,1089.0,
99682,RA000710052,0,0,0,45.62,49.86,
99697,010-10851-30,0,0,0,23.99,,
99701,C260,1,0,1,507.35,,
99703,861675,1,1,0,412.33,,
99712,BPP900480100,7,5,2,456.81,,563.55
99715,0965DP0STS,5,5,0,40.11,,
99719,SB44B,0,0,0,19.4,,
99724,90500,15,7,8,68.68,89.0,
99728,272V8000-S/S,4,2,2,184.8,,
99729,272V6000-S/S,2,2,0,154.5,,
99730,270V6000-S/S,8,4,4,166.43,,
99731,270V8000-S/S,7,4,3,159.86,,
99732,270V4000-S/S,3,0,3,110.73,,
99733,240V6000-S/S,1,1,0,160.39,,
99734,6635,1,0,1,47.01,,
99735,6644,3,0,3,18.17,,
99736,6645,1,0,1,24.49,,
99737,6646,4,0,4,33.56,,
99738,6654,2,0,2,18.17,,
99739,240V80000-S/S,6,3,3,285.16,,
99740,6655,2,0,2,24.49,,
99741,6656,2,0,2,33.56,,
99742,6684,2,0,2,30.13,47.43,
99743,290V3000-S/S,6,2,4,107.97,,
99744,20120,0,0,0,17.23,,
99745,20220,1,0,1,55.19,,
99746,21120,2,0,2,24.13,,
99747,30125,6,0,6,35.21,,
99748,34500,3,0,3,173.27,272.72,
99749,290V4000-S/S,2,1,1,150.14,,
99750,35500,2,0,2,271.0,426.57,
99751,FRX6 / 20705,4,0,4,9.97,,
99752,FRX10 / 21008,3,0,3,11.37,,
99753,290V6000-S/S,3,1,2,206.19,,
99754,FRX15 / 21510,2,0,2,12.48,,
99755,FRX20 / 22014,3,0,3,17.8,,
99756,FRX25 / 22517,3,0,3,24.49,,
99757,7485,3,0,3,75.91,119.47,
99758,TFK-10,9,4,5,57.37,,
99759,TFK-4,5,3,2,24.74,,
99760,TFK-10W,11,5,6,44.36,,
99761,TFK-4W,4,4,0,19.56,,
99763,517526-1,0,0,0,12.31,,
99770,BPC240845102,8,4,4,99.83,,126.65
99771,BPC241245102,15,6,9,122.61,,155.55
99772,BPC241647102,20,10,10,146.73,,186.15
99773,BPC241648102,21,10,11,166.83,,211.65
99774,910-057,0,0,0,715.63,916.0,
99775,03-200-234,2,0,2,540.0,691.2,
99782,BAM010700100,0,0,0,398.72,,506.6
99783,BAM030710100,8,3,5,249.6,,530.4
99803,DV11,3,1,2,73.17,,
99804,KO2,3,1,2,149.39,,
99805,163000,0,0,0,36.88,,
99806,RWS5B,3,2,1,18.75,,
99807,RPA,1,1,0,84.99,,
99810,ELS-3510-02,0,0,0,362.5,,
99816,413-0058,9,0,9,210.14,,
99817,417-0077,1,1,0,515.9,,669.0
99828,MD4041-191-0-202,0,0,0,89.37,,129.99
99829,MD4041-4-0-202,0,0,0,89.37,,129.99
99850,GP1500-43,0,0,0,276.35,,
99861,73123,243,4,239,4.77,,
99863,SEA2306,10,3,7,215.29,,
99864,SEA2307,7,7,0,264.71,,
99865,PMP242200102,5,3,2,636.64,,785.4
99868,ORI241270030,6,4,2,100.59,,124.1
99869,BUBBLEBUSTER,3,2,1,923.62,,
99871,950700,4,4,0,50.9,,
99872,950800,0,0,0,57.34,,
99873,98096,0,0,0,117.92,152.82,
99874,98098,0,0,0,137.63,178.36,
99875,98099,0,0,0,156.86,203.29,
99881,1368890,12,2,10,2469.3,,2999.99
99883,1368892,2,2,0,2551.61,,3099.99
99885,1368891,4,1,3,2551.61,,3099.99
99886,1368893,2,1,1,2633.92,,3199.99
99887,1368895,2,2,0,2633.92,,3199.99
99888,1368897,1,0,1,2716.23,,3299.99
99889,1368896,2,0,2,2716.23,,3299.99
99890,1368898,1,0,1,2798.54,,3399.99
99891,1368894,1,0,1,2798.54,,3399.99
99892,1368899,1,1,0,2880.85,,3499.99
99893,1368900,0,0,0,3045.47,,3699.99
99894,1368920,0,0,0,3292.4,,3999.99
99895,1368901,6,2,4,3127.78,,3799.99
99896,1368921,4,2,2,3374.71,,4099.99
99897,1368902,4,2,2,3210.09,,3899.99
99898,1368922,1,0,1,3457.02,,4199.99
99899,1368667,0,0,0,1316.95,,1599.99
99900,1368668,0,0,0,1358.11,,1649.99
99901,1368677,1,1,0,1481.57,,1799.99
99902,1358441,5,4,1,725.05,,
99903,1358453,5,3,2,795.48,,
99904,1358450,2,0,2,869.86,,
99905,1358451,15,3,12,1035.55,,
99906,1358452,0,0,0,1118.39,,
99907,1358473,1,0,1,937.83,,
99908,1358470,0,0,0,1010.7,,
99909,1358471,3,0,3,1325.51,,
99910,1358472,1,0,1,1408.36,,
99911,1358455,1,1,0,861.0,,
99912,1358475,3,2,1,1015.07,,
99913,1368715M,4,4,0,363.02,,
99914,1368716M,7,3,4,371.67,,
99915,1368730M,0,0,0,544.54,,
99916,1352145M,0,0,0,242.01,,
99917,1352155M,19,19,0,276.59,,
99918,1352156M,3,0,3,285.23,,
99919,1352270M,5,1,4,122.29,,
99920,1352272M,0,0,0,174.7,,
99921,1352274M,17,3,14,218.38,,
99922,1352278,5,3,2,227.11,,
99923,1363575,0,0,0,1333.79,,
99924,1363576,6,1,5,1532.62,,
99925,1363585,0,0,0,1582.32,,
99926,1363586,4,0,4,1781.15,,
99929,010-13336-00,0,0,0,224.99,,
99931,1358350,10,2,8,1384.56,,1649.99
99932,1358355,31,20,11,1594.36,,1899.99
99933,1358356,8,1,7,1636.31,,1949.99
99934,1358380,17,5,12,1678.26,,1999.99
99935,1358381,0,0,0,1846.09,,2199.99
99936,1358385,3,0,3,1930.01,,2299.99
99937,1358382,8,6,2,1930.01,,2299.99
99938,1358386,5,0,5,2013.92,,2399.99
99939,1358383,4,4,0,2181.75,,2599.99
99940,1358310,3,1,2,2097.84,,2499.99
99941,1358315,0,0,0,2181.75,,2599.99
99942,1358311,3,3,0,2349.57,,2799.99
99943,1358316,1,0,1,2433.49,,2899.99
99944,1358200,14,4,10,2164.65,,2699.99
99945,1358210,2,0,2,2405.16,,2999.99
99946,1358201,4,0,4,2244.82,,2799.99
99947,1358211,0,0,0,2485.34,,3099.99
99948,1358202,0,0,0,2485.34,,3099.99
99949,1358212,1,0,1,2725.85,,3399.99
99950,1358975,2,0,2,2364.54,,2799.99
99951,1358970,3,1,2,2448.99,,2899.99
99952,1358976,1,0,1,2448.99,,2899.99
99953,1358971,0,0,0,2533.44,,2999.99
99954,1358945,0,0,0,2617.89,,3099.99
99955,1358940,0,0,0,2702.33,,3199.99
99956,1358540,3,1,2,3209.02,,3799.99
99957,1358541,0,0,0,3293.47,,3899.99
99958,1358542,1,1,0,3546.82,,4199.99
99959,1358501,1,0,1,3462.37,,4099.99
99960,1358502,2,1,1,3546.82,,4199.99
99961,1358503,0,0,0,3800.16,,4499.99
99962,1363770,7,2,5,2055.87,,2449.99
99963,1363771,6,6,0,2097.84,,2499.99
99964,1363785,0,0,0,2307.62,,2749.99
99965,1363786,13,0,13,2349.57,,2799.99
99966,1363787,6,1,5,2601.32,,3099.99
99967,1363790,14,0,14,2517.4,,2999.99
99968,1363791,0,0,0,2769.15,,3299.99
99969,1363900,10,2,8,2645.68,,3299.99
99970,1363901,5,0,5,2886.2,,3599.99
99971,1363902,4,0,4,3487.49,,4349.99
99972,1363903,0,0,0,4008.61,,4999.99
99973,1358560,2,2,0,3715.71,,4399.99
99974,1358580,11,3,8,3715.71,,4399.99
99975,1358561,8,7,1,3969.06,,4699.99
99976,1358581,2,0,2,3969.06,,4699.99
99977,1358562,0,0,0,4602.43,,5449.99
99978,1358582,3,2,1,4602.43,,5449.99
99979,1358563,5,3,2,5151.33,,6099.99
99980,1358583,1,0,1,5151.33,,6099.99
99981,1852077,0,0,0,25.41,,
99982,1852078,7,0,7,25.41,,
99983,1852079,0,0,0,25.41,,
99984,1852081,7,3,4,25.41,,
99985,1852082,1,1,0,25.41,,
99986,1865039,2,0,2,36.32,,
99987,1865040,4,3,1,36.32,,
99988,1866077,16,8,8,167.08,,
99989,1866081,2,0,2,167.08,,
99990,1866082,0,0,0,163.24,,
99991,151400-200-050-23,4,0,4,63.41,,
99992,88B515-1,0,0,0,987.73,,
99993,1866078,3,1,2,163.24,,
99994,1866561,48,24,24,84.9,,
99995,1866655,8,2,6,217.93,,
99996,1866675,4,1,3,25.41,,
99997,1865130,6,1,5,78.22,,
99998,1832304,2,1,1,240.49,,
99999,1833454,4,2,2,324.99,,
100000,1854055,0,0,0,290.58,,
100002,1834604,12,6,6,403.44,,
100003,1854056,25,10,15,290.58,,
100004,1854057,1,1,0,363.22,,
100005,1854058,4,2,2,195.58,,
100006,1854062,24,5,19,167.08,,
100007,1862042,7,2,5,145.28,,
100008,1862052,5,5,0,159.81,,
100009,1854064,4,3,1,167.08,,
100010,1862060,60,23,37,58.11,,
100011,1854070,4,4,0,72.64,,
100012,1854071,1,0,1,72.64,,
100013,1854072,1,1,0,72.64,,
100014,1854073,4,4,0,72.64,,
100015,1854074,1,1,0,72.64,,
100016,010-12832-55,1,1,0,74.99,,
100017,010-12832-60,17,7,10,149.99,,
100018,010-12832-61,12,6,6,149.99,,
100019,010-12832-70,0,0,0,97.49,,
100025,SEA2380,9,9,0,26.25,,
100028,LRS-2-DP,17,13,4,10.75,,
100031,87154,14,6,8,69.43,,99.95
100032,19243,0,0,0,69.43,,99.95
100036,SS16,41,20,21,16.07,,
100037,SS32,24,24,0,19.99,,
100038,GBC16,54,40,14,12.49,,
100039,GBC32,46,17,29,25.71,,
100041,C2113-14-00600,0,0,0,634.6,,
100042,ORI242440140,8,5,3,174.32,,215.05
100049,HP24,0,0,0,35.0,,
100050,010-02867-00,4,2,2,299.99,,
100051,010-02867-01,2,2,0,299.99,,
100052,010-02867-02,0,0,0,299.99,,
100055,19052P,5,0,5,48.07,,
100056,19053P,15,8,7,42.67,,
100057,41290P,12,10,2,20.39,,
100058,41291P,8,2,6,20.39,,
100059,41320P,12,3,9,15.39,,
100060,41321P,4,2,2,15.39,,
100061,41322P,4,2,2,51.39,,
100062,41323P,4,2,2,60.75,,
100063,41339P,15,9,6,9.88,,
100064,41343P,15,3,12,52.15,,
100065,41346P,4,1,3,15.7,,
100066,41347P,5,4,1,15.7,,
100067,41360P,18,7,11,9.88,,
100068,KITOBDBR-03',4,1,3,113.4,,
100073,JTV3223DCS,23,12,11,337.23,,
100074,MI-0065-AS,0,0,0,220.68,,
100075,05-01-071,2,1,1,211.19,,
100076,05-01-072,3,1,2,211.19,,
100077,05-01-073,0,0,0,172.34,,
100078,05-01-074,3,1,2,183.59,,
100079,05-93-071,0,0,0,112.41,,
100081,41365P,11,9,2,38.48,,
100082,41373P,25,0,25,19.75,,
100083,41388P,24,9,15,49.11,,
100084,41389P,2,2,0,71.39,,
100085,41416P,6,2,4,46.58,,
100086,41440P,9,0,9,48.1,,
100087,41445P,6,1,5,33.16,,
100088,41461P,28,4,24,24.55,,
100089,FBD-2-R,0,0,0,487.5,,
100090,VP1139,2,2,0,15.87,,
100091,SC-MULTI-F1,19,5,14,45.0,,
100092,SC-MULTI-F2,18,8,10,42.19,,
100093,SC-USB-F3,43,14,29,35.44,,
100099,91260,2,2,0,146.44,,
100102,F-BMR1-B3-45,8,4,4,704.94,,
100105,BP5012,5,3,2,71.26,,
100109,33084W,4,2,2,57.76,,
100113,41462P,37,31,6,24.55,,
100114,41480P,4,3,1,33.66,,
100115,41590P,30,9,21,35.69,,
100116,41593P,17,6,11,186.81,,
100117,41598P,6,0,6,46.08,,
100118,41640P,0,0,0,8.86,,
100119,41641P,10,6,4,8.86,,
100120,41644P,9,6,3,12.4,,
100121,41645P,2,0,2,12.4,,
100122,41650P,0,0,0,18.48,,
100123,41651P,3,0,3,26.84,,
100125,41652P,10,7,3,31.14,,
100126,41741P,0,0,0,23.04,,
100127,41746P,2,0,2,23.54,,
100128,10014P,44,7,37,12.38,,
100129,10029P,27,9,18,12.38,,
100130,10180P,5,2,3,82.53,,
100131,QUA242305130,8,4,4,1060.37,,1308.15
100132,QUA122305130,20,10,10,1116.18,,1377.0
100133,AT22-BK,0,0,0,22.98,36.99,
100135,10182P,2,0,2,84.55,,
100136,10187P,9,5,4,68.35,,
100137,10262P,11,5,6,12.38,,
100138,10401P,3,2,1,56.7,,
100139,10474P,2,0,2,124.54,,
100141,10500P,11,3,8,87.08,,
100142,10617P,9,9,0,82.53,,
100148,04-04-013,4,2,2,158.56,,
100154,12104P,17,9,8,15.75,,
100155,12124P,13,4,9,112.39,,
100157,12127,8,4,4,121.0,,
100158,12131,9,5,4,112.39,,
100159,12134,10,6,4,113.91,,
100160,16000,3,2,1,274.39,,
100161,16114,5,3,2,507.26,,
100162,16201,8,5,3,104.29,,
100163,RODE57,0,0,0,457.33,,
100166,30250,9,4,5,57.89,,
100167,1124DP2CHR,1,1,0,84.24,,
100168,12738/30X8HOT,0,0,0,219.51,,
100169,12729-L,2,0,2,11.25,,
100170,12729-S,0,0,0,11.25,,
100174,2146,6,2,4,19.59,28.95,
100179,16216,1,1,0,210.6,,
100180,74125,0,0,0,60.75,,
100181,10050P,7,3,4,55.19,,
100182,10055P,12,6,6,66.33,,
100183,10056P,3,1,2,46.08,,
100184,10172P,0,0,0,73.41,,
100185,10175P,0,0,0,66.83,,
100186,10191P,5,2,3,60.25,,
100187,10196P,5,2,3,32.91,,
100188,10410P,0,0,0,139.73,,
100189,10422P,4,4,0,117.96,,
100190,12106P,3,2,1,71.39,,
100191,12107P,8,3,5,43.04,,
100192,46011P,2,2,0,248.06,,
100193,10201,4,2,2,78.48,,
100194,10202,2,2,0,72.4,,
100195,10241,4,2,2,102.26,,
100196,10242,6,4,2,79.99,,
100197,10280,2,2,0,78.48,,
100198,10281,5,4,1,68.85,,
100199,10923,1,1,0,58.23,,
100200,10924,1,1,0,55.19,,
100201,10306P,17,13,4,16.2,,
100202,19006P,3,0,3,19.24,,
100203,99215,3,2,1,264.38,,
100204,99225,1,1,0,340.63,,
100205,99030,2,0,2,546.88,,
100206,99050,1,0,1,636.88,,
100207,99501,7,3,4,1084.38,,
100208,99041,4,2,2,684.38,,
100209,99503,7,2,5,1058.13,,
100210,99505,3,2,1,1393.54,,
100211,99504,4,2,2,1846.88,,
100212,3100531-L1,0,0,0,58.54,,
100265,21405HP,28,0,28,9.99,,
100300,325123-1,5,0,5,6.71,,
100301,325166-1,10,7,3,6.15,,
100302,422737-3,2,1,1,123.0,,
100303,423037-1,17,8,9,25.71,,
100304,426510-1,0,0,0,12.49,,
100305,426535-1,10,1,9,18.5,,
100307,426692-3,19,18,1,21.67,,
100308,426693-3,4,3,1,20.61,,
100309,672560-1,19,10,9,10.87,,
100314,00.01CRD,2,0,2,10.12,,
100315,00.03CRD,2,0,2,9.51,,
100316,00.05CRD,2,0,2,9.51,,
100317,00.07CRD,2,0,2,12.48,,
100318,200-5156,8,8,0,69.07,,99.99
100322,100-4838,2,2,0,252.94,,299.99
100324,200-5163,2,2,0,740.18,,999.99
100328,3437,0,0,0,339.88,,
100329,3436,4,2,2,414.85,,
100330,3434,4,2,2,352.31,,
100331,3431,3,2,1,422.35,,
100332,77040000,3,1,2,6.53,,
100334,F-BMR1-B3-90,7,3,4,704.94,,
100335,F-BMR1-G3-45,0,0,0,704.94,,
100336,F-BMR1-G3-90,0,0,0,704.94,,
100337,F-BMR1-A3-45,8,4,4,704.94,,
100338,F-BMR1-A3-90,8,4,4,704.94,,
100339,F-BMR1-W3-45,8,4,4,704.94,,
100340,F-BMR1-W3-90,8,4,4,704.94,,
100341,F-BMR1-FS-45,3,1,2,1152.12,,
100342,F-BMR1-FS-90,4,2,2,1152.12,,
100343,F-PMR1-B3-45,0,0,0,846.12,,
100344,F-PMR1-B3-90,0,0,0,846.12,,
100345,F-PMR1-G3-45,0,0,0,846.12,,
100346,F-PMR1-G3-90,0,0,0,846.12,,
100347,F-PMR1-A3-45,0,0,0,846.12,,
100348,F-PMR1-A3-90,0,0,0,846.12,,
100350,F-PMR1-W3-45,0,0,0,846.12,,
100351,F-PMR1-W3-90,0,0,0,846.12,,
100352,F-PMR1-FS-45,0,0,0,1275.65,,
100353,F-PMR1-FS-90,0,0,0,1275.65,,
100354,F-SMR1-B3-45,0,0,0,799.06,,
100355,F-SMR1-B3-90,0,0,0,799.06,,
100356,F-SMR1-G3-45,0,0,0,799.06,,
100357,F-SMR1-G3-90,0,0,0,799.06,,
100358,F-SMR1-A3-45,0,0,0,799.06,,
100359,F-SMR1-A3-90,0,0,0,799.06,,
100360,F-SMR1-W3-45,0,0,0,799.06,,
100361,F-SMR1-W3-90,0,0,0,799.06,,
100362,F-SMR1-FS-45,0,0,0,1234.47,,
100363,F-SMR1-FS-90,0,0,0,1234.47,,
100364,F-BME1-H-B3-45,7,3,4,704.94,,
100365,F-BME1-H-B3-90,6,2,4,704.94,,
100366,F-BME1-H-G3-45,0,0,0,704.94,,
100367,F-BME1-H-G3-90,0,0,0,704.94,,
100368,F-BME1-H-A3-45,8,4,4,704.94,,
100369,F-BME1-H-A3-90,8,4,4,704.94,,
100370,F-BME1-H-W3-45,8,4,4,704.94,,
100371,F-BME1-H-W3-90,7,3,4,704.94,,
100372,F-BME1-H-FS-45,4,2,2,1152.12,,
100373,F-BME1-H-FS-90,1,1,0,1152.12,,
100374,F-SME1-H-B3-45,0,0,0,799.06,,
100375,F-SME1-H-B3-90,0,0,0,799.06,,
100376,F-SME1-H-G3-45,0,0,0,799.06,,
100377,F-SME1-H-G3-90,0,0,0,799.06,,
100378,F-SME1-H-A3-45,0,0,0,799.06,,
100379,F-SME1-H-A3-90,0,0,0,799.06,,
100380,F-SME1-H-W3-45,0,0,0,799.06,,
100381,F-SME1-H-W3-90,0,0,0,799.06,,
100382,F-SME1-H-FS-45,0,0,0,1234.47,,
100384,F-SME1-H-FS-90,0,0,0,1234.47,,
100385,F-BME1-V-B3-45,0,0,0,704.94,,
100386,F-BME1-V-B3-90,0,0,0,704.94,,
100387,F-BME1-V-G3-45,0,0,0,704.94,,
100388,F-BME1-V-G3-90,0,0,0,704.94,,
100389,F-BME1-V-A3-45,0,0,0,704.94,,
100390,F-BME1-V-A3-90,0,0,0,704.94,,
100391,F-BME1-V-W3-45,0,0,0,704.94,,
100392,F-BME1-V-W3-90,0,0,0,704.94,,
100393,F-BME1-V-FS-45,0,0,0,1152.12,,
100394,F-BME1-V-FS-90,0,0,0,1152.12,,
100395,F-PME1-V-B3-45,0,0,0,846.12,,
100396,F-PME1-V-B3-90,0,0,0,846.12,,
100397,F-PME1-V-G3-45,0,0,0,846.12,,
100398,F-PME1-V-G3-90,0,0,0,846.12,,
100399,F-PME1-V-A3-45,0,0,0,846.12,,
100400,F-PME1-V-A3-90,0,0,0,846.12,,
100401,F-PME1-V-W3-45,0,0,0,846.12,,
100402,F-PME1-V-W3-90,0,0,0,846.12,,
100403,F-PME1-V-FS-45,0,0,0,1275.65,,
100404,F-PME1-V-FS-90,0,0,0,1275.65,,
100405,F-SME1-V-B3-45,0,0,0,799.06,,
100406,F-SME1-V-B3-90,0,0,0,799.06,,
100407,F-SME1-V-G3-45,0,0,0,799.06,,
100408,00.08CRD,2,0,2,15.21,,
100409,F-SME1-V-G3-90,0,0,0,799.06,,
100410,F-SME1-V-A3-45,0,0,0,799.06,,
100411,00.11CRD,2,0,2,16.19,,
100412,F-SME1-V-A3-90,0,0,0,799.06,,
100413,F-SME1-V-W3-45,0,0,0,799.06,,
100414,F-SME1-V-W3-90,0,0,0,799.06,,
100415,F-SME1-V-FS-45,0,0,0,1234.47,,
100416,00.13CRD,3,0,3,21.08,,
100417,F-SME1-V-FS-90,0,0,0,1234.47,,
100418,00.21CRD,3,0,3,21.89,,
100419,F-HB-4-MC3,7,3,4,129.0,,
100420,F-HB-2-FS5,6,2,4,99.0,,
100421,F-R1-PMT,0,0,0,149.0,,
100422,F-E1V-PMT,0,0,0,149.0,,
100423,F-R1-SMT,0,0,0,79.0,,
100424,00.23CRD,3,0,3,26.67,,
100425,F-E1HV-SMT,0,0,0,79.0,,
100426,00.25CRD,1,0,1,31.27,,
100427,00.31CRD,3,0,3,31.01,,
100428,F-FS-3M-EX,4,2,2,179.0,,
100429,F-MC-3M-EX,4,2,2,129.0,,
100430,00.32CRD,3,0,3,33.2,,
100431,00.35CRD,2,0,2,37.13,,
100432,DATA-0M-EX,3,1,2,69.0,,
100433,02.01CRD,2,0,2,9.61,,
100434,DATA-3M-EX,3,1,2,149.0,,
100435,DATA-4M-EX,4,2,2,199.0,,
100436,04.59CRD,0,0,0,6.49,,
100437,DATA-6M-EX,4,2,2,219.0,,
100438,04.61CRD,3,0,3,5.17,,
100439,RS-3M-EX,4,2,2,129.0,,
100440,05.23CRD,2,0,2,3.71,,
100441,05.24CRD,2,0,2,6.12,,
100442,05.31CRD,2,0,2,4.07,,
100443,05.96CRD,2,0,2,4.09,,
100444,08.05CRD,2,0,2,36.57,,
100445,16.05CRD,2,0,2,14.19,,
100446,16.17CRD,3,0,3,16.73,,
100447,18.14CRD,0,0,0,35.35,,
100448,19.27,4,0,4,147.67,,
100449,23.00CRD,3,0,3,16.29,,
100450,23.04CRD,2,0,2,35.87,,
100451,23.08CRD,2,0,2,22.89,,
100452,23.13CRD,2,0,2,16.19,,
100453,23.14CRD,2,0,2,11.85,,
100454,23.35,2,0,2,137.41,,
100455,23.72,4,0,4,91.21,,
100456,25.05CRD,2,0,2,7.25,,
100457,25.07CRD,2,0,2,9.27,,
100458,25.15CRD,2,0,2,6.07,,
100459,25.17CRD,2,0,2,4.49,,
100460,25.18CRD,2,0,2,4.49,,
100462,25.42CRD,2,0,2,15.87,,
100463,36.05.25CRD,2,0,2,22.39,,
100464,36.05.40CRD,2,0,2,22.39,,
100465,36.06.40CRD,2,0,2,24.17,,
100466,36.06.50CRD,2,0,2,24.17,,
100467,36.06.70CRD,2,0,2,24.41,,
100468,36.08.20CRD,2,0,2,24.76,,
100469,36.08.30CRD,2,0,2,24.76,,
100470,36.08.40CRD,2,0,2,24.76,,
100471,36.08.50CRD,2,0,2,25.07,,
100472,36.08.60CRD,2,0,2,25.07,,
100473,36.08.70CRD,2,0,2,25.07,,
100474,36.08.80CRD,2,0,2,25.33,,
100475,SS3,1,0,1,7.36,,
100476,SS4,1,0,1,10.61,,
100477,SS5,1,0,1,15.37,,
100478,SS6,1,0,1,20.0,,
100479,07.90RG,4,1,3,21.95,,
100480,GSM100200400,4,2,2,161.91,,199.75
100481,GSM900200100,5,2,3,24.11,,29.75
100482,GSM900100400,9,5,4,24.11,,29.75
100486,660-450CC,2,2,0,230.63,,
100494,SC-12V-F1,32,2,30,14.06,,
100559,041115-1,7,1,6,23.26,,
100560,041125-1,16,6,10,23.26,,
100561,041135-1,14,6,8,24.84,,
100562,041136-1,0,0,0,38.61,,
100563,426501,10,6,4,2.82,,
100566,30705,3,3,0,13.0,20.79,
100569,200-4845,3,3,0,411.76,,499.99
100570,25.20,0,0,0,21.95,,
100571,426504-1,5,3,2,22.2,,
100572,421616-1,5,4,1,21.14,,
100573,421618-1,0,0,0,13.2,,
100574,421636-1,7,3,4,20.09,,
100575,426013-1,3,1,2,6.21,,
100576,426053-1,16,8,8,12.14,,
100577,426115-1,21,11,10,6.21,,
100578,426127-1,5,5,0,5.54,,
100579,426531-1,4,4,0,18.5,,
100580,426106-1,7,4,3,2.51,,
100581,426101-1,12,7,5,3.67,,
100582,426103-1,8,3,5,6.49,,
100583,426104-1,10,5,5,6.49,,
100584,91235,2,2,0,139.51,,
100585,91230,4,4,0,112.64,,
100586,91720,4,4,0,208.3,,
100587,91715,4,4,0,164.26,,
100588,91750,4,4,0,197.9,,
100589,91745,4,4,0,156.04,,
100590,91250,5,5,0,86.46,,
100591,91245,10,10,0,73.17,,
100592,91860,0,0,0,217.09,,
100593,91605,5,5,0,160.63,,
100594,91705,10,10,0,98.59,,
100595,91730,10,10,0,74.89,,
100596,91700,10,10,0,81.19,,
100597,WDV-1-DP,24,12,12,27.47,,
100598,WDV-1CP-DP,11,10,1,28.99,,
100599,FS-T01-S-R,4,1,3,100.0,,
100601,DST810-BV-N2,2,2,0,441.18,,
100613,2000032831,0,0,0,278.95,319.99,
100614,ZDIGVEKVT,6,4,2,153.96,,
100615,ZDIGISSBM100,5,2,3,279.96,,
100617,589801,0,0,0,34.9,,
100619,589805,0,0,0,94.78,,
100620,589803,0,0,0,52.76,,
100629,RS4,5,3,2,276.05,,
100635,QUAD-NOD-BK,3,0,3,44.83,72.99,
100636,3000004257,9,4,5,79.69,,
100637,30605,4,1,3,248.99,,
100638,30805,4,1,3,296.58,,
100639,31008,2,1,1,479.1,,
100640,31010,4,3,1,536.19,,
100641,38805,4,2,2,435.74,,
100642,38810,4,1,3,670.34,,
100643,38081,2,1,1,337.31,,
100644,38080,2,0,2,518.94,,
100645,38100,4,1,3,651.31,,
100646,38150,2,0,2,493.94,,
100647,38180,1,1,0,656.94,,
100648,36108,0,0,0,596.58,,
100649,38175,2,1,1,680.34,,
100651,36194,0,0,0,323.98,,
100655,35596,1,1,0,259.99,,
100659,36116,0,0,0,405.58,,
100660,35180,0,0,0,670.41,,
100662,35000,0,0,0,37.08,,
100663,35005,0,0,0,57.14,,
100664,35123,5,0,5,10.95,,
100665,35990,11,5,6,15.34,,
100666,35995,0,0,0,19.13,,
100667,36124,5,0,5,11.24,,
100668,44224,3,1,2,145.43,,
100669,46018,0,0,0,124.61,,
100670,40331,0,0,0,10.98,,
100671,33248,7,4,3,154.31,,
100672,33424,6,1,5,123.01,,
100673,33250,24,10,14,172.66,,
100675,19133,0,0,0,73.98,,
100676,19135,5,5,0,34.25,,
100677,19105AC,0,0,0,9.23,,
100678,19120AC,0,0,0,12.33,,
100679,19125AC,1,0,1,16.28,,
100680,19150,3,0,3,12.44,,
100681,19170,3,0,3,124.41,,
100682,19177,0,0,0,92.44,,
100683,19200,4,0,4,30.51,,
100684,19000AC,0,0,0,18.93,,
100685,20087,9,6,3,8.23,,
100686,20088,11,5,6,8.23,,
100687,30002,8,8,0,6.58,,
100688,39954020,1,1,0,596.04,,
100690,411920-1,13,7,6,477.05,,
100691,411930-1,26,13,13,650.53,,
100695,411960-1CHO,2,2,0,1475.99,,
100698,411970-1,1,1,0,2213.99,,
100708,29615,0,0,0,434.56,,
100709,29625,0,0,0,530.61,,
100710,29635,2,1,1,406.81,,
100713,29750,0,0,0,597.86,,
100725,010-02706-20,0,0,0,959.99,,1199.99
100726,ARG-1001-C,2,0,2,79.44,,
100727,29900,0,0,0,130.89,,
100728,29601,0,0,0,43.94,,
100729,29501,2,2,0,33.19,,
100730,29504,0,0,0,34.56,,
100731,29901,5,0,5,13.11,,
100732,31400,0,0,0,136.81,,
100733,31600,0,0,0,177.99,,
100734,30201,0,0,0,44.01,,
100735,30300,0,0,0,47.18,,
100736,30301,0,0,0,59.11,,
100737,30400,0,0,0,69.55,,
100738,30401,0,0,0,78.13,,
100739,30800,0,0,0,93.66,,
100740,29250,0,0,0,19.15,,
100741,29251,0,0,0,32.5,,
100742,29350,0,0,0,27.04,,
100743,29351,0,0,0,38.08,,
100744,30050,2,0,2,49.81,,
100745,19510,0,0,0,19.59,,
100746,19500,0,0,0,10.36,,
100747,22301,0,0,0,181.09,,
100748,22302,0,0,0,180.36,,
100749,22005,0,0,0,59.13,,
100750,22202,0,0,0,98.46,,
100751,19671,0,0,0,107.18,,
100752,17004,0,0,0,89.34,,
100753,17006,0,0,0,114.55,,
100754,17001,0,0,0,21.69,,
100755,17002,1,1,0,40.34,,
100756,17003,0,0,0,64.23,,
100757,17031ST,6,6,0,16.13,,
100758,17035ST,3,3,0,19.03,,
100759,17075ST,0,0,0,36.89,,
100760,16154,0,0,0,40.38,,
100761,17021ST,3,0,3,9.39,,
100762,17039,4,4,0,11.65,,
100763,17048,3,0,3,14.38,,
100764,17139,4,0,4,11.65,,
100765,17148,0,0,0,14.38,,
100766,15000,8,0,8,19.94,,
100767,15601,0,0,0,22.06,,
100768,15602,6,3,3,29.63,,
100769,16152,2,2,0,49.78,,
100770,16156,0,0,0,26.83,,
100771,17016,6,6,0,10.25,,
100772,15030R,0,0,0,59.46,,
100773,15120DC,6,3,3,32.44,,
100774,15135HR,0,0,0,118.05,,
100776,15181SF,0,0,0,52.05,,
100777,15184SF,4,2,2,51.48,,
100778,15185SF,5,0,5,11.5,,
100779,16000DC,0,0,0,40.6,,
100780,16141SF,0,0,0,40.66,,
100781,16145SF,0,0,0,9.73,,
100782,16151SF,3,0,3,21.55,,
100783,16140SF,0,0,0,30.1,,
100792,JTV2423DCS,13,7,6,331.2,,
100797,BSA6,5,5,0,15.0,,
100798,GPT12,7,7,0,30.0,,
100806,WVSXP70,9,5,4,374.88,431.9,
100807,WVSXS70,0,0,0,374.88,431.9,
100808,WVSXP43,5,3,2,312.38,359.9,
100809,WVSXS43,1,1,0,312.38,359.9,
100811,167-15,24,14,10,17.84,,
100812,167-25,20,14,6,21.23,,
100813,167-50,26,14,12,29.6,,
100815,38045-4192RSP,6,1,5,695.88,,
100816,38045-4194RSP,0,0,0,695.88,,
100817,38245-4192RSP,3,3,0,695.88,,
100818,38245-4194RSP,1,0,1,695.88,,
100822,0131,4,0,4,61.6,,
100823,0134,5,1,4,29.04,,
100824,0139,0,0,0,36.18,,
100825,TRL-345-S/S,6,4,2,63.89,,
100826,400-222,0,0,0,197.85,,247.32
100827,TRL-3545-S/S,3,1,2,71.79,,
100828,TRL-445-S/S,5,3,2,68.13,,
100829,TRL-545-S/S,2,2,0,83.74,,
100830,TRL-645-S/S,0,0,0,86.43,,
100831,SBH-49,4,3,1,15.0,,
100832,TRL-845-S/S,1,1,0,170.73,,
100833,TRL-390-S/S,2,1,1,57.8,,
100834,TRL-490-S/S,4,3,1,84.01,,
100835,TRL-690-S/S,0,0,0,89.04,,
100836,SHB-110,3,2,1,18.75,,
100837,1420-0011,2,2,0,207.54,,
100838,SAD-27B,3,1,2,13.5,,
100839,1420-0017,1,1,0,201.7,,
100840,1420-0022,0,0,0,211.84,,
100841,TMPROANGLER,31,12,19,294.87,,
100842,TMPROANGLERREM,13,9,4,126.6,,
100845,720-1000,0,0,0,7.3,,
100846,720-1120,0,0,0,7.59,,
100848,720-2000,0,0,0,7.79,,
100849,720-2120,0,0,0,8.34,,
100850,720-3000,0,0,0,9.49,,
100852,720-3120,6,1,5,9.71,,
100854,720-4000,10,5,5,9.94,,
100856,720-4000L,4,4,0,9.97,,
100857,720-5000,10,5,5,10.4,,
100858,720-5000L,10,5,5,10.53,,
100860,720-6000,10,5,5,10.66,,
100861,720-6000L,5,0,5,10.79,,
100862,720-8000,10,5,5,11.06,,
100863,720-8000L,9,5,4,11.44,,
100864,02-45M-314,0,0,0,402.5,515.2,
100871,696275,139,72,67,12.99,,
100872,587329,8,8,0,56.87,,
100874,SRT/PHT-AC-PWR,0,0,0,37.5,,
100875,88B515-2,0,0,0,1189.02,,
100876,8WD15,0,0,0,24.87,,
100877,8WD2000-2,5,4,1,37.81,,
100878,8WD14,6,4,2,42.8,,
100879,8WD7SQR,6,2,4,27.71,,
100880,8WD2000-1,2,0,2,22.92,,
100881,8WD3003,4,2,2,85.11,,
100882,8WD3002,1,1,0,109.41,,
100888,8WD2002,1,0,1,107.32,,
100889,8WP95,3,0,3,39.92,,
100890,8WD7S,6,6,0,11.8,,
100891,8WD112BP-717,0,0,0,22.49,,
100892,8WD112BP-720,3,2,1,21.84,,
100893,8WD1251,4,2,2,22.63,,
100900,8WD1500,4,0,4,88.23,,
100901,8WD2000,5,0,5,73.51,,
100902,8WD2003,11,0,11,97.96,,
100906,8WD1250,3,0,3,30.48,,
100907,8WD112BP-710,3,3,0,22.49,,
100908,8WD3000,4,0,4,83.15,,
100909,8WD112BP-728,1,0,1,22.49,,
100911,8WD112BP-733,3,3,0,22.49,,
100912,8WD135LS-717,4,0,4,82.39,,
100913,8WD734PLS-664,5,4,1,49.04,,
100914,8WD640PLS-664,3,3,0,93.41,,
100915,8WD640PLS-660,5,4,1,93.41,,
100916,8WD3000-2,2,0,2,43.8,,
100917,3313-710,0,0,0,43.51,,
100918,8WD588PLS-710,10,6,4,60.2,,
100919,3313-717,1,0,1,43.51,,
100920,8WD944,2,2,0,150.97,,
100921,8WP144,2,0,2,265.19,,
100922,8WD374,3,3,0,84.2,,
100927,PP4400-17,0,0,0,269.08,,
100928,202053,6,4,2,190.62,304.99,
100929,682053,0,0,0,187.5,299.99,
100930,682153,0,0,0,187.5,299.99,
100931,322053,5,1,4,284.37,454.99,
100932,210053,2,1,1,209.37,334.99,
100933,220053,3,2,1,312.5,499.99,
100934,230053,2,2,0,406.25,649.99,
100935,240053,2,2,0,475.0,759.99,
100936,250053,2,0,2,596.87,954.99,
100937,320053,2,0,2,500.0,799.99,
100938,330053,1,0,1,625.0,999.99,
100939,340053,3,0,3,812.5,1299.99,
100940,350053,1,0,1,937.5,1499.99,
100965,PIN482122500,8,4,4,262.92,,334.05
100985,G-1-CLASSIC REDWO,0,0,0,11.93,,
100988,G-2-CLASSIC REDWO,0,0,0,13.95,,
100989,G-3-CLASSIC REDWO,0,0,0,16.8,,
100991,G-4-CLASSIC REDWO,0,0,0,25.47,,
100994,G-5-CLASSIC REDWO,0,0,0,49.11,,
100996,G-6-CLASSIC REDWO,0,0,0,64.84,,
101024,151400-200-070-23,8,2,6,63.41,,
101025,LLB-63BB-F0-01,2,2,0,43.9,,
101026,LLB-63RB-E0-01,1,0,1,43.9,,
101028,426105-1,4,2,2,2.64,,
101029,N20803S,10,5,5,146.48,,
101030,N20803W,10,3,7,138.87,,
101061,97-49,3,0,3,19.0,,
101072,P000110,0,0,0,32.14,,
101073,PLASE604,0,0,0,32.14,,
101074,651010,0,0,0,16.19,,
101075,PLABI360,0,0,0,69.22,,
101089,WUL12GN-25,6,2,4,8.81,,
101090,SXR08EC,0,0,0,9.35,,
101091,SXR08PRCH,2,2,0,9.35,,
101092,SXR10EC,0,0,0,9.35,,
101093,SXR10PRCH,2,2,0,9.35,,
101094,SXR12EC,1,1,0,12.49,,
101095,SXR12PRCH,0,0,0,12.49,,
101096,SXR14EC,0,0,0,14.05,,
101097,SXR14PRCH,0,0,0,14.05,,
101098,SXRL12HPU,1,1,0,12.61,,
101099,SXRL14HPU,3,3,0,14.18,,
101100,XRMAGXT160HDBSRD,2,2,0,18.06,,
101101,XRMAGXT160HDD,3,3,0,18.06,,
101102,XRMAGXT160HDWHU,1,1,0,18.06,,
101103,SXRT10EC,1,1,0,9.44,,
101104,SXRT10PRCH,2,2,0,9.44,,
101105,SXRTM06EC,1,1,0,9.44,,
101106,SXRTM06HP,3,3,0,9.44,,
101107,SXRTM06PRCH,1,1,0,9.44,,
101108,SXRTM08EC,2,2,0,9.44,,
101109,SXRTM08HP,2,2,0,9.44,,
101110,SXRTM08PRCH,3,3,0,9.44,,
101111,RSRS,3,3,0,13.46,,
101112,RTT3600,0,0,0,8.09,,
101113,RTT3600OF,0,0,0,8.09,,
101114,RTT3700,0,0,0,10.11,,
101115,RTT3700D,8,8,0,13.46,,
101116,RTT3700DO,0,0,0,13.46,,
101117,KSJ120SPZ,2,2,0,11.25,,
101118,KSJ120UVCGZ,3,3,0,11.25,,
101119,KSJ120UVGSZ,4,4,0,11.25,,
101120,KSJ120UVSI,5,5,0,11.25,,
101121,KSJ170SPZ,2,2,0,12.16,,
101122,KSJ170UVCGZ,0,0,0,12.16,,
101123,KSJ170UVGSZ,0,0,0,12.16,,
101124,KSJ170UVSI,1,1,0,12.16,,
101125,KSJ220SPZ,1,1,0,12.82,,
101126,KSJ220UVCGZ,4,4,0,12.82,,
101127,KSJ220UVGSZ,2,2,0,12.82,,
101128,KSJ220UVSI,2,2,0,12.82,,
101129,KSJ280SPZ,5,5,0,13.45,,
101130,KSJ280UVCGZ,1,1,0,13.45,,
101131,KSJ280UVGSZ,2,2,0,13.45,,
101132,KSJ280UVSI,5,5,0,13.45,,
101133,KKJ150AJI,3,3,0,10.6,,
101134,KKJ150BPB,3,3,0,10.6,,
101137,KKJ200AJI,2,2,0,11.74,,
101138,KKJ200BPB,4,4,0,11.74,,
101139,KKJ200SPP,1,1,0,11.74,,
101140,KKJ200UVSB,4,4,0,11.74,,
101141,VSJ150BLK,4,4,0,12.09,,
101142,VSJ150BLKPRPL,1,1,0,12.09,,
101143,VSJ150BM,4,4,0,12.09,,
101144,VSJ150SRD,3,3,0,12.09,,
101145,VSJ200BLK,2,2,0,14.07,,
101146,VSJ200BLKPRPL,2,2,0,14.07,,
101147,VSJ200BM,4,4,0,14.07,,
101148,VSJ200SRD,4,4,0,14.07,,
101149,VSJ300BLK,4,4,0,18.06,,
101150,VSJ300BM,4,4,0,18.06,,
101152,CLASS T-200,0,0,0,26.59,38.3,
101153,CLASS T-400,0,0,0,97.5,140.7,
101154,SBC-2-DC,0,0,0,43.98,63.5,
101155,MSK-20A,0,0,0,59.09,85.3,
101159,JLC-11,0,0,0,305.04,392.7,
101160,001-266-020-00,1,1,0,184.0,,
101175,B00005302,1,1,0,22.99,34.84,
101176,B00006302,1,0,1,30.39,34.84,
101177,05-01-046,2,1,1,177.01,,
101180,69933,15,7,8,23.32,,
101182,300-114G2-PRO-I,0,0,0,1014.16,,1267.7
101184,300-138-PRO-I,0,0,0,2572.95,,3216.18
101185,301-108ST-PRO-I,0,0,0,1613.43,,2016.79
101186,301-109ST-PRO-I,0,0,0,1613.43,,2016.79
101187,300-112G2-PRO-I,0,0,0,1014.16,,1267.7
101194,X-23BU,16,7,9,48.93,,
101198,MU0225NVC-F,0,0,0,893.75,,
101215,2022002187,0,0,0,219.66,,
101216,2021013744,0,0,0,219.66,,
101217,2022002186,1,1,0,219.66,,
101218,2022002189,1,0,1,219.66,,
101223,X-23BB,7,4,3,48.93,,
101224,X-23WW,2,1,1,48.93,,
101226,E2002B,0,0,0,765.91,1162.0,
101227,E2002W,0,0,0,765.91,1162.0,
101228,E2009B,2,2,0,765.91,1162.0,
101229,E2009W,0,0,0,765.91,1162.0,
101230,46-465,2,0,2,88.96,,
101231,46-465-5,3,0,3,39.97,,
101232,46-475,3,0,3,144.03,,
101233,46-475-5,2,0,2,59.8,,
101240,5058-12-00015,2,2,0,36.25,,
101241,5058-12-00025,1,1,0,41.8,,
101242,5058-16-00015,6,0,6,41.8,,
101243,5058-16-00025,3,3,0,54.15,,
101244,5058-16-00035,0,0,0,67.45,,
101251,5058-20-00015,0,0,0,54.15,,
101252,5058-20-00025,1,1,0,72.2,,
101253,5058-20-00035,0,0,0,95.0,,
101254,5058-24-00025,5,5,0,103.55,,
101255,5058-24-00035,0,0,0,126.35,,
101259,SL26-50-1,0,0,0,17.51,,
101260,411850-1,0,0,0,227.28,,
101261,411830-1,6,2,4,1064.18,,
101262,740222-1,0,0,0,1435.61,,1699.99
101264,740224-1,0,0,0,136.36,,
101265,720120-1,0,0,0,30.62,,
101266,T10-4000-1,0,0,0,388.97,,529.99
101272,04-03-015,3,2,1,151.52,,
101275,BP297,0,0,0,23.51,,
101278,CANVWRC,0,0,0,439.23,,
101279,5253-4,25,4,21,38.51,,
101280,5640-4,26,3,23,26.31,,
101281,5643-4,7,3,4,28.26,,
101282,5644-4,7,3,4,29.76,,
101288,5650-4,28,4,24,32.68,,
101289,5653-4,7,2,5,33.4,,
101290,5654-4,7,3,4,35.71,,
101291,5660-4,11,7,4,40.17,,
101292,5663-4,8,4,4,42.83,,
101293,5664-4,9,4,5,41.67,,
101295,SS75C-12-H-9N,0,0,0,631.11,868.0,
101298,A80709,0,0,0,68.17,,
101299,A80753,0,0,0,85.22,,
101300,A80754,0,0,0,127.83,,
101301,A80710,1,0,1,37.49,,
101302,A80747,0,0,0,63.91,,
101303,A80711,0,0,0,120.82,,
101304,A80712,0,0,0,204.16,,
101305,A80713,0,0,0,154.16,,
101306,A80714,0,0,0,162.49,,
101307,A80715,0,0,0,245.82,,
101308,A80716,0,0,0,195.82,,
101309,91780,3,3,0,208.3,,
101310,91810,4,4,0,197.9,,
101311,R70529,0,0,0,76.69,,
101314,010-13142-00,0,0,0,26.24,,
101315,010-11425-15,0,0,0,22.49,,
101316,010-12528-11,11,5,6,14.99,,
101317,010-12528-30,20,7,13,26.24,,
101318,010-12528-31,0,0,0,37.49,,
101319,010-12528-12,0,0,0,262.49,,
101320,010-12528-20,1,1,0,37.49,,
101321,010-12531-02,13,3,10,22.49,,
101322,010-13210-00,0,0,0,22.49,,
101323,010-13210-01,0,0,0,26.24,,
101324,010-13210-02,0,0,0,29.98,,
101325,010-13210-03,0,0,0,33.74,,
101326,010-13209-00,0,0,0,97.49,,
101327,010-13209-01,0,0,0,104.99,,
101328,010-13209-02,0,0,0,112.49,,
101329,010-13209-03,0,0,0,119.99,,
101330,010-12390-12,2,0,2,14.99,,
101331,010-12390-13,1,0,1,14.99,,
101332,010-12390-22,0,0,0,52.49,,
101333,010-12390-14,1,0,1,14.99,,
101341,958340021,1,0,1,87.34,,
101342,WM1984B,2,2,0,66.61,,
101343,91805,4,4,0,156.04,,
101345,T10-4000-3,4,2,2,450.77,,579.99
101346,T10-4000-4,0,0,0,453.27,,579.99
101347,T10-4000-5,0,0,0,434.5,,579.99
101348,T10-4000-6,2,0,2,438.0,,579.99
101349,T10-4000-16,8,4,4,431.65,,579.99
101350,T10-4000-17,5,2,3,454.36,,579.99
101351,T10-4000-18,4,2,2,457.55,,579.99
101352,T10-4000-19,2,1,1,460.06,,579.99
101353,T10-4000-7,0,0,0,73.62,,
101354,T10-4000-8,0,0,0,49.0,,
101355,T10-4000-9,4,2,2,51.18,,
101356,T10-4000-15,0,0,0,69.18,,
101358,T10-4000-11,0,0,0,51.79,,
101359,T10-4000-12,0,0,0,58.54,,
101360,T10-4000-13,0,0,0,69.28,,
101361,T10-4000-14,0,0,0,75.44,,
101367,IRID-GO-EXEC,0,0,0,2016.13,,
101368,IRID-GO-EXEC-INST-K,0,0,0,727.99,,
101370,MR500UAB,3,3,0,49.94,,
101371,MCBK634B.64,7,4,3,91.66,,
101373,MCK500WB.6,5,5,0,72.22,,
101377,MG150W.6,10,7,3,83.28,,
101378,MG250W.64,5,3,2,127.72,,
101380,MGR250B,14,2,12,72.17,,
101382,UTV4BRGB,0,0,0,99.94,,
101383,28101,2,2,0,39.99,,
101384,28113,4,2,2,60.99,,
101385,28116,4,2,2,74.99,,
101386,28156,21,21,0,66.99,,
101388,29423,4,4,0,24.99,,
101389,29424,8,4,4,35.99,,
101390,29427,8,4,4,56.99,,
101391,29428,7,3,4,56.99,,
101393,29433,8,4,4,30.99,,
101394,29435,8,4,4,47.99,,
101397,29451,3,1,2,9.52,,
101398,45143,3,3,0,82.2,,
101399,45144,5,3,2,85.63,,
101400,40047,3,2,1,39.99,,
101401,40246,4,2,2,39.99,,
101403,40248,2,0,2,48.02,,
101404,40249,3,1,2,52.83,,
101405,40061,4,2,2,7.3,,
101406,40064,4,2,2,7.41,,
101407,40067,4,2,2,12.15,,
101408,40080,4,2,2,21.1,,
101409,42178,4,2,2,34.13,,
101411,40082,4,2,2,21.09,,
101412,41782,4,2,2,30.85,,
101413,45030,2,0,2,14.71,,
101414,45050,3,1,2,15.01,,
101415,45070,3,1,2,24.16,,
101416,45534,1,0,1,51.96,,
101417,45554,3,1,2,53.68,,
101420,0800017331,0,0,0,51.21,,
101427,9630,0,0,0,41.58,,
101428,816,0,0,0,61.84,,
101431,45036,1,0,1,24.41,,
101432,45041,4,2,2,27.54,,
101433,45056,3,2,1,25.03,,
101434,45147,2,0,2,27.44,,
101435,45148,4,2,2,30.1,,
101443,40084,4,2,2,27.25,,
101446,18320,2,0,2,117.51,,
101447,83002,2,2,0,18.52,,
101448,101832,25,9,16,147.72,,
101449,83020,2,2,0,15.99,,
101450,101833,4,2,2,153.01,,
101451,83028,2,2,0,16.54,,
101452,83001,2,2,0,9.88,,
101453,83015,4,2,2,10.99,,
101454,1715,0,0,0,10.09,,14.98
101455,2431,3,3,0,17.34,,22.98
101456,2432,5,5,0,17.34,,22.98
101457,83048,2,2,0,22.59,,
101458,2451,2,2,0,18.51,,24.98
101459,2452,4,4,0,18.51,,24.98
101460,57003,2,1,1,19.91,,
101461,57004,1,1,0,14.23,,
101462,57005,4,2,2,14.96,,
101463,80011,3,1,2,9.7,,
101465,23209,2,0,2,14.01,,
101466,115,17,5,12,38.56,,48.98
101467,116,27,8,19,44.99,,58.98
101469,23211,4,2,2,14.33,,
101471,23082,3,2,1,13.71,,
101472,23659,1,0,1,55.39,,
101474,40004,2,0,2,6.62,,
101475,40005,2,0,2,7.72,,
101481,17721,18,10,8,12.67,,
101491,22178,4,3,1,13.99,,
101492,80151,4,0,4,19.18,,
101493,22232,2,0,2,22.02,,
101495,22800,6,6,0,7.99,,
101496,40001,11,5,6,5.49,,
101497,40002,12,6,6,6.49,,
101498,40003,12,6,6,6.49,,
101499,40037,4,0,4,9.49,,
101500,23021,6,5,1,9.62,,
101501,23024,10,4,6,13.99,,
101502,23517,13,7,6,29.99,,
101503,23518,10,6,4,13.79,,
101504,23022,7,0,7,6.75,,
101505,23520,10,2,8,13.67,,
101506,23210,10,4,6,14.01,,
101507,57041,13,6,7,6.17,,
101508,57241,8,2,6,5.68,,
101509,57251,10,5,5,7.65,,
101510,57261,14,6,8,7.1,,
101511,58141,13,6,7,5.42,,
101512,58145,10,3,7,5.3,,
101513,58051,9,7,2,6.9,,
101514,58031,9,2,7,2.26,,
101515,58381,13,8,5,4.29,,
101516,28512-24V,0,0,0,35.53,,
101522,0625DP0STS,0,0,0,84.22,,
101523,0626DP0STS,0,0,0,145.37,,
101524,0647DP0CHR,2,0,2,81.12,,
101525,0648DP0CHR,0,0,0,148.83,,
101526,IRID-AC-CHGR,0,0,0,81.72,,
101527,IRID-DC-0901,0,0,0,45.56,,
101528,IRID-INT-PLUG,0,0,0,29.35,,
101529,1659DP0ALU,0,0,0,51.72,,
101530,1665DP6ALU,8,3,5,100.24,,
101531,1670DP0ALU,7,3,4,55.21,,
101532,1670DP2ALU,7,5,2,58.63,,
101534,1672DP0ALU,5,5,0,58.62,,
101535,0904DP0STS,0,0,0,59.22,,
101536,0945DP0STS,0,0,0,36.22,,
101537,31542310,0,0,0,431.84,,
101538,31542410,0,0,0,431.84,,
101539,31542510,0,0,0,431.84,,
101540,CA-SS15-LGR,4,2,2,172.53,,
101541,CA-SS30-LGR,3,2,1,172.53,,
101542,CA-SS00-LGR,6,2,4,172.53,,
101543,CA-SS00-SMF,4,2,2,120.37,,
101544,CA-SS15-SMF,4,2,2,120.37,,
101545,CA-SS30-SMF,2,0,2,120.37,,
101546,CA-SS00-LGF,4,2,2,140.43,,
101547,CA-SS15-LGF,0,0,0,140.43,,
101548,CA-SS30-LGF,3,1,2,140.43,,
101549,CA-SS00-SMR,2,2,0,152.47,,
101550,CA-SS15-SMR,4,2,2,152.47,,
101551,CA-SS30-SMR,2,2,0,152.47,,
101553,IRID-BAT-9555,0,0,0,88.89,,
101554,IRID-BAT-9575,0,0,0,89.13,,
101555,BCA1550-32,0,0,0,1653.94,,
101556,BCA1550W-12,0,0,0,2182.02,,
101557,BCA1550W-24,0,0,0,2182.02,,
101558,BCA1550W-32,0,0,0,2232.04,,
101559,BCA1550W-36,0,0,0,2232.04,,
101560,33111,16,14,2,20.78,,
101561,33112,22,12,10,21.43,,
101562,33114,19,10,9,23.12,,
101563,33116,13,5,8,24.68,,
101564,33118,15,6,9,26.23,,
101565,33120,20,10,10,27.92,,
101566,33122,18,6,12,29.48,,
101567,33124,10,7,3,31.04,,
101568,1363792,1,1,0,3272.63,,3899.99
101569,1363910,2,0,2,2645.68,,3299.99
101570,1363911,4,3,1,2886.2,,3599.99
101571,1363912,15,8,7,3487.49,,4349.99
101572,1363913,2,0,2,4008.61,,4999.99
101575,WR16/6-FT,20,20,0,2.85,,
101577,F16-0800C-1,0,0,0,77.62,,
101581,MD4041-268-0-202,2,0,2,89.37,,129.99
101582,MD4042-191-0-202,1,0,1,103.12,,149.99
101583,MD4042-268-0-202,3,3,0,103.12,,149.99
101584,MD4042-4-0-202,2,2,0,103.12,,149.99
101586,MD2020-4-0-202,0,0,0,130.61,,189.99
101587,MD2030-191-0-202,0,0,0,116.87,,169.99
101588,MD2030-4-0-202,6,4,2,116.87,,169.99
101589,MD2030CM-261-0-202,9,3,6,116.87,,169.99
101590,MA4041-0-0-101,4,3,1,20.61,,
101591,MA2030-0-0-101,0,0,0,20.61,,
101592,MD3800-191-0-202,4,2,2,96.24,,
101593,MD3800-193-0-202,5,2,3,96.24,,
101594,MD3800-4-0-202,5,1,4,96.24,,
101596,91710,4,4,0,117.71,,
101597,91800,4,4,0,125.16,,
101598,91875,0,0,0,244.36,,
101601,GNT-EVOLUTION-SM-IDP-HW-110ACPWROUT,3,1,2,3749.99,,
101602,GNT-EVOLUTION-SM-IDP-HW-OB,0,0,0,3749.99,,
101603,5004,15,3,12,15.66,,
101604,5005,18,8,10,15.66,,
101605,5006,0,0,0,15.66,,
101606,5014,12,10,2,15.66,,
101607,5015,10,5,5,15.66,,
101608,5017,6,4,2,15.66,,
101609,62-542-TR-WT-M,33,19,14,52.44,,
101610,EVO-30AB,0,0,0,82.95,119.7,
101612,010-C1354-30,0,0,0,189.94,,
101613,010-C1307-30,0,0,0,189.94,,
101624,23-002-001A,0,0,0,504.83,,689.0
101625,23-002-501A,0,0,0,640.4,,789.0
101626,23-002-000A,0,0,0,614.61,,799.0
101627,23-002-500A,0,0,0,715.74,,944.0
101630,BA2-25WHT,2,0,2,857.37,,
101631,BA2-25WHT-BLK,0,0,0,857.37,,
101632,BA225WHT-GRY,0,0,0,857.37,,
101633,BA2-25GRY-BLK,0,0,0,857.37,,
101634,BA1-25WHT,2,0,2,925.96,,
101635,BA1-25WHT-BLK,0,0,0,925.96,,
101636,BA1-25WHT-GRY,0,0,0,925.96,,
101638,BA1-25GRY-BLK,0,0,0,925.96,,
101640,010-C1459-30,0,0,0,112.71,,
101641,010-C1460-30,0,0,0,112.71,,
101642,010-C1461-30,0,0,0,112.71,,
101643,010-C1462-30,0,0,0,112.71,,
101644,010-C1459-40,0,0,0,187.86,,
101645,010-C1460-40,0,0,0,187.86,,
101646,010-C1461-40,0,0,0,187.86,,
101647,010-C1462-40,0,0,0,187.86,,
101648,6296,3,2,1,184.51,,
101649,6297,0,0,0,176.31,,
101650,3448,4,1,3,310.24,,
101651,3449,3,2,1,194.07,,
101652,3450,2,1,1,295.2,,
101653,3451,1,0,1,642.33,,
101654,3452,4,1,3,205.0,,
101655,3453,4,2,2,191.33,,
101656,3456,2,1,1,252.84,,
101657,6800,3,1,2,792.67,,
101661,T10-424,4,1,3,115.24,,
101662,HF25K,22,10,12,21.2,34.99,
101663,HF50K,9,8,1,30.29,49.99,
101664,HF75K,0,0,0,42.41,69.99,
101665,TZPROUP,0,0,0,795.45,1000.0,
101667,WH100022,7,4,3,26.83,,
101668,A80732,3,1,2,806.44,,
101670,804-1220-10,6,4,2,277.78,,
101671,804-1240-10,11,9,2,352.04,,
101672,804-1260-10,6,3,3,616.67,,
101673,804-2410-10,0,0,0,327.78,,
101674,804-2420-10,6,3,3,416.67,,
101680,SC-AOB-A2,55,27,28,311.88,,399.0
101681,PL40,0,0,0,6.67,9.99,
101682,PFC,0,0,0,14.0,20.99,
101683,ELC,0,0,0,18.67,27.99,
101684,CPL24,10,10,0,7.33,10.99,
101685,01-0055,3,2,1,10.0,14.99,
101686,BPL36B-H,0,0,0,10.67,15.99,
101687,01-0083,4,4,0,10.0,14.99,
101688,01-0082,9,3,6,10.0,14.99,
101689,AB1,2,1,1,16.67,24.99,
101690,AB3,5,4,1,18.67,27.99,
101691,ACK1,0,0,0,4.67,6.99,
101692,AK1,24,8,16,23.33,34.99,
101693,ZZCK1,10,6,4,6.0,8.99,
101694,01-0010-01B,11,11,0,11.33,16.99,
101696,DK1,0,0,0,12.67,18.99,
101697,DPK,3,3,0,6.67,9.99,
101698,HAND,5,5,0,8.67,12.99,
101699,HANDC,10,5,5,6.67,9.99,
101700,MPC,0,0,0,9.33,13.99,
101701,MPC34,0,0,0,6.67,9.99,
101702,SCUP4,5,5,0,8.67,12.99,
101703,01-0096,30,21,9,116.67,174.99,
101704,01-0062,0,0,0,156.67,234.99,
101707,RF3-YK,0,0,0,7.33,10.99,
101708,01-9004-LG,38,12,26,22.0,32.99,
101709,01-9004-Y,26,14,12,22.0,32.99,
101710,01-9004-SO,36,12,24,22.0,32.99,
101711,TTAG-SNG,4,0,4,4.67,5.99,
101712,01-0129,1,1,0,23.33,34.99,
101713,TQL1,0,0,0,8.67,12.99,
101714,TDSTP1,25,13,12,9.33,13.99,
101715,ABB,12,6,6,8.67,12.99,
101716,PK1,5,5,0,10.67,15.99,
101717,DRIPK,0,0,0,3.33,4.99,
101722,91315,4,4,0,101.5,,
101723,98330,0,0,0,192.96,,
101724,98405,0,0,0,332.17,,
101741,PTS-0-1.5PSI-02,6,3,3,236.8,,
101743,628009-001,1,0,1,6741.57,,
101744,628019-001,0,0,0,6590.91,,
101745,628002-001,0,0,0,9354.55,,
101746,628004-001,0,0,0,13936.36,,
101747,358-101-10,10,3,7,148.88,,
101751,114-887030,0,0,0,121.67,139.99,
101752,15600,3,2,1,499.99,,
101753,15610,2,0,2,299.99,,
101754,15630,2,0,2,284.99,,
101772,UC215-I,0,0,0,458.62,,
101777,9059-1113-1,54,0,54,36.85,,
101778,9059-2113-1,74,0,74,36.85,,
101779,9059-2123-1,1,0,1,36.85,,
101780,9059-3113-1,27,0,27,36.85,,
101781,9059-3114-1,8,0,8,37.48,,
101787,104530SDP,0,0,0,28.91,,
101792,1064,0,0,0,29.67,,
101795,B00042502,4,2,2,208.83,241.19,
101816,72-1048,1,0,1,1849.99,,
101817,72-1048-SV5,1,0,1,2149.99,,
101818,72-1048-SV10,1,0,1,2199.99,,
101819,72-1048-SV16,1,0,1,2229.99,,
101820,72-1048-SV24,0,0,0,2289.99,,
101821,72-1048-SV36,0,0,0,2359.99,,
101822,110213,1,0,1,277.76,454.99,
101824,37038-2012,5,2,3,117.21,,
101841,010-13352-00,0,0,0,22.49,,
101842,010-13352-01,0,0,0,22.49,,
101843,010-13352-02,0,0,0,149.99,,
101844,010-13353-03,0,0,0,149.99,,
101845,010-02316-20,0,0,0,273.74,,
101846,70200,2,0,2,22.86,29.64,
101847,70305,4,2,2,7.79,10.1,
101848,70205,4,2,2,6.63,8.59,
101849,41356P,0,0,0,52.15,,
101851,BPC900500014,15,5,10,32.38,,39.95
101852,BPC900520014,15,7,8,32.38,,39.95
101853,BPC120134124R,14,8,6,41.54,,52.7
101854,LYN020102010,14,5,9,114.37,,141.1
101855,LYN034170210,9,2,7,1012.83,,1249.5
101856,LYN060102010,1,1,0,163.29,,201.45
101857,CIP140325000,1,0,1,44.78,,55.25
101862,RA0458800,0,0,0,0.36,,
101863,69020,0,0,0,230.58,,
101870,016830001,6,4,2,443.04,,
101871,016831001,6,3,3,481.01,,
101872,958140511,1,1,0,265.82,,
101873,958140531,0,0,0,272.15,,
101875,996098501,2,2,0,68.35,,
101877,996098511,5,2,3,84.81,,
101878,6080.44,2,1,1,736.13,,
101879,6080.60,4,2,2,934.24,,
101880,6080.45,2,2,0,274.34,,
101882,6080.63,3,2,1,458.71,,
101883,4265.07K,4,4,0,264.04,,
101884,4265.07,0,0,0,247.09,,
101885,4265.08K,0,0,0,328.0,,
101886,4265.08,2,2,0,281.33,,
101899,WS20HD0200,0,0,0,42.19,,
101902,010-C1279-00,0,0,0,262.49,,
101903,010-C1270-00,0,0,0,262.49,,
101904,010-C1271-00,0,0,0,262.49,,
101905,010-C1272-00,0,0,0,262.49,,
101906,010-C1273-00,0,0,0,262.49,,
101907,010-C1274-00,0,0,0,262.49,,
101908,010-C1275-00,0,0,0,262.49,,
101909,010-C1276-00,0,0,0,262.49,,
101913,BE-HA-54380-DP,4,2,2,16.6,,
101916,151600-700-040-23,0,0,0,66.47,,
101917,CM599C-LH,1,1,0,3382.35,4399.0,
101924,9057-1113-1,0,0,0,31.85,,
101925,9057-2113-1,0,0,0,31.85,,
101926,9057-2123-1,0,0,0,31.85,,
101927,9057-3113-1,0,0,0,31.85,,
101928,9057-3114-1,0,0,0,32.48,,
102058,N09411,4,2,2,77.33,104.39,
102059,N09421,4,2,2,112.0,151.2,
102141,DS-LP-16-BLK,23,13,10,26.41,,
102142,DS-LP-16-S,10,6,4,32.04,,
102143,DS-LP-21A-BLK,23,13,10,30.91,,
102144,DS-LP-21A-S,14,3,11,37.1,,
102145,DS-LP-30-BLK,47,11,36,37.66,,
102146,DS-LP-30-S,9,7,2,43.85,,
102147,DS-LP-MULTI-BLK,22,11,11,63.0,,
102148,DS-LP-MULTI-S,10,5,5,79.88,,
102149,A-1 GREY,0,0,0,35.79,,
102150,DS-LP-21B-BLK,7,4,3,30.91,,
102151,DS-LP-21B-S,14,11,3,37.1,,
102155,SSC-750,2,0,2,93.33,,
102156,SSC-1000,1,0,1,102.78,,
102157,SSC-1250,2,1,1,117.78,,
102158,SSC-1500,4,2,2,131.11,,
102159,SSC-2000,0,0,0,157.22,,
102160,SSC-2500,4,3,1,201.11,,
102161,BSA-750,0,0,0,118.33,,
102162,BSA-1000,0,0,0,127.78,,
102163,BSA-1250,0,0,0,148.89,,
102164,BSA-1500,0,0,0,161.67,,
102165,BSA-2000,0,0,0,348.89,,
102166,BSA-2500,0,0,0,390.56,,
102169,11072,5,2,3,70.64,,
102170,11073,5,3,2,88.3,,
102171,12072,4,2,2,122.75,,
102172,12073,5,3,2,152.28,,
102173,11132,6,2,4,99.45,,
102174,11133,5,4,1,129.19,,
102175,12132,5,2,3,204.23,,
102176,12133,0,0,0,295.86,,
102193,ORI121217040,0,0,0,265.95,,328.1
102194,BPC122531124,7,6,1,158.79,,201.45
102200,50-0010-71,8,3,5,100.0,159.99,
102201,50-0014-71,7,4,3,125.0,199.99,
102202,03-4011-11,15,7,8,14.38,20.99,
102203,03-4013-11,11,3,8,18.49,26.99,
102204,03-4149-11,0,0,0,18.08,26.99,
102209,11-4174-11,10,8,2,46.05,69.99,
102212,02-4141-11,7,4,3,24.32,35.99,
102216,KITMD2,8,4,4,152.96,,199.0
102217,02-4142-11,0,0,0,27.7,38.99,
102218,02-4143-11,16,10,6,10.81,15.99,
102219,02-4178-11,10,5,5,23.65,34.99,
102220,02-4179-11,12,4,8,10.27,14.99,
102221,02-4033-11,15,10,5,24.0,35.99,
102223,04-4119-11,7,5,2,60.63,96.99,
102224,02-4132-11,0,0,0,43.51,66.99,
102225,08-0115-11,19,9,10,25.32,38.99,
102235,APT-150-SL-01,11,6,5,278.44,,
102236,SC-SL-01,12,5,7,180.0,,
102237,GOST-MAXLINK,0,0,0,1087.49,,
102238,LD2000,10,10,0,84.35,,
102241,LD4000,15,0,15,41.34,,
102242,LD4002,28,10,18,47.07,,
102244,E70670,10,6,4,708.32,,
102249,5540-020-1503,2,2,0,7.43,,
102250,5540-020-1507,6,6,0,7.43,,
102251,5540-020-2500,6,6,0,7.43,,
102252,5540-020-2501,2,2,0,7.43,,
102253,5540-020-2502,5,5,0,7.43,,
102254,5540-020-2503,1,1,0,7.43,,
102255,5540-030-1503,1,1,0,7.89,,
102256,5540-030-1507,4,4,0,7.89,,
102257,5540-030-2500,6,6,0,7.89,,
102258,5540-030-2501,4,4,0,7.89,,
102259,5540-030-2502,2,2,0,7.89,,
102260,5540-030-2503,0,0,0,7.89,,
102261,5560-030-2506,0,0,0,6.85,,
102262,5560-030-2507,0,0,0,6.85,,
102263,5560-030-2508,0,0,0,6.85,,
102264,5560-030-2509,4,4,0,6.85,,
102265,5560-030-2510,1,1,0,6.85,,
102266,5560-030-2511,6,6,0,6.85,,
102267,5560-000-2506,4,4,0,11.93,,
102268,5560-000-2507,3,3,0,11.93,,
102269,5560-000-2508,3,3,0,11.93,,
102270,5560-000-2509,5,5,0,11.93,,
102271,5560-000-2510,3,3,0,11.93,,
102272,5560-000-2511,3,3,0,11.93,,
102273,5560-001-2506,7,7,0,13.31,,
102274,5560-001-2507,2,2,0,13.31,,
102275,5560-001-2508,5,5,0,13.31,,
102276,5560-001-2509,2,2,0,13.31,,
102277,5560-001-2510,4,4,0,13.31,,
102278,5560-001-2511,4,4,0,13.31,,
102279,5540-040-2503,5,5,0,8.55,,
102280,010-13350-02,0,0,0,89.99,,
102284,GP1692,31,31,0,28.02,,
102286,115-12-20A,4,2,2,937.36,,
102287,115-12-35CD,2,0,2,1368.83,,
102288,115-12-8,5,3,2,430.08,,
102289,115-24-10,3,0,3,931.85,,
102290,115-24-18CD,0,0,0,1417.62,,
102291,115-24-35CD,7,4,3,1890.7,,
102292,1-2-120,3,2,1,148.88,,
102293,12-12-35I,0,0,0,1341.95,,
102294,12-12-3I,4,2,2,182.65,,
102295,12-12-6I,2,1,1,283.28,,
102296,2-3-120,2,2,0,381.84,,
102297,1-3-70,1,1,0,165.42,,
102298,1-3-165,0,0,0,277.07,,
102299,2-3-70,3,2,1,213.66,,
102300,24-12-3,0,0,0,137.16,,
102302,32-12-10,0,0,0,400.45,,
102303,32-12-15,3,2,1,435.88,,
102304,32-12-25,4,2,2,608.89,,
102305,32-12-35,0,0,0,857.41,,
102306,32-12-50,2,1,1,944.26,,
102307,ACCY-IBX,2,1,1,105.45,,
102308,ACCY-IX,1,0,1,202.64,,
102309,AC-II,0,0,0,110.28,,
102310,AC-IX,1,1,0,253.64,,
102311,BI-100,2,1,1,166.8,,
102312,BI-200,0,0,0,296.37,,
102313,GI-30-FS,1,0,1,287.18,,
102314,GI-60-FS,4,2,2,319.99,,
102315,NP-12,4,1,3,487.74,,
102316,NP-24,0,0,0,561.04,,
102317,NGX-1-ISO,0,0,0,208.22,,
102318,NGX-1-USB,2,1,1,222.41,,
102320,NS-12-20,2,1,1,200.8,,
102321,PA30/20,6,4,2,48.94,,
102322,PA40/30,3,2,1,70.99,,
102323,PA60/40,4,2,2,222.62,,
102324,POWER-PAC14AH,4,2,2,749.89,,
102325,POWER-PAC7AH,6,3,3,571.88,,
102326,PT-7,5,2,3,275.7,,
102327,PT-14W,2,2,0,551.39,,
102328,PT-24-13W,0,0,0,627.21,,
102329,PT-24-20U,0,0,0,930.57,,
102330,PT-24-45U,8,5,3,1585.25,,
102331,PT-24-60W,0,0,0,2205.56,,
102332,PT-24-8W,1,0,1,530.71,,
102333,PT-24-95U,3,2,1,2481.26,,
102334,PT-25W,4,1,3,620.31,,
102335,PT-40U,0,0,0,982.41,,
102336,PT-80,0,0,0,1674.85,,
102339,PTM-24-22,1,0,1,1037.4,,
102341,BX-1,3,1,2,42.04,,
102342,BX-2,6,2,4,47.56,,
102343,BX-3,6,2,4,70.3,,
102344,GS-2-100,0,0,0,428.02,,
102345,GS-2-25,2,0,2,108.21,,
102346,GS-2-50,4,2,2,202.74,,
102347,PC-10,4,2,2,68.92,,
102348,PC-25,5,3,2,102.01,,
102350,S51100,25,15,10,50.0,,
102351,S51110,0,0,0,121.43,152.99,
102352,S51102,12,11,1,50.0,,
102353,S51112,0,0,0,121.43,152.99,
102354,S51104,30,14,16,50.0,,
102355,S51114,0,0,0,121.43,152.99,
102356,S51106,26,10,16,50.0,,
102357,S51116,0,0,0,121.43,152.99,
102358,S51108,28,14,14,50.0,,
102359,S51118,0,0,0,121.43,152.99,
102360,S51200,27,13,14,16.67,,
102361,S51202,28,13,15,16.67,,
102362,S51204,28,15,13,16.67,,
102363,S51206,30,15,15,16.67,,
102364,S51208,28,15,13,16.67,,
102365,S51390,20,10,10,17.78,,
102366,958126201,2,0,2,16.46,,
102373,SCM-LC-N2K-PLUS-V2,0,0,0,608.05,,749.0
102380,44010,19,19,0,89.99,,
102381,100-5194,2,2,0,255.73,,299.99
102386,100-4807,0,0,0,480.0,,599.99
102388,DS-HD10,20,0,20,25.31,,
102389,DS-HD6,23,4,19,19.69,,
102390,DS-H-MULTI-BLK,13,5,8,33.19,,
102391,PTM-R1-SL,0,0,0,1451.25,,
102393,PTM-R2-SL,0,0,0,1451.25,,
102397,ST30-60-5,0,0,0,18.79,,
102398,S00-02027-00,0,0,0,3.75,,
102399,010-12864-08,0,0,0,199.99,,
102403,SC-CW-12F,17,12,5,103.5,,
102404,SC-CW-1GT,26,20,6,55.98,,
102405,SC-CW-2GT,12,7,5,55.98,,
102406,SC-CW-6GT,15,5,10,78.48,,
102407,SC-CW-7GT,4,3,1,54.29,,
102408,SC-CW-9GT,23,11,12,80.73,,
102409,SC-USB-F4,12,0,12,32.63,,
102412,APS-70,4,2,2,115.79,,
102413,APS-160,7,5,2,317.05,,
102414,PX-1,6,3,3,31.7,,
102415,PX-2,5,5,0,38.6,,
102416,PX-3,5,2,3,48.94,,
102417,CCX-R,3,3,0,51.69,,
102418,CCX-S,0,0,0,43.42,,
102419,CCX-T,3,2,1,44.11,,
102420,BB-2,2,1,1,43.42,,
102421,BB-2/8,1,1,0,71.68,,
102422,BB-5,0,0,0,80.64,,
102423,BB-8,3,1,2,107.52,,
102424,BPP900451100,16,14,2,201.19,,248.2
102425,SS SWITCH15,0,0,0,321.87,,
102426,SS SWITCH3,10,8,2,105.58,,
102427,SS SWITCH7.5,4,2,2,152.86,,
102428,SS SWITCH7.5INV,0,0,0,211.6,,
102429,SCREEN-25,0,0,0,638.92,,
102431,CG0225NVC-F,0,0,0,843.75,,
102440,CG0175NVC-F,0,0,0,712.5,,
102446,010-02868-00,3,3,0,599.99,,
102447,010-02868-01,2,1,1,599.99,,
102448,010-02868-02,1,1,0,599.99,,
102450,010-13350-00,7,2,5,29.98,,
102452,010-02277-10,3,3,0,599.99,,
102453,010-12832-23,0,0,0,59.99,,
102454,020-00301-00,0,0,0,59.99,,
102455,010-12832-26,1,0,1,29.98,,
102456,010-12832-41,2,1,1,29.98,,
102457,010-12832-42,2,2,0,29.98,,
102458,010-12832-40,6,3,3,52.49,,
102459,010-12832-19,0,0,0,18.74,,
102460,ERC-12-15,3,2,1,130.27,,
102461,ERC-12-35,3,2,1,193.68,,
102462,0834008PLB,4,0,4,358.53,,
102463,ES-1,0,0,0,1205.48,,
102464,ES-7D,3,2,1,635.48,,
102488,BMBS700,53,24,29,407.99,,499.0
102489,BSEC6M,10,6,4,30.0,,40.0
102490,FWBH-WH-S/M,2,2,0,56.25,,
102491,FWBH-WH-L/XL,2,2,0,56.25,,
102495,TDT04F-2RP,7,6,1,2.69,,
102496,TDT04F-3RP,20,10,10,3.19,,
102497,TDT04F-4RP,18,10,8,3.82,,
102498,TDT04F-6RP,18,12,6,4.53,,
102499,TDT04F-8RP,3,3,0,5.88,,
102500,TDT04F-12RP,10,6,4,4.69,,
102501,TDT06F-2RS,9,9,0,3.07,,
102502,TDT06F-3RS,17,10,7,4.85,,
102503,TDT06F-4RS,19,10,9,5.0,,
102504,TDT06F-6RS,12,8,4,7.75,,
102505,TDT06F-8RS,10,6,4,8.25,,
102506,TDT06F-12RS,13,6,7,9.24,,
102510,ZDIGISSPK2,3,2,1,1046.5,,
102511,T14DT-P-25,1,1,0,8.74,,
102512,T14DT-S-25,10,4,6,12.18,,
102513,RS-1005-HV-M,3,3,0,680.0,,
102517,PTS-0-3PSI-02,3,1,2,327.6,,
102518,SEA2322,6,0,6,128.05,,
102519,SEA2323,5,1,4,140.24,,
102520,SEA2324,6,6,0,142.68,,
102521,SEA2325,11,11,0,146.34,,
102522,101849,2,2,0,152.71,,
102524,101839,3,0,3,152.71,,
102526,010-12832-21,0,0,0,52.49,,
102535,CB101D600CW,0,0,0,179.35,,
102536,BT70L300-00,0,0,0,423.26,,
102537,BT70L300-12,0,0,0,423.26,,
102538,BT70L300-18,0,0,0,423.26,,
102539,BT70MB300-00,0,0,0,279.78,,
102540,BT70MB300-12,0,0,0,279.78,,
102541,BT70MB300-18,0,0,0,279.78,,
102542,BT70MA600-00,0,0,0,442.83,,
102543,BT70MA600-12,2,1,1,442.83,,
102544,BT70MA600-18,2,1,1,442.83,,
102545,BT70H600-00,0,0,0,442.83,,
102546,BT70H600-12,2,1,1,442.83,,
102547,BT70H600-18,2,1,1,442.83,,
102548,BT70D600CW-00,0,0,0,192.39,,
102549,BT70D600CW-12,0,0,0,192.39,,
102550,BT70D600CW-18,0,0,0,192.39,,
102551,BT87M1KW-00,0,0,0,762.39,,
102552,BT87M1KW-12,0,0,0,762.39,,
102553,BT87M1KW-18,2,1,1,762.39,,
102554,BT87H1KW-00,0,0,0,645.0,,
102555,BT87H1KW-12,0,0,0,645.0,,
102556,BT87H1KW-18,0,0,0,645.0,,
102557,CBCCMS0501,4,2,2,37.5,,
102558,CBCCMS0503,3,2,1,37.5,,
102559,CBCCMS0502,2,2,0,37.5,,
102560,6313,1,0,1,336.65,,
102561,38045-3092RSP,4,3,1,685.15,,
102562,38045-3094RSP,2,0,2,685.15,,
102563,38245-3092RSP,4,4,0,685.15,,
102564,38245-3094RSP,2,0,2,685.15,,
102565,53676C,5,1,4,93.16,179.99,
102566,53677C,5,0,5,93.16,179.99,
102567,53678C,4,0,4,93.16,179.99,
102568,53686C,7,3,4,132.76,209.99,
102569,53687C,4,4,0,132.76,209.99,
102570,53688C,8,4,4,132.76,209.99,
102571,53686S,8,4,4,159.79,229.99,
102572,53687S,8,4,4,159.79,229.99,
102575,536700,0,0,0,55.95,99.99,
102576,536710,2,0,2,55.95,99.99,
102577,536720,0,0,0,55.95,99.99,
102578,536700C,3,0,3,63.43,107.99,
102579,536710C,0,0,0,63.43,107.99,
102580,536720C,0,0,0,63.43,107.99,
102581,536800C,0,0,0,106.47,164.99,
102582,536820C,0,0,0,106.47,164.99,
102585,CTR-3-DATA,0,0,0,1732.21,,
102586,CTR-4-DATA,0,0,0,904.53,,
102589,333-93500,5,2,3,83.57,,
102590,013201,1,0,1,312.5,475.0,
102591,013202,1,0,1,35.23,53.0,
102592,013203,2,0,2,50.0,76.0,
102593,013204,0,0,0,225.0,342.0,
102594,013205,0,0,0,165.91,251.0,
102602,SCM-CLX-RGBW-SS,2,0,2,29.95,,39.95
102603,SCM-CLS-RGBW-SS,1,0,1,46.92,,64.95
102604,SCM-CL10-RGBW-SS,0,0,0,56.0,,72.0
102605,SC2-CC-BZSM,0,0,0,173.75,,264.0
102606,SC2-BB-BZSM,0,0,0,145.12,,229.0
102607,SC2-GW-BZSM,0,0,0,145.12,,229.0
102608,SC2-CC-CSM,0,0,0,160.98,,249.0
102609,SC2-BB-CSM,0,0,0,136.59,,216.0
102610,SC2-GW-CSM,0,0,0,136.59,,216.0
102613,FBV-2500,6,3,3,313.89,,
102614,ZDIGNMD2,6,3,3,664.96,,
102619,UP39R,0,0,0,674.3,,
102621,11828-1,0,0,0,13.74,,
102626,10-13626-01,1,0,1,18.5,,
102627,10-13626-05,9,3,6,34.38,,
102628,10-13635-01,0,0,0,50.0,,
102629,10-13636-01,5,5,0,54.0,,
102630,10-13637-01,24,12,12,46.49,,
102631,10-13637-02,22,10,12,58.99,,
102632,10-13626-03,22,12,10,52.99,,
102633,10-13626-07,16,9,7,60.99,,
102634,10-13642-01,1,0,1,32.0,,
102635,10-13643-01,4,4,0,33.99,,
102636,10-13649-01,24,12,12,37.99,,
102637,10-13650-01,23,11,12,36.99,,
102638,09-36336-01,4,2,2,17.0,,
102639,09-36336-06,3,2,1,22.49,,
102640,09-36336-04,24,12,12,34.99,,
102641,09-36336-10,22,11,11,42.99,,
102642,SVS-760CF+,0,0,0,839.3,,
102643,SVS-880CF+,0,0,0,979.3,,
102644,SVS-760C+,0,0,0,699.3,,
102645,SVS-880C+,0,0,0,839.3,,
102646,SVS-880CE+,2,1,1,874.99,,
102647,SVS-880CFE+,0,0,0,1049.3,,
102653,010-C1466-30,13,9,4,112.71,,
102654,010-C1467-30,0,0,0,112.71,,
102655,010-C1466-40,4,2,2,187.86,,
102656,010-C1467-40,0,0,0,187.86,,
102659,81205105,5,3,2,459.65,,
102660,81205205,5,3,2,399.7,,
102661,81205305,5,2,3,459.65,,
102662,81205405,3,1,2,459.65,,
102663,S-845,43,19,24,9.71,,17.0
102666,010-C1451-20,0,0,0,112.49,,
102667,010-C1451-00,17,5,12,187.49,,
102668,010-C1452-20,0,0,0,112.49,,
102669,010-C1452-00,17,5,12,187.49,,
102670,010-C1453-20,0,0,0,112.49,,
102671,010-C1453-00,17,5,12,187.49,,
102672,010-C1454-20,0,0,0,112.49,,
102673,010-C1454-00,17,5,12,187.49,,
102675,7385BN#8/0B,1,1,0,16.18,,
102676,7385BN#9/0B,0,0,0,19.22,,
102677,19-1240-02,14,7,7,262.5,,
102682,010-C1484-20,0,0,0,112.49,,
102683,010-C1484-00,17,5,12,187.49,,
102684,010-C1485-20,0,0,0,112.49,,
102685,010-C1485-00,17,5,12,187.49,,
102709,60451,0,0,0,11.42,15.2,
102710,60452,5,3,2,12.38,16.49,
102711,60453,4,2,2,18.7,24.9,
102717,491034-1,10,10,0,37.47,,
102718,491036-1,4,4,0,53.74,,
102721,445097-1,3,1,2,5.41,,
102722,445197-1,14,10,4,6.03,,
102724,563311-1,0,0,0,4.21,,
102725,431050-3,0,0,0,68.79,,
102730,33-541-01,0,0,0,236.35,,
102731,904113,0,0,0,137.5,219.99,
102739,200-014G2-PRO-I,0,0,0,765.03,,956.28
102740,201-013-PRO,0,0,0,496.73,,620.91
102741,200-014G2-PRO,0,0,0,496.73,,620.91
102744,TFRL24-6MM-25,6,4,2,3.6,,
102745,TFRL22-6MM-25,6,5,1,3.6,,
102746,TFRL20-6MM-25,6,4,2,3.6,,
102747,TFRL18-6MM-25,8,4,4,3.6,,
102748,TFRL16-8MM-25,5,5,0,3.03,,
102749,TFRL14-8MM-25,5,1,4,3.31,,
102750,TFRL12-10MM-25,14,5,9,4.0,,
102751,TFRL10-12MM-25,7,5,2,4.96,,
102752,TFRL8-12MM-10,4,1,3,6.43,,
102753,TFRL6-12MM-10,7,4,3,6.86,,
102754,TFRL4-16MM-10,5,2,3,6.0,,
102756,TFRL2-16MM-10,10,4,6,8.74,,
102779,WUL16BR-9-1000,0,0,0,116.4,,
102781,22484,29,17,12,5.14,,
102786,151800-200-040-23,0,0,0,165.69,,
102787,151800-200-050-23,0,0,0,165.69,,
102788,151800-200-060-23,0,0,0,165.69,,
102789,151800-200-070-23,0,0,0,165.69,,
102790,151400-200-030-23,1,0,1,63.41,,
102791,151600-700-060-23,0,0,0,66.47,,
102792,151000-200-040-24,0,0,0,76.29,,
102793,151000-200-050-24,0,0,0,76.29,,
102794,151000-200-060-24,0,0,0,76.29,,
102795,151000-200-020-24,0,0,0,76.29,,
102798,T70590,6,4,2,4208.31,,
102799,22733,9,4,5,15.36,,
102800,22743,8,6,2,7.86,,
102801,22753,7,5,2,20.29,,
102802,E150-12-5,5,2,3,19.27,,
102803,E200-12-5,9,6,3,18.51,,
102806,H25-0023R,2,0,2,432.38,,
102810,SDTG2400302,4,2,2,841.27,,1037.85
102820,010-02407-10,0,0,0,862.49,,
102822,BDBSS,0,0,0,88.91,131.4,
102823,BDBPW,3,3,0,68.21,100.8,
102824,KSJCOAX,6,6,0,12.79,18.9,
102825,KSJUSBC,10,10,0,12.79,18.9,
102826,KSJUSB,11,11,0,12.79,18.9,
102827,KSJHDMI,9,9,0,12.79,18.9,
102828,KSJETH,3,3,0,12.79,18.9,
102834,43410700945,0,0,0,895.56,1105.64,
102835,43410701545,0,0,0,1236.53,1526.56,
102836,43410702545,0,0,0,1809.75,2234.27,
102837,43410704545,0,0,0,3184.83,3931.89,
102838,43410707045,0,0,0,5489.14,6776.71,
102839,43230000940,0,0,0,419.6,485.65,
102840,43230001540,0,0,0,454.85,526.45,
102841,43230002540,0,0,0,514.98,635.76,
102842,43230004540,0,0,0,692.88,855.4,
102843,43230007040,0,0,0,1594.56,1968.6,
102844,43354320153,0,0,0,74.61,86.36,
102845,43354320253,0,0,0,92.97,107.61,
102846,43354320453,0,0,0,142.44,164.86,
102847,43354320543,0,0,0,220.43,255.13,
102848,25200010051,0,0,0,40.0,46.28,
102849,25200010112,0,0,0,36.61,42.37,
102851,25200010055,0,0,0,67.39,77.99,
102859,T01110,0,0,0,8.58,11.12,
102860,T01111,0,0,0,12.06,15.62,
102867,PMP121500100,6,4,2,250.11,,308.55
102871,PUMPOCT10-12,0,0,0,400.0,,
102876,41030,0,0,0,381.91,668.33,
102880,SG1982B,6,3,3,78.06,,
102882,19-1240-01,0,0,0,61.76,,
102883,72-1056-01,2,1,1,1229.99,,
102888,010-11203-10,1,1,0,202.49,,
102899,FVSGEL185L05A00,1,0,1,39.6,,
102900,FVSGANBTQ18AA00,0,0,0,63.36,,
102904,523101,2,2,0,14.13,,
102909,B00171101,1,1,0,235.45,286.19,
102913,81203205,0,0,0,496.43,,
102914,44636,1,1,0,4.09,,
102915,53246,11,7,4,18.15,,
102916,22999,0,0,0,12.75,,
102917,40325,8,8,0,4.97,,
102918,53097,6,6,0,11.33,,
102919,48473,1,1,0,35.36,,
102920,44105,13,0,13,6.56,,
102928,784-9115S-01,0,0,0,381.34,,
102940,SEA-HDM,0,0,0,939.76,,1099.0
102941,010-12989-03,1,0,1,22.49,,
102943,010-01628-02,7,4,3,153.99,,
102944,VMCRCA6,7,1,6,11.56,,
102945,VMCRCA12,1,1,0,15.56,,
102952,ASS030140030,2,2,0,48.23,,59.5
102959,7461321FGK-CFN,11,5,6,871.53,,
102971,0200MABW01,0,0,0,188.48,,
102975,170002,3,2,1,28.4,,
102976,170010,6,6,0,108.46,,
102977,170025,7,4,3,248.61,,
102987,SCM-EAGLE-RAY-WH,3,2,1,1198.99,,1799.0
102988,SCM-EAGLE-RAY-BK,0,0,0,1198.99,,1799.0
102995,MCU006,2,1,1,404.49,,
102996,010-13350-01,0,0,0,52.49,,
102997,200-012G2-PRO,0,0,0,496.73,,620.91
103000,9057-3114-4,0,0,0,38.73,,
103002,740239-1,0,0,0,131.28,,
103007,ORI241210260,2,1,1,28.25,,34.85
103008,ORI241205200R,3,3,0,12.4,,15.3
103024,47806,15,15,0,29.34,,
103025,43633,12,5,7,20.86,,
103026,39390,2,2,0,32.66,,
103032,B75C-12-HW-MM,0,0,0,627.48,864.0,
103033,B75C-20-HW-MM,1,0,1,627.48,864.0,
103035,53673A,10,0,10,20.84,,
103036,53683A,7,7,0,24.07,,
103037,53670CA,8,0,8,55.96,107.99,
103038,53672CA,3,3,0,60.22,107.99,
103040,RLS-508-405,8,4,4,87.5,,
103053,784-9115-01,0,0,0,381.34,,
103056,RTME12D,2,2,0,312.5,,
103057,2210024,1,1,0,265.63,,
103058,STC548W,4,3,1,221.88,,
103059,872021,5,5,0,156.25,,
103060,221012,3,0,3,137.5,,
103061,R109C-LHW,0,0,0,3205.88,,
103062,FVSGEL140R05A00,2,0,2,34.99,,
103065,HM15H300PXS,0,0,0,962.26,,
103066,HM15H300P12X,0,0,0,690.53,,
103069,9057-3113-4,0,0,0,36.85,,
103070,69000338,1,0,1,353.14,,
103071,HM15H150PX,1,1,0,352.21,,
103072,HM15H300PX,0,0,0,926.03,,
103073,HM20H300PX,0,0,0,606.95,,
103074,9057-2123-4,0,0,0,36.85,,
103075,HM15H200PX,0,0,0,621.04,,
103076,9057-2113-4,0,0,0,36.85,,
103077,9057-1113-4,0,0,0,36.85,,
103082,FS3000BC,9,5,4,266.12,349.95,
103083,GPLI30BB,2,2,0,550.0,669.95,
103084,PPEL38BB,3,3,0,679.0,799.95,
103088,FS4000P,0,0,0,378.25,449.95,
103090,WUL10WH-20,4,2,2,10.24,,
103091,WUL10GY-20,2,0,2,10.24,,
103092,WUL10VI-20,0,0,0,10.24,,
103093,WUL10BL-20,4,1,3,10.24,,
103094,WUL10GN-20,1,0,1,10.24,,
103095,WUL10YL-20,0,0,0,10.24,,
103096,WUL10OR-20,0,0,0,10.24,,
103097,WUL10RD-20,0,0,0,10.24,,
103098,WUL10BR-20,4,2,2,10.24,,
103099,WUL10BK-20,2,0,2,10.24,,
103103,010-12982-10,0,0,0,63.99,,
103104,7210,1,1,0,183.24,,
103105,30-442-P-WT,28,4,24,43.45,,
103106,30-442-P-BL,10,0,10,43.45,,
103109,RH-4646,7,0,7,14.64,,
103110,5009W4,10,4,6,15.24,,
103113,12772-2,16,4,12,6.29,,
103114,12773-2,9,6,3,8.88,,
103115,12774-2,6,3,3,14.99,,
103118,580-0200-7 B1,4,4,0,119.87,,
103120,5060-3,0,0,0,7.5,,
103121,5061-3,4,4,0,12.14,,
103122,5062-3,7,3,4,12.14,,
103123,5063-3,15,7,8,12.86,,
103124,5071-3,0,0,0,4.17,,
103125,5072-7,0,0,0,4.17,,
103126,5074-3,0,0,0,6.67,,
103128,017461001,3,1,2,116.46,,
103129,017461011,1,1,0,116.46,,
103130,8315-4,2,1,1,31.2,,
103132,PIN122510510,6,3,3,76.48,,94.35
103133,PIN122510500,11,6,5,78.55,,96.9
103134,PIN123750510,0,0,0,93.01,,114.75
103135,PIN121800510,5,1,4,199.12,,245.65
103141,SXV300M1-6,3,2,1,328.43,,
103142,010-02251-10,13,3,10,97.49,,
103143,710306-1,0,0,0,166.67,,
103144,SS6X9GRY,1,1,0,516.84,,
103145,SS6X9BLU,4,0,4,516.84,,
103146,SS6X9BLK,4,0,4,516.84,,
103150,SS8X12GRY,4,0,4,783.16,,
103151,SS8X12BLU,4,0,4,783.16,,
103152,SS8X12BLK,4,0,4,783.16,,
103153,SS8X12SFM,4,0,4,783.16,,
103155,SS8X12WHT,4,0,4,783.16,,
103158,400-405,0,0,0,106.35,,132.94
103174,FVSGANBTQ14AA00,0,0,0,35.57,,
103176,FVSGANBTQ25AA00,0,0,0,63.36,,
103177,FASP3432X02CA00,0,0,0,47.91,,
103178,FNTCD2042000C00,0,0,0,281.69,,
103180,FPHRC1004000C00,2,0,2,163.35,,
103181,FPHRC1004L00D00,0,0,0,217.8,,
103182,FASP2492X12CD00,0,0,0,103.08,,
103184,017461101,2,2,0,117.72,,
103185,017146101,0,0,0,121.52,,
103207,101873,5,2,3,177.38,,
103220,202V8001,0,0,0,552.76,,
103225,2184,19,0,19,39.53,59.95,
103238,41511,0,0,0,10.32,,
103239,ASS030700000,27,14,13,8.27,,10.2
103241,AR003,4,2,2,47.84,,
103243,R001,4,2,2,66.97,,
103244,IG017,4,2,2,117.53,,
103245,IG019,3,2,1,340.31,,
103246,IG021,3,2,1,58.77,,
103247,IG023,1,0,1,47.76,,
103248,IG024,4,2,2,42.29,,
103249,IG025,4,2,2,108.59,,
103250,IG026,4,2,2,40.93,,
103251,IG027,4,2,2,47.76,,
103252,IG028,4,2,2,54.6,,
103253,IG030,3,2,1,25.89,,
103254,VR001,4,2,2,95.6,,
103255,VR003,3,1,2,68.33,,
103256,VR004,4,2,2,61.16,,
103257,WP006,4,2,2,29.32,,
103258,WP007,4,2,2,27.27,,
103259,WP008,4,2,2,33.41,,
103260,WP011,0,0,0,27.27,,
103261,WP014,0,0,0,26.65,,
103262,WP015,0,0,0,18.45,,
103263,WP016,0,0,0,33.41,,
103264,WP017,0,0,0,40.93,,
103265,WP018,0,0,0,45.11,,
103266,WP019,0,0,0,58.69,,
103271,101-003-FB,2,1,1,338.85,,423.56
103272,101-003-FB-B,0,0,0,338.85,,423.56
103273,101-003-FB-REVERSE,0,0,0,404.59,,505.73
103274,101-005-FB,0,0,0,444.29,,555.36
103275,101-005-FB-B,0,0,0,444.29,,555.36
103276,101-005W-FB,0,0,0,550.37,,687.96
103277,101-005W-FB-B,0,0,0,550.37,,687.96
103278,101-009-FB,0,0,0,503.53,,629.42
103279,101-009-FB-B,0,0,0,503.53,,629.42
103280,101-009W-FB,0,0,0,538.96,,673.7
103281,101-009W-FB-B,0,0,0,538.96,,673.7
103282,201-003-FB,1,0,1,380.51,,475.63
103283,201-003-FB-B,0,0,0,380.51,,475.63
103284,201-003-FB-REVERSE,0,0,0,442.35,,552.93
103285,201-011KL-FB,0,0,0,581.13,,726.42
103286,201-011KL-FB-B,0,0,0,581.13,,726.42
103287,201-011KLST-FB,0,0,0,871.71,,1089.64
103288,201-011KLST-FB-B,0,0,0,871.71,,1089.64
103290,201-012-FB,6,4,2,461.93,,577.42
103291,201-012-FB-B,2,0,2,461.93,,577.42
103294,201-012S-FB,0,0,0,647.55,,809.43
103295,201-012S-FB-B,0,0,0,647.55,,809.43
103296,201-013-FB,2,1,1,460.48,,575.6
103297,201-013-FB-B,0,0,0,460.48,,575.6
103301,LYN060404010,9,9,0,137.8,,170.0
103302,201-014-FB,0,0,0,461.93,,577.42
103303,201-014-FB-B,0,0,0,461.93,,577.42
103306,201-020-FB,0,0,0,503.53,,629.42
103307,201-020-FB-B,0,0,0,503.53,,629.42
103311,201-021-FB,5,3,2,650.32,,812.9
103312,201-021-FB-B,0,0,0,650.32,,812.9
103313,201-030-FB,0,0,0,503.53,,629.42
103314,201-030-FB-B,0,0,0,503.53,,629.42
103315,301-005-FB,3,2,1,345.35,,431.69
103316,301-005-FB-B,1,1,0,345.35,,431.69
103319,301-008-FB,4,2,2,280.75,,350.94
103320,301-008-FB-B,3,2,1,280.75,,350.94
103323,301-009-FB,5,3,2,280.75,,350.94
103324,301-009-FB-B,1,1,0,280.75,,350.94
103328,201-005-B TB,0,0,0,442.77,,553.47
103330,0333,1,1,0,101.89,,
103332,2650,4,4,0,58.7,,
103333,0164,3,3,0,25.24,,
103334,0165,7,7,0,13.75,,
103335,0161,5,5,0,13.28,,
103336,0166,1,1,0,9.81,,
103341,0160,1,1,0,36.84,,
103342,0171,2,2,0,20.71,,
103343,18410,4,2,2,157.14,,
103344,0175,2,2,0,22.28,,
103345,18411,4,2,2,186.61,,
103346,18412,3,1,2,212.79,,
103347,0176,5,5,0,20.0,,
103348,0170,2,2,0,62.98,,
103349,18401,3,1,2,32.71,,
103350,18402,4,1,3,32.71,,
103352,23083,4,2,2,21.57,,
103354,22803,4,2,2,26.17,,
103355,51180,4,2,2,169.99,,
103361,0340L,6,6,0,20.61,,
103366,100,51,29,22,14.29,,24.99
103367,150,74,47,27,9.14,,15.99
103371,6125AEPA,0,0,0,48.45,,
103372,6126AEPA,2,0,2,48.45,,
103374,ZDIGLANLINK,2,1,1,174.96,,
103375,ZDIGLANLN2K,2,1,1,258.96,,
103376,ZDIGN21M,6,4,2,23.06,,
103377,ZDIGN23M,8,5,3,25.16,,
103378,ZDIGN26M,4,3,1,31.46,,
103379,ZDIGN21W,12,6,6,23.06,,
103380,ZDIGN26W,4,2,2,69.96,,
103381,ZDIGNALERT,4,3,1,251.96,,
103385,2918,0,0,0,83.33,,
103386,2919,0,0,0,64.89,,
103389,51126,4,2,2,69.99,,
103395,HS-5A,0,0,0,18.96,,
103396,MDS-15WIFI,1,1,0,1539.3,,
103398,MC300R,0,0,0,37.5,44.95,
103399,SMO001,75,35,40,16.46,,
103400,SMO002,37,7,30,41.43,,
103401,SMO003,45,23,22,30.81,,
103402,SMO004,11,6,5,89.5,,
103403,SMO009,104,70,34,30.81,,
103404,SMO010,19,9,10,89.5,,
103405,SMO011,20,0,20,38.34,,
103406,SMO012,16,8,8,116.21,,
103407,SMO017,28,18,10,35.36,,
103408,SMO018,6,2,4,104.19,,
103409,SMO019,52,29,23,35.36,,
103410,SMO020,19,9,10,104.19,,
103414,ORI124838110,0,0,0,163.29,,201.45
103415,BPC241331124,7,3,4,158.79,,201.45
103416,PMP122120100,1,1,0,394.8,,487.05
103419,SEA2312,2,2,0,131.25,,
103420,SEA2301,6,6,0,143.75,,
103421,SEA2302,4,2,2,146.25,,
103422,SEA2303,7,7,0,150.0,,
103423,SEA2311,13,13,0,228.75,,
103424,SEA2308,7,7,0,281.25,,
103425,SEA2327,0,0,0,8.33,,
103426,SEA2305,5,5,0,337.5,,
103427,SEA2310,6,6,0,181.25,,
103428,SEA2326,15,15,0,8.33,,
103430,WUL14BR-0-500,1,0,1,89.42,,
103432,1691227-L1,4,2,2,211.38,,
103434,PMP242505110,20,15,5,1313.92,,1620.95
103435,BPC920100210,6,3,3,7.58,,9.35
103436,BPC940100200,10,4,6,33.07,,40.8
103437,VMCRCA30,6,4,2,24.08,,
103438,VMCRCA1F2M,7,5,2,10.36,,
103439,LYN034160310,14,5,9,735.16,,906.95
103440,LYN034170310,15,8,7,1012.83,,1249.5
103441,LYN040102110,7,7,0,288.0,,355.3
103442,8790,0,0,0,4.74,,
103443,901087,14,10,4,31.55,,
103444,CIP136175010,8,6,2,12.4,,15.3
103445,CIP136225010,9,5,4,12.4,,15.3
103446,901488,0,0,0,15.34,,
103447,CIP136500010,7,3,4,19.98,,24.65
103448,901643,0,0,0,15.34,,
103450,CIP137200010,16,7,9,24.11,,29.75
103451,901819,0,0,0,31.55,,
103452,CIP137250010,5,2,3,24.11,,29.75
103453,7021,2,0,2,84.91,,
103455,7024,5,2,3,42.64,,
103456,7026,7,4,3,42.64,,
103457,CIP138300020,4,2,2,28.94,,35.7
103458,7610,4,3,1,81.8,,
103459,7616,0,0,0,103.37,,
103460,8025,5,3,2,25.81,,
103461,8026,5,0,5,36.41,,
103463,8028,5,0,5,21.32,,
103464,8029,12,7,5,28.93,,
103465,8030,7,2,5,10.6,,
103466,8791,5,5,0,7.61,,
103467,4701-20,0,0,0,24.19,,
103468,4701-30,6,4,2,24.19,,
103469,4701-40,8,5,3,24.19,,
103470,4701-50,0,0,0,24.19,,
103471,4701-60,9,5,4,24.19,,
103473,121900-600-004-24,9,6,3,37.14,,
103474,4703-030,0,0,0,25.81,,
103475,4703-040,8,4,4,25.81,,
103476,4703-050,0,0,0,25.81,,
103477,4703-060,0,0,0,25.81,,
103478,4703-080,0,0,0,25.81,,
103479,4703-100,7,0,7,25.81,,
103480,4706-040,10,5,5,25.81,,
103481,4706-050,40,20,20,25.81,,
103482,4706-060,9,5,4,25.81,,
103483,4706-100,9,5,4,25.81,,
103484,7610-24,0,0,0,82.17,,
103485,CIP132060010,4,4,0,8.27,,10.2
103486,CIP132080010,6,2,4,8.27,,10.2
103487,CIP132100010,6,2,4,8.27,,10.2
103488,CIP132125010,8,4,4,8.27,,10.2
103489,CIP132150010,8,4,4,8.27,,10.2
103490,CIP132200010,7,3,4,8.27,,10.2
103491,CIP133030010,3,0,3,8.27,,10.2
103492,CIP133040010,9,3,6,8.27,,10.2
103493,CIP133050010,3,2,1,8.27,,10.2
103494,CIP133060010,7,2,5,8.27,,10.2
103495,CIP133080010,10,4,6,8.27,,10.2
103496,CIP133100010,6,0,6,8.27,,10.2
103498,8730-1535,0,0,0,220.38,,
103499,8810-1300,0,0,0,107.61,,
103500,8810-1400,1,1,0,100.62,,
103501,8810-1500,0,0,0,91.65,,
103502,8810-1600,2,1,1,88.28,,
103503,CIP142300000,8,3,5,8.27,,10.2
103504,8830-1535,0,0,0,226.31,,
103505,8830-1939,1,1,0,132.79,,
103507,CIP142500000,5,3,2,8.27,,10.2
103508,CIP106100000,7,5,2,8.27,,10.2
103509,SCA520500000,8,6,2,10.33,,12.75
103510,ORI241224120,9,2,7,129.53,,159.8
103512,3391,0,0,0,137.78,207.95,
103516,B175C-20-MW-MM,1,0,1,1208.47,1664.0,
103517,B175C-20-MW-8G,1,0,1,1306.52,1799.0,
103521,TBSDE14-18-100,4,2,2,107.89,,
103522,TBSDE14-18-500,1,0,1,300.1,,
103523,4704-040,10,5,5,39.9,,
103524,4704-060,7,4,3,39.9,,
103525,4704-100,8,5,3,39.9,,
103526,4704-150,5,5,0,39.9,,
103527,4704-200,8,5,3,39.9,,
103528,4704-250,3,3,0,52.37,,
103529,4707-030,10,5,5,39.9,,
103530,4707-100,1,1,0,39.9,,
103531,4707-150,10,5,5,39.9,,
103532,4707-200,10,5,5,39.9,,
103533,4707-250,8,4,4,53.37,,
103536,WUL14BR-0-1000,2,0,2,161.54,,
103537,WUL16BK-2-500,1,0,1,62.31,,
103538,WUL16BK-2-1000,1,0,1,111.92,,
103539,WUL16BL-9-500,0,0,0,62.31,,
103540,WUL14RD-5-500,1,0,1,89.19,,
103541,WUL16RD-9-500,0,0,0,62.31,,
103542,WUL14BR-7-500,2,0,2,89.42,,
103543,WUL16BR-7-500,2,0,2,62.31,,
103545,WUL14OR-1-500,2,0,2,89.42,,
103546,WUL14WH-2-500,0,0,0,89.42,,
103547,WUL16WH-2-500,1,0,1,62.31,,
103548,WUL16BR-6-500,1,0,1,62.31,,
103549,WUL16OR-6-500,1,0,1,62.31,,
103553,WM3884B,1,0,1,66.61,,
103563,998543051,2,0,2,25.0,,
103564,998543031,5,4,1,25.0,,
103566,2699,4,2,2,54.18,75.85,
103567,3405,5,3,2,164.25,247.95,
103572,B175C-20-MW-12F,0,0,0,1306.52,1799.0,
103573,B175C-20-MW-12G,1,0,1,1306.52,1799.0,
103575,ZDIGCOALERT,3,2,1,244.96,,
103576,ZDIGN2KPROT,3,2,1,244.99,,
103587,227462-9,8,0,8,6.33,,
103588,318003K1-1,8,4,4,19.03,,
103589,318110-9,10,5,5,15.86,,
103590,491361-9,25,5,20,6.86,,
103591,520010-9,13,8,5,5.16,,
103592,671400-9,10,5,5,7.91,,
103593,736470-9,10,5,5,8.97,,
103594,747100B-1,5,3,2,24.19,,
103595,747200B-1,5,3,2,45.92,,
103596,747520-1,7,5,2,15.29,,
103597,747600-1,0,0,0,22.2,,
103598,747650B-1,0,0,0,22.2,,
103599,747750B-1,16,9,7,10.56,,
103600,747710B-1,4,3,1,16.39,,
103601,747720B-1,8,5,3,16.39,,
103602,748100-3,0,0,0,125.03,,
103603,748270-1,10,5,5,7.91,,
103604,749530-9,9,5,4,10.56,,
103605,745270-1,16,10,6,39.34,,
103606,746180-1,4,2,2,22.2,,
103608,HX891BTBK,97,55,42,184.99,,
103609,HX891BTNB,61,26,35,184.99,,
103610,SSM-BT20,0,0,0,26.82,,
103615,MC1506-5-S-206,1,1,0,159.99,,
103616,MC1506-5-L-206,8,2,6,179.99,,
103617,MC1506-5-XL-206,2,2,0,179.99,,
103618,MC1506-5-XXL-206,12,5,7,179.99,,
103619,MC1506-5-XXXL-206,9,5,4,179.99,,
103623,010-13386-00,2,1,1,324.99,,
103624,80-47435-02,0,0,0,263.15,,
103625,80-47436-02,0,0,0,295.73,,
103626,80-47231-02,0,0,0,313.27,,
103627,80-47232-02,0,0,0,345.85,,
103629,CIP143300020,5,3,2,25.49,,31.45
103635,20CG-D3OS,0,0,0,490.0,595.0,
103636,T83FC,1,1,0,197.19,,
103640,426930-1,20,10,10,7.39,,
103641,426950-1,18,8,10,7.91,,
103642,426955-1,14,8,6,7.91,,
103643,720-8500,0,0,0,11.09,,
103649,720-8501,2,2,0,92.89,,
103651,69001139,0,0,0,1867.47,,
103652,66840437,0,0,0,363.24,,
103653,66840555,0,0,0,653.86,,
103654,65004971,0,0,0,181.6,,
103660,T10-591,5,5,0,38.41,,
103668,FS1,24,13,11,169.77,,249.0
103674,91215,10,10,0,56.29,,
103675,91620,4,4,0,312.89,,
103679,536930,22,0,22,4.87,,
103681,738504-9,20,10,10,4.21,,
103682,738506-9,20,10,10,4.5,,
103683,738512-9,20,10,10,6.86,,
103685,T70582,1,1,0,737.49,,
103694,CBPT,0,0,0,13.7,,
103701,BAT524120620,3,0,3,1774.17,,2188.75
103702,G210256,2,2,0,21.11,,
103705,83304004,4,2,2,207.84,,
103706,83309004,3,2,1,220.63,,
103707,12VDUSBAC,6,2,4,20.92,,
103709,91695,10,10,0,70.09,,
103710,98410,0,0,0,371.54,,
103711,98415,0,0,0,479.07,,
103712,91725,10,10,0,61.56,,
103713,91735,5,5,0,93.66,,
103714,91740,4,4,0,112.07,,
103715,98390,0,0,0,315.73,,
103716,98395,0,0,0,353.74,,
103717,98400,0,0,0,480.41,,
103718,91755,10,10,0,70.09,,
103719,91760,10,10,0,81.19,,
103720,91765,5,5,0,98.59,,
103721,91770,4,4,0,115.44,,
103722,91775,4,4,0,164.26,,
103723,98510,0,0,0,292.77,,
103724,98515,0,0,0,339.49,,
103725,98520,0,0,0,416.61,,
103726,91785,10,10,0,61.56,,
103727,91790,10,10,0,73.46,,
103728,91795,5,5,0,90.93,,
103729,98495,0,0,0,294.64,,
103730,98500,0,0,0,334.17,,
103731,98505,0,0,0,462.04,,
103732,91600,5,5,0,143.6,,
103733,91625,0,0,0,173.37,,
103734,91630,0,0,0,203.37,,
103735,91635,0,0,0,203.37,,
103736,91610,5,5,0,187.23,,
103737,91645,0,0,0,230.31,,
103738,91650,0,0,0,230.31,,
103739,91655,0,0,0,241.84,,
103740,91640,4,4,0,207.34,,
103741,91660,0,0,0,256.11,,
103742,91665,0,0,0,285.3,,
103743,91670,0,0,0,282.33,,
103744,91910,0,0,0,285.71,,
103745,91615,4,4,0,285.3,,
103746,91675,0,0,0,323.91,,
103747,91680,0,0,0,340.11,,
103748,91685,0,0,0,364.74,,
103749,91915,0,0,0,364.74,,
103750,91690,0,0,0,364.74,,
103751,98450,0,0,0,569.21,,
103752,98455,0,0,0,568.2,,
103753,98435,0,0,0,292.77,,
103754,98465,0,0,0,604.46,,
103755,98460,0,0,0,600.6,,
103756,98470,0,0,0,602.73,,
103757,98440,0,0,0,586.17,,
103758,98475,0,0,0,650.93,,
103759,98480,0,0,0,672.31,,
103760,98485,0,0,0,631.6,,
103761,98490,0,0,0,672.39,,
103762,98445,0,0,0,654.87,,
103763,91845,0,0,0,206.43,,
103764,91850,0,0,0,199.6,,
103765,91855,0,0,0,226.17,,
103766,91865,0,0,0,256.8,,
103767,91870,0,0,0,271.31,,
103768,91880,0,0,0,270.03,,
103769,91885,0,0,0,288.09,,
103770,91890,0,0,0,308.63,,
103771,91895,0,0,0,315.94,,
103772,91900,0,0,0,327.43,,
103773,91905,0,0,0,353.81,,
103774,98420,0,0,0,482.87,,
103775,98425,0,0,0,572.27,,
103776,98430,0,0,0,618.87,,
103777,91205,0,0,0,50.0,,
103778,91210,10,10,0,56.29,,
103779,91220,5,5,0,61.49,,
103780,91225,4,4,0,89.59,,
103781,98300,0,0,0,303.51,,
103782,98305,0,0,0,341.8,,
103783,98310,0,0,0,406.67,,
103784,91240,10,10,0,64.99,,
103785,91255,0,0,0,116.46,,
103786,91265,4,4,0,181.36,,
103787,98315,0,0,0,276.46,,
103788,98320,0,0,0,322.07,,
103789,98325,0,0,0,368.09,,
103790,91175,0,0,0,127.99,,
103791,91180,0,0,0,152.6,,
103792,91185,0,0,0,201.84,,
103793,91190,0,0,0,235.1,,
103794,91195,0,0,0,268.37,,
103795,91200,0,0,0,304.43,,
103796,98525,0,0,0,398.97,,
103797,98530,0,0,0,437.09,,
103798,98535,0,0,0,579.74,,
103799,91815,10,10,0,33.16,,
103800,91820,10,10,0,40.3,,
103801,91825,5,5,0,52.81,,
103802,91830,4,4,0,69.6,,
103803,91835,4,4,0,100.06,,
103804,91840,3,3,0,118.26,,
103805,98540,0,0,0,189.67,,
103806,98545,0,0,0,258.96,,
103807,98550,0,0,0,356.23,,
103808,91925,5,5,0,197.03,,
103809,91930,5,5,0,226.94,,
103810,91935,5,5,0,277.63,,
103811,91940,2,2,0,340.89,,
103812,91945,2,2,0,459.74,,
103813,9094-5,1,0,1,12.64,,
103814,91950,2,2,0,578.46,,
103815,91100,10,10,0,33.09,,
103816,91105,10,10,0,41.0,,
103817,91110,3,3,0,52.04,,
103818,91115,2,2,0,59.57,,
103819,91120,4,4,0,67.13,,
103820,91125,4,4,0,84.59,,
103821,98375,0,0,0,222.66,,
103822,98380,0,0,0,252.4,,
103823,98385,0,0,0,332.27,,
103824,91290,10,10,0,38.54,,
103825,91295,10,10,0,49.19,,
103826,91300,5,5,0,62.46,,
103827,91305,3,3,0,71.5,,
103828,91310,4,4,0,80.54,,
103829,98360,0,0,0,296.1,,
103830,98365,0,0,0,327.81,,
103831,98370,0,0,0,393.19,,
103832,91130,0,0,0,69.41,,
103833,91135,0,0,0,98.16,,
103834,91140,0,0,0,89.24,,
103836,91320,0,0,0,95.94,,
103837,91145,0,0,0,114.33,,
103838,91155,0,0,0,131.66,,
103839,91160,0,0,0,119.69,,
103840,91150,0,0,0,115.93,,
103841,91165,0,0,0,146.39,,
103842,91325,0,0,0,139.74,,
103843,91170,0,0,0,133.09,,
103844,98335,0,0,0,228.26,,
103845,98340,0,0,0,289.23,,
103846,98345,0,0,0,323.74,,
103847,98350,0,0,0,388.63,,
103848,98355,0,0,0,420.43,,
103849,91270,5,5,0,85.74,,
103850,91275,5,5,0,104.99,,
103851,91280,4,4,0,129.59,,
103852,91920,4,4,0,143.09,,
103853,91285,4,4,0,156.57,,
103865,72-1048-OEM,3,1,2,1549.99,,
103880,72-1081,4,1,3,279.0,,
103881,017461111,4,2,2,117.72,,
103883,9620000429,0,0,0,255.68,,
103884,22313,19,6,13,7.01,9.97,
103885,ZDIG5GX,3,1,2,1721.25,,
103886,9059-1113-4,54,0,54,41.85,,
103887,9059-2113-4,65,0,65,41.85,,
103888,9059-2123-4,1,0,1,41.85,,
103889,9059-3113-4,27,0,27,41.85,,
103890,9059-3114-4,8,0,8,43.73,,
103894,FBV-3000,1,1,0,417.22,,
103895,TH-2500-W,4,3,1,121.11,,
103896,TH-3000-W,2,0,2,173.89,,
103900,MRK110-13-0-102,0,0,0,449.99,,
103901,T70584,6,4,2,1258.05,,
103905,53582-81235,3,0,3,76.19,104.99,
103906,53582-81459,4,0,4,76.19,104.99,
103907,53582-83515,5,0,5,76.19,104.99,
103908,53614-81235,3,0,3,32.65,44.99,
103909,53614-81266,0,0,0,32.65,44.99,
103910,53614-81459,2,0,2,32.65,44.99,
103911,53614-83380,3,0,3,32.65,44.99,
103912,53614-83515,2,0,2,32.65,44.99,
103913,53614-86899,5,0,5,32.65,44.99,
103914,53615-22516,4,0,4,34.82,47.99,
103915,53615-80324,3,0,3,34.82,47.99,
103916,53615-80327,2,0,2,34.82,47.99,
103917,53615-85879,3,0,3,34.82,47.99,
103918,53616-81235,3,0,3,18.13,24.99,
103919,53616-81266,3,0,3,18.13,24.99,
103920,53616-81459,3,0,3,18.13,24.99,
103921,53616-85879,3,0,3,19.58,26.99,
103922,53617-22516,3,0,3,19.58,26.99,
103923,53617-80324,3,0,3,19.58,26.99,
103924,53617-80327,1,0,1,19.58,26.99,
103925,53637-80093,2,0,2,37.73,51.99,
103926,53637-80066,4,0,4,37.73,51.99,
103929,SEA-HDM-RISER-KIT,4,2,2,90.36,,99.0
103942,A275L-12-DF315-EX-49K6,2,1,1,649.99,,
103943,A275L-12-DF315-IE-49K6,1,0,1,719.99,,
103946,A275L-12-N62-EX-49K6,2,0,2,649.99,,
103947,A275L-12-N62-IE-49K6,2,0,2,719.99,,
103951,A275L-12-TR-IE-49K6,2,0,2,719.99,,
103953,A275L-12-N62-IE-50K6CP,2,0,2,719.99,,1192.0
103959,DX-3,0,0,0,47.56,,
103960,68000599,0,0,0,168.78,,
103961,1062-E-F,0,0,0,60.87,,
103971,GK1514,0,0,0,403.19,,
103972,GT0810B,1,0,1,178.48,,
103976,20851,4,2,2,211.84,,
103977,20852,2,0,2,218.65,,
103978,3455,2,1,1,191.33,,
103980,017460111,2,0,2,121.52,,
103981,PU043144-12R,13,5,8,121.23,,
103982,PU031104-12R,6,0,6,104.68,,
103983,PU033104-12R,14,4,10,104.68,,
103984,53583-18363,8,0,8,34.82,47.99,
103985,53583-80066,7,0,7,34.82,47.99,
103986,53583-80067,6,0,6,34.82,47.99,
103987,53583-80093,4,0,4,34.82,47.99,
103988,53583-80336,7,0,7,34.82,47.99,
103989,53584-18363,5,0,5,45.71,62.99,
103990,53584-80066,1,0,1,45.71,62.99,
103991,53584-80067,5,0,5,45.71,62.99,
103992,53584-80093,4,0,4,45.71,62.99,
103993,53584-80336,5,0,5,45.71,62.99,
103994,37925-80327,3,0,3,118.29,162.99,
103995,37925-81119,1,0,1,118.29,162.99,
103996,37926-80327,3,0,3,142.24,195.99,
103997,37926-81119,0,0,0,142.24,195.99,
103998,37926-83699,3,0,3,142.24,195.99,
103999,53601-80324,3,0,3,161.84,222.99,
104000,53601-80327,3,0,3,161.84,222.99,
104001,53602-80324,8,0,8,134.26,184.99,
104002,53602-80327,2,0,2,134.26,184.99,
104003,86362,18,0,18,19.58,26.99,
104004,86362-CASE,1,0,1,208.2,323.88,
104005,32279-80066,4,0,4,206.84,284.99,
104006,32279-80067,7,0,7,206.84,284.99,
104007,32279-80070,3,0,3,206.84,284.99,
104008,32279-80093,5,0,5,206.84,284.99,
104009,32279-80105,2,0,2,206.84,284.99,
104010,32279-81029,3,0,3,206.84,284.99,
104011,32279-81179,4,0,4,206.84,284.99,
104012,45224-87333,3,0,3,195.95,269.99,
104013,45224-87467,3,0,3,195.95,269.99,
104014,45224-89769,5,0,5,195.95,269.99,
104015,45224-89905,0,0,0,195.95,269.99,
104016,45224-89989,3,0,3,195.95,269.99,
104017,45225-19445,4,0,4,145.15,199.99,
104018,45225-20405,4,0,4,145.15,199.99,
104019,45225-80066,1,0,1,145.15,199.99,
104020,45225-80070,1,0,1,145.15,199.99,
104021,45225-80093,5,0,5,145.15,199.99,
104022,45225-80336,0,0,0,152.4,209.99,
104023,45225-81029,3,0,3,145.15,199.99,
104024,56411-80066,3,0,3,217.73,299.99,
104025,56411-80069,4,0,4,217.73,299.99,
104026,56411-80093,5,0,5,217.73,299.99,
104027,56411-89905,3,0,3,217.73,299.99,
104028,05-01-043,3,1,2,309.42,,
104029,05-01-041,0,0,0,302.0,,
104031,6031,2,2,0,25.23,,
104035,6037C,0,0,0,81.11,,
104036,85001575,2,2,0,9.79,,
104041,71026,2,2,0,44.73,,
104042,71032,2,2,0,78.96,,
104043,71034,0,0,0,114.18,,
104044,41026,4,0,4,44.73,,
104045,41032,2,0,2,78.96,,
104046,41034,1,0,1,114.18,,
104061,ZMJREMWEBOSINT,0,0,0,25.0,,
104065,10283P,1,1,0,50.06,,
104067,6153SPP-75,2,2,0,646.77,,
104068,199111PK,3,3,0,11.84,,
104069,199110PK,15,12,3,7.04,,
104074,51600,0,0,0,171.93,,
104075,45246,2,2,0,33.27,,
104077,P12848-100TEBBK,0,0,0,322.4,,
104080,P12848-100TEBGR,0,0,0,322.4,,
104081,P13491-9010TEBCL,0,0,0,4068.05,,
104082,P13491-9010TEBBK,0,0,0,4068.05,,
104083,P13491-9010TEBGR,0,0,0,4068.05,,
104084,BRC-200,1,0,1,144.99,,
104085,P13217-1000BK,0,0,0,40.27,,
104086,P13270-200TEBBK,3,0,3,80.53,,
104092,SL6F-21-BLK,9,6,3,98.74,,129.99
104093,SL6F-21-BLU,6,4,2,98.74,,129.99
104094,SL6F-21-HVS,11,5,6,98.74,,129.99
104096,SL6F-21-TPE,0,0,0,98.74,,129.99
104097,SL6F-19-MX5,0,0,0,98.74,,129.99
104098,BS-SL6F-23-SKY,5,4,1,118.49,,139.99
104099,BS-SL6F-23-LIT,6,2,4,118.49,,139.99
104100,T1H-19-BLK,8,4,4,113.49,,149.99
104101,T1H-19-NAV,5,3,2,113.49,,149.99
104102,T1H-19-HVS,6,0,6,113.49,,149.99
104103,T1H-19-RED,8,4,4,113.49,,149.99
104104,T1H-19-TAN,1,0,1,113.49,,149.99
104105,BS-T1H-22-MX5,0,0,0,113.49,,149.99
104106,BS-T1H-23-SKY,4,3,1,133.99,,159.99
104107,BS-T1H-23-LIT,6,2,4,133.99,,159.99
104108,D1H-19-NAV,4,1,3,128.74,,179.99
104109,D1H-19-HVS,5,1,4,128.74,,179.99
104110,D1H-19-RED,6,4,2,128.74,,179.99
104111,D1H-19-TAN,0,0,0,128.74,,179.99
104112,BS-D1H-22-MX5,0,0,0,128.74,,179.99
104113,BS-D1H-23-SKY,8,4,4,150.61,,189.99
104114,BS-D1H-23-LIT,4,1,3,150.61,,189.99
104115,BS-ZD1H-22-BLU,3,0,3,151.24,,209.99
104117,ZD1H-19-ORG,0,0,0,151.24,,209.99
104118,BS-ZD1H-22-MX5,0,0,0,151.24,,209.99
104119,BS-ZD1H-23-SKY,4,3,1,174.99,,219.99
104120,BS-ZD1H-23-LIT,7,3,4,174.99,,219.99
104124,BS-USB6MM-23-TEL,3,2,1,56.86,,69.99
104125,BS-V87000-82123Z,10,4,6,21.03,,
104126,BS-V90000-84204Z,2,2,0,24.94,,
104127,BS-V95000-85202Z,0,0,0,25.6,,
104128,BS-V95000-86202Z,13,7,6,26.79,,
104130,BS-T2-24-MAX-U,0,0,0,18.56,,
104134,BS-175-BLU-U,1,0,1,28.11,,
104135,BS-175-RED-U,2,2,0,28.11,,
104136,BS-1091-24-WHT,0,0,0,18.83,,
104137,BS-1091-24-CHA,0,0,0,18.83,,
104138,BS-1091-24-BLU,0,0,0,18.83,,
104139,BS-1091-24-RED,0,0,0,18.83,,
104141,BS-165-BLU-U,0,0,0,23.26,,
104145,BS-165-RED-U,0,0,0,23.26,,
104149,BS-409-BLU-S/M,8,4,4,101.86,,
104150,BS-409-BLU-L/XL,7,4,3,101.86,,
104152,BS-409-RED-S/M,8,4,4,101.86,,
104153,BS-409-RED-L/XL,5,3,2,101.86,,
104155,BS-409-HVS-S/M,8,4,4,101.86,,
104156,BS-409-HVS-L/XL,5,3,2,101.86,,
104158,BS-409-TPE-S/M,0,0,0,101.86,,
104159,BS-409-TPE-L/XL,0,0,0,101.86,,
104161,BS-248-TPE-S/M,8,4,4,81.24,,
104162,BS-248-TPE-L/XL,9,4,5,81.24,,
104163,BS-248-TPE-2/3XL,8,4,4,81.24,,
104164,BS-248-RDD-S/M,8,4,4,81.24,,
104165,BS-248-RDD-L/XL,7,4,3,81.24,,
104166,BS-248-RDD-2/3XL,8,4,4,81.24,,
104167,BS-248-HVS-S/M,7,3,4,81.24,,
104168,BS-248-HVS-L/XL,6,4,2,81.24,,
104169,BS-248-HVS-2/3XL,8,4,4,81.24,,
104170,BS-248-HNT-S/M,0,0,0,81.24,,
104171,BS-248-HNT-L/XL,0,0,0,81.24,,
104173,BS-249-BLU-U,9,3,6,54.36,,
104174,BS-249-RED-U,8,4,4,54.36,,
104175,BS-249-YEL-U,0,0,0,54.36,,
104176,BS-249-CPR-U,0,0,0,54.36,,
104177,BS-247-BLU-U,0,0,0,44.24,,
104178,BS-247-RED-U,0,0,0,44.24,,
104179,BS-247-HVS-U,0,0,0,44.24,,
104180,BS-247-CPR-U,0,0,0,44.24,,
104181,BS-70B-NAV-S/M,8,4,4,69.99,99.99,
104184,BS-70B-RED-S/M,7,3,4,69.99,,
104185,325412-1,9,4,5,17.44,,
104188,325430-1,10,5,5,6.33,,
104189,BS-70B-HVS-S/M,8,4,4,69.99,99.99,
104191,325472-1,7,4,3,4.74,,
104193,325416-1,9,4,5,20.09,,
104198,325425-1,8,5,3,24.31,,
104206,BS-365-RED-C,6,4,2,34.99,49.99,
104209,BS-105-BLU-S/M,0,0,0,58.11,,69.99
104210,BS-105-BLU-L/XL,4,4,0,58.11,,69.99
104211,BS-105-BLU-2/3X,7,3,4,58.11,,69.99
104212,BS-105-FDC-S/M,8,4,4,58.11,,69.99
104213,BS-105-FDC-L/XL,7,4,3,58.11,,69.99
104214,BS-105-FDC-2/3X,8,4,4,58.11,,69.99
104215,BS-105-HVS-S/M,7,4,3,58.11,,69.99
104216,BS-105-HVS-L/XL,7,3,4,58.11,,69.99
104217,BS-105-HVS-2/3X,8,4,4,58.11,,69.99
104221,BS-105-NAV-Y,8,4,4,48.11,,
104222,BS-105-RED-Y,5,1,4,48.11,,
104223,BS-105-HVS-Y,0,0,0,34.99,,49.99
104225,BS-ADV-BLU-XS,0,0,0,24.99,,49.99
104226,BS-ADV-BLU-SMALL,0,0,0,24.99,,49.99
104227,BS-ADV-BLU-MEDIUM,0,0,0,24.99,,49.99
104228,BS-ADV-BLU-LARGE,0,0,0,24.99,,49.99
104229,BS-ADV-BLU-XL,0,0,0,24.99,,49.99
104230,BS-ADV-RED-XS,0,0,0,24.99,,49.99
104231,BS-ADV-RED-SMALL,0,0,0,24.99,,49.99
104232,BS-ADV-RED-MEDIUM,0,0,0,24.99,,49.99
104233,BS-ADV-RED-LARGE,0,0,0,24.99,,49.99
104234,BS-ADV-RED-XL,0,0,0,24.99,,49.99
104235,BS-ADV-HVS-XS,0,0,0,24.99,,49.99
104236,BS-ADV-HVS-SMALL,0,0,0,24.99,,49.99
104237,BS-ADV-HVS-MEDIUM,0,0,0,24.99,,49.99
104238,BS-ADV-HVS-LARGE,0,0,0,24.99,,49.99
104239,BS-ADV-HVS-XL,0,0,0,24.99,,49.99
104240,BS-ADV-COP-XS,0,0,0,24.99,,49.99
104241,BS-ADV-COP-SMALL,0,0,0,24.99,,49.99
104242,BS-ADV-COP-MEDIUM,0,0,0,24.99,,49.99
104243,BS-ADV-COP-LARGE,0,0,0,24.99,,49.99
104244,BS-ADV-COP-XL,0,0,0,24.99,,49.99
104245,BS-ADV-MX5-XS,0,0,0,24.99,,49.99
104246,BS-ADV-MX5-SMALL,1,1,0,24.99,,49.99
104247,BS-ADV-MX5-MEDIUM,0,0,0,24.99,,49.99
104248,BS-ADV-MX5-LARGE,0,0,0,24.99,,49.99
104249,BS-ADV-MX5-XL,0,0,0,24.99,,49.99
104253,10271P,1,1,0,25.31,,
104254,41340P,1,1,0,13.68,,
104255,AP-4W-30K-PW11,10,6,4,75.16,,
104258,337149R-1,8,8,0,8.86,,
104259,337159R-1,9,1,8,9.91,,
104260,337169R-1,1,1,0,10.99,,
104261,337189R-1,9,9,0,12.57,,
104262,426901-1,20,10,10,3.14,,
104263,426903-1,5,0,5,4.74,,
104264,426906-1,0,0,0,6.86,,
104265,426912-1,0,0,0,10.03,,
104266,426920-1,5,5,0,10.03,,
104267,426925-1,3,3,0,6.33,,
104268,748010-1,17,10,7,12.67,,
104269,748020-1,15,10,5,12.14,,
104270,1003,0,0,0,1085.86,,
104271,1005,3,3,0,74.68,,
104272,1006,3,3,0,74.68,,
104274,SA-0214,81,0,81,10.57,,
104279,BCA1000-110-24,1,1,0,1112.74,,
104280,BCA1050-12,4,4,0,1301.34,,
104281,03-234-400,0,0,0,814.38,1042.4,
104283,010-13356-00,1,0,1,45.49,,
104284,SSP20,8,6,2,32.34,54.99,
104285,XMRM16,34,31,3,13.21,,24.99
104286,XMRM32,31,16,15,22.86,,45.99
104287,XMAP32,17,9,8,15.71,,32.99
104288,XMMMP32,467,255,212,20.36,,39.99
104290,XMMMP1G,16,11,5,60.0,,119.99
104298,SCM-SZ-RGB,0,0,0,123.75,,169.0
104299,SCM-SZ-RGB-EXP,0,0,0,123.75,,169.0
104304,1011,0,0,0,74.68,,
104305,XF103,3,1,2,151.99,349.99,
104306,XD102,12,7,5,114.86,,249.99
104312,BS-T1H-23-BSB,0,0,0,113.49,,149.99
104313,D1H-19-BLK,4,1,3,128.74,,179.99
104316,BS-165-B/R-4,0,0,0,65.05,,
104318,XM32DG,7,4,3,10.71,,19.99
104319,XMDDC1G,3,1,2,31.43,,49.99
104321,010-12801-02,0,0,0,26.24,,
104331,1009,0,0,0,74.68,,
104332,1015,2,0,2,25.96,,
104333,9050,0,0,0,42.63,,
104334,1016,3,1,2,246.47,,
104335,1017,3,0,3,246.47,,
104336,1018,3,2,1,246.47,,
104337,1019,3,2,1,246.47,,
104338,9100,1,1,0,641.35,,
104339,32-3006,2,1,1,594.51,,
104344,CLP-SB1.5,4,2,2,11.83,,19.95
104348,877213,0,0,0,62.14,,
104349,75050-B,1,1,0,2306.73,,
104351,75050-W,0,0,0,2306.73,,
104352,75060-B,1,1,0,2346.47,,
104353,75060-W,0,0,0,2346.47,,
104354,75070-B,0,0,0,2410.58,,
104355,75070-W,1,0,1,2410.58,,
104356,75080-B,0,0,0,2425.96,,
104357,75080-W,1,0,1,2425.96,,
104359,BPP900455150,22,10,12,199.12,,245.65
104360,BPP900455170,4,3,1,292.82,,361.25
104361,996476502,3,3,0,243.04,,
104365,806-1212-05,3,3,0,398.52,,
104366,808-0820,0,0,0,22.72,,
104367,808-0822,1,0,1,96.59,,
104368,808-0822-01,2,2,0,96.59,,
104369,808-1888,2,0,2,333.33,,
104370,808-0890,4,2,2,238.64,,
104371,710-6048-01,2,1,1,377.78,,
104375,017462001,0,0,0,122.78,,
104387,75051-B,1,1,0,2395.19,,
104388,75051-W,1,0,1,2395.19,,
104389,75061-B,0,0,0,2433.65,,
104390,75061-W,1,0,1,2433.65,,
104391,75071-B,1,1,0,2499.04,,
104392,75071-W,1,0,1,2499.04,,
104393,75081-B,0,0,0,2514.42,,
104394,75081-W,1,0,1,2514.42,,
104395,75052-B,1,1,0,1587.5,,
104396,75052-W,0,0,0,1587.5,,
104397,75062-B,1,1,0,1627.24,,
104398,75062-W,0,0,0,1627.24,,
104399,75072-B,0,0,0,1691.35,,
104400,75072-W,1,0,1,1691.35,,
104401,75082-B,0,0,0,1706.73,,
104402,75082-W,1,0,1,1706.73,,
104404,017462011,3,3,0,122.78,,
104405,017460011,1,1,0,113.92,,
104414,85.34,1,0,1,994.12,,
104419,75053-B,1,1,0,1649.04,,
104420,75053-W,1,0,1,1649.04,,
104421,75063-B,1,1,0,1728.53,,
104422,75063-W,1,0,1,1728.53,,
104423,75073-B,1,1,0,1742.63,,
104424,75073-W,1,0,1,1742.63,,
104425,75083-B,0,0,0,1766.99,,
104426,75083-W,1,0,1,1766.99,,
104427,75090,0,0,0,804.17,,
104428,75090-10,0,0,0,804.17,,
104429,75009-5-12,0,0,0,628.53,,
104430,75010-5-12,2,2,0,592.63,,
104431,75094,0,0,0,37.5,,
104432,75014,4,2,2,46.47,,
104433,75015,0,0,0,40.06,,
104434,75012,0,0,0,481.09,,
104435,75012-10,0,0,0,481.09,,
104436,75011,0,0,0,320.83,,
104437,80250-25,0,0,0,116.99,,
104438,75013,3,2,1,43.91,,
104439,75013.1,4,2,2,42.63,,
104440,75013.2,4,2,2,52.88,,
104441,TR-PTS1,3,2,1,199.04,,
104442,TR-PTS2,4,2,2,309.29,,
104443,8001,0,0,0,977.24,,
104444,STK100,3,0,3,96.47,,
104445,7600-001,0,0,0,279.81,,
104446,7500,0,0,0,242.63,,
104447,7404,0,0,0,150.32,,
104448,1451-01,0,0,0,313.14,,
104449,1350,0,0,0,50.32,,
104450,1050-24,0,0,0,105.45,,
104452,1060-E-F,3,0,3,24.75,,
104453,81501,2,0,2,116.92,159.95,
104454,VECTOR PRO G1,0,0,0,2029.3,,
104464,22309CASE,1,0,1,32.08,,
104468,4238-141-E07,12,4,8,161.18,,
104469,4258-163-E09,1,0,1,311.56,,
104470,4648-163-E07,12,6,6,310.05,,
104471,94-009-50,30,30,0,43.08,,
104472,94-801-10,2,2,0,47.04,,
104473,94-801-11,4,2,2,190.12,,
104474,94-801-13,3,2,1,260.19,,
104475,94-804-02,4,4,0,42.72,,
104476,94-804-03,3,2,1,170.12,,
104477,94-805-01,2,0,2,53.51,,
104478,94-805-02,4,2,2,198.14,,
104479,EV300817,6,3,3,10.48,,
104480,EV925205,4,2,2,155.43,,
104481,EV928200,5,2,3,427.55,,
104482,EV959206,10,5,5,45.23,,
104483,RV-210BRB-A,20,11,9,36.48,,
104484,RV-210GH-A,24,12,12,37.4,,
104485,890195,0,0,0,9.41,15.97,
104486,RV-210GH-KDF-A,20,8,12,44.04,,
104487,890194,0,0,0,9.41,15.97,
104492,10221A,4,0,4,16.14,,
104493,00353A,0,0,0,8.6,,
104494,10108A,0,0,0,31.47,,
104495,10205A,0,0,0,24.7,,
104496,10059A,3,0,3,41.34,,
104497,10060A,3,0,3,34.34,,
104498,10061A,4,0,4,28.89,,
104499,10165A,1,0,1,39.53,,
104500,10195A,0,0,0,45.16,,
104501,10202A,2,0,2,31.19,,
104502,10203A,4,0,4,42.2,,
104503,00049A,3,0,3,10.07,,
104504,00051A,4,0,4,5.97,,
104505,00052A,4,0,4,9.79,,
104506,10480A,0,0,0,14.47,,
104507,10481A,1,0,1,16.23,,
104508,10482A,0,0,0,14.6,,
104509,10274A,0,0,0,25.79,,
104510,10275A,0,0,0,26.31,,
104511,10276A,0,0,0,26.49,,
104512,10277A,4,0,4,26.79,,
104513,10278A,4,0,4,42.29,,
104514,10289A,4,0,4,35.8,,
104515,10303A,0,0,0,31.5,,
104516,10182A,2,0,2,25.73,,
104517,10183A,0,0,0,24.37,,
104518,10184A,0,0,0,25.33,,
104519,10186A,0,0,0,26.57,,
104520,10187A,0,0,0,19.14,,
104521,10490A,0,0,0,20.11,,
104522,10491A,0,0,0,28.53,,
104523,10492A,0,0,0,33.0,,
104524,10493A,1,0,1,19.81,,
104525,10494A,0,0,0,25.73,,
104526,00126A,4,0,4,9.73,,
104527,00127A,4,0,4,12.49,,
104528,00128A,4,0,4,6.44,,
104529,00180A,1,0,1,18.33,,
104530,00357A,4,0,4,11.94,,
104531,00359A,4,0,4,7.31,,
104532,H406A,3,0,3,38.47,,
104533,HM24A,4,0,4,4.57,,
104534,HC2A,4,0,4,13.26,,
104535,HC3A,1,1,0,13.01,,
104536,HC5A,4,0,4,21.84,,
104537,HMDDA,2,0,2,14.77,,
104538,HDDRA,4,0,4,33.07,,
104539,HYAA,3,0,3,56.17,,
104540,010-13128-00,0,0,0,11.24,,
104542,C0500A,0,0,0,7.9,,
104543,C0625A,0,0,0,7.9,,
104544,C0750A,0,0,0,7.86,,
104545,C0875A,0,0,0,8.13,,
104546,C1000A,4,0,4,7.53,,
104547,C1125A,0,0,0,7.94,,
104548,C1250A,6,0,6,7.79,,
104549,C1250AA,0,0,0,10.87,,
104550,C1375A,0,0,0,10.61,,
104551,C1500A,6,0,6,10.03,,
104552,C1750A,6,0,6,15.46,,
104553,C2000A,6,0,6,14.77,,
104554,C2250A,0,0,0,33.0,,
104555,C2500A,0,0,0,34.73,,
104556,C2750A,0,0,0,43.4,,
104557,C3000A,0,0,0,39.94,,
104558,R1875A,5,0,5,6.14,,
104559,R2813A,6,0,6,8.2,,
104560,10-13373-08,0,0,0,298.23,,
104561,R3750A,5,0,5,12.09,,
104562,R5000A,4,0,4,17.26,,
104563,R6500A,0,0,0,34.46,,
104564,HBNTA,0,0,0,18.16,,
104565,R3750Z,2,0,2,12.64,,
104566,001-636-150-00,1,1,0,109.09,,
104579,9620000728,3,3,0,13.3,,
104605,A225S-12-DF315-IE-49K6,1,1,0,564.99,,
104607,A225S-12-SF12-IE-49K6,2,2,0,579.99,,
104608,306600,4,0,4,16.54,,
104613,890141,7,7,0,14.1,24.97,
104614,890196,18,18,0,8.97,15.97,
104616,139401,1,1,0,80.41,134.97,
104622,134616,0,0,0,8.24,17.97,
104624,130516,14,14,0,10.29,18.97,
104626,CMX760,7,4,3,119.63,,
104628,PC68LTX,5,5,0,81.2,,
104629,PC78LTX,10,6,4,87.97,,
104630,PC78LTXFM,18,10,8,90.19,,
104631,SEA2313,5,4,1,125.0,,
104632,SEA2320,5,5,0,173.75,,
104633,BEARCAT 880FM,28,12,16,117.27,,
104634,BEARCAT 980SSB,14,12,2,135.36,,
104635,BEARTRACKER 885,13,8,5,291.67,,
104636,PRO401HH,8,0,8,44.75,,
104637,PRO501HH,25,18,7,83.76,,
104638,PRO501TK,20,18,2,86.67,,
104639,PRO538HHFM,3,0,3,101.1,,
104640,NTX-3000S-12,1,1,0,569.32,785.2,
104641,22214CASE,0,0,0,146.33,,
104642,252047,6,6,0,17.36,,
104643,252057,6,6,0,17.36,,
104644,252053,6,6,0,17.36,,
104645,252054,6,6,0,17.36,,
104646,252007,6,6,0,17.36,,
104647,252079,6,6,0,17.36,,
104648,010-12991-01,0,0,0,18.74,,
104649,010-02930-00,2,1,1,899.99,,
104650,010-02930-01,2,1,1,899.99,,
104651,010-02930-02,4,0,4,899.99,,
104652,010-13348-00,0,0,0,97.49,,
104653,010-13348-10,0,0,0,26.24,,
104654,010-11617-53,0,0,0,44.99,,
104655,010-11617-54,0,0,0,59.99,,
104657,1643050F0W,8,4,4,439.38,,
104658,1643050S0W,8,4,4,439.38,,
104659,1643050F0B,8,4,4,439.38,,
104660,1643050S0B,8,4,4,439.38,,
104661,1643100F0W,0,0,0,1010.94,,
104662,1643100S0W,0,0,0,1010.94,,
104663,1643100F0B,0,0,0,1010.94,,
104664,1643100S0B,0,0,0,1010.94,,
104665,1643300F0W,0,0,0,2583.44,,
104666,1643300S0W,0,0,0,2583.44,,
104667,1643300F0B,0,0,0,2583.44,,
104668,1643300S0B,0,0,0,2583.44,,
104675,F31-2202WHA-C,20,0,20,7.52,,
104676,F31-2202BKA-C,1,1,0,9.36,,
104682,P501J-119N-4A,8,5,3,208.44,,
104684,RCE12VBLTK,10,6,4,24.69,39.99,
104685,RCE12VBCHK,12,6,6,41.24,59.99,
104686,RCE12VBPK,12,6,6,65.63,79.99,
104688,RCE24VBCHK,12,6,6,61.86,89.99,
104689,RCE24VBK,11,5,6,58.11,79.99,
104690,RCE24VB5CHK,6,6,0,68.06,99.99,
104691,RCE24VPRO,3,3,0,84.48,129.99,
104692,RCE24VHD,6,6,0,71.46,109.99,
104693,RCE224VCHK,6,6,0,124.84,169.95,
104694,RCE24VSCK,4,4,0,71.2,109.99,
104695,RCE36VBCHK,9,4,5,89.36,129.99,
104696,RCE36VBK,11,6,5,83.19,119.99,
104697,RCE36VB5CHK,11,6,5,101.56,149.99,
104698,RCE36VPRO,1,1,0,112.01,164.99,
104699,RCE36VHD,6,6,0,87.81,129.99,
104700,RCE236VCHK,6,6,0,131.09,179.99,
104701,RCE36VSCK,2,2,0,73.8,114.99,
104702,9070-7,7,6,1,21.95,,
104703,9092-5,10,6,4,6.24,,
104704,9093-5,8,2,6,6.49,,
104705,9099-5,0,0,0,6.57,,
104706,9096-5,13,6,7,9.24,,
104707,9095-5,3,3,0,10.59,,
104708,RCE12VGRPRO1922,6,0,6,248.46,349.0,
104709,RCE12VGRP1618,6,0,6,159.38,299.0,
104710,9090-5,9,7,2,6.57,,
104711,RCE12VGRPTLR,6,0,6,98.46,169.0,
104712,RCE12VB4FK,6,6,0,51.88,79.99,
104713,RCE12VB4K,6,6,0,36.1,59.99,
104714,CE12VB5K,5,0,5,41.13,69.99,
104715,CE12VB5FK,6,0,6,58.31,84.99,
104716,RCE12VBM6CK,6,6,0,113.88,159.99,
104717,RCE12VBM6IK,6,0,6,183.88,269.99,
104718,RCE12VBM6PK,6,0,6,178.63,259.99,
104719,RCE12VBM6K,6,0,6,88.88,129.99,
104720,CE12VBOMK,12,6,6,23.51,34.99,
104721,RCE12VB4,6,0,6,24.98,39.99,
104722,RCE12VB4F,6,6,0,35.0,49.99,
104723,RCE12VGPYAK,6,0,6,103.63,159.99,
104724,RCE12VSPD,6,0,6,40.81,59.99,
104725,RCE12VKYK,6,0,6,41.0,59.99,
104726,RCE12VKYKPRO,6,0,6,84.25,149.99,
104727,RCE12VB10,6,6,0,12.75,19.99,
104728,RCE12VB1K,5,5,0,22.81,29.99,
104729,RCE12VB1S,5,5,0,15.94,19.99,
104730,RCE12VB6,6,6,0,16.38,23.99,
104731,RCE12VB8,5,5,0,14.38,19.99,
104732,RCE12VBP,6,6,0,35.0,49.99,
104733,RCE312VRV,5,5,0,137.38,189.87,
104734,RCE412VRV,6,0,6,196.1,265.78,
104735,RCE312SLR,6,6,0,141.09,199.79,
104736,RCE12VATV,6,6,0,47.44,60.87,
104737,RCE12VJSKI,6,6,0,45.56,59.95,
104739,SK890,1,1,0,29.72,,
104740,MV462602-123-S-216,0,0,0,74.37,,
104741,MV462602-123-M-216,0,0,0,74.37,,
104742,MV462602-123-L-216,0,0,0,74.37,,
104743,MV462602-123-XL-216,0,0,0,74.37,,
104744,MV462602-123-XXL-216,0,0,0,74.37,,
104745,MV462602-123-XXXL-216,0,0,0,74.37,,
104746,QUA483100102,5,2,3,2242.69,,2766.75
104747,CIP138125020,4,1,3,28.94,,35.7
104748,CIP138150020,3,2,1,28.94,,35.7
104749,CIP143400020,6,4,2,25.49,,31.45
104758,97XD-12-240-IG,0,0,0,1179.62,1444.0,
104765,PS2/BOS12V2,0,0,0,610.85,,
104766,PS3/BOS12V2,0,0,0,756.46,,
104767,PS3/BOS12V3,1,0,1,756.46,,
104768,PS4/BOS12V2,1,1,0,895.49,,
104769,PS4/BOS12V3,2,1,1,895.49,,
104770,PS2AUTO/BOS12V2,0,0,0,626.95,,
104771,PS3AUTO/BOS12V2,1,1,0,780.37,,
104772,PS3AUTO/BOS12V3,2,1,1,780.37,,
104773,PS4AUTO/BOS12V2,0,0,0,926.1,,
104774,PS4AUTO/BOS12V3,0,0,0,926.1,,
104775,RS2/BOS12V2,1,1,0,448.05,,
104776,RS3/BOS12V2,0,0,0,505.98,,
104777,RS3/BOS12V3,0,0,0,505.98,,
104778,RS4/BOS12V2,1,1,0,541.83,,
104779,RS4/BOS12V3,2,1,1,541.83,,
104780,SS2/BOS12V2,0,0,0,557.44,,
104781,SS3/BOS12V2,1,1,0,683.17,,
104782,SS3/BOS12V3,2,1,1,683.17,,
104783,SS4/BOS12V2,1,1,0,813.66,,
104784,SS4/BOS12V3,2,1,1,813.66,,
104785,SS2AUTO/BOS12V2,0,0,0,570.85,,
104786,SS3AUTO/BOS12V2,1,1,0,702.93,,
104787,SS3AUTO/BOS12V3,2,1,1,702.93,,
104788,SS4AUTO/BOS12V2,0,0,0,840.0,,
104789,SS4AUTO/BOS12V3,1,0,1,840.0,,
104791,85.35,0,0,0,905.88,,
104794,1580010,0,0,0,89.24,,
104801,G10916,6,5,1,7.89,,
104812,IRIS-S060-18,0,0,0,345.35,,
104815,XT-DF-24-90-DV,0,0,0,840.09,1028.0,
104822,0111000BLK,0,0,0,71.34,,
104824,FP300L-D,0,0,0,531.39,,
104826,SPS2000,0,0,0,578.3,,
104827,SP3000,0,0,0,722.88,,
104828,W6/2RYW-FT,30,30,0,2.88,,
104835,APL-2W-30K-PW11,0,0,0,76.83,,
104840,9635,1,0,1,49.64,,
104846,SCC115110511,5,4,1,427.18,,527.0
104847,9620000722,12,12,0,33.56,,
104848,EML-2+CLIP EM LOG,0,0,0,256.43,,
104849,48-YSP-4JH-F,0,0,0,568.29,566.99,
104850,24VWKS3,6,2,4,220.92,,
104851,36VWKS3,1,1,0,232.55,,
104853,EXPOLASTAG,9,3,6,69.97,,
104854,EXPOLAST2,5,1,4,93.56,,
104855,EXPOLAS4PACK,8,2,6,253.93,,
104856,EXPOLASFLOTATION,18,12,6,131.87,,
104857,EXPOLASN2K,5,2,3,394.68,,
104858,EXPOLASGUARDIAN,5,3,2,281.6,,
104859,EXPOLASCORE,18,12,6,149.64,,
104860,EXPOLASEXTENDER,12,6,6,138.53,,
104861,EXPOLASMEC,4,4,0,34.88,,
104862,EXPOLASGUARDEXT,6,6,0,32.5,,
104864,REL200300100,8,5,3,139.18,,171.7
104867,12487-8DP,6,6,0,3.77,,
104868,LLB-72BK-UB-00,3,0,3,70.88,,
104869,LLB-72BK-UB-01,1,0,1,82.13,,
104870,LLB-73BK-01-WB,4,1,3,123.75,,
104871,LLB-73BK-01-BB,4,1,3,123.75,,
104891,EXPMOBCARBON2,3,3,0,162.19,,
104893,EXPRAWPRO2,4,0,4,174.38,,
104894,EXPACTION1-9,12,6,6,261.1,,
104897,EXPRAWP2DOCK,0,0,0,45.32,,
104898,EXPADMOUNT1,0,0,0,28.33,,
104899,EXPACTION9DOCK,12,6,6,35.71,,
104900,302400,7,5,2,14.34,,
104904,010-13286-02,0,0,0,16.24,,
104905,010-13286-01,0,0,0,12.99,,
104907,1080013-G,0,0,0,111.43,,
104909,001-638-240-00,0,0,0,90.91,,
104912,36121,0,0,0,225.33,,
104913,36122,0,0,0,225.33,,
104914,36200,0,0,0,307.31,,
104915,36201,0,0,0,307.31,,
104916,21000,0,0,0,87.4,,
104917,21005,0,0,0,182.98,,
104918,303100,6,6,0,12.23,,
104919,303400,0,0,0,8.68,,
104920,303500,0,0,0,12.49,,
104921,301500,0,0,0,11.26,,
104922,301600,1,0,1,11.9,,
104924,AK5505-7,0,0,0,11.58,,
104925,AK5512-7,3,2,1,11.64,,
104930,SSHD-001,10,7,3,5.99,9.99,
104931,BWP-2023-001,0,0,0,22.5,30.0,
104936,W18-2ACLR-100,10,5,5,20.77,,
104942,SPH842,10,6,4,40.74,,
104943,SPH1250,10,4,6,61.13,,
104944,SPH1050,10,5,5,54.33,,
104945,SPH1042,12,6,6,47.53,,
104946,FP10BX,32,24,8,156.34,,
104947,VLB9,0,0,0,70.0,,
104948,N8NRM2TB,0,0,0,366.25,,
104949,H6HRLN2TB,0,0,0,318.75,,
104950,W18-2ACLR-250,6,3,3,49.04,,
104951,W16-2ACLR-100,10,5,5,30.0,,
104953,W16-2ACLR-250,2,2,0,69.23,,
104954,W14-2ACLR-100,9,4,5,39.23,,
104955,W14-2ACLR-250,4,2,2,95.19,,
104956,WUL18WH-35,8,4,4,5.77,,
104957,WUL18RD-35,8,4,4,5.77,,
104958,WUL18OR-35,8,4,4,5.77,,
104959,WUL18GN-35,8,4,4,5.77,,
104960,WUL18BL-35,8,4,4,5.77,,
104961,WUL18BK-35,8,4,4,5.77,,
104962,WUL14GN-25,6,4,2,6.04,,
104963,WUL1/0RD-50,2,2,0,172.5,,
104964,WUL1/0RD-250,1,0,1,850.96,,
104965,WUL1/0BK-250,1,1,0,850.96,,
104966,TE8-38R-25,26,11,15,22.28,,
104967,TE18-56R-25,25,10,15,13.93,,
104969,TDE18-250FIM-25,10,6,4,14.63,,
104970,TDE18-250FIM-100,30,15,15,61.73,,
104971,TDE14-250FIM-25,10,4,6,14.63,,
104972,TDE14-250FIM-100,30,15,15,61.73,,
104973,TBSE8-100,20,10,10,106.56,,
104974,TAE8-56R-10,4,4,0,7.84,,
104975,TAE8-38R-10,18,10,8,7.84,,
104976,TAE8-14R-10,17,10,7,8.71,,
104977,TAE8-10R-10,10,5,5,9.59,,
104978,TAE6-56R-10,6,6,0,10.46,,
104979,TAE6-38R-10,7,7,0,10.46,,
104980,TAE6-14R-10,18,9,9,13.06,,
104981,TAE6-10R-10,16,9,7,10.46,,
104982,TAE4-56R-10,9,2,7,10.74,,
104983,TAE4-38R-10,3,1,2,11.56,,
104984,TAE4/0-38R-10,0,0,0,27.64,,
104985,TAE2-56R-10,9,9,0,19.06,,
104986,TAE2-38R-10,10,10,0,19.06,,
104989,TAE2-14R-10,15,9,6,11.43,,
104990,TAE2/0-56R-10,9,3,6,21.73,,
104991,TAE2/0-38R-10,14,4,10,21.73,,
104992,TAE2/0-14R-10,13,8,5,16.01,,
104993,TAE1-56R-10,15,9,6,12.39,,
104994,TAE1-38R-10,15,9,6,12.29,,
104995,TAE1-14R-10,14,10,4,12.39,,
104996,TAE1/0-56R-10,7,6,1,17.53,,
104997,TAE1/0-38R-10,9,9,0,17.53,,
104998,TAE1/0-14R-10,12,9,3,16.39,,
104999,TDTP06F-2RS,20,10,10,9.03,,
105000,TDTP04F-4RP,20,10,10,11.29,,
105001,TDTP04F-2RP,20,10,10,9.33,,
105002,TDTP06F-4RS,20,10,10,12.13,,
105003,TDT04-3P-10,14,10,4,11.67,,
105004,TDT04-4P-10,12,6,6,15.67,,
105005,TDT04-6P-5,13,9,4,12.0,,
105006,TDT04-8P-5,9,4,5,17.32,,
105007,TDT04-12P-5,9,4,5,18.65,,
105009,TDT06-12S-5,9,4,5,21.32,,
105010,TDT06-2S-10,11,5,6,10.67,,
105011,TDT06-3S-10,10,4,6,21.32,,
105012,TDT06-4S-10,10,4,6,18.65,,
105013,TDT06-6S-5,9,3,6,17.99,,
105014,TDT06-8S-5,9,4,5,19.32,,
105015,TDTHD-1-4KT,8,2,6,29.97,,
105016,TDTHD-1-8KT,12,6,6,23.32,,
105017,T14DT-P-100,12,6,6,26.65,,
105018,T14DT-S-100,12,6,6,43.96,,
105019,T12DTP-P-10,12,6,6,5.78,,
105020,T12DTP-P-25,11,6,5,11.32,,
105021,T12DTP-S-10,12,6,6,6.0,,
105022,T12DTP-S-25,11,6,5,13.99,,
105024,T10DTP-P-10,12,6,6,6.64,,
105025,T10DTP-P-25,12,6,6,15.32,,
105026,T10DTP-S-10,12,6,6,7.33,,
105027,T10DTP-S-25,12,6,6,15.5,,
105028,T114017-25,3,2,1,3.32,,
105029,T114017-100,3,1,2,8.5,,
105030,BHW1-12BK-2,7,4,3,12.53,,
105031,BHW1-12RD-2,10,5,5,12.53,,
105032,BHW1-3BKRD,19,10,9,1.89,,
105033,BHW3/4-12BK-3,4,3,1,13.78,,
105034,BHW3/4-12RD-3,8,4,4,13.78,,
105035,BHW3/4-3BKRD,18,10,8,2.36,,
105036,BEHS1/2-12BK-5,1,1,0,11.91,,
105037,BEHS1/2-12RD-5,6,4,2,9.82,,
105038,BEHS1/2-3BKRD,17,7,10,2.58,,
105039,BEHS1/4-12BK-10,5,5,0,14.42,,
105040,BEHS1/4-12RD-10,9,5,4,14.42,,
105041,BEHS1/4-3BKRD,20,10,10,1.42,,
105042,BEHS1/8-12BK-10,6,5,1,9.88,,
105043,BEHS1-12BK-3,6,4,2,7.61,,
105044,BEHS1-12RD-3,5,5,0,9.15,,
105046,BEHS1-12YL-3,9,5,4,7.54,,
105048,BEHS1-3BKRD,20,10,10,2.84,,
105050,BEHS3/16-12BK-10,8,5,3,13.54,,
105052,BEHS3/16-12RD-10,9,5,4,15.2,,
105053,BEHS3/4-12BK-4,5,2,3,7.78,,
105054,BEHS3/4-12RD-4,8,3,5,7.14,,
105055,BEHS3/4-12YL-4,8,4,4,11.62,,
105056,BEHS3/4-3BKRD,20,10,10,3.14,,
105057,BEHS3/8-12BK-5,2,2,0,10.42,,
105058,BEHS3/8-12RD-5,5,5,0,10.88,,
105059,BEHS3/8-3BKRD,15,8,7,2.3,,
105064,BCCH04-100,9,4,5,7.11,,
105065,BCCH06-100,9,4,5,7.85,,
105066,BCCH02-25,9,4,5,1.95,,
105067,BCCH03-25,8,3,5,2.04,,
105068,BCCH04-25,8,4,4,2.39,,
105069,BCCH05-25,8,4,4,2.49,,
105070,BCCH06-25,8,4,4,2.7,,
105071,BCCH08-25,8,3,5,2.8,,
105072,BCCH10-25,8,3,5,3.31,,
105073,BCCH12-25,8,3,5,3.72,,
105074,BCCH16-25,9,4,5,5.28,,
105075,BCCH20-25,9,4,5,6.24,,
105076,BCCH24-25,8,4,4,7.09,,
105077,BCCH04-25BK,2,2,0,2.58,,
105078,BCCH05-25BK,1,1,0,2.68,,
105079,BCCH06-25BK,0,0,0,2.73,,
105080,BCCH08-25BK,4,3,1,3.08,,
105081,BCCH10-25BK,5,4,1,3.57,,
105082,BCCH12-25BK,8,5,3,4.49,,
105083,BCCH16-25BK,8,5,3,6.62,,
105084,BSSC04-10,15,10,5,6.99,,
105085,BSSC06-10,9,4,5,7.78,,
105086,BSSC08-10,8,3,5,8.19,,
105087,BSSC10-10,9,5,4,8.22,,
105088,BSSC12-10,7,3,4,8.86,,
105089,BSSC14-10,10,5,5,10.08,,
105090,BSSC16-10,10,5,5,10.64,,
105091,BSSC20-10,8,5,3,12.45,,
105092,BSSC24-10,6,3,3,13.09,,
105093,BSSC28-10,9,4,5,13.65,,
105094,BSSC32-10,8,3,5,15.32,,
105095,BSSC40-10,9,4,5,17.96,,
105096,BSSC48-10,8,5,3,21.95,,
105097,BSSC56-10,10,5,5,27.62,,
105098,E400-12-5,6,3,3,22.05,,
105101,CT1M-100,19,9,10,2.01,,
105103,CT1M-100BK,7,5,2,2.13,,
105104,CT2S-100,18,8,10,3.66,,
105105,CT2S-100BK,11,6,5,3.86,,
105106,CT3S-100,19,9,10,5.81,,
105107,CT3S-100BK,15,10,5,6.37,,
105108,CT4S-100,19,10,9,7.91,,
105109,CT4S-100BK,19,10,9,8.8,,
105110,CTMR2S-100,19,10,9,7.54,,
105111,CTMR2S-100BK,10,8,2,9.06,,
105112,CT1.5I-100,20,10,10,4.31,,
105113,CT1.5I-100BK,13,9,4,4.5,,
105114,CTMR4S-100BK,17,8,9,15.33,,
105115,CT4H-50BK,15,6,9,7.66,,
105116,CTM2S8-100,17,8,9,9.94,,
105117,CTM2S8BK-100,8,4,4,10.17,,
105118,CTM3S10-100,19,10,9,14.49,,
105119,CTM3S10BK-100,0,0,0,15.94,,
105120,BSW3/8BK-100,4,2,2,30.49,,
105121,BSW1/2BK-100,5,3,2,48.13,,
105122,BSW3/4BK-100,5,3,2,78.01,,
105123,BSW1BK-100,6,3,3,108.99,,
105124,1670DP2BLK,5,0,5,56.33,,
105125,EV2LE-ACC,3,3,0,8.51,,
105126,EV2LE-ANC,10,5,5,8.51,,
105127,EV2LE-ARCH,10,5,5,8.51,,
105128,EV2LE-BLG,2,2,0,8.51,,
105129,EV2LE-BLWR,10,5,5,8.51,,
105130,EV2LE-BTWL,10,5,5,8.51,,
105131,EV2LE-CKPT,8,4,4,8.51,,
105132,EV2LE-CTSY,8,5,3,8.51,,
105133,EV2LE-DECK,8,5,3,8.51,,
105134,779-LBJ-4,17,10,7,11.74,,
105135,779-LBJ-5,12,6,6,14.51,,
105136,779-LBJ-6,11,8,3,16.96,,
105137,SC-AOB-A-HOSEV-12,6,3,3,21.94,,
105143,TBS8-10,16,10,6,20.33,,
105144,TBS6-10,9,5,4,9.76,,
105145,TBS4-2,26,15,11,3.43,,
105146,TBS2-2,39,20,19,4.31,,
105147,TBS2/0-2,39,19,20,6.05,,
105148,TBS1-2,40,20,20,4.31,,
105149,TBS1/0-2,39,20,19,5.64,,
105150,455T-TM903,0,0,0,584.27,,
105151,455T-PR903,0,0,0,1528.09,,
105152,455T-SS903,0,0,0,719.1,,
105155,EV2LE-FBX,9,5,4,8.51,,
105156,EV2LE-FRSH,8,5,3,8.51,,
105157,EV2LE-HRN,6,4,2,8.51,,
105158,EV2LE-LT,8,4,4,8.51,,
105159,EV2LE-LVWL,7,5,2,8.51,,
105160,EV2LE-NAV,10,5,5,8.51,,
105161,EV2LE-NAVANC,6,5,1,8.51,,
105162,EV2LE-RAW,8,5,3,8.51,,
105163,EV2LE-SPDR,8,4,4,8.51,,
105164,EV2LE-TRM,8,5,3,8.51,,
105165,EV2LE-UW,9,4,5,8.51,,
105166,EV2LE-WND,10,5,5,8.51,,
105167,EV2LE-WSHDWN,8,5,3,8.51,,
105168,PSC-11-BK,4,2,2,4.85,,
105169,PSC-21-BK,4,3,1,6.67,,
105170,PSC-22-BK,6,3,3,11.46,,
105171,PSC-31-BK,3,3,0,9.22,,
105172,PSC-41-BK,4,2,2,11.91,,
105173,PSC-61-BK,3,2,1,18.82,,
105174,PSC-81-BK,2,2,0,22.3,,
105175,24832JW,0,0,0,3396.69,,
105191,784-9220-01,0,0,0,723.27,,
105195,IRIS-S060-36,0,0,0,345.35,,
105235,XMUCC,12,9,3,52.86,,99.97
105238,199207,6,6,0,3.65,,
105239,302100,6,0,6,14.8,,
105266,FRBBC6-A,6,0,6,30.18,,
105267,FRBAP10,1,1,0,10.27,,
105268,FRBBC6,4,4,0,18.11,,
105269,P000173,2,2,0,20.24,,
105270,P000174,1,1,0,23.61,,
105271,001-240-520-00,1,0,1,227.27,,
105272,P000175,2,2,0,26.99,,
105273,P000159,1,1,0,26.99,,
105274,P000160,2,2,0,26.99,,
105275,P000161,2,2,0,26.99,,
105276,P000162,0,0,0,30.36,,
105277,P000163,1,1,0,30.36,,
105278,P000164,2,2,0,30.36,,
105279,P000165,2,2,0,30.36,,
105280,P000166,2,2,0,30.36,,
105281,P000167,2,2,0,33.74,,
105282,P000168,2,2,0,33.74,,
105283,P000169,2,2,0,33.74,,
105284,P000170,0,0,0,33.74,,
105285,P000171,2,2,0,33.74,,
105286,P000172,1,1,0,47.24,,
105292,58104-2000,7,5,2,100.36,,
105293,KSJX220BL,4,4,0,12.82,,
105294,KSJX220CB,0,0,0,12.82,,
105295,KSJX220CF,0,0,0,12.82,,
105296,KSJX220HS,4,4,0,12.82,,
105297,KSJX220MD,0,0,0,12.82,,
105298,KSJX220SB,2,2,0,12.82,,
105299,101922,4,2,2,157.35,,
105300,KSJX220SL,2,2,0,12.82,,
105301,KSJX220SP,4,4,0,12.82,,
105302,KSJX280BL,4,4,0,13.45,,
105303,KSJX280CB,4,4,0,13.45,,
105304,KSJX280CF,4,4,0,13.45,,
105305,KSJX280HS,3,3,0,13.45,,
105306,KSJX280MD,4,4,0,13.45,,
105307,KSJX280SB,2,2,0,13.45,,
105308,KSJX280SL,3,3,0,13.45,,
105309,KSJX280SP,2,2,0,13.45,,
105310,BGCX8BK,4,4,0,12.61,,
105311,BGCX8CF,4,4,0,12.61,,
105312,BGCX8MC,4,4,0,12.61,,
105313,BGCX8MH,4,4,0,12.61,,
105314,BGCX8SJ,4,4,0,12.61,,
105316,BGCX8SL,4,4,0,12.61,,
105317,TCRX5BK,4,4,0,7.79,,
105318,TCRX5CF,4,4,0,7.79,,
105319,TCRX5MC,4,4,0,7.79,,
105320,TCRX5MH,4,4,0,7.79,,
105321,TCRX5SJ,4,4,0,7.79,,
105322,TCRX5SL,4,4,0,7.79,,
105323,HSTC7CF,4,4,0,17.65,,
105324,HSTC7DK,4,4,0,17.65,,
105325,HSTC7MC,4,4,0,17.65,,
105326,HSTC7MH,4,4,0,17.65,,
105327,HSTC7RS,4,4,0,17.65,,
105328,HSTC7SJ,4,4,0,17.65,,
105329,HSTC7SL,4,4,0,17.65,,
105330,HUB102,4,1,3,359.09,,
105331,001-653-250-00,0,0,0,80.0,,
105332,001-653-260-00,2,2,0,95.45,,
105333,001-653-270-00,3,2,1,100.0,,
105334,WRJ-ADP-05M,5,1,4,36.36,,
105339,5000,2,2,0,1233.53,,1475.0
105340,5001,2,2,0,529.41,,599.99
105341,5002,0,0,0,21.92,,34.99
105342,5003,0,0,0,11.18,,17.99
105343,HSTC8CF,4,4,0,20.71,,
105344,HSTC8DK,4,4,0,20.71,,
105345,HSTC8MC,4,4,0,20.71,,
105346,HSTC8MH,4,4,0,20.71,,
105347,HSTC8RS,4,4,0,20.71,,
105348,HSTC8SJ,4,4,0,20.71,,
105349,HSTC8SL,4,4,0,20.71,,
105350,XRMAG15HDFFU,4,4,0,16.84,,
105351,XRMAG15HDSQ,6,6,0,16.84,,
105352,XRMAG20HDFFU,5,5,0,18.06,,
105353,XRMAG20HDSQ,6,6,0,18.06,,
105354,XRMAG30HDFFU,2,2,0,20.04,,
105355,XRMAG30HDSQ,5,5,0,20.04,,
105356,XRMAG40HDFFU,4,4,0,20.04,,
105357,XRMAG40HDSQ,2,2,0,20.04,,
105358,XRMAGST17MTG,6,6,0,20.04,,
105359,XRMAGXP130CLR,0,0,0,16.41,,
105360,RV8SP,3,3,0,36.1,,
105361,RV13P,0,0,0,43.76,,
105362,RHVDS,0,0,0,131.28,,
105363,RSFXF6,4,4,0,23.58,,
105364,RSFXF8,3,3,0,26.96,,
105365,RSFXF10,2,2,0,30.31,,
105366,RSFFXF6,2,2,0,23.58,,
105367,RSFFXF8,0,0,0,26.96,,
105368,696-108,0,0,0,11.51,,
105369,696-208,0,0,0,39.45,,
105370,696-108CH,0,0,0,11.51,,
105371,696-208CH,0,0,0,39.45,,
105372,696-108G,0,0,0,11.51,,
105373,696-208G,0,0,0,39.45,,
105374,696-110,0,0,0,11.51,,
105375,696-210,0,0,0,39.45,,
105376,696-110CH,0,0,0,11.51,,
105377,696-210CH,0,0,0,39.45,,
105378,696-110G,0,0,0,11.51,,
105379,696-210G,0,0,0,39.45,,
105380,696-112,0,0,0,11.51,,
105381,696-212,0,0,0,39.45,,
105382,696-112CH,0,0,0,11.51,,
105383,696-212CH,0,0,0,39.45,,
105384,1051,3,3,0,15.66,,
105385,1052,9,7,2,15.66,,
105386,XMZSLS3PC,9,0,9,16.49,,35.99
105387,XMSPC1G,1,0,1,35.0,,59.99
105388,696-112G,0,0,0,11.51,,
105389,696-212G,0,0,0,39.45,,
105390,XMMCMR10,17,0,17,10.36,,19.99
105391,696-114,1,1,0,11.51,,
105392,1081,12,7,5,15.66,,
105393,696-214,0,0,0,39.45,,
105394,696-114CH,2,2,0,11.51,,
105395,696-214CH,0,0,0,39.45,,
105396,696-114G,2,2,0,11.51,,
105397,696-214G,0,0,0,39.45,,
105398,41324P,2,2,0,20.25,,
105399,696-117,2,2,0,11.51,,
105400,696-217,0,0,0,39.45,,
105401,696-117CH,2,2,0,11.51,,
105402,696-217CH,0,0,0,39.45,,
105403,696-117G,2,2,0,11.51,,
105404,696-217G,0,0,0,39.45,,
105406,696-120,2,2,0,11.51,,
105407,696-220,0,0,0,39.45,,
105408,696-120CH,2,2,0,11.51,,
105409,696-220CH,0,0,0,39.45,,
105410,696-120G,2,2,0,11.51,,
105411,696-220G,0,0,0,39.45,,
105412,696-125,2,2,0,11.51,,
105413,696-225,0,0,0,39.45,,
105414,696-125CH,2,2,0,11.51,,
105415,696-225CH,0,0,0,39.45,,
105417,696-225G,0,0,0,39.45,,
105418,696-130,2,2,0,11.51,,
105419,696-230,0,0,0,39.45,,
105420,696-130CH,2,2,0,11.51,,
105421,696-230CH,0,0,0,39.45,,
105422,696-130G,2,2,0,11.51,,
105423,696-230G,0,0,0,39.45,,
105424,696-140,2,2,0,11.51,,
105425,696-240,0,0,0,39.45,,
105427,696-140CH,2,2,0,11.51,,
105428,696-240CH,0,0,0,39.45,,
105429,696-140G,2,2,0,11.51,,
105430,696-240G,0,0,0,39.45,,
105431,MJUFOXJ-BOX,0,0,0,35.28,,
105436,696-150,0,0,0,11.51,,
105437,696-250,0,0,0,39.45,,
105438,696-150CH,0,0,0,11.51,,
105439,696-250CH,0,0,0,39.45,,
105440,696-250G,0,0,0,39.45,,
105441,696-580,0,0,0,149.45,,
105442,696-590,0,0,0,149.45,,
105443,4265.65K,0,0,0,41.44,,
105444,4265.47K,0,0,0,107.48,,
105451,9241507,4,2,2,23.91,,
105453,001-647-940-00,0,0,0,45.45,,
105473,5395,0,0,0,160.73,,
105474,150400-200-040-25,7,1,6,87.93,,
105477,512120-1,4,4,0,13.47,,
105478,T-PF.P14/I,6,2,4,30.03,,
105480,ZDIGAIS100QMA,5,4,1,300.96,,
105485,HB100,2,2,0,31.5,,
105486,HB125,2,2,0,31.5,,
105488,HUB-102-JMP,4,2,2,31.82,,
105507,660-250CC,3,3,0,44.05,,
105508,660-250G,3,3,0,44.04,,
105509,660-265CC,0,0,0,47.9,,
105511,660-265G,0,0,0,47.9,,
105512,660-280CC,2,2,0,47.9,,
105513,660-280G,3,3,0,47.9,,
105515,9620001835,0,0,0,599.4,,998.99
105516,9620001836,0,0,0,659.4,,1098.99
105517,62-541-WT,99,71,28,52.44,,
105518,9620001837,2,0,2,449.4,,748.99
105519,9620001838,0,0,0,419.4,,698.99
105520,62-541-BL,0,0,0,52.44,,
105521,9620001839,1,0,1,479.4,,798.99
105522,62-542-WT,0,0,0,52.44,,
105523,9620001840,0,0,0,419.4,,698.99
105524,62-542-BL,0,0,0,52.44,,
105525,9620001849,0,0,0,899.4,,1498.99
105526,9620001850,5,2,3,689.4,,1148.99
105527,9620001851,0,0,0,659.4,,1098.99
105528,9620001852,0,0,0,839.4,,1398.99
105529,9620001853,2,0,2,719.4,,1198.99
105530,9620001854,0,0,0,659.4,,1098.99
105531,9620012874,0,0,0,47.4,,78.99
105532,9620012875,0,0,0,53.4,,88.99
105533,884213BLK,3,1,2,1312.5,2099.99,
105534,9620012876,0,0,0,131.4,,218.99
105535,9620012877,0,0,0,89.4,,148.99
105536,9620012878,0,0,0,113.4,,188.99
105537,9620012879,0,0,0,65.4,,108.99
105538,9620012880,1,0,1,59.4,,98.99
105539,9620012881,4,2,2,95.4,,158.99
105540,9620012882,0,0,0,101.4,,168.99
105541,9620012883,0,0,0,71.4,,118.99
105542,SC-CW-10GT,21,8,13,87.5,,
105549,ASCOMPGS-6.2-1.0,0,0,0,71.71,,
105550,ASCOMPGS-6.2-2.0,0,0,0,71.71,,
105552,AXCOMP-6.2-1.0,0,0,0,100.38,,
105553,AXCOMP-6.2-2.0,0,0,0,100.38,,
105555,A2-5.6-LH,0,0,0,114.72,,
105556,A2-5.6-RH,3,3,0,114.72,,
105557,A2-6.8-LH,0,0,0,114.72,,
105558,A2-6.8-RH,2,2,0,114.72,,
105559,A2-7.5-LH,0,0,0,114.72,,
105560,A2-7.5-RH,2,2,0,114.72,,
105561,A2-8.3-LH,0,0,0,114.72,,
105562,A2-8.3-RH,0,0,0,114.72,,
105564,C2-6.8-LH,0,0,0,143.4,,
105566,C2-7.5-LH,0,0,0,143.4,,
105568,C2-8.3-LH,0,0,0,143.4,,
105570,CA3-6.3-LH,0,0,0,157.04,,
105571,CA3-6.3-RH,0,0,0,157.04,,
105572,CA3-8.1-LH,0,0,0,157.04,,
105573,CA3-8.1-RH,0,0,0,157.04,,
105575,TX2-7.5-LH,0,0,0,193.6,,
105576,TX2-7.5-RH,1,1,0,193.6,,
105577,TX2-8.3-RH,0,0,0,193.6,,
105578,ZSLD2-7.5-LH,0,0,0,172.09,,
105580,ING2-6.6-LH,0,0,0,100.38,,
105581,ING2-6.6-RH,1,1,0,100.38,,
105582,ING2-7.3-LH,0,0,0,100.38,,
105583,ING2-7.3-RH,2,2,0,100.38,,
105584,ING2P-5.3-LH,0,0,0,100.38,,
105586,ING2P-5.3-RH,2,2,0,100.38,,
105587,017462101,0,0,0,122.78,,
105592,INSLD2-8.1-LH,0,0,0,100.39,,
105594,S00-01000-64,8,1,7,9.0,,
105595,D1H-23-BSB,5,3,2,128.74,,179.99
105596,BS-USD6MM-BLU,8,4,4,56.86,,69.99
105597,BS-USD6MM-HVS,8,4,4,56.86,,69.99
105598,BS-USD6MM-RED,8,4,4,56.86,,69.99
105599,BS-409-BLU-XXL,6,3,3,101.86,,
105600,BS-409-HVS-XXL,7,3,4,101.86,,
105601,BS-409-RED-XXL,5,3,2,101.86,,
105602,SL6F-23-BSB,0,0,0,98.74,,129.99
105603,409-TPE-2/3XL,0,0,0,101.86,,
105604,248-HNT-2/3XL,0,0,0,81.24,,
105605,BS-T2-ORG-O,0,0,0,16.49,,
105606,BS-T2-ORG-U,3,0,3,16.49,,
105607,BS-T2-ORG-4,0,0,0,43.55,,49.99
105608,BS-T2-ORG-C,0,0,0,16.49,,
105609,BS-T2-ORG-Y,0,0,0,16.49,,
105610,BS-160-BLU-C,0,0,0,23.26,,
105611,BS-160-RED-C,0,0,0,23.26,,
105612,BS-160-BLU-I,0,0,0,23.26,,
105613,BS-160-RED-I,0,0,0,23.26,,
105614,BS-160-BLU-Y,0,0,0,23.26,,
105615,BS-160-RED-Y,0,0,0,23.26,,
105616,BS-1091-MAX,0,0,0,21.75,,
105619,MODC2-6.6-LH,0,0,0,71.7,,
105620,MODC2-6.6-RH,2,2,0,71.7,,
105621,MODC2-8.1-LH,0,0,0,71.7,,
105622,MODC2-8.1-RH,2,2,0,71.7,,
105623,MODSZ2-7.3-LH,0,0,0,93.21,,
105624,MODSZ2-7.3-RH,0,0,0,93.21,,
105625,MODTX2-7.3-LH,0,0,0,71.7,,
105626,MODTX2-7.3-RH,0,0,0,71.7,,
105627,OF1-6.6-LH,0,0,0,50.18,,
105629,OF1-8.1-LH,0,0,0,50.18,,
105631,AE-6.2-2.0,0,0,0,86.05,,
105634,AL13-5.2-2.0,0,0,0,114.01,,
105635,AL13-5.2-3.0,4,4,0,114.01,,
105636,AL13-5.2-4.0,3,3,0,121.18,,
105637,AL13-5.2-6.0,4,4,0,142.7,,
105638,AL13-6.2-3.0,3,3,0,114.01,,
105639,AL13-6.2-6.0,4,4,0,142.7,,
105643,SORF-5.2-1.0-CP,0,0,0,32.26,,
105644,SORF-5.2-2.0-CP,0,0,0,32.26,,
105645,SORF-5.2-3.0-CP,4,4,0,32.26,,
105646,SORF-5.2-4.0-CP,3,3,0,32.26,,
105647,SORR-5.2-1.0-CP,0,0,0,25.09,,
105648,SORR-5.2-2.0-CP,0,0,0,25.09,,
105649,SORR-5.2-3.0-CP,4,4,0,25.09,,
105650,SORR-5.2-4.0-CP,4,4,0,25.09,,
105667,SHU065130050,5,5,0,57.88,,71.4
105668,MS6007S,2,0,2,26.04,,
105670,99454,9,5,4,1088.75,,
105671,SHU050130050,35,33,2,57.88,,71.4
105679,GX2410GPS,73,42,31,329.99,,
105680,4BMS-S,0,0,0,104.99,131.75,
105682,2023043513,0,0,0,54.21,,
105685,MD2020-191-0-235,2,0,2,130.61,,189.99
105686,105730,94,46,48,11.51,,
105687,105736,64,32,32,17.25,,
105688,105737,24,12,12,23.02,,
105689,105745,95,47,48,10.45,,
105690,105747,64,32,32,15.69,,
105691,105749,24,12,12,20.93,,
105692,1315-FT,99,99,0,0.78,,
105693,03-4015-11,9,4,5,10.67,15.99,
105694,03-4044-11,13,7,6,10.67,15.99,
105697,RSHMTH2,14,14,0,11.01,,
105698,RV13BP,0,0,0,43.76,,
105700,RF50101,7,2,5,30.14,44.76,
105701,011044,0,0,0,38.67,49.0,
105708,010-12531-11,0,0,0,22.49,,
105709,9610007270,0,0,0,427.85,,
105710,9610007272,1,1,0,438.74,,
105711,1520,5,2,3,53.39,,
105713,SDFI0000000,1,0,1,232.88,,287.3
105716,105545,11,5,6,27.49,,
105717,105320,14,7,7,30.0,,
105718,105322,14,7,7,26.07,,
105720,105770,13,1,12,41.31,,
105721,105327,22,6,16,38.62,,
105722,105329,22,6,16,38.62,,
105724,105332,16,8,8,49.02,,
105728,105335,16,8,8,47.45,,
105729,104706,35,16,19,76.0,,
105730,9240207,3,3,0,82.27,,
105733,B00171201,0,0,0,217.01,263.69,
105737,151200-200-005-13,6,0,6,57.24,,
105764,BBTH0920002,1,1,0,30.0,,
105767,105333,16,8,8,48.98,,
105769,A8SQ4893UB-02,0,0,0,500.5,,
105770,A8SQ4893UB-10,0,0,0,500.5,,
105771,A8SQ4893UB-04,0,0,0,500.5,,
105772,A4681UB-02,0,0,0,378.34,,
105773,A4681UB-10,0,0,0,378.34,,
105774,A4681UB-04,0,0,0,378.34,,
105775,A4669UB-02,0,0,0,347.8,,
105776,A4669UB-10,0,0,0,347.8,,
105777,A4669UB-04,0,0,0,347.8,,
105778,A5487UB-02,0,0,0,412.6,,
105779,A5487UB-10,0,0,0,412.6,,
105781,A5487UB-04,0,0,0,412.6,,
105782,A4675UB-02,0,0,0,354.2,,
105783,A4675UB-10,0,0,0,354.2,,
105784,A4675UB-04,0,0,0,354.2,,
105785,A5481UB-02,0,0,0,387.23,,
105786,A5481UB-10,0,0,0,387.23,,
105787,A5481UB-04,0,0,0,387.23,,
105791,03-4128-11,0,0,0,14.19,20.99,
105792,03-4129-11,0,0,0,14.19,20.99,
105793,03-4145-11,10,2,8,16.22,23.99,
105794,03-4146-11,8,3,5,19.59,28.99,
105795,03-4108-11,9,4,5,10.14,14.99,
105796,01-4154-11,0,0,0,20.95,30.99,
105797,01-4155-11,4,2,2,27.7,40.99,
105798,01-4156-11,3,1,2,40.54,59.99,
105799,09-4160-11,10,4,6,27.7,40.99,
105800,09-4151-11,17,8,9,43.33,64.99,
105801,08-0085-11,1,1,0,24.0,35.99,
105802,001-647-020-00,0,0,0,109.09,,
105803,886-0050-24,0,0,0,659.09,,
105804,886-0050-36,0,0,0,954.55,,
105811,R3005,0,0,0,43.74,,
105812,R3003,4,2,2,52.54,,
105813,R3001,4,2,2,104.5,,
105814,R2007,0,0,0,54.36,,
105815,R1004,0,0,0,47.7,,
105816,R1005,0,0,0,11.39,,
105817,R3008,4,2,2,32.34,,
105818,R2003,4,2,2,79.66,,
105819,R3000,0,0,0,56.8,,
105820,R3011,1,0,1,21.7,,
105826,BAT512110620,0,0,0,609.76,,752.25
105827,BAT512115620,0,0,0,881.23,,1087.15
105828,BAT512120620,0,0,0,928.77,,1145.8
105829,BAT512130620,0,0,0,1446.9,,1785.0
105830,BAT524110620,0,0,0,1121.69,,1383.8
105831,BAT524130620,0,0,0,2462.49,,3037.9
105832,BAT548110620,0,0,0,1891.3,,2333.25
105836,LSKIT,22,13,9,25.38,,
105843,100-4906,0,0,0,289.02,,399.99
105844,KF5000BLK,4,2,2,111.54,,
105854,41150,4,2,2,27.0,,
105855,41165,4,2,2,45.36,,
105872,02-4040-11,6,4,2,17.33,25.99,
105873,02-4048-11,12,6,6,9.33,13.99,
105874,08-0052-11,11,5,6,12.67,18.99,
105875,08-0105-11,8,4,4,40.0,49.99,
105876,08-0106-11,6,4,2,33.33,49.99,
105877,09-4227-11,5,5,0,50.0,79.99,
105878,11-4191-11,31,7,24,131.25,209.99,
105879,11-4190-11,33,10,23,187.5,299.99,
105881,ORI303100000,6,4,2,954.26,,1177.25
105882,412000-1CHO,77,63,14,1151.76,,1299.99
105883,412000-1,70,44,26,1328.95,,1499.99
105884,412010-1CHO,105,62,43,1710.33,,1999.99
105885,412010-1,0,0,0,1881.37,,2199.99
105886,412020-1CHO,0,0,0,2137.92,,2499.99
105887,412020-1,0,0,0,2308.95,,2699.99
105888,99047,1,1,0,37.2,,
105900,740236-1,5,5,0,60.6,,
105901,740237-1,3,3,0,60.6,,
105902,740238-1,1,1,0,60.6,,
105903,740233-1,8,4,4,60.6,,
105904,740234-1,6,3,3,60.6,,
105905,740235-1,7,3,4,60.6,,
105906,710310-1,0,0,0,1266.71,,1499.99
105908,MPD740.5,0,0,0,266.6,399.99,
105909,MPD380.4,0,0,0,199.99,299.99,
105910,MPD500.1,0,0,0,133.27,199.99,
105911,602014-2,0,0,0,389.64,,599.99
105916,41152,4,2,2,27.0,,
105917,41166,4,2,2,45.36,,
105918,41153,3,2,1,28.08,,
105920,41167,3,2,1,47.52,,
105921,41154,4,2,2,28.08,,
105922,41168,4,2,2,47.52,,
105923,41155,4,2,2,37.27,,
105924,41169,4,2,2,62.11,,
105925,41156,4,2,2,45.91,,
105926,41170,4,2,2,76.15,,
105927,41157,4,2,2,35.11,,
105928,41171,4,2,2,58.32,,
105929,41158,4,2,2,38.35,,
105930,41172,4,2,2,63.72,,
105931,41159,4,2,2,31.32,,
105933,41173,4,2,2,52.39,,
105934,41160,4,2,2,24.31,,
105935,41174,4,2,2,40.51,,
105936,41161,4,2,2,24.31,,
105937,41175,4,2,2,40.51,,
105938,41162,4,2,2,24.84,,
105939,41176,4,2,2,41.59,,
105940,B60-20-MM,4,3,1,165.21,227.49,
105943,X500.391,2,1,1,90.96,,
105968,28100699,0,0,0,489.3,,589.95
105969,IRIS-A118,0,0,0,1837.5,,
105970,IRIS-A418,0,0,0,1932.25,,
105971,IRIS-A295,0,0,0,2995.0,,
105972,IRIS-A395,0,0,0,3995.0,,
105973,IRIS599,0,0,0,348.84,,
105974,CMAC-INT003A,0,0,0,348.84,,
105975,HDMI2IP01,0,0,0,203.49,,
105976,MV7010-4-XS/S,0,0,0,37.49,,
105977,MV7010-4-M/L,0,0,0,37.49,,
105978,MV7010-4-XL/XXL,0,0,0,37.49,,
105979,MV7010-25-XS/S,0,0,0,37.49,,
105980,MV7010-25-M/L,0,0,0,37.49,,
105981,MV7010-25-XL/XXL,0,0,0,37.49,,
105982,MV7010-131-XS/S,0,0,0,37.49,,
105983,MV7010-131-M/L,0,0,0,37.49,,
105984,MV7010-131-XL/XXL,0,0,0,37.49,,
105985,601FC,0,0,0,48.47,,
105986,603FC,0,0,0,51.33,,
105987,605FC,0,0,0,55.09,,
105988,601STC,0,0,0,52.28,,
105989,603STC,0,0,0,56.02,,
105990,605STC,0,0,0,59.38,,
105991,601C,0,0,0,52.28,,
105992,603C,0,0,0,55.79,,
105993,605C,0,0,0,59.38,,
105994,65DR,0,0,0,30.96,,
105995,66DR,0,0,0,37.8,,
105996,67DR,0,0,0,40.75,,
105997,V50AJ-115N-3A,0,0,0,350.0,,
105998,33610-0107,0,0,0,340.68,,
105999,03-4064-51,14,6,8,20.0,29.99,
106000,03-4066-51,13,8,5,24.0,35.99,
106001,02-4043-11,18,9,9,6.85,9.99,
106002,03-4144-11,0,0,0,16.67,24.99,
106039,SMS200-01,0,0,0,556.0,,
106046,010-13286-00,0,0,0,6.49,,
106053,010-13286-04,6,0,6,9.74,,
106062,CL-6,10,5,5,177.49,,
106064,RS-1008-HV-U,0,0,0,781.25,,
106065,FWHL-NVG,2,2,0,54.38,,
106070,B001999,6,6,0,10.57,16.02,
106071,B002000,4,4,0,10.57,16.02,
106072,B002001,3,3,0,10.57,16.02,
106073,B002002,4,4,0,10.57,16.02,
106074,B002003,4,4,0,10.57,16.02,
106075,B002004,4,4,0,10.57,16.02,
106076,B002005,4,4,0,10.57,16.02,
106077,B002006,0,0,0,10.57,16.02,
106078,B002007,1,1,0,21.29,32.22,
106079,B002008,6,6,0,21.29,32.22,
106080,03-4064-11,10,2,8,20.27,29.99,
106081,08-0082-11,2,1,1,32.0,47.99,
106082,08-0081-11,10,5,5,32.0,47.99,
106083,02-4053-11,14,7,7,10.67,15.99,
106087,08-0083-11,12,6,6,32.0,47.99,
106088,02-4130-11,13,13,0,24.67,36.99,
106091,260-4001,4,2,2,34.46,,
106092,77275,2,2,0,68.24,114.99,
106093,77276,2,0,2,68.24,114.99,
106094,77277,2,2,0,68.24,114.99,
106095,77274,0,0,0,18.82,,
106096,77275-1,4,0,4,12.94,,
106097,77278,3,3,0,129.41,219.99,
106098,77279,4,2,2,129.41,219.99,
106099,77278-1,4,4,0,18.82,,
106100,77274-1,2,2,0,20.0,,
106103,58354,0,0,0,33.19,,
106104,11501700,0,0,0,40.5,,
106105,11701700,0,0,0,54.18,,
106106,11801700,0,0,0,55.69,,
106108,F16-0861POL-1,8,0,8,111.85,,
106188,21300,0,0,0,187.5,202.0,
106202,10351,4,2,2,6.94,,
106234,21-100-002A,0,0,0,2284.33,,
106264,CKS032,23,23,0,10.45,,
106265,CKS102,5,5,0,18.96,,
106266,CKS132ST,2,2,0,23.32,,
106270,CKL081,18,18,0,13.72,,
106274,KS102,5,5,0,18.24,,
106281,KS132,19,19,0,21.81,,
106284,KS132ST,32,32,0,22.43,,
106286,KS162,9,9,0,25.52,,
106290,KL081,0,0,0,13.57,,
106293,SK102,11,11,0,18.53,,
106294,SK162,7,7,0,26.93,,
106297,PH132,0,0,0,19.2,,
106300,EX161,5,5,0,29.2,,
106305,FL132,10,10,0,17.07,,
106307,MC081,46,46,0,16.8,,
106310,MC161,7,7,0,25.2,,
106320,SPS3000,1,0,1,581.81,,
106375,SDFI0000110,4,2,2,232.88,,287.3
106377,11-4219-11,5,4,1,16.0,23.99,
106378,11-4206-11,8,4,4,20.67,30.99,
106379,11-4204-11,8,0,8,47.3,69.99,
106380,02-4032-11,0,0,0,11.33,16.99,
106381,02-4009-11,0,0,0,20.0,29.99,
106382,04-4092-11,10,5,5,111.25,177.99,
106383,02-4158-11,0,0,0,26.0,38.99,
106386,FFBT-SSS-DP,0,0,0,58.15,,
106387,FFBT-DSS-DP,15,5,10,103.83,,
106391,WSV100-01,7,4,3,479.2,,
106401,LP-WS,4,4,0,560.0,680.0,
106402,LP-WX,6,5,1,560.0,680.0,
106403,LP-BS,3,2,1,560.0,680.0,
106404,LP-BX,4,2,2,560.0,680.0,
106405,LP-WSU,3,2,1,560.0,680.0,
106406,LP-WXU,0,0,0,560.0,680.0,
106407,LP-BSU,4,2,2,560.0,680.0,
106408,LP-BXU,2,2,0,560.0,680.0,
106410,5015,1,1,0,34.16,,
106415,3374-1800,0,0,0,152.61,,
106416,3374-713,0,0,0,152.61,,
106417,3374-784,0,0,0,152.61,,
106418,BB1,72,72,0,13.95,,
106420,G211606,5,0,5,9.06,,
106421,105729,95,48,47,11.51,,
106422,105733,64,32,32,17.25,,
106423,105734,24,12,12,23.02,,
106424,105731,96,48,48,11.51,,
106425,105739,62,31,31,17.25,,
106426,105740,24,12,12,23.02,,
106427,105732,96,48,48,11.51,,
106428,105742,64,32,32,17.25,,
106429,105743,24,12,12,23.02,,
106430,105746,90,48,42,10.45,,
106431,105748,64,32,32,15.69,,
106432,105750,24,12,12,20.93,,
106436,105730C,3,1,2,276.22,,
106437,105736C,4,2,2,276.07,,
106438,105737C,2,1,1,276.22,,
106439,105729C,3,2,1,276.22,,
106440,105733C,4,2,2,276.07,,
106441,105734C,2,1,1,276.22,,
106442,105731C,4,2,2,276.22,,
106443,105739C,2,1,1,276.07,,
106444,105740C,2,1,1,276.22,,
106445,105732C,4,2,2,276.22,,
106446,105742C,4,2,2,276.07,,
106447,105743C,2,1,1,276.22,,
106448,105745C,3,1,2,250.91,,
106449,105747C,4,2,2,251.05,,
106450,105749C,2,1,1,251.13,,
106451,105746C,3,2,1,250.91,,
106452,105748C,4,2,2,251.05,,
106453,105750C,2,1,1,251.13,,
106471,15304,16,11,5,6.8,,
106472,15307,6,3,3,6.8,,
106473,15305,6,3,3,8.1,,
106474,15306,8,4,4,8.1,,
106475,15309,7,4,3,6.8,,
106476,15310,7,4,3,6.8,,
106480,ARG080201000,5,3,2,40.65,,50.15
106481,ARG080202000,5,2,3,31.69,,39.1
106482,ARG140301020R,4,2,2,77.17,,95.2
106484,ARG180301020,7,2,5,88.88,,109.65
106487,ASS030530250,18,10,8,13.78,,17.0
106488,BCD000402000,26,5,21,29.63,,36.55
106491,BPR048100400,19,6,13,97.15,,119.85
106493,BPR110048000,20,8,12,111.62,,137.7
106494,N03160,2,2,0,17.41,23.18,
106495,301-105ST-PRO-I,0,0,0,1843.92,,
106496,300-114G2ST-PRO-I,0,0,0,1843.92,,
106497,HUB3VZG1,7,4,3,239.99,,
106498,SHBHWG1,8,4,4,55.99,,
106499,SHBTYG1,8,4,4,55.99,,
106500,SHBLGG1,8,4,4,55.99,,
106501,SHREDG2,8,4,4,55.99,,
106502,SHPIRG1,8,4,4,55.99,,
106503,SHSNDG1,8,4,4,55.99,,
106504,SHTHWG1,4,2,2,55.99,,
106505,SHSREG1,8,4,4,55.99,,
106508,OSKITFISHING1,8,4,4,407.95,,
106509,OSKITPONTOON1,4,2,2,323.97,,
106511,OSKITSTARTER1,4,2,2,351.96,,
106518,GS-860,3,1,2,941.73,,
106520,N05090,4,2,2,21.4,27.73,
106526,SW93300,0,0,0,2045.53,,
106527,SW45680,0,0,0,240.0,,
106532,40040,4,2,2,11.86,15.37,
106533,42356,4,2,2,2.92,3.78,
106534,43202,6,2,4,33.9,43.93,
106535,150400-200-030-25,6,0,6,87.93,,
106536,43203,4,2,2,35.38,45.85,
106537,43204,4,2,2,36.81,47.7,
106538,43504,3,1,2,83.57,108.3,
106540,60142,4,2,2,20.14,26.09,
106541,N00111,4,2,2,7.54,9.77,
106542,N00130,4,2,2,17.63,22.83,
106543,N00131,4,2,2,19.08,24.72,
106544,N00160,6,2,4,7.03,9.11,
106545,N00170,4,2,2,12.64,16.37,
106546,N00190,4,2,2,9.67,12.53,
106547,N00191,4,2,2,10.72,13.9,
106548,N00210,4,2,2,15.03,19.47,
106549,N03110,2,2,0,11.68,15.13,
106550,N03230,4,2,2,29.24,37.88,
106554,1660236,0,0,0,631.26,,
106560,UDST800B-N2,0,0,0,1082.25,,
106562,1377951,3,3,0,3049.02,,
106564,1377955,1,1,0,2758.17,,
106566,1377957,1,1,0,3049.02,,
106568,1377961,2,2,0,3411.22,,
106570,1377971,1,1,0,3411.22,,
106571,48-570,20,0,20,13.47,,
106572,12-120,3,0,3,10.21,,
106573,12-121,5,0,5,15.25,,
106574,12-122,5,0,5,19.09,,
106575,12-320,4,0,4,21.03,,
106576,12-321,5,0,5,28.72,,
106577,12-322,5,0,5,31.53,,
106578,14-205,5,0,5,55.21,,
106579,14-206,4,0,4,56.55,,
106580,15-212,3,0,3,30.64,,
106581,01-110,2,0,2,125.97,,
106584,104300-105-001-25,0,0,0,23.33,,
106585,104300-500-001-25,0,0,0,23.33,,
106586,142200-505-000-25,0,0,0,42.0,,
106587,142200-105-000-25,0,0,0,42.0,,
106589,2160925,0,0,0,22.19,,
106590,2160977,2,2,0,22.19,,
106591,2158932,0,0,0,26.88,,
106593,FIP-460,1,1,0,400.95,,
106594,9610007276,0,0,0,443.48,,
106595,313600022,0,0,0,104.21,,
106596,BI-3202,3,2,1,232.79,,
106597,BI-3203,3,2,1,282.25,,
106598,BI-2703,4,2,2,167.68,,
106599,BI-1602,4,2,2,138.19,,
106600,BI-1603,4,2,2,201.45,,
106601,BI-1203-3A,4,2,2,159.31,,
106602,BI-1202,3,1,2,110.25,,
106603,BI-0702,4,2,2,66.36,,
106604,BI-0702-4,4,2,2,66.63,,
106617,R70663,0,0,0,21.3,,
106618,304716002,0,0,0,420.19,,
106623,BAR-SU3-1,0,0,0,171.19,,
106624,BAR-VA-1W,0,0,0,81.81,,
106625,BAR-VA-1B,0,0,0,81.81,,
106626,BAR-LSUG-1,0,0,0,205.56,,
106627,BAR-LS65-SB,0,0,0,102.44,,
106632,SK880,10,4,6,29.72,,
106634,9610007271,0,0,0,417.15,,
106635,9610007285,0,0,0,432.84,,
106638,0125-0390,0,0,0,32.04,,49.99
106639,0125-0391,0,0,0,22.87,,34.99
106640,0125-0392,0,0,0,16.01,,24.99
106641,0125-0397,0,0,0,6.8,,10.99
106643,309311004,0,0,0,91.25,,
106645,P13672-9010TEBBK,0,0,0,3509.96,,
106646,P16672-9010TEBGR,0,0,0,3509.96,,
106647,P13672-9010TEBCL,0,0,0,3509.96,,
106648,P13672-9010TEBGG,0,0,0,3664.29,,
106659,MF10U,112,72,40,27.56,,
106678,SFR3230/3X,4,2,2,1667.5,,
106679,SFR1260/3X,0,0,0,1528.75,,
106680,SFR2460/3X,0,0,0,1851.25,,
106681,SFR2440/3X,0,0,0,1503.75,,
106682,SFR-TEMP,0,0,0,81.25,,
106688,A503-14BBD,0,0,0,89.63,,
106689,A2K-KIT-4,0,0,0,111.09,,
106690,PRO-MUX-2,0,0,0,732.74,,
106691,PRO-NDC-1E2K,0,0,0,540.16,,
106692,30651-1000,6,0,6,6.09,,
106710,15172-107,5,3,2,862.5,,
106711,15173-106,6,3,3,556.25,,
106712,15174-107,0,0,0,462.5,,
106713,15175-106,0,0,0,462.5,,
106714,15176-107,0,0,0,456.25,,
106715,15177-106,0,0,0,456.25,,
106716,15178-107,0,0,0,393.75,,
106717,15179-106,0,0,0,393.75,,
106718,15180-001,0,0,0,256.25,,
106720,8071,8,8,0,62.33,,
106721,15181-106,3,1,2,1511.76,,
106722,15182-107,0,0,0,1823.53,,
106723,15183-106,2,1,1,1529.41,,
106724,15184-107,0,0,0,1841.18,,
106725,15185-106,0,0,0,1547.06,,
106726,15186-107,0,0,0,1858.82,,
106730,150Q,0,0,0,9.64,,
106731,150G,0,0,0,21.32,,
106732,155Q,0,0,0,9.29,,
106733,155G,0,0,0,22.84,,
106734,824,0,0,0,30.32,,
106736,22571WU,0,0,0,2766.92,,
106738,SEA-HDM-BOLT-3/4-4,6,2,4,26.67,,
106739,SEA-HDM-BOLT-3/4-5,1,1,0,44.0,,
106740,SEA-HDM-BOLT-3/4-6,4,1,3,52.0,,
106741,SEA-HDM-NUT-3/4,2,0,2,21.33,,
106742,SEA-HDM-MAG-MOUNT,10,9,1,250.0,,299.0
106752,MF5U,59,35,24,21.23,,
106754,280801001,0,0,0,13.92,,
106757,99474,4,2,2,990.63,,
106758,99464,4,2,2,1059.38,,
106759,99484,4,2,2,1770.0,,
106760,105-560029,0,0,0,194.12,274.99,
106761,105-560005,0,0,0,266.82,377.99,
106762,105-560036,0,0,0,194.12,274.99,
106763,105-560098,0,0,0,266.82,377.99,
106766,808-8040-10,4,1,3,77.01,,
106769,44001,4,2,2,192.36,249.3,
106770,44010,4,2,2,227.78,295.2,
106771,44011,4,2,2,250.0,324.0,
106772,44020,4,2,2,269.44,349.2,
106773,44021,4,2,2,291.67,378.0,
106774,44030,4,2,2,277.08,359.1,
106775,44031,4,2,2,299.31,387.9,
106776,44035,4,2,2,361.11,468.0,
106777,44036,4,2,2,383.33,496.8,
106778,44040,0,0,0,388.89,504.0,
106779,44041,0,0,0,411.11,532.8,
106780,88000,8,4,4,45.11,58.46,
106783,PST12EX2,2,0,2,1994.19,,
106785,HS2011K,12,12,0,34.11,57.99,
106786,SFD-300-HG,0,0,0,84.67,,99.0
106787,SFD-1000-P,26,13,13,127.43,,149.0
106788,SFD-1000-G,25,13,12,135.99,,159.0
106789,SFD-1414P-MTB,4,2,2,170.2,,199.0
106790,SFD-1414P-MTB-WP,0,0,0,255.72,,299.0
106791,SFD-1824P-MTB,4,2,2,187.3,,219.0
106792,SFD-1824P-MTB-WP,0,0,0,272.83,,319.0
106793,SFD-1000-N2K,0,0,0,251.84,,319.0
106794,SFD1000R-T1-BO-BL-3FT,0,0,0,251.84,,319.0
106795,SFD1000R-T1-BO-BL-10FT,0,0,0,259.74,,329.0
106796,SFD1000R-T1-BO-BL-20FT,0,0,0,267.63,,339.0
106797,SFD1000R-T1-WO-WH-3FT,0,0,0,251.84,,319.0
106798,SFD1000R-T1-WO-WH-10FT,0,0,0,259.74,,329.0
106799,SFD1000R-T1-WO-WH-20FT,0,0,0,267.63,,339.0
106800,SFD1000R-T1-BR-BL-3FT,0,0,0,251.84,,319.0
106801,SFD1000R-T1-BR-BL-10FT,0,0,0,259.74,,329.0
106802,SFD1000R-T1-BR-BL-20FT,0,0,0,267.63,,339.0
106804,SFD1000HB-W1-BO-CH-202045,0,0,0,437.37,,554.0
106811,6131,2,0,2,66.23,,
106812,CM-A31-1100B,7,3,4,38.99,,59.99
106813,CM-A31-2000B,0,0,0,84.49,,129.99
106814,CM-A31-2000B-24V,8,4,4,89.99,,149.99
106816,CM-B31-1100B,8,4,4,77.99,,119.99
106817,CM-B31-2000B,8,4,4,154.09,,229.99
106818,CM-B31-2000B-24V,0,0,0,159.99,,249.99
106819,CM-60-750B,8,4,4,45.49,,69.99
106820,CM-60-1100B,7,4,3,64.99,,99.99
106821,CM-C31-1100L,8,4,4,38.39,,59.99
106822,CM-D31-1100L,8,4,4,38.39,,59.99
106823,CM-E31-1100L,7,4,3,38.39,,59.99
106824,CM-33-30D,7,3,4,97.49,,149.99
106825,CM-55-55D,5,4,1,149.49,,229.99
106826,CM-1-12MP,7,4,3,100.04,,149.99
106827,CM-1-12MP-24V,0,0,0,117.99,,199.99
106828,CM-202S,7,3,4,20.99,,29.99
106829,CM-402S,8,4,4,32.49,,49.99
106830,CM-2-BS,4,0,4,26.59,,37.99
106831,CM1RMT,0,0,0,405.99,,579.99
106832,CM2RMT,0,0,0,405.99,,579.99
106833,CM3RMT,0,0,0,510.3,,729.0
106834,CM4RMT,0,0,0,559.3,,799.99
106835,CM5RMT,0,0,0,650.3,,929.0
106836,CM6RMT,0,0,0,719.99,,999.99
106837,CM-3-18PT,0,0,0,99.96,,144.99
106838,CM-33-DBS,0,0,0,329.99,,499.99
106839,CM-4Z-SV,0,0,0,329.99,,499.99
106840,CIP138200020,9,5,4,28.94,,35.7
106841,PMP121800100,6,4,2,322.45,,397.8
106842,CIP138040020,5,3,2,28.94,,35.7
106843,CIP138060020,2,1,1,28.94,,35.7
106862,010-02167-21,16,9,7,41.99,,
106863,MD32-1F,1,0,1,2788.39,,
106868,200-014G2+012G2-PRO,0,0,0,1150.96,,
106869,017460001,0,0,0,113.92,,
106870,200-012G2+022G2,0,0,0,1086.2,,
106983,N01110,8,4,4,8.5,11.02,
106984,N01230,8,4,4,22.38,28.99,
106985,N04150,4,2,2,33.54,43.47,
106986,N04160,4,2,2,27.54,35.69,
106987,N05110,4,2,2,20.63,26.72,
106988,N05120,4,2,2,26.92,34.88,
106989,N05130,4,2,2,36.11,46.8,
106990,N06110,4,2,2,24.19,31.35,
106991,N07130,4,2,2,66.53,86.21,
106992,43503,4,2,2,76.31,98.89,
106993,43506,4,2,2,90.42,117.17,
106995,60449,8,4,4,10.88,14.09,
106996,70100,6,2,4,19.08,24.73,
106997,81502,3,2,1,172.58,236.09,
107000,30703-1000,8,0,8,26.44,,
107013,117127,11,0,11,106.73,,
107018,SCM-SLF4X-GW-WH,0,0,0,122.5,,
107019,SCM-SLF4X-GW-BK,0,0,0,122.5,,
107020,SCM-SLB4X-GW-WH,0,0,0,135.0,,
107021,SCM-SLB4X-GW-BK,0,0,0,135.0,,
107022,SCM-CLS-CW-SS,0,0,0,50.0,,
107026,7066,1,0,1,139.87,,
107027,7069,2,0,2,220.87,,
107028,7036,2,0,2,145.27,,
107037,08-0073-11,12,6,6,54.67,81.99,
107038,ORI122410110,4,3,1,51.67,,63.75
107041,1377620,6,6,0,811.13,,
107060,PST-1000-12HD,0,0,0,446.02,615.0,
107061,104025,19,8,11,39.6,,
107066,6300,1,1,0,271.97,,
107067,GS-960,2,0,2,1242.42,,
107068,EZUKIT310002,2,2,0,248.75,,
107069,EZUKIT310003,1,1,0,248.75,,
107070,EZUKIT310006,3,2,1,248.75,,
107071,EZUKIT410002,2,2,0,248.75,,
107072,EZUKIT410003,3,2,1,248.75,,
107073,EZUKIT410006,2,2,0,248.75,,
107074,EZUKIT710002,1,1,0,248.75,,
107075,EZUKIT710003,0,0,0,248.75,,
107076,EZUKIT710006,0,0,0,248.75,,
107081,7037,1,0,1,91.27,143.65,
107082,7038,2,0,2,96.67,152.15,
107083,7039,2,0,2,231.67,364.65,
107084,117137,0,0,0,106.73,,
107085,117157,0,0,0,106.73,,
107086,117167,0,0,0,106.73,,
107087,117147,0,0,0,106.73,,
107088,117125,12,0,12,124.58,,
107089,117155,0,0,0,124.58,,
107090,117135,0,0,0,124.58,,
107091,117165,0,0,0,124.58,,
107092,117145,0,0,0,124.58,,
107093,117123,0,0,0,44.65,,
107094,117153,0,0,0,44.65,,
107095,117133,0,0,0,44.65,,
107096,117163,0,0,0,44.65,,
107097,117143,0,0,0,44.65,,
107098,117129,9,0,9,88.58,,
107099,117159,0,0,0,88.58,,
107100,117139,0,0,0,88.58,,
107101,117169,0,0,0,88.58,,
107102,117149,0,0,0,88.58,,
107103,36120,0,0,0,325.0,519.99,
107104,36121,2,0,2,321.87,514.99,
107105,36122,2,2,0,343.75,549.99,
107106,50482,2,0,2,278.12,444.99,
107107,906703,2,2,0,323.12,516.99,
107108,36400,1,0,1,281.25,449.99,
107109,36401,2,1,1,281.25,449.99,
107110,36402,1,0,1,281.25,449.99,
107111,36411,1,1,0,437.5,699.99,
107112,36412,1,0,1,437.5,699.99,
107113,36421,2,2,0,437.5,699.99,
107114,36422,2,0,2,437.5,699.99,
107115,36522,2,2,0,437.5,699.99,
107119,MLPS-FR,0,0,0,123.49,,
107120,MLPS-FB,2,2,0,123.49,,
107122,MLPS-FW,0,0,0,123.49,,
107123,MLPS-FA,2,2,0,123.49,,
107124,MLPS-R,2,2,0,135.71,,
107125,MLPS-B,2,2,0,135.71,,
107127,MLPS-W,0,0,0,135.71,,
107129,431-0001,0,0,0,1179.86,,
107130,AP-4W-30K-PW41,8,4,4,87.07,,
107134,VR-24-12,0,0,0,62.5,,
107135,010-02167-20,3,0,3,41.99,,
107147,01-0465-01,1,1,0,1143.24,,
107148,01-0465,1,1,0,1907.94,,
107149,72-1048/01-0465-01,0,0,0,2954.25,,
107150,72-1048/01-0465,0,0,0,3692.89,,
107151,72-1048-OEM/01-0465-01,1,1,0,2654.25,,
107152,72-1048-OEM/01-0465,1,1,0,3392.89,,
107153,72-1081/01-0465-01,1,1,0,1422.24,,
107154,72-1081/01-0465,1,1,0,2186.94,,
107155,730029-1,0,0,0,212.13,,
107156,ZDIGONEFIX,0,0,0,335.96,,
107157,ZDIGNLINKBT,2,1,1,195.96,,
107158,ZDIGNJORD,2,1,1,139.96,,
107160,ZDIGMOBALERT,2,1,1,174.96,,
107161,ZDIGNALARM,2,1,1,139.96,,
107162,ZDIG4GNXX,2,1,1,769.96,,
107165,CIP138080020,6,2,4,28.94,,35.7
107169,1562054,44,44,0,6.49,,
107179,252F-1126,0,0,0,510.61,,
107180,252F-1126-FT,0,0,0,14.3,,
107181,252F-2006,0,0,0,644.0,,
107182,252F-2006-FT,42,42,0,18.04,,
107183,252F-2126,0,0,0,814.69,,
107184,252F-2126-FT,50,50,0,22.82,,
107185,252F-3006,0,0,0,1058.51,,
107186,252F-3006-FT,0,0,0,29.64,,
107187,202V1120-36,4,2,2,58.19,,
107188,202V2000-36,4,2,2,70.61,,
107189,202V2120-36,4,2,2,83.47,,
107190,202V3000-36,3,2,1,96.33,,
107191,202V3120-36,4,2,2,109.19,,
107192,202V6000-36,3,2,1,245.86,,
107193,260-3001,4,2,2,25.12,,
107194,260-3121,4,2,2,26.77,,
107195,260-6001,4,2,2,55.83,,
107196,321-1124,4,2,2,178.36,,
107197,321-1125,0,0,0,356.71,,
107198,321-1126,0,0,0,713.41,,
107199,321-1126-FT,98,98,0,19.98,,
107201,321-2004,4,2,2,220.23,,
107202,321-2005,0,0,0,440.47,,
107204,321-2006,0,0,0,880.93,,
107206,321-2006-FT,100,100,0,24.68,,
107207,321-2124,4,2,2,289.4,,
107208,321-2125,0,0,0,578.81,,
107209,321-2126,0,0,0,1157.63,,
107210,321-2126-FT,100,100,0,32.42,,
107211,0149,0,0,0,52.0,,
107218,MD3195E1-13-0,2,1,1,254.36,,369.99
107219,MD3195E1-123-0,2,2,0,254.36,,369.99
107220,MD3170-13-0,0,0,0,206.24,,299.99
107221,MD3170-123-0,0,0,0,206.24,,299.99
107222,MD5170-191-0,0,0,0,192.49,,279.99
107223,MD5170-4-0,0,0,0,192.49,,279.99
107224,MD5170-292-0,0,0,0,192.49,,279.99
107232,MA3190-0-0,0,0,0,61.87,,
107242,MV716002-131-S/M,0,0,0,84.37,,
107243,MV716002-131-L/XL,0,0,0,84.37,,
107244,MV705002-860-S/M,0,0,0,84.37,,
107245,MV705002-860-L/XL,0,0,0,84.37,,
107246,MV706002-13-S/M,0,0,0,75.0,,
107247,MV706002-13-L/XL,0,0,0,75.0,,
107248,MV706002-4-S/M,0,0,0,75.0,,
107249,MV706002-4-L/XL,0,0,0,75.0,,
107250,MV411202-3-0,0,0,0,78.12,,
107251,MV807002-123-XS/S,0,0,0,68.75,,
107252,MV807002-123-M/L,0,0,0,68.75,,
107253,MV807002-123-XL/XXL,0,0,0,68.75,,
107254,MV807002-222-XS/S,0,0,0,68.75,,
107255,MV807002-222-M/L,0,0,0,68.75,,
107256,MV807002-222-XL/XXL,0,0,0,68.75,,
107257,MV807002-863-XS/S,0,0,0,68.75,,
107258,MV807002-863-M/L,0,0,0,68.75,,
107259,MV807002-863-XL/XXL,0,0,0,68.75,,
107260,MV807502-853-XS/S,0,0,0,68.75,,
107261,MV807502-853-M/L,0,0,0,68.75,,
107262,MV807502-853-XL/XXL,0,0,0,68.75,,
107263,MV807502-857-XS/S,0,0,0,68.75,,
107264,MV807502-857-M/L,0,0,0,68.75,,
107265,MV807502-857-XL/XXL,0,0,0,68.75,,
107266,MM-CC-V1,0,0,0,736.49,,
107267,MV411102-222-0,0,0,0,53.12,,
107268,MV411102-806-0,5,5,0,53.12,,
107269,MV411102-861-0,0,0,0,53.12,,
107271,MV360002-812-0,0,0,0,61.88,,
107272,MV357002-268-0,0,0,0,41.88,,
107273,MV357002-277-0,0,0,0,41.88,,
107274,B00186401,0,0,0,103.64,125.99,
107275,B00127801,0,0,0,88.83,107.99,
107276,MV356502-268-0,0,0,0,41.24,,
107277,MV356502-277-0,0,0,0,41.24,,
107278,MV3251-57-0,0,0,0,43.75,,
107279,MV3251-844-0,0,0,0,43.75,,
107280,MV3556-57-0,0,0,0,43.75,,
107281,MV3556-844-0,0,0,0,43.75,,
107285,1979340,1,1,0,1127.25,,
107286,MV230002-203-0,3,3,0,31.24,,49.99
107288,MV230102-123-0,0,0,0,31.24,,49.99
107301,MD2018T1-33-0,0,0,0,149.88,,
107303,10002,4,2,2,13.08,,
107323,4022,2,2,0,736.0,,897.0
107324,4024,0,0,0,817.33,,997.0
107325,4026,2,1,1,776.0,,947.0
107326,4027,3,2,1,736.0,,897.0
107327,4029,2,0,2,817.33,,997.0
107328,4031,2,0,2,736.0,,897.0
107329,4033,2,0,2,736.0,,897.0
107330,4034,2,0,2,817.33,,997.0
107331,4010,2,2,0,572.0,,698.0
107332,4014,0,0,0,572.0,,698.0
107333,4017,0,0,0,572.0,,698.0
107334,4018,2,2,0,654.67,,798.0
107343,1377663,2,2,0,1468.42,,
107344,1377786,1,1,0,2756.25,,
107347,1377706,0,0,0,1590.39,,
107367,010-12528-03,3,1,2,44.99,,
107370,4023,0,0,0,817.33,,997.0
107371,IRIS435-36,2,0,2,482.56,,
107372,241EF012,2,2,0,1012.2,,
107373,241EF024,0,0,0,1024.39,,
107374,SFH50,0,0,0,600.0,,
107397,4703-025,0,0,0,25.81,,
107398,4703-150,0,0,0,25.81,,
107400,010-N2552-01,72,72,0,276.75,,
107401,010-N1516-01,27,27,0,160.6,,
107402,010-N2554-01,5,5,0,407.62,,
107403,8630-2535,0,0,0,229.43,,
107404,8710-1900,0,0,0,27.31,,
107405,8720-1390,0,0,0,116.46,,
107406,BM700,24,12,12,314.99,,399.0
107407,42340,0,0,0,178.11,,
107408,3601,0,0,0,9.6,,
107409,3602,0,0,0,11.97,,
107410,60160,0,0,0,89.61,,
107411,3603-030,0,0,0,7.98,,
107412,60415,0,0,0,11.76,,
107413,3603-050,0,0,0,7.98,,
107414,T92100,0,0,0,127.07,,
107415,3603-060,0,0,0,7.98,,
107416,3603-080,0,0,0,7.98,,
107417,3603-100,0,0,0,7.98,,
107418,25100GT,0,0,0,97.21,,
107419,3603-150,0,0,0,7.98,,
107420,3603-200,0,0,0,7.98,,
107421,3603-250,0,0,0,7.98,,
107422,3908,0,0,0,49.88,,
107424,25220GT,0,0,0,131.67,,
107425,2230-06,0,0,0,5.61,,
107426,25220GTB,0,0,0,138.85,,
107427,2230-08,0,0,0,6.23,,
107428,25221GT,0,0,0,45.94,,
107429,25221GTB,0,0,0,54.71,,
107430,2230-10,0,0,0,7.23,,
107431,2230-12,0,0,0,8.1,,
107432,32100GT,0,0,0,138.86,,
107433,2265-06,0,0,0,9.98,,
107434,32100GTB,0,0,0,148.96,,
107435,32101HD,0,0,0,207.64,,
107437,2265-08,0,0,0,12.47,,
107438,2265-10,0,0,0,13.72,,
107439,32221GT,0,0,0,71.04,,
107440,8045,0,0,0,19.08,,
107441,32221GTB,0,0,0,76.92,,
107442,8046,0,0,0,27.68,,
107443,32210GT,0,0,0,175.07,,
107444,8793,0,0,0,3.74,,
107445,8794,0,0,0,4.11,,
107447,32211HD,0,0,0,262.71,,
107448,32211HDB,0,0,0,267.13,,
107453,B117-DT-MM,0,0,0,139.8,192.49,
107476,010-03197-00,0,0,0,319.99,,
107477,010-03197-01,0,0,0,319.99,,
107491,99520,2,2,0,253.13,,
107504,4019,0,0,0,817.33,,997.0
107507,4020,0,0,0,736.0,,897.0
107508,4021,0,0,0,817.33,,997.0
107509,4025,0,0,0,858.67,,1047.0
107511,4028,0,0,0,817.33,,997.0
107512,4030,0,0,0,858.67,,1047.0
107516,4011,0,0,0,654.67,,798.0
107519,4012,0,0,0,572.0,,698.0
107521,4013,0,0,0,654.67,,798.0
107523,4015,0,0,0,654.67,,798.0
107525,4016,0,0,0,736.0,,898.0
107548,4401,0,0,0,998.67,,1298.0
107549,4402,4,2,2,998.67,,1298.0
107550,4403,4,2,2,998.67,,1298.0
107551,4404,0,0,0,1038.67,,1369.0
107552,4405,0,0,0,998.67,,1298.0
107553,4406,0,0,0,998.67,,1298.0
107554,4501,0,0,0,998.67,,1298.0
107555,4502,4,2,2,998.67,,1298.0
107556,4503,4,2,2,998.67,,1298.0
107557,4504,0,0,0,1038.67,,1369.0
107558,4505,0,0,0,998.67,,1298.0
107559,4506,0,0,0,998.67,,1298.0
107583,B175C-12-MW-12G,0,0,0,1306.52,1799.0,
107584,150400-200-050-25,6,0,6,87.93,,
107588,IRIS435-28,2,0,2,482.56,,
107589,IRIS435-18,0,0,0,482.56,,
107594,010-13140-11,0,0,0,41.24,,
107718,552195,24,12,12,25.91,,
107721,MA3160-0-0,0,0,0,61.87,,
107789,V86000-85202Z,0,0,0,19.23,,
107790,V86160-85202Z,0,0,0,11.91,,
107791,840AMU-85202Z,0,0,0,9.87,,
107792,840AMU-86121Z,0,0,0,10.66,,
107793,V85000-85202Z,0,0,0,17.5,,
107794,V85000-86121Z,0,0,0,17.79,,
107795,840AMU-84121Z,0,0,0,8.61,,
107796,V86160-84204Z,0,0,0,14.07,,
107797,V86000-84204Z,0,0,0,18.69,,
107798,V86000-86202Z,0,0,0,20.09,,
107799,V90000-84204Z,0,0,0,16.83,,
107800,840AMU-82123Z,0,0,0,5.4,,
107801,V86160-86202Z,0,0,0,18.69,,
107802,840AMU-84204Z,0,0,0,9.54,,
107803,V90000-85202Z,0,0,0,17.56,,
107804,V85000-84121Z,0,0,0,15.89,,
107805,V85000-86202Z,0,0,0,18.07,,
107806,840AMU-81123Z,0,0,0,4.57,,
107807,840AMU-84201,0,0,0,7.3,,
107808,840AMU-84203,0,0,0,8.57,,
107809,V95000-85202Z,0,0,0,16.97,,
107810,V95000-84204Z,0,0,0,16.17,,
107811,V95000-86202Z,0,0,0,17.43,,
107812,840AMU-86202Z,0,0,0,10.94,,
107813,V85000-84204Z,0,0,0,16.81,,
107814,V80041,0,0,0,7.69,,
107815,V80040-00003,0,0,0,22.73,,
107816,V90124-00006,0,0,0,3.97,,
107817,V85006-00006,0,0,0,5.52,,
107818,K10TDC001A,0,0,0,101.09,,
107819,CB101D600CW-FB,0,0,0,236.74,,
107820,K10TDD001A,0,0,0,57.39,,
107832,TZPROWS,0,0,0,823.53,1000.0,
107835,TZPRO,0,0,0,1235.29,1500.0,
107838,BBD-2025-121,7,2,5,187.49,249.99,
107839,BBD-2025-122,0,0,0,277.49,369.99,
107840,BBD-2025-123,0,0,0,367.49,489.99,
107841,BBD-2025-124,5,5,0,434.99,579.99,
107855,GS-300,2,0,2,2875.08,,
107856,BBD-2025-241,0,0,0,187.49,249.99,
107858,BBD-2025-242,0,0,0,277.49,369.99,
107860,BBD-2025-243,0,0,0,367.49,489.99,
107861,BBD-2025-244,0,0,0,434.99,579.99,
107892,65277N,0,0,0,46.67,,
107915,903016,1,0,1,27.91,,
107916,AP-4W-65K-PW44,0,0,0,87.07,,
107917,APL-2W-65K-PW41,2,0,2,76.83,,
107918,017460101,0,0,0,121.52,,
