Parent SKU,UPC,Product Name,Walmart ID,Product Type,Commission Rate,Buy Box Price ($),Sync Status,Pushed At
01FX65,0819927012009,,ING-01FX65,Laptop Docking Stations,1.1167,199.95,synced,51:21.8
02AU46,0662774045122,,ING-02AU46,Laptop Docking Stations,1.1007,227.57,synced,51:33.3
02DP53,0886734890335,,ING-02DP53,Device-Specific Electronics Batteries,1.1501,102,synced,51:22.3
02QN16,0097855188120,,ING-02QN16,Computer Mice,1.1457,99.99,synced,51:35.8
06MK88,0037332262950,,ING-06MK88,Computer Racks & Mounts,1.1322,147.18,synced,52:11.4
07AM37,0840283906114,,ING-07AM37,"Tablet Holders, Carriers & Cases",1.15,49.95,synced,51:33.8
09LR34,0840077500610,,702507,TV & Monitor Mounts,1.1383,145.96,synced,50:49.3
09RY99,0097855183309,,ING-09RY99,Computer Mice,1.15,20.34,synced,52:43.9
09YG48,0008487900080,,ING-09YG48,Cell Phone Cases,1.1498,27.03,synced,07:16.9
10LD27,0810078051282,,ING-10LD27,Power Adapters,1.1499,42.02,synced,07:42.4
10LG65,0889728275361,,ING-10LG65,Network Cables,1.1004,299,synced,07:33.9
10RZ71,0884116447535,,ING-10RZ71,Webcams,1.1499,69.96,synced,07:25.4
114215,0037332011466,,ING-114215,Surge Suppressors,1.1501,86.99,synced,08:10.5
12FZ97,0884116443834,,ING-12FZ97,Desktop Computers,1.06,843.32,synced,08:14.9
12GK25,0884116454007,,ING-12GK25,Laptop Computers,1.06,1329.32,synced,52:52.4
12GP44,0662919116557,,ING-12GP44,Other Computer Accessories,1.15,39.88,synced,52:52.9
1BF770,0889488432776,,499811,Hard Drives,1.104,274.39,synced,07:15.0
1BF876,0889488433292,,500579,Computer Rack Hardware & Accessories,1.1225,161.2,synced,51:34.8
1CZ961,0821455714386,,509311,RAM Memory,1.15,42.92,synced,07:38.9
1FD488,0757120223221,,ING-1FD488,Device-Specific Electronics Chargers,1.1502,22.05,synced,51:34.3
1Y1084,0745883700288,,ING-1Y1084,USB Wi-Fi Adapters,1.15,34.99,synced,07:40.9
1Y7737,0097855120267,,ING-1Y7737,Webcams,1.1377,71.99,synced,51:36.3
282139,0722868354605,,ING-282139,Cable Connectors,1.1502,11.02,synced,51:35.3
2GP896,0819927011408,,ING-2GP896,Surge Suppressors,1.15,69.95,synced,51:36.8
2MG925,8.59516E+12,,ING-2MG925,Computer Cables,1.15,47.93,synced,51:23.8
2NP585,0065030867788,,ING-2NP585,Workstations,1.06,432.74,synced,07:41.4
2QV447,0722868150573,,ING-2QV447,Network Cables,1.1499,11.05,synced,07:41.9
330356,0722868163207,,37578,Network Cables,1.1499,16.57,synced,07:39.4
3AP880,0821455674734,,499093,RAM Memory,1.1501,48.25,synced,07:38.4
3AP881,0821455674765,,499081,RAM Memory,1.15,48.25,synced,07:40.4
3AV544,0886734863070,,ING-3AV544,Device-Specific Electronics Batteries,1.1141,200.24,synced,07:17.4
3AX345,0852857000081,,174540,Device-Specific Electronics Batteries,1.1374,127.67,synced,08:10.9
3B2544,0037332190598,,ING-3B2544,Computer Racks & Mounts,1.097,417.32,synced,07:25.0
3BA800,0884116257172,,ING-3BA800,Cable Organizers,1.1499,64.36,synced,52:14.4
3BP271,0192158903897,,623082,Desktop Computers,1.06,899.99,synced,52:24.4
3GQ623,0812105029134,,ING-3GQ623,Uninterruptible Power Supplies,1.1283,130.21,synced,50:49.8
4AV605,0822088125044,,500320,Audio/Video Cables,1.1501,29.31,synced,52:23.9
4F2409,0065030786157,,ING-4F2409,Network Cables,1.1499,18.12,synced,51:22.8
4P0016,0841280120176,,279385,RAM Memory,1.1435,190.21,synced,51:16.3
4T8908,0037332199065,,ING-4T8908,Power Cables,1.1501,27.2,synced,50:50.3
5DG961,0065030878487,,ING-5DG961,Computer Cables,1.1273,106.39,synced,51:23.3
5HD327,0010343941618,,ING-5HD327,Printers & All-in-Ones,1.15,563.38,synced,51:39.8
5TM444,0856816008170,,675149,Portable Speakers,1.15,87.04,synced,52:44.9
5ZV271,0810606031335,,ING-5ZV271,Computer Cables,1.15,20.69,synced,51:38.8
614270,0722868118436,,ING-614270,Network Cables,1.1501,12.62,synced,07:39.9
658456,0807648000597,,ING-658456,Computer Rack Hardware & Accessories,1.1298,140.99,synced,52:13.9
680B96,0740617311853,,ING-02FG67,Hard Drives,1.1501,84.19,synced,52:24.9
6GL079,0841280181375,,701433,Network Switch Modules,1.1017,289.72,synced,51:37.8
6JL394,0841280170188,,680195,RAM Memory,1.1323,50.53,synced,50:55.3
6XK636,8.71887E+12,,ING-6XK636,Computer Rack Hardware & Accessories,1.1341,129.28,synced,07:42.9
6YB824,0097855154828,,711455,Computer Mice,1.1501,34.71,synced,52:25.4
6YE866,0097855133922,,512459,Computer Mice,1.1447,84.99,synced,52:45.4
6YH016,0037332204073,,ING-6YH016,Computer Racks & Mounts,1.0866,1505.57,synced,52:12.9
6ZM091,0037332243898,,ING-6ZM091,Computer Cables,1.1501,36.27,synced,51:03.3
700B67,0789286820938,,ING-7TQ183,Other Electronic Components & Accessories,1.0858,1199.74,synced,52:17.9
700B68,0850015351051,,ING-JP6859,Wireless Access Points,1.0885,828.54,synced,52:17.4
700B91,0884116673491,,ING-700B91,Laptop Computers,1.06,474.99,synced,52:45.9
7AA969,0740617300161,,708836,Hard Drives,1.15,54.99,synced,50:52.3
7AB056,0740617296082,,710755,RAM Memory,1.1451,90.99,synced,51:00.3
7AB057,0740617296105,,ING-7AB057,RAM Memory,1.15,47.41,synced,51:37.3
7AB292,0740617300116,,ING-7AB292,Hard Drives,1.1401,145.78,synced,07:15.4
7FL511,0784090039286,,ING-7FL511,Laptop Docking Stations,1.15,87.27,synced,52:25.9
7MN860,0092636346355,,ING-7MN860,Laptop Sleeves,1.1499,21.72,synced,52:46.9
7PQ357,0758497118653,,ING-7PQ357,Barcode Scanners,1.0938,475.54,synced,50:51.3
7TH209,0840064400251,,ING-7TH209,Portable Speakers,1.1223,141.36,synced,07:27.4
7YV953,0037332253590,,ING-7YV953,Cable Connectors,1.15,37.49,synced,51:40.3
7ZN011,0745883805334,,ING-7ZN011,Network Cables,1.1502,14.4,synced,51:39.3
7ZN311,0718037873343,,735230,Hard Drives,1.15,49.99,synced,07:32.9
848501,0731304198772,,13452,Power Cables,1.15,62.82,synced,07:27.9
860B17,0887993006918,,ING-860B17,Desktop Computers,1.06,561.23,synced,52:46.4
886748,0037332118684,,7134,Device-Specific Electronics Batteries,1.1378,234.39,synced,08:08.9
8AW943,0840177800207,,761263,RAM Memory,1.1316,158.69,synced,50:58.8
8AW944,0840177800214,,762689,RAM Memory,1.1068,90.48,synced,50:57.8
8DM493,0783750010979,,ING-8DM493,Headsets,1.15,21.66,synced,51:41.8
8FL306,0740617311266,,ING-8FL306,RAM Memory,1.1501,71.93,synced,51:01.8
8GX290,0745883808878,,ING-8GX290,Electronics Film Protectors,1.1501,57.97,synced,51:38.3
8H0113,0065030865715,,ING-8H0113,Anti-Fatigue Mats,1.15,106.59,synced,07:43.4
8HY741,0841567000870,,ING-8HY741,Audio/Video Cables,1.1501,23.75,synced,51:17.3
8HY759,0841567001075,,ING-8HY759,Cable Ties,1.1501,20.09,synced,07:33.4
8JU946,0747464134697,,765720,Network-Attached Storage Servers,1.0834,1749.99,synced,07:44.4
8JX661,0662774021928,,45997,Cable Splitters,1.15,32.85,synced,51:42.3
8JX691,0662774041254,,ING-8JX691,Laptop Docking Stations,1.1272,104.03,synced,07:44.9
8JX770,0662774042978,,ING-8JX770,Laptop Docking Stations,1.1262,118.19,synced,07:43.9
8JX802,0662774042664,,ING-8JX802,Laptop Docking Stations,1.1202,104.99,synced,07:45.4
8LN525,0840177840913,,762649,RAM Memory,1.1343,46.1,synced,50:58.3
8PM104,0097855158017,,ING-8PM104,Computer Mice,1.1246,71,synced,51:44.3
8PU219,0656777016227,,676578,Tablet Computer Stands,1.1002,415.59,synced,50:57.3
8PU312,0656777017064,,ING-8PU312,Tablet Computer Stands,1.1328,139.74,synced,51:43.8
8PU957,0195235267622,,ING-12RU77,"Tablet Holders, Carriers & Cases",1.1501,,synced,07:47.9
8PV100,0840064407076,,ING-8PV100,Headsets,1.1501,74.5,synced,07:47.4
8PW592,0662774042213,,ING-8PW592,Other Electronic Components & Accessories,1.0898,679.38,synced,52:47.4
8PX007,0745883812158,,ING-8PX007,Electronics Film Protectors,1.1501,24.99,synced,50:59.3
8TN663,0705110111485,,ING-8TN663,Flash Drives,1.1199,189.49,synced,50:54.3
8TN770,0705110114165,,ING-8TN770,Optical Disk Drives,1.1501,79.4,synced,07:31.9
8UH769,0757120103776,,ING-8UH769,Audio/Video Cables,1.1499,32.39,synced,50:56.3
8UK737,0662774044255,,ING-8UK737,Laptop Docking Stations,1.1298,132.55,synced,51:40.8
8V8792,0706487017516,,ING-8V8792,Portable Speakers,1.134,130,synced,07:25.9
8V8795,0706487018216,,ING-8V8795,Headsets,1.15,65.28,synced,51:46.3
8VP841,0884116381945,,ING-8VP841,Computer Keyboard & Mouse Sets,1.15,79,synced,51:43.3
8VW467,0758479283652,,ING-8VW467,Network Switches,1.1003,,synced,51:18.4
8VW810,0884116382621,,ING-8VW810,Computer Keyboard & Mouse Sets,1.1499,41.98,synced,51:44.8
8W0867,0763649074923,,645732,Hard Drives,1.1041,,synced,51:15.8
8W0869,0763649113820,,518193,Hard Drives,1.103,252.77,synced,50:53.8
8W0879,0763649074923,,645732,Hard Drives,1.1041,,synced,51:14.8
8W0881,0763649113820,,518193,Hard Drives,1.103,252.77,synced,51:15.3
8WD588,0092636332372,,ING-8WD588,Computer Keyboard & Mouse Sets,1.1499,42.6,synced,07:28.4
8XB838,0195348751728,,ING-8XB838,RAM Memory,1.0977,405.69,synced,08:14.4
8XQ487,0745883826988,,ING-8XQ487,Laptop Sleeves,1.15,36.09,synced,51:41.3
8YK014,0889955303134,,ING-8YK014,Laptop Bags,1.15,37.33,synced,07:46.4
8ZN151,0810010072481,,ING-8ZN151,Network Switches,1.0975,399,synced,07:49.4
9AK820,0886734886901,,ING-9AK820,Device-Specific Electronics Chargers,1.1474,103.89,synced,07:48.9
9AT573,0606449154504,,ING-9AT573,Wireless Access Points,1.1135,184.21,synced,07:48.4
9BK794,0603175009436,,ING-9BK794,Network Cards,1.0914,616.34,synced,07:26.9
9BK972,0662774043579,,731590,Computer Port Cards,1.0987,111.24,synced,52:47.9
9CY464,0065030888950,,ING-9CY464,Audio/Video Cables,1.1499,34.8,synced,51:16.8
9CY468,0065030889001,,ING-9CY468,Computer Cables,1.15,45.92,synced,50:56.8
9CY654,0662774041919,,674755,Computer Keyboard & Mouse Sets,1.1501,18.8,synced,50:55.8
9DF073,0195235085028,,ING-9DF073,Power Adapters,1.1252,169.5,synced,51:45.8
9DG632,0097855154101,,ING-9DG632,Stylus Pens,1.15,51.5,synced,52:26.9
9DQ650,0785414121762,,ING-9DQ650,Computer Scanners,1.1031,302.98,synced,07:49.9
9GL014,0841567001587,,ING-9GL014,Headsets,1.1501,29.95,synced,07:26.4
9HB739,0740617313963,,ING-9HB739,RAM Memory,1.15,76.47,synced,07:46.9
9J0985,0065030868228,,459179,Computer Port Cards,1.099,399.51,synced,51:00.8
9J3871,0097855127389,,482160,"Tablet Holders, Carriers & Cases",1.15,83.29,synced,52:27.9
9JP009,0195348677387,,ING-9JP009,Laptop Docking Stations,1.0973,289.89,synced,07:50.9
9JQ042,0840030703447,,ING-9JQ042,Network Adapters,1.1502,18.41,synced,51:42.8
9JQ074,0097855169983,,ING-9JQ074,Electronic White Boards,1.15,649.99,synced,51:45.3
9JQ138,0097855171351,,ING-9JQ138,Presentation Remotes,1.1501,32.45,synced,07:50.4
9KD395,0810078050094,,ING-9KD395,Audio/Video Cables,1.1501,24.96,synced,51:03.8
9LA337,0633886013965,,ING-9LA337,Power Adapters,1.15,57.28,synced,51:17.8
9MR489,0095205069396,,ING-9MR489,Printers & All-in-Ones,1.15,399.99,synced,51:02.8
9UY548,0706487021513,,ING-9UY548,Headsets,1.1017,302.83,synced,51:18.8
9V7666,0881317514998,,ING-9V7666,Memory Card Readers,1.1499,25,synced,51:08.3
9X4546,0092636325275,,ING-9X4546,Computer Mice,1.1501,24.27,synced,52:48.4
9YZ721,0097855172174,,ING-9YZ721,On-Camera Lights,1.15,52.99,synced,07:53.4
BF7301,0754082059264,,503662,Hand Tool Crimpers & Strippers,1.15,114.91,synced,50:59.8
BM4953,0700908001061,,ING-BM4953,Computer Cables,1.1502,25.98,synced,52:48.9
BX9912,0837324002140,,ING-BX9912,Cable Connectors,1.15,71.36,synced,51:04.3
CA2747,0085896644071,,ING-CA2747,Computer Keyboards,1.1499,63.53,synced,07:53.0
CB4965,0085854199674,,ING-CB4965,Laptop Bags,1.15,52.54,synced,51:08.8
CR3990,0097855063953,,ING-CR3990,Computer Mice,1.1502,15.99,synced,51:46.8
CY1733,0783384233591,,ING-CY1733,Network Adapters,1.1043,285.75,synced,07:51.5
DA4535,0097855065537,,ING-DA4535,Computer Keyboards,1.1498,11.99,synced,07:52.5
DF4131,0097855067166,,ING-DF4131,Computer Keyboard & Mouse Sets,1.1499,17.95,synced,51:51.8
E09226,0043859474356,,ING-E09226,Mouse Pads,1.1499,18.53,synced,51:07.8
E81162,0722868406687,,ING-E81162,Network Cables,1.1497,14.96,synced,51:47.3
E93180,0807648001440,,5698,Hardware Brackets,1.15,92.27,synced,08:11.4
GF1595,0757120406594,,137696,Cable Connectors,1.1505,15.42,synced,52:27.4
GU0524,0037332160744,,ING-GU0524,Computer Racks & Mounts,1.101,371.72,synced,51:02.3
HB1630,0740617336054,,ING-HB1630,RAM Memory,1.1057,270.64,synced,51:05.3
HB1631,0740617336047,,ING-HB1631,RAM Memory,1.0939,334.69,synced,07:32.4
HB2195,0824142323007,,ING-HB2195,Desktop Computers,1.06,978.14,synced,52:13.4
HB3068,0718037899770,,ING-HB3068,Hard Drives,1.15,84.99,synced,51:01.3
HE0222,0740617335996,,ING-HE0222,RAM Memory,1.1081,184.76,synced,07:28.9
HE9607,0197497174328,,ING-HE9607,Headsets,1.1479,116.56,synced,08:12.4
HF3539,0197497667295,,ING-HF4525,TV & Monitor Mounts,1.1215,171.15,synced,07:45.9
HF7000,0051144065387,,ING-HF7000,Screen Privacy Filters,1.1501,63.13,synced,51:47.8
HF8994,0197497585513,,ING-HF8994,Hardware Brackets,1.15,34.39,synced,51:07.3
HF9030,0196188444887,,ING-HF9030,VoIP Phones,1.08,259.41,synced,52:54.9
HH0547,0197497833584,,ING-HH0547,Headsets,1.1003,334.49,synced,51:49.9
HH0617,0197497573336,,ING-HH0617,Other Electronic Components & Accessories,1.15,9.99,synced,51:50.9
HK0200,0190017662466,,ING-HK0200,Antennas,1.08,204.66,synced,51:10.3
HK3781,0735858546881,,ING-HK3781,Processors,1.1011,250.26,synced,51:48.8
HK4182,0656777023331,,ING-HK4182,Computer & Machine Carts,1.15,226.47,synced,51:12.8
HK8392,0196548978052,,ING-HK8392,Computer Video Cards,1.0843,2010,synced,36:58.8
HL6508,0097855191465,,ING-HL6508,Computer Keyboards,1.15,65,synced,07:52.0
HL6509,0097855190451,,ING-HL6509,Electronics Docks & Cradles,1.15,93.6,synced,51:50.3
HZ3805,0019428182847,,ING-HZ3805,Hard-Sided Coolers,1.15,67.72,synced,51:19.8
J46366,0065030812139,,ING-J46366,Computer Cables,1.1499,17.67,synced,51:51.3
J64348,0757120278153,,116143,Network Cables,1.15,25.51,synced,51:48.3
JG5493,0197531323736,,ING-JG5493,Desktop Computers,1.06,569.99,synced,52:53.4
JJ9567,0197529364635,,ING-JJ9567,Computer Monitors,1.06,264.19,synced,51:11.8
JK2452,0197532974531,,ING-JK2452,Laptop Computers,1.06,2146.61,synced,51:06.3
JK4697,0197498433066,,ING-JK4697,Headsets,1.15,78.69,synced,51:49.3
JK9477,0628012403413,,ING-JK9477,Video Monitors,1.08,1775.1,synced,51:09.3
JM7023,0197961956528,,ING-Z23471,Laptop Computers,1.06,287.44,synced,52:16.4
JP4356,0065030907194,,ING-JP4356,Computer Cables,1.1502,16.61,synced,51:10.8
JP9714,0884116451891,,ING-JP9714,Headsets,1.1153,219.92,synced,51:19.3
JP9972,0065030903288,,ING-JP9972,Network Cables,1.1502,26.85,synced,51:20.3
JR2570,0065030906647,,ING-JR2570,Network Cables,1.1499,30.18,synced,51:11.3
JS0515,0889728521598,,ING-JS0515,Network Switches,1.0843,1345.53,synced,51:12.3
JS2963,0840023270383,,ING-JS2963,Cell Phones,1.08,220,synced,51:06.8
JU9620,0197530434358,,ING-JU9620,Laptop Computers,1.06,837.83,synced,51:52.8
JU9990,0197530513084,,ING-JU9990,Laptop Computers,1.06,1816.99,synced,51:52.3
JV7945,0718037903088,,ING-JV7945,Hard Drives,1.0902,679.84,synced,51:09.8
JX7562,0198415616777,,ING-JX7562,Laptop Computers,1.06,2076.2,synced,51:53.3
JZ6554,0197531069214,,ING-JZ6554,Laptop Computers,1.06,725,synced,51:54.9
K10158,0783384231047,,5744,Computer Servers,1.06,231.16,synced,50:15.8
K10162,0783384231313,,ING-K10162,Computer Servers,1.06,458.17,synced,50:15.3
K12335,0757120281047,,ING-K12335,Computer Cables,1.1501,17.69,synced,36:48.4
K16036,0037332211088,,ING-K16036,Uninterruptible Power Supplies,1.1391,118.58,synced,50:19.8
K16595,0037332099129,,11186,Network Cables,1.15,36.99,synced,50:16.3
K16598,0037332117878,,25216,Network Cables,1.1502,30.58,synced,36:47.4
K28207,0648177003204,,20857,Network Adapters,1.0929,521.4,synced,50:17.3
K31449,0757120520306,,37320,Computer Cables,1.1502,17.65,synced,50:18.8
K31452,0757120520337,,114111,Computer Cables,1.1501,26.48,synced,36:47.9
K51453,0037332128089,,ING-K51453,Computer Cables,1.1502,5.99,synced,50:20.8
K62147,0722868601372,,ING-K62147,Surge Suppressors,1.1501,11.99,synced,50:16.8
K66015,0037332131737,,ING-K66015,Network Cables,1.1501,28.36,synced,50:22.2
K85833,0722868601273,,ING-K85833,Network Cables,1.1499,23.93,synced,50:21.3
K85896,0722868464281,,5779,Network Cables,1.1061,348.67,synced,50:18.3
K90225,0065030785785,,23836,Cable Connectors,1.1502,13.34,synced,36:46.9
K90556,0023942949701,,ING-K90556,Optical Recording Media,1.1499,32.1,synced,50:17.8
K95740,0037332135377,,ING-K95740,Network Cables,1.15,37.2,synced,50:19.3
K95743,0037332135391,,11267,Network Cables,1.1501,38.32,synced,50:20.2
KA2382,0037332157690,,ING-KA2382,Power Distribution Units,1.0931,574.33,synced,52:15.4
KA4938,0840460604529,,ING-KA4938,Network Cables,1.1501,31.72,synced,50:23.8
KD6512,0037332146403,,ING-KD6512,Device-Specific Electronics Batteries,1.0976,386.27,synced,50:24.3
KD7926,0037332121806,,55442,Network Cables,1.1503,9.98,synced,36:48.9
KE2839,0065030843706,,ING-KE2839,Power Cables,1.15,15.35,synced,50:21.8
KE2842,0065030843812,,ING-KE2842,Computer Cables,1.1501,58.31,synced,50:22.8
KF5700,0065030794923,,8544,Network Cables,1.1501,25.99,synced,50:24.7
KL0607,0757120103080,,130185,Network Cables,1.1501,21.78,synced,50:23.3
KP8470,0698833019780,,ING-KP8470,Anti-Fatigue Mats,1.15,348.12,synced,50:25.7
KP8471,0698833018561,,ING-KP8471,TV & Monitor Mounts,1.15,108.09,synced,50:25.2
KP9212,0092636250744,,ING-KP9212,Electronics Carrying Cases,1.147,90.41,synced,50:26.2
KS5586,0884116366836,,ING-7GZ331,Computer Mice,1.1501,24.97,synced,50:26.8
KS6725,0065030910286,,ING-KS6725,Screen Privacy Filters,1.15,58.55,synced,36:50.4
KS6728,0065030906166,,ING-KS6728,USB Wi-Fi Adapters,1.15,92.71,synced,36:49.8
KS6730,0065030910330,,ING-KS6730,Screen Privacy Filters,1.1499,57.11,synced,50:28.3
KS6733,0065030908443,,ING-KS6733,Laptop Security Locks,1.15,227.68,synced,50:28.8
KS7771,0785813147905,,ING-KS7771,KVM Switches,1.0831,2790.9,synced,36:50.9
KS7901,0196548308248,,ING-NP6529,Device-Specific Electronics Chargers,1.15,49,synced,50:27.8
KT8184,0065030842167,,ING-KT8184,Computer Cables,1.15,13,synced,50:29.2
KT8185,0065030842174,,ING-KT8185,Computer Cables,1.1499,14.1,synced,50:30.7
KU6727,0037332165244,,ING-KU6727,Network Cables,1.15,22.39,synced,50:27.3
KU6728,0037332165275,,ING-KU6728,Network Cables,1.15,22.26,synced,50:30.2
KU6957,0037332159601,,ING-KU6957,Power Distribution Units,1.0858,1325.31,synced,50:31.8
KU6961,0037332163127,,ING-KU6961,Network Adapters,1.1498,25.23,synced,36:49.4
KU7924,0085896724056,,ING-KU7924,Computer Mice,1.15,15.99,synced,50:29.7
KV0814,0097855070739,,ING-KV0814,Webcams,1.1501,17.2,synced,07:55.4
KV6435,0037229221244,,5683,Computer Cables,1.1498,28.71,synced,50:31.2
KY1739,0810136921410,,ING-KY1739,Hardware Screws,1.15,38.54,synced,50:33.8
KY2327,0884116479598,,ING-KY2327,Laptop Computers,1.06,1667.07,synced,51:05.8
KY2328,0884116479611,,ING-KY2328,Laptop Computers,1.06,2710.99,synced,50:32.2
KY3336,0023942321248,,ING-KY3336,Travel Plug Adapters,1.1499,58.99,synced,50:33.3
KY3899,0884116469629,,ING-KY3899,Laptop Sleeves,1.15,31.01,synced,50:34.3
KY3900,0884116469612,,ING-KY3900,Laptop Sleeves,1.15,31.01,synced,50:32.8
KY4411,0886734894968,,ING-KY4411,Projector Replacement Lamps,1.1218,201.8,synced,36:51.4
KY5955,0065030901673,,ING-KY5955,Computer Cables,1.1499,34.44,synced,50:34.8
KY6666,0745883891191,,ING-KY6666,Power Cables,1.1501,24.99,synced,50:35.3
KZ6652,0722868120934,,ING-KZ6652,Cable Connectors,1.1499,25.23,synced,50:35.8
L49211,0065030785174,,23641,Network Cables,1.1503,14.93,synced,50:38.8
L73433,0673825412206,,5973,Hard Drives,1.15,54.64,synced,50:38.3
L81192,0037332135261,,20929,Network Cables,1.1501,35.04,synced,50:36.3
L81214,0037332135018,,75349,Network Cables,1.15,42.01,synced,50:36.8
L81242,0037332134936,,18452,Network Cables,1.1498,19.88,synced,50:41.8
L81251,0037332134677,,ING-L81251,Network Cables,1.1498,16.94,synced,07:29.9
L81871,0037332126658,,ING-L81871,Power Distribution Units,1.0964,395.22,synced,50:39.3
L81875,0037332132543,,ING-L81875,Power Distribution Units,1.109,245.2,synced,50:37.3
L96574,0065030773515,,ING-L96574,Cable Connectors,1.1503,11.72,synced,36:51.8
LA2220,0698833018165,,ING-LA2220,TV & Monitor Mounts,1.0856,1484.35,synced,36:52.4
LA2221,0698833018189,,ING-LA2221,TV & Monitor Mounts,1.0856,799.99,synced,50:37.8
LB3848,0672792003011,,73084,KVM Switches,1.0932,715.78,synced,36:52.9
LB6279,0065030844307,,ING-LB6279,Audio/Video Cables,1.1499,16.95,synced,50:42.8
LC1154,0065030783507,,ING-LC1154,Hardware Brackets,1.15,35.33,synced,50:39.8
LC8680,0731304284642,,56825,Uninterruptible Power Supplies,1.0823,3845.17,synced,50:41.3
LC8759,0731304286677,,59482,KVM Switches,1.1241,118.03,synced,50:43.3
LD9341,0037332167538,,61690,Network Cables,1.15,11.5,synced,50:42.3
LE1097,0013803145229,,ING-LE1097,Printer Transfer Rollers,1.15,73.26,synced,50:40.3
LE6627,0065030844796,,ING-LE6627,Power Cables,1.15,19.43,synced,36:53.4
LE6629,0065030844833,,ING-LE6629,Power Cables,1.1502,18.91,synced,50:40.8
LH7344,0037332151674,,45296,Network Cables,1.15,42.5,synced,36:36.4
LH7348,0037332164872,,1142,Extension Cords,1.1502,21.18,synced,49:14.7
LH7350,0037332164933,,ING-LH7350,Power Cables,1.1501,51.92,synced,49:53.8
LH7351,0037332164964,,ING-LH7351,Power Cables,1.15,71.18,synced,49:54.2
LH7396,0758479097877,,ING-LH7396,Network Cables,1.1312,150,synced,07:54.4
LJ3953,0698833021004,,ING-LJ3953,TV & Monitor Mounts,1.1006,342.95,synced,49:15.2
LJ8000,0065030845335,,ING-LJ8000,Computer Cooling,1.15,17.99,synced,49:13.7
LJ8351,0065030845106,,ING-LJ8351,Power Cables,1.1502,18.93,synced,49:15.7
LK3226,0760557817895,,ING-LK3226,Flash Memory,1.1502,9.99,synced,49:14.2
LK7764,0783384231054,,ING-LK7764,Computer Servers,1.06,208.82,synced,36:36.8
LL0306,0881317509192,,ING-LL0306,Memory Card Readers,1.1499,21.26,synced,49:55.2
LL1326,0715262098114,,ING-LL1326,Electronic Touchpads,1.1296,141.36,synced,49:16.7
LL5025,0037332155801,,ING-LL5025,Network Cables,1.1202,185.09,synced,49:56.2
LL5553,0687967132748,,34823,Computer Software,1.15,77.69,synced,49:16.2
LL8250,0037332163943,,ING-LL8250,Cable Organizers,1.15,93.39,synced,49:55.7
LL9435,0037332168443,,ING-LL9435,Power Cables,1.1499,19.25,synced,49:17.2
LS6829,0065030890243,,ING-LS6829,Computer & Machine Carts,1.1499,62.08,synced,49:54.7
LS7580,0633886014719,,ING-LS7580,Device-Specific Electronics Chargers,1.1499,26.99,synced,49:17.7
LS9135,0843173156040,,ING-LS9135,Computer Monitors,1.06,1484.88,synced,49:56.7
M02929,0698833007398,,ING-M02929,Electronics Stands,1.15,24.51,synced,36:42.4
M02998,0065030822404,,23654,Computer Replacement Parts,1.1498,7.34,synced,49:18.2
M12849,0012502616351,,5982,Labels,1.15,37.4,synced,49:18.7
M18022,0023942952541,,ING-M18022,Optical Recording Media,1.1499,47.88,synced,49:57.3
M21388,0757120271543,,26218,Network Cables,1.15,12.99,synced,49:57.8
M21975,0698833006179,,ING-M21975,TV & Monitor Mounts,1.15,86.06,synced,49:19.3
M22429,0757120037118,,38722,Switch & Outlet Plates,1.1505,2.99,synced,49:24.7
M22841,0757120281054,,51690,Computer Cables,1.1496,12.76,synced,49:23.3
M22887,0757120298021,,114253,Power Cables,1.1503,19.31,synced,51:13.3
M45864,0037332124951,,46400,Network Cables,1.1499,18.74,synced,49:21.2
M45866,0037332125712,,3233,Network Cables,1.1501,42.01,synced,36:44.4
M75235,0065030823807,,ING-M75235,USB Hubs,1.1501,22.55,synced,49:58.3
M83965,0746320873510,,ING-M83965,Power Cables,1.1501,32.73,synced,36:43.9
M89918,0043859516872,,ING-M89918,Ergonomic Backrests,1.15,68.44,synced,49:21.7
N17915,0037332138293,,ING-N17915,Surge Suppressors,1.1499,23.99,synced,49:22.7
N18496,0037332138798,,11892,Computer Cables,1.1499,13.89,synced,51:53.8
N30790,0065030799836,,23609,Cable Splitters,1.1502,8.21,synced,49:19.8
N30801,0065030789462,,ING-N30801,Network Cables,1.1498,13.07,synced,49:24.2
N30808,0065030773171,,ING-N30808,Network Cables,1.1499,20.68,synced,49:59.7
N31030,0020963852461,,6193,Labels,1.1501,31.57,synced,49:59.2
N31032,0020963852478,,11902,Labels,1.15,59.32,synced,49:20.2
N31054,0065030824354,,ING-N31054,Computer Cables,1.1501,25.48,synced,36:37.9
N31058,0065030813969,,11882,Audio/Video Cables,1.15,46.14,synced,49:20.7
N31063,0065030879521,,ING-N31063,Network Cables,1.0991,403.88,synced,50:00.2
N31064,0065030819770,,ING-N31064,Network Cables,1.1128,213.7,synced,36:37.3
N31685,0785813338884,,6195,Computer Cables,1.1336,157.26,synced,49:22.2
N39495,0092636237653,,ING-N39495,Screen Privacy Filters,1.1501,49.05,synced,49:23.8
N45011,0731304252498,,740644,Network Cables,1.1156,205.77,synced,49:25.7
N66630,0037332140098,,48736,Surge Suppressors,1.1499,69.79,synced,49:25.2
N66633,0037332140135,,ING-N66633,Surge Suppressors,1.1475,109.99,synced,36:42.8
N66637,0037332140173,,ING-N66637,Surge Suppressors,1.15,55.38,synced,49:27.7
N68587,0037332138354,,18881,Network Cables,1.1502,28.72,synced,49:27.3
N68588,0037332138644,,11930,Network Cables,1.1499,25.01,synced,49:26.2
N68883,0037332141187,,37100,Network Cables,1.1506,8.9,synced,49:58.7
N68907,0037332140043,,ING-N68907,KVM Switches,1.15,55.62,synced,50:00.7
N71135,0065030824958,,ING-N71135,KVM Switches,1.1145,217.05,synced,36:43.4
NB0480,0731304291527,,61018,Computer Racks & Mounts,1.125,,synced,49:26.7
NB0481,0731304291534,,494952,Computer Rack Hardware & Accessories,1.1254,139.22,synced,50:01.2
NB0483,0731304291558,,ING-NB0483,Cable Organizers,1.15,141.7,synced,50:01.7
NB7902,0065030845366,,3250,Computer Cables,1.1502,16.5,synced,50:04.2
NB8664,0077511360558,,78934,Shredder Bags,1.1501,41.72,synced,50:02.7
NB8680,0065030846554,,22638,Network Cards,1.1501,33.5,synced,49:30.2
NB8700,0065030831239,,ING-NB8700,Network Cables,1.1502,13.42,synced,49:32.7
NB8702,0065030794862,,37154,Network Cables,1.1496,10.95,synced,50:03.2
NB8711,0065030821513,,ING-NB8711,Computer Cables,1.1501,20,synced,49:33.2
NB8716,0065030791564,,ING-NB8716,Network Cables,1.1501,19.78,synced,50:03.7
NC2990,0873791003006,,68697,Computer Cables,1.1498,17.79,synced,49:30.7
NC3125,0800975026650,,ING-NC3125,Hardware Brackets,1.1502,25.01,synced,36:44.9
NE7711,0065030846097,,ING-NE7711,Audio & Video Receivers,1.0799,32.9,synced,49:32.2
NE7845,0065030778626,,ING-NE7845,Network Cables,1.1501,14.35,synced,50:02.2
NE7861,0065030797672,,31451,Network Cables,1.1502,31.95,synced,49:29.2
NE8992,0807648019285,,ING-NE8992,Other Power & Hand Tool Accessories,1.15,24.01,synced,49:31.7
NE9315,0071701187710,,ING-NE9315,Label Maker Tape,1.15,13.93,synced,36:38.4
NF0544,0882658440007,,281820,Antennas,1.08,153.54,synced,49:31.2
NF0997,0698833022193,,ING-NF0997,Electronics Stands,1.0888,850.7,synced,49:29.7
NF5299,0037332167088,,ING-NF5299,Surge Suppressors,1.1386,124.19,synced,49:28.7
NF6367,0065030842747,,8810,Computer Cables,1.15,20.65,synced,36:38.8
NF6371,0065030845137,,ING-NF6371,Computer Cables,1.15,30.36,synced,49:28.2
NF7717,0065030845878,,ING-NF7717,Computer Cables,1.1503,15.53,synced,36:39.4
NG1986,0767035196619,,18066,Network Cards,1.1052,294.2,synced,49:34.3
NG9806,0821455032220,,ING-NG9806,Network Switch Modules,1.1501,59.64,synced,49:35.2
NJ1784,0824142363720,,ING-NJ1784,Computer Monitors,1.06,649.99,synced,50:04.7
NJ1844,0195892063117,,ING-NJ1844,Device-Specific Electronics Chargers,1.15,114.71,synced,49:35.7
NJ2060,0810136920833,,ING-NJ2060,Laptop Docking Stations,1.1295,167.41,synced,36:39.9
NJ2135,0810136920673,,ING-NJ2135,Laptop Docking Stations,1.15,79.99,synced,49:33.7
NJ2138,0810136920994,,ING-NJ2138,KVM Switches,1.1397,140.91,synced,49:36.2
NJ2304,0065030909174,,ING-NJ2304,Computer Port Cards,1.15,84.99,synced,49:34.7
NJ2754,0881317521903,,ING-NJ2754,Device-Specific Electronics Chargers,1.1499,47.68,synced,49:37.7
NJ3118,0840304767847,,ING-NJ3118,Cell Phone Cases,1.15,51.79,synced,51:14.3
NJ3887,0196388386369,,ING-NJ3887,Computer Keyboards,1.1344,134.99,synced,49:37.2
NJ3905,0758479024507,,520008,Network Switches,1.1034,178.41,synced,50:05.2
NJ4187,0633886017192,,ING-NJ4187,"Tablet Holders, Carriers & Cases",1.1499,39.99,synced,49:36.7
NJ4822,0837324005226,,ING-NJ4822,Network Switches,1.1041,303.05,synced,49:38.7
NJ4825,0837324005219,,ING-NJ4825,Network Switches,1.1063,276.83,synced,50:06.2
NJ4970,0198153586189,,ING-NJ4970,Tablet Computers,1.06,313.74,synced,50:07.8
NJ5098,0887276871028,,ING-NJ5098,Cell Phones,1.08,2364.33,synced,49:38.3
NJ5241,0198153871858,,ING-NJ5241,Desktop Computers,1.06,1441.15,synced,07:34.4
NJ5243,0198153871926,,ING-NJ5243,Desktop Computers,1.06,1495.94,synced,50:07.3
NJ5250,0198153871391,,ING-NJ5250,Desktop Computers,1.06,1376.73,synced,50:06.7
NJ5253,0198153869329,,ING-NJ5253,Desktop Computers,1.06,2147.84,synced,50:05.7
NJ5256,0198153869954,,ING-NJ5256,Desktop Computers,1.06,999,synced,50:08.3
NJ5258,0198153872497,,ING-NJ5258,Desktop Computers,1.06,1244.62,synced,49:40.2
NJ5260,0198153875009,,ING-NJ5260,Desktop Computers,1.06,1088.12,synced,51:54.3
NJ5290,0037332287694,,ING-NJ5290,Surge Suppressors,1.1283,143.52,synced,49:39.7
NJ6128,0822088045984,,713596,Cable Connectors,1.1498,13.55,synced,50:08.8
NJ6350,0822088112952,,427516,Power Adapters,1.1499,,synced,49:39.2
NJ7008,0097855196811,,ING-NJ7008,Camera & Camcorder Mounts,1.1501,91.97,synced,49:41.2
NJ7081,0785414124633,,ING-NJ7081,Computer Scanners,1.0912,539.99,synced,36:40.4
NJ7459,0757120008927,,145320,Network Cables,1.1498,24.61,synced,49:42.7
NJ7790,0819927013433,,ING-NJ7790,Laptop Docking Stations,1.1039,299.95,synced,49:40.7
NJ7861,0840390331380,,ING-NJ7861,Electronics Film Protectors,1.15,39.04,synced,49:41.7
NJ7862,0840390333384,,ING-NJ7862,Electronics Film Protectors,1.1499,34.23,synced,50:09.3
NJ7865,0840390331397,,ING-NJ7865,Electronics Film Protectors,1.15,45.28,synced,49:42.2
NJ7866,0840390331373,,ING-NJ7866,Electronics Film Protectors,1.1499,60,synced,49:43.2
NJ9273,0092636234881,,ING-N36556,Laptop Bags,1.15,80.43,synced,49:43.7
NJ9785,0065030907156,,ING-NJ9785,Cable Organizers,1.15,52.24,synced,50:09.8
NK0300,0840390314130,,ING-NK0300,"Tablet Holders, Carriers & Cases",1.1392,118.26,synced,49:45.2
NK0449,0886734894128,,ING-NK0449,Device-Specific Electronics Batteries,1.1499,96.84,synced,50:10.3
NK0456,0886734880459,,ING-NK0456,Device-Specific Electronics Batteries,1.1501,114.44,synced,49:44.2
NK0463,0886734892223,,ING-NK0463,Device-Specific Electronics Batteries,1.1452,116.93,synced,49:44.7
NK0465,0886734868785,,641238,Device-Specific Electronics Batteries,1.15,78.19,synced,50:11.3
NK0654,0606449166422,,ING-S36950,Network Routers,1.0965,424.21,synced,50:10.8
NK0664,0606449157758,,ING-NK0664,Modems,1.08,324.75,synced,49:45.7
NK2428,0810078050544,,ING-NK2428,Computer Video Cards,1.15,63.36,synced,52:49.9
NK2896,0885397270980,,715072,Network Routers,1.1499,35.94,synced,50:12.3
NK2901,0885397270997,,711492,Network Routers,1.1499,33.17,synced,49:46.2
NK2908,0885397276197,,ING-NK2908,Wireless Access Points,1.15,100.01,synced,50:11.8
NK2920,0885397270720,,381142,Signal Repeaters,1.1499,18.92,synced,49:48.3
NK2923,0885397270317,,293134,Network Switches,1.1498,12.99,synced,36:41.4
NK2938,0885397020349,,497730,Network Switches,1.1499,36.55,synced,49:46.7
NK2954,0885397276029,,ING-NK2954,Network Switches,1.15,29.06,synced,50:13.3
NK2963,0885397271406,,711399,Network Switches,1.15,25,synced,49:47.3
NK3664,0198154815219,,ING-NK3664,Desktop Computers,1.06,1645.77,synced,49:48.8
NK4233,0845226022845,,ING-NK4233,Televisions,1.08,128,synced,36:40.9
NK4341,0065030909594,,ING-NK4341,Computer Cables,1.1499,20.52,synced,36:41.9
NK4342,0065030902038,,ING-NK4342,Computer Racks & Mounts,1.1033,288.03,synced,49:47.7
NK5090,0840460603751,,ING-NK5090,Network Switches,1.1499,21.68,synced,36:45.9
NK5095,0845973072162,,ING-NK5095,Network Switches,1.1501,29.62,synced,49:49.3
NK5097,0840030709739,,ING-JP1630,Network Switches,1.0897,780.93,synced,36:45.4
NK5098,0840030705267,,ING-NK5098,Network Routers,1.1024,299.99,synced,49:50.8
NK5101,0840460605168,,ING-NK5101,Network Switch Modules,1.1501,19.99,synced,50:13.8
NK5116,0840030702815,,ING-NK5116,Network Cables,1.1502,29,synced,36:46.3
NK5408,0197497663846,,ING-NK5408,Computer Replacement Parts,1.1287,151.36,synced,50:12.8
NK5433,0650177703268,,ING-NK5433,TV & Monitor Mounts,1.1442,124.86,synced,49:50.3
NK5503,0757120508816,,700175,Network Cables,1.1501,47.74,synced,50:14.3
NK5633,0840046050818,,ING-NK5633,Computer Monitors,1.06,1125.94,synced,49:49.7
NK6682,0706487026129,,ING-NK6682,Headsets,1.1053,260,synced,49:51.2
NK6687,0706487026006,,ING-NK6687,Headsets,1.101,219.99,synced,49:51.8
NK6702,0706487026297,,ING-NK6702,Headsets,1.0976,372.8,synced,51:56.9
NK6717,0706487026181,,ING-NK6717,Headsets,1.103,285.34,synced,49:52.3
NK6889,0633886016973,,ING-NK6889,USB Hubs,1.15,89.93,synced,49:52.8
NK7514,0840390333872,,ING-NK7514,"Tablet Holders, Carriers & Cases",1.15,47.12,synced,49:53.3
NK7516,0012502674245,,ING-NK7516,Computer Scanners,1.1013,324.99,synced,50:14.8
NK9680,0850053009754,,ING-NK9680,Desktop Computers,1.06,1223.75,synced,48:57.7
NK9754,0840390311627,,ING-NK9754,Portable Power Packs,1.15,79.99,synced,48:58.2
NM0159,0810052987736,,ING-NM0159,Headsets,1.1233,137.98,synced,48:57.2
NM2094,0810084693582,,ING-NM2094,Surveillance Cameras,1.08,359.49,synced,49:07.2
NM6326,0065030902045,,ING-NM6326,TV & Monitor Mounts,1.1174,144.39,synced,48:58.7
NM6327,0065030916011,,ING-NM6327,Computer Cables,1.1501,12.35,synced,49:07.7
NM6329,0065030902052,,ING-NM6329,TV & Monitor Mounts,1.1043,293.19,synced,48:59.2
NM6334,0065030909709,,ING-NM6334,Computer Cables,1.1502,8.99,synced,49:08.2
NM9969,0882508000801,,ING-NM9970,Laptop Computers,1.06,368.83,synced,49:00.2
NM9970,0882508000801,,ING-NM9970,Laptop Computers,1.06,368.83,synced,48:59.7
NN0165,0757120006923,,65055,Network Cables,1.1502,20.03,synced,49:08.7
NN0166,0757120006923,,65055,Network Cables,1.1502,20.03,synced,36:35.8
NN0487,0832938099067,,ING-NN0487,Wireless Access Points,1.0872,977.67,synced,49:10.7
NN0488,0832938097704,,ING-NN0488,Wireless Access Points,1.0842,1938.73,synced,49:09.7
NN1323,0824142380864,,ING-NN1323,Laptop Computers,1.06,949.99,synced,49:01.2
NN1469,0821270701455,,ING-NN1469,Laptop Computers,1.06,505.87,synced,49:00.7
NN2437,0065030898263,,ING-NN2437,Computer Cables,1.15,54.7,synced,49:11.2
NN2439,0065030912761,,ING-NN2439,Computer Port Cards,1.1433,105.6,synced,49:09.2
NN2996,0763649182437,,ING-NN2996,Hard Drives,1.1088,259.95,synced,49:10.2
NN2999,0763649180907,,ING-NN2999,Hard Drives,1.1294,141.82,synced,49:01.7
NN3767,0886734896740,,ING-NN3767,Device-Specific Electronics Chargers,1.15,50.41,synced,49:04.2
NN3768,0886734896726,,ING-NN3768,Power Adapters,1.15,76.84,synced,49:04.7
NN3772,0886734896672,,ING-NN3772,Device-Specific Electronics Chargers,1.15,74.99,synced,49:05.7
NN5193,0662774046310,,ING-NN5193,Computer Cables,1.15,110.62,synced,49:02.7
NN5255,0810070367978,,ING-NN5255,"Tablet Holders, Carriers & Cases",1.1501,44.95,synced,49:12.2
NN5588,0195892105817,,ING-NN5588,Network Cards,1.1341,141.35,synced,49:02.2
NN5694,0197961404982,,ING-NN5694,Computer Monitors,1.06,178.99,synced,49:03.2
NN5695,0198122904686,,ING-NN5695,Computer Monitors,1.06,269,synced,49:03.7
NN5700,0198701878582,,ING-NN5700,Desktop Computers,1.06,1456.49,synced,49:05.2
NN5833,0195133258517,,ING-NN5833,Laptop Computers,1.06,441.74,synced,49:11.7
NN6795,0819921012975,,ING-NN6795,Device-Specific Electronics Chargers,1.1501,32.99,synced,49:12.7
NN6808,0819921016300,,ING-NN6808,Tripods,1.08,169.99,synced,49:06.7
NN6811,0819921013781,,ING-NN6811,USB Hubs,1.15,49.99,synced,49:06.2
NN6850,0840025253742,,ING-NN6850,Computer Video Cards,1.1496,99.99,synced,49:13.2
NP0107,0850041503653,,ING-NP0107,Video Game Chairs,1.15,271.97,synced,48:48.2
NP0108,0850041503660,,ING-NP0108,Video Game Chairs,1.15,271.97,synced,48:47.7
NP1079,0012502673996,,ING-NP1079,Printers & All-in-Ones,1.15,224.99,synced,48:36.7
NP1276,0065030906180,,ING-NP1276,Laptop Security Locks,1.15,57.54,synced,48:48.7
NP1278,0065030900713,,ING-NP1278,Laptop Security Locks,1.15,42.16,synced,48:36.2
NP1998,0190017702728,,ING-NP1998,Network Switches,1.1067,270.08,synced,48:35.7
NP2063,0195892097198,,ING-NP2063,Computer Keyboard & Mouse Sets,1.15,87.83,synced,48:37.2
NP2344,0822088109495,,669686,Network Adapters,1.096,508.49,synced,48:37.7
NP2987,0197961052183,,ING-NP2987,Computer Replacement Parts,1.0862,1120.38,synced,48:38.7
NP2995,0884116475255,,ING-NP2995,Computer Keyboards,1.1501,39.17,synced,48:50.2
NP3077,0198155174940,,ING-NP3077,Laptop Computers,1.06,2317.62,synced,48:49.7
NP3426,0198828256515,,ING-NP3426,Laptop Computers,1.06,1599,synced,48:49.2
NP3432,0198828256485,,ING-NP3432,Laptop Computers,1.06,1467.98,synced,48:38.2
NP4310,0735858550567,,ING-NP4310,Processors,1.1003,189.99,synced,48:34.2
NP4372,0197497475289,,ING-NP4372,VoIP Phones,1.08,150.9,synced,48:40.2
NP4493,0662774046327,,ING-NP4493,Video Capture Devices,1.1076,276.79,synced,48:42.7
NP4543,0097855186737,,ING-NP4543,Computer Mice,1.1501,39.98,synced,48:50.7
NP4544,0097855199300,,ING-NP4544,Portable Speakers,1.15,49.99,synced,48:54.7
NP4545,0097855196668,,ING-NP4545,Computer Mice,1.1377,93.19,synced,48:39.2
NP4546,0097855195029,,ING-NP4546,Computer Keyboards,1.1055,189.99,synced,48:55.2
NP4550,0097855200198,,ING-NP4550,Computer Mice,1.1176,134.99,synced,48:42.2
NP4551,0097855199423,,ING-NP4551,Portable Speakers,1.15,49.99,synced,48:41.7
NP4553,0097855195166,,ING-NP4553,Computer Keyboards,1.1067,179.99,synced,48:51.2
NP4555,0097855199386,,ING-NP4555,Portable Speakers,1.15,54.99,synced,48:33.7
NP4558,0097855194992,,ING-NP4558,Computer Keyboards,1.1067,272.05,synced,48:39.7
NP4564,0097855195647,,ING-NP4564,Headsets,1.1501,29.99,synced,48:54.2
NP4574,0097855197092,,ING-NP4574,Computer Keyboards,1.1119,159.99,synced,07:58.9
NP4726,0757120011767,,500046,Network Cables,1.1503,15.82,synced,48:53.7
NP4727,0757120011774,,500042,Network Cables,1.1498,8.99,synced,48:52.7
NP4910,0840390317155,,ING-NP4910,Electronics Film Protectors,1.1499,29.99,synced,48:53.2
NP4913,0840390317148,,ING-NP4913,Electronics Film Protectors,1.1501,32.72,synced,48:51.7
NP4914,0840390317162,,ING-NP4914,Electronics Film Protectors,1.1501,35.14,synced,48:40.7
NP4916,0840390317179,,ING-NP4916,Electronics Film Protectors,1.15,32.74,synced,48:52.2
NP4919,0840390317292,,ING-NP4919,Electronics Film Protectors,1.15,26.5,synced,48:41.2
NP5961,0705110115537,,ING-NP5961,Computer Replacement Parts,1.15,39.26,synced,48:43.2
NP6090,0065030900522,,ING-NP6090,TV & Monitor Mounts,1.1502,23.42,synced,48:55.7
NP6091,0065030903240,,ING-NP6091,Computer Cables,1.1501,48.82,synced,48:44.2
NP6094,0065030899857,,ING-NP6094,Computer Cables,1.1358,131.99,synced,36:35.4
NP6529,0196548308248,,ING-NP6529,Device-Specific Electronics Chargers,1.15,49,synced,48:44.7
NP6673,0840006676331,,ING-NP6673,Computer Power Supplies,1.1141,159.99,synced,48:43.7
NP6844,0766907029475,,ING-NP6844,Computer Monitors,1.06,152.99,synced,48:56.2
NP8538,0037332289018,,ING-NP8538,Power Cables,1.1502,27.72,synced,48:45.2
NP8544,0037332289025,,ING-NP8544,Power Cables,1.1502,39.64,synced,48:45.7
NP8641,0840046050658,,ING-NP8641,Computer Monitors,1.06,875.14,synced,48:34.7
NQ1109,0840064410601,,ING-SF6246,Headsets,1.15,82.71,synced,48:46.7
NQ1143,0757120008569,,50380,Network Cables,1.15,31.67,synced,48:46.2
NQ1144,0757120008545,,50867,Network Cables,1.1501,26.1,synced,48:56.7
NQ1145,0757120008514,,21859,Network Cables,1.1497,21.92,synced,48:47.2
NQ1153,0886734896535,,ING-NQ1153,Device-Specific Electronics Batteries,1.1453,123.46,synced,48:35.2
NR3330,0850053009884,,ING-NR3330,Multimedia Projectors,1.08,625,synced,47:31.6
NR3336,0850053009860,,ING-NR3336,Multimedia Projectors,1.08,553,synced,47:32.2
NR3337,0850053009563,,ING-NR3337,Multimedia Projectors,1.08,463.54,synced,48:33.2
NR3433,0007498365178,,763443,Network Cables,1.1501,,synced,47:32.7
NR3627,0092636367978,,ING-NR3627,"Tablet Holders, Carriers & Cases",1.147,111.29,synced,47:31.1
NR4321,0065030906302,,ING-NR4321,Electronics Stands,1.0896,721.03,synced,47:33.7
NR4375,0822088108948,,713863,Other Electronic Components & Accessories,1.1499,57.15,synced,46:37.7
NR4819,0662774040509,,ING-NR4819,Other Electronic Components & Accessories,1.1501,71.48,synced,47:33.2
NR4824,0662774041278,,656660,Signal Repeaters,1.1251,151.33,synced,47:34.2
NR4899,0195892105794,,ING-NR4899,Modems,1.08,233.05,synced,47:34.7
NR5013,0195174092156,,ING-NR5013,Computer Monitors,1.06,1667.06,synced,47:35.2
NR6565,0745883879564,,ING-NR6565,Headphones,1.1499,30.99,synced,07:54.9
NR6566,0745883879540,,ING-NR6566,Headphones,1.1501,29.99,synced,46:38.2
NR6572,0745883887736,,ING-NR6572,Device-Specific Electronics Chargers,1.15,49.99,synced,47:35.7
NR6598,0012502667988,,ING-NR6598,Printers & All-in-Ones,1.15,439.99,synced,47:36.2
NR6599,0012502670612,,ING-NR6599,Printers & All-in-Ones,1.15,489.99,synced,46:38.7
NR8981,0824142378267,,ING-NR8981,Laptop Computers,1.06,914.99,synced,47:37.2
NR8984,0824142382288,,ING-NR8984,Laptop Computers,1.06,950.23,synced,46:39.1
NR9021,0822088101826,,710063,Computer Patch Panels,1.15,54.38,synced,47:38.2
NS0178,0065030911030,,ING-NS0178,Network Cards,1.15,38.22,synced,47:39.2
NS0180,0065030911863,,ING-NS0180,Computer Cables,1.1502,8.99,synced,47:37.8
NS0182,0065030901239,,ING-NS0182,TV & Monitor Mounts,1.1499,34.99,synced,47:36.7
NS0183,0065030911023,,ING-NS0183,Network Cards,1.15,37.8,synced,47:38.7
NS0184,0065030907071,,ING-NS0184,Cable Connectors,1.1503,9.9,synced,36:04.3
NS0638,0606449170504,,ING-NS0638,Network Routers,1.0957,299,synced,36:18.4
NS0642,0606449170283,,ING-NS0642,Network Routers,1.1063,189,synced,46:40.1
NS0644,0606449172041,,ING-NS0644,Network Routers,1.0927,551.36,synced,46:41.2
NS1816,0840283915338,,ING-NS1816,Cell Phone Cases,1.1499,32.68,synced,36:17.8
NS1824,0840283914348,,ING-NS1824,Cell Phone Cases,1.15,32.48,synced,46:39.6
NS1826,0840283914232,,ING-NS1826,Cell Phone Cases,1.1501,19.98,synced,47:40.2
NS1829,0840283915130,,ING-NS1829,Cell Phone Cases,1.1501,24.98,synced,36:17.3
NS1861,0840283915697,,ING-NS1861,Electronics Film Protectors,1.1501,29.98,synced,46:40.7
NS1893,0840283914157,,ING-NS1893,Cell Phone Cases,1.15,32.48,synced,47:40.7
NS1904,0840283914171,,ING-NS1904,Cell Phone Cases,1.1501,32.48,synced,47:39.7
NS1922,0840283911606,,ING-NS1922,Electronics Docks & Cradles,1.1398,84.95,synced,46:41.6
NS1953,0840283916328,,ING-NS1953,Computer Cables,1.15,39.95,synced,47:41.7
NS2926,0793442021176,,ING-NS2926,"Tablet Holders, Carriers & Cases",1.15,64.12,synced,46:42.6
NS3149,0198155317712,,ING-NS3149,Desktop Computers,1.06,1195.75,synced,46:42.1
NS3484,0810052980454,,ING-NS3484,Computer Keyboards,1.1048,259.99,synced,46:43.2
NS3725,0757120507666,,700201,Network Cables,1.1499,29.37,synced,47:42.7
NS3726,0757120507604,,701166,Network Cables,1.1502,25.21,synced,47:41.2
NS3727,0757120041276,,136324,Network Cables,1.1496,15.77,synced,47:42.2
NS3811,0196388431069,,ING-NS3811,Tablet Computers,1.06,1617.74,synced,46:44.7
NS3969,0097855199942,,ING-NS3969,Computer Keyboard & Mouse Sets,1.15,65.95,synced,47:46.2
NS3971,0097855199843,,ING-NS3971,Computer Keyboard & Mouse Sets,1.15,57.99,synced,46:43.7
NS3973,0097855198808,,ING-NS3973,Computer Mice,1.1501,44.05,synced,36:19.3
NS3974,0097855199812,,ING-NS3974,Computer Keyboards,1.15,69.99,synced,36:18.8
NS3975,0097855196415,,ING-NS3975,Webcams,1.0893,858.09,synced,47:44.7
NS3976,0097855199850,,ING-NS3976,Computer Keyboard & Mouse Sets,1.15,57.99,synced,47:47.2
NS3977,0097855199713,,ING-NS3977,Computer Keyboards,1.15,65.21,synced,47:43.7
NS3978,0097855199829,,ING-NS3978,Computer Keyboards,1.15,40.38,synced,47:43.2
NS3980,0097855199706,,ING-NS3980,Computer Keyboards,1.15,39.98,synced,47:46.7
NS4244,0196388433339,,ING-NS4244,Tablet Computers,1.06,1631.73,synced,46:45.7
NS4781,0633886017307,,ING-NS4781,Cell Phone Cases,1.15,34.86,synced,46:45.2
NS5023,0840283919497,,ING-NS5023,Electronics Docks & Cradles,1.1234,161.16,synced,47:45.7
NS5158,0065030905473,,ING-NS5158,Memory Card Readers,1.15,67.71,synced,46:46.2
NS5159,0065030900911,,ING-NS5159,Power Distribution Units,1.15,64.99,synced,46:44.1
NS5247,0757120007104,,154923,Network Cables,1.15,17.81,synced,47:45.2
NS5347,0886734897228,,ING-SL4859,Device-Specific Electronics Chargers,1.1501,55.92,synced,47:44.2
NS7898,0065030904469,,ING-NS7898,Multimeters,1.1501,42.6,synced,47:49.2
NS8325,9.35078E+12,,ING-NS8325,Device-Specific Electronics Chargers,1.15,93.99,synced,46:46.7
NS8326,9.35078E+12,,ING-NS8326,Laptop Docking Stations,1.1024,264.62,synced,36:19.8
NS8328,9.35078E+12,,ING-NS8328,Cigarette Lighter Adapters,1.1499,43.43,synced,46:47.7
NS8329,9.35078E+12,,ING-NS8329,Portable Power Packs,1.1205,226.58,synced,36:20.3
NS8331,9.35078E+12,,ING-NS8331,Laptop Docking Stations,1.1397,84.95,synced,46:48.2
NS8333,9.35078E+12,,ING-NS8333,Laptop Docking Stations,1.1272,117.71,synced,47:49.7
NS8339,9.35078E+12,,ING-NS8339,Device-Specific Electronics Chargers,1.1397,160.58,synced,47:47.7
NS8340,9.35078E+12,,ING-NS8340,Cigarette Lighter Adapters,1.1499,46.03,synced,47:48.7
NS8341,9.35078E+12,,ING-NS8341,Laptop Docking Stations,1.1272,113.34,synced,47:48.2
NS9258,0195133181976,,ING-NS9258,Computer Monitors,1.06,274.96,synced,46:47.2
NT0389,0822088065920,,706226,Cable Connectors,1.135,127.18,synced,47:50.7
NT1257,0197105713536,,ING-NT1257,Desktop Computers,1.06,297.02,synced,47:50.2
NT2224,0097855200051,,ING-NT2224,Headsets,1.1278,129.74,synced,47:51.7
NT2290,0810142820400,,ING-NT2290,Network Switches,1.0904,671.93,synced,50:53.1
NT2397,0840056194571,,ING-NT2397,Cell Phone Cases,1.15,42.32,synced,46:48.7
NT2991,0198155257407,,ING-NT2991,Desktop Computers,1.06,699,synced,46:49.1
NT2992,0198155257513,,ING-NT2992,Desktop Computers,1.06,736.08,synced,46:50.7
NT3070,0745883898541,,ING-NT3070,Electronics Film Protectors,1.1501,34.99,synced,46:51.2
NT3188,0747464136202,,ING-NT3188,Network-Attached Storage Servers,1.0916,519.99,synced,46:50.1
NT4388,0886734897112,,ING-NT4388,Device-Specific Electronics Batteries,1.1398,127.86,synced,47:51.2
NT4406,0840390334589,,ING-NT4406,Electronics Film Protectors,1.1501,39.77,synced,46:49.7
NT4408,0840390325075,,ING-NT4408,Cell Phone Cases,1.15,59,synced,36:04.8
NT4417,0840390317254,,ING-NT4417,Electronics Film Protectors,1.1499,29.95,synced,36:20.9
NT4420,0840056194571,,ING-NT2397,Cell Phone Cases,1.15,42.32,synced,47:53.7
NT4425,0840390334251,,ING-NT4425,Electronics Film Protectors,1.1501,35.5,synced,47:52.2
NT4526,0822088070085,,455195,Other Electronic Components & Accessories,1.15,40.8,synced,46:52.2
NT4527,0822088132394,,ING-NT4527,Cable Connectors,1.1197,215.58,synced,47:54.7
NT4814,0198828562241,,ING-NT4814,Desktop Computers,1.06,2631.82,synced,46:53.2
NT4815,0198828562272,,ING-NT4815,Desktop Computers,1.06,2285.83,synced,46:53.7
NT4825,0065030899864,,ING-NT4825,Audio/Video Cables,1.15,79.87,synced,47:55.7
NT4830,0065030913492,,ING-NT4830,Network Cables,1.1499,14.92,synced,47:53.2
NT4834,0065030913447,,ING-NT4834,Network Cables,1.1499,17.95,synced,36:05.3
NT4835,0065030913140,,ING-NT4835,Network Cables,1.1499,21.89,synced,47:52.7
NT4840,0065030913270,,ING-NT4840,Network Cables,1.1499,15.81,synced,36:05.8
NT4844,0065030913126,,ING-NT4844,Network Cables,1.1499,15.1,synced,46:51.7
NT4847,0065030913157,,ING-NT4847,Network Cables,1.1501,21.89,synced,46:52.7
NT4851,0065030912471,,ING-NT4851,Electronics Film Protectors,1.1501,51.69,synced,47:56.2
NT4852,0065030906494,,ING-NT4852,Screen Privacy Filters,1.1501,49.39,synced,47:55.2
NT4853,0065030912495,,ING-NT4853,Electronics Film Protectors,1.1501,56.12,synced,47:54.2
NT4867,0826635719694,,ING-NT4867,Receipt Printers,1.15,323.89,synced,46:54.2
NT6123,0757120560388,,ING-NT6123,Network Cables,1.1056,305.04,synced,51:24.8
NT7187,0650177703374,,ING-NT7187,TV & Monitor Mounts,1.0984,423.13,synced,47:56.7
NT7189,0718037872353,,ING-NT7189,Hard Drives,1.15,79.99,synced,46:58.7
NT7190,0718037903118,,ING-NT7190,Hard Drives,1.0903,679.99,synced,47:57.7
NT7191,0718037872384,,ING-7AG966,Hard Drives,1.1376,109.99,synced,47:58.2
NT7193,0718037872339,,ING-NT7193,Hard Drives,1.1068,209.99,synced,46:56.2
NT7207,0718037884691,,ING-NT7207,Hard Drives,1.1499,39.99,synced,47:59.2
NT7212,0718037884622,,ING-NT7212,Hard Drives,1.1499,39.99,synced,47:58.7
NT7219,0718037891408,,ING-NT7219,Hard Drives,1.1142,154.99,synced,46:56.7
NT7221,0718037872346,,ING-NT7221,Hard Drives,1.15,74.99,synced,46:57.7
NT7228,0718037891422,,ING-NT7228,Hard Drives,1.0959,399.99,synced,46:54.7
NT7239,0718037903613,,ING-NT7239,Hard Drives,1.1068,199.99,synced,47:57.2
NT7244,0718037899961,,ING-NT7244,Hard Drives,1.1041,289.99,synced,46:55.2
NT7246,0718037874951,,ING-NT7246,Flash Memory,1.1501,54.9,synced,46:58.2
NT7250,0718037874890,,ING-NT7250,Flash Memory,1.1501,19.95,synced,46:55.7
NT7251,0718037874968,,ING-NT7251,Flash Memory,1.15,130.75,synced,46:57.2
NT7252,0718037874937,,ING-NT7252,Flash Memory,1.1499,27.95,synced,36:06.3
NT8409,0811370025254,,ING-NT8409,Device-Specific Electronics Chargers,1.15,74.57,synced,46:59.1
NT8412,0811370025261,,ING-NT8412,Device-Specific Electronics Chargers,1.15,119.94,synced,48:00.7
NT8513,0085896352327,,ING-NT8513,Laptop Docking Stations,1.1039,290.5,synced,48:00.2
NT8674,0065030911238,,ING-NT8674,USB Hubs,1.1498,16,synced,47:59.7
NT9586,0197105580633,,ING-NT9586,Network Routers,1.1055,199.99,synced,50:52.1
NU0056,0198155214608,,ING-NU0056,Laptop Computers,1.06,1574.95,synced,48:01.2
NU0066,0198155185045,,ING-NU0066,Desktop Computers,1.06,944.29,synced,48:01.7
NU0101,0198155185519,,ING-NU0101,Desktop Computers,1.06,935.7,synced,07:29.4
NU1371,0195112121184,,ING-NU1371,Circuit Testers,1.1501,106.13,synced,48:02.2
NU3022,0037332281333,,ING-NU3022,Uninterruptible Power Supplies,1.0978,442.09,synced,48:04.7
NU3041,0886734897488,,ING-NU3041,Device-Specific Electronics Chargers,1.15,82.52,synced,47:00.6
NU3043,0886734897518,,ING-NU3043,Device-Specific Electronics Chargers,1.15,68.46,synced,48:05.2
NU3114,0065030915359,,ING-NU3114,Network Cables,1.15,27.07,synced,48:06.2
NU3115,0065030912440,,ING-NU3115,Screen Privacy Filters,1.15,154.99,synced,48:05.7
NU3116,0065030915342,,ING-NU3116,Network Cables,1.15,27.07,synced,47:02.6
NU3117,0065030906425,,ING-NU3117,Cable Organizers,1.15,131.99,synced,48:03.2
NU3118,0065030915489,,ING-NU3118,Network Cables,1.1502,27.07,synced,48:03.7
NU3119,0065030915465,,ING-NU3119,Network Cables,1.15,33.5,synced,47:00.1
NU3120,0065030915366,,ING-NU3120,Network Cables,1.15,20.29,synced,48:04.2
NU3124,0065030915410,,ING-NU3124,Network Cables,1.15,28.03,synced,36:21.4
NU3125,0065030915380,,ING-NU3125,Network Cables,1.15,27.07,synced,47:01.1
NU3128,0065030915427,,ING-NU3128,Network Cables,1.1501,33.97,synced,46:59.6
NU3129,0065030915656,,ING-NU3129,Network Cables,1.1499,27.07,synced,47:03.1
NU3130,0065030915571,,ING-NU3130,Network Cables,1.1499,33.97,synced,48:06.7
NU3131,0065030915564,,ING-NU3131,Network Cables,1.15,33.5,synced,48:02.7
NU3132,0065030915519,,ING-NU3132,Network Cables,1.1498,33.97,synced,36:06.8
NU3133,0065030915533,,ING-NU3133,Network Cables,1.1499,33.5,synced,47:02.1
NU3135,0065030915434,,ING-NU3135,Network Cables,1.1501,33.5,synced,47:01.6
NU3136,0065030915663,,ING-NU3136,Network Cables,1.1498,33.97,synced,47:03.6
NU8434,0886734896511,,ING-NU8434,Power Adapters,1.15,84.64,synced,47:05.7
NV0069,0829973150907,,ING-NV0069,TV & Monitor Mounts,1.1341,137.79,synced,47:05.1
NV1624,0096633198276,,25332,Padlocks,1.15,45.1,synced,47:04.7
NV7996,0722868863800,,ING-NV7996,Computer Mice,1.1502,15.89,synced,48:07.2
NV8356,0881317506986,,270451,Computer Cables,1.1502,30.34,synced,47:04.1
NW1371,0698833021660,,ING-NW1371,TV & Monitor Mounts,1.15,61.87,synced,48:08.7
NW5003,0708326913195,,ING-NW5003,Hard Drives,1.1128,203.98,synced,48:10.2
NW5246,0672792002182,,16669,KVM Switches,1.15,93.23,synced,48:08.2
NW9274,0065030845861,,ING-NW9274,Computer Cables,1.15,19.52,synced,48:07.7
NZ0601,0841872119731,,ING-NZ0601,Projector Mounts,1.1158,195.41,synced,48:11.2
NZ0712,0037229000184,,11809,Computer Cables,1.1499,28.61,synced,36:22.8
NZ3371,0037229227116,,38211,Computer Cables,1.1496,8.42,synced,48:09.7
NZ3372,0037229227888,,38125,Computer Cables,1.1505,5.08,synced,47:08.2
NZ3375,0037229227833,,38123,Computer Cables,1.1503,12.03,synced,47:07.7
NZ3379,0037229229912,,37156,Computer Cables,1.1503,13.95,synced,47:06.7
NZ3382,0037229229950,,ING-NZ3382,Computer Cables,1.1501,17.31,synced,36:07.8
PC1209,0037332170156,,1255,Computer Cables,1.1498,29.15,synced,48:09.2
PC1210,0037332170163,,173,Computer Cables,1.1498,22.92,synced,48:10.7
PC1483,0037332165107,,ING-PC1483,Computer Cables,1.1501,44.26,synced,47:09.1
PC1569,0821455032572,,ING-PC1569,Network Switch Modules,1.1501,60.84,synced,36:07.3
PC1601,0013803135459,,ING-PC1601,Fax Machines,1.15,199,synced,47:07.2
PC4965,0065030846943,,ING-PC4965,USB Hubs,1.15,74.99,synced,47:09.7
PC6108,0023942491729,,ING-PC6108,Flash Drives,1.1498,10.69,synced,47:06.2
PC8595,0648177034529,,ING-PC8595,Other Electrical Equipment Supplies,1.0988,376.99,synced,47:08.7
PC9074,0883436245845,,742480,Computer Cables,1.15,49.27,synced,47:10.7
PD6312,0821455033241,,ING-PD6312,Network Cables,1.1498,27.59,synced,36:23.4
PD6313,0821455033258,,ING-PD6313,Network Cables,1.1501,30.78,synced,48:14.7
PD6320,0821455033326,,ING-PD6320,Network Cables,1.1498,20.9,synced,36:23.9
PD6321,0821455033333,,ING-PD6321,Network Cables,1.1501,22.07,synced,48:11.7
PD6322,0821455033340,,ING-PD6322,Network Cables,1.15,23.16,synced,47:10.2
PD6323,0821455033357,,ING-PD6323,Network Cables,1.1501,26.4,synced,48:15.2
PD6330,0821455033425,,ING-PD6330,Network Cables,1.15,27.35,synced,48:14.2
PD6339,0821455033517,,87857,Network Cables,1.15,38.46,synced,48:13.2
PD7318,0821455035986,,ING-PD7318,Network Switch Modules,1.1479,111.63,synced,47:11.2
PD7980,0881317505255,,71649,Computer Cables,1.15,33.19,synced,36:21.8
PD7983,0881317509543,,11784,Computer Cables,1.1501,40.32,synced,36:22.4
PF1203,0065030846622,,23812,Computer Cables,1.1498,15.54,synced,48:12.2
PF1732,0672792003066,,54171,Cable Connectors,1.1502,10,synced,48:13.7
PF1947,0092636272586,,ING-PF1947,Laptop Bags,1.15,31.64,synced,47:11.7
PF6035,0832938064171,,ING-PF6035,Network Cables,1.1169,160.86,synced,48:12.7
PG0016,0037332164261,,32497,Uninterruptible Power Supplies,1.0881,947.56,synced,52:14.9
PG0020,0037332170460,,8906,Cable Connectors,1.1498,30.36,synced,47:22.2
PG0243,0654518212235,,ING-PG0243,Analog-to-Digital Converters,1.1473,111.36,synced,48:28.7
PG0477,0857161002660,,ING-PG0477,Computer Cables,1.1499,13.99,synced,47:21.2
PG1796,0037332172501,,38179,Network Cables,1.1499,12.31,synced,48:20.7
PG1798,0037332172532,,38180,Network Cables,1.1499,10.71,synced,47:19.2
PG1799,0037332172549,,ING-PG1799,Network Cables,1.1503,20.31,synced,47:24.7
PG1801,0037332172631,,38183,Network Cables,1.1501,16.21,synced,36:33.3
PG1803,0037332172839,,38188,Network Cables,1.15,8.53,synced,48:19.2
PG1806,0037332171122,,ING-PG1806,Network Hubs,1.1038,317.59,synced,36:08.3
PG1807,0037332173218,,38185,Extension Cords,1.1504,6.59,synced,36:14.3
PG2301,0757120520382,,34950,Computer Cables,1.1503,18.88,synced,48:19.7
PG2978,0757120403937,,39373,Audio/Video Cables,1.1498,36.33,synced,48:18.2
PG4242,0886843845639,,ING-PG4242,Sound Bars,1.08,37.34,synced,36:15.3
PG4899,0065030846011,,22705,Computer Cables,1.1497,17.04,synced,48:26.7
PG4900,0065030846141,,ING-PG4900,Computer Cables,1.1502,23.69,synced,47:29.2
PG4903,0065030846127,,20721,Computer Cables,1.1498,17.58,synced,47:23.2
PG4908,0065030848473,,28480,Computer Cables,1.1504,15.73,synced,36:27.4
PG5604,0065030846240,,ING-PG5604,Network Adapters,1.15,94.62,synced,36:31.3
PG5607,0065030846271,,40611,Network Adapters,1.0977,152.88,synced,47:23.7
PG5608,0065030846226,,ING-PG5608,Analog-to-Digital Converters,1.1147,199.99,synced,36:16.8
PG5609,0065030846233,,ING-PG5609,Network Adapters,1.1145,204.38,synced,47:27.7
PG5610,0065030846219,,ING-PG5610,Network Adapters,1.0965,417.09,synced,36:13.8
PG5613,0065030847735,,ING-PG5613,Computer Replacement Parts,1.1499,18.21,synced,47:20.7
PG5617,0065030846813,,24681,Computer Cables,1.15,16.57,synced,36:33.8
PG5621,0065030846110,,3431,Cable Connectors,1.1395,106.34,synced,48:28.2
PG5868,0065030791793,,23631,Network Cables,1.1504,11.19,synced,48:30.7
PJ5557,0746320991252,,ING-PJ5557,Power Cables,1.1499,40.71,synced,48:17.2
PJ8666,0722868873700,,ING-PJ8666,Surge Suppressors,1.1499,18.99,synced,47:20.2
PK1988,0785813334176,,12011,Computer Cables,1.1174,225.56,synced,47:21.7
PK1990,0785813334183,,ING-PK1990,Other Computer Accessories,1.1151,206.39,synced,36:16.4
PK1991,0785813334169,,12048,KVM Switches,1.1112,208.29,synced,47:22.7
PK6250,0808447012071,,6277,Audio/Video Cables,1.1501,10,synced,47:16.2
PK6254,0808447028676,,12049,Audio/Video Cables,1.1499,42.36,synced,36:27.9
PK6261,0808447002591,,12015,Computer Cables,1.1501,56.23,synced,48:24.2
PK6265,0808447002560,,65183,Computer Cables,1.1347,169.62,synced,36:24.4
PK6272,0808447012897,,18547,Computer Cables,1.1501,23.08,synced,47:18.2
PK6275,0808447012835,,27638,Computer Cables,1.1498,17.08,synced,48:16.7
PK6277,0808447012859,,12018,Computer Cables,1.1499,25.01,synced,36:32.3
PK6284,0808447023114,,115101,Audio/Video Cables,1.15,72.57,synced,36:29.3
PK6289,0808447060942,,3449,Computer Cables,1.1501,14.02,synced,47:13.7
PK6291,0808447060966,,6300,Computer Cables,1.15,15.38,synced,36:32.8
PK6311,0808447050059,,3441,Computer Cables,1.1502,24.5,synced,48:26.2
PK6313,0808447050073,,12052,Computer Cables,1.15,46.16,synced,48:30.2
PK6333,0808447064339,,31286,Cable Connectors,1.15,24.27,synced,48:27.7
PK6352,0808447048834,,1336,Computer Cables,1.15,37.99,synced,36:12.8
PK6354,0808447063882,,12024,Computer Cables,1.1501,22.06,synced,36:26.3
PK6355,0808447063929,,12025,Computer Cables,1.1502,34.17,synced,48:24.7
PK6356,0808447063912,,52656,Computer Cables,1.1499,,synced,48:20.2
PK6360,0808447001273,,23124,Audio/Video Cables,1.1498,21.91,synced,36:28.4
PK6361,0808447001280,,21355,Audio/Video Cables,1.1501,16.88,synced,48:25.7
PK6364,0808447028614,,8929,Audio/Video Cables,1.1501,30.14,synced,47:27.2
PK6365,0808447001433,,12055,Audio/Video Cables,1.1501,22.48,synced,47:26.7
PK6366,0808447001457,,8930,Audio/Video Cables,1.1501,10,synced,48:22.7
PK6367,0808447001419,,21358,Audio/Video Cables,1.1501,16.17,synced,47:12.2
PK6368,0808447049381,,6282,Cable Connectors,1.15,19.45,synced,47:25.7
PK6371,0808447001440,,12026,Audio/Video Cables,1.1501,44.86,synced,36:11.3
PK6372,0808447000061,,6283,Audio/Video Cables,1.1498,18.76,synced,47:25.2
PK6374,0808447000016,,53709,Audio/Video Cables,1.1501,17.44,synced,47:17.2
PK6378,0808447011777,,12027,Audio/Video Cables,1.1501,45.49,synced,48:22.3
PK6387,0808447003307,,56195,Microphone Cables,1.1502,22.89,synced,47:14.2
PK7107,0037332171894,,50360,Surge Suppressors,1.15,124.67,synced,47:18.6
PK7109,0037332172730,,ING-PK7109,Network Cables,1.1499,24.16,synced,47:19.7
PK7110,0037332172761,,12060,Network Cables,1.1501,26.87,synced,36:14.8
PK7113,0037332172808,,38054,Network Cables,1.1502,11.32,synced,36:11.8
PK7114,0037332172792,,3442,Network Cables,1.1498,13.05,synced,36:30.3
PK7115,0037332173188,,6288,Cable Connectors,1.1501,43.78,synced,47:14.7
PK7117,0037332172914,,ING-PK7117,Network Cables,1.1503,6.58,synced,36:31.8
PK7120,0037332172983,,34653,Network Cables,1.1496,15.25,synced,36:28.8
PK7121,0037332172990,,30010,Network Cables,1.1496,8.95,synced,48:16.2
PK7125,0037332139139,,38193,Network Cables,1.1499,8.09,synced,47:15.1
PK7126,0037332100481,,ING-PK7126,Network Cables,1.1502,4.84,synced,47:30.1
PK7128,0037332132499,,37965,Network Cables,1.1503,12.73,synced,36:13.3
PK7129,0037332172525,,38195,Network Cables,1.1505,12.49,synced,36:08.8
PK7130,0037332172556,,ING-PK7130,Network Cables,1.1503,17.32,synced,48:18.7
PK7131,0037332172570,,39130,Network Cables,1.1504,2.75,synced,48:21.7
PK7132,0037332172563,,38197,Network Cables,1.1497,5.31,synced,36:24.9
PK7133,0037332172587,,38198,Network Cables,1.1502,3.09,synced,36:09.3
PK7134,0037332099785,,50005,Network Cables,1.1497,9.11,synced,47:28.2
PK7135,0037332172624,,74847,Network Cables,1.1497,3.22,synced,47:26.2
PK7138,0037332172679,,60328,Network Cables,1.1502,16.41,synced,47:13.2
PK7139,0037332172709,,8924,Network Cables,1.1499,13.41,synced,48:23.7
PK7140,0037332172716,,ING-PK7140,Network Cables,1.1502,21.17,synced,36:25.8
PK7141,0037332172723,,8925,Network Cables,1.1502,12.37,synced,36:10.8
PK7142,0037332172747,,57778,Network Cables,1.1501,21.19,synced,47:12.7
PK7235,0037332158468,,ING-PK7235,Power Cables,1.1178,209.15,synced,36:34.3
PK7236,0037332113443,,ING-PK7236,Surge Suppressors,1.15,51.57,synced,47:15.6
PK7240,0037332177148,,ING-PK7240,Other Computer Accessories,1.1285,159.28,synced,48:17.7
PK7361,0037332172471,,38202,Network Cables,1.15,11.99,synced,48:23.2
PK7362,0037332172464,,ING-PK7362,Network Cables,1.1499,6.59,synced,36:10.3
PK7364,0037332172440,,38204,Network Cables,1.1495,7.59,synced,36:15.8
PK7365,0037332172433,,44577,Network Cables,1.1498,2.13,synced,36:29.8
PK7369,0037332172655,,38207,Network Cables,1.1501,7.99,synced,48:29.2
PK7370,0037332172754,,6305,Network Cables,1.1503,20.31,synced,48:15.7
PK7371,0037332172853,,38208,Network Cables,1.1505,8.86,synced,47:16.7
PK7372,0037332172921,,22744,Network Cables,1.1499,17.74,synced,48:27.2
PK7373,0037332172952,,ING-PK7373,Network Cables,1.1503,6.58,synced,48:25.2
PK7374,0037332172938,,ING-PK7374,Network Cables,1.1503,6,synced,36:09.8
PK7375,0037332172976,,ING-PK7375,Network Cables,1.1499,16.64,synced,36:26.9
PK7376,0037332173003,,ING-PK7376,Network Cables,1.1499,16.18,synced,36:25.3
PK7377,0037332173027,,6306,Network Cables,1.1498,19.83,synced,36:30.8
PK7379,0037332173041,,ING-PK7379,Network Cables,1.1499,26.99,synced,36:12.3
PK7380,0037332173072,,ING-PK7380,Network Cables,1.1499,33.6,synced,48:21.2
PK7381,0037332173089,,ING-PK7381,Network Cables,1.1499,22.95,synced,47:24.2
PK7412,0037332168610,,ING-PK7412,Uninterruptible Power Supplies,1.0859,1079,synced,47:17.7
PK7417,0037332172686,,32504,Network Cables,1.1496,11.16,synced,35:52.8
PK7418,0037332172693,,12061,Network Cables,1.15,19.24,synced,36:34.8
PK7419,0037332172785,,38209,Network Cables,1.1497,17.74,synced,45:37.1
PK7420,0037332172945,,12031,Network Cables,1.15,28.32,synced,44:29.0
PK7424,0037332122056,,ING-PK7424,Network Cables,1.15,9.29,synced,45:32.1
PK7427,0037332173096,,24183,Network Cables,1.1499,29.3,synced,45:34.6
PK7429,0037332173157,,ING-PK7429,Other Electronic Components & Accessories,1.1498,25.09,synced,44:28.6
PK7843,0037332168955,,ING-PK7843,Uninterruptible Power Supplies,1.0839,1781.99,synced,44:29.5
PK7849,0037332127471,,ING-PK7849,Network Cables,1.1497,6.76,synced,35:54.8
PK7850,0037332172884,,38215,Network Cables,1.1496,7.74,synced,48:32.2
PK7851,0037332127488,,38217,Network Cables,1.1503,13.65,synced,44:33.6
PK7852,0037332173010,,32400,Network Cables,1.1496,16.25,synced,45:28.6
PK7853,0037332127495,,ING-PK7853,Network Cables,1.1501,10.92,synced,35:50.8
PK7857,0037332164759,,ING-PK7857,Extension Cords,1.15,9.72,synced,44:31.0
PK9050,0037332140425,,344453,Uninterruptible Power Supplies,1.0895,1254.57,synced,48:32.7
PK9108,0808447062588,,18592,Computer Cables,1.1499,24.08,synced,47:28.7
PK9109,0808447062595,,6311,Computer Cables,1.15,24.7,synced,44:27.1
PK9111,0808447062618,,3447,Computer Cables,1.1499,47.41,synced,44:31.6
PK9113,0808447063509,,617309,Computer Cables,1.1501,46.99,synced,45:31.6
PK9116,0808447061932,,64430,Audio/Video Cables,1.1501,36.59,synced,45:39.6
PK9117,0808447045284,,65895,Audio/Video Cables,1.1501,31.44,synced,45:30.6
PK9118,0808447045291,,31637,Audio/Video Cables,1.1499,40.04,synced,45:33.6
PK9119,0808447045307,,12032,Audio/Video Cables,1.1501,45.13,synced,35:51.3
PK9135,0808447058291,,50428,Extension Cords,1.1497,17.63,synced,44:32.6
PK9151,0808447024531,,22996,Network Cables,1.1497,11.23,synced,35:51.8
PK9153,0808447024562,,51325,Network Cables,1.1501,6.83,synced,45:31.1
PK9154,0808447024616,,58265,Network Cables,1.1498,11.88,synced,45:38.6
PK9155,0808447024623,,6294,Network Cables,1.1498,13.49,synced,44:26.6
PK9157,0808447024692,,60077,Network Cables,1.1498,8.08,synced,44:30.0
PK9158,0808447024708,,6314,Network Cables,1.1498,8.07,synced,35:38.3
PK9159,0808447024722,,6315,Network Cables,1.1498,8.08,synced,45:36.1
PK9160,0808447024777,,51177,Network Cables,1.1501,15.82,synced,44:26.1
PK9161,0808447024784,,58708,Network Cables,1.1501,14.12,synced,44:17.1
PK9163,0808447024852,,51733,Network Cables,1.15,16.14,synced,35:39.8
PK9166,0808447025118,,53735,Network Cables,1.1497,5.5,synced,35:53.3
PK9167,0808447025125,,60407,Network Cables,1.1497,12.41,synced,45:37.6
PK9169,0808447025187,,55461,Network Cables,1.1502,13.83,synced,48:29.7
PK9171,0808447025217,,ING-PK9171,Network Cables,1.1499,18.46,synced,35:54.3
PK9172,0808447025255,,52064,Network Cables,1.1499,14.36,synced,45:32.6
PK9173,0808447025262,,53598,Network Cables,1.1499,9.2,synced,45:36.6
PK9174,0808447025286,,ING-PK9174,Network Cables,1.1499,25.62,synced,47:29.6
PK9177,0808447025354,,18482,Network Cables,1.1498,20.36,synced,45:35.6
PK9185,0808447055450,,12037,Computer Cables,1.1501,75.29,synced,45:29.6
PK9842,0735353560016,,ING-PK9842,Mouse Pads,1.1501,4.29,synced,44:34.1
PK9971,0037332173263,,ING-PK9971,Computer Cables,1.15,34.27,synced,44:32.1
PK9972,0037332173492,,ING-PK9972,Computer Cables,1.1499,22.95,synced,44:28.1
PK9973,0037332173560,,ING-PK9973,USB Hubs,1.15,79.88,synced,45:29.1
PK9974,0037332174253,,ING-PK9974,Computer Cables,1.1502,14.25,synced,44:33.1
PK9980,0037332173737,,71669,Network Cables,1.1241,181.22,synced,45:40.1
PL0228,0722868718957,,ING-PL0228,Audio/Video Cables,1.15,33.81,synced,07:54.0
PL1028,0821455040232,,12065,Network Switch Modules,1.1501,34.72,synced,45:38.1
PL1127,0821455032749,,12080,Network Cables,1.15,46.64,synced,35:55.3
PL1128,0821455032756,,40983,Network Cables,1.15,60.54,synced,45:35.1
PL1213,0851718004015,,ING-PL1213,Electronic Touchpads,1.1042,249.9,synced,35:37.8
PL1214,0851718004022,,ING-PL1214,Other Electronic Components & Accessories,1.0997,360.39,synced,44:34.6
PL1216,0851718004039,,ING-PL1216,Graphics Tablets,1.0958,456.88,synced,44:30.5
PL1217,0851718004053,,ING-PL1217,Electronic Touchpads,1.0935,571,synced,35:39.3
PL1218,0851718004060,,ING-PL1218,Electronic Touchpads,1.0935,577.12,synced,48:31.7
PL1237,0821455031315,,ING-PL1237,Network Switch Modules,1.15,70.49,synced,35:30.8
PL1238,0821455031322,,ING-PL1238,Network Switch Modules,1.1315,158.66,synced,45:34.1
PL2012,0851718004084,,ING-PL2012,Barcode Scanners,1.1007,367.87,synced,07:56.9
PL2013,0851718004077,,ING-PL2013,Electronic Touchpads,1.0974,349,synced,35:52.3
PL7061,0722868814680,,24991,Network Cables,1.1501,38.33,synced,45:30.1
PL9152,0743172039620,,ING-PL9152,Uninterruptible Power Supplies,1.0867,1068.74,synced,44:27.6
PL9153,0743172039651,,ING-PL9153,Uninterruptible Power Supplies,1.0846,1400.04,synced,48:31.2
PN1557,0882658420771,,ING-PN1557,Cable Organizers,1.1501,26.92,synced,35:53.8
PN2276,0837324009965,,61739,Network Adapters,1.0986,407.41,synced,45:33.1
PN2277,0837324002591,,58755,Terminal Blocks,1.117,229.98,synced,35:38.8
PN2536,0882658486012,,27882,Antennas,1.08,183.6,synced,44:35.1
PN5819,0882658495755,,154650,Network Switches,1.0877,799,synced,47:30.6
PN6262,0698833027983,,ING-PN6262,Laptop Security Locks,1.15,45.24,synced,44:38.1
PN6336,0837324002317,,77614,Cable Connectors,1.1191,187.89,synced,44:37.6
PN6337,0837324002607,,ING-PN6337,Network Switch Modules,1.1006,331.28,synced,44:39.6
PN6338,0837324002614,,ING-PN6338,Other Electronic Components & Accessories,1.0978,439.4,synced,44:35.6
PN6595,0738168041381,,18507,Modems,1.08,34.99,synced,45:42.6
PN6738,0882658516061,,ING-PN6738,Flash Memory,1.15,98.67,synced,44:36.1
PN7244,0882658436598,,68024,Antennas,1.08,282.43,synced,45:39.1
PN7670,0882658392856,,121105,Network Switch Modules,1.0822,3128.02,synced,45:41.1
PP0744,0832938066045,,283631,Network Switch Modules,1.0817,4049.47,synced,44:37.1
PP4438,0012502633143,,ING-PP4438,Printers & All-in-Ones,1.15,296.41,synced,44:40.1
PP5776,0012502050889,,8953,Label Maker Tape,1.1498,21.2,synced,44:41.1
PP5777,0012502539384,,6340,Label Maker Tape,1.1498,18.98,synced,44:42.1
PP5875,0012502631095,,8951,Printer Drums,1.15,110,synced,45:44.6
PP6060,0887037444706,,ING-PP6060,Audio/Video Cables,1.1493,105.05,synced,44:36.6
PP6890,0807648025804,,ING-PP6890,Computer Rack Hardware & Accessories,1.1314,144.99,synced,35:40.3
PP6960,0784090031310,,22805,Computer Port Cards,1.1499,32.9,synced,45:43.1
PP7605,0012502050896,,55174,Label Maker Tape,1.15,21.99,synced,35:40.8
PP7609,0012502050865,,ING-PP7609,Label Maker Tape,1.1499,26.88,synced,45:45.6
PP7639,0012502051664,,77307,Receipt Paper Rolls,1.1502,30.99,synced,35:55.8
PQ1735,0757120407461,,26362,Cable Connectors,1.1503,26.27,synced,45:43.6
PQ2213,0731304291282,,ING-PQ2213,Device-Specific Electronics Batteries,1.0961,333.7,synced,45:44.1
PQ8705,0065030848183,,ING-PQ8705,Network Cables,1.1502,13.57,synced,45:40.6
PR0024,0655216003835,,12179,Cordless Phones,1.08,2504.93,synced,44:40.6
PR0071,0655216005082,,ING-PR0071,Electronics Docks & Cradles,1.15,61.65,synced,45:42.1
PR0613,0092636276843,,3510,Cell Phone Tool Kits,1.15,88.61,synced,35:41.3
PR0614,0092636276829,,18175,Screen Privacy Filters,1.15,99.46,synced,45:41.6
PR0636,0757120370499,,12190,Cable Splitters,1.1499,36.55,synced,44:39.1
PR2287,0829973101848,,ING-PR2287,TV & Monitor Mounts,1.0938,580.75,synced,44:38.6
PR4647,0800975027343,,ING-PR4647,Network Switch Modules,1.1217,192.44,synced,44:43.6
PR7551,0718037799650,,623,Hard Drives,1.15,76.94,synced,45:46.1
PR7724,0673825017340,,57842,Hard Drives,1.1418,107.84,synced,45:45.1
PT6695,0065030846721,,25755,Computer Cables,1.15,82.99,synced,44:44.1
PT7401,0065030847988,,ING-PT7401,Computer Patch Panels,1.1499,59.89,synced,45:48.1
PT7402,0065030848039,,13535,Computer Cables,1.1499,38.3,synced,45:50.1
PT7723,0757120600039,,26368,Audio/Video Cables,1.15,73.77,synced,45:49.1
PT9675,0891607000360,,ING-PT9675,Electronics Stands,1.15,67.93,synced,45:50.7
PU1627,0845973050719,,ING-PU1627,USB Wi-Fi Adapters,1.1499,21.54,synced,45:49.6
PU1973,0710931505191,,ING-PU1973,Network Switches,1.1366,100,synced,45:51.1
PU8719,0065030848152,,6451,Computer Racks & Mounts,1.1266,96,synced,45:46.7
PU8720,0065030848091,,ING-PU8720,Computer Rack Hardware & Accessories,1.15,75.99,synced,44:42.6
PU8721,0065030848107,,ING-PU8721,Computer Racks & Mounts,1.1501,63.99,synced,44:43.1
PU8722,0065030848084,,ING-PU8722,Computer Racks & Mounts,1.15,43.99,synced,45:52.1
PU8726,0065030848343,,ING-PU8726,USB Hubs,1.1377,105.99,synced,45:47.1
PU8727,0065030846738,,ING-PU8727,Computer Cables,1.1306,148.36,synced,45:47.6
PU8729,0065030847674,,3590,Laptop Docking Stations,1.1431,59.49,synced,44:41.6
PV3218,0672792401114,,72668,KVM Switches,1.0829,2019.6,synced,45:51.6
PV4261,0673825016763,,78548,Other Computer Accessories,1.1283,142.56,synced,44:44.6
PV5219,0731304291732,,131507,Device-Specific Electronics Batteries,1.1278,170.9,synced,45:48.6
PV9515,0887037400481,,ING-PV9515,Device-Specific Electronics Chargers,1.15,22.04,synced,44:48.1
PV9683,0012502051411,,ING-PV9683,Label Maker Tape,1.1501,33.9,synced,45:56.1
PW0505,0065030848459,,24766,Computer Cables,1.1497,13.58,synced,44:45.6
PW0637,0037332174178,,32512,Audio/Video Cables,1.1504,14.04,synced,44:50.1
PW0638,0037332174543,,ING-PW0638,Power Cables,1.1502,26.5,synced,45:52.6
PW0639,0037332174536,,12336,Extension Cords,1.1501,23.6,synced,45:58.6
PW0713,0037332139214,,ING-PW0713,Surge Suppressors,1.1449,96.99,synced,44:49.6
PW2908,0821455044735,,ING-PW2908,Network Cables,1.1502,21.67,synced,35:42.3
PW2909,0821455044742,,ING-PW2909,Network Cables,1.15,21.88,synced,44:51.1
PW2910,0821455083017,,68809,Network Cables,1.1499,22.26,synced,45:54.1
PW2918,0821455044834,,ING-PW2918,Network Cables,1.1501,23.71,synced,45:54.6
PW2920,0821455044858,,ING-PW2920,Network Cables,1.1501,29.13,synced,44:49.2
PW2927,0821455044926,,ING-PW2927,Network Cables,1.1499,45.95,synced,44:46.6
PW2929,0821455044940,,ING-PW2929,Network Cables,1.1501,65.94,synced,44:52.1
PW2930,0821455044957,,25471,Network Cables,1.1501,39.02,synced,46:00.6
PW3106,0722868593325,,ING-PW3106,Extension Cords,1.15,24.95,synced,44:45.1
PW3116,0851718004008,,ING-PW3116,Other Computer Accessories,1.1321,165,synced,44:47.6
PW4993,0882658340895,,ING-LE8023,Network Switch Modules,1.1019,88,synced,46:00.1
PW5403,0783384235250,,ING-PW5403,Other Computer Accessories,1.1287,143.04,synced,44:47.1
PW5404,0783384235298,,ING-PW5404,Network Adapters,1.1413,119.9,synced,45:56.6
PW8668,0873791003037,,ING-PW8668,Cable Connectors,1.1501,15.61,synced,45:55.1
PW8669,0873791003044,,ING-PW8669,Computer Cables,1.1502,15.43,synced,51:57.8
PW8670,0873791003051,,ING-PW8670,Audio/Video Cables,1.1501,21.17,synced,45:57.1
PW8673,0873791003082,,24187,Audio/Video Cables,1.15,21.56,synced,45:58.1
PW8677,0873791003129,,24730,Audio/Video Cables,1.15,29.29,synced,51:28.8
PW8679,0873791003143,,51853,Audio/Video Cables,1.1498,21.64,synced,35:42.8
PW8680,0873791003150,,54365,Audio/Video Cables,1.15,8.02,synced,45:59.6
PW8682,0873791003174,,131360,Audio/Video Cables,1.1502,8.38,synced,45:57.6
PW8686,0873791003211,,12361,Computer Cables,1.1501,11.19,synced,45:53.6
PW8690,0873791003259,,29753,Computer Cables,1.1499,35.41,synced,44:51.6
PW8692,0873791003273,,29782,Computer Cables,1.15,41.05,synced,44:46.1
PW8700,0873791003358,,59986,Computer Cables,1.1497,9.3,synced,35:41.8
PW8701,0873791003365,,ING-PW8701,Computer Cables,1.1501,19.79,synced,45:55.6
PX0158,0065030848114,,ING-PX0158,Computer Racks & Mounts,1.1501,69.99,synced,44:50.6
PX0160,0065030848534,,ING-PX0160,Audio/Video Cables,1.1499,42.28,synced,44:48.6
PX0165,0065030847667,,12367,Other Electronic Components & Accessories,1.15,73.7,synced,46:01.1
PX1675,0065030848565,,ING-PX1675,Computer Cables,1.1501,17.66,synced,45:59.1
PX2399,0065030792042,,ING-PX2399,Network Cables,1.1503,15.41,synced,45:53.1
PX6957,0037332148872,,76257,Other Computer Accessories,1.15,88.93,synced,46:05.1
PX6958,0037332148834,,ING-PX6958,Surge Suppressors,1.1383,139.65,synced,46:06.6
PX7136,0037332174451,,ING-PX7136,Computer Racks & Mounts,1.0987,408.23,synced,46:03.6
PX7394,0085896724230,,ING-PX7394,Computer Mice,1.1502,15.99,synced,46:03.1
PX7395,0085896724223,,ING-PX7395,Computer Mice,1.1502,33.49,synced,46:02.1
PX7396,0085896724216,,ING-PX7396,Computer Mice,1.1502,28.4,synced,44:59.1
PX7398,0085896339724,,ING-PX7398,Laptop Docking Stations,1.15,97.02,synced,51:28.3
PX7922,0037332168276,,30685,Uninterruptible Power Supplies,1.0895,829.99,synced,44:54.6
PX7925,0037332174598,,12390,Computer Cables,1.1499,6.59,synced,46:02.6
PX7926,0037332174604,,22573,Computer Cables,1.1503,14.97,synced,44:52.6
PX7927,0037332174611,,18917,Computer Cables,1.15,13.69,synced,46:01.6
PX7928,0037332174628,,19219,Computer Cables,1.1501,14.25,synced,35:56.8
PY3918,0722868101179,,ING-672971,Mouse Pads,1.1503,12.03,synced,44:53.6
PY4228,0012502633693,,62411,Business Card Holders,1.1501,23.39,synced,46:04.6
PY7722,0037229491081,,18521,Computer Cables,1.1499,15.18,synced,35:56.3
PY7725,0037229717112,,8894,Network Cables,1.1502,14.63,synced,44:55.6
PY7726,0037229717129,,8895,Network Cables,1.1502,16.55,synced,44:53.1
PY7727,0037229717136,,6225,Network Cables,1.1501,17.16,synced,35:43.3
PY7728,0037229717143,,8902,Network Cables,1.15,14.38,synced,44:54.1
PY7732,0037229717020,,6219,Network Cables,1.1503,18.99,synced,44:56.6
PY7733,0037229717037,,18520,Network Cables,1.1498,15.18,synced,44:55.1
PY7737,0037229717075,,31647,Network Cables,1.15,76.72,synced,46:05.6
PZ0238,0065030848893,,ING-PZ0238,Audio/Video Cables,1.1501,7,synced,35:44.3
PZ0239,0065030848879,,ING-PZ0239,Audio/Video Cables,1.15,17.2,synced,44:57.1
PZ0241,0065030848978,,ING-PZ0241,USB Hubs,1.1196,175,synced,44:58.1
PZ0751,0065030848572,,3411,Audio/Video Cables,1.1498,20.91,synced,46:04.1
PZ0754,0065030848954,,ING-PZ0754,Computer Cables,1.15,18.26,synced,44:58.6
PZ1476,0065030849173,,11977,Audio/Video Cables,1.1501,23.36,synced,44:57.6
PZ1479,0065030849012,,ING-PZ1479,Computer Cables,1.1503,15,synced,44:56.1
PZ1482,0065030844482,,ING-PZ1482,Network Cards,1.15,24.99,synced,35:43.8
PZ7012,0698833031850,,ING-PZ7012,Desks,1.15,1585.69,synced,45:01.1
PZ7844,0698833035117,,ING-PZ7844,Power Cables,1.15,56.87,synced,45:03.1
PZ9158,0722868470695,,47251,Network Cables,1.1498,9.72,synced,45:02.6
Q06878,0731304232674,,25010,Power Distribution Units,1.0898,716.99,synced,35:44.8
Q07084,0013803087550,,ING-Q07084,Printer Transfer Rollers,1.15,137.96,synced,45:00.6
Q07623,0731304255871,,282587,Hardware Brackets,1.1499,121.3,synced,46:08.1
Q07635,0731304260394,,54470,Computer Cables,1.1501,25.55,synced,46:07.6
Q16082,0065030825856,,ING-Q16082,Audio/Video Cables,1.1499,35.54,synced,45:00.1
Q16583,0734660070607,,20897,Network Adapters,1.1499,25.01,synced,35:57.3
Q16740,0065030827096,,ING-Q16740,Network Cables,1.1499,45.42,synced,46:07.1
Q16741,0065030827072,,ING-Q16741,Network Cables,1.1499,29.9,synced,46:06.1
Q16743,0065030827188,,ING-Q16743,Network Cables,1.1501,22.76,synced,44:59.6
Q17497,0065030825894,,ING-Q17497,Cable Splitters,1.1499,30.21,synced,45:01.6
Q17500,0065030825870,,ING-Q17500,Computer Cables,1.1499,17.44,synced,45:02.1
Q18943,0065030826631,,ING-Q18943,Computer Cooling,1.1501,25.58,synced,35:59.3
Q18948,0065030827829,,ING-Q18948,Computer Cables,1.15,13.98,synced,45:10.6
Q20099,0757120404132,,ING-Q20099,Audio/Video Cables,1.1498,5.72,synced,46:15.6
Q21367,0832938038677,,109,Network Switch Modules,1.1037,294.96,synced,46:14.6
Q21376,0832938039001,,ING-Q21376,Power Cables,1.1499,77.96,synced,35:46.8
Q24589,0734660312905,,ING-Q24589,Floral Arranging Supplies,1.15,105.4,synced,35:57.8
Q24593,0734660313308,,75742,Network Adapters,1.15,76.76,synced,46:11.6
Q34294,0821455011423,,ING-Q34294,Network Switch Modules,1.1501,39.9,synced,45:07.6
Q42972,0071701184450,,ING-Q42972,Label Maker Tape,1.1501,16.49,synced,35:58.8
Q43006,0065030826358,,ING-Q43006,Shelves & Shelf Units,1.15,102,synced,45:06.1
Q43008,0065030827812,,ING-Q43008,Computer Cables,1.1499,22.75,synced,07:56.4
Q43539,0757120271932,,114210,Network Cables,1.1503,17.86,synced,45:08.6
Q43882,0065030794824,,ING-Q43882,Network Cables,1.1503,13.07,synced,46:11.1
Q43894,0757120404156,,26076,Audio/Video Cables,1.1497,22.56,synced,45:11.1
Q45265,0037332141613,,ING-Q45265,Power Cables,1.1502,25.57,synced,45:05.6
Q45266,0037332141620,,6773,Extension Cords,1.1498,30.62,synced,35:58.3
Q45588,0037332139313,,15949,Power Distribution Units,1.091,770.01,synced,45:04.1
Q50995,0722868650219,,ING-Q50995,Computer Cables,1.1499,17.94,synced,51:57.3
Q50996,0722868650226,,ING-Q50996,Computer Cables,1.1499,20.99,synced,45:05.1
Q50997,0722868650233,,ING-Q50997,Computer Cables,1.1498,21.99,synced,45:04.6
Q52815,0021200103841,,73876,Household Cleaners,1.1497,14.17,synced,46:10.6
Q52826,0051135806371,,ING-Q52826,Computer Racks & Mounts,1.1441,107.99,synced,45:08.1
Q52830,0051135806821,,ING-Q52830,Mouse Pads,1.1498,11.57,synced,45:07.1
Q52835,0051135807217,,9204,Mouse Pads,1.15,27.49,synced,46:10.1
Q52836,0051135807101,,ING-Q52836,Mouse Pads,1.1501,22.99,synced,35:45.3
Q52848,0051131981003,,ING-Q52848,Wrist Rests,1.15,42.99,synced,35:46.3
Q56030,0722868440155,,6785,Network Cables,1.1499,17.05,synced,46:09.1
Q67375,0037332139184,,ING-Q67375,Surge Suppressors,1.15,106.23,synced,46:13.6
Q67732,0037332142504,,ING-Q67732,Power Distribution Units,1.1175,181,synced,46:13.1
Q67984,0882658166396,,6786,Network Cables,1.134,179.37,synced,36:00.3
Q68269,0037332116437,,ING-Q68269,Network Cables,1.1503,7.5,synced,07:36.4
Q68490,0037332138767,,9212,Network Cables,1.15,24.92,synced,46:15.1
Q68922,0037332141392,,12837,KVM Switches,1.101,496.22,synced,35:47.3
Q68927,0037332141446,,ING-Q68927,Computer Cables,1.15,30.17,synced,35:59.8
Q68928,0037332141453,,ING-Q68928,Computer Cables,1.1499,57.38,synced,46:14.1
Q69197,0037332134363,,ING-Q69197,Surge Suppressors,1.15,42.32,synced,46:12.6
Q69202,0037332119704,,ING-Q69202,Power Distribution Units,1.1374,141.99,synced,45:03.6
Q69605,0037332115638,,ING-Q69605,Power Distribution Units,1.15,92.93,synced,46:08.6
Q72540,0710931204186,,ING-Q72540,Network Switches,1.1499,21.98,synced,35:45.8
Q72888,0710931304343,,12846,Computer Cables,1.15,24.22,synced,36:00.8
Q72901,0710931401202,,ING-Q72901,Computer Patch Panels,1.15,59.07,synced,45:10.1
Q76643,0037332142238,,3862,Cable Splitters,1.1499,14.93,synced,45:06.6
Q77173,0603175006930,,ING-Q77173,Network Cards,1.0991,383.28,synced,46:12.1
Q78491,0043859528042,,ING-Q78491,Desk Risers,1.1501,41.9,synced,07:57.9
Q78551,0882658213243,,ING-Q78551,Computer Cables,1.15,59,synced,45:09.1
Q78564,0043859536351,,60139,Wrist Rests,1.1501,18.79,synced,46:09.6
Q82087,0754082059219,,62165,Hand Tool Crimpers & Strippers,1.15,139.72,synced,46:18.6
Q82091,0754082059226,,ING-Q82091,Hand Tool Punches,1.15,137.4,synced,36:01.8
Q90251,0879229008841,,ING-Q90251,Other Computer Accessories,1.1498,31.33,synced,46:16.6
Q92475,0757120409373,,115723,Audio/Video Cables,1.1499,31.25,synced,46:22.1
Q92614,0698833003444,,ING-Q92614,Hardware Brackets,1.15,249.99,synced,45:09.6
Q92926,0757120404651,,129600,Audio/Video Cables,1.1503,10,synced,46:18.1
Q93201,0757120400257,,28038,Computer Cables,1.15,10,synced,46:21.2
Q93203,0757120271604,,114102,Network Cables,1.1502,8.99,synced,46:16.1
Q93207,0757120430377,,ING-Q93207,Cable Ties,1.1502,15.24,synced,45:13.6
Q93227,0757120404071,,25997,Audio/Video Cables,1.1505,9.5,synced,45:14.1
Q93934,0071701121851,,ING-Q93934,Label Maker Tape,1.1501,32.98,synced,46:21.7
Q93981,0722868142820,,58947,Network Cables,1.15,22.99,synced,46:17.6
Q94690,0735029254898,,ING-Q94690,TV & Monitor Mounts,1.1432,149,synced,46:20.6
Q94694,0735029256090,,ING-Q94694,TV & Monitor Mounts,1.1501,84.93,synced,45:13.1
Q98661,0648177025275,,6819,Network Adapters,1.102,297.67,synced,46:17.1
Q99010,0648177024780,,728622,Network Switch Modules,1.1432,130.7,synced,36:01.3
Q99011,0648177024797,,402080,Network Switch Modules,1.1433,129.74,synced,45:12.1
Q99243,0882658172168,,ING-Q99243,Power Cables,1.1501,73.29,synced,46:19.1
QC4958,0766907726114,,1354,Audio/Video Cables,1.1501,25.47,synced,45:11.6
QM1293,0043859638802,,ING-QM1293,Mouse Pads,1.15,20.52,synced,45:12.6
QM4390,0757120399421,,38770,Audio/Video Cables,1.1496,6.36,synced,45:15.6
QM6056,0743172038135,,24078,Computer Port Cards,1.1371,143.36,synced,35:47.8
QN7330,0679202038342,,116132,Audio & Video Receivers,1.08,791.24,synced,46:26.7
QN8366,0821455047736,,6383,Computer Cables,1.1499,25.2,synced,46:25.6
QN8384,0821455047569,,ING-QN8384,Computer Cables,1.15,10.43,synced,45:16.1
QN8387,0821455047781,,ING-QN8387,Cell Phone Tool Kits,1.1501,24.86,synced,46:27.1
QN8414,0821455047873,,12184,Computer Cables,1.1496,12.42,synced,46:23.6
QN8416,0821455047897,,ING-QN8416,Computer Cables,1.1501,15.16,synced,46:23.1
QN8418,0821455047606,,25762,Computer Cables,1.1499,29.26,synced,46:19.6
QP5082,0873791003419,,58327,Network Cables,1.1495,8.93,synced,45:18.1
QP5083,0873791003426,,ING-QP5083,Network Cables,1.1502,11.88,synced,45:20.1
QP5084,0873791003433,,ING-QP5084,Network Cables,1.1503,16.54,synced,35:48.8
QP5085,0873791003440,,52299,Network Cables,1.1496,13.47,synced,45:21.1
QP5088,0873791003471,,50575,Network Cables,1.1498,16.26,synced,46:25.1
QP5089,0873791003488,,52472,Network Cables,1.1502,20.86,synced,46:24.1
QP5092,0873791003518,,51775,Network Cables,1.1495,8.97,synced,35:48.3
QP5093,0873791003525,,481022,Network Cables,1.1502,12.39,synced,45:18.6
QP5100,0873791003891,,53886,Network Cables,1.1495,11.71,synced,46:24.6
QP5102,0873791003914,,52899,Network Cables,1.15,7.45,synced,51:56.4
QP5107,0873791003969,,ING-QP5107,Network Cables,1.1501,25.13,synced,46:22.7
QP5108,0873791003976,,51145,Network Cables,1.1502,24.97,synced,45:17.1
QP5113,0873791004027,,52091,Network Cables,1.1498,9.08,synced,45:15.1
QP5118,0873791004072,,51301,Network Cables,1.1498,28.49,synced,45:21.6
QP7938,0037332175182,,6387,Surge Suppressors,1.15,55.2,synced,45:20.6
QP7939,0037332175168,,ING-QP7939,Surge Suppressors,1.15,31.72,synced,46:27.7
QP7940,0037332175212,,ING-QP7940,Surge Suppressors,1.15,25.6,synced,36:02.3
QP7941,0037332175601,,12213,Audio/Video Cables,1.1499,23.11,synced,46:20.1
QP7942,0037332175595,,18921,Audio/Video Cables,1.15,16.55,synced,45:19.6
QP8030,0085896724261,,ING-QP8030,Presentation Remotes,1.15,68.63,synced,45:14.6
QQ0127,0698833034028,,ING-QQ0127,TV & Monitor Mounts,1.1148,231.31,synced,45:16.6
QQ0631,0887037486515,,56839,Audio/Video Cables,1.1499,25.39,synced,51:55.9
QQ3709,0043859536467,,30999,Wrist Rests,1.1501,27.46,synced,45:17.6
QQ3710,0043859536450,,75396,Wrist Rests,1.1501,29.65,synced,45:19.1
QQ3718,0043859622320,,25706,Wrist Rests,1.15,23,synced,46:26.1
QQ3727,0043859642830,,ING-QQ3727,Shredders,1.15,69.99,synced,36:02.8
QQ3751,0077511990281,,114222,Surge Suppressors,1.1499,19.1,synced,46:28.1
QQ3752,0077511990892,,114003,Surge Suppressors,1.1501,20,synced,45:22.1
QQ6069,0882658439711,,ING-QQ6069,Network Cables,1.099,155,synced,46:28.6
QQ6071,0882658439735,,274567,Network Cables,1.0981,463.99,synced,45:22.6
QR1144,0873791005369,,50901,Cable Connectors,1.1499,7.02,synced,46:37.2
QR1145,0873791005451,,52797,Cable Connectors,1.1499,12.46,synced,46:36.7
QR1146,0873791005468,,54957,Cable Connectors,1.1499,5.82,synced,46:34.7
QR1147,0873791005475,,51728,Cable Connectors,1.1499,7.94,synced,46:35.1
QR1150,0873791005499,,517963,Cable Connectors,1.1499,10.24,synced,46:29.1
QR1152,0873791005512,,52092,Cable Connectors,1.1499,7.94,synced,46:36.2
QR1154,0873791005383,,ING-QR1154,Computer Patch Panels,1.15,46.6,synced,46:31.1
QR1155,0873791005390,,53775,Computer Patch Panels,1.1499,60.7,synced,45:26.6
QR1156,0873791005536,,55268,Computer Patch Panels,1.1502,25.04,synced,46:34.2
QR1157,0873791005543,,53627,Computer Patch Panels,1.1499,47.9,synced,45:26.1
QR1158,0873791005550,,55756,Computer Patch Panels,1.15,62.49,synced,45:25.6
QR1159,0873791005567,,51929,Computer Patch Panels,1.1501,63.21,synced,35:49.3
QR1161,0873791005574,,ING-QR1161,Switch & Outlet Plates,1.1503,9.52,synced,45:25.1
QR1162,0873791005581,,ING-QR1162,Switch & Outlet Plates,1.1503,10.98,synced,45:28.1
QR1163,0873791005598,,ING-QR1163,Switch & Outlet Plates,1.1503,9.2,synced,46:29.6
QR1164,0873791005413,,51857,Fiber Optic Connectors,1.1501,19.46,synced,45:24.6
QR1165,0873791004768,,ING-QR1165,Computer Cables,1.1501,12.79,synced,35:49.8
QR1166,0873791004775,,21724,Computer Cables,1.1502,16.89,synced,07:35.4
QR1167,0873791004782,,ING-QR1167,Computer Cables,1.1501,22.54,synced,46:33.7
QR1168,0873791004799,,ING-QR1168,Computer Cables,1.1501,24.92,synced,36:03.3
QR2305,0065030849401,,ING-QR2305,Audio/Video Cables,1.1499,27.71,synced,35:50.3
QR2307,0065030849043,,ING-QR2307,Power Cables,1.1501,20.79,synced,45:23.1
QR2309,0065030848831,,21483,Computer Racks & Mounts,1.1088,242.65,synced,36:03.8
QR2310,0065030848848,,ING-QR2310,Computer Racks & Mounts,1.0999,343.41,synced,45:27.6
QR3881,0065030849395,,12274,Audio/Video Cables,1.15,36.55,synced,46:35.7
QR3885,0065030849265,,ING-QR3885,Network Cards,1.15,35.95,synced,46:32.1
QR8674,0805736043617,,28409,Projector Replacement Lamps,1.1455,203.73,synced,46:33.1
QR9022,0037332173317,,ING-QR9022,Computer Rack Hardware & Accessories,1.15,91.93,synced,45:23.6
QR9023,0037332173300,,29097,Other Electronic Components & Accessories,1.15,40.69,synced,45:24.1
QR9024,0037332175540,,3575,Surge Suppressors,1.1499,37.24,synced,46:31.6
QR9025,0037332175557,,ING-QR9025,Surge Suppressors,1.15,39.2,synced,46:30.6
QR9861,0885022000999,,142427,Computer Power Supplies,1.1015,331.84,synced,45:27.1
QS0622,0198828738660,,ING-QS0622,Laptop Computers,1.06,1978.74,synced,46:32.7
QS2915,0840390318787,,ING-QS2915,Cell Phone Cases,1.1499,22.49,synced,46:30.1
QU4388,0722868950647,,ING-QU4388,Other Electronic Components & Accessories,1.1499,40.61,synced,07:57.5
QU4523,0821455048108,,3650,Network Cards,1.15,46.16,synced,42:57.5
QU5231,0722868654590,,ING-QU5231,Network Cables,1.1498,30.23,synced,42:59.5
QU5232,0821455049143,,ING-QU5232,Network Cables,1.1501,54.97,synced,43:00.5
QU5233,0821455049105,,ING-QU5233,Network Cables,1.1501,40.99,synced,42:58.5
QU5234,0821455049150,,150266,Network Cables,1.1501,46.36,synced,42:58.0
QU5235,0821455047705,,ING-QU5235,Network Cables,1.1499,46.49,synced,42:59.0
QU5237,0821455049129,,ING-QU5237,Network Cables,1.15,35.17,synced,12/5/2025 23:43
QV6973,0882658521980,,ING-QV6973,Network Cables,1.1052,184.02,synced,43:48.0
QV6998,0882658465246,,278099,Network Switch Modules,1.1023,402.16,synced,43:48.5
QV8858,0065030849609,,ING-QV8858,Network Cables,1.1499,47.16,synced,43:02.0
QV8859,0065030849593,,12543,Network Cables,1.15,56.98,synced,43:02.5
QV8860,0065030849586,,ING-QV8860,Network Cables,1.15,59.99,synced,43:49.0
QV8864,0065030849272,,ING-QV8864,Network Cables,1.0921,570.8,synced,43:47.5
QV8963,0784090031655,,12536,Computer Port Cards,1.1501,25.01,synced,43:03.5
QV8964,0784090026293,,ING-QV8964,Other Electronic Components & Accessories,1.1501,24.46,synced,43:03.0
QV9044,0767377007710,,ING-QV9044,Power Adapters,1.1237,195.33,synced,07:58.5
QV9270,0065030849388,,ING-QV9270,Audio/Video Cables,1.15,47.35,synced,43:01.5
QV9271,0065030849517,,ING-QV9271,Computer Port Cards,1.15,72.99,synced,43:01.0
QW1615,0810689070290,,ING-QW1615,Electronics Stands,1.15,94.9,synced,43:47.1
QW2215,0722868246382,,ING-QW2215,Computer Cables,1.1499,12.54,synced,43:18.5
QW2218,0655216005976,,67740,Antenna Mounts & Brackets,1.1153,304.82,synced,43:15.0
QW2337,0722868487266,,ING-QW2337,Surge Suppressors,1.1501,19.41,synced,43:59.0
QW2796,0837324002898,,59248,Terminal Blocks,1.0957,405.97,synced,35:13.3
QW4480,0757120409700,,ING-QW4480,Cable Connectors,1.1501,24.83,synced,43:11.0
QW4536,0757120389880,,ING-QW4536,Computer Cables,1.1499,24.73,synced,35:05.8
QW4537,0757120389897,,ING-QW4537,Computer Cables,1.1499,45.99,synced,07:34.9
QW4541,0757120431237,,ING-QW4541,Network Cables,1.1234,186.35,synced,43:21.0
QW5237,0886112322762,,ING-QW5237,Network Cables,1.15,109.56,synced,35:14.3
QW5306,0757120355496,,ING-QW5306,Surge Suppressors,1.1501,36.77,synced,43:53.5
QW5846,0873791004478,,21733,Cable Connectors,1.1497,9.7,synced,43:54.1
QW5847,0873791004485,,51160,Cable Connectors,1.15,7.09,synced,43:56.0
QW5849,0873791004508,,12576,Cable Connectors,1.15,12.52,synced,43:10.5
QW5850,0873791004515,,54773,Cable Connectors,1.1503,12,synced,43:51.5
QW5854,0873791004553,,9104,Cable Connectors,1.15,13.72,synced,35:25.8
QW5858,0873791004591,,12577,Cable Connectors,1.1503,12.99,synced,35:10.3
QW5859,0873791004607,,ING-QW5859,Cable Connectors,1.1501,17.32,synced,35:24.8
QW5860,0873791004614,,29746,Computer Cables,1.15,11.36,synced,43:58.5
QW5862,0873791004638,,51897,Cable Connectors,1.1503,15.46,synced,43:10.0
QW5863,0873791004645,,55269,Cable Connectors,1.1503,11.69,synced,35:26.3
QW5865,0873791004669,,9106,Cable Connectors,1.1497,12.04,synced,43:05.5
QW5873,0873791004744,,6627,Computer Cables,1.1502,18.99,synced,43:51.1
QW5875,0873791004393,,24234,Audio/Video Cables,1.1504,13.75,synced,35:08.3
QW5877,0873791004416,,24735,Audio/Video Cables,1.1498,19.08,synced,35:11.3
QW5878,0873791004423,,169096,Audio/Video Cables,1.1502,26.39,synced,35:26.8
QW5895,0873791005628,,ING-QW5895,Network Cables,1.1501,11.54,synced,43:50.5
QW5896,0873791005635,,55778,Network Cables,1.1502,19.9,synced,43:54.6
QW5900,0873791005673,,56840,Network Cables,1.1498,23.82,synced,43:05.0
QW5905,0873791005727,,54198,Hand Tool Crimpers & Strippers,1.15,15.8,synced,43:13.1
QW5906,0873791005734,,55190,Cable Testers,1.1501,34.77,synced,43:17.5
QW5908,0873791005758,,360432,Network Switches,1.15,43.71,synced,44:00.0
QW5912,0873791005796,,498828,Computer Racks & Mounts,1.1215,185.82,synced,43:59.5
QW5913,0873791005802,,498829,Computer Racks & Mounts,1.1135,302.1,synced,35:07.3
QW5914,0873791005819,,498830,Computer Racks & Mounts,1.116,194.34,synced,35:06.3
QW5915,0873791005826,,498831,Computer Racks & Mounts,1.1048,514.95,synced,43:57.6
QW5920,0873791005918,,131100,Cable Splitters,1.1501,29.66,synced,35:11.8
QW5921,0873791005925,,132691,KVM Switches,1.15,33.69,synced,35:15.8
QW5922,0873791005932,,131094,Network Switches,1.15,29.41,synced,35:10.8
QW5929,0873791006007,,74371,KVM Switches,1.1459,102.6,synced,43:16.0
QW5932,0873791006038,,59769,Cell Phone Tool Kits,1.1498,36.18,synced,43:09.5
QW5934,0873791006052,,70751,Signal Repeaters,1.15,84.16,synced,43:56.6
QW5937,0873791006083,,12571,Computer Cables,1.15,17.99,synced,35:16.8
QW5938,0873791006090,,29810,Computer Cables,1.15,17.95,synced,43:04.0
QW5940,0873791006113,,29786,Computer Cables,1.1499,21.11,synced,35:02.8
QW5942,0873791006137,,59026,Computer Cables,1.1501,17.01,synced,35:15.3
QW5943,0873791006144,,169163,Computer Cables,1.15,37.71,synced,43:06.5
QW5992,0757120039723,,42140,Network Cables,1.1503,23.31,synced,43:17.0
QW5995,0757120039754,,ING-QW5995,Network Cables,1.15,15.37,synced,43:15.5
QW6000,0757120039808,,26474,Network Cables,1.1501,18.81,synced,43:19.6
QW6003,0757120039839,,ING-QW6003,Network Cables,1.1497,16.63,synced,35:13.8
QW6007,0757120039877,,ING-QW6007,Network Cables,1.1499,19.74,synced,43:11.5
QW6009,0757120039891,,38809,Network Cables,1.1502,9.75,synced,43:50.0
QW6011,0757120039914,,28801,Network Cables,1.1497,15.63,synced,43:14.6
QW6015,0757120039952,,12588,Network Cables,1.1503,21.03,synced,35:25.3
QW6020,0757120040002,,28701,Network Cables,1.1496,15.89,synced,35:09.8
QW6021,0757120040019,,ING-QW6021,Network Cables,1.1499,19.09,synced,35:16.3
QW6023,0757120040033,,39134,Network Cables,1.1497,18.97,synced,43:16.5
QW6024,0757120040040,,38810,Network Cables,1.1503,12.99,synced,43:20.1
QW6034,0757120040149,,29925,Network Cables,1.1497,16.6,synced,43:52.5
QW6039,0757120040194,,ING-QW6039,Network Cables,1.1499,13.09,synced,43:08.0
QW6046,0757120040262,,72805,Network Cables,1.1499,10.41,synced,35:04.3
QW6055,0757120040354,,85049,Network Cables,1.1503,16.34,synced,43:58.1
QW6060,0757120040408,,6637,Network Cables,1.1503,18.56,synced,43:12.5
QW6061,0757120040415,,42152,Network Cables,1.1498,23.27,synced,43:04.5
QW6063,0757120040439,,103282,Network Cables,1.1504,10.73,synced,35:09.3
QW6069,0757120040491,,42154,Network Cables,1.1501,10,synced,35:03.3
QW6086,0757120040668,,79497,Network Cables,1.1499,15.79,synced,35:06.8
QW6098,0757120040781,,ING-QW6098,Network Cables,1.1498,22.06,synced,43:52.0
QW6105,0757120040859,,ING-QW6105,Network Cables,1.1502,16.61,synced,43:20.5
QW6107,0757120040873,,38259,Network Cables,1.1496,18.99,synced,43:55.1
QW6119,0757120040996,,24770,Network Cables,1.1497,19.22,synced,43:18.0
QW6132,0757120041122,,38263,Network Cables,1.1501,18.53,synced,43:55.5
QW6138,0757120041184,,28410,Network Cables,1.1503,18.28,synced,43:14.0
QW6140,0757120041207,,21742,Network Cables,1.1497,20.93,synced,43:53.0
QW6145,0757120041252,,71286,Network Cables,1.1499,41.09,synced,43:09.0
QW6149,0757120041290,,42258,Network Cables,1.1499,17.36,synced,43:57.1
QW6168,0757120041481,,42299,Network Cables,1.1503,4.99,synced,35:14.8
QW6189,0757120041696,,42169,Network Cables,1.1496,17.37,synced,43:21.5
QW6191,0757120041719,,38264,Network Cables,1.1499,16.8,synced,35:03.8
QW6195,0757120041757,,42301,Network Cables,1.1501,16.43,synced,43:49.5
QW6252,0757120042327,,42311,Network Cables,1.1496,10.04,synced,51:24.3
QW6294,0757120003830,,42186,Network Cables,1.15,3.99,synced,43:07.0
QW6309,0757120003984,,3725,Network Cables,1.1498,17.77,synced,35:12.3
QW6313,0757120004028,,53947,Network Cables,1.1497,16.01,synced,43:07.5
QW6314,0757120004035,,ING-QW6314,Network Cables,1.1503,10.87,synced,35:27.8
QW6318,0757120004073,,48484,Network Cables,1.1499,15.25,synced,43:06.0
QW6439,0757120005285,,42350,Network Cables,1.1503,15.14,synced,43:13.6
QW6502,0037332176523,,38241,Network Cables,1.1503,7.01,synced,35:12.8
QW6503,0037332176516,,9109,Network Cables,1.15,33.95,synced,35:05.3
QW6551,0706487012962,,ING-QW6551,VoIP Phone Adapters,1.15,32.26,synced,43:08.5
QW7994,0037332178237,,ING-QW7994,Uninterruptible Power Supplies,1.0854,1374.24,synced,43:19.0
QW7995,0037332178022,,ING-QW7995,Uninterruptible Power Supplies,1.0855,1255,synced,35:08.8
QW7996,0037332178015,,ING-QW7996,Uninterruptible Power Supplies,1.0842,1789.99,synced,35:27.3
QW8002,0037332176561,,16575,Computer Cables,1.15,41.9,synced,35:04.8
QW8006,0037332176837,,ING-QW8006,Power Cables,1.1501,35.44,synced,35:07.8
QW8008,0037332176813,,ING-QW8008,Extension Cords,1.15,7.08,synced,43:12.0
QW8974,0731304293842,,16786,Computer Replacement Parts,1.1089,195,synced,43:22.5
QW9333,0731304300984,,348485,Cable Organizers,1.15,596.78,synced,43:22.0
QW9336,0731304301011,,67339,Computer Rack Hardware & Accessories,1.1172,188,synced,43:23.5
QW9969,0064547896175,,ING-QW9969,Device-Specific Electronics Batteries,1.1211,196.56,synced,44:02.5
QW9998,0065030839020,,ING-QW9998,Network Cables,1.1499,8.39,synced,44:03.0
QW9999,0065030839006,,ING-QW9999,Network Cables,1.1498,15.62,synced,44:02.0
QX2364,0757120404118,,114199,Audio/Video Cables,1.1499,13.99,synced,44:01.5
QX6147,0810689070399,,ING-QX6147,Computer Monitors,1.06,262.32,synced,44:00.5
QX7099,0815335022227,,6660,Computer Monitors,1.06,545.58,synced,43:23.0
QY1196,0065030849678,,ING-QY1196,Extension Cords,1.1498,7.58,synced,44:04.0
QY1197,0065030849647,,ING-QY1197,Power Cables,1.1498,12.75,synced,42:40.5
QY1198,0065030849531,,ING-QY1198,Power Cables,1.1502,23.58,synced,43:28.0
QY1200,0065030849579,,ING-QY1200,Computer Cables,1.1502,12.79,synced,44:03.5
QY1201,0065030849623,,ING-QY1201,Audio/Video Cables,1.1499,16.75,synced,43:24.0
QY2299,0851718004114,,3767,Wire Connectors,1.1228,152.36,synced,07:16.1
QY2300,0851718004121,,ING-QY2300,Other Electronic Components & Accessories,1.0935,574.83,synced,44:05.0
QY2301,0851718004138,,ING-QY2301,Computer Scanners,1.0957,350.04,synced,43:24.5
QY3512,0821455050217,,42468,Network Switch Modules,1.15,66.17,synced,44:05.5
QY3584,0710931160024,,ING-QY3584,Network Switches,1.15,30.99,synced,44:04.5
QY3693,0851718004107,,ING-QY3693,Electronic Touchpads,1.106,278.73,synced,43:25.5
QY3694,0851718004152,,ING-QY3694,Other Computer Accessories,1.1087,259.14,synced,43:25.0
QY5430,0821455052457,,ING-QY5430,Network Cables,1.1501,23.23,synced,43:26.0
QY5431,0821455052464,,12645,Network Cables,1.1498,29.71,synced,44:06.6
QY5432,0821455052471,,86157,Network Cables,1.1499,32.18,synced,44:01.0
QZ0680,0882658521966,,ING-QZ0680,Power Cables,1.1501,61.05,synced,43:29.5
QZ2009,0023942979920,,ING-QZ2009,Computer Mice,1.1499,17.86,synced,50:51.0
QZ3412,0800975028296,,ING-QZ3412,Wireless Repeaters & Transceivers,1.094,519.63,synced,44:14.1
QZ3606,0873791006342,,131744,Cable Connectors,1.1501,10.99,synced,51:58.4
QZ3607,0873791006359,,51563,Cable Connectors,1.1498,14.54,synced,44:08.1
QZ3608,0873791006366,,131675,Cable Connectors,1.1502,22.64,synced,44:09.5
QZ3610,0873791006380,,ING-QZ3610,Computer Cables,1.1501,13.19,synced,43:31.5
QZ3612,0873791006403,,ING-QZ3612,Computer Cables,1.1501,25.04,synced,44:13.6
QZ3615,0873791006434,,ING-QZ3615,Audio/Video Cables,1.1501,17.54,synced,43:32.0
QZ3620,0873791006489,,54970,Computer Cables,1.1498,17.89,synced,44:16.1
QZ3622,0873791006502,,ING-QZ3622,Computer Cables,1.1501,18.01,synced,44:10.6
QZ3626,0873791006540,,ING-QZ3626,Computer Cables,1.1501,26.99,synced,43:32.6
QZ3631,0873791006595,,ING-QZ3631,Computer Cables,1.1501,30.14,synced,44:09.0
QZ3633,0873791006618,,ING-QZ3633,Computer Cables,1.1501,30.65,synced,43:30.5
QZ3634,0873791006625,,ING-QZ3634,Audio/Video Cables,1.15,32.17,synced,44:06.0
QZ3635,0873791006632,,67067,Computer Cables,1.1501,25.35,synced,44:07.1
QZ3639,0873791006670,,360418,Network Switches,1.15,55.2,synced,43:29.0
QZ3661,0873791006892,,52006,Switch & Outlet Plates,1.1499,20.76,synced,44:14.6
QZ3662,0873791006908,,ING-QZ3662,Switch & Outlet Plates,1.1501,15.78,synced,43:27.0
QZ3663,0873791006915,,61786,Switch & Outlet Plates,1.1497,15.63,synced,44:07.6
QZ4624,0722868778982,,ING-QZ4624,Network Cables,1.1499,17.49,synced,51:55.3
QZ4630,0722868467459,,27971,Network Cables,1.15,56.71,synced,44:11.1
QZ4775,0722868453834,,ING-QZ4775,Network Cables,1.15,55.01,synced,44:10.1
QZ4937,0037229334166,,9162,Cigarette Lighter Adapters,1.1498,23.99,synced,35:28.3
QZ4977,0722868900123,,4380,Surge Suppressors,1.1501,39.44,synced,35:18.9
QZ5207,0722868535004,,ING-QZ5207,Network Cables,1.1502,12.29,synced,35:30.3
QZ5432,0722868718940,,ING-QZ5432,Audio/Video Cables,1.1501,29.34,synced,35:17.8
QZ5848,0722868660195,,37207,Network Cables,1.1498,13.49,synced,43:36.0
QZ6067,0722868241769,,37279,Network Cables,1.1502,13.94,synced,44:11.6
QZ6077,0097855093080,,ING-QZ6077,Headsets,1.15,66.75,synced,44:15.6
QZ6078,0097855093103,,ING-QZ6078,Headsets,1.15,74.99,synced,43:26.5
QZ6370,0845973021160,,ING-QZ6370,Network Switches,1.1499,64.99,synced,43:31.0
QZ6602,0037332162854,,78182,Switch & Outlet Plates,1.1499,27.83,synced,43:34.0
QZ6870,0808447012279,,55153,Audio/Video Cables,1.1503,19.86,synced,43:35.5
QZ6871,0808447012286,,51579,Audio/Video Cables,1.1499,22.84,synced,35:18.3
QZ6877,0808447000528,,63296,Audio/Video Cables,1.1499,31.99,synced,43:27.5
QZ6881,0808447000511,,71170,Audio/Video Cables,1.15,19.51,synced,44:13.1
QZ6882,0808447023930,,54472,Computer Cables,1.1498,17.72,synced,35:29.8
QZ6883,0808447023947,,51244,Computer Cables,1.1502,,synced,43:28.5
QZ6885,0808447023961,,12720,Computer Cables,1.1499,36.43,synced,44:08.6
QZ7257,0037332175892,,25201,Audio/Video Cables,1.15,85.46,synced,44:12.1
QZ7261,0037332178114,,21664,Network Cables,1.1499,54.97,synced,35:29.3
QZ7263,0037332178152,,ING-QZ7263,Network Cables,1.15,58.88,synced,43:33.1
QZ7265,0037332178183,,98897,Network Cables,1.15,68.92,synced,43:30.0
QZ7266,0037332178206,,77574,Network Cables,1.15,96.3,synced,44:12.5
QZ7450,0808447065152,,12705,Computer Cables,1.1501,39.53,synced,35:28.8
QZ8357,0037332115546,,ING-QZ8357,Surge Suppressors,1.15,65,synced,44:16.6
R39332,0065030830249,,ING-R39332,Computer Cables,1.15,12.95,synced,35:19.8
R39333,0065030830256,,ING-R39333,Computer Cables,1.15,16.78,synced,35:33.8
R39335,0065030830805,,ING-R39335,Power Cables,1.15,23.78,synced,35:21.8
R39459,0722868138922,,ING-R39459,Network Cables,1.1504,17.64,synced,43:43.5
R39580,0065030824682,,ING-R39580,Analog-to-Digital Converters,1.1311,137.11,synced,43:39.0
R81144,0884420125099,,ING-R81144,Computer Keyboards,1.106,268.75,synced,35:31.3
R85300,0037332143280,,3849,Power Cables,1.1499,36.46,synced,44:17.6
R85483,0882658210709,,ING-R85483,Network Cables,1.1467,104.94,synced,35:22.3
R85485,0882658210730,,3835,Power Cables,1.15,41.94,synced,35:19.3
R85539,0037332144515,,3850,Power Distribution Units,1.15,167.07,synced,35:33.3
R85549,0037332143853,,38831,Computer Rack Hardware & Accessories,1.0868,1241.99,synced,35:35.8
R85936,0882658210723,,ING-R85936,Network Cables,1.1471,114.77,synced,43:35.1
R86862,0092636241339,,ING-R86862,Screen Privacy Filters,1.15,43.71,synced,44:23.6
R99709,0832938044357,,664,Network Cables,1.15,108.77,synced,35:24.3
R99710,0832938044364,,ING-R99710,Network Cables,1.1408,80.09,synced,43:41.0
RA0459,0037332178473,,114868,Computer Cables,1.15,8.57,synced,43:40.0
RA0776,0805736045888,,80091,Projector Replacement Lamps,1.1282,262.49,synced,44:22.5
RA1152,0706487013273,,ING-RA1152,Other Electronic Components & Accessories,1.1501,54.95,synced,43:39.5
RA1668,0851718004251,,69570,Other Electronic Components & Accessories,1.0982,,synced,35:22.8
RA1670,0851718004176,,ING-RA1670,Electronic Touchpads,1.1009,203.79,synced,44:18.0
RA1674,0851718004220,,23115,Graphics Tablets,1.0987,362.44,synced,35:32.8
RA1676,0851718004299,,ING-RA1676,Barcode Scanners,1.0938,506.3,synced,43:37.1
RA1696,0037332177025,,ING-RA1696,Surge Suppressors,1.1501,37.23,synced,35:32.3
RA1697,0037332177049,,67502,KVM Switches,1.0892,974.15,synced,43:43.0
RA1906,0808447058321,,23110,Extension Cords,1.1503,9.67,synced,43:40.5
RA1907,0808447058338,,9241,Extension Cords,1.15,11.67,synced,35:20.3
RA1908,0808447058345,,12887,Extension Cords,1.15,25.01,synced,43:37.5
RA1909,0808447058352,,9242,Extension Cords,1.1502,29.32,synced,43:42.5
RA1910,0808447058369,,27758,Extension Cords,1.15,30.17,synced,43:38.5
RA1912,0808447048735,,12913,Computer Cables,1.1499,30.85,synced,44:23.1
RA1915,0808447063226,,12888,Computer Cables,1.1501,31.13,synced,35:31.8
RA1916,0808447063196,,9243,Computer Cables,1.1501,28.62,synced,35:35.3
RA1917,0808447063202,,28006,Computer Cables,1.1502,24.14,synced,35:23.3
RA1921,0808447024944,,12915,Network Cables,1.1501,27.26,synced,43:36.5
RA1922,0808447024968,,12916,Network Cables,1.1499,17.67,synced,44:19.6
RA1925,0808447025033,,115109,Network Cables,1.15,45.99,synced,35:34.3
RA1929,0808447025477,,48475,Network Cables,1.1501,40.82,synced,35:17.3
RA1931,0808447025538,,64988,Network Cables,1.15,56.22,synced,35:36.3
RA1932,0808447025545,,12889,Network Cables,1.1499,51.99,synced,44:19.1
RA1980,0808447067224,,ING-RA1980,Audio/Video Cables,1.1499,46.58,synced,43:41.5
RA1993,0808447045635,,51591,Network Cables,1.1499,28.67,synced,44:18.6
RA1994,0808447045642,,59878,Network Cables,1.1499,43.9,synced,44:15.1
RA1996,0808447045666,,59024,Network Cables,1.15,35.54,synced,44:20.6
RA2003,0808447068672,,27731,Network Cables,1.1501,39.65,synced,35:34.8
RA2005,0808447068696,,69215,Network Cables,1.1499,40.55,synced,35:36.8
RA2819,0037332178930,,52135,Computer Racks & Mounts,1.1112,267.2,synced,43:45.5
RA2828,0037332179692,,67961,Other Electronic Components & Accessories,1.15,66.98,synced,43:42.1
RA2830,0037332179678,,115203,Power Cables,1.1501,66.99,synced,44:22.0
RA2877,0065030850735,,ING-RA2877,Audio/Video Cables,1.15,17.6,synced,43:33.5
RA2883,0065030850674,,ING-RA2883,Lighting Cables,1.1502,11.14,synced,43:38.1
RA3004,0065030839051,,ING-RA3004,Network Cables,1.15,22.17,synced,35:21.3
RA3006,0065030839037,,23988,Network Cables,1.1499,19.6,synced,44:20.1
RA3007,0065030839099,,ING-RA3007,Network Cables,1.1502,18.6,synced,43:34.5
RA3011,0065030789257,,ING-RA3011,Network Cables,1.1499,40.36,synced,35:20.8
RA3013,0065030838986,,23943,Network Cables,1.15,13.54,synced,44:21.6
RA3025,0065030839136,,ING-RA3025,Network Cables,1.15,34.26,synced,43:45.0
RA5035,0743172043085,,361595,Network Cards,1.0873,1282.26,synced,44:21.1
RA7811,0065030850995,,ING-RA7811,Analog-to-Digital Converters,1.1501,14.95,synced,44:24.5
RB0524,0882658521973,,1686,Network Cables,1.1149,177.6,synced,51:58.8
RB2670,0065030849746,,12399,Network Cables,1.1502,29.37,synced,44:25.1
RB2672,0065030846974,,ING-RB2672,Computer Cables,1.15,65.29,synced,35:23.8
RB2674,0065030847995,,ING-RB2674,Computer Cables,1.1501,54.4,synced,44:24.0
RB3512,0065030850643,,ING-RB3512,Network Switch Modules,1.15,46.99,synced,43:44.5
RC2208,0037229004717,,9048,Computer Cables,1.1502,22.99,synced,43:46.5
RC2223,0037229004137,,9049,Cable Connectors,1.1498,10.95,synced,43:44.0
RC2894,0021299142868,,ING-RC2894,Headsets,1.15,18.99,synced,35:37.3
RC3224,0037229334012,,44948,Power Adapters,1.1504,16.72,synced,44:25.6
RC9705,0710931140057,,ING-RC9705,Network Switches,1.15,31.98,synced,43:46.0
RD0379,0882658555015,,18634,Antennas,1.08,873.54,synced,12/5/2025 23:41
RD5096,0673825421208,,73682,Hard Drives,1.123,137.65,synced,42:50.1
RD5136,0065030849821,,ING-RD5136,Computer Cables,1.1501,16.75,synced,41:28.5
RD9166,0757120293002,,ING-RD9166,Surge Suppressors,1.1501,14.78,synced,41:57.0
RF0453,0843173153698,,ING-RF0453,Computer Monitors,1.06,576.39,synced,42:48.0
RF3706,0092636369644,,ING-RF3706,Electronics Film Protectors,1.15,52.26,synced,41:56.5
RF6917,0850041503738,,ING-RF6917,Automotive Seats,1.12,252.94,synced,41:29.5
RF6918,0850041503714,,ING-RF6918,Automotive Seats,1.12,271.97,synced,42:49.0
RF7011,0633886017413,,ING-RF7011,"Tablet Holders, Carriers & Cases",1.15,42.12,synced,34:54.3
RF8366,0841567005400,,ING-RF8366,Computer Cables,1.1501,28.78,synced,41:58.5
RF8500,0757120008927,,145320,Network Cables,1.1498,24.61,synced,41:31.0
RF9296,0840006676898,,ING-RF9296,Computer Power Supplies,1.1294,114.99,synced,41:30.0
RG0013,0784090031808,,ING-RG0013,Computer Video Cards,1.1135,204.11,synced,42:00.0
RG0014,0784090031815,,57456,RAM Memory,1.1427,124.18,synced,41:57.5
RG0321,0784090028587,,1514,RAM Memory,1.1499,29.55,synced,41:29.0
RG4517,0757120291312,,39829,Audio/Video Cables,1.1499,31.05,synced,41:58.0
RG5421,0757120432906,,42586,Other Electronic Components & Accessories,1.1501,,synced,41:59.5
RG5851,0757120103387,,129475,Computer Cables,1.1503,18.5,synced,41:59.0
RG6509,0722868487228,,ING-RG6509,Surge Suppressors,1.1501,38.64,synced,42:03.0
RG6676,0615104053601,,28486,Headsets,1.1372,37.54,synced,41:31.5
RG7777,0037229227055,,38377,Computer Cables,1.1503,15.87,synced,42:02.0
RG7906,0722868686102,,ING-RG7906,Network Cables,1.1498,14.15,synced,42:01.0
RG7921,0845973021146,,ING-RG7921,Network Switches,1.1501,24.99,synced,41:30.5
RG7922,0845973021153,,ING-RG7922,Network Switches,1.15,29.97,synced,42:52.0
RG8107,0760557824893,,166813,Flash Drives,1.1497,12.98,synced,42:01.5
RG8429,0873791007189,,29754,Wire & Cable Organizers,1.1505,11.63,synced,34:47.3
RG8493,0873791007455,,55655,Cable Connectors,1.1502,28.69,synced,34:54.9
RG8510,0873791007233,,21694,Network Adapters,1.15,27.98,synced,42:50.5
RG8513,0873791007127,,ING-RG8513,Cell Phone Tool Kits,1.1503,4.99,synced,42:49.5
RH3587,0043859661329,,ING-RH3587,Mouse Pads,1.1502,27.17,synced,42:00.5
RH3588,0043859661336,,78247,Wrist Rests,1.1498,32.41,synced,42:02.5
RH7219,0065030850513,,ING-RH7219,Computer Cables,1.1499,6.61,synced,41:32.0
RH8575,0743172043009,,ING-RH8575,Uninterruptible Power Supplies,1.0895,749.95,synced,42:05.5
RH8577,0743172043023,,131773,Uninterruptible Power Supplies,1.0903,860.43,synced,42:08.5
RH8581,0743172043061,,ING-RH8581,Uninterruptible Power Supplies,1.0864,1120.12,synced,42:07.0
RH9787,0821455054482,,ING-RH9787,Computer Cables,1.1499,12.95,synced,42:07.5
RH9788,0821455054499,,ING-RH9788,Computer Cables,1.1498,18.93,synced,42:51.5
RH9791,0821455054529,,ING-RH9791,Computer Cables,1.1501,28.9,synced,34:55.8
RH9792,0821455054536,,ING-RH9792,Computer Cables,1.1498,31.63,synced,42:04.5
RH9795,0821455054567,,ING-RH9795,Audio/Video Cables,1.1502,15.62,synced,42:06.0
RH9797,0821455054581,,ING-RH9797,Computer Cables,1.15,20.74,synced,41:33.5
RH9799,0821455054604,,ING-RH9799,Computer Cables,1.1503,12.99,synced,41:32.5
RH9802,0821455054635,,6652,Computer Cables,1.1502,18.93,synced,42:09.0
RH9807,0821455054680,,3753,Computer Cables,1.1501,20.22,synced,41:33.0
RJ0165,0757120502388,,6656,Computer Cables,1.1501,27.88,synced,42:05.0
RJ0205,0757120502104,,42709,Audio/Video Cables,1.1502,22.3,synced,42:52.5
RJ2427,0757120425168,,ING-RJ2427,Computer Cables,1.1497,9,synced,42:04.0
RJ3256,0757120502180,,6665,Audio/Video Cables,1.1501,62.47,synced,42:03.5
RJ3687,0757120425175,,134,Audio/Video Cables,1.1502,27.76,synced,42:06.5
RJ5889,0698833040043,,ING-RJ5889,Desks,1.15,765,synced,34:55.3
RL7405,0065030849852,,ING-RL7405,Computer Cables,1.1499,46.72,synced,42:14.0
RL7406,0065030849869,,ING-RL7406,Computer Cables,1.15,52.74,synced,34:47.8
RL7413,0065030850810,,46812,Network Adapters,1.15,27.45,synced,42:10.5
RM2844,0672792003691,,718965,Cable Splitters,1.1055,205.93,synced,42:13.5
RM3073,0065030850834,,ING-RM3073,Computer Cables,1.15,42.67,synced,42:14.5
RM4407,0757120502159,,26596,Computer Cables,1.1501,39.18,synced,34:58.3
RM4408,0757120502111,,28434,Computer Cables,1.1498,22.46,synced,41:34.5
RM4659,0731304282686,,ING-RM4659,Device-Specific Electronics Batteries,1.0969,347.69,synced,42:09.5
RP5267,0731304294399,,16892,Power Cables,1.1193,231.32,synced,42:12.0
RP5530,0822088075301,,705986,Cable Connectors,1.15,101.99,synced,42:10.0
RP5549,0822088075356,,705987,Cable Connectors,1.15,100.56,synced,42:08.0
RP5550,0822088009573,,719104,Cable Connectors,1.15,19.22,synced,34:57.3
RP5552,0822088009580,,719305,Cable Connectors,1.1499,33.2,synced,42:15.0
RP5561,0822088066057,,718371,Network Cables,1.1499,,synced,34:49.8
RP5565,0822088068549,,719306,Network Cables,1.1499,47.05,synced,42:16.5
RP5587,0822088050476,,714065,Network Cables,1.1502,9.77,synced,41:34.0
RP5595,0822088076810,,274302,Network Cables,1.1503,17.9,synced,42:51.0
RP5615,0822088008170,,362003,Network Cables,1.1503,19.95,synced,41:36.5
RP5700,0822088074076,,718376,Network Cables,1.15,41.74,synced,42:11.0
RP5724,0822088008576,,284801,Network Cables,1.1498,12.61,synced,42:13.0
RP5728,0822088008590,,503926,Network Cables,1.1495,11.67,synced,42:16.0
RP5748,0822088008699,,719492,Network Cables,1.1495,7.58,synced,34:56.8
RP5760,0822088050087,,53434,Network Cables,1.1499,9.58,synced,42:15.5
RP5776,0822088050261,,362198,Network Cables,1.1502,12.61,synced,34:50.3
RP5784,0822088050506,,362222,Network Cables,1.1502,9.39,synced,41:37.0
RP5792,0822088008866,,718380,Network Cables,1.15,,synced,41:35.5
RP5819,0822088050407,,367770,Network Cables,1.1496,20.03,synced,42:12.5
RP5835,0822088050469,,134071,Network Cables,1.1502,10.52,synced,34:58.8
RP5899,0822088076643,,705971,Network Cables,1.1502,19.95,synced,34:57.8
RP5929,0822088066309,,719311,Network Cables,1.15,93.06,synced,41:36.0
RP5943,0822088050896,,50564,Network Cables,1.1495,6,synced,34:56.3
RP5959,0822088050773,,115524,Network Cables,1.1501,19.83,synced,41:39.0
RP5963,0822088009771,,530258,Network Cables,1.1498,12.87,synced,41:35.0
RP5967,0822088009788,,504164,Network Cables,1.1498,10.86,synced,42:11.5
RP6012,0822088010005,,719049,Network Cables,1.15,71.53,synced,34:59.8
RP6034,0822088075585,,719050,Switch & Outlet Plates,1.1499,14.12,synced,34:51.3
RP6054,0822088075608,,714062,Network Cables,1.1499,,synced,42:17.5
RP6069,0822088010265,,719048,Network Cables,1.1499,82.6,synced,41:38.5
RP6093,0822088074441,,152737,Network Cables,1.1497,14.33,synced,42:21.5
RP6105,0822088010401,,347282,Network Cables,1.1497,15.33,synced,34:59.3
RP6117,0822088010463,,285941,Network Cables,1.1497,20.99,synced,41:40.5
RP6141,0822088050926,,150232,Network Cables,1.1499,10.74,synced,41:37.5
RP6153,0822088050988,,415148,Network Cables,1.1499,14.99,synced,42:53.5
RP6160,0822088067207,,719459,Network Cables,1.1499,30.58,synced,42:54.5
RP6169,0822088010647,,40620,Network Cables,1.1499,,synced,42:53.1
RP6211,0822088050704,,51726,Network Cables,1.1497,16.13,synced,42:21.0
RP6239,0822088123354,,413972,Network Cables,1.1498,15.14,synced,41:39.5
RP6255,0822088010944,,719460,Network Cables,1.1502,11.21,synced,42:19.5
RP6267,0822088066477,,53885,Network Cables,1.15,15.81,synced,41:40.0
RP6279,0822088011088,,ING-RP6279,Network Cables,1.1498,19.99,synced,42:19.0
RP6283,0822088011118,,705972,Network Cables,1.1499,20.7,synced,42:20.5
RP6291,0822088011149,,261924,Patch Cables,1.1499,20.57,synced,42:17.0
RP6295,0822088011163,,715399,Network Cables,1.1499,19.79,synced,42:18.5
RP6336,0822088081821,,650892,Network Cables,1.15,16.09,synced,42:54.0
RP6341,0822088072317,,650893,Network Cables,1.15,17.73,synced,34:50.8
RP6346,0822088081876,,533262,Network Cables,1.1499,15.8,synced,42:20.0
RP6357,0822088081937,,462208,Network Cables,1.1501,22.91,synced,42:22.0
RP6366,0822088070290,,706060,Network Cables,1.1499,27.04,synced,34:49.3
RP6389,0822088057680,,641779,Audio/Video Cables,1.1499,37.42,synced,41:41.0
RP6396,0822088058960,,668796,Computer Cables,1.1499,37.66,synced,34:48.3
RP6472,0822088058083,,714243,Audio/Video Cables,1.1498,15.96,synced,34:48.8
RP6473,0822088058090,,288334,Audio/Video Cables,1.15,25.01,synced,41:38.0
RP6653,0822088062462,,530264,Cable Splitters,1.1077,294.22,synced,42:18.0
RR4991,0821455057841,,16955,Network Cables,1.15,74.48,synced,42:22.5
RS5664,0840046051556,,ING-RS5664,Computer Monitors,1.06,99.99,synced,07:30.4
RS5666,0840046051563,,ING-RS5666,Computer Monitors,1.06,148.15,synced,42:23.1
RS8400,0191999684736,,ING-RS8400,Electronics Carrying Cases,1.1501,25.37,synced,07:59.9
RS8916,0662774046372,,ING-RS8916,Audio/Video Cables,1.1501,53.01,synced,41:43.0
RS8919,0840283918216,,ING-RS8919,"Tablet Holders, Carriers & Cases",1.1499,43.82,synced,41:44.0
RS8920,0196388445202,,ING-RS8920,Laptop Computers,1.06,1534.99,synced,52:00.8
RS8925,0196388444366,,ING-RS8925,Tablet Computers,1.06,2177.6,synced,42:27.5
RS8926,0196388546466,,ING-RS8926,Laptop Computers,1.06,2730.75,synced,07:30.9
RS8927,0196388445523,,ING-RS8927,Tablet Computers,1.06,1951.3,synced,35:00.3
RS8929,0196388452316,,ING-RS8929,Tablet Computers,1.06,1749.99,synced,42:27.0
RS8939,0196388452330,,ING-RS8939,Tablet Computers,1.06,1961.56,synced,41:43.5
RS8944,0196388444205,,ING-RS8944,Tablet Computers,1.06,2099.74,synced,41:41.5
RS8949,0196388546398,,ING-RS8949,Laptop Computers,1.06,1709.99,synced,42:23.5
RS8950,0196388546428,,ING-RS8950,Laptop Computers,1.06,2210.24,synced,42:25.5
RS8951,0196388546138,,ING-RS8951,Laptop Computers,1.06,1639.99,synced,42:26.0
RS8952,0196388546343,,ING-RS8952,Laptop Computers,1.06,1607.69,synced,41:42.5
RS8955,0196388442874,,ING-RS8955,Laptop Docking Stations,1.1216,171.74,synced,42:26.5
RS8956,0196388546220,,ING-RS8956,Laptop Computers,1.06,1799.99,synced,42:55.5
RS8957,0196388546244,,ING-RS8957,Laptop Computers,1.06,2099,synced,42:28.0
RS8960,0196388446162,,ING-RS8960,Tablet Computers,1.06,1799.74,synced,42:24.5
RS8962,0196388546367,,ING-RS8962,Laptop Computers,1.06,1919.99,synced,07:35.9
RS8964,0196388546251,,ING-RS8964,Laptop Computers,1.06,1734.99,synced,12/5/2025 23:41
RS8969,0196388445363,,ING-RS8969,Tablet Computers,1.06,1749.74,synced,42:55.1
RS8970,0196388546329,,ING-RS8970,Laptop Computers,1.06,1734.99,synced,41:44.5
RS8978,0196388445844,,ING-RS8978,Tablet Computers,1.06,1749.74,synced,42:24.0
RS8991,0196388477609,,ING-RS8991,Laptop Computers,1.06,2367.73,synced,42:25.0
RT3224,0743172043542,,ING-RT3224,Uninterruptible Power Supplies,1.1184,183.99,synced,42:29.0
RT3226,0743172043566,,ING-RT3226,Uninterruptible Power Supplies,1.1055,272.06,synced,42:28.5
RT4583,0807648024135,,77191,Computer Rack Hardware & Accessories,1.1261,134.99,synced,42:29.5
RT6473,0734646498197,,ING-RT6473,Printer Maintenance Kits,1.15,248.47,synced,41:46.5
RT7914,0010343902015,,ING-RT7914,Printers & All-in-Ones,1.15,228.79,synced,41:49.0
RT7915,0010343902053,,ING-RT7915,Printer Ribbons,1.1498,15,synced,42:56.0
RT8189,0757120502166,,26493,Audio/Video Cables,1.15,44.63,synced,41:47.5
RT8190,0757120502197,,38989,Computer Cables,1.1499,49.49,synced,42:33.5
RT8195,0757120502296,,7201,Audio/Video Cables,1.15,51.82,synced,34:51.8
RU8367,0743172045195,,ING-RU8367,Computer Rack Hardware & Accessories,1.1426,115.67,synced,42:33.0
RV0690,0065030850681,,ING-RV0690,Lighting Cables,1.1499,15.92,synced,42:32.5
RV5783,0783750005999,,ING-RV5783,Computer Keyboards,1.1501,19.3,synced,35:00.8
RV5792,0784090031945,,173699,RAM Memory,1.1499,25.07,synced,41:49.5
RV5815,0784090032058,,13517,Computer Cables,1.1501,29.29,synced,42:31.0
RV6965,0065030850933,,7214,Computer Cables,1.1501,37.63,synced,42:30.0
RV7015,0835788108262,,56181,Cable Connectors,1.15,89.23,synced,41:45.0
RV7027,0835788108552,,61792,Cable Connectors,1.15,80.17,synced,42:30.5
RV7816,0065030850940,,ING-RV7816,USB Hubs,1.1499,19.99,synced,41:47.0
RV7817,0065030850957,,ING-RV7817,USB Hubs,1.1499,32.99,synced,42:32.0
RV8793,0023942983194,,ING-RV8793,Optical Recording Media,1.1486,68.71,synced,42:31.5
RW2205,0065030850872,,ING-RW2205,Computer Cables,1.1501,11.73,synced,42:34.0
RW2206,0065030851121,,ING-RW2206,Memory Card Readers,1.1499,23.78,synced,41:45.5
RW6947,0882658340925,,55686,Network Switch Modules,1.0824,2966.41,synced,34:52.3
RW6973,0698833039566,,ING-RW6973,TV & Monitor Mounts,1.1385,131,synced,41:46.0
RW9282,0757120137870,,38651,Audio/Video Cables,1.1501,5.99,synced,41:50.0
RW9997,0760557823483,,ING-RW9997,Memory Card Readers,1.1499,21.73,synced,42:35.5
RX0082,0757120425236,,26608,Computer Cables,1.1499,21.01,synced,42:35.0
RY9655,0832938064218,,ING-RY9655,Power Cables,1.1499,95,synced,41:48.5
RY9678,0832938063617,,430689,Computer Cooling,1.1044,,synced,41:48.0
RY9683,0832938064614,,20601,Computer Power Supplies,1.104,291.04,synced,34:52.8
RY9695,0832938064645,,ING-RY9695,Network Cables,1.1259,41.63,synced,42:37.5
RZ0421,0065030851626,,4374,Hard Drives,1.1501,31.6,synced,42:36.0
RZ0441,0037332178398,,4379,Signal Repeaters,1.1278,37.75,synced,42:36.5
RZ0827,0065030851596,,ING-RZ0827,Network Cables,1.1207,171.68,synced,42:37.0
RZ0829,0065030851824,,13935,Computer Cables,1.15,18.91,synced,41:50.5
RZ0830,0065030851497,,13936,Computer Cables,1.1499,27.31,synced,34:53.3
RZ0884,0881317511355,,4402,Computer Cables,1.1498,14.99,synced,35:01.3
RZ1209,0065030851138,,ING-RZ1209,Cable Connectors,1.15,34.04,synced,41:51.0
RZ1211,0065030851510,,13963,Computer Cables,1.15,27.28,synced,42:34.5
RZ1212,0065030849876,,21697,Computer Cables,1.15,43.88,synced,42:38.0
RZ3115,0065030852258,,ING-RZ3115,Computer Replacement Parts,1.1499,20.99,synced,42:42.5
RZ3120,0065030851213,,ING-RZ3120,Computer Cables,1.1502,16.87,synced,42:39.5
RZ3411,0051135809105,,ING-RZ3411,Keyboard Drawers & Platforms,1.15,146.55,synced,42:41.5
RZ3536,0065030851954,,24553,Network Cables,1.1501,31.4,synced,35:01.8
RZ3748,0092636292805,,ING-RZ3748,Screen Privacy Filters,1.15,85.01,synced,42:40.0
RZ4057,0065030852395,,ING-RZ4057,Computer Cables,1.1499,36.98,synced,42:41.0
RZ4160,0672792004261,,52031,KVM Switches,1.0991,176.11,synced,42:39.0
RZ4403,0065030852296,,ING-RZ4403,Sound Cards,1.1499,33.99,synced,41:52.0
RZ4940,0708326913867,,274406,Hard Drives,1.1039,263.07,synced,41:51.5
RZ4953,0065030851534,,ING-RZ4953,Computer Cables,1.1501,17.99,synced,42:38.5
RZ4954,0065030851299,,ING-RZ4954,Laptop Docking Stations,1.15,95.54,synced,42:42.0
RZ4957,0065030850889,,ING-RZ4957,Computer Cables,1.15,15.99,synced,41:52.5
RZ4958,0065030850896,,ING-RZ4958,Computer Cables,1.1499,20.17,synced,35:02.3
S10801,0783750013826,,ING-S10801,Computer Mice,1.15,13.99,synced,52:26.4
S11318,0840030702495,,ING-S11318,Network Switches,1.1092,239.99,synced,42:56.5
S11320,0810142820417,,ING-S11320,Network Switches,1.0874,1084.65,synced,42:43.5
S11326,0810142821711,,ING-S11326,Wireless Access Points,1.15,89.99,synced,12/5/2025 23:41
S11456,0783750013802,,ING-S11456,Computer Mice,1.15,13.49,synced,42:43.1
S11987,0810069811505,,ING-S11987,Computer Monitors,1.06,730.85,synced,42:44.0
S13794,0197105788176,,ING-S13794,Desktop Computers,1.06,218.11,synced,42:44.5
S14671,0037332292216,,ING-S14671,Network Cables,1.1391,142.76,synced,34:53.8
S14694,0037332292261,,ING-S14694,Network Cables,1.1149,223.23,synced,41:53.5
S14698,0037332288783,,ING-S14698,Surge Suppressors,1.1499,30.99,synced,42:45.5
S14715,0037332292230,,ING-S14715,Network Cables,1.1301,152.58,synced,42:45.0
S15193,0198155566592,,ING-S15193,Laptop Computers,1.06,920.75,synced,42:46.0
S15194,0198155618642,,ING-S15194,Laptop Computers,1.06,889,synced,41:54.5
S15195,0198155566653,,ING-S15195,Laptop Computers,1.06,814.4,synced,41:54.0
S15199,0195892102892,,ING-S15199,Device-Specific Electronics Chargers,1.1501,62.13,synced,42:57.0
S15200,0198155566646,,ING-S15200,Laptop Computers,1.06,785.75,synced,42:47.0
S15446,0718037893662,,ING-S15446,Hard Drives,1.15,59.99,synced,42:46.5
S16294,0198122920563,,ING-S16294,Computer Monitors,1.06,429,synced,41:55.5
S16314,0195042180046,,ING-S16314,Power Adapters,1.15,106.39,synced,42:47.5
S17391,0745883891696,,ING-S17391,Headsets,1.1499,30.99,synced,07:55.9
S17392,0745883901890,,ING-S17392,Electronics Film Protectors,1.15,44.99,synced,42:48.5
S19085,0195892109778,,ING-S19085,Stylus Pens,1.1501,63.29,synced,41:55.0
S19460,0198153419876,,ING-S19460,Computer Monitors,1.06,262.4,synced,41:01.9
S30374,0850038769703,,ING-S30374,Electronics Film Protectors,1.1501,40.93,synced,12/5/2025 23:41
S35039,0195112131091,,ING-S35039,Network Switch Modules,1.0838,2225.87,synced,41:14.5
S35150,0196786294549,,ING-12AN21,Computer Monitors,1.06,481.09,synced,41:15.5
S35388,0065030910606,,ING-S35388,Audio/Video Cables,1.1499,27.82,synced,41:15.0
S35389,0065030910613,,ING-S35389,Audio/Video Cables,1.1499,17.44,synced,41:16.0
S35390,0065030904742,,ING-S35390,Network Adapters,1.15,29,synced,41:02.4
S35392,0065030910576,,ING-S35392,Audio/Video Cables,1.1501,26.26,synced,51:05.1
S36183,0886734897877,,ING-S36183,Device-Specific Electronics Batteries,1.15,95.41,synced,41:02.9
S36950,0606449166422,,ING-S36950,Network Routers,1.0965,424.21,synced,41:17.0
S36970,4.06404E+12,,ING-S36970,Headsets,1.1018,320.99,synced,41:16.5
S38488,0740617347326,,ING-S38488,Hard Drives,1.0999,428.81,synced,41:17.5
S41783,0195875010145,,ING-8WA685,Wireless Access Points,1.1001,267.77,synced,41:18.0
S41785,0195875215014,,ING-06JZ26,Wireless Access Points,1.0879,891.94,synced,41:18.5
S42058,0606449170351,,ING-S42058,Wireless Access Points,1.15,93.63,synced,41:19.0
S42241,0766907029598,,ING-S42241,Computer Monitors,1.06,122.48,synced,07:37.4
S43082,0810084694428,,ING-S43082,Camera & Camcorder Mounts,1.1499,47.96,synced,41:19.5
S44597,0198990112985,,ING-S44597,Laptop Computers,1.06,2309.99,synced,41:20.5
S44600,0198990118109,,ING-S44600,Laptop Computers,1.06,1767.42,synced,41:03.9
S44657,0065030902588,,ING-S44657,Surge Suppressors,1.1239,137.69,synced,12/5/2025 23:41
S44659,0065030902571,,ING-S44659,Surge Suppressors,1.1286,123.24,synced,41:03.4
S45036,0757120040477,,136768,Network Cables,1.1504,,synced,41:04.4
S45113,0195892107798,,ING-S45113,Network Cards,1.1062,275.53,synced,41:22.0
S45154,0078477877586,,ING-S45154,Vehicle Charging Stations,1.12,683.49,synced,41:21.5
S45963,0198990094540,,ING-S45966,Laptop Computers,1.06,305.74,synced,41:21.0
S45965,0198990094243,,ING-S45965,Laptop Computers,1.06,254.59,synced,41:22.5
S46230,0765010783526,,ING-S46230,Computer Scanners,1.15,108.93,synced,41:05.0
S61475,0840390329646,,ING-S61475,"Tablet Holders, Carriers & Cases",1.1407,99.99,synced,41:05.5
S61890,0065030915601,,ING-S61890,Network Cables,1.1501,50.99,synced,41:23.0
S61892,0065030915212,,ING-S61892,Network Cables,1.1501,50.99,synced,41:24.0
S61894,0065030914451,,ING-S61894,Network Cables,1.15,46.31,synced,34:46.8
S61896,0065030914857,,ING-S61896,Network Cables,1.1501,,synced,41:11.5
S61897,0065030914086,,ING-S61897,Network Cables,1.15,30.23,synced,41:26.5
S61900,0065030913829,,ING-S61900,Network Cables,1.1499,23.52,synced,41:12.0
S61901,0065030915632,,ING-S61901,Network Cables,1.1501,50.99,synced,41:08.5
S61903,0065030896375,,ING-S61903,Network Cables,1.1499,23.43,synced,41:13.0
S61904,0065030896368,,ING-S61904,Network Cables,1.1499,23.43,synced,41:06.5
S61907,0065030913911,,ING-S61907,Network Cables,1.1501,26.6,synced,41:06.0
S61908,0065030915649,,ING-S61908,Network Cables,1.1501,50.99,synced,41:23.5
S61910,0065030914840,,ING-S61910,Network Cables,1.15,49.35,synced,41:12.5
S61911,0065030913782,,ING-S61911,Network Cables,1.1499,23.52,synced,41:07.5
S61912,0065030913942,,ING-S61912,Network Cables,1.1499,26.6,synced,41:24.5
S61914,0065030915625,,ING-S61914,Network Cables,1.1501,50.99,synced,41:26.0
S61916,0065030913805,,ING-S61916,Network Cables,1.1501,23.38,synced,41:27.5
S61919,0065030913959,,ING-S61919,Network Cables,1.15,22.8,synced,41:09.5
S61920,0065030915687,,ING-S61920,Network Cables,1.1501,50.99,synced,41:25.0
S61921,0065030913881,,ING-S61921,Network Cables,1.15,23.43,synced,41:25.5
S61922,0065030914833,,ING-S61922,Network Cables,1.15,49.35,synced,41:27.0
S61924,0065030914116,,ING-S61924,Network Cables,1.1502,30.23,synced,34:46.3
S61926,0065030915700,,ING-S61926,Network Cables,1.1501,50.99,synced,41:08.0
S61927,0065030896900,,ING-S61927,Network Cables,1.1498,23.43,synced,41:07.0
S61929,0065030914796,,ING-S61929,Network Cables,1.1501,51.24,synced,41:09.0
S61931,0065030913836,,ING-S61931,Network Cables,1.1499,23.43,synced,41:10.0
S61932,0065030915618,,ING-S61932,Network Cables,1.1501,50.99,synced,41:10.5
S62095,0198155811180,,ING-S62095,Laptop Computers,1.06,862.94,synced,41:11.0
S62737,0886734897839,,ING-S62737,Device-Specific Electronics Batteries,1.15,69.99,synced,51:26.3
S62874,0690592058536,,ING-S62874,Computer Monitors,1.06,1277.61,synced,34:45.8
S63530,0810084696965,,ING-S63530,Surveillance Cameras,1.08,,synced,41:13.5
S63659,0832938105010,,ING-S63659,Network Switches,1.0863,1297.96,synced,41:28.0
S66015,0886734898669,,ING-S66015,Device-Specific Electronics Chargers,1.15,58.85,synced,40:36.0
S66022,0085896753032,,ING-S66022,Computer Mice,1.1499,39.13,synced,40:50.0
S69888,0886734898690,,ING-S69888,Device-Specific Electronics Chargers,1.1499,55.01,synced,40:51.0
S69889,0886734898706,,ING-S69889,Device-Specific Electronics Chargers,1.15,69.44,synced,40:53.0
S69890,0886734898683,,ING-S69890,Device-Specific Electronics Chargers,1.15,86.82,synced,40:51.5
S69973,0195133267434,,ING-S69973,Computer Monitors,1.06,123.01,synced,40:50.5
S81269,0765010783830,,ING-S81269,Computer Scanners,1.1262,166.05,synced,51:25.8
S81270,0765010783557,,ING-S81270,Computer Scanners,1.1063,280.07,synced,12/5/2025 23:40
S81277,0886734891646,,ING-S81277,Power Adapters,1.1416,128.44,synced,40:52.5
S83463,0824142376829,,ING-S83463,Computer Mice,1.1499,54.99,synced,40:54.0
S83643,0706487026426,,ING-S83643,Headsets,1.1024,311.99,synced,40:53.5
S83646,0706487026440,,ING-S83646,Electronics Docks & Cradles,1.1053,326.64,synced,40:36.5
S84813,0198155937286,,ING-S84813,Laptop Computers,1.06,1377,synced,40:38.5
S84814,0198155937347,,ING-S84814,Laptop Computers,1.06,1140.54,synced,40:54.5
S84815,0198156190260,,ING-S84815,Laptop Computers,1.06,2164.88,synced,40:37.5
S84817,0198155937309,,ING-S84817,Laptop Computers,1.06,1911.29,synced,40:37.0
S84818,0198155937316,,ING-S84818,Laptop Computers,1.06,2311.61,synced,40:39.0
S84820,0198155937323,,ING-S84820,Laptop Computers,1.06,1292.26,synced,08:02.9
S84822,0198156190253,,ING-S84822,Laptop Computers,1.06,1545.78,synced,40:38.0
S85761,0887993006192,,ING-S85761,Desktop Computers,1.06,804.14,synced,40:39.5
S87478,0662774046488,,ING-S87478,Network Adapters,1.1308,144.74,synced,34:43.8
S87530,0065030912181,,ING-S87530,Screen Privacy Filters,1.1501,36.3,synced,40:41.0
S87532,0065030911801,,ING-S87532,Computer Cables,1.15,60.55,synced,40:40.0
S87533,0065030912174,,ING-S87533,Screen Privacy Filters,1.15,56.56,synced,40:40.5
S87536,0065030917346,,ING-S87536,Computer Cables,1.1502,12.63,synced,40:55.5
S87539,0065030917384,,ING-S87539,Computer Cables,1.1501,19.47,synced,40:56.0
S87851,0198156183538,,ING-S87851,Laptop Computers,1.06,1217.7,synced,40:55.0
S88274,0886734898768,,ING-S88274,Device-Specific Electronics Batteries,1.1501,89.5,synced,40:56.5
S88980,0884116481768,,ING-S88980,Laptop Computers,1.06,3209.02,synced,52:50.9
S89021,0065030916455,,ING-S89021,Audio/Video Cables,1.1499,19.46,synced,40:57.5
S89022,0065030916394,,ING-S89022,Audio/Video Cables,1.15,15.93,synced,40:57.0
S89024,0065030916370,,ING-S89024,Audio/Video Cables,1.1501,13.45,synced,40:41.5
S89025,0065030916356,,ING-S89025,Audio/Video Cables,1.1501,16.97,synced,40:42.5
S89030,0065030896672,,ING-S89030,Network Cables,1.1501,16,synced,40:43.5
S89033,0065030913775,,ING-S89033,Network Cables,1.1501,23.87,synced,40:43.0
S89510,0840046050726,,ING-S89510,Computer Monitors,1.06,1049.99,synced,40:42.0
S89512,0840046050962,,ING-S89512,Computer Monitors,1.06,484.35,synced,34:44.3
S89519,0840046051266,,ING-S89519,Computer Monitors,1.06,152.92,synced,40:58.0
S91085,8.7203E+12,,ING-S91085,Computer Racks & Mounts,1.1286,169.66,synced,40:44.0
S91089,8.7203E+12,,ING-S91089,Computer Racks & Mounts,1.1342,151.47,synced,40:58.5
S91857,0881317522139,,ING-S91857,Computer Racks & Mounts,1.1488,101.66,synced,40:44.5
S93559,0884116482550,,ING-S93559,Laptop Computers,1.06,2091.99,synced,08:02.4
S93562,0884116482710,,ING-S93562,Laptop Computers,1.06,1722.99,synced,40:47.5
S93592,0007498316989,,762663,Network Cables,1.15,21.74,synced,40:58.9
S94339,0887276860633,,ING-S94339,Cell Phone Cases,1.15,23.75,synced,40:47.0
S94344,0887276815336,,ING-S94344,Cell Phone Cases,1.1499,19.95,synced,41:01.0
S94848,0887276928708,,ING-S94848,Cell Phones,1.08,148.99,synced,40:59.4
S94885,0810010079220,,ING-S94885,Network Switches,1.0931,569.99,synced,40:46.5
S95382,0783064600026,,ING-S95382,Computer Scanners,1.1004,396.24,synced,34:44.8
S95394,0850065242170,,ING-S95394,Portable Speakers,1.15,34.97,synced,34:45.3
S95426,0065030913102,,ING-S95426,Network Cables,1.1499,20.82,synced,41:01.4
S95427,0065030902335,,ING-S95427,Network Cables,1.1499,20.82,synced,41:00.4
S95432,0065030913096,,ING-S95432,Network Cables,1.1499,20.82,synced,40:59.9
S95434,0065030902328,,ING-S95434,Network Cables,1.1499,20.82,synced,40:45.5
S95435,0065030913065,,ING-S95435,Network Cables,1.1501,20.78,synced,40:46.0
S95436,0065030913058,,ING-S95436,Network Cables,1.1499,20.82,synced,40:45.0
S95437,0065030915137,,ING-S95437,Network Cables,1.1501,10.99,synced,34:43.3
S95438,0065030898225,,ING-S95438,Headset Adapters,1.15,16.99,synced,40:48.5
S95768,0810069811741,,ING-S95768,Computer Monitors,1.06,191.93,synced,40:49.5
S95938,0197105832107,,ING-S95938,Webcams,1.0838,1860,synced,40:48.0
S96130,0190017716909,,ING-S96130,Network Switch Modules,1.1019,341.8,synced,34:42.8
S96274,0649528821553,,ING-S96274,Hard Drives,1.1423,93.99,synced,40:49.0
S96549,0191999722124,,ING-S96549,Laptop Bags,1.1498,14.99,synced,39:58.5
SB2629,0706487021438,,ING-9UY554,Headsets,1.0997,249.99,synced,40:08.4
SB5248,0065030915717,,ING-SB5248,Network Cables,1.1501,70.84,synced,40:29.4
SB6083,0810036962254,,ING-SB6083,3D Printer Filaments,1.12,61.62,synced,40:08.9
SB6934,0097855196316,,ING-SB6934,Headsets,1.1104,229.99,synced,40:04.9
SB7051,0829686009172,,ING-SB7051,Hard Drives,1.0909,575.99,synced,40:09.4
SB8378,0884815793506,,ING-SB8378,Network Cables,1.1498,20.36,synced,40:29.9
SB9745,0662875429784,,ING-SB9745,Cable Connectors,1.1499,18.28,synced,40:09.9
SE0572,0198990418049,,ING-SE0572,Laptop Computers,1.06,2186.66,synced,40:15.4
SE0573,0198990418025,,ING-SE0573,Laptop Computers,1.06,1953.99,synced,40:14.4
SE0574,0198990418117,,ING-SE0574,Laptop Computers,1.06,1351.38,synced,34:37.3
SE0582,0198990423609,,ING-SE0582,Laptop Computers,1.06,2081.09,synced,40:13.4
SE0584,0198990496559,,ING-SE0584,Laptop Computers,1.06,2392.42,synced,40:01.4
SE0587,0198990496634,,ING-SE0587,Laptop Computers,1.06,2368.97,synced,40:33.0
SE0589,0198990422558,,ING-SE0589,Laptop Computers,1.06,1003.97,synced,40:11.5
SE0853,0887276916712,,ING-SE0853,Cell Phones,1.08,1199.97,synced,40:12.0
SE0854,0887276915999,,ING-SE0854,Cell Phones,1.08,999.99,synced,40:13.0
SE0857,0887276914121,,ING-SE0857,Cell Phones,1.08,799.99,synced,40:16.4
SE0860,0887276916279,,ING-SE0860,Cell Phones,1.08,999.99,synced,40:10.4
SE0862,0887276914053,,ING-SE0862,Cell Phones,1.08,734.99,synced,34:36.3
SE0864,0887276915852,,ING-SE0864,Cell Phones,1.08,999.99,synced,39:59.4
SE0871,0887276916439,,ING-SE0871,Cell Phones,1.08,1194.5,synced,40:31.4
SE0874,0887276917139,,ING-SE0874,Cell Phones,1.08,1199.97,synced,40:14.0
SE1098,0195133206778,,ING-SE1098,Laptop Computers,1.06,366.79,synced,34:37.8
SE2109,0065030906340,,ING-SE2109,TV & Monitor Mounts,1.1024,345.29,synced,40:15.0
SE2110,0065030920568,,ING-SE2110,Computer Cables,1.1501,30.37,synced,34:38.8
SE2125,0810136922028,,ING-SE2125,Computer Cables,1.1497,15.96,synced,40:30.9
SE2127,0810136921977,,ING-SE2127,Computer Cables,1.15,24.53,synced,40:06.5
SE2129,0810136922004,,ING-SE2129,Computer Cables,1.1497,24.49,synced,39:58.9
SE2130,0810136922301,,ING-SE2130,Network Cables,1.15,39.9,synced,34:39.3
SE2132,0810136922080,,ING-SE2132,Computer Cables,1.1503,25.74,synced,40:05.9
SE2134,0810136922011,,ING-SE2134,Computer Cables,1.1497,24.64,synced,40:00.4
SE2135,0810136922127,,ING-SE2135,Computer Cables,1.1501,39.44,synced,39:59.9
SE2136,0810136922103,,ING-SE2136,Computer Cables,1.1499,41.12,synced,40:12.4
SE2138,0810136922141,,ING-SE2138,Computer Cables,1.1502,28.34,synced,40:32.4
SE2140,0810136922196,,ING-SE2140,Computer Cables,1.1498,16.62,synced,07:36.9
SE2142,0810136922110,,ING-SE2142,Computer Cables,1.15,46.53,synced,34:38.3
SE2143,0810136922226,,ING-SE2143,Computer Cables,1.15,40.58,synced,40:11.0
SE2144,0810136922172,,ING-SE2144,Computer Cables,1.1501,26.98,synced,51:27.8
SE2147,0810136922240,,ING-SE2147,Cable Connectors,1.15,20.58,synced,40:30.4
SE2156,0810136922042,,ING-SE2156,Computer Cables,1.1497,24.72,synced,40:01.9
SE2157,0810136922035,,ING-SE2157,Computer Cables,1.1497,24.64,synced,40:02.4
SE2159,0810136922059,,ING-SE2159,Computer Cables,1.1497,24.72,synced,40:15.9
SE2161,0810136922073,,ING-SE2161,Computer Cables,1.15,17.07,synced,40:32.0
SE2162,0810136922066,,ING-SE2162,Computer Cables,1.1501,12.99,synced,40:05.4
SE2515,0889523013366,,629823,Computer Video Cards,1.1256,95.72,synced,40:00.9
SE3430,0195892119173,,ING-SE3430,Computer Keyboards,1.1496,100.63,synced,40:02.9
SE3484,0060088977731,,ING-SE3484,Flash Drives,1.15,74.28,synced,40:16.9
SE3486,0600889777330,,ING-SE3486,Flash Drives,1.1341,148.48,synced,40:17.4
SE3556,0886734898935,,ING-SE3556,Automotive Batteries,1.1199,75.43,synced,34:42.3
SE4446,0198156473479,,ING-SE4446,Laptop Computers,1.06,745.17,synced,40:26.0
SE4518,0195892109693,,ING-SE4518,Computer Video Cards,1.0919,536.99,synced,40:20.0
SE4708,0810164140098,,ING-SE4708,Headphones,1.1131,149.99,synced,51:27.3
SE4711,0810164140111,,ING-SE4711,Video Game Accessories,1.15,149.99,synced,34:40.3
SE5029,0097855202048,,ING-SE5029,Computer Mice,1.15,66.93,synced,40:25.0
SE5211,0037332293060,,ING-SE5211,Power Cables,1.15,33.27,synced,34:39.8
SE5214,0037332293121,,ING-SE5214,Power Cables,1.1501,39.61,synced,40:21.0
SE5215,0037332293107,,ING-SE5215,Power Cables,1.15,37.5,synced,40:34.0
SE5216,0037332293008,,ING-SE5216,Power Cables,1.1499,31.39,synced,40:22.0
SE5220,0037332290014,,ING-SE5220,Cable Splitters,1.1167,209.73,synced,40:24.0
SE5221,0037332293367,,ING-SE5221,Power Cables,1.15,36.33,synced,40:18.9
SE5229,0037332293381,,ING-SE5229,Power Cables,1.15,36.33,synced,40:18.4
SE5230,0037332293152,,ING-SE5230,Power Cables,1.1499,34.95,synced,40:25.5
SE5234,0037332206633,,ING-SE5234,Network Cables,1.15,48.78,synced,40:20.5
SE5235,0037332292988,,ING-SE5235,Power Cables,1.1499,30.58,synced,40:27.0
SE5237,0037332293084,,ING-SE5237,Power Cables,1.15,36.53,synced,40:19.4
SE5242,0037332293343,,ING-SE5242,Power Cables,1.1499,23.77,synced,34:41.3
SE5246,0037332293053,,ING-SE5246,Power Cables,1.15,25.46,synced,40:03.4
SE5247,0037332293114,,ING-SE5247,Power Cables,1.15,37.5,synced,40:06.9
SE5248,0037332293091,,ING-SE5248,Power Cables,1.15,37.5,synced,40:34.5
SE5249,0037332293190,,ING-SE5249,Power Cables,1.1499,31.52,synced,40:22.5
SE5253,0037332293282,,ING-SE5253,Power Cables,1.1499,31.26,synced,40:23.5
SE5256,0037332293305,,ING-SE5256,Power Cables,1.1499,32.24,synced,40:24.5
SE5257,0037332293251,,ING-SE5257,Power Cables,1.15,30.44,synced,40:23.0
SE5258,0037332293206,,ING-SE5258,Power Cables,1.15,29.42,synced,34:40.8
SE5259,0037332293244,,ING-SE5259,Power Cables,1.15,29.66,synced,40:18.0
SE5262,0037332293299,,ING-SE5262,Power Cables,1.1499,31.83,synced,40:26.5
SE5264,0037332293336,,ING-SE5264,Power Cables,1.1499,23.77,synced,40:35.0
SE5266,0037332293374,,ING-SE5266,Power Cables,1.15,36.33,synced,40:21.5
SE5853,0840283918360,,ING-SE5853,Cell Phone Cases,1.1501,42.48,synced,40:33.5
SE6036,0783750013932,,ING-SE6036,Laptop Docking Stations,1.1269,141.74,synced,40:07.5
SE6849,0065030919616,,ING-SE6849,Device-Specific Electronics Chargers,1.1201,190.61,synced,40:35.5
SE6850,0065030907842,,ING-SE6850,Network Adapters,1.1499,41.86,synced,40:07.9
SE7046,0889842621006,,ING-SE7046,Computer Power Supplies,1.1388,123.14,synced,40:03.9
SE7145,0824142408056,,ING-SE7145,Laptop Computers,1.06,4509.99,synced,34:36.8
SE8412,0197105868335,,ING-SE8412,Computer Video Cards,1.0838,1199.99,synced,40:27.5
SE8417,0197105868397,,ING-SE8417,Computer Video Cards,1.0849,1299.87,synced,40:04.4
SE8418,0197105890299,,ING-SE8418,Computer Video Cards,1.0818,3359.99,synced,34:41.8
SE8503,0841567005837,,ING-SE8503,Device-Specific Electronics Chargers,1.1501,34.84,synced,40:27.9
SE8504,0841567005875,,ING-SE8504,Device-Specific Electronics Chargers,1.1499,42.92,synced,40:28.5
SE8507,0841567005844,,ING-SE8507,Device-Specific Electronics Chargers,1.1501,39.37,synced,40:28.9
SE8509,0841567005868,,ING-SE8509,Device-Specific Electronics Chargers,1.15,34.47,synced,07:31.4
SE9582,0662875020004,,ING-SE9582,Computer Racks & Mounts,1.1026,309.52,synced,38:50.4
SF0017,0757120011255,,86047,Network Cables,1.1501,29.45,synced,38:50.9
SF0061,0757120110002,,130546,Network Cables,1.1501,37.85,synced,39:32.0
SF0606,0757120372011,,649966,Network Cables,1.1499,20.01,synced,38:51.9
SF0681,0662875581147,,ING-SF0681,Computer Rack Hardware & Accessories,1.0947,475.01,synced,08:01.4
SF0977,0198415142955,,ING-SF0977,Computer Monitors,1.06,605.99,synced,38:51.4
SF0984,0198990210520,,ING-SF0984,Barcode Scanners,1.122,181.87,synced,39:34.0
SF1204,0884116481317,,ING-SF1204,Laptop Computers,1.06,2424.99,synced,39:32.5
SF1205,0884116481294,,ING-SF1205,Laptop Computers,1.06,2213.61,synced,39:33.0
SF1287,0718037905501,,ING-SF1287,Hard Drives,1.09,529.99,synced,39:33.5
SF4745,0840283920769,,ING-SF4745,"Tablet Holders, Carriers & Cases",1.1501,41.98,synced,38:52.4
SF4753,0730143315579,,ING-SF4753,Processors,1.0898,549,synced,39:34.5
SF4756,0730143315555,,ING-SF4756,Processors,1.0902,679.99,synced,39:34.9
SF4771,0037332287212,,ING-SF4771,Network Switches,1.1426,124.37,synced,38:52.9
SF5572,0195875215014,,ING-06JZ26,Wireless Access Points,1.0879,891.94,synced,38:53.4
SF6274,0766907029505,,ING-SF6274,Computer Monitors,1.06,949.99,synced,38:47.9
SF6386,0745883892273,,ING-SF6386,Electronics Film Protectors,1.1499,67.47,synced,38:53.9
SF6387,0745883892327,,ING-SF6387,Electronics Film Protectors,1.15,63.86,synced,39:35.5
SF6599,0886111945450,,ING-SF6599,Cash Register Drawers & Trays,1.15,153.36,synced,38:54.4
SF7366,0886734898942,,ING-SF7366,Device-Specific Electronics Chargers,1.15,47.87,synced,29:55.0
SF7504,0198415942395,,ING-SF7504,Laptop Docking Stations,1.0873,782.53,synced,39:37.0
SF7506,0198990106342,,ING-SF7506,Network Switches,1.15,74.88,synced,38:56.4
SF7692,0735858416627,,ING-SF7692,Processors,1.1034,351.61,synced,38:54.9
SF8070,0097564315152,,ING-SF8070,Computer Scanners,1.0845,1548.09,synced,38:55.4
SF8140,0732311014093,,ING-SF8140,Hardware Brackets,1.1499,65.64,synced,39:36.4
SF8227,0097855158543,,ING-SF8227,Computer Mice,1.15,15.05,synced,38:55.9
SF8502,0784755153333,,39536,Surge Suppressors,1.1498,17.5,synced,39:35.9
SF8869,0810084699447,,ING-SF8869,Surveillance Cameras,1.08,577.93,synced,39:38.0
SF9362,0198415178176,,ING-SF9362,Sound Bars,1.08,1654.68,synced,39:37.4
SF9363,0198415178329,,ING-SF9363,Computer Monitors,1.06,2362.01,synced,08:01.9
SF9516,0819927013532,,ING-SF9516,Computer Cables,1.15,39.95,synced,38:56.9
SG0825,0837324005318,,ING-SG0825,Network Cards,1.1116,212.38,synced,39:38.4
SG0842,0753218984067,,ING-SG0842,Graphics Tablets,1.1081,234.12,synced,38:57.4
SG2181,0195133283281,,ING-SG2181,Laptop Computers,1.06,1579.44,synced,38:58.4
SG2182,0195133283298,,ING-SG2182,Laptop Computers,1.06,1464.65,synced,39:01.9
SG2183,0195133285551,,ING-SG2183,Laptop Computers,1.06,1819.74,synced,38:48.9
SG2204,0824142407721,,ING-SG2204,Laptop Computers,1.06,3999,synced,38:59.9
SG2329,0810136922295,,ING-SG2329,Audio/Video Cables,1.15,32.41,synced,39:39.9
SG2906,0198157544901,,ING-SG2906,Desktop Computers,1.06,1364.52,synced,51:26.8
SG2970,0824142405000,,ING-SG2970,Desktop Computers,1.06,1100.11,synced,38:58.9
SG3153,0706487027591,,ING-SG3153,Headset Adapters,1.1437,109.86,synced,29:55.5
SG3154,0706487027638,,ING-SG3154,Headsets,1.1058,245.24,synced,39:02.9
SG3156,0706487027621,,ING-SG3156,Headsets,1.1033,361.74,synced,39:00.9
SG3157,0706487027607,,ING-SG3157,Headsets,1.1048,339.18,synced,39:00.4
SG3698,0065030912136,,ING-SG3698,USB Hubs,1.1498,22.83,synced,38:48.4
SG3702,0065030912143,,ING-SG3702,USB Hubs,1.1499,22.44,synced,39:40.4
SG3912,0840283913808,,ING-SG3912,"Tablet Holders, Carriers & Cases",1.15,29.98,synced,38:59.4
SG3913,0840283913815,,ING-SG3913,"Tablet Holders, Carriers & Cases",1.15,29.98,synced,38:57.9
SG3928,0817882024969,,ING-SG3928,Network Switches,1.15,27.27,synced,29:45.0
SG4216,0884116482628,,ING-SG4216,Laptop Computers,1.06,1299.99,synced,39:01.4
SG4217,0884116482666,,ING-SG4217,Laptop Computers,1.06,1795,synced,39:39.0
SG4411,0197105786455,,ING-SG4411,Desktop Computers,1.06,590,synced,39:39.5
SG4412,0197105786431,,ING-SG4412,Desktop Computers,1.06,455,synced,29:45.5
SG4413,0197105786417,,ING-SG4413,Desktop Computers,1.06,464.99,synced,39:02.4
SG4569,0810142820394,,ING-SG4569,Network Switches,1.1004,328.99,synced,07:20.8
SG4604,0606449172386,,ING-SG4604,Network Routers,1.1167,192.12,synced,39:42.5
SG5002,0646422302607,,ING-SG5002,Headsets,1.1261,159.15,synced,39:04.4
SG5073,0810164140265,,ING-SG5073,Computer Keyboards,1.1054,189.99,synced,39:03.4
SG5074,0810052987033,,ING-SG5074,Mouse Pads,1.1501,49.98,synced,08:00.4
SG5075,0810052988986,,ING-SG5075,Computer Keyboards,1.1035,189.99,synced,39:06.9
SG5077,0810052987040,,ING-SG5077,Mouse Pads,1.15,57.82,synced,39:41.0
SG5079,0810052988979,,ING-SG5079,Computer Keyboards,1.1501,34.99,synced,39:04.9
SG5080,0810052987026,,ING-SG5080,Mouse Pads,1.15,43.98,synced,29:56.0
SG5123,0050332194564,,ING-SG5123,Device-Specific Electronics Chargers,1.1499,45.62,synced,39:03.9
SG5137,0783384258181,,ING-SG5137,Network Switches,1.0898,601.78,synced,39:05.9
SG5410,0197105878044,,ING-SG5410,Computer Video Cards,1.087,809.99,synced,29:56.5
SG5417,0197105976450,,ING-SG5417,Desktop Computers,1.06,665.98,synced,29:57.0
SG5419,0197105976542,,ING-SG5419,Desktop Computers,1.06,529.99,synced,39:41.9
SG5421,0197105994355,,ING-SG5421,Desktop Computers,1.06,453.49,synced,39:41.5
SG5425,0197105952812,,ING-SG5425,Desktop Computers,1.06,378.99,synced,39:06.5
SG5459,7.33102E+12,,ING-SG5459,Camera Accessory Bundles,1.08,129.68,synced,39:07.4
SG5460,7.33102E+12,,ING-SG5460,Pendant Lights,1.15,117.36,synced,39:05.4
SG6517,0698833092776,,ING-SG6517,TV & Monitor Mounts,1.1133,226.06,synced,39:08.9
SG6528,0698833092226,,ING-SG6528,TV & Monitor Mounts,1.1398,144.42,synced,39:43.4
SG6549,0698833092264,,ING-SG6549,Computer Racks & Mounts,1.1347,128,synced,39:42.9
SG6559,0698833092745,,ING-SG6559,TV & Monitor Mounts,1.1353,126.6,synced,39:08.0
SG6994,0757120269045,,645155,Computer Cables,1.1501,49.6,synced,39:16.4
SG6995,0757120269144,,675716,USB Hubs,1.1499,46.49,synced,39:45.4
SG6996,0757120269151,,675586,Computer Cables,1.15,82.34,synced,29:53.0
SG6997,0757120269168,,685180,Laptop Docking Stations,1.1378,15.99,synced,29:48.5
SG6998,0757120271390,,83594,Network Cables,1.15,65.5,synced,29:58.5
SG7013,0757120288411,,500912,Computer Cables,1.1501,50.53,synced,39:51.5
SG7023,0757120293415,,991,Computer Cables,1.1435,132.35,synced,29:49.5
SG7038,0757120298809,,734379,Cable Connectors,1.15,104.47,synced,39:19.5
SG7048,0757120297468,,619045,USB Hubs,1.15,56.06,synced,39:08.4
SG7055,0757120313717,,ING-SG7055,Network Cables,1.15,111,synced,36:58.4
SG7080,0757120397113,,284888,Switch & Outlet Plates,1.1501,50.46,synced,29:50.0
SG7083,0757120007227,,196912,Network Cables,1.1499,52.09,synced,39:52.4
SG7084,0757120008903,,13676,Cable Connectors,1.1501,,synced,39:11.0
SG7094,0757120407348,,57624,Video Switchers,1.15,38.46,synced,39:23.5
SG7097,0757120372004,,507008,Computer Patch Panels,1.1236,194.52,synced,29:47.0
SG7100,0757120390114,,35162,Computer Cables,1.1499,73.98,synced,39:15.5
SG7104,0757120397069,,141320,Switch & Outlet Plates,1.1499,75.83,synced,39:23.0
SG7121,0757120397052,,4258,Switch & Outlet Plates,1.15,45.61,synced,39:46.5
SG7137,0757120399391,,403836,Computer Cables,1.1501,55.81,synced,29:51.5
SG7143,0757120411901,,145304,Audio/Video Cables,1.15,115.29,synced,29:52.0
SG7147,0757120425311,,417273,Computer Cables,1.1218,233.33,synced,39:11.5
SG7149,0757120502180,,6665,Audio/Video Cables,1.1501,62.47,synced,29:46.5
SG7150,0757120193524,,87970,Network Cables,1.1501,64.33,synced,39:14.9
SG7152,0757120271598,,82026,Network Cables,1.15,72.46,synced,29:44.5
SG7154,0757120405184,,62462,Audio/Video Cables,1.15,52.23,synced,39:44.0
SG7162,0757120408819,,79116,Audio Power Amplifiers,1.1025,349.35,synced,34:33.8
SG7163,0757120409373,,115723,Audio/Video Cables,1.1499,31.25,synced,29:47.5
SG7165,0757120410423,,ING-XP1333,Switch & Outlet Plates,1.1501,69.44,synced,39:46.0
SG7178,0757120431725,,510604,Network Cables,1.1234,145.19,synced,39:11.9
SG7179,0757120287261,,84699,Network Cables,1.15,36.49,synced,29:58.0
SG7183,0757120410430,,26519,Switch & Outlet Plates,1.15,60.89,synced,34:33.3
SG7190,0757120411918,,140665,Audio/Video Cables,1.1329,180.68,synced,39:13.4
SG7201,0757120413684,,144801,Computer Cables,1.1316,129.3,synced,29:51.0
SG7202,0757120238706,,82847,Network Cables,1.1499,68.87,synced,39:20.4
SG7203,0757120413974,,687111,Network Switches,1.1501,64.85,synced,39:46.9
SG7211,0757120425281,,417249,Audio/Video Cables,1.15,102.23,synced,39:10.0
SG7212,0757120425304,,417284,Automotive Electrical Parts & Accessories,1.12,190.77,synced,39:24.5
SG7221,0757120430896,,149933,Electrical Wire,1.15,380.87,synced,34:34.8
SG7223,0757120431237,,ING-QW4541,Network Cables,1.1234,186.35,synced,39:50.9
SG7229,0757120432319,,76124,Cable Covers,1.1499,82.14,synced,29:57.5
SG7231,0757120434030,,141823,Network Cables,1.1138,266.33,synced,39:09.5
SG7242,0757120298786,,734301,Other Learning & Educational Toys,1.15,60.12,synced,39:10.5
SG7249,0757120542841,,627585,Cable Connectors,1.1287,113.33,synced,29:46.0
SG7256,0757120560197,,73749,Network Cables,1.0912,635.82,synced,39:48.9
SG7257,0757120501947,,ING-6KB835,Computer Cables,1.1501,52.59,synced,39:16.9
SG7262,0757120502197,,38989,Computer Cables,1.1499,49.49,synced,39:47.5
SG7264,0757120502296,,7201,Audio/Video Cables,1.15,51.82,synced,29:52.5
SG7265,0757120502302,,12614,Audio/Video Cables,1.15,77.61,synced,39:45.0
SG7270,0757120506324,,42923,Network Cables,1.15,52.4,synced,34:35.8
SG7271,0757120506331,,ING-YP8543,Audio/Video Cables,1.1501,51.22,synced,39:24.0
SG7274,0757120506355,,129208,Audio/Video Cables,1.1499,72.73,synced,39:17.9
SG7280,0757120508762,,700170,Network Cables,1.15,111.11,synced,39:22.4
SG7285,0757120508823,,700318,Network Cables,1.15,65.82,synced,39:44.5
SG7294,0757120508885,,700179,Network Cables,1.15,108.75,synced,39:14.5
SG7295,0757120508878,,706684,Network Cables,1.1501,71.89,synced,34:34.3
SG7299,0757120538783,,145266,Other Learning & Educational Toys,1.15,484.63,synced,39:12.9
SG7302,0757120542919,,691354,Cable Splitters,1.1493,73.47,synced,39:50.4
SG7307,0757120544043,,114524,Audio/Video Cables,1.15,68.18,synced,29:48.0
SG7310,0757120544258,,623223,Computer Cables,1.1501,64.96,synced,39:17.4
SG7312,0757120542926,,691475,Cable Splitters,1.15,64.9,synced,39:12.5
SG7316,0757120544241,,623030,Computer Cables,1.1499,51,synced,29:49.0
SG7317,0757120544302,,714776,Computer Cables,1.1499,54.11,synced,29:53.5
SG7319,0757120544340,,714775,Audio/Video Cables,1.15,48.27,synced,39:21.4
SG7323,0757120546788,,698486,Computer Cables,1.1499,38.56,synced,29:50.5
SG7327,0757120560173,,114686,Network Cables,1.1096,329.42,synced,38:49.4
SG7333,0757120152736,,145871,Network Cables,1.15,65.01,synced,39:20.0
SG7334,0757120600039,,26368,Audio/Video Cables,1.15,73.77,synced,39:52.9
SG7335,0757120288459,,666260,Laptop Docking Stations,1.15,45.59,synced,39:16.0
SG7343,0757120600183,,114506,Audio/Video Cables,1.15,51.04,synced,39:48.5
SG7359,0757120290179,,56224,Network Cables,1.1321,179.2,synced,29:59.0
SG7364,0757120290285,,77681,Network Cables,1.1445,163.52,synced,52:49.4
SG7378,0757120292067,,130599,Audio/Video Cables,1.1337,262.33,synced,39:25.5
SG7391,0757120295341,,377680,Device-Specific Electronics Chargers,1.15,41.97,synced,39:20.9
SG7395,0757120399049,,11777,Home Speakers & Subwoofers,1.08,63.98,synced,39:14.0
SG7396,0757120399063,,526234,Home Speakers & Subwoofers,1.08,61.35,synced,39:49.5
SG7399,0757120294832,,455790,Computer Cables,1.1501,36.64,synced,39:48.0
SG7422,0757120103004,,657726,Network Cables,1.15,58.04,synced,39:49.9
SG7429,0757120399353,,672515,Computer Cables,1.1436,136.44,synced,39:22.0
SG7430,0757120193784,,114518,Network Cables,1.1501,62.96,synced,39:18.9
SG7459,0757120297499,,621010,Network Adapters,1.15,52.12,synced,34:35.3
SG7460,0757120297482,,619088,Network Adapters,1.1501,61.71,synced,39:18.5
SG7461,0757120543077,,373632,Audio/Video Cables,1.1499,56.62,synced,39:25.0
SG7903,0195892115274,,ING-SG7903,Computer Keyboard & Mouse Sets,1.1501,32.7,synced,52:01.3
SG8050,0886734899024,,ING-SG8050,Device-Specific Electronics Batteries,1.1499,55.89,synced,39:51.9
SG8592,0198701773047,,ING-SG8592,Electronics Docks & Cradles,1.1501,37.02,synced,39:54.0
SG9486,0763649184455,,ING-SG9486,Hard Drives,1.1379,94.99,synced,39:53.4
SG9540,0097855201690,,ING-SG9540,Webcams,1.15,90.74,synced,39:26.5
SG9545,0097855201676,,ING-SG9545,Computer Cables,1.1501,78.49,synced,39:56.0
SG9786,0190017702827,,ING-SG9786,Wireless Access Points,1.0809,8586.07,synced,39:27.5
SG9909,0606449170337,,ING-SG9909,Network Routers,1.1272,148.23,synced,39:26.0
SG9936,0190781399667,,ING-09RP33,Power Adapters,1.15,49.19,synced,38:49.9
SG9940,0190781399667,,ING-09RP33,Power Adapters,1.15,49.19,synced,29:54.0
SG9941,0190781399667,,ING-09RP33,Power Adapters,1.15,49.19,synced,39:27.0
SG9968,0065030911665,,ING-SG9968,Audio/Video Cables,1.1498,15.93,synced,39:54.4
SG9970,0065030910552,,ING-SG9970,Audio/Video Cables,1.15,54.11,synced,51:59.8
SJ0197,0840283917202,,ING-SJ0197,Cell Phone Cases,1.1499,19.98,synced,39:28.4
SJ0199,0840283917219,,ING-SJ0199,Cell Phone Cases,1.1501,19.98,synced,39:55.0
SJ0200,0840283917233,,ING-SJ0200,Cell Phone Cases,1.1499,22.48,synced,39:31.5
SJ0204,0840283917295,,ING-SJ0204,Cell Phone Cases,1.15,27.48,synced,39:29.9
SJ0205,0840283917356,,ING-SJ0205,Cell Phone Cases,1.1499,24.98,synced,39:57.9
SJ0207,0840283917363,,ING-SJ0207,Cell Phone Cases,1.15,22.48,synced,39:28.9
SJ0208,0840283920899,,ING-SJ0208,Cell Phone Cases,1.1501,19.98,synced,29:54.5
SJ0212,0840283920745,,ING-SJ0212,Cell Phone Cases,1.1499,22.48,synced,39:55.5
SJ0213,0840283920752,,ING-SJ0213,Cell Phone Cases,1.15,22.48,synced,39:56.9
SJ0263,0037332288707,,ING-SJ0263,USB Hubs,1.1499,73.56,synced,39:30.9
SJ0328,0840390355317,,ING-SJ0328,Cell Phone Cases,1.15,94.16,synced,39:29.4
SJ0434,0884116485193,,ING-SJ0434,Laptop Bags,1.15,56.72,synced,39:57.4
SJ0476,0197105988514,,ING-SJ0476,Desktop Computers,1.06,619.99,synced,39:28.0
SJ0485,0197105988491,,ING-SJ0485,Desktop Computers,1.06,1009.99,synced,39:30.4
SJ0494,0197105806603,,ING-SJ0494,Desktop Computers,1.06,1127.08,synced,39:56.4
SJ0596,0810141320406,,ING-SJ0596,Label Printers,1.15,599,synced,51:13.8
SJ7892,0824142412169,,ING-SJ7892,Laptop Computers,1.06,2012.9,synced,37:40.4
SJ7894,0824142412244,,ING-SJ7894,Laptop Computers,1.06,695.38,synced,37:38.9
SJ7960,0198156722768,,ING-SJ7960,Laptop Computers,1.06,2234.99,synced,37:39.4
SJ8817,0097855185143,,ING-SJ8817,Audio & Video Receivers,1.0799,65.36,synced,38:36.9
SL0432,0065030920285,,ING-SL0432,Computer Cables,1.15,14.49,synced,37:26.9
SL0433,0065030918299,,ING-SL0433,Audio & Video Receivers,1.08,149.8,synced,38:36.4
SL0434,0065030895323,,ING-SL0434,TV & Monitor Mounts,1.0969,448.06,synced,37:42.4
SL0436,0065030919951,,ING-SL0436,Computer Cables,1.1501,19.32,synced,29:42.5
SL0437,0065030919944,,ING-SL0437,Computer Cables,1.15,19.44,synced,37:41.9
SL0438,0065030917407,,ING-SL0438,Computer Cables,1.1501,26.52,synced,37:42.9
SL0620,0886734897228,,ING-SL4859,Device-Specific Electronics Chargers,1.1501,55.92,synced,38:35.4
SL0621,0886734897624,,ING-SL0619,Device-Specific Electronics Chargers,1.15,54.91,synced,37:39.9
SL0622,0886734897228,,ING-SL4859,Device-Specific Electronics Chargers,1.1501,55.92,synced,29:35.0
SL0625,0886734897228,,ING-SL4859,Device-Specific Electronics Chargers,1.1501,55.92,synced,37:40.9
SL0628,0886734897228,,ING-SL4859,Device-Specific Electronics Chargers,1.1501,55.92,synced,37:26.4
SL0630,0886734897525,,ING-SM8986,Device-Specific Electronics Chargers,1.15,72.05,synced,38:34.9
SL0660,0706487027348,,ING-SL0660,Portable Speakers,1.11,188.96,synced,37:41.4
SL0771,0198156722621,,ING-SL0771,Laptop Computers,1.06,2638.29,synced,52:00.3
SL0773,0198156806475,,ING-SL0773,Laptop Computers,1.06,1912.74,synced,38:35.9
SL2376,0706487027027,,ING-SL2376,Headsets,1.15,58,synced,37:43.9
SL2382,0706487027072,,ING-SL2382,Headsets,1.15,59,synced,50:49.2
SL2614,0735858526685,,ING-SL2614,Processors,1.0933,517.29,synced,37:44.4
SL2629,0735858526678,,ING-SL2629,Processors,1.0921,377,synced,37:27.4
SL3264,0810177161219,,ING-SL3264,Network Switches,1.1011,309.99,synced,37:27.9
SL3266,0840283921667,,ING-SL3266,"Tablet Holders, Carriers & Cases",1.15,84.49,synced,37:43.4
SL3351,0884116484561,,ING-SL3351,Computer Monitors,1.06,749,synced,38:37.4
SL3662,0628012405196,,ING-SL3662,Computer Monitors,1.06,2067.23,synced,37:44.9
SL4859,0886734897228,,ING-SL4859,Device-Specific Electronics Chargers,1.1501,55.92,synced,37:45.4
SL6419,0824142413616,,ING-SL6419,Desktop Computers,1.06,3606.89,synced,37:48.4
SL6422,0824142408407,,ING-SL6422,Desktop Computers,1.06,5499,synced,37:46.4
SL7176,0718037904313,,ING-SL7176,Hard Drives,1.109,159.99,synced,37:45.9
SL7801,0810084698778,,ING-SL7801,Wireless Access Points,1.1376,118.99,synced,37:50.9
SL8607,0190017737300,,ING-SL8607,Network Switches,1.0803,27642.53,synced,37:50.4
SL8665,0065030913393,,ING-SL8665,Network Cables,1.1502,20.64,synced,38:37.9
SL8676,0065030915540,,ING-SL8676,Network Cables,1.1499,35.41,synced,37:48.9
SL8679,0065030913683,,ING-SL8679,Network Cables,1.1499,24.35,synced,37:47.9
SL8681,0065030915281,,ING-SL8681,Network Cables,1.15,22.14,synced,29:36.0
SL8683,0065030915182,,ING-SL8683,Network Cables,1.1499,27.73,synced,37:52.4
SL8684,0065030913317,,ING-SL8684,Network Cables,1.1498,26.97,synced,37:28.4
SL8686,0065030913379,,ING-SL8686,Network Cables,1.1502,8.4,synced,37:49.9
SL8690,0065030913508,,ING-SL8690,Network Cables,1.1499,27.8,synced,37:28.8
SL8693,0065030915144,,ING-SL8693,Network Cables,1.1499,20.88,synced,37:47.4
SL8699,0065030915311,,ING-SL8699,Network Cables,1.1501,,synced,37:46.9
SL8700,0065030915502,,ING-SL8700,Network Cables,1.15,34.32,synced,29:35.5
SL8704,0065030913577,,ING-SL8704,Network Cables,1.15,7.99,synced,37:49.4
SL8706,0065030902809,,ING-SL8706,Network Cables,1.1501,8.99,synced,37:54.4
SL8712,0065030913553,,ING-SL8712,Network Cables,1.1502,12.41,synced,37:51.4
SL8722,0065030915304,,ING-SL8722,Network Cables,1.1498,22.16,synced,37:51.9
SL8726,0065030915267,,ING-SL8726,Network Cables,1.1501,32.05,synced,37:52.9
SL8728,0065030915236,,ING-SL8728,Network Cables,1.1501,22.18,synced,37:53.4
SL8733,0065030915403,,ING-SL8733,Network Cables,1.15,34.32,synced,29:36.5
SL9407,0819927013518,,ING-SL9407,Computer Cables,1.1275,124.95,synced,37:53.9
SL9501,0636430073514,,ING-SL9501,Computer Cables,1.1156,195.37,synced,37:30.8
SL9598,0751492794471,,ING-SL9598,Computer Video Cards,1.0923,591.73,synced,37:55.9
SL9624,0019428182960,,ING-SL9624,Cell Phone Cases,1.15,41,synced,37:54.9
SL9626,0019428186029,,ING-SL9626,Hard-Sided Coolers,1.15,65.67,synced,37:31.8
SL9630,0019428182830,,ING-SL9630,Hard-Sided Coolers,1.15,69.95,synced,37:31.3
SL9631,0019428165529,,ING-SL9631,Cooler Backpacks,1.15,289.95,synced,37:56.4
SL9632,0825494068479,,ING-SL9632,Thermocoolers,1.15,608.5,synced,38:38.4
SL9929,0740617347852,,ING-SL9929,Hard Drives,1.0867,951.99,synced,37:30.3
SM0966,0840283921896,,ING-SM0966,Cell Phone Cases,1.15,43.68,synced,37:55.4
SM1495,0824142418635,,ING-SM1495,Desktop Computers,1.06,1799,synced,38:03.4
SM1676,0199251038969,,ING-SM1676,Laptop Computers,1.06,1955.73,synced,38:39.4
SM1678,0199251038983,,ING-SM1678,Laptop Computers,1.06,2453.79,synced,37:57.9
SM1686,0199251039102,,ING-SM1686,Laptop Computers,1.06,3047.94,synced,38:38.9
SM1867,0840064410717,,ING-SM1867,Headsets,1.1201,142.99,synced,29:37.5
SM1890,0199251091186,,ING-SM1890,Computer Servers,1.06,5490.98,synced,29:37.0
SM1891,0199251097225,,ING-SM1891,Desktop Computers,1.06,5799.99,synced,37:58.4
SM1893,0199251038839,,ING-SM1893,Desktop Computers,1.06,2333.05,synced,38:00.4
SM1895,0199251091940,,ING-SM1895,Desktop Computers,1.06,7026.68,synced,38:02.9
SM1897,0199251097348,,ING-SM1897,Desktop Computers,1.06,6595.31,synced,38:01.4
SM1899,0199251091193,,ING-SM1899,Desktop Computers,1.06,3899.99,synced,37:57.4
SM1900,0199251038891,,ING-SM1900,Desktop Computers,1.06,2302.75,synced,38:03.9
SM1901,0199251091292,,ING-SM1901,Desktop Computers,1.06,6034.52,synced,38:02.4
SM1903,0199251097195,,ING-SM1903,Desktop Computers,1.06,5049.99,synced,38:00.9
SM1904,0199251095993,,ING-SM1904,Desktop Computers,1.06,6659.99,synced,37:59.9
SM1907,0199251097232,,ING-SM1907,Desktop Computers,1.06,6199,synced,37:29.8
SM1908,0199251097386,,ING-SM1908,Desktop Computers,1.06,7565.89,synced,37:29.3
SM1909,0199251097317,,ING-SM1909,Desktop Computers,1.06,6189.99,synced,37:32.3
SM1910,0199251091261,,ING-SM1910,Desktop Computers,1.06,4899.99,synced,38:01.9
SM1911,0199251097294,,ING-SM1911,Desktop Computers,1.06,6579.99,synced,38:39.9
SM1912,0199251097331,,ING-SM1912,Desktop Computers,1.06,9082.58,synced,38:04.9
SM1925,0199251038808,,ING-SM1925,Desktop Computers,1.06,1460.71,synced,38:04.4
SM1926,0199251038877,,ING-SM1926,Computer Monitors,1.06,2506.14,synced,37:56.9
SM1930,0199251038914,,ING-SM1930,Computer Monitors,1.06,1926.26,synced,37:59.4
SM1991,0196388517480,,ING-SM1991,Device-Specific Electronics Chargers,1.15,77.94,synced,37:58.9
SM2520,0884116487548,,ING-SM2520,Computer Monitors,1.06,599,synced,38:05.4
SM2522,0884116487487,,ING-SM2522,Computer Monitors,1.06,340.06,synced,37:33.4
SM2523,0884116487494,,ING-SM2523,Computer Monitors,1.06,369.95,synced,37:32.9
SM2524,0884116487531,,ING-SM2524,Computer Monitors,1.06,419,synced,37:33.9
SM2525,0884116487562,,ING-SM2525,Computer Monitors,1.06,529.59,synced,38:40.4
SM3569,0197105870406,,ING-SM3569,Computer Video Cards,1.0899,579.99,synced,38:05.9
SM3570,0197105870352,,ING-SM3570,Computer Video Cards,1.0887,637.58,synced,38:06.9
SM3879,0065030910118,,ING-SM3879,Computer Cables,1.15,37.81,synced,29:38.0
SM3881,0065030902731,,ING-SM3881,Hand Tool Crimpers & Strippers,1.1499,29.63,synced,38:41.4
SM3902,0065030903523,,ING-SM3902,Network Cards,1.1091,225.66,synced,38:06.4
SM4007,0198715536836,,ING-SM4007,Electronics Stands,1.15,80.14,synced,38:40.9
SM4975,0037332293732,,ING-SM4975,Audio/Video Cables,1.15,84.83,synced,07:21.7
SM5024,0822088149873,,768158,Network Adapters,1.0953,499.48,synced,38:42.4
SM5778,0195892079118,,ING-SM5778,Computer Keyboard & Mouse Sets,1.15,21.99,synced,38:08.4
SM5831,0085896340409,,ING-SM5831,Laptop Docking Stations,1.1498,89.99,synced,38:07.4
SM5833,0085896582731,,ING-SM5833,TV & Monitor Mounts,1.1216,,synced,38:12.4
SM5835,0745883892440,,ING-SM5835,Headphones,1.15,74.1,synced,38:09.9
SM5961,0718037904450,,ING-SM5961,Hard Drives,1.0885,569.99,synced,29:38.5
SM6005,0885022028757,,ING-SM6005,Network-Attached Storage Servers,1.0804,15499,synced,38:07.9
SM6006,0885022028788,,ING-SM6006,Network-Attached Storage Servers,1.0806,14663.01,synced,38:08.9
SM6429,0198156469205,,ING-SM6429,Laptop Computers,1.06,249.99,synced,38:09.4
SM6444,0198156469397,,ING-SM6444,Laptop Computers,1.06,311.99,synced,37:34.4
SM6785,0198122169856,,ING-SM6785,Printer Drums,1.15,288.4,synced,38:41.9
SM6794,0198122169726,,ING-SM6794,Printer Drums,1.15,424.88,synced,38:10.9
SM7239,0649532931897,,ING-SM7239,Electronic Component Sensors,1.1309,126.97,synced,38:10.4
SM7413,0841885103765,,ING-SM7413,VoIP Phones,1.08,173.75,synced,37:34.9
SM7553,0882508000825,,ING-SM7553,Desktop Computers,1.06,311.98,synced,38:11.9
SM7837,0850035320648,,ING-09QR40,Barcode Scanners,1.1501,55.43,synced,37:35.4
SM7843,0198415232991,,ING-SM7843,Laptop Docking Stations,1.1072,239.99,synced,37:37.4
SM7844,0198415314918,,ING-SM7844,Laptop Docking Stations,1.1001,279.99,synced,38:12.9
SM7959,0810084692677,,ING-SM7959,Surveillance Cameras,1.08,584.77,synced,07:16.6
SM8011,0195892103615,,ING-SM8011,Webcams,1.1257,132.75,synced,38:13.9
SM8015,0195892118435,,ING-SM8015,Electronics Docks & Cradles,1.1478,96.39,synced,38:11.4
SM8275,0840390317100,,ING-SM8275,Electronics Film Protectors,1.1501,34.05,synced,38:13.4
SM8857,0065030904728,,ING-SM8857,Media Duplicators,1.15,77.79,synced,38:16.9
SM8864,0065030907224,,ING-SM8864,KVM Switches,1.0934,554.59,synced,38:22.4
SM8986,0886734897525,,ING-SM8986,Device-Specific Electronics Chargers,1.15,72.05,synced,38:14.4
SM8993,0808447086492,,ING-SM8993,Network Cables,1.1502,34.63,synced,38:20.9
SM8995,0808447086485,,ING-SM8995,Network Cables,1.1499,32.87,synced,38:16.4
SM8996,0808447086508,,ING-SM8996,Network Cables,1.15,28.53,synced,38:14.9
SM8999,0808447086553,,ING-SM8999,Network Cables,1.15,96.48,synced,29:39.0
SM9010,0065030910026,,ING-SM9010,Computer Cables,1.1501,32.31,synced,38:19.4
SM9064,0810032045944,,ING-SM9064,Cell Phone Cases,1.1501,43.35,synced,38:44.4
SM9065,0810032046873,,ING-SM9065,Cell Phone Cases,1.1501,43.4,synced,38:18.4
SM9067,0810032044039,,ING-SM9067,Cell Phone Cases,1.1501,43.4,synced,38:21.4
SM9637,0810084695630,,ING-SM9637,Network Cables,1.1503,17.57,synced,37:36.9
SM9737,0886734899468,,ING-SM9737,Device-Specific Electronics Batteries,1.1501,73.26,synced,38:26.9
SM9783,0198156469427,,ING-SM9783,Laptop Computers,1.06,275,synced,38:19.9
SN0844,0786689860066,,ING-SN0844,Uninterruptible Power Supplies,1.0811,6781.91,synced,38:45.4
SN0857,0037332293787,,ING-SN0857,Computer Cables,1.1325,126.35,synced,29:34.5
SN0868,0037332293763,,ING-SN0868,Computer Cables,1.15,89.24,synced,38:26.4
SN1075,0884116478645,,ING-SN1075,Desktop Computers,1.06,1129.99,synced,38:45.9
SN1077,0884116479659,,ING-SN1106,Desktop Computers,1.06,1532.47,synced,38:22.9
SN1079,0884116491088,,ING-SN1079,Desktop Computers,1.06,948.15,synced,37:35.9
SN1080,0884116489627,,ING-SN1080,Desktop Computers,1.06,873.99,synced,29:40.0
SN1082,0884116491064,,ING-SN1082,Desktop Computers,1.06,836.81,synced,38:44.9
SN1084,0884116480112,,ING-SN1105,Desktop Computers,1.06,1617.99,synced,38:15.9
SN1085,0884116488293,,ING-SN1085,Desktop Computers,1.06,933.61,synced,38:42.9
SN1087,0884116490647,,ING-SN1087,Desktop Computers,1.06,750.99,synced,37:38.4
SN1089,0884116488231,,ING-SN1089,Desktop Computers,1.06,699.99,synced,38:25.9
SN1092,0884116488972,,ING-SN1092,Desktop Computers,1.06,1249,synced,38:43.4
SN1094,0884116489924,,ING-SN1094,Laptop Computers,1.06,764.99,synced,07:59.4
SN1099,0884116491620,,ING-SN1099,Laptop Computers,1.06,1738.57,synced,52:53.9
SN1100,0884116473220,,ING-SN1100,Desktop Computers,1.06,958.43,synced,52:54.4
SN1102,0884116487760,,ING-SN1102,Desktop Computers,1.06,1490.99,synced,38:24.9
SN1103,0884116478676,,ING-SN1103,Desktop Computers,1.06,1291.99,synced,38:18.9
SN1109,0884116490661,,ING-SN1109,Desktop Computers,1.06,890.21,synced,29:39.5
SN1110,0884116490654,,ING-SN1110,Desktop Computers,1.06,842.99,synced,38:17.4
SN1114,0884116489610,,ING-SN1114,Desktop Computers,1.06,762.99,synced,38:43.9
SN1116,0884116487821,,ING-SN1116,Desktop Computers,1.06,1206.99,synced,37:36.4
SN1121,0884116488286,,ING-SN1121,Desktop Computers,1.06,749.99,synced,29:43.0
SN1122,0884116488262,,ING-SN1122,Desktop Computers,1.06,1293.19,synced,38:20.4
SN1123,0884116487814,,ING-SN1123,Desktop Computers,1.06,1169.99,synced,38:21.9
SN1125,0884116487852,,ING-SN1125,Desktop Computers,1.06,1650.99,synced,38:15.4
SN1130,0884116487647,,ING-SN1130,Desktop Computers,1.06,723.99,synced,38:17.9
SN1135,0884116487654,,ING-SN1135,Desktop Computers,1.06,844.99,synced,38:25.4
SN1200,0195892123859,,ING-SN1200,Hard Drives,1.1123,216.41,synced,29:34.0
SN1582,0810084699768,,ING-SN1582,Network Switch Modules,1.1501,33.98,synced,29:41.0
SN1585,0628012404991,,ING-SN1585,Motherboards,1.0831,2455.63,synced,29:44.0
SN1595,0706487027751,,ING-SN1595,Headsets,1.1168,189,synced,38:46.9
SN1597,0706487027140,,ING-SN1597,Headsets,1.1427,138,synced,52:01.8
SN1600,0706487027157,,ING-SN1600,Headsets,1.1427,138,synced,51:59.3
SN1604,0706487027775,,ING-SN1604,Headsets,1.115,165.6,synced,38:29.9
SN1606,0706487027508,,ING-SN1606,Headsets,1.1166,164.17,synced,38:30.9
SN1608,0706487027515,,ING-SN1608,Headsets,1.1166,155,synced,29:41.5
SN1691,0065030912839,,ING-SN1691,Computer Cables,1.1501,46.16,synced,38:23.4
SN1692,0065030912822,,ING-SN1692,Computer Cables,1.1501,32.38,synced,38:27.9
SN1694,0065030918046,,ING-SN1694,Computer Cables,1.1499,30.54,synced,38:31.4
SN1695,0065030916363,,ING-SN1695,Audio/Video Cables,1.1501,33.29,synced,38:24.4
SN1880,0195892122470,,ING-SN1880,Webcams,1.1501,35.99,synced,38:46.4
SN1921,0195133188333,,ING-SN1921,Computer Monitors,1.06,251.82,synced,38:30.4
SN2420,0097855202819,,ING-SN2420,Computer Mice,1.15,32,synced,38:29.4
SN2422,0097855202833,,ING-SN2422,Computer Mice,1.15,29.99,synced,08:00.9
SN2423,0097855202840,,ING-SN2423,Computer Mice,1.15,32.99,synced,29:40.5
SN2424,0097855202871,,ING-SN2424,Computer Mice,1.15,24.99,synced,29:43.5
SN2427,0097855202864,,ING-SN2427,Computer Mice,1.15,19,synced,37:37.9
SN6849,0840390354181,,ING-SN6849,Electronics Film Protectors,1.1499,37.08,synced,38:28.4
SN6852,0840390354228,,ING-SN6852,Electronics Film Protectors,1.1499,40.43,synced,38:27.4
SN6883,0198156591166,,ING-SN6883,Electronics Docks & Cradles,1.0818,3883.94,synced,38:23.9
SN7378,0740617347678,,ING-SN7378,Flash Memory,1.1501,23.14,synced,38:28.9
SN7453,0195174102640,,ING-SN7453,Televisions,1.08,746.99,synced,38:33.9
SN7460,0195174103951,,ING-SN7460,Televisions,1.08,896.99,synced,29:42.0
SN7466,0195174105993,,ING-SN7466,Televisions,1.08,996.99,synced,38:34.4
SN7468,0195174102428,,ING-SN7468,Televisions,1.08,289.99,synced,07:21.2
SN7480,0195174104149,,ING-SN7480,Televisions,1.08,426.99,synced,38:31.9
SN7483,0195174102510,,ING-SN7483,Televisions,1.08,642.43,synced,38:32.4
SN7486,0195174102480,,ING-SN7486,Televisions,1.08,626.94,synced,38:32.9
SN7661,0765010778331,,ING-SN7661,Computer Scanners,1.13,157.89,synced,38:47.4
SN8139,7.33102E+12,,ING-SN8139,Camera & Camcorder Mounts,1.1339,129.68,synced,38:33.4
SQ2563,0198701401070,,ING-SQ2563,Computer Scanners,1.0897,756.56,synced,14:49.2
SQ2589,0606449170139,,ING-SQ2589,USB Wi-Fi Adapters,1.15,41.99,synced,14:48.2
SQ2597,0606449169591,,ING-SQ2597,Network Routers,1.0986,356.8,synced,15:40.7
SQ2651,0824142421901,,ING-SQ2651,Laptop Computers,1.06,599,synced,14:28.2
SQ2655,0824142418697,,ING-SQ2655,Desktop Computers,1.06,3279,synced,14:47.2
SQ2656,0824142406427,,ING-SQ2656,Desktop Computers,1.06,1172.16,synced,15:40.2
SQ2660,0824142406458,,ING-SQ2660,Desktop Computers,1.06,629,synced,15:41.2
SQ2674,0824142406441,,ING-SQ2674,Desktop Computers,1.06,878.98,synced,14:28.7
SQ2684,0886734897228,,ING-SL4859,Device-Specific Electronics Chargers,1.1501,55.92,synced,14:47.7
SQ2706,0198828032911,,ING-SQ2706,Computer Monitors,1.06,119,synced,14:49.7
SQ2896,0810177160298,,ING-SQ2896,Wireless Access Points,1.1118,239.99,synced,14:48.7
SQ2978,0198157015050,,ING-SQ2978,Desktop Computers,1.06,3546.53,synced,52:04.8
SQ3613,0841567005936,,ING-SQ3613,Computer Cables,1.1498,24.67,synced,14:29.2
SQ3621,0841567005929,,ING-SQ3621,Computer Cables,1.1501,21.05,synced,51:25.3
SQ3622,0841567006018,,ING-SQ3622,Computer Cables,1.15,82.48,synced,14:46.7
SQ3981,0198828505583,,ING-SQ3981,Printers & All-in-Ones,1.15,14005.53,synced,14:50.7
SQ4032,0065030906197,,ING-SQ4032,Network Adapters,1.15,42.13,synced,34:23.8
SQ4033,0065030911511,,ING-SQ4033,KVM Switches,1.0977,435.1,synced,14:51.2
SQ4127,0884116487449,,ING-SQ4127,Computer Monitors,1.06,137.83,synced,14:52.2
SQ4128,0884116484554,,ING-SQ4128,Computer Monitors,1.06,4476.67,synced,14:51.7
SQ4194,0884116487432,,ING-SQ4194,Computer Monitors,1.06,166.93,synced,14:30.2
SQ4197,0884116487470,,ING-SQ4197,Computer Monitors,1.06,158.28,synced,14:52.7
SQ4198,0884116487456,,ING-SQ4198,Computer Monitors,1.06,161.03,synced,15:41.7
SQ4202,0745883892525,,ING-SQ4202,Headphones,1.15,33.99,synced,14:50.2
SQ5944,0810084699911,,ING-SQ5944,Hardware Brackets,1.1501,28.51,synced,14:29.7
SQ6144,0198156469250,,ING-SQ6144,Laptop Computers,1.06,269.99,synced,14:31.2
SQ6146,0195348986762,,ING-SQ6146,Other Electronic Components & Accessories,1.0814,5046.37,synced,14:31.7
SQ6473,0757120010920,,103195,Network Cables,1.15,18.37,synced,14:30.7
SQ6849,0884116456940,,ING-SQ6849,Desktop Computers,1.06,1585.94,synced,14:54.2
SQ7138,0663072957179,,272647,Antennas,1.08,13.99,synced,15:42.2
SQ7527,0783750012881,,ING-SQ7527,Computer Keyboards,1.15,63.99,synced,14:53.2
SQ7558,0065030911948,,ING-SQ7558,Computer Cables,1.15,43.18,synced,14:53.7
SQ7559,0065030911337,,ING-SQ7559,Network Cards,1.1499,59.02,synced,14:32.2
SQ8192,0784090035899,,462227,Hard Drives,1.0891,342.03,synced,14:55.7
SQ8196,0784090038319,,634947,Hard Drives,1.0984,325.73,synced,15:44.2
SQ8197,0784090038111,,628675,Hard Drives,1.1034,282.58,synced,14:56.2
SQ8199,0784090039507,,713344,Hard Drives,1.1122,211.45,synced,15:42.7
SQ8200,0784090039781,,733542,RAM Memory,1.116,121.42,synced,15:43.2
SQ8203,0784090039774,,733541,RAM Memory,1.1471,59.94,synced,14:33.2
SQ8205,0784090039835,,729700,RAM Memory,1.1471,59.93,synced,14:54.7
SQ8207,0784090039798,,733543,RAM Memory,1.1118,151.54,synced,14:57.2
SQ8660,0884116482680,,ING-SQ8660,Laptop Computers,1.06,1556.8,synced,14:57.7
SQ8662,0884116482567,,ING-SQ8662,Laptop Computers,1.06,2387.99,synced,14:56.7
SQ8668,0884116482543,,ING-SQ8668,Laptop Computers,1.06,2039.47,synced,14:55.2
SQ8673,0884116482697,,ING-SQ8673,Laptop Computers,1.06,1589.11,synced,15:43.7
SQ8677,0884116482536,,ING-SQ8677,Laptop Computers,1.06,1659.99,synced,14:33.7
SQ8678,0884116482802,,ING-SQ8678,Laptop Computers,1.06,1879.99,synced,14:58.2
SQ8680,0884116482673,,ING-SQ8680,Laptop Computers,1.06,1605.99,synced,14:32.7
SR0035,0810010070043,,ING-SR0035,Household Sensors & Alarms,1.15,196.67,synced,15:03.2
SR0086,0837324005110,,ING-SR0086,Network Switches,1.1261,147.03,synced,34:31.3
SR0087,0837324005097,,ING-SR0087,Network Switches,1.1169,193.12,synced,15:01.7
SR0107,0037332292803,,ING-SR0107,Power Cables,1.1501,62.26,synced,15:02.7
SR0110,0037332290649,,ING-SR0110,Laptop Docking Stations,1.1499,57.08,synced,34:20.8
SR0112,0037332292735,,ING-SR0112,Power Cables,1.15,45.04,synced,15:46.7
SR0114,0037332292926,,ING-SR0114,Power Cables,1.15,43.63,synced,15:00.7
SR0121,0037332292940,,ING-SR0121,Power Cables,1.15,55.13,synced,15:00.2
SR0124,0037332292964,,ING-SR0124,Power Cables,1.1499,79.25,synced,14:59.7
SR0125,0037332292933,,ING-SR0125,Power Cables,1.1501,46.9,synced,15:46.2
SR0130,0037332292957,,ING-SR0130,Power Cables,1.1499,63.65,synced,14:58.7
SR0133,0037332292773,,ING-SR0133,Power Cables,1.1501,26.89,synced,14:36.7
SR0135,0037332292810,,ING-SR0135,Power Cables,1.1176,229.06,synced,15:45.7
SR0160,0074983921461,,ING-SR0160,Network Cables,1.1501,70.21,synced,14:34.2
SR0162,0074983921416,,ING-YZ6333,Network Cables,1.1501,73.84,synced,15:44.7
SR0254,0837324005134,,ING-SR0254,Network Switches,1.1199,178.65,synced,14:34.7
SR0777,0013803381276,,ING-SR0777,Printers & All-in-Ones,1.15,344.99,synced,14:59.2
SR0778,0013803381320,,ING-SR0778,Printers & All-in-Ones,1.15,431.99,synced,15:02.2
SR0789,0013803381221,,ING-SR0789,Printers & All-in-Ones,1.15,474.5,synced,15:45.2
SR1023,0198156203618,,ING-SR1023,Computer Monitors,1.06,249.99,synced,34:31.7
SR1092,0783750012881,,ING-SQ7527,Computer Keyboards,1.15,63.99,synced,14:35.2
SR1096,0783750007306,,ING-SR1096,Magnetic Stripe Readers,1.15,49.99,synced,15:01.2
SR1116,9.35078E+12,,ING-SR1116,Webcams,1.1095,170.15,synced,14:35.7
SR1118,9.35078E+12,,ING-SR1118,Portable Power Packs,1.1107,240.43,synced,15:47.2
SR1894,0850001446938,,ING-SR1894,Computer Monitors,1.06,309.43,synced,15:04.2
SR1895,0810130760084,,ING-SR1895,Computer Monitors,1.06,699.99,synced,15:03.7
SR1896,0810130760664,,ING-SR1896,Computer Keyboards,1.0975,349.94,synced,14:36.2
SR2636,0840390366955,,ING-SR2636,Electronics Film Protectors,1.1499,65.03,synced,14:38.7
SR2677,0013803385243,,ING-SR2677,Printers & All-in-Ones,1.15,1593.3,synced,15:48.2
SR2759,0884116490869,,ING-SR2759,Desktop Computers,1.06,1505.14,synced,14:37.2
SR2760,0884116490852,,ING-SR2760,Desktop Computers,1.06,1311.99,synced,15:10.2
SR2762,0884116487944,,ING-SR2762,Desktop Computers,1.06,1068.99,synced,15:47.7
SR2764,0884116490692,,ING-SR2764,Desktop Computers,1.06,1686.65,synced,14:38.2
SR2771,0884116487975,,ING-SR2771,Desktop Computers,1.06,1799.55,synced,15:08.7
SR2772,0884116490890,,ING-SR2772,Desktop Computers,1.06,2391.99,synced,15:50.7
SR2773,0884116490883,,ING-SR2773,Desktop Computers,1.06,1644.99,synced,52:05.8
SR2774,0884116490739,,ING-SR2774,Desktop Computers,1.06,2103.99,synced,15:05.7
SR2775,0884116490906,,ING-SR2775,Desktop Computers,1.06,2612.8,synced,15:49.7
SR3268,8.71887E+12,,ING-SR3268,Wireless Access Points,1.1206,170.05,synced,14:37.7
SR3270,8.7203E+12,,ING-SR3270,Computer Racks & Mounts,1.1305,138.7,synced,15:11.2
SR3278,0872029744179,,ING-SR3278,Computer Racks & Mounts,1.1303,139.11,synced,15:05.2
SR3359,0757120298113,,149193,Power Cables,1.1501,20.52,synced,34:32.8
SR3518,0199251403248,,ING-SR3518,Laptop Computers,1.06,2968.56,synced,15:08.2
SR3519,0199251403170,,ING-SR3519,Laptop Computers,1.06,1889.99,synced,34:32.3
SR3520,0199251401930,,ING-SR3520,Laptop Computers,1.06,2145.51,synced,15:48.7
SR3523,0199251403347,,ING-SR3523,Laptop Computers,1.06,1762.04,synced,15:50.2
SR3526,0199251400483,,ING-SR3526,Laptop Computers,1.06,1823.43,synced,15:51.2
SR3527,0199251403200,,ING-SR3527,Laptop Computers,1.06,1841.78,synced,15:07.7
SR3531,0199251402210,,ING-SR3531,Laptop Computers,1.06,2114.27,synced,15:04.7
SR3535,0199251402913,,ING-SR3535,Laptop Computers,1.06,2354.11,synced,51:32.3
SR3536,0199251403279,,ING-SR3536,Laptop Computers,1.06,3032.93,synced,15:09.7
SR3537,0199251401916,,ING-SR3537,Laptop Computers,1.06,2042.63,synced,15:06.2
SR3539,0199251403422,,ING-SR3539,Laptop Computers,1.06,1799.99,synced,52:03.8
SR3540,0199251403316,,ING-SR3540,Laptop Computers,1.06,2885.99,synced,15:06.7
SR3544,0199251400520,,ING-SR3544,Laptop Computers,1.06,1596.04,synced,15:09.2
SR3547,0199251403408,,ING-SR3547,Laptop Computers,1.06,2440.99,synced,34:21.3
SR3694,9.35078E+12,,ING-SR3694,Laptop Docking Stations,1.0965,293.54,synced,15:07.2
SR3925,0199251321979,,ING-SR3925,Desktop Computers,1.06,2173.49,synced,15:49.2
SR3930,0199251322068,,ING-SR3930,Desktop Computers,1.06,2719.99,synced,15:14.7
SR3953,0199251322037,,ING-SR3953,Desktop Computers,1.06,2340.98,synced,15:12.2
SR3956,0199251322013,,ING-SR3956,Desktop Computers,1.06,2409.99,synced,15:14.2
SR3957,0199251322129,,ING-SR3957,Desktop Computers,1.06,2322.13,synced,15:51.7
SR4469,0810164142108,,ING-SR4469,Headsets,1.15,24.99,synced,15:10.7
SR4472,0810164142115,,ING-SR4472,Computer Mice,1.15,24.99,synced,15:15.7
SR4473,0810164142061,,ING-SR4473,Headsets,1.15,44.99,synced,15:15.2
SR4474,0810164142092,,ING-SR4474,Computer Mice,1.15,59.99,synced,15:12.7
SR4475,0810164142078,,ING-SR4475,Computer Mice,1.15,44.99,synced,15:13.7
SR4551,0886734899420,,ING-SR4551,Device-Specific Electronics Batteries,1.15,86.9,synced,15:13.2
SR4570,0051144066032,,ING-SR4570,Screen Privacy Filters,1.15,73.72,synced,15:11.7
SR5294,0810111421119,,ING-SR5294,Hard Drives,1.0995,351.38,synced,15:16.2
SR5295,0810111420334,,ING-SR5295,Flash Drives,1.15,92.02,synced,14:39.7
SR5309,0810111421126,,ING-SR5309,Hard Drives,1.0941,486.24,synced,34:24.3
SR5311,0810111421102,,ING-SR5311,Hard Drives,1.1053,268.77,synced,15:16.7
SR5320,0810111422680,,ING-SR5320,Hard Drives,1.0941,429.95,synced,15:17.2
SR5324,0810111423151,,ING-SR5324,Hard Drives,1.0879,837.56,synced,34:21.8
SR5331,0810111422659,,ING-SR5331,Hard Drives,1.1038,283.6,synced,15:17.7
SR5530,0198990984568,,ING-SR5530,Laptop Computers,1.06,1680.7,synced,14:39.2
SR6414,0884116197676,,ING-SR6414,Network Adapters,1.15,96.75,synced,14:40.2
SR6487,0085896336228,,ING-SR6487,Laptop Docking Stations,1.1195,127.49,synced,34:24.8
SR7229,0822088127444,,705916,Network Cables,1.15,16.65,synced,15:18.7
SR7596,0085896811800,,ING-SR7596,Webcams,1.15,36.14,synced,34:22.3
SR7597,0085896834564,,ING-SR7597,Headsets,1.1348,128.09,synced,14:40.7
SR7616,0198990838489,,ING-SR7616,Laptop Computers,1.06,955.99,synced,15:18.2
SR8321,0199251519390,,ING-SR8321,Desktop Computers,1.06,1189,synced,52:05.4
SR8332,0198990984421,,ING-SR8332,Laptop Computers,1.06,1634.3,synced,15:22.2
SR8333,0198990984544,,ING-SR8333,Laptop Computers,1.06,1799,synced,15:25.2
SR8334,0199251106934,,ING-SR8334,Laptop Computers,1.06,1304.15,synced,29:33.5
SR8339,0199251086212,,ING-SR8339,Laptop Computers,1.06,1920.93,synced,15:28.2
SR8340,0199251086137,,ING-SR8340,Laptop Computers,1.06,2083.53,synced,34:27.8
SR8343,0199251093524,,ING-SR8343,Laptop Computers,1.06,1555.05,synced,15:25.7
SR8345,0199251093500,,ING-SR8345,Laptop Computers,1.06,1749.99,synced,37:21.9
SR8346,0199251086243,,ING-SR8346,Laptop Computers,1.06,1665.71,synced,15:27.2
SR8348,0199251109614,,ING-SR8348,Laptop Computers,1.06,1569.53,synced,15:22.7
SR8349,0199251108853,,ING-SR8349,Laptop Computers,1.06,1805.43,synced,15:28.7
SR8353,0199251039553,,ING-SR8353,Laptop Computers,1.06,1327.99,synced,15:23.7
SR8356,0198990915524,,ING-SR8356,Laptop Computers,1.06,1349.43,synced,15:27.7
SR8357,0198990910710,,ING-SR8357,Laptop Computers,1.06,1286.99,synced,29:32.5
SR8358,0199251252303,,ING-SR8358,Laptop Computers,1.06,837.99,synced,15:26.7
SR8359,0198990915470,,ING-SR8359,Laptop Computers,1.06,1571.76,synced,14:43.2
SR8360,0198990826875,,ING-SR8404,Laptop Computers,1.06,1192.35,synced,34:26.8
SR8362,0199251249853,,ING-SR8362,Laptop Computers,1.06,1539.85,synced,14:43.7
SR8363,0199251231957,,ING-SR8363,Laptop Computers,1.06,1699.99,synced,08:04.9
SR8364,0198990910758,,ING-SR8364,Laptop Computers,1.06,1394.41,synced,29:32.2
SR8365,0199251257681,,ING-SR8365,Laptop Computers,1.06,840.99,synced,14:41.7
SR8367,0199251250316,,ING-SR8367,Laptop Computers,1.06,1422.16,synced,29:33.0
SR8370,0199251255793,,ING-SR8370,Laptop Computers,1.06,1045.5,synced,34:22.8
SR8371,0199251255823,,ING-SR8371,Laptop Computers,1.06,1209.27,synced,37:16.4
SR8374,0198990910765,,ING-SR8374,Laptop Computers,1.06,1671.74,synced,37:18.9
SR8375,0198990915500,,ING-SR8375,Laptop Computers,1.06,1470.35,synced,15:26.2
SR8377,0198990910789,,ING-SR8377,Laptop Computers,1.06,1698.49,synced,37:16.9
SR8378,0198990911182,,ING-SR8378,Laptop Computers,1.06,1660.74,synced,15:23.2
SR8379,0198990911212,,ING-SR8379,Laptop Computers,1.06,1841.49,synced,14:42.2
SR8381,0198990911236,,ING-SR8381,Laptop Computers,1.06,1562.99,synced,15:24.2
SR8383,0198990911144,,ING-SR8383,Laptop Computers,1.06,1415.99,synced,15:24.7
SR8387,0199251519574,,ING-SR8387,Laptop Computers,1.06,1390.92,synced,37:20.4
SR8388,0198990826868,,ING-SR8388,Laptop Computers,1.06,1380.8,synced,15:19.7
SR8391,0198990838557,,ING-SR8391,Laptop Computers,1.06,1036.99,synced,14:42.7
SR8392,0199251231971,,ING-SR8392,Laptop Computers,1.06,1832.49,synced,34:27.3
SR8393,0198990838571,,ING-SR8393,Laptop Computers,1.06,1309.99,synced,37:22.4
SR8397,0199251519239,,ING-SR8397,Laptop Computers,1.06,1742.39,synced,34:26.3
SR8398,0199251134432,,ING-SR8398,Desktop Computers,1.06,1467.94,synced,52:06.4
SR8399,0199251353871,,ING-SR8399,Laptop Computers,1.06,1902.5,synced,15:19.2
SR8401,0199251249877,,ING-SR8401,Laptop Computers,1.06,1557.99,synced,34:25.8
SR8402,0199251249792,,ING-SR8402,Laptop Computers,1.06,1537.19,synced,15:20.2
SR8406,0198990838502,,ING-SR8406,Laptop Computers,1.06,985.99,synced,37:18.4
SR8410,0199251051555,,ING-SR8410,Laptop Computers,1.06,1378.02,synced,37:21.4
SR8416,0199251231995,,ING-SR8416,Laptop Computers,1.06,1731.03,synced,37:19.4
SR8418,0199251134548,,ING-SR8418,Desktop Computers,1.06,821.69,synced,34:25.3
SR8421,0199251134555,,ING-SR8421,Desktop Computers,1.06,1394.5,synced,14:41.2
SR8973,0767035239729,,ING-SR8973,Network Switches,1.1018,237.15,synced,15:20.7
SR9025,0845973088101,,ING-8PN449,Network Switches,1.0907,549.99,synced,15:21.2
SR9402,7.33102E+12,,ING-SR9402,Surveillance Cameras,1.08,1544.15,synced,15:21.7
SR9409,7.33102E+12,,ING-SR9409,Surveillance Cameras,1.08,1779.3,synced,37:19.9
SS0024,0841969101441,,ING-SS0024,Network Testers,1.0813,5736.45,synced,37:20.9
SS0027,0841969101410,,ING-SS0027,Network Testers,1.0813,5343.01,synced,15:29.2
SS0028,0841969101403,,ING-SS0028,Spectrum Analyzers,1.15,1286.25,synced,15:29.7
SS0483,0065030922739,,ING-SS0483,Computer Cables,1.1502,12.03,synced,15:34.2
SS0506,0065030922722,,ING-SS0506,Computer Cables,1.1499,8.29,synced,34:28.8
SS0681,0196388570683,,ING-SS0681,Laptop Computers,1.06,2349.99,synced,15:33.2
SS0687,0196388570652,,ING-SS0687,Laptop Computers,1.06,2525.24,synced,34:29.3
SS0689,0196388570690,,ING-SS0689,Laptop Computers,1.06,3073.08,synced,15:30.7
SS0690,0196388570645,,ING-SS0690,Laptop Computers,1.06,1199,synced,34:28.3
SS0695,0196388570676,,ING-SS0695,Laptop Computers,1.06,2299.99,synced,37:23.9
SS0764,0884116490951,,ING-SS0764,Laptop Computers,1.06,1767.69,synced,34:29.8
SS1327,0198957213137,,ING-SS1327,Cell Phones,1.08,641.87,synced,15:32.7
SS1453,0810084699928,,ING-SS1453,Network Switches,1.1031,265.99,synced,37:23.4
SS1454,0810177160663,,ING-SS1454,Network Switches,1.0836,1968.82,synced,15:30.2
SS1455,0810177163176,,ING-SS1455,Network Switches,1.0826,2734.47,synced,15:33.7
SS1637,0824142421260,,ING-SS1637,Desktop Computers,1.06,1923.76,synced,15:32.2
SS1641,0824142422359,,ING-SS1641,Desktop Computers,1.06,2733.73,synced,14:44.2
SS1643,0824142425367,,ING-SS1643,Desktop Computers,1.06,2279,synced,34:23.3
SS1652,0824142411162,,ING-SS1652,Laptop Computers,1.06,1736.29,synced,15:31.2
SS1655,0824142355251,,ING-SS1655,Laptop Computers,1.06,1863.36,synced,37:24.4
SS1701,0819927013549,,ING-SS1701,T-Shirts,1.15,79.95,synced,37:22.9
SS1702,0819927013488,,ING-SS1702,Laptop Docking Stations,1.1014,279.95,synced,15:31.7
SS1863,0198158137126,,ING-SS1863,Desktop Computers,1.06,1398.02,synced,15:34.7
SS3300,0810084697740,,ING-SS3300,Network Cables,1.1133,210.35,synced,15:35.2
SS3652,0196388543410,,ING-SS3653,Computer Keyboards,1.1327,136.62,synced,08:05.4
SS3658,0196388548286,,ING-SS3658,Laptop Computers,1.06,1343.49,synced,14:44.7
SS3666,0196388548385,,ING-SS3666,Laptop Computers,1.06,1166.66,synced,15:35.7
SS3830,0198157015067,,ING-SS3830,Desktop Computers,1.06,2943.99,synced,15:37.7
SS3908,0766907032062,,ING-SS3908,Computer Monitors,1.06,279.99,synced,07:24.2
SS4189,0810084699935,,ING-SS4189,Network Switches,1.105,279.99,synced,15:37.2
SS4595,0012502678953,,ING-SS4595,Label Maker Tape,1.1501,14.49,synced,37:24.9
SS4598,0037332291356,,ING-SS4598,Cable Organizers,1.15,237.05,synced,14:45.7
SS4671,0840064411837,,ING-SS4671,Headsets,1.1082,247.97,synced,52:02.8
SS4961,0884116469650,,ING-KS6047,Power Adapters,1.15,37.81,synced,15:39.7
SS4971,0198828044150,,ING-SS4971,Computer Monitors,1.06,149,synced,15:36.2
SS5234,0824142355510,,ING-SS5234,Laptop Computers,1.06,3547.72,synced,15:36.7
SS5358,0097855124265,,ING-4U0328,Computer Keyboard & Mouse Sets,1.15,79.99,synced,14:45.2
SS5381,9.12006E+12,,ING-SS5381,Microphones,1.0989,397.47,synced,34:30.2
SS5383,9.12006E+12,,ING-SS5383,Microphones,1.1498,17.22,synced,37:25.4
SS5386,9.12006E+12,,ING-SS5386,Microphones,1.0971,349,synced,52:04.3
SS5435,0065030920742,,ING-SS5435,Network Cables,1.1499,42.53,synced,12:26.1
SS5436,0065030920773,,ING-SS5436,Network Cables,1.1501,30.42,synced,10:34.5
SS5437,0065030920834,,ING-SS5437,Network Cables,1.1381,124.68,synced,15:38.7
SS5438,0065030920797,,ING-SS5438,Network Cables,1.15,52.45,synced,33:48.3
SS5439,0065030920841,,ING-SS5439,Network Cables,1.1488,104.72,synced,33:23.7
SS5440,0065030922579,,ING-SS5440,Network Cables,1.1501,64.23,synced,15:38.2
SS5441,0065030920780,,ING-SS5441,Network Cables,1.1499,56.44,synced,10:33.5
SS5442,0065030920827,,ING-SS5442,Network Cables,1.15,85.18,synced,10:30.5
SS5443,0065030920759,,ING-SS5443,Network Cables,1.1499,28.64,synced,33:24.2
SS5444,0065030920766,,ING-SS5444,Network Cables,1.1501,35.16,synced,37:25.9
SS5445,0065030920735,,ING-SS5445,Network Cables,1.1501,26.14,synced,12:24.6
SS5573,0810111422482,,ING-SS5573,Flash Drives,1.1277,157.86,synced,15:39.2
SS5574,0810111422512,,ING-SS5574,Hard Drives,1.103,314.3,synced,10:32.5
SS5575,5.06022E+12,,ING-SS5575,Flash Drives,1.1117,185.47,synced,12:21.6
SS5844,0840283921087,,ING-SS5844,"Tablet Holders, Carriers & Cases",1.1501,109.95,synced,10:29.0
SS5936,0198157168756,,ING-SS5936,Laptop Computers,1.06,844.32,synced,10:29.5
SS6145,0840390352613,,ING-SS6145,Cell Phone Cases,1.15,32.54,synced,12:21.1
SS6148,0840390352606,,ING-SS6148,Electronics Film Protectors,1.15,29.4,synced,34:30.8
SS6439,0884116487784,,ING-SS6439,Desktop Computers,1.06,2172.68,synced,10:31.0
SS6447,0884116483540,,ING-SS6447,Laptop Computers,1.06,1448.16,synced,12:26.6
SS6451,0884116483588,,ING-SS6451,Laptop Computers,1.06,1859.84,synced,12:27.1
SS6453,0884116491767,,ING-SS6453,Laptop Computers,1.06,1322.99,synced,10:27.0
SS6455,0884116491392,,ING-SS6455,Laptop Computers,1.06,768.96,synced,10:27.5
SS6457,0884116490579,,ING-SS6457,Laptop Computers,1.06,1099.99,synced,33:49.3
SS6458,0884116490760,,ING-SS6458,Laptop Computers,1.06,1270.75,synced,33:48.8
SS6459,0884116490531,,ING-SS6459,Laptop Computers,1.06,1106.99,synced,12:23.1
SS6460,0884116489573,,ING-SS6460,Laptop Computers,1.06,1097.32,synced,10:31.5
SS6465,0884116491521,,ING-SS6465,Laptop Computers,1.06,612.99,synced,07:18.1
SS6466,0884116491736,,ING-SS6466,Laptop Computers,1.06,1273.25,synced,12:24.1
SS6467,0884116489528,,ING-SS6467,Laptop Computers,1.06,866.36,synced,12:22.1
SS6468,0884116489535,,ING-SS6468,Laptop Computers,1.06,739.99,synced,10:32.0
SS6469,0884116489948,,ING-SS6469,Laptop Computers,1.06,1137.93,synced,14:46.2
SS6470,0884116489931,,ING-SS6470,Laptop Computers,1.06,960.99,synced,12:22.6
SS6471,0884116491682,,ING-SS6471,Laptop Computers,1.06,567.99,synced,07:22.6
SS6472,0884116491699,,ING-SS6472,Laptop Computers,1.06,703.7,synced,10:30.0
SS6474,0884116491613,,ING-SS6474,Laptop Computers,1.06,1591.01,synced,10:34.0
SS6475,0884116489955,,ING-SS6475,Laptop Computers,1.06,1207.65,synced,10:28.5
SS6477,0884116491712,,ING-SS6477,Laptop Computers,1.06,958.2,synced,12:25.1
SS6484,0884116491545,,ING-SS6484,Laptop Computers,1.06,699.35,synced,07:23.2
SS6485,0884116491576,,ING-SS6485,Laptop Computers,1.06,1229.99,synced,12:27.6
SS6488,0884116491422,,ING-SS6488,Laptop Computers,1.06,817.94,synced,33:23.2
SS6492,0884116491446,,ING-SS6492,Laptop Computers,1.06,1030.76,synced,08:06.4
SS6556,0810177161158,,ING-SS6556,Surveillance Cameras,1.08,1435.59,synced,10:33.0
SS6835,0824142429662,,ING-SS6835,Desktop Computers,1.06,1299.99,synced,10:28.0
SS6836,0824142429693,,ING-SS6836,Desktop Computers,1.06,1430.66,synced,12:25.6
SS8450,0887276455358,,ING-SS8450,Hard Drives,1.0967,418.27,synced,12:23.6
T10312,0731304203896,,96583,Cable Organizers,1.1501,119.48,synced,10:37.5
T10318,0731304217886,,25461,Power Cables,1.1501,27.58,synced,12:28.6
T10483,0731304123538,,ING-T10483,Device-Specific Electronics Batteries,1.0898,764.23,synced,12:29.1
T21420,0672792112256,,ING-T21420,KVM Switches,1.1154,186.06,synced,10:35.5
T23760,0013803132182,,ING-T23760,Printer Transfer Rollers,1.15,58.55,synced,52:55.4
T25664,0071701056245,,ING-T25664,Printer Labels,1.1499,22.62,synced,33:24.8
T30644,0881317011022,,ING-T30644,KVM Switches,1.1501,37.35,synced,12:29.6
T32204,0883436026260,,6839,Network Switch Modules,1.1343,77,synced,10:35.0
T34851,0821455015247,,84524,Network Switch Modules,1.15,49.21,synced,10:40.0
T37627,0021299134122,,ING-T37627,Headphones,1.15,32.41,synced,10:36.0
T37708,0021299175545,,ING-T37708,Headphones,1.15,12.67,synced,10:39.5
T37712,0021299148570,,ING-T37712,Headphones,1.15,17.15,synced,10:38.5
T37719,0021299147641,,ING-T37719,Headphones,1.15,19.99,synced,10:40.5
T37728,0021299113936,,ING-T37728,Volume Controllers,1.1498,23.02,synced,10:41.0
T43270,0722868594513,,ING-T43270,Surge Suppressors,1.1501,42.15,synced,12:30.1
T52263,0021299158227,,ING-T52263,Other Electronic Components & Accessories,1.1499,12.61,synced,10:36.5
T55958,0021299147900,,ING-T55958,Headphones,1.15,27.98,synced,10:37.0
T55959,0021299147795,,ING-T55959,Headphones,1.1498,26.99,synced,12:30.6
T61815,0663072927349,,71402,Other Computer Accessories,1.15,21.91,synced,10:38.0
T63229,0037332143754,,ING-T63229,Cable Connectors,1.1498,5.2,synced,10:39.0
T63230,0037332143662,,ING-T63230,Cable Connectors,1.1498,5.93,synced,12:28.1
TA8668,0822088066989,,706092,Other Electronic Components & Accessories,1.0991,422.6,synced,33:49.8
TB4112,0037332179920,,9616,Power Cables,1.1499,35.82,synced,12:38.1
TB4116,0037332179395,,ING-TB4116,Computer Cables,1.1498,15.07,synced,10:44.0
TB4117,0037332179401,,38369,Computer Cables,1.1501,8.25,synced,10:46.0
TB4119,0037332179449,,ING-TB4119,Computer Cables,1.15,7.96,synced,12:34.1
TB4123,0037332179555,,32455,Computer Cables,1.1498,13.89,synced,12:40.6
TB4440,0037332180292,,14029,Surge Suppressors,1.1501,56.87,synced,10:47.5
TB4444,0037332179425,,79003,Computer Cables,1.1503,8.25,synced,33:26.2
TB4446,0037332179470,,52514,Computer Cables,1.1501,12.81,synced,12:31.6
TB4450,0037332180278,,38385,Computer Cables,1.1502,7.13,synced,33:51.8
TB4459,0037332175991,,ING-TB4459,Other Electrical Equipment Supplies,1.1499,15.2,synced,10:45.0
TB5226,0037332177278,,23296,KVM Switches,1.0855,1822.29,synced,12:37.6
TB5230,0037332180322,,ING-TB5230,KVM Switches,1.107,258.98,synced,10:46.5
TB5231,0037332180339,,ING-TB5231,KVM Switches,1.0966,398.54,synced,12:34.6
TB5507,0037332180384,,32591,Power Cables,1.1504,13.91,synced,12:35.6
TB5510,0037332180438,,ING-TB5510,Power Cables,1.1501,7.39,synced,10:42.0
TB5512,0037332180452,,ING-TB5512,Power Cables,1.1498,17.96,synced,10:41.5
TB5518,0037332180537,,ING-TB5518,Power Cables,1.1501,7.87,synced,10:45.5
TB5519,0037332180544,,ING-TB5519,Power Cables,1.1498,16.96,synced,10:43.0
TB5520,0037332180551,,ING-TB5520,Power Cables,1.1499,16.02,synced,33:51.3
TB5521,0037332180568,,ING-TB5521,Power Cables,1.15,16,synced,12:39.6
TB5522,0037332180391,,47322,Power Cables,1.1502,13.53,synced,12:31.1
TB5523,0037332180575,,ING-TB5523,Power Cables,1.1499,20.39,synced,12:37.1
TB5524,0037332180582,,34976,Power Cables,1.1501,7.45,synced,33:52.3
TB5525,0037332180599,,14120,Extension Cords,1.15,21.48,synced,12:32.6
TB5526,0037332180605,,ING-TB5526,Power Cables,1.1499,23.63,synced,33:26.7
TB6514,0812658012270,,9625,USB Hubs,1.1501,45.99,synced,33:25.2
TB6544,0890989001842,,135548,Digital Photo Frames,1.08,39.99,synced,10:44.5
TB6773,0722868664599,,ING-TB6773,Surge Suppressors,1.1501,19.7,synced,10:47.0
TB7016,0672792402135,,70335,KVM Switches,1.1218,177.67,synced,33:50.8
TB7068,0065030852821,,14209,Network Switches,1.15,66.86,synced,33:50.3
TB7069,0065030852739,,ING-TB7069,Network Cards,1.1231,160.81,synced,33:25.7
TB7305,0037229002188,,273662,Tool Bags,1.1499,14.89,synced,12:33.1
TB7308,0037229002218,,ING-TB7308,Tool Sets,1.15,22.12,synced,10:43.5
TB7311,0037229000979,,38406,Novelty Lighting,1.1496,7.7,synced,10:42.6
TB7318,0037229334074,,ING-TB7318,Electrical Outlets,1.1498,12.62,synced,12:36.1
TB7600,0722868968734,,7632,Computer Cables,1.15,28.38,synced,12:33.6
TB7601,0722868968741,,ING-TB7601,Audio/Video Cables,1.15,29.03,synced,12:32.1
TB7602,0722868968758,,ING-TB7602,Audio/Video Cables,1.15,30.75,synced,12:38.6
TB7603,0722868968765,,ING-TB7603,Audio/Video Cables,1.15,39.26,synced,10:48.0
TC0562,0743172045102,,ING-TC0562,Uninterruptible Power Supplies,1.0988,374.74,synced,12:36.6
TC0563,0743172045119,,ING-TC0563,Uninterruptible Power Supplies,1.0943,488.65,synced,12:39.1
TC0565,0743172045126,,71007,Uninterruptible Power Supplies,1.098,523.81,synced,12:35.1
TC4719,0873791008100,,ING-TC4719,Computer Cables,1.1501,10.28,synced,12:47.1
TC4733,0873791008278,,51164,Headphones,1.1497,15.31,synced,10:51.5
TC4734,0873791008285,,ING-TC4734,Headphones,1.1501,14.54,synced,12:50.6
TC4740,0873791008506,,129378,Device-Specific Electronics Chargers,1.1501,22.52,synced,10:52.0
TC4767,0784090032119,,4444,RAM Memory,1.1501,35.23,synced,12:44.6
TC4794,0873791007639,,21860,Headphones,1.15,12.34,synced,12:45.1
TC7451,0884962016473,,ING-TC7451,Other Electronic Components & Accessories,1.1502,15,synced,33:30.2
TC9588,0757120006770,,42204,Network Cables,1.1501,21.59,synced,33:28.7
TC9592,0757120006817,,31050,Network Cables,1.15,31.36,synced,33:53.8
TC9595,0757120006848,,83577,Network Cables,1.1501,36.31,synced,33:54.8
TC9600,0757120006893,,64818,Network Cables,1.1498,20.75,synced,12:49.6
TC9604,0757120006930,,83910,Network Cables,1.1502,20.18,synced,12:45.6
TC9605,0757120006947,,30854,Network Cables,1.1502,15.99,synced,12:41.6
TC9606,0757120006954,,34975,Network Cables,1.1499,21.62,synced,12:43.1
TC9608,0757120006978,,83978,Network Cables,1.1502,23.72,synced,12:52.1
TC9614,0757120007036,,129473,Network Cables,1.15,35.36,synced,12:46.1
TC9616,0757120007050,,115754,Network Cables,1.15,42.25,synced,33:52.8
TC9617,0757120007067,,115256,Network Cables,1.1502,21.92,synced,33:28.2
TC9626,0757120007159,,114141,Network Cables,1.15,29.58,synced,10:55.5
TC9646,0757120007357,,80665,Network Cables,1.1502,35.72,synced,10:48.5
TC9701,0757120007906,,63374,Network Cables,1.1499,37.92,synced,10:53.5
TC9707,0757120007968,,42275,Network Cables,1.1497,19.19,synced,33:54.2
TC9711,0757120008002,,116082,Network Cables,1.1501,20.52,synced,12:47.6
TC9713,0757120008026,,42276,Network Cables,1.15,21.19,synced,12:48.6
TC9718,0757120008071,,77679,Network Cables,1.1501,33.23,synced,10:51.0
TC9719,0757120008088,,80483,Network Cables,1.1502,16.17,synced,10:58.6
TC9721,0757120008101,,42217,Network Cables,1.1504,17.38,synced,33:27.7
TC9722,0757120008118,,42218,Network Cables,1.1504,15.13,synced,10:58.1
TC9723,0757120008125,,114184,Network Cables,1.1501,19.22,synced,10:56.0
TC9724,0757120008132,,7500,Network Cables,1.15,19.41,synced,12:44.1
TC9725,0757120008149,,42277,Network Cables,1.1497,11.9,synced,10:56.6
TC9728,0757120008170,,42219,Network Cables,1.15,19.07,synced,33:55.8
TC9729,0757120008187,,65693,Network Cables,1.1502,24.44,synced,12:41.1
TC9731,0757120008200,,14056,Network Cables,1.1501,24.86,synced,33:27.3
TC9735,0757120008248,,42221,Network Cables,1.1501,40.43,synced,12:40.1
TC9737,0757120008262,,42222,Network Cables,1.1497,11.24,synced,12:43.6
TC9738,0757120008279,,129017,Network Cables,1.1504,11.65,synced,12:48.1
TC9740,0757120008293,,42280,Network Cables,1.1498,18.46,synced,33:55.3
TC9741,0757120008309,,26635,Network Cables,1.1498,13.08,synced,33:53.3
TC9745,0757120008347,,42281,Network Cables,1.15,21.01,synced,10:57.1
TC9751,0757120008408,,36463,Network Cables,1.1499,34.43,synced,33:29.7
TC9753,0757120008422,,42224,Network Cables,1.1504,16.71,synced,10:54.5
TC9758,0757120008477,,21965,Network Cables,1.1497,22.3,synced,12:50.1
TC9762,0757120008514,,21859,Network Cables,1.1497,21.92,synced,12:49.1
TC9764,0757120008538,,ING-TC9764,Network Cables,1.1502,23.06,synced,12:42.6
TC9766,0757120008552,,ING-TC9766,Network Cables,1.15,30.11,synced,10:54.0
TC9769,0757120008583,,42286,Network Cables,1.15,38.19,synced,33:29.2
TC9775,0757120008644,,20417,Network Cables,1.1497,17.83,synced,12:42.1
TC9793,0757120008828,,ING-TC9793,Network Cables,1.1498,12.99,synced,10:49.5
TC9823,0757120009160,,45902,Network Cables,1.1502,9.2,synced,10:52.5
TC9826,0757120009191,,42292,Network Cables,1.1497,,synced,10:50.0
TE2796,0710931302387,,4493,Network Adapters,1.1499,24.98,synced,12:51.1
TE5916,0837324009842,,57115,Network Switches,1.109,229.54,synced,12:46.6
TE5917,0837324003185,,ING-TE5917,Network Switches,1.1053,265.13,synced,08:03.5
TE5918,0837324003192,,ING-TE5918,Other Electronic Components & Accessories,1.1053,279.91,synced,10:53.0
TE5919,0837324003178,,ING-TE5919,Network Switch Modules,1.1053,279.91,synced,10:57.6
TE5920,0837324009866,,ING-TE5920,Network Switches,1.1501,54.38,synced,10:55.0
TE5921,0837324009873,,ING-TE5921,Network Switches,1.15,82.47,synced,10:50.5
TE5922,0837324009835,,56828,Electrical System Relays,1.15,151.66,synced,12:51.6
TE5923,0837324009828,,ING-TE5923,Signal Repeaters,1.1041,294.58,synced,10:49.0
TF3648,0718037810553,,46204,Hard Drives,1.1381,,synced,10:59.1
TG0007,0065030852920,,ING-TG0007,Network Adapters,1.15,22.99,synced,12:53.1
TG0009,0065030852470,,ING-TG0009,Computer Cables,1.1501,40.36,synced,12:54.6
TG0010,0065030852319,,ING-TG0010,Network Cables,1.1078,273.82,synced,12:54.1
TG0014,0065030852302,,ING-TG0014,Network Cables,1.1031,221.78,synced,12:55.1
TG0063,4.93976E+12,,ING-TG0063,Other Electronic Components & Accessories,1.1501,41.09,synced,12:53.6
TG0736,0065030851978,,ING-TG0736,Network Cables,1.15,24.08,synced,12:52.6
TG0955,0095205964189,,ING-TG0955,Printer Transfer Rollers,1.15,285.34,synced,10:59.5
TG1520,0065030852555,,ING-TG1520,Other Electronic Components & Accessories,1.15,94.14,synced,11:00.1
TG6298,0088047195262,,35144,Network Cards,1.15,81.88,synced,11:01.0
TG7018,0606449087840,,ING-TG7018,Network Switch Modules,1.0844,2273.87,synced,11:00.5
TG7299,0754563454106,,ING-TG7299,Printer Ribbons,1.1501,39.29,synced,12:56.1
TG7525,0754563500001,,ING-TG7525,Printers & All-in-Ones,1.15,1250,synced,52:02.3
TG7533,0754563501008,,ING-TG7533,Printers & All-in-Ones,1.15,1600,synced,12:57.6
TG7787,0834619001253,,14406,Computer Monitors,1.06,394.25,synced,11:01.5
TG7897,0783750006125,,ING-TG7897,Computer Mice,1.15,28.75,synced,12:57.1
TG7898,0783750006132,,ING-TG7898,Computer Mice,1.15,39.99,synced,11:02.1
TH0555,0037332180636,,ING-TH0555,Power Cables,1.1503,18.5,synced,12:55.6
TH3033,0885631702680,,ING-TH3033,Printer Transfer Rollers,1.15,81.99,synced,12:56.6
TH5756,0882658593413,,143447,Network Switches,1.0814,3849.99,synced,33:31.2
TH5803,0882658602184,,58993,Network Cables,1.103,155,synced,13:00.1
TH5806,0882658593536,,71092,Computer Power Supplies,1.0957,358.97,synced,11:04.5
TH5844,0882658561160,,31511,Computer Power Supplies,1.0873,567,synced,13:01.6
TH5977,0757120184126,,42391,Computer Cables,1.15,7.72,synced,13:05.1
TH6079,0037332180667,,14174,Power Cables,1.1497,24.11,synced,13:03.1
TH6115,0757120410430,,26519,Switch & Outlet Plates,1.15,60.89,synced,11:05.5
TH6547,0037229230291,,48929,Computer Cables,1.1497,16.67,synced,11:02.5
TH6557,0037229229455,,72391,Computer Cables,1.1503,19.99,synced,33:56.8
TH6559,0037229229905,,75284,Computer Cables,1.1498,17.26,synced,33:56.3
TH6561,0037229229813,,70402,Computer Cables,1.1503,9.29,synced,13:04.6
TH6573,0037229229738,,80030,Computer Cables,1.15,13.17,synced,33:57.8
TH6841,0757120009511,,42494,Network Cables,1.1497,13,synced,13:01.1
TH6842,0757120009528,,ING-TH6842,Network Cables,1.15,14.77,synced,33:57.3
TH6843,0757120009535,,42405,Network Cables,1.15,12.28,synced,13:03.6
TH6849,0757120009597,,81776,Network Cables,1.1503,10.05,synced,12:59.6
TH6883,0757120521198,,38304,Computer Cables,1.1499,16.2,synced,12:58.1
TH7461,0812658012300,,ING-TH7461,USB Hubs,1.1501,22.94,synced,11:03.0
TH7462,0812658012317,,ING-TH7462,Memory Card Readers,1.1499,19.99,synced,11:06.0
TH7490,0757120184027,,355681,Cable Connectors,1.1501,15.59,synced,33:58.2
TH7507,0010343879904,,ING-TH7507,School & Office Paper,1.1501,22.54,synced,13:02.6
TH7719,0698833040654,,ING-TH7719,TV & Monitor Mounts,1.1126,215,synced,13:02.1
TH7720,0698833040173,,ING-TH7720,TV & Monitor Mounts,1.122,160.61,synced,12:58.6
TJ6114,0783750006002,,ING-TJ6114,Computer Keyboards,1.15,20.93,synced,11:04.0
TL3500,0065030852586,,ING-TL3500,Media Duplicators,1.0986,376.65,synced,11:05.0
TL3502,0065030852593,,4518,Computer Replacement Parts,1.1501,19.85,synced,13:00.6
TL3503,0065030853002,,ING-TL3503,Network Cables,1.1501,26.26,synced,11:03.6
TL3504,0065030852081,,24010,Computer Cables,1.1498,8.72,synced,13:04.1
TL3747,0051128830826,,419392,Screen Privacy Filters,1.15,57.99,synced,12:59.1
TL3748,0051128830833,,ING-TL3748,Screen Privacy Filters,1.15,79,synced,33:30.7
TL5691,0881317511553,,ING-TL5691,Stylus Pens,1.1501,11.99,synced,33:31.7
TL6674,0037332177445,,ING-TL6674,Uninterruptible Power Supplies,1.0999,350.47,synced,11:09.1
TL7872,0037332134813,,344405,Network Cables,1.1501,38.13,synced,11:08.1
TN7817,0665188534251,,69856,Printer Cartridges,1.1499,45.73,synced,11:07.6
TQ3845,0881317511621,,ING-TQ3845,Presentation Remotes,1.15,57.16,synced,13:07.6
TQ4071,0821455068779,,25189,Network Cards,1.1106,228.99,synced,33:58.7
TQ4426,0882658505362,,143034,Network Cables,1.0881,,synced,13:06.6
TR5003,0882658525551,,ING-TR5003,Network Cables,1.1136,219.61,synced,13:06.1
TR8783,0065030852845,,ING-TR8783,Cable Organizers,1.15,64.41,synced,11:06.5
TR8787,0065030852913,,ING-TR8787,Cable Organizers,1.1499,15.98,synced,13:08.2
TR8789,0065030852784,,ING-TR8789,Cable Connectors,1.15,14.48,synced,13:05.6
TR8790,0065030852005,,ING-TR8790,Computer Cables,1.1498,18.67,synced,13:07.1
TR8797,0065030854252,,ING-TR8797,Computer Cables,1.1502,13.47,synced,33:59.7
TR8798,0065030851800,,ING-TR8798,Computer Cables,1.1499,16.34,synced,11:07.1
TR8801,0065030852111,,ING-TR8801,Computer Cables,1.15,7.95,synced,33:59.2
TT2484,0822088055235,,706245,Power Cables,1.1178,227,synced,13:13.7
TT2490,0822088052517,,457820,Other TV & Video Accessories,1.1501,99.3,synced,13:08.7
TT2527,0822088059790,,284955,Audio/Video Cables,1.15,32.6,synced,33:32.2
TT2529,0822088059813,,273674,Computer Cables,1.1499,57.26,synced,13:10.6
TT2531,0822088059837,,278733,Computer Cables,1.15,111.79,synced,11:08.6
TT2533,0822088058755,,266270,Audio/Video Cables,1.1502,27.34,synced,11:18.1
TT2541,0822088050070,,40499,Network Cables,1.1501,9.88,synced,11:11.6
TT2551,0822088050278,,145618,Network Cables,1.1497,10.02,synced,11:14.6
TT2554,0822088050339,,431041,Network Cables,1.1499,,synced,11:11.0
TT2558,0822088050421,,40503,Network Cables,1.1503,,synced,13:14.1
TT2559,0822088050438,,40618,Network Cables,1.15,8.04,synced,13:14.6
TT2567,0822088050544,,150227,Network Cables,1.15,13.69,synced,13:13.1
TT2568,0822088050551,,58683,Network Cables,1.1497,14.23,synced,13:12.6
TT2569,0822088050575,,ING-TT2569,Network Cables,1.1502,15.88,synced,11:09.5
TT2577,0822088050735,,431007,Network Cables,1.1497,13.52,synced,11:18.6
TT2579,0822088050780,,399235,Network Cables,1.15,12.7,synced,11:10.1
TT2583,0822088050858,,ING-TT2583,Network Cables,1.1499,14.23,synced,11:14.1
TT2586,0822088050919,,706496,Network Cables,1.1497,13.76,synced,33:32.8
TT2590,0822088050995,,40622,Network Cables,1.1498,16.26,synced,11:17.1
TT2598,0822088051015,,40041,Computer Patch Panels,1.1499,75.99,synced,11:16.1
TT2605,0822088064442,,458473,Network Cables,1.15,17.67,synced,11:10.6
TT2607,0822088064466,,670540,Network Cables,1.15,28.55,synced,13:09.1
TT2616,0822088064268,,530160,Network Cables,1.1499,28.5,synced,34:00.2
TT2630,0822088064688,,42506,Network Cables,1.1247,156.52,synced,13:11.1
TT2633,0822088064336,,647410,Electrical Outlets,1.1498,9.26,synced,11:15.6
TT7696,0731304300953,,280267,Cable Organizers,1.15,288.13,synced,11:15.1
TT7698,0731304301035,,131722,Cable Organizers,1.15,356.61,synced,11:13.6
TT7703,0731304301097,,ING-TT7703,Other Electronic Components & Accessories,1.1228,177.9,synced,11:12.6
TT7704,0731304301103,,ING-TT7704,Cable Organizers,1.15,132.15,synced,13:12.1
TU1339,0882658647161,,4631,Antennas,1.0801,59,synced,11:16.6
TU1706,0843591032049,,266755,Computer Cables,1.15,54.13,synced,11:12.1
TU1739,0843591038430,,57125,Computer Cooling,1.1501,21.68,synced,13:10.1
TU1916,0882658615344,,ING-TU1916,Other Electronic Components & Accessories,1.1093,228.75,synced,13:11.6
TU1927,0882658623912,,ING-TU1927,Telephone Cables,1.1499,9.99,synced,11:13.1
TU1929,0882658623899,,ING-TU1929,Other Electronic Components & Accessories,1.15,74.48,synced,13:09.6
TU4432,0065030852517,,17205,Network Adapters,1.1195,136.27,synced,13:15.1
TU7506,0065030853149,,4584,Computer Cables,1.1499,31.76,synced,11:17.6
TU7509,0065030853170,,9726,Computer Cables,1.1499,17.48,synced,11:20.1
TU7512,0065030853361,,ING-TU7512,Computer Cables,1.1501,32.99,synced,11:19.6
TU7513,0065030854511,,24015,Computer Cables,1.1504,15.94,synced,11:19.1
TU7516,0065030853064,,ING-TU7516,Network Cables,1.1499,32.26,synced,11:20.6
TU7518,0065030853033,,ING-TU7518,Patch Cables,1.1499,32.79,synced,34:00.7
TU7519,0065030853088,,ING-TU7519,Network Cables,1.1499,22.75,synced,13:15.6
TU8289,0065030853095,,ING-TU8289,Network Cables,1.1499,29.27,synced,11:21.1
TU8290,0065030852050,,ING-TU8290,Computer Cables,1.1501,16.7,synced,13:16.2
TU8582,0731304292548,,ING-TU8582,Vehicle Batteries,1.12,468.99,synced,52:12.4
TV8030,0832938068025,,79376,Computer Cooling,1.0929,,synced,11:24.6
TV9638,0767035197579,,500084,Network Cards,1.108,267.32,synced,13:18.1
TV9857,0887619390865,,ING-TV9857,Computer Keyboards,1.1501,65.99,synced,11:26.6
TW1447,0663072932015,,52402,Power Adapters,1.15,50.16,synced,13:20.7
TW3774,0882658572814,,289893,Network Switch Modules,1.0844,1982.49,synced,13:17.7
TW4301,0882658638275,,132664,Network Switch Modules,1.0992,364.76,synced,11:24.1
TW4316,0882658638282,,136291,Network Switch Modules,1.0897,951.65,synced,11:22.1
TW4717,0882658617744,,43923,Other Electronic Components & Accessories,1.1042,289.31,synced,34:01.2
TW5187,0065030853682,,14327,Computer Cables,1.15,70.42,synced,13:19.1
TW5188,0065030852609,,ING-TW5188,Computer Cables,1.1499,20.98,synced,13:18.7
TW5189,0065030854603,,ING-TW5189,Computer Port Cards,1.15,45.01,synced,11:22.6
TW5192,0065030854283,,ING-TW5192,Analog-to-Digital Converters,1.1502,15,synced,13:21.2
TW5326,0065030853057,,ING-TW5326,KVM Switches,1.087,1003.55,synced,11:27.1
TW5604,0065030854290,,ING-TW5604,Computer Cables,1.1502,20.28,synced,11:21.6
TW5955,0672792400940,,ING-TW5955,Power Distribution Units,1.0933,437.67,synced,13:20.1
TW5960,0672792401398,,ING-TW5960,Surge Suppressors,1.0861,1281.12,synced,13:19.6
TW6107,0065030854856,,ING-TW6107,Hard Drives,1.1499,29.99,synced,11:23.6
TW6108,0065030854436,,24013,Computer Cables,1.15,15.15,synced,13:17.2
TW6113,0065030855303,,ING-TW6113,Electronics Docks & Cradles,1.1499,57.53,synced,11:23.1
TW6114,0065030854887,,ING-TW6114,Computer Cables,1.1499,26.77,synced,11:26.1
TW6115,0065030854870,,ING-TW6115,Computer Cables,1.1501,28.49,synced,13:16.6
TW6956,0092636302375,,ING-TW6956,Screen Privacy Filters,1.15,200.47,synced,13:21.6
TW6973,0065030854825,,ING-TW6973,Computer Replacement Parts,1.15,18.8,synced,11:34.1
TW7128,0722868496886,,ING-TW7128,Network Cables,1.1503,20.31,synced,33:34.8
TW7155,0845973021245,,ING-TW7155,Network Switches,1.134,131.99,synced,11:30.6
TW7369,0722868468821,,ING-TW7369,Network Cables,1.1501,8.97,synced,13:24.1
TW7559,0812658012287,,ING-TW7559,Headphones,1.1499,47.2,synced,13:26.7
TW7612,0722868497791,,ING-TW7612,Network Cables,1.1504,11.38,synced,34:03.2
TW7629,0819921010421,,ING-TW7629,USB Hubs,1.1501,26.99,synced,11:32.6
TW7860,0722868689691,,ING-TW7860,Audio/Video Cables,1.15,73.62,synced,13:25.7
TW8090,0037229227864,,ING-TW8090,Computer Cables,1.1501,4,synced,13:26.1
TW8098,0037229317077,,ING-TW8098,Computer Cables,1.1502,6.89,synced,34:03.7
TW8099,0037229399202,,38012,Audio/Video Cables,1.1503,,synced,13:33.1
TW8104,0037229399028,,38134,Audio/Video Cables,1.1499,,synced,13:24.6
TW8109,0037229008395,,37172,Audio/Video Cables,1.1501,7.49,synced,13:29.1
TW8110,0037229399035,,38131,Cable Splitters,1.1503,7.75,synced,13:22.2
TW8135,0037229001518,,39144,Ergonomic Backrests,1.1498,21.06,synced,13:27.6
TW8152,0031652190696,,ING-TW8152,Laptop Bags,1.15,84,synced,11:27.6
TW8826,0812658012072,,2285,Audio & Video Receivers,1.0798,26.31,synced,33:34.3
TW8832,0812658012447,,ING-TW8832,Digital Photo Frames,1.08,129.99,synced,11:31.1
TW8998,0021299185315,,ING-TW8998,Headphones,1.1502,33.04,synced,11:37.6
TW9002,0021299186220,,ING-TW9002,Headphones,1.1502,12.54,synced,13:34.6
TW9003,0021299186152,,ING-TW9003,Headphones,1.1499,17.52,synced,13:31.6
TW9004,0021299187180,,ING-TW9004,Headphones,1.1499,20.22,synced,11:35.1
TW9145,0663296419538,,486441,Video Game Controllers,1.15,131.28,synced,13:30.1
TW9219,0722868647745,,15984,Network Cables,1.15,85.4,synced,13:28.7
TW9310,0037229334609,,22095,Cigarette Lighter Adapters,1.1501,17.63,synced,13:29.6
TW9527,0698833042368,,ING-TW9527,Computer Rack Hardware & Accessories,1.15,46.47,synced,11:36.1
TW9529,0698833041200,,ING-TW9529,TV & Monitor Mounts,1.1136,211,synced,13:22.6
TW9561,0021299186176,,ING-TW9561,Headphones,1.1502,26.73,synced,11:29.6
TW9648,0812658012478,,ING-TW9648,Digital Photo Frames,1.08,59.99,synced,13:32.1
TW9668,0097855106698,,ING-TW9668,Computer Keyboards,1.15,16.88,synced,13:35.7
TW9671,0722868522998,,ING-TW9671,Network Cables,1.1501,18.4,synced,11:31.6
TW9675,0722868814710,,12112,Network Cables,1.15,52.82,synced,34:02.2
TW9719,0097855105752,,ING-TW9719,Audio & Video Receivers,1.0801,50.99,synced,13:27.1
TW9956,0745883656899,,ING-TW9956,Computer Keyboards,1.1501,47.75,synced,33:33.2
TX0000,0037332181220,,7660,Computer Cables,1.1501,34.05,synced,33:33.8
TX0003,0037332181251,,18665,Computer Cables,1.1497,9.64,synced,11:25.1
TX0628,0037332178442,,ING-TX0628,Radio Control Vehicle Transmitters,1.15,92.99,synced,13:34.1
TX0629,0037332181046,,7694,Computer Cables,1.1497,16.54,synced,11:33.6
TX0630,0037332181053,,19263,Cable Connectors,1.1498,15.29,synced,11:28.6
TX0632,0037332181282,,ING-TX0632,Computer Cables,1.1501,46.04,synced,34:02.7
TX0633,0037332180704,,ING-TX0633,Computer Cables,1.15,34.27,synced,11:25.6
TX0943,0037332181541,,ING-TX0943,Network Cables,1.1501,62.9,synced,13:30.6
TX0944,0037332181558,,61336,Network Cables,1.15,97.45,synced,13:33.6
TX0948,0037332181268,,7710,Computer Cables,1.1499,29.6,synced,13:28.1
TX0949,0037332181336,,17224,Computer Cables,1.15,80.49,synced,13:31.2
TX0950,0037332181039,,14390,Computer Cables,1.1498,12.78,synced,13:25.1
TX0951,0037332181060,,7711,Audio/Video Cables,1.1502,32.79,synced,13:23.1
TX1004,0706487014430,,ING-TX1004,Headsets,1.1314,29.99,synced,34:01.7
TX1005,0706487014461,,ING-TX1005,Headsets,1.1229,79,synced,11:33.1
TX1007,0706487014485,,ING-01HW33,Headsets,1.1273,139,synced,13:32.6
TX1008,0706487014492,,ING-TX1008,Headsets,1.1167,163.66,synced,51:32.8
TX1009,0706487014508,,ING-TX1009,Headsets,1.1167,148,synced,11:36.6
TX1269,0037332181312,,9785,Computer Cables,1.1499,16.98,synced,13:35.1
TX1270,0037332181329,,ING-TX1270,Computer Cables,1.1498,24.46,synced,11:37.1
TX1273,0037332181299,,ING-TX1273,Electronics Docks & Cradles,1.15,94.5,synced,11:32.1
TX2820,0743172040336,,ING-TX2820,Uninterruptible Power Supplies,1.081,6569.65,synced,11:30.1
TX2823,0743172040367,,ING-TX2823,Uninterruptible Power Supplies,1.0837,2073.74,synced,13:23.6
TX8126,0043859651573,,55560,Appliance Air Filters,1.12,24.9,synced,11:28.1
TX8129,0043859658169,,ING-TX8129,Appliance Air Filters,1.12,24.26,synced,11:29.1
TY0164,0882658647161,,4631,Antennas,1.0801,59,synced,11:35.6
TY1612,0822088077718,,768559,Patch Cables,1.15,35.07,synced,11:34.6
TY8971,0883436454230,,ING-TY8971,Network Cables,1.1438,111.45,synced,13:37.6
U05580,0882658209963,,13085,Power Cables,1.1499,41.97,synced,11:39.1
U10888,0051128787281,,ING-U10888,Screen Privacy Filters,1.15,57.95,synced,13:38.2
U33569,0037332143143,,ING-U33569,Computer Racks & Mounts,1.1051,265.19,synced,13:46.2
U33570,0037332144041,,ING-U33570,Computer Rack Hardware & Accessories,1.0962,384.18,synced,11:43.6
U33573,0037332143198,,ING-U33573,Other Computer Accessories,1.1038,275.31,synced,13:44.7
U34417,0810689055471,,27679,TV & Monitor Mounts,1.15,70.45,synced,13:37.1
U38565,0037332143563,,ING-U38565,Automotive Specialty Parts,1.12,42.86,synced,13:40.2
U38566,0037332143181,,22933,Hardware Screws,1.1501,24.19,synced,13:46.7
U38567,0037332144614,,ING-U38567,Computer Racks & Mounts,1.15,76.05,synced,13:42.2
U38568,0037332144904,,ING-U38568,Shelves & Shelf Units,1.15,126.82,synced,13:40.6
U38572,0037332144607,,19831,Computer Rack Hardware & Accessories,1.15,64.71,synced,13:44.2
U38574,0037332144836,,ING-U38574,Computer Cooling,1.1061,238.5,synced,13:38.7
U38575,0037332144843,,ING-U38575,Computer Cooling,1.1105,198.63,synced,11:38.6
U38576,0037332144546,,ING-U38576,Computer Cooling,1.0959,371,synced,11:48.6
U38578,0037332142085,,ING-U38578,Computer Rack Hardware & Accessories,1.15,65.14,synced,33:36.7
U38579,0037332142092,,ING-U38579,Computer Rack Hardware & Accessories,1.1103,221.51,synced,11:44.1
U38580,0037332140661,,ING-U38580,Cable Organizers,1.1499,40.69,synced,33:35.8
U38581,0037332140678,,ING-U38581,Computer Rack Hardware & Accessories,1.15,72.89,synced,11:46.1
U38583,0037332140692,,ING-U38583,Cable Organizers,1.15,147.52,synced,11:44.6
U38584,0037332140685,,3956,Cable Organizers,1.15,161.45,synced,13:39.7
U40089,0037332145833,,ING-U40089,Computer Racks & Mounts,1.1499,66.22,synced,13:43.7
U40149,0757120404248,,114036,Audio/Video Cables,1.1501,10,synced,13:41.7
U40307,0757120271819,,ING-U40307,Network Cables,1.1499,12.99,synced,11:43.1
U40311,0757120081333,,114134,Network Cables,1.1498,16.1,synced,11:46.6
U40504,0757120031451,,1707,Power Cables,1.1503,19.09,synced,13:39.1
U40509,0757120034117,,ING-U40509,Switch & Outlet Plates,1.15,5.53,synced,13:36.7
U40510,0757120034124,,115104,Switch & Outlet Plates,1.1502,10,synced,34:04.7
U40513,0757120036777,,37244,Cable Connectors,1.1497,16.6,synced,11:42.6
U40518,0757120038108,,39594,Cable Connectors,1.1503,12.86,synced,13:36.1
U40521,0757120038313,,ING-U40521,Cable Connectors,1.1501,8.74,synced,51:30.3
U40522,0757120038337,,ING-U40522,Electrical Boxes,1.15,16.57,synced,13:47.7
U40523,0757120038375,,39670,TV & Monitor Mounts,1.1496,13.45,synced,13:45.7
U40526,0757120038597,,26227,Computer Patch Panels,1.15,39.79,synced,13:43.2
U40575,0757120269496,,3955,Computer Cables,1.15,35.64,synced,13:47.2
U40602,0757120278016,,114326,Network Cables,1.1501,17.79,synced,11:40.6
U40621,0757120291442,,26104,Computer Cables,1.1503,30.27,synced,11:39.6
U40625,0757120293118,,ING-U40625,Cable Connectors,1.1499,9.99,synced,11:45.6
U40637,0757120298045,,25118,Power Cables,1.1501,7.99,synced,11:48.1
U40639,0757120298540,,23538,Cable Organizers,1.1502,12.65,synced,11:45.1
U40642,0757120299271,,39963,Power Cables,1.15,20.34,synced,33:35.2
U40643,0757120299288,,3961,Power Cables,1.15,24.28,synced,33:36.3
U40645,0757120299332,,6916,Extension Cords,1.1497,25.99,synced,11:38.1
U40674,0757120404095,,28229,Audio/Video Cables,1.1501,20,synced,34:05.2
U40716,0757120029434,,37534,Cable Connectors,1.1502,14.9,synced,11:49.1
U40719,0757120094524,,3959,Computer Cables,1.1502,25.62,synced,11:40.1
U40723,0757120101819,,114031,Computer Cables,1.1498,17.65,synced,11:41.6
U40804,0037332140296,,ING-U40804,Other Computer Accessories,1.0851,1371.21,synced,13:41.2
U40805,0037332140319,,6917,KVM Switches,1.0856,2041.69,synced,34:04.2
U41113,0757120026648,,375797,Computer Cables,1.15,16.99,synced,34:05.7
U41259,0757120029731,,82275,Network Cables,1.1498,5.99,synced,13:42.7
U41367,0757120037132,,77463,Switch & Outlet Plates,1.1501,14.34,synced,11:42.1
U41385,0757120037217,,84629,Switch & Outlet Plates,1.1504,12.52,synced,13:45.2
U41403,0757120272298,,51771,Audio/Video Cables,1.15,32.68,synced,11:41.1
U41427,0757120278061,,ING-U41427,Network Cables,1.1502,33.35,synced,34:06.2
U41453,0757120291329,,ING-U41453,Audio/Video Cables,1.1499,37.26,synced,11:47.6
U41663,0037332146106,,37133,Network Cables,1.1502,18.19,synced,13:51.2
U41668,0037332146144,,ING-U41668,Network Cables,1.1501,7.74,synced,33:42.7
U41669,0037332146151,,37136,Network Cables,1.1497,5.12,synced,13:48.2
U41670,0037332146205,,18779,Network Cables,1.1499,17.42,synced,34:12.3
U41671,0037332146229,,ING-U41671,Network Cables,1.1501,11.5,synced,11:49.6
U41673,0037332146168,,ING-U41673,Network Cables,1.1498,9.65,synced,13:55.2
U41674,0037332122063,,6929,Network Cables,1.15,19.9,synced,34:12.8
U41675,0037332146212,,13100,Network Cables,1.1499,13.61,synced,11:47.1
U41676,0037332146199,,18579,Network Cables,1.1499,9.26,synced,11:54.1
U41677,0037332138446,,ING-U41677,Computer Racks & Mounts,1.0833,697.05,synced,34:11.8
U41746,0757120273660,,55428,Computer Cables,1.1502,26.59,synced,11:59.6
U41752,0757120404644,,39106,Audio/Video Cables,1.1496,,synced,33:42.3
U41814,0037332145567,,6920,Extension Cords,1.1497,19.69,synced,11:56.6
U42060,0037332146182,,6930,Network Cables,1.1503,9.71,synced,33:39.3
U42063,0037332143204,,64499,Computer Racks & Mounts,1.1142,257.34,synced,33:40.3
U42395,0037332120342,,55441,Network Cables,1.1501,27.66,synced,13:56.2
U42396,0037332143907,,30578,Network Cables,1.15,25.01,synced,13:49.2
U42397,0037332147080,,1716,Computer Cables,1.15,64.67,synced,13:54.2
U42398,0037332147042,,9307,Computer Cables,1.1504,21.5,synced,34:06.8
U42399,0037332147059,,13109,Computer Cables,1.1498,13.12,synced,33:41.3
U42662,0037332143389,,3970,Other Electronic Components & Accessories,1.1501,49.28,synced,34:13.3
U42673,0037332145970,,6932,Cable Splitters,1.15,16.51,synced,11:53.1
U42674,0037332146670,,37193,Audio/Video Cables,1.1496,17.97,synced,33:39.8
U42675,0037332146663,,28648,Computer Cables,1.1503,12.71,synced,34:07.7
U42678,0037332146946,,6928,Computer Cables,1.1503,18.44,synced,13:53.7
U42679,0037332146939,,9308,Computer Cables,1.1498,19.43,synced,13:57.2
U42886,0754082063148,,ING-U42886,Network Testers,1.0841,1583.36,synced,34:08.8
U42891,0754082063100,,ING-U42891,Network Testers,1.0817,4226.43,synced,14:00.7
U42902,0754082064411,,ING-U42902,Other Electronic Components,1.1187,168.13,synced,33:38.8
U42903,0754082064404,,ING-U42903,Cable Connectors,1.1198,177.1,synced,33:37.3
U43253,0037332145352,,ING-U43253,Casters,1.15,116.8,synced,13:50.2
U43256,0757120521068,,114214,Computer Cables,1.1504,5.68,synced,13:57.7
U43341,0731304243564,,ING-U43341,Device-Specific Electronics Batteries,1.1235,139.99,synced,34:11.3
U43713,0754082037651,,ING-U43713,Power Tool Blades,1.15,151.92,synced,11:51.1
U43838,0731304258650,,61415,Cable Organizers,1.15,51.99,synced,34:09.8
U44943,0731304228455,,58309,Device-Specific Electronics Batteries,1.112,263,synced,13:59.2
U45046,0065030792011,,23526,Network Cables,1.1504,11.13,synced,13:49.7
U45137,0065030831642,,3981,Audio/Video Cables,1.1501,22.98,synced,14:01.7
U45138,0065030827980,,ING-U45138,Drive Bay Caddies,1.15,76.04,synced,13:58.2
U45146,0065030830836,,13132,Computer Cooling,1.1499,8.75,synced,11:50.1
U45511,0722868484524,,ING-U45511,Network Cables,1.1501,15.27,synced,11:55.1
U45579,0722868664728,,ING-U45579,Audio/Video Cables,1.1498,16.72,synced,13:48.7
U45580,0722868664735,,ING-U45580,Audio/Video Cables,1.15,18.43,synced,52:03.3
U45581,0722868664742,,ING-U45581,Computer Cables,1.1499,18.99,synced,13:53.2
U45797,0722868663998,,ING-U45797,Computer Cables,1.1502,18.99,synced,11:55.6
U45798,0722868664001,,ING-U45798,Computer Cables,1.1499,20.07,synced,08:04.4
U45803,0722868154366,,ING-U45803,Network Cables,1.15,18.91,synced,11:59.1
U45811,0722868186794,,132516,Network Cables,1.1499,7.36,synced,11:50.6
U45824,0722868168349,,37389,Network Cables,1.1501,12.99,synced,13:50.7
U45830,0722868160114,,ING-U45830,Network Cables,1.1498,11.76,synced,33:38.3
U45832,0722868467336,,ING-U45832,Network Cables,1.1497,13.31,synced,11:51.6
U45842,0722868467343,,ING-U45842,Network Cables,1.1498,18.27,synced,11:52.1
U45843,0722868170564,,28666,Network Cables,1.15,18.86,synced,08:03.9
U45945,0065030831093,,ING-U45945,Computer Replacement Parts,1.1502,12.95,synced,13:52.7
U45959,0722868163382,,6939,Network Cables,1.1502,17.63,synced,12:01.6
U45968,0722868160145,,ING-U45968,Network Cables,1.15,23.19,synced,13:56.7
U45974,0722868533109,,ING-U45974,Network Cables,1.1502,12.24,synced,34:08.3
U45976,0722868377284,,37052,Network Cables,1.1498,12.24,synced,11:52.6
U45978,0722868611821,,63929,Network Cables,1.15,,synced,13:59.7
U45979,0722868683101,,ING-U45979,Network Cables,1.1499,13.83,synced,33:37.8
U45980,0722868611777,,ING-U45980,Network Cables,1.15,14.53,synced,33:40.8
U45983,0722868611715,,30429,Network Cables,1.1499,16.61,synced,13:55.7
U45984,0722868611852,,30428,Network Cables,1.15,14.76,synced,12:00.6
U45985,0722868611784,,30435,Network Cables,1.1499,14.87,synced,33:41.8
U45996,0722868391778,,ING-U45996,Network Cables,1.1501,16.69,synced,13:54.7
U46003,0722868484548,,9320,Network Cables,1.1499,20.54,synced,34:09.3
U46004,0722868480878,,21038,Network Cables,1.1502,24.19,synced,14:00.2
U46014,0722868442579,,9322,Network Cables,1.1499,26.09,synced,11:56.1
U46041,0722868644577,,13151,Network Cables,1.1501,62.87,synced,11:53.6
U73708,0092636243159,,3991,Laptop Bags,1.1501,52,synced,13:58.7
U75250,0021299179000,,ING-U75250,Headphones,1.1501,11.44,synced,12:00.1
U76861,0037332145956,,ING-U76861,Computer Cables,1.1499,26.56,synced,11:58.6
U76862,0037332145949,,ING-U76862,Computer Cables,1.15,31.91,synced,11:54.6
U76981,0754082038245,,ING-U76981,Hand Tool Crimpers & Strippers,1.15,47.85,synced,13:52.2
U77250,0722868297162,,ING-U77250,Network Cables,1.15,12.03,synced,11:57.6
U77251,0722868433997,,ING-U77251,Network Cables,1.15,11.36,synced,34:07.3
U77252,0722868505557,,ING-U77252,Network Cables,1.15,13.21,synced,34:10.3
U77255,0722868434017,,ING-U77255,Network Cables,1.1499,20.54,synced,13:51.7
U78789,0717010562830,,ING-U78789,Print Servers,1.1152,199.95,synced,11:57.1
U94248,0722868164372,,47937,Network Cables,1.1502,10.46,synced,11:58.1
U94385,0722868170663,,ING-U94385,Power Cables,1.1498,16.67,synced,34:10.8
UJ0090,0198155878657,,ING-UJ0090,Computer Monitors,1.06,640.08,synced,34:13.8
UJ0105,0097855201737,,ING-UJ0105,Computer Keyboards,1.15,50.98,synced,12:02.1
UJ0106,0097855202185,,ING-UJ0106,Computer Mice,1.1499,39.19,synced,12:05.6
UJ0107,0097855203861,,ING-UJ0107,Webcams,1.1375,116.86,synced,12:03.6
UJ0108,0097855203854,,ING-UJ0108,Camera & Camcorder Mounts,1.1375,114.75,synced,14:04.2
UJ0111,0097855203878,,ING-UJ0111,TV & Monitor Mounts,1.1375,125.47,synced,33:44.8
UJ0112,0097855206107,,ING-UJ0112,Video Game Accessories,1.15,2079.17,synced,14:01.2
UJ0251,0085896965435,,ING-UJ0251,"Tablet Holders, Carriers & Cases",1.15,58.52,synced,12:04.6
UJ0336,0198158329880,,ING-UJ0336,Desktop Computers,1.06,1102.42,synced,33:44.3
UJ0414,0199251443381,,ING-UJ0414,Desktop Computers,1.06,1529.97,synced,12:03.1
UJ1280,0012502678731,,ING-UJ1280,Label Maker Tape,1.15,21.67,synced,33:43.8
UJ1293,0012502679516,,ING-UJ1293,Label Maker Tape,1.1499,32.03,synced,33:43.2
UJ1303,0012502677659,,ING-UJ1303,Label Maker Tape,1.15,22.99,synced,12:05.1
UJ1314,0012502679776,,ING-UJ1314,Label Maker Tape,1.1499,23.49,synced,14:02.2
UJ1315,0012502679295,,ING-UJ1315,Label Maker Tape,1.15,22.09,synced,12:01.1
UJ1332,0012502679349,,ING-UJ1332,Label Maker Tape,1.1499,23.49,synced,14:03.7
UJ1345,0012502678908,,ING-UJ1345,Label Maker Tape,1.15,26.99,synced,12:02.6
UJ1367,0012502679530,,ING-UJ1367,Label Maker Tape,1.1499,24.99,synced,12:04.1
UJ1876,0757120404347,,129543,Polos,1.15,16.33,synced,12:11.1
UJ2135,0097855205759,,ING-UJ2135,Headsets,1.1499,27.99,synced,08:05.9
UJ2177,0037332284983,,ING-UJ2177,Laptop Docking Stations,1.1033,269.99,synced,33:45.3
UJ2190,0037332284990,,ING-UJ2190,Laptop Docking Stations,1.1002,304.99,synced,14:12.7
UJ2476,0037332287229,,ING-UJ2476,Network Switches,1.0995,328.73,synced,12:14.1
UJ2477,0037332287212,,ING-SF4771,Network Switches,1.1426,124.37,synced,34:14.3
UJ2478,0037332287236,,ING-UJ2478,Network Switches,1.1248,150.78,synced,12:06.6
UJ2944,0199251349065,,ING-UJ2948,Desktop Computers,1.06,2550.97,synced,12:10.6
UJ2952,0199251519505,,ING-UJ2952,Desktop Computers,1.06,1624.37,synced,51:29.3
UJ2955,0199251271144,,ING-UJ2955,Desktop Computers,1.06,1875.64,synced,14:08.2
UJ2956,0199251519451,,ING-UJ2956,Desktop Computers,1.06,1659,synced,12:13.6
UJ2957,0199251519444,,ING-UJ2957,Desktop Computers,1.06,1329,synced,12:07.1
UJ2958,0199251336676,,ING-UJ2958,Desktop Computers,1.06,3437.74,synced,34:15.3
UJ2959,0199251271656,,ING-UJ2959,Desktop Computers,1.06,3669.74,synced,12:12.1
UJ2960,0199251348082,,ING-UJ2960,Desktop Computers,1.06,2520,synced,14:07.7
UJ2966,0199251271601,,ING-UJ2966,Desktop Computers,1.06,2529.99,synced,12:13.1
UJ2975,0199251337826,,ING-UJ2975,Desktop Computers,1.06,3486.16,synced,14:02.7
UJ2979,0199251271199,,ING-UJ2979,Desktop Computers,1.06,2671.74,synced,14:05.7
UJ2981,0199251271168,,ING-UJ2981,Desktop Computers,1.06,2509.74,synced,14:08.7
UJ2982,0199251271632,,ING-UJ2982,Desktop Computers,1.06,2611.99,synced,07:22.1
UJ2984,0199251271687,,ING-UJ2984,Desktop Computers,1.06,2607.99,synced,34:16.3
UJ2985,0199251271649,,ING-UJ2985,Desktop Computers,1.06,2839.99,synced,33:46.3
UJ2988,0199251271731,,ING-UJ2988,Desktop Computers,1.06,1660.99,synced,12:07.6
UJ2989,0199251271717,,ING-UJ2989,Desktop Computers,1.06,3099.99,synced,14:03.2
UJ2990,0199251336652,,ING-UJ2990,Desktop Computers,1.06,2699.99,synced,33:47.3
UJ2991,0199251335280,,ING-UJ2991,Desktop Computers,1.06,2399.99,synced,34:14.8
UJ2992,0199251336638,,ING-UJ2992,Desktop Computers,1.06,2399.65,synced,33:45.8
UJ2994,0199251337703,,ING-UJ2994,Desktop Computers,1.06,2118.98,synced,14:11.2
UJ2997,0199251337857,,ING-UJ2997,Desktop Computers,1.06,3894.79,synced,34:16.8
UJ2999,0199251337710,,ING-UJ2999,Desktop Computers,1.06,2279.74,synced,12:10.1
UJ3002,0199251337727,,ING-UJ3002,Desktop Computers,1.06,2599.74,synced,12:08.6
UJ3003,0199251337468,,ING-UJ3003,Desktop Computers,1.06,3661.72,synced,14:13.7
UJ3004,0199251654299,,ING-UJ3004,Desktop Computers,1.06,1604.64,synced,14:06.7
UJ3005,0199251337673,,ING-UJ3005,Desktop Computers,1.06,2191.2,synced,34:17.3
UJ3006,0199251337772,,ING-UJ3006,Desktop Computers,1.06,2462.99,synced,14:09.7
UJ3008,0199251337697,,ING-UJ3008,Desktop Computers,1.06,2568.65,synced,12:06.1
UJ3010,0199251654251,,ING-UJ3010,Desktop Computers,1.06,2011.73,synced,14:04.7
UJ3011,0199251337734,,ING-UJ3011,Desktop Computers,1.06,1956.74,synced,33:46.8
UJ3012,0199251337741,,ING-UJ3012,Desktop Computers,1.06,1897.99,synced,34:15.8
UJ3013,0199251343841,,ING-UJ3013,Desktop Computers,1.06,2356.82,synced,14:07.2
UJ3015,0199251654312,,ING-UJ3015,Desktop Computers,1.06,1290.49,synced,12:08.1
UJ3017,0199251337376,,ING-UJ3017,Desktop Computers,1.06,3677.54,synced,12:09.6
UJ3019,0199251343834,,ING-UJ3019,Desktop Computers,1.06,3001.68,synced,14:10.2
UJ3020,0199251348099,,ING-UJ3020,Desktop Computers,1.06,1811.99,synced,12:12.6
UJ3021,0199251344343,,ING-UJ3021,Desktop Computers,1.06,4550.29,synced,14:05.2
UJ3022,0199251337291,,ING-UJ2946,Desktop Computers,1.06,2033.74,synced,12:09.1
UJ3025,0199251337284,,ING-UJ3025,Desktop Computers,1.06,1747.99,synced,14:09.2
UJ3026,0199251343827,,ING-UJ3026,Desktop Computers,1.06,2069.11,synced,14:10.7
UJ3058,0198156756152,,ING-UJ3058,Computer Monitors,1.06,499.66,synced,08:09.9
UJ3097,0074000703797,,ING-UJ3097,Computer Monitors,1.06,1669.32,synced,14:06.2
UJ3098,0074000704053,,ING-UJ3098,Computer Monitors,1.06,3015.42,synced,52:51.9
UJ3236,0198158057776,,ING-UJ3236,Laptop Computers,1.06,2999.74,synced,12:11.6
UJ3267,0198157589919,,ING-UJ3267,Laptop Computers,1.06,1159,synced,12:17.6
UJ3274,0198157445260,,ING-UJ3274,Laptop Computers,1.06,1381.99,synced,34:19.8
UJ3277,0198157445253,,ING-UJ3277,Laptop Computers,1.06,1714.74,synced,14:20.2
UJ3279,0198158520751,,ING-UJ3279,Laptop Computers,1.06,1899.74,synced,14:24.7
UJ3280,0198158520720,,ING-UJ3280,Laptop Computers,1.06,2442.42,synced,12:16.1
UJ3282,0198157433328,,ING-UJ3282,Laptop Computers,1.06,1586.36,synced,34:18.8
UJ3285,0198158520508,,ING-UJ3285,Laptop Computers,1.06,2154.99,synced,14:22.2
UJ3286,0198158520423,,ING-UJ3286,Laptop Computers,1.06,1353.02,synced,12:15.6
UJ3288,0198158520454,,ING-UJ3288,Laptop Computers,1.06,1282.85,synced,12:14.6
UJ3292,0198157443655,,ING-UJ3292,Laptop Computers,1.06,1527,synced,12:18.1
UJ3297,0198158520645,,ING-UJ3297,Laptop Computers,1.06,1849.99,synced,14:23.2
UJ3307,0884116491934,,ING-UJ3307,Laptop Computers,1.06,849.94,synced,14:21.7
UJ3309,0884116491415,,ING-UJ3309,Laptop Computers,1.06,806.39,synced,14:21.2
UJ3311,0884116490623,,ING-UJ3311,Laptop Computers,1.06,2257.08,synced,34:17.8
UJ3313,0884116490616,,ING-UJ3313,Laptop Computers,1.06,2156.77,synced,14:14.7
UJ3314,0884116490807,,ING-UJ3314,Laptop Computers,1.06,2204.37,synced,14:24.2
UJ3327,0884116490593,,ING-UJ3327,Laptop Computers,1.06,1776.67,synced,14:18.2
UJ3426,0199251134357,,ING-UJ3426,Desktop Computers,1.06,1519.74,synced,14:16.2
UJ3488,0097564311888,,ING-UJ3488,Computer Scanners,1.0934,424.98,synced,12:15.1
UJ3529,0829686009141,,ING-UJ3529,Hard Drives,1.0917,585.66,synced,14:16.7
UJ3665,0810177162032,,ING-UJ3665,Wireless Access Points,1.1172,187.99,synced,14:20.7
UJ3738,0196388517770,,ING-UJ3738,Computer Replacement Parts,1.15,37.01,synced,14:18.7
UJ3841,0190017560021,,ING-UJ3841,Network Switches,1.0849,1331.16,synced,14:17.7
UJ3937,0199251442032,,ING-UJ3937,Desktop Computers,1.06,1264.24,synced,34:19.3
UJ3938,0199251443404,,ING-UJ3938,Desktop Computers,1.06,1562.74,synced,14:13.2
UJ3939,0199251134340,,ING-UJ3939,Desktop Computers,1.06,1386.04,synced,14:25.7
UJ3940,0199251443428,,ING-UJ3940,Desktop Computers,1.06,2329.91,synced,14:19.7
UJ3942,0199251442988,,ING-UJ3942,Desktop Computers,1.06,1900.99,synced,14:26.2
UJ3944,0199251442926,,ING-UJ3944,Desktop Computers,1.06,1449.99,synced,14:14.2
UJ3946,0199251442018,,ING-UJ3946,Desktop Computers,1.06,1216.74,synced,12:18.6
UJ3947,0199251442971,,ING-UJ3947,Desktop Computers,1.06,1949.25,synced,33:47.8
UJ3948,0199251134333,,ING-UJ3948,Desktop Computers,1.06,1281.74,synced,12:17.1
UJ3950,0199251134364,,ING-UJ3950,Desktop Computers,1.06,1599.99,synced,12:19.6
UJ3951,0199251442940,,ING-UJ3951,Desktop Computers,1.06,1596.99,synced,14:15.2
UJ4087,0198415167118,,ING-UJ4087,Laptop Computers,1.06,2403.99,synced,14:19.2
UJ4093,0198415247735,,ING-UJ4093,Laptop Computers,1.06,1851.99,synced,34:18.4
UJ4097,0198415247711,,ING-UJ4097,Laptop Computers,1.06,1889.99,synced,14:15.7
UJ4114,0199251085680,,ING-UJ4114,Laptop Computers,1.06,795.54,synced,14:23.7
UJ4187,0606449172478,,ING-UJ4187,Network Routers,1.108,194.99,synced,12:16.6
UJ4188,0606449171785,,ING-UJ4188,Network Routers,1.088,589.99,synced,14:12.2
UJ4189,0606449166422,,ING-S36950,Network Routers,1.0965,424.21,synced,34:20.3
UJ4190,0606449172010,,ING-UJ4190,Network Routers,1.09,811.92,synced,14:17.2
UJ4495,0198157309814,,ING-UJ4495,Desktop Computers,1.06,1482.1,synced,14:11.7
UJ4505,0198157007888,,ING-UJ4505,Desktop Computers,1.06,1623.27,synced,14:22.7
UJ4508,0198157309920,,ING-UJ4508,Desktop Computers,1.06,1513.34,synced,12:20.1
UJ4812,0198158138758,,ING-UJ4812,Desktop Computers,1.06,2483.99,synced,12:20.6
UJ4870,0198828043573,,ING-UJ4870,Computer Monitors,1.06,154,synced,12:19.1
UJ5215,0850041503820,,ING-UJ5215,Video Game Chairs,1.15,991.27,synced,14:25.2
UJ5256,0797212999856,,ING-UJ5256,Multimedia Projectors,1.08,725.43,synced,14:27.2
UJ5257,0850066082003,,ING-UJ5257,Multimedia Projectors,1.08,850.47,synced,14:27.7
UJ5258,0850031865136,,ING-UJ5258,Multimedia Projectors,1.08,1169.89,synced,14:26.7
UK0451,0882658561610,,143928,RAM Memory,1.089,773.51,synced,09:29.5
UK2932,0023942984856,,ING-UK2932,Optical Recording Media,1.15,68.44,synced,09:31.0
UK3083,0037332182159,,18710,Computer Cables,1.1499,26.28,synced,09:30.0
UK3085,0037332182166,,ING-UK3085,Computer Cables,1.15,20.83,synced,09:45.5
UK3086,0037332182180,,ING-UK3086,Telephone Cables,1.15,19.95,synced,09:45.0
UK3999,0708326914017,,ING-UK3999,Hard Drives,1.1128,211.2,synced,09:46.0
UK4001,0708326914000,,ING-UK4001,Hard Drives,1.1011,333.24,synced,09:30.5
UK4484,0882658647178,,144432,Network Cables,1.1409,163.8,synced,09:44.5
UK6027,0882658647154,,143503,Antennas,1.08,1211.99,synced,09:50.0
UM6564,0745883656271,,2450,Network Adapters,1.15,37,synced,10:20.0
UN0451,0663072948771,,56276,Computer Servers,1.06,2659.5,synced,09:52.0
UN2770,0757120249047,,ING-UN2770,Computer Cables,1.1499,23.02,synced,33:10.7
UN4211,0065030854597,,17246,Computer Port Cards,1.1475,79.99,synced,09:49.0
UN4212,0065030854627,,ING-UN4212,Computer Port Cards,1.1431,87.99,synced,09:48.5
UN4213,0065030854344,,ING-UN4213,Computer Cables,1.15,69.42,synced,09:33.5
UN4216,0065030854917,,ING-UN4216,Audio/Video Cables,1.1501,49.24,synced,09:31.5
UN4218,0065030854696,,ING-UN4218,Computer Cables,1.1499,10.49,synced,09:51.5
UN4220,0065030854924,,9772,Computer Cables,1.1499,20.25,synced,09:32.5
UN4222,0065030854931,,ING-UN4222,Computer Cables,1.15,44.72,synced,09:52.5
UN4462,0065030854894,,17112,Computer Cables,1.15,56.11,synced,09:33.0
UN4463,0065030854634,,ING-UN4463,USB Hubs,1.15,56.13,synced,09:34.0
UN4464,0065030855396,,36839,Network Cables,1.0954,569.45,synced,09:34.5
UN4465,0065030855389,,24655,Network Cables,1.0973,327,synced,37:17.4
UN4466,0065030851589,,ING-UN4466,Audio/Video Cables,1.15,31.78,synced,09:47.0
UN4472,0065030851565,,ING-UN4472,Audio/Video Cables,1.1499,23.8,synced,09:53.0
UN5087,0065030851572,,ING-UN5087,Audio/Video Cables,1.1501,17.73,synced,09:46.5
UN5088,0065030855402,,ING-UN5088,Computer Cables,1.1392,86.7,synced,09:48.0
UN5089,0065030854269,,ING-UN5089,USB Wi-Fi Adapters,1.1501,10.71,synced,09:50.5
UN5090,0065030852623,,ING-UN5090,Power Distribution Units,1.15,72.99,synced,09:49.5
UN5092,0065030855297,,ING-UN5092,Computer Racks & Mounts,1.1432,88.2,synced,33:10.2
UN5354,0065030855433,,ING-UN5354,Audio/Video Cables,1.1342,127.99,synced,09:47.5
UN5355,0065030855440,,ING-UN5355,Audio/Video Cables,1.1071,206.8,synced,09:32.0
UN5357,0065030854177,,ING-UN5357,Analog-to-Digital Converters,1.0979,373.73,synced,33:13.2
UN5931,0065030784344,,ING-4R9540,Cable Covers,1.1501,57.36,synced,09:51.0
UP2885,0882658525513,,ING-UP2885,Network Cables,1.1137,218.93,synced,09:56.5
UP3458,0882658615320,,30554,Computer Software,1.15,280.94,synced,09:53.5
UP5146,0887942927257,,23193,Device-Specific Electronics Chargers,1.1388,143.61,synced,33:11.2
UP5147,0887619849301,,ING-UP5147,Laptop Computers,1.0599,17.4,synced,09:35.0
UP6186,0843591047289,,32644,Flash Drives,1.15,39.49,synced,09:36.0
UP7213,0822088068396,,713257,Network Cables,1.1497,19.65,synced,09:54.5
UP7215,0822088075806,,57809,Network Cables,1.1499,18.15,synced,09:55.0
UP7216,0822088073765,,38425,Network Cables,1.1502,15.34,synced,57:27.5
UP7221,0822088072928,,719365,Network Cables,1.1503,15.75,synced,09:57.0
UP7222,0822088005971,,722051,Network Cables,1.1503,18.15,synced,09:56.0
UP7223,0822088073901,,34852,Network Cables,1.1499,,synced,10:21.0
UP7224,0822088070924,,46418,Network Cables,1.1504,12.57,synced,09:54.0
UP7227,0822088006008,,753723,Network Cables,1.15,41.12,synced,09:35.5
UP7230,0822088006138,,747965,Network Cables,1.1501,9.17,synced,10:20.5
UP7234,0822088006152,,765322,Network Cables,1.1503,10.74,synced,09:55.5
UP7244,0822088006596,,747966,Network Cables,1.1502,,synced,10:10.0
UP7253,0822088127680,,750726,Network Cables,1.1501,17.94,synced,33:12.7
UP7257,0822088071082,,621553,Network Cables,1.1497,8.35,synced,10:12.0
UP7259,0822088006060,,719120,Network Cables,1.1503,11.15,synced,09:58.0
UP7267,0822088006336,,719119,Network Cables,1.1503,6.36,synced,10:02.6
UP7272,0822088006374,,726532,Network Cables,1.1498,14.76,synced,33:22.2
UP7276,0822088006411,,713819,Network Cables,1.1499,22.95,synced,09:40.0
UP7278,0822088006435,,746159,Network Cables,1.1498,25.95,synced,33:15.7
UP7282,0822088077114,,278447,Network Cables,1.1503,6.74,synced,10:21.5
UP7284,0822088077138,,278450,Network Cables,1.1502,14.01,synced,33:18.2
UP7285,0822088006732,,719496,Network Cables,1.1502,16.49,synced,10:22.5
UP7286,0822088006749,,713820,Network Cables,1.15,18.91,synced,10:07.0
UP7287,0822088067351,,399426,Network Cables,1.15,19.39,synced,10:09.5
UP7292,0822088073062,,725909,Cable Connectors,1.15,84.65,synced,33:17.2
UP7316,0822088102526,,500400,KVM Switches,1.1018,369.77,synced,10:02.0
UP7491,0822088122173,,713966,Switch & Outlet Plates,1.1496,15.19,synced,10:01.5
UP7515,0822088028956,,750598,Network Cables,1.1499,15.9,synced,10:06.5
UP7523,0822088121732,,711699,Switch & Outlet Plates,1.15,27.29,synced,10:05.0
UP7524,0822088121749,,719124,Switch & Outlet Plates,1.1502,15.38,synced,10:23.0
UP7529,0822088077978,,719468,Other Electronic Components & Accessories,1.1435,119.04,synced,09:37.0
UP7567,0822088074397,,706061,Cable Splitters,1.1502,28.24,synced,33:15.2
UP7577,0822088072881,,750972,Network Cables,1.1501,26.45,synced,33:12.2
UP7592,0822088102700,,706062,KVM Switches,1.1179,262.35,synced,33:14.7
UP7599,0822088067726,,415682,Power Cables,1.1502,,synced,50:43.8
UP7612,0822088029007,,760610,Network Cables,1.15,24.9,synced,09:38.5
UP7621,0822088065043,,ING-UP7621,KVM Switches,1.1261,144.74,synced,10:11.0
UP7646,0822088099802,,709927,Cable Connectors,1.1348,175.89,synced,10:00.5
UP7692,0822088067085,,706259,Terminal Blocks,1.1403,132.29,synced,10:10.5
UP7723,0822088100560,,711590,Signal Repeaters,1.1131,211.52,synced,10:24.5
UP7724,0822088078319,,706034,Box Springs,1.15,408.04,synced,33:13.7
UP7736,0822088076865,,ING-UP7736,USB Hubs,1.15,56.85,synced,33:22.7
UP7758,0822088068532,,70224,Signal Repeaters,1.1428,122.66,synced,09:39.0
UP7835,0822088074229,,719488,KVM Switches,1.1152,373.68,synced,09:36.5
UP7896,0822088065104,,ING-UP7896,Network Switches,1.15,50.76,synced,10:04.5
UP7908,0822088064831,,526534,Network Switches,1.1073,347.58,synced,09:38.0
UP7918,0822088068648,,431055,Cable Connectors,1.15,23.92,synced,33:19.2
UP7919,0822088102250,,718364,Computer Patch Panels,1.1501,124.77,synced,33:21.2
UQ3022,0698833037654,,ING-UQ3022,Electronics Stands,1.0866,974.27,synced,09:58.5
UQ3023,0698833039047,,ING-UQ3023,Patient Lifts,1.15,1029.96,synced,10:24.0
UQ3045,0810354020124,,ING-UQ3045,Wireless Access Points,1.15,107.82,synced,10:09.0
UQ3091,0810354020872,,ING-UQ3091,Automotive Specialty Parts,1.12,140.46,synced,09:41.0
UQ3093,0810354020896,,ING-UQ3093,Antennas,1.08,82.04,synced,10:08.5
UQ3182,0698833040920,,ING-UQ3182,Electronics Stands,1.1213,162.88,synced,52:07.2
UQ3203,0757120023180,,65423,Computer Cables,1.1498,19.44,synced,10:04.0
UQ3305,0013803230840,,ING-UQ3305,Printers & All-in-Ones,1.15,202.64,synced,33:17.7
UQ3306,0013803230260,,ING-UQ3306,Printers & All-in-Ones,1.15,164.99,synced,33:18.7
UQ4525,0706487015246,,ING-UQ4525,Other Electronic Components & Accessories,1.1501,27,synced,33:16.2
UQ4884,0757120010265,,115861,Network Cables,1.1503,13.74,synced,10:01.0
UQ4930,0757120010722,,ING-UQ4930,Network Cables,1.1502,15.32,synced,10:08.0
UQ4931,0757120010739,,81564,Network Cables,1.1497,6.25,synced,10:03.5
UQ4936,0757120010784,,ING-UQ4936,Network Cables,1.1498,16.99,synced,10:03.0
UQ4938,0757120010807,,ING-UQ4938,Network Cables,1.1502,20.91,synced,10:22.0
UQ4941,0757120010838,,ING-UQ4941,Network Cables,1.1501,19.14,synced,09:37.5
UQ4944,0757120010869,,81287,Network Cables,1.1496,15.1,synced,10:00.0
UQ4945,0757120010876,,103316,Network Cables,1.1499,15.78,synced,10:06.0
UQ4955,0757120010975,,116244,Network Cables,1.1496,15.33,synced,09:40.5
UQ4956,0757120010982,,128825,Network Cables,1.1499,7.51,synced,10:11.5
UQ4957,0757120010999,,128945,Network Cables,1.1504,18.57,synced,09:41.5
UQ4960,0757120011026,,77844,Network Cables,1.1503,10.9,synced,33:11.7
UQ4964,0757120011064,,ING-UQ4964,Network Cables,1.1502,21.73,synced,10:23.5
UQ4967,0757120011095,,80320,Network Cables,1.1503,16.29,synced,33:21.7
UR6030,0821455071908,,ING-UR6030,Network Cables,1.1501,22.08,synced,10:05.5
UR6217,0821455071991,,ING-UR6217,Network Cables,1.1501,28.27,synced,09:39.5
UR6234,0821455071090,,31655,Network Cables,1.1501,40.1,synced,33:14.2
UR6235,0821455071106,,21917,Network Switch Modules,1.15,69.99,synced,10:25.0
UR7973,0743172050410,,ING-UR7973,Other Computer Accessories,1.0851,1294.76,synced,33:16.7
UR8477,0743172050427,,ING-UR8477,Power Distribution Units,1.0869,912.26,synced,33:19.7
UR8479,0743172050458,,ING-UR8479,Power Distribution Units,1.0857,666.46,synced,09:59.0
UR9598,0672792105197,,ING-UR9598,Computer Cables,1.1236,132.58,synced,10:07.5
UR9628,0672792151682,,763988,USB Hubs,1.1442,98.88,synced,09:59.5
UR9632,0672792003790,,ING-UR9632,USB Hubs,1.15,32.33,synced,09:57.5
US1241,0198828195487,,ING-US1241,Computer Monitors,1.06,290.8,synced,09:42.0
US3005,0097855175090,,ING-US3005,Computer Mice,1.15,17.52,synced,10:25.5
US3788,0195892117797,,ING-US3788,Computer Keyboards,1.1346,105.99,synced,33:20.2
US3813,0199271049433,,ING-US3813,Desktop Computers,1.06,1031.99,synced,10:13.1
US3844,0841567006162,,ING-US3844,Electronics Docks & Cradles,1.0918,592.45,synced,10:13.5
US3942,0065030911436,,ING-US3942,Computer Port Cards,1.1076,275.79,synced,10:12.5
US3962,0824142403129,,ING-US3962,Laptop Computers,1.06,1949.99,synced,10:14.0
US3995,0810177162179,,ING-US3995,Wireless Access Points,1.1102,232.22,synced,09:42.5
US4473,0606449174823,,ING-US4473,Network Switches,1.1018,318.32,synced,10:15.0
US4887,0886734899574,,ING-US4887,Device-Specific Electronics Batteries,1.15,90.41,synced,10:15.5
US4909,0199251747144,,ING-US4909,Laptop Computers,1.06,749.99,synced,09:43.0
US4958,0606449174885,,ING-US4958,Network Switches,1.0943,494.37,synced,09:43.5
US4989,0606449174809,,ING-US4989,Network Switches,1.1233,161.5,synced,10:14.5
US4990,0606449174625,,ING-US4990,Network Switches,1.1307,136.14,synced,09:44.0
US5392,0633886017390,,ING-US5392,Electronics Film Protectors,1.15,46.48,synced,10:16.0
US5490,0843295102840,,738708,Computer Servers,1.06,5889.8,synced,52:16.9
US5679,0884116490968,,ING-US5679,Laptop Computers,1.06,1903.53,synced,33:20.7
US5681,0884116482772,,ING-US5681,Laptop Computers,1.06,1609.39,synced,10:19.5
US5687,0884116482765,,ING-US5687,Laptop Computers,1.06,1674.41,synced,10:16.5
US5688,0884116491880,,ING-US5688,Laptop Computers,1.06,1042.43,synced,10:19.0
US5689,0884116491705,,ING-US5689,Laptop Computers,1.06,860.99,synced,10:17.0
US5802,0884116490609,,ING-US5802,Laptop Computers,1.06,2054.52,synced,10:26.0
US6123,0198957072338,,ING-US6123,Cell Phones,1.08,969,synced,10:18.6
US6125,0198957072277,,ING-US6125,Cell Phones,1.08,1099.99,synced,10:18.0
US6143,0198157851672,,ING-US6143,Desktop Computers,1.06,1205.88,synced,10:17.5
US6210,0198157460324,,ING-US6210,Laptop Computers,1.06,1283.85,synced,10:26.5
US7007,0881317522221,,ING-US7007,Device-Specific Electronics Chargers,1.1477,119.61,synced,59:07.5
US8516,0197498837048,,ING-US8516,Microphones,1.0905,570.42,synced,59:08.0
UT2057,0822088102595,,709507,Audio & Video Receivers,1.08,633.08,synced,59:08.5
UT2080,0822088071686,,526539,Computer Patch Panels,1.1152,266.02,synced,08:52.0
UT2103,0822088067511,,56303,Computer Patch Panels,1.1096,287.53,synced,59:09.0
UT2105,0822088068488,,287833,Computer Patch Panels,1.107,328.29,synced,08:53.0
UT2114,0822088078098,,284807,KVM Switches,1.1205,239.74,synced,09:22.0
UT2170,0822088065364,,51108,KVM Switches,1.1101,339.89,synced,09:22.5
UT2177,0822088078142,,710282,Network Switches,1.1088,309.78,synced,59:09.5
UT2179,0822088068556,,709173,KVM Switches,1.0941,638.2,synced,08:51.5
UT2181,0822088067719,,517862,Power Cables,1.0887,1026.04,synced,08:52.5
UT2212,0822088068334,,527748,Computer Patch Panels,1.1203,169.37,synced,09:18.0
UT2251,0822088102175,,284742,Computer Patch Panels,1.0984,521.01,synced,08:51.0
UT2252,0822088066705,,ING-UT2252,Computer Patch Panels,1.0939,424.8,synced,33:08.7
UT2352,0822088066934,,719609,KVM Switches,1.0829,3128.07,synced,58:42.5
UU4814,0805736051889,,72878,Projector Replacement Lamps,1.1381,187.7,synced,58:46.5
UU5011,0037332181503,,14517,Computer Cables,1.15,17.99,synced,08:54.5
UU5013,0037332180193,,ING-UU5013,Network Switches,1.096,433.43,synced,33:05.7
UU5015,0037332181862,,ING-UU5015,Network Cables,1.1214,171.27,synced,58:43.5
UU5344,0822088014638,,622877,Network Cables,1.15,27.83,synced,58:48.0
UU5365,0822088064909,,ING-UU5365,Network Switch Modules,1.1499,59.71,synced,58:47.0
UU8135,0037332181510,,14601,Computer Cables,1.1498,26.92,synced,58:46.0
UU8136,0037332180766,,14602,Computer Cables,1.1502,19.99,synced,09:19.0
UU8137,0037332181428,,17061,USB Hubs,1.1494,118.51,synced,58:45.5
UU8615,0808447070675,,56924,Audio/Video Cables,1.15,54.99,synced,58:43.0
UU8632,0808447070958,,30254,Computer Cables,1.15,55.46,synced,08:53.5
UU8637,0808447071016,,24706,Computer Cables,1.1379,123.76,synced,58:45.0
UU8640,0808447071238,,34392,Computer Cables,1.15,45.34,synced,09:18.5
UU8642,0808447070927,,18708,Computer Cables,1.15,57.5,synced,58:44.0
UU8644,0808447071054,,14657,Computer Cables,1.15,67.68,synced,58:44.5
UU8645,0808447071061,,ING-UU8645,Computer Cables,1.1501,106.99,synced,52:07.3
UU8646,0808447071078,,60927,Computer Cables,1.144,127.47,synced,09:23.0
UU9567,0037332182593,,ING-UU9567,Network Cables,1.1498,4.93,synced,33:05.2
UU9568,0037332182609,,ING-UU9568,Network Cables,1.1503,5.32,synced,08:55.0
UU9570,0037332182562,,ING-UU9570,Power Cables,1.1501,19.29,synced,08:54.0
UU9841,0037332183569,,19445,TV & Monitor Mounts,1.1371,178.12,synced,08:56.0
UU9843,0037332182548,,14800,Power Cables,1.1499,22.79,synced,08:55.5
UW5018,0888631101231,,114511,Hard Drives,1.1193,149.19,synced,58:47.5
UW7613,0051128829905,,ING-UW7613,Screen Privacy Filters,1.1501,33.99,synced,08:57.5
UX2006,0783750006200,,ING-UX2006,Computer Keyboards,1.15,104.52,synced,08:57.0
UX2813,0882658615368,,4639,Other Computer Accessories,1.1486,119.6,synced,08:56.5
UX4248,0785813014931,,ING-UX4237,Network Switches,1.0828,2682.49,synced,09:23.5
UX5098,0065030855020,,14628,Network Switches,1.15,80.8,synced,58:48.5
UX5373,0065030855600,,ING-UX5373,Computer Replacement Parts,1.15,28,synced,50:47.8
UX6701,0757120543121,,19276,Computer Cables,1.1501,34.79,synced,08:58.0
UX6951,0757120567844,,ING-UX6951,Computer Cables,1.15,9.99,synced,08:58.5
UX9167,0821455075531,,ING-UX9167,Audio/Video Cables,1.1501,25.65,synced,33:07.7
V03709,0037332148070,,ING-V03709,Network Cables,1.1503,9.69,synced,58:50.0
V03713,0037332145321,,ING-V03713,Network Cables,1.1501,14.78,synced,09:02.0
V03714,0037332148094,,ING-V03714,Network Cables,1.15,9.05,synced,33:06.7
V03715,0037332148100,,ING-V03715,Network Cables,1.1501,18.54,synced,58:50.5
V04038,0037332210982,,ING-V04038,Uninterruptible Power Supplies,1.15,89.99,synced,33:01.3
V04039,0037332211064,,ING-V04039,Uninterruptible Power Supplies,1.1362,128.97,synced,58:49.5
V04040,0037332211118,,ING-V04040,Uninterruptible Power Supplies,1.1232,155.63,synced,09:00.0
V04052,0722868663974,,ING-V04052,Computer Cables,1.1499,25.9,synced,58:54.0
V06053,0065030831383,,23742,Computer Cables,1.1501,15,synced,37:12.9
V06143,0065030831024,,ING-V06143,USB Hubs,1.15,64.99,synced,09:04.0
V06755,0065030789578,,37324,Network Cables,1.15,6.44,synced,09:24.5
V07112,0722868685426,,21075,Network Cables,1.1498,14.84,synced,58:52.5
V07116,0722868685464,,13167,Network Cables,1.1502,20.69,synced,58:49.0
V07117,0722868685471,,114772,Network Cables,1.1499,31.87,synced,33:09.7
V07757,5.70699E+12,,ING-V07757,Other Electronic Components & Accessories,1.15,25.43,synced,09:02.5
V09470,0043859560585,,ING-V09470,Screen Privacy Filters,1.15,111.64,synced,09:25.5
V09718,0065030818872,,23506,Computer Replacement Parts,1.15,14.89,synced,09:19.5
V09750,0037332125873,,ING-V09750,Network Cables,1.1498,9.99,synced,51:30.8
V10086,0065030833073,,ING-V10086,Computer Cables,1.1502,8.3,synced,58:53.0
V10089,0065030830683,,ING-V10089,USB Wi-Fi Adapters,1.1278,155.67,synced,09:03.0
V10735,0065030832182,,ING-V10735,Computer Cables,1.15,30.29,synced,08:59.5
V10739,0065030833134,,ING-V10739,Computer Cables,1.1499,17.42,synced,58:51.5
V10744,0065030833660,,ING-V10744,Network Cables,1.1499,30.5,synced,09:00.5
V11214,0648177025510,,60312,Computer Rack Hardware & Accessories,1.0995,411.69,synced,33:07.2
V14142,0821455017036,,ING-V14142,Network Switch Modules,1.15,70.06,synced,33:01.7
V21394,0741149300575,,1748,Computer Monitors,1.06,681.73,synced,09:01.0
V21538,0741149301565,,ING-V21538,Computer Monitors,1.06,1025.89,synced,33:02.2
V25727,0051128787304,,45575,Screen Privacy Filters,1.15,129.99,synced,58:51.0
V25728,0051128787328,,ING-V25728,Screen Privacy Filters,1.15,167,synced,50:48.3
V29122,0881317503497,,1750,Cable Connectors,1.1497,24.25,synced,58:52.0
V32629,0019428083175,,ING-V32629,Cell Phone Cases,1.1499,10,synced,37:14.4
V32631,0019428083342,,ING-V32631,Camera Bags & Cases,1.08,26.76,synced,08:59.0
V32642,0019428011130,,ING-V32642,Camera Bags & Cases,1.08,57.23,synced,09:24.0
V34227,0881317503190,,ING-V34227,Computer Cables,1.1501,28.26,synced,33:06.2
V34228,0881317503176,,22343,Audio/Video Cables,1.15,24.79,synced,09:03.5
V35876,0832938042773,,ING-V35876,TV & Monitor Mounts,1.1372,91.06,synced,09:01.5
V39934,0698833009705,,ING-V39934,Electronics Stands,1.1393,119.32,synced,09:04.5
V42119,0698833009606,,ING-V42119,Computer & Machine Carts,1.15,1910.72,synced,09:20.0
V43786,0754082037668,,288759,Cable Insertion & Extraction Tools,1.1456,122.79,synced,09:05.0
V55649,0012502620747,,63464,Photo Paper,1.0798,15.25,synced,09:25.0
V57454,0037332149572,,1761,Network Adapters,1.1499,15.95,synced,09:05.5
V57458,0037332150332,,57711,Network Cables,1.15,28.09,synced,58:53.5
V57459,0037332150349,,ING-V57459,Network Cables,1.15,21.06,synced,33:09.2
V57460,0037332150356,,13212,Network Cables,1.1501,27.3,synced,33:02.7
V57462,0037332150370,,19156,Network Cables,1.1501,29.24,synced,58:55.0
V57463,0037332147790,,ING-V57463,Switch & Outlet Plates,1.15,4.32,synced,58:54.5
V58084,0051128788509,,ING-V58084,Screen Privacy Filters,1.15,38.28,synced,52:09.9
VJ1288,0819927013570,,ING-VJ1288,T-Shirts,1.1501,19.95,synced,09:06.5
VJ1291,0819927013556,,ING-VJ1291,T-Shirts,1.15,299.95,synced,58:56.5
VJ1461,0753218984036,,ING-VJ1461,Stylus Pens,1.15,104.28,synced,58:55.5
VJ1470,0753218984081,,ING-VJ1470,Graphics Tablets,1.0884,718.92,synced,58:57.0
VJ1677,0821455022238,,ING-DM4012,Network Switch Modules,1.1499,63.5,synced,09:06.0
VJ3518,0845973097318,,ING-VJ3518,USB Wi-Fi Adapters,1.15,29.99,synced,58:56.0
VJ3682,0198155418921,,ING-VJ3682,Computer Monitors,1.06,199.99,synced,07:18.7
VJ4044,0198390002138,,ING-VJ4044,Computer Scanners,1.0919,590.95,synced,09:10.5
VJ4051,0750519252185,,ING-VJ4051,Desktop Computers,1.06,1479.99,synced,33:03.7
VJ4063,0198390001216,,ING-VJ4063,Computer Scanners,1.089,846.23,synced,09:07.5
VJ4363,0199251797002,,ING-VJ4363,Laptop Computers,1.06,2299.99,synced,09:09.5
VJ4386,0199251726880,,ING-VJ4386,Laptop Computers,1.06,2055.95,synced,09:11.0
VJ4388,0199251727146,,ING-VJ4388,Laptop Computers,1.06,2299.99,synced,09:10.0
VJ4391,0199251725432,,ING-VJ4391,Laptop Computers,1.06,1397.92,synced,09:07.0
VJ4394,0199251725425,,ING-VJ4394,Laptop Computers,1.06,1647.38,synced,33:08.2
VJ4399,0199251726668,,ING-VJ4399,Laptop Computers,1.06,2134.33,synced,12/6/2025 0:09
VJ4400,0199251726637,,ING-VJ4400,Laptop Computers,1.06,2567.99,synced,09:09.0
VJ4401,0199251726705,,ING-VJ4401,Laptop Computers,1.06,2455.57,synced,58:58.5
VJ4402,0199251747199,,ING-VJ4402,Laptop Computers,1.06,1052.18,synced,09:26.5
VJ4407,0199251519536,,ING-VJ4407,Desktop Computers,1.06,2434.13,synced,58:58.0
VJ4408,0199251950582,,ING-VJ4408,Desktop Computers,1.06,2317.37,synced,09:26.0
VJ4409,0199251727122,,ING-VJ4409,Laptop Computers,1.06,1990.75,synced,09:08.0
VJ4413,0199251726996,,ING-VJ4413,Laptop Computers,1.06,2399.99,synced,09:08.5
VJ4423,0199251727160,,ING-VJ4423,Laptop Computers,1.06,2794.01,synced,33:03.2
VJ4426,0199251727030,,ING-VJ4426,Laptop Computers,1.06,3183.99,synced,58:57.5
VJ4735,7.33102E+12,,ING-VJ4735,Surveillance Cameras,1.08,943.99,synced,09:21.5
VJ4737,7.33102E+12,,ING-VJ4737,Surveillance Cameras,1.08,2731.09,synced,52:07.9
VJ4738,7.33102E+12,,ING-VJ4738,Surveillance Cameras,1.08,865.61,synced,09:12.0
VJ4812,0197497475876,,ING-VJ4812,VoIP Phones,1.08,186.27,synced,58:59.5
VJ5193,0199271462270,,ING-VJ5193,Desktop Computers,1.06,1095.19,synced,09:20.5
VJ5234,0198157338388,,ING-VJ5234,Laptop Computers,1.06,960.95,synced,33:04.2
VJ5239,0198157338630,,ING-VJ5239,Laptop Computers,1.06,1492.49,synced,09:11.5
VJ6369,0840390330628,,ING-VJ6369,Computer Cables,1.15,33.34,synced,58:59.0
VJ6407,0840064412216,,ING-VJ6407,Headsets,1.15,47.99,synced,09:12.5
VJ6431,0840064412223,,ING-VJ6431,Headsets,1.15,60.25,synced,52:08.8
VJ6441,0840064412209,,ING-VJ6441,Headsets,1.15,60.25,synced,52:09.4
VJ6708,0198990219394,,ING-VJ6708,Laptop Computers,1.06,566.48,synced,09:27.0
VJ6828,7.33102E+12,,ING-VJ6828,Surveillance Cameras,1.08,1179.15,synced,59:00.0
VJ6862,7.33102E+12,,ING-VJ6862,Surveillance Cameras,1.08,1230.62,synced,59:03.0
VJ6940,0760559131029,,ING-VJ6940,Network Switches,1.0927,477.23,synced,59:02.5
VJ7437,0065030920704,,ING-VJ7437,Electronics Film Protectors,1.15,56.13,synced,59:02.0
VJ7438,0065030920681,,ING-VJ7438,Electronics Film Protectors,1.15,57.02,synced,59:00.5
VJ7439,0065030920698,,ING-VJ7439,Electronics Film Protectors,1.15,56.13,synced,59:03.5
VJ7846,0884116489122,,ING-VJ7846,Desktop Computers,1.06,1179.99,synced,59:01.5
VJ7856,0884116488668,,ING-VJ7856,Desktop Computers,1.06,1141.99,synced,09:13.0
VJ7863,0884116488798,,ING-VJ7863,Desktop Computers,1.06,1153.99,synced,09:13.5
VJ7890,0884116489184,,ING-VJ7890,Desktop Computers,1.06,1003.99,synced,09:14.0
VJ7905,0884116488941,,ING-VJ7905,Desktop Computers,1.06,1312.66,synced,59:01.0
VJ7970,0199251292750,,ING-VJ7970,Desktop Computers,1.06,1375.28,synced,09:28.0
VJ8072,0097855204844,,ING-VJ8072,Computer Keyboard & Mouse Sets,1.1501,39.99,synced,09:14.5
VJ8335,0730143317467,,ING-VJ8335,Processors,1.0806,11499,synced,37:15.4
VJ8338,0730143317528,,ING-VJ8338,Processors,1.082,2699.99,synced,09:27.5
VJ8339,0730143317481,,ING-VJ8339,Processors,1.0809,7999,synced,37:14.9
VJ8360,0730143317542,,ING-VJ8360,Processors,1.0814,4999,synced,36:59.8
VJ8727,0884826509318,,ING-VJ8727,Computer Replacement Parts,1.1039,302.47,synced,09:28.5
VJ8732,0884826509233,,ING-VJ8732,Computer Replacement Parts,1.1496,100.58,synced,59:04.0
VJ8749,0884826509561,,ING-VJ8749,Hard Drives,1.114,196.57,synced,59:04.5
VJ9746,0037332290533,,ING-VJ9746,Surge Suppressors,1.15,57.42,synced,33:04.7
VJ9757,0197497681581,,ING-VJ9757,Laptop Computers,1.06,1716.77,synced,52:50.4
VJ9831,0037332283757,,ING-VJ9831,Uninterruptible Power Supplies,1.0925,576.39,synced,59:06.5
VJ9859,0037332292568,,ING-VJ9859,Power Cables,1.1105,232.34,synced,09:15.5
VJ9870,0037332292605,,ING-VJ9870,Power Cables,1.15,71.47,synced,59:06.0
VJ9880,0037332292650,,ING-VJ9880,Power Cables,1.1501,85.9,synced,59:05.0
VJ9901,0037332292698,,ING-VJ9901,Power Cables,1.0987,359.62,synced,59:05.5
VJ9902,0037332292612,,ING-VJ9902,Power Cables,1.1027,295.84,synced,09:15.0
VK4499,0196188140710,,ING-JX5344,Computer Keyboard & Mouse Sets,1.1501,59,synced,37:15.9
VK4667,0065030922401,,ING-VK4667,KVM Switches,1.0932,583,synced,37:13.9
VK4669,0783750014045,,ING-VK4669,Barcode Scanners,1.1215,166.94,synced,59:07.0
VK4674,0783750014533,,ING-VK4674,Barcode Scanners,1.1108,219.28,synced,08:06.9
VK4684,0065030905305,,ING-VK4684,Pegboards,1.15,66.87,synced,09:16.0
VK4742,0793442027888,,ING-VK4742,Skins for Cell Phones,1.15,73,synced,37:13.4
VK5041,0706487026914,,ING-VK5041,Portable Speakers,1.1275,,synced,36:57.9
VK5043,0706487026907,,ING-VK5043,Portable Speakers,1.1201,174.54,synced,09:16.5
VK5044,0706487026891,,ING-VK5044,Portable Speakers,1.1201,,synced,36:57.4
VK5046,0706487026945,,ING-VK5046,Headsets,1.1399,116.88,synced,09:29.0
VK5062,0706487026969,,ING-VK5062,Headsets,1.1273,147.93,synced,09:17.5
VK5877,0884116670933,,ING-VK5877,Desktop Computers,1.06,,synced,36:56.9
VK6858,0606449070347,,ING-VK6858,Network Switches,1.1347,126.02,synced,09:17.0
VL7639,0012502531593,,360993,Printer Ribbons,1.1498,24.3,synced,57:34.5
VL7673,0851718004428,,22225,Electronic Touchpads,1.1221,165.27,synced,57:34.0
VL8598,0663072925604,,23704,Network Cables,1.1499,42.58,synced,57:51.0
VL8638,0663072926687,,271915,Computer Servers,1.06,492.96,synced,57:51.5
VL9995,0708326913997,,ING-VL9995,Hard Drives,1.0956,442.52,synced,57:37.0
VM0878,0092636303761,,7898,Laptop Sleeves,1.15,33.99,synced,57:52.5
VM0957,0747464127859,,ING-VM0957,Network-Attached Storage Servers,1.1295,165.06,synced,57:54.5
VM0959,0747464127873,,22105,Network-Attached Storage Servers,1.1115,190.61,synced,57:52.0
VM1248,0065030851886,,ING-VM1248,Cable Splitters,1.15,67,synced,37:11.4
VM1249,0065030851879,,ING-VM1249,Video Switchers,1.15,80.61,synced,58:33.0
VM1354,0065030848701,,2353,Computer Cables,1.15,15.25,synced,08:49.0
VM2012,0065030856249,,ING-VM2012,Computer Cables,1.1501,48.41,synced,57:38.0
VM2013,0065030855969,,ING-VM2013,Computer Rack Hardware & Accessories,1.1064,271.66,synced,57:37.5
VM2121,0655216002852,,131911,Antennas,1.0801,19.87,synced,57:53.5
VM2122,0655216005174,,154370,Antennas,1.08,18.91,synced,57:54.0
VM2781,0065030855457,,ING-VM2781,Audio/Video Cables,1.1233,166.73,synced,57:55.5
VM2903,0881317511935,,4769,Computer Cables,1.15,80.72,synced,57:55.0
VM2904,0881317511911,,61261,Computer Cables,1.15,59.99,synced,08:46.5
VM2914,0891607000063,,ING-VM2914,Electronics Stands,1.15,37.25,synced,57:56.5
VM2957,0065030797733,,36416,Network Cables,1.1498,33.26,synced,57:56.0
VM2987,0065030856928,,ING-VM2987,Electronics Docks & Cradles,1.15,74.99,synced,57:58.0
VM2988,0065030855891,,ING-VM2988,Electronics Docks & Cradles,1.1468,108.24,synced,08:43.0
VN0067,0757120543114,,26692,Computer Cables,1.1501,16.29,synced,57:36.0
VN0068,0757120543213,,ING-VN0068,Computer Cables,1.1499,8.25,synced,57:36.5
VN2990,0012502635468,,20006,Power Adapters,1.1501,31.49,synced,57:35.0
VN3865,0012502637882,,ING-VN3865,Printer Transfer Belts,1.15,94.99,synced,57:53.0
VN3866,0012502637929,,14641,Printer Drums,1.15,174.49,synced,57:35.5
VN5741,0754082094401,,ING-VN5741,Cable Connectors,1.0985,393.79,synced,57:50.5
VN8718,0757120543268,,ING-VN8718,Computer Cables,1.1499,25.77,synced,58:31.5
VP2274,0882658608728,,138305,Patch Cables,1.0897,829.06,synced,57:38.5
VP2613,0065030856317,,ING-VP2613,Audio/Video Cables,1.1499,16.93,synced,58:07.5
VP7174,0821455146446,,ING-VP7174,Network Cables,1.1501,21.45,synced,57:59.5
VP7176,0821455146460,,ING-VP7176,Network Cables,1.1501,22.32,synced,58:03.5
VP7177,0821455071458,,ING-VP7177,Network Cables,1.15,25.72,synced,58:01.0
VP7178,0821455146477,,ING-VP7178,Network Cables,1.1499,33.74,synced,58:02.0
VP7179,0821455146484,,87988,Network Cables,1.1499,24.55,synced,58:02.5
VP8102,0747464128634,,ING-VP8102,Network-Attached Storage Servers,1.1067,295.39,synced,58:35.0
VP8600,0754082111658,,ING-VP8600,Cable Connectors,1.0841,1999.72,synced,58:01.5
VP8601,0754082111665,,ING-VP8601,Cable Connectors,1.0841,1603.5,synced,58:00.5
VQ0346,0784090032416,,ING-VQ0346,Audio/Video Cables,1.1499,41.62,synced,08:47.5
VQ0347,0784090032409,,ING-VQ0347,Computer Cables,1.1501,41.62,synced,08:47.0
VQ0485,0734646526005,,72286,Printer Finishers,1.15,993.38,synced,58:00.0
VQ0502,0888228968537,,38745,Device-Specific Electronics Chargers,1.15,17.99,synced,58:34.0
VQ2076,0808447065060,,55370,Audio/Video Cables,1.15,20.83,synced,58:33.5
VQ5812,0757120407447,,42647,Audio/Video Cables,1.1497,16.95,synced,08:48.0
VQ5948,0887899660955,,7945,Device-Specific Electronics Chargers,1.15,50.68,synced,58:04.0
VQ5971,0648177037568,,4314,Network Adapters,1.1378,112.75,synced,58:34.5
VQ6782,0757120544029,,ING-VQ6782,Computer Cables,1.1498,32.25,synced,57:57.5
VQ6783,0757120544036,,ING-VQ6783,Computer Cables,1.1499,37.98,synced,58:07.0
VQ6784,0757120544043,,114524,Audio/Video Cables,1.15,68.18,synced,08:50.0
VQ8481,0882658721656,,2355,Flash Memory,1.1484,102.39,synced,57:58.5
VQ8572,0837324002812,,529485,Power Adapters,1.15,46.84,synced,57:57.0
VQ9196,0845973021856,,ING-VQ9196,Network Switches,1.1501,42.7,synced,58:05.0
VQ9197,0845973021269,,ING-VQ9197,Network Switches,1.15,101.3,synced,57:59.0
VQ9481,0085854231718,,ING-VQ9481,Laptop Sleeves,1.15,34.94,synced,58:04.5
VQ9829,0882658698514,,ING-VQ9829,VoIP Phones,1.08,180.61,synced,07:19.1
VQ9937,0722868664018,,ING-VQ9937,Computer Cables,1.15,39.99,synced,08:43.5
VR1996,0037332183484,,ING-VR1996,TV & Monitor Mounts,1.15,21.7,synced,57:40.0
VR1999,0037332183538,,14833,TV & Monitor Mounts,1.1352,165.68,synced,58:06.5
VR3366,0037332183545,,ING-VR3366,TV & Monitor Mounts,1.15,65.58,synced,57:39.0
VR3367,0037332183552,,ING-VR3367,TV & Monitor Mounts,1.1499,35.99,synced,57:41.0
VR3368,0037332183576,,7942,TV & Monitor Mounts,1.15,37.56,synced,57:42.0
VR3370,0037332183590,,ING-VR3370,TV & Monitor Mounts,1.1499,80.7,synced,57:40.5
VR4060,0037332181671,,22116,Computer Racks & Mounts,1.1501,68.35,synced,58:32.5
VR4062,0037332182036,,ING-VR4062,USB Hubs,1.1499,18.06,synced,58:05.5
VR4063,0037332182029,,44747,Computer Cables,1.1501,6.69,synced,58:32.0
VR4064,0037332182913,,44746,Cable Connectors,1.1502,8.99,synced,58:03.0
VR4066,0037332182050,,48747,Computer Cables,1.1502,4.95,synced,58:06.0
VR4067,0037332182104,,48081,Computer Cables,1.1502,8,synced,37:11.9
VR4068,0037332182098,,52762,Computer Cables,1.1498,6.29,synced,57:41.5
VR4070,0037332182302,,38443,Computer Cables,1.1498,6.73,synced,58:36.0
VR5302,0037332183637,,ING-VR5302,TV & Monitor Mounts,1.1329,99.15,synced,57:39.5
VR5795,0037332178435,,115787,Audio & Video Receivers,1.08,179.85,synced,58:37.5
VR5796,0037332180728,,ING-VR5796,Power Adapters,1.1258,186.6,synced,57:42.5
VR5798,0037332181534,,18676,Cable Splitters,1.15,25.68,synced,12/5/2025 23:58
VR5806,0037332181725,,ING-VR5806,Hardware Screws,1.1499,48.88,synced,58:10.5
VR5957,0037332182081,,48263,Computer Cables,1.1504,8.59,synced,08:48.5
VR5967,0037332182272,,32931,Computer Cables,1.1502,10.52,synced,58:11.0
VR5971,0037332183118,,ING-VR5971,Computer Cables,1.15,16.7,synced,58:14.0
VR5973,0037332183132,,ING-VR5973,Computer Cables,1.15,19.32,synced,58:09.0
VR5975,0037332183156,,ING-VR5975,Computer Cables,1.1498,17.81,synced,58:35.5
VR5976,0037332183170,,ING-VR5976,Computer Cables,1.1502,16.86,synced,57:43.5
VR5977,0037332183163,,ING-VR5977,Computer Cables,1.15,20.46,synced,57:44.5
VR5983,0037332182494,,ING-VR5983,Computer Cables,1.15,19.96,synced,58:08.5
VR7090,0873791010103,,131926,Network Adapters,1.15,56.5,synced,58:14.5
VR7093,0873791009053,,8004,Cable Connectors,1.15,20.44,synced,08:44.0
VR7094,0873791009831,,ING-VR7094,Headphones,1.1501,16.99,synced,57:43.0
VR7096,0873791009855,,340118,Headphones,1.1502,20.84,synced,58:13.5
VR7097,0873791009862,,344118,Headphones,1.1502,24.92,synced,58:08.0
VR7098,0873791009879,,340119,Headphones,1.1501,20.84,synced,08:49.5
VR7099,0873791009886,,340120,Headphones,1.1502,24.92,synced,58:12.5
VR7100,0873791009893,,340121,Headphones,1.1501,23.99,synced,57:44.0
VR7513,0822088064756,,40006,Cable Connectors,1.1501,43.31,synced,58:36.5
VR7683,0882658705182,,142171,Network Switch Modules,1.0816,1299.49,synced,58:09.5
VR9522,0851718004459,,ING-VR9522,Electronic Touchpads,1.1026,323.42,synced,58:11.5
VS2822,0783750006286,,ING-VS2822,Computer Keyboards,1.15,43.43,synced,58:13.0
VS2831,0636430072609,,266375,Print Servers,1.124,164.22,synced,08:44.5
VS2833,0636430072586,,ING-VS2833,Other Computer Accessories,1.1205,162.05,synced,58:10.0
VS3830,0088047151237,,39043,Printer Ribbons,1.1496,27.18,synced,58:12.0
VS5440,0731304238478,,345618,Device-Specific Electronics Batteries,1.1111,329.98,synced,57:45.0
VT5409,0065030856911,,24025,Audio/Video Cables,1.1499,15.2,synced,58:15.5
VT5413,0065030856348,,ING-VT5413,Computer Cables,1.1502,24.22,synced,58:16.0
VT5594,7.29011E+12,,260389,Network Cables,1.0909,222.49,synced,58:15.0
VT5606,0065030857208,,ING-VT5606,Network Adapters,1.1499,48.81,synced,58:17.5
VT5608,0065030855594,,ING-VT5608,USB Hubs,1.15,55.51,synced,58:17.0
VT5687,0065030856645,,ING-VT5687,Network Adapters,1.1501,18.69,synced,58:16.5
VT8939,0888182309025,,ING-VT8939,Network Switches,1.0824,2872.76,synced,57:45.5
VT8946,0888182680124,,ING-VT8946,Computer Power Supplies,1.0863,344,synced,37:17.9
VU6861,0882658572838,,129688,Other Computer Accessories,1.0871,698.6,synced,08:45.5
VU7452,0853910008853,,22139,Computer Cables,1.1496,15.14,synced,58:21.0
VU7453,0876910008845,,145559,Cable Connectors,1.1497,9.22,synced,58:18.5
VU7615,0882658572784,,139635,Network Switch Modules,1.0822,2196.05,synced,57:46.0
VV2672,0812658012614,,ING-VV2672,Headphones,1.15,60.53,synced,58:20.5
VV2764,0722868967775,,ING-VV2764,Audio/Video Cables,1.1499,28.08,synced,08:45.0
VV2929,0037229334579,,ING-VV2929,Extension Cords,1.15,34.98,synced,58:20.0
VV2938,0037229710731,,28620,Network Cables,1.15,12.4,synced,57:46.5
VV2944,0037229710663,,80107,Network Cables,1.1499,13.04,synced,58:38.5
VV2950,0037229710724,,30559,Network Cables,1.1499,11.26,synced,57:47.0
VV2952,0037229710755,,38496,Network Cables,1.1499,11.5,synced,58:19.5
VV2954,0037229710779,,31446,Network Cables,1.15,12.78,synced,58:22.5
VV3340,0097855107978,,ING-VV3340,Headsets,1.15,36.99,synced,52:08.4
VV3460,0663296419422,,26837,Video Game Accessories,1.15,154,synced,37:12.4
VV3980,0731304007562,,ING-VV3980,Network Adapters,1.0913,648.01,synced,58:38.0
VV3987,0845973070922,,15464,Wireless Access Points,1.15,60.09,synced,58:21.5
VV3988,0845973022037,,ING-VV3988,Network Switches,1.1499,37.65,synced,58:19.0
VV4148,0882658608742,,ING-VV4148,Network Cables,1.0873,872.99,synced,58:18.0
VV4207,0882658712654,,ING-VV4207,Other Electronic Components & Accessories,1.1501,59.95,synced,57:49.0
VV4588,0837324003369,,ING-VV4588,Network Switches,1.0978,413.11,synced,58:26.5
VV4603,0882658608926,,140100,Network Cables,1.0882,1018.99,synced,58:39.0
VV4660,0013803247596,,ING-VV4660,Computer Scanners,1.104,297.63,synced,58:27.5
VV5757,0819921011145,,ING-VV5757,USB Hubs,1.1501,16.95,synced,58:25.0
VV5889,0722868974360,,ING-VV5889,Network Adapters,1.1499,24.99,synced,08:08.4
VV5899,0722868969052,,ING-VV5899,Computer Cables,1.1502,8.19,synced,08:07.4
VV6418,0821455143605,,ING-VV6418,Audio/Video Cables,1.1502,41.68,synced,08:46.0
VV6428,0821455143483,,ING-VV6428,Computer Cables,1.1502,12.5,synced,58:24.0
VW0131,0037332182517,,18675,Computer Cables,1.1501,19.99,synced,58:27.0
VW0133,0037332182234,,36794,Computer Cables,1.1497,4.82,synced,58:23.5
VW0230,0037332182470,,ING-VW0230,KVM Switches,1.0908,638.73,synced,08:50.5
VW0231,0037332182579,,ING-VW0231,USB Hubs,1.1499,39.99,synced,58:28.5
VW0251,0805736051681,,48557,Projector Replacement Lamps,1.0981,440.63,synced,58:25.5
VW2349,0672792004742,,68121,Analog-to-Digital Converters,1.1124,202.54,synced,58:24.5
VW2366,0065030794930,,39384,Network Cables,1.15,31.06,synced,58:42.0
VW2474,0065030856508,,ING-VW2474,Cell Phone Tool Kits,1.0941,510.01,synced,57:47.5
VW2477,0065030854863,,ING-VW2477,Computer Cables,1.15,43.14,synced,58:26.0
VW2478,0065030855884,,ING-VW2478,Other Computer Accessories,1.1439,111.45,synced,12/5/2025 23:58
VW2580,0065030784115,,ING-VW2580,Cable Covers,1.15,36.4,synced,57:48.5
VW2762,0065030857383,,ING-VW2762,Network Cards,1.1162,104.34,synced,58:39.5
VW2934,0672792005404,,71042,Analog-to-Digital Converters,1.1122,199.32,synced,57:48.0
VW2935,0672792005633,,763992,Analog-to-Digital Converters,1.112,219.1,synced,58:41.5
VW2936,0672792005640,,ING-VW2936,Analog-to-Digital Converters,1.1123,215.86,synced,58:22.0
VW2940,0672792004360,,79481,Cable Splitters,1.15,89.89,synced,58:28.0
VW2942,0672792402555,,ING-VW2942,Computer Racks & Mounts,1.0863,1093.16,synced,58:40.0
VW2945,0672792005572,,ING-VW2945,KVM Switches,1.0887,756.07,synced,58:41.0
VW2981,0065030858267,,ING-VW2981,Laptop Docking Stations,1.1501,61.33,synced,57:49.5
VW2983,0065030857673,,ING-VW2983,Network Cables,1.1168,221.7,synced,58:29.5
VW2984,0065030857369,,ING-VW2984,Analog-to-Digital Converters,1.15,23.08,synced,58:31.0
VW3040,0829973823726,,74292,TV & Monitor Mounts,1.0969,539.89,synced,57:50.0
VW3226,0747464128443,,22286,Hard Drives,1.104,330,synced,50:47.3
VW3228,0747464128467,,25636,Hard Drives,1.0976,366.38,synced,58:29.0
VW3235,0065030855167,,ING-VW3235,Print Servers,1.15,72.11,synced,58:40.5
VW3237,0065030858175,,17690,Drive Bay Caddies,1.1344,127.99,synced,58:30.0
VW3238,0065030858465,,ING-VW3238,Cable Splitters,1.15,49.53,synced,58:30.5
VZ0069,0808447003079,,115394,Instrument Cables,1.15,26.66,synced,57:30.0
VZ0070,0808447003086,,116151,Instrument Cables,1.1499,40.21,synced,57:31.0
VZ2030,0673825423639,,ING-VZ2030,Computer Mice,1.15,34.18,synced,57:30.5
VZ2594,0888182992302,,138548,Printer Cartridges,1.1501,49.95,synced,57:29.0
VZ2835,0731304312703,,173314,Electronic Component Sensors,1.1274,175.67,synced,57:28.0
VZ3316,0731304307327,,ING-VZ3316,Power Distribution Units,1.0883,836.74,synced,57:32.0
VZ3317,0731304307334,,ING-VZ3317,Power Distribution Units,1.0873,955.79,synced,57:31.5
VZ3330,0731304307532,,ING-VZ3330,Power Distribution Units,1.0845,1756.34,synced,57:28.5
VZ4896,0731304310815,,58795,Computer Cables,1.1501,41.53,synced,57:29.5
VZ6251,0822088069072,,155135,Network Cables,1.0942,1103.52,synced,57:33.0
VZ6698,0881317511959,,15419,Network Adapters,1.1501,30.41,synced,57:33.5
VZ6854,0037332183040,,63786,KVM Switches,1.1032,246.4,synced,57:32.5
XC0171,0037332184481,,15344,Network Cables,1.1501,42.9,synced,57:14.5
XC0180,0037332182524,,19320,Computer Cables,1.15,22.61,synced,57:11.5
XC1526,0822088063964,,72593,Audio/Video Cables,1.1499,40.59,synced,57:10.5
XC1707,0822088014713,,706388,Network Cables,1.1498,27.77,synced,57:14.0
XC1709,0822088075493,,451720,Network Cables,1.15,15.94,synced,08:42.0
XC1721,0822088077213,,719092,Cable Connectors,1.1502,22.19,synced,57:15.0
XC2679,0043859660179,,ING-XC2679,Screen Privacy Filters,1.15,101.49,synced,57:11.0
XJ5901,0706487015444,,ING-XJ5901,Headset Adapters,1.1414,108.34,synced,57:15.5
XJ7322,0065030858571,,ING-XJ7322,TV & Monitor Mounts,1.1151,112.99,synced,57:16.5
XJ7326,0065030858489,,22514,Analog-to-Digital Converters,1.15,59.95,synced,08:42.5
XJ7339,0037332183972,,38502,Audio/Video Cables,1.1503,11.94,synced,57:25.5
XJ7340,0037332184030,,28838,Cable Splitters,1.1501,20.9,synced,57:26.0
XJ7548,0092636304966,,ING-XJ7548,Screen Privacy Filters,1.15,105.53,synced,57:16.0
XK0384,0706487015451,,ING-XK0384,Cell Phone Tool Kits,1.15,60.56,synced,57:17.0
XK1211,0735858282130,,ING-XK1211,Network Cards,1.1061,252.21,synced,57:18.0
XK1534,0882658634512,,140818,Network Switch Modules,1.0883,1101.82,synced,57:12.0
XK1907,0837324002676,,493298,Computer Servers,1.06,439.85,synced,57:17.5
XK1915,0837324002805,,73265,TV & Monitor Mounts,1.15,40.51,synced,57:26.5
XK3271,0882658634536,,48468,IO Modules,1.15,568.67,synced,57:18.5
XK4357,0882658698859,,103249,RAM Memory,1.0865,1376.58,synced,57:19.0
XK4373,0882658562402,,144692,Network Switch Modules,1.0851,1646.4,synced,57:19.5
XK4392,0882658630910,,47695,Computer Power Supplies,1.0973,503.52,synced,57:12.5
XK4571,0698833047141,,ING-XK4571,Storage Chests & Boxes,1.15,,synced,36:56.4
XN0477,0710931160178,,35158,Network Adapters,1.1501,24.74,synced,57:27.0
XN0683,0816191010304,,273657,Network Switch Modules,1.0978,427.95,synced,57:13.0
XN1706,0754082127444,,ING-XN1706,Cable Testers,1.0987,347.34,synced,57:20.0
XN1707,0754082127451,,ING-XN1707,Tone Generators,1.15,158.53,synced,57:20.5
XN5137,0648177038800,,129866,Network Switches,1.1274,147.55,synced,57:22.0
XN5376,0648177038657,,ING-XN5376,Network Adapters,1.1073,256.09,synced,57:21.5
XN5437,0012502638773,,701565,Printers & All-in-Ones,1.15,299,synced,37:10.9
XN5470,0012502638780,,46741,Printers & All-in-Ones,1.15,349.99,synced,57:23.5
XN5494,0012502050629,,61835,Label Maker Tape,1.1499,37.7,synced,57:13.5
XN6752,0700908003584,,ING-XN6752,Receipt Paper Rolls,1.15,115.56,synced,57:21.0
XP1333,0757120410423,,ING-XP1333,Switch & Outlet Plates,1.1501,69.44,synced,57:23.0
XP1559,0606449104936,,36940,Antennas,1.0801,92.99,synced,57:22.5
XP1904,0851398005029,,ING-XP1904,Computer Cables,1.1501,19.77,synced,08:41.5
XP8707,0065030857581,,ING-XP8707,Cable Organizers,1.15,35.01,synced,57:25.0
XP8710,0065030857932,,17639,Electronics Docks & Cradles,1.1146,140.63,synced,57:24.5
XQ1050,0757120408819,,79116,Audio Power Amplifiers,1.1025,349.35,synced,56:26.0
XQ4333,0821455093658,,80814,Network Cables,1.1463,97.47,synced,55:59.4
XQ4822,0731304315193,,27334,Surge Suppressors,1.15,49.34,synced,56:27.0
XQ4906,0701107493985,,33175,Electronics Stands,1.1501,24.99,synced,55:58.5
XQ5295,0065030858359,,20697,Other Electronic Components & Accessories,1.101,260.63,synced,57:07.5
XQ5297,0065030858243,,ING-XQ5297,USB Wi-Fi Adapters,1.15,9.55,synced,56:27.5
XQ6903,0708326914109,,ING-XQ6903,Hard Drives,1.1061,246.25,synced,56:26.5
XQ6904,0708326914116,,ING-XQ6904,Hard Drives,1.1045,258.75,synced,57:24.0
XQ6906,0065030858281,,ING-XQ6906,Laptop Docking Stations,1.15,86.06,synced,56:28.9
XQ6907,0065030858212,,ING-XQ6907,Network Adapters,1.1501,19.12,synced,55:58.9
XQ8482,0037332184719,,36123,Computer Cables,1.1501,9.93,synced,08:35.0
XQ8882,0037332160928,,150597,Power Distribution Units,1.0982,457,synced,37:05.9
XQ9081,0037332184597,,15483,Audio/Video Cables,1.15,13.08,synced,56:31.0
XQ9082,0037332184450,,36161,Cable Ties,1.1496,13.11,synced,56:29.9
XQ9083,0037332184283,,ING-XQ9083,Cigarette Lighter Adapters,1.1502,28.56,synced,08:31.4
XR2030,0043859663095,,ING-XR2030,Literature Display Racks & Organizers,1.15,27.83,synced,56:30.4
XR5269,0021299187197,,ING-XR5269,Headphones,1.1498,12.99,synced,56:00.4
XR5528,0745883661565,,ING-XR5528,Computer Keyboards,1.15,36.81,synced,55:59.9
XR6327,0845973071677,,ING-XR6327,Wireless Access Points,1.15,53.13,synced,56:29.4
XR7154,0822088036579,,706389,Network Cables,1.15,15.8,synced,56:01.4
XR7331,0800975030985,,ING-XR7331,Network Adapters,1.0857,1253.65,synced,56:00.9
XR8755,0822088072300,,192353,Network Cables,1.1499,,synced,36:54.9
XR9441,0743172069184,,ING-XR9441,Power Distribution Units,1.0841,1847.74,synced,56:28.5
XR9819,0783384236387,,151110,Computer Servers,1.06,2561.23,synced,56:28.0
XS0954,0097855207579,,ING-XS0954,Computer Mice,1.1241,127.93,synced,56:01.9
XS1341,0199271559567,,ING-XS1341,Desktop Computers,1.06,2645.99,synced,56:02.5
XS2912,0810130760725,,ING-XS2912,Computer Monitors,1.06,249.99,synced,52:28.3
XS2924,0810130760701,,ING-XS2924,Computer Monitors,1.06,159.99,synced,56:31.4
XS2942,0810130760718,,ING-XS2942,Computer Monitors,1.06,199.99,synced,52:51.4
XS3076,0199271763575,,ING-XS3076,Laptop Computers,1.06,1998.75,synced,56:31.9
XS3551,0840064411974,,ING-XS3551,Earbud Covers,1.1501,27.85,synced,56:33.5
XS4007,0810032047009,,ING-XS4007,Car Mounts,1.15,48.14,synced,56:32.5
XS4043,5.41533E+12,,ING-XS4043,TV & Monitor Mounts,1.1501,25.09,synced,56:33.0
XS7475,0198828502698,,ING-XS7475,Microphones,1.0994,322.34,synced,56:35.0
XS8883,0603175009818,,ING-XS8883,Network Cards,1.0813,5446.28,synced,56:37.5
XS8900,0603175009795,,ING-XS8900,Network Adapters,1.083,2350.93,synced,56:34.5
XT0008,0768897624005,,ING-XT0008,Wireless Keypads,1.1483,101.39,synced,56:03.4
XT0128,0037332183644,,68252,Computer Racks & Mounts,1.1353,204.19,synced,08:35.5
XT0129,0037332183866,,ING-XT0129,Computer Racks & Mounts,1.0894,499.99,synced,08:08.1
XT0130,0037332182654,,ING-XT0130,Computer Racks & Mounts,1.1202,150.36,synced,56:34.0
XT0132,0037332183323,,ING-XT0132,Computer Racks & Mounts,1.0888,855.73,synced,51:21.3
XT0134,0037332184061,,ING-XT0134,Computer Racks & Mounts,1.1456,149.66,synced,56:02.9
XT0136,0037332184382,,38509,Computer Cables,1.1502,,synced,36:55.4
XT3757,0757120521488,,ING-XT3757,Computer Cables,1.1501,27.1,synced,56:04.4
XT3766,0757120413523,,5024,Computer Cables,1.1503,16.39,synced,56:44.0
XT3767,0757120413509,,ING-XT3767,Audio/Video Cables,1.1502,31.99,synced,56:41.0
XT3768,0757120413516,,2478,Other Electronic Components & Accessories,1.15,47.26,synced,56:36.0
XT4343,0757120543039,,ING-XT4343,Computer Cables,1.1499,30.06,synced,56:07.9
XT4522,0821455149973,,27302,Network Switch Modules,1.15,47.24,synced,56:04.9
XT4523,0821455149997,,26995,Network Switch Modules,1.15,53.2,synced,08:33.0
XT4526,0821455178805,,26996,Network Switch Modules,1.15,45.8,synced,56:38.5
XT4559,0821455179086,,27303,Network Switch Modules,1.1501,40.63,synced,56:08.4
XT4560,0821455179093,,29357,Network Cables,1.1501,47.02,synced,56:39.5
XT4561,0821455179109,,ING-XT4561,Network Cables,1.1501,62.49,synced,56:41.5
XT4725,0010343913165,,ING-XT4725,Computer Scanners,1.0843,1499,synced,37:07.9
XT4805,0810354021435,,ING-XT4805,Wireless Access Points,1.1275,147.69,synced,57:09.0
XT4915,0757120543015,,ING-XT4915,Computer Cables,1.1499,8.95,synced,56:42.0
XT4916,0757120543022,,48282,Computer Cables,1.1501,26.83,synced,56:39.0
XT5660,0757120152736,,145871,Network Cables,1.15,65.01,synced,56:03.9
XU0130,0706487014973,,ING-XU0130,Headsets,1.1501,46,synced,50:45.8
XU0132,0706487014997,,ING-XU0132,Headsets,1.1501,45.39,synced,08:32.5
XU0147,0037332180315,,ING-XU0147,Hardware Screws,1.15,60.6,synced,57:08.5
XU0149,0037332184658,,ING-XU0149,Surge Suppressors,1.15,29.77,synced,56:40.5
XU0169,0037332184801,,ING-XU0169,Audio/Video Cables,1.1499,12.18,synced,08:33.5
XU0184,0037332181701,,14863,TV & Monitor Mounts,1.15,50.47,synced,56:35.5
XU0386,0808447071559,,30286,Audio/Video Cables,1.15,44.37,synced,56:37.0
XU0387,0808447071566,,ING-XU0387,Computer Cables,1.1499,49.12,synced,56:43.0
XU0405,0037332184139,,ING-XU0405,Other Electronic Components & Accessories,1.1499,77.03,synced,56:06.9
XU0407,0037332183927,,ING-XU0407,Network Adapters,1.1145,161.77,synced,56:09.6
XU0505,0808447003147,,65552,Audio/Video Cables,1.1501,32.99,synced,56:36.5
XU0506,0808447003154,,72838,Audio/Video Cables,1.1498,14.23,synced,56:05.4
XU0524,0808447002836,,56442,Instrument Cables,1.1501,30.55,synced,56:06.5
XU0529,0037332185228,,ING-XU0529,Computer Racks & Mounts,1.0859,1089.99,synced,56:38.0
XU1085,0085896626107,,24634,Laptop Sleeves,1.15,25.6,synced,56:07.4
XU1092,0085896621478,,ING-XU1092,Surge Suppressors,1.15,34.99,synced,56:43.5
XU1093,0085896626343,,ING-XU1093,Surge Suppressors,1.1499,68.73,synced,08:37.0
XU1259,0706487014362,,ING-XU1259,Portable Speakers,1.1275,133.72,synced,56:06.0
XU1260,0706487014386,,ING-XU1260,Portable Speakers,1.1201,145.95,synced,08:31.9
XU1667,0037332182982,,ING-XU1667,Uninterruptible Power Supplies,1.0833,2299.99,synced,56:08.9
XU1686,0706487015192,,ING-XU1686,Headsets,1.1501,88,synced,37:08.4
XU1687,0706487015208,,ING-XU1687,Headsets,1.1501,88,synced,37:06.4
XU1689,0706487016106,,ING-XU1689,Headsets,1.1501,88,synced,50:46.3
XU1697,0706487015529,,ING-XU1697,Headsets,1.1501,76.76,synced,08:36.5
XU1698,0706487015536,,ING-XU1698,Headphone Cases,1.1429,157,synced,37:07.4
XU7563,0065030858519,,ING-XU7563,Computer Racks & Mounts,1.0961,289.99,synced,57:08.0
XU7569,0065030857505,,ING-XU7569,Audio/Video Cables,1.15,76.15,synced,56:40.0
XU8250,0883436605489,,273908,Power Cables,1.1499,21.51,synced,08:36.0
XU8394,0883436589529,,133794,Computer Cables,1.0976,147.2,synced,56:42.5
XU9129,0784090033086,,36941,Audio/Video Cables,1.1499,15.99,synced,08:38.0
XU9131,0784090033017,,27372,Audio/Video Cables,1.1502,16.85,synced,56:44.5
XU9944,0648177038947,,ING-XU9944,Other Electronic Components & Accessories,1.0951,391.74,synced,56:50.5
Y57217,0698833010602,,ING-Y57217,TV & Monitor Mounts,1.1115,218.75,synced,56:48.5
Y59062,0698833010572,,ING-Y59062,TV & Monitor Mounts,1.0914,642.35,synced,56:50.0
Y59063,0698833010565,,ING-Y59063,TV & Monitor Mounts,1.0902,613,synced,37:08.9
Y68668,0813810010448,,ING-Y68668,Mouse Pads,1.15,35.28,synced,56:45.0
Y70687,0821455017395,,7002,Network Switch Modules,1.1501,52.02,synced,56:09.9
Y70963,0065030833820,,ING-Y70963,Computer Cables,1.1499,19.34,synced,56:48.0
Y71072,0065030833448,,ING-Y71072,Power Cables,1.1499,19.28,synced,56:11.5
Y71076,0065030833479,,13249,Power Cables,1.1498,23.37,synced,56:45.5
Y71458,0065030805742,,23746,Automotive Electrical Parts & Accessories,1.1195,14.6,synced,56:49.5
Y78770,0746320873503,,13257,Power Cables,1.15,104.19,synced,56:46.0
Y84271,0783384233164,,60072,Network-Attached Storage Servers,1.1027,315.72,synced,08:37.5
Y88213,0882658213229,,27864,Network Cables,1.15,31.43,synced,56:49.0
Y88291,0767035191515,,21189,Network Cards,1.1298,154,synced,37:09.4
Y88822,0012502605324,,ING-Y88822,Label Maker Tape,1.1501,10.08,synced,56:10.5
Y96346,0037332148674,,21188,Computer Racks & Mounts,1.0924,419.99,synced,56:11.0
Y96357,0037229422320,,45078,Computer Cables,1.1504,10.5,synced,56:46.5
Y96358,0037229422283,,37212,Computer Cables,1.15,8.54,synced,56:47.0
YB0874,0065030858625,,ING-YB0874,KVM Switches,1.15,54.78,synced,56:47.5
YB3430,0065030858410,,27137,Video Switchers,1.1236,154.11,synced,56:14.4
YB3431,0065030858427,,ING-YB3431,Video Switchers,1.1465,120.85,synced,56:12.0
YB3855,0065030859288,,44185,Other Electronic Components & Accessories,1.1499,34.23,synced,56:13.5
YB4236,0065030859318,,27203,Network Switches,1.1115,196.1,synced,56:14.0
YB4286,0708326914086,,ING-YB4286,Flash Drives,1.1317,147.16,synced,56:12.9
YB4287,0708326914093,,265146,Flash Drives,1.1159,180.34,synced,56:12.5
YB4288,0708326914062,,ING-YB4288,Flash Drives,1.1157,196.73,synced,56:51.0
YD3346,0710931401400,,59016,Cable Testers,1.15,64.99,synced,56:53.0
YD4892,0808447071757,,54156,Audio/Video Cables,1.1501,30.98,synced,56:52.0
YD7039,0757120506072,,ING-YD7039,Computer Cables,1.1498,19.67,synced,56:51.5
YD7044,0757120506126,,ING-YD7044,Audio/Video Cables,1.1501,17.56,synced,56:52.5
YD9128,0766907793611,,ING-YD9128,Screen Privacy Filters,1.15,89.91,synced,56:16.0
YE3129,0037332184832,,26862,Computer Cables,1.1498,37.23,synced,56:15.5
YE3131,0037332185266,,ING-YE3131,Network Cables,1.1152,200.68,synced,08:38.5
YE3291,0037332183910,,ING-YE3291,Computer Cables,1.1501,39.39,synced,56:15.0
YE3774,0037332185211,,ING-YE3774,Signal Repeaters,1.1265,152.23,synced,56:55.0
YE3777,0037332138002,,30515,Network Cables,1.15,42.54,synced,56:54.0
YE3778,0037332186508,,35251,Network Cables,1.1501,25.74,synced,56:55.5
YE3779,0037332185853,,ING-YE3779,Power Cables,1.1502,18.08,synced,56:56.0
YE3783,0037332184818,,ING-YE3783,Cable Connectors,1.1499,26.99,synced,56:54.5
YE3792,0037332185907,,46606,Power Cables,1.1497,13.53,synced,56:53.5
YE9873,0648177038992,,43262,Network Adapters,1.0921,546.29,synced,56:58.0
YL1773,0648177039036,,50044,Network Adapters,1.101,352.53,synced,51:20.8
YL1774,0648177039074,,60372,Network Adapters,1.0912,565.8,synced,56:57.5
YL6626,0757120223351,,351435,Device-Specific Electronics Chargers,1.15,25.99,synced,52:15.9
YL8352,0065030797726,,ING-YL8352,Network Cables,1.15,29.23,synced,56:56.5
YL9799,0790069411670,,53218,Network Switches,1.1376,105.65,synced,57:09.5
YL9800,0790069409592,,ING-YL9800,Network Switches,1.0908,649.99,synced,56:18.0
YL9872,0710931160185,,33493,Network Switches,1.1501,46.98,synced,56:16.5
YL9874,0710931160246,,78604,Network Switches,1.1057,272.37,synced,56:17.0
YM5414,0763649044957,,27486,Hard Drives,1.1134,180.25,synced,56:58.5
YM5424,0763649044933,,64476,Hard Drives,1.0992,245.01,synced,50:54.8
YN0832,0881317512468,,ING-YN0832,Memory Card Readers,1.1501,24.38,synced,56:17.5
YN1044,0757120506324,,42923,Network Cables,1.15,52.4,synced,56:57.0
YN2206,0882658740275,,157081,Hard Drives,1.0839,,synced,36:55.9
YN2412,0698833048575,,ING-YN2412,Computer Keyboard Trays,1.15,113.34,synced,56:59.0
YN2588,0037332185389,,ING-YN2588,USB Hubs,1.1499,50.05,synced,08:41.0
YN2589,0037332185396,,ING-YN2589,USB Hubs,1.15,31.07,synced,56:18.5
YN2590,0037332185341,,ING-YN2590,Laptop Docking Stations,1.15,100.45,synced,56:59.5
YN3605,0026649073243,,ING-YN3605,Printer Photoconductor Units,1.15,57.27,synced,57:00.0
YN5526,0822088076285,,508739,Computer Rack Hardware & Accessories,1.0992,484.68,synced,57:02.0
YN5574,0822088005896,,276349,Cable Connectors,1.15,14.47,synced,57:10.0
YN6009,0023942986652,,ING-YN6009,Flash Drives,1.15,44.07,synced,57:03.0
YN6010,0023942491682,,ING-YN6010,Flash Drives,1.1501,20.99,synced,57:04.5
YN6125,0822088077909,,399556,Fiber Optic Connectors,1.15,13.42,synced,56:19.5
YN6267,0873791011018,,ING-YN6267,Cable Splitters,1.1425,129.32,synced,08:34.5
YN6268,0873791011025,,78059,Cable Splitters,1.1239,146.94,synced,08:40.0
YN6270,0873791011049,,168108,Other Electronic Components & Accessories,1.1344,130.23,synced,57:06.5
YN6292,0718037833613,,33742,Network-Attached Storage Servers,1.0882,699.99,synced,08:40.5
YN6332,0760557825340,,ING-YN6332,Flash Drives,1.1499,15.35,synced,56:24.0
YN6512,0822088078005,,749858,Electronic Component Sensors,1.15,47.6,synced,56:20.0
YN7336,0821455142219,,85800,Network Cables,1.1487,96.96,synced,57:01.5
YN7464,0768897648506,,ING-YN7464,Wireless Keypads,1.1315,144.42,synced,56:22.5
YN7526,0881317511942,,62433,Computer Cables,1.1499,42.06,synced,57:06.0
YN8102,0821455142004,,89082,Network Cables,1.15,20.46,synced,57:02.5
YN8971,0821455080245,,84314,Network Switch Modules,1.15,69.44,synced,57:05.0
YP3415,0065030859660,,ING-YP3415,Computer Cables,1.1499,22.2,synced,56:19.0
YP3420,0065030859615,,ING-YP3420,Computer Cables,1.15,24.97,synced,51:29.8
YP3421,0065030859622,,ING-YP3421,Computer Cables,1.15,28.19,synced,56:24.5
YP3438,0064547913551,,ING-YP3438,Device-Specific Electronics Batteries,1.127,151,synced,37:06.9
YP3858,0065030859226,,27710,Hard Drives,1.15,12,synced,50:46.8
YP3886,7.29011E+12,,ING-YP3886,Network Cables,1.0882,764.99,synced,56:21.5
YP3898,7.29011E+12,,348435,Network Cables,1.0938,441.74,synced,08:39.5
YP3900,7.29011E+12,,ING-YP3900,Network Cables,1.0956,464.7,synced,56:20.5
YP3901,7.29011E+12,,672072,Network Cables,1.0925,522.28,synced,56:22.0
YP4314,0097855110442,,ING-YP4314,Computer Keyboards,1.15,89.05,synced,57:04.0
YP4422,0810354021848,,ING-YP4422,Wireless Access Points,1.1147,224,synced,37:09.9
YP4676,0722868669853,,ING-YP4676,Network Cables,1.1502,24.85,synced,57:01.0
YP4764,0812658012799,,ING-YP4764,Laptop Cooling Pads,1.1501,19.99,synced,56:23.5
YP4765,0812658012805,,33856,Laptop Cooling Pads,1.1499,19.99,synced,57:05.5
YP4943,0840460602761,,ING-YP4943,USB Hubs,1.15,29.99,synced,08:39.0
YP5694,0845973071714,,ING-YP5694,Network Routers,1.15,42.87,synced,56:23.0
YP5954,0819921011138,,ING-YP5954,Audio/Video Cables,1.1499,11.98,synced,56:21.0
YP5964,0722868789377,,ING-YP5964,USB Hubs,1.15,36.24,synced,57:07.0
YP5965,0745883670857,,ING-YP5965,USB Hubs,1.15,17.55,synced,57:03.5
YP5969,0745883671069,,ING-YP5969,USB Hubs,1.15,21.99,synced,08:34.0
YP8317,0852994002528,,1930,Computer Keyboards,1.1322,151,synced,37:10.4
YP8543,0757120506331,,ING-YP8543,Audio/Video Cables,1.1501,51.22,synced,57:00.5
YS0759,0198156726360,,ING-YS0759,Computer Monitors,1.06,306.99,synced,07:19.7
YS0801,0198157472266,,ING-YS0801,Computer Monitors,1.06,201.59,synced,56:25.0
YS0981,0606449174724,,ING-YS0981,Network Switches,1.1251,118.24,synced,56:25.5
YS2357,0199271850725,,ING-YS2357,Desktop Computers,1.06,1107.53,synced,55:45.0
YS2718,0199271850619,,ING-YS2718,Desktop Computers,1.06,1437.6,synced,55:10.9
YS4981,0037332289148,,ING-YS4981,Air Conditioners,1.0828,5144.93,synced,55:46.0
YS5006,0606449172539,,ING-YS5006,Network Routers,1.096,455.39,synced,55:45.5
YS5265,0190017630793,,ING-YS5265,Network Routers,1.0805,14706.85,synced,55:16.9
YS5362,0740617348637,,ING-YS5362,Flash Memory,1.1428,152.25,synced,55:15.9
YS5428,0037332294418,,ING-YS5428,Computer Cables,1.0998,349.62,synced,55:46.5
YS5464,0199485628899,,ING-YS5464,Desktop Computers,1.06,3513.77,synced,55:47.0
YS5511,0037332293985,,ING-YS5511,USB Hubs,1.15,96.83,synced,55:14.9
YS6538,0198957105739,,ING-YS6538,Cell Phones,1.08,2119.99,synced,55:16.4
YS6553,0198957105722,,ING-YS6553,Cell Phones,1.08,2460.37,synced,55:17.4
YS6560,0198957105760,,ING-YS6560,Cell Phones,1.08,2119.99,synced,55:15.4
YS7803,0065030907248,,ING-YS7803,Hard Drives,1.1388,127.74,synced,55:17.9
YS7805,0065030905459,,ING-YS7805,Electronics Stands,1.1365,131.79,synced,55:18.9
YS7822,0884116479642,,ING-YS7822,Desktop Computers,1.06,1257.99,synced,55:18.4
YS8383,0840283924026,,ING-YS8383,Electronics Film Protectors,1.1498,19.95,synced,55:19.4
YS8422,0745883920525,,ING-YS8422,Headphones,1.1501,46.37,synced,55:19.9
YS8667,0840283921063,,ING-YS8667,"Tablet Holders, Carriers & Cases",1.15,53.54,synced,55:20.5
YS8669,0840283921797,,ING-YS8669,Cell Phone Cases,1.15,44.95,synced,55:11.4
YS8670,0840283921803,,ING-YS8670,Cell Phone Cases,1.1499,44.95,synced,55:47.5
YS9229,0753218983756,,ING-YS9229,Graphics Tablets,1.0935,414.96,synced,55:11.9
YS9341,0840030705700,,ING-YS9341,Network Switches,1.15,59.99,synced,55:20.9
YS9648,0198828548689,,ING-YS9648,Computer Monitors,1.06,265.99,synced,55:48.0
YS9975,0092636364779,,ING-09TR92,Laptop Bags,1.15,45.41,synced,55:21.9
YU1938,0663072927332,,673174,Network Adapters,1.15,32,synced,37:04.8
YU5244,0821455230176,,87104,Network Cables,1.15,37.83,synced,55:21.4
YU5687,0606449087857,,ING-YU5687,Network Switch Modules,1.0815,4525.58,synced,55:25.5
YU7919,0037332186102,,35319,Power Cables,1.1501,85.44,synced,55:49.4
YU7920,0037332185402,,27995,Computer Cables,1.1501,43.89,synced,55:49.0
YU7921,0037332186010,,ING-YU7921,Computer Cables,1.1501,40.39,synced,55:13.0
YU7923,0037332186188,,ING-YU7923,Computer Cables,1.1499,24.69,synced,55:48.4
YU7925,0037332224514,,ING-YU7925,Computer Racks & Mounts,1.0823,2732.9,synced,08:27.0
YU8409,0766907738926,,29592,Screen Privacy Filters,1.15,85.8,synced,55:24.4
YU8513,0037332185532,,44801,Computer Racks & Mounts,1.15,96.89,synced,55:28.0
YU8516,0037332185938,,29420,Audio/Video Cables,1.1501,32.85,synced,55:29.9
YU8517,0037332185945,,29363,Computer Cables,1.1501,36.82,synced,55:50.5
YU8522,0037332186065,,33297,Computer Cables,1.1498,15.41,synced,55:31.9
YU8525,0037332185983,,ING-YU8525,Computer Cables,1.15,87.35,synced,55:13.4
YU8528,0037332185488,,31162,Network Switch Modules,1.15,73.85,synced,55:27.5
YU8529,0037332185495,,29207,Network Switch Modules,1.1159,253.6,synced,55:26.5
YU8552,0706487015475,,ING-YU8552,Headsets,1.1199,145,synced,50:45.3
YU8562,0808447071788,,64939,Audio/Video Cables,1.1501,73.42,synced,08:27.4
YU8671,0037332186461,,ING-YU8671,TV & Monitor Mounts,1.15,95.89,synced,55:51.5
YU8672,0037332186478,,ING-YU8672,TV & Monitor Mounts,1.15,83.58,synced,07:20.3
YU8673,0037332186676,,ING-YU8673,TV & Monitor Mounts,1.1339,141.86,synced,55:30.9
YU8674,0037332185679,,ING-YU8674,Projector Mounts,1.15,83.97,synced,08:26.5
YU8682,0037332186492,,34609,Computer Cables,1.1502,22.31,synced,08:28.5
YU8685,0037332184757,,ING-YU8685,Computer Cables,1.1499,,synced,36:54.4
YU8704,0808447073409,,ING-YU8704,Network Cables,1.1501,100.45,synced,55:12.4
YU8708,0808447073263,,74804,Network Cables,1.1499,46.75,synced,55:31.4
YU8722,0808447073119,,66937,Network Cables,1.1502,18.6,synced,55:26.9
YU8724,0808447073133,,68866,Network Cables,1.1501,39.94,synced,55:23.5
YU8958,0757120506300,,42840,Computer Cables,1.1501,34.47,synced,55:50.9
YU8959,0757120506348,,33953,Computer Cables,1.15,60.66,synced,55:22.4
YV9058,0065030859776,,ING-YV9058,USB Hubs,1.15,67.65,synced,55:29.4
YV9059,0065030859677,,ING-YV9059,Device-Specific Electronics Chargers,1.1501,36.62,synced,55:52.0
YV9069,0040232226366,,288641,Network Switch Modules,1.1501,,synced,36:53.9
YV9766,0672792005985,,128574,Other Electronic Components & Accessories,1.1494,27.75,synced,55:22.9
YV9767,0672792004537,,632874,Computer Cables,1.1501,46.71,synced,55:28.9
YV9768,0672792005749,,129756,Cable Connectors,1.15,98.44,synced,55:26.0
YV9774,0672792005732,,155316,Network Switches,1.1448,108.68,synced,55:28.4
YW3113,0037229009422,,31371,Computer Cables,1.1501,31.9,synced,08:30.5
YW3114,0037229009439,,29598,Computer Cables,1.1498,37.45,synced,55:30.4
YW4023,0843591057004,,35164,Flash Drives,1.15,37.93,synced,55:24.9
YW4025,0843591057011,,60946,Flash Drives,1.15,54.48,synced,08:27.9
YW4026,0843591056984,,30264,Flash Drives,1.1498,27.41,synced,55:23.9
YW4027,0843591056991,,49024,Flash Drives,1.1501,24.21,synced,55:49.9
YW8047,0743172078919,,ING-YW8047,Power Distribution Units,1.0849,1282.22,synced,55:38.0
YX0040,0096633378784,,407517,Electronics Docks & Cradles,1.0848,1444.94,synced,55:52.5
YX0041,0096633378791,,407537,Electronics Docks & Cradles,1.0873,1012.99,synced,55:33.5
YZ2718,0757120506294,,42926,Audio/Video Cables,1.1499,28.27,synced,55:36.5
YZ2927,0013803247329,,ING-YZ2927,Computer Scanners,1.1217,180.85,synced,55:34.4
YZ3723,0841872163291,,ING-YZ3723,TV & Monitor Mounts,1.1108,209,synced,37:05.4
YZ5568,0888793323618,,ING-YZ5568,Hard Drives,1.0904,532.52,synced,55:35.5
YZ5734,0074983656172,,66308,Cable Organizers,1.15,388.12,synced,55:38.4
YZ5742,0074983376476,,95557,Cable Organizers,1.15,83.98,synced,55:37.0
YZ5743,0074983378012,,14412,Cable Organizers,1.1501,78.52,synced,55:35.0
YZ5748,0074983009411,,14411,Other Computer Accessories,1.15,108.46,synced,08:29.4
YZ5778,0074983005048,,749229,Computer Patch Panels,1.1174,218.36,synced,55:54.5
YZ5780,0074983005031,,72540,Computer Patch Panels,1.1413,184.44,synced,55:13.9
YZ5784,0074983036639,,768634,Computer Patch Panels,1.15,64.5,synced,55:32.9
YZ5787,0074983036585,,643930,Computer Patch Panels,1.15,110.11,synced,55:34.0
YZ6255,0074983651986,,54909,Network Cables,1.1502,12.99,synced,55:53.5
YZ6311,0074983454105,,750600,Cable Connectors,1.1171,196.79,synced,55:52.9
YZ6313,0074983376575,,761762,Other Electronic Components,1.15,121.45,synced,55:35.9
YZ6322,0074983921935,,677503,Network Cables,1.1501,65.52,synced,55:37.5
YZ6333,0074983921416,,ING-YZ6333,Network Cables,1.1501,73.84,synced,55:53.9
YZ7097,0889296177029,,57439,Printer Spindles,1.1499,99.4,synced,08:30.9
YZ7309,0731304322382,,ING-YZ7309,Computer Rack Hardware & Accessories,1.1046,249.99,synced,55:32.4
YZ7613,0821455320747,,87719,Network Cables,1.1502,32.06,synced,08:28.9
YZ8013,0889296046318,,ING-YZ8013,Network Switch Modules,1.0807,10259.1,synced,55:42.0
YZ8015,0889296046332,,ING-YZ8015,Network Cables,1.0938,479.95,synced,08:09.4
YZ8058,0888182604281,,ING-YZ8058,Network Switches,1.0815,1025,synced,37:04.3
YZ8090,0731304317289,,36558,Computer Racks & Mounts,1.1032,585.63,synced,55:38.9
YZ8740,0043859680290,,92303,Laminators,1.1499,49.34,synced,08:29.9
Z20168,0198158237390,,ING-Z20168,Laptop Computers,1.06,1744.66,synced,54:47.5
Z20173,0766907034028,,ING-Z20173,Computer Monitors,1.06,339.99,synced,55:39.5
Z20214,7.33102E+12,,ING-Z20214,Electronics Stands,1.1501,78.17,synced,55:41.0
Z20789,0199485629513,,ING-Z20789,Desktop Computers,1.06,1093.06,synced,52:10.4
Z20847,0199485629384,,ING-Z20847,Desktop Computers,1.06,1291.63,synced,55:55.4
Z20862,0199485629360,,ING-Z20862,Desktop Computers,1.06,1178.93,synced,55:39.9
Z20867,0199642111738,,ING-Z20867,Desktop Computers,1.06,2781.89,synced,55:40.5
Z20868,0199642110595,,ING-Z20868,Desktop Computers,1.06,1301.99,synced,55:41.5
Z20880,0199485629148,,ING-Z20880,Desktop Computers,1.06,1073.26,synced,55:55.0
Z23449,0884116493037,,ING-Z23449,Portable Speakers,1.1191,193.71,synced,55:14.4
Z25497,0198158762533,,ING-Z25497,Laptop Computers,1.06,2130.99,synced,55:42.5
Z25498,0199272136057,,ING-Z25498,Laptop Computers,1.06,2146.99,synced,55:56.0
Z25517,0197530796487,,ING-Z25517,Computer Monitors,1.06,317.55,synced,55:43.0
Z26110,0198158237437,,ING-Z26110,Laptop Computers,1.06,2123.95,synced,55:43.4
Z26716,0051144066162,,ING-Z26716,Screen Privacy Filters,1.1499,70.85,synced,55:56.5
Z27043,0065030915205,,ING-Z27043,Device-Specific Electronics Chargers,1.1126,210.47,synced,55:57.0
Z27687,0822088109501,,767377,Other Electronic Components & Accessories,1.1182,212.94,synced,55:57.5
Z27722,0822088109518,,ING-6DN597,Other Electronic Components & Accessories,1.1048,266.02,synced,07:37.9
Z27956,0648177010837,,692041,Network Adapters,1.1039,292.63,synced,55:43.9
Z28598,0199642142732,,ING-Z28598,Desktop Computers,1.06,1393.15,synced,55:58.0
Z28828,0051144066155,,ING-Z28828,Screen Privacy Filters,1.1501,41.71,synced,54:21.4
Z29379,0819927013587,,ING-Z29379,Laptop Docking Stations,1.1107,240.88,synced,54:46.4
Z29495,0745883920501,,ING-Z29495,Headphones,1.1499,47.68,synced,54:20.9
Z29557,0834619004230,,343738,Electronics Stands,1.15,109.32,synced,54:21.9
Z29853,0766907002270,,ING-7QV016,Computer Monitors,1.06,96.95,synced,54:45.9
Z29961,0037332287212,,ING-SF4771,Network Switches,1.1426,124.37,synced,08:24.9
Z30109,0199271793244,,ING-Z30109,Laptop Computers,1.06,419.99,synced,55:44.5
Z30507,0884116670612,,ING-Z30507,Laptop Computers,1.06,1517.49,synced,51:31.3
Z30588,0810142822763,,ING-Z30588,Wireless Access Points,1.1161,193.99,synced,54:22.4
Z30613,0810142822770,,ING-Z30613,Wireless Access Points,1.1161,193.99,synced,54:46.9
Z31959,0037332291356,,ING-SS4598,Cable Organizers,1.15,237.05,synced,54:48.9
Z31988,0037332284976,,ING-Z31988,Laptop Docking Stations,1.1035,324.21,synced,54:49.5
Z31989,0037332290915,,ING-Z31989,Network Switches,1.0953,411.12,synced,54:24.9
Z32001,0037332282477,,ING-Z32001,Electronics Docks & Cradles,1.085,1350.94,synced,54:25.9
Z32015,0037332293459,,ING-Z32015,Computer Cables,1.15,73.5,synced,54:23.4
Z32021,0037332290892,,ING-Z32021,Network Switches,1.1107,213.65,synced,54:22.9
Z32024,0037332292445,,ING-Z32024,Computer Cables,1.1141,236.84,synced,54:23.9
Z32029,0037332293442,,ING-Z32029,Computer Cables,1.15,62.82,synced,54:51.4
Z32030,0037332292438,,ING-Z32030,Audio/Video Cables,1.1048,270.55,synced,54:50.4
Z32031,0037332293466,,ING-Z32031,Computer Cables,1.15,87.2,synced,54:26.5
Z32032,0037332293978,,ING-Z32032,USB Hubs,1.1501,73.34,synced,08:23.4
Z32063,0037332282484,,ING-Z32063,Computer Racks & Mounts,1.0854,1252.98,synced,54:47.9
Z32142,0840064400282,,ING-Z32142,Audio & Video Receivers,1.0799,101.38,synced,54:50.9
Z32247,0198957222603,,ING-Z32247,Cell Phones,1.08,534.99,synced,54:24.4
Z32248,0198957222627,,ING-Z32248,Cell Phones,1.08,650,synced,37:01.8
Z32257,0198957222580,,ING-Z32257,Cell Phones,1.08,474.99,synced,54:25.4
Z32283,0198957222566,,ING-Z32283,Cell Phones,1.08,540.33,synced,07:23.8
Z32284,0198957222559,,ING-Z32284,Cell Phones,1.08,599.99,synced,54:49.9
Z32285,0198957222665,,ING-Z32285,Cell Phones,1.08,650,synced,37:03.3
Z32286,0198957222641,,ING-Z32286,Cell Phones,1.08,540.33,synced,54:48.4
Z32287,0198957222542,,ING-Z32287,Cell Phones,1.08,599.9,synced,50:53.7
Z32447,0074000705050,,ING-Z32447,Computer Monitors,1.06,541.56,synced,54:27.9
Z32484,0074000705074,,ING-Z32484,Computer Monitors,1.06,540.2,synced,54:54.4
Z32489,0074000705067,,ING-Z32489,Computer Monitors,1.06,645.83,synced,54:26.9
Z32633,0199271646793,,ING-Z32633,Laptop Computers,1.06,1264.99,synced,54:27.5
Z32636,0199271423615,,ING-Z32636,Laptop Computers,1.06,1829.99,synced,54:53.4
Z33049,0727419317627,,ING-Z33049,Computer Video Cards,1.1041,262.87,synced,54:52.0
Z33050,0783750014267,,ING-Z33050,Barcode Scanners,1.1501,91.03,synced,54:53.9
Z33498,0074000704190,,ING-Z33498,Computer Monitors,1.06,590.89,synced,54:52.9
Z33538,0074000704206,,ING-Z33538,Computer Monitors,1.06,769.4,synced,54:28.9
Z33652,0199272040637,,ING-Z33652,Desktop Computers,1.06,2418.99,synced,54:28.4
Z33653,0199272035022,,ING-Z33653,Desktop Computers,1.06,1699.2,synced,54:52.4
Z33662,0199272040040,,ING-Z33662,Desktop Computers,1.06,1749,synced,50:44.8
Z36303,0074000705081,,ING-Z36303,Computer Monitors,1.06,420.3,synced,54:55.9
Z36544,0881317512949,,ING-Z36544,KVM Switches,1.1488,110.76,synced,54:56.4
Z36649,0199271869512,,ING-Z36649,Desktop Computers,1.06,1634.95,synced,54:54.9
Z36690,0199272034865,,ING-Z36690,Desktop Computers,1.06,1397.27,synced,54:29.9
Z36975,0199271423608,,ING-Z36975,Laptop Computers,1.06,2197.99,synced,54:55.4
Z37157,0603175009849,,ING-Z37157,Network Switch Modules,1.0862,1178.96,synced,54:29.4
Z37374,0763649185988,,ING-Z37374,Hard Drives,1.1115,221.91,synced,54:56.9
Z37390,0763649185964,,ING-Z37390,Hard Drives,1.1348,127.85,synced,54:30.4
Z37826,0198157123830,,ING-Z37826,Computer Monitors,1.06,249.99,synced,54:30.9
Z38206,0077511360534,,130634,Shredder Bags,1.15,35.96,synced,54:31.4
Z38589,0074000704077,,ING-Z38589,Computer Monitors,1.06,10661.46,synced,54:57.9
Z38632,0074000705012,,ING-Z38632,Computer Monitors,1.06,13940.43,synced,51:31.8
Z38799,0886734899321,,ING-Z38799,Power Adapters,1.133,126.66,synced,54:57.4
Z38827,0886734899314,,ING-Z38827,Power Adapters,1.1149,209.79,synced,54:59.4
Z38853,0886734899291,,ING-Z38853,Power Adapters,1.1372,117.27,synced,54:31.9
Z38854,0886734899369,,ING-Z38854,Power Adapters,1.1148,190.61,synced,54:58.9
Z38871,0886734899352,,ING-Z38871,Power Adapters,1.1348,122.37,synced,54:58.4
Z38872,0886734899383,,ING-Z38872,Power Adapters,1.1299,140.18,synced,54:32.4
Z38873,0886734899413,,ING-Z38873,Power Adapters,1.1109,239.7,synced,08:23.9
Z38966,0819927013594,,ING-Z38966,T-Shirts,1.1501,30.95,synced,08:25.5
Z38971,0819927013600,,ING-Z38971,Computer Cables,1.15,20.96,synced,54:33.4
Z38990,0819927013617,,ING-Z38990,Computer Cables,1.1501,14.95,synced,54:32.9
Z39424,0663072925048,,ING-Z39424,USB Hubs,1.0939,526,synced,37:02.3
Z39674,0840064404891,,ING-Z39674,Earbud Covers,1.1498,23.99,synced,54:33.9
Z40161,0706487014973,,ING-XU0130,Headsets,1.1501,46,synced,37:02.8
Z40798,0822088125648,,530314,Network Switches,1.0895,865.18,synced,54:34.4
Z41043,0822088135173,,719154,Network Adapters,1.1228,209.22,synced,54:34.9
Z41841,0097855195876,,ING-Z41841,Computer Mice,1.15,19.99,synced,54:35.4
Z42896,0810052988443,,ING-Z42896,Headsets,1.1308,109.99,synced,54:37.4
Z42897,0810052988436,,ING-Z42897,Headsets,1.1308,79.99,synced,55:01.4
Z42905,0810052988429,,ING-Z42905,Headsets,1.1308,79.99,synced,54:59.9
Z42907,0810164142740,,ING-Z42907,Mouse Pads,1.1499,19.99,synced,55:00.4
Z42908,0810164142764,,ING-Z42908,Mouse Pads,1.1499,19.99,synced,54:36.9
Z42909,0810052989266,,ING-Z42909,Headsets,1.1308,109.99,synced,55:00.9
Z42924,0810164142573,,ING-Z42924,Mouse Pads,1.15,11.99,synced,54:37.9
Z42925,0810164142757,,ING-Z42925,Mouse Pads,1.1499,19.99,synced,54:36.4
Z42932,0810052988474,,ING-Z42932,Headsets,1.1308,109.99,synced,54:35.9
Z44406,0757120506485,,ING-Z44406,Audio/Video Cables,1.1499,40.36,synced,55:02.4
Z45600,0199642878990,,ING-Z45600,Laptop Computers,1.06,1322.46,synced,54:38.4
Z45650,0195892113034,,ING-Z45650,USB Hubs,1.15,78.09,synced,55:01.9
Z46135,0097855201812,,ING-Z46135,Computer Mice,1.1335,100.98,synced,54:39.9
Z46137,0097855207180,,ING-Z46137,Computer Keyboard & Mouse Sets,1.15,119.99,synced,52:55.9
Z46171,0097855206473,,ING-Z46171,Computer Keyboards,1.1321,125.19,synced,54:38.9
Z46173,0097855207616,,ING-Z46173,Computer Mice,1.1253,119.99,synced,52:10.8
Z46179,0097855207159,,ING-Z46179,Computer Keyboard & Mouse Sets,1.15,119.99,synced,08:15.4
Z46193,0097855207135,,ING-Z46193,Computer Keyboard & Mouse Sets,1.15,119.99,synced,52:28.8
Z47622,0740617277357,,ING-Z47622,Hard Drives,1.15,112.99,synced,54:39.4
Z47630,0740617261219,,ING-Z47630,Hard Drives,1.1499,29,synced,37:03.8
Z48258,0810164142184,,ING-Z48258,Headsets,1.1091,199.99,synced,52:57.4
Z48344,0810164142153,,ING-Z48344,Headsets,1.1091,199.99,synced,08:15.9
Z48345,0810164142191,,ING-Z48345,Headsets,1.1091,199.99,synced,52:29.8
Z48346,0810164142207,,ING-Z48346,Headsets,1.1091,199.99,synced,52:30.3
Z48348,0810164142146,,ING-Z48348,Headsets,1.1091,199.99,synced,52:56.4
Z48349,0810164142122,,ING-Z48349,Headsets,1.1091,199.99,synced,08:16.4
Z48391,0810164142177,,ING-Z48391,Headsets,1.1091,199.99,synced,52:56.9
Z48405,0810164142139,,ING-Z48405,Headsets,1.1091,199.99,synced,52:29.3
Z49139,0768897648506,,ING-YN7464,Wireless Keypads,1.1315,144.42,synced,55:04.9
Z49386,0885022020928,,762306,Network-Attached Storage Servers,1.0867,1013.96,synced,54:42.4
Z49417,0840460600309,,ING-Z49417,Network Switches,1.1498,100.28,synced,55:03.5
Z49452,0840460600316,,ING-Z49452,Network Switches,1.1373,122.33,synced,55:06.9
Z49473,0840460600286,,ING-Z49473,Network Switches,1.15,72.8,synced,55:08.4
Z49708,0705110116534,,ING-Z49708,Hard Drives,1.0959,441.26,synced,55:05.9
Z49726,0019428189174,,ING-Z49726,Duffel Bags,1.15,134.44,synced,55:03.9
Z49727,0019428190347,,ING-Z49727,Luggage & Luggage Sets,1.15,361.61,synced,08:25.9
Z49728,0019428188900,,ING-Z49728,Luggage & Luggage Sets,1.15,234.79,synced,55:07.9
Z49748,0019428190323,,ING-Z49748,Luggage & Luggage Sets,1.15,361.61,synced,55:06.4
Z49784,0019428189167,,ING-Z49784,Duffel Bags,1.15,134.31,synced,54:41.9
Z49790,0019428190330,,ING-Z49790,Luggage & Luggage Sets,1.15,361.61,synced,55:02.9
Z49806,0019428189075,,ING-Z49806,Backpacks,1.15,167.44,synced,55:07.4
Z49808,0019428189068,,ING-Z49808,Backpacks,1.15,167.31,synced,54:40.4
Z49815,0019428189150,,ING-Z49815,Duffel Bags,1.15,134.18,synced,54:41.4
Z49818,0019428189037,,ING-Z49805,Backpacks,1.15,130.23,synced,54:40.9
Z50919,0633886017666,,ING-Z50919,Computer Mice,1.15,28.6,synced,55:05.4
Z50921,0766907033670,,ING-Z50921,Computer Monitors,1.06,609.99,synced,55:04.4
Z51406,0840390329646,,ING-S61475,"Tablet Holders, Carriers & Cases",1.1407,99.99,synced,54:42.9
Z52341,0194850292972,,ING-Z52341,Computer Monitors,1.06,218.9,synced,08:24.4
Z52658,0085896008415,,ING-Z52716,Screen Privacy Filters,1.15,109.34,synced,54:44.0
Z52677,0085896006718,,ING-Z52678,Screen Privacy Filters,1.1501,65.74,synced,54:43.4
Z52679,0085896007715,,ING-Z52679,Screen Privacy Filters,1.15,104.95,synced,54:44.9
Z52686,0085896006510,,ING-Z52686,Screen Privacy Filters,1.1499,56.45,synced,55:09.9
Z52688,0085896008118,,ING-Z52688,Screen Privacy Filters,1.15,59.76,synced,55:10.4
Z52711,0085896008316,,ING-Z52711,Screen Privacy Filters,1.15,139.49,synced,54:45.4
Z52714,0085896006411,,ING-Z52714,Screen Privacy Filters,1.15,198.02,synced,54:44.4
Z52720,0085896007913,,ING-Z52720,Screen Privacy Filters,1.15,88.7,synced,55:08.9
Z52721,0085896007517,,ING-Z52721,Screen Privacy Filters,1.15,184.29,synced,55:09.4
Z53699,0190017593449,,ING-Z53699,Network Switches,1.0913,621.26,synced,54:05.9
Z56912,0198990677187,,ING-Z56912,Headsets,1.1186,170.46,synced,54:06.4
Z57975,0065030906227,,ING-Z57975,USB Hubs,1.1501,46.37,synced,53:59.4
Z58558,0840283922060,,ING-Z58558,Cell Phone Cases,1.1499,64.95,synced,53:59.9
Z58946,0065030895095,,ING-Z58946,Computer Cables,1.15,53.84,synced,53:58.9
Z58964,0097564315701,,ING-Z58964,Computer Scanners,1.0921,474.99,synced,53:58.4
Z60745,0840390356369,,ING-Z60745,Electronics Film Protectors,1.1499,43.43,synced,54:00.9
Z60754,0840390356383,,ING-Z60754,Electronics Film Protectors,1.1499,43.43,synced,54:00.4
Z60760,0840390356406,,ING-Z60760,Electronics Film Protectors,1.1499,37.99,synced,54:06.9
Z62880,0092636365073,,ING-07LV74,"Tablet Holders, Carriers & Cases",1.1472,126.26,synced,54:10.9
Z63011,0810078054191,,ING-Z63011,Laptop Docking Stations,1.1277,143.55,synced,54:10.4
Z63134,0031652291270,,ING-Z63134,Automotive Specialty Parts,1.12,99.12,synced,54:09.4
Z63261,0807648018226,,ING-LJ6804,Computer Replacement Parts,1.1502,20.13,synced,54:11.4
Z63309,0807648019285,,ING-NE8992,Other Power & Hand Tool Accessories,1.15,24.01,synced,54:12.9
Z63338,0807648025804,,ING-PP6890,Computer Rack Hardware & Accessories,1.1314,144.99,synced,54:09.9
Z63344,0807648040135,,ING-VU7458,Computer Racks & Mounts,1.15,91.99,synced,54:12.4
Z63392,0807648025798,,ING-PP6889,Computer Rack Hardware & Accessories,1.1332,134.74,synced,54:15.9
Z63423,0807648024135,,77191,Computer Rack Hardware & Accessories,1.1261,134.99,synced,54:13.9
Z63491,0807648000610,,ING-658374,Computer Racks & Mounts,1.1087,241.99,synced,54:07.9
Z63518,0807648000603,,18737,Computer Rack Hardware & Accessories,1.1188,181.04,synced,54:07.4
Z63541,0807648004892,,ING-L45356,Cable Organizers,1.15,89.99,synced,54:15.5
Z63570,0807648000245,,ING-326026,Computer Racks & Mounts,1.1377,127.73,synced,54:08.4
Z63575,0807648001495,,5699,Computer Racks & Mounts,1.15,39.99,synced,54:13.4
Z63583,0807648000580,,13415,Computer Rack Hardware & Accessories,1.1347,99.99,synced,54:01.4
Z63585,0807648001426,,ING-E93178,Computer Rack Hardware & Accessories,1.1499,75.25,synced,54:08.9
Z63589,0807648000832,,ING-D34827,Computer Racks & Mounts,1.1267,154.98,synced,54:14.4
Z63592,0807648027952,,ING-PX4987,Computer Racks & Mounts,1.1436,109.98,synced,54:14.9
Z63596,0807648001594,,ING-E93445,Computer Racks & Mounts,1.15,66.6,synced,54:01.9
Z63603,0807648000474,,66785,Computer Rack Hardware & Accessories,1.1255,186.38,synced,08:23.0
Z63609,0807648001631,,ING-E93449,Electrical System Relays,1.15,74.99,synced,54:11.9
Z63620,0807648001440,,5698,Hardware Brackets,1.15,92.27,synced,54:02.4
Z63622,0807648000597,,ING-658456,Computer Rack Hardware & Accessories,1.1298,140.99,synced,54:03.4
Z63624,0807648001433,,ING-E93179,Computer Racks & Mounts,1.1499,84.99,synced,54:17.5
Z63632,0807648001600,,68202,Electrical System Relays,1.15,67.82,synced,54:03.9
Z63641,0807648001532,,60366,Computer Rack Hardware & Accessories,1.1501,65.6,synced,54:04.4
Z63662,0807648001556,,79947,Electrical System Relays,1.15,65.6,synced,54:02.9
Z63668,0807648007534,,ING-GV8606,Computer Racks & Mounts,1.15,177.98,synced,54:16.9
Z63753,0051135807064,,ING-Z63753,Mouse Pads,1.15,22.66,synced,54:16.4
Z64599,0886734900560,,ING-Z64599,Device-Specific Electronics Batteries,1.15,95.98,synced,54:18.4
Z64608,0886734900546,,ING-Z64608,Device-Specific Electronics Batteries,1.15,82.98,synced,54:17.9
Z64613,0886734900607,,ING-Z64613,Device-Specific Electronics Batteries,1.15,92.98,synced,54:20.4
Z64634,0886734900515,,ING-Z64634,Device-Specific Electronics Batteries,1.15,97.2,synced,54:18.9
Z64651,0886734900577,,ING-Z64651,Device-Specific Electronics Batteries,1.15,99.93,synced,54:05.4
Z64653,0886734900584,,ING-Z64653,Device-Specific Electronics Batteries,1.1362,126.98,synced,54:19.9
Z64654,0886734900591,,ING-Z64654,Device-Specific Electronics Batteries,1.15,92.98,synced,54:04.9
Z64660,0886734900522,,ING-Z64660,Device-Specific Electronics Batteries,1.1431,112.98,synced,54:19.5
Z69457,0051141986388,,ING-Z69457,Chalkboard Erasers,1.1502,6.79,synced,53:55.9
Z69470,0076308905774,,460711,Whiteboards,1.15,633.6,synced,53:56.9
Z69472,0638060276594,,ING-Z69472,Whiteboards,1.15,140.2,synced,53:57.4
Z69487,0021200596964,,ING-Z69487,Laminators,1.15,245,synced,37:01.3
Z69549,0195892122333,,ING-Z69549,Headsets,1.15,53.56,synced,53:56.4
Z75113,0037332289162,,ING-Z75113,Air Conditioners,1.0897,1249.31,synced,53:57.9
ZA1970,0065030859059,,31319,Computer Cables,1.15,24.98,synced,53:54.4
ZA1972,0065030860383,,ING-ZA1972,Computer Cables,1.1499,20.76,synced,53:53.4
ZA2077,0065030860345,,29908,Computer Port Cards,1.15,75.99,synced,53:52.9
ZA2184,0064547913568,,ING-ZA2184,Device-Specific Electronics Batteries,1.147,103.73,synced,53:54.9
ZA2247,0065030859516,,31607,Electronics Stands,1.1257,157.49,synced,53:53.9
ZA5009,0501203450000,,402473,Electronics Stands,1.1501,78.96,synced,53:55.4
ZG2157,0065030860338,,29907,Computer Port Cards,1.1501,45.69,synced,53:43.4
ZG6561,0731304309628,,284302,Power Distribution Units,1.1003,344.34,synced,53:42.4
ZG6712,0731304228479,,ING-G08582,Device-Specific Electronics Batteries,1.0953,272.9,synced,53:11.4
ZG7334,0037332183231,,67241,Power Distribution Units,1.142,149.3,synced,53:14.4
ZG7335,0037332182883,,ING-ZG7335,Power Distribution Units,1.132,134.99,synced,52:59.9
ZG7336,0037332179333,,ING-ZG7336,Computer Racks & Mounts,1.1499,92.36,synced,53:00.9
ZG7337,0037332182869,,115797,Power Distribution Units,1.143,170.99,synced,52:59.4
ZG7471,0808447012866,,156239,Computer Cables,1.1499,41.59,synced,53:14.9
ZG7472,0808447065312,,77908,Computer Cables,1.1499,16.48,synced,53:41.9
ZG7473,0808447072037,,57467,Computer Cables,1.1499,25.62,synced,53:15.4
ZG7475,0808447062533,,30258,Audio/Video Cables,1.1502,39.3,synced,53:11.9
ZG7477,0808447064520,,65728,Network Cables,1.1501,12.9,synced,53:12.9
ZG7479,0808447073928,,73748,Network Cables,1.1501,11.28,synced,52:58.9
ZG7483,0808447024838,,68393,Network Cables,1.1501,13.17,synced,53:12.4
ZG7484,0808447024913,,73806,Network Cables,1.15,22.17,synced,53:10.9
ZG7486,0808447025163,,57578,Network Cables,1.1499,15.75,synced,53:13.4
ZG7487,0808447074178,,63449,Network Cables,1.1501,6.24,synced,53:13.9
ZG7490,0808447025378,,67859,Network Cables,1.1499,15.03,synced,53:01.4
ZG7491,0808447025446,,73912,Network Cables,1.1499,28.96,synced,53:17.9
ZG7493,0808447053609,,66336,Network Cables,1.1499,18.28,synced,53:16.4
ZG7494,0808447053616,,ING-ZG7494,Network Cables,1.1499,29,synced,50:44.3
ZG7495,0808447053623,,128368,Network Cables,1.1499,22.86,synced,53:43.9
ZG7499,0808447053661,,73793,Network Cables,1.1502,31.69,synced,53:18.9
ZG7505,0808447045819,,70305,Network Cables,1.1501,39.84,synced,53:19.4
ZG7512,0808447075304,,50757,Audio/Video Cables,1.15,49.37,synced,53:42.9
ZG7513,0808447075311,,52237,Audio/Video Cables,1.1501,45.32,synced,53:15.9
ZG7515,0808447071283,,58677,Audio/Video Cables,1.15,39.67,synced,53:02.9
ZG7520,0808447071849,,ING-ZG7520,Cable Connectors,1.1501,38.43,synced,53:01.9
ZG7532,0808447064957,,74790,Audio/Video Cables,1.1502,44.06,synced,53:19.9
ZG7536,0808447064995,,115427,Audio/Video Cables,1.1501,97.54,synced,53:16.9
ZG7537,0808447063516,,30182,Computer Cables,1.15,38.2,synced,53:02.4
ZG7539,0808447071856,,58732,Audio/Video Cables,1.15,46.1,synced,53:17.4
ZG7540,0808447071863,,48591,Computer Cables,1.1501,38.24,synced,08:16.9
ZG7542,0808447071177,,34325,Audio/Video Cables,1.1498,38.38,synced,53:00.4
ZG7547,0808447071603,,67346,Analog-to-Digital Converters,1.15,110.68,synced,53:44.4
ZG7568,0808447067262,,36937,Device-Specific Electronics Chargers,1.1499,27.19,synced,53:18.4
ZG8017,0037332185839,,ING-ZG8017,Computer Cables,1.1501,28.7,synced,08:21.4
ZH0385,0882658790836,,156249,Computer Racks & Mounts,1.15,92.89,synced,08:19.0
ZH1109,0698833049770,,ING-ZH1109,Power Cables,1.1293,130.38,synced,53:44.9
ZH1110,0698833049831,,ING-ZH1110,Telephone Cables,1.129,136.44,synced,53:20.4
ZH1703,0747464130477,,31876,Hard Drives,1.1405,115.69,synced,53:03.9
ZH2807,0883436656092,,280728,Network Cables,1.1499,34.99,synced,53:21.4
ZH3202,0010343916944,,ING-ZH3202,Printer Maintenance Kits,1.1501,14.99,synced,53:03.4
ZH4425,0760557828112,,ING-ZH4425,Hard Drives,1.1486,97.59,synced,53:22.4
ZH4447,0822088018285,,713971,Computer Cables,1.15,29.2,synced,53:20.9
ZH4890,0822088049081,,261927,Cable Connectors,1.1499,26.06,synced,53:45.4
ZH4891,0822088037958,,711531,Network Cables,1.1501,32.73,synced,53:04.4
ZH5273,0822088051404,,761594,Cable Connectors,1.1498,16.97,synced,53:05.4
ZH5277,0822088063865,,40040,Network Cables,1.15,111.69,synced,08:21.9
ZH5345,0873791011087,,34096,Computer Cables,1.1496,11.43,synced,08:19.4
ZH6621,0760557827979,,167003,Flash Drives,1.1499,12.59,synced,53:05.9
ZH6738,0822088074540,,706033,Network Cables,1.1498,32.12,synced,53:47.4
ZK6222,0822088107323,,526522,Network Switch Modules,1.15,59.71,synced,53:22.9
ZL4787,0710931160277,,ING-ZL4787,Network Switches,1.1001,268.79,synced,53:21.9
ZL8268,0037332188526,,139799,Computer Cables,1.1359,141.2,synced,08:20.4
ZL8273,0092636312930,,36346,Computer Cables,1.1501,23,synced,37:00.3
ZL8416,0037332186591,,ING-ZL8416,TV & Monitor Mounts,1.107,229.59,synced,53:28.4
ZL8417,0037332186683,,ING-ZL8417,TV & Monitor Mounts,1.123,178.83,synced,53:06.9
ZL8418,0037332185976,,34990,Computer Cables,1.1499,30.79,synced,53:08.4
ZL8420,0037332183255,,68004,Power Distribution Units,1.1187,212.75,synced,53:30.4
ZL8421,0037332182852,,56326,Power Distribution Units,1.1338,177.6,synced,53:46.4
ZL8423,0037332182845,,72033,Power Distribution Units,1.1228,223.87,synced,53:07.9
ZL8424,0037332186119,,ING-ZL8424,Surge Suppressors,1.15,48.46,synced,53:48.9
ZL8430,0037332186904,,31917,Cable Connectors,1.1499,5.56,synced,08:20.9
ZL8745,0758479002802,,ING-ZL8745,Network Security Devices,1.1499,40.63,synced,08:17.9
ZL8822,0758479005254,,ING-ZL8822,Computer Rack Hardware & Accessories,1.1243,173.88,synced,53:25.9
ZL9001,0808447073539,,68470,Computer Cables,1.1499,31.86,synced,53:26.9
ZL9003,0808447073553,,34931,Computer Cables,1.15,29.4,synced,08:17.4
ZL9004,0808447055498,,31856,Network Adapters,1.1499,32.72,synced,53:06.4
ZL9512,0037332187437,,ING-ZL9512,TV & Monitor Mounts,1.1185,179.76,synced,53:07.4
ZL9513,0037332188205,,56519,Electric Power Testers,1.1499,91.01,synced,53:26.4
ZL9514,0037332187819,,38557,Wire & Cable Organizers,1.1504,10.81,synced,53:27.4
ZL9517,0037332186614,,54088,Surge Suppressors,1.1501,50.17,synced,08:19.9
ZL9518,0037332186638,,ING-ZL9518,Surge Suppressors,1.15,108.44,synced,53:24.9
ZL9522,0037332186416,,ING-ZL9522,Surge Suppressors,1.1499,55.99,synced,53:47.9
ZL9523,0037332186423,,49469,Surge Suppressors,1.15,128.74,synced,53:29.4
ZM1001,0065030860796,,ING-ZM1001,Computer Port Cards,1.1499,54.99,synced,53:25.4
ZM1002,0065030860802,,ING-ZM1002,Hard Drives,1.15,56.95,synced,53:24.4
ZM1004,0065030860673,,ING-ZM1004,Device-Specific Electronics Chargers,1.1501,36.64,synced,53:27.9
ZM1911,0065030860550,,31724,Power Cables,1.1499,30.01,synced,53:23.9
ZM1999,0672792006166,,ING-ZM1999,Audio & Video Receivers,1.08,119.36,synced,53:28.9
ZM2000,0672792006173,,ING-ZM2000,Audio & Video Receivers,1.08,120.73,synced,53:04.9
ZM2198,0065030861199,,ING-ZM2198,Computer Cables,1.15,27.52,synced,53:46.9
ZM2200,0065030861151,,ING-ZM2200,Computer Cables,1.15,28.04,synced,53:23.4
ZM2203,0065030861175,,34142,Computer Cables,1.15,30.74,synced,08:18.4
ZM6230,0097855114976,,156241,Headsets,1.1501,14.99,synced,53:48.4
ZM6262,0019428039639,,ING-ZM6262,Electronics Carrying Cases,1.1094,168.41,synced,53:45.9
ZM7430,0097855115300,,ING-ZM7430,Computer Keyboards,1.15,24.99,synced,53:29.9
ZM7865,0783750006576,,ING-ZM7865,Cash Register Drawers & Trays,1.15,42.88,synced,53:31.4
ZM7866,0783750006583,,58599,Cash Register Drawers & Trays,1.1499,46.75,synced,53:30.9
ZM9553,0021299184516,,ING-ZM9553,Headphones,1.1501,15.49,synced,53:49.4
ZN0965,0636430076270,,ING-ZN0965,Computer Monitors,1.06,1366.03,synced,53:49.9
ZN2800,0881317512482,,ING-ZN2800,Memory Card Readers,1.1501,19.99,synced,53:09.4
ZN3129,0757120390107,,354259,Computer Cables,1.15,54.85,synced,53:33.4
ZN3655,0012502641544,,ING-ZN3655,Labels,1.15,24.9,synced,53:09.9
ZN3846,0757120520313,,355235,Computer Cables,1.1497,19.9,synced,53:32.4
ZN9713,0722868889480,,34760,Audio/Video Cables,1.1502,9.99,synced,53:08.9
ZP1952,0881317512550,,313946,Network Switches,1.15,66.31,synced,53:31.9
ZP1953,0881317512567,,271023,Network Switches,1.15,89.99,synced,53:32.9
ZP3497,0889233034798,,ING-ZP3497,Hardware Brackets,1.15,27.72,synced,53:38.4
ZP3823,0822088071037,,706032,Network Switch Modules,1.0872,1076.18,synced,53:39.4
ZQ0763,0065030860321,,ING-ZQ0763,Computer Port Cards,1.15,39.99,synced,08:22.4
ZQ0784,0037332187741,,38554,Network Cables,1.1497,14.47,synced,53:33.9
ZQ0790,0037332187673,,ING-ZQ0790,Network Cables,1.1501,16.4,synced,53:35.9
ZQ0791,0037332187697,,ING-ZQ0791,Network Cables,1.1499,26.39,synced,53:38.9
ZQ0794,0037332187727,,35003,Network Cables,1.1501,22.92,synced,53:36.9
ZQ0946,0065030799928,,39412,Network Cables,1.1502,15.59,synced,53:35.4
ZQ1503,0655216007673,,ING-ZQ1503,Cordless Phones,1.08,1288.87,synced,53:50.9
ZQ1504,0655216007680,,ING-ZQ1504,Cordless Phones,1.08,482.99,synced,53:51.9
ZQ1505,0655216007697,,ING-ZQ1505,Cordless Phones,1.08,1081.66,synced,53:34.4
ZQ2146,0706487015888,,ING-ZQ2146,Headsets,1.1242,140.24,synced,53:34.9
ZQ4309,0097855107879,,33851,Computer Keyboard & Mouse Sets,1.1499,27.99,synced,53:51.4
ZQ7834,0822088070054,,714092,Cable Connectors,1.15,37.15,synced,53:37.9
ZQ7835,0822088069553,,285501,Network Cables,1.1501,37.15,synced,53:50.4
ZQ7836,0822088070641,,718328,Network Cables,1.1499,40.75,synced,53:36.4
ZQ7838,0822088071556,,718991,Network Cables,1.15,28.97,synced,53:37.4
ZS1873,0097855203632,,ING-ZS1873,Computer Mice,1.1159,161.99,synced,53:10.4
ZS1912,0633886017864,,ING-ZS1912,"Tablet Holders, Carriers & Cases",1.15,58.21,synced,53:40.4
ZS1953,0065030911245,,ING-ZS1953,Laptop Docking Stations,1.1039,267.21,synced,53:41.4
ZS2383,0719192636200,,ING-7QM766,Computer Monitors,1.06,179.99,synced,53:40.9
ZS2418,0195174081440,,ING-JU9463,Streaming Media Players,1.08,332.95,synced,53:39.9
ZS2470,0195174092156,,ING-NR5013,Computer Monitors,1.06,1667.06,synced,53:52.4
ZS2471,0195174016640,,ING-01GY36,Computer Monitors,1.06,2110,synced,37:00.8
ZS6698,0745883912162,,ING-ZS6698,Electronics Film Protectors,1.15,34.99,synced,52:30.8
ZY0334,0698833051582,,ING-ZY0334,TV & Monitor Mounts,1.1095,239.91,synced,52:19.4
ZY0372,0882658784361,,ING-ZY0372,Other Electronic Components & Accessories,1.15,80.89,synced,52:32.9
ZY0377,0074983170104,,90425,Network Cables,1.1499,31.78,synced,52:18.4
ZY1011,0837324003710,,64791,Power Adapters,1.1247,182.89,synced,52:33.4
ZY1012,0837324003604,,ING-ZY1012,Network Switches,1.109,283.8,synced,52:31.8
ZY1268,0843591066389,,36584,Flash Drives,1.15,95.33,synced,52:18.9
ZY1273,0843591066396,,36587,Flash Drives,1.1499,46.78,synced,52:21.9
ZY1276,0698833050417,,ING-ZY1276,Storage Chests & Boxes,1.1501,73.06,synced,52:31.3
ZY1277,0698833048889,,ING-ZY1277,Desks,1.15,622.7,synced,52:32.4
ZY1291,0882658704871,,195273,Network Switches,1.0949,249.49,synced,52:41.4
ZY1676,0026649075117,,ING-ZY1676,Printer Drums,1.15,124.16,synced,52:22.8
ZY1971,0882658770623,,262902,Network Switches,1.0854,999,synced,36:59.3
ZY2885,0819921011749,,ING-ZY2885,USB Hubs,1.1501,19.99,synced,52:37.9
ZY4309,0043859681464,,ING-ZY4309,Laminating Pouches,1.1501,55.84,synced,52:35.4
ZZ0205,0037332187833,,ING-ZZ0205,Network Cables,1.1501,41.88,synced,52:38.9
ZZ0207,0037332187857,,36352,Cable Connectors,1.15,82.39,synced,52:44.4
ZZ0211,0037332187260,,78033,Fiber Optic Connectors,1.1217,224.57,synced,52:36.9
ZZ0214,0037332187222,,74276,Other Electronic Components & Accessories,1.132,134.56,synced,52:42.4
ZZ0518,0037332188267,,ING-ZZ0518,Network Cables,1.1501,8.99,synced,52:20.9
ZZ0519,0037332187550,,45707,Analog-to-Digital Converters,1.1499,17.49,synced,52:57.9
ZZ0520,0037332187567,,48039,Cable Connectors,1.15,33.68,synced,52:35.9
ZZ0521,0037332187451,,45708,Surge Suppressors,1.15,88.99,synced,52:33.9
ZZ0522,0037332188564,,ING-ZZ0522,Computer Cables,1.1502,9.94,synced,52:39.9
ZZ0524,0037332188588,,ING-ZZ0524,Computer Cables,1.1499,17.94,synced,52:37.4
ZZ0526,0037332188601,,44917,Computer Cables,1.1503,11.36,synced,52:22.4
ZZ0528,0037332188328,,44927,Network Adapters,1.1499,28.48,synced,08:11.9
ZZ0889,0037332183194,,74764,Power Distribution Units,1.1034,298.98,synced,52:40.4
ZZ1163,0805736057492,,348724,Projector Replacement Lamps,1.1103,219.5,synced,52:34.4
ZZ1335,0706487016144,,ING-ZZ1335,Headsets,1.1208,83.83,synced,52:20.4
ZZ1769,0873791010929,,413888,Device-Specific Electronics Chargers,1.15,15.56,synced,08:12.9
ZZ1770,0873791010936,,76176,Device-Specific Electronics Chargers,1.1501,24.72,synced,52:19.9
ZZ1771,0873791010943,,ING-ZZ1771,Network Cables,1.105,261.5,synced,52:58.4
ZZ1774,0873791011209,,48448,Audio/Video Cables,1.1503,17.41,synced,08:13.4
ZZ1776,0873791011315,,ING-ZZ1776,Device-Specific Electronics Chargers,1.15,20.08,synced,52:39.4
ZZ1778,0873791011339,,ING-ZZ1778,Device-Specific Electronics Chargers,1.1502,14.23,synced,07:24.7
ZZ1803,0885022008698,,141518,Computer Rack Hardware & Accessories,1.1398,104.13,synced,52:36.4
ZZ1813,0037332187918,,ING-ZZ1813,Power Inverters,1.1199,68.41,synced,52:11.8
ZZ1814,0037332187895,,ING-ZZ1814,Power Inverters,1.12,69.99,synced,52:21.4
ZZ1818,0037332189776,,48732,Computer Cables,1.1499,44.88,synced,52:42.9
ZZ1819,0037332189769,,48730,Computer Cables,1.15,44.29,synced,08:13.9
ZZ1824,0037332189288,,ING-ZZ1824,Computer Cables,1.1502,20.15,synced,52:23.3
ZZ6264,0783384236479,,ING-ZZ6264,Computer Servers,1.06,6054.77,synced,52:40.9
ZZ6265,0783384236530,,ING-ZZ6265,Network Switch Modules,1.0855,1537.38,synced,52:41.9
ZZ8639,0037332187277,,71011,Computer Racks & Mounts,1.1097,269.26,synced,52:43.4
ZZ8874,0646422301099,,ING-ZZ8874,Headsets,1.1502,19.23,synced,52:34.9
ZZ8875,0646422301082,,ING-ZZ8875,Headphones,1.15,14.99,synced,52:38.3
