sku,mfgn,qty,qtynj,qtyfl,price,map,mrp
10020,2228,45,3,42,5.33,,
10021,6001,0,0,0,86.60,,
10024,6003,4,0,4,86.60,,
10025,1928.3,9,4,5,159.66,,
10026,6002,2,0,2,47.64,,
10027,1927.3,5,3,2,361.89,,
10030,9283.3,1,1,0,414.85,,
10342,SS-1002,5,1,4,263.80,,
10345,SS-2000,5,5,0,423.99,,
10348,FN-201,4,3,1,384.00,,
10349,BN-202,4,1,3,443.89,,
10350,SP-5-B,0,0,0,937.25,,
10351,F-50,0,0,0,78.62,,
10352,SS-5000,0,0,0,825.46,,
10353,F-50W,1,1,0,78.62,,
10354,B-51,1,1,0,77.31,,
10355,S-53,1,1,0,77.31,,
10357,V-57W.2,3,0,3,80.59,,
10360,HF-742,2,1,1,232.98,,
10361,HF-743,0,0,0,232.98,,
10366,B-80,4,2,2,142.99,,
10367,B-81,0,0,0,166.75,,
10368,F-82,1,0,1,159.55,,
10369,F-83,7,0,7,159.55,,
10373,RU-90,3,1,2,132.00,,
10374,DNB-200,0,0,0,556.36,,
10377,DNP-200,0,0,0,556.36,,
10378,YB-500,0,0,0,1252.37,,
10391,220SW,6,4,2,33.33,,
10394,MMB-84,25,12,13,11.33,,
10442,SP-80-3,1,1,0,3026.80,,
10446,SRA-1,1,1,0,630.00,,
10472,SP-70-3,0,0,0,2606.80,,
10532,X-11Y,0,0,0,48.44,,
10533,FNW-201,1,0,1,384.00,,
10534,HF-742W,3,2,1,232.98,,
10535,HF-743W,5,2,3,232.98,,
10536,F-82W,4,3,1,159.55,,
10537,F-83W,3,1,2,146.00,,
10539,RA-91,2,0,2,77.31,,
10540,RA-93,11,5,6,77.31,,
10541,BN-C,7,3,4,29.35,,
10545,LL-C,0,0,0,35.31,,
10548,N-203-C,5,5,0,27.19,,
10549,NC-20,4,3,1,31.00,,
10550,GM-5-C,5,2,3,56.61,,
10552,010-10117-02,0,0,0,11.71,,
10563,010-10085-00,7,2,5,22.49,,
10578,010-10083-00,15,6,9,22.49,,
10595,390,0,0,0,534.99,,
10596,393,2,0,2,355.29,,
10597,396-1,6,1,5,141.19,,
10599,399-1M,8,5,3,264.44,,
10601,4018,0,0,0,572.75,,
10602,4018-M,0,0,0,528.91,,
10609,4351,6,5,1,74.46,,
10612,476,0,0,0,1150.24,,
10618,5018,7,6,1,558.56,,
10627,5206-N,232,117,115,69.04,,
10631,5215,6,5,1,61.55,,
10632,5215-C-X,10,6,4,128.92,,
10636,5225-XT,80,42,38,175.63,,
10637,5226-XT,14,2,12,175.63,,
10640,5230,0,0,0,454.75,,
10648,5911,3,3,0,59.73,,
10658,408-R,9,6,3,17.40,,
10660,410-R,6,0,6,74.45,,
10661,4186-BP,8,8,0,11.01,,
10662,4186-U,12,2,10,11.01,,
10663,4187,30,9,21,44.12,,
10668,4352,14,0,14,36.46,,
10673,4365,31,15,16,21.19,,
10679,5228,7,5,2,204.97,,
10680,5228-4,6,1,5,138.04,,
10682,81-S,0,0,0,59.51,,
10840,2100,6,2,4,56.83,,
10841,2101,4,3,1,48.97,,
10842,2300A,21,11,10,131.49,,
10844,2303A,26,12,14,178.83,,
10850,84-2056-01,15,10,5,138.79,,
11049,483,0,0,0,124.99,,
11123,740011-1,0,0,0,24.14,,
11188,SPC-15RP,12,5,7,22.86,,
11196,SPC-40RP,16,8,8,30.00,,
11197,SPC-5P,17,5,12,14.67,,
11221,MA4054W,71,45,26,19.99,,
11222,MA4055W,250,130,120,24.99,,
11223,MA4055B,185,108,77,14.99,,
11224,MA4056W,192,93,99,24.99,,
11225,MA4056B,156,79,77,15.99,,
11234,MA905W,250,166,84,29.99,,
11235,MB21W,127,66,61,12.99,,
11236,MB21B,318,185,133,10.99,,
11237,MB41W,159,83,76,17.99,,
11241,WC-3,87,49,38,4.99,,
11793,525TID-TMD,0,0,0,688.89,,
11794,235DT-PSE,0,0,0,500.00,,
11799,001-410-540,0,0,0,311.82,,
11800,PG500R,0,0,0,805.95,,
11804,520-IHD,0,0,0,181.82,199.00,
11805,AIR-033-270,0,0,0,72.73,,
11806,AIR-033-352,0,0,0,68.18,,
11814,AIR-033-391,0,0,0,227.27,,
11817,525T-BSD,0,0,0,204.44,,
12150,SS-1002W,2,2,0,263.80,,
12151,SS-2000W,3,2,1,394.00,,
12152,SS-5000W,0,0,0,825.46,,
12167,5241-R,2,2,0,90.64,,
12286,MA1000RB,259,126,133,2.99,,
12542,MA4054B,223,109,114,15.99,,
12743,M81120,7,3,4,896.73,,
12744,M81121,0,0,0,1059.77,,
12745,M81105,5,3,2,291.66,,
13034,010-10121-00,0,0,0,22.49,,
13048,5228-1,7,7,0,62.73,,
13049,5228-2,6,1,5,67.04,,
13112,525ST-PWC,0,0,0,173.33,,
13113,526ST-MSC,0,0,0,355.56,,
13169,M78713-PZ,3,3,0,149.99,,179.99
13172,P19007,19,19,0,63.04,,
13173,P19001,4,3,1,63.04,,
13174,P19006,0,0,0,63.04,,
13176,5309-R,0,0,0,733.79,,
13253,AIR-033-226,0,0,0,68.18,,
13254,AIR-033-476,0,0,0,68.18,,
13255,AIR-033-073,0,0,0,159.09,,
13256,525STID-MSD,0,0,0,400.00,479.99,
13267,5101,52,32,20,72.51,,
13292,525STID-PWD,2,2,0,173.33,,
13293,520-5PSD,1,1,0,174.22,,
13294,ST-02MSB,0,0,0,190.91,,
13295,ST-02PSB,0,0,0,118.18,,
13298,CA50/200-12M,0,0,0,921.82,,
13300,525T-BSC,0,0,0,204.44,,
13306,FAX30,0,0,0,1133.55,,
13350,520-BLD,0,0,0,186.67,,
13362,000-041-405,0,0,0,80.91,,
13366,525T-PWD,1,1,0,106.67,,
13374,806-1800,3,1,2,1459.74,,
13474,010-10192-01,0,0,0,155.00,,
13478,526ST-MSC7,0,0,0,440.00,,
13479,YB-600,0,0,0,1496.82,,
13481,ST-01PTB,0,0,0,81.82,,
13483,AIR-033-203,0,0,0,77.27,,
13498,E26019-PZ,0,0,0,270.82,,324.99
13500,A12005,14,7,7,611.40,,
13501,A12004,4,2,2,489.12,,
13544,CA50/200-1T,0,0,0,921.82,,
13560,000-158-002,0,0,0,34.55,,
13561,CA50B-9B,0,0,0,422.73,,
13593,010-10272-00,10,9,1,74.99,,
13598,AIR-033-204,0,0,0,63.64,,
13628,9004E,10,5,5,46.42,,
13629,2001,18,3,15,10.57,,
13630,GPA017,2,2,0,117.27,,
13643,000-159-695,0,0,0,112.73,,
13646,9282.3,3,0,3,172.89,,
13666,520-PLD,2,2,0,88.89,,
13667,000-135-397,1,0,1,50.00,,
13724,4187HD,0,0,0,50.92,,
13726,5120,22,12,10,91.25,,
13748,808-1800,2,2,0,59.28,,
13759,4357-S,6,3,3,72.08,,
13770,AIR-033-333,0,0,0,50.00,,
13775,000-154-036,0,0,0,94.55,,
13776,FAX5,0,0,0,592.73,,
13792,SP-5-C,0,0,0,937.25,,
13827,525-5PWD,0,0,0,112.73,,
13828,000-154-053,0,0,0,131.82,,
13834,CA50B-6B,0,0,0,262.73,,
13846,CA200B-5S,0,0,0,281.82,,
13852,AIR-033-351,0,0,0,31.82,,
13856,P102938,3,2,1,52.74,,
13876,4125,11,3,8,12.59,,
13877,7234,11,5,6,38.61,,
13878,7208,11,5,6,16.27,,
13879,9353,1,1,0,31.46,,
13880,8013,3,1,2,32.87,,
13881,1002,16,0,16,16.77,,
13882,8031,15,4,11,7.05,,
13902,E66008,2,0,2,169.60,,199.00
13934,8067,8,6,2,29.53,,
13935,8030,9,4,5,7.05,,
13936,8039,16,7,9,29.53,,
13937,8065,7,4,3,16.86,,
13938,2304,64,50,14,9.65,,
13940,2305,48,20,28,10.71,,
13941,2701,0,0,0,15.43,,
13942,2709,0,0,0,11.24,,
13943,2710,0,0,0,11.48,,
13944,2301,67,30,37,12.87,,
13945,2303,49,25,24,16.75,,
13947,2302,59,26,33,20.01,,
13948,2105,32,32,0,42.05,,
13950,2003,118,26,92,9.97,,
13951,2002,83,30,53,9.97,,
13952,2103,14,1,13,18.92,,
13953,2104,114,25,89,89.78,,
13954,2708,23,15,8,19.41,,
13955,2506,50,0,50,7.32,,
13956,2508,113,41,72,8.54,,
13957,2510,42,24,18,9.70,,
13958,2512,123,47,76,13.37,,
13959,9217,110,13,97,2.99,,
13960,1001,37,19,18,16.19,,
13961,1003,40,29,11,18.54,,
13967,5018,3,0,3,32.27,,
13969,5005,121,26,95,23.62,,
13971,8068,5,3,2,482.22,,
13972,8082,3,2,1,379.47,,
13974,8080,0,0,0,178.20,,
13975,8079,15,11,4,108.66,,
13976,8051,0,0,0,205.96,,
13979,8061,4,3,1,173.68,,
13980,8081,0,0,0,306.27,,
13981,8015,0,0,0,87.57,,
13984,B-51W,4,2,2,71.00,,
13993,FN-203,5,4,1,402.06,,
13994,FNW-203,4,2,2,399.71,,
14021,520-5MSD,0,0,0,303.11,,
14037,5400-XT,15,9,6,156.80,,
14038,5401-XT,6,3,3,156.80,,
14042,5420-XT,7,3,4,124.24,,
14043,5421-XT,4,1,3,124.24,,
14065,010-10314-00,0,0,0,7.42,,
14066,010-10267-00,0,0,0,7.90,,
14067,D284,4,2,2,46.86,,
14069,D286,0,0,0,59.65,,
14070,D287,0,0,0,68.17,,
14071,D288,0,0,0,89.48,,
14073,D244,6,2,4,42.60,,
14085,M78717,0,0,0,183.32,,
14100,528-VW,60,10,50,195.42,,
14106,531-AW,3,1,2,216.41,,
14125,2702,4,2,2,16.47,,
14165,7202,43,10,33,17.47,,
14166,7206,26,26,0,16.27,,
14177,5133,9,1,8,25.85,,
14235,SK135,0,0,0,181.81,,
14258,82-0123-01,3,2,1,137.41,,
14259,2404,44,40,4,4.72,,
14260,2406,54,27,27,5.39,,
14489,ARP11,0,0,0,610.91,,
14494,000-154-052,0,0,0,423.64,,
14495,235DST-PWE,0,0,0,481.82,,
14497,010-10231-01,4,2,2,17.59,,
14521,000-144-463,0,0,0,66.36,,
14525,4700,5,0,5,22.56,,
14526,4700-1,1,1,0,34.54,,
14527,4700-2,8,5,3,47.19,,
14533,4190,1,1,0,40.73,,
14538,4710,0,0,0,15.58,,
14541,4720,5,5,0,19.19,,
14561,2011,27,11,16,6.65,,
14562,2101,12,5,7,18.92,,
14563,2102,10,4,6,18.92,,
14566,4100,13,1,12,2.86,,
14567,4126,6,4,2,13.57,,
14569,5015,5,3,2,37.99,,
14572,8086,2,1,1,1344.14,,
14573,8084,3,3,0,763.27,,
14574,8076,3,3,0,481.43,,
14575,8074,2,0,2,398.56,,
14576,8097,4,2,2,270.44,,
14577,8096,4,2,2,225.73,,
14578,8261,3,1,2,193.49,,
14579,8262,7,2,5,115.37,,
14580,9001E,43,28,15,35.23,,
14581,8184,0,0,0,763.38,,
14582,2402,25,11,14,3.85,,
14583,2408,40,27,13,6.24,,
14584,2410,24,20,4,8.44,,
14585,2502,71,31,40,4.23,,
14586,2504,142,40,102,5.28,,
14587,2602,18,7,11,7.25,,
14588,2604,10,7,3,10.33,,
14589,2608,17,5,12,19.53,,
14590,2610,19,2,17,22.52,,
14592,9216,17,15,2,3.24,,
14594,9218,64,19,45,2.99,,
14597,7218,24,15,9,16.27,,
14599,7226,14,6,8,16.27,,
14600,7230,29,19,10,16.27,,
14601,7233,21,16,5,37.54,,
14602,7235,14,12,2,37.54,,
14603,7260,7,7,0,37.54,,
14604,7238,11,7,4,37.54,,
14605,7240,4,4,0,37.54,,
14606,7242,16,5,11,37.54,,
14607,010-10300-00,0,0,0,29.99,,
14672,V-57.2,0,0,0,80.59,,
14673,K-TD.2,1,1,0,30.00,,
14768,8033,21,0,21,2.44,,
14769,8022,5,3,2,65.68,,
14771,8232,7,2,5,18.15,,
14847,8263,8,5,3,43.61,,
14883,AG126,0,0,0,359.99,,
14884,TP125,0,0,0,145.44,,
14907,5235-XT,8,2,6,148.31,,
14908,4006,8,1,7,22.31,,
14909,414,0,0,0,8.64,,
14911,4188-SL,7,2,5,61.11,,
14934,SU-1,0,0,0,33.33,,
14941,ANCHORMAX,1,0,1,904.35,,
14960,CMP460,120,37,83,46.00,,
14968,22040A,6,2,4,525.95,,
15022,NET-DWN-CBL,0,0,0,54.55,,
15023,010-10305-01,0,0,0,18.75,,
15028,D031,0,0,0,89.48,,
15111,235DHT-MSE,0,0,0,627.27,,
15112,235DHT-LMSE,0,0,0,736.36,,
15125,000-159-686,2,2,0,53.64,,
15126,000-030-097,0,0,0,81.82,,
15198,FPHRC1002000C00,23,4,19,127.68,,
15204,FP900UB00000A00,10,2,8,25.04,,
15231,E66023,0,0,0,83.32,,
15232,M81131,0,0,0,2291.66,,
15266,E66054,0,0,0,169.60,,199.00
15273,4079,14,3,11,12.33,,
15274,4184,94,42,52,7.67,,
15307,PL-258-G,10,9,1,10.63,,
15309,PL-259-58-G,20,1,19,10.63,,
15310,PL-259-CP-G,48,48,0,11.95,,
15311,PL-259-G,18,6,12,10.63,,
15317,PL-258-CP-G,33,21,12,17.60,,
15371,E66014,0,0,0,241.66,,289.99
15374,PL-259-8X-G,24,13,11,10.63,,
15404,E22078,10,7,3,538.03,,
15502,E26030,0,0,0,99.99,,
15512,SRC-35,4,2,2,44.88,,
15513,SRC-50,4,4,0,60.88,,
15556,MR690,1,0,1,80.59,,
15599,802-1500,0,0,0,621.43,,
15665,6510USB,4,1,3,202.59,211.50,
15685,010-10454-00,0,0,0,9.89,,
15701,2110A,5,3,2,34.76,,
15706,2111A,10,8,2,29.15,,
15841,E12093,7,5,2,733.68,,
15856,M81130,2,1,1,1979.16,,
15871,GP1060,0,0,0,349.08,,
15965,M81132,0,0,0,2366.66,,
16015,GP1061,0,0,0,363.62,,
16019,010-00351-00,15,4,11,202.49,,
16024,CT-100,7,4,3,18.00,,
16081,8197,0,0,0,270.44,,
16082,8072,21,8,13,16.86,,
16087,8066,6,6,0,2.44,,
16088,9003E,93,62,31,32.94,,
16105,S-53G,8,5,3,77.31,,
16136,PP5050,0,0,0,356.35,,
16137,PP5051,0,0,0,370.90,,
16152,240SW,8,3,5,40.00,,
16154,PP5061,0,0,0,399.99,,
16208,N108000,0,0,0,443.18,,
16209,N128000,0,0,0,446.02,,
16210,FP900DB00000A00,11,0,11,25.04,,
16211,DA645G,0,0,0,21.98,,
16213,N129000,0,0,0,451.70,,
16218,N188000,1,0,1,429.99,,
16219,12700UNIV,2,2,0,289.77,,
16220,12641-12,0,0,0,78.75,,
16221,12701-12,0,0,0,78.75,,
16222,12612,4,3,1,15.75,,
16224,12727,11,1,10,105.00,,
16227,2900BWL,0,0,0,303.75,,
16228,2900WBL,0,0,0,303.75,,
16251,GP1040,0,0,0,319.99,,
16253,GP1050,0,0,0,312.72,,
16254,GP1051,0,0,0,327.26,,
16260,GP1170,0,0,0,370.90,,
16267,GP2050,0,0,0,312.72,,
16268,GP2051,0,0,0,327.26,,
16269,GP2060,0,0,0,349.08,,
16270,GP2061,0,0,0,363.62,,
16276,GP2170,0,0,0,370.90,,
16286,396-1-AIS,9,5,4,154.60,,
16386,9093,7,3,4,399.99,,
16387,8369,0,0,0,427.51,,
16435,010-10380-00,17,5,12,7.14,,
16507,5025,330,199,131,32.73,,
16508,5026,350,97,253,42.32,,
16509,2723,0,0,0,24.85,,
16523,809-0915,5,2,3,173.49,,
16532,E55060,0,0,0,38.34,,
16536,E55052,0,0,0,238.63,,
16537,E55053,0,0,0,59.65,,
16578,E15024,0,0,0,457.88,,
16600,P77746,4,2,2,899.76,,
16601,P77741,3,1,2,764.80,,
16602,P77736,1,0,1,721.30,,
16604,P77727,6,3,3,653.82,,
16607,P77712,7,4,3,489.29,,
16608,P77912,11,3,8,536.05,,
16609,P77915,3,1,2,740.24,,
16610,P77726,3,1,2,644.81,,
16710,MR50B,14,5,9,32.19,,
16755,P77099,3,2,1,779.80,,
16790,010-10552-00,4,3,1,52.49,,
16791,010-10551-00,11,6,5,41.24,,
16850,129E,0,0,0,541.50,,
16851,189E,0,0,0,582.47,,
16852,249E,0,0,0,603.36,,
16853,309E,0,0,0,629.39,,
16854,369E,0,0,0,648.79,,
16855,429E,0,0,0,681.52,,
16856,549E,0,0,0,829.96,,
16857,1212E,0,0,0,583.21,,
16858,1812E,0,0,0,603.36,,
16859,2412E,0,0,0,623.43,,
16860,3012E,0,0,0,648.79,,
16861,3612E,0,0,0,681.52,,
16862,4212E,0,0,0,724.72,,
16863,4812E,0,0,0,865.49,,
16864,5412E,0,0,0,1007.97,,
16865,489E,0,0,0,724.72,,
16866,6012E,0,0,0,1097.85,,
16867,6612E,0,0,0,1155.60,,
16868,7212E,0,0,0,1247.79,,
16869,129,0,0,0,473.00,,
16870,189,0,0,0,513.97,,
16871,249,0,0,0,534.80,,
16872,309,0,0,0,560.89,,
16873,369,0,0,0,580.23,,
16875,429,0,0,0,613.02,,
16876,549,0,0,0,755.22,,
16877,1212,0,0,0,514.71,,
16878,1812,0,0,0,534.80,,
16879,2412,0,0,0,554.89,,
16880,3012,0,0,0,580.23,,
16881,3612,0,0,0,613.02,,
16882,4212,0,0,0,656.22,,
16883,4812,0,0,0,796.99,,
16884,5412,0,0,0,855.08,,
16885,489,0,0,0,716.19,,
16887,6012,0,0,0,938.50,,
16888,6612,0,0,0,1103.93,,
16889,7212,0,0,0,1173.06,,
16890,M80,0,0,0,520.67,,
16891,M120,0,0,0,557.92,,
16892,ST9,0,0,0,632.37,,
16893,ST12,1,0,1,799.97,,
16894,ST16,4,1,3,865.49,,
16897,ES2000,19,12,7,68.56,,
16898,ES2000A,4,2,2,91.61,,
16913,A1101A,74,40,34,73.76,,
16915,A1103,7,4,3,14.19,,
16920,A1113,17,10,7,5.96,,
16921,A1114,18,10,8,6.76,,
16922,A1115,16,10,6,2.70,,
16923,A1200S,9,5,4,73.76,,
16925,AR512,2,0,2,59.62,,
16928,V351HPU1,96,65,31,269.06,,
16929,V351HPU2,5,2,3,285.31,,
16930,VP1135R,13,5,8,42.46,,
16931,VP1135G,5,3,2,42.46,,
16932,T1125-20,7,3,4,28.32,,
16957,P55950,5,2,3,543.86,,
16958,P55750,3,2,1,494.52,,
16968,"578-SW ",10,4,6,255.51,,
17029,DNW-200,0,0,0,556.36,,
17037,E26001-PZ,0,0,0,169.60,,199.00
17039,E66066,0,0,0,83.32,,
17061,526TID-HDD,0,0,0,1244.44,,
17064,010-10603-00,15,0,15,14.99,,
17067,FMB321,25,16,9,9.38,,
17088,CA200B-12H,0,0,0,1599.09,,
17153,010-10570-00,0,0,0,21.99,,
17180,000-152-867,0,0,0,272.73,,
17185,PSU008,0,0,0,1177.27,,
19000,5001,25,10,15,21.42,,
19005,5138,37,19,18,4.19,,
19006,7198,33,10,23,5.81,,
19007,5139,41,15,26,4.19,,
19008,5140,43,28,15,4.19,,
19009,5141,11,11,0,4.19,,
19010,5142,30,29,1,4.68,,
19011,5143,55,40,15,4.32,,
19012,5101,21,11,10,7.27,,
19013,5102,21,16,5,7.27,,
19014,5103,5,5,0,7.27,,
19015,5104,13,7,6,7.27,,
19016,5105,42,24,18,7.27,,
19018,5107,23,20,3,7.27,,
19019,5112,21,12,9,45.58,,
19020,5113,5,5,0,45.58,,
19021,5114,7,5,2,45.58,,
19022,5115,8,4,4,45.58,,
19023,5116,15,10,5,45.58,,
19024,5117,8,8,0,49.72,,
19025,5118,30,0,30,49.72,,
19026,5119,92,23,69,49.72,,
19027,5120,53,24,29,56.05,,
19028,5121,74,50,24,49.72,,
19041,8023,11,11,0,191.18,,
19042,8025,5,2,3,127.97,,
19045,8054,0,0,0,77.82,,
19046,8053,4,2,2,125.89,,
19047,8058,0,0,0,131.73,,
19048,8059,5,3,2,188.59,,
19049,8027,9,3,6,211.24,,
19050,8043,1,0,1,234.90,,
19051,8032,5,3,2,170.99,,
19052,8029,3,2,1,122.65,,
19053,8077,29,6,23,86.92,,
19057,9002E,12,3,9,47.33,,
19059,7210,170,101,69,16.27,,
19060,7214,66,22,44,16.27,,
19061,7222,42,22,20,16.27,,
20208,2010,14,11,3,6.65,,
20209,2107,7,2,5,124.01,,
20210,2201,20,0,20,18.46,,
20211,2202,19,0,19,18.46,,
20212,2203,14,5,9,20.34,,
20213,2204,8,8,0,20.34,,
20218,2300,137,84,53,14.94,,
20219,2306,19,10,9,4.99,,
20220,2606,11,7,4,16.87,,
20222,2715,21,3,18,3.20,,
20224,2722,37,35,2,22.00,,
20231,3000,23,8,15,66.68,,
20232,3001,7,2,5,76.09,,
20233,3002,15,6,9,84.39,,
20234,3003,8,5,3,79.03,,
20377,4001,73,72,1,5.43,,
20378,4005,6,2,4,4.56,,
20379,4006,5,0,5,4.44,,
20380,4008,34,20,14,2.77,,
20381,4009,12,6,6,2.80,,
20382,4010,82,14,68,2.63,,
20383,4011,44,23,21,2.63,,
20384,4012,37,2,35,4.06,,
20385,4013,27,11,16,4.06,,
20386,4014,0,0,0,4.41,,
20387,4015,28,17,11,4.41,,
20388,4016,15,7,8,5.04,,
20389,4017,27,10,17,4.23,,
20390,4026,8,4,4,23.80,,
20391,4027,8,5,3,27.35,,
20392,4028,7,3,4,72.13,,
20393,4029,0,0,0,119.75,,
20396,4111,18,9,9,4.57,,
20397,4130,7,3,4,24.51,,
20398,4131,9,6,3,24.51,,
20399,4135,64,54,10,3.61,,
20400,4136,14,14,0,3.61,,
20401,4137,260,58,202,3.61,,
20402,4138,132,60,72,3.35,,
20404,4150,155,53,102,7.65,,
20405,4151,28,16,12,7.97,,
20406,4152,34,9,25,8.24,,
20407,4153,16,9,7,8.15,,
20408,4154,9,9,0,8.15,,
20409,4155,22,7,15,22.62,,
20410,4215,14,10,4,11.62,,
20411,4216,13,6,7,12.85,,
20412,4217,9,6,3,16.82,,
20413,4218,5,4,1,11.62,,
20414,4302,4,1,3,42.42,,
20415,4304,8,5,3,67.97,,
20416,4306,6,3,3,95.65,,
20417,4308,8,3,5,134.44,,
20422,4374,3,1,2,83.46,,
20423,4376,4,2,2,103.49,,
20428,5021,209,118,91,4.90,,
20429,5028,18,7,11,28.63,,
20430,5029,64,11,53,36.88,,
20431,5030,15,7,8,37.28,,
20432,5031,29,26,3,47.29,,
20433,5033,13,8,5,32.33,,
20434,5034,6,1,5,42.29,,
20435,5108,28,9,19,7.27,,
20436,5122,24,12,12,21.13,,
20437,5123,12,0,12,21.13,,
20438,5124,33,18,15,21.13,,
20439,5125,18,6,12,21.13,,
20440,5126,12,6,6,21.13,,
20441,5127,12,12,0,21.13,,
20442,5128,10,3,7,22.51,,
20443,5129,0,0,0,21.13,,
20445,5131,14,12,2,25.85,,
20448,5135,16,9,7,27.16,,
20449,5136,22,12,10,25.85,,
20450,5137,21,14,7,25.85,,
20451,5161,3,2,1,40.23,,
20453,5163,15,6,9,39.11,,
20454,5164,20,5,15,21.13,,
20455,5165,17,13,4,21.13,,
20491,5235,65,41,24,2.33,,
20492,5236,37,27,10,1.97,,
20493,5237,59,31,28,1.97,,
20494,5238,24,15,9,1.97,,
20495,5239,48,26,22,1.97,,
20496,5240,30,25,5,1.97,,
20497,5241,46,26,20,1.97,,
20498,5242,93,35,58,1.97,,
20499,5243,26,12,14,1.97,,
20500,5244,11,7,4,1.97,,
20501,5245,17,8,9,1.97,,
20502,5246,46,26,20,1.97,,
20505,6007,60,16,44,29.29,,
20506,6010,12,7,5,44.44,,
20507,6011,20,15,5,36.56,,
20508,6337,4,3,1,182.62,,
20520,7035,8,6,2,71.85,,
20521,7036,9,3,6,71.85,,
20523,7038,21,7,14,71.85,,
20524,7039,13,6,7,71.85,,
20525,7040,25,15,10,71.85,,
20526,7041,29,26,3,71.85,,
20527,7042,23,10,13,71.85,,
20528,7043,6,3,3,71.85,,
20529,7044,27,7,20,71.85,,
20531,7046,23,16,7,71.85,,
20532,7047,8,5,3,71.85,,
20533,7048,0,0,0,71.85,,
20534,7050,6,6,0,4.72,,
20536,7052,54,30,24,4.72,,
20537,7053,70,16,54,4.65,,
20538,7054,172,72,100,4.19,,
20540,7056,115,44,71,4.19,,
20541,7057,93,16,77,4.48,,
20542,7058,31,18,13,4.62,,
20543,7059,23,9,14,4.78,,
20545,7061,18,13,5,5.53,,
20555,7135,9,4,5,71.85,,
20556,7136,6,1,5,71.85,,
20558,7138,9,5,4,71.85,,
20559,7139,6,0,6,71.85,,
20560,7140,46,27,19,71.85,,
20561,7141,10,5,5,71.85,,
20562,7142,5,5,0,71.85,,
20563,7143,2,0,2,71.85,,
20564,7144,3,0,3,71.85,,
20566,7146,5,2,3,71.85,,
20568,7148,22,17,5,71.85,,
20569,7200,31,14,17,17.39,,
20570,7201,11,6,5,15.52,,
20571,7204,28,4,24,16.27,,
20572,7205,10,5,5,16.27,,
20573,7209,18,9,9,16.27,,
20574,7212,33,13,20,16.27,,
20575,7213,18,13,5,16.27,,
20576,7216,20,6,14,16.27,,
20577,7217,8,5,3,16.27,,
20578,7220,31,17,14,16.27,,
20579,7221,11,6,5,16.27,,
20580,7224,33,8,25,16.27,,
20581,7225,5,2,3,16.27,,
20582,7228,19,6,13,16.27,,
20583,7229,6,2,4,16.27,,
20584,7232,6,2,4,38.61,,
20585,7236,3,3,0,37.54,,
20586,7237,9,6,3,37.54,,
20587,7239,9,5,4,38.61,,
20588,7241,4,0,4,37.54,,
20589,7244,36,5,31,40.54,,
20590,7246,18,6,12,40.54,,
20591,7248,26,10,16,40.54,,
20592,7250,57,5,52,40.54,,
20593,7251,11,5,6,97.54,,
20594,7254,13,7,6,97.54,,
20595,7256,9,4,5,97.54,,
20596,7258,6,3,3,100.32,,
20601,7267,0,0,0,132.95,,
20602,7268,0,0,0,132.95,,
20603,7269,0,0,0,132.95,,
20604,7270,2,2,0,171.53,,
20605,7271,13,10,3,171.53,,
20606,7287,7,7,0,125.81,,
20607,7288,0,0,0,125.81,,
20608,7289,1,1,0,129.38,,
20609,7290,2,2,0,125.81,,
20613,7294,7,2,5,38.61,,
20614,7295,8,4,4,38.61,,
20615,7299,16,5,11,16.27,,
20633,7347,12,8,4,16.72,,
20634,7348,8,4,4,38.61,,
20635,7349,4,1,3,38.61,,
20636,7350,15,5,10,40.54,,
20637,7351,14,3,11,40.54,,
20638,7352,29,5,24,40.54,,
20639,7353,21,6,15,40.54,,
20640,7354,9,5,4,40.54,,
20641,7355,10,3,7,40.54,,
20642,7365,13,1,12,97.54,,
20645,7372,3,2,1,236.94,,
20649,7400,26,20,6,20.51,,
20650,7401,12,7,5,21.09,,
20651,7402,37,20,17,20.51,,
20652,7403,60,28,32,20.51,,
20653,7404,43,12,31,20.51,,
20654,7405,8,0,8,20.51,,
20655,7406,24,8,16,20.51,,
20656,7407,23,8,15,20.51,,
20657,7408,13,8,5,20.51,,
20658,7425,2,2,0,22.10,,
20660,7427,6,2,4,22.10,,
20661,7428,5,3,2,22.10,,
20662,7429,8,6,2,21.49,,
20663,7430,0,0,0,22.10,,
20666,7433,2,2,0,22.10,,
20670,7475,8,5,3,124.85,,
20671,7476,1,0,1,124.85,,
20672,7477,2,2,0,183.33,,
20678,7900,9,4,5,4.51,,
20679,7901,8,5,3,5.46,,
20680,7902,4,0,4,6.72,,
20681,8003,5,2,3,32.37,,
20682,8005,7,5,2,35.09,,
20685,8017,4,2,2,65.68,,
20686,8018,1,1,0,65.68,,
20687,8019,0,0,0,87.49,,
20688,8028,4,0,4,33.24,,
20689,8034,18,18,0,2.44,,
20690,8035,18,10,8,1.56,,
20691,8037,11,5,6,1.75,,
20693,8041,0,0,0,72.28,,
20694,8069,0,0,0,17.92,,
20695,8073,10,5,5,18.91,,
20696,8087,3,1,2,74.61,,
20697,8088,7,5,2,63.35,,
20698,8089,14,3,11,4.20,,
20699,8095,3,2,1,1216.05,,
20700,8099,5,4,1,239.65,,
20701,8127,0,0,0,246.19,,
20702,8129,0,0,0,132.29,,
20703,8132,0,0,0,218.01,,
20704,8134,0,0,0,2.48,,
20706,8158,0,0,0,164.67,,
20707,8159,0,0,0,235.71,,
20708,8161,0,0,0,217.10,,
20709,8165,0,0,0,719.34,,
20710,8166,25,20,5,2.81,,
20711,8167,60,30,30,2.48,,
20712,8169,4,0,4,2.44,,
20713,8171,0,0,0,2.44,,
20714,8172,27,23,4,2.44,,
20715,8173,10,2,8,20.94,,
20716,8174,0,0,0,498.20,,
20717,8176,0,0,0,601.84,,
20718,8177,0,0,0,108.66,,
20719,8179,0,0,0,108.66,,
20721,8186,0,0,0,1680.54,,
20722,8195,0,0,0,1520.06,,
20723,8199,0,0,0,284.42,,
20724,8200,5,5,0,8.25,,
20725,8204,9,3,6,11.28,,
20726,8205,3,0,3,9.81,,
20727,8206,0,0,0,8.41,,
20728,8207,5,0,5,17.91,,
20729,8208,4,0,4,12.63,,
20730,8209,0,0,0,12.08,,
20731,8210,9,5,4,8.91,,
20732,8211,8,3,5,9.28,,
20733,8212,0,0,0,19.57,,
20734,8214,25,16,9,7.13,,
20735,8216,7,6,1,12.44,,
20736,8217,5,2,3,13.82,,
20737,8218,5,0,5,16.49,,
20738,8219,4,1,3,12.51,,
20739,8220,6,4,2,20.77,,
20740,8221,5,0,5,22.10,,
20741,8222,5,0,5,16.52,,
20742,8230,5,5,0,11.11,,
20743,8231,9,5,4,12.75,,
20744,8233,0,0,0,16.54,,
20745,8234,0,0,0,18.91,,
20746,8235,4,3,1,149.47,,
20747,8236,3,2,1,176.92,,
20748,8237,0,0,0,176.92,,
20749,8238,13,8,5,215.68,,
20750,8239,2,2,0,176.92,,
20751,8240,6,4,2,32.77,,
20752,8242,2,2,0,70.27,,
20754,8244,2,2,0,34.35,,
20755,8245,6,3,3,34.35,,
20756,8246,6,3,3,61.00,,
20757,8247,19,13,6,251.71,,
20758,8248,6,3,3,228.62,,
20760,8251,0,0,0,167.70,,
20761,8252,0,0,0,72.54,,
20762,8253,2,1,1,72.54,,
20764,8255,37,27,10,53.18,,
20765,8256,12,8,4,21.24,,
20766,8257,7,2,5,20.47,,
20767,8258,11,8,3,53.65,,
20768,8259,5,4,1,6.95,,
20769,8260,8,3,5,11.19,,
20770,8264,0,0,0,586.05,,
20771,8265,1,0,1,705.24,,
20772,8266,26,16,10,4.92,,
20773,8267,40,24,16,4.92,,
20774,8268,13,10,3,5.20,,
20776,8271,1,0,1,189.53,,
20777,8272,1,0,1,110.84,,
20778,8273,0,0,0,147.11,,
20779,8274,0,0,0,91.87,,
20780,8275,6,1,5,19.52,,
20781,8278,13,5,8,5.20,,
20782,8280,4,2,2,188.77,,
20783,8282,238,71,167,11.75,,
20784,8283,55,10,45,12.44,,
20785,8284,10,8,2,13.53,,
20786,8285,9,5,4,13.56,,
20787,8286,16,16,0,16.52,,
20788,8287,25,12,13,13.51,,
20789,8288,20,5,15,12.15,,
20790,8289,11,3,8,17.56,,
20791,8290,2,2,0,16.52,,
20792,8291,18,15,3,15.18,,
20793,8292,6,6,0,10.59,,
20794,8293,55,19,36,3.66,,
20795,8294,25,21,4,4.06,,
20796,8295,7,5,2,4.06,,
20797,8296,13,5,8,4.06,,
20798,8297,23,13,10,3.94,,
20799,8298,3,3,0,4.03,,
20800,8299,2,2,0,4.03,,
20801,8357,0,0,0,387.19,,
20802,8358,0,0,0,261.85,,
20803,8359,0,0,0,249.67,,
20804,8361,0,0,0,451.27,,
20805,8363,4,2,2,367.11,,
20806,8365,4,3,1,309.75,,
20807,8366,5,3,2,209.48,,
20808,8367,13,10,3,199.73,,
20810,8371,4,1,3,189.53,,
20811,8372,3,3,0,110.84,,
20812,8373,5,2,3,147.11,,
20813,8374,0,0,0,91.87,,
20814,8375,0,0,0,429.39,,
20815,8376,7,3,4,346.97,,
20816,8377,1,1,0,407.84,,
20817,8378,0,0,0,674.52,,
20818,8379,3,3,0,886.25,,
20819,8380,2,2,0,730.65,,
20820,8381,0,0,0,985.22,,
20821,8382,2,2,0,1213.22,,
20822,8383,0,0,0,17.92,,
20823,8384,0,0,0,13.86,,
20824,8385,4,3,1,254.35,,
20825,8386,8,4,4,266.03,,
20826,8401,0,0,0,409.13,,
20827,8402,5,3,2,480.08,,
20828,8403,3,0,3,580.80,,
20829,8405,0,0,0,410.54,,
20830,8406,2,1,1,489.09,,
20831,8407,0,0,0,577.82,,
20832,8408,0,0,0,1117.78,,
20833,8409,0,0,0,322.13,,
20834,8410,0,0,0,138.89,,
20835,8411,3,3,0,235.75,,
20836,8412,3,3,0,246.30,,
20840,8461,0,0,0,499.44,,
20841,8462,0,0,0,453.85,,
20843,8464,0,0,0,517.42,,
20844,8465,0,0,0,717.03,,
20845,8466,0,0,0,470.01,,
20846,8467,0,0,0,241.70,,
20857,8478,0,0,0,417.01,,
20858,8479,0,0,0,529.78,,
20859,8480,0,0,0,433.87,,
20864,8485,0,0,0,458.54,,
20867,8488,0,0,0,433.08,,
20868,8489,0,0,0,362.59,,
20872,8498,0,0,0,359.23,,
20873,8499,0,0,0,279.19,,
20874,8505,0,0,0,513.18,,
20875,8506,0,0,0,611.37,,
20876,8507,0,0,0,577.82,,
20877,8508,0,0,0,1117.78,,
20878,8509,0,0,0,394.73,,
20879,8511,0,0,0,235.75,,
20880,8512,0,0,0,246.19,,
20883,8561,0,0,0,499.43,,
20884,8562,0,0,0,566.94,,
20886,8564,0,0,0,517.42,,
20887,8565,0,0,0,716.84,,
20888,8566,0,0,0,470.01,,
20889,8567,0,0,0,302.08,,
20902,8580,0,0,0,433.87,,
20907,8585,0,0,0,458.56,,
20910,8588,0,0,0,433.04,,
20911,8589,0,0,0,453.24,,
20915,8598,0,0,0,359.19,,
20916,8599,0,0,0,302.13,,
20943,8686,4,2,2,171.89,,
20945,8689,7,4,3,285.24,,
20946,8690,6,4,2,239.16,,
20948,8693,5,3,2,351.41,,
20949,9009,3,2,1,114.99,,
20950,9010,0,0,0,143.81,,
20951,9011,6,3,3,254.61,,
20952,9012,19,6,13,211.10,,
20953,9019,5,2,3,327.24,,
20954,9077,5,3,2,413.19,,
20955,9228,12,8,4,33.91,,
20957,9230,5,0,5,33.91,,
20959,9233,7,5,2,53.86,,
20960,9354,8,4,4,31.86,,
20961,9630,4,2,2,52.28,,
20963,5510E,5,3,2,54.61,,
20964,5511E,148,8,140,44.93,,
20965,7250I,0,0,0,40.54,,
21060,SG10,0,0,0,276.35,,
21062,AG127,0,0,0,359.99,,
25049,E26009,2,0,2,91.66,,
25050,E26008,4,2,2,104.16,,
25103,6005,8,2,6,21.96,,
25104,6006,147,74,73,21.96,,
25142,GPK-11,4,2,2,195.30,,
25241,FNB-83,7,4,3,26.67,,
25264,492/50/200ST-ES,0,0,0,210.00,,
25265,494/50/200-ES,1,1,0,174.99,,
25266,496/50/200ST-ES,0,0,0,210.00,,
25307,CAT460,26,25,1,12.00,,
25325,010-10550-00,53,5,48,29.99,,
25349,010-10723-01,13,2,11,11.24,,
25449,1810125,1,1,0,240.87,,
25453,1865003,11,6,5,16.69,,
25454,1865006,1,1,0,23.96,,
25456,1865017,5,4,1,25.41,,
25457,1865018,9,3,6,36.32,,
25458,1865010,4,0,4,7.26,,
25459,1865011,0,0,0,7.26,,
25489,526TID-HDN,0,0,0,1244.44,,
25524,E66079,0,0,0,1374.16,,1649.00
25537,E26033,0,0,0,55.39,,
25550,1854021,7,3,4,72.64,,
25582,MS56,2,0,2,84.99,,
25594,P77769,3,1,2,629.83,,
25642,1459,0,0,0,42.68,,
25643,1458,0,0,0,54.88,,
25656,010-10617-02,0,0,0,13.22,,
25657,235DST-MSE,0,0,0,445.45,,
26221,000-154-054,0,0,0,51.82,,
26249,E66013,0,0,0,153.40,,179.99
26250,E66085,3,1,2,270.82,,324.99
26251,E66086,0,0,0,270.82,,324.99
26252,525T-LTD/20,0,0,0,244.44,,
26253,525T-LTD/12,0,0,0,239.13,324.99,
26258,72-0151-01,2,1,1,125.05,,
26260,808-0232-01,11,5,6,32.92,,
26264,FX-7,25,17,8,116.32,169.99,
26265,FX-11,2,2,0,157.81,229.99,
26266,FX-16,3,0,3,249.05,369.99,
26267,FX-23,6,6,0,395.43,569.99,
26268,FX-37,3,1,2,637.72,949.99,
26269,FX-55,0,0,0,932.48,,
26270,FX-85,0,0,0,1430.64,,
26271,FX-125,0,0,0,2096.28,,
26272,SFX-7,4,1,3,69.29,,
26273,SFX-11,1,0,1,70.65,,
26274,SFX-16,0,0,0,83.06,,
26275,SFX-23,4,1,3,105.87,,
26276,SFX-37,5,2,3,109.75,,
26277,SFX-55,3,3,0,161.40,,
26278,SFX-85,0,0,0,200.12,,
26279,SFX-125,0,0,0,210.02,,
27077,531-AB,2,0,2,237.41,,
27204,528-VB,6,0,6,216.41,,
27206,E66010,0,0,0,98.00,,
27366,000-154-028,0,0,0,102.73,,
27976,FAPAR4502,0,0,0,382.02,,
27991,010-10725-00,2,0,2,7.42,,
28012,525STID-MSD7,0,0,0,488.89,,
28040,PT3010,7,4,3,115.31,,
28048,SC50,2,0,2,265.26,,
28049,SC102,0,0,0,1271.25,,
28050,SC104,0,0,0,1265.63,,
28054,SC120,0,0,0,703.13,,
28057,SPT2010,0,0,0,98.44,,
28059,AG118,0,0,0,352.49,,
28061,010-10747-03,0,0,0,13.75,,
28096,010-10747-00,7,3,4,8.24,,
28115,525TID-BHD,0,0,0,800.00,,
28150,MB1100,0,0,0,363.64,,
28181,H-741-C,9,3,6,26.08,,
28202,A66089,0,0,0,1095.65,,1344.00
28234,2312,1,1,0,23.94,,
28235,2314,173,60,113,11.44,,
28236,2315,25,13,12,13.15,,
28348,1901250,8,6,2,183.81,,
28349,1901200,3,1,2,101.38,,
28350,2295002,0,0,0,38.18,,
28351,2295180,3,2,1,45.81,,
28352,2295182,0,0,0,53.45,,
28353,2295184,0,0,0,61.09,,
28354,2295190,3,2,1,76.36,,
28355,2207001,2,2,0,35.93,,
28356,2207002,0,0,0,28.74,,
28357,2207003,3,2,1,71.87,,
28361,2200693,0,0,0,50.31,,
28362,2250927,0,0,0,86.25,,
28363,2250928,2,2,0,93.44,,
28364,2250940,0,0,0,86.25,,
28365,2207327,7,2,5,71.87,,
28367,2250009,14,7,7,13.65,,
28368,2250105,0,0,0,15.80,,
28370,2250111,0,0,0,15.26,,
28373,2250119,2,2,0,15.60,,
28374,2250120-1,0,0,0,16.03,,
28375,2250106,0,0,0,17.55,,
28376,2250107,0,0,0,22.14,,
28377,2250109,4,2,2,17.24,,
28386,2450163,1,1,0,64.68,,
28389,2450169-1,15,2,13,18.56,,
28395,1491072,1,1,0,143.75,,
28447,1820087,6,6,0,14.52,,
28448,1854060,3,3,0,137.21,,
28451,1852061,0,0,0,24.69,,
28455,1852068,1,1,0,31.22,,
28457,1852060,0,0,0,31.22,,
28458,1852080,1,0,1,36.32,,
28468,HB-845,6,2,4,537.26,,
28513,PUMPHRP11-12,1,1,0,728.09,,
28534,528-EW,0,0,0,186.73,,
28555,2716,11,8,3,4.96,,
28663,MRC5,7,5,2,18.55,,
28664,MRANT12,34,34,0,7.25,,
28668,710198-1,11,7,4,75.26,,
28697,710160-1,0,0,0,82.79,,
28723,010-10714-00,10,0,10,5.49,,
28931,527ID-IHD,0,0,0,888.89,,
28949,PP4808,0,0,0,356.35,,
28995,883-CW,0,0,0,314.87,,
29006,826-VW,2,1,1,262.60,,
29019,578-SB,3,1,2,276.51,,
29020,876-SW,4,2,2,294.87,,
29021,876-SB,0,0,0,295.32,,
29025,518-EW,0,0,0,166.46,,
29033,340-100NM,0,0,0,196.24,,
29034,340-75NM,0,0,0,172.61,,
29061,5187,22,11,11,52.47,,
29062,5216,10,0,10,52.53,,
29063,5218,9,9,0,63.11,,
29064,5242-A,9,9,0,87.71,,
29070,5396-AIS,6,5,1,188.46,,
29071,5912,2,2,0,57.46,,
29087,53670A,9,9,0,56.62,99.99,
29088,53671A,19,10,9,58.88,99.99,
29089,53672A,8,7,1,56.62,99.99,
29090,53680CA,3,2,1,96.61,164.99,
29091,53681CA,6,0,6,96.61,164.99,
29092,53682CA,9,5,4,96.61,164.99,
29095,53684A,0,0,0,16.84,,
29122,15054-001,25,12,13,195.89,,
29123,15061-001,0,0,0,236.78,,
29125,15055-001,2,1,1,237.55,,
29126,15056-001,2,2,0,237.55,,
29129,15063-001,5,4,1,277.68,,
29133,15059-001,28,5,23,237.55,,
29135,15060-001,0,0,0,263.01,,
29136,15067-001,0,0,0,300.81,,
29137,15085-001,24,13,11,10.56,,
29138,50225-001D,0,0,0,11.14,,
29140,50015-002D,3,3,0,10.03,,
29141,50014-001D,0,0,0,10.03,,
29143,15087-001,2,2,0,8.21,,
29170,20140-001,12,4,8,92.15,,
29172,20157-001,0,0,0,104.44,,
29173,20141-001,7,3,4,99.06,,
29182,20159-001,16,8,8,105.96,,
29185,20149-001,5,3,2,111.34,,
29187,20160-001,25,6,19,135.91,,
29188,20150-001,0,0,0,142.83,,
29189,20161-001,0,0,0,149.74,,
29199,15064-001,2,0,2,313.60,,
29227,20784-001,0,0,0,442.10,,
29229,20786-001,0,0,0,473.73,,
29230,20788-001,0,0,0,473.73,,
29231,70381-001,4,2,2,46.65,,
29238,15034-101,1,0,1,585.73,,
29242,RT12X9,5,2,3,767.86,,
29243,RT12X9I,5,2,3,891.21,,
29244,15036-101,5,2,3,614.91,,
29245,RT12X12,4,2,2,799.61,,
29249,RT12X12I,4,2,2,922.96,,
29250,15037-101,4,2,2,647.93,,
29252,RT16X12HD,2,0,2,1215.30,,
29253,RT16X12HDI,2,0,2,1338.65,,
29254,15043-101,2,0,2,1080.25,,
29255,RT16X12I,0,0,0,1005.65,,
29256,15039-101,0,0,0,733.94,,
29260,RT18X14,3,0,3,945.64,,
29262,RT18X14HDI,0,0,0,1383.69,,
29263,15044-101,0,0,0,1127.09,,
29265,15040-101,3,0,3,839.14,,
29281,TT9X9,6,2,4,665.23,,
29282,TT9X9E,2,2,0,693.29,,
29283,TT9X9EI,2,2,0,816.64,,
29284,15013-101,2,2,0,537.35,,
29285,TT9X9I,6,2,4,788.58,,
29286,15000-101,6,2,4,508.18,,
29287,15104-102,18,4,14,705.66,,
29288,15108-103,33,12,21,833.94,,
29289,15001-101,33,12,21,522.00,,
29298,15004-101,0,0,0,717.04,,
29305,TT12X9E,0,0,0,707.31,,
29306,TT12X9EI,0,0,0,830.66,,
29307,15015-101,0,0,0,551.94,,
29308,15105-102,7,4,3,720.08,,
29309,15106-102,6,2,4,765.96,,
29310,15110-103,6,2,4,891.53,,
29311,15016-101,6,2,4,579.59,,
29312,15109-103,9,6,3,847.00,,
29313,15007-101,9,6,3,535.05,,
29314,TT12X18,0,0,0,749.40,,
29315,TT12X18E,2,1,1,805.58,,
29316,TT12X18EI,2,1,1,928.86,,
29317,15017-101,2,1,1,654.08,,
29318,TT12X18I,0,0,0,872.75,,
29319,15008-101,0,0,0,595.71,,
29766,7650,9,4,5,151.85,,
29904,9490.1,10,5,5,106.73,,
29929,PUMPHRP17-12,0,0,0,728.09,,
30089,P100019,19,15,4,25.89,,
30092,P102944,2,2,0,737.70,,
30130,1854017,8,1,7,71.79,,
30193,340-25NE,0,0,0,97.68,,
30231,53680SA,8,8,0,123.55,214.99,
30232,53681SA,8,2,6,123.55,214.99,
30233,53682SA,3,0,3,117.36,214.99,
30358,010-C0690-00,0,0,0,262.49,,
30359,010-C0691-00,0,0,0,262.49,,
30360,010-C0726-00,0,0,0,262.49,,
30361,010-C0708-00,0,0,0,262.49,,
30362,010-C0709-00,0,0,0,262.49,,
30363,010-C0727-00,0,0,0,262.49,,
30364,010-C0710-00,1,0,1,262.49,,
30365,010-C0692-00,0,0,0,262.49,,
30366,010-C0711-00,0,0,0,262.49,,
30367,010-C0712-00,0,0,0,262.49,,
30368,010-C0713-00,0,0,0,262.49,,
30369,010-C0728-00,0,0,0,262.49,,
30370,010-C0714-00,0,0,0,262.49,,
30371,010-C0715-00,0,0,0,262.49,,
30375,010-C0730-00,0,0,0,262.49,,
30379,010-C0731-00,0,0,0,262.49,,
30380,010-C0721-00,0,0,0,262.49,,
30381,010-C0722-00,0,0,0,262.49,,
30382,010-C0732-00,1,0,1,262.49,,
30385,010-C0693-00,0,0,0,262.49,,
30386,010-C0733-00,0,0,0,262.49,,
30387,010-C0725-00,0,0,0,262.49,,
30388,010-C0694-00,0,0,0,262.49,,
30389,010-C0734-00,0,0,0,262.49,,
30393,010-C0698-00,0,0,0,262.49,,
30394,010-C0736-00,0,0,0,262.49,,
30399,010-C0739-00,0,0,0,337.49,,
30400,010-C0701-00,0,0,0,337.49,,
30401,010-C0740-00,0,0,0,337.49,,
30402,010-C0702-00,0,0,0,262.49,,
30403,010-C0703-00,0,0,0,262.49,,
30404,010-C0704-00,0,0,0,262.49,,
30405,010-C0705-00,2,2,0,262.49,,
30406,010-C0741-00,0,0,0,337.49,,
30408,010-C0742-00,1,0,1,337.49,,
30411,010-C0744-00,3,0,3,337.49,,
30426,HB-740,0,0,0,258.28,,
30428,010-10447-03,0,0,0,17.49,,
30554,ART-3,9,6,3,145.01,,
30594,7610,43,6,37,101.04,,
30617,710147-1,3,0,3,77.92,,
30647,1810140,3,2,1,344.11,,
30665,010-10930-00,0,0,0,31.49,,
30668,010-10918-00,2,1,1,26.24,,
30729,010-C0760-00,0,0,0,187.49,,
30730,010-C0761-00,0,0,0,187.49,,
30731,010-C0762-00,0,0,0,187.49,,
30732,010-C0763-00,0,0,0,187.49,,
30733,010-C0764-00,0,0,0,187.49,,
30734,010-C0765-00,0,0,0,187.49,,
30735,010-C0766-00,0,0,0,187.49,,
30736,010-C0767-00,0,0,0,187.49,,
30737,010-C0768-00,0,0,0,187.49,,
30739,010-C0770-00,0,0,0,187.49,,
30740,010-C0771-00,0,0,0,187.49,,
30741,010-C0772-00,0,0,0,187.49,,
30742,010-C0773-00,0,0,0,187.49,,
30743,010-C0774-00,0,0,0,187.49,,
30744,010-C0775-00,0,0,0,187.49,,
30745,010-C0776-00,0,0,0,187.49,,
30746,010-C0777-00,0,0,0,187.49,,
30747,010-C0778-00,0,0,0,187.49,,
30748,010-C0779-00,0,0,0,187.49,,
30749,010-C0780-00,0,0,0,187.49,,
30750,010-C0782-00,0,0,0,187.49,,
30751,010-C0783-00,0,0,0,187.49,,
30754,010-C0786-00,0,0,0,187.49,,
30755,010-C0787-00,0,0,0,187.49,,
30756,010-C0788-00,0,0,0,187.49,,
30757,010-C0789-00,0,0,0,187.49,,
30758,010-C0790-00,0,0,0,187.49,,
30759,010-C0791-00,0,0,0,187.49,,
30762,010-C0794-00,0,0,0,131.24,,
30763,010-C0795-00,0,0,0,131.24,,
30764,010-C0796-00,0,0,0,131.24,,
30765,010-C0797-00,0,0,0,131.24,,
30766,010-C0798-00,0,0,0,131.24,,
30767,010-C0799-00,0,0,0,131.24,,
30768,010-C0800-00,0,0,0,131.24,,
30769,010-C0801-00,0,0,0,131.24,,
30770,010-C0802-00,0,0,0,131.24,,
30771,010-C0803-00,0,0,0,131.24,,
30772,010-C0804-00,0,0,0,131.24,,
30773,010-C0805-00,0,0,0,131.24,,
30775,010-C0807-00,0,0,0,131.24,,
30776,010-C0808-00,0,0,0,131.24,,
30777,010-C0809-00,0,0,0,131.24,,
30778,010-C0810-00,0,0,0,131.24,,
30779,010-C0811-00,0,0,0,131.24,,
30780,010-C0812-00,0,0,0,131.24,,
30781,010-C0813-00,0,0,0,131.24,,
30782,010-C0814-00,0,0,0,131.24,,
30783,010-C0815-00,0,0,0,131.24,,
30784,010-C0816-00,0,0,0,131.24,,
30785,010-C0817-00,0,0,0,131.24,,
30786,010-C0818-00,0,0,0,131.24,,
30791,010-C0823-00,0,0,0,131.24,,
30794,010-C0826-00,0,0,0,131.24,,
30795,010-C0827-00,0,0,0,131.24,,
30796,010-C0828-00,0,0,0,131.24,,
30797,010-C0829-00,0,0,0,131.24,,
30798,010-C0830-00,0,0,0,131.24,,
30800,010-C0832-00,0,0,0,131.24,,
30801,010-C0833-00,0,0,0,131.24,,
30802,010-C0834-00,0,0,0,131.24,,
30803,010-C0835-00,0,0,0,131.24,,
30804,010-C0836-00,0,0,0,131.24,,
30812,010-C0844-00,0,0,0,131.24,,
30814,010-C0846-00,0,0,0,131.24,,
30817,010-C0849-00,0,0,0,187.49,,
30818,010-C0850-00,0,0,0,131.24,,
30863,B260-BL,0,0,0,1337.01,1649.99,
30871,010-10856-00,0,0,0,10.99,,
30872,010-10931-00,12,2,10,23.99,,
30874,010-10888-00,0,0,0,14.99,,
30888,710200-1,4,3,1,149.35,,
30914,T122,0,0,0,440.92,,
30917,2713,21,5,16,3.16,,
30918,010-C0753-00,0,0,0,187.49,,
30919,010-C0754-00,0,0,0,187.49,,
30920,010-C0756-00,0,0,0,187.49,,
30921,010-C0757-00,0,0,0,187.49,,
30922,010-C0868-00,0,0,0,142.49,,
30923,010-C0869-00,0,0,0,142.49,,
30924,010-C0870-00,0,0,0,142.49,,
30925,010-C0871-00,0,0,0,142.49,,
30926,010-C0872-00,0,0,0,142.49,,
30927,010-C0873-00,0,0,0,142.49,,
30928,010-C0874-00,0,0,0,142.49,,
30929,010-C0875-00,0,0,0,142.49,,
30939,MP420,0,0,0,363.62,,
30947,1854019,2,0,2,83.53,,
30976,010-C0749-00,0,0,0,187.49,,
31021,010-C0755-00,0,0,0,187.49,,
31028,010-C0877-00,0,0,0,262.49,,
31029,010-C0878-00,0,0,0,262.49,,
31030,010-C0879-00,0,0,0,262.49,,
31031,010-C0881-00,0,0,0,262.49,,
31034,010-C0884-00,0,0,0,262.49,,
31035,010-C0865-00,0,0,0,187.49,,
31036,010-C0866-00,0,0,0,187.49,,
31037,010-C0758-00,2,2,0,131.23,,
31038,010-C0759-00,0,0,0,131.24,,
31039,010-C0750-00,0,0,0,131.24,,
31040,010-C0751-00,0,0,0,131.24,,
31041,010-C0752-00,0,0,0,131.24,,
31042,010-C0747-00,0,0,0,187.49,,
31043,010-C0748-00,0,0,0,187.49,,
31059,010-10921-00,2,0,2,26.24,,
31081,MX7000CR,0,0,0,464.54,,
31082,MX8000CR,0,0,0,475.96,,
31090,MX8716CR,0,0,0,506.42,,
31091,MX8718CR,2,2,0,450.00,,
31092,AL7211CR,0,0,0,90.00,,
31093,AL7001CR,0,0,0,183.46,,
31094,AO8712CR,0,0,0,247.50,,
31095,AO8715CR,0,0,0,333.18,,
31096,SW9300,3,2,1,1275.52,,
31097,SW9901,0,0,0,72.69,,
31098,SX3916XS,0,0,0,1024.27,,
31101,AP3916XS,0,0,0,727.27,,
31106,AP3918,0,0,0,822.46,,
31108,AP3716XS,0,0,0,761.54,,
31110,"AP3718 -1 3/4",0,0,0,833.88,,
31111,RK0322RK,0,0,0,86.54,,
31112,RK0322RK/CR,0,0,0,46.47,,
31113,RK0337CR,0,0,0,33.65,,
31115,RK0322LS,0,0,0,59.29,,
31116,RK0337LS,0,0,0,65.71,,
31117,RK0337LS/MO,0,0,0,65.71,,
31118,RK0337LD,0,0,0,125.00,,
31119,RK0337LD/MO,0,0,0,125.00,,
31123,RH525SS,9,8,1,76.28,,
31124,RH527VS,0,0,0,76.28,,
31125,RH529HS,20,13,7,76.28,,
31126,RH530SS,5,5,0,94.55,,
31127,RH532VS,8,8,0,94.55,,
31128,RH534HS,4,4,0,94.55,,
31129,RH525SS/XS,8,2,6,85.58,,
31130,RH527VS/XS,0,0,0,85.58,,
31131,RH529HS/XS,9,2,7,85.58,,
31132,RH530SS/XS,8,6,2,108.01,,
31133,RH532VS/XS,8,4,4,108.01,,
31134,RH534HS/XS,14,10,4,108.01,,
31155,SR-2,0,0,0,243.27,,
31160,RH570,2,2,0,186.15,,
31161,RH570XL,0,0,0,203.85,,
31162,RH575,0,0,0,136.22,,
31163,RH575XL,4,0,4,150.64,,
31164,RH577V,0,0,0,136.22,,
31165,RH577XL,14,8,6,150.64,,
31166,RH579H,8,7,1,136.22,,
31167,RH579XL,4,4,0,150.64,,
31168,RH5165,7,4,3,111.54,,
31169,RH5167V,9,5,4,111.54,,
31170,RH5169H,13,12,1,111.54,,
31172,RH5999-0003,6,2,4,17.31,,
31174,RH5930,13,3,10,25.32,,
31175,RH5931,28,23,5,19.23,,
31176,RH511,11,8,3,9.62,,
31178,RH516,2,2,0,14.42,,
31179,RH526,29,2,27,9.62,,
31180,RH528,9,0,9,9.62,,
31181,RH531,15,13,2,14.42,,
31182,RH535,8,4,4,14.42,,
31184,MC0075-1012,0,0,0,57.37,,
31185,MC0075-1016,0,0,0,57.37,,
31191,010-11029-00,0,0,0,8.24,,
31222,MC0075-1030,0,0,0,57.37,,
31224,MC0075-1033,0,0,0,57.37,,
31225,MC0075-1050,0,0,0,57.37,,
31226,MC0075-1051,2,0,2,57.37,,
31227,MC0075-1052,0,0,0,57.37,,
31228,MC0075-1053,2,2,0,57.37,,
31229,MC0075-1071,0,0,0,57.37,,
31230,MC0075-1080,0,0,0,57.37,,
31231,MC0075-1081,0,0,0,57.37,,
31233,MC0075-1083,0,0,0,57.37,,
31234,MC0075-1130,2,2,0,57.37,,
31235,MC0075-1131,0,0,0,57.37,,
31236,MC0075-3016,0,0,0,57.37,,
31237,MC0075-3020,0,0,0,57.37,,
31238,MC0075-3030,0,0,0,57.37,,
31239,MC0075-3031,0,0,0,57.37,,
31240,MC0075-3050,0,0,0,57.37,,
31241,MC0075-3051,6,0,6,57.37,,
31242,MC0075-3081,2,2,0,57.37,,
31243,MC0075-4020,0,0,0,57.37,,
31244,MC0075-4025,0,0,0,57.37,,
31245,MC0075-4026,2,0,2,57.37,,
31246,MC70,27,19,8,23.88,,
31247,MC70GL,7,4,3,36.38,,
31248,MC70SL,0,0,0,32.86,,
31249,LT5201,0,0,0,80.13,,
31250,LT5202,0,0,0,80.13,,
31251,LT5203,0,0,0,80.13,,
31252,LT5204,0,0,0,80.13,,
31253,AT5101,0,0,0,69.23,,
31254,AT5102,0,0,0,69.23,,
31255,AT5103,0,0,0,69.23,,
31256,AT5104,0,0,0,69.23,,
31259,AL7301CR,0,0,0,102.12,,
31260,AL7302CR,0,0,0,102.12,,
31261,AL7303CR,0,0,0,102.12,,
31262,AL7304CR,0,0,0,102.12,,
31263,AO8716CR,0,0,0,369.35,,
31264,AO8718CR,0,0,0,407.42,,
31265,OH2016F,0,0,0,688.85,,
31266,OH2018S,1,1,0,671.63,,
31267,OH219F,0,0,0,726.92,,
31268,OH2020S,1,1,0,726.92,,
31270,AP3719XS/SK,0,0,0,883.38,,
31272,AP3722SK,0,0,0,951.92,,
31273,RA5001SL,0,0,0,131.41,,
31274,RA5001GL,1,1,0,119.44,,
31275,RA5002SL,0,0,0,131.41,,
31276,RA5002GL,1,0,1,130.68,,
31277,RA5003SL,0,0,0,131.41,,
31278,RA5003GL,0,0,0,147.44,,
31279,RA5004SL,4,2,2,131.41,,
31280,RA5004GL,2,2,0,147.44,,
31281,RA5005SL,0,0,0,131.41,,
31282,RA5005GL,0,0,0,147.44,,
31283,RA5201SL,4,2,2,131.41,,
31284,RA5201GL,0,0,0,147.44,,
31285,RA5202SL,0,0,0,131.41,,
31286,RA5202GL,0,0,0,147.44,,
31287,RA5203SL,0,0,0,131.41,,
31288,RA5203GL,0,0,0,147.44,,
31289,RA5204SL,0,0,0,131.41,,
31290,RA5204GL,0,0,0,147.44,,
31291,RA5205SL,0,0,0,131.41,,
31292,RA5205GL,0,0,0,147.44,,
31293,526TID-LTD/12,0,0,0,884.44,,
31294,526TID-LTD/20,0,0,0,884.44,,
31297,A102112,0,0,0,1062.50,,1275.00
31298,A102113,0,0,0,1062.50,,1275.00
31304,RC10812V,1,0,1,2276.63,3192.76,
31305,RC101012V,3,2,1,2276.63,3192.76,
31308,OH226S,0,0,0,1656.35,,
31309,AP3519,0,0,0,807.23,,
31310,AP3519XS,0,0,0,850.67,,
31311,010-10922-00,1,1,0,29.99,,
31320,A25062,0,0,0,262.49,,
31348,15050-101,3,0,3,1998.19,,
31357,806-1010,9,6,3,410.58,,
31358,806-1810,10,8,2,507.45,,
31388,1903002,2,2,0,179.69,,
31390,1903005,1,0,1,136.56,,
31391,1903006,2,0,2,143.75,,
31415,17215-0000,23,11,12,46.07,,
31416,17800-2000,16,11,5,262.00,,
31418,18590-2092,50,14,36,184.77,,
31419,18660-0121,14,10,4,174.15,,
31420,29015-0000,21,7,14,38.67,,
31421,29015-0010,15,8,7,55.80,,
31422,29015-0020,13,0,13,68.22,,
31423,29040-3000,28,19,9,109.52,,
31427,29200-0120,11,7,4,482.17,,
31428,29295-1011,50,24,26,23.07,,
31429,30573-0000,18,8,10,79.53,,
31443,33799-0000,23,12,11,111.54,,
31444,34060-0010,13,0,13,56.65,,
31445,34060-0130,11,1,10,73.57,,
31446,35400-0000,7,4,3,189.75,,
31447,35440-0000,11,6,5,175.32,,
31448,35760-0092,4,2,2,276.14,,
31449,35770-0092,7,3,4,250.44,,
31451,36740-0000,5,3,2,167.47,,
31452,36770-0115,2,1,1,401.28,,
31466,45490-1000,21,8,13,82.56,,
31468,46400-0000,25,12,13,24.83,,
31469,50880-1000,11,4,7,244.12,,
31470,50890-1000,8,3,5,304.12,,
31479,140,27,21,6,37.44,,
31480,240,68,35,33,40.98,,
31481,41,34,18,16,31.95,,
31482,43,49,26,23,32.73,,
31483,39,9,7,2,86.48,,
31484,33ALA,13,7,6,70.90,,
31489,04,15,7,8,127.49,,
31490,51S,5,5,0,180.32,,
31491,02,135,20,115,92.86,,
31492,09,31,19,12,151.35,,
31493,53S,9,4,5,246.22,,
31494,10,58,14,44,130.26,,
31496,710201-1,5,5,0,194.81,,
31498,13A,5,3,2,283.01,,
31499,17A,5,1,4,239.36,,
31500,14A,20,8,12,214.91,,
31507,40A,197,70,127,45.27,,
31508,35A,141,66,75,35.30,,
31509,35FA,9,5,4,39.35,,
31516,70,36,19,17,6.35,,
31517,37A,63,20,43,52.54,,
31518,37FA,32,14,18,56.94,,
31539,B60-20-BL,0,0,0,257.04,324.99,
31650,A53S-24,12,6,6,210.95,,
31656,11200800,0,0,0,24.30,,
31657,21211310,0,0,0,57.21,,
31658,11200200,1,0,1,21.60,,
31659,11200500,5,2,3,21.60,,
31672,21310810,1,1,0,52.78,,
31673,21311010,0,0,0,66.83,,
31683,21201110,0,0,0,57.21,,
31684,21201310,0,0,0,57.21,,
31685,21211110,0,0,0,57.21,,
31686,11500600,0,0,0,40.00,,
31687,11200100,2,0,2,24.30,,
31689,11500000,15,7,8,40.00,,
31690,11500500,8,6,2,40.00,,
31693,21301110,1,1,0,60.75,,
31694,21301410,3,2,1,60.75,,
31695,21301510,5,4,1,60.75,,
31696,21300810,1,0,1,60.75,,
31697,21301010,1,0,1,60.75,,
31698,21311710,4,3,1,66.83,,
31699,21311310,0,0,0,66.83,,
31700,21311510,1,0,1,66.83,,
31701,21432111,6,3,3,82.53,,
31702,21431111,0,0,0,82.53,,
31703,21431311,2,2,0,82.53,,
31713,11500700,11,7,4,43.54,,
31714,21301210,4,4,0,60.75,,
31715,21431911,6,4,2,82.53,,
31716,21501511,3,3,0,90.11,,
31721,21301310,3,2,1,60.75,,
31722,21431511,6,2,4,82.53,,
31723,21502311,4,3,1,90.11,,
31724,11500200,10,4,6,40.00,,
31725,11500400,8,5,3,40.00,,
31726,21431711,4,3,1,82.53,,
31727,21501711,6,4,2,90.11,,
31728,21501911,4,3,1,90.11,,
31729,21502111,9,5,4,90.11,,
31730,11300101,3,3,0,27.85,,
31731,11300200,3,2,1,27.85,,
31732,11500300,10,6,4,40.00,,
31733,11500100,17,9,8,40.00,,
31741,USB100-01,7,4,3,172.11,,
31743,J2K100-01,11,4,7,308.19,,
31745,RAA100-01,0,0,0,276.17,,
31746,TLA100-01,9,3,6,220.14,,
31777,M33-100,0,0,0,108.07,,
31779,33-398-04PW,9,5,4,27.98,,
31786,FA-CF-ST,47,42,5,24.01,,
31787,FA-CM-ST,97,62,35,24.01,,
31788,BHF-CM-CF,2,2,0,24.01,,
31789,CM-CF-CF,59,42,17,24.01,,
31791,M000101,25,11,14,5.42,,
31792,M000102,10,4,6,5.42,,
31793,TR-CM,37,24,13,11.99,,
31794,TR-CF,17,5,12,11.99,,
31795,IT-CM-CF,5,5,0,25.00,,
31797,CM-CG1-CF-00.5,19,16,3,24.01,,
31798,CM-CG1-CF-01.0,20,13,7,28.02,,
31799,CM-CG1-CF-03.0,20,13,7,36.02,,
31800,CM-CG1-CF-06.0,7,7,0,47.97,,
31801,CM-CG1-CF-10.0,51,15,36,55.97,,
31807,CF-SPWR05-CF,11,5,6,40.02,,
31810,FA-NF-ST,5,3,2,28.02,,
31811,FA-NM-ST,6,4,2,28.02,,
31812,BHF-NM-NF,0,0,0,52.03,,
31813,NM-NF-NF,5,3,2,31.98,,
31815,NM-CF-NF,10,4,6,31.71,,
31816,M65-0085,0,0,0,12.01,,
31817,M65-0086,0,0,0,12.01,,
31818,TR-NM,3,1,2,9.99,,
31819,TR-NF,2,1,1,9.99,,
31820,TRL-NM,2,0,2,27.98,,
31821,TRL-NF,2,0,2,27.98,,
31822,NM-NB1-NF-00.5,0,0,0,36.02,,
31823,NM-NG1-NF-01.0,0,0,0,39.98,,
31824,NM-NG1-NF-03.0,0,0,0,47.97,,
31825,NM-NG1-NF-06.0,0,0,0,60.04,,
31826,NM-NG1-NF-08.0,0,0,0,68.04,,
31827,NM-NG1-NF-10.0,0,0,0,76.05,,
31828,NF-NM4P-NF,2,0,2,219.86,,
31829,NM4P-01,0,0,0,36.02,,
31835,220003,10,5,5,25.17,,
31839,150110,3,0,3,41.99,,
31842,142610,8,3,5,43.41,,
31843,142410,0,0,0,52.49,,
31849,131510,4,2,2,71.73,,
31850,131110,6,1,5,143.65,,
31851,124110,7,4,3,105.16,,
31852,124310,13,8,5,68.07,,
31853,124510,8,6,2,48.05,,
31854,124710,9,4,5,37.72,,
31864,114002,4,3,1,69.57,,
31865,114502,3,2,1,69.57,,
31866,114902,5,3,2,69.57,,
31867,102010,12,8,4,14.28,,
31868,102810,7,4,3,14.28,,
31869,103010,6,4,2,14.28,,
31870,102410,7,4,3,14.28,,
31871,104010,5,5,0,20.54,,
31872,104810,5,4,1,20.54,,
31873,105010,7,4,3,20.54,,
31874,106010,1,0,1,27.60,,
31875,106810,8,4,4,27.60,,
31876,107010,7,3,4,28.30,,
31877,106310,3,2,1,27.60,,
31878,702033,4,1,3,18.79,,
31887,010-11082-00,0,0,0,26.24,,
31889,010-11084-00,0,0,0,14.99,,
31890,010-11076-03,64,34,30,22.49,,
31891,010-11076-00,55,10,45,26.24,,
31892,010-11076-01,46,21,25,29.99,,
31893,010-11076-02,16,11,5,33.75,,
31894,010-11078-00,21,10,11,22.49,,
31895,010-11080-00,25,3,22,14.99,,
31896,010-11081-00,20,3,17,14.99,,
31897,010-11094-00,13,6,7,41.24,,
31898,010-11095-00,5,5,0,44.99,,
31899,010-11096-00,5,1,4,18.75,,
31902,010-00671-00,1,0,1,157.49,,
31903,010-00701-00,0,0,0,157.49,,
31906,010-00701-01,3,1,2,157.49,,
31915,010-11089-00,5,3,2,26.24,,
31917,010-11091-00,0,0,0,25.20,,
31921,A66091,0,0,0,412.48,,479.99
31928,010-C0887-00,0,0,0,337.49,,
31937,6316,5,2,3,280.17,292.50,
31938,6316C,0,0,0,280.17,292.50,
31945,215,22,4,18,40.54,,
31997,M81202,0,0,0,3249.99,,
32001,P102939,0,0,0,432.09,,
32002,806-1020,3,0,3,520.46,,
32003,806-1840,10,5,5,679.92,,
32022,A66092,0,0,0,520.82,,579.99
32038,010-11023-00,6,0,6,5.50,,
32039,010-11031-00,0,0,0,16.49,,
32049,010-10729-00,0,0,0,6.00,,
32060,740093-1,6,6,0,31.04,,
32079,010-C0924-00,0,0,0,187.49,,
32149,1865106,349,203,146,24.17,,
32154,DA-2330,0,0,0,110.73,,
32164,SW45650,6,2,4,29.33,,
32165,SW45660,1,1,0,38.77,,
32166,SW77345,7,4,3,27.15,,
32167,SW77350,7,2,5,24.56,,
32168,SW77355,4,3,1,24.56,,
32169,SW77340,4,2,2,27.15,,
32170,SW21215,4,3,1,8.19,,
32171,SW21414,5,3,2,23.29,,
32172,SW21514,2,2,0,18.00,,
32173,SW31315,0,0,0,58.67,,
32174,SW19140,7,6,1,21.37,,
32175,SW61865,3,2,1,8.01,,
32178,SW81000,4,2,2,94.00,,
32195,HS1500HP,22,6,16,19.75,32.99,
32235,8110,4,2,2,145.84,,
32244,A55078D,0,0,0,224.99,,
32402,SW66650,9,4,5,8.56,,
32437,MA8505W,11,9,2,42.99,,
32469,11500900,12,5,7,43.54,,
32476,XP-98W,0,0,0,94.49,,
32485,11100101,0,0,0,18.74,,
32486,11200600,0,0,0,24.30,,
32487,11100201,4,2,2,18.74,,
32488,11100501,3,0,3,18.74,,
32489,11100601,0,0,0,18.74,,
32490,11100701,0,0,0,18.74,,
32491,11100801,0,0,0,18.74,,
32492,21221110,0,0,0,57.21,,
32494,21221310,0,0,0,57.21,,
32495,21100910,0,0,0,49.11,,
32496,21101010,0,0,0,49.11,,
32497,21110910,0,0,0,49.11,,
32498,21111010,0,0,0,52.39,,
32522,A55077D,0,0,0,195.82,,
32529,2250141,4,4,0,6.46,,
32533,2250002,2,2,0,28.74,,
32541,1015,7,7,0,15.96,,
32543,2016,23,5,18,16.41,,
32544,2017,61,5,56,16.41,,
32545,2018,39,11,28,16.41,,
32546,5175,39,38,1,12.87,,
32547,5176,2,1,1,11.85,,
32548,5177,26,0,26,12.87,,
32549,5178,66,54,12,12.87,,
32550,5180,7,1,6,12.87,,
32551,5181,43,15,28,12.87,,
32552,5182,9,0,9,12.87,,
32553,5183,42,30,12,12.87,,
32554,5184,70,27,43,12.87,,
32555,5185,0,0,0,12.87,,
32556,5186,19,13,6,12.87,,
32557,5187,100,57,43,12.87,,
32559,5189,32,4,28,12.87,,
32560,5190,59,40,19,12.87,,
32561,5191,287,131,156,21.77,,
32562,7620,5,3,2,217.01,,
32563,7621,0,0,0,217.01,,
32564,7700,33,18,15,179.27,,
32565,7701,5,3,2,166.01,,
32566,7702,11,3,8,179.27,,
32567,7703,0,0,0,166.01,,
32568,9159,15,2,13,12.22,,
32570,1810150,3,3,0,65.38,,
32571,150CCI,3,2,1,13.88,,
32605,PP4802,0,0,0,356.35,,
32644,010-11079-00,21,5,16,22.49,,
32645,010-C0880-00,0,0,0,262.49,,
32765,E22079,2,1,1,611.40,,
32772,010-11105-00,3,1,2,337.49,449.99,
32879,SW81400,0,0,0,47.85,,
32880,B60-12-BL,0,0,0,257.04,324.99,
32887,D003,0,0,0,38.34,,
32889,D005,0,0,0,38.34,,
32890,D006,0,0,0,38.34,,
32891,D007,0,0,0,38.34,,
32892,D009,0,0,0,59.65,,
32893,D010,0,0,0,59.65,,
32894,D011,0,0,0,59.65,,
32895,D159,0,0,0,59.65,,
32896,D160,0,0,0,59.65,,
32897,D026,0,0,0,89.48,,
32898,D027,0,0,0,89.48,,
32899,D028,0,0,0,89.48,,
32900,D029,0,0,0,89.48,,
32901,D030,0,0,0,89.48,,
32903,D008,0,0,0,38.34,,
32908,CBL-DVI-10M,0,0,0,196.36,,
32909,PSU012,0,0,0,782.89,,
32913,713,6,4,2,6.33,,10.23
32914,730,26,14,12,8.56,,13.23
32915,730FG,0,0,0,8.09,,13.23
32916,740,14,8,6,11.61,,19.98
32917,760,21,14,7,16.30,,26.98
32918,760FG,0,0,0,16.30,,26.98
32919,833,18,11,7,25.88,,41.98
32920,855,94,44,50,31.48,,51.98
32921,950,39,22,17,21.63,,33.98
32922,955,28,22,6,21.63,,33.98
32923,960,32,24,8,23.25,,36.98
32924,970,20,20,0,25.15,,40.98
32925,980,39,24,15,28.69,,45.98
32926,985,83,41,42,28.69,,45.98
32927,990,81,32,49,28.69,,45.98
32928,308,12,6,6,24.46,,40.98
32929,310,22,0,22,27.28,,45.98
32930,50,28,14,14,22.13,,35.98
32931,2110,12,12,0,19.74,,29.98
32932,1700,2,2,0,19.16,,29.98
32933,1701,20,14,6,5.78,,8.98
32934,1702,9,6,3,5.71,,8.98
32935,1703,8,4,4,5.71,,8.98
32936,1710,25,25,0,10.11,,16.95
32937,1710C,25,18,7,24.39,,39.98
32940,112,4,0,4,13.94,,22.98
32941,113,23,22,1,28.11,,47.42
32942,117,25,23,2,56.24,,94.98
32946,1412,10,7,3,18.89,,29.98
32947,1416,27,16,11,21.36,,34.98
32948,1424,5,5,0,34.64,,56.98
32949,260,23,21,2,18.86,,29.98
32950,265,3,3,0,10.11,,15.98
32951,130,32,19,13,9.58,,15.98
32952,1901,9,9,0,20.05,,32.98
32953,1804,9,9,0,42.14,,67.98
32954,1820,23,13,10,28.11,,44.98
32955,1822,47,24,23,17.18,,28.98
32956,1825,2,2,0,33.74,,55.98
32957,101,23,18,5,6.03,,9.98
32958,102CH,7,1,6,10.58,,17.98
32960,KITMB,7,5,2,74.03,,122.98
32961,KITMI,8,5,3,110.46,,178.98
32972,A25004-P,15,8,7,29.82,,
32974,VP1138,6,3,3,14.82,,
33049,A06041,11,4,7,59.65,,
33066,A06028,36,17,19,34.08,,
33067,A06030,2,0,2,29.82,,
33068,A06031,8,5,3,23.85,,
33069,A06032,10,4,6,19.59,,
33070,A06033,30,17,13,38.34,,
33071,A06034,20,8,12,42.60,,
33072,A06035,15,7,8,46.86,,
33073,A06036,13,5,8,59.65,,
33074,A06037,5,3,2,85.22,,
33075,A06038,5,2,3,38.34,,
33076,A06039,6,3,3,42.60,,
33077,0170BTWDP3,0,0,0,275.15,,
33078,A06040,5,3,2,46.86,,
33081,0170BM0DP3,0,0,0,365.25,,
33082,0170BP0DP3,4,2,2,178.34,,
33083,0170BSDDP3,4,2,2,178.34,,
33085,0170MP0DP3,1,0,1,242.86,,
33086,0170MSDDP3,0,0,0,242.86,,
33087,0170MSNDP3,0,0,0,350.11,,
33089,0170WP0DP3,0,0,0,183.44,,
33090,0170WSDDP3,0,0,0,183.44,,
33091,0170WSNDP3,0,0,0,275.15,,
33101,1045P0SDP,12,6,6,28.39,,
33103,1046P0SDP,2,2,0,31.49,,
33105,1047P0SDP,1,1,0,31.49,,
33106,1048P00DP,1,1,0,28.95,,
33107,1048P0SDP,11,3,8,28.39,,
33108,1060PB0DP,0,0,0,27.88,,
33110,1074DP2WHT,0,0,0,20.39,,
33111,1263DP1WHT,8,5,3,74.34,,
33112,1343DP4CHR,1,1,0,103.49,,
33114,1348DP6CHR,1,1,0,117.69,,
33115,1348DP8CHR,0,0,0,119.73,,
33116,8503DP,6,6,0,66.89,,
33117,8504DP,7,1,6,72.24,,
33118,8511DP,4,0,4,62.52,,
33119,8512DP,6,5,1,73.88,,
33120,8603DP,11,6,5,187.85,,
33121,9602DP,8,5,3,71.45,,
33122,9604DP,6,1,5,84.25,,
33123,9611DP,5,0,5,60.17,,
33124,9612DP,0,0,0,71.45,,
33125,9703DP,13,9,4,178.74,,
33166,A06042,2,0,2,38.34,,
33167,A06043,0,0,0,42.60,,
33168,A06044,0,0,0,46.86,,
33169,A06045,21,5,16,42.60,,
33170,A06046,9,3,6,42.60,,
33171,A06047,4,2,2,38.34,,
33172,A06048,0,0,0,38.34,,
33173,A06049,6,2,4,33.32,,
33174,A06061,10,6,4,34.08,,
33175,A06064,41,15,26,42.60,,
33180,HB-741,0,0,0,258.28,,
33182,PP4804,0,0,0,356.35,,
33187,SMDH,11,7,4,17.88,,
33188,SB-2,2,2,0,18.35,,
33189,KPH,2,0,2,18.83,,
33193,MSK-1,4,2,2,70.16,,
33196,RH-2,6,4,2,20.50,,
33197,RH-3,0,0,0,26.40,,
33219,53673,255,23,232,20.84,,
33225,E26028-PZ,0,0,0,169.60,,199.00
33261,825-WLW,0,0,0,295.32,,
33291,51060,10,4,6,44.55,,
33294,79018,1,0,1,24.99,,
33312,R28170,36,29,7,350.53,,
33330,22034,69,49,20,248.41,,
33331,22074,50,22,28,334.86,,
33343,ACM100-01,3,1,2,356.63,,
33344,DCM100-01,0,0,0,416.76,,
33345,FC01,0,0,0,36.02,,
33346,LEMHTA200-S,0,0,0,88.05,,
33347,M000630,10,6,4,68.04,,
33348,ELB-NM-NF,0,0,0,39.98,,
33349,MCF-2M-D12,0,0,0,48.03,,
33350,MCF-2M-D12CAT,6,4,2,108.07,,
33351,MCF-2M-D4,4,2,2,56.03,,
33352,NM-NG1-NF-02.0,0,0,0,44.03,,
33353,NM-NG1-NF-04.0,0,0,0,51.97,,
33354,NM-NG1-NF-05.0,0,0,0,55.97,,
33357,CM-CG1-CF-02.0,17,13,4,31.98,,
33358,CM-CG1-CF-04.0,9,5,4,40.02,,
33359,CM-CG1-CF-05.0,20,13,7,44.03,,
33360,CM-CG1-CF-08.0,18,3,15,52.03,,
33368,TR3K,5,3,2,32.02,,
33376,CVS-126,4,2,2,602.21,,
33378,A102137,0,0,0,1062.50,,1275.00
33473,17850-1012,18,10,8,191.63,,
33474,17820-0012,5,3,2,582.91,,
33475,MH-73A4B,29,13,16,40.00,,
33494,010-10850-20,0,0,0,19.80,,
33496,010-10851-11,0,0,0,16.49,,
33550,84-2031-00,8,3,5,255.98,,
33611,FI5001,0,0,0,467.42,,
33612,000-010-511,1,0,1,113.64,,
33615,000-010-618,0,0,0,152.73,,
33617,DST-800PWF,0,0,0,314.61,,
33618,DT-800PSF,0,0,0,292.13,,
33634,1363640,0,0,0,1351.16,,1599.99
33636,1363425,0,0,0,870.86,,
33637,1363445,1,0,1,1212.20,,
33680,1904000,2,2,0,27.08,,
33686,1904015,4,4,0,30.95,,
33690,1904025,14,14,0,43.86,,
33691,1904026,5,5,0,54.82,,
33692,1904027,0,0,0,65.79,,
33693,1904028,3,3,0,76.76,,
33694,1904029,5,5,0,98.69,,
33695,1904030,3,3,0,77.40,,
33696,1904031,7,7,0,85.14,,
33697,1904032,11,11,0,123.85,,
33698,1904033,3,3,0,131.59,,
33700,1907001,0,0,0,92.88,,
33701,1907002,251,127,124,123.85,,
33706,1903012,1,1,0,14.50,,
33707,1903013,1,1,0,14.50,,
33711,84-2030-00,2,0,2,218.48,,
33712,9479,0,0,0,125.00,,
33713,172001,1,1,0,1066.11,,
33714,172011,7,2,5,1265.77,,
33715,171211,2,2,0,1142.13,,
33716,171201,1,1,0,993.93,,
33717,170611,6,3,3,1114.74,,
33719,1790010,7,6,1,41.41,,
33720,1790610,4,4,0,42.63,,
33722,1203BW,6,6,0,18.54,,
33723,1211PL,6,2,4,17.38,,
33724,1212W,2,2,0,44.15,,
33725,1214A,2,2,0,7.62,,
33726,1222AW,5,2,3,9.14,,
33727,1222B,3,2,1,15.83,,
33728,1228CW,4,4,0,24.36,,
33732,160HI012,4,2,2,691.46,,
33741,160MI012,5,3,2,634.53,,
33748,21SRP1512,0,0,0,3576.31,,
33749,21SR1512,0,0,0,4095.50,,
33750,220HF012,3,1,2,1031.10,,
33751,220HR012,0,0,0,1317.84,,
33752,31-102,0,0,0,21.32,,
33753,31-3001,3,1,2,121.73,,
33757,AVHWR01202,0,0,0,1221.43,,
33758,AVHAR01202,0,0,0,1262.80,,
33762,AVHAR01203,0,0,0,1447.62,,
33763,AVHWF01203,0,0,0,1184.61,,
33764,AVHWR01203,3,2,1,1471.34,,
33765,AVHWR01201,0,0,0,1297.56,,
33766,AVHWF01201,0,0,0,1010.83,,
33767,AVLAR01202,0,0,0,1332.32,,
33768,AVLWR01201,0,0,0,1367.07,,
33770,C253,29,14,15,15.23,,
33771,C254,19,14,5,15.23,,
33785,CDRK,5,3,2,133.97,,
33790,CDS12,0,0,0,48.72,,
33791,CH102MW,9,6,3,179.65,,
33793,CH18W,7,6,1,34.72,,
33794,CHRK,0,0,0,107.79,,
33799,CSRK,5,3,2,115.79,,
33870,DIAPUMPRK,3,3,0,44.46,,
33873,EST12,3,1,2,2766.18,,
33874,ESTDC,0,0,0,103.91,,
33876,G13W,8,4,4,26.73,,
33877,WH1A-S,12,10,2,27.91,,
33884,PHIIPUMP,18,11,7,264.29,,
33885,WH3,14,6,8,42.63,,
33896,RWS,8,2,6,133.60,,
33898,SEADISRK,3,3,0,31.67,,
33903,WH16,6,2,4,70.04,,
34011,HS-2774-1-R,0,0,0,523.92,,
34029,15096-001,0,0,0,46.61,,
34050,740105-1,6,6,0,22.14,,
34051,780015-1,0,0,0,37.94,,
34150,1854023,0,0,0,83.53,,
34156,FBA-38,21,21,0,16.67,,
34158,RIM100-01,3,1,2,276.17,,
34159,SIM100-01,0,0,0,276.17,,
34166,Z195,3,1,2,270.82,,
34176,MHS75,22,12,10,94.02,,
34184,FCV295,1,1,0,3073.95,,
34191,PSU013,0,0,0,959.09,,
34279,1050DPR,5,5,0,163.80,,
34280,1050MP,1,1,0,207.66,,
34281,1060DPR,4,4,0,195.27,,
34282,1071DP,6,6,0,82.41,,
34283,1073DP,5,5,0,68.89,,
34285,1085,1,1,0,259.02,,
34287,1091,2,2,0,351.08,,
34290,1101,2,2,0,536.97,,
34291,1106,2,2,0,592.06,,
34293,1116,2,2,0,648.66,,
34297,370,7,7,0,9.03,,
34299,1000K,12,12,0,22.85,,
34300,1001K,6,6,0,31.24,,
34301,1002K,12,12,0,37.33,,
34303,1010,7,7,0,15.91,,
34305,1021,0,0,0,53.81,,
34306,1023,10,10,0,15.50,,
34307,1025,0,0,0,38.63,,
34308,1026,0,0,0,73.18,,
34309,1028,1,1,0,65.45,,
34310,1029,2,2,0,71.75,,
34311,1036,0,0,0,12.53,,
34313,1170,20,20,0,8.76,,
34314,1171,12,12,0,9.04,,
34315,1172,17,17,0,9.10,,
34316,1173,7,7,0,9.15,,
34317,1179,10,10,0,9.64,,
34318,1190,15,15,0,10.93,,
34319,1180,12,12,0,6.58,,
34320,1181,4,4,0,5.76,,
34321,2125,7,7,0,54.89,,
34322,2126,12,12,0,33.50,,
34323,2127,8,8,0,25.66,,
34329,3015,0,0,0,21.79,,
34333,230-BK,11,11,0,19.09,,
34334,230-WH,0,0,0,19.09,,
34335,231-BK,2,2,0,20.30,,
34337,240,0,0,0,39.76,,
34339,241-BK,1,1,0,5.86,,
34340,241L-BK,13,13,0,8.20,,
34341,241-GR,2,2,0,5.86,,
34343,241-WH,3,3,0,5.86,,
34344,243-BK,1,1,0,8.31,,
34345,244-BK,0,0,0,7.08,,
34346,244L-BK,0,0,0,9.45,,
34348,245,12,12,0,12.88,,
34354,256,0,0,0,86.48,,
34355,257,0,0,0,36.51,,
34360,264,0,0,0,22.98,,
34361,265,0,0,0,21.68,,
34362,280-BK,4,4,0,17.18,,
34363,280-WH,12,12,0,17.18,,
34364,281-BK,0,0,0,18.34,,
34365,287,11,11,0,13.53,,
34369,344-BK,10,10,0,8.85,,
34370,350,7,7,0,17.79,,
34371,351,0,0,0,19.03,,
34372,355,3,3,0,21.68,,
34373,358,12,12,0,20.63,,
34375,362,0,0,0,23.66,,
34378,400-BK,0,0,0,35.58,,
34379,CM-CF-4,16,9,7,76.05,,
34380,401-BK,0,0,0,35.58,,
34382,444-BK,7,7,0,9.05,,
34385,459,11,11,0,13.68,,
34418,854-2021-01,3,3,0,101.22,,
34424,1608DP0BLK,0,0,0,63.92,,
34425,1608DP1BLK,0,0,0,62.85,,
34426,1609DP0CHR,0,0,0,73.55,,
34427,1636DP0CHR,0,0,0,75.04,,
34428,1639DP0CHR,5,2,3,75.04,,
34429,1642DP0CHR,5,2,3,84.06,,
34430,0300DP0CHR,5,1,4,43.64,,
34431,0300DP1CHR,2,1,1,42.55,,
34432,0300DP2CHR,19,9,10,56.03,,
34433,0870DP0CHR,5,0,5,37.60,,
34434,1312DP0CHR,0,0,0,27.48,,
34436,0420006CHR,0,0,0,546.11,,
34439,0499DP0CHR,10,6,4,97.64,,
34440,0504DP0CHR,8,2,6,70.40,,
34443,1356DP0CHR,0,0,0,103.60,,
34444,1356DP0WHT,0,0,0,100.58,,
34449,0599DPDCHR,5,5,0,63.75,,
34450,0599DPGCHR,11,5,6,66.93,,
34452,1399DP0CHR,0,0,0,51.43,,
34457,0525DP0BLK,10,4,6,32.16,,
34458,1324DP0BLK,12,8,4,31.77,,
34459,1324DP1BLK,14,8,6,34.96,,
34460,1188DP4CHR,2,1,1,27.53,,
34461,1188DP6CHR,8,8,0,21.12,,
34462,1188DP8CHR,9,4,5,43.83,,
34463,1252DP0CHR,11,4,7,42.36,,
34468,1230DP0CHR,12,12,0,25.63,,
34470,0757DP0CHR,7,4,3,32.15,,
34478,1347DP4CHR,3,0,3,91.78,,
34479,1347DP6CHR,0,0,0,106.65,,
34480,1349DP6CHR,0,0,0,126.05,,
34481,1349DP8CHR,1,1,0,141.15,,
34488,1049P00DPB,7,5,2,32.07,,
34492,1611DP2CHR,9,5,4,48.85,,
34515,47DR,96,11,85,39.99,,
34516,A26043,0,0,0,399.99,,479.99
34521,18220-1127,0,0,0,306.90,,
34522,34744-0000,14,0,14,197.65,,
34523,35115-0020,20,12,8,83.09,,
34524,35515-0010,22,14,8,107.28,,
34525,34739-0020,6,1,5,184.31,,
34526,35400-0010,12,2,10,223.06,,
34527,36740-0010,15,5,10,179.06,,
34528,35770-0094,15,4,11,253.72,,
34529,02840100A,6,3,3,419.99,,
34531,50840-0012,19,8,11,389.74,,
34532,31911-0000,63,16,47,117.79,,
34533,37010-0092,2,1,1,443.02,,
34535,IL500PK,1,1,0,124.14,,
34536,50070-0040,5,1,4,127.32,,
34537,50070-0200,8,3,5,139.17,,
34538,6050-0003,8,6,2,784.38,,
34539,11860-0005,5,3,2,798.77,,
34540,11810-0003,3,1,2,764.09,,
34541,18370-0000,0,0,0,1236.75,,
34542,37072-0092,5,3,2,210.94,,
34545,12210-0001,0,0,0,436.75,,
34550,209B,14,2,12,168.37,,
34551,10-6UL,16,9,7,142.43,,
34554,18590-2094,17,12,5,195.94,,
34555,03,28,7,21,105.27,,
34556,55S,8,4,4,364.69,,
34557,16A,43,19,24,225.53,,
34558,56D,5,0,5,228.80,,
34564,40FA,39,20,19,49.12,,
34571,45,32,6,26,26.20,,
34572,18680-0920,2,2,0,309.99,,
34574,18670-0123,5,4,1,304.57,,
34575,18670-0943,24,8,16,338.23,,
34576,010-11156-00,0,0,0,29.99,,
34601,220AHF012,0,0,0,1042.68,,
34602,220AHR012,0,0,0,1329.43,,
34603,220HF01201,0,0,0,964.49,,
34604,220AHF01201,0,0,0,976.07,,
34605,220HR01201,0,0,0,1251.22,,
34606,220AHR01201,3,0,3,1262.80,,
34607,220HF01202,2,1,1,892.07,,
34608,220AHF01202,0,0,0,903.66,,
34609,220HR01202,0,0,0,1178.82,,
34610,220AHR01202,0,0,0,1190.40,,
34612,760FS,27,15,12,56.24,,94.98
34613,833FS,28,14,14,64.68,,104.98
34614,855FS,1,1,0,75.93,,124.98
34762,LMM-1,3,2,1,1012.50,,
34764,LMM-2,0,0,0,1012.50,,
34767,LM-GPS,3,1,2,98.44,,
34770,SC12,3,2,1,331.88,,
34772,SC20,3,1,2,357.19,,
34773,SC21,0,0,0,390.94,,
34774,M92722,2,2,0,388.13,,
34775,M92698,0,0,0,433.13,,
34776,50100,2,1,1,174.38,,
34782,SC45,0,0,0,326.25,,
34792,SPH-4I-W,0,0,0,331.88,,
34848,AIR-339-101,0,0,0,113.64,,
34849,AIR-339-102,0,0,0,145.45,,
34899,5502,10,10,0,39.56,,
34905,PP4805,0,0,0,356.35,,
34915,"XP15 0101",1,1,0,129.99,,
34947,A55076D,0,0,0,137.49,,
34948,A55079D,0,0,0,341.66,,
34949,A55080D,0,0,0,149.99,,
34950,A55081D,0,0,0,195.82,,
34960,"WC325 0100",16,5,11,17.99,,
34961,"WC750 0100",2,2,0,32.99,,
34962,2019,14,9,5,17.85,,
34963,5503,76,9,67,39.56,,
34964,"OML 0127",1,0,1,39.99,,
34965,4378,8,4,4,144.53,,
34967,7622,8,5,3,231.10,,
34968,7623,32,29,3,190.13,,
34969,11001,4,4,0,38.93,,
34970,11003,0,0,0,79.03,,
34971,2145,51,17,34,21.90,,
34972,2146,11,4,7,20.33,,
34973,1811,2,0,2,110.94,,
34974,1810,2,0,2,88.75,,
34978,2151,39,14,25,31.97,,
34979,1011,64,28,36,8.61,,
34980,1010,12,10,2,9.09,,
34983,2138,4,0,4,41.84,,
34984,2139,7,3,4,41.84,,
34986,2140,6,4,2,41.84,,
34987,2141,7,4,3,41.84,,
34988,2142,12,4,8,41.84,,
34989,2143,10,3,7,41.84,,
35097,81167,3,1,2,496.70,,
35098,SP-80-1,1,1,0,2465.70,,
35151,1027,0,0,0,45.34,,
35157,1363641,1,1,0,1393.39,,1649.99
35162,1363420,1,0,1,801.98,,
35164,1363421,2,0,2,841.67,,
35168,1363447,1,0,1,1212.20,,
35177,1129,0,0,0,14.95,,
35192,T16012,0,0,0,89.48,,
35194,010-10781-00,0,0,0,22.49,,
35195,TLM100-01,30,10,20,196.12,,
35196,TMP100-01,4,3,1,276.17,,
35197,TA-5H-1.5NPT,3,3,0,52.03,,
35198,TA-5H-1.25BSP,0,0,0,32.02,,
35199,TFT-5H,0,0,0,48.03,,
35200,TFT-1.5NPT,3,1,2,44.03,,
35201,TFT-1.25BSP,0,0,0,72.04,,
35205,TP-AAP-1,4,3,1,23.99,,
35206,TP-EGT-1,3,2,1,136.08,,
35207,TP-IP-1,0,0,0,108.07,,
35252,1177,15,15,0,6.53,,
35253,1182,4,4,0,10.35,,
35254,E26027-PZ,0,0,0,165.83,,199.00
35265,B164-12-BL,0,0,0,1014.58,1275.00,
35281,5250,4,4,0,65.70,,
35313,000-156-405,0,0,0,109.09,,
35379,1182-BUCKET,2,2,0,253.46,,
35421,27740,8,6,2,104.95,164.99,
35422,TPK300,8,8,0,19.99,,
35423,GP1030,0,0,0,349.08,,
35424,GP1031,0,0,0,363.62,,
35426,GP2030,0,0,0,349.08,,
35427,GP2031,0,0,0,363.62,,
35428,GP2033,0,0,0,363.62,,
35429,PP5030,0,0,0,385.44,,
35430,PP5031,0,0,0,399.99,,
35431,PP5033,0,0,0,399.99,,
35432,GP1052,0,0,0,327.26,,
35433,GP2052,0,0,0,327.26,,
35434,PP5052,0,0,0,370.90,,
35435,GP1173,0,0,0,385.44,,
35465,1153,11,11,0,6.03,,
35468,311-BK,13,13,0,12.78,,
35470,590-BK,12,12,0,7.65,,
35471,253,2,2,0,25.19,,
35472,254,0,0,0,24.01,,
35473,259,0,0,0,11.39,,
35476,254M,1,1,0,14.75,,
35492,104,0,0,0,13.19,,
35494,222,6,6,0,37.18,,
35498,247,0,0,0,69.94,,
35499,248,16,16,0,12.54,,
35501,266,12,12,0,17.46,,
35502,267,9,9,0,33.93,,
35504,269,0,0,0,15.96,,
35507,276,0,0,0,26.43,,
35508,277,0,0,0,28.18,,
35509,750,10,10,0,35.45,,
35510,797,12,12,0,28.06,,
35520,1041,5,2,3,10.00,,
35524,1047,9,9,0,6.81,,
35526,1049,8,8,0,9.58,,
35527,1176,7,7,0,10.05,,
35528,1178,7,7,0,9.45,,
35529,1183,0,0,0,7.93,,
35531,3025,14,14,0,16.80,,
35557,010-C0722-20,0,0,0,112.49,,
35559,010-C0728-20,0,0,0,112.49,,
35561,010-C0730-20,0,0,0,112.49,,
35563,010-C0731-20,2,2,0,112.49,,
35565,010-C0732-20,0,0,0,112.49,,
35566,010-C0735-00,0,0,0,262.49,,
35576,010-C0747-20,0,0,0,97.49,,
35578,010-C0748-20,0,0,0,97.49,,
35580,010-C0749-20,0,0,0,97.49,,
35588,010-C0755-20,0,0,0,97.49,,
35594,010-C0760-20,0,0,0,97.49,,
35596,010-C0761-20,0,0,0,97.49,,
35598,010-C0762-20,0,0,0,97.49,,
35600,010-C0763-20,0,0,0,97.49,,
35602,010-C0764-20,0,0,0,97.49,,
35604,010-C0765-20,0,0,0,97.49,,
35606,010-C0766-20,0,0,0,97.49,,
35608,010-C0767-20,0,0,0,97.49,,
35610,010-C0768-20,0,0,0,97.49,,
35614,010-C0770-20,0,0,0,97.49,,
35616,010-C0771-20,0,0,0,97.49,,
35618,010-C0772-20,0,0,0,97.49,,
35620,010-C0773-20,0,0,0,112.49,,
35622,010-C0774-20,0,0,0,97.49,,
35624,010-C0775-20,0,0,0,97.49,,
35626,010-C0776-20,0,0,0,97.49,,
35628,010-C0777-20,0,0,0,97.49,,
35630,010-C0778-20,0,0,0,97.49,,
35632,010-C0779-20,0,0,0,97.49,,
35634,010-C0780-20,0,0,0,97.49,,
35636,010-C0782-20,0,0,0,97.49,,
35638,010-C0783-20,0,0,0,97.49,,
35644,010-C0786-20,0,0,0,97.49,,
35646,010-C0787-20,0,0,0,97.49,,
35648,010-C0788-20,0,0,0,97.49,,
35650,010-C0789-20,0,0,0,97.49,,
35652,010-C0790-20,0,0,0,97.49,,
35654,010-C0791-20,0,0,0,97.49,,
35730,010-C0849-20,0,0,0,97.49,,
35758,010-C0868-20,0,0,0,63.75,,
35760,010-C0869-20,0,0,0,63.75,,
35762,010-C0870-20,0,0,0,63.75,,
35764,010-C0871-20,0,0,0,63.75,,
35766,010-C0872-20,0,0,0,63.75,,
35768,010-C0873-20,0,0,0,63.75,,
35770,010-C0874-20,0,0,0,63.75,,
35772,010-C0875-20,0,0,0,63.75,,
35776,010-C0877-20,0,0,0,119.99,,
35778,010-C0878-20,0,0,0,119.99,,
35780,010-C0879-20,0,0,0,119.99,,
35782,010-C0880-20,0,0,0,119.99,,
35784,010-C0881-20,0,0,0,119.99,,
35798,010-C0924-20,0,0,0,97.49,,
35799,010-C1001-00,0,0,0,187.49,,
35801,010-C1001-20,0,0,0,97.49,,
35805,010-C1003-00,1,0,1,262.49,,
35806,010-C1004-00,1,0,1,262.49,,
35811,010-C1018-20,14,5,9,164.99,,
35812,010-C1019-20,0,0,0,164.99,,
35818,010-C1024-00,0,0,0,262.49,,
35820,010-C1024-20,0,0,0,112.49,,
35833,010-10580-00,16,8,8,44.99,,
35834,FA-CF-90,1,1,0,24.01,,
35835,FA-CM-90,3,3,0,24.01,,
35881,220HS012,1,0,1,1279.99,,
35882,220AHS012,0,0,0,1477.13,,
35894,F08893,60,47,13,69.53,,
35895,F14256,45,23,22,104.19,,
35896,F14220,12,8,4,46.45,,
35897,F14393,19,8,11,68.42,,
35898,F14221,12,11,1,86.27,,
35899,F14254,10,10,0,12.67,,
35903,F13109,7,7,0,17.87,,
35904,F13110,1,0,1,20.23,,
35906,F13111,12,1,11,18.73,,
35908,F13112,5,5,0,21.04,,
35910,F14207,12,8,4,26.85,,
35911,F14208,12,5,7,27.08,,
35912,F13114,0,0,0,15.92,,
35913,F13116,0,0,0,17.19,,
35914,F10972BK,2,2,0,8.99,,
35915,F14264,5,5,0,20.53,,
35916,F15437,3,0,3,22.05,,
35919,F13274,27,13,14,5.45,,
35920,F13180,2,0,2,5.45,,
35925,T71FC,13,10,3,78.97,,
35927,X34,16,14,2,22.55,,
35928,M66X08,2,1,1,110.80,,
35929,M66X09,5,3,2,110.80,,
35930,M66X10,8,3,5,110.80,,
35931,M66X11,5,2,3,110.80,,
35932,M66X12,5,3,2,110.80,,
35933,M66X13,3,2,1,110.80,,
35934,M66X14,3,1,2,110.80,,
35935,M66X15,4,2,2,110.80,,
35936,M66X16,4,2,2,110.80,,
35937,M66X17,5,2,3,110.80,,
35938,M66X18,4,2,2,110.80,,
35939,M66X19,2,1,1,110.80,,
35940,A62245,0,0,0,80.95,,
35941,M66X20,5,3,2,110.80,,
35943,ROTECH08FC,2,2,0,162.87,,
35944,ROTECH09FC,4,2,2,162.87,,
35945,ROTECH10FC,3,1,2,162.87,,
35946,ROTECH11FC,4,3,1,162.87,,
35947,ROTECH12FC,4,2,2,162.87,,
35948,ROTECH13FC,2,2,0,162.87,,
35949,ROTECH14FC,3,2,1,162.87,,
35950,ROTECH15FC,4,2,2,162.87,,
35951,ROTECH16FC,5,2,3,162.87,,
35952,ROTECH17FC,3,2,1,162.87,,
35953,ROTECH18FC,4,2,2,162.87,,
35954,ROTECH19FC,5,2,3,162.87,,
35955,ROTECH20FC,4,2,2,162.87,,
35986,793,2,2,0,20.35,,
35988,5250-AIS,9,5,4,65.70,,
36015,2215397,4,4,0,43.12,,
36040,APT6002,1,1,0,383.82,,
36043,LMB-F1,0,0,0,1608.75,,
36044,LMB-F2,0,0,0,1608.75,,
36045,LMB-A1,0,0,0,1608.75,,
36046,LMB-A2,0,0,0,1608.75,,
36048,LMP-1,0,0,0,2107.32,,
36049,LMP-2,0,0,0,2160.00,,
36063,B164-0-10F,0,0,0,1016.66,1275.00,
36065,806-1850,0,0,0,1571.49,,
36066,F18800,52,52,0,62.92,,
36090,UP28FM,6,4,2,590.84,,
36092,"OIL 15",13,6,7,18.33,,
36095,KITOB-10',2,2,0,125.13,,
36096,KITOB-12',4,2,2,125.13,,
36097,KITOB-14',4,2,2,125.13,,
36098,KITOB-16',6,2,4,125.13,,
36099,KITOB-18',4,2,2,125.13,,
36100,KITOB-20',4,2,2,128.57,,
36101,KITOB-22',4,2,2,178.92,,
36102,KITOB-24',0,0,0,194.17,,
36103,KITOB-26',4,2,2,209.44,,
36104,KITOB-28',2,1,1,224.72,,
36105,KITOB-30',3,2,1,255.28,,
36139,PP4800,0,0,0,341.81,,
36146,72-0409,0,0,0,122.78,,
36176,SC101,0,0,0,1186.88,,
36177,SC103,0,0,0,1186.88,,
36180,6009C,0,0,0,16.79,,
36181,6010C,0,0,0,31.13,,
36182,6011C,0,0,0,49.86,,
36183,6012,0,0,0,75.10,,
36184,6110,0,0,0,71.79,,
36185,6111,0,0,0,97.31,,
36186,6112,10,6,4,179.20,,
36187,S-1520P,17,13,4,5.40,,
36188,S-1521,9,6,3,11.46,,
36189,S-1522P,25,13,12,16.80,,
36190,S-1523,0,0,0,23.57,,
36191,6804,0,0,0,77.65,,
36192,6804BP,0,0,0,7.51,,
36193,6809,4,2,2,106.24,,
36194,6809BP,0,0,0,8.20,,
36195,6810,0,0,0,208.68,,
36196,6810BP,0,0,0,8.43,,
36197,6904D,0,0,0,5.17,,
36198,6909D,0,0,0,5.43,,
36199,6910D,0,0,0,5.37,,
36200,6704,0,0,0,54.03,,
36201,6709,2,0,2,84.76,,
36202,6710,4,2,2,124.56,,
36208,S-0112C,1,1,0,26.81,,
36209,6008HC,2,1,1,94.86,,
36210,6113C,0,0,0,33.46,,
36211,6073C,0,0,0,89.06,,
36212,6013C,0,0,0,48.20,,
36213,6030C,0,0,0,87.41,,
36215,6082C,0,0,0,58.18,,
36216,6083C,0,0,0,60.10,,
36217,AR-6480,0,0,0,44.10,,
36218,AR-6481,0,0,0,88.88,,
36219,AR-6482,0,0,0,40.25,,
36220,AR-6483,0,0,0,59.94,,
36221,AR-6484,0,0,0,61.98,,
36222,AR-6485,0,0,0,190.84,,
36223,AR-6486,0,0,0,368.45,,
36224,AR-6487,0,0,0,151.34,,
36225,AR-6488,0,0,0,217.66,,
36226,AR-6489,0,0,0,267.44,,
36227,AR-6490C,0,0,0,46.06,,
36228,AR-6495C,0,0,0,75.86,,
36238,S-5020P,3,1,2,16.43,,
36239,S-5021P,0,0,0,17.77,,
36240,S-5022P,2,2,0,17.79,,
36241,S-5023P,2,2,0,32.11,,
36242,S-5024P,5,2,3,34.77,,
36243,S-5025C,0,0,0,13.51,,
36244,S-5028P,2,2,0,16.19,,
36245,S-5029P,0,0,0,28.67,,
36246,6260C,4,2,2,38.43,,
36247,6261C,0,0,0,50.14,,
36248,6262C,0,0,0,63.41,,
36249,6959,5,2,3,163.93,,
36250,6960CBLUE,0,0,0,88.28,,
36251,S-1462C,0,0,0,21.05,,
36252,6993CBLUE,3,0,3,81.53,,
36253,6994CBLUE,0,0,0,77.50,,
36254,6995CBLUE,2,2,0,77.50,,
36255,6996CBLUE,0,0,0,80.58,,
36257,6894CBLUE,0,0,0,73.96,,
36258,6895CBLUE,0,0,0,85.44,,
36259,6004C,4,2,2,22.65,,
36260,6023C,1,1,0,26.46,,
36261,S-7031C,0,0,0,8.40,,
36262,S-7032C,0,0,0,13.53,,
36263,S-7033C,0,0,0,17.49,,
36264,6001,0,0,0,77.28,,
36265,6002,2,2,0,26.55,,
36266,6123C,3,2,1,52.04,,
36267,6124C,3,0,3,45.00,,
36268,6125C,5,2,3,45.00,,
36269,6126C,0,0,0,51.09,,
36270,6129C,2,2,0,49.49,,
36271,6394C,4,2,2,69.41,,
36272,6395C,5,3,2,69.41,,
36273,6060C,3,3,0,9.90,,
36274,6061C,6,3,3,21.68,,
36275,S-7041P,0,0,0,9.57,,
36294,806-1206,1,0,1,225.53,,
36295,806-1210,8,5,3,335.41,,
36296,806-1220,14,11,3,504.55,,
36297,S-9001B,0,0,0,129.90,,
36298,S-9002B,0,0,0,113.21,,
36299,S-9003B,0,0,0,165.11,,
36300,S-9004B,0,0,0,137.05,,
36302,S-9005C,0,0,0,49.83,,
36305,010-11022-10,5,5,0,7.99,,
36310,010-11345-00,0,0,0,8.24,,
36313,302,0,0,0,258.43,,
36371,H-AWHT,6,2,4,12.91,,
36372,H-ABLK,7,5,2,12.91,,
36382,CVS-128,1,0,1,1231.30,,
36402,32-5000,11,4,7,1039.79,,
36406,E15017,0,0,0,51.13,,
36418,S-7004CBLUE,0,0,0,98.50,,
36419,6174CBLUE,0,0,0,65.41,,
36420,S-0096,0,0,0,25.84,,
36421,S-1957CBLUE,0,0,0,63.23,,
36422,S-7009,0,0,0,275.30,,
36423,S-7007CBLUE,0,0,0,162.45,,
36425,S-1958CBLUE,0,0,0,82.65,,
36427,S-6241,8,4,4,71.98,,
36428,S-6242,4,3,1,211.64,,
36429,S-3541C,0,0,0,10.43,,
36430,P-2456C,7,2,5,66.83,,
36431,P-2452C,5,2,3,26.04,,
36432,P-2453C,0,0,0,36.18,,
36433,P-2454C,2,0,2,24.13,,
36434,P-2455C,0,0,0,34.33,,
36517,S-1388C,18,5,13,2.90,,
36519,S-1390C,24,5,19,4.03,,
36520,3421BP,0,0,0,7.00,,
36521,3439BP,0,0,0,15.50,,
36522,86000C,0,0,0,57.03,,
36523,P100084,2,0,2,22.84,,
36524,P100085,3,1,2,24.47,,
36525,X-10B-M,5,0,5,39.61,,
36526,X-10W-M,4,2,2,39.61,,
36527,X-11Y-TD,0,0,0,67.44,,
36536,V-527,4,3,1,84.58,,
36537,V-537B,6,3,3,84.58,,
36538,V-537,5,3,2,84.58,,
36539,V-537W,4,2,2,84.58,,
36540,S-53W,3,0,3,77.31,,
36541,XP-99,4,2,2,78.62,,
36542,XP-99W,5,4,1,78.62,,
36543,SS-PR2,2,1,1,243.27,,
36544,S-87,3,2,1,159.55,,
36545,S-87W,2,0,2,159.55,,
36546,B-200P,0,0,0,907.24,,
36547,FB-500,2,2,0,810.87,,
36620,T10-526,0,0,0,72.99,,
36625,3100,9,1,8,127.50,,159.98
36626,3101,9,3,6,148.75,,198.98
36627,3151,24,12,12,16.84,,27.52
36628,3152,12,11,1,17.43,,28.98
36637,A10-240,6,6,0,62.56,,
36640,A10-902,10,10,0,54.88,,
36671,T909,0,0,0,242.89,,
36673,"#10 INFLATION ADAPTER",71,42,29,1.75,,
36674,"#30 PUMP",11,6,5,34.35,,
36675,"#31 MINI PUMP",12,5,7,9.40,,
36677,"#75 BOAT STRAP",24,24,0,11.71,,
36678,"A-0 RED",14,14,0,30.11,,
36679,"A-1 RED",27,14,13,36.87,,
36680,"A-2 RED",26,17,9,51.01,,
36681,"A-3 RED",9,0,9,68.29,,
36682,"A-4 RED",19,12,7,96.25,,
36683,"A-5 RED",15,7,8,203.36,,
36685,"EFC-1 BLACK",17,10,7,23.00,,
36686,"EFC-2 BLACK",6,6,0,38.17,,
36687,"EFC-3 BLACK",14,2,12,34.00,,
36688,"EFC-4 BLACK",7,0,7,49.52,,
36745,0227DP0CHR,13,8,5,39.24,,
36754,1400DP4CHR,0,0,0,39.48,,
36757,1400DP7CHR,0,0,0,65.43,,
36761,0939DP1STS,7,0,7,100.23,,
36767,"FENDER FITS-F-1/G-4 BLACK",3,2,1,18.00,,
36768,"FENDER FITS-F-1/G-4 GREEN",0,0,0,22.47,,
36769,"FENDER FITS-F-1/G-4 NAVY BLUE",0,0,0,22.47,,
36770,"FENDER FITS-F-3/G-5 BLACK",10,4,6,22.00,,
36771,"FENDER FITS-F-3/G-5 GREEN",0,0,0,27.91,,
36772,"FENDER FITS-F-3/G-5 NAVY BLUE",0,0,0,27.91,,
36774,"FENDER FITS-HTM-2 GREEN",8,4,4,17.49,,
36775,"FENDER FITS-HTM-2 NAVY BLUE",7,5,2,21.35,,
36776,"FENDER FITS-HTM-3 BLACK",7,5,2,46.24,,
36777,"FENDER FITS-HTM-3 GREEN",0,0,0,46.24,,
36778,"FENDER FITS-HTM-3 NAVY BLUE",8,2,6,46.24,,
36779,"FENDER FITS-HTM-4 BLACK",4,0,4,54.53,,
36780,"FENDER FITS-HTM-4 GREEN",2,2,0,38.00,,
36781,"FENDER FITS-HTM-4 NAVY BLUE",5,5,0,54.65,,
36782,"G-1 BLACK",2,0,2,12.91,,
36783,"G-1 BLUE",18,9,9,12.29,,
36784,"G-1 WHITE",6,0,6,12.29,,
36785,"G-2 BLACK",12,12,0,10.79,,
36786,"G-2 BLUE",12,12,0,10.79,,
36787,"G-2 WHITE",25,12,13,10.50,,
36791,"G-3 BLACK W/AIR ADAPTER",4,2,2,17.77,,
36792,"G-3 BLUE W/AIR ADAPTER",8,5,3,17.77,,
36793,"G-3 WHITE W/AIR ADAPTER",7,3,4,17.77,,
36797,"G-4 BLACK W/AIR ADAPTER",0,0,0,26.69,,
36798,"G-4 BLUE W/AIR ADAPTER",9,4,5,20.00,,
36799,"G-4 WHITE W/AIR ADAPTER",14,7,7,26.69,,
36803,"G-5 BLACK W/AIR ADAPTER",8,7,1,51.04,,
36804,"G-5 BLUE W/AIR ADAPTER",4,4,0,39.99,,
36805,"G-5 WHITE W/AIR ADAPTER",11,8,3,51.04,,
36809,"G-6 BLACK W/AIR ADAPTER",0,0,0,67.25,,
36810,"G-6 BLUE W/AIR ADAPTER",3,2,1,57.00,,
36811,"G-6 WHITE W/AIR ADAPTER",8,6,2,67.25,,
36815,"HTM-1 BLACK W/AIR ADAPTER",3,3,0,28.00,,
36816,"HTM-1 BLUE W/AIR ADAPTER",4,2,2,36.19,,
36817,"HTM-1 WHITE W/AIR ADAPTER",0,0,0,36.19,,
36821,"HTM-2 BLACK W/AIR ADAPTER",2,2,0,47.41,,
36822,"HTM-2 BLUE W/AIR ADAPTER",7,4,3,36.00,,
36823,"HTM-2 WHITE W/AIR ADAPTER",0,0,0,47.41,,
36827,"HTM-3 BLACK W/AIR ADAPTER",6,6,0,83.79,,
36828,"HTM-3 BLUE W/AIR ADAPTER",8,3,5,83.79,,
36829,"HTM-3 WHITE W/AIR ADAPTER",3,0,3,83.79,,
36833,"HTM-4 BLACK W/AIR ADAPTER",12,4,8,123.43,,
36834,"HTM-4 BLUE W/AIR ADAPTER",4,1,3,99.00,,
36835,"HTM-4 WHITE W/AIR ADAPTER",0,0,0,123.43,,
36836,"WS-1 RED",19,9,10,9.33,,
36837,"WS-1 YELLOW",47,14,33,9.33,,
36838,"WS-1 GREEN",63,7,56,9.33,,
36839,"CM-2 RED",0,0,0,153.53,,
36840,"CM-2 WHT W/STR",0,0,0,153.53,,
36841,"CM-2-SS RED/SS",0,0,0,208.11,,
36842,"CM-2-SS WHT W/STR/SS",0,0,0,208.11,,
36843,"CM-3 RED",0,0,0,179.49,,
36844,"CM-3 WHITE W/STRIP",3,1,2,154.99,,
36846,"CM-3-SS WHT W/STR/SS",2,1,1,189.99,,
36851,35983,11,9,2,24.95,,
36853,36103,5,5,0,2.33,,
36855,65501,7,5,2,36.60,,
36941,1820089,5,3,2,36.32,,
36942,1865108,124,113,11,13.79,,
36943,1865110,11,1,10,14.52,,
36953,1865101,7,3,4,10.16,,
36954,1865107,1,0,1,29.05,,
36955,1840201,1,0,1,19.60,,
36957,1810126,1,0,1,275.28,,
36958,1865002,0,0,0,13.07,,
36960,1865014,0,0,0,7.26,,
36961,1865019,17,17,0,7.26,,
36962,1865260,1,1,0,36.32,,
36963,1865261,2,2,0,43.58,,
36964,1865262,0,0,0,29.05,,
36988,1907030,0,0,0,7.49,,
36989,1907040,4,3,1,13.29,,
36990,1907050,3,3,0,10.56,,
36991,1907060,3,3,0,9.82,,
37010,7716,2,0,2,150.86,,157.50
37030,TJ12000101,1,1,0,69.99,,
37220,58500-0012,5,3,2,663.56,,
37221,58500-1012,0,0,0,647.31,,
37241,6074C,5,2,3,30.95,,
37256,560-1110-7,0,0,0,33.71,,
37258,560-1112-7,3,2,1,33.71,,
37259,560-2110-7,17,12,5,33.71,,
37260,560-2112-7,3,3,0,33.71,,
37261,560-2113-7,6,2,4,33.71,,
37292,A10-650,0,0,0,38.41,,
37293,21501730,3,0,3,100.75,,
37294,21501930,6,3,3,100.75,,
37322,A10-492PB,11,11,0,54.88,,
37324,A10-1290PB,8,6,2,68.60,,
37325,A10-1291PB,0,0,0,76.28,,
37337,012-2500-7,10,3,7,16.15,,
37339,012-5500-7,0,0,0,16.15,,
37359,CLZ-DXD,2,2,0,14.99,,
37370,P79-BL,0,0,0,157.61,199.00,
37378,RC612V,1,1,0,1012.48,1425.57,
37379,RC8812V,5,3,2,1642.81,2305.18,
37388,449-BK,1,1,0,28.44,,
37414,ARM2502B,0,0,0,117.61,,
37424,P10293,0,0,0,257.27,,
37425,P10294,0,0,0,308.77,,
37426,P10295,0,0,0,357.63,,
37427,P10297,1,1,0,505.86,,
37428,P10299,0,0,0,640.45,,
37431,PRO510XL,31,12,19,62.52,,
37432,PRO520XL,18,8,10,71.46,,
37440,27656A,46,8,38,34.08,,
37474,808-9001,8,3,5,21.71,,
37476,288-PW,0,0,0,102.04,,
37477,295-PW,0,0,0,121.58,,
37482,GPS200-01,3,1,2,316.19,,
37525,010-11215-01,0,0,0,25.99,,
37705,311096402,4,3,1,96.41,,
37710,311096406,6,4,2,96.41,,
37713,311196402,3,2,1,110.91,,
37714,311196406,9,4,5,110.91,,
37716,311096502,4,3,1,110.91,,
37717,311096506,0,0,0,110.91,,
37718,311196502,5,4,1,126.14,,
37719,311196506,10,4,6,126.14,,
37721,301097206,0,0,0,119.61,,
37723,301097406,8,3,5,142.09,,
37725,301197406,4,3,1,157.31,,
37728,301097506,4,4,0,159.49,,
37730,301197506,9,6,3,173.99,,
37765,010-11442-00,12,2,10,89.99,,
37769,TM260-10F,0,0,0,1186.84,1499.00,
37775,010-11324-00,0,0,0,187.49,,
37776,010-11325-00,0,0,0,187.49,,
37777,010-11326-00,4,1,3,187.49,,
37779,010-11328-00,0,0,0,187.49,,
37791,"EFC-A4 BLACK",17,11,6,99.91,,
37792,"EFC-A5 BLACK",0,0,0,157.49,,
37793,"EFC-A6 BLACK",0,0,0,230.13,,
37809,242-BK,9,9,0,7.73,,
37811,130-BK,3,3,0,20.13,,
37812,405-BK,16,16,0,37.98,,
37982,MK212,0,0,0,853.35,,
37987,TLM150-01,5,1,4,220.14,,
38046,SC65,0,0,0,371.25,,
38047,DS16-P,16,4,12,20.81,,
38048,DS21A-P,11,4,7,23.63,,
38049,DS21B-P,10,3,7,23.63,,
38050,DS30-P,42,19,23,25.31,,
38051,DS40-P,17,4,13,28.69,,
38052,DS16-S,18,7,11,39.38,,
38053,DS21A-S,6,6,0,46.69,,
38054,DS21B-S,9,5,4,46.69,,
38055,DS30-S,14,5,9,59.06,,
38056,DS40-S,23,3,20,63.56,,
38072,1820,11,9,2,15.11,,
38177,DAC,3,2,1,35.00,,
38186,3022-BK,0,0,0,14.86,,
38309,T120,2,1,1,725.26,,
38312,T121,3,2,1,440.92,,
38317,T221,0,0,0,717.02,,
38318,T138,0,0,0,120.82,,
38320,T912,0,0,0,161.92,,
38323,T910,2,0,2,245.82,,
38324,T075-916,0,0,0,1429.93,,
38325,T070-916,0,0,0,762.35,,
38326,T061,5,3,2,478.01,,
38329,T10-471JB,4,3,1,82.32,,
38334,135200-701-999-12,24,24,0,19.43,,
38335,135000-701-999-12,10,5,5,13.19,,
38389,1854107,14,14,0,29.05,,
38390,1854108,5,2,3,39.94,,
38391,1854100,0,0,0,32.68,,
38392,1854101,4,2,2,25.41,,
38471,544K,0,0,0,30.38,,
38488,DE1150F,19,9,10,51.08,,
38490,DE1151F,11,4,7,29.81,,
38491,DE1152F,8,4,4,21.43,,
38492,DE1132F,5,5,0,20.21,,
38493,DE1190F,15,10,5,48.68,,
38494,DE1135F,14,9,5,19.20,,
38495,DE1006F,7,4,3,18.08,,
38496,DE1060WF,20,9,11,25.24,,
38497,DE1062WF,12,6,6,62.08,,
38498,DE1064WF,13,7,6,41.39,,
38499,DE95078F,3,3,0,58.85,,
38500,DE95072F,0,0,0,105.12,,
38504,DE96250F,3,3,0,84.64,,
38505,DE96258F,21,9,12,62.25,,
38506,DE3200F,0,0,0,241.99,,
38507,DE3400F,4,2,2,363.04,,
38508,DE3600F,0,0,0,380.89,,
38509,DE3800F,0,0,0,432.61,,
38513,DE91110F,11,11,0,24.16,,
38514,DE3100F,3,2,1,202.26,,
38515,DE3120F,3,1,2,321.54,,
38516,DE2606WF,17,9,8,21.61,,
38517,DE2608WF,16,8,8,35.65,,
38518,DE2606PF,9,4,5,21.61,,
38519,DE2608PF,20,10,10,35.65,,
38547,B-60-12-CX,0,0,0,350.00,,
38548,B-60-20-CX,0,0,0,350.00,,
38574,EJ10000101,4,4,0,34.99,,
38575,HD50000101,6,3,3,194.99,,
38744,272,1,1,0,13.91,,
38746,428,6,6,0,11.88,,
38747,429,0,0,0,23.46,,
38748,388-BK,1,1,0,42.95,,
38819,010-11430-00,8,0,8,6.04,,
38853,ALM100-01,3,2,1,236.15,,
38855,MK5,0,0,0,721.20,,
38888,P7702101AJ,0,0,0,58.26,,
38953,32903,2,2,0,38.70,,
38954,42123,0,0,0,40.06,,
38955,16004-00,4,1,3,89.63,,
38956,22004,2,2,0,113.96,,
38957,40004,4,2,2,168.40,,
38962,07903-00,5,4,1,69.26,,
38963,08203-00,4,3,1,70.62,,
38964,32-47258-003,0,0,0,68.91,,
38965,32-47259-003,0,0,0,75.80,,
38966,32-47260-003,3,1,2,82.70,,
38967,32-47261-002,3,1,2,85.46,,
38968,26014,4,1,3,17.15,,
38969,36303,9,1,8,40.74,,
38970,36152,7,3,4,43.41,,
38971,28552,65,46,19,23.36,,
38972,28572,10,7,3,33.28,,
38973,28512,27,12,15,37.95,,
38975,57151,3,2,1,104.75,,
38976,10-24453-01,4,2,2,112.72,,
38979,64534,3,3,0,215.38,,
38980,64634,0,0,0,305.54,,
38981,10-24728-03,0,0,0,94.90,,
38982,10-13399-03,2,1,1,138.52,,
38983,10-13407-07,2,0,2,173.28,,
38984,10-13329-103,0,0,0,243.53,,
38985,80-47229-01,0,0,0,151.62,,
38986,80-47230-01,0,0,0,173.68,,
38987,80-47435-01,3,3,0,282.57,,
38988,80-47436-01,4,3,1,270.00,,
38995,RGB,11,8,3,13.13,,
38997,FC-4,5,4,1,14.99,,
39079,27575,5,5,0,230.57,399.99,
39082,A3120Z-11HAE,14,12,2,89.63,,
39083,A3120Z-31HAE,0,0,0,89.63,,
39086,P1120Z-11HAE,11,0,11,102.44,,
39087,P1120Z-31HAE,11,7,4,102.44,,
39090,LL-101,1,1,0,67.07,,
39091,55150A,36,26,10,17.71,,
39097,010-11441-00,0,0,0,29.99,,
39098,010-11441-01,0,0,0,22.49,,
39105,F05848,10,10,0,15.65,,
39106,F07674,0,0,0,14.30,,
39107,F05343,19,9,10,12.47,,
39108,F05351,0,0,0,11.65,,
39109,F05352,18,18,0,8.52,,
39111,F14200,6,5,1,22.61,,
39114,F14086,0,0,0,14.60,,
39115,F18804,6,2,4,65.51,,
39132,0063DP5PLB,9,3,6,15.09,,
39135,OT-0542VEL15-HD,1,0,1,646.87,,
39138,OT-0551VEL186,5,1,4,499.99,,
39140,0063DP6PLB,8,4,4,19.31,,
39141,0063DP7PLB,5,1,4,27.03,,
39142,0063DP8PLB,6,5,1,34.11,,
39143,0063009PLB,0,0,0,58.28,,
39144,0065DP4PLB,0,0,0,35.47,,
39145,0065DP5PLB,15,5,10,44.97,,
39146,0065DP6PLB,5,0,5,55.44,,
39147,0065DP7PLB,11,7,4,64.59,,
39148,0066DP1PLB,5,5,0,15.35,,
39149,0066DP2PLB,4,0,4,29.55,,
39150,0066DP3PLB,0,0,0,41.97,,
39151,0066DP4PLB,12,5,7,54.89,,
39153,0076DP5PLB,7,3,4,10.35,,
39154,0076DP6PLB,6,5,1,12.76,,
39155,0076DP7PLB,12,5,7,19.52,,
39156,0076DP8PLB,23,9,14,26.79,,
39157,0076009PLB,0,0,0,33.44,,
39161,0086DP3PLB,7,2,5,16.40,,
39162,0086DP4PLB,6,3,3,21.48,,
39163,0086DP5PLB,0,0,0,35.43,,
39164,0086006PLB,4,1,3,40.39,,
39167,0322DP4PLB,4,4,0,24.99,,
39168,0322DP5PLB,9,5,4,25.81,,
39169,0322DP6PLB,10,6,4,35.20,,
39170,0322DP7PLB,5,2,3,53.11,,
39171,0322DP8PLB,5,2,3,64.60,,
39172,0322009PLB,4,2,2,79.84,,
39173,0328DP4,11,7,4,3.13,,
39174,0328DP4A,8,8,0,4.94,,
39175,0328DP5,0,0,0,3.47,,
39176,0328DP6,13,13,0,3.76,,
39177,0328DP6A,16,10,6,3.54,,
39178,0328DP8,10,5,5,6.01,,
39179,0350004DPC,6,2,4,21.10,,
39180,0350004DPP,3,2,1,21.52,,
39181,0350005DPC,1,1,0,34.71,,
39182,0350005DPP,4,0,4,30.84,,
39183,0350006DPC,9,5,4,45.53,,
39184,0350006DPP,5,0,5,40.60,,
39186,0350007DPP,6,4,2,48.17,,
39187,0350008DPC,9,5,4,67.49,,
39188,0350008DPP,8,4,4,61.92,,
39189,035006ADPC,5,1,4,45.53,,
39190,035006ADPP,1,1,0,40.60,,
39195,0493004PLB,5,2,3,207.68,,
39196,0493005PLB,1,1,0,224.69,,
39197,0493006PLB,0,0,0,314.23,,
39198,0493007PLB,5,2,3,317.44,,
39199,0493008PLB,5,3,2,500.34,,
39200,0493009PLB,0,0,0,620.69,,
39201,0493010PLB,0,0,0,643.35,,
39202,0714DP1PLB,7,4,3,24.08,,
39203,0805005PLB,5,3,2,106.28,,
39204,0805006PLB,7,3,4,145.88,,
39205,0805007PLB,5,2,3,182.00,,
39206,0805008PLB,2,1,1,226.33,,
39207,0805009PLB,0,0,0,387.86,,
39208,0805010PLB,0,0,0,598.38,,
39211,1310DP0CHR,2,2,0,30.67,,
39212,"EFC-5 BLACK",0,0,0,49.52,,
39271,010-11526-00,0,0,0,10.99,,
39306,010-11270-00,0,0,0,17.49,,
39313,MR652C,5,2,3,80.59,,
39314,MR752C,7,4,3,92.75,,
39318,MRANT10,0,0,0,2.41,,
39325,010-10856-20,0,0,0,12.99,,
39328,010-10854-21,0,0,0,8.24,,
39331,DE2104F,0,0,0,176.92,,
39332,DE2105F,0,0,0,212.31,,
39336,DE96252F,0,0,0,110.31,,
39341,ELB-CM-CF,7,5,2,32.02,,
39350,010-11478-01,5,1,4,8.24,,
39351,010-11478-02,0,0,0,16.49,,
39354,T060,15,12,3,428.56,,
39399,ZDIGUSBNMEA,8,4,4,56.63,,
39400,ZDIGHSC100,4,2,2,297.47,,
39410,27620,14,5,9,82.09,114.99,
39411,27670,11,6,5,75.06,109.99,
39415,13109,8,2,6,46.82,,
39418,13311,14,9,5,57.16,,
39419,13511,7,7,0,59.31,,
39420,27660,24,16,8,76.67,124.99,
39437,1082DP3WHT,7,5,2,33.01,,
39472,SP-70-8,0,0,0,3499.30,,
39473,SP-70-7,0,0,0,3359.30,,
39474,SP-80-8,0,0,0,3499.30,,
39475,SP-80-7,0,0,0,3359.30,,
39495,CO-CO1224T,3,2,1,168.10,,
39576,P7810500AJ,19,9,10,13.56,,
39577,P7810300AJ,1,0,1,12.31,,
39579,P7160901AJ,6,3,3,50.21,,
39580,P7837200AJ,0,0,0,12.31,,
39582,P7811700AJ,3,1,2,41.54,,
39585,P5591000AJ,0,0,0,11.83,,
39587,P7837300AJ,0,0,0,19.71,,
39590,P7816100AJ,0,0,0,19.71,,
39593,585-RAM-MNT,0,0,0,52.73,,
39600,YBP-0101,16,4,12,21.39,,34.98
39601,YBP-0202,16,7,9,12.66,,19.98
39602,251,81,37,44,5.69,,9.98
39627,1148,12,12,0,9.83,,
39628,S-0500,37,0,37,2.65,,
39629,S-0501,13,6,7,2.45,,
39641,1902300,8,4,4,501.32,,
39642,1902305,8,4,4,591.45,,
39643,1902310,5,1,4,777.06,,
39650,1904040,0,0,0,28.74,,
39651,1904045,1,1,0,107.81,,
39652,1907024,0,0,0,387.05,,
39653,1903020,3,3,0,28.74,,
39654,1903030,1,1,0,35.93,,
39655,1903031,12,10,2,35.93,,
39656,1907070,15,14,1,43.12,,
39694,720073-2,3,0,3,40.76,,
39695,720073-3,5,0,5,47.03,,
39696,720074-1,6,3,3,22.72,,
39699,407860-1,140,61,79,127.12,,
39708,710226-1,3,0,3,112.90,,
39711,2215392,3,3,0,25.15,,
39712,2215396,2,2,0,32.34,,
39713,2250122,11,9,2,17.96,,
39715,011-5540-7,0,0,0,8.60,,
39718,011-2540-7,2,2,0,8.60,,
39744,1865022,21,6,15,23.96,,
39749,1810220,3,3,0,58.11,,
39767,1823155,1204,946,258,100.89,,
39777,010-11572-00,0,0,0,1612.49,,
39778,010-11573-00,0,0,0,2699.99,,
39782,010-11156-30,2,1,1,29.99,,
39783,010-11156-31,4,1,3,52.49,,
39784,010-11156-32,0,0,0,74.99,,
39785,29310,8,4,4,50.14,,
39786,29210,10,2,8,59.13,,
39788,MR60B,14,3,11,43.49,,
39791,010-11053-30,0,0,0,749.99,,
39793,010-11057-30,2,0,2,67.49,,
39795,010-11532-00,3,1,2,14.99,,
39796,010-11533-00,7,1,6,37.49,,
39797,010-11056-00,0,0,0,67.49,,
39798,010-11170-01,112,60,52,1.49,,
39803,CVS-1410,0,0,0,1679.30,,
39808,500/50/200ST-CX,0,0,0,280.00,,
39809,B-164-0-CX,0,0,0,1120.00,,
39810,B-164-12-CX,0,0,0,1120.00,,
39811,B-164-20-CX,0,0,0,1120.00,,
39822,B-60-12-ES,0,0,0,350.00,,
39823,B-60-20-ES,2,1,1,224.99,,
39836,09-1027B-1,0,0,0,27.74,,
39837,09-808B-1,0,0,0,21.80,,
39838,09-810B-1,0,0,0,22.72,,
39839,09-1028BT-1,4,1,3,30.38,,
39840,09-1026B-1,0,0,0,20.80,,
39843,61123,2,1,1,69.00,,
39845,43210-0001,0,0,0,806.58,,
39846,50410-1201,4,3,1,510.83,,
39929,68200,2,2,0,499.99,,
39936,68510,1,1,0,44.99,,
39938,68520,3,1,2,74.99,,
39943,GP1056,0,0,0,327.26,,
39944,GP2056,0,0,0,327.26,,
39945,PP5056,0,0,0,370.90,,
39946,GP1057,0,0,0,327.26,,
39947,GP2057,0,0,0,327.26,,
39948,PP5057,0,0,0,370.90,,
39949,GP2055,0,0,0,327.26,,
39950,PP5055,0,0,0,370.90,,
39979,GP1032,0,0,0,363.62,,
39980,GP2032,0,0,0,363.62,,
39981,PP5032,0,0,0,399.99,,
39982,GP1034,0,0,0,363.62,,
39983,GP2034,0,0,0,363.62,,
39984,PP5034,0,0,0,399.99,,
39991,GP1080,0,0,0,370.90,,
39992,GP1081,0,0,0,385.44,,
39993,GP2080,0,0,0,370.90,,
39994,GP2081,0,0,0,385.44,,
40002,68720,2,2,0,19.99,,
40007,68630,2,0,2,24.99,,
40008,68650,2,0,2,109.99,,
40009,68660,1,1,0,89.99,,
40074,010-C1048-20,0,0,0,97.49,,
40088,2106,0,0,0,751.64,,
40089,2116,3,3,0,821.98,,
40120,SM81,9,5,4,14.12,,
40169,TX3916SL/SL,1,0,1,875.77,,
40175,L006UCL085ABC,0,0,0,2294.44,,
40176,L006UCL085ABB,0,0,0,2163.33,,
40177,L004U00785AME,0,0,0,3080.77,,
40178,L004U00785AM3,0,0,0,2818.89,,
40179,L006U00785AME,0,0,0,3343.33,,
40180,L006U00785AM5,0,0,0,3047.25,,
40181,L008U00785AMD,0,0,0,3527.17,,
40182,L008U00785AM5,0,0,0,3343.33,,
40183,L004US0285AME,0,0,0,4019.78,,
40184,L004US285AM3,0,0,0,3783.70,,
40185,L006US0285AMD,0,0,0,4279.12,,
40186,L006US0285AM5,0,0,0,4040.22,,
40187,L008US0285AME,0,0,0,4489.13,,
40188,L008US0285AM4,0,0,0,4296.74,,
40189,1017759,0,0,0,144.17,,
40190,1031221,0,0,0,236.25,,
40334,813-1000-UL,4,1,3,151.97,,
40335,813-1500-UL,6,3,3,221.20,,
40336,813-3000-UL,11,6,5,488.65,,
40337,813-5000-UL,9,7,2,699.00,,
40367,010-11029-02,0,0,0,10.99,,
40368,010-11666-00,0,0,0,15.41,,
40413,V11-0809BBK50-2,12,1,11,206.63,,
40414,V11-0809BWK50-2,0,0,0,225.24,,
40415,V11-2423BBK50-2,8,4,4,422.85,,
40416,V11-2423BBK70-2,2,2,0,505.72,,
40417,V11-3426BBK70-2,2,0,2,588.33,,
40418,V11-3447BBK50-2,5,2,3,304.24,,
40419,V11-3447BWK50-2,3,2,1,307.85,,
40420,V11-4135BKA30-3,4,1,3,218.10,,
40421,V11-9795BBK50D-2,7,2,5,333.21,,
40422,V11-9811WCM70-2,6,2,4,466.14,,
40437,FPM100-01,3,2,1,356.22,,
40510,HX400,37,26,11,213.99,,
40569,010-11679-00,0,0,0,6.99,,
40571,010-10249-20,203,159,44,65.49,,
40572,010-11615-00,0,0,0,18.75,,
40574,010-11676-00,19,8,11,22.49,,
40575,010-11682-00,0,0,0,8.24,,
40579,2155,10,3,7,22.27,,
40580,4018,64,8,56,6.33,,
40581,5060,49,20,29,5.18,,
40582,5061,40,15,25,7.34,,
40583,5063,58,27,31,3.87,,
40584,5064,64,28,36,3.62,,
40585,5065,277,156,121,6.13,,
40586,5250,59,37,22,5.39,,
40587,5251,45,14,31,5.39,,
40588,5252,19,18,1,5.39,,
40589,5253,10,10,0,5.39,,
40590,5254,33,26,7,5.39,,
40591,5255,16,8,8,5.39,,
40592,5256,22,15,7,5.39,,
40593,5257,28,20,8,5.39,,
40594,5258,26,13,13,5.39,,
40595,5259,5,4,1,5.39,,
40596,5260,6,4,2,5.39,,
40597,7049,24,20,4,94.18,,
40598,7149,16,7,9,94.18,,
40599,7720,29,16,13,28.92,,
40600,7721,24,4,20,28.92,,
40601,7748,2,2,0,123.10,,
40605,8100,0,0,0,376.14,,
40606,8101,6,3,3,449.52,,
40607,8102,6,2,4,484.10,,
40608,7080,13,5,8,45.49,,
40609,7081,14,5,9,45.49,,
40610,7082,5,0,5,45.49,,
40611,7083,25,5,20,45.49,,
40612,7084,34,5,29,45.49,,
40613,7085,4,0,4,45.49,,
40614,7086,15,4,11,45.49,,
40627,7087,21,0,21,45.49,,
40628,7088,9,4,5,45.49,,
40629,7089,0,0,0,45.49,,
40631,7180,6,6,0,45.49,,
40632,7181,135,28,107,45.49,,
40633,7182,131,21,110,45.49,,
40634,7183,92,32,60,45.49,,
40635,7184,237,89,148,45.49,,
40636,7185,43,13,30,45.49,,
40637,7186,93,28,65,45.49,,
40638,7187,42,3,39,45.49,,
40640,7188,34,12,22,45.49,,
40641,7189,9,9,0,45.49,,
40643,7506,35,24,11,53.01,,
40644,7507,20,17,3,59.65,,
40645,7508,7,5,2,66.29,,
40752,T10-540,21,0,21,71.34,,
40787,F14087,4,0,4,17.54,,
40789,F16777,12,12,0,16.23,,
40790,F18816,7,3,4,91.71,,
40794,F103745,0,0,0,47.06,,
40797,SST-110,2,2,0,307.30,,
40798,TM200-30,0,0,0,77.00,,
40799,TS200-30,2,1,1,118.07,,
40808,229-BK,9,9,0,14.91,,
40809,239-BK,0,0,0,35.08,,
40810,260,7,7,0,17.65,,
40811,279,2,2,0,12.98,,
40812,349-BK,22,22,0,13.63,,
40813,469,1,1,0,25.89,,
40814,470,2,2,0,36.00,,
40817,476,0,0,0,18.04,,
40820,479,0,0,0,13.71,,
40822,720057-1,179,178,1,13.48,,
40832,ZDIGAIS100,5,2,3,247.88,,
40833,ZDIGAISNET,2,1,1,734.96,,
40840,PT-0-3PSI-01,5,2,3,156.10,,
40841,PT-0-5PSI-01,0,0,0,156.10,,
40844,T137,0,0,0,120.82,,
40845,TA065,20,7,13,29.82,,
40846,TA100,5,2,3,68.17,,
40848,TA101,5,2,3,29.82,,
40849,TA118,0,0,0,68.17,,
40851,C5-A,3,2,1,147.36,,
40852,TA119,0,0,0,68.17,,
40856,TA122,9,6,3,89.48,,
40857,TA125,10,5,5,68.17,,
40858,TA900,4,2,2,34.08,,
40860,T005,8,4,4,76.69,,
40867,TA070,8,4,4,29.82,,
40922,10222-211D,26,11,15,80.25,,
40932,013-00005-00,0,0,0,1.26,,
41034,MMB-97,1,1,0,11.33,,
41046,854-2022-01,0,0,0,57.10,,
41047,808-9003,0,0,0,30.65,,
41048,809-0940,10,5,5,23.68,,
41049,809-0942,0,0,0,35.25,,
41056,101075,9,6,3,85.58,,137.79
41057,101076,6,5,1,84.25,,135.49
41058,101077,0,0,0,84.31,,134.79
41059,101078,0,0,0,33.35,,54.79
41060,101079,8,2,6,34.63,,57.19
41061,101080,4,1,3,40.65,,66.79
41062,101081,9,3,6,107.42,,120.39
41063,101082,6,3,3,114.15,,128.69
41065,101084,6,3,3,13.94,,24.39
41066,101085,15,4,11,14.16,,24.79
41067,101086,7,4,3,13.98,,24.49
41070,1031219,0,0,0,327.78,,
41071,1031482,0,0,0,327.78,,
41092,S-0233,3,0,3,11.20,,
41094,808-0915,5,3,2,62.84,,
41142,63110,7,5,2,265.90,,346.99
41143,63115,10,7,3,332.05,,432.99
41144,63120,7,6,1,413.86,,539.99
41145,63130,19,15,4,505.97,,659.99
41146,63140,24,9,15,544.22,,709.99
41147,63150,17,7,10,696.80,,908.99
41148,63160,12,3,9,860.68,,1122.99
41149,63170,15,6,9,557.34,,726.99
41150,63180,7,4,3,873.07,,1138.99
41166,HRCFF612V,1,1,0,1139.32,1549.48,
41167,HRCFF812V,4,2,2,1104.24,1549.48,
41198,PTM-R1-1,0,0,0,1693.42,,
41199,IPG100-01,1,1,0,636.39,,
41203,010-00957-00,1,0,1,562.49,,
41207,010-C1062-20,0,0,0,112.49,,
41208,010-C1063-20,0,0,0,112.49,,
41211,010-C0884-20,0,0,0,217.49,,
41213,010-C1062-00,0,0,0,262.49,,
41214,010-C1063-00,0,0,0,262.49,,
41292,DS-MULTI,8,5,3,60.19,,
41295,F40-0030BKA-1,14,5,9,33.71,,
41297,RK-0001PB,7,3,4,103.44,,
41300,010-C1064-00,0,0,0,187.49,,
41301,010-C1064-20,0,0,0,97.49,,
41326,010-11131-10,0,0,0,27.49,,
41331,701S-00616,0,0,0,231.49,,
41333,701S-00608,0,0,0,71.14,,
41335,711S-00609,0,0,0,304.65,,
41376,2401K,15,15,0,31.25,,
41377,2402K,0,0,0,38.53,,
41420,ZDIGAIS100USB,4,2,2,247.88,,
41421,MS-RA200MP,4,2,2,13.99,,
41450,23121,7,3,4,115.18,,
41451,23122,2,2,0,131.63,,
41452,23124,7,4,3,123.47,,
41454,23125,0,0,0,202.40,,
41455,23126,0,0,0,181.25,,
41489,HS-01,0,0,0,503.44,,
41490,SPH-SYSTEM-W,0,0,0,547.94,,
41506,10009,10,4,6,62.26,,
41507,10012,1,1,0,124.64,,
41509,10027,21,11,10,74.22,,
41510,10028,11,4,7,139.46,,
41511,10036,121,33,88,33.32,,
41512,10002,16,14,2,64.57,,
41519,10035,36,33,3,23.44,,
41521,10050,0,0,0,32.83,,
41522,10051,7,7,0,32.83,,
41523,10055,27,17,10,65.30,,
41524,10001,21,14,7,42.84,,
41525,11031,17,13,4,18.56,,
41526,11032,20,14,6,30.88,,
41527,854-2019-01,0,0,0,189.67,,
41528,12427,12,5,7,80.19,,
41529,12428,0,0,0,151.97,,
41533,31991,0,0,0,90.45,,
41534,30991,9,1,8,92.16,,
41535,32991,0,0,0,98.03,,
41544,31001,10,10,0,70.31,,
41545,31011,7,7,0,73.84,,
41578,81783,2,0,2,700.00,,
41590,GP1055,0,0,0,327.26,,
41638,DCR100-01,0,0,0,316.19,,
41639,DST110-01,4,2,2,396.24,,
41646,FDEBSN010000A00,1,1,0,105.15,,
41647,FDEBSN015000A00,2,0,2,103.45,,
41648,FDEBSN020000A00,1,1,0,131.03,,
41655,HRC101012V,1,1,0,2666.26,3754.10,
41656,HRC101012VLP,0,0,0,2760.36,3754.10,
41658,P104370,2,0,2,56.17,,
41659,P104371,3,0,3,75.57,,
41660,P102981,1,1,0,1380.08,,
41661,P103864,2,0,2,61.84,,
41704,22209,11,6,5,61.43,,
41711,DE96264F,27,16,11,82.39,,
41712,DE96288F,10,6,4,29.84,,
41727,53502,5,2,3,71.86,164.99,
41737,102,7,2,5,62.67,,
41738,104,1,1,0,126.67,,
41739,105,0,0,0,76.00,,
41740,106,0,0,0,183.53,,
41741,108,2,2,0,77.33,,
41763,BF30,0,0,0,82.22,121.50,
41765,C30253,15,6,9,229.59,339.30,
41766,C30503,0,0,0,311.19,459.90,
41767,A1001,2,1,1,14.01,20.70,
41783,82044,0,0,0,33.53,,
41784,82004,0,0,0,27.57,,
41806,103,0,0,0,7.44,,
41810,101-BK,24,24,0,8.46,,
41814,010-11654-00,0,0,0,51.99,,
41815,010-11654-01,0,0,0,51.99,,
41818,010-11654-04,0,0,0,64.99,,
41819,010-11654-05,0,0,0,10.49,,
41820,0348DP5PLB,5,0,5,56.27,,
41827,SB-8-5,9,6,3,24.75,,
41828,SB-8-10,7,3,4,36.56,,
41829,SB-2G,13,4,9,10.69,,
41843,010-11602-00,0,0,0,31.99,,
41844,010-11734-20,90,59,31,5.99,,
41847,BPKT0801,0,0,0,1250.00,,
41849,RST755,0,0,0,133.06,,
41850,090-1100-4,0,0,0,172.00,,
41851,090-2100-4,0,0,0,172.00,,
41854,NBE100-01,12,7,5,316.19,,
41861,010-11598-00,6,6,0,22.19,,
41864,010-11733-00,0,0,0,11.99,,
41865,010-11600-00,8,4,4,29.99,,
41869,135600-701-999-12,2,1,1,17.00,,
41870,135400-701-999-12,16,9,7,14.07,,
41881,010-10856-30,0,0,0,19.49,,
41889,P104809,2,0,2,47.47,,
41890,P104810,0,0,0,47.47,,
41981,MEK-4,0,0,0,36.00,,
42009,T222,0,0,0,1784.33,,
42027,341-BK,1,1,0,9.09,,
42029,9601DP,1,0,1,41.03,,
42040,RH5365,7,4,3,116.35,,
42041,RH5367V,36,24,12,116.35,,
42042,RH5369H,16,11,5,116.35,,
42045,010-11054-00,2,0,2,374.99,,
42068,FFM100-01,5,3,2,356.22,,
42083,010-C1066-20,0,0,0,112.49,,
42084,010-C1067-20,0,0,0,164.99,,
42086,309299,29,10,19,39.07,,
42087,309199,24,13,11,28.29,,
42089,309099,9,3,6,28.29,,
42090,315299,4,3,1,42.13,,
42091,314299,3,3,0,32.34,,
42092,312299,4,4,0,38.28,,
42093,311299,13,7,6,27.78,,
42094,310299,7,5,2,27.78,,
42095,317899,6,5,1,74.33,,
42096,316899,6,2,4,70.51,,
42097,317999,6,3,3,44.22,,
42098,316999,4,2,2,44.22,,
42099,319899,2,0,2,38.28,,
42100,318899,5,3,2,36.31,,
42101,319999,5,2,3,38.28,,
42102,318999,3,0,3,36.31,,
42105,BP-150BSY-320-1,9,4,5,99.88,,
42123,WIF-RK30880-E,0,0,0,220.14,,
42375,CVS2500A,7,4,3,88.67,,
42376,FNB-110LI,3,1,2,30.00,,
42425,1355946,6,0,6,450.56,,
42426,1355947,4,3,1,495.62,,
42429,1355956,7,3,4,585.74,,
42430,1355957,3,2,1,630.79,,
42432,1355970,6,4,2,675.85,,
42433,1355971,4,2,2,720.90,,
42476,720073-5,9,4,5,43.90,,
42496,199119,31,21,10,102.20,,
42516,44411-0045,8,4,4,49.73,,
42517,44411-1045,21,4,17,57.42,,
42518,44411-2045,11,5,6,62.37,,
42530,32601-0092,7,5,2,164.89,,
42586,1810141,2,2,0,458.12,,
42594,MS6007WR,19,9,10,45.07,,
42595,MSX60RVR,9,6,3,72.20,,
42616,30573-0003,17,8,9,69.99,,
42617,121,4,2,2,197.33,,
42622,09-24652-04-CN,2,2,0,19.80,,
42623,09-24653-02-CN,0,0,0,21.44,,
42624,10-24516-03,0,0,0,179.67,,
42625,10-24727-03,0,0,0,187.72,,
42627,80-47508-01,0,0,0,96.48,,
42628,80-47508-02,0,0,0,102.00,,
42630,10-13373-07,0,0,0,308.75,,
42631,09-701B-1,0,0,0,23.77,,
42632,09-702B-1,0,0,0,24.44,,
42634,09-704BT-1,0,0,0,35.31,,
42636,01604-00,3,2,1,129.01,,
42637,01674-001,0,0,0,127.65,,
42638,02204-00,4,2,2,142.59,,
42639,02274-001,3,2,1,141.23,,
42642,A10-114,0,0,0,177.80,,
42648,7420CR,3,2,1,30.12,,
42649,12VPK,5,3,2,14.87,,
42650,6083CR,0,0,0,79.90,,
42653,305CRCN,23,8,15,28.21,,
42655,303SSEL-B,28,1,27,82.84,,
42656,301EL-B,21,5,16,53.40,,
42657,199117,18,12,6,82.14,,
42658,305CRR,0,0,0,29.72,,
42664,153AY,14,12,2,165.27,,
42665,157AY,6,4,2,152.92,,
42668,806-1206-01,0,0,0,396.91,,
42669,806-1210-01,0,0,0,526.24,,
42670,806-1220-01,0,0,0,766.23,,
42673,806-1870,0,0,0,1152.23,,
42690,121A,9,9,0,103.42,,
42693,111A,0,0,0,131.48,,
42696,105SPP,4,2,2,54.84,,
42701,104SPP,11,11,0,40.93,,
42704,6364CRN,6,4,2,86.03,,
42705,6365CRN,26,11,15,77.26,,
42706,12VRC,28,20,8,11.34,,
42712,PP4401,0,0,0,269.08,,
42716,2126,20,5,15,45.47,,
42722,2128,20,6,14,28.46,,
42723,2719,42,25,17,21.86,,
42727,4002,18,3,15,6.75,,
42728,4003,24,9,15,6.67,,
42729,5035,31,0,31,28.63,,
42730,5037,21,14,7,32.33,,
42737,2127,55,34,21,35.43,,
42738,2718,54,39,15,26.00,,
42746,395,12,6,6,22.30,,
42747,152,6,3,3,97.49,,
42749,026,12,2,10,279.06,,
42750,025,2,2,0,348.83,,
42775,AP-1100-BK-S,0,0,0,243.75,,
42776,AP-1100-BK-M,0,0,0,243.75,,
42777,AP-1100-BK-L,0,0,0,243.75,,
42778,AP-1100-BK-XL,0,0,0,243.75,,
42779,AP-1100-BK-2XL,0,0,0,243.75,,
42780,AB-1100-RB-S,0,0,0,251.25,,
42781,AB-1100-RB-M,0,0,0,251.25,,
42782,AB-1100-RB-L,0,0,0,251.25,,
42783,AB-1100-RB-XL,0,0,0,251.25,,
42784,AB-1100-RB-XXL,0,0,0,251.25,,
42790,AC-1100-RB-S,0,0,0,278.13,,
42791,AC-1100-RB-M,0,0,0,278.13,,
42792,AC-1100-RB-L,0,0,0,278.13,,
42793,AC-1100-RB-XL,0,0,0,278.13,,
42794,AC-1100-RB-XXL,0,0,0,278.13,,
42803,"BP 03511",18,4,14,7.85,10.95,
42805,"CA 03518-6",5,2,3,41.74,54.95,
42807,"LQ 04587",12,6,6,11.47,15.95,
42808,"LQ 04506",9,9,0,19.35,27.95,
42812,"GW 02785",5,3,2,11.47,16.95,
42818,"KG 41501",14,6,8,15.74,23.95,
42832,65000,2,1,1,149.00,,
42845,459M,0,0,0,11.63,,
42846,132,0,0,0,6.03,,
42847,135,0,0,0,17.39,,
42848,136,0,0,0,7.68,,
42895,010-11251-08,0,0,0,19.99,,
42897,010-11251-06,30,16,14,30.00,,
42905,92856,3,1,2,159.80,199.95,
42925,MRANT12W,41,28,13,7.25,,
42935,815-3012,9,6,3,1830.00,,
42936,27200,0,0,0,8.11,,
42937,27201,0,0,0,11.09,,
42939,27206A,15,3,12,11.40,,
42940,27310G,19,9,10,28.79,,
42942,27410,6,4,2,13.83,,
42943,27420,14,11,3,17.45,,
42945,27440,7,2,5,17.76,,
42950,55120A,2278,767,1511,3.21,,
42951,55121A,325,87,238,3.47,,
43087,29045-3000,15,12,3,79.37,,
43089,37040-0000,19,12,7,60.72,,
43090,90197-0000,57,33,24,20.36,,
43119,63100,14,6,8,82.89,,
43137,HX400IS,146,69,77,289.99,,
43171,9575,0,0,0,1483.87,,
43210,ZDIGAIS100P,4,2,2,276.21,,
43261,SBC-3,1,0,1,9.99,,
43317,RMX4100,0,0,0,349.08,,
43318,RMX4101,0,0,0,363.62,,
43319,RMX4400,0,0,0,378.17,,
43320,RMX4401,0,0,0,392.72,,
43321,RMX4402,0,0,0,392.72,,
43323,PP4100,0,0,0,225.44,,
43324,PP4101,0,0,0,239.99,,
43325,PP4400,0,0,0,254.53,,
43326,PP5063,0,0,0,399.99,,
43327,PP4402,0,0,0,269.08,,
43332,GP1809,0,0,0,312.72,,
43333,GP2059,0,0,0,327.26,,
43337,GP2058,0,0,0,327.26,,
43338,GP1063,0,0,0,363.62,,
43339,GP2063,0,0,0,363.62,,
43342,GP1049,0,0,0,334.53,,
43343,GP2049,0,0,0,334.53,,
43346,AG27,0,0,0,327.26,,
43347,AG18,0,0,0,322.49,,
43348,AG218,0,0,0,352.49,,
43392,GS-170,4,2,2,953.41,,
43397,P05-06W,0,0,0,39.32,,
43423,DE96268F,0,0,0,32.36,,
43433,A10-132T,23,12,11,62.56,,
43444,010-11010-20,3,0,3,1012.49,1349.99,
43463,5104,104,51,53,56.64,,
43474,TBH-4,0,0,0,39.38,,
43475,TBH-10,0,0,0,39.38,,
43493,ER370,7,4,3,72.50,,
43517,B164-12-8G,0,0,0,1016.34,1275.00,
43525,010-10982-21,2,1,1,337.49,449.99,
43527,010-10183-22,0,0,0,431.24,574.99,
43531,010-10192-21,4,3,1,142.49,,
43532,P79-8G,15,4,11,156.78,199.00,
43534,010-10272-10,3,0,3,74.99,,
43545,1183-CW,0,0,0,361.92,,
43547,1126-VW,0,0,0,315.13,,
43549,010-10182-21,1,1,0,281.24,374.99,
43550,010-10193-22,2,2,0,524.99,699.99,
43551,010-10194-21,1,0,1,149.99,199.99,
43553,010-10640-20,0,0,0,1153.92,1699.99,
43557,010-10703-20,0,0,0,937.49,1249.99,
43559,TM260-8G,0,0,0,1116.72,1499.00,
43642,FI5002,0,0,0,190.91,,
43644,815-2012,11,6,5,1599.00,,
43645,809-0921,0,0,0,208.13,,
43646,H1170A,8,1,7,26.18,,
43647,H1179,9,5,4,6.62,,
43648,T1127,68,44,24,1.60,,
43650,TPA129,7,4,3,97.62,,
43651,TPA189,6,2,4,108.78,,
43652,TPA249,6,3,3,119.93,,
43653,TPA1212,8,4,4,110.27,,
43654,TPA1812,6,4,2,128.36,,
43655,TPA2412,1,1,0,131.10,,
43737,815-3024,2,1,1,2029.78,,
43802,36252,0,0,0,43.41,,
43803,10-13407-08,0,0,0,181.98,,
43804,64534-24,0,0,0,224.07,,
43805,09-10616,7,6,1,24.81,,
43807,10-13329-104,0,0,0,251.94,,
43857,66318-7,18,7,11,28.06,,
43858,66319R7,7,7,0,29.29,,
43859,66319G7,0,0,0,29.29,,
43870,5110-36-7,16,12,4,25.13,,
43873,7100A7,5,3,2,35.01,,
43874,7100B7,3,2,1,39.89,,
43875,7100C7,8,8,0,41.10,,
43885,91022-7,12,5,7,12.07,,
43894,6556-7,35,10,25,53.42,,
43895,6356D7,7,3,4,18.30,,
43897,11940-2,21,10,11,15.14,,
43900,11437-7,1,1,0,21.23,,
43901,11438-7,4,4,0,18.57,,
43905,4730-4,17,6,11,94.54,,
43906,4760-4,26,9,17,105.63,,
43913,4801-7,7,3,4,33.75,,
43914,4202-7,20,11,9,22.98,,
43915,4201-7,22,10,12,24.85,,
43918,4140-4,19,16,3,42.01,,
43920,7615A3,10,8,2,17.64,,
43923,1733-4,27,15,12,24.21,,
43925,1749-4,67,26,41,27.73,,
43945,M2-TD02,1,0,1,139.99,,
43952,S2-2112,0,0,0,438.12,,
43953,S2-3108,0,0,0,464.64,,
43954,S2-4109,0,0,0,491.15,,
44030,A53D,5,2,3,216.57,,
44069,A62360,8,4,4,72.43,,
44187,010-11613-00,0,0,0,59.99,,
44191,6007200,31,19,12,35.60,,
44192,6006200,28,10,18,26.69,,
44201,3153,26,17,9,8.41,,14.47
44216,758NUT,8,4,4,22.14,,
44217,702NUT,6,4,2,22.57,,
44299,OT-0542BKA15-HD,4,3,1,646.87,,
44300,SPD-4XI-W,0,0,0,492.19,,
44301,010-11680-00,0,0,0,14.99,,
44311,BHW100,5,4,1,52.03,,
44316,OCTAF1012LAM7,0,0,0,1604.32,,
44317,OCTAF1012LAR7,0,0,0,1604.32,,
44318,OCTAF1212LAM12,0,0,0,1807.06,,
44319,OCTAF1212LAR12,0,0,0,1807.06,,
44321,OCTAFMDMSW,2,2,0,792.46,,
44357,OCTAFMDTPW,0,0,0,880.61,,
44358,OC17SUK03,7,5,2,160.43,,
44359,OC15SUK07,3,2,1,37.02,,
44360,OC15SUK08,4,3,1,59.94,,
44362,OC15SUK16,0,0,0,70.52,,
44364,OCTAFMDRESYSA,0,0,0,1100.99,,
44365,OCTAFMDRESYSB,0,0,0,1100.99,,
44368,OC15109-9,0,0,0,136.64,,
44372,OC15SUK27B,1,0,1,210.68,,
44373,OC15SUK27D,0,0,0,210.68,,
44374,OC15SUK27E,5,3,2,210.68,,
44375,OC15SUK83,1,0,1,184.23,,
44404,109,12,6,6,26.67,,
44461,101033,31,13,18,35.35,,57.29
44462,101034,14,3,11,38.73,,62.69
44463,101035,0,0,0,40.74,,65.59
44464,112500,19,9,10,81.36,,128.79
44465,112501,0,0,0,94.20,,135.69
44466,112502,0,0,0,89.71,,129.59
44467,112503,10,4,6,50.36,,80.09
44468,112508,9,3,6,81.32,,128.69
44469,112520,28,2,26,79.56,,125.79
44470,112521,10,3,7,88.48,,127.49
44471,112522,0,0,0,89.81,,129.69
44472,112523,13,5,8,45.86,,72.89
44473,112800,7,0,7,88.88,,140.19
44474,112801,0,0,0,106.06,,153.39
44477,112808,0,0,0,87.93,,138.79
44478,112820,8,2,6,83.61,,131.89
44481,112823,3,0,3,53.61,,85.49
44482,112828,4,0,4,88.88,,139.99
44483,101073,25,16,9,8.19,,13.69
44497,001-156-750,0,0,0,50.00,,
44583,MS-CLADAP,22,22,0,18.13,,
44600,B50ASSY,0,0,0,283.18,418.50,
44601,BF50,2,0,2,109.01,161.10,
44602,BM50S,2,2,0,167.47,247.50,
44604,010-11394-00,0,0,0,258.99,,
44609,SPH-4XI-W,0,0,0,464.06,,
44628,6077C,0,0,0,22.43,,
44629,6177C,0,0,0,26.67,,
44630,6014C,0,0,0,29.00,,
44631,6114C,0,0,0,31.41,,
44632,6040C,0,0,0,20.91,,
44633,6140C,0,0,0,23.53,,
44634,6039C,0,0,0,21.09,,
44635,6139C,0,0,0,23.32,,
44636,6078C,0,0,0,19.13,,
44637,6178C,0,0,0,27.24,,
44638,6015C,0,0,0,28.81,,
44639,6115C,0,0,0,26.37,,
44640,6042C,0,0,0,20.91,,
44641,6142C,0,0,0,23.63,,
44642,6041C,0,0,0,21.04,,
44643,6141C,6,4,2,19.99,,
44644,6194,0,0,0,23.35,,
44645,6195,2,2,0,17.99,,
44646,6043C,0,0,0,19.73,,
44647,6143C,0,0,0,23.29,,
44649,6076C,0,0,0,21.27,,
44650,6176C,0,0,0,24.57,,
44651,6192,0,0,0,36.77,,
44652,6249C,8,3,5,4.43,,
44655,6093C,0,0,0,21.05,,
44656,6193C,0,0,0,22.79,,
44657,6044C,0,0,0,24.39,,
44658,6045C,0,0,0,26.99,,
44659,6144C,0,0,0,25.40,,
44660,6145C,0,0,0,25.40,,
44661,6046C,0,0,0,30.64,,
44662,6146C,0,0,0,31.84,,
44663,6051C,0,0,0,37.88,,
44664,6086,0,0,0,40.75,,
44666,6151,0,0,0,48.71,,
44670,527ID-IHN,0,0,0,909.09,,
44679,440,9,6,3,31.57,,
44684,001-122-790,0,0,0,194.55,,
44687,A62361,11,6,5,87.49,,
44688,A80005,6,2,4,112.49,,
44689,A62362,11,4,7,145.82,,
44690,A80006,6,2,4,183.32,,
44698,ZDIGSPL2000,5,4,1,325.80,,
44708,740087-1,3,3,0,27.59,,
44717,MDA-1,7,3,4,538.30,,
44718,MDA-2,3,1,2,293.30,,
44719,MDA-3,2,2,0,265.30,,
44722,E22158,12,5,7,112.49,,
44738,808-9002,0,0,0,21.69,,
44742,27760,3,3,0,156.42,,
44757,40631,6,4,2,57.01,,
44758,40621,42,9,33,12.92,,
44767,1016,60,9,51,20.04,,
44780,A80010,2,0,2,1629.62,,1999.00
44786,K00-00118-01,3,1,2,11.49,,
44791,806-1851,3,3,0,1571.49,,
44811,101099,4,0,4,130.51,,216.29
44812,101100,7,1,6,144.16,,238.39
44841,010-11654-07,0,0,0,29.99,,
44842,010-01010-00,1,1,0,149.99,,
44846,5215-AIS,10,1,9,61.55,,
44847,100-329-371,0,0,0,14.55,,
44862,R001441,6,4,2,68.21,,
44866,MMW-IE,0,0,0,856.93,,
44867,MMW-IIE,0,0,0,1003.50,,
44868,MMW-IIIE,0,0,0,1100.57,,
44869,SE-100,0,0,0,357.00,,
44870,SE-142,0,0,0,623.40,,
44871,SE-162,0,0,0,669.00,,
44872,81-2010-12,13,10,3,1173.86,,
44873,81-2530-12,10,6,4,1504.87,,
44874,A18127,3,1,2,416.66,,
44875,EOS-II-BK,1,0,1,36.69,,
44876,A80151,7,3,4,76.69,,
44885,QUAD-BK,5,3,2,21.69,,
44938,E70010,11,4,7,301.62,,
44940,PX0852,0,0,0,8.00,,
44955,72-0177,0,0,0,28.33,,
44977,37064-0000,4,2,2,176.05,,
44990,WX1-005-014,0,0,0,50.00,,
44995,010-11838-00,21,1,20,13.75,,
45006,500187,2,0,2,279.99,,
45011,1012,2,2,0,12.99,,
45013,1014,0,0,0,5.63,,
45019,67510,1,0,1,114.99,,
45056,001-500594,0,0,0,205.68,,
45057,001-500596,0,0,0,1135.23,1724.00,
45079,STC1000101,1,0,1,29.99,,
45100,PG700,2,1,1,643.95,,
45104,"GB 04985",11,4,7,11.47,15.95,
45105,"TA 04885",11,7,4,11.47,15.95,
45106,"TA 04806",0,0,0,19.35,27.95,
45108,"MX 32806",10,5,5,10.69,16.95,
45125,010-11832-00,0,0,0,15.99,,
45126,1152,0,0,0,5.53,,
45136,010-11843-00,12,4,8,15.99,,
45137,010-11843-02,0,0,0,15.99,,
45138,010-11843-01,0,0,0,39.99,,
45183,127,14,10,4,138.67,,
45230,010-11454-00,0,0,0,41.24,,
45231,OC17SUK34,3,2,1,377.30,,
45232,20330008,0,0,0,630.00,,
45234,10080035,0,0,0,700.00,,
45235,10080038,0,0,0,840.00,,
45414,A80159,5,2,3,120.82,,
45440,Z83120,2,0,2,134.19,229.99,
45452,TPOM120,0,0,0,78.97,,
45453,TPOM80,0,0,0,73.76,,
45459,10400G,19,6,13,18.32,,
45460,10401G,13,6,7,22.65,,
45461,10403G,13,0,13,33.24,,
45462,10404G,6,0,6,38.05,,
45463,10405G,7,7,0,44.85,,
45466,10455G,15,6,9,49.11,,
45470,16681A,13,7,6,23.12,,
45471,16691A,5,0,5,6.09,,
45472,27481,30,18,12,21.39,,
45473,32420A,20,12,8,8.90,,
45475,010-11829-00,9,5,4,224.99,,
45476,010-11829-01,3,0,3,29.99,,
45477,010-11829-02,3,0,3,52.49,,
45481,010-11814-02,0,0,0,13.75,,
45498,000-011-704,0,0,0,657.27,,
45533,2827,2,2,0,567.55,,
45534,2828,0,0,0,703.01,,
45535,TB-01,0,0,0,388.13,,
45536,TP-01,0,0,0,388.13,,
45537,RA-01,4,2,2,70.31,,
45538,SPH-8-W,0,0,0,362.65,,
45539,SPH-12-W,0,0,0,410.29,,
45540,SPD-7-W,0,0,0,383.82,,
45541,SPD-8-W,2,2,0,420.88,,
45542,SPD-12-W,1,0,1,444.71,,
45596,010-11785-00,5,3,2,15.10,,
45600,PAD4000.4,2,2,0,289.99,,
45674,12,57,24,33,142.43,,
45684,46DR,148,39,109,37.10,,
45687,ID20,31,17,14,34.99,,
45723,0615DP2STS,0,0,0,89.80,,
45726,0616DP2STS,0,0,0,161.44,,
45792,F16-0150-F,0,0,0,514.17,,
45795,F16-0212-F,4,2,2,179.99,,
45815,GSC-0025-1,7,4,3,96.47,,
45844,RK-0002PB,15,8,7,170.71,,
45850,RK-0001SB,4,2,2,83.96,,
45855,RK-0001PCB,0,0,0,70.50,,
45868,COK-0008B-1,22,11,11,18.59,,
45874,PX0837/5M00,0,0,0,124.08,,
45915,F16-2700-1,0,0,0,62.18,,
45916,F16-2751-1,4,2,2,129.58,,
45917,F16-2753-1,0,0,0,202.17,,
45918,F16-2752-1,4,3,1,254.45,,
45923,P03-063W,5,2,3,50.17,,
45924,P03-064B,2,0,2,68.05,,
45925,P03-064W,0,0,0,63.01,,
45928,P03-132W,0,0,0,53.77,,
45929,P03-133W,6,3,3,58.14,,
45930,P03-134W,0,0,0,65.79,,
45932,P01-2120W,23,23,0,44.99,,
45946,461,20,14,6,134.99,,
45947,460,8,5,3,149.99,,
45948,462,14,12,2,97.49,,
45951,1551,31,19,12,20.27,,
45959,151,0,0,0,29.99,,
45960,385,60,45,15,23.65,,
45961,3120,33,32,1,30.41,,
45962,3101,14,9,5,20.27,,
45963,3150,36,20,16,47.30,,
45964,3151,3,2,1,24.99,,
45965,3200,3,1,2,33.78,,
45966,1705,3,2,1,44.99,,
45967,3155,8,8,0,8.57,,
45974,2027,0,0,0,51.90,,
45976,447,2,2,0,85.74,,
45977,453,0,0,0,18.51,,
45978,455,6,6,0,19.34,,
45980,438,7,7,0,13.49,,
45981,414,5,5,0,3.76,,
45982,415,16,16,0,3.83,,
45983,2500,4,4,0,483.72,,
45995,42009G,9,5,4,1176.95,,
45996,42010R,6,4,2,1230.86,,
45997,42011T,1,0,1,1458.88,,
45998,42012V,5,3,2,1532.44,,
45999,42017F,2,2,0,501.17,,
46000,42018H,2,0,2,420.40,,
46001,42023A,6,1,5,453.38,,
46002,42026G,3,2,1,288.24,,
46004,42028L,4,2,2,32.71,,
46005,42029N,4,2,2,52.52,,
46006,42052H,5,2,3,27.17,,
46007,42053K,2,2,0,35.95,,
46008,42056S,5,4,1,32.07,,
46009,42060G,8,4,4,32.07,,
46010,71021K,2,2,0,96.29,,
46011,73639T,4,3,1,37.37,,
46012,EM11,0,0,0,3396.52,,
46013,EM12,0,0,0,4667.26,,
46014,EM21,0,0,0,5188.55,,
46015,EM22,0,0,0,6675.22,,
46016,EE11,0,0,0,2859.21,,
46017,EE12,0,0,0,5036.70,,
46018,EE21,0,0,0,3223.53,,
46019,EE22,0,0,0,4776.21,,
46020,MM11,0,0,0,4298.65,,
46021,MM12,0,0,0,5569.39,,
46022,MM21,0,0,0,6817.09,,
46023,MM22,0,0,0,8312.38,,
46024,MM11T,0,0,0,4352.56,,
46025,MM12T,0,0,0,5677.21,,
46026,MM21T,0,0,0,6890.65,,
46028,ME11,1,1,0,3752.79,,
46029,ME12,1,1,0,5023.53,,
46030,ME21,0,0,0,5212.91,,
46031,ME22,0,0,0,6708.19,,
46046,E70066,2,1,1,240.48,,
46047,E70145,5,3,2,385.59,,
46049,E70064,4,0,4,211.95,,
46050,E70142,8,5,3,277.98,,
46051,E70143,0,0,0,297.54,,
46054,E70058,0,0,0,448.36,,
46056,E70060,2,0,2,493.20,,
46058,E70059,1,1,0,448.36,,
46059,E70148,3,2,1,448.36,,
46060,E70061,5,1,4,493.20,,
46062,E70150,4,2,2,896.73,,
46146,1901140,2,0,2,439.44,,
46147,1901130,4,4,0,334.21,,
46148,1901120,5,3,2,267.37,,
46149,1901020,0,0,0,225.59,,
46165,1810302,1,0,1,352.15,,
46166,1810303,1,0,1,352.15,,
46195,710236-1,4,2,2,77.92,,
46224,1866460,3,0,3,25.41,,
46261,SLT6,32,20,12,98.36,,
46262,SLT10,43,23,20,116.68,,
46264,A06074,5,2,3,29.82,,
46272,305CRMB,27,8,19,23.03,,
46276,DE3034F,0,0,0,213.64,,
46277,DE3036F,0,0,0,281.90,,
46284,010-11483-00,23,12,11,20.99,,
46285,010-11482-01,0,0,0,41.24,,
46292,101134,0,0,0,531.01,,808.79
46295,3201,6,6,0,5.43,,8.98
46296,3202,8,7,1,5.43,,8.98
46297,3203,20,10,10,5.43,,8.98
46298,101135,0,0,0,559.45,,853.29
46299,101133,0,0,0,535.15,,815.09
46300,3205,11,7,4,13.35,,21.98
46301,3206,14,7,7,13.35,,21.98
46302,3207,9,3,6,13.35,,21.98
46316,101137,0,0,0,100.49,,152.09
46317,101138,14,12,2,99.32,,153.19
46318,101139,12,6,6,99.98,,153.89
46319,109PC,17,7,10,31.00,,
46320,118PF,7,2,5,29.26,,
46321,124PF,0,0,0,34.94,,
46322,124PF6,4,1,3,37.00,,
46323,136PF,7,1,6,41.81,,
46324,136PF6,26,8,18,51.76,,
46325,136PF9,0,0,0,69.19,,
46326,101097,6,2,4,103.38,,157.09
46327,101098,8,5,3,102.85,,156.39
46329,101147,0,0,0,162.80,,236.69
46330,101148,0,0,0,165.77,,241.69
46331,101144,4,3,1,18.79,,29.39
46332,101145,8,8,0,18.68,,29.19
46333,101146,21,7,14,18.90,,29.49
46334,216PC,0,0,0,37.64,,
46335,224PF,0,0,0,31.80,,
46336,230PF,0,0,0,35.67,,
46337,315FP4,0,0,0,66.14,,
46338,315FP6,0,0,0,74.66,,
46339,318P,0,0,0,26.90,,
46340,318P1/FPS3R,12,5,7,41.01,,
46343,519CG#3,0,0,0,513.55,,
46347,524C,0,0,0,290.45,,
46348,954DP2,0,0,0,217.03,,
46350,1174-BUCKET,1,1,0,176.64,,
46351,1177-BUCKET,0,0,0,193.31,,
46387,FPS-3R,0,0,0,11.37,,
46390,FVR1-3/4,0,0,0,17.83,,
46392,FPH-1-1/4-4,0,0,0,39.50,,
46394,FPH-1-1/4-6,0,0,0,46.06,,
46411,DP10-B,11,3,8,4.54,,
46412,DP10-W,0,0,0,4.54,,
46416,DP40-N,10,10,0,11.50,,
46417,DP40-B,12,10,2,15.19,,
46418,DP40-W,20,9,11,15.19,,
46419,DP40-B-C,14,10,4,19.07,,
46420,DP40-N-C,0,0,0,19.07,,
46421,DP40-W-C,0,0,0,19.63,,
46423,DP60-B,24,10,14,17.49,,
46424,DP60-N,6,6,0,17.50,,
46425,DP60-W,8,3,5,22.06,,
46426,DP60-B-C,15,10,5,26.47,,
46428,DP60-W-C,10,1,9,26.47,,
46429,DP62-B,4,4,0,22.06,,
46431,DP62-W,0,0,0,21.43,,
46433,DP80-N,0,0,0,32.86,,
46434,DP80-W,0,0,0,32.86,,
46435,DP80-B-C,10,5,5,37.14,,
46436,DP80-N-C,0,0,0,37.14,,
46437,DP80-W-C,0,0,0,37.14,,
46438,DP50-B,0,0,0,17.38,,
46440,DP50-W,9,7,2,17.38,,
46441,DP40BB,0,0,0,38.66,,
46442,DP40BW,0,0,0,39.79,,
46443,DP60BB,0,0,0,46.28,,
46444,DP60BW,0,0,0,46.28,,
46445,DP50BB,0,0,0,39.26,,
46446,DP50BN,0,0,0,38.14,,
46447,DP50BW,0,0,0,39.26,,
46449,DP61-W,0,0,0,23.18,,
46450,DP61-W-C,2,2,0,19.00,,
46451,DP63-N,9,2,7,22.51,,
46452,DP63-W,14,4,10,22.51,,
46453,DP81-W,0,0,0,35.23,,
46455,DP81-N-C,3,0,3,26.99,,
46457,DP83-N,10,2,8,36.26,,
46458,DP83-W,0,0,0,36.26,,
46459,HH-4,12,8,4,55.94,,
46460,HH-6B,24,3,21,16.50,,
46461,HH-6,10,10,0,16.50,,
46462,HH-61B,17,5,12,21.49,,
46463,HH-61,18,7,11,21.49,,
46464,HH-81B,10,10,0,16.50,,
46465,HH-81,10,3,7,18.59,,
46466,HH-8B,4,0,4,20.56,,
46467,HH-8,16,9,7,20.56,,
46468,HH-2,4,4,0,17.49,,
46469,HH-3,5,3,2,28.26,,
46471,305CRPN,30,15,15,12.95,,
46474,F111640,5,5,0,51.99,,
46482,AB-1100-HV-S,0,0,0,251.25,,
46483,AB-1100-HV-M,0,0,0,251.25,,
46484,AB-1100-HV-L,1,1,0,251.25,,
46485,AB-1100-HV-XL,2,2,0,251.25,,
46486,AB-1100-HV-XXL,0,0,0,251.25,,
46487,AC-1100-HV-S,0,0,0,278.13,,
46488,AC-1100-HV-M,0,0,0,278.13,,
46489,AC-1100-HV-L,2,2,0,278.13,,
46490,AC-1100-HV-XL,0,0,0,278.13,,
46491,AC-1100-HV-XXL,0,0,0,278.13,,
46492,438-BUCKET,0,0,0,317.68,,
46494,AS-1100-RB-S,0,0,0,486.88,,
46495,AS-1100-RB-M,0,0,0,486.88,,
46496,AS-1100-RB-L,0,0,0,486.88,,
46497,AS-1100-RB-XL,0,0,0,486.88,,
46498,AS-1100-RB-XXL,0,0,0,486.88,,
46499,AS-1100-HV-S,0,0,0,486.88,,
46500,AS-1100-HV-M,0,0,0,486.88,,
46502,AS-1100-HV-L,0,0,0,486.88,,
46503,AS-1100-HV-XL,0,0,0,486.88,,
46505,AS-1100-HV-XXL,0,0,0,486.88,,
46518,A80013,0,0,0,1450.27,,1779.00
46519,001-112-970,0,0,0,105.45,,
46525,SPM-3I-W,0,0,0,447.19,,
46536,HH,8,5,3,49.14,,
46552,112809,0,0,0,89.79,,141.79
46553,112829,0,0,0,94.33,,149.19
46554,"PDK 25503",9,6,3,122.22,179.95,
46555,113190,23,0,23,79.48,,125.79
46556,113191,0,0,0,110.05,,133.59
46557,113192,0,0,0,105.81,,128.99
46558,113193,0,0,0,42.51,,68.49
46559,113198,35,8,27,79.32,,125.49
46560,113199,19,6,13,81.13,,128.39
46561,113110,12,4,8,82.45,,130.19
46562,113111,12,0,12,110.10,,133.69
46563,113112,0,0,0,106.27,,129.49
46564,113113,20,5,15,42.58,,68.59
46565,113118,19,10,9,79.76,,126.09
46566,113119,20,11,9,79.70,,126.09
46567,113120,6,6,0,80.52,,127.19
46568,113121,8,4,4,110.00,,133.49
46569,113122,0,0,0,109.56,,159.59
46570,113123,18,5,13,42.02,,67.79
46571,113128,31,7,24,79.68,,125.99
46572,113129,17,9,8,79.60,,125.89
46573,MN2KKIT,11,5,6,111.93,,
46574,T70134,11,4,7,112.49,,
46626,41483,0,0,0,91.53,118.63,
46676,010-C1066-00,0,0,0,262.49,,
46694,TPAM80,3,2,1,105.80,,
46695,TPAM120,2,2,0,111.01,,
46696,USB-57B,3,1,2,20.22,,
46747,MS-OS420,2,2,0,42.40,,
46823,21501530,2,2,0,100.75,,
46824,21501540,4,4,0,100.75,,
46932,CT-99,4,2,2,16.67,,
46956,T10-485,18,6,12,23.60,,
46957,18555000A,0,0,0,172.85,,
46958,18550000A,22,11,11,203.81,,
46959,04406043A,41,14,27,149.99,,
46963,M000612,0,0,0,372.23,,
46964,LEMHTA400-S,0,0,0,148.09,,
46965,LEMHTA600-S,0,0,0,180.11,,
46966,NG1-100C,0,0,0,635.61,,
46967,NB1-100C,0,0,0,637.18,,
46968,NF-NF,5,2,3,39.98,,
46969,NM-CF,2,2,0,43.23,,
46970,NM-NM,5,3,2,40.02,,
46971,NM4P-05,0,0,0,48.03,,
46973,61126,0,0,0,25.77,,
46974,66302,1,1,0,35.31,,
46975,66402,0,0,0,36.67,,
46987,DM-DG1-DF-00.5,0,0,0,27.98,,
46989,DM-DG1-DF-01.0,2,0,2,31.98,,
46990,DM-DG1-DF-02.0,6,4,2,36.02,,
46991,DM-DG1-DF-03.0,3,1,2,40.02,,
46992,DM-DG1-DF-04.0,0,0,0,43.97,,
46993,DM-DG1-DF-05.0,0,0,0,48.03,,
46994,48903,2,2,0,51.60,,
46995,48103,0,0,0,51.60,,
46996,DM-DG1-DF-06.0,0,0,0,52.03,,
46998,DM-DG1-DF-08.0,0,0,0,55.97,,
47001,DM-DG1-DF-10.0,0,0,0,59.96,,
47003,DM-DB1-DF-00.5,0,0,0,27.98,,
47006,28103-00,0,0,0,51.60,,
47007,38103,4,2,2,51.60,,
47008,16004B,0,0,0,148.86,,
47010,DM-DB1-DF-01.0,3,3,0,32.02,,
47011,60000,0,0,0,77.19,,
47012,DM-DB1-DF-02.0,0,0,0,36.02,,
47013,DM-DB1-DF-03.0,3,2,1,40.02,,
47014,DM-DB1-DF-04.0,0,0,0,44.03,,
47015,DM-DB1-DF-05.0,2,1,1,47.97,,
47016,DM-DB1-DF-06.0,3,3,0,51.97,,
47017,34014,0,0,0,132.32,,
47018,DM-DB1-DF-08.0,0,0,0,56.03,,
47019,34024,0,0,0,107.49,,
47021,DM-DB1-DF-10.0,1,1,0,59.96,,
47023,DG1-100C,4,2,2,435.73,,
47024,DB1-100C,0,0,0,435.73,,
47025,CP-WH-ALM-100,0,0,0,20.01,,
47026,CP-BK-ALM100,0,0,0,19.99,,
47034,OC15109-6,0,0,0,151.65,,
47037,2606,0,0,0,71.63,,
47038,2612,2,2,0,82.16,,
47057,MC0075-1017,0,0,0,57.37,,
47058,MC0075-1034,0,0,0,57.37,,
47059,MC0075-1054,0,0,0,57.37,,
47060,PTM-R1-2,0,0,0,1693.42,,
47061,SPH-3I-W,0,0,0,292.50,,
47065,FP900UW00000A00,18,12,6,25.04,,
47066,FP900DW00000A00,25,9,16,25.04,,
47068,RC121012V,2,1,1,3354.82,4723.58,
47069,RC1210CAP12V,0,0,0,3773.85,5132.43,
47078,S30-15,37,35,2,37.34,,
47103,240-15NM,0,0,0,72.45,,
47347,ME60BT,7,6,1,39.99,,
47428,432-0010-01-00,0,0,0,5243.90,,
47429,432-0010-03-00,0,0,0,6309.90,,
47434,IF-NMEA2K2,0,0,0,290.91,,
47443,MSX65R,15,11,4,72.34,,
47454,MARE-004-1M-7,0,0,0,60.04,,
47456,MS-1035,0,0,0,6.40,,
47457,MS-1085-N,6,6,0,14.39,,
47459,MS-1075,0,0,0,4.33,,
47523,7504,26,26,0,59.65,,
47525,7601,22,6,16,69.99,,
47526,7611,5,0,5,83.13,,
47527,7649,7,5,2,111.00,,
47613,FNB-125,9,6,3,23.33,,
47616,CLIP-24,7,4,3,5.33,,
47661,010-11251-15,0,0,0,31.99,,
47663,124750,6,3,3,169.56,,
47664,311599,6,2,4,27.78,,
47665,311699,8,3,5,27.78,,
47667,S2-6110,0,0,0,1235.95,,
47669,59401,3,0,3,139.99,,
47781,HC1100,20,20,0,6.67,,
47782,HC1600,36,6,30,6.67,,
47823,RH-1,0,0,0,32.50,,
47824,MB30-RLY,0,0,0,32.50,,
47825,ES-3000-01,0,0,0,335.00,,
47839,P104330,0,0,0,222.85,,
47840,P104331,1,1,0,454.36,,
47841,P104332,0,0,0,86.04,,
47842,P104333,0,0,0,107.49,,
47844,P104345,0,0,0,252.11,,
47845,P104340,0,0,0,284.33,,
47846,P104372,0,0,0,249.08,,
47847,P104373,0,0,0,371.40,,
47848,P104335,0,0,0,122.55,,
47850,010-10249-40,1,0,1,74.99,,
47853,010-10218-21,2,0,2,125.99,199.99,
47854,010-10218-22,7,1,6,125.99,199.99,
47855,010-10217-21,0,0,0,202.49,269.99,
47856,010-10217-22,2,1,1,202.49,269.99,
47857,010-11937-20,0,0,0,1049.99,1399.99,
47862,B175C-12-H-8G,1,0,1,986.46,1299.00,
47863,010-11937-22,5,0,5,1049.99,1399.99,
47864,010-11939-20,0,0,0,1087.49,1449.99,
47865,010-11939-21,1,0,1,1087.49,1449.99,
47866,010-11939-22,2,0,2,1087.49,1449.99,
47867,010-11938-20,0,0,0,1387.49,1849.99,
47868,010-11938-21,1,0,1,1387.49,1849.99,
47869,010-11938-22,0,0,0,1387.49,1849.99,
47870,010-11927-20,1,0,1,427.49,569.99,
47871,010-11927-21,2,0,2,427.49,569.99,
47872,010-11927-22,3,1,2,427.49,569.99,
47874,010-11634-21,0,0,0,697.49,929.99,
47875,010-11634-22,1,0,1,697.49,929.99,
47876,010-11636-20,0,0,0,659.99,,
47877,010-11636-21,1,0,1,659.99,,
47878,010-11636-22,2,0,2,659.99,,
47905,010-10717-20,0,0,0,118.99,199.99,
47907,101043,8,0,8,20.56,,32.49
47908,101044,14,6,8,20.61,,32.59
47909,101045,9,4,5,20.96,,33.19
47910,101046,5,3,2,21.63,,34.19
47911,101047,16,4,12,21.32,,33.39
47912,101048,0,0,0,19.05,,29.69
47913,1619DP2BLK,1,0,1,124.65,,
47914,"TM 81585",0,0,0,8.21,10.95,
48004,112509,0,0,0,86.45,,136.59
48005,112529,0,0,0,86.58,,136.79
48017,33-479-01,4,3,1,23.04,28.00,
48026,AIR-331-104-01,0,0,0,86.36,,
48027,AIR-331-104-02,0,0,0,196.00,,
48029,DT-800MSF,0,0,0,355.06,,
48043,FAP7002,2,1,1,1417.53,,
48044,FAP6112,2,2,0,349.66,,
48050,V11-0809BBK70-2,6,3,3,261.87,,
48053,V11-3426BBK50-2,3,1,2,456.74,,
48056,V11-3447BBK70-2,4,2,2,387.96,,
48057,V11-3447WWK50-2,4,1,3,352.64,,
48180,010-11612-00,7,6,1,22.49,,
48237,50010,0,0,0,55.05,,
48238,50015,0,0,0,161.43,,
48239,50016,0,0,0,257.55,,
48240,50020,23,12,11,20.75,,
48241,50044,7,6,1,23.69,,
48242,50025,8,6,2,21.97,,
48243,50048,2,2,0,23.56,,
48244,50030,18,13,5,20.03,,
48245,50040,3,1,2,24.04,,
48246,50050,2,2,0,138.55,,
48247,50055,10,10,0,140.51,,
48258,68,20,10,10,8.78,,
48260,A53S,6,1,5,196.77,,
48261,31911-0002,23,5,18,39.37,,
48262,275,39,27,12,6.43,,
48263,277,13,3,10,10.93,,
48264,278,74,43,31,10.14,,
48265,279,47,22,25,9.56,,
48266,285,13,5,8,8.39,,
48267,286,11,4,7,14.53,,
48270,66,23,11,12,12.81,,
48271,IL200,4,2,2,35.98,,
48272,IL200P,5,2,3,60.54,,
48273,IL200K,2,2,0,64.83,,
48274,IL500P,4,4,0,64.85,,
48277,200WX,2,2,0,1074.85,,
48278,113010,2,0,2,157.26,,
48279,1130-FT,71,71,0,2.50,,
48280,113510,10,3,7,157.26,,
48281,1135-FT,100,100,0,2.50,,
48282,113910,6,2,4,157.26,,
48283,1139-FT,48,48,0,2.50,,
48284,114010,0,0,0,257.94,,
48285,1140-FT,94,94,0,3.80,,
48286,114510,5,3,2,257.94,,
48287,1145-FT,84,84,0,4.80,,
48288,114910,3,1,2,257.94,,
48289,1149-FT,96,96,0,4.80,,
48290,115010,0,0,0,329.00,,
48291,1150-FT,37,37,0,6.50,,
48292,115510,6,3,3,329.00,,
48293,1155-FT,29,29,0,6.50,,
48294,115910,0,0,0,329.00,,
48296,116010,6,4,2,394.30,,
48297,1160-FT,25,25,0,5.77,,
48298,116510,5,2,3,394.30,,
48299,1165-FT,50,50,0,5.77,,
48300,116910,4,2,2,394.30,,
48301,1169-FT,34,34,0,5.77,,
48302,117010,4,2,2,475.09,,
48303,1170-FT,7,7,0,7.17,,
48304,117510,5,3,2,475.09,,
48305,1175-FT,210,210,0,7.17,,
48306,117910,4,2,2,475.09,,
48307,1179-FT,22,22,0,7.17,,
48308,MX8713CR,0,0,0,403.62,,
48309,108310,7,5,2,46.02,,
48310,1083-FT,54,54,0,1.20,,
48311,120710,4,1,3,294.27,,
48312,1207-FT,80,80,0,4.17,,
48313,120910,8,4,4,168.20,,
48314,1209-FT,100,100,0,2.37,,
48315,121110,7,2,5,100.16,,
48316,1211-FT,84,84,0,1.64,,
48317,156610,5,3,2,77.84,,
48318,1566-FT,32,32,0,1.26,,
48319,156410,5,4,1,96.10,,
48320,1564-FT,17,17,0,1.56,,
48328,108010,8,2,6,43.44,,
48329,1080-FT,400,400,0,1.20,,
48330,108810,7,4,3,43.44,,
48331,1088-FT,4,4,0,1.20,,
48332,F16-2810-1,5,2,3,64.99,,
48338,F16-2600POL-1,12,4,8,133.27,,
48339,F16-2623POL-1,10,6,4,140.99,,
48340,F16-2630POL-1,8,5,3,160.77,,
48347,111010,0,0,0,71.38,,
48348,1110-FT,49,49,0,1.72,,
48349,111310,6,2,4,71.38,,
48350,1113-FT,100,100,0,1.72,,
48351,111510,0,0,0,71.38,,
48352,1115-FT,168,168,0,1.72,,
48353,112010,4,1,3,114.83,,
48354,1120-FT,17,17,0,1.78,,
48355,112310,2,2,0,114.83,,
48356,1123-FT,42,42,0,1.78,,
48357,112510,8,4,4,114.83,,
48358,1125-FT,69,69,0,1.78,,
48359,21431730,4,1,3,91.64,,
48360,21431930,5,2,3,91.64,,
48361,252234,30,10,20,1.74,,
48362,242234,12,6,6,16.23,,
48363,244234,5,0,5,47.81,,
48364,252235,22,15,7,1.74,,
48365,242235,11,7,4,16.23,,
48366,244235,3,1,2,47.52,,
48369,252236,34,14,20,1.74,,
48370,242236,13,9,4,16.23,,
48371,244236,12,8,4,47.81,,
48373,252244,37,15,22,2.63,,
48374,242244,23,15,8,22.33,,
48375,244244,7,6,1,63.44,,
48376,252245,59,40,19,2.63,,
48377,242245,11,6,5,22.33,,
48378,244245,6,5,1,66.60,,
48379,252246,17,7,10,2.63,,
48380,242246,17,11,6,22.33,,
48381,244246,10,7,3,74.22,,
48382,252241,4,0,4,2.62,,
48385,HC15F,8,0,8,150.19,259.99,
48387,HC15S,5,0,5,94.18,153.99,
48390,252254,20,8,12,2.63,,
48392,242254,5,0,5,24.15,,
48397,244254,6,4,2,71.43,,
48398,252255,18,10,8,3.06,,
48399,242255,10,3,7,28.51,,
48400,244255,5,4,1,85.41,,
48401,252256,18,8,10,3.06,,
48402,242256,5,5,0,28.51,,
48403,244256,5,2,3,85.41,,
48404,252257,7,3,4,3.99,,
48405,242257,5,2,3,15.30,,
48406,252251,11,8,3,3.50,,
48407,252265,22,17,5,3.50,,
48408,242265,5,2,3,32.83,,
48409,244265,14,9,5,98.57,,
48410,252266,10,4,6,4.79,,
48411,242266,12,1,11,44.71,,
48412,244266,0,0,0,136.27,,
48413,252267,9,2,7,4.77,,
48414,252261,6,2,4,4.79,,
48415,252275,5,4,1,3.50,,
48416,242275,6,1,5,34.17,,
48417,252276,11,1,10,3.50,,
48418,242276,3,1,2,34.17,,
48427,252285,13,6,7,4.00,,
48428,242285,7,5,2,39.47,,
48429,244285,4,2,2,116.76,,
48430,252286,13,5,8,4.00,,
48432,242286,14,6,8,44.06,,
48433,244286,2,1,1,116.76,,
48434,252287,8,4,4,5.23,,
48435,252295,20,13,7,4.79,,
48436,242295,13,12,1,46.48,,
48437,244295,6,3,3,138.49,,
48438,252296,39,16,23,4.79,,
48439,242296,14,8,6,46.48,,
48440,244296,4,3,1,138.49,,
48441,252297,11,7,4,4.77,,
48442,242297,9,4,5,18.86,,
48443,260100,121,66,55,3.27,,
48444,260200,85,45,40,3.56,,
48445,260325,24,7,17,6.24,,
48446,260010,8,6,2,7.80,,
48447,260012,16,12,4,9.17,,
48448,260322,8,6,2,24.12,,
48460,1035,0,0,0,8.61,,
48465,21432311,0,0,0,82.53,,
48466,21501740,3,3,0,100.75,,
48467,21501940,8,4,4,100.75,,
48482,010-11855-00,0,0,0,15.99,,
48483,G-5,3,3,0,45.77,,
48484,G-7,21,16,5,58.75,,
48485,G-11,3,3,0,80.61,,
48486,G-16,8,2,6,116.82,,
48487,G-23,2,1,1,184.45,,
48488,000-171-974,0,0,0,175.45,,
48489,000-171-975,0,0,0,114.55,,
48493,010-11617-10,5,4,1,33.75,,
48494,118505,3,1,2,349.20,,
48495,1185-FT,44,44,0,9.53,,
48496,119505,8,3,5,371.60,,
48497,1195-FT,34,34,0,11.93,,
48498,252715,2,0,2,5.83,,
48499,242715,7,3,4,23.21,,
48500,252716,17,2,15,6.13,,
48501,242716,7,4,3,23.67,,
48502,252717,10,5,5,6.13,,
48503,252725,17,9,8,7.45,,
48504,242725,17,8,9,31.99,,
48505,252726,12,8,4,7.50,,
48506,242726,20,9,11,31.99,,
48507,252727,14,8,6,7.50,,
48508,242727,11,6,5,31.99,,
48522,010-01140-00,9,3,6,374.99,,
48526,432-0010-11-00,0,0,0,6227.90,,
48527,432-0010-13-00,0,0,0,7156.00,,
48529,311399,5,0,5,27.78,,
48530,311499,6,2,4,27.78,,
48531,312399,16,9,7,38.28,,
48532,312499,4,2,2,38.28,,
48533,312599,14,6,8,38.28,,
48534,312699,5,2,3,38.28,,
48548,MS-BT100,35,35,0,45.49,,
48628,1247-FT,40,40,0,0.60,,
48639,LLB-33JW-81-OT,2,2,0,50.91,,
48641,LLB-33RW-81-OT,0,0,0,50.91,,
48642,LLB-33SW-81-OT,0,0,0,50.91,,
48643,LLB-49WR-21-CR,3,3,0,80.12,,
48658,010-11580-00,2,2,0,17.49,,
48684,A80228,4,2,2,195.82,,
48707,LLB-11TW-61-00,0,0,0,9.89,,
48711,LLB-21UW-21-00,4,1,3,9.89,,
48714,PRC200BC,29,21,8,84.77,136.99,
48715,LLB-21TW-21-00,2,2,0,9.89,,
48717,LLB-216W-21-00,0,0,0,9.14,,
48721,LLB-186W-21-00,3,3,0,7.62,,
48722,LLB-202W-21-00,1,1,0,6.85,,
48727,LLB-26FC-21-00,0,0,0,9.14,,
48728,LLB-26FW-21-00,0,0,0,9.14,,
48729,LLB-229W-21-00,0,0,0,3.80,,
48730,LLB-269W-21-00,0,0,0,3.80,,
48736,LLB-44BG-01-00,0,0,0,4.40,,
48737,LLB-44DG-01-00,0,0,0,4.40,,
48738,LLB-44EE-01-00,0,0,0,11.00,,
48739,LLB-453W-01-02,0,0,0,39.98,,
48740,LLB-453W-01-05,1,1,0,68.80,,
48741,LLB-453R-01-02,0,0,0,39.98,,
48742,LLB-453R-01-05,2,2,0,68.80,,
48743,LLB-453B-01-02,0,0,0,39.98,,
48744,LLB-453B-01-05,5,2,3,68.80,,
48745,05903-00,1,0,1,71.98,,
48746,LLB-463W-01-05,0,0,0,45.55,,
48750,22102,4,2,2,39.42,,
48751,22702,3,2,1,36.56,,
48752,22502,5,3,2,36.56,,
48756,33103,0,0,0,42.10,,
48757,LLB-453M-01-02,0,0,0,39.98,,
48758,LLB-453M-01-05,2,0,2,68.80,,
48772,1050,0,0,0,29.47,,
48775,2010,19,12,7,28.39,,
48776,4020,25,11,14,27.62,,
48779,80300,5,4,1,53.59,,
48792,805950,9,9,0,24.29,,
48793,805900,11,4,7,48.57,,
48794,805950B,10,5,5,22.97,,
48795,805900B,21,10,11,45.33,,
48796,AT-3-50,2,2,0,18.92,,
48797,803900,9,4,5,37.84,,
48798,803950B,10,6,4,18.92,,
48799,803900B,0,0,0,37.84,,
48801,80113,3,3,0,11.79,,
48802,80113B,22,13,9,15.00,,
48803,83212,15,9,6,19.38,,
48804,83216,17,7,10,21.89,,
48805,83220,15,6,9,24.38,,
48806,83224,9,5,4,25.54,,
48807,102412,2,1,1,24.00,,
48809,102424,1,1,0,27.70,,
48812,142016,17,8,9,27.57,,
48813,142024,0,0,0,29.32,,
48815,142032,0,0,0,41.89,,
48816,142040,0,0,0,46.49,,
48823,80725,0,0,0,55.86,,
48824,807100,0,0,0,228.38,,
48825,809025,5,3,2,27.36,,
48826,809100,0,0,0,109.46,,
48827,901024,0,0,0,59.05,,
48828,901420,0,0,0,64.32,,
48831,60250,0,0,0,16.22,,
48833,60500,0,0,0,29.73,,
48834,60625,0,0,0,32.43,,
48835,60750,0,0,0,38.51,,
48836,601000,0,0,0,44.26,,
48838,80375,0,0,0,30.28,,
48839,80500,0,0,0,44.76,,
48840,80625,0,0,0,50.34,,
48841,80750,0,0,0,59.68,,
48842,801000,0,0,0,66.55,,
48866,CVS-1266012,0,0,0,965.30,,
48867,CVS-1266020,0,0,0,965.30,,
48873,201010,1,1,0,265.19,,
48874,402010,2,1,1,272.53,,
48883,71245,3,2,1,8.82,,
48884,90051,0,0,0,23.65,,
48885,90191-00,0,0,0,23.65,,
48886,90261,0,0,0,41.77,,
48889,90331,0,0,0,26.44,,
48891,90511,0,0,0,22.96,,
48892,90681-00,0,0,0,22.62,,
48893,90791,0,0,0,22.96,,
48896,09-1026B-9,0,0,0,22.46,,
48897,09-1027B-10,0,0,0,32.37,,
48899,09-1028B-9,0,0,0,34.35,,
48901,09-1052S-9,0,0,0,20.64,,
48902,09-1077B-9,0,0,0,27.74,,
48903,09-13384,3,2,1,143.99,,
48907,09-5000,0,0,0,60.77,,
48908,09-6000,0,0,0,60.77,,
48909,09-802B,0,0,0,97.89,,
48912,09-810B-9,0,0,0,22.72,,
48914,09-814B,0,0,0,84.54,,
48916,09-819B-9,0,0,0,58.12,,
48917,09-820B,0,0,0,244.02,,
48920,09-824P-9,0,0,0,25.10,,
48921,09-842B,0,0,0,260.11,,
48922,09-843S-9,0,0,0,27.74,,
48972,T70152,0,0,0,1793.47,,
48973,T70153,2,1,1,1793.47,,
48974,T70154,3,2,1,1467.38,,
49025,15101,0,0,0,89.79,,
49034,32-0510-50,0,0,0,208.41,,
49037,412-BK,3,3,0,6.93,,
49040,19-0410,0,0,0,347.35,,
49048,A80229,7,2,5,224.99,,
49049,A80230,3,1,2,341.66,,
49050,A80227,0,0,0,137.49,,
49078,32-1087-50,1,0,1,69.99,,
49092,1128A00BLK,7,3,4,179.76,,
49093,1127RA0BLK,0,0,0,179.76,,
49094,1127GA0BLK,4,0,4,179.76,,
49095,1129A00BLK,2,0,2,179.76,,
49096,1129MA0BLK,0,0,0,179.76,,
49097,1130A00BLK,0,0,0,179.76,,
49098,1365E00BLK,0,0,0,473.36,,
49099,0314C0712V,2,1,1,1188.41,,
49100,PSU017,0,0,0,627.32,,
49104,E70096,5,3,2,733.68,,
49108,E70098,3,2,1,529.88,,
49109,E70099,4,2,2,815.21,,
49110,E70139,0,0,0,1834.23,,
49111,E70100,6,2,4,1874.99,,
49112,R70160,3,1,2,208.32,,
49113,0374001CLR,0,0,0,45.93,,
49114,0374002CLR,29,8,21,48.66,,
49116,0374003CLR,0,0,0,45.93,,
49117,0374004CLR,3,1,2,45.93,,
49118,0342024CLR,0,0,0,64.20,,
49130,16004B-24,1,1,0,124.99,,
49133,10-13252-103-BW,0,0,0,152.10,,
49134,10-13252-107-BW,0,0,0,154.81,,
49135,10-13350-03,0,0,0,195.73,,
49136,10-13350-04,1,0,1,220.53,,
49137,10-13395-103,0,0,0,116.79,,
49139,73681S,4,2,2,76.89,,
49140,42054M,0,0,0,53.71,,
49141,42057U,4,2,2,37.97,,
49142,"UFO X",30,30,0,179.99,,
49143,7241321FG,5,4,1,166.78,,
49145,7241321FGK,4,4,0,191.89,,
49146,7241521FGK,10,3,7,200.65,,
49153,58121,7,4,3,229.93,,
49154,58130,5,3,2,231.93,,
49155,58131,8,5,3,261.33,,
49156,58140,15,8,7,198.07,,
49158,58180,23,22,1,46.77,,
49159,58182,2,2,0,49.39,,
49160,58183,0,0,0,82.43,,
49162,58231,8,4,4,52.39,,
49163,58300,20,9,11,46.97,,
49164,58275,0,0,0,39.62,,
49167,CAB000863,1,1,0,15.66,,
49182,B265LH,0,0,0,1422.22,,
49184,PM265LH,0,0,0,1438.20,,
49189,11953-4,5,2,3,30.35,,
49194,11780-6,17,7,10,4.77,,
49195,11776-5,3,3,0,25.21,,
49196,11775-5,3,3,0,14.29,,
49217,6005200,8,3,5,21.96,,
49218,6010200,8,4,4,44.44,,
49219,6011200,9,4,5,36.56,,
49220,12VCP,25,6,19,40.27,,
49221,150BBI,72,39,33,20.51,,
49222,S20-15,0,0,0,45.31,,
49223,S15-30,24,18,6,37.34,,
49224,S20-30,2,2,0,62.23,,
49225,6152SPP-25,8,6,2,441.81,,
49226,6152SPPW-25,7,2,5,514.30,,
49227,6152SPP,3,1,2,620.83,,
49228,6152SPPW,0,0,0,673.58,,
49229,12VBR,6,3,3,21.80,,
49230,12VBP,13,7,6,15.67,,
49231,12VBRAD,12,5,7,14.28,,
49232,12VCP6,5,2,3,45.37,,
49240,6369CR,0,0,0,112.66,,
49241,6370CR,2,2,0,90.92,,
49242,305CRRB,5,3,2,25.69,,
49243,6371EL-B,7,4,3,123.66,,
49244,6373EL-B,12,8,4,158.26,,
49245,6373EL,12,2,10,167.83,,
49246,2018BP-12,0,0,0,19.40,,
49247,2018BP-24,14,10,4,18.45,,
49248,2018BR-MB,10,6,4,57.72,,
49249,2018PKG,2,0,2,93.64,,
49250,2018BR,3,1,2,38.72,,
49257,RY504-2-30,7,5,2,321.28,,
49259,110A,8,2,6,102.35,,
49260,115A,2,1,1,166.10,,
49261,117A,6,2,4,142.99,,
49262,199120,11,6,5,110.02,,
49263,12VPG,12,10,2,8.07,,
49264,12VCPS2,34,22,12,32.58,,
49301,151200-200-004-13,4,4,0,65.33,,
49302,100200-200-002-12,12,7,5,52.00,,
49305,100100-200-002-12,7,7,0,55.71,,
49306,100100-200-004-12,6,6,0,64.29,,
49308,102000-200-002-12,0,0,0,13.47,,
49309,102000-200-004-12,1,0,1,10.49,,
49310,102000-200-005-12,0,0,0,13.47,,
49312,102200-200-004-12,2,2,0,66.94,,
49333,A80277,0,0,0,312.49,,
49335,A80273,0,0,0,38.34,,
49345,6360CRN,8,2,6,72.44,,
49346,6153SPP,6,2,4,437.37,,
49347,6153SPP-25,0,0,0,389.40,,
49348,6153SPPW,0,0,0,509.08,,
49351,CS30-12,11,8,3,57.95,,
49352,CS30-25,10,3,7,98.57,,
49353,CS30-50,23,10,13,112.99,,
49354,CS503-25,5,2,3,428.19,,
49355,CS503-50,5,3,2,480.92,,
49356,CS504-25,7,3,4,485.86,,
49357,CS504-50,7,2,5,682.69,,
49358,P15-30,9,4,5,48.12,,
49359,P30-15,0,0,0,53.06,,
49360,P503-30,4,3,1,120.35,,
49361,P30-503,8,5,3,154.65,,
49362,P504-30,4,2,2,141.69,,
49363,P30-504,2,2,0,168.14,,
49364,P504-503,3,2,1,205.64,,
49365,Y503-2-30,0,0,0,225.84,,
49366,Y504-2-30,6,2,4,194.33,,
49367,Y504-2-503,0,0,0,431.42,,
49368,Y30-2-30,4,2,2,174.99,,
49369,Y504-2-504,4,2,2,416.66,,
49394,305CRCN.VPK,19,10,9,39.86,,
49395,103RN,17,16,1,13.24,,
49396,103ELN,0,0,0,14.14,,
49397,6361CRN,7,2,5,62.10,,
49404,7715CRN,29,15,14,20.51,,
49405,7715ELN,7,4,3,20.51,,
49406,A80160,8,2,6,72.43,,
49407,18598-1000,9,3,6,84.22,,
49410,GS-280,6,2,4,1636.72,,
49411,GS-2801,5,2,3,1652.19,,
49513,010-11932-00,0,0,0,19.99,,
49537,GS-170-2,5,3,2,517.83,,
49538,F16-0311C-1,0,0,0,122.15,,
49543,V30-0744B8-2,13,6,7,11.45,,
49544,V30-0748B8-2,9,5,4,14.09,,
49545,V30-1333B10-1,12,7,5,22.72,,
49546,V30-0202B10-1,10,4,6,25.68,,
49547,V30-0109B10-1,16,8,8,20.47,,
49548,V30-0113B10-1,7,1,6,21.08,,
49549,V30-1005B25-1,4,3,1,56.08,,
49550,V30-1005W25-1,6,3,3,56.08,,
49551,V30-1008B25-1,5,2,3,56.08,,
49552,V30-1008W25-1,14,8,6,56.08,,
49553,V30-1312B25-1,0,0,0,63.27,,
49554,V30-1312W25-1,8,6,2,63.45,,
49555,V30-1316B25-1,3,2,1,63.31,,
49556,V30-1316W25-1,3,2,1,60.71,,
49568,MS6007BR,6,2,4,51.94,,
49570,22823,0,0,0,13.44,,
49571,22833,12,12,0,19.21,,
49572,22853,13,13,0,29.50,,
49585,P66-BL,0,0,0,150.12,199.00,
49597,A28167,8,5,3,63.91,,
49622,1901122,0,0,0,309.57,,
49665,010-11409-20,5,2,3,11.24,,
49718,CN-3,37,2,35,7.33,,
49721,FBA-42,4,2,2,16.67,,
49723,FBA-44,3,3,0,16.67,,
49727,B117-DT-BL,0,0,0,218.81,289.99,
49733,E-DC-19A,5,3,2,22.00,,
49734,E-DC-6,4,1,3,6.67,,
49735,SPR-1I-RM,4,2,2,140.29,,
49736,SPR-7-RM,0,0,0,344.12,,
49740,001-167-880-10,0,0,0,54.55,,
49741,001-167-900-10,0,0,0,100.91,,
49745,LLB-28NW-24-SY,2,0,2,42.26,,
49750,"SS 01306",0,0,0,10.69,16.95,
49754,"BC 01806",27,13,14,11.67,17.95,
49755,"BC 01810",27,17,10,50.72,69.95,
49759,LLB-33AW-81-OT,0,0,0,47.73,,
49760,LLB-33BW-81-OT,0,0,0,47.73,,
49761,LLB-33CW-81-OT,0,0,0,58.56,,
49762,LLB-33EW-81-OT,0,0,0,50.91,,
49766,3970.3,0,0,0,59.57,,
49767,3971.3,103,75,28,65.48,,
49772,010-11977-00,0,0,0,14.99,,
49800,154000-200-020-13,0,0,0,560.00,,
49801,154000-200-004-13,0,0,0,560.00,,
49802,154000-200-005-13,0,0,0,613.33,,
49803,154100-200-020-13,0,0,0,640.00,,
49804,154100-200-004-13,2,2,0,524.99,,
49805,154100-200-005-13,0,0,0,693.33,,
49819,E70227,2,1,1,269.01,,
49820,2714.4,0,0,0,183.71,,
49850,11031A,0,0,0,6.73,,
49851,11065A,20,10,10,5.10,,
49852,23000,0,0,0,19.56,,
49853,23102,3,0,3,14.21,,
49854,23103,3,0,3,22.74,,
49855,25006GA,11,4,7,21.74,,
49856,27700,12,8,4,169.16,199.99,
49857,27710,14,8,6,189.34,229.99,
49858,27850,13,8,5,41.39,,
49859,29300,10,10,0,18.49,,
49860,29330,11,0,11,17.79,,
49861,29331,0,0,0,22.95,,
49862,29332,2,2,0,20.12,,
49863,29333,5,0,5,18.77,,
49864,27635,2,0,2,217.44,259.99,
49865,26051A,10,6,4,21.27,,
49866,26053A,5,0,5,8.77,,
49867,53690A,0,0,0,26.99,49.99,
49868,55108A,14,10,4,65.30,,
49882,133-4,4,4,0,4.89,,
49883,133-16,14,14,0,14.13,,
49885,368,6,6,0,13.95,,
49886,1158,4,4,0,25.88,,
49887,1159,0,0,0,26.44,,
49928,710237-1,0,0,0,97.40,,
49976,720085-1,4,3,1,26.55,,
50042,81-2022-12,12,5,7,1365.41,,
50057,2278,30,17,13,88.53,,
50058,2279,15,4,11,51.88,,
50064,SPL-12W,15,12,3,375.05,,
50067,SPLR-3,5,1,4,38.99,,
50068,202319,9,5,4,5.59,,
50069,202320,0,0,0,5.80,,
50074,3726BC,5,4,1,31.50,,
50075,3730BC,0,0,0,25.73,,
50076,6228BC,0,0,0,49.56,,
50077,6230BC,0,0,0,42.56,,
50078,6228WC,0,0,0,49.54,,
50079,6230WC,0,0,0,42.91,,
50080,02840000A,7,3,4,550.68,,
50082,29092-1000,43,24,19,12.63,,
50083,S-0235C,0,0,0,101.19,,
50084,S-0236C,0,0,0,128.62,,
50087,S-0239C,0,0,0,61.68,,
50088,3226BC,35,27,8,29.55,,
50091,3230BC,34,20,14,22.95,,
50092,6094C,5,2,3,51.88,,
50093,6095C,0,0,0,54.20,,
50094,6096C,5,2,3,50.73,,
50096,S-0976C,2,2,0,6.21,,
50097,S-0976BC,24,20,4,5.97,,
50100,6223C,3,2,1,39.35,,
50101,6349,0,0,0,137.88,,
50102,S-1320,0,0,0,81.39,,
50105,6263,0,0,0,25.63,,
50106,S-1524C,0,0,0,15.00,,
50107,S-1525C,0,0,0,16.13,,
50108,S-1526C,0,0,0,20.76,,
50109,S-1527C,0,0,0,22.75,,
50110,S-1528C,0,0,0,24.36,,
50111,6098C,0,0,0,51.61,,
50112,6099C,0,0,0,101.93,,
50113,6970C,4,2,2,31.49,,
50121,DE1133F,0,0,0,46.52,,
50122,DE1205F,0,0,0,100.49,,
50123,101245,10,5,5,215.44,,349.39
50124,101246,18,7,11,215.51,,349.39
50125,DE1200F,0,0,0,105.52,,
50126,DE95077F,0,0,0,157.47,,
50127,DE1008F,21,9,12,28.20,,
50128,DE1058F,13,6,7,10.45,,
50129,DE1059F,9,6,3,11.96,,
50130,DE73071F,4,2,2,71.33,,
50149,1363660,1,1,0,1477.84,,1749.99
50152,FRRRCR902000A00,0,0,0,358.85,,
50153,FRRRCR904000A00,0,0,0,400.57,,
50154,FRRRCH902000A00,0,0,0,171.08,,
50156,FRRRCP902000A00,0,0,0,121.01,,
50157,FRRRCP904000A00,0,0,0,129.35,,
50166,1363860,4,2,2,1105.60,,
50167,1363844,2,1,1,319.04,,
50169,1363845,1,1,0,355.83,,
50174,1363856,0,0,0,504.15,,
50179,FVC100358220Q00,3,1,2,560.65,,
50193,FVC070312130Q00,1,1,0,353.01,,
50194,FVC070312120Q00,1,1,0,297.93,,
50206,MS-CBUSBFM1,6,3,3,19.49,,
50208,1810222,1,1,0,203.40,,
50213,114110,0,0,0,88.54,,138.49
50214,1852072,0,0,0,31.22,,
50215,1865023,6,3,3,36.32,,
50216,114113,0,0,0,46.00,,70.09
50217,114118,6,4,2,85.64,,131.19
50218,114119,0,0,0,82.05,,128.99
50219,114120,0,0,0,88.54,,138.39
50220,114123,0,0,0,48.51,,78.59
50221,114128,10,6,4,88.52,,138.39
50222,114129,0,0,0,88.44,,138.19
50232,1210-0001-P,6,3,3,33.51,,
50233,13554-0001-P,7,6,1,54.64,,
50234,17018-0001-P,9,3,6,62.70,,
50235,17935-0001-P,15,8,7,63.56,,
50236,17936-0001-P,17,10,7,99.64,,
50237,17937-0001-P,11,3,8,33.57,,
50238,18838-0001-P,8,6,2,37.28,,
50239,18777-0001-P,10,4,6,39.11,,
50240,18948-0001-P,11,5,6,46.75,,
50241,22405-0001-P,12,3,9,25.75,,
50242,6056-0003-P,4,2,2,121.05,,
50243,6303-0003-P,6,4,2,24.91,,
50244,6303-0007-P,33,13,20,38.27,,
50245,836-0001-P,17,7,10,53.77,,
50246,836-0003-P,4,0,4,53.77,,
50247,920-0001-P,5,4,1,32.79,,
50248,14750-0003-P,15,11,4,33.83,,
50249,17370-0001-P,11,4,7,127.49,,
50251,5929-0003-P,12,6,6,91.07,,
50252,6760-0003-P,3,0,3,182.14,,
50253,6080C,0,0,0,18.99,,
50254,9200-0023-P,9,6,3,42.17,,
50255,6180C,0,0,0,22.27,,
50256,920-0003-P,14,6,8,36.42,,
50257,6079C,0,0,0,20.96,,
50258,6179C,4,0,4,22.84,,
50259,6215C,0,0,0,16.20,,
50260,6216C,0,0,0,15.27,,
50261,6091C,0,0,0,20.55,,
50262,6081C,0,0,0,18.99,,
50263,6181C,0,0,0,25.24,,
50264,6225C,0,0,0,19.05,,
50265,6226C,0,0,0,21.57,,
50266,6279C,0,0,0,21.05,,
50267,6280C,0,0,0,22.24,,
50268,6090,0,0,0,51.27,,
50281,6190,0,0,0,56.61,,
50282,6130,0,0,0,53.13,,
50284,6050,0,0,0,26.57,,
50288,6048C,0,0,0,33.99,,
50291,6049C,0,0,0,26.31,,
50293,6084,0,0,0,48.30,,
50295,6184,0,0,0,45.11,,
50299,S-7091P,0,0,0,46.81,,
50300,S-7092P,0,0,0,49.25,,
50303,S-7093P,0,0,0,61.72,,
50307,11901,0,0,0,47.53,,
50333,6028,0,0,0,16.20,,
50334,6029,0,0,0,20.37,,
50335,S-3433,0,0,0,10.31,,
50336,33611,0,0,0,97.78,,
50337,S-1492,6,0,6,5.34,,
50338,33621,17,8,9,99.13,,
50339,S-3030,19,12,7,2.42,,
50340,33631,18,12,6,102.79,,
50341,S-3031,0,0,0,2.40,,
50342,6007,0,0,0,16.21,,
50343,6021,2,0,2,17.19,,
50344,S-3436,0,0,0,10.21,,
50345,S-3032,0,0,0,2.17,,
50346,S-3033,0,0,0,2.15,,
50347,6161,0,0,0,21.84,,
50348,6162,0,0,0,28.24,,
50349,S-3025,0,0,0,6.70,,
50350,S-3439,6,2,4,9.06,,
50351,S-3440,0,0,0,7.93,,
50352,6027C,0,0,0,38.85,,
50353,S-0990C,0,0,0,20.89,,
50354,S-0990BC,0,0,0,21.17,,
50355,6211C,0,0,0,36.96,,
50356,6018C,0,0,0,24.76,,
50357,S-0991,0,0,0,12.13,,
50358,6024L,0,0,0,24.69,,
50359,6024R,2,2,0,24.69,,
50360,6390,0,0,0,14.46,,
50361,6391,0,0,0,14.86,,
50362,6163,0,0,0,12.21,,
50365,6164,0,0,0,15.31,,
50366,S-1497,0,0,0,4.98,,
50367,S-3034,0,0,0,2.14,,
50368,S-3035,0,0,0,2.15,,
50369,S-3415,0,0,0,5.15,,
50370,S-3416,0,0,0,7.77,,
50371,S-3417,0,0,0,6.92,,
50372,S-3418,0,0,0,11.14,,
50373,S-3419,0,0,0,12.95,,
50374,S-3420,0,0,0,12.44,,
50375,S-3421,0,0,0,10.58,,
50376,S-3422,0,0,0,7.75,,
50377,S-3425,0,0,0,12.63,,
50378,6025,4,0,4,11.96,,
50379,6026,3,0,3,17.24,,
50380,S-3428,0,0,0,14.43,,
50381,S-3430,13,7,6,13.89,,
50382,S-0604,0,0,0,13.40,,
50383,S-0604BC,9,3,6,10.77,,
50384,S-0605C,0,0,0,19.27,,
50385,S-0605BC,8,5,3,12.24,,
50386,6384,0,0,0,56.01,,
50387,6160,5,3,2,22.66,,
50388,S-3422R,0,0,0,8.18,,
50389,S-3700,5,5,0,16.04,,
50390,S-3705,18,12,6,12.21,,
50391,S-3444,6,2,4,14.50,,
50392,6342C,0,0,0,36.43,,
50393,S-4051C,0,0,0,19.63,,
50394,S-0579C,0,0,0,12.59,,
50395,S-0579BC,0,0,0,9.63,,
50396,S-1400C,0,0,0,9.20,,
50397,6343C,0,0,0,36.43,,
50398,S-4052C,0,0,0,13.29,,
50399,S-0578C,0,0,0,11.83,,
50400,S-4053C,0,0,0,15.96,,
50401,S-0585C,0,0,0,10.11,,
50402,S-0585BC,0,0,0,10.80,,
50403,S-0586C,0,0,0,18.16,,
50404,S-0586BC,0,0,0,18.20,,
50405,S-0588C,3,3,0,55.41,,
50406,S-0054C,7,4,3,15.92,,
50407,S-0054BC,8,3,5,16.27,,
50408,S-1401C,0,0,0,8.63,,
50409,S-1401BC,5,5,0,9.21,,
50410,S-1402C,0,0,0,10.61,,
50411,S-1402BC,2,0,2,9.06,,
50412,S-1031,0,0,0,19.83,,
50416,S-1032,0,0,0,28.57,,
50417,S-1033,0,0,0,35.86,,
50418,S-5031,0,0,0,4.66,,
50421,S-5032,10,8,2,4.75,,
50423,S-5033,5,1,4,6.64,,
50428,6022C,5,5,0,18.97,,
50429,S-3360C,4,2,2,10.14,,
50431,S-3362C,0,0,0,11.04,,
50432,S-3362BC,0,0,0,11.89,,
50433,S-3364C,5,5,0,13.40,,
50435,S-0222C,8,4,4,11.03,,
50436,S-0223C,0,0,0,9.39,,
50438,S-0229C,5,2,3,6.14,,
50439,S-0977C,5,5,0,6.91,,
50440,S-0503C,0,0,0,10.60,,
50441,S-0148SC,0,0,0,15.99,,
50442,S-0149C,0,0,0,5.72,,
50453,000-11142-001,0,0,0,582.24,,686.00
50464,0456DP4,6,4,2,100.32,,
50465,0456DP6,7,4,3,100.32,,
50466,0456DP7,14,6,8,100.32,,
50467,0457DP4,8,3,5,137.16,,
50468,010-11076-04,27,19,8,26.24,,
50469,0457DP6,5,4,1,168.25,,
50470,0457DP7,5,4,1,168.25,,
50485,S-0096B,0,0,0,34.58,,
50486,60900,0,0,0,167.38,,
50487,60902,0,0,0,218.46,,
50488,60901,0,0,0,172.43,,
50489,60903,0,0,0,229.54,,
50490,67900,0,0,0,169.93,,
50491,67902,0,0,0,223.23,,
50492,67901,0,0,0,175.26,,
50493,67903,0,0,0,234.95,,
50495,60821,0,0,0,27.42,,
50496,60823,0,0,0,12.99,,
50497,60822,0,0,0,12.96,,
50499,60825,0,0,0,29.15,,
50501,60827,0,0,0,13.70,,
50503,60826,0,0,0,13.70,,
50504,60805,0,0,0,34.68,,
50505,60831,0,0,0,47.47,,
50506,60833,0,0,0,17.59,,
50507,60832,0,0,0,17.59,,
50508,60835,0,0,0,54.70,,
50509,60837,4,2,2,17.63,,
50510,60836,0,0,0,17.59,,
50511,60847,0,0,0,84.20,,
50512,60703,0,0,0,94.58,,
50513,60705,1,1,0,86.58,,
50514,60855,0,0,0,54.54,,
50515,60857,0,0,0,33.48,,
50516,60858,0,0,0,29.36,,
50517,60859,0,0,0,22.92,,
50518,60860,0,0,0,19.96,,
50519,60861,0,0,0,41.88,,
50520,60840,0,0,0,48.60,,
50521,60841,0,0,0,28.94,,
50522,60843,0,0,0,49.54,,
50523,60844,0,0,0,36.04,,
50524,60850,0,0,0,21.30,,
50525,60851,0,0,0,20.20,,
50526,60853,0,0,0,18.54,,
50527,60854,0,0,0,11.96,,
50528,60150-20,19,10,9,17.86,,
50529,60151-20,38,12,26,3.86,,
50530,60152-20,28,17,11,26.38,,
50531,60153-20,10,7,3,36.64,,
50532,60154-20,3,1,2,58.98,,
50533,60155-20,9,9,0,66.28,,
50534,60148,0,0,0,4.08,,
50535,60149,0,0,0,6.80,,
50536,60120-A,0,0,0,6.56,,
50537,60130-A,0,0,0,9.07,,
50538,60131-A,20,9,11,12.97,,
50539,60137-A,0,0,0,13.53,,
50540,60145-A,10,5,5,4.42,,
50541,60146-A,19,11,8,5.12,,
50563,157000-300-010-12,0,0,0,15.67,,
50567,157000-300-050-12,0,0,0,15.67,,
50568,152800-300-050-13,7,4,3,38.86,,
50569,152800-300-075-13,6,6,0,43.61,,
50571,102500-702-999-12,0,0,0,14.67,,
50572,102400-702-999-12,0,0,0,13.49,,
50580,1366ME0BLK,0,0,0,473.36,,
50640,60124-A,18,7,11,7.08,,
50641,60127-A,14,6,8,3.84,,
50642,60135-A,9,5,4,5.60,,
50643,60142-A,0,0,0,7.32,,
50644,60147-A,8,6,2,10.21,,
50645,60170,13,8,5,8.29,,
50646,60171,19,14,5,8.31,,
50647,60172,6,5,1,8.31,,
50649,61973,0,0,0,29.99,,
50651,61974,6,2,4,41.71,,
50652,60712,3,1,2,27.08,,
50653,60710,4,4,0,45.19,,
50654,60714,6,6,0,28.44,,
50655,60716,2,2,0,50.65,,
50658,60629,0,0,0,60.70,,
50660,60720,2,2,0,75.95,,
50662,60721,0,0,0,76.10,,
50664,60722,0,0,0,90.56,,
50667,60723,0,0,0,90.75,,
50669,60724,5,3,2,111.51,,
50670,60725,2,2,0,111.30,,
50675,60730,0,0,0,34.00,,
50677,60732,0,0,0,49.78,,
50680,60734,0,0,0,68.30,,
50681,60736,0,0,0,98.25,,
50682,61398,0,0,0,422.03,,
50683,61399,0,0,0,440.38,,
50684,61397,0,0,0,422.03,,
50685,S-3511C,3,1,2,14.70,,
50687,61394C,0,0,0,322.56,,
50688,62402,0,0,0,156.11,,
50689,62406,2,2,0,104.59,,
50690,62404,2,0,2,168.06,,
50698,62414,0,0,0,66.95,,
50699,62408,0,0,0,34.76,,
50700,62550,0,0,0,138.29,,
50701,62418,0,0,0,47.20,,
50702,62416,0,0,0,28.58,,
50703,62421,0,0,0,20.76,,
50704,62420,0,0,0,13.57,,
50705,62434,0,0,0,44.06,,
50706,62432,0,0,0,21.36,,
50707,62433,0,0,0,42.54,,
50708,62618,0,0,0,21.61,,
50709,62620,3,1,2,34.99,,
50710,62425,0,0,0,70.44,,
50711,62426,0,0,0,51.26,,
50712,62440,2,1,1,78.44,,
50713,62436,0,0,0,51.46,,
50714,62438,0,0,0,59.74,,
50715,62444,1,1,0,29.76,,
50716,62446,0,0,0,79.16,,
50717,62442,22,9,13,20.09,,
50718,62540,0,0,0,74.73,,
50719,62544,0,0,0,51.15,,
50720,62354,0,0,0,139.66,,
50721,62344,0,0,0,47.29,,
50722,62322,7,4,3,16.21,,
50738,N2KVIEW,0,0,0,556.34,,
50741,62330,17,5,12,12.74,,
50742,62332,4,3,1,23.06,,
50743,62338,0,0,0,44.44,,
50744,62334,0,0,0,15.86,,
50745,62336,0,0,0,18.49,,
50746,62310,0,0,0,11.01,,
50747,62312,0,0,0,12.99,,
50748,62315,0,0,0,32.90,,
50749,62314,0,0,0,15.31,,
50750,62316,2,0,2,38.91,,
50762,62670,0,0,0,15.51,,
50763,62672,0,0,0,15.51,,
50764,62526,4,2,2,20.78,,
50765,62512,0,0,0,78.45,,
50766,62520,0,0,0,48.51,,
50767,62524,5,3,2,27.26,,
50768,62530,0,0,0,41.08,,
50769,62534,0,0,0,32.93,,
50770,62532,2,0,2,54.83,,
50771,62536,0,0,0,10.94,,
50772,62502,1,0,1,79.80,,
50773,50900-1000,9,6,3,316.62,,
50774,62504,0,0,0,49.85,,
50775,62508,0,0,0,71.48,,
50776,62560,11,6,5,14.67,,
50777,62601,8,5,3,33.51,,
50778,62602,0,0,0,43.03,,
50779,62610,0,0,0,26.09,,
50780,62612,6,0,6,31.91,,
50781,62616,6,5,1,50.91,,
50782,18690-0000,5,3,2,776.57,,
50783,62410,3,1,2,34.06,,
50784,56D-24,14,6,8,234.68,,
50785,62634,2,1,1,64.19,,
50786,60034,0,0,0,101.30,,
50787,60020,0,0,0,262.31,,
50788,60031,0,0,0,240.29,,
50789,60055,0,0,0,377.06,,
50790,60030,2,2,0,264.61,,
50791,60028,0,0,0,289.15,,
50792,60029,0,0,0,894.63,,
50793,60608,0,0,0,25.68,,
50794,60620,3,1,2,84.65,,
50795,60610,2,0,2,18.08,,
50796,60612,0,0,0,30.76,,
50797,60614,0,0,0,36.74,,
50798,60609,6,3,3,6.03,,
50799,60329,0,0,0,26.53,,
50800,60502,6,3,3,19.90,,
50801,60504,3,3,0,11.44,,
50802,60506,7,4,3,8.31,,
50803,60101,19,12,7,11.23,,
50804,60102,7,6,1,17.57,,
50805,60104,18,10,8,26.99,,
50806,60106,15,8,7,33.93,,
50807,60108,11,10,1,63.57,,
50808,60110,3,3,0,77.35,,
50809,60112,7,3,4,92.54,,
50810,60114,42,26,16,17.70,,
50811,65855,0,0,0,54.03,,
50812,63272,5,4,1,12.71,,
50813,65856,0,0,0,37.14,,
50814,63218,0,0,0,55.43,,
50815,63219,0,0,0,105.91,,
50816,60808,0,0,0,17.93,,
50817,60809,0,0,0,63.69,,
50818,60810,0,0,0,127.73,,
50819,60811,9,4,5,18.96,,
50820,60812,2,2,0,25.20,,
50821,60813,0,0,0,72.75,,
50822,60814,0,0,0,18.29,,
50823,60815,0,0,0,58.73,,
50824,60816,0,0,0,18.19,,
50825,60817,0,0,0,8.43,,
50826,60818,7,4,3,70.36,,
50827,02-100-112,0,0,0,253.13,405.00,
50829,02-100-134,0,0,0,253.13,324.00,
50830,02-100-200,0,0,0,253.13,324.00,
50831,02-100-214,0,0,0,253.13,324.00,
50832,02-118-112,0,0,0,253.13,324.00,
50833,02-118-134,0,0,0,253.13,324.00,
50834,02-114-134,0,0,0,289.38,370.40,
50844,02-114-200,0,0,0,289.38,370.40,
50845,02-114-214,0,0,0,289.38,370.40,
50846,02-114-212,0,0,0,289.38,370.40,
50847,02-138-214,0,0,0,289.38,370.40,
50848,02-138-212,0,0,0,289.38,370.40,
50849,02-112-214,0,0,0,383.13,490.40,
50850,02-112-212,6,4,2,383.13,490.40,
50851,02-112-234,0,0,0,383.13,490.40,
50852,02-112-300,0,0,0,383.13,490.40,
50853,02-112-314,0,0,0,383.13,490.40,
50854,02-112-312,0,0,0,383.13,490.00,
50855,02-134-212,0,0,0,418.75,536.00,
50856,02-134-234,0,0,0,418.75,536.00,
50857,02-134-300,0,0,0,418.75,536.00,
50858,02-134-314,0,0,0,418.75,536.00,
50859,02-134-312,0,0,0,418.75,536.00,
50860,02-200-234,0,0,0,492.50,630.40,
50861,02-200-300,0,0,0,492.50,630.40,
50862,02-200-314,2,2,0,492.50,630.40,
50866,02-200-312,0,0,0,492.50,630.40,
50867,02-214-312,0,0,0,561.25,718.40,
50868,02-214-400,0,0,0,561.25,718.40,
50872,02-212-312,0,0,0,561.25,718.40,
50874,02-212-400,0,0,0,561.25,718.40,
50875,02-300-412,0,0,0,800.63,1024.80,
50876,A06068,9,3,6,72.43,,
50932,29045-2000,2,2,0,79.37,,
50933,000-164-608,0,0,0,73.64,,
50936,7717,12,3,9,68.97,72.00,
50937,15125-101,6,5,1,469.01,,
50939,15088-101,1,0,1,549.64,,
50940,15112-101,11,2,9,307.08,,
50941,15095-001,9,4,5,46.61,,
50959,ZDIGGV30,2,2,0,162.88,,
50962,124910,5,3,2,29.93,,
50963,0947DP1CHR,5,0,5,41.95,,
50964,1186DP0ZNC,19,1,18,14.64,,
50965,1187DP0ZNC,7,7,0,14.64,,
50966,1299DP0CHR,21,7,14,16.96,,
50968,1110DP0CHR,9,5,4,18.45,,
50969,0506DP4CHR,9,4,5,16.01,,
50970,1184DP0CHR,12,7,5,61.19,,
50971,1183DP0CHR,5,3,2,39.71,,
50972,1604DP0CHR,7,2,5,19.03,,
50974,1440DP5CHR,13,7,6,39.01,,
50975,1440DP6CHR,9,7,2,43.27,,
50976,1221DP0CHR,2,1,1,14.52,,
50977,1220DP0CHR,18,10,8,18.45,,
50980,100-340-032,0,0,0,67.27,,
50981,100-343-132,0,0,0,40.91,,
50982,E1150Z-11AAH,0,0,0,51.22,,
50983,IRIS595,1,0,1,319.99,,
50985,5530-24A7,8,4,4,44.90,,
50986,5530-36A7,10,10,0,47.01,,
50987,5530-42A7,7,7,0,49.71,,
50992,5580A7,13,10,3,42.35,,
50993,6355W7,4,2,2,10.66,,
50994,11794-7,5,1,4,22.94,,
50996,14185XFS-7,0,0,0,41.06,,
50997,14187XFS-7,0,0,0,59.67,,
50998,11246-1,23,9,14,14.21,,
51000,11441-4,5,3,2,68.11,,
51003,11897-2,0,0,0,18.35,,
51005,11901-4,25,16,9,51.01,,
51006,14066-7,55,23,32,21.89,,
51007,9350-4,32,6,26,27.93,,
51008,14367-6,21,15,6,10.25,,
51105,010-01226-00,2,0,2,157.49,,
51144,104,6,0,6,8.54,,12.98
51154,VIZZ-IND,5,3,2,36.14,,
51176,010-12017-00,3,0,3,97.49,,
51181,2400,8,5,3,54.99,,
51182,2410,5,5,0,54.99,,
51183,2415,1,1,0,48.74,,
51184,2420,3,1,2,56.24,,
51185,2430,8,3,5,19.99,,
51186,2440,0,0,0,27.74,,
51187,2445,4,2,2,29.99,,
51188,2460,11,5,6,17.36,,
51189,2450,0,0,0,22.49,,
51190,2455,0,0,0,22.49,,
51214,1RPC50,0,0,0,68.65,,
51216,199128,4,2,2,84.17,,
51218,122200-200-020-14,0,0,0,60.68,,
51219,122200-200-040-14,5,5,0,60.68,,
51220,122200-200-060-14,0,0,0,60.68,,
51224,122000-300-020-14,0,0,0,48.84,,
51225,122000-300-040-14,0,0,0,48.84,,
51226,122000-300-060-14,0,0,0,48.84,,
51229,33-523-01,0,0,0,129.61,160.00,
51263,1854120,0,0,0,9.44,,
51266,100-323-601,0,0,0,81.82,,
51268,001-122-810-10,0,0,0,439.09,,
51283,SPR-1I-AM,2,1,1,203.82,,
51284,SPR-7-AM,0,0,0,381.18,,
51287,T70226,4,2,2,1434.77,,
51291,A80276,0,0,0,85.22,,
51293,A80272,0,0,0,72.43,,
51294,07-100-112R,0,0,0,75.00,96.00,
51295,07-100-134R,0,0,0,75.00,96.00,
51296,07-100-200R,0,0,0,75.00,96.00,
51297,07-100-214R,0,0,0,75.00,96.00,
51298,07-118-112R,0,0,0,75.00,96.00,
51299,07-118-134R,0,0,0,75.00,96.00,
51300,07-114-134R,0,0,0,96.88,124.00,
51301,07-114-200R,0,0,0,96.88,124.00,
51302,07-114-214R,0,0,0,96.88,124.00,
51303,07-114-212R,0,0,0,96.88,124.00,
51304,07-138-214R,0,0,0,96.88,124.00,
51305,07-138-212R,0,0,0,96.88,124.00,
51306,07-112-214R,0,0,0,123.13,157.60,
51307,07-112-212R,0,0,0,123.13,157.60,
51308,07-112-234R,0,0,0,123.13,157.60,
51309,07-112-300R,0,0,0,123.13,157.60,
51310,07-112-314R,0,0,0,123.13,157.60,
51311,07-112-312R,0,0,0,123.13,157.60,
51312,07-134-212R,0,0,0,123.13,157.60,
51313,07-134-234R,0,0,0,123.13,157.60,
51314,07-134-300R,0,0,0,123.13,157.60,
51315,07-134-314R,0,0,0,123.13,157.60,
51316,07-134-312R,0,0,0,123.13,157.60,
51317,07-200-234R,0,0,0,123.13,157.60,
51318,07-200-300R,0,0,0,123.13,157.60,
51319,07-200-314R,0,0,0,123.13,157.60,
51320,07-200-312R,0,0,0,123.13,157.60,
51321,07-214-312R,0,0,0,175.63,224.80,
51322,07-214-400R,0,0,0,175.63,224.80,
51323,07-212-312R,0,0,0,175.63,224.80,
51324,07-212-400R,0,0,0,175.63,224.80,
51325,07-300-412R,0,0,0,249.38,319.20,
51331,31014,6,0,6,76.53,,
51333,33001,6,5,1,70.31,,
51342,33640,0,0,0,27.35,,
51343,33641,3,3,0,28.68,,
51344,33650,11,1,10,27.35,,
51350,33651,7,7,0,28.68,,
51351,33660,9,9,0,29.30,,
51352,33661,8,5,3,30.52,,
51353,33670,8,7,1,62.38,,
51354,33671,0,0,0,65.06,,
51355,33680,12,10,2,19.53,,
51358,40400,21,9,12,17.82,,
51379,SVS-760,2,1,1,692.30,,
51395,SAS-300-1,0,0,0,1343.30,,
51396,SAS-300-2,0,0,0,1399.30,,
51397,SAS-300-3,2,1,1,629.99,,
51405,18670-9127,9,8,1,286.21,,
51406,T-760,3,2,1,1780.60,,
51428,101241,6,0,6,38.98,,64.29
51429,101242,6,3,3,83.68,,129.29
51430,101243,12,6,6,80.51,,124.59
51431,101240,10,3,7,13.90,,24.09
51432,101230,0,0,0,18.44,,28.99
51433,101223,19,10,9,20.68,,32.69
51434,101224,17,11,6,21.63,,33.89
51481,A22154,5,2,3,216.66,,
51482,0540DPG99A,24,10,14,44.12,,
51483,0540DPGCHR,11,4,7,45.75,,
51485,010-11970-00,78,25,53,22.49,,
51500,MDA-1-ANT,2,2,0,91.00,,
51548,104000-200-000-14,11,10,1,22.95,,
51562,010-11119-00,0,0,0,37.49,,
51571,111910,3,3,0,71.38,,
51577,010-10562-00,22,16,6,6.36,,
51594,11500800,9,5,4,40.00,,
51595,21431530,2,2,0,91.64,,
51602,S2-0802,0,0,0,139.51,,
51611,58303,10,4,6,64.67,,
51612,58184,12,7,5,94.63,,
51613,58173,20,16,4,381.13,,
51614,R1,7,7,0,3.03,,
51615,R2,11,0,11,7.59,,
51616,R3,20,18,2,11.63,,
51617,R4,33,30,3,18.99,,
51618,R5,0,0,0,33.91,,
51619,R7,0,0,0,59.94,,
51620,R1AL,4,0,4,4.12,,
51621,R2AL,7,4,3,7.47,,
51622,R3AL,4,3,1,8.99,,
51623,R4AL,2,2,0,21.66,,
51624,R5AL,2,2,0,31.15,,
51625,R1MG,0,0,0,5.12,,
51626,R2MG,0,0,0,14.76,,
51627,R3MG,5,4,1,22.16,,
51628,R4MG,0,0,0,43.16,,
51629,R5MG,0,0,0,52.91,,
51633,"EFC-03 BLACK",6,6,0,33.00,,
51634,"EFC-04 BLACK",20,12,8,36.99,,
51635,X1,0,0,0,7.93,,
51636,X2,15,15,0,7.29,,
51637,X3,4,2,2,7.81,,
51638,X4,0,0,0,8.31,,
51639,X5,5,3,2,8.43,,
51641,X6,0,0,0,12.47,,
51642,X7,4,2,2,12.07,,
51643,X8,1,0,1,17.37,,
51644,X9,4,2,2,19.13,,
51645,X10,0,0,0,44.31,,
51646,X11,0,0,0,37.09,,
51647,X12,0,0,0,55.74,,
51648,X13,0,0,0,47.82,,
51649,X14,0,0,0,68.56,,
51650,X15,0,0,0,70.18,,
51651,X16,0,0,0,81.85,,
51652,X17,0,0,0,72.60,,
51653,X18,0,0,0,78.38,,
51654,X19,0,0,0,87.01,,
51655,X20,0,0,0,231.19,,
51656,X21,0,0,0,104.49,,
51657,X22,0,0,0,130.16,,
51681,10025,2,0,2,56.88,,
51684,X1AL,0,0,0,6.47,,
51685,X2AL,0,0,0,6.93,,
51686,X3AL,0,0,0,8.18,,
51687,X4AL,0,0,0,8.06,,
51688,X5AL,0,0,0,8.84,,
51689,X6AL,0,0,0,11.26,,
51690,X7AL,0,0,0,10.90,,
51691,X8AL,0,0,0,21.03,,
51692,X9AL,4,4,0,14.99,,
51693,X10AL,0,0,0,38.90,,
51694,X11AL,0,0,0,39.91,,
51695,X12AL,0,0,0,43.24,,
51696,X13AL,0,0,0,46.97,,
51697,X1MG,0,0,0,14.18,,
51698,X2MG,0,0,0,14.18,,
51699,X3MG,0,0,0,18.09,,
51700,X4MG,0,0,0,18.65,,
51701,X5MG,1,0,1,13.72,,
51702,X6MG,0,0,0,22.85,,
51704,X7MG,2,2,0,25.04,,
51705,X8MG,0,0,0,25.85,,
51706,X9MG,2,2,0,28.50,,
51707,00800,2,2,0,9.16,,
51708,00800AL,0,0,0,10.49,,
51709,00800MG,0,0,0,12.56,,
51710,00801,0,0,0,12.87,,
51711,00804,0,0,0,8.31,,
51712,00806,0,0,0,18.32,,
51713,00806BIS,0,0,0,15.99,,
51714,00806BISAL,0,0,0,12.65,,
51715,00806BISMG,0,0,0,15.96,,
51716,00807,0,0,0,2.90,,
51717,00807AL,0,0,0,4.34,,
51718,00807MG,0,0,0,4.66,,
51722,28106,15,15,0,89.13,,
51723,28210,45,0,45,142.17,,
51725,010-C1087-00,0,0,0,112.49,,
51738,5291,15,9,6,4.63,,
51739,5292,30,10,20,4.63,,
51740,5293,17,11,6,4.63,,
51741,5294,17,10,7,4.63,,
51742,5295,12,7,5,4.63,,
51743,5296,17,5,12,4.63,,
51744,5297,14,5,9,4.63,,
51745,5298,28,15,13,4.63,,
51746,5299,13,4,9,4.63,,
51747,00817,0,0,0,2.49,,
51748,00817AL,0,0,0,4.13,,
51749,00817MG,0,0,0,6.31,,
51750,00818,0,0,0,5.82,,
51751,00818AL,0,0,0,8.16,,
51752,00818MG,0,0,0,9.28,,
51753,00816,0,0,0,10.49,,
51754,00816AL,0,0,0,9.49,,
51755,00816MG,0,0,0,13.72,,
51756,00815,0,0,0,16.93,,
51757,00815AL,0,0,0,14.94,,
51758,00815MG,0,0,0,17.75,,
51759,00814,0,0,0,12.22,,
51760,00814AL,0,0,0,13.79,,
51761,00814MG,0,0,0,18.06,,
51762,00812,0,0,0,11.93,,
51763,01124,2,0,2,16.34,,
51764,01124AL,0,0,0,17.25,,
51765,01112,2,2,0,17.68,,
51768,01112AL,1,1,0,17.76,,
51770,01133DX,0,0,0,16.79,,
51771,01133DXAL,0,0,0,13.21,,
51772,01134SX,0,0,0,16.79,,
51773,01134SXAL,0,0,0,13.21,,
51774,TEC-DIVERS,1,1,0,44.99,,
51775,TEC-DIVERSMG,2,2,0,56.28,,
51776,TEC-20,0,0,0,5.13,,
51777,TEC-30,0,0,0,18.71,,
51778,TEC-30AL,0,0,0,16.47,,
51779,TEC-Z-406,4,2,2,54.88,,
51786,SPC12RP,9,4,5,20.00,,
51787,EMU-1-BAS,7,7,0,546.36,,
51801,OPTO-4,85,61,24,109.26,,
51808,5049,12,10,2,4.86,,
51809,5050,6,6,0,42.22,,
51810,5051,21,4,17,69.06,,
51811,5052,21,9,12,53.71,,
51812,5054,31,13,18,92.09,,
51813,4303,7,3,4,28.57,,
51814,4305,16,16,0,40.95,,
51815,4307,17,9,8,54.04,,
51816,4309,10,2,8,67.33,,
51821,WP-150WHA-1,5,2,3,115.77,,
51822,P04-091W,49,22,27,3.75,,
51823,P04-0111W,24,0,24,14.44,,
51824,P04-011W,11,6,5,13.04,,
51991,7520,1,0,1,108.47,,
52007,3119,12,3,9,645.15,,
52008,TEC-40,1,1,0,10.99,,
52009,TEC-N1,1,1,0,28.03,,
52011,00630FISH,6,3,3,62.49,,
52012,TEC-S-Z1,0,0,0,6.32,,
52013,GO,2,2,0,1096.77,,
52016,00718,0,0,0,17.34,,
52018,4187BX,30,9,21,44.12,,
52020,20708,1,1,0,35.96,,
52021,20708AL,3,2,1,37.26,,
52022,20708MG,6,4,2,41.99,,
52023,20800,0,0,0,38.75,,
52024,20800AL,0,0,0,38.37,,
52025,20800MG,3,3,0,35.49,,
52026,20801,6,4,2,54.82,,
52027,20801AL,0,0,0,58.03,,
52028,20801MG,7,4,3,56.60,,
52029,20803,0,0,0,44.06,,
52030,20803AL,6,4,2,44.99,,
52031,20803MG,7,6,1,40.77,,
52032,20804,3,0,3,29.12,,
52033,20804AL,2,1,1,46.68,,
52034,20804MG,3,1,2,35.44,,
52035,20805,5,2,3,48.58,,
52036,20805AL,2,2,0,62.99,,
52037,20805MG,3,3,0,47.34,,
52038,20814,2,0,2,31.63,,
52039,20814AL,0,0,0,37.43,,
52040,20814MG,2,2,0,40.25,,
52041,20816,4,2,2,50.32,,
52042,20816AL,5,3,2,38.46,,
52043,20816MG,0,0,0,43.43,,
52044,21101,3,0,3,29.90,,
52045,21101AL,1,0,1,27.28,,
52046,21102,0,0,0,38.21,,
52047,21102AL,0,0,0,27.28,,
52048,21104,3,3,0,30.35,,
52049,21104AL,2,0,2,30.38,,
52050,21106,5,3,2,30.71,,
52051,21106AL,2,0,2,29.32,,
52055,TEC-E0-C,0,0,0,3.59,,
52056,TEC-E00-C,0,0,0,2.69,,
52057,TEC-E1-C,0,0,0,5.62,,
52058,TEC-E2-C,0,0,0,6.40,,
52059,TEC-E3-C,0,0,0,9.88,,
52060,TEC-E4-C,0,0,0,11.68,,
52061,TEC-E5-C,0,0,0,10.78,,
52062,20701,0,0,0,30.01,,
52063,20701AL,0,0,0,39.49,,
52064,20701MG,0,0,0,30.84,,
52065,20702,0,0,0,29.54,,
52066,010-11057-00,2,0,2,67.49,,
52067,20702AL,0,0,0,33.53,,
52068,20702MG,0,0,0,30.01,,
52069,20705,0,0,0,31.90,,
52070,20705AL,0,0,0,30.26,,
52071,20705MG,0,0,0,36.72,,
52072,20706,2,2,0,32.79,,
52073,20706AL,0,0,0,26.51,,
52074,20706MG,0,0,0,29.15,,
52075,20715,0,0,0,86.46,,
52097,510,27,12,15,7.81,,
52098,511,12,0,12,7.81,,
52099,512,12,2,10,7.81,,
52100,448,11,6,5,97.49,,
52101,430,36,16,20,31.57,,
52102,393,53,49,4,9.03,,
52106,540,1,1,0,16.20,,
52107,544,11,7,4,16.20,,
52108,2205,36,15,21,37.49,,
52112,3160,11,10,1,33.78,,
52121,B4-419Q,0,0,0,3655.40,,
52123,B4-619Q,0,0,0,5288.73,,
52124,B4-409AA,1,0,1,2999.99,,
52125,B4-609AA,1,0,1,4249.99,,
52131,950,76,23,53,15.15,,
52133,2350,71,58,13,12.15,,
52134,2351,28,20,8,12.15,,
52135,2352,10,6,4,12.15,,
52136,1295,9,6,3,52.49,,
52146,7747,0,0,0,224.14,234.00,
52148,6357,8,3,5,366.38,,425.00
52149,6322,5,2,3,633.62,,735.00
52150,6323,0,0,0,995.69,1039.50,
52151,6322C,0,0,0,538.79,,625.00
52152,6327,0,0,0,1129.31,1179.00,
52153,6328,0,0,0,1491.38,1557.00,
52154,6327C,0,0,0,1034.48,1080.00,
52156,6345,6,4,2,452.59,472.50,
52157,6345CS,4,2,2,1077.59,1125.00,
52158,6332,6,3,3,366.38,382.50,
52160,7654,2,0,2,549.99,625.50,
52161,7656,0,0,0,215.52,225.00,
52162,7660,0,0,0,254.31,265.50,
52164,7627,5,2,3,495.69,517.50,
52165,6450,6,4,2,202.59,211.50,
52166,6490,3,3,0,366.38,382.50,
52167,6673,5,3,2,57.35,,
52168,6440,3,1,2,72.99,85.50,
52169,6470,3,2,1,72.99,99.00,
52171,6475,6,4,2,94.83,99.00,
52172,6477,2,2,0,49.11,49.50,
52173,6410,7,6,1,206.90,,240.00
52174,6420,2,0,2,134.99,175.50,
52175,7720,1,1,0,319.99,,
52176,7714,3,0,3,125.00,130.50,
52181,6510SER,0,0,0,202.59,211.50,
52184,7876-008,0,0,0,40.18,40.50,
52185,7876-040,0,0,0,53.57,54.00,
52186,7876-100,6,3,3,71.43,72.00,
52187,7876-200,0,0,0,89.29,90.00,
52195,7649003,10,5,5,110.23,,
52196,7650003,15,7,8,156.85,,
52205,A0-TPGN-Z30,3,1,2,1493.51,,
52206,A0-BOLT-REV,1,0,1,1452.18,,
52207,A0-BOLT-RAD,0,0,0,1283.15,,
52208,17-1526-23,3,1,2,56.17,,
52209,A0-1500-TEL,1,0,1,802.07,,
52210,A0-1800-TEL,3,1,2,875.67,,
52212,CA-0110-TG,3,1,2,108.33,,
52213,REV-TPGN-15T,1,0,1,2362.84,,
52214,REV-TPGN-18T,1,0,1,2433.26,,
52215,Z30-TPGN-15T,1,0,1,2443.09,,
52216,Z30-TPGN-18T,3,1,2,2513.51,,
52217,RAD-TPGN-15T,0,0,0,2130.12,,
52218,RAD-TPGN-18T,0,0,0,2200.25,,
52264,4131-4,5,2,3,135.98,,
52269,CA-0110-MO,0,0,0,116.36,,
52270,CA-0025-MO,0,0,0,136.42,,
52271,5010-4,11,9,2,25.70,,
52272,CA-0106,9,5,4,28.44,,
52273,CA-0105,8,6,2,36.56,,
52274,CA-0023,22,10,12,52.81,,
52276,PAK-0001,0,0,0,149.12,,
52277,PAK-0002,0,0,0,179.71,,
52278,PAK-0003,0,0,0,99.41,,
52279,PAK-0004,0,0,0,99.41,,
52280,PAK-0005,6,2,4,191.18,,
52281,PAK-0006,2,2,0,191.18,,
52282,5009-4,30,14,16,18.43,,
52283,5014-4,30,13,17,18.21,,
52284,CA-0087,285,140,145,15.85,,
52300,66362-7,20,3,17,36.58,,
52302,66363-7,6,0,6,36.58,,
52304,66364-7,4,4,0,36.58,,
52305,66364W7,0,0,0,36.58,,
52316,12761-7,0,0,0,14.99,,
52317,12750-6,12,8,4,9.36,,
52318,13066-7,2,2,0,28.55,,
52323,11849-2,16,5,11,8.07,,
52327,11848-4,8,5,3,6.94,,
52328,14137-7,60,22,38,8.80,,
52331,11900-4,0,0,0,32.96,,
52333,7563-6,20,11,9,8.55,,
52334,7594-3,23,16,7,11.46,,
52337,11862-6,14,8,6,7.33,,
52345,010-C1105-00,0,0,0,262.49,,
52346,010-C1106-00,0,0,0,262.49,,
52348,403252,9,1,8,7.51,,
52349,403312,8,4,4,7.91,,
52350,403372,8,2,6,7.91,,
52351,403502,23,18,5,8.33,,
52352,403562,6,4,2,9.06,,
52353,403622,6,3,3,9.12,,
52354,403752,29,19,10,10.70,,
52355,403872,4,2,2,11.50,,
52356,403892,24,19,5,11.90,,
52373,90885,1,0,1,129.99,,
52375,90160,2,0,2,94.99,,
52381,LLB-01WD-81-00,0,0,0,31.99,,
52385,LLB-55NN-81-00,0,0,0,73.17,,
52413,01-0369-07,0,0,0,7196.40,,
52459,40190,0,0,0,40.62,54.99,
52462,40191,7,3,4,12.49,16.99,
52466,40193,0,0,0,37.49,49.99,
52467,01-0369-02,0,0,0,7988.40,,
52469,01-0369-03,0,0,0,7124.40,,
52471,40194,0,0,0,28.74,39.99,
52472,40195,17,8,9,31.24,39.99,
52478,40052,0,0,0,37.49,56.99,
52482,01-0371,0,0,0,1368.79,,
52645,010-01142-00,0,0,0,337.49,,
52646,010-01142-10,0,0,0,337.49,,
52647,220,50,28,22,10.15,,15.98
52648,E70196,5,2,3,112.49,,
52654,305CRPN.VPK,40,26,14,22.40,,
52660,110R,10,6,4,9.53,,
52676,010-11814-10,0,0,0,14.99,,
52677,010-11823-00,0,0,0,17.49,,
52678,010-11828-10,4,2,2,11.69,,
52679,010-11828-11,0,0,0,12.99,,
52680,010-11867-10,0,0,0,31.99,,
52685,010-11874-00,0,0,0,20.50,,
52696,010-C1114-00,0,0,0,149.99,,
52697,010-C1113-00,0,0,0,112.49,,
52781,010-11678-10,11,10,1,18.75,,
52842,10-263,0,0,0,40.23,,
52843,10-264,0,0,0,40.23,,
52844,10-265,8,8,0,40.23,,
52848,40043,9,9,0,19.83,,
52851,10-361,13,4,9,33.65,,
52903,42550,1,1,0,30.39,,
52934,40645,24,15,9,13.22,,
52945,7943,8,2,6,12.80,,
52946,7944,10,3,7,12.80,,
52948,7945,10,5,5,17.46,,
53010,72-0452-01,0,0,0,1231.36,,
53011,240,0,0,0,8.39,,12.98
53019,A0-1500-CRP,1,1,0,604.81,,
53020,A0-1800-CRP,0,0,0,633.70,,
53021,CA-0002,0,0,0,260.80,,
53022,CA-0001,0,0,0,389.20,,
53023,CA-0113,0,0,0,65.80,,
53024,CA-0113-MO,0,0,0,64.20,,
53025,09-1258-2PC,22,12,10,11.26,,
53210,RA5099,16,10,6,9.62,,
53212,72-0634,0,0,0,385.94,,
53213,117005,3,2,1,240.18,,
53214,117505,5,2,3,240.18,,
53215,117905,4,2,2,240.18,,
53216,814-WLW,2,2,0,232.52,,
53218,010-10580-10,10,1,9,52.49,,
53219,GP1300,0,0,0,261.81,,
53220,GP1301,0,0,0,276.35,,
53221,GP2300,0,0,0,261.81,,
53222,GP2301,0,0,0,276.35,,
53257,LLB-472W-21-10,4,2,2,109.76,,
53260,RM1500A,32,14,18,194.28,,
53261,RM2000A,46,17,29,250.21,,
53262,RM2000A-24,29,9,20,254.90,,
53292,119002,5,3,2,218.56,,
53293,LLB-189R-21-00,0,0,0,8.37,,
53296,MCU002,0,0,0,167.19,,
53299,"EFC-A1 BLACK",0,0,0,64.37,,
53300,"EFC-A2 BLACK",4,4,0,67.64,,
53301,"EFC-A3 BLACK",11,0,11,69.00,,
53310,"BEARCAT 880",21,7,14,139.20,,
53313,17860-2012,11,4,7,239.48,,
53320,1000864-26,19,7,12,11.99,,
53321,FAP7011C,1,1,0,977.98,,
53322,001-260-690-00,0,0,0,60.00,,
53327,010-12123-00,0,0,0,14.99,,
53331,E70240,0,0,0,108.32,,
53332,E70241,2,0,2,108.32,,
53333,010-12106-00,0,0,0,22.49,,
53334,010-12106-10,0,0,0,22.49,,
53443,10-13406-107,0,0,0,162.96,,
53445,010-12067-00,21,19,2,52.49,,
53446,11330,37,20,17,21.83,,
53447,11350,0,0,0,21.83,,
53448,11372,6,2,4,21.83,,
53449,11349,20,8,12,44.94,,
53450,11373,2,2,0,44.94,,
53453,GP1203,0,0,0,363.62,,
53464,7713,15,7,8,206.99,,
53465,7717,1,0,1,206.99,,
53466,010-11971-00,0,0,0,14.99,,
53467,010-11972-00,0,0,0,14.99,,
53471,7788CR,18,6,12,47.13,,
53475,SP200,64,64,0,82.42,,
53476,SP300,7,4,3,104.23,,
53486,HRMK4300,0,0,0,629.01,,
53488,HRMK1504,0,0,0,97.27,,
53489,HRMK1304,1,1,0,177.68,,
53490,HRMK2300,0,0,0,217.32,,
53491,HRMK1503,0,0,0,23.28,,
53492,HRMK2200,0,0,0,77.28,,
53493,HRMK1201,0,0,0,80.59,,
53494,HRMK1301,0,0,0,377.51,,
53495,HRMK1204,0,0,0,33.52,,
53496,HRMK1300,0,0,0,60.94,,
53497,HRMK2203,0,0,0,11.41,,
53498,HRMK2202,0,0,0,29.39,,
53499,HRMK2503,0,0,0,13.87,,
53500,HRMK2504,0,0,0,15.68,,
53501,HRMK2502,0,0,0,14.69,,
53519,101071,9,8,1,85.30,,134.09
53520,NQA-2447,0,0,0,132.30,,
53526,12VDUSB,7,4,3,13.09,,
53527,12VCOMBO,15,3,12,18.45,,
53529,703010,12,5,7,51.74,,
53530,703030,6,4,2,51.74,,
53531,703024,10,6,4,19.88,,
53533,320003,0,0,0,3.24,,
53534,320025,12,6,6,21.20,,
53535,320103,0,0,0,3.74,,
53536,320125,15,3,12,24.33,,
53537,320203,15,10,5,4.43,,
53538,320225,15,6,9,28.83,,
53539,320303,7,3,4,6.24,,
53540,320325,6,1,5,40.55,,
53590,10-13530-01,0,0,0,125.59,,
53592,81-47238-01,0,0,0,52.37,,
53680,40192,0,0,0,93.74,134.99,
53682,PP5203,0,0,0,392.72,,
53820,104050,7,1,6,85.67,,
53828,52060,3,2,1,18.99,,
53830,27648,9,7,2,138.83,199.99,
53831,27636,6,3,3,241.60,259.99,
53832,27600,4,2,2,162.48,,
53833,29301,15,11,4,22.95,,
53834,32100G,16,12,4,22.88,,
53835,32110G,14,4,10,22.61,,
53836,32150G,50,22,28,23.17,,
53837,32003G,52,21,31,27.73,,
53839,32005G,41,37,4,30.35,,
53843,GP1036,0,0,0,363.62,,
53844,GP1037,0,0,0,363.62,,
53845,GP1040-02,0,0,0,334.53,,
53846,GP1040-04,0,0,0,334.53,,
53847,GP1040-08,0,0,0,334.53,,
53848,GP1040-11,0,0,0,334.53,,
53849,GP1040-13,0,0,0,334.53,,
53850,GP1040-14,0,0,0,334.53,,
53851,GP1040-15,0,0,0,334.53,,
53852,GP1040-18,0,0,0,334.53,,
53853,GP1048,0,0,0,334.53,,
53855,GP1065,0,0,0,363.62,,
53863,GP1080-13,0,0,0,385.44,,
53864,GP1080-14,0,0,0,385.44,,
53865,GP1080-18,0,0,0,385.44,,
53866,GP1088,0,0,0,385.44,,
53867,GP1170-04,0,0,0,385.44,,
53868,GP1170-06,0,0,0,385.44,,
53869,GP1176,0,0,0,385.44,,
53870,GP1200,0,0,0,349.08,,
53871,GP1201,0,0,0,363.62,,
53872,GP1202,0,0,0,363.62,,
53873,GP1204,0,0,0,363.62,,
53874,GP1400,0,0,0,298.17,,
53875,GP1401,0,0,0,312.72,,
53876,GP1500,0,0,0,261.81,,
53877,GP1040-07,0,0,0,334.53,,
53878,GP1501,0,0,0,276.35,,
53879,GP1502,0,0,0,276.35,,
53880,GP1503,0,0,0,276.35,,
53881,GP1505,0,0,0,276.35,,
53882,GP1506,0,0,0,276.35,,
53883,GP1507,0,0,0,276.35,,
53885,GP1035,0,0,0,363.62,,
53886,GP1511,0,0,0,276.35,,
53887,GP1512,0,0,0,276.35,,
53888,GP1513,0,0,0,276.35,,
53889,GP1515,0,0,0,276.35,,
53890,GP1516,0,0,0,276.35,,
53891,GP1517,0,0,0,276.35,,
53892,GP1521,0,0,0,276.35,,
53893,GP1522,0,0,0,276.35,,
53894,GP1523,0,0,0,276.35,,
53898,GP1600,0,0,0,327.26,,
53899,GP1603,0,0,0,341.81,,
53900,GP1604,0,0,0,341.81,,
53901,GP1605,0,0,0,341.81,,
53902,GP1606,0,0,0,341.81,,
53903,GP1607,0,0,0,341.81,,
53904,GP1811,0,0,0,312.72,,
53906,GP1814,0,0,0,312.72,,
53907,GP1818,0,0,0,312.72,,
53908,GP2035,0,0,0,363.62,,
53909,GP2036,0,0,0,363.62,,
53910,GP2037,0,0,0,363.62,,
53911,GP2040-02,0,0,0,334.53,,
53912,GP2040-04,0,0,0,334.53,,
53913,GP2040-08,0,0,0,334.53,,
53914,GP2040-11,0,0,0,334.53,,
53915,GP2040-13,0,0,0,334.53,,
53916,GP2040-14,0,0,0,334.53,,
53917,GP2040-15,0,0,0,334.53,,
53926,16200A,10,10,0,6.05,,
53928,16303A,28,12,16,5.31,,
53931,26212GA,10,8,2,11.61,,
53940,GP2040-18,0,0,0,334.53,,
53941,GP2048,0,0,0,334.53,,
53942,GP2050-10,0,0,0,327.26,,
53943,GP2050-11,0,0,0,327.26,,
53944,GP2050-12,0,0,0,327.26,,
53945,GP2050-13,0,0,0,327.26,,
53946,GP2050-14,0,0,0,327.26,,
53947,GP2050-18,0,0,0,327.26,,
53955,GP2080-13,0,0,0,385.44,,
53957,GP2080-14,0,0,0,385.44,,
53958,GP2080-18,0,0,0,385.44,,
53959,GP2088,0,0,0,385.44,,
53960,GP2170-04,0,0,0,385.44,,
53961,GP2170-06,0,0,0,385.44,,
53962,GP2176,0,0,0,385.44,,
53963,GP2200,0,0,0,349.08,,
53964,GP2201,0,0,0,363.62,,
53965,GP2202,0,0,0,363.62,,
53966,GP2203,0,0,0,363.62,,
53967,GP2204,0,0,0,363.62,,
53968,GP2400,0,0,0,298.17,,
53969,GP2401,0,0,0,312.72,,
53970,GP2500,0,0,0,261.81,,
53971,GP2040-07,0,0,0,334.53,,
53972,GP2501,0,0,0,276.35,,
53973,GP2502,0,0,0,276.35,,
53974,GP2503,0,0,0,276.35,,
53976,GP2506,0,0,0,276.35,,
53977,GP2507,0,0,0,276.35,,
53978,GP2511,0,0,0,276.35,,
53979,GP2512,0,0,0,276.35,,
53988,GP2513,0,0,0,276.35,,
53989,GP2515,0,0,0,276.35,,
53990,GP2516,0,0,0,276.35,,
53991,GP2517,0,0,0,276.35,,
53992,GP2521,0,0,0,276.35,,
53993,GP2522,0,0,0,276.35,,
53994,GP2523,0,0,0,276.35,,
53998,GP2600,0,0,0,327.26,,
53999,GP2603,0,0,0,341.81,,
54000,GP2604,0,0,0,341.81,,
54001,GP2605,0,0,0,341.81,,
54002,GP2606,0,0,0,341.81,,
54003,GP2607,0,0,0,341.81,,
54007,PP4404,0,0,0,269.08,,
54008,PP4405,0,0,0,269.08,,
54009,PP4406,0,0,0,269.08,,
54011,PP4811,0,0,0,356.35,,
54013,PP4814,0,0,0,356.35,,
54014,PP4818,0,0,0,356.35,,
54015,PP5035,0,0,0,399.99,,
54016,PP5036,0,0,0,399.99,,
54017,PP5037,0,0,0,399.99,,
54018,PP5038,0,0,0,399.99,,
54020,PP5200,0,0,0,378.17,,
54021,PP5201,0,0,0,392.72,,
54022,PP5202,0,0,0,392.72,,
54023,PP5204,0,0,0,392.72,,
54024,RMX4404,0,0,0,392.72,,
54025,RMX4405,0,0,0,392.72,,
54026,RMX4406,0,0,0,392.72,,
54027,RMX4811,0,0,0,436.35,,
54029,RMX4814,0,0,0,436.35,,
54030,RMX4818,0,0,0,436.35,,
54039,740142-1,4,4,0,29.21,,
54040,740143-1,18,18,0,24.14,,
54042,780028-1,3,2,1,17.24,,
54056,1363831,1,0,1,884.47,,
54059,1854125,0,0,0,45.04,,
54060,1862050,7,2,5,43.58,,
54063,25M00,0,0,0,477.90,,
54064,25M00L,0,0,0,506.87,,
54065,25H00,0,0,0,486.59,,
54066,25H00L,0,0,0,544.51,,
54069,A10-1218-2,1,1,0,359.99,,599.99
54070,A10-1225-2,1,1,0,429.99,,699.99
54074,A10-1218-2GS,1,0,1,478.13,,709.99
54080,A10-1225-2GS,0,0,0,499.99,,759.99
54094,R10-1001,7,2,5,296.33,,
54095,R10-1010-36,1,1,0,92.18,,
54096,R10-1020,15,8,7,98.77,,
54103,BOLT124,3,2,1,390.62,,
54104,BOLT129,8,4,4,405.48,,
54105,BOLT189,3,2,1,435.26,,
54106,BOLT249,0,0,0,465.04,,
54107,BOLT1212,6,3,3,435.26,,
54108,BOLT1812,2,0,2,465.04,,
54109,BOLT2412,0,0,0,494.76,,
54110,BRC4000,8,5,3,70.79,,
54113,BOLTLKCON,4,2,2,260.70,,
54114,BEA2000,1,1,0,167.60,,
54115,BEA2100,6,4,2,9.56,,
54120,BAW2005,0,0,0,23.87,,
54121,BAW2010,5,2,3,27.58,,
54122,BAW2015,2,2,0,31.30,,
54123,BAW2020,6,5,1,35.02,,
54124,BHW4003,0,0,0,34.28,,
54125,BHW4005,0,0,0,35.77,,
54126,BHW4007,0,0,0,37.26,,
54127,BHW4010,2,2,0,39.49,,
54128,V351CK,4,1,3,182.48,,
54129,V351LK,5,2,3,327.02,,
54134,810CABBX,145,52,93,62.57,,
54152,748CABBX,116,0,116,51.77,,
54157,747DCWCS,21,10,11,48.10,64.00,
54158,747DCBCS,19,10,9,48.10,64.00,
54159,747CA24WCS,4,2,2,39.99,79.00,
54160,FVSLRSB12110A00,12,8,4,110.16,,
54161,FVSLRSB05110A00,0,0,0,110.16,,
54162,747CA24BCS,0,0,0,61.35,79.00,
54163,FVSLRSB0811SA00,2,0,2,110.16,,
54164,FVSLVS126B00A00,7,3,4,59.25,,
54165,757DCWBX,17,9,8,38.82,54.00,
54166,757DCBBX,16,8,8,38.82,54.00,
54167,757CA24WBX,3,3,0,51.41,64.00,
54168,757CA24BBX,7,3,4,53.47,64.00,
54189,BKTLA-7C,3,2,1,27.09,,
54194,LP900S,54,32,22,72.74,,
54195,LP900D,7,2,5,69.21,,
54196,436977,5,3,2,276.57,,
54197,436979,4,2,2,308.20,,
54198,436981,7,5,2,363.80,,
54210,IRID-GO-ANT-ADA,0,0,0,41.11,,
54212,IRID-GO-BAT,0,0,0,59.34,,
54213,IRID-GO-BRACKET,0,0,0,35.56,,
54214,IRID-GO-CASE,0,0,0,31.11,,
54216,2000016407,12,10,2,45.52,,
54223,004-2100-7,4,0,4,12.96,,
54244,81-47240-01,0,0,0,215.02,,
54308,707CHWBX,24,8,16,34.42,,
54309,707CHBBX,14,7,7,34.42,,
54319,827CATCS,22,11,11,14.94,,
54321,9510CABBX,87,62,25,223.41,279.99,
54322,9206CABBX,0,0,0,92.46,,
54323,9406CAABX,22,15,7,91.91,99.00,
54324,9303CABCS,12,6,6,36.71,39.00,
54328,MRKCA02BX,0,0,0,30.77,39.99,
54329,MRKCA03BX,2,2,0,15.07,18.99,
54331,74701WBG,17,9,8,7.11,,
54333,74701BBG,18,8,10,7.11,,
54338,70733WBG,10,4,6,5.77,,
54339,70733BBG,9,5,4,5.77,,
54340,80701WBG,16,12,4,5.95,,
54343,82701GBG,15,10,5,2.48,,
54344,747CL,5,5,0,17.40,,
54416,2000013194,0,0,0,26.47,,
54454,010-12117-20,1,1,0,374.99,,
54455,010-01403-10,0,0,0,899.99,,
54456,010-12117-30,0,0,0,974.99,,
54486,104000-105-000-15,6,2,4,22.95,,
54487,104200-500-000-15,1,1,0,23.31,,
54489,104300-200-001-15,2,2,0,20.00,,
54493,122200-505-020-15,1,1,0,42.99,,
54494,122200-505-040-15,2,2,0,49.99,,
54495,122200-505-060-15,0,0,0,60.68,,
54497,136200-701-999-13,12,7,5,22.39,,
54501,132000-500-004-15,26,16,10,122.33,,
54502,132000-105-004-14,10,5,5,118.83,,
54516,LLB-202C-21-00,1,1,0,6.85,,
54529,00820,0,0,0,7.91,,
54530,00820AL,0,0,0,8.50,,
54531,00820MG,0,0,0,11.84,,
54555,65UW03B-7,0,0,0,116.24,,
54556,65UW03G-7,2,0,2,116.24,,
54557,65UW03W-7,3,3,0,116.24,,
54558,65UW06B-7,17,7,10,163.33,,
54559,65UW06G-7,0,0,0,163.33,,
54560,65UW06W-7,0,0,0,164.96,,
54561,65UW12B-7,10,4,6,272.98,,
54563,65UW12W-7,0,0,0,272.98,,
54587,MGR350B,23,12,11,137.07,,
54588,MR762BRGB,9,4,5,112.87,,
54593,MRGB65,7,2,5,88.67,,
54596,MR4.3W,4,3,1,56.39,,
54597,MR4.3B,6,3,3,56.39,,
54598,MRC5B,16,9,7,18.55,,
54599,MRC10,13,9,4,24.19,,
54603,MCKGB350W.6,6,1,5,190.11,,
54604,MCKGB350B.6,2,1,1,190.11,,
54608,1039,31,9,22,37.86,,
54609,1044,41,19,22,21.81,,
54610,1070,21,13,8,18.24,,
54612,KTF003,0,0,0,272.91,,
54613,1990,11,4,7,134.51,,
54614,1991,10,7,3,168.16,,
54615,1992,11,5,6,134.51,,
54616,1993,9,4,5,168.16,,
54617,KTF004,4,3,1,232.85,,
54618,33710,10,5,5,102.79,,
54619,33718,1,1,0,84.99,,
54620,33742,0,0,0,114.95,,
54622,33732,9,5,4,154.83,,
54624,33750,8,5,3,182.00,,
54628,13701,10,6,4,33.99,,
54629,13702,10,4,6,33.99,,
54630,13712,0,0,0,111.08,,
54631,13704,0,0,0,34.33,,
54632,13707,0,0,0,38.31,,
54633,13709,4,4,0,41.00,,
54635,13705,11,8,3,34.33,,
54636,KTF001,11,7,4,282.31,,
54637,KTF002,2,2,0,229.96,,
54638,33807,11,4,7,98.30,,
54639,33817,0,0,0,100.61,,
54640,33842,0,0,0,119.44,,
54641,33818,9,7,2,106.25,,
54642,33832,4,1,3,152.76,,
54643,33840,10,7,3,152.75,,
54644,33850,4,2,2,208.81,,
54647,33811,9,6,3,66.60,,
54649,13801,0,0,0,34.33,,
54650,13802,12,6,6,34.33,,
54651,13812,10,6,4,76.13,,
54652,13804,1,0,1,34.33,,
54653,13807,2,0,2,34.66,,
54654,13809,5,5,0,34.66,,
54656,13805,0,0,0,34.66,,
54657,KT9797,3,3,0,239.99,,
54658,KT9794,5,3,2,218.04,,
54659,33103,6,4,2,79.10,,
54660,33104,2,1,1,79.10,,
54663,33132,0,0,0,200.11,,
54665,33150,0,0,0,187.79,,
54667,33113,0,0,0,81.56,,
54668,13101,6,5,1,27.23,,
54669,13102,7,2,5,27.23,,
54670,13108,0,0,0,101.60,,
54671,13110,14,9,5,27.23,,
54672,13122,12,8,4,27.23,,
54675,13120,9,6,3,27.23,,
54678,KT9799,3,2,1,246.46,,
54679,KT9796,4,2,2,169.99,,
54680,32804,6,0,6,77.81,,
54681,32805,2,0,2,77.83,,
54682,32842,1,1,0,90.29,,
54683,32803,6,3,3,100.16,,
54684,32832,14,9,5,118.99,,
54685,32840,0,0,0,143.70,,
54686,32850,0,0,0,161.13,,
54688,32810,0,0,0,78.39,,
54689,32812,0,0,0,53.74,,
54690,12801,0,0,0,25.61,,
54691,12803,6,3,3,25.51,,
54692,12810,7,4,3,66.71,,
54693,12812,25,23,2,24.76,,
54694,12828,0,0,0,25.51,,
54695,12827,8,4,4,26.01,,
54697,12821,0,0,0,25.51,,
54698,KT9798,4,4,0,210.99,,
54699,KT9795,5,5,0,169.99,,
54700,32904,2,0,2,87.00,,
54701,32905,0,0,0,113.55,,
54709,12901,3,3,0,26.01,,
54710,12902,0,0,0,37.93,,
54712,12904,7,6,1,25.23,,
54713,12916,0,0,0,26.01,,
54715,12913,8,5,3,59.81,,
54716,12911,11,7,4,26.01,,
54717,KTF024,4,3,1,291.76,,
54718,39004,7,4,3,100.15,,
54721,39040,14,11,3,163.81,,
54722,39009,0,0,0,69.13,,
54723,19150,5,2,3,229.99,,
54725,19001,0,0,0,36.28,,
54726,19002,11,7,4,36.94,,
54727,19007,0,0,0,105.90,,
54728,19003,5,2,3,36.94,,
54729,19005,0,0,0,42.23,,
54730,19020,9,4,5,77.53,,
54731,19004,18,13,5,35.30,,
54743,F16-0151-1,5,3,2,86.72,,
54749,965,26,21,5,25.15,,40.98
54750,MRWT69RGB,0,0,0,161.27,,
54751,DE96272F,0,0,0,10.53,,
54755,DE10571F,0,0,0,25.29,,
54756,DE73100F,6,4,2,43.17,,
54757,DE91113F,0,0,0,22.37,,
54759,DE3050F,5,3,2,474.25,,
54762,1830,15,4,11,253.10,,
54764,1832,0,0,0,253.10,,
54765,1833,0,0,0,226.46,,
54768,1836,0,0,0,229.08,,
54769,1837,4,1,3,252.67,,
54771,1838,10,3,7,267.48,,
54772,DE53135F,0,0,0,62.01,,
54773,2340,22,9,13,19.87,,
54774,DE53010F,2,2,0,9.95,,
54775,5023,17,9,8,20.92,,
54776,5024,15,5,10,30.54,,
54777,DE85272F,0,0,0,266.59,,
54778,5032,42,27,15,52.28,,
54779,5068,28,16,12,21.33,,
54808,1001100,27,2,25,22.41,,
54809,1002100,7,0,7,26.14,,
54810,1003100,29,24,5,27.89,,
54811,1007,46,21,25,6.76,,
54812,1007100,0,0,0,13.57,,
54820,DRS4W,6,2,4,1291.95,,
54832,535-5-125,1,1,0,89.99,,
54839,44010250,12,7,5,350.64,,
54851,81400200,0,0,0,61.31,,
54852,81400300,4,2,2,92.36,,
54853,81400330,0,0,0,217.44,,
54855,83116025,10,3,7,305.53,,
54856,83116035,4,2,2,342.38,,
54857,83125035,17,4,13,369.52,,
54865,MX7001CR,0,0,0,238.85,,
54866,MX7002CR,0,0,0,238.85,,
54867,MX7003CR,0,0,0,238.85,,
54869,910-002,0,0,0,181.25,232.00,
54870,910-001,0,0,0,187.50,240.00,
54871,910-004,0,0,0,209.38,268.00,
54872,910-014,0,0,0,181.25,232.00,
54873,910-009,0,0,0,334.38,428.00,
54874,910-012,0,0,0,334.38,428.00,
54875,910-044,0,0,0,340.63,436.00,
54876,910-029,0,0,0,578.13,740.00,
54877,910-026,0,0,0,746.88,956.00,
54878,800-036,0,0,0,81.25,104.00,
54879,800-038,0,0,0,84.38,108.00,
54880,800-041,0,0,0,87.50,112.00,
54881,800-037,0,0,0,115.63,148.00,
54882,800-010,0,0,0,115.63,148.00,
54883,800-011,0,0,0,115.63,148.00,
54884,800-014,0,0,0,109.38,148.00,
54885,800-030,0,0,0,134.38,172.00,
54886,SW45640,2,2,0,20.84,,
54887,800-037Y,0,0,0,146.88,188.00,
54888,SW46700,4,2,2,8.00,,
54889,SW46710,0,0,0,19.89,,
54890,800-010Y,0,0,0,146.88,188.00,
54891,800-011Y,0,0,0,146.88,188.00,
54892,800-YMKIT1,0,0,0,553.13,708.00,
54894,SW19155,0,0,0,14.63,,
54895,SW61900,0,0,0,4.55,,
54897,SW21314,0,0,0,31.36,,
54898,SW19170,0,0,0,21.07,,
54899,SW19175,2,2,0,11.13,,
54900,SW66670,2,2,0,27.24,,
54901,SW45670,0,0,0,50.73,,
54902,SW66610,0,0,0,5.15,,
54903,SW66620,4,2,2,3.95,,
54904,SW66630,0,0,0,4.63,,
54905,SW66640,3,2,1,8.68,,
54910,SW31215,13,12,1,22.19,,
54965,RF4050,1,0,1,69.83,,
54974,MR-2BLK,12,7,5,10.60,,
54975,MR-2BLU,8,4,4,10.60,,
54976,MR-2R,7,4,3,10.60,,
54977,MR-3BLK,0,0,0,10.60,,
54978,MR-3BLU,5,3,2,10.60,,
54979,MR-3R,0,0,0,10.60,,
54980,MT-OPTI,4,1,3,65.80,,
54982,PNP121,13,10,3,7.25,,
54985,FAMP3112011CA00,0,0,0,124.35,,
54987,PNP14,0,0,0,1.56,,
54988,PNP88A,0,0,0,8.88,,
54991,PNP171R,0,0,0,9.56,,
54993,PNP182,0,0,0,7.25,,
54995,PNP186,0,0,0,8.88,,
54996,PNP187,0,0,0,9.88,,
54997,PNP188,0,0,0,10.49,,
54998,PNP189,0,0,0,10.49,,
55000,PNP27T,20,17,3,1.58,,
55001,PNP28T,29,9,20,1.58,,
55003,RA2028010000,6,2,4,964.91,1066.91,
55004,RA2034010000,0,0,0,1024.73,1133.06,
55005,RA2040010000,7,3,4,1135.84,1255.91,
55006,RA2046010000,7,2,5,1537.52,1700.06,
55007,RA554130,6,3,3,62.91,,
55008,RA554131,7,5,2,85.46,,
55009,RA554132,7,2,5,100.30,,
55010,RA554133,3,2,1,106.24,,
55011,RA554136,7,5,2,86.66,,
55013,RC61914,0,0,0,78.65,,
55014,RC61983,0,0,0,39.84,,
55015,RC63201,0,0,0,112.09,,
55016,RC63216,0,0,0,249.77,,
55017,RC7251-1.0A,0,0,0,67.26,,
55018,RC72504,8,4,4,28.62,,
55019,RC72536S,0,0,0,65.19,,
55020,RC72544,0,0,0,107.68,,
55021,RC72581,0,0,0,3.17,,
55027,RF128,0,0,0,3.17,4.84,
55029,RF41000,7,4,3,5.40,8.25,
55030,RF1759,0,0,0,4.77,7.29,
55031,RF437,7,5,2,6.35,9.72,
55032,RF1765,0,0,0,7.15,10.93,
55033,RF103,6,4,2,31.23,48.37,
55034,RF104,0,0,0,29.63,45.89,
55035,RF418,8,4,4,16.68,25.84,
55036,RF418C,0,0,0,18.45,28.58,
55038,RF1032,14,6,8,15.99,24.46,
55039,RF1033,20,17,3,17.79,27.23,
55040,RF1034,4,1,3,23.31,35.66,
55041,RF1035,0,0,0,86.49,132.33,
55042,RF1851,0,0,0,7.37,11.27,
55043,RF1806,0,0,0,5.51,8.42,
55044,RF616,13,1,12,5.58,8.54,
55045,RF617,33,5,28,7.37,11.27,
55046,RF618,0,0,0,12.35,18.90,
55047,RF619,0,0,0,19.01,29.10,
55048,RF620,0,0,0,33.06,50.59,
55050,RF1047,7,4,3,19.07,29.18,
55055,RF1057,0,0,0,9.32,14.25,
55056,RF1058,19,12,7,6.78,10.37,
55057,RF113,0,0,0,0.84,1.27,
55058,RF1135-16,11,8,3,4.12,6.39,
55059,RF114,0,0,0,0.84,1.27,
55063,RF115X1,4,0,4,15.06,23.33,
55064,RF115X1/2,0,0,0,15.06,23.33,
55065,RF115X3/4,0,0,0,15.06,23.33,
55066,RF115X5/8,0,0,0,15.06,23.33,
55067,RF122,0,0,0,6.35,9.72,
55068,RF123,0,0,0,6.35,9.72,
55069,RF124,0,0,0,6.35,9.72,
55070,RF125,11,7,4,11.01,16.85,
55071,RF13101-2,5,2,3,10.19,15.58,
55074,RF1315GRN,9,5,4,2.37,3.63,
55083,RF1317R,0,0,0,1.58,2.41,
55088,RF150,6,0,6,5.93,9.06,
55089,RF151,0,0,0,6.78,10.37,
55090,RF156,0,0,0,6.17,9.43,
55100,RF167,0,0,0,11.52,17.62,
55102,RF1685-3,0,0,0,3.60,5.57,
55103,RF1685-4,0,0,0,3.60,5.57,
55104,RF1685-5,0,0,0,3.60,5.57,
55105,RF1685-6,0,0,0,4.51,6.98,
55106,RF1685-8,0,0,0,6.35,9.84,
55107,RF1685-10,2,1,1,10.88,16.85,
55108,RF1685-12,0,0,0,13.63,21.12,
55113,RF1706,0,0,0,3.17,4.84,
55114,RF173,0,0,0,21.34,33.05,
55115,RF75,0,0,0,29.83,46.20,
55116,RF180,0,0,0,7.52,11.66,
55118,RF1850S,6,2,4,5.51,8.54,
55120,RF1852,0,0,0,8.12,12.57,
55121,RF1853,7,5,2,11.41,17.69,
55122,RF639,0,0,0,17.17,26.59,
55124,RF640,0,0,0,25.96,40.21,
55126,RF641,0,0,0,31.82,49.28,
55128,RF185,0,0,0,12.95,19.80,
55129,RF186,0,0,0,21.69,33.20,
55130,RF187,0,0,0,25.04,38.31,
55131,RF20100,0,0,0,14.83,22.69,
55132,RF20101,0,0,0,8.47,12.95,
55133,RF20111,0,0,0,10.80,16.52,
55134,RF20151,0,0,0,11.57,17.71,
55136,RF20151A,9,4,5,14.65,22.42,
55137,RF20171,0,0,0,15.43,23.60,
55138,RF20180,0,0,0,16.98,25.97,
55139,RF20202,10,5,5,21.60,33.05,
55140,RF20212,0,0,0,23.93,36.60,
55141,RF20302,4,1,3,29.32,44.86,
55142,RF20312,2,1,1,32.02,49.00,
55143,RF20332,0,0,0,61.74,94.47,
55144,RF20711,0,0,0,22.38,34.24,
55145,RF2180,0,0,0,5.93,9.06,
55147,RF2181,0,0,0,5.93,9.06,
55148,RF2182,0,0,0,6.78,10.37,
55150,RF2183,0,0,0,7.62,11.66,
55151,RF2184,9,3,6,13.22,20.23,
55153,010-01159-00,2,0,2,712.49,,
55154,RF251,0,0,0,3.96,6.07,
55155,RF25109,8,4,4,9.89,15.12,
55156,RF254,0,0,0,11.10,17.18,
55158,RF2665,10,6,4,16.52,25.28,
55159,RF536,0,0,0,3.38,5.17,
55161,RF280,5,1,4,7.94,12.14,
55162,RF291,0,0,0,5.51,8.42,
55163,RF94,0,0,0,3.64,5.57,
55164,RF94A,0,0,0,3.38,5.17,
55165,RF5013,0,0,0,4.65,7.12,
55166,RF5023,0,0,0,6.78,10.37,
55167,RF294,4,3,1,6.83,10.45,
55168,RF738,21,10,11,5.16,7.90,
55169,RF30,0,0,0,38.62,59.08,
55170,RF602,0,0,0,46.64,71.36,
55171,RF30101,7,4,3,14.11,21.59,
55172,RF31712,3,1,2,20.83,31.87,
55173,RF35100,6,3,3,15.73,24.05,
55174,RF35101,8,4,4,11.06,16.91,
55175,RF35140,6,4,2,20.06,30.69,
55176,RF35151,1,0,1,12.33,18.88,
55177,RF35202,8,4,4,26.23,40.13,
55178,RF35302,8,3,5,35.51,54.31,
55179,RF35312,13,9,4,37.05,56.67,
55180,RF3128,5,3,2,40.69,62.27,
55181,RF3129,4,2,2,45.78,70.05,
55184,RF3134,5,3,2,83.95,128.44,
55185,RF3131,8,4,4,82.25,125.85,
55188,RF3133,8,0,8,11.09,16.97,
55189,RF3136,3,0,3,3.96,6.07,
55199,RF4025,5,4,1,6.27,9.72,
55200,RF4026,24,15,9,6.35,9.72,
55201,RF41100,6,4,2,16.31,24.95,
55202,RF41101,0,0,0,13.40,20.50,
55203,RF41110,0,0,0,21.60,33.05,
55204,RF41111,0,0,0,20.06,30.69,
55205,RF41140,7,3,4,23.15,35.41,
55206,RF41151,0,0,0,23.15,35.41,
55209,RF41712,7,4,3,24.23,36.60,
55210,RF40100,0,0,0,21.22,32.46,
55211,RF40140,0,0,0,28.56,43.68,
55212,RF413,0,0,0,5.07,7.77,
55213,RF4410,0,0,0,135.47,186.53,
55214,RF4415,0,0,0,135.47,186.53,
55215,RF4430,0,0,0,141.95,195.46,
55216,RF4435,0,0,0,141.95,195.46,
55217,RF44100,0,0,0,45.90,70.23,
55219,RF453,7,4,3,20.67,31.61,
55220,RF46100,11,6,5,49.56,75.82,
55221,RF469,0,0,0,15.73,24.05,
55222,RF48,0,0,0,6.35,9.72,
55224,RF483,0,0,0,2.43,3.76,
55225,RF484,0,0,0,2.43,3.76,
55226,RF485,10,0,10,3.33,5.15,
55227,RF48A,0,0,0,5.51,8.42,
55228,RF49,0,0,0,7.28,11.14,
55229,RF494,0,0,0,14.65,22.69,
55230,RF498,43,36,7,2.70,4.13,
55231,RF499,31,13,18,4.11,6.28,
55232,RF5,8,5,3,46.33,71.76,
55233,RF50,0,0,0,5.58,8.54,
55234,RF5000,0,0,0,19.07,29.18,
55235,RF5001,3,2,1,18.68,28.58,
55236,RF5010,4,1,3,21.05,32.21,
55238,RF5020,2,2,0,38.16,58.37,
55239,RF5400,4,0,4,18.59,28.45,
55240,RF5400B,0,0,0,18.59,28.45,
55241,RF5410,11,1,10,20.06,30.69,
55245,RF5003,0,0,0,4.57,6.98,
55246,RF5005,0,0,0,6.35,9.72,
55247,RF50100HL,0,0,0,44.88,68.65,
55248,RF51,7,4,3,10.17,15.56,
55249,RF5100,5,0,5,6.27,9.72,
55250,RF5101,9,7,2,6.27,9.72,
55251,RF5105,8,4,4,8.62,13.36,
55252,RF5106,0,0,0,9.41,14.58,
55253,RF51100,21,1,20,23.40,35.81,
55255,RF51110,0,0,0,35.44,54.24,
55256,RF55110,8,6,2,32.41,49.59,
55257,RF56100,3,3,0,60.20,92.10,
55258,RF571,0,0,0,8.73,13.36,
55259,RF573,9,4,5,13.90,21.27,
55260,RF64100,0,0,0,72.33,110.67,
55261,RF64110,0,0,0,98.58,150.83,
55263,RF663,0,0,0,13.57,21.02,
55264,RF74100,7,3,4,98.58,150.83,
55265,RF74100AW,0,0,0,162.75,249.01,
55266,RF520,7,4,3,3.85,5.89,
55267,RF521,0,0,0,3.85,5.89,
55274,RF5405,7,4,3,6.94,10.61,
55276,BOW4512D,0,0,0,1505.35,1926.85,
55278,BOW5512D,0,0,0,1669.86,2137.42,
55281,BOW9512D,0,0,0,3047.98,3901.40,
55282,RF544,0,0,0,17.57,27.23,
55283,RF559,0,0,0,15.06,23.33,
55285,BPJE2,2,2,0,260.34,347.81,
55287,RF6080,6,3,3,17.02,26.06,
55289,BPSE2,3,3,0,171.14,228.37,
55291,RF58,1,1,0,54.46,84.35,
55292,EZDOCK2,0,0,0,468.76,,
55293,RF59,17,12,5,5.56,8.50,
55294,RF6000,2,0,2,13.04,19.94,
55295,RF6002,6,2,4,14.80,22.65,
55296,RF6010C,4,2,2,5.78,8.96,
55297,RF6093L,1,1,0,5.11,7.82,
55298,RF6093M,9,1,8,5.01,7.67,
55300,RF6093S,1,1,0,4.23,6.48,
55302,RF6100,0,0,0,39.79,60.88,
55303,RF6110,7,4,3,51.23,78.40,
55304,RF6120,20,10,10,51.23,78.40,
55305,RF6130,0,0,0,57.04,87.27,
55308,RF6200,15,4,11,55.11,84.33,
55309,RF6210,11,5,6,71.52,109.43,
55311,RF6220,0,0,0,80.85,123.71,
55315,BP29,0,0,0,77.30,86.57,
55316,RF6321,10,6,4,109.16,167.02,
55317,BP2910,0,0,0,84.66,112.98,
55318,BP2916,0,0,0,112.05,143.43,
55319,RF614,16,10,6,6.47,9.91,
55320,RF615,0,0,0,5.07,7.77,
55321,RF615A,0,0,0,5.58,8.54,
55324,BP125G10,0,0,0,138.91,166.69,
55327,RF625,0,0,0,25.43,38.91,
55328,BP150G10,0,0,0,159.57,178.72,
55330,BP185G10,0,0,0,237.44,265.94,
55331,RF627,0,0,0,5.85,9.06,
55332,RF628,15,5,10,8.37,12.95,
55333,ZE250,0,0,0,16.29,,
55334,ZE425,0,0,0,18.36,,
55335,ZEHC100,1,0,1,63.01,,
55336,RF629,0,0,0,11.72,18.15,
55337,RF630,0,0,0,17.18,26.61,
55338,RF631,6,2,4,27.63,42.80,
55339,RF632,0,0,0,42.38,65.65,
55342,RF635,15,4,11,8.64,13.21,
55343,RF636,12,7,5,12.78,19.56,
55344,RF637,0,0,0,27.14,41.51,
55346,RF67,7,6,1,45.54,70.54,
55347,RF6710,0,0,0,145.80,223.08,
55348,RF6720,0,0,0,163.31,249.86,
55350,RF677,0,0,0,48.96,74.91,
55351,RF686,103,8,95,0.84,1.27,
55352,RF687,11,9,2,0.95,1.46,
55353,RF688,24,20,4,1.68,2.57,
55354,RF7,6,3,3,96.79,149.92,
55357,RF713,14,4,10,21.20,32.43,
55363,RF8080BLU-2,0,0,0,14.80,22.65,
55365,RF8080GRY-2,7,3,4,14.80,22.65,
55366,RF8080R-2,8,4,4,14.80,22.65,
55367,RF8081BLU,1,1,0,10.90,16.68,
55368,RF8081R,0,0,0,10.90,16.68,
55369,RF8090-08,0,0,0,13.06,,
55371,RF8090-11,0,0,0,15.17,,
55373,RF8090-16,0,0,0,17.25,,
55374,RF8090-21,4,4,0,26.23,,
55375,RF816,0,0,0,33.46,46.65,
55376,RF823002,8,8,0,58.31,80.28,
55380,RF917,0,0,0,11.36,17.38,
55381,RF919,0,0,0,13.11,20.06,
55382,RF92,0,0,0,17.47,26.73,
55383,RFSCISSORS,0,0,0,57.69,79.43,
55384,RFSPLICE-6,10,3,7,47.28,65.11,
55385,RFSPLICE-F15,0,0,0,19.42,26.73,
55387,RFSPLICE-F20,6,3,3,20.06,27.62,
55388,RFSPLICE-F25,6,4,2,22.09,30.42,
55400,TY-10WSP,7,5,2,5.32,,
55401,TY-15WSP,9,6,3,5.32,,
55402,TY-KITBLU,2,0,2,11.10,,
55403,WD-1W,42,0,42,14.33,,
55407,A80289,6,1,5,249.99,,
55408,199248,20,12,8,1.56,,
55409,199249,209,185,24,4.13,,
55410,199210,14,9,5,1.62,,
55411,199211,25,10,15,6.10,,
55412,199214,16,5,11,3.31,,
55413,199215,5,2,3,8.71,,
55414,199259,24,15,9,3.31,,
55415,199260,17,9,8,12.47,,
55416,199217,7,4,3,4.51,,
55417,199252,5,0,5,2.01,,
55418,199253,11,3,8,5.63,,
55419,199228,20,15,5,2.40,,
55420,199229,20,10,10,8.94,,
55421,199257,21,11,10,4.37,,
55422,199258,6,3,3,15.83,,
55423,309025,10,10,0,13.83,,
55424,309002,7,3,4,127.24,,
55425,309003,16,6,10,2.30,,
55426,309103,11,11,0,2.35,,
55427,309125,16,12,4,13.83,,
55428,309102,10,3,7,127.24,,
55429,309203,25,10,15,2.93,,
55430,309225,11,6,5,19.10,,
55431,309202,4,1,3,175.86,,
55432,312325,5,4,1,18.72,,
55433,312303,4,2,2,2.87,,
55434,312225,10,6,4,18.72,,
55435,312203,5,5,0,2.87,,
55436,312425,4,2,2,18.72,,
55437,312403,7,4,3,2.87,,
55438,312603,9,5,4,2.87,,
55439,312625,4,2,2,18.72,,
55440,312503,23,8,15,2.87,,
55441,312525,6,1,5,18.72,,
55442,311303,0,0,0,2.28,,
55443,311325,7,1,6,13.57,,
55444,311225,6,3,3,13.57,,
55445,311203,20,7,13,2.28,,
55446,311425,10,4,6,13.57,,
55447,311403,11,9,2,2.28,,
55448,311625,9,4,5,13.57,,
55449,311603,15,8,7,2.28,,
55450,311525,7,4,3,13.57,,
55451,311503,14,7,7,2.28,,
55452,310399,6,0,6,27.78,,
55453,310325,6,4,2,13.57,,
55454,310303,10,4,6,2.28,,
55455,310499,6,3,3,26.30,,
55456,310425,0,0,0,12.86,,
55457,310403,0,0,0,2.16,,
55458,310699,6,3,3,26.30,,
55459,310625,6,4,2,12.86,,
55460,310603,0,0,0,2.16,,
55461,310599,0,0,0,26.30,,
55462,310525,4,2,2,12.86,,
55463,310503,0,0,0,2.16,,
55476,010-11617-50,4,4,0,37.49,,
55477,010-11617-52,0,0,0,52.49,,
55478,010-12234-05,22,18,4,29.99,,
55480,010-12233-00,6,3,3,18.75,,
55481,010-12234-00,6,0,6,18.75,,
55482,010-12199-01,0,0,0,14.99,,
55483,010-12247-00,0,0,0,14.99,,
55484,010-12233-01,0,0,0,11.24,,
55485,010-12234-01,0,0,0,14.99,,
55486,010-12199-03,3,2,1,22.49,,
55487,010-12199-04,0,0,0,22.49,,
55488,010-12233-03,6,4,2,26.24,,
55510,310203,13,7,6,2.28,,
55511,310225,8,5,3,13.57,,
55525,E70297,2,1,1,896.73,,
55526,E70298,2,0,2,1255.42,,
55527,E70258,1,0,1,2062.49,,
55529,E70242,0,0,0,108.32,,
55530,010-11170-00,5,5,0,3.75,,
55567,21-200-001A,0,0,0,762.39,,
55568,21-300-001A,0,0,0,262.08,,
55570,21-200-002A,0,0,0,993.73,,
55572,21-300-002A,0,0,0,372.09,,
55576,313203,0,0,0,2.16,,
55577,313225,2,2,0,15.22,,
55578,313299,2,2,0,31.15,,
55579,314203,0,0,0,2.16,,
55580,314225,0,0,0,15.83,,
55581,314303,0,0,0,2.16,,
55582,314325,0,0,0,15.07,,
55583,314399,3,2,1,30.83,,
55584,315203,0,0,0,2.73,,
55585,315225,0,0,0,20.57,,
55586,315303,0,0,0,2.73,,
55587,315325,0,0,0,22.35,,
55588,315399,3,3,0,42.13,,
55633,CPM50,0,0,0,113.14,,
55635,JMPSW800,7,2,5,151.52,205.95,
55642,FAMP3472X02CA00,0,0,0,60.92,,
55650,FAMP3022B02CA00,0,0,0,122.68,,
55652,FAMP3022S02CA00,0,0,0,122.68,,
55653,FAMP3022X01CA00,0,0,0,122.68,,
55654,FAMP3022X02CA00,0,0,0,122.68,,
55655,FAMP3022B11CA00,0,0,0,124.35,,
55659,FAMP3022X11CA00,0,0,0,124.35,,
55663,AK-1000-HV-S,0,0,0,40.63,,
55664,AK-1000-HV-M,0,0,0,40.63,,
55665,AK-1000-HV-L,0,0,0,40.63,,
55666,AK-1000-HV-XL,0,0,0,40.63,,
55667,AC-1100-RB-3XL,0,0,0,305.00,,
55668,AB-1100-RB-3XL,0,0,0,277.50,,
55669,AS-1100-RB-3XL,0,0,0,515.00,,
55670,FAMP3022X12CA00,0,0,0,124.35,,
55672,FAMP3012B02CA00,0,0,0,120.17,,
55675,FAMP3012X01CA00,0,0,0,120.17,,
55676,FAMP3012X02CA00,0,0,0,120.17,,
55681,FAMP3012X11CA00,0,0,0,122.68,,
55682,FAMP3012X12CA00,0,0,0,122.68,,
55683,1190-FT,29,29,0,11.93,,
55686,FAMP2982B02CA00,0,0,0,118.51,,
55691,FAMP2982X01CA00,0,0,0,118.51,,
55697,FAMP2982X11CA00,0,0,0,118.51,,
55699,FAMP2492B01CA00,0,0,0,118.51,,
55702,FAMP2492S02CA00,0,0,0,118.51,,
55704,FAMP2492X02CA00,0,0,0,118.51,,
55714,800CAXBX,18,12,6,69.69,79.99,
55716,FAMP3002X01CA00,0,0,0,122.68,,
55717,FAMP3002X02CA00,0,0,0,122.68,,
55722,FAMP3002X11CA00,0,0,0,122.68,,
55725,FAMP2992B02CA00,0,0,0,109.25,,
55740,FAMP3262X01CA00,0,0,0,116.84,,
55741,FAMP3262X02CA00,0,0,0,116.84,,
55743,433,9,9,0,23.16,,
55747,FAMP3262X11CA00,0,0,0,120.17,,
55755,FAMP3252X01CA00,0,0,0,116.84,,
55756,FAMP3252X02CA00,0,0,0,116.84,,
55762,FAMP3252X12CA00,0,0,0,118.51,,
55767,37041-0010,25,13,12,247.32,,
55768,8M0092085,12,9,3,104.99,,
55770,001-266-010-00,3,3,0,162.73,,
55772,5225-AIS,19,19,0,175.63,,
55773,5239,4,2,2,133.33,,
55776,3004,0,0,0,88.29,,
55777,3015,3,0,3,135.86,,
55778,3019,2,1,1,169.82,,
55791,S-9200P,18,10,8,23.86,,
55792,S-9201P,23,12,11,21.51,,
55793,S-9202P,15,11,4,13.29,,
55808,11300301,4,0,4,27.85,,
55809,31431512,0,0,0,289.08,,
55810,31431712,8,4,4,289.08,,
55811,31431912,5,4,1,289.08,,
55812,31432112,6,2,4,289.08,,
55813,31431530,0,0,0,328.56,,
55814,31431730,4,3,1,328.56,,
55815,31431930,4,2,2,328.56,,
55816,21502131,6,2,4,100.75,,
55817,21502141,0,0,0,100.75,,
55818,0070DP0CLR,14,12,2,11.25,,
55819,0070DP1CLR,7,5,2,10.53,,
55820,0071DP0CLR,14,12,2,9.83,,
55821,0072DP1CLR,12,5,7,16.52,,
55822,0126DP0BLK,10,1,9,9.84,,
55823,0248DP0CLR,0,0,0,11.52,,
55824,0271DP0CHR,11,1,10,27.38,,
55825,0338DP1CLR,18,11,7,7.24,,
55826,0338DP2CLR,13,12,1,7.64,,
55827,0339DP0CHR,19,14,5,38.48,,
55828,0554DP,46,24,22,9.73,,
55829,0559DP,39,25,14,5.96,,
55830,0561DP4CHR,4,0,4,14.96,,
55831,0578DP0CHR,0,0,0,8.88,,
55833,0831DP0PLB,0,0,0,23.00,,
55834,0841DP0CHR,20,10,10,14.79,,
55835,0958DP0CHR,15,5,10,14.57,,
55836,1059P00DP,9,5,4,32.13,,
55837,1091DP1BLK,8,3,5,44.34,,
55838,1091DP1WHT,17,8,9,49.87,,
55839,1092DP1WHT,6,5,1,39.60,,
55840,1092DP3BLK,6,3,3,44.54,,
55841,1194DP0CHR,14,5,9,23.05,,
55842,1205DP0CHR,10,5,5,63.27,,
55844,1232DP2CHR,6,6,0,14.52,,
55845,1262DP0CHR,0,0,0,18.28,,
55846,1267DP0CHR,0,0,0,19.19,,
55847,1267DP0ZNC,6,6,0,11.08,,
55848,1270DPG99A,15,10,5,18.55,,
55850,1313DP0CHR,7,5,2,21.85,,
55851,8501DP,11,10,1,42.75,,
55852,G-37,3,2,1,289.30,,
55853,G-55,0,0,0,427.30,,
55854,G-85,0,0,0,654.78,,
55855,G-125,1,1,0,970.39,,
55856,SG-7,0,0,0,69.29,,
55857,SG-11,0,0,0,77.89,,
55858,SG-16,0,0,0,83.06,,
55859,SG-23,0,0,0,105.87,,
55860,SG-37,0,0,0,109.75,,
55861,SG-55,0,0,0,161.40,,
55862,SG-85,0,0,0,200.12,,
55863,SG-125,0,0,0,210.02,,
55864,162HF012,0,0,0,964.49,,
55865,162HR012,0,0,0,1251.22,,
55866,162MF012,0,0,0,941.32,,
55867,162MR012,0,0,0,1228.05,,
55868,2500RFK,2,1,1,299.70,,
55892,3134,5,5,0,13.91,,
55894,0342-BK,4,4,0,12.06,,
55895,0423,6,6,0,11.98,,
55935,M8AR,0,0,0,796.49,,
55936,M16AR,0,0,0,1116.69,,
55973,M4364,22,7,15,9.95,,
55975,M4516,16,9,7,10.02,,
55977,M4716,42,23,19,10.80,,
55978,M4901,33,24,9,42.74,,
55979,M4916,12,8,4,10.71,,
55980,M4965,20,13,7,34.54,,
55981,M5001,23,12,11,47.63,,
55983,M5016,17,10,7,11.61,,
55984,M5032,25,7,18,19.18,,
55988,M5616,4,2,2,12.03,,
55989,M5716,25,10,15,11.03,,
55990,M5916,15,9,6,5.69,,
55991,M6132,20,19,1,19.35,,
55992,M6301,47,22,25,60.03,,
55994,M6316,20,15,5,17.65,,
55995,M6332,14,8,6,25.73,,
55999,M6732,15,4,11,20.67,,
56002,M9132,17,12,5,24.93,,
56019,11959-1,8,5,3,17.15,,
56031,31501712,5,3,2,322.49,,
56032,31501912,8,5,3,322.49,,
56033,31502112,0,0,0,322.49,,
56034,31501722,0,0,0,322.49,,
56035,31501922,1,1,0,322.49,,
56036,31502122,0,0,0,322.49,,
56037,31501731,6,3,3,349.83,,
56038,31501931,2,1,1,349.83,,
56039,31502131,0,0,0,349.83,,
56041,31501741,2,0,2,349.83,,
56042,31501941,2,2,0,318.02,,
56043,31502141,4,2,2,310.96,,
56044,31501532,3,2,1,349.83,,
56045,31501542,0,0,0,349.83,,
56052,4128-110-E04,11,4,7,105.91,,
56054,4138-111-E65,30,10,20,129.22,,
56056,4148-153-E75,25,7,18,210.45,,
56060,4158-153-E75,39,13,26,294.61,,
56061,4558-153-E75,0,0,0,849.91,,
56062,4558-163-E75,1,1,0,839.99,,
56063,105-013,0,0,0,69.40,,
56064,4238-121-E07,51,11,40,144.05,,
56065,4248-153-E09,19,7,12,200.42,,
56066,4258-153-E09,29,6,23,277.84,,
56067,4348-153-E09,3,0,3,253.49,,
56068,4358-153-E09,4,0,4,336.92,,
56069,253-120-01,9,1,8,32.35,,
56070,253-220-01,18,4,14,34.55,,
56071,253-320-01,11,6,5,57.96,,
56073,253-121-01,7,5,2,34.99,,
56074,253-221-01,8,3,5,42.85,,
56075,253-321-01,10,5,5,53.99,,
56076,253-401-01,0,0,0,63.99,,
56077,94-726-00,13,5,8,18.05,,
56078,94-727-00,7,4,3,17.30,,
56079,4648-153-E07,20,11,9,281.65,,
56080,1700-001-030,35,15,20,100.36,,
56081,1700-011-030,34,9,25,106.67,,
56082,1700-021-030,57,15,42,113.67,,
56083,358-001-10,42,8,34,133.27,,
56084,358-011-10,36,1,35,146.24,,
56085,357-013-10,3,0,3,47.32,,
56086,357-113-10,39,8,31,49.78,,
56087,357-103-10,19,0,19,54.87,,
56088,357-012-10,0,0,0,47.32,,
56089,357-112-10,9,1,8,50.26,,
56090,357-102-10,0,0,0,55.40,,
56091,357-014-10,0,0,0,47.79,,
56092,357-114-10,11,4,7,50.75,,
56113,330-021,9,4,5,29.95,,
56114,357-116-10,2,2,0,46.17,,
56115,357-106-10,38,4,34,50.26,,
56116,355-020-10,7,4,3,21.31,,
56117,355-010-10,0,0,0,23.93,,
56118,355-110-10,16,5,11,33.59,,
56119,355-100-10,2,2,0,37.96,,
56120,358-000-10,2,0,2,100.05,,
56121,358-010-10,16,8,8,128.73,,
56122,359-111-30,8,0,8,31.24,,
56123,359-111-40,0,0,0,37.55,,
56124,277-3110,0,0,0,30.29,,
56125,277-4110,18,4,14,33.18,,
56126,3200-001,36,12,24,166.19,,
56127,3200-101,19,6,13,164.43,,
56128,010-12117-01,0,0,0,63.75,,
56130,8050-305-526,7,5,2,95.69,,
56131,8050-305-626,6,2,4,177.13,,
56132,8050-305-426,4,1,3,179.13,,
56133,3010-000,2,0,2,25.81,,
56137,255-323,36,15,21,10.49,,
56138,255-313,12,6,6,10.39,,
56139,255-315,4,0,4,13.62,,
56140,255-325,16,9,7,13.75,,
56141,340-001,9,6,3,15.15,,
56142,182-200,0,0,0,51.39,,
56143,183-039-08,10,6,4,32.99,,
56144,183-029-14,15,11,4,42.23,,
56145,183-029-18,0,0,0,34.67,,
56151,DS6-P,27,5,22,13.50,,
56152,DS-H6,28,21,7,16.88,,
56175,101296,13,7,6,109.87,,173.59
56181,35SPP,5,2,3,91.95,,
56182,113,11,9,2,50.67,,
56183,123,0,0,0,181.33,,
56185,132,5,3,2,158.67,,
56186,134,0,0,0,276.00,,
56187,SVS-560CF,0,0,0,692.30,,
56188,SVS-560CF-E,0,0,0,769.30,,
56199,101288,14,3,11,83.73,,126.99
56201,GA-88,3,1,2,84.00,,
56211,20-001-01A,0,0,0,802.32,,
56216,166000,8,4,4,382.44,,
56217,21101MG,0,0,0,27.87,,
56218,21104MG,0,0,0,33.06,,
56220,20709AL,0,0,0,24.56,,
56221,20711AL,0,0,0,40.99,,
56225,317301200,16,10,6,302.56,,484.99
56227,FTT631512000B00,9,4,5,146.04,,
56231,M1AR,3,2,1,476.29,,
56233,000-0127-52,4,2,2,18.20,,
56234,S-3511BC,4,4,0,28.70,,
56235,S-3511RC,0,0,0,28.70,,
56247,M2AR,4,1,3,476.29,,
56248,76-0022-00,0,0,0,39.08,,
56249,806-1884,0,0,0,1152.23,,
56252,809-0946,12,6,6,22.08,,
56253,815-2524-02,1,0,1,1821.60,,
56254,815-3524-02,0,0,0,2087.60,,
56262,OC15SUK31A,0,0,0,75.56,,
56263,OC15SUK31B,0,0,0,75.56,,
56264,OC15SUK18,1,1,0,73.72,,
56268,804010,2,2,0,272.27,,
56269,8085050,4,2,2,62.84,,
56270,8040,27,27,0,27.59,,
56273,80850,18,5,13,12.40,,
56303,S-0226BC,29,10,19,33.24,,
56304,S-0226WC,10,3,7,33.19,,
56305,S-0230BC,65,25,40,24.76,,
56306,S-0230WC,21,8,13,24.71,,
56307,S-1444C,0,0,0,9.73,,
56308,S-1445C,0,0,0,10.96,,
56309,6744C,14,14,0,26.77,,
56310,6746C,14,8,6,46.29,,
56393,F38-2050B-1,0,0,0,170.49,,
56394,F38-2050R-1,2,0,2,170.49,,
56395,F38-2060B-1,5,2,3,96.90,,
56396,F38-2060R-1,6,2,4,96.90,,
56420,01-0385-01,0,0,0,5252.40,,
56421,01-0385-02,0,0,0,5252.40,,
56424,15014-101,8,3,5,560.39,,
56426,TT9X12EI,8,3,5,838.79,,
56427,15038-101,0,0,0,679.41,,
56430,15056-002,7,7,0,237.55,,
56431,15057-001,10,0,10,237.55,,
56432,15058-001,10,6,4,237.55,,
56433,15066-001,0,0,0,259.15,,
56436,15086-001,0,0,0,15.94,,
56437,15092-001,32,5,27,14.01,,
56438,15093-001,4,4,0,26.11,,
56441,CAP0303,8,2,6,13.66,,
56442,15102-104,0,0,0,659.84,,
56443,CAP0304,2,2,0,2.17,,
56444,15103-104,16,3,13,615.30,,
56452,SBR-13LI,10,10,0,33.33,,
56453,SBT-13,7,2,5,16.67,,
56455,SEP-10A,3,1,2,20.00,,
56480,8M0092070,7,7,0,369.99,,
56481,8M0092071,90,54,36,99.99,,
56482,8M0092068,171,23,148,54.99,,
56515,IRIS740,2,1,1,982.56,,
56520,30133-001D,11,2,9,21.89,,
56521,30133-002D,0,0,0,25.73,,
56522,30133-103D,1,0,1,31.29,,
56524,30142-202,6,4,2,61.43,,
56541,OCTAFMDRESYSA-9,0,0,0,1099.97,,
56544,AP3522,0,0,0,951.92,,
56550,2000020942,70,43,27,137.64,,
56568,15122-001,5,2,3,246.81,,
56669,808-9010,2,2,0,17.91,,
56672,7635,0,0,0,80.62,,
56701,P105072,0,0,0,114.92,,
56703,RL-ADM,0,0,0,75.94,,
56704,RL-ARM,6,3,3,98.44,,
56705,RL-RM,5,3,2,33.75,,
56707,RL-502,2,0,2,13.50,,
56712,RL-507,4,2,2,13.50,,
56771,416-BK,0,0,0,6.20,,
56796,710211-1,14,14,0,71.42,,
56809,A0-1800-CF,0,0,0,1639.14,,
56810,A0-1800-CFT,0,0,0,1840.74,,
56811,1852073,0,0,0,50.28,,
56834,C118-10,0,0,0,77.33,,
56835,C118-20,0,0,0,87.92,,
56844,B-81-WM,4,4,0,163.00,,
56845,010-11647-20,1,0,1,1687.49,2249.99,
56848,17288-1000,12,8,4,18.70,,
56850,MMGGX6800000,2,2,0,10.55,,
56851,MSVGGGX08000,2,0,2,5.56,,
56852,MSVGGGX10000,1,0,1,25.04,,
56853,MMGGX10120000,1,0,1,22.91,,
56881,3200-011,2,2,0,215.35,,
56882,358-100-10,0,0,0,116.37,,
56883,358-110-10,0,0,0,141.95,,
56884,94-181-02,2,0,2,13.03,,
56885,94-181-03,5,2,3,9.99,,
56886,94-238-03,6,3,3,28.82,,
56889,94-800-26,0,0,0,37.30,,
56896,94-571-00,0,0,0,37.70,,
56898,94-619-00,132,12,120,28.99,,
56899,94-620-00,71,21,50,46.45,,
56914,6080,6,1,5,29.33,,
56918,42,11,5,6,36.95,,
56925,M4AR,0,0,0,716.44,,
56934,010-12181-20,0,0,0,1312.49,1749.99,
56935,010-12181-21,1,1,0,1312.49,1749.99,
56936,010-12181-22,4,0,4,1312.49,1749.99,
56943,900-6WP,2,0,2,46.90,,
56944,900-6WPW,0,0,0,46.90,,
56946,CSP6,8,4,4,61.53,,
56947,CSP6-F,0,0,0,77.31,,
56948,CSP6-PTC,0,0,0,96.01,,
56954,80-511-0005-01,12,1,11,32.66,,
56956,80-511-0007-01,22,8,14,32.66,,
56959,1100-BK,0,0,0,12.50,,
56961,1101-BK,4,3,1,15.00,,
56982,A80162,6,3,3,72.43,,
56983,A80161,4,0,4,72.43,,
56984,750S-01710,3,0,3,125.13,,
56987,WCPC-6,0,0,0,13.61,,
56988,WCPC-6.5,0,0,0,13.61,,
56989,WCPC-7,6,6,0,11.39,,
56990,WCPC-7.5,0,0,0,11.39,,
56991,WCPC-8,0,0,0,11.84,,
56992,WCPC-8.5,12,12,0,11.84,,
56993,WCPC-9,6,6,0,12.72,,
56994,WCPC-9.5,6,6,0,12.72,,
56995,WCPC-10,0,0,0,14.42,,
56996,WCPC-10.5,6,6,0,14.42,,
56997,WCPC-11,0,0,0,15.54,,
56998,WCPC-11.5,0,0,0,26.12,,
56999,WCPC-12,0,0,0,20.54,,
57000,WCPC-12.5,0,0,0,28.36,,
57001,WCPC-13,0,0,0,23.28,,
57002,WCPC-13.5,0,0,0,30.57,,
57003,WCPC-14,0,0,0,32.82,,
57004,WCPC-14.5,0,0,0,32.82,,
57005,WCPC-15,0,0,0,35.04,,
57006,WCPC-15.5,0,0,0,35.04,,
57013,SET0148,0,0,0,53.91,,
57014,SET0149,0,0,0,59.94,,
57015,SET0150,2,0,2,63.79,,
57016,OC-0422VEL8,0,0,0,213.96,,
57017,010-12122-10,64,40,24,22.49,,
57023,5310012,0,0,0,258.82,,
57024,5310112,2,0,2,266.80,,
57025,5310024,0,0,0,271.00,,
57026,5310124,0,0,0,322.76,,
57027,SMC12,2,0,2,115.71,,
57028,SMC24,0,0,0,127.88,,
57034,41331,0,0,0,28.84,,
57037,T9025406,6,4,2,4.82,,
57045,58155,8,4,4,365.03,,
57047,58319,0,0,0,27.00,,
57054,441,2,2,0,4.56,,
57055,"GOTECH 1.0",2,1,1,787.16,,
57062,403902,17,12,5,13.05,,
57063,404152,15,6,9,13.48,,
57064,404172,8,4,4,14.79,,
57065,404202,10,5,5,15.47,,
57066,404252,17,7,10,18.24,,
57067,404302,12,8,4,19.41,,
57068,20711,1,1,0,36.99,,
57080,117WR-2,0,0,0,35.40,,
57081,60WR-2,3,1,2,35.40,,
57082,75WR-2,0,0,0,36.59,,
57083,164WR-2,0,0,0,44.78,,
57084,117WR-4,0,0,0,26.75,,
57085,60WR-4,0,0,0,27.95,,
57086,75WR-4,1,0,1,29.75,,
57087,175WR-4,1,1,0,29.84,,
57097,A80330,3,2,1,37.19,,
57145,117WR-1,0,0,0,25.18,,
57146,60WR-1,0,0,0,26.75,,
57147,75WR-1,0,0,0,27.95,,
57148,164WR-1,2,0,2,39.94,,
57149,117WR-3,0,0,0,42.14,,
57150,60WR-3,0,0,0,44.78,,
57151,75WR-3,2,1,1,45.05,,
57152,164WR-3,1,1,0,55.65,,
57163,385310076,4,4,0,38.51,,
57212,1139,2,0,2,65.19,,
57213,1408,2,0,2,254.46,,
57214,1147,0,0,0,112.34,,
57215,1148,4,2,2,121.41,,
57216,1522,3,3,0,223.73,,
57217,1216,4,2,2,167.16,,
57218,1455,0,0,0,100.18,,
57219,1450,3,3,0,134.09,,
57220,1457,0,0,0,199.57,,
57221,1456,0,0,0,219.32,,
57222,1200,6,6,0,287.71,,
57223,1225,4,3,1,294.63,,
57224,1463,2,1,1,322.27,,
57225,1464,0,0,0,316.27,,
57226,1227,0,0,0,503.71,,
57227,1223,5,2,3,422.33,,
57228,1217,0,0,0,673.30,,
57229,1222,0,0,0,547.05,,
57230,1201,0,0,0,856.52,,
57231,1221,0,0,0,969.86,,
57232,1210,4,4,0,178.23,,
57233,1228,5,2,3,311.33,,
57234,1214,6,4,2,224.54,,
57235,1206,0,0,0,291.73,,
57236,1230,0,0,0,408.54,,
57237,1202,5,4,1,326.84,,
57238,1208,5,4,1,235.18,,
57239,1231,0,0,0,235.19,,
57240,1502,10,5,5,382.39,,
57241,1190,2,2,0,407.08,,
57243,1193,0,0,0,549.24,,
57244,1168,0,0,0,273.24,,
57245,1218,1,1,0,1498.66,,
57248,1475,0,0,0,53.72,,
57249,1474,0,0,0,335.42,,
57250,1473,0,0,0,91.43,,
57251,1472,1,1,0,47.96,,
57252,1478,0,0,0,99.54,,
57253,7480,10,5,5,3.73,,
57254,7481,3,0,3,3.16,,
57255,7482,3,0,3,4.05,,
57256,7483,0,0,0,3.16,,
57257,7484,2,2,0,3.16,,
57258,7485,8,3,5,3.16,,
57259,7490,0,0,0,7.24,,
57260,7491,8,3,5,3.72,,
57261,7492,6,5,1,3.72,,
57262,7493,1,0,1,3.72,,
57263,7494,0,0,0,3.72,,
57264,7495,4,4,0,3.72,,
57270,2000020973,8,4,4,33.99,,
57272,010-12199-00,0,0,0,18.75,,
57273,0200MB0DP1,13,6,7,104.90,,
57274,SPK2218,6,3,3,6.17,,
57275,SPK1614,15,5,10,6.17,,
57276,6225-R,7,1,6,327.88,,
57278,A28162,20,12,8,120.82,,
57280,5290,12,8,4,41.10,,
57296,R70014,3,2,1,29.82,,
57315,600033-1,13,9,4,61.35,,
57316,600031-1,0,0,0,127.05,,
57317,600032-1,1,1,0,158.81,,
57321,2700K,6,6,0,30.60,,
57322,2701K,1,1,0,39.33,,
57323,2702K,4,4,0,48.23,,
57350,TY-KITW,7,3,4,11.10,,
57351,001-341-830-00,0,0,0,558.18,,
57353,760025-1,3,3,0,82.79,,
57354,"UFO X RV",1,0,1,179.99,,
57355,5266CR,0,0,0,27.27,,
57364,327,0,0,0,7.36,,
57373,KG1020-4,0,0,0,8.21,9.78,
57374,KG1020-9,4,4,0,19.33,24.65,
57381,010-12378-20,2,0,2,997.02,,
57382,010-12379-20,3,1,2,1552.49,2069.99,
57389,OC15SUK10,0,0,0,29.97,,
57391,137000-701-999-16,22,20,2,7.25,,
57396,0425-BK,1,1,0,10.46,,
57400,104110,5,2,3,20.54,,
57401,108910,4,2,2,46.02,,
57402,104310,7,3,4,20.54,,
57403,104710,4,2,2,20.54,,
57404,103910,4,2,2,20.54,,
57405,104210,6,4,2,20.54,,
57406,104610,3,3,0,20.54,,
57411,A80291,6,2,4,55.39,,
57412,A80292,6,4,2,72.43,,
57413,A0-0900-TEG,0,0,0,692.47,,
57414,A0-1500-CF,0,0,0,1446.30,,
57415,A0-1500-CFT,3,1,2,1665.43,,
57416,MI-001ST,6,6,0,120.37,,
57417,CA-0088,23,11,12,211.07,,
57421,40934,0,0,0,18.76,,
57422,40934CASE,0,0,0,208.80,,
57426,A80312,6,3,3,29.82,,
57427,A80247,6,6,0,72.43,,
57430,BCPC-6,0,0,0,13.61,,
57431,BCPC-6.5,0,0,0,13.61,,
57432,BCPC-7,0,0,0,11.39,,
57433,BCPC-7.5,0,0,0,11.39,,
57434,BCPC-8,0,0,0,11.84,,
57435,BCPC-8.5,0,0,0,11.84,,
57436,BCPC-9,0,0,0,12.72,,
57437,BCPC-9.5,0,0,0,12.72,,
57438,BCPC-10,0,0,0,14.42,,
57439,BCPC-10.5,0,0,0,14.42,,
57440,BCPC-11,0,0,0,15.54,,
57441,BCPC-11.5,0,0,0,26.12,,
57442,BCPC-12,0,0,0,20.54,,
57443,BCPC-12.5,0,0,0,28.36,,
57444,BCPC-13,0,0,0,23.28,,
57445,BCPC-13.5,1,1,0,30.57,,
57446,BCPC-14,0,0,0,32.82,,
57447,BCPC-14.5,0,0,0,32.82,,
57448,BCPC-15,1,1,0,35.04,,
57449,BCPC-15.5,0,0,0,35.04,,
57465,010-11129-00,0,0,0,26.24,,
57466," 106910",3,2,1,27.60,,
57467," 104510",2,2,0,20.54,,
57473,SN2060A,5,0,5,121.38,,
57474,SN2011,12,8,4,128.75,,
57475,SN2010,7,4,3,139.00,,
57488,F17727,7,1,6,33.56,,
57501,36400-1000,21,13,8,23.38,,
57502,36400-0000,8,5,3,23.38,,
57503,010-11957-00,0,0,0,22.49,,
57510,HS2500HP,8,8,0,26.90,43.99,
57512,010-11613-10,4,4,0,63.75,,
57517,30142-201,4,3,1,58.36,,
57525,001-167-890-10,0,0,0,66.36,,
57530,001-105-810-10,0,0,0,50.91,,
57531,001-341-660-00,0,0,0,280.91,,
57536,PP4800-12,0,0,0,356.35,,
57538,1039,11,11,0,4.64,,
57539,1008,4,4,0,3.41,,
57542,24012000,0,0,0,2004.06,,
57543,24020800,0,0,0,953.85,,
57544,24021500,0,0,0,1495.99,,
57545,24022500,4,2,2,2624.07,,
57546,24095100,3,1,2,4530.79,,
57560,81400100,0,0,0,44.98,,
57561,81500600,0,0,0,101.37,,
57562,81500700,0,0,0,183.12,,
57563,81500100,0,0,0,75.21,,
57564,81500200,0,0,0,108.72,,
57565,81500300,2,2,0,154.50,,
57566,81500350,0,0,0,329.44,,
57567,81500400,0,0,0,155.34,,
57568,81500500,0,0,0,339.26,,
57569,81400400,0,0,0,168.41,,
57570,81400500,0,0,0,204.37,,
57574,010-12117-08,0,0,0,22.49,,
57578,1154,8,8,0,6.03,,
57579,1011,11,11,0,3.63,,
57581,1004,4,4,0,2.86,,
57584,SET0044,0,0,0,606.23,,
57585,15101-104,26,11,15,602.24,,
57587,001-337-420-00,0,0,0,327.27,,
57589,001-337-450-00,0,0,0,270.00,,
57590,001-337-430-00,0,0,0,186.36,,
57591,001-337-440-00,0,0,0,242.73,,
57599,SVS880FMK,0,0,0,40.00,,
57601,65100,0,0,0,114.96,,
57607,43990-0051,9,5,4,26.37,,
57608,11944-7,9,3,6,8.51,,
57618,OCTAFG1012,3,2,1,499.99,,
57620,R70439,17,10,7,34.08,,
57625,SP-70-1,0,0,0,2099.30,,
57626,DVD5800,0,0,0,211.72,,
57641,26244GA,29,12,17,15.19,,
57643,27672,30,17,13,90.96,149.99,
57648,MC200,10,4,6,3.62,4.95,
57655,PP5050-19,0,0,0,370.90,,
57656,PP5200-12,0,0,0,392.72,,
57657,PP4408,0,0,0,269.08,,
57658,PP5205,0,0,0,392.72,,
57659,HRSB1107,0,0,0,289.15,,
57661,SSC300-01,4,2,2,348.21,,
57662,SSC300-01-KIT,0,0,0,464.90,,
57663,803500,3,2,1,157.00,,
57664,803500B,4,1,3,189.19,,
57665,805500,3,3,0,229.73,,
57666,805500B,12,5,7,229.73,,
57675,APT-150-01,32,19,13,323.44,,
57676,APT-250-01,4,3,1,340.31,,
57677,APT-GPS-01,4,4,0,151.31,,
57678,APT-LB-01,8,3,5,151.31,,
57679,APT-LB-GPS2-01,5,3,2,258.75,,
57680,APT6003,5,2,3,427.50,,
57684,SSM-64A,12,6,6,53.33,,
57685,010-11617-32,8,7,1,41.24,,
57686,010-11617-42,4,2,2,48.75,,
57687,010-12234-07,0,0,0,26.24,,
57688,010-12406-00,6,5,1,22.49,,
57758,10102G40,9,9,0,6.56,,
57759,10200G40,47,27,20,2.30,,
57760,10201G40,10,10,0,2.12,,
57766,10600G40,3,3,0,5.36,,
57768,10603G40,26,16,10,4.10,,
57770,45004G40,6,6,0,4.93,,
57774,58195,11,0,11,71.91,,
57775,58196,11,4,7,78.19,,
57776,58197,24,18,6,32.60,,
57777,58387,4,0,4,16.23,,
57785,FT1PXC,15,14,1,152.74,,
57786,500199,4,2,2,279.99,,
57811,740146-1,18,18,0,24.14,,
57812,740149-1,4,3,1,42.74,,
57813,780029-1,4,4,0,17.24,,
57819,710185-1,1,1,0,206.99,,
57820,790,30,13,17,14.71,,
57821,792,11,8,3,33.09,,
57829,ACDC1911,2,2,0,23.55,,
57833,740090-1,7,7,0,20.69,,
57841,720073-4,3,0,3,72.13,,
57887,1852074,0,0,0,32.68,,
57899,1810340,2,0,2,360.44,,
57900,1810244,1,0,1,79.91,,
57943,EIC101,16,12,4,131.26,,
57962,3400,10,4,6,130.31,,199.98
57963,3500,5,3,2,182.25,,259.98
57965,YBP-5103,30,28,2,12.33,,19.98
57969,YBP-5203,28,21,7,14.58,,19.98
57973,3552,18,0,18,14.14,,21.98
57975,3554,32,17,15,14.14,,21.98
57976,3555,25,2,23,14.14,,21.98
57977,30803,1,1,0,10.81,,16.98
57980,010-11966-00,10,1,9,22.49,,
58046,32010,6,6,0,165.30,,
58049,1810225,0,0,0,188.87,,
58050,1810226,2,1,1,145.28,,
58051,IRIS090,0,0,0,491.28,,
58053,1001003,0,0,0,203.27,,
58054,1001008,0,0,0,175.68,,
58066,122000-500-020-16,12,6,6,48.84,,
58067,122000-500-040-16,8,2,6,48.84,,
58068,122000-500-060-16,0,0,0,48.84,,
58072,GP2205,0,0,0,363.62,,
58073,GP1205,0,0,0,363.62,,
58074,GP1524,0,0,0,276.35,,
58075,GP2524,0,0,0,276.35,,
58084,801310,0,0,0,109.19,,
58085,8013,0,0,0,10.92,,
58086,80301,15,15,0,39.00,,
58087,HRSB1201,0,0,0,9.03,,
58138,3000003654,0,0,0,77.64,,
58139,011,16,6,10,85.70,,
58140,144,8,2,6,44.99,,
58168,SW55450,2,2,0,14.03,,
58175,SRA-50,13,9,4,85.62,,
58180,01-0398,0,0,0,4777.78,,
58182,6018-R,0,0,0,732.66,,
58184,B4-509AA,0,0,0,3720.73,,
58186,010-12167-20,0,0,0,44.99,,
58190,DFP5,9,7,2,8.83,,
58195,10-24750-09,1,1,0,223.99,,
58199,3230WC,0,0,0,23.00,,
58200,3226WC,2,0,2,29.55,,
58239,9351-2,1,1,0,11.74,,
58240,11370-7,15,11,4,13.03,,
58241,14233-7,8,5,3,22.56,,
58243,11778-2,0,0,0,45.69,,
58249,DE90815F,4,2,2,342.48,,
58250,DE96280F,11,11,0,21.19,,
58252,DE96286F,7,1,6,20.01,,
58256,DE2428F,28,22,6,9.47,,
58257,DE2430F,4,0,4,16.20,,
58320,001-337-410-00,0,0,0,82.73,,
58325,CLM100-01,0,0,0,356.22,,
58328,49024,0,0,0,29.99,44.99,
58329,0140,15,15,0,19.26,,
58330,0141,11,11,0,25.84,,
58335,0443,8,8,0,7.54,,
58338,0448-BK,8,8,0,15.28,,
58339,4338-121-E07,6,2,4,194.69,,
58341,2028,2,2,0,58.79,,
58342,2029,4,4,0,64.21,,
58370,2000023099,5,2,3,212.39,,
58398,019901,0,0,0,101.82,212.00,
58399,011702,1,0,1,186.32,304.00,
58412,A10-217-3,2,0,2,281.25,,449.99
58413,10-904,0,0,0,49.74,,
58414,10-905,0,0,0,49.74,,
58450,44106-1000,122,57,65,11.04,,
58483,50050-2,4,4,0,319.92,,
58484,50051,8,5,3,153.33,,
58488,QCM-S,8,2,6,64.01,,
58489,01-0386-07,0,0,0,12668.40,,
58492,QCM-SR,6,2,4,78.25,,
58565,50053,0,0,0,332.00,,
58570,CA-0157-1,7,3,4,32.90,,
58571,CA-0157-2,13,8,5,49.75,,
58572,CA-0157-3,6,4,2,67.41,,
58573,CA-0157-4,0,0,0,83.46,,
58574,03-1570-100,11,6,5,12.39,,
58576,03-1108-RP,5,2,3,6.23,,
58577,17-1510-50W,2,1,1,24.38,,
58578,CA-0032,7,3,4,40.63,,
58579,CA-0033,6,3,3,75.16,,
58581,1045,41,10,31,37.86,,
58582,1733,27,7,20,39.59,,
58584,770-EZ,34,21,13,47.09,,
58585,5045,63,19,44,20.94,,
58586,5046,29,8,21,40.51,,
58587,770-DP-EZ,0,0,0,62.47,,
58588,770-DP,10,10,0,51.44,,
58589,771-S-EZ,4,3,1,52.53,,
58592,771-S,4,0,4,46.20,,
58594,772-DBC-EZ,0,0,0,65.80,,
58595,772-DBC,14,10,4,54.31,,
58596,701S,8,5,3,32.45,,
58597,701-PM,26,12,14,21.80,,
58598,701S-PM,33,4,29,33.41,,
58599,701-MD,43,16,27,145.01,,
58600,701-MD-D,9,4,5,154.52,,
58601,720-MDO,13,6,7,189.66,,
58603,80-724-0006-00,3,3,0,75.40,,
58604,80-708-0013-00,0,0,0,44.22,,
58606,80-911-0045-00,1,0,1,124.59,,
58607,54-27C4/DSP,1,1,0,9.70,,
58608,54-35C2/DSP,5,0,5,11.06,,
58609,701-KEY,18,10,8,8.06,,
58610,701-KEY-EP,43,11,32,9.61,,
58611,GP1800-20,0,0,0,312.72,,
58612,P105055,0,0,0,413.58,529.37,
58613,P105056,0,0,0,705.01,902.42,
58614,P105057,0,0,0,1171.51,1443.30,
58615,010-12255-00,0,0,0,149.99,,
58616,112507,10,0,10,95.86,,152.49
58617,112527,9,9,0,93.98,,133.79
58618,113117,19,9,10,95.82,,145.49
58619,113127,40,20,20,94.39,,143.39
58620,113197,32,9,23,94.00,,142.89
58621,112807,17,7,10,109.18,,158.09
58622,112827,11,6,5,104.87,,151.99
58626,101326,8,4,4,131.24,,209.59
58629,101334,8,4,4,368.76,,573.39
58630,101335,0,0,0,393.26,,612.79
58631,101336,7,4,3,368.27,,573.69
58632,101346,4,2,2,571.66,,883.69
58633,101347,0,0,0,566.67,,889.69
58634,101348,5,2,3,571.14,,884.09
58641,111831,0,0,0,188.52,,298.79
58647,701-MDVS,14,3,11,165.76,,
58648,720-MDVSO,4,2,2,277.10,,
58649,80-701-0018-00,13,1,12,134.11,,
58650,720-MDO-EP,4,3,1,190.42,,
58651,80-724-0007-00,2,1,1,31.09,,
58652,710-140A,17,2,15,101.05,,
58653,714-140A-DVSR,3,1,2,132.13,,
58654,715-H,0,0,0,78.01,,
58655,715-V,0,0,0,78.01,,
58656,716-H-140A-DVSR,0,0,0,168.25,,
58657,716-V-140A-DVSR,0,0,0,168.25,,
58658,716-SQ-140A-DVSR,5,3,2,168.25,,
58659,715-S,0,0,0,99.02,,
58660,718-140A-DVSR,0,0,0,196.38,,
58661,717-140A-DVSR,15,1,14,291.66,,
58662,719-140A-DVSR,2,0,2,424.95,,
58663,80-716-0017-00,0,0,0,205.90,,
58664,80-716-0018-00,11,0,11,449.85,,
58665,80-716-0014-00,0,0,0,421.43,,
58666,80-716-0015-00,2,2,0,704.72,,
58667,80-716-0016-00,0,0,0,983.05,,
58668,80-700-0050-00,0,0,0,249.78,,
58669,80-700-0051-00,0,0,0,252.27,,
58670,80-700-0052-00,0,0,0,242.35,,
58673,CC-810,0,0,0,134.82,,
58674,CC-803N,2,0,2,336.64,,
58676,CC-5,0,0,0,36.59,,
58679,CC-BLANK,0,0,0,33.99,,
58688,A80346,7,4,3,38.34,,
58689,777-BB4S-500,36,26,10,73.14,,
58690,777-BB3S-650,34,20,14,80.66,,
58691,777-BB5S-650,42,31,11,108.51,,
58692,777-BB8S-650,14,7,7,152.52,,
58693,777-Z10W-200,14,7,7,29.20,,
58694,777-Z18W-200,25,11,14,45.40,,
58695,778-ANL,18,14,4,23.53,,
58696,778-ANL2S,5,0,5,48.07,,
58697,778-ANLTP,5,2,3,57.36,,
58698,778-T2S-400,0,0,0,48.07,,
58699,778-T2S-600,15,5,10,56.42,,
58700,IST-8MM-1S,13,8,5,12.04,,
58701,IST-8MM-2S,0,0,0,18.19,,
58702,IST-10MM-8MM,0,0,0,18.60,,
58704,IST-10MM-2S,45,5,40,18.91,,
58705,IST-8MM-1SPT,0,0,0,19.14,,
58706,IST-10MM-1SPT,11,6,5,19.78,,
58707,IS-6MM-1/DSP,9,4,5,9.39,,
58708,IS-6MM-1R/DSP,8,3,5,10.24,,
58709,IS-6MM-2/DSP,10,3,7,12.18,,
58710,BB-6W-2S/DSP,0,0,0,24.48,,
58711,BB-12W-2S/DSP,0,0,0,27.25,,
58712,BB-24W-2S/DSP,0,0,0,33.40,,
58713,BB-12W-2NC/DSP,0,0,0,35.73,,
58714,BB-4S-150A/DSP,0,0,0,33.20,,
58715,TB-118-6P/DSP,8,2,6,9.85,,
58717,706-4W,3,0,3,84.81,,
58718,706-2W,2,0,2,46.24,,
58719,707,4,2,2,103.74,,
58720,705-50A,0,0,0,91.21,,
58721,705-80A,1,1,0,91.21,,
58722,705-100A,0,0,0,91.21,,
58723,705-135A,0,0,0,91.21,,
58724,705-150A,0,0,0,91.21,,
58725,ATC-6W,0,0,0,26.95,,
58726,ATC-6WQC,0,0,0,26.91,,
58727,80-712-0039-00,9,3,6,17.46,,
58728,810-15-CX,0,0,0,56.00,,
58731,810-30-CX,0,0,0,84.00,,
58741,HX380,38,22,16,174.99,,
58763,77030100,45,23,22,163.48,,
58768,131902500,7,5,2,219.72,,
58805,GP1050-19,0,0,0,327.26,,
58806,900-DC,0,0,0,123.75,,
58807,OCTAFMDRSSYS12,0,0,0,1268.48,,
58809,901H,0,0,0,217.60,,
58810,901V,0,0,0,217.60,,
58811,CA82B-35R,0,0,0,3075.45,,
58812,902NMH,0,0,0,337.97,,
58813,902NMV,0,0,0,337.97,,
58814,904NM,0,0,0,393.76,,
58815,905NM,0,0,0,582.65,,
58817,764998,17,10,7,4.40,,
58818,765000,16,5,11,9.42,,
58819,765002,13,13,0,9.73,,
58820,765004,17,5,12,7.35,,
58821,765006,6,2,4,11.73,,
58822,765010,8,3,5,8.07,,
58823,765012,13,10,3,10.06,,
58824,750000,14,10,4,10.91,,
58825,760375,0,0,0,1.90,,
58826,760500,11,3,8,1.90,,
58827,301503,4,0,4,6.13,,
58828,301506,7,3,4,10.85,,
58829,304503,0,0,0,4.40,,
58830,304506,4,1,3,7.41,,
58831,306503,0,0,0,6.42,,
58832,906NMV,0,0,0,911.66,,
58834,OCTAFG0612,0,0,0,422.24,,
58838,OCTAFG1012,0,0,0,501.57,,
58841,OCTAFG1612,0,0,0,554.46,,
58847,NC36NM,0,0,0,920.33,,
58852,901V-DCSM,0,0,0,565.82,,
58865,902V-DCSM,0,0,0,628.48,,
58867,903-DCSM,0,0,0,883.30,,
58871,905V-DCSM,0,0,0,905.92,,
58880,900-AM,0,0,0,213.77,,
58883,902-AM,0,0,0,408.78,,
58885,904-AM,0,0,0,591.92,,
58887,905-AM,0,0,0,805.23,,
58889,906-AM,0,0,0,1014.60,,
58890,906V-AM,0,0,0,994.69,,
58891,907-AM,0,0,0,1594.80,,
58893,NC32Y-DCSM,0,0,0,1240.05,,
58897,M28-DCSM,0,0,0,1126.40,,
58898,M32-DCSM,0,0,0,1193.85,,
58947,010-01550-00,6,3,3,127.99,,
58948,010-01550-10,1,0,1,199.99,,229.99
58953,010-12439-00,2,2,0,14.99,,
58954,010-12439-01,12,6,6,18.75,,
58955,010-12440-00,0,0,0,14.99,,
58956,010-12440-01,0,0,0,14.99,,
58957,010-12440-02,0,0,0,14.99,,
58958,010-12401-00,0,0,0,134.99,,
58959,010-12401-20,0,0,0,112.49,,
58960,010-12402-00,4,2,2,187.49,,
58961,010-12403-00,2,1,1,142.49,,
58962,010-12404-00,1,1,0,187.49,,
58963,010-12404-10,1,0,1,487.49,,
58964,010-12405-00,1,1,0,262.49,,
58966,010-12407-00,0,0,0,22.49,,
58967,010-12407-02,0,0,0,26.24,,
58970,010-12445-30,0,0,0,7.49,,
58973,010-12445-00,33,12,21,22.49,,
58975,010-12445-21,0,0,0,3.75,,
58976,010-12445-31,0,0,0,3.75,,
58977,010-12445-10,7,0,7,22.49,,
58978,010-12234-06,0,0,0,18.75,,
58979,010-12462-00,0,0,0,112.49,,
58980,010-12357-00,0,0,0,22.49,,
58986,OC-0422BKA8,0,0,0,213.96,,
58989,OT-0442BKA15,4,2,2,571.77,,
58990,OT-0442VEL15,4,2,2,449.99,,
58992,F16-0151R-1,0,0,0,46.45,,
58994,F31-0790BXY-1,5,3,2,455.90,,
58995,F31-0770BSA-1,4,2,2,218.97,,
58999,F16-0810-1,0,0,0,301.85,,
59001,OT-3160CF,2,0,2,2192.41,,
59002,OT-4200CF,3,2,1,2619.47,,
59006,900-ACM6W-110V,0,0,0,278.18,,
59008,900-AC1-110V,0,0,0,288.48,,
59009,900-AC1,0,0,0,305.25,,
59010,HRC10812V,2,1,1,2429.31,3412.68,
59011,RC8612V,5,3,2,1269.50,1787.46,
59012,RC121212V,0,0,0,3742.65,5090.00,
59013,900-ACCH-110V,0,0,0,180.89,,
59014,900-ACCH,0,0,0,279.99,,
59015,R62379,1,1,0,140.61,,
59028,900-AC2V-ACSM,0,0,0,942.01,,
59029,900-AC3-AM,0,0,0,792.48,,
59031,900-AC3-ACSM,0,0,0,1059.42,,
59033,900-AC4-ACSM,0,0,0,1110.11,,
59044,BM30PW,8,0,8,87.09,128.70,
59045,BM30PG,8,2,6,87.09,128.70,
59046,BM30PB,3,0,3,87.09,128.70,
59047,BM50PW,2,2,0,102.31,151.20,
59048,BM50PG,2,2,0,102.31,151.20,
59049,BM50PB,0,0,0,102.31,151.20,
59050,BM30NT,0,0,0,130.32,192.60,
59110,2914,9,3,6,550.99,,
59164,BP3708,3,3,0,251.09,,
59165,BP3740,1,1,0,251.09,,
59167,BP9005,16,4,12,61.62,,
59168,BP9013,11,4,7,79.91,,
59169,BP9021,6,0,6,66.59,,
59170,BP4402,5,1,4,123.35,,
59171,BP4410,4,0,4,140.44,,
59172,BP0510,7,4,3,131.67,,
59174,BP0350,5,2,3,91.32,,
59176,82-962-001A,5,5,0,116.39,,
59177,BP1552,12,8,4,159.15,,
59178,BP1554,0,0,0,163.75,,
59179,GP4618,77,77,0,43.55,,
59180,GP0550,11,8,3,98.20,,
59181,GP0551,6,4,2,98.20,,
59182,GP0418,14,8,6,84.69,,
59183,GP0650,27,23,4,60.81,,
59184,SS5212,29,15,14,65.74,,
59185,SS1212,8,7,1,84.26,,
59186,SS1224,31,19,12,92.35,,
59187,BP2052,32,5,27,179.67,,
59188,BP2054,21,10,11,175.54,,
59189,BP4572,29,12,17,216.09,,
59190,BP4574,4,4,0,225.99,,
59191,LV1219,36,20,16,15.09,,
59192,RT2498,12,5,7,107.98,,
59193,RT2658,16,8,8,141.05,,
59199,S-7098P,12,8,4,5.83,,
59208,F600,8,7,1,492.40,,
59209,S600,9,7,2,491.34,,
59210,F700,3,1,2,589.65,,
59211,S700,4,3,1,586.96,,
59212,S1100,3,2,1,551.23,,
59213,F1100,2,0,2,559.50,,
59214,F600W,4,3,1,576.25,,
59215,F1200,1,1,0,684.91,,
59216,S1200,5,1,4,723.10,,
59221,PP4800-20,0,0,0,356.35,,
59222,PP5065,0,0,0,399.99,,
59224,PP5058,0,0,0,370.90,,
59225,PP4403,0,0,0,269.08,,
59226,PP5064,0,0,0,399.99,,
59227,PP5059,0,0,0,370.90,,
59228,PP4407,0,0,0,269.08,,
59229,RMX4800-20,0,0,0,436.35,,
59230,RMX4800-12,0,0,0,436.35,,
59232,RMX4800,0,0,0,421.81,,
59234,RMX4408,0,0,0,392.72,,
59235,RMX4407,0,0,0,392.72,,
59236,RMX4808,0,0,0,436.35,,
59238,ACC-FF-1536,7,4,3,6.46,,
59239,GP2050-20,0,0,0,327.26,,
59240,ACC-FF-1567,0,0,0,6.46,,
59241,ACC-FF-1659,0,0,0,12.93,,
59242,GP2050-19,0,0,0,327.26,,
59243,ACC-FF-1581,0,0,0,35.74,,
59244,GP1200-12,0,0,0,363.62,,
59245,GP2200-12,0,0,0,363.62,,
59246,GP1800-12,0,0,0,312.72,,
59248,GP2050-09,0,0,0,327.26,,
59249,GP1807,0,0,0,312.72,,
59250,GP1040-20,0,0,0,334.53,,
59251,A80350,0,0,0,379.16,,
59252,GP2040-20,0,0,0,334.53,,
59253,GP1080-19,0,0,0,385.44,,
59254,GP2080-19,0,0,0,385.44,,
59258,GP1170-12,0,0,0,385.44,,
59259,GP2170-12,0,0,0,385.44,,
59260,GP1040-09,0,0,0,334.53,,
59261,GP2040-09,0,0,0,334.53,,
59262,GP2040,0,0,0,319.99,,
59263,GP1170-09,0,0,0,385.44,,
59264,GP2170-09,0,0,0,385.44,,
59265,GP1174,0,0,0,385.44,,
59266,GP2174,0,0,0,385.44,,
59267,GP2082,0,0,0,385.44,,
59268,GP1082,0,0,0,385.44,,
59269,GP1170-05,0,0,0,385.44,,
59270,GP2170-05,0,0,0,385.44,,
59271,GP1504,0,0,0,276.35,,
59272,GP1514,0,0,0,276.35,,
59273,GP1600-04,0,0,0,341.81,,
59274,GP2504,0,0,0,276.35,,
59275,GP2514,0,0,0,276.35,,
59276,GP2600-04,0,0,0,341.81,,
59277,GP1040-19,0,0,0,334.53,,
59279,BEA3000,7,4,3,167.60,,
59280,GP2040-19,0,0,0,334.53,,
59281,GP1508,0,0,0,276.35,,
59282,"RLS- AM",14,8,6,42.19,,
59283,"RLS- 401",3,3,0,16.88,,
59284,"RLS- 402",11,5,6,26.44,,
59285,"RLS- 403",3,1,2,19.69,,
59286,"RLS- 404",16,8,8,19.69,,
59289,"RL- 508",9,5,4,30.38,,
59290,"RL- 509",7,4,3,24.19,,
59291,"RL- 510",0,0,0,16.88,,
59292,"RL- 511",0,0,0,16.88,,
59293,"MBR-700 PRO",1,0,1,199.00,,
59295,"RL- TETH",0,0,0,12.94,,
59296,GP1518,0,0,0,276.35,,
59297,GP1608,0,0,0,341.81,,
59298,GP2508,0,0,0,276.35,,
59299,GP2518,0,0,0,276.35,,
59300,GP2608,0,0,0,341.81,,
59301,GP2600-10,0,0,0,341.81,,
59302,GP1600-10,0,0,0,341.81,,
59303,GP1080-08,0,0,0,385.44,,
59304,GP2080-08,0,0,0,385.44,,
59305,TP325,0,0,0,159.99,,
59307,SG125,0,0,0,319.99,,
59308,SG225,0,0,0,319.99,,
59310,GP2065,0,0,0,363.62,,
59311,PP5066,0,0,0,399.99,,
59312,PP4500-01,0,0,0,276.35,,
59313,PP5050-01,0,0,0,370.90,,
59314,PP4500-06,0,0,0,276.35,,
59315,PP4500-05,0,0,0,276.35,,
59316,PP5050-02,0,0,0,370.90,,
59317,PP4900-02,0,0,0,356.35,,
59318,000-154-024,0,0,0,76.36,,
59319,PP4500-03,0,0,0,276.35,,
59321,PP4500-02,0,0,0,276.35,,
59322,PP4900-01,0,0,0,356.35,,
59323,RMX4500-01,0,0,0,399.99,,
59324,RMX4500-02,0,0,0,399.99,,
59325,RMX4900-01,0,0,0,436.35,,
59326,GP1066,0,0,0,363.62,,
59327,GP2066,0,0,0,363.62,,
59335,GP1040-26,0,0,0,334.53,,
59338,GP1040-23,0,0,0,334.53,,
59341,GP1040-29,0,0,0,334.53,,
59345,LLB-16CW-01-00,0,0,0,13.71,,
59346,GP1500-01,0,0,0,276.35,,
59347,LLB-45RU-91-K1,0,0,0,113.44,,
59349,GP1500-11,0,0,0,276.35,,
59351,GP1040-10,0,0,0,334.53,,
59353,GP1500-05,0,0,0,276.35,,
59354,GP1500-04,0,0,0,276.35,,
59355,GP1040-25,0,0,0,334.53,,
59361,GP1040-24,0,0,0,334.53,,
59362,GP1500-02,0,0,0,276.35,,
59363,GP1040-28,0,0,0,334.53,,
59364,GP1040-27,0,0,0,334.53,,
59366,GP1040-22,0,0,0,334.53,,
59367,11501000,3,1,2,50.63,,
59368,GP1040-21,0,0,0,334.53,,
59376,SK129,0,0,0,181.81,,
59379,SK130,0,0,0,181.81,,
59394,DS0006,18,5,13,140.82,,
59395,LV1215,34,17,17,17.43,,
59396,F1100W,6,4,2,678.09,,
59397,S600W,4,2,2,555.61,,
59398,BP0527,8,2,6,132.84,,
59399,WM8284,21,7,14,306.38,,
59400,WM8484,7,3,4,318.32,,
59401,GP1354,63,38,25,32.59,,
59402,S360EW,13,2,11,675.60,,
59403,S1100W,0,0,0,719.28,,
59404,SS5012,8,7,1,32.47,,
59405,SS1012,9,1,8,37.96,,
59406,BE1482,10,6,4,99.39,,
59407,BE1484,4,0,4,111.95,,
59408,BE9003,45,26,19,38.50,,
59409,BE9006,28,11,17,62.34,,
59415,DE73103F,14,5,9,16.87,,
59421,WLOCKLP30,0,0,0,140.81,,
59427,USG-2,5,3,2,140.84,,
59428,DIN-KIT-2,0,0,0,14.10,,
59432,TKA01,0,0,0,7.59,,
59433,TKA02,0,0,0,5.53,,
59446,MRWT40,4,4,0,96.73,,
59454,MRGB65S,9,5,4,88.67,,
59455,SET0151,0,0,0,70.60,,
59485,320899,10,5,5,84.23,,
59486,MI-1050-ORS,2,0,2,68.61,,
59488,CA-0172-MO,0,0,0,158.09,,
59489,CA-0175-MO,5,3,2,275.59,,
59491,03-1226-23S,7,4,3,20.06,,
59492,03-1226-23G,5,4,1,20.06,,
59495,"AL 01706",13,7,6,10.81,17.95,
59496,"AL 01710",7,4,3,50.72,69.95,
59497,"CR 01606",19,4,15,10.81,17.95,
59498,"CR 01610",4,4,0,50.72,69.95,
59501,14190-7,38,19,19,26.96,,
59502,14191-7,10,5,5,32.86,,
59513,308-0163-25,4,2,2,69.69,,
59514,308-0163-50,0,0,0,106.59,,
59515,308-0163-75,0,0,0,131.19,,
59517,308-0164-25,0,0,0,79.62,,
59518,308-0164-50,0,0,0,100.58,,
59520,308-0164-100,0,0,0,146.68,,
59521,4115028,20,13,7,23.46,,
59522,4113315,2,0,2,19.27,,
59526,308-0251-30-00,0,0,0,98.39,,
59527,308-0252-30-00,0,0,0,98.39,,
59528,308-0253-30-00,0,0,0,381.29,,
59529,308-0254-30-00,0,0,0,381.29,,
59551,F31-2200BXY-4A,0,0,0,64.40,,
59552,F31-2230BXY-4A,0,0,0,90.51,,
59556,HRMK2103,0,0,0,268.30,,
59557,10-24664-09,0,0,0,267.40,,
59568,BE2002,0,0,0,91.39,,
59570,SI8284,3,3,0,278.47,,
59571,SI8484,9,4,5,322.05,,
59572,E70321,0,0,0,1087.99,,
59594,CMP31W,0,0,0,99.99,,
59596,6830,1,0,1,168.10,175.50,
59597,6400-R,4,2,2,278.58,,
59598,6832,0,0,0,599.14,625.50,
59635,010-01142-30,0,0,0,337.49,,
59683,250140101,10,4,6,182.41,,
59699,010-01966-00,6,2,4,472.49,,
59700,GP1800,0,0,0,298.17,,
59701,GP1900-01,0,0,0,319.99,,
59702,GP2040-22,0,0,0,334.53,,
59703,GP2040-21,0,0,0,334.53,,
59715,010-01960-00,5,2,3,74.99,,
59716,010-01960-01,5,4,1,74.99,,
59743,DT820BV-235-N2,0,0,0,401.14,534.00,
59744,DT812BV-235-N2,0,0,0,401.14,534.00,
59747,0443004PLB,0,0,0,215.44,,
59748,0443005PLB,0,0,0,241.44,,
59749,0443006PLB,0,0,0,322.31,,
59763,111801,0,0,0,179.35,,271.19
59764,111800,1,0,1,167.63,,253.59
59765,111803,0,0,0,195.73,,309.99
59766,111802,8,4,4,171.55,,258.79
59767,112203,8,0,8,25.82,,40.29
59768,112204,0,0,0,25.82,,40.29
59769,112205,0,0,0,26.29,,39.19
59770,101227,6,6,0,27.70,,42.89
59771,112223,22,12,10,25.54,,39.99
59772,112224,26,12,14,25.32,,39.59
59773,112225,10,4,6,26.15,,40.99
59774,101228,24,12,12,26.10,,40.89
59775,101049,9,9,0,21.22,,32.39
59776,101050,16,3,13,20.99,,32.09
59777,101051,0,0,0,21.11,,32.29
59778,101225,0,0,0,22.94,,35.19
59779,101052,0,0,0,21.45,,32.79
59780,101053,3,0,3,21.33,,32.59
59781,101054,0,0,0,21.65,,32.79
59782,101226,0,0,0,21.37,,32.39
59786,199276,0,0,0,1.49,,
59787,199277,0,0,0,3.12,,
59788,199280,0,0,0,1.95,,
59789,199281,0,0,0,4.69,,
59790,199284,0,0,0,2.34,,
59791,199285,0,0,0,5.85,,
59808,R70375,6,3,3,36.89,,
59812,IRHT-01,0,0,0,236.15,,
59815,TFTDBE-5H,2,0,2,64.04,,
59822,2073-F,3,1,2,133.55,,
59823,DE2074F,0,0,0,132.69,,
59824,DE2075F,0,0,0,184.23,,
59835,261-2319-00,14,6,8,66.16,,
59839,OC17SUK42,10,6,4,209.30,,
59852,B164-0-BL,0,0,0,954.89,1275.00,
59857,USB-62C,4,2,2,25.99,,
59858,MC70BK,6,4,2,22.60,,
59859,RA5001BK,1,0,1,102.56,,
59860,RA5001WH,0,0,0,102.56,,
59867,RA5002BK,0,0,0,102.56,,
59868,RA5002WH,0,0,0,102.56,,
59869,RA5003BK,0,0,0,102.56,,
59870,RA5003WH,0,0,0,102.56,,
59876,18673-0001-P,15,10,5,45.79,,
59877,HYDBOLTCON,7,3,4,257.84,,
59878,3962.1,128,53,75,17.82,,
59879,3963.1,140,65,75,12.98,,
59880,3964.1,123,57,66,20.66,,
59881,3965.1,94,41,53,15.09,,
59882,"ANGLE FINDER",3,2,1,13.44,,
59884,010-01966-11,3,2,1,1274.99,,
59885,27626,11,7,4,78.82,114.99,
59886,27646,14,10,4,132.63,174.99,
59889,010-01961-00,0,0,0,157.49,,
59890,010-01961-10,0,0,0,551.24,,
59891,010-01961-11,0,0,0,1049.99,,
59896,BP4772,26,8,18,149.46,,
59898,BP4774,0,0,0,154.78,,
59921,242243,11,8,3,18.86,,
59922,252243,20,11,9,2.21,,
59923,242264,13,5,8,32.83,,
59924,252264,19,10,9,3.50,,
59925,242294,9,3,6,46.48,,
59926,5557-P12A7,3,3,0,40.10,,
59927,119005,5,2,3,371.60,,
59928,14192-7,10,7,3,35.86,,
59929,14193-7,0,0,0,48.00,,
59930,14194-7,6,4,2,30.39,,
59931,14195-7,3,3,0,45.71,,
59932,12048-4,4,4,0,12.54,,
59933,12049-4,27,3,24,21.36,,
59934,9097-5,25,8,17,8.61,,
59935,9098-5,55,17,38,8.78,,
59936,11930-4,5,1,4,67.94,,
59939,58040-3012,8,3,5,863.32,,
59940,58040-3024,4,2,2,949.65,,
59944,58240-3012,11,5,6,958.78,,
59946,58240-3024,0,0,0,958.78,,
59947,SVC-KIT-DBL,2,1,1,137.22,,
59948,68551,6,4,2,59.99,,
59950,010-01966-10,2,1,1,712.49,,
59954,DS0005,37,12,25,112.68,,
59957,010-12152-10,8,0,8,22.49,,
59961,RA5004BK,1,0,1,102.56,,
59962,RA5004WH,5,3,2,102.56,,
59966,341010,14,12,2,5.13,,
59968,343010,0,0,0,5.13,,
59971,346010,0,0,0,5.13,,
59972,347010,6,0,6,5.13,,
59974,331066,35,14,21,3.93,,
59979,336066,21,7,14,3.93,,
59980,337066,34,29,5,3.93,,
59982,339066,16,8,8,2.63,,
59999,703005,6,5,1,19.64,,
60000,703006,4,1,3,82.38,,
60001,703040,12,6,6,207.80,,
60002,703050,7,5,2,141.31,,
60005,702027,4,3,1,29.08,,
60006,702030,5,2,3,42.45,,
60007,230612,10,7,3,1.95,,
60008,210612,4,1,3,11.52,,
60009,220612,10,3,7,23.56,,
60010,RA5005BK,5,3,2,102.56,,
60011,RA5005WH,4,2,2,102.56,,
60012,RA5201BK,1,1,0,102.56,,
60013,RA5201WH,2,0,2,102.56,,
60014,S15-504,3,2,1,46.38,,
60015,RA5202BK,0,0,0,102.56,,
60016,RA5202WH,2,0,2,102.56,,
60017,199264,4,2,2,28.87,,
60018,RA5203BK,5,2,3,102.56,,
60019,199265,14,4,10,43.30,,
60020,199266,0,0,0,50.71,,
60021,RA5203WH,1,1,0,102.56,,
60025,150BBIW,39,14,25,20.51,,
60031,700,15,2,13,28.91,,
60032,701,67,45,22,26.04,,
60033,721,0,0,0,53.52,,
60034,720,11,3,8,70.72,,
60035,IST-10MM-1S,9,5,4,12.23,,
60036,702-2S,5,1,4,34.74,,
60039,301103,0,0,0,1.71,,
60040,301106,0,0,0,9.05,,
60041,301124,3,1,2,16.12,,
60042,301148,39,11,28,5.77,,
60043,302103,2,2,0,2.01,,
60044,302106,9,6,3,11.22,,
60045,302124,0,0,0,19.72,,
60046,302148,9,4,5,6.79,,
60047,303103,6,4,2,2.37,,
60048,303106,8,4,4,13.95,,
60049,303124,7,2,5,24.80,,
60050,303148,39,0,39,8.51,,
60051,303603,5,3,2,2.59,,
60052,303606,5,3,2,13.16,,
60053,303624,4,1,3,23.48,,
60054,303648,13,3,10,8.48,,
60055,304103,12,9,3,2.73,,
60056,304106,17,4,13,7.83,,
60057,304124,21,4,17,13.95,,
60058,304148,14,5,9,9.38,,
60059,304602,0,0,0,2.01,,
60060,304603,11,5,6,2.73,,
60061,304606,8,1,7,7.83,,
60062,304624,8,3,5,13.77,,
60063,304648,15,3,12,9.51,,
60065,305103,9,5,4,3.08,,
60066,305106,17,8,9,9.16,,
60067,305124,27,14,13,16.33,,
60068,305148,49,18,31,11.22,,
60069,305602,10,4,6,2.92,,
60070,305603,9,5,4,3.06,,
60071,305624,13,7,6,16.33,,
60072,305648,40,8,32,11.22,,
60073,306103,10,7,3,4.79,,
60074,306106,21,3,18,11.60,,
60075,306124,13,5,8,20.74,,
60076,306148,54,12,42,17.67,,
60078,306602,11,7,4,3.40,,
60079,306603,5,4,1,4.79,,
60080,306606,2,0,2,11.60,,
60081,306624,12,7,5,20.74,,
60082,306648,20,5,15,17.67,,
60083,306924,7,3,4,19.38,,
60084,307103,5,5,0,6.06,,
60085,307106,0,0,0,10.29,,
60086,307124,7,5,2,19.72,,
60087,307148,9,3,6,22.42,,
60088,307624,9,6,3,18.66,,
60089,307648,16,5,11,22.69,,
60090,307906,0,0,0,10.26,,
60216,44412-1045,8,2,6,50.74,,
60219,44412-2045,14,2,12,65.98,,
60248,180003,6,6,0,5.29,,
60249,100010,5,1,4,12.57,,
60250,100025,10,9,1,28.37,,
60251,100050,0,0,0,49.41,,
60254,100110,4,3,1,12.57,,
60255,100125,0,0,0,28.37,,
60256,100150,4,2,2,49.41,,
60264,100310,4,2,2,12.57,,
60265,100325,0,0,0,28.37,,
60266,100350,3,1,2,49.41,,
60268,180403,2,1,1,5.49,,
60274,100510,2,2,0,11.49,,
60276,100550,1,0,1,41.99,,
60313,SP-400-RB,5,5,0,38.48,,
60321,100610,1,1,0,11.49,,
60330,180803,11,10,1,5.29,,
60331,100810,6,5,1,12.57,,
60332,100825,7,4,3,28.37,,
60333,100850,0,0,0,49.41,,
60336,100910,3,1,2,12.57,,
60337,100925,0,0,0,28.37,,
60338,100950,0,0,0,49.41,,
60341,101010,6,2,4,12.57,,
60342,101025,0,0,0,28.37,,
60343,101050,0,0,0,49.41,,
60349,102025,7,4,3,34.39,,
60350,102050,9,4,5,63.61,,
60351,102099,5,1,4,94.99,,
60353,102110,6,2,4,14.28,,
60354,102125,4,2,2,34.39,,
60355,102150,0,0,0,63.61,,
60358,102210,2,2,0,14.28,,
60359,102225,0,0,0,34.39,,
60360,102250,0,0,0,63.61,,
60363,102310,4,2,2,14.28,,
60364,102325AA,0,0,0,34.39,,
60365,102350,0,0,0,63.61,,
60368,102425,0,0,0,34.39,,
60369,102450,0,0,0,63.61,,
60371,94-181-04,1,0,1,9.91,,
60376,AK1557,19,14,5,29.91,,
60378,100400-200-004-16,8,8,0,75.71,,
60405,010-11413-10,0,0,0,89.99,,
60410,102510,4,2,2,14.28,,
60411,102525,0,0,0,34.39,,
60412,102550,4,2,2,63.61,,
60413,102599,8,0,8,84.99,,
60415,102610,4,2,2,14.28,,
60416,102625,0,0,0,34.39,,
60417,102650,0,0,0,63.61,,
60419,102710,7,4,3,14.28,,
60420,102725,0,0,0,34.39,,
60421,102750,0,0,0,63.61,,
60423,182803,7,1,6,5.29,,
60424,102825,5,4,1,34.39,,
60425,102850,8,4,4,63.61,,
60428,102910,7,3,4,14.28,,
60429,102925,6,3,3,34.39,,
60430,102950,0,0,0,63.61,,
60433,103025,0,0,0,34.39,,
60434,103050,0,0,0,63.61,,
60477,121910,4,4,0,29.94,,
60478,121925,3,2,1,70.00,,
60479,121950,3,1,2,132.51,,
60481,121725,7,3,4,89.35,,
60482,121750,0,0,0,169.56,,
60484,121799,1,1,0,309.99,,
60486,121510,6,4,2,47.90,,
60487,121525,8,0,8,114.96,,
60488,121550,3,2,1,219.96,,
60491,121310,6,2,4,68.39,,
60492,121325,6,2,4,166.12,,
60493,121350,5,2,3,319.82,,
60494,121125,6,2,4,241.21,,
60496,121140,4,2,2,381.44,,
60498,120905,3,0,3,86.74,,
60499,120925,5,2,3,407.02,,
60521,FVSLTB152700A00,3,0,3,49.24,,
60526,189130,0,0,0,13.56,,
60527,189131,6,2,4,13.56,,
60528,189134,0,0,0,17.04,,
60529,189135,0,0,0,17.04,,
60530,189136,1,1,0,20.74,,
60531,189137,2,2,0,20.74,,
60532,189140,5,3,2,16.61,,
60533,189141,5,3,2,16.61,,
60534,189144,0,0,0,21.12,,
60535,189145,2,2,0,21.12,,
60536,189146,0,0,0,26.60,,
60537,189147,0,0,0,26.60,,
60542,121710,0,0,0,37.70,,
60565,001-409-510-00,0,0,0,196.36,,
60571,COK-0001B-2,15,12,3,19.21,,
60572,COK-0001T-2,11,5,6,29.27,,
60573,COK-0004G-2,6,3,3,8.36,,
60575,COK-0017-2,10,3,7,5.46,,
60576,COK-0018-2,1,0,1,9.99,,
60577,COK-0020-2,6,2,4,30.94,,
60578,COK-0022-2,7,3,4,32.49,,
60579,COK-0021-2,6,4,2,23.05,,
60580,COK-0043-1,0,0,0,108.38,,
60581,F16-1200-2,8,4,4,10.39,,
60582,RK-0002MP,5,1,4,176.31,,
60583,RK-0003MP,2,0,2,384.73,,
60584,RK-0003PB,2,2,0,299.99,,
60587,010-04284-00,1,1,0,157.49,,
60588,010-04283-00,0,0,0,119.99,,
60589,1175-BUCKET,0,0,0,196.06,,
60600,CA-0025-TG,0,0,0,121.98,,
60608,6303-0001-P,10,5,5,25.15,,
60614,010-12466-01,5,2,3,12.99,,
60625,FVSGANBTQ110A00,0,0,0,33.39,,
60629,FVSGEL110000A00,0,0,0,40.21,,
60630,FVSGEL125000A00,0,0,0,40.21,,
60634,S-3514,0,0,0,79.03,,
60635,S-3515,0,0,0,99.84,,
60636,S-3516,4,2,2,47.85,,
60637,S-3517,0,0,0,72.01,,
60638,6844C,2,0,2,34.51,,
60639,6846C,2,2,0,52.65,,
60641,S-5085P,0,0,0,6.58,,
60642,S-5086P,4,2,2,6.58,,
60649,A80275,1,0,1,112.49,,
60650,A80274,4,2,2,79.16,,
60651,A80310,4,2,2,183.32,,
60652,B4-619W2,0,0,0,5746.07,,
60654,210,0,0,0,5.29,,8.98
60655,270,32,20,12,4.28,,6.98
60656,272,8,3,5,7.31,,10.98
60657,274,18,9,9,5.69,,8.98
60659,278,0,0,0,3.70,,5.98
60661,281,1,1,0,9.68,,14.98
60662,282,19,14,5,3.14,,4.98
60663,284,19,16,3,6.81,,10.98
60664,285,1,0,1,19.84,,29.98
60665,288,13,8,5,8.13,,12.98
60666,293,3,1,2,13.55,,21.98
60667,294,11,6,5,24.95,,41.38
60671,10423,7,4,3,21.24,,
60716,6007,0,0,0,1343.53,,
60720,GPA021S,0,0,0,414.55,,
60721,ASK904B.64,5,5,0,235.63,,
60723,MUSB35,32,27,5,14.45,,
60724,124925,4,2,2,72.68,,
60725,124950,3,1,2,131.62,,
60727,124725,3,0,3,89.35,,
60728,124799,0,0,0,332.65,,
60729,124502,2,2,0,18.99,,
60730,124525,4,2,2,115.13,,
60731,124550,5,2,3,219.96,,
60733,124325,5,2,3,165.20,,
60734,124350,4,2,2,317.98,,
60736,124125,2,1,1,249.73,,
60737,124140,4,2,2,381.44,,
60739,123905,3,1,2,86.74,,
60740,123910,8,6,2,168.20,,
60742,123705,0,0,0,131.72,,
60743,123710,5,3,2,256.15,,
60744,126710,5,2,3,68.23,,
60745,126725,2,2,0,137.04,,
60746,126750,0,0,0,270.51,,
60747,126510,4,2,2,95.77,,
60748,126525,0,0,0,187.66,,
60749,126550,0,0,0,367.27,,
60750,126310,1,0,1,133.10,,
60751,126325,5,2,3,263.21,,
60752,126350,0,0,0,519.95,,
60753,154010,3,2,1,84.96,,
60754,154030,3,2,1,159.99,,
60755,154510,7,4,3,64.52,,
60756,154525,0,0,0,151.29,,
60757,153110,5,2,3,36.62,,
60758,153125,7,3,4,77.11,,
60759,153150,4,2,2,150.71,,
60760,141410,3,2,1,200.61,,
60761,141425,0,0,0,450.20,,
60777,260-11795,0,0,0,38.05,,
60778,260-11796,2,2,0,32.00,,
60785,350-11800,3,2,1,16.19,,
60788,310-11801,3,1,2,16.19,,
60791,301-11802,3,3,0,16.19,,
60792,382-11803,0,0,0,16.19,,
60794,382-11804,0,0,0,16.19,,
60795,332-11805,4,2,2,16.19,,
60809,184203,1,1,0,5.99,,
60810,104225,0,0,0,47.65,,
60811,104250,0,0,0,85.67,,
60814,104325,0,0,0,47.65,,
60815,104350,0,0,0,85.67,,
60818,104410,5,2,3,20.54,,
60819,104425,0,0,0,47.65,,
60820,104450,0,0,0,85.67,,
60823,104525,9,0,9,47.65,,
60824,104550,0,0,0,85.67,,
60826,184603,6,4,2,5.49,,
60827,104625,0,0,0,47.65,,
60828,104650,0,0,0,85.67,,
60829,184703,33,33,0,5.29,,
60830,104725,4,2,2,45.43,,
60831,104750,0,0,0,85.67,,
60832,184803,10,10,0,5.49,,
60833,104825,3,2,1,47.65,,
60834,104850,4,1,3,85.67,,
60837,104910,5,3,2,20.54,,
60838,104925,10,3,7,47.65,,
60839,104950,0,0,0,85.67,,
60841,185003,1,0,1,5.49,,
60842,105025,5,3,2,47.65,,
60843,105050,3,1,2,85.67,,
60846,106002,1,1,0,10.99,,
60847,106025,6,0,6,69.87,,
60849,106102,7,3,4,10.99,,
60850,106110,4,2,2,27.83,,
60851,106125,0,0,0,69.87,,
60852,106140,1,0,1,74.99,,
60855,106210,4,0,4,28.30,,
60859,106302,2,2,0,10.99,,
60860,106325,0,0,0,69.87,,
60865,106510,2,0,2,27.60,,
60866,106525,0,0,0,69.87,,
60879,106825,7,2,5,69.87,,
60882,P10068,7,4,3,269.47,,
60885,108025,3,1,2,103.68,,
60886,108050,0,0,0,209.28,,
60889,108110,0,0,0,43.44,,
60890,108125,0,0,0,103.68,,
60891,108150,0,0,0,209.28,,
60895,108210,2,0,2,29.99,,
60900,108325,0,0,0,112.71,,
60901,108350,0,0,0,226.72,,
60904,108510,0,0,0,43.44,,
60905,108525,0,0,0,103.68,,
60906,108550,0,0,0,209.28,,
60909,108802,9,7,2,16.99,,
60910,108825,3,2,1,103.68,,
60911,108850,2,2,0,209.28,,
60913,108902,4,3,1,16.99,,
60914,PSW5,0,0,0,17.33,,
60915,108925,0,0,0,112.71,,
60916,108950,0,0,0,226.72,,
60918,109002,2,2,0,16.99,,
60919,109010,6,3,3,46.02,,
60920,109025,9,7,2,112.71,,
60921,109050,0,0,0,226.72,,
60923,109302,7,3,4,16.99,,
60924,109310,0,0,0,53.38,,
60925,109325,0,0,0,130.74,,
60926,109350,0,0,0,252.89,,
60928,3764.1,0,0,0,16.00,,
60980,MC0075-3130,2,2,0,57.37,,
60981,MC0075-1132,0,0,0,57.37,,
60984,S8101512,7,4,3,41.84,,
60985,010-11969-00,3,0,3,37.49,,
60987,WFPC-6,0,0,0,14.76,,
60988,WFPC-6.5,0,0,0,14.76,,
60989,WFPC-7,0,0,0,16.67,,
60990,WFPC-7.5,0,0,0,16.67,,
60991,WFPC-8,0,0,0,17.46,,
60992,WFPC-8.5,0,0,0,17.46,,
60993,WFPC-9,0,0,0,19.46,,
60994,WFPC-9.5,0,0,0,19.46,,
60995,WFPC-10,0,0,0,24.46,,
60996,WFPC-10.5,0,0,0,24.46,,
60997,WFPC-11,0,0,0,25.59,,
60998,WFPC-11.5,0,0,0,26.71,,
60999,WFPC-12,0,0,0,27.28,,
61000,WFPC-12.5,0,0,0,28.38,,
61001,WFPC-13,0,0,0,29.50,,
61002,WFPC-13.5,0,0,0,30.62,,
61003,WFPC-14,0,0,0,32.86,,
61004,WFPC-14.5,0,0,0,32.86,,
61005,WFPC-15,0,0,0,35.07,,
61006,WFPC-15.5,0,0,0,35.07,,
61014,142012304,0,0,0,40.14,,
61038,2020,49,25,24,13.04,,
61039,326103,3,3,0,5.09,,
61040,326106,0,0,0,8.69,,
61041,326124,0,0,0,16.83,,
61042,326148,4,4,0,18.30,,
61043,326202,7,1,6,3.77,,
61044,326603,2,0,2,5.14,,
61045,326606,0,0,0,8.69,,
61046,326624,6,3,3,16.60,,
61047,326648,10,4,6,18.30,,
61048,327124,2,2,0,13.72,,
61049,327148,5,3,2,22.42,,
61050,327202,0,0,0,4.80,,
61051,327606,0,0,0,7.48,,
61052,327624,6,4,2,13.72,,
61053,327648,11,3,8,22.13,,
61054,316825,6,3,3,34.47,,
61055,316925,4,2,2,21.62,,
61056,317825,7,5,2,36.34,,
61057,317925,5,2,3,21.62,,
61058,320825,3,3,0,41.59,,
61059,320925,4,2,2,24.57,,
61060,320999,3,2,1,49.13,,
61061,7928,5,5,0,13.49,,
61062,7929,39,20,19,12.77,,
61063,7930,14,4,10,14.81,,
61064,7931,6,1,5,13.76,,
61065,7932,9,1,8,12.80,,
61066,7933,10,4,6,16.82,,
61067,7934,12,7,5,17.11,,
61068,7935,1,0,1,13.85,,
61069,7936,9,5,4,17.56,,
61070,7937,15,5,10,17.00,,
61071,7938,5,5,0,17.00,,
61072,7939,6,1,5,17.00,,
61194,E70342,1,1,0,104.16,,
61195,E70339,2,2,0,249.99,,
61196,E70340,0,0,0,316.66,,
61197,E70341,1,0,1,316.66,,
61229,FLKMT0000000A00,3,1,2,156.05,,
61245,300-036,1,0,1,1596.35,,1795.90
61246,400-404,0,0,0,48.84,,54.95
61252,62-541-MARINE,0,0,0,52.44,,
61254,62-541-MARINE-RLY-NC,7,7,0,52.44,,
61257,62-542-MARINE,0,0,0,52.44,,
61258,62-542-MARINE-RLY-NC,13,11,2,52.44,,
61267,SA-1000XL,11,5,6,61.46,,
61268,SA-6200,0,0,0,19.23,,
61317,F16-0006L,11,6,5,107.56,,
61318,F16-0005A,10,5,5,178.76,,
61322,P1120Z-41HAE,0,0,0,102.44,,
61323,A3120Z-41HAE,10,0,10,89.63,,
61325,SEMF06,7,7,0,45.00,,
61335,F16-0800-1,0,0,0,328.01,,
61336,F31-0780BXY-1,1,1,0,299.99,,
61337,F31-0781BXY-1,1,0,1,349.10,,
61338,BFPC-10.5,0,0,0,24.46,,
61339,BFPC-11.5,0,0,0,26.71,,
61345,001-248-170-00,0,0,0,373.64,,
61346,52520-1000,8,3,5,587.41,,
61374,MM3-VNA-027,0,0,0,227.27,,
61378,001-341-820-00,0,0,0,402.73,,
61408,111005,3,0,3,47.24,,
61409,111025,4,2,2,175.60,,
61413,111305,3,2,1,47.24,,
61414,111325,3,0,3,175.60,,
61417,111505,1,1,0,47.24,,
61418,111525,3,1,2,175.60,,
61421,111705,0,0,0,47.24,,
61422,111710,0,0,0,71.38,,
61423,111725,0,0,0,175.60,,
61427,111905,1,1,0,47.24,,
61428,111925,4,2,2,175.60,,
61431,112005,2,1,1,63.61,,
61432,112025,6,3,3,276.55,,
61435,112305,2,2,0,63.61,,
61436,112325,4,2,2,276.55,,
61439,112505,1,0,1,63.61,,
61440,112525,4,2,2,276.55,,
61443,112702,3,2,1,29.99,,
61444,112705,0,0,0,63.61,,
61445,112710,4,3,1,114.83,,
61446,112725,0,0,0,276.55,,
61449,112902,1,1,0,29.99,,
61450,112905,5,3,2,63.61,,
61451,112910,6,3,3,114.83,,
61452,112925,0,0,0,276.55,,
61456,GSE-1939BSA30-C,0,0,0,400.54,,
61468,"WB 201-50",11,5,6,26.03,37.95,
61469,"SM 10250-50",0,0,0,25.71,34.95,
61472,R109C-LH,0,0,0,2914.06,3900.00,
61476,S72-0632,0,0,0,435.15,,
61487,BFPC-6,0,0,0,14.76,,
61488,BFPC-6.5,0,0,0,14.76,,
61489,BFPC-7,0,0,0,16.67,,
61490,BFPC-7.5,0,0,0,16.67,,
61491,BFPC-8,0,0,0,17.46,,
61492,BFPC-8.5,0,0,0,17.46,,
61493,BFPC-9,0,0,0,19.46,,
61494,BFPC-9.5,0,0,0,19.46,,
61495,BFPC-10,0,0,0,24.46,,
61496,BFPC-11,4,4,0,25.59,,
61497,BFPC-12,0,0,0,27.28,,
61498,BFPC-12.5,0,0,0,28.38,,
61499,BFPC-13,0,0,0,29.50,,
61500,BFPC-13.5,0,0,0,30.62,,
61501,BFPC-14,0,0,0,32.86,,
61502,BFPC-14.5,0,0,0,32.86,,
61503,BFPC-15,0,0,0,35.07,,
61504,BFPC-15.5,0,0,0,35.07,,
61507,210613,16,16,0,5.85,,
61513,010-01504-00,0,0,0,143.99,,
61518,DE1160F,5,2,3,75.61,,
61519,DE73106F,23,6,17,15.69,,
61520,DE96306F,6,0,6,32.19,,
61537,360-406,29,0,29,40.97,,
61538,323-479,6,0,6,25.77,,
61541,360-430,8,0,8,38.31,,
61543,010-11351-40,4,1,3,37.49,,
61544,323-478,4,0,4,28.80,,
61546,360-003,9,6,3,35.21,,
61547,MM3-FNA-022,0,0,0,90.91,,
61564,58356,17,8,9,48.31,,
61565,58358,15,12,3,48.29,,
61567,"PB 101-50",0,0,0,24.84,34.95,
61574,MM3-VNA-022,0,0,0,227.27,,
61580,11865-4,7,7,0,32.54,,
61582,11830-2,11,5,6,16.88,,
61585,385320007,5,3,2,22.64,,
61592,360-410,11,5,6,38.21,,
61593,360-801,2,0,2,35.59,,
61598,340-020,0,0,0,46.64,,
61605,230-604,9,2,7,19.53,,
61606,230-404,2,2,0,16.72,,
61607,230-515,8,3,5,16.72,,
61608,230-504,3,1,2,16.72,,
61609,600-802,11,5,6,5.14,,
61613,226-001,7,4,3,31.40,,
61614,226-007,7,5,2,31.89,,
61615,226-163,0,0,0,35.84,,
61616,226-162,0,0,0,36.25,,
61621,CBL-10M-IRID,0,0,0,194.44,,
61622,CBL-15M-IRID,2,2,0,219.99,,
61623,CBL-20M-IRID,1,1,0,275.00,,
61641,226-615,4,3,1,33.25,,
61642,226-618,5,2,3,33.25,,
61644,226-620,6,5,1,33.25,,
61645,226-623,0,0,0,33.25,,
61646,226-625,6,3,3,29.99,,
61647,226-627,4,2,2,35.39,,
61648,226-630,0,0,0,38.28,,
61649,226-633,2,1,1,38.28,,
61650,226-635,3,2,1,41.51,,
61651,226-640,4,2,2,44.15,,
61652,226-645,3,2,1,46.63,,
61653,226-660,2,0,2,42.00,,
61654,226-666,3,1,2,54.00,,
61655,226-680,7,3,4,57.99,,
61656,226-690,0,0,0,76.95,,
61657,600-880,0,0,0,10.16,,
61658,600-878,9,3,6,6.88,,
61659,600-879,0,0,0,10.36,,
61661,600-840,10,6,4,5.92,,
61662,600-815,4,2,2,4.42,,
61663,RMX4500,0,0,0,385.44,,
61666,A0-SIDE-175,0,0,0,1490.12,,
61667,A1-2000-MIN,0,0,0,2042.35,,
61678,"HTM-3 ORANGE",6,4,2,64.00,,
61680,FAP7011C-A,0,0,0,977.08,,
61682,1238SC,8,5,3,42.63,,
61685,114117,0,0,0,105.64,,159.89
61686,MBB300C-01,0,0,0,1436.88,,
61687,PT-0-1.5PSI-01,0,0,0,156.10,,
61691,113005,8,0,8,81.28,,
61692,113025,0,0,0,382.99,,
61694,113505,1,0,1,81.28,,
61695,113525,1,1,0,382.99,,
61696,113905,4,2,2,81.28,,
61697,113925,0,0,0,382.99,,
61699,114005,1,0,1,131.20,,
61702,114505,3,1,2,131.20,,
61704,114905,3,1,2,131.20,,
61707,115002,0,0,0,119.17,,
61708,115005,2,0,2,167.11,,
61710,115502,2,1,1,119.17,,
61711,115505,3,1,2,167.11,,
61713,115902,0,0,0,119.17,,
61714,115905,0,0,0,167.11,,
61716,116002,7,3,4,105.57,,
61717,116005,4,0,4,197.78,,
61719,116502,5,3,2,105.57,,
61720,116505,3,1,2,197.78,,
61722,116902,0,0,0,105.57,,
61723,116905,4,2,2,197.78,,
61725,117002,5,1,4,131.34,,
61727,117502,7,3,4,131.34,,
61729,117902,2,0,2,131.34,,
61730,117920,1,1,0,649.99,,
61734,E70097,1,0,1,2201.08,,
61737,010-11422-00,0,0,0,37.49,,
61740,E70346,2,0,2,745.91,,
61748,0440-BK-4,0,0,0,7.53,,
61749,0440-BK-8,14,14,0,10.16,,
61751,0282-BK,12,12,0,25.13,,
61760,FX-7-AS,8,6,2,321.23,,
61761,FX-11-AS,9,6,3,374.89,,
61763,E70327,16,9,7,533.96,,
61770,A80351,4,2,2,99.99,,
61772,P101,23,10,13,426.67,,
61777,G-3040C,6,2,4,13.33,,
61778,G-3040SSC,4,2,2,31.63,,
61779,G-31120C,0,0,0,41.11,,
61780,G-31120SSC,1,0,1,81.20,,
61781,G-3120C,5,3,2,13.33,,
61782,G-3120SSC,4,2,2,29.76,,
61783,G-3140C,2,0,2,13.33,,
61784,G-3140SSC,0,0,0,30.20,,
61785,G-3320C,8,3,5,13.33,,
61786,G-3320SSC,0,0,0,33.23,,
61787,G-3330C,2,2,0,13.33,,
61788,G-3340C,0,0,0,13.33,,
61789,G-3340SSC,0,0,0,33.23,,
61790,G-3360C,0,0,0,13.33,,
61791,G-3360SSC,2,0,2,33.23,,
61792,G-3420C,0,0,0,13.33,,
61793,G-3420SSC,0,0,0,34.85,,
61794,G-3430C,3,2,1,13.33,,
61796,G-3440SSC,4,0,4,34.85,,
61797,G-3460C,0,0,0,13.33,,
61798,G-3460SSC,0,0,0,34.85,,
61799,G-3490C,0,0,0,13.33,,
61800,G-3480C,3,3,0,10.99,,
61801,G-3490SSC,6,3,3,31.99,,
61802,G-34120C,0,0,0,13.33,,
61803,G-34120SSC,0,0,0,39.08,,
61804,G-3520C,0,0,0,13.33,,
61805,G-3530C,6,2,4,13.33,,
61806,G-3550C,0,0,0,13.33,,
61807,G-3590C,0,0,0,13.33,,
61809,G-3620C,0,0,0,13.33,,
61810,G-3620SSC,0,0,0,34.01,,
61812,G-3630C,0,0,0,13.33,,
61813,112528,22,4,18,79.51,,125.79
61814,G-3630SSC,4,2,2,27.99,,
61815,G-3640C,2,2,0,10.99,,
61816,G-3640SSC,0,0,0,34.01,,
61817,G-3650C,0,0,0,13.33,,
61818,G-3660C,1,1,0,13.33,,
61819,G-3660SSC,2,0,2,37.77,,
61820,G-3690C,0,0,0,13.33,,
61821,G-3690SSC,0,0,0,37.77,,
61822,G-6624C,0,0,0,13.33,,
61823,G-6624SSC,0,0,0,34.87,,
61833,G-3020C,5,3,2,13.33,,
61843,G-3020SSC,5,2,3,31.63,,
61847,LMJ-1,12,4,8,38.49,,
61850,MM3-VNA-026,0,0,0,227.27,,
61875,MCU004,0,0,0,372.13,,
61883,RA5204BK,0,0,0,102.56,,
61897,DE96262F,12,11,1,29.52,,
61909,010-01616-00,0,0,0,562.49,,
61915,LLB-48FW-82-00,0,0,0,22.59,,
61925,M265C-LH,0,0,0,1311.14,1759.00,
61928,P102983,0,0,0,514.20,,
61934,ES-5000-01,4,1,3,387.50,,
61942,B164-20-BL,0,0,0,954.89,1275.00,
61949,010-11425-05,0,0,0,29.99,,
61950,808-1802,6,4,2,144.84,,
61969,SA1200S,2,2,0,78.73,,
61985,010-12390-21,0,0,0,29.99,,
61986,010-12390-11,2,1,1,59.99,,
61987,131310,11,8,3,99.28,,
61988,"A-5 WHITE",15,8,7,203.36,,
62005,741S-02037,0,0,0,257.33,,
62026,4018,0,0,0,588.35,,
62030,FNTCDEX06000A00,0,0,0,55.08,,
62040,E70305,0,0,0,110.78,,
62043,7879CR,0,0,0,35.17,,
62044,5262CRR,0,0,0,23.83,,
62050,001-122-870-10,0,0,0,460.91,,
62054,7010CAWBX,109,7,102,99.21,,
62055,7010CABBX,13,1,12,99.21,119.99,
62061,41970,2,2,0,50.37,,
62062,41951,4,2,2,26.01,,
62066,58355,9,4,5,48.40,,
62067,58357,6,2,4,48.29,,
62079,"NF-4 WHITE",1,1,0,26.00,,
62084,3154,16,4,12,17.43,,28.98
62085,3130,30,3,27,8.54,,14.98
62087,YBP-5100,8,6,2,17.68,,28.98
62088,120,10,6,4,10.53,,16.98
62089,975,61,38,23,33.05,,50.98
62090,2461,13,7,6,36.56,,59.98
62091,2462,12,6,6,36.56,,59.98
62092,2402,2,0,2,7.65,,11.98
62093,2403,7,3,4,8.41,,12.98
62094,2404,4,3,1,7.65,,11.98
62095,YBP-0301,5,5,0,10.83,,17.98
62096,YBP-0305,10,0,10,10.83,,17.98
62097,YBP-0701,4,2,2,13.09,,19.98
62098,YBP-0801,10,7,3,10.30,,16.98
62099,273,5,3,2,6.19,,10.33
62100,134,17,3,14,6.31,,9.98
62102,760H,6,6,0,7.54,,12.98
62103,833H,6,0,6,9.10,,15.98
62104,855H,0,0,0,11.09,,18.98
62131,MC0075-9002,2,1,1,47.11,,
62132,MC0075-9001,0,0,0,57.37,,
62135,1480,0,0,0,566.14,,
62168,DRS6AX,1,1,0,3964.95,,4895.00
62194,2061-5,0,0,0,9.25,,
62200,2130,76,6,70,5.89,,
62201,2132,90,38,52,5.89,,
62203,2133,99,16,83,5.89,,
62204,2134,59,9,50,5.89,,
62232,RA5204WH,5,3,2,102.56,,
62244,53700,11,4,7,79.48,119.99,
62246,53710,19,14,5,72.70,119.99,
62247,53715,3,0,3,79.48,119.99,
62248,53720,11,9,2,79.48,119.99,
62249,53725,8,4,4,74.51,119.99,
62250,53730,5,1,4,79.48,119.99,
62251,53735,9,5,4,79.48,119.99,
62252,53740,8,5,3,79.48,119.99,
62253,53745,11,10,1,79.48,119.99,
62254,53750,15,6,9,79.48,119.99,
62266,13515,11,8,3,57.07,,
62278,ENP-REMOTE,0,0,0,189.41,,
62318,RODE38,1,0,1,276.53,,
62319,RODE51,1,1,0,491.53,,
62320,RODE52,2,1,1,379.60,,
62322,RODE53,2,0,2,475.87,,
62328,"18753-0178  ",10,6,4,59.99,,
62329,X66,3,1,2,167.37,,
62332,0420-BK,0,0,0,23.53,,
62379,001-325-990-00,0,0,0,618.18,,
62383,010-01616-10,1,0,1,712.49,,
62388,1854035,0,0,0,60.98,,
62390,1866070,25,0,25,87.16,,
62392,1866550,0,0,0,140.65,,
62393,1866650,10,4,6,266.64,,
62395,1866670,2,2,0,23.96,,
62398,410190-1,7,3,4,216.84,,
62400,410200-1,3,3,0,260.21,,
62405,410150-1,4,0,4,122.87,,
62406,410170-1,0,0,0,193.09,,
62425,740155-1,0,0,0,45.45,,
62429,750013-1,1,1,0,1747.11,,1999.99
62442,600050-1,4,0,4,97.40,,149.99
62460,010-12445-33,6,2,4,26.24,,
62463,010-11976-00,0,0,0,3.49,,
62470,SET0015,0,0,0,340.21,,
62479,SCM-10-BB-20,3,0,3,378.96,,539.00
62481,SCM-10-GW-20,0,0,0,378.96,,539.00
62486,SCM-10-AG-20,0,0,0,378.96,,539.00
62491,SCM-10-UB-20,0,0,0,378.96,,539.00
62493,SCM-10-CR-20,0,0,0,378.96,,539.00
62494,SCM-6-BB-20,1,0,1,282.50,,399.00
62495,SCM-6-GW-20,0,0,0,282.50,,399.00
62501,SCM-6-AG-20,0,0,0,282.50,,399.00
62503,SCM-6-UB-20,0,0,0,282.50,,399.00
62506,SCM-6-CR-20,0,0,0,282.50,,399.00
62513,SCM-4-BB-20,0,0,0,201.25,,299.00
62514,SCM-4-GW-20,0,0,0,201.25,,299.00
62517,SCM-4-AG-20,0,0,0,201.25,,299.00
62522,SCM-4-UB-20,0,0,0,201.25,,299.00
62527,SCM-4-CR-20,0,0,0,201.25,,299.00
62538,SCM-AL-LED-16,4,2,2,115.85,,169.00
62539,SCM-AL-LED-8,6,5,1,83.00,,112.00
62540,SCM-CL-BB-4PACK,0,0,0,88.84,,129.95
62541,SCM-CL-GW-4PACK,0,0,0,88.84,,129.95
62542,SCM-CL-CR-4PACK,0,0,0,88.84,,129.95
62543,SCM-CL-RGB-4PACK,0,0,0,106.62,,149.95
62544,SCM-CL-BB-SS-4PACK,0,0,0,97.65,,139.95
62545,SCM-CL-GW-SS-4PACK,0,0,0,97.65,,139.95
62546,SCM-CL-CR-SS-4PACK,0,0,0,97.65,,139.95
62547,SCM-CL-RGB-SS-4PACK,1,0,1,110.44,,159.95
62550,SCM-PD,0,0,0,178.04,,269.00
62552,SCM-PD-PLUS,0,0,0,299.97,,419.00
62554,SCM-TT-10,0,0,0,120.99,,169.00
62555,SCM-TT-6,0,0,0,120.99,,169.00
62556,SCM-TT-4,0,0,0,120.99,,169.00
62559,131710,4,2,2,50.34,,
62560,131725,0,0,0,124.17,,
62561,131750,0,0,0,231.18,,
62563,RL-513,4,1,3,20.81,,
62564,131525,5,3,2,168.28,,
62568,131325,0,0,0,246.02,,
62569,131370,0,0,0,688.83,,
62570,131130,3,1,2,427.09,,
62571,131150,0,0,0,772.43,,
62573,130905,3,2,1,136.93,,
62574,130910,5,3,2,268.30,,
62575,130705,2,0,2,265.88,,
62576,130710,5,3,2,521.01,,
62577,133710,2,1,1,99.46,,
62578,133725,0,0,0,225.09,,
62579,133510,5,2,3,103.59,,
62580,133525,4,2,2,254.45,,
62583,133310,1,0,1,141.57,,
62584,133325,1,0,1,342.94,,
62587,151725,3,2,1,459.99,,
62616,220011,13,5,8,24.95,,
62617,309000,8,5,3,68.19,,
62618,309001,8,4,4,62.52,,
62619,309101,25,14,11,62.52,,
62620,309201,5,2,3,80.67,,
62621,703023,2,0,2,31.86,,
62622,703075,4,2,2,23.79,,
62623,6396-AIS-R,5,3,2,360.85,,
62624,NPT2000,0,0,0,290.90,,
62644,G10307,11,11,0,10.85,,
62739,RODE59,0,0,0,522.93,,
62740,RODE60,0,0,0,639.00,,
62744,11870-0005,0,0,0,1312.74,,
62754,11841-002,7,2,5,168.25,,
62755,15170-001,93,32,61,283.59,,
62757,15169-001,18,4,14,183.68,,
62758,15171-001,4,2,2,396.54,,
62783,P100735,7,3,4,124.16,,
62825,15270-001,5,2,3,395.40,,
62826,30343-001,54,32,22,130.78,,
62835,30340-001,33,12,21,277.56,,
62837,30342-001,0,0,0,393.38,,
62838,11841-101,20,7,13,113.88,,
62841,114127,22,9,13,105.73,,160.09
62865,11841-102,0,0,0,127.63,,
62873,11841-001,13,4,9,153.73,,
62874,11841-003,0,0,0,182.00,,
62876,11941-001,0,0,0,188.89,,
62877,11941-002,0,0,0,200.35,,
62878,11941-003,0,0,0,207.99,,
62890,GX6000,13,12,1,356.99,,
62894,SSM-70H,1,1,0,99.99,,
62896,SCU-30,3,3,0,99.99,,
62897,SCU-31,11,7,4,79.99,,
62899,S32-0619-0100,0,0,0,411.75,,
62900,410160-1,8,8,0,166.76,,
62901,SP0530,0,0,0,6.52,,
62903,2210012,10,9,1,279.06,,
62905,4445,0,0,0,29.59,,
62912,4132,5,2,3,68.56,,
62927,88934,1,0,1,44.83,,
62932,88938,0,0,0,44.83,,
62945,A10-140,0,0,0,24.70,,
62948,88503,1,1,0,33.95,55.99,
62959,88932,0,0,0,59.78,,
62985,A80322,0,0,0,2118.75,,2599.00
62986,A80327,1,0,1,109.99,,
62991,36143,14,10,4,7.59,,
63008,2129,32,10,22,5.89,,
63009,2131,56,15,41,5.89,,
63010,2135,18,2,16,5.89,,
63011,2136,44,13,31,5.89,,
63012,2137,6,6,0,5.99,,
63018,WH1A,3,2,1,31.67,,
63026,001-423-430-00,0,0,0,726.36,,
63029,397,11,8,3,22.30,,
63030,382,16,12,4,13.51,,
63055,010-12117-05,0,0,0,82.49,,
63056,010-10647-01,0,0,0,262.49,,
63070,SC27,4,3,1,286.88,,
63073,MM-10FUR,6,1,5,76.34,97.50,
63075,SILVERSTEER2.0B,2,2,0,1206.73,,
63077,172002,0,0,0,1170.12,,
63172,142102,6,5,1,52.99,,
63173,BM-BT,1,1,0,29.99,,
63179,142311,1,1,0,94.99,,
63180,142314,4,1,3,109.99,,
63183,2701A,9,6,3,29.34,,
63184,150025,10,4,6,18.78,,
63185,150050,6,5,1,32.80,,
63186,150025NL,3,3,0,17.84,,
63187,150050NL,9,9,0,30.94,,
63188,150SPP,2,1,1,55.35,,
63195,12VBPS3,11,7,4,18.44,,
63196,12VBRS3,10,6,4,26.16,,
63197,12VCPS3,29,0,29,42.32,,
63216,SS60-SLTD/12,0,0,0,355.56,,
63220,44001,11,8,3,29.48,,
63221,06120,2,2,0,311.34,,
63222,06150,3,2,1,332.08,,
63223,07100,7,3,4,467.02,,
63229,88200,6,0,6,84.23,,
63248,88680,0,0,0,36.68,,
63271,88601,3,0,3,62.49,,
63275,88603,1,1,0,87.49,,
63277,88605,2,1,1,124.71,,
63284,88620,0,0,0,9.99,,
63285,88624,10,0,10,10.85,,
63293,88628,4,0,4,13.58,,
63294,88632,1,0,1,20.61,,
63303,88635,2,2,0,7.94,,
63306,88636,2,2,0,25.61,,
63324,31201111,0,0,0,228.83,,
63325,31201311,1,1,0,228.83,,
63326,31211111,1,0,1,228.83,,
63327,31211311,0,0,0,228.83,,
63329,31221311,0,0,0,228.83,,
63331,31301212,3,2,1,246.55,,
63332,31301312,1,0,1,246.55,,
63333,31301412,2,0,2,246.55,,
63334,31502311,0,0,0,322.49,,
63335,31502321,0,0,0,322.49,,
63336,31431130,0,0,0,328.56,,
63339,31431330,0,0,0,328.56,,
63341,31431540,0,0,0,328.56,,
63342,31431740,1,1,0,328.56,,
63343,31431940,0,0,0,328.56,,
63344,31432130,0,0,0,328.56,,
63345,31432140,0,0,0,328.56,,
63346,21431130,2,2,0,91.64,,
63347,21431330,2,2,0,91.64,,
63348,21432130,4,3,1,91.64,,
63350,31511710,6,3,3,420.70,,
63351,31511720,0,0,0,420.70,,
63352,31511910,2,2,0,420.70,,
63353,31511920,0,0,0,420.70,,
63354,31512110,0,0,0,420.70,,
63355,31512120,0,0,0,420.70,,
63356,31512310,0,0,0,420.70,,
63357,31512320,1,0,1,420.70,,
63358,37068-2000,15,6,9,107.80,,
63361,77040020,6,2,4,21.39,,
63362,77040050,6,4,2,24.54,,
63363,77040100,14,9,5,28.88,,
63364,77040300,8,6,2,32.09,,
63381,001-421-520-00,0,0,0,390.00,,
63382,001-421-530-00,0,0,0,410.00,,
63383,001-421-540-00,0,0,0,630.00,,
63384,001-421-550-00,0,0,0,819.09,,
63407,COK-0024,5,2,3,51.38,,
63408,MX8715CR,0,0,0,453.12,,
63409,EIC001,5,2,3,107.06,,
63410,RC1010CAP24V,0,0,0,2492.58,3389.90,
63416,68110,3,2,1,209.99,,
63426,010-01616-30,0,0,0,862.49,,
63429,13850,0,0,0,273.08,,
63430,010-11417-10,6,3,3,149.99,,
63458,010-12401-10,2,1,1,112.49,,
63459,010-12402-10,3,0,3,172.49,,
63460,010-12402-20,0,0,0,262.49,,
63462,104300-500-001-17,5,5,0,22.00,,
63463,104300-105-001-17,6,6,0,25.91,,
63478,121900-100-004-17,7,0,7,41.23,,
63480,121900-100-005-17,0,0,0,41.23,,
63481,121700-706-004-17,10,7,3,66.60,,
63483,121700-706-005-17,11,7,4,66.60,,
63487,10-262,0,0,0,40.23,,
63512,010-01550-01,11,8,3,127.99,,
63526,88650,0,0,0,5.43,,
63527,88652,0,0,0,6.24,,
63528,88654,0,0,0,7.49,,
63529,88656,0,0,0,18.74,,
63530,88657,2,2,0,9.36,,
63531,88659,0,0,0,17.49,,
63532,88660,0,0,0,13.74,,
63534,88666,0,0,0,9.99,,
63535,88667,0,0,0,7.49,,
63536,88668,0,0,0,6.78,,
63537,88669,1,0,1,6.78,,
63538,88670,3,0,3,13.11,,
63539,88671,3,0,3,13.11,,
63544,88690,0,0,0,6.24,,
63545,88695,0,0,0,25.61,,
63549,88612,0,0,0,46.24,,
63550,88613,0,0,0,44.99,,
63551,88614,0,0,0,42.49,,
63552,88655,0,0,0,18.74,,
63553,88655-1,0,0,0,23.74,,
63554,88658,0,0,0,12.21,,
63558,88658-6,0,0,0,11.24,,
63559,88658-7,0,0,0,11.24,,
63560,88658-8,0,0,0,11.24,,
63561,88658-9,0,0,0,11.24,,
63562,88615,0,0,0,13.11,,
63563,88615-1,0,0,0,13.11,,
63567,88963,6,0,6,7.49,,
63569,88661,0,0,0,7.49,,
63570,88662,0,0,0,7.49,,
63573,88149-1,0,0,0,262.49,,
63575,88158,2,0,2,162.49,,
63576,88159,0,0,0,162.49,,
63577,88157,0,0,0,293.74,,
63578,88157-1,0,0,0,293.74,,
63604,FA1702,0,0,0,1177.27,,
63606,WD-OPNARY-01,3,2,1,135.00,,
63607,WD-RAD-01,4,2,2,135.00,,
63608,RLS-405,15,8,7,26.44,,
63609,A10-901,7,7,0,41.71,,
63614,88525,4,2,2,84.99,,
63615,88527,4,2,2,84.99,,
63616,88529,2,2,0,84.99,,
63620,77900,0,0,0,91.24,,
63621,77901,0,0,0,91.24,,
63622,77902,0,0,0,91.24,,
63626,77900-1,2,0,2,78.79,,
63632,88535,4,2,2,91.24,,
63633,88539,0,0,0,91.24,,
63634,88537,4,2,2,91.24,,
63638,88540,0,0,0,93.74,,
63639,88542,4,0,4,103.74,,
63640,77910,0,0,0,10.85,,
63641,77911,0,0,0,4.06,,
63642,77900-2,0,0,0,18.75,,
63644,88525-1,12,4,8,22.50,,
63646,88530-3,27,20,7,25.00,,
63650,77173,0,0,0,81.25,,
63655,88191,0,0,0,99.99,,
63656,88192,2,1,1,99.99,,
63657,88193,3,1,2,99.99,,
63658,88176,0,0,0,62.49,,
63659,88144,4,1,3,349.99,,
63660,88144-1,0,0,0,312.49,,
63661,HRMK1502,0,0,0,45.44,,
63675,HX210,67,67,0,84.99,,
63676,VLH-3000A,0,0,0,268.20,,
63680,88522,0,0,0,125.00,,
63681,88524,0,0,0,125.00,,
63683,88522XL,0,0,0,150.00,,
63684,88524XL,0,0,0,150.00,,
63685,88522SM,14,13,1,137.50,,
63686,88524SM,0,0,0,137.50,,
63688,88686-1,2,2,0,21.73,,
63689,88686-2,0,0,0,17.65,,
63691,88688-1,0,0,0,17.65,,
63693,88687,4,0,4,43.75,,
63694,77900-3,0,0,0,8.74,,
63695,77901-3,0,0,0,8.74,,
63696,77902-3,0,0,0,8.74,,
63697,77900-4,0,0,0,8.74,,
63698,77901-4,0,0,0,8.74,,
63699,77902-4,0,0,0,8.74,,
63700,88530-2,0,0,0,11.24,,
63702,88152-2,2,2,0,6.09,,
63705,88675,0,0,0,21.25,,
63706,88676,0,0,0,11.25,,
63707,PCHE-BP,0,0,0,8.14,,
63719,88544,14,6,8,20.00,,
63720,88545,0,0,0,22.50,,
63721,88546,1,1,0,23.75,,
63722,88547,0,0,0,33.95,,
63723,A80048,0,0,0,1415.83,,1699.00
63724,A80328,4,2,2,76.69,,
63743,F38-8800W-1,2,0,2,106.55,,
63780,GP1059,0,0,0,327.26,,
63782,GP1080-06,0,0,0,385.44,,
63783,GP1080-07,0,0,0,385.44,,
63784,GP1080-09,0,0,0,385.44,,
63785,GP1080-20,0,0,0,385.44,,
63786,GP1170-14,0,0,0,385.44,,
63787,GP1170-15,0,0,0,385.44,,
63788,GP1170-63,0,0,0,385.44,,
63789,GP1170-64,0,0,0,385.44,,
63790,GP1213,0,0,0,363.62,,
63791,GP1302,0,0,0,276.35,,
63792,GP1402,0,0,0,312.72,,
63793,GP1500-16,0,0,0,276.35,,
63794,GP1500-17,0,0,0,276.35,,
63795,GP1600-11,0,0,0,341.81,,
63796,GP1600-12,0,0,0,341.81,,
63797,GP1600-13,0,0,0,341.81,,
63798,GP1808,0,0,0,312.72,,
63799,GP1900,0,0,0,305.44,,
63800,GP1900-09,0,0,0,319.99,,
63801,GP1900-13,0,0,0,319.99,,
63802,GP2040-23,0,0,0,334.53,,
63803,GP2040-29,0,0,0,334.53,,
63804,GP2040-30,0,0,0,334.53,,
63805,GP2040-95,0,0,0,334.53,,
63806,GP2050-95,0,0,0,327.26,,
63807,GP2050-98,0,0,0,327.26,,
63808,GP2053,0,0,0,327.26,,
63809,GP2080-06,0,0,0,385.44,,
63810,GP2080-07,0,0,0,385.44,,
63811,GP2080-09,0,0,0,385.44,,
63812,GP2080-20,0,0,0,385.44,,
63813,GP2170-14,0,0,0,385.44,,
63815,GP2170-15,0,0,0,385.44,,
63816,GP2170-63,0,0,0,385.44,,
63817,GP2170-64,0,0,0,385.44,,
63818,GP2500-16,0,0,0,276.35,,
63819,GP2500-17,0,0,0,276.35,,
63820,GP2600-09,0,0,0,341.81,,
63821,GP2600-11,0,0,0,341.81,,
63822,GP2600-12,0,0,0,341.81,,
63823,GP2600-13,0,0,0,341.81,,
63828,C-1B-R,3,2,1,171.25,,
63832,C-1C-R,4,2,2,191.25,,
63834,P-1B-R,2,2,0,270.00,,
63835,P-1C-R,0,0,0,276.25,,
63836,P-1BS-R,8,2,6,335.00,,
63837,P-1CS-R,0,0,0,341.25,,
63839,P-1BNV-R,2,2,0,276.25,,
63840,PED4409-C,0,0,0,269.08,,
63841,P-1CNV-R,0,0,0,288.75,,
63843,PED4410-C,0,0,0,269.08,,
63845,P-2BS-R,5,2,3,480.00,,
63847,P-2BNV-R,0,0,0,401.25,,
63857,G-1B-R,7,3,4,261.25,,
63861,G-1C-R,6,2,4,270.00,,
63865,G-1BB-R,7,4,3,282.50,,
63868,G-1CB-R,5,3,2,296.25,,
63870,C30503BM30PB,6,1,5,317.72,541.80,
63872,G-2BB-R,2,2,0,486.25,,
63875,G-2B-R,0,0,0,460.00,,
63876,C30503BM30PG,3,3,0,301.00,541.80,
63880,C30503BM30PW,6,3,3,324.94,541.80,
63883,BOLT1212ED,7,4,3,446.42,,
63884,FS-T01-R,0,0,0,145.00,,
63886,B30ASSYPB,0,0,0,169.29,250.20,
63887,PED5100-01-C,1,1,0,326.66,,
63889,B30ASSYPG,8,3,5,169.29,250.20,
63890,B30ASSYPW,0,0,0,169.29,250.20,
63891,B50ASSYPG,9,5,4,210.71,311.40,
63893,B50ASSYPB,0,0,0,210.71,311.40,
63897,FS-A01-R,0,0,0,157.50,,
63899,B50ASSYPW,6,6,0,210.71,311.40,
63912,PP4408-C,0,0,0,269.08,,
63913,PP4409,0,0,0,269.08,,
63914,PP4409-C,0,0,0,269.08,,
63915,PP4410,0,0,0,269.08,,
63916,PP4410-C,0,0,0,269.08,,
63917,PP4500,0,0,0,261.81,,
63921,PP4500-02-C,0,0,0,276.35,,
63922,PP4500-03-C,0,0,0,276.35,,
63924,PP4500-06-C,0,0,0,276.35,,
63927,PP4500-C,0,0,0,261.81,,
63928,PP4600-00,0,0,0,290.90,,
63931,PP4600-01,0,0,0,305.44,,
63934,PP4600-03,0,0,0,305.44,,
63936,PP4600-04,0,0,0,305.44,,
63938,PP4600-05,0,0,0,305.44,,
63941,PP4800-20-C,0,0,0,356.35,,
63943,PP4800-C,0,0,0,341.81,,
63948,PP4900,0,0,0,341.81,,
63954,PP4900-09,0,0,0,356.35,,
63959,PP5030-01,0,0,0,399.99,,
63960,PP5050-01-C,0,0,0,370.90,,
63965,PP5053,0,0,0,370.90,,
63967,PP5058-C,0,0,0,370.90,,
63968,PP5060-01,0,0,0,399.99,,
63969,PP5100,0,0,0,341.81,,
63970,PP5100-01,0,0,0,356.35,,
63972,PP5100-C,0,0,0,341.81,,
63973,PP5200-01,0,0,0,392.72,,
63976,PP5200-C,0,0,0,378.17,,
63978,PP5202-C,0,0,0,392.72,,
63979,PP5203-C,0,0,0,392.72,,
63980,PP5204-C,0,0,0,392.72,,
63981,PP5205-C,0,0,0,392.72,,
63982,PP5213,0,0,0,392.72,,
63983,PP5213-C,0,0,0,392.72,,
63984,RMX4102,0,0,0,363.62,,
63985,RMX4600,0,0,0,399.99,,
63986,RMX4600-04,0,0,0,414.53,,
63987,RMX4900,0,0,0,421.81,,
63988,RMX4900-09,0,0,0,436.35,,
63990,B30ASSYNT,0,0,0,217.41,321.30,
63991,PP4400-C,0,0,0,254.53,,
63992,PP4401-C,0,0,0,269.08,,
63993,PP4808-C,0,0,0,356.35,,
63995,LLB-47FW-82-00,4,2,2,50.02,,
64002,LLB-05WD-81-00,0,0,0,19.45,,
64005,1479,3,2,1,155.56,,
64007,260WR-2,0,0,0,26.75,,
64008,E70328,8,2,6,611.40,,
64009,E70329,3,2,1,611.40,,
64013,SPD-7S-W,0,0,0,396.56,,
64015,"F-10 WHITE",0,0,0,417.01,,
64019,A80355,3,0,3,23.85,,
64020,A80356,0,0,0,21.30,,
64025,1106-B,1,1,0,672.33,,
64026,A80357,13,9,4,23.85,,
64030,29043-0000,9,6,3,25.70,,
64031,"BP 03511-6A-6PK",2,0,2,47.12,65.95,
64032,"BP 03511-10A-10PK",1,0,1,78.53,109.95,
64040,"A-4 WHITE",22,14,8,96.21,,
64041,A10-364,4,2,2,32.38,,
64051,FOURTECH13,6,2,4,176.57,,
64052,FOURTECH14,0,0,0,176.57,,
64059,T101,6,4,2,169.88,,
64060,T103,4,2,2,239.68,,
64061,X52,0,0,0,162.20,,
64080,M81134,0,0,0,2366.66,,
64083,DE1020F,7,7,0,53.37,,
64084,1020-B-F,9,9,0,51.84,,
64085,DE1022F,12,11,1,58.24,,
64086,DE1022BF,17,6,11,62.80,,
64087,DE1201F,0,0,0,100.49,,
64088,DE1206F,0,0,0,100.49,,
64089,DE1193F,13,9,4,48.68,,
64090,DE1163F,10,4,6,75.61,,
64091,DE1008BF,0,0,0,28.20,,
64092,DE91118F,6,6,0,24.16,,
64093,DE91410F,4,2,2,11.51,,
64094,DE91200F,20,11,9,6.29,,
64096,DE90810F,0,0,0,139.73,,
64100,DE2506PF,17,9,8,21.55,,
64101,DE2606BF,28,12,16,21.61,,
64102,DE2608BF,29,16,13,35.65,,
64103,DE2064F,0,0,0,209.65,,
64104,DE2084F,5,2,3,228.84,,
64107,DE91531F,15,13,2,9.83,,
64108,DE91536F,10,5,5,10.83,,
64109,DE91561F,20,12,8,6.48,,
64110,DE91562F,7,5,2,5.89,,
64111,DE91566F,23,11,12,6.48,,
64120,AN-MAP7,1,0,1,99.99,,
64121,012102W,1,0,1,278.95,503.00,
64122,012101B,3,1,2,301.14,,
64123,012103BW,2,1,1,358.06,631.00,
64125,29090-5000,75,51,24,175.44,,
64126,29120-5000,25,20,5,191.15,,
64127,29120-5100,6,2,4,226.31,,
64128,37010-3092,45,33,12,436.68,,
64129,37010-3094,4,1,3,496.95,,
64130,37010-4092,10,4,6,492.21,,
64131,37010-4192,7,3,4,502.14,,
64132,37010-4094,0,0,0,541.43,,
64133,37010-4194,0,0,0,557.67,,
64159,25SA,23,13,10,75.21,,
64160,25SA-24,16,12,4,90.02,,
64161,MSVANDTZN075QL,0,0,0,61.41,,
64162,20SA,9,6,3,92.94,,
64163,27SA,26,9,17,114.26,,
64164,MSVANDTZN150QL,0,0,0,108.92,,
64165,24DA,24,8,16,20.31,,
64166,25DA,37,11,26,27.10,,
64167,25DA-24,21,4,17,33.91,,
64168,20DA,47,9,38,42.25,,
64169,20DA-24,8,3,5,51.26,,
64170,27DA,44,17,27,48.11,,
64171,27DA-24,14,7,7,58.63,,
64172,6009,0,0,0,772.25,,
64177,A80308,3,2,1,42.60,,
64178,F008002,0,0,0,62.19,,
64212,A80332,4,2,2,29.82,,
64223,AP000A1HA,7,3,4,512.34,,
64224,AP000A1BC,9,5,4,518.03,,
64258,"2061 02061",0,0,0,0.85,,
64259,"2061TP 02",0,0,0,6.12,,
64267,012301W,0,0,0,148.74,226.00,
64268,012302B,6,2,4,148.74,,
64269,012304W,0,0,0,237.50,360.00,
64270,012305B,2,0,2,237.50,360.00,
64271,012307C,4,1,3,275.00,417.00,
64272,012308W,0,0,0,325.00,493.00,
64273,012309B,8,4,4,307.53,493.00,
64274,012311C,5,3,2,362.50,550.00,
64275,011416,0,0,0,53.41,79.00,
64276,011417,0,0,0,61.36,93.00,
64277,011418,0,0,0,75.00,113.00,
64281,E70310,12,5,7,301.62,,
64284,A80370,11,7,4,42.60,,
64290,101475,0,0,0,126.02,,218.39
64291,101476,0,0,0,149.46,,264.19
64292,101477,1,1,0,149.13,,263.59
64295,101186,3,0,3,133.26,,220.89
64296,101187,0,0,0,138.22,,228.89
64297,101325,9,5,4,131.17,,209.39
64310,101283,23,6,17,101.65,,158.69
64312,115117,8,4,4,110.02,,160.79
64313,115118,0,0,0,94.54,,135.69
64314,115119,0,0,0,93.29,,133.79
64315,115127,10,4,6,110.00,,160.69
64316,115128,0,0,0,94.70,,136.09
64317,115129,0,0,0,95.48,,136.89
64319,116117,8,0,8,105.11,,158.79
64320,116118,15,7,8,88.45,,139.59
64321,116119,15,4,11,82.81,,130.69
64323,116127,0,0,0,105.20,,158.89
64324,116128,0,0,0,90.26,,142.49
64325,116129,0,0,0,88.55,,139.79
64327,116197,0,0,0,96.86,,146.89
64328,116198,0,0,0,86.13,,141.79
64336,1732,5,0,5,72.00,,
64338,1741,11,6,5,57.65,,
64340,1821,7,5,2,12.30,,
64341,1839,7,3,4,253.10,,
64351,5007100,0,0,0,57.03,,
64352,5194,13,3,10,45.62,,
64354,5196,15,5,10,38.62,,
64355,5502100,0,0,0,71.28,,
64357,6004,9,3,6,24.00,,
64358,6004200,4,4,0,24.00,,
64359,7197,28,10,18,15.52,,
64361,7399,16,6,10,20.51,,
64362,7517,6,2,4,172.78,,
64363,7615,5,2,3,103.81,,
64374,7903,8,5,3,4.20,,
64375,7903200,9,6,3,4.49,,
64379,7812-S-7,16,8,8,92.13,,
64381,CA50BL-12HR,0,0,0,3629.09,,
64383,7202-P-7,4,2,2,55.24,,
64385,5558-P12A7,6,2,4,40.12,,
64386,5550-PA20-7,5,4,1,42.58,,
64387,5557-PV12A7,5,3,2,40.48,,
64389,5551-PA20-7,10,3,7,50.77,,
64393,A80367,5,3,2,14.91,,
64394,MCK508WB.6,10,7,3,137.07,,
64401,LLB-21BC-21-00,0,0,0,9.14,,
64433,142400,1,1,0,119.99,,
64434,142410,5,5,0,104.99,,
64441,142411,1,0,1,114.99,,
64446,5006100,67,67,0,24.84,,
64450,KIT-TEC-BT,6,3,3,12.06,,
64459,PO512-WC-20,0,0,0,172.53,,
64470,5358-P12-7,0,0,0,29.99,,
64471,5350-PA20-7,8,2,6,35.24,,
64475,6354W7,13,5,8,17.60,,
64480,300-036-B,0,0,0,1596.35,,1795.90
64481,31221111,2,1,1,228.83,,
64483,3125,17,13,4,4.78,,
64484,SHC-19,16,5,11,46.67,,
64508,T70330,3,2,1,1679.99,,
64509,09-1050-12,2,0,2,14.05,,
64511,3530,11,0,11,11.38,,18.98
64513,88607-2,0,0,0,111.24,,
64514,88608-1,1,1,0,98.74,,
64515,R70159,1,0,1,42.60,,
64516,S-0226KEY,28,14,14,4.65,,
64517,AS0511,3,3,0,29.28,,
64541,OC17SUK42,23,12,11,141.04,,
64549,DU-RBH-20-R,3,0,3,138.75,,
64550,DU-RCH-20-R,0,0,0,145.00,,
64551,DU-SBH-20-R,2,2,0,145.00,,
64552,011807,0,0,0,55.68,83.00,
64558,GP1040-31,0,0,0,334.53,,
64559,GP2040-31,0,0,0,334.53,,
64560,GP2050-21,0,0,0,327.26,,
64561,GP1800-13,0,0,0,312.72,,
64562,RMX4800-13,0,0,0,436.35,,
64564,PP4800-13,0,0,0,356.35,,
64568,CS2308402,0,0,0,43.90,,
64574,E70430,0,0,0,733.68,,
64583,CA50BL-24HR,0,0,0,4443.64,,
64587,A2C1102950001,2,1,1,67.40,114.12,
64588,A2C1102960001,4,3,1,91.17,154.26,
64592,FW0814,5,0,5,112.58,,
64593,FW1214,4,2,2,107.21,,
64594,FW1215,11,7,4,107.21,,
64595,FW1225,15,11,4,111.92,,
64598,RT3000,4,2,2,61.46,,
64602,P10-2512WHA27-1C,2,2,0,24.79,,
64606,P10-2524WHA27-1C,6,3,3,45.73,,
64607,P10-5012BLK27-1C,2,2,0,44.56,,
64608,P10-5012SFM27-1C,2,2,0,44.56,,
64609,P10-5012WHA27-1C,4,4,0,44.56,,
64610,P10-5024BLK27-1C,6,2,4,84.29,,
64612,P10-5024WHA27-1C,7,4,3,84.29,,
64613,P10-7512BLK27-1C,1,1,0,54.99,,
64615,P10-7512WHA27-1C,0,0,0,65.69,,
64617,P10-7524WHA27-1C,2,1,1,123.54,,
64618,P14-5012WHA27-1C,0,0,0,46.73,,
64619,P14-7512WHA27-1C,0,0,0,68.68,,
64621,80-601-0020-00,0,0,0,113.62,,
64623,710S-00607,2,0,2,572.42,,
64646,P10-2506WHA12-1C,0,0,0,11.77,,
64647,P10-2512WHA12-1C,4,1,3,17.13,,
64683,M81203,0,0,0,3249.99,,
64686,3117,4,3,1,782.41,,
64687,SET0152,0,0,0,76.63,,
64694,0120DP3CHR,0,0,0,123.36,,
64695,PO512-WC-10,0,0,0,172.53,,
64699,0440-BK-1,11,11,0,4.76,,
64705,0301DP6A,11,6,5,10.20,,
64707,001-190-440-00,0,0,0,145.45,,
64718,6128C,6,2,4,41.76,,
64719,CA-0160-MO,0,0,0,369.14,,
64722,IS216,1,0,1,36.02,,
64723,NM-NB1-NF-05.0,0,0,0,56.03,,
64724,NM-NB1-NF-10.0,0,0,0,76.05,,
64725,PT-0-50PSI-01,0,0,0,156.10,,
64732,010-12127-00,0,0,0,26.24,,
64742,115123,0,0,0,94.29,,137.09
64745,710262-1,3,3,0,303.05,,
64750,740162-1,7,7,0,24.14,,
64752,720096-1,1,1,0,41.39,,
64753,720096-2,0,0,0,55.19,,
64772,740157-1NB,0,0,0,137.99,,
64780,ZE355,0,0,0,17.33,,
64781,BP2918,0,0,0,130.81,167.44,
64790,3875C1,45,24,21,8.50,,
64842,R599C-LH,1,0,1,4621.26,6199.00,
64853,010-12224-01,0,0,0,59.99,,
64878,520T-BLD,0,0,0,200.00,,
64880,CA200B-8B/30,0,0,0,695.45,,
64895,81300300,0,0,0,400.72,,
64908,1331,15,8,7,23.89,,
64910,UP33FM,2,0,2,610.57,,
64976,DM260G,0,0,0,108.24,175.00,
64977,DM260B,2,0,2,108.24,175.00,
64979,SF100G,4,4,0,224.71,330.00,
64980,SF100B,4,2,2,224.71,330.00,
64984,CORD50,4,2,2,14.99,,
64987,FL50,0,0,0,124.71,195.00,
64993,PUMPHRP11-24,0,0,0,736.36,,
65003,CC3003P,6,4,2,27.41,,
65012,001-247-240-00,0,0,0,153.64,,
65014,BOLT912ED,8,4,4,416.69,,
65016,000-040-720,0,0,0,42.73,,
65019,372,0,0,0,36.43,,
65020,373,0,0,0,40.46,,
65023,360,2,0,2,73.57,,
65025,361,1,1,0,79.86,,
65028,380,0,0,0,82.93,,
65031,363,10,3,7,73.57,,
65032,364,4,2,2,79.86,,
65034,383,5,5,0,86.29,,
65040,40220,2,0,2,18.06,,
65041,80220,2,0,2,24.10,,
65042,40230,2,2,0,23.09,,
65043,80230,6,6,0,30.81,,
65044,40240,2,0,2,31.61,,
65045,80240,2,2,0,42.13,,
65046,40245,9,6,3,32.07,,
65047,80245,8,6,2,42.77,,
65048,40400,1,0,1,36.34,,
65049,80400,0,0,0,46.62,,
65050,40410,1,0,1,39.60,,
65051,80410,7,6,1,49.94,,
65052,40420,1,1,0,44.24,,
65053,80420,2,0,2,60.04,,
65054,8418,27,26,1,19.49,,
65055,8424,1,1,0,22.46,,
65056,8118,5,5,0,16.54,,
65057,8124,6,0,6,21.87,,
65065,1818,4,4,0,9.99,,
65066,2918,16,15,1,11.10,,
65067,3018,0,0,0,11.10,,
65068,3118,4,4,0,11.10,,
65069,3218,4,4,0,11.10,,
65070,4118,12,0,12,11.10,,
65071,4218,2,2,0,11.10,,
65072,4318,10,0,10,11.10,,
65073,4418,7,7,0,11.10,,
65114,01-0387,0,0,0,3896.10,,
65118,2818,11,0,11,11.10,,
65127,60749,3,0,3,15.86,,
65128,60750,2,2,0,18.49,,
65129,60752,0,0,0,24.50,,
65130,57933,11,0,11,12.49,,
65137,1139,1,1,0,19.07,,
65138,921,1,1,0,47.92,,
65139,922,1,1,0,48.79,,
65140,971,0,0,0,19.26,,
65144,960,0,0,0,39.83,,
65145,961,0,0,0,39.83,,
65148,962,0,0,0,17.29,,
65149,965,0,0,0,29.17,,
65150,57925,5,5,0,7.73,,
65151,57926,6,0,6,7.73,,
65152,57928,6,0,6,7.73,,
65168,000-13785-001,0,0,0,350.26,,478.00
65170,A80321,3,1,2,1287.23,,1579.00
65171,A102146,0,0,0,59.65,,
65181,600015,4,0,4,22.69,,
65187,805Q,27,17,10,9.45,,
65189,805G,0,0,0,23.47,,
65190,810Q,14,12,2,7.99,,
65191,810G,8,4,4,21.99,,
65192,800Q,5,3,2,9.45,,
65193,800G,11,4,7,23.47,,
65194,830,12,6,6,12.16,,
65195,825Q,21,18,3,10.85,,
65198,815Q,10,7,3,12.43,,
65199,850Q,7,4,3,12.24,,
65200,846P,8,5,3,6.80,,
65201,410,9,6,3,12.25,,
65203,435,69,9,60,4.29,,
65205,001-409-540-00,0,0,0,451.82,,
65207,010-12105-10,0,0,0,22.49,,
65209,"TS 1001",8,8,0,17.16,,
65210,"TS 1002",6,4,2,45.07,,
65212,"TC 2000",14,9,5,18.12,,
65213,"TC 2001",1,1,0,35.00,,
65214,"TB 3001",13,3,10,12.07,,
65222,IRID-GO-INST-KIT,0,0,0,397.65,,
65246,P66-DT-HB,1,1,0,179.56,225.00,
65247,TM258-HB,0,0,0,802.79,1099.00,
65249,TM260-HB,0,0,0,1115.06,1499.00,
65250,TM260-14HB,0,0,0,1115.06,1499.00,
65251,B60-12-HB,0,0,0,247.96,324.99,
65252,B60-20-HB,2,1,1,247.96,324.99,
65253,B164-0-HB,0,0,0,954.89,1275.00,
65254,B164-12-HB,0,0,0,954.89,1275.00,
65255,B164-20-HB,0,0,0,954.89,1275.00,
65256,B164-0-14HB,0,0,0,954.89,1275.00,
65257,B164-12-14HB,0,0,0,954.89,1275.00,
65258,B164-20-14HB,0,0,0,954.89,1275.00,
65259,B117-DT-HB,0,0,0,218.81,289.99,
65260,S3-0502,0,0,0,1282.07,,
65261,P79-HB,0,0,0,147.55,199.00,
65263,1525,9,6,3,40.71,,
65269,7410,15,8,7,40.25,,
65270,7411,7,2,5,40.25,,
65271,7412,3,0,3,40.25,,
65272,7413,11,8,3,40.25,,
65273,7574,7,4,3,39.82,,
65274,7414,10,6,4,40.25,,
65275,7575,5,2,3,39.82,,
65276,7415,9,3,6,40.25,,
65277,7416,0,0,0,40.25,,
65278,7577,11,6,5,39.82,,
65279,7417,8,3,5,40.25,,
65280,7540,10,5,5,35.54,,
65281,7541,15,10,5,35.54,,
65282,7542,13,10,3,34.56,,
65284,7543,1,1,0,34.56,,
65285,7545,15,5,10,34.56,,
65286,7546,27,11,16,34.56,,
65287,7547,26,17,9,35.54,,
65288,7548,19,8,11,34.56,,
65289,7549,17,4,13,34.56,,
65303,BP0535,5,3,2,155.00,,
65317,1360,0,0,0,6.23,,
65318,1225,4,3,1,5.44,,
65320,11736,7,2,5,3.51,,
65322,1725,0,0,0,25.87,,
65323,1726,0,0,0,17.86,,
65324,83553,0,0,0,719.20,,
65325,46054,0,0,0,58.94,,
65332,001-041-560,0,0,0,45.45,,
65341,42030X,0,0,0,61.79,,
65351,010-11089-01,15,9,6,22.49,,
65353,RC1210CAP24V,0,0,0,4050.84,5314.70,
65354,980650001,8,4,4,324.66,,
65355,959941001,7,4,3,141.77,,
65356,959941011,0,0,0,141.77,,
65369,959940201,5,3,2,147.44,,
65370,959940211,7,5,2,147.44,,
65371,980520501,7,4,3,86.48,,
65372,980520511,0,0,0,86.48,,
65373,980520811,5,2,3,140.35,,
65374,980520901,8,5,3,140.35,,
65375,980520911,7,4,3,140.35,,
65376,980620811,7,4,3,161.62,,
65377,980620801,0,0,0,161.62,,
65378,980620901,0,0,0,161.62,,
65379,980620911,8,3,5,161.62,,
65380,980960201,0,0,0,85.06,,
65381,980960211,7,3,4,85.06,,
65382,980960231,0,0,0,96.41,,
65383,980960241,6,3,3,96.41,,
65384,980960301,4,3,1,113.42,,
65385,980960311,2,2,0,113.42,,
65388,980960341,7,4,3,121.92,,
65389,980960351,10,6,4,121.92,,
65390,980960461,0,0,0,136.10,,
65391,980960471,0,0,0,136.10,,
65392,980573021,0,0,0,136.10,,
65393,980740011,0,0,0,219.75,,
65394,980950071,1,0,1,163.04,,
65395,980950081,2,0,2,163.04,,
65396,980950061,4,2,2,163.04,,
65398,958109021,7,2,5,38.28,,
65399,958109011,12,8,4,31.19,,
65400,958109111,0,0,0,31.19,,
65401,958109121,0,0,0,38.28,,
65402,958110011,7,3,4,32.61,,
65403,958110021,9,9,0,38.28,,
65404,958110111,0,0,0,32.61,,
65405,958110121,4,0,4,38.28,,
65406,958109511,3,3,0,32.61,,
65407,958109521,4,3,1,39.70,,
65408,958109611,0,0,0,32.61,,
65409,958109621,11,4,7,38.28,,
65410,958110511,18,10,8,34.03,,
65411,958110521,4,4,0,38.28,,
65413,958110621,0,0,0,38.28,,
65414,959950121,0,0,0,143.19,,
65415,959951121,0,0,0,143.19,,
65416,980630002,1,0,1,108.00,,
65421,980629001,1,0,1,99.24,,
65422,980629501,0,0,0,113.42,,
65424,959700101,0,0,0,63.80,,
65425,959700701,0,0,0,63.80,,
65427,980704001,0,0,0,92.15,,
65431,DRS12AX,2,0,2,4288.95,,5295.00
65434,980869301,8,5,3,26.94,,
65435,980869401,11,0,11,26.94,,
65436,980869501,0,0,0,24.15,,
65437,980869601,0,0,0,26.94,,
65440,980500521,3,0,3,31.19,,
65441,980500541,8,4,4,26.94,,
65442,980500721,2,2,0,31.19,,
65443,980502221,6,3,3,31.19,,
65444,980502241,4,4,0,26.94,,
65445,980507221,6,4,2,31.19,,
65446,980507241,9,5,4,26.94,,
65447,980507251,8,4,4,25.52,,
65449,958121001,7,3,4,68.05,,
65450,958121011,0,0,0,70.89,,
65451,958121101,5,2,3,70.89,,
65452,5287,18,13,5,4.70,,
65453,5235100,13,11,2,13.47,,
65454,5236100,9,7,2,12.95,,
65455,5237100,20,10,10,12.95,,
65456,5239100,18,3,15,12.95,,
65457,5240100,26,13,13,12.95,,
65458,5241100,33,16,17,12.95,,
65459,5242100,29,12,17,12.95,,
65460,5243100,16,4,12,12.95,,
65461,5244100,15,10,5,12.95,,
65462,5245100,21,15,6,12.95,,
65463,958121111,0,0,0,70.89,,
65464,958123001,1,1,0,63.80,,
65465,958124401,8,4,4,49.62,,
65466,002984335,0,0,0,43.95,,
65467,002984385,3,0,3,43.95,,
65468,002984345,0,0,0,43.95,,
65469,002984395,5,4,1,43.95,,
65470,002984315,9,5,4,48.20,,
65471,002984365,0,0,0,49.62,,
65472,002984325,0,0,0,48.20,,
65473,002984375,6,3,3,48.20,,
65474,002984305,0,0,0,43.95,,
65475,002984355,0,0,0,87.90,,
65477,002984535,0,0,0,69.47,,
65478,002984601,5,4,1,106.33,,
65479,002984505,9,4,5,66.63,,
65480,002984565,4,3,1,66.63,,
65485,003562025,7,4,3,19.85,,
65487,003562045,8,4,4,21.27,,
65489,003562005,5,3,2,19.85,,
65491,003562015,7,5,2,19.85,,
65494,003361002,26,12,14,73.82,,
65495,003361012,23,13,10,77.92,,
65496,003361022,25,16,9,73.82,,
65497,002843011,6,4,2,27.34,,
65498,706729011,27,12,15,5.47,,
65500,998502001,5,0,5,153.11,,
65502,A1101CP,2,2,0,98.05,,
65512,003562035,5,2,3,19.85,,
65513,1942,0,0,0,2346.11,,
65514,60754,4,1,3,31.96,,
65515,966,0,0,0,31.14,,
65516,967,1,1,0,27.09,,
65532,010-01962-00,8,7,1,119.99,,
65533,010-01962-10,2,0,2,356.24,,
65534,010-11868-20,0,0,0,397.49,529.99,
65535,010-11868-21,0,0,0,397.49,529.99,
65536,010-11868-22,0,0,0,397.49,529.99,
65537,010-12465-00,0,0,0,187.49,,
65538,010-11937-21,0,0,0,1049.99,1399.99,
65539,010-12187-20,0,0,0,4499.99,5999.99,
65540,010-12182-20,1,0,1,3356.24,4474.99,
65541,010-11643-20,0,0,0,3329.99,4439.99,
65543,010-12188-20,0,0,0,4087.49,5449.99,
65547,1866680,0,0,0,125.00,,
65548,3116,9,8,1,489.47,,
65549,3118,3,2,1,571.49,,
65550,11990,2,0,2,13.27,,
65569,ATPSENSTD,6,6,0,66.96,,
65570,SCH-11,8,7,1,6.67,,
65573,A80464,10,7,3,339.99,,
65574,A80465,0,0,0,870.82,,
65575,T70318,0,0,0,1558.32,,
65576,T70319,2,0,2,1558.32,,
65583,3113,5,4,1,156.86,,
65586,A80475,5,4,1,110.78,,
65587,A80476,2,2,0,109.99,,
65588,A80477,3,2,1,183.23,,
65589,A80485,0,0,0,63.91,,
65590,SC-USB-02,11,4,7,37.13,,
65591,DS-H10,13,6,7,23.06,,
65600,A80510,7,3,4,418.19,,
65606,R70527,12,6,6,55.39,,
65609,OCTAF1212BP12,1,0,1,889.43,,
65611,ZDIGSPLK1500,3,2,1,304.54,,
65616,8806LP2,17,5,12,57.00,,
65617,8806LPG2,74,36,38,63.31,,
65619,NM-NG1-NF-00.5,0,0,0,36.02,,
65620,58103-1012,8,3,5,627.21,,
65625,001-122-910,0,0,0,177.27,,
65627,27SA-24,9,5,4,133.38,,
65629,81300400,4,2,2,401.40,,
65630,010-12165-02,0,0,0,7.49,,
65644,FAP6310,0,0,0,1727.27,,
65649,010-12390-30,0,0,0,89.99,,
65652,S00-00522-24,0,0,0,11.27,,
65668,A10-210PB,0,0,0,31.83,,
65715,AF45,9,3,6,34.21,,
65716,AF90,0,0,0,16.43,,
65718,71928P,0,0,0,2.17,,
65721,71955T,0,0,0,15.57,,
65722,T-FITTING,6,4,2,15.72,,
65724,71861H,3,2,1,56.12,,
65727,71004K,16,8,8,2.59,,
65728,"UNION 62CA-6",0,0,0,9.63,,
65729,"MD 38 NI COM FT",8,8,0,24.09,,
65733,"UPS BLKHD T-FIT",1,0,1,63.81,,
65734,"UPS T-FITTING",3,2,1,48.25,,
65738,"UPS 4-4 FLO-SS",3,3,0,121.84,,
65740,40878B,1,0,1,23.55,,
65744,42838Z,3,2,1,38.16,,
65745,40736E-UC94,4,2,2,20.84,,
65748,40735C,0,0,0,21.44,,
65749,40822X,4,1,3,39.25,,
65750,40736E,3,2,1,20.40,,
65751,73115F,2,1,1,39.44,,
65753,40736E-SVS,4,2,2,49.97,,
65754,A80488,0,0,0,63.91,,
65757,RF41200,6,3,3,35.51,54.31,
65779,010-12586-00,0,0,0,16.24,,
65780,010-12588-00,0,0,0,14.49,,
65781,010-12590-00,0,0,0,12.99,,
65782,010-12587-00,1,0,1,16.24,,
65784,010-12591-00,0,0,0,14.57,,
65789,"TU 95-50",3,1,2,179.79,,
65791,171CA-6-4,5,3,2,30.69,,
65803,RCM5,1,1,0,125.00,,
65812,F16-0080,4,2,2,75.99,,
65813,F40-0018WHC-A,6,4,2,5.43,,
65820,184003,12,9,3,5.49,,
65823,77010310,21,11,10,338.13,,
65824,DST800L-235-N2,0,0,0,591.61,790.00,
65825,33-409-01,0,0,0,96.45,125.00,
65827,221HF012,6,3,3,983.14,,
65838,1812ATP,1,0,1,946.17,,
65845,010-12528-02,6,4,2,52.49,,
65846,010-12531-00,18,6,12,18.75,,
65854,B501BT/L,6,2,4,474.25,,
65855,B501CHT/L,2,2,0,355.98,,
65856,B501B/L,4,4,0,378.35,,
65862,B502BT/L,2,0,2,670.60,,
65864,B502B/L,1,1,0,399.99,,
65905,000-176-666-10,0,0,0,82.73,,
65906,SCR-24-CC-BZ-10,8,5,3,410.59,,635.00
65908,SCR-24-BW-BZ-10,2,0,2,431.74,,625.00
65909,SCR-24-GW-BZ-10,0,0,0,431.74,,625.00
65910,SCR-24-BB-BZ-10,0,0,0,431.74,,625.00
65915,A503-31CBBR-HE,0,0,0,128.05,,
65916,LL-101-PRO,0,0,0,67.07,,
65918,15099-001,13,5,8,25.34,,
65923,NEW-12V-24V-7A,0,0,0,744.27,,
65924,NEW-12V-24V-16A,0,0,0,853.33,,
65937,MACH14X06,2,2,0,38.91,,
65939,MACH14X10,4,2,2,43.08,,
65940,MACH14X12,5,2,3,45.17,,
65941,MACH14X14,1,0,1,47.27,,
65942,MACH14X16,2,0,2,49.36,,
65943,MACH14X18,2,0,2,51.45,,
65945,MACH14X22,2,0,2,55.63,,
65947,MACH14X26,0,0,0,59.81,,
65948,MACH14X28,0,0,0,61.89,,
65949,MACH14X30,2,2,0,63.99,,
65950,MACH14X32,0,0,0,76.52,,
65951,MACH14X34,0,0,0,86.32,,
65952,MACH14X36,0,0,0,96.01,,
65953,MACH36X06,0,0,0,36.19,,
65954,MACH36X08,0,0,0,35.95,,
65955,MACH36X10,2,2,0,38.03,,
65956,MACH36X12,0,0,0,42.47,,
65957,MACH36X14,2,0,2,44.55,,
65958,MACH36X16,6,4,2,46.64,,
65959,MACH36X18,2,0,2,48.72,,
65960,MACH36X20,2,0,2,50.81,,
65961,MACH36X22,1,0,1,52.91,,
65962,MACH36X24,0,0,0,55.36,,
65963,MACH36X26,2,0,2,57.89,,
65964,MACH36X28,2,0,2,60.39,,
65965,MACH36X30,0,0,0,62.92,,
65966,MACH36X32,0,0,0,76.52,,
65967,MACH36X34,0,0,0,86.32,,
65968,MACH36X36,0,0,0,96.01,,
65969,MACH36X38,0,0,0,113.59,,
65974,MACH5X08,0,0,0,38.63,,
65975,MACH5X10,2,0,2,40.73,,
65976,MACH5X12,4,2,2,42.83,,
65977,MACH5X14,1,0,1,44.92,,
65978,MACH5X16,6,4,2,47.00,,
65979,MACH5X18,0,0,0,49.08,,
65981,MACH5X22,4,2,2,53.27,,
65983,MACH5X26,4,2,2,57.89,,
65984,MACH5X28,2,0,2,60.39,,
65986,MACH5X32,0,0,0,75.15,,
65987,MACH5X34,0,0,0,86.32,,
65988,MACH5X36,0,0,0,96.01,,
65990,MACH5X38,0,0,0,105.73,,
65991,MACHZEROX06,2,0,2,30.76,,
65992,MACHZEROX08,5,3,2,32.01,,
65993,MACHZEROX10,4,2,2,33.93,,
65994,MACHZEROX12,3,2,1,35.32,,
65995,MACHZEROX14,1,0,1,38.75,,
65996,MACHZEROX16,1,0,1,41.81,,
65997,MACHZEROX18,4,2,2,45.12,,
65998,MACHZEROX20,2,1,1,48.41,,
65999,MACHZEROX22,3,1,2,51.75,,
66000,MACHZEROX24,4,2,2,55.07,,
66001,MACHZEROX26,4,2,2,58.43,,
66002,MACHZEROX28,4,2,2,61.71,,
66003,MACHZEROX30,1,0,1,65.00,,
66004,MACHZEROX32,2,0,2,81.05,,
66005,MACHZEROX34,0,0,0,85.56,,
66006,MACHZEROX36,0,0,0,90.09,,
66007,MACHZEROX38,0,0,0,94.56,,
66014,1960,6,0,6,19.66,,29.98
66015,LNZ-512S,5,5,0,54.65,,
66025,SET0090,1,1,0,196.91,,
66028,545-5010-7,8,8,0,27.00,,
66030,MGR450B,11,7,4,152.47,,
66036,RLS-508-401,3,3,0,84.38,,
66037,RLS-509-401,3,3,0,78.75,,
66048,010-12491-01,0,0,0,19.99,,
66053,010-12236-00,0,0,0,524.99,,
66054,010-12236-01,0,0,0,599.99,,
66055,010-12236-02,0,0,0,547.49,,
66056,010-12239-00,0,0,0,14.99,,
66060,010-12237-00,0,0,0,14.99,,
66062,010-12239-01,0,0,0,14.99,,
66063,010-12237-01,0,0,0,14.99,,
66071,RLS-509-405,7,4,3,88.31,,
66075,010-12020-00,16,15,1,11.24,,
66100,980950051,0,0,0,163.04,,
66103,66502-1,51,27,24,18.93,,
66104,001-409-520-00,0,0,0,246.36,,
66105,A06075,52,24,28,42.60,,
66106,A06076,11,8,3,42.60,,
66109,11969-4,4,2,2,40.04,,
66110,13710-4,125,79,46,38.99,,
66112,117553-7,8,6,2,10.78,,
66126,A80500,0,0,0,76.69,,
66128,010-12006-11,4,0,4,29.99,,
66135,02840300A,3,2,1,546.69,,
66157,29550,0,0,0,18.09,,
66158,29551,0,0,0,13.70,,
66159,29552,4,4,0,6.26,,
66161,29751,0,0,0,8.81,,
66162,LMB-EXTSHORT,0,0,0,244.69,,
66165,165T-B54,2,1,1,1688.89,,
66166,136,2,0,2,165.33,,
66168,055-43250-7,4,4,0,21.67,,
66177,83550,0,0,0,561.81,,
66215,1PPOT,53,41,12,20.75,,
66237,3876-3,41,20,21,8.88,,
66238,AR-6493,0,0,0,35.69,,
66240,R70384,0,0,0,153.40,,
66247,TM260-BL,0,0,0,1115.06,1499.00,
66256,A80438,2,1,1,383.14,,
66257,A80011,0,0,0,1792.66,,2199.00
66277,15140-001,15,9,6,18.05,,
66286,A80440,6,2,4,166.66,,
66288,F16-2525,7,2,5,50.63,,
66289,100-357-172-10,0,0,0,24.55,,
66292,300-038,0,0,0,2595.47,,2919.91
66294,317302400,0,0,0,302.56,,484.99
66295,SET0087,0,0,0,76.61,,
66303,1341,5,0,5,8.06,,
66305,000-159-688,0,0,0,100.00,,
66306,BP-T901P,0,0,0,591.46,,
66308,S3-0506_A,0,0,0,1568.00,,
66319,B4A02753,0,0,0,716.48,,
66322,GP1900-06,0,0,0,319.99,,
66342,RFLAERTR,3,3,0,25.08,,
66345,FPF6,4,4,0,16.98,,
66347,SACP6,20,20,0,9.15,,
66348,SACP8,1,1,0,10.60,,
66349,FSB1223,0,0,0,23.10,,
66350,FSB1631,0,0,0,34.77,,
66351,6033,0,0,0,77.15,,
66352,6126SC,0,0,0,72.73,,
66353,SET0089,0,0,0,112.44,,
66354,BP65S,0,0,0,36.44,,
66365,F106877,14,8,6,48.78,,
66367,F12066,12,0,12,36.96,,
66374,RMX4500-08,0,0,0,399.99,,
66378,44020120,3,1,2,475.57,,
66384,B275C-LHW-MM,0,0,0,1871.36,2464.00,
66386,DSM410-01,4,2,2,516.32,,
66392,001-435-870-00,0,0,0,91.82,,
66402,58359,3,0,3,183.34,,
66405,STC,9,6,3,302.81,,
66407,SP4157,0,0,0,76.93,,
66408,1015,2,0,2,15.46,,
66409,1016,23,23,0,15.46,,
66411,11311,3,1,2,12.40,,
66412,11312,3,3,0,12.40,,
66413,11313,5,1,4,12.40,,
66414,375,0,0,0,11.87,,
66423,GP1800-07,0,0,0,312.72,,
66425,R70523,10,4,6,46.86,,
66426,L10-1003-1,2,1,1,1719.22,,
66427,L10-1002-1,4,1,3,317.94,,
66428,L10-1003BAG,0,0,0,401.40,,
66433,B265C-LH-12G,2,0,2,1514.54,1999.00,
66434,P102923,0,0,0,169.00,,
66448,83554,0,0,0,974.96,,
66449,83557,0,0,0,616.93,,
66450,83562,0,0,0,726.20,,
66451,CAM-MM-02,0,0,0,334.69,,
66452,CAM-PT-150-02,0,0,0,289.69,,
66453,CAM-PT-300-02,6,4,2,306.56,,
66454,010-11599-10,12,9,3,79.99,,
66462,7879CR-FI,0,0,0,49.28,,
66463,41500500,0,0,0,39.58,,
66466,SHC-18,6,0,6,46.67,,
66490,MM3-VNA-024,0,0,0,227.27,,
66491,0150,4,4,0,21.64,,
66492,0151,2,2,0,25.44,,
66493,0152,7,7,0,27.08,,
66499,INTTYPES,2,1,1,793.97,,
66500,INTTYPET,0,0,0,873.28,,
66501,INTTYPER,0,0,0,692.48,,
66502,INTTYPEH,0,0,0,753.93,,
66503,INTTYPEA,2,2,0,140.86,,
66504,INTREMOTE,3,3,0,45.59,,
66505,132000-400-004-18,12,8,4,122.33,,
66527,PO414DWC-10,0,0,0,184.71,,
66529,BHW4025,4,2,2,50.53,,
66530,ATPDISPBR,13,8,5,167.27,,
66531,ATPBRCABLE,2,0,2,35.71,,
66537,010-12445-13,4,0,4,22.49,,
66550,PT109,15,7,8,8.14,,
66555,4158-163-E75,23,5,18,328.26,,
66563,131252,5,5,0,10.60,,
66564,141250,4,4,0,17.67,,
66565,161250,9,8,1,21.20,,
66566,620106,0,0,0,11.30,,
66567,620206,7,7,0,14.13,,
66568,620306,8,8,0,17.67,,
66569,861600,10,4,6,35.34,,
66571,137401,0,0,0,56.56,,
66572,144900,0,0,0,17.67,,
66573,145000,4,4,0,24.74,,
66574,146000,0,0,0,35.34,,
66575,777101,0,0,0,69.87,,
66576,787010,4,4,0,80.43,,
66584,344010,4,4,0,6.43,,
66585,RF1135-20,10,6,4,4.12,6.39,
66586,RF1136,6,4,2,7.51,11.48,
66587,354010,3,3,0,7.71,,
66588,RF2330,0,0,0,19.07,29.18,
66589,364010,0,0,0,9.64,,
66592,RF3124,0,0,0,104.30,159.57,
66593,374110,0,0,0,12.86,,
66596,386001,3,3,0,10.60,,
66597,RF3132,6,4,2,90.73,138.82,
66598,387001,2,0,2,12.01,,
66600,360710,0,0,0,5.79,,
66601,370710,0,0,0,6.43,,
66602,RF44140,0,0,0,85.14,130.26,
66603,705001,13,8,5,10.93,,
66604,RF44188,0,0,0,87.71,115.98,
66605,708001,0,0,0,16.07,,
66606,RF444,0,0,0,34.77,53.18,
66608,2350000,6,0,6,3.21,,
66610,2360001,0,0,0,5.14,,
66611,2370002,1,1,0,6.43,,
66612,RF62100,0,0,0,148.43,,
66613,RF66100,0,0,0,34.98,53.51,
66614,RF72100,0,0,0,180.01,247.88,
66633,0301DP5,14,8,6,5.80,,
66636,R409C-LWM,0,0,0,4422.55,5999.00,
66639,EIC20130,7,4,3,112.15,,
66642,GP1200-14,0,0,0,363.62,,
66647,331-548,0,0,0,27.84,,
66669,001-470-970-00,0,0,0,479.09,,
66673,212513,0,0,0,187.49,299.99,
66680,SM-ACC-SNAP,4,2,2,31.26,,38.47
66682,SM-ACC-INFR,8,4,4,109.84,,135.19
66683,SM-ACC-REED,8,4,4,14.94,,18.38
66684,SM-ACC-EPIR,6,2,4,118.29,,145.59
66685,SM-ACC-SHOR,6,4,2,59.14,,72.79
66687,SM-ACC-DCRE,5,0,5,22.81,,28.07
66692,142006,2,2,0,54.99,,
66697,00900-40,5,4,1,9.19,,
66700,00900-37A,12,7,5,3.84,,
66706,7717N,22,19,3,15.20,,
66730,TS1029,0,0,0,14.26,,
66740,RA-259-239-G,0,0,0,11.25,,
66742,136400,1,1,0,40.12,,
66745,07200,8,4,4,612.32,,
66746,06200,4,2,2,391.45,,
66749,010-11078-01,22,14,8,56.24,,
66750,010-11351-50,0,0,0,37.49,,
66755,16870,24,8,16,4.21,,
66756,16871,25,7,18,9.22,,
66757,16873,10,5,5,10.25,,
66831,A503-11AAG-HE,0,0,0,128.05,,
66833,GP2050-16,0,0,0,327.26,,
66841,F14215,6,6,0,14.45,,
66842,F14216,7,7,0,15.58,,
66843,F12811,0,0,0,12.17,,
66845,725001,0,0,0,11.57,,
66847,F12637,4,4,0,22.31,,
66848,108401,2,2,0,16.07,,
66849,108700,3,3,0,19.29,,
66850,F13758,4,3,1,17.40,,
66851,F14060,0,0,0,18.87,,
66852,181250,8,8,0,31.81,,
66857,465100,0,0,0,11.30,,
66858,500000,1,0,1,16.26,,
66860,FUR-DWN-CBL,0,0,0,59.09,,
66868,SCR-24-AG-BZ-10,0,0,0,431.74,,625.00
66872,106113,2,2,0,243.74,350.19,
66874,262113,9,6,3,268.74,429.99,
66877,110113,0,0,0,312.49,499.99,
66878,FVSSM0512000A00,0,0,0,380.85,,
66886,7531,2,2,0,617.09,,
66890,98075,4,2,2,181.14,234.75,
66897,760200,0,0,0,24.74,,
66898,760301,1,1,0,31.81,,
66900,374310,0,0,0,12.86,,
66911,344987,0,0,0,3.21,,
66912,345500,10,0,10,6.43,,
66913,2375002,0,0,0,6.43,,
66915,2361800,0,0,0,5.14,,
66919,T70407,5,4,1,1439.99,,
66920,100103,0,0,0,10.60,,
66921,530006,5,5,0,17.67,,
66923,620292,3,3,0,14.13,,
66925,613306,2,2,0,28.27,,
66958,PTS-1,0,0,0,187.28,,
66959,PTS-2,3,1,2,309.03,,
66960,ARM101,0,0,0,131.93,,
66961,ARM101WP,0,0,0,20.41,,
66971,470000,3,3,0,12.86,,
66972,R70484,16,2,14,19.59,,
66973,MMC-12G,11,1,10,105.53,135.00,
66985,A80490,8,4,4,72.43,,
66997,P12074,0,0,0,687.81,,
66998,P12073,4,2,2,670.25,,
66999,GP1050-15,0,0,0,327.26,,
67002,010-12117-10,0,0,0,22.49,,
67007,"PW 02685",4,0,4,11.47,16.95,
67010,"KR 41511",8,6,2,17.11,25.95,
67011,"CA 03516-6",21,12,9,28.51,35.95,
67012,Z60-8266VEL26-2,4,2,2,60.69,,
67013,Z60-7279VEL27.5-2,10,7,3,47.38,,
67014,Z60-7288VEL30.75-2,6,6,0,58.65,,
67015,Z10-4067BLY60MM,12,6,6,47.09,,
67016,Z10-4085BLY60MM,4,2,2,58.88,,
67024,BPA,0,0,0,57.65,,
67033,M180132,9,0,9,12.45,,
67034,M180232,5,4,1,11.03,,
67035,M180332,12,7,5,10.82,,
67045,220161,2,2,0,30.38,,
67046,220162,8,2,6,27.98,,
67047,220163,5,1,4,34.07,,
67049,710265-1,0,0,0,303.05,,
67052,817-1000,6,3,3,348.67,,
67053,817-2000,12,4,8,689.90,,
67055,817-1050,5,2,3,467.56,,
67056,817-2080,12,6,6,848.37,,
67057,808-0817-01,27,14,13,66.50,,
67058,808-9817,6,4,2,27.35,,
67063,1854051,0,0,0,195.17,,
67072,1810442,0,0,0,1647.26,,
67073,1810443,3,0,3,1647.26,,
67075,1810445,2,0,2,1647.26,,
67078,1810452,0,0,0,1718.89,,2399.99
67079,1810453,2,1,1,1718.89,,2399.99
67081,1810455,4,2,2,1718.89,,2399.99
67082,1810462,0,0,0,2005.37,,2799.99
67083,1810463,0,0,0,2005.37,,2799.99
67084,1810247,0,0,0,106.46,,
67087,1810257,2,2,0,134.85,,
67093,136200,0,0,0,28.27,,
67095,757004,1,1,0,45.68,,
67096,112300,3,0,3,28.27,,
67097,134830,0,0,0,19.03,,
67099,RC1010CAP12V,0,0,0,2407.60,3389.90,
67101,3875-3,4,4,0,7.45,,
67115,767000,0,0,0,79.19,,
67129,EVO-2212,0,0,0,1498.18,2066.30,
67130,EVO-3012,0,0,0,1760.00,2482.60,
67131,EVO-2224,0,0,0,1498.18,2066.30,
67132,EVO-4024,0,0,0,1828.64,2522.00,
67134,EVO-RC,3,2,1,116.93,161.20,
67135,SAM-1500C-12,0,0,0,316.36,436.30,
67136,SAM-100-12,0,0,0,29.20,40.30,
67137,SAM-250-12,0,0,0,52.61,72.50,
67138,LHC,0,0,0,389.99,,
67139,SAM-450-12,3,2,1,63.07,87.00,
67141,SAM-800-12,10,6,4,92.16,127.20,
67155,SAM-1000-12,8,4,4,112.95,155.80,
67156,SAM-1500-12,0,0,0,193.98,267.60,
67157,SAM-2000-12,7,4,3,264.55,364.90,
67158,SAM-3000-12,0,0,0,393.52,542.70,
67170,PST-300-12,6,4,2,195.45,269.60,
67171,PST-600-12,8,3,5,242.84,334.90,
67173,PST-1500-12,0,0,0,532.16,734.00,
67174,PST-2000-12,5,3,2,703.86,970.80,
67175,PST-3000-12,6,4,2,989.77,1365.00,
67176,PST-300-24,5,4,1,195.45,269.60,
67177,PST-600-24,9,6,3,242.84,334.90,
67178,PST-1000-24,0,0,0,437.61,603.60,
67179,PST-1500-24,3,2,1,532.16,734.00,
67180,PST-2000-24,4,1,3,703.86,970.80,
67181,PST-3000-24,0,0,0,978.65,1365.00,
67182,STS-30,0,0,0,233.07,321.50,
67183,SBR-27LI,15,7,8,26.67,,
67187,SEC-1215UL,1,0,1,159.20,219.60,
67188,SEC-1230UL,4,0,4,222.95,307.50,
67189,SEC-1250UL,4,1,3,405.23,558.80,
67190,SEC-1280UL,2,2,0,575.45,793.70,
67191,SEC-2415UL,10,5,5,222.95,307.50,
67192,SEC-2425UL,4,1,3,401.70,554.00,
67193,SEC-2440UL,5,2,3,575.45,793.70,
67194,900-RC,0,0,0,32.05,44.20,
67195,RC-15,0,0,0,18.52,25.60,
67196,RC-15A,4,2,2,29.89,41.20,
67198,RC-300,6,1,5,68.41,94.40,
67199,SAM-RC,0,0,0,29.20,40.30,
67213,DC-1000-KIT,0,0,0,130.00,179.30,
67214,DC-2000-KIT,0,0,0,153.07,211.20,
67215,DC-2500-KIT,0,0,0,231.02,318.70,
67216,DC-3500-KIT,2,0,2,454.43,626.70,
67217,7462,1,0,1,58.80,,
67218,3131,9,8,1,53.52,,
67220,DC-FA-100,2,2,0,34.43,47.50,
67221,DC-FA-200,2,2,0,34.43,47.50,
67223,DC-FA-300,0,0,0,34.43,47.50,
67224,MRBF-100,4,0,4,13.64,18.80,
67225,MRBF-200,8,2,6,13.64,18.80,
67226,MRBF-300,8,2,6,13.64,18.80,
67227,7532,4,2,2,785.41,,
67228,DC-FB-2,0,0,0,28.86,39.80,
67230,CFB2-400,1,1,0,136.14,187.70,
67232,BF16,0,0,0,82.22,121.50,
67233,GP1040-40,0,0,0,334.53,,
67242,BW-01,0,0,0,43.64,60.20,
67243,BW-03,0,0,0,78.86,108.70,
67244,ACR-160,1,1,0,115.80,159.80,
67245,SDC-15,0,0,0,78.86,108.70,
67246,SDC-23,2,2,0,88.18,121.60,
67247,SDC-5,8,4,4,38.07,52.50,
67248,SDC-12,0,0,0,50.68,69.90,
67249,SDC-30,7,2,5,126.02,173.70,
67250,SDC-60,0,0,0,303.41,418.40,
67251,IDC-100A-12,0,0,0,129.66,178.80,
67252,IDC-100B-12,4,1,3,129.66,178.80,
67253,IDC-100C-12,5,4,1,129.66,178.80,
67254,IDC-100D-12,0,0,0,129.66,178.80,
67255,IDC-100A-24,0,0,0,129.66,178.80,
67256,IDC-100C-24,0,0,0,129.66,178.80,
67257,IDC-200A-12,0,0,0,149.32,206.00,
67258,IDC-200B-12,0,0,0,149.32,206.00,
67259,IDC-200C-12,0,0,0,149.32,206.00,
67260,IDC-200D-12,0,0,0,149.32,206.00,
67261,IDC-200A-24,0,0,0,149.32,206.00,
67262,IDC-200B-24,0,0,0,149.32,206.00,
67263,IDC-200C-24,0,0,0,149.32,206.00,
67264,IDC-360A-12,0,0,0,287.61,396.70,
67265,IDC-360B-12,0,0,0,287.61,396.70,
67266,IDC-360C-12,0,0,0,287.61,396.70,
67267,IDC-360D-12,0,0,0,287.61,396.70,
67268,IDC-360A-24,0,0,0,287.61,396.70,
67269,IDC-360B-24,0,0,0,287.61,396.70,
67270,IDC-360C-24,0,0,0,287.61,396.70,
67271,STEP7,4,0,4,95.68,132.00,
67272,STEP10,0,0,0,133.30,183.80,
67273,STEP20,0,0,0,277.05,382.10,
67276,59001,0,0,0,26.39,,
67277,59000,0,0,0,51.39,,
67295,93-303,26,2,24,15.40,,
67296,93-304,5,5,0,12.06,,
67297,C3-803,24,17,7,5.35,,
67298,C3-805,0,0,0,5.35,,
67299,C3-810,93,52,41,5.35,,
67300,C7-10,46,22,24,13.29,,
67301,C7-10-02,58,23,35,14.55,,
67302,S3-0503,0,0,0,1282.07,,
67303,F7-53,41,16,25,6.96,,
67304,F7-73,38,13,25,9.78,,
67305,M1-15-61-8,0,0,0,52.55,,
67306,M1-20-32-48,0,0,0,73.62,,
67307,M1-20-81-48,0,0,0,69.21,,
67309,M1-2A-11-1,0,0,0,24.06,,
67310,M1-2A-13-5,18,13,5,15.22,,
67311,90919,37,0,37,10.93,,
67312,90923,16,15,1,10.93,,
67313,90925,34,10,24,10.97,,
67314,90927,30,22,8,10.93,,
67316,90891,25,0,25,8.36,,
67317,90893,0,0,0,8.36,,
67318,90892,123,44,79,8.36,,
67325,131550,2,2,0,322.55,,
67329,188024,35,17,18,10.99,,
67330,106096,97,36,61,15.93,,
67336,710273-1,0,0,0,68.21,,
67344,MFC-2BS,0,0,0,15.41,,
67345,MFC-2NS,0,0,0,15.41,,
67346,MFC-3BS,6,2,4,23.73,,
67347,MFC-3NS,2,0,2,23.73,,
67348,MFC-4BS,1,1,0,28.86,,
67352,MFC-4NS,6,4,2,28.86,,
67357,MFC-1BD,0,0,0,14.63,,
67358,MFC-1BS,0,0,0,12.44,,
67359,MFC-1NS,0,0,0,12.44,,
67360,MFC-2BD,0,0,0,21.94,,
67361,MFC-2ND,0,0,0,21.94,,
67362,MFC-3BD,0,0,0,37.49,,
67364,MFC-3ND,0,0,0,37.49,,
67367,MFC-4BD,4,2,2,36.00,,
67368,MFC-4ND,2,2,0,45.12,,
67373,MFC-A2B,2,2,0,26.27,,
67377,MFC-A2N,0,0,0,26.27,,
67389,MFC-A3B,8,4,4,34.14,,
67390,MFC-A3N,6,3,3,27.00,,
67391,MFC-A4B,0,0,0,55.87,,
67392,MFC-A4N,0,0,0,55.87,,
67393,MFC-A5B,0,0,0,80.81,,
67394,MFC-A5N,0,0,0,80.81,,
67395,MFC-A6B,4,2,2,102.53,,
67396,MFC-A7N,0,0,0,136.04,,
67397,MFC-A7B,0,0,0,136.04,,
67398,MFC-F4N,4,4,0,36.49,,
67399,MFC-F4B,0,0,0,46.55,,
67400,MFC-F7N,0,0,0,49.21,,
67401,MFC-F7B,0,0,0,49.21,,
67402,MFC-F8N,0,0,0,71.60,,
67403,MFC-F8B,0,0,0,71.60,,
67404,MFC-F10B,0,0,0,76.86,,
67406,MFC-F10N,0,0,0,76.86,,
67407,MFC-F11B,0,0,0,95.29,,
67408,MFC-F11N,0,0,0,95.29,,
67409,MFC-13B,0,0,0,145.92,,
67410,MFC-F13N,0,0,0,145.92,,
67412,M5-60-205-8,0,0,0,84.70,,
67416,MF-01-110-60,20,16,4,107.53,,
67417,37-20-086-20,19,19,0,19.55,,
67420,93-10-201-50,0,0,0,32.04,,
67421,93-314,0,0,0,15.85,,
67422,C2-32-25,19,0,19,21.22,,
67423,C7-10-15,0,0,0,14.00,,
67424,F7-530,19,19,0,5.74,,
67426,1001401,8,4,4,4.54,,
67427,1001402,4,3,1,4.20,,
67428,1001503,4,2,2,11.58,,
67429,1001504,6,5,1,30.15,,
67430,1001505,19,4,15,12.16,,
67431,1001506,19,6,13,27.04,,
67432,1001507,5,5,0,12.90,,
67433,1001508,11,3,8,9.30,,
67435,A80526,0,0,0,68.17,,
67436,A80527,2,2,0,85.22,,
67437,A80528,2,0,2,85.22,,
67438,A80525,0,0,0,68.17,,
67439,A80529,3,2,1,85.22,,
67440,A80524,0,0,0,68.17,,
67441,A80530,3,1,2,76.69,,
67442,A80531,0,0,0,83.32,,
67443,A80533,0,0,0,104.16,,
67444,209-1277-00,6,2,4,120.37,,
67445,1001306,41,17,24,32.22,,
67446,1001302,6,4,2,10.91,,
67447,1001303,3,2,1,28.78,,
67448,1001307,6,4,2,10.25,,
67449,1001304,0,0,0,48.81,,
67450,1001301,9,5,4,13.43,,
67451,1001305,0,0,0,13.85,,
67452,1001605,4,2,2,48.99,,
67454,1001606,0,0,0,25.67,,
67455,1001610,6,2,4,13.85,,
67456,1001604,2,2,0,54.07,,
67457,1001603,2,0,2,56.68,,
67458,1001607,2,0,2,21.92,,
67459,1001609,5,3,2,22.08,,
67460,1002301,2,0,2,21.98,,
67461,1001001,3,3,0,50.92,,
67462,1002101,0,0,0,69.27,,
67463,1002102,5,3,2,74.84,,
67464,1001601,8,3,5,15.04,,
67465,1001602,8,3,5,8.23,,
67466,1001101,0,0,0,11.07,,
67467,1001102,10,0,10,6.01,,
67468,1001103,14,8,6,4.63,,
67469,1001104,11,9,2,4.63,,
67470,1002206,2,2,0,29.94,,
67471,1002201,0,0,0,52.19,,
67472,1002205,16,6,10,56.61,,
67473,1002203,1,1,0,48.28,,
67474,1002204,9,2,7,41.98,,
67480,560-1814-7,0,0,0,29.50,,
67491,7010,5,0,5,23.09,,
67494,1128,2,2,0,18.43,,
67507,T70327,7,3,4,317.92,,
67528,A526-31AAG-HE,13,3,10,127.11,,
67536,RF261,10,2,8,3.38,5.17,
67538,RF263,0,0,0,3.38,5.17,
67544,RF270,0,0,0,7.62,11.66,
67547,RF273,6,4,2,7.62,11.66,
67550,RF276,0,0,0,14.65,22.43,
67578,32816,8,5,3,135.53,,
67611,412,6,5,1,11.07,,
67613,413,9,3,6,12.76,,
67616,010-01759-00,1,1,0,224.99,,
67618,591,3,3,0,14.56,,
67619,010-12506-00,58,48,10,89.99,,
67623,010-12523-00,0,0,0,52.49,,
67627,010-12523-03,1,0,1,74.99,,
67629,010-12506-02,1,1,0,74.99,,
67631,444,10,6,4,18.99,,
67632,442,0,0,0,25.35,,
67633,446,6,2,4,13.99,,
67634,010-12505-02,11,7,4,14.99,,
67635,300,46,10,36,10.99,,
67636,302,12,9,3,13.13,,
67637,301,20,14,6,13.13,,
67640,847Q,0,0,0,12.67,,
67666,DT1H,10,0,10,65.58,,
67671,1001801,38,30,8,9.63,,
67672,1001802,11,5,6,9.01,,
67673,1001803,12,7,5,9.63,,
67674,1001804,8,2,6,13.96,,
67675,1001805,5,5,0,10.11,,
67676,1001806,5,0,5,10.11,,
67677,1001807,7,2,5,17.88,,
67678,1001808,17,7,10,12.83,,
67679,1001809,0,0,0,17.68,,
67680,1001810,0,0,0,11.41,,
67681,1001811,45,11,34,10.88,,
67682,1001812,5,5,0,20.63,,
67683,1001703,11,8,3,4.51,,
67684,1001702,9,4,5,6.86,,
67685,1001701,5,2,3,10.51,,
67686,1001705,6,3,3,12.53,,
67687,1001707,16,11,5,4.60,,
67688,1001708,6,6,0,7.84,,
67689,1001714,28,17,11,8.13,,
67690,1001716,0,0,0,30.32,,
67691,1001704,12,6,6,18.10,,
67692,1001709,13,5,8,6.50,,
67693,1001706,15,7,8,8.04,,
67694,1001710,12,4,8,6.80,,
67695,1001715,14,10,4,9.83,,
67696,1001711,12,6,6,7.39,,
67697,1001712,16,9,7,8.16,,
67698,1001713,12,7,5,9.10,,
67699,1001901,11,7,4,12.09,,
67700,1001906,16,5,11,8.48,,
67701,1001902,0,0,0,5.46,,
67702,1001908,15,5,10,8.23,,
67707,MCK632WB.6,14,11,3,96.73,,
67708,MCK632WB.64,6,3,3,128.99,,
67751,MR508UABW,10,5,5,96.73,,
67754,MR62W,8,4,4,46.71,,
67755,MR52W,10,6,4,36.31,,
67761,MR62B,9,4,5,46.71,,
67764,MR52B,25,13,12,36.31,,
67776,100102-W,4,2,2,11.67,,
67779,S72-0486,1,1,0,999.99,,
67788,EC-HP-DB-AC,1,1,0,399.00,,
67790,99081,0,0,0,483.20,,
67791,99080,0,0,0,418.05,,
67793,11700100,13,7,6,54.68,,
67794,11700500,9,2,7,59.74,,
67797,11701500,0,0,0,66.33,,
67799,31432330,3,2,1,328.56,,
67800,31432340,0,0,0,328.56,,
67801,31511110,0,0,0,420.70,,
67802,31511120,0,0,0,420.70,,
67803,31511310,0,0,0,420.70,,
67804,31511320,2,0,2,420.70,,
67805,31511510,2,2,0,420.70,,
67806,31511520,0,0,0,420.70,,
67819,862113,3,2,1,262.49,419.99,
67820,862213,0,0,0,262.49,419.99,
67822,212213BLK,2,0,2,187.49,299.99,
67824,150213BLK,0,0,0,1249.99,1999.99,
67826,883213BLK,0,0,0,1124.99,1799.99,
67832,872213,3,0,3,703.61,1232.99,
67833,873213,7,2,5,942.14,1650.99,
67834,874213,3,2,1,1194.93,2093.99,
67835,876213,1,0,1,1659.99,2655.99,
67836,322613,2,1,1,412.49,659.99,
67846,2378000,1,1,0,9.64,,
67847,202113,0,0,0,174.99,279.99,
67848,202213,7,3,4,174.99,279.99,
67849,502313,0,0,0,281.24,449.99,
67850,502513,0,0,0,281.24,449.99,
67886,810313,1,0,1,301.24,481.99,
67887,820313,4,2,2,517.49,827.99,
67888,830313,6,5,1,744.37,1190.99,
67889,840313,3,0,3,964.68,,
67901,602113,5,0,5,162.49,259.99,
67902,602213,5,2,3,162.49,259.99,
67903,602513,1,0,1,162.49,259.99,
67945,62-542-MARINE-BLK,28,6,22,52.44,,
67952,ZDIGN2KIT,8,5,3,99.13,,
67953,720101-1,2,2,0,34.08,,
67954,720102-1,1,0,1,34.08,,
67957,720073-6,3,2,1,34.49,,
67962,740174-1,0,0,0,41.66,,
67969,875213,3,2,1,1382.40,2549.99,
68004,MMC-0,0,0,0,105.54,135.00,
68005,MMC-8G,6,3,3,105.28,135.00,
68006,MMC-BL,0,0,0,104.99,135.00,
68007,MMC-9N,5,2,3,105.08,135.00,
68008,MMC-14HB,1,1,0,104.18,135.00,
68009,MMC-HB,2,1,1,104.18,135.00,
68016,B175C-20-H-MM,3,1,2,887.38,1164.00,
68017,B175C-20-HW-MM,0,0,0,1105.79,1444.00,
68018,B175C-20-M-MM,4,0,4,949.41,1244.00,
68019,B265C-LH-MM,2,0,2,1415.22,1864.00,
68020,B175C-0-H-MM,0,0,0,887.38,1164.00,
68021,B175C-12-H-MM,1,0,1,887.38,1164.00,
68031,B175C-0-HW-MM,1,1,0,1105.79,1444.00,
68032,B175C-12-HW-MM,1,0,1,1105.79,1444.00,
68033,B175C-0-M-MM,1,0,1,949.41,1244.00,
68034,B175C-12-M-MM,0,0,0,949.41,1244.00,
68036,B75C-0-H-MM,0,0,0,552.96,724.00,
68037,B75C-12-H-MM,0,0,0,552.96,724.00,
68038,B75C-20-H-MM,2,0,2,552.96,724.00,
68039,B75C-0-M-MM,2,1,1,627.42,824.00,
68040,B75C-12-M-MM,1,0,1,627.42,824.00,
68041,B75C-20-M-MM,3,1,2,627.42,824.00,
68046,7465,0,0,0,58.80,,
68054,TKA01AL,0,0,0,9.04,,
68055,TKA02AL,0,0,0,6.59,,
68057,100102-B,0,0,0,11.67,,
68075,M4516CASE,2,1,1,52.78,,
68076,M6316CASE,2,2,0,93.00,,
68078,M180132CASE,1,0,1,65.59,,
68079,M180332CASE,1,1,0,63.16,,
68081,010-12390-20,12,4,8,63.75,,
68086,DFW4X-6,0,0,0,84.86,,
68091,M5916CASE,2,1,1,42.89,,
68092,M5616CASE,0,0,0,63.41,,
68093,M5016CASE,2,1,1,67.78,,
68094,M4916CASE,1,1,0,56.43,,
68098,342KIT,0,0,0,98.67,,
68099,342KIT2,0,0,0,100.00,,
68100,342KIT3,0,0,0,98.67,,
68104,342KIT4,0,0,0,100.00,,
68105,342KIIT5,0,0,0,92.00,,
68106,342KIT6,0,0,0,92.00,,
68107,342KIT7,0,0,0,92.00,,
68110,042KIT,0,0,0,89.87,,
68113,042KIT2,0,0,0,91.20,,
68115,"TB 3001CASE",0,0,0,141.04,,
68120,"TC 2001CASE",0,0,0,204.55,,
68122,"TC 2000CASE",0,0,0,211.79,,
68124,"TS 1001CASE",0,0,0,200.57,,
68125,042KIT3,0,0,0,89.87,,
68127,042KIT4,0,0,0,91.20,,
68130,042KIT5,0,0,0,83.20,,
68132,042KIT6,0,0,0,83.20,,
68133,042KIT7,0,0,0,83.20,,
68144,SAD-1460,4,1,3,300.00,,
68152,340KIT,0,0,0,98.67,,
68156,340KIT2,1,0,1,100.00,,
68158,340KIT3,2,1,1,98.67,,
68160,340KIT4,2,1,1,100.00,,
68163,340KIT5,0,0,0,92.00,,
68165,340KIT6,4,3,1,92.00,,
68167,340KIT7,0,0,0,92.00,,
68169,040KIT,0,0,0,97.93,,
68170,040KIT2,1,0,1,75.21,,
68171,040KIT3,2,1,1,97.93,,
68172,040KIT4,2,1,1,99.27,,
68173,040KIT5,0,0,0,91.27,,
68174,040KIT6,4,3,1,91.27,,
68175,040KIT7,0,0,0,91.27,,
68206,010KIT2,0,0,0,128.60,,
68208,305KIT2,0,0,0,127.00,,
68210,001KIT2,0,0,0,117.33,,
68224,HX400ISCASE,6,3,3,5799.99,,
68244,M180232CASE,0,0,0,64.38,,
68245,M5032CASE,4,1,3,101.11,,
68247,DRS6ANXT,0,0,0,4693.95,,5795.00
68249,270000,43,25,18,21.76,,
68250,270001,47,19,28,19.43,,
68251,270002,28,18,10,27.20,,
68252,270005,35,21,14,34.96,,
68253,270010,40,8,32,65.27,,
68254,270101,90,50,40,15.54,,
68255,270103,109,51,58,27.20,,
68256,270104,320,149,171,34.96,,
68257,270105,53,24,29,11.29,,
68258,270106,118,72,46,10.88,,
68259,270108,37,19,18,14.00,,
68260,270201,37,8,29,62.16,,
68261,270202,48,25,23,85.46,,
68262,270300,280,204,76,12.34,,
68263,270301,263,85,178,17.35,,
68264,270302,89,36,53,21.28,,
68265,270305,47,13,34,27.15,,
68266,300000,12,2,10,6.78,,
68267,101810,5,3,2,14.28,,
68268,101825,0,0,0,34.39,,
68269,101850,0,0,0,63.61,,
68270,103810,3,2,1,20.54,,
68271,103825,10,0,10,47.65,,
68272,103850,0,0,0,85.67,,
68275,105840,11,0,11,70.99,,
68276,703112,12,7,5,9.93,,
68277,2707A,13,3,10,101.93,,
68278,2708A,19,16,3,82.40,,
68279,2710A,17,7,10,120.47,,
68280,2711A,24,9,15,129.36,,
68281,2713A,28,11,17,157.53,,
68282,2720A,24,10,14,166.81,,
68283,2731A,6,3,3,304.28,,
68284,2740A,8,5,3,378.42,,
68285,76080,1,1,0,95.45,,
68286,76090,4,2,2,82.72,,
68287,151225,0,0,0,28.70,,
68288,151250,3,2,1,54.09,,
68289,22150A,0,0,0,573.43,,
68291,22350-R,0,0,0,51.44,,
68292,23050A,0,0,0,662.33,,
68293,23051A,0,0,0,618.17,,
68294,23250-HH,0,0,0,47.01,,
68295,23250-R,0,0,0,44.07,,
68296,23350-R,0,0,0,51.44,,
68306,83304002,6,3,3,219.53,,
68366,SS175C-20-HW-MM,0,0,0,1181.76,1524.00,
68373,104018,3,2,1,124.23,,
68376,102217,0,0,0,86.64,,
68377,100000,0,0,0,33.03,,
68378,205102,5,0,5,141.91,,
68380,131300,5,2,3,95.16,,
68381,132200,6,2,4,47.28,,
68383,132300,1,1,0,124.23,,
68384,100017,7,5,2,15.19,,
68385,210003,0,0,0,35.31,,
68386,010-11076-03CASE,6,3,3,174.90,,
68387,890017,0,0,0,9.09,,
68388,941014,3,2,1,5.39,,
68389,941015,5,2,3,7.95,,
68390,150110,0,0,0,17.07,,
68391,010-11076-04CASE,4,3,1,112.46,,
68393,156026,4,2,2,46.15,,
68394,941022,4,2,2,4.71,,
68395,151100,11,4,7,155.59,,
68396,010-11076-00CASE,5,1,4,224.92,,
68397,010-11076-01CASE,5,2,3,209.93,,
68398,010-11078-01CASE,3,2,1,206.21,,
68399,"LQ 04506CASE",1,1,0,116.12,167.95,
68400,PS1,0,0,0,211.10,,
68401,PS2,1,0,1,324.88,,
68402,PS3,1,0,1,470.49,,
68403,PS4,1,0,1,609.51,,
68404,SS1,0,0,0,176.22,,
68405,SS2,0,0,0,271.46,,
68406,SS3,1,0,1,397.20,,
68407,SS4,0,0,0,527.68,,
68409,C50254,5,2,3,626.64,926.10,
68410,RS1,2,0,2,125.37,,
68411,RS2,0,0,0,175.00,,
68412,RS3,3,0,3,237.56,,
68413,C50504,1,1,0,770.36,1138.50,
68430,BFGWOV12V,0,0,0,63.29,,
68431,BFGWOV24V,0,0,0,63.29,,
68432,BFGWOV36V,1,0,1,63.29,,
68433,BFGWOV48V,0,0,0,63.29,,
68434,BFGWOV64V,0,0,0,63.29,,
68435,BFGWOV72V,0,0,0,63.29,,
68436,BFGWOVR12V,0,0,0,63.29,,
68437,BFGWOVR24V,0,0,0,63.29,,
68438,BFGWOVR36V,0,0,0,63.29,,
68439,BFGWOVR48V,0,0,0,63.29,,
68440,BFGWOVR64V,0,0,0,63.29,,
68441,BFGWOVR72V,0,0,0,63.29,,
68453,CA-0180,9,4,5,40.11,,
68456,210201,7,4,3,5.16,,
68457,210202,8,4,4,5.92,,
68458,220202,6,3,3,12.12,,
68459,210203,5,3,2,5.92,,
68460,220203,9,5,4,12.12,,
68462,210204,4,2,2,7.47,,
68464,210205,0,0,0,7.09,,
68466,210206,1,1,0,7.09,,
68468,210211,4,4,0,5.92,,
68469,210212,6,5,1,5.92,,
68470,220212,5,3,2,12.12,,
68471,210213,11,7,4,5.92,,
68472,220213,6,3,3,12.12,,
68473,222213,0,0,0,50.15,,
68474,210214,0,0,0,7.50,,
68475,220214,0,0,0,15.36,,
68476,210215,0,0,0,7.50,,
68477,220215,0,0,0,15.36,,
68478,210216,0,0,0,7.50,,
68479,220216,0,0,0,15.36,,
68480,"EFC-1 BLUE",0,0,0,31.65,,
68481,"EFC-2 BLUE",19,7,12,27.00,,
68482,"EFC-3 BLUE",0,0,0,42.09,,
68483,"EFC-4 BLUE",0,0,0,49.52,,
68484,M285C-HW-MM,0,0,0,799.16,1064.00,
68490,GP2050-08,0,0,0,327.26,,
68497,WS-C25,0,0,0,153.26,209.18,
68498,WS-USB,0,0,0,189.92,261.50,
68509,210221,6,4,2,7.10,,
68510,210222,8,5,3,8.16,,
68511,220222,7,3,4,16.71,,
68512,210223,9,5,4,8.16,,
68513,220223,9,6,3,16.71,,
68515,210224,8,6,2,9.47,,
68516,220224,5,5,0,19.35,,
68517,210225,6,5,1,9.47,,
68518,220225,5,2,3,19.35,,
68519,210226,6,3,3,9.47,,
68520,220226,3,3,0,19.35,,
68521,210227,4,2,2,13.74,,
68523,210233,5,5,0,14.55,,
68524,222233,0,0,0,27.41,,
68525,210234,0,0,0,14.63,,
68526,222234,6,2,4,27.55,,
68527,210235,2,0,2,18.57,,
68528,222235,3,2,1,34.99,,
68529,210236,4,0,4,18.57,,
68530,222236,0,0,0,34.99,,
68531,210237,0,0,0,18.70,,
68534,210244,5,2,3,18.36,,
68536,210245,7,4,3,18.36,,
68538,210246,0,0,0,18.36,,
68545,210247,0,0,0,18.36,,
68557,210301,0,0,0,5.16,,
68558,210302,0,0,0,5.92,,
68560,210303,0,0,0,5.92,,
68562,R111C-LH,0,0,0,3136.33,4199.00,
68563,210311,0,0,0,5.16,,
68564,210312,0,0,0,5.92,,
68566,220312,4,2,2,12.12,,
68567,210313,0,0,0,5.92,,
68568,220313,0,0,0,12.12,,
68570,210322,11,5,6,8.16,,
68573,220323,0,0,0,16.71,,
68574,210510,1,1,0,17.74,,
68575,210520,4,0,4,19.62,,
68576,210100,6,3,3,4.63,,
68577,220100,10,4,6,9.47,,
68579,210110,7,4,3,4.63,,
68580,220110,14,6,8,9.47,,
68582,210120,4,4,0,7.53,,
68583,220120,4,2,2,15.44,,
68587,210161,0,0,0,14.85,,
68589,210162,0,0,0,14.85,,
68594,210164,0,0,0,16.80,,
68597,210165,0,0,0,18.22,,
68598,210166,2,2,0,21.72,,
68614,GPS915,0,0,0,524.30,,
68626,GSE-1939BSA20,6,3,3,276.59,,
68627,NMEA2K1,2,2,0,162.99,,
68636,122200-300-020-18,0,0,0,60.68,,
68637,122200-300-040-18,8,7,1,48.99,,
68638,122200-300-060-18,5,5,0,60.68,,
68639,122200-600-020-18,0,0,0,60.68,,
68640,122200-600-040-18,6,0,6,48.00,,
68641,122200-600-060-18,0,0,0,60.68,,
68649,"G-1 COBALT BLUE",10,10,0,9.99,,
68650,"G-2 COBALT BLUE",2,2,0,11.00,,
68651,"G-3 COBALT BLUE W/AIR ADAPTER",7,2,5,12.75,,
68652,"G-4 COBALT BLUE W/AIR ADAPTER",0,0,0,26.69,,
68653,"G-5 COBALT BLUE W/AIR ADAPTER",0,0,0,51.04,,
68654,CW-376-5M,1,0,1,49.99,,
68655,"G-6 COBALT BLUE W/AIR ADAPTER",4,0,4,67.25,,
68659,1002013,7,4,3,9.43,,
68661,1002021,5,3,2,7.60,,
68662,1002022,0,0,0,8.39,,
68663,1002002,4,1,3,6.49,,
68664,1002023,1,1,0,7.23,,
68665,1002010,32,9,23,9.85,,
68666,1002006,8,8,0,12.00,,
68667,1001907,13,7,6,21.40,,
68668,1001903,6,6,0,6.23,,
68669,1001904,6,6,0,6.33,,
68670,1002001,4,0,4,6.51,,
68671,1002015,5,0,5,6.61,,
68672,1002004,5,2,3,6.71,,
68673,1002008,11,7,4,24.67,,
68674,1002007,0,0,0,12.04,,
68675,1002009,20,15,5,11.91,,
68681,1002017,0,0,0,7.47,,
68682,1001905,11,8,3,8.24,,
68683,1002018,10,5,5,7.87,,
68684,1002014,0,0,0,7.87,,
68685,1002012,11,4,7,7.96,,
68686,1002016,82,77,5,12.59,,
68687,1002003,5,5,0,23.88,,
68688,1002011,15,6,9,18.24,,
68689,1002005,0,0,0,22.35,,
68692,M80ATP,1,1,0,924.66,,
68702,SEC-1212,2,2,0,113.49,153.00,
68716,7151,23,5,18,9.20,,
68717,7152,10,8,2,9.20,,
68718,7153,27,7,20,9.20,,
68719,7154,6,0,6,9.20,,
68720,7155,19,9,10,9.20,,
68721,7156,22,15,7,9.20,,
68722,7157,33,12,21,9.20,,
68723,7160,19,5,14,7.34,,
68729,4180,12,5,7,55.62,,
68730,4181,0,0,0,55.62,,
68731,4230,9,3,6,10.51,,
68733,1842,4,2,2,252.67,,
68734,YBP-0111,0,0,0,45.38,,74.98
68735,242237,5,3,2,9.22,,
68736,012110C,0,0,0,454.55,759.00,
68737,70195,0,0,0,16.30,,
68739,09-703P-1,0,0,0,16.30,,
68740,10-13399-05,0,0,0,129.01,,
68741,10-24188-4,0,0,0,482.69,,
68742,54264PK,0,0,0,7.92,,
68743,54274PK,0,0,0,8.84,,
68745,80-47625-01,2,0,2,152.99,,
68747,80-47626-01,5,1,4,286.69,,
68754,60-100-SV,0,0,0,587.09,,
68758,621-100-SV,2,0,2,587.09,,
68761,ARS-5-H,4,0,4,226.87,,
68763,DDC-12/24,2,0,2,199.45,,
68764,MC-TS-A,4,0,4,33.26,,
68765,MC-TS-B,0,0,0,41.61,,
68768,UBB,5,0,5,61.92,,
68769,UAA,4,0,4,29.74,,
68770,BBU,2,0,2,43.36,,
68772,F16-0204-1,7,4,3,149.85,,
68776,F31-3103BXZ-1,8,6,2,59.99,,
68783,L10-1001-1,0,0,0,2050.45,,
68805,2307,27,27,0,19.72,,
68812,88586,0,0,0,37.49,,
68813,MSK-90,0,0,0,366.14,528.40,
68814,MSK-135,0,0,0,465.45,671.70,
68821,SCC-30AB,4,2,2,109.20,157.60,
68833,SCC-1208L,4,2,2,45.45,65.60,
68846,A80470,0,0,0,870.82,,
68852,320,20,12,8,7.80,,
68853,321,24,6,18,7.80,,
68854,322,12,9,3,7.80,,
68855,SRV-100-30A,0,0,0,392.16,566.00,
68856,SRV-150-30A,0,0,0,438.07,632.30,
68859,HC25H2,7,4,3,134.54,219.99,
68882,010-12439-10,7,4,3,14.99,,
68883,010-12439-03,5,3,2,22.49,,
68884,010-12440-10,0,0,0,14.99,,
68885,010-12440-03,0,0,0,18.75,,
68908,010-12671-00,0,0,0,14.99,,
68911,010-12671-01,0,0,0,18.75,,
68912,010-12672-01,0,0,0,18.75,,
68913,010-12673-01,3,1,2,18.75,,
68914,010-12671-02,0,0,0,6.75,,
68915,010-12672-02,0,0,0,7.49,,
68916,010-12673-02,0,0,0,11.24,,
68917,010-12671-03,0,0,0,22.49,,
68918,010-12672-03,0,0,0,52.49,,
68924,PP4500-08,0,0,0,276.35,,
68928,2833,9,5,4,39.70,,
68930,S600EW,4,2,2,547.58,,
68931,S650E,0,0,0,508.99,,
68932,S700E,1,0,1,586.16,,
68933,S750E,0,0,0,602.34,,
68936,F650,3,2,1,523.56,,
68937,F650W,0,0,0,595.18,,
68939,F750,0,0,0,617.50,,
68940,S300EW,4,4,0,548.91,,
68942,S350EW,0,0,0,565.06,,
68943,S300W,4,1,3,561.51,,
68944,M120ATP,2,1,1,901.68,,
68945,904042ABYC,4,2,2,64.39,,
68946,S650,4,2,2,522.46,,
68947,904043ABYC,0,0,0,67.23,,
68948,S750,0,0,0,614.76,,
68949,904044ABYC,6,4,2,79.77,,
68950,S1200E,7,5,2,668.09,,
68951,904045ABYC,7,6,1,96.87,,
68952,904046ABYC,2,1,1,102.57,,
68953,904048ABYC,6,2,4,141.91,,
68954,F1150,6,3,3,586.74,,
68955,F1150W,0,0,0,696.83,,
68956,F1250,0,0,0,714.64,,
68962,S1150,0,0,0,578.31,,
68964,S1250,2,2,0,686.54,,
68979,74556,35,19,16,23.92,,
68999,ST16ATP,4,1,3,1261.36,,
69049,S1150EW-4500,0,0,0,744.48,,
69050,S650EW-3000,0,0,0,571.66,,
69051,WX1599B,6,2,4,169.60,,
69067,YBP-3153,33,16,17,7.65,,12.98
69087,1216DP0CHR,4,0,4,14.37,,
69096,90133,4,1,3,209.37,334.99,
69097,C30503BM30NT,6,3,3,355.17,592.20,
69103,PP5200-14,0,0,0,392.72,,
69110,PT110,0,0,0,5.81,,
69115,33-969-01,0,0,0,358.81,465.00,
69131,385320006,6,3,3,21.25,,
69133,010-12670-00,0,0,0,11.24,,
69155,A80043,2,1,1,1149.17,,1379.00
69160,GS-400,4,2,2,1549.99,,
69162,0155-0661,4,0,4,2.99,,
69197,CA-0026-MO,0,0,0,216.67,,
69223,3106100,2,2,0,347.97,,
69228,140402,0,0,0,19.27,,
69229,2365002,15,15,0,5.14,,
69282,010-11052-65,1,0,1,2249.99,,
69284,010-11052-67,4,2,2,899.99,,
69286,010-11053-02,3,0,3,599.99,,
69288,010-00705-64,1,0,1,869.99,,
69293,E70499,6,3,3,403.22,,
69294,E70476,14,7,7,967.99,,
69298,A80532,0,0,0,815.21,,
69303,MT-03-10-5,20,20,0,37.18,,
69308,M1-64-8,0,0,0,59.37,,
69311,E70492,7,2,5,790.75,,
69312,M1-63-1,23,20,3,16.38,,
69314,E70493,1,1,0,986.40,,
69315,M1-63,31,15,16,16.38,,
69319,M1-62-8,0,0,0,57.32,,
69325,M1-61-8,0,0,0,55.13,,
69326,M1-61-1,0,0,0,14.94,,
69327,M1-61,19,19,0,14.94,,
69328,FASP3112A1ACA00,0,0,0,148.55,,
69329,FASP453201ACA00,0,0,0,244.52,,
69331,FASP3562X12CA00,0,0,0,620.73,,
69332,FASP1572X12CD00,0,0,0,751.08,,
69336,UM385,49,8,41,130.28,,
69337,UM385BK,52,16,36,130.28,,
69338,UM435,9,5,4,142.99,,
69339,UM435BK,9,4,5,142.99,,
69340,2401,7,5,2,8.41,,12.98
69344,JP-21405,10,0,10,23.17,,
69346,GP0819,0,0,0,329.25,,
69357,289,8,6,2,3.98,,5.98
69406,JP-64535,0,0,0,180.89,,
69407,JP-61121,0,0,0,96.46,,
69408,54304PK,2,0,2,11.45,,
69411,90281PK,1,1,0,34.81,,
69491,SP5104,3,2,1,202.42,,
69493,SP5105,1,0,1,190.75,,
69495,SP5102,4,1,3,193.00,,
69521,LLB-53BK-01-00,10,5,5,218.35,,
69525,910R2PB-7,3,3,0,12.55,,
69526,910R2PSB-7,7,5,2,17.58,,
69528,910R3PSB-7,4,3,1,17.83,,
69529,910T2PB-7,8,6,2,14.42,,
69533,910V2PB-7,3,3,0,15.89,,
69544,1212ATP,6,3,3,934.32,,
69545,S2-0820,1,0,1,154.99,,
69546,129ATP,2,1,1,884.49,,
69552,GP1200-13,0,0,0,363.62,,
69555,817-3000,11,7,4,949.46,,
69564,92861,4,4,0,82.33,109.95,
69565,92828,8,5,3,101.11,124.95,
69566,92814,1,1,0,109.32,143.58,
69567,92820,18,12,6,127.74,168.13,
69568,GP1040-05,0,0,0,334.53,,
69573,7463,0,0,0,58.80,,
69576,SK11,0,0,0,145.44,,
69578,M1-519-4,38,26,12,1.72,,
69579,M1-62-1,0,0,0,22.54,,
69580,M1-63-8,0,0,0,58.27,,
69586,M5-10-271-8,15,15,0,24.04,,
69588,37-20-101-20,21,4,17,19.74,,
69589,F7-730,0,0,0,10.63,,
69605,90845,2,2,0,17.41,,
69606,7461,0,0,0,58.80,,
69607,7464,0,0,0,58.80,,
69608,7466,0,0,0,66.24,,
69609,7467,0,0,0,66.24,,
69611,9380,0,0,0,49.09,,
69630,A80492,0,0,0,110.78,,
69655,010-11156-01,0,0,0,34.99,,
69657,010-11351-30,0,0,0,37.49,,
69658,010-11053-01,0,0,0,599.99,,
69662,PP5200-02,0,0,0,392.72,,
69664,PP5200-13,0,0,0,392.72,,
69666,PP4500-09,0,0,0,276.35,,
69667,PP4600-06,0,0,0,305.44,,
69668,PP4400-09,0,0,0,269.08,,
69694,C7-10-17,0,0,0,6.07,,
69698,910213,0,0,0,228.74,365.99,
69699,FLB31503S120A00,0,0,0,1222.60,,
69700,FLB32003S120A00,0,0,0,1239.43,,
69702,HE-TL1,0,0,0,38.41,68.99,
69703,A80496,5,3,2,63.91,,
69709,010-12165-00,0,0,0,7.49,,
69710,BOLT612ED,3,3,0,416.69,,
69714,HE-DR14,0,0,0,186.54,307.99,
69721,HE-DR22,0,0,0,237.74,391.99,
69732,HE-BDR22,0,0,0,270.68,475.99,
69741,HE-SL550,1,0,1,93.09,152.99,
69742,HE-SL914,0,0,0,116.13,190.99,
69743,HE-SL2014,4,2,2,168.71,277.99,
69744,HE-SL32,0,0,0,299.18,474.99,
69745,HE-SL3912,0,0,0,345.80,550.99,
69746,PH1800-GFP,3,3,0,875.62,,
69747,HE-SL5034,0,0,0,421.71,674.99,
69750,20036,4,1,3,16.26,,
69762,2373101,1,0,1,9.64,,
69765,HE-DL1,1,0,1,69.50,121.99,
69766,HE-FMDL1,0,0,0,63.11,111.99,
69767,HE-DL2,0,0,0,75.45,132.99,
69768,HE-WL1,0,0,0,56.71,98.99,
69770,HE-MDR8,0,0,0,108.82,191.99,
69771,HE-MDR14,4,2,2,188.28,308.99,
69772,HE-MDRC30,5,3,2,387.44,617.99,
69773,HE-MDRC42,3,0,3,485.73,778.99,
69783,HE-MFMCL2,1,1,0,25.00,118.00,
69784,HE-MFMCL3,0,0,0,94.77,166.99,
69785,HE-4MLRGBK,0,0,0,192.94,338.99,
69786,HE-8MLRGBK,1,1,0,346.59,609.99,
69787,HE-ML1,0,0,0,39.32,68.99,
69788,HE-ML1RGB,4,2,2,34.74,61.99,
69789,HE-ML1DIV,4,2,2,4.84,8.99,
69790,HE-ML1B,0,0,0,51.21,90.99,
69793,HE-TL1B,0,0,0,51.21,89.99,
69794,HE-TL1G,0,0,0,45.73,80.99,
69795,HE-TL1R,0,0,0,51.21,89.99,
69796,HE-TL1DIV,0,0,0,5.22,9.99,
69797,HE-4TLRGBK,0,0,0,192.94,338.99,
69798,HE-8TLRGBK,2,1,1,346.59,609.99,
69799,HE-PTRGB,2,2,0,4.84,8.99,
69807,010-12677-00,0,0,0,224.99,,
69808,010-12676-00,0,0,0,337.49,,
69809,010-12676-10,0,0,0,89.99,,
69810,A2K-SBN-1,21,15,6,106.85,,
69823,DE96255F,8,8,0,23.75,,
69826,NV2002PB-7,0,0,0,33.33,,
69827,NV2002SS-7,8,8,0,40.51,,
69828,NV2012PBR-7,7,5,2,26.85,,
69829,NV2012PBG-7,8,3,5,26.85,,
69830,NV2012SSR-7,14,12,2,36.13,,
69831,NV2012SSG-7,11,10,1,36.13,,
69832,NV3012SSR-7,19,3,16,35.08,,
69833,NV3012SSG-7,25,7,18,35.08,,
69834,NV4012SSR-7,11,1,10,35.77,,
69835,NV4012SSG-7,16,6,10,35.77,,
69838,NV6LC1-14A7,5,4,1,35.79,,
69839,NV6LC2-10-7,8,2,6,43.79,,
69847,010-12100-00,0,0,0,23.99,,
69850,010-10646-02,0,0,0,6.40,,
69852,2445-7,0,0,0,6.53,,
69853,2449-7,5,0,5,6.53,,
69859,6244-6,7,7,0,12.30,,
69869,7571L7,26,11,15,5.54,,
69871,HE-9006LED,4,2,2,85.62,156.99,
69872,HE-BFMCL2,2,0,2,92.38,158.99,
69873,11478-7,18,10,8,29.42,,
69876,2027-7,49,49,0,3.89,,
69878,1364A3,13,0,13,21.04,,
69879,14348-6,17,12,5,7.23,,
69880,6522SS7,8,4,4,124.85,,
69882,HX40,31,9,22,96.99,,149.99
69908,EXPLORERNAVPROWIFI,2,2,0,692.30,,
69909,EXPLORERNAVPROWIFIW,0,0,0,888.30,,
69915,ACC-FF-1543,0,0,0,10.34,,
69920,101413,0,0,0,898.83,,1364.29
69921,101414,0,0,0,928.64,,1363.29
69924,101515,98,45,53,434.85,,706.59
69925,101511,31,12,19,208.88,,347.59
69926,101510,48,22,26,256.42,,432.59
69929,165T-TM54,1,1,0,1707.87,,
69940,122400,8,8,0,7.42,,
69941,122850,0,0,0,6.36,,
69943,460000,0,0,0,9.64,,
69945,C12,6,3,3,89.83,,
69946,C35,8,5,3,95.53,,
69947,C40,5,3,2,135.47,,
69948,C60,11,5,6,155.42,,
69949,CM/R-50,5,3,2,78.42,,
69952,AIR-331-029-02,0,0,0,72.73,,
69954,F11-0177S-1,0,0,0,25.69,,
69955,F11-0180S-1,0,0,0,26.92,,
69956,33749,2,0,2,140.75,,
69957,33839,11,7,4,139.01,,
69961,F12-0181S-1,2,0,2,16.99,,
69963,F13-0241/244BN-1,9,5,4,32.55,,
69964,F13-0242/244BN-1,4,2,2,33.55,,
69965,F13-0301/244BN-1,3,2,1,35.87,,
69966,F13-0244BN-1,16,6,10,13.42,,
69967,PP4102,0,0,0,239.99,,
69968,0795DP0BLK,4,2,2,27.77,,
69969,0795DP0WHT,5,5,0,27.77,,
69970,8521DPC,2,2,0,63.51,,
69971,8521DP0KEY,4,0,4,4.78,,
69972,8521DP,0,0,0,34.99,,
69974,9621DPC,0,0,0,45.71,,
69975,9621DP,0,0,0,45.85,,
69976,0541DPGCHR,9,4,5,45.75,,
69977,0542DPGBLK,13,8,5,33.53,,
69978,0543DPGBLK,12,8,4,33.53,,
69979,0590DPGCHR,11,5,6,80.00,,
69980,0591DPGCHR,10,6,4,80.00,,
69982,SD0047,1,1,0,120.00,,
69994,81300100,0,0,0,400.72,,
69995,45513000,11,7,4,313.65,,
69996,131906000,7,3,4,623.29,,
69998,LLB-51M1-81-00,0,0,0,111.38,,
69999,LLB-61WO-81-00,0,0,0,103.30,,
70001,F7-51,0,0,0,12.06,,
70003,M1-2A-13-1,20,16,4,18.62,,
70004,M1-63-7,0,0,0,28.50,,
70005,M1-64,0,0,0,24.52,,
70013,20080011,2,0,2,630.00,,
70023,119902,0,0,0,218.56,,
70024,119502,3,2,1,218.56,,
70049,SF200G,1,1,0,269.41,399.00,
70052,BFGWOM1512V/12V,0,0,0,98.29,,
70053,BFGWOM1524V/12V,1,0,1,98.29,,
70054,BFGWOM1536V/12V,0,0,0,98.29,,
70055,2000030727,10,6,4,87.16,,
70095,101516,84,29,55,290.15,,477.09
70096,33801,10,6,4,208.04,,
70097,33851,3,3,0,117.30,,
70098,101459,5,2,3,219.36,,348.89
70099,101460,8,4,4,263.38,,416.29
70100,101456,3,0,3,120.74,,187.89
70101,101457,7,4,3,120.35,,187.99
70103,101525,9,2,7,1194.51,,1841.09
70104,101526,8,5,3,329.47,,582.19
70105,101520,8,3,5,109.95,,164.39
70106,101521,0,0,0,152.19,,221.29
70107,101522,0,0,0,150.53,,218.79
70108,101532,3,0,3,131.01,,190.49
70113,SCR-16-BW-BZ-10,3,2,1,318.99,,449.00
70114,SCR-16-UB-BZ-10,0,0,0,318.99,,449.00
70115,SCR-16-GW-BZ-10,1,0,1,318.99,,449.00
70116,SCR-16-BB-BZ-10,1,0,1,298.25,,449.00
70117,SCR-16-AG-BZ-10,0,0,0,318.99,,449.00
70118,SCR-16-CR-BZ-10,0,0,0,318.99,,449.00
70119,SCM-DL-CC,5,2,3,83.26,,116.00
70122,SCM-DL-GW,2,2,0,70.00,,98.00
70123,4160,189,20,169,20.20,,
70124,4161,54,9,45,20.20,,
70125,4162,9,6,3,20.20,,
70126,4163,13,1,12,20.20,,
70131,980960011,4,3,1,75.14,,
70132,010-C1157-00,0,0,0,262.49,,
70133,980960001,8,5,3,75.14,,
70139,010-12110-04,4,4,0,7.99,,
70141,010-11932-01,0,0,0,7.69,,
70146,CA76312,28,16,12,8.99,,
70149,TR7,4,3,1,708.33,,
70150,"TR7 SSP",2,2,0,49.11,,
70151,TR5,6,2,4,491.11,,
70152,"TR5 SSP",5,2,3,42.50,,
70154,1030,5,5,0,11.86,,
70155,1031,11,10,1,11.86,,
70156,1032,8,6,2,11.86,,
70157,1033,17,4,13,22.53,,
70158,1034,12,12,0,22.53,,
70159,1035,15,4,11,22.53,,
70160,1036,21,9,12,22.53,,
70161,1052,20,15,5,9.76,,
70162,1055,10,10,0,9.76,,
70163,1169,40,18,22,19.22,,
70164,1170,8,0,8,19.22,,
70165,1171,0,0,0,19.22,,
70167,1173,3,3,0,19.22,,
70168,1150,22,15,7,15.93,,
70169,2310,0,0,0,22.92,,
70170,2311,1,1,0,10.97,,
70171,1151,13,2,11,15.93,,
70172,3150,0,0,0,25.01,,
70173,3174,0,0,0,9.86,,
70174,1152,17,5,12,15.93,,
70175,3207,0,0,0,31.47,,
70176,3462,0,0,0,9.03,,
70177,1160,32,13,19,10.32,,
70178,3856,0,0,0,35.17,,
70180,4220,0,0,0,7.97,,
70181,4376,0,0,0,146.90,,
70182,1161,24,12,12,10.32,,
70183,4547,0,0,0,5.47,,
70184,1162,26,7,19,10.32,,
70185,1140,50,33,17,8.01,,
70186,4611,0,0,0,28.67,,
70187,1141,2,2,0,8.01,,
70188,1142,29,14,15,8.01,,
70189,2185,4,4,0,5.42,,
70190,1063,20,11,9,18.11,,
70191,1064,12,3,9,41.36,,
70192,1065,19,11,8,69.79,,
70194,5347,0,0,0,32.83,,
70195,5953,0,0,0,57.26,,
70196,6915,3,2,1,40.67,,
70197,6980,0,0,0,58.04,,
70198,7037,2,0,2,21.95,,
70199,7068,0,0,0,26.34,,
70200,7278,0,0,0,29.59,,
70201,BP1020,0,0,0,4.37,,
70202,BP1055,0,0,0,5.52,,
70203,BP1129,0,0,0,47.80,,
70204,BP1130,0,0,0,39.33,,
70205,BP1346,0,0,0,4.94,,
70206,BP170,1,1,0,4.48,,
70208,BP228S,0,0,0,23.34,,
70209,BP255,0,0,0,8.74,,
70210,BP275S,0,0,0,46.31,,
70212,DRAIN,0,0,0,3.89,,
70213,FTR13201,2,1,1,82.33,,
70214,FTR13202,0,0,0,31.63,,
70215,FTR3301,2,0,2,26.70,,
70216,FTR3302,0,0,0,21.65,,
70217,FTR41,2,0,2,11.82,,
70218,SPR-8-AM,0,0,0,390.94,,
70228,P90006,0,0,0,30.99,,
70229,P90007,0,0,0,35.17,,
70230,RC01C,3,0,3,12.43,,
70232,SET0003,0,0,0,31.31,,
70234,SET0187,0,0,0,18.13,,
70235,SP0037,0,0,0,3.08,,
70238,HS37N,0,0,0,23.64,,
70239,SP0262,0,0,0,1.83,,
70242,P100083,0,0,0,34.17,,
70243,P100087,3,3,0,34.51,,
70245,SP0288,0,0,0,2.03,,
70251,SP0428,0,0,0,2.28,,
70254,SP0468,0,0,0,9.46,,
70255,SP0474,0,0,0,1.86,,
70256,RS100,1,1,0,19.99,,
70257,SP0484,0,0,0,6.42,,
70258,SP0622,1,1,0,3.45,,
70259,P100807,0,0,0,106.64,,
70261,SP0708,0,0,0,6.17,,
70262,SP0717,0,0,0,8.82,,
70263,P101526,0,0,0,58.26,,
70264,SP0721,0,0,0,6.17,,
70265,P101543,0,0,0,23.07,,
70266,SP0722,0,0,0,7.95,,
70267,SP0740,0,0,0,6.17,,
70268,SP0846,0,0,0,10.97,,
70269,SP0871,0,0,0,6.31,,
70270,SP0878,0,0,0,10.97,,
70275,SP4155,0,0,0,46.63,,
70276,US001,2,2,0,11.89,,
70277,US002,2,2,0,11.89,,
70279,US003,0,0,0,12.66,,
70280,US004,0,0,0,6.17,,
70282,ZE050,0,0,0,17.54,,
70283,ZE125,0,0,0,17.54,,
70284,ZE160,0,0,0,17.54,,
70285,ZE200,0,0,0,17.54,,
70286,P101550,1,1,0,60.96,,
70287,P102837,0,0,0,27.73,,
70288,ZE300,0,0,0,18.23,,
70289,ZE500,0,0,0,19.77,,
70290,P104704,4,2,2,22.84,,
70291,P104750,0,0,0,58.11,,
70292,P104897,0,0,0,45.61,,
70293,P90003,0,0,0,39.89,,
70294,P90004,0,0,0,39.89,,
70295,P90005,0,0,0,40.69,,
70298,SPR-8-RM,1,1,0,374.06,,
70299,1061,1,0,1,186.07,,
70340,55106100,1,1,0,881.76,,
70363,ZDIGSTN,1,1,0,184.13,,
70373,MVP-J-GN-XL,0,0,0,212.50,,
70376,RC8812VEDC,0,0,0,1867.19,2539.37,
70377,FBNRP0140FR0A00,0,0,0,197.21,,
70378,FBNRP0250FR0A00,0,0,0,247.91,,
70379,FBNRP0300FR0A00,0,0,0,320.57,,
70380,FBNRP0500FR0A00,0,0,0,474.35,,
70381,FBNRP0700FR0A00,0,0,0,1100.76,,
70383,FBNRP1100FR0A00,0,0,0,1454.40,,
70384,FBNRP1200FR0A00,0,0,0,1754.60,,
70417,28522000,0,0,0,712.29,,
70418,70405080,0,0,0,46.24,,
70419,540-0000-7,16,9,7,25.54,,
70420,540-0100-7,10,4,6,25.54,,
70422,540-0101-7,11,6,5,25.54,,
70432,2362001,7,0,7,6.00,,
70435,119510,0,0,0,799.87,,
70436,119910,0,0,0,799.87,,
70439,010-12770-00,9,4,5,22.49,,
70440,SHC-29,14,10,4,10.00,,
70441,165T-50/200-SS260,1,0,1,2666.67,,
70442,165T-50/200-TM260,1,1,0,2044.44,,
70443,165T/265LH-PM488,0,0,0,3111.11,,
70450,322313,2,2,0,412.49,659.99,
70457,LTB1,0,0,0,333.66,,
70463,120313,1,0,1,537.49,859.99,
70468,980503221,4,0,4,31.19,,
70478,OCTOIL1USQ,7,5,2,14.96,,
70495,GK1512,2,1,1,443.88,,
70514,010-12719-00,9,4,5,22.49,,
70522,"GB150 0100",3,3,0,119.99,,
70529,92306,133,68,65,148.36,196.76,
70543,RC8824V,0,0,0,1757.00,2305.18,
70550,010-12381-00,45,22,23,19.49,,
70552,IRID-BM-9575PD,0,0,0,815.22,,
70566,88611-4,0,0,0,111.24,,
70567,88617-5,0,0,0,68.74,,
70573,90122,6,2,4,209.37,334.99,
70574,90144,0,0,0,209.37,334.99,
70582,88619,0,0,0,99.99,,
70591,1196,0,0,0,35.12,,
70592,1137,4,0,4,16.74,,
70593,1190,7,7,0,15.01,,
70594,1102,15,6,9,11.16,,
70600,RF41300,4,2,2,54.02,82.65,
70601,RF41310,0,0,0,59.42,90.92,
70602,RF41171,8,4,4,31.84,48.72,
70603,RF41500,0,0,0,33.95,51.94,
70604,RF41510,0,0,0,36.27,55.49,
70605,RF41520,0,0,0,71.78,109.82,
70606,RF41530,6,3,3,74.09,113.36,
70607,RF41811,7,3,4,57.11,87.38,
70608,RF41821,0,0,0,54.22,82.96,
70609,RF41831,0,0,0,60.20,92.10,
70611,RF40101,0,0,0,17.36,26.56,
70612,RF40100HL,0,0,0,36.46,55.79,
70613,RF40110,0,0,0,28.16,43.09,
70614,RF40111,0,0,0,24.31,37.19,
70615,RF40171,5,2,3,36.46,55.79,
70616,RF40200,7,4,3,47.84,73.20,
70617,RF40210,0,0,0,51.70,79.11,
70618,RF40300,8,4,4,58.65,89.74,
70619,RF40310,0,0,0,64.83,99.19,
70620,RF40500,0,0,0,38.58,59.04,
70621,RF40510,0,0,0,41.67,63.76,
70622,RF40520,0,0,0,63.28,96.83,
70623,RF40530,7,4,3,65.60,100.37,
70624,RF45130,8,5,3,64.83,99.19,
70625,RF45140,0,0,0,34.98,53.51,
70626,RF45151,1,1,0,21.60,33.05,
70636,245213,0,0,0,374.99,599.99,
70660,R70561,9,3,6,46.86,,
70661,LLB-26KC-21-00,0,0,0,12.94,,
70662,LLB-26KW-21-00,0,0,0,12.94,,
70670,90519,0,0,0,40.45,,
70671,91109,4,3,1,12.24,,
70679,RF51111,0,0,0,32.66,50.57,
70680,RF51140,7,4,3,33.17,50.77,
70681,RF51151,0,0,0,36.02,55.11,
70682,RF51171,0,0,0,34.63,52.98,
70683,RF51200,6,2,4,50.38,77.08,
70684,RF51210,0,0,0,62.49,95.60,
70685,RF51300,8,5,3,71.51,109.39,
70686,RF51500,0,0,0,43.99,67.31,
70687,RF51510,1,0,1,48.62,74.39,
70688,RF51530,3,0,3,87.40,133.70,
70690,209-1268-00,4,2,2,65.41,,
70691,118510,0,0,0,701.10,,
70692,DT820PV-235-N2,1,1,0,303.11,399.00,
70701,RF56110,0,0,0,58.65,89.74,
70702,RF56120,0,0,0,110.25,168.68,
70704,RF56130,0,0,0,113.56,173.74,
70705,RF56151,0,0,0,55.10,84.30,
70706,RF56151A,0,0,0,55.10,84.30,
70708,RF56510,11,6,5,64.01,97.95,
70720,88617,0,0,0,12.21,,
70721,88618,0,0,0,12.21,,
70729,199114,0,0,0,41.15,,
70730,303SSEL-BXPK,0,0,0,62.30,,
70733,000-154-025,0,0,0,181.82,,
70738,S-0601,0,0,0,282.75,,
70739,S-0600,0,0,0,201.66,,
70740,60756,0,0,0,50.86,,
70741,60748,0,0,0,17.53,,
70742,60750,0,0,0,21.01,,
70743,60752,0,0,0,27.54,,
70744,60754,0,0,0,38.23,,
70745,6147,0,0,0,37.24,,
70746,6169,0,0,0,35.98,,
70747,S-5001,0,0,0,10.48,,
70748,S-5001B,9,6,3,12.24,,
70749,S-5002,0,0,0,13.81,,
70750,S-5002B,1,1,0,12.99,,
70751,"CS 02902",25,11,14,3.35,5.95,
70752,S-5003,2,2,0,25.63,,
70754,"CS 02908",18,12,6,12.18,17.95,
70755,6170,0,0,0,33.55,,
70756,S-5010,2,2,0,22.99,,
70757,S-5011,3,1,2,48.71,,
70766,990-35,4,2,2,34.99,,
70769,119010,1,0,1,699.99,,
70770,F16-0039,6,1,5,30.28,,
70777,49012,5,1,4,21.87,33.99,
70778,261113,0,0,0,156.24,249.99,
70781,32834,4,1,3,143.94,,
70783,RF20141,5,4,1,14.65,22.42,
70784,A80309,1,0,1,63.91,,
70785,A80369,3,1,2,87.49,,
70786,RF20281,0,0,0,25.46,38.96,
70787,RF20284,0,0,0,18.52,28.33,
70789,RF20184,0,0,0,13.49,20.65,
70790,RF20174,0,0,0,26.23,40.13,
70791,RF20175,0,0,0,48.80,74.67,
70792,RF613S,8,2,6,5.51,8.42,
70794,010-12776-00,1,0,1,224.99,,
70795,010-12776-10,0,0,0,712.49,,
70796,010-12776-11,1,1,0,1087.49,,
70801,010-02055-00,0,0,0,472.49,,
70803,112000,0,0,0,28.27,,
70804,H2183-10,0,0,0,582.34,800.00,
70806,010-12721-00,0,0,0,22.49,,
70808,115503,0,0,0,31.81,,
70809,WS-C10,0,0,0,102.40,139.16,
70810,WS2-C06,0,0,0,125.87,168.00,
70816,TPA3012,3,0,3,146.03,,
70832,134900,0,0,0,31.81,,
70833,135010,5,5,0,38.89,,
70835,RF572,0,0,0,13.90,21.27,
70837,RF2332,0,0,0,18.28,27.97,
70839,395010,4,4,0,20.62,,
70841,395210,0,0,0,35.34,,
70842,791502,0,0,0,80.43,,
70843,723300,2,2,0,55.68,,
70844,723700,0,0,0,61.86,,
70846,135402,0,0,0,28.27,,
70847,737002,0,0,0,61.86,,
70848,758005,0,0,0,63.63,,
70852,B765C-LH-MM,0,0,0,862.45,1164.00,
70853,147000,0,0,0,49.49,,
70854,144402,0,0,0,42.41,,
70855,613403,4,4,0,38.06,,
70856,759201,0,0,0,80.43,,
70857,797010,0,0,0,93.16,,
70872,106100,8,8,0,11.86,,
70873,107000,0,0,0,11.86,,
70875,171502,1,1,0,9.64,,
70876,321309,12,6,6,8.10,,
70877,321508,0,0,0,16.07,,
70878,321407,6,6,0,7.20,,
70879,341406,5,1,4,7.20,,
70880,350304,9,0,9,9.00,,
70881,350500,0,0,0,9.64,,
70883,344922,0,0,0,6.43,,
70884,345023,0,0,0,10.80,,
70885,350022,13,13,0,9.00,,
70886,351001,0,0,0,6.92,,
70890,358400,3,3,0,27.00,,
70891,2373121,5,5,0,12.86,,
70892,2373130,0,0,0,12.86,,
70897,361610,0,0,0,9.00,,
70898,371610,0,0,0,11.57,,
70899,344840,6,0,6,3.75,,
70900,344860,0,0,0,4.50,,
70901,344985,2,0,2,4.50,,
70902,345046,0,0,0,5.25,,
70904,345028,2,2,0,6.30,,
70912,2371304,0,0,0,9.64,,
70913,2360100,36,24,12,6.43,,
70914,2363001,0,0,0,6.43,,
70916,2370100,0,0,0,8.36,,
70918,2371500,7,1,6,5.14,,
70920,436200,0,0,0,8.36,,
70921,437000,0,0,0,9.64,,
70922,437300,1,1,0,11.57,,
70934,370704,0,0,0,12.86,,
70941,010-12753-00,4,0,4,25.99,,
70962,7012CAWBX,60,0,60,172.58,,
70963,7012CABBX,30,0,30,172.58,,
70967,011204WW,1,1,0,270.00,,
70980,619,9,9,0,36.84,,
70981,916,0,0,0,11.84,,
70983,984,0,0,0,22.70,,
70989,927,0,0,0,19.08,,
70991,963,6,5,1,25.33,,
70992,964,0,0,0,44.08,,
70993,965,0,0,0,59.87,,
70994,844,3,2,1,75.99,,
70995,942,12,12,0,16.12,,
70997,840,1,1,0,29.99,,
70998,841,8,6,2,74.34,,
71010,B285C-HW-MM,0,0,0,1192.28,1564.00,
71019,RF15100,0,0,0,14.83,22.69,
71020,RF15101,4,2,2,8.57,13.11,
71021,RF15111,0,0,0,10.02,15.33,
71022,RF15141,0,0,0,13.11,20.06,
71023,RF15151,0,0,0,10.80,16.52,
71024,RF15171,0,0,0,14.65,22.42,
71025,RF15174,8,5,3,25.85,39.55,
71026,RF15180,0,0,0,17.36,26.56,
71027,RF15202,2,2,0,16.83,25.74,
71028,RF15212,0,0,0,18.63,28.50,
71029,RF15302,0,0,0,23.53,36.00,
71030,RF15312,0,0,0,25.85,39.55,
71031,RF15711,3,1,2,21.99,33.64,
71032,63407,0,0,0,44.36,,
71033,63410,0,0,0,88.54,,
71034,60175,0,0,0,17.51,,
71035,60176,0,0,0,16.51,,
71037,60177,0,0,0,17.56,,
71038,60178,0,0,0,16.51,,
71039,60179,0,0,0,17.54,,
71044,68900,3,2,1,246.66,,
71045,68902,3,2,1,282.63,,
71046,68904,0,0,0,283.79,,
71047,68906,1,0,1,333.95,,
71052,58542-1000,15,9,6,21.85,,
71053,S-1850,0,0,0,109.51,,
71054,S-1852,1,0,1,158.14,,
71055,S-1854,3,2,1,199.11,,
71056,62-541-MARINE-BL,44,30,14,52.44,,
71057,62-541-R-MARINE-BL,9,9,0,52.44,,
71058,62-542-R-MARINE-BL,0,0,0,52.44,,
71060,RF4055,13,6,7,66.64,101.96,
71061,RF4055A,8,4,4,66.64,101.96,
71062,RF4055B,8,2,6,66.64,101.96,
71063,547,11,7,4,106.25,,
71066,SH-0126-200,0,0,0,15.23,,
71069,CA-0147,5,4,1,13.23,,
71071,S-0232C,0,0,0,16.14,,
71072,P-2400,0,0,0,8.77,,
71073,P-2401,0,0,0,7.36,,
71074,P-2402,2,0,2,19.08,,
71075,P-0440B,13,10,3,23.65,,
71076,P-0441B,2,2,0,27.34,,
71077,P-0442B,4,3,1,35.61,,
71078,P-0440,27,21,6,23.65,,
71079,P-0441,17,9,8,27.34,,
71080,P-0442,23,12,11,35.49,,
71082,63448,0,0,0,30.18,,
71083,63449,0,0,0,47.21,,
71084,63450,0,0,0,62.13,,
71085,SH-0126-390,0,0,0,19.04,,
71086,SH-0126-820,0,0,0,15.23,,
71087,000-157-939-10,0,0,0,89.09,,
71091,W700-800-WHITE,0,0,0,345.24,,
71127,W705-WHITE,0,0,0,284.86,,
71145,010-12225-00,0,0,0,44.99,,
71166,W730,1,1,0,17.99,,
71167,W731,0,0,0,7.91,,
71168,W749,0,0,0,9.32,,
71169,W734,0,0,0,13.37,,
71170,W738,0,0,0,13.37,,
71174,CVC627MT,0,0,0,118.75,,
71185,GP1871F,6,6,0,805.95,,
71187,GP1971F,7,7,0,1129.95,,
71189,CM599C-LHW,0,0,0,3743.24,4999.00,
71192,6135C,3,2,1,32.29,,
71193,6136C,0,0,0,37.08,,
71194,6137C,6,3,3,26.20,,
71196,S-0250C,0,0,0,110.10,,
71197,S-0251C,0,0,0,113.69,,
71200,3360BC,5,3,2,4.13,,
71201,3360WC,0,0,0,4.15,,
71202,3364BC,0,0,0,5.63,,
71203,3364WC,0,0,0,5.52,,
71204,010-12718-00,2,2,0,22.49,,
71205,3227BC,0,0,0,17.19,,
71206,3227WC,0,0,0,16.91,,
71207,3228BC,0,0,0,18.20,,
71208,3228WC,0,0,0,18.03,,
71209,S-1415BC,5,2,3,38.50,,
71210,S-1417BC,0,0,0,27.48,,
71211,S-1415WC,0,0,0,33.04,,
71212,S-1417WC,0,0,0,27.50,,
71213,6228KEY,8,4,4,3.68,,
71214,6075C,0,0,0,22.64,,
71225,40020506,15,5,10,1583.42,,
71226,011810,0,0,0,562.50,855.00,
71228,011811,0,0,0,562.50,855.00,
71230,20641,3,0,3,140.62,224.99,
71231,09-1088-23,9,6,3,29.69,,
71235,950520,4,4,0,21.94,,
71236,951520,2,0,2,21.94,,
71237,950622,3,3,0,37.04,,
71238,1005,0,0,0,13.47,,
71239,951622,3,3,0,37.04,,
71240,950824,1,1,0,57.13,,
71241,951824,8,6,2,57.13,,
71242,252000,1,1,0,13.50,,
71243,252004,7,6,1,13.50,,
71244,262300,4,2,2,20.93,,
71246,282600,1,1,0,46.81,,
71247,282604,0,0,0,46.81,,
71248,31010,0,0,0,5.53,,
71253,2412ATP,1,0,1,966.26,,
71254,010-12504-02,2,0,2,14.99,,
71255,010-12545-00,0,0,0,26.24,,
71257,GP1170-17,0,0,0,385.44,,
71269,OC14SUK26,1,1,0,50.25,,
71283,PP5920-01,0,0,0,414.53,,
71284,A2K-GCM-0M25,92,81,11,34.30,,
71286,HE-CBRGB,0,0,0,64.18,112.99,
71291,6031,5,4,1,77.15,,
71292,6034,0,0,0,76.33,,
71293,GP2402,0,0,0,312.72,,
71294,CA200B-8B,0,0,0,403.60,,
71296,GP1040-42,0,0,0,334.53,,
71306,374,3,0,3,15.97,,
71333,230AHF012,0,0,0,1057.17,,
71341,AV-800-BK-S/M,0,0,0,90.63,,
71342,AV-800-BK-L/XL,5,3,2,90.63,,
71343,AV-800-BK-2XL/3XL,4,3,1,90.63,,
71344,AV-800-HV-S/M,4,2,2,90.63,,
71345,AV-800-HV-L/XL,14,14,0,90.63,,
71346,AV-800-HV-2XL/3XL,4,4,0,90.63,,
71347,AV-800-GN-S/M,1,1,0,90.63,,
71348,AV-800-GN-L/XL,10,8,2,90.63,,
71349,AV-800-GN-2XL/3XL,5,5,0,90.63,,
71352,921314,0,0,0,487.49,779.99,
71353,920314,0,0,0,418.74,669.99,
71356,320314,1,1,0,386.25,,
71415,300-037,0,0,0,1596.35,,1795.90
71437,86610,1,0,1,87.49,139.99,
71438,681513,11,2,9,187.49,299.99,
71439,262213,0,0,0,268.74,429.99,
71440,262313,5,4,1,343.74,549.99,
71443,14212,1,1,0,69.79,,
71458,0780,0,0,0,4.11,,
71462,PMC4825,4,0,4,24.10,,
71465,0838,3,3,0,63.83,,
71467,14371,5,1,4,57.10,,
71469,14042,2,2,0,57.10,,
71472,14071,0,0,0,57.10,,
71474,14261,0,0,0,57.10,,
71476,99091,10,10,0,22.21,,
71479,14691,1,1,0,82.49,,
71480,14221,2,2,0,28.55,,
71482,980023,0,0,0,281.24,449.99,
71484,980033,0,0,0,281.24,449.99,
71485,14281,10,0,10,9.07,,
71486,14291,6,0,6,8.47,,
71487,1430,9,4,5,17.67,,
71491,A80489,11,8,3,63.91,,
71492,A80494,0,0,0,110.78,,
71493,A80491,0,0,0,110.78,,
71498,PMC4501,8,8,0,7.60,,
71499,451200,0,0,0,19.78,,
71500,451205,4,1,3,15.22,,
71503,PMC4744,5,5,0,11.30,,
71511,PMC1280,4,3,1,10.79,,
71527,210413,0,0,0,812.49,1299.99,
71528,28-501,3,0,3,11.84,,
71529,27-404,4,0,4,32.42,,
71530,42-110,4,0,4,48.41,,
71534,45-100,8,0,8,161.79,,
71536,04-100,0,0,0,38.20,,
71537,04-110,16,0,16,28.42,,
71538,04-110S,16,0,16,25.46,,
71539,05-110,14,0,14,34.05,,
71540,06-110,3,0,3,60.39,,
71541,QR-3-20,5,0,5,6.96,,
71542,QR-4-32,5,0,5,11.39,,
71544,QR-6-26,2,0,2,14.95,,
71546,50-115,11,0,11,14.96,,
71547,50-115B,2,0,2,14.96,,
71552,PMC2150,0,0,0,10.71,,
71554,2152,1,1,0,16.91,,
71555,PMC2154,3,3,0,19.73,,
71556,90-500,3,0,3,141.96,,
71558,2156,0,0,0,31.01,,
71559,PMC2157,0,0,0,33.83,,
71560,48-580,4,0,4,26.50,,
71561,1264,4,0,4,53.99,,
71563,48-585,10,0,10,49.88,,
71565,48-590,0,0,0,50.92,,
71566,PMC1271,3,3,0,16.60,,
71569,PMC1279,4,0,4,26.98,,
71572,PMC1290,1,1,0,47.59,,
71573,PMC1291,1,1,0,68.52,,
71574,37-510,4,0,4,42.34,,
71575,37-504,3,0,3,53.29,,
71576,37-505,0,0,0,115.46,,
71577,37-503,2,0,2,340.46,,
71578,53-215,4,0,4,269.64,,
71580,53-220,0,0,0,305.11,,
71581,53-222,0,0,0,511.42,,
71582,220413,1,0,1,1374.99,2199.99,
71583,230413,0,0,0,1718.74,2749.99,
71584,240413,0,0,0,1999.99,3199.99,
71585,250413,0,0,0,2437.49,3899.99,
71586,550103,0,0,0,99.99,143.99,
71588,920413,0,0,0,474.99,759.99,
71590,1300,4,4,0,14.09,,
71601,14213,0,0,0,60.28,,
71609,PMC4820,11,11,0,10.78,,
71614,TM185C-HW-14HB,0,0,0,1120.45,1499.00,
71661,142625,2,0,2,103.01,,
71696,PP4500-08-C,0,0,0,276.35,,
71697,B4-209SS,1,0,1,1849.99,,
71698,B4-309SS,0,0,0,2544.73,,
71700,50900-1100,5,0,5,438.52,,
71701,2106B,0,0,0,766.69,,
71704,464,19,19,0,3.13,,
71707,744,0,0,0,7.24,,
71716,6032,0,0,0,76.80,,
71718,340314,4,0,4,733.80,1229.99,
71722,27640,14,6,8,115.01,174.99,
71724,29320,8,3,5,49.51,,
71729,MM3-VNA-021,0,0,0,227.27,,
71731,16867A,5,5,0,4.09,,
71733,29540,9,0,9,6.04,,
71734,29541,9,9,0,8.95,,
71742,18A,6,5,1,244.98,,
71779,41611,1,1,0,105.00,199.99,
71806,TPA309,0,0,0,134.08,,
71807,88157-2,0,0,0,324.99,,
71808,88148,0,0,0,287.49,,
71809,88148-1,0,0,0,287.49,,
71810,88160,1,0,1,199.99,,
71811,88160-1,0,0,0,199.99,,
71813,ZDIG4GCPRO-US,1,1,0,299.00,,
71825,B785C-M-MM,0,0,0,717.20,964.00,
71828,S72-0631-05,0,0,0,1137.60,,
71838,D10101,3,3,0,16.60,,
71839,A1624,0,0,0,6.97,,
71840,A2216,12,3,9,8.11,,
71841,A1214,22,8,14,11.96,,
71844,G17748,10,5,5,11.50,,
71849,G10900,10,2,8,6.60,,
71852,PP4800-07,0,0,0,356.35,,
71853,D15501,11,7,4,22.65,,
71854,D18001,9,6,3,30.53,,
71856,D30116,0,0,0,9.65,,
71857,12845,8,6,2,26.31,,
71867,010-12525-00,0,0,0,29.99,,
71874,F38-6602-1,13,3,10,175.97,,
71875,PP5920-05,0,0,0,414.53,,
71877,77270,0,0,0,37.50,,
71878,77271,15,15,0,37.50,,
71879,77273,0,0,0,37.50,,
71883,TM150M,2,1,1,311.11,396.00,
71904,90406,4,4,0,14.49,,
71918,A102148,0,0,0,59.65,,
71927,HEL-KIT,6,2,4,11.99,,
71928,HL-103,2,1,1,2.49,,
71933,EVO-1212F,0,0,0,762.27,1051.40,
71938,0253W00DP1,9,6,3,62.03,,
71946,199232,50,11,39,9.51,,
71947,B765C-LM-MM,0,0,0,1007.69,1364.00,
71948,010-12527-00,0,0,0,89.99,,
71949,E70511,0,0,0,959.99,,
71964,GP1800-08,0,0,0,312.72,,
71966,A80515,0,0,0,89.48,,
71973,32851,4,0,4,106.39,,
71974,RMX4800-07,0,0,0,436.35,,
72002,350314,4,1,3,876.98,1469.99,
72007,010-02087-00,14,5,9,849.99,,
72008,010-12824-01,5,4,1,26.24,,
72009,010-02047-00,2,1,1,637.49,,
72010,010-12769-00,1,0,1,112.49,,
72045,D30116CASE,0,0,0,56.35,,
72048,D10101CASE,0,0,0,43.78,,
72049,A1624CASE,0,0,0,39.57,,
72050,A2216CASE,1,0,1,46.05,,
72051,A1214CASE,3,1,2,67.86,,
72054,G17748CASE,0,0,0,61.54,,
72059,D18001CASE,1,1,0,133.08,,
72060,D15501CASE,2,1,1,80.81,,
72061,G10900CASE,1,0,1,34.78,,
72062,"CS 02908CASE",3,2,1,73.06,107.99,
72076,09-60616,1,1,0,27.84,,
72077,10615-00,4,1,3,36.30,,
72078,61155,11,3,8,16.54,,
72085,110-15800,3,2,1,65.95,,
72087,20104,12,5,7,78.73,,139.95
72088,20105,15,7,8,90.54,,160.95
72089,20106,18,12,6,101.79,,180.95
72090,20107,13,5,8,115.29,,204.95
72091,20108,12,3,9,127.10,,225.95
72092,20109,7,6,1,138.35,,245.95
72093,20110,10,7,3,151.85,,269.95
72094,20111,0,0,0,163.10,,289.95
72095,20112,6,6,0,174.35,,309.95
72096,20204,12,10,2,78.73,,139.95
72097,20205,7,4,3,90.54,,160.95
72098,20206,18,8,10,101.79,,180.95
72099,20207,4,3,1,102.79,,204.95
72100,20208,8,2,6,127.10,,225.95
72101,20209,11,7,4,138.35,,245.95
72102,20210,7,4,3,151.85,,269.95
72103,20211,0,0,0,163.10,,289.95
72104,20212,6,3,3,174.35,,309.95
72108,20304,12,6,6,78.73,,139.95
72109,20305,0,0,0,90.54,,160.95
72110,20306,0,0,0,101.79,,180.95
72111,20307,0,0,0,115.29,,204.95
72112,20308,0,0,0,127.10,,225.95
72113,20309,13,9,4,138.35,,245.95
72114,20310,0,0,0,151.85,,269.95
72115,20311,0,0,0,163.10,,289.95
72116,20312,0,0,0,174.35,,309.95
72118,20404,0,0,0,78.73,,139.95
72119,20405,0,0,0,90.54,,160.95
72120,20406,11,5,6,101.79,,180.95
72121,20407,0,0,0,115.29,,204.95
72122,20408,2,0,2,127.10,,225.95
72123,20409,0,0,0,138.35,,245.95
72124,20410,0,0,0,151.85,,269.95
72125,20411,0,0,0,163.10,,289.95
72126,20412,0,0,0,174.35,,309.95
72128,20504,1,0,1,78.73,,139.95
72129,20505,12,7,5,90.54,,160.95
72130,20506,8,3,5,101.79,,180.95
72131,20507,6,2,4,115.29,,204.95
72132,20508,8,6,2,127.10,,225.95
72133,20509,0,0,0,138.35,,245.95
72134,20510,0,0,0,151.85,,269.95
72135,20511,1,1,0,163.10,,289.95
72136,20512,0,0,0,174.35,,309.95
72137,20604,0,0,0,78.73,,139.95
72138,20605,0,0,0,90.54,,160.95
72139,20606,9,2,7,101.79,,180.95
72140,20607,11,6,5,115.29,,204.95
72141,20608,6,2,4,127.10,,225.95
72142,20609,0,0,0,138.35,,245.95
72143,20610,0,0,0,151.85,,269.95
72144,20611,0,0,0,163.10,,289.95
72145,20612,0,0,0,174.35,,309.95
72146,20704,5,3,2,78.73,,139.95
72147,20705,5,3,2,90.54,,160.95
72148,20706,0,0,0,101.79,,180.95
72149,20707,12,7,5,115.29,,204.95
72150,20708,0,0,0,127.10,,225.95
72151,20709,0,0,0,138.35,,245.95
72152,20710,0,0,0,151.85,,269.95
72153,20711,5,2,3,163.10,,289.95
72154,20712,0,0,0,174.35,,309.95
72155,20804,8,6,2,78.73,,139.95
72156,20805,0,0,0,90.54,,160.95
72157,20806,11,5,6,101.79,,180.95
72158,20807,7,5,2,115.29,,204.95
72159,20808,9,2,7,127.10,,225.95
72160,20809,0,0,0,138.35,,245.95
72161,20810,0,0,0,151.85,,269.95
72162,20811,0,0,0,163.10,,289.95
72163,20812,0,0,0,174.35,,309.95
72164,20904,11,5,6,78.73,,139.95
72165,20905,0,0,0,90.54,,160.95
72166,20906,0,0,0,101.79,,180.95
72167,20907,5,5,0,115.29,,204.95
72168,20908,0,0,0,127.10,,225.95
72169,20909,0,0,0,138.35,,245.95
72170,20910,0,0,0,151.85,,269.95
72171,20911,0,0,0,163.10,,289.95
72172,20912,0,0,0,174.35,,309.95
72173,21104,0,0,0,78.73,,139.95
72174,21105,0,0,0,90.54,,160.95
72175,21106,0,0,0,101.79,,180.95
72176,21107,0,0,0,115.29,,204.95
72177,21108,9,0,9,127.10,,225.95
72178,21109,2,1,1,138.35,,245.95
72179,21110,4,4,0,151.85,,269.95
72180,21111,1,1,0,130.48,,289.95
72181,21112,0,0,0,174.35,,309.95
72182,21404,0,0,0,78.73,,139.95
72183,21405,0,0,0,90.54,,160.95
72184,21406,0,0,0,101.79,,180.95
72185,21407,11,5,6,115.29,,204.95
72186,21408,0,0,0,127.10,,225.95
72187,21409,0,0,0,138.35,,245.95
72188,21410,0,0,0,151.85,,269.95
72189,21411,0,0,0,163.10,,289.95
72190,21412,0,0,0,174.35,,309.95
72191,30232,0,0,0,249.98,,399.95
72192,30240,0,0,0,300.60,,480.95
72193,30532,0,0,0,249.98,,399.95
72194,30540,0,0,0,300.60,,480.95
72195,31532,0,0,0,249.98,,399.95
72197,31632,0,0,0,249.98,,399.95
72198,31640,0,0,0,300.60,,480.95
72201,27011,0,0,0,64.66,,114.95
72202,02637,26,2,24,12.35,,21.95
72203,02638,7,1,6,12.35,,21.95
72204,80637,6,0,6,23.60,,41.95
72205,80638,12,6,6,23.60,,41.95
72206,80011,7,4,3,109.98,,175.95
72210,LLB-45AR-08-02,0,0,0,17.01,,
72237,27021,2,1,1,64.66,,114.95
72238,27031,13,10,3,70.85,,125.95
72239,27041,5,2,3,70.85,,125.95
72240,27051,6,2,4,70.85,,125.95
72241,27061,15,6,9,70.85,,125.95
72242,27071,5,2,3,70.85,,125.95
72243,27081,6,3,3,70.85,,125.95
72244,27091,10,7,3,70.85,,125.95
72245,27101,0,0,0,70.85,,125.95
72246,27121,0,0,0,70.85,,125.95
72247,27131,0,0,0,70.85,,125.95
72248,27141,10,6,4,70.85,,125.95
72249,27151,5,2,3,70.85,,125.95
72250,27171,15,8,7,70.85,,125.95
72251,27181,6,4,2,70.85,,125.95
72252,27191,0,0,0,70.85,,125.95
72253,27211,0,0,0,70.85,,125.95
72254,27221,0,0,0,70.85,,125.95
72255,27261,0,0,0,70.85,,95.41
72256,27271,0,0,0,70.85,,125.95
72257,27291,0,0,0,70.85,,125.95
72258,27301,7,2,5,70.85,,125.95
72259,27311,16,6,10,70.85,,125.95
72260,27321,2,2,0,70.85,,125.95
72261,27331,5,4,1,70.85,,125.95
72262,27341,0,0,0,70.85,,125.95
72267,02655,8,3,5,42.73,,75.95
72268,02656,12,5,7,42.73,,75.95
72269,02657,0,0,0,42.73,,75.95
72270,02658,0,0,0,42.73,,75.95
72273,02662,0,0,0,42.73,,75.95
72274,02663,0,0,0,42.73,,75.95
72275,02664,0,0,0,42.73,,75.95
72276,02665,8,6,2,42.73,,75.95
72277,02667,11,8,3,42.73,,75.95
72278,02668,0,0,0,42.73,,75.95
72280,02673,0,0,0,42.73,,75.95
72281,02674,0,0,0,42.73,,75.95
72293,RF681,6,2,4,12.48,19.09,
72294,RF470,0,0,0,19.11,28.53,
72297,RF467,0,0,0,19.54,29.91,
72298,RF567,0,0,0,23.84,36.47,
72299,RF417,6,3,3,15.33,23.46,
72300,RF285,4,1,3,17.72,27.11,
72301,RF188,1,0,1,14.74,21.45,
72302,RF81,0,0,0,20.86,31.92,
72303,RF82,0,0,0,27.64,42.29,
72304,RF83,0,0,0,23.84,36.47,
72305,64011,0,0,0,486.24,777.99,
72311,165T-SS54,0,0,0,1688.89,,
72321,31-6262-00,7,4,3,19.35,,
72333,529-VW-S,95,38,57,322.63,,
72334,897-CW-S,0,0,0,345.16,,
72335,1197-CW-S,0,0,0,396.93,,
72337,529-VB-S,11,7,4,348.90,,
72339,829-VW-S,4,4,0,346.65,,
72340,1129-VW-S,0,0,0,367.66,,
72341,532-VW-S,16,7,9,992.19,,
72342,532-VW-RS,10,10,0,1045.25,,
72343,549-EW-S,0,0,0,407.43,,
72344,598-SW-S,5,1,4,336.15,,
72345,538-AW-S,3,1,2,295.62,,
72346,538-AB-S,2,1,1,319.63,,
72348,249ATP,0,0,0,946.17,,
72352,11001,7,3,4,14.37,24.99,
72354,11003,0,0,0,16.09,24.99,
72357,1140,12,6,6,29.23,,
72358,1143,4,1,3,35.09,,
72359,385310681,0,0,0,63.27,,
72360,1146,0,0,0,51.11,,
72361,1149,0,0,0,67.83,,
72362,1152,3,1,2,104.30,,
72363,61140,6,6,0,29.23,,
72364,61143,3,0,3,35.09,,
72366,61146,3,3,0,51.11,,
72367,61149,1,1,0,67.83,,
72368,61152,7,2,5,104.30,,
72370,1515-FT,45,45,0,1.40,,
72375,201913,35,8,27,7.49,13.99,
72376,201923,0,0,0,10.62,13.99,
72377,201933,45,24,21,7.49,13.99,
72386,104933,0,0,0,8.74,16.99,
72392,106913,3,2,1,8.74,18.99,
72394,106933,5,2,3,8.74,18.99,
72397,RF30100,4,2,2,20.83,31.87,
72402,RF30110,0,0,0,33.17,50.77,
72403,RF30141,0,0,0,18.52,28.33,
72404,110913,9,4,5,9.99,20.99,
72406,110933,19,0,19,9.99,20.99,
72414,301913,0,0,0,6.99,15.99,
72425,311933,1,1,0,7.49,15.99,
72426,R50304,7,4,3,386.71,571.50,
72435,103933,5,3,2,11.87,24.99,
72443,R69015,15,7,8,26.46,,
72449,88679,2,1,1,1499.99,,
72450,88679-1,0,0,0,1499.99,,
72451,105843,0,0,0,9.37,18.99,
72453,105863,0,0,0,9.37,18.99,
72464,163032P,1,0,1,26.33,,
72467,163501P,6,6,0,79.99,,
72472,131932,19,12,7,25.63,46.97,
72473,131901,8,8,0,64.28,114.97,
72474,133532,13,12,1,31.73,57.97,
72475,133501,2,1,1,79.27,149.97,
72476,133132,0,0,0,34.69,59.97,
72477,133332,10,5,5,25.73,50.97,
72479,890146,16,14,2,15.72,29.97,
72480,810176,27,3,24,13.92,25.97,
72481,890171,16,0,16,16.79,31.97,
72482,890142,49,37,12,16.16,29.97,
72483,890143,26,17,9,16.03,29.97,
72485,890172,17,10,7,16.43,29.97,
72486,890144,59,35,24,17.85,33.97,
72487,166232,9,6,3,7.99,,
72488,166022,35,35,0,4.50,,
72489,166622,13,13,0,4.93,,
72496,166322,16,16,0,4.99,,
72501,C1030D,0,0,0,112.33,,
72502,C1015D,12,6,6,112.33,,
72503,C1000D,11,8,3,112.33,,
72504,C1030ND,4,1,3,109.59,,
72505,C1015ND,15,7,8,109.59,,
72506,C1000ND,10,10,0,109.59,,
72507,C1030DS,9,4,5,123.29,,
72508,C1015DS,8,8,0,123.29,,
72509,C1000DS,5,0,5,123.29,,
72510,C2030D,7,7,0,112.33,,
72511,C2015D,11,10,1,112.33,,
72512,C2000D,1,0,1,112.33,,
72513,C2030ND,5,4,1,109.59,,
72514,C2015ND,12,0,12,109.59,,
72515,C2000ND,9,9,0,109.59,,
72516,C2030DS,6,6,0,123.29,,
72518,C2015DS,7,7,0,123.29,,
72519,C2000DS,4,4,0,123.29,,
72520,P1000DB,21,21,0,13.70,,
72521,P1000DW,21,21,0,13.70,,
72522,20621,0,0,0,81.24,129.99,
72523,P1015DB,20,18,2,13.70,,
72524,P1015DW,49,27,22,13.70,,
72525,20631,0,0,0,81.24,129.99,
72527,P2030W,13,12,1,13.70,,
72528,2000CS,4,2,2,9.59,,
72530,1000CS,9,3,6,9.59,,
72533,CBP,2,2,0,16.44,,
72534,RHS,0,0,0,41.10,,
72535,A3812,0,0,0,2.86,,
72536,EL3812,2,2,0,2.86,,
72537,T12,0,0,0,2.86,,
72538,20511,0,0,0,81.24,129.99,
72539,20521,0,0,0,81.24,129.99,
72542,40282,0,0,0,34.99,50.99,
72555,40289,2,2,0,9.70,,
72557,20541,3,0,3,140.62,224.99,
72572,010-12809-20,0,0,0,3431.24,4574.99,
72578,010-12765-00,0,0,0,41.24,,
72580,010-12784-01,1,0,1,26.24,,
72581,010-12784-00,1,1,0,26.24,,
72582,010-12784-02,0,0,0,29.99,,
72583,SET0225,0,0,0,100.91,,
72585,010-12531-01,12,1,11,18.75,,
72591,001-341-680-00,0,0,0,350.00,,
72600,A80511,2,0,2,77.89,,
72602,20002,0,0,0,5.37,,
72603,20004,5,0,5,71.36,,
72605,20032,21,0,21,26.23,,
72607,20012,42,0,42,12.67,,
72610,25002,7,0,7,4.43,,
72612,25003,3,0,3,11.80,,
72613,25014,0,0,0,12.85,,
72614,25016,0,0,0,15.40,,
72616,MI-0012-STD,2,0,2,84.26,,
72618,RA0978600,7,6,1,0.48,,
72627,R70389,0,0,0,153.40,,
72633,T70216,4,3,1,1434.77,,
72636,QUAD-TAC-OD,1,1,0,28.45,,
72662,480153,0,0,0,62.49,99.99,
72664,RA5205BK,0,0,0,102.56,,
72666,RH5329H,9,4,5,87.19,,
72685,40-518,3,0,3,18.50,,
72718,010-11967-00,1,0,1,26.24,,
72721,FX-4,11,5,6,53.44,,
72723,A80311,0,0,0,291.66,,
72767,ARG-500-P,2,2,0,179.44,,
72768,ARG-500-S,4,1,3,181.11,,
72769,ARG-500,0,0,0,214.44,,
72770,ARG-755-P,5,2,3,179.44,,
72771,ARG-755,2,2,0,214.44,,
72772,T70432,3,2,1,485.04,,
72773,T70433,3,2,1,591.02,,
72774,T70434,0,0,0,305.70,,
72782,ARG-750-P,8,3,5,183.89,,
72783,ARG-750-S,7,2,5,185.56,,
72784,ARG-750,3,2,1,229.44,,
72786,ARG-1000-P,3,2,1,259.44,,
72787,ARG-1000-S,1,1,0,270.00,,
72789,ARG-1000,3,2,1,318.89,,
72791,ARG-1250-P,4,2,2,282.22,,
72793,ARG-1250-S,8,6,2,280.00,,
72794,ARG-1250,4,2,2,355.00,,
72795,ARG-1500-P,4,2,2,422.22,,
72796,ARG-1500-S,1,1,0,422.78,,
72797,ARG-1500,0,0,0,515.56,,
72798,ARG-2000-P,7,2,5,451.67,,
72799,ARG-2000-S,7,2,5,450.00,,
72800,ARG-2000,0,0,0,561.11,,
72819,RK2201BK,0,0,0,10.96,,
72820,RK2202BK,0,0,0,21.50,,
72821,TM-10-101-24,12,4,8,210.84,,
72823,46-250-1,3,0,3,97.84,,
72824,46-250-2,7,0,7,90.14,,
72825,ASC-1250,8,5,3,112.22,,
72827,ASC-2000,0,0,0,153.89,,
72829,ASC-3000,0,0,0,280.00,,
72839,544-SSW-RS,0,0,0,1045.25,,
72841,BV-750,4,2,2,199.44,,
72842,BV-1000,1,0,1,242.22,,
72843,BV-1250,3,3,0,315.00,,
72844,BV-1500,0,0,0,291.82,,
72845,BV-2000,0,0,0,497.22,,
72846,199325,68,28,40,3.77,,
72847,BB-1,0,0,0,39.44,,
72848,BB-2,0,0,0,50.00,,
72853,FF-500,11,8,3,6.67,,
72855,FF-750,13,11,2,8.33,,
72857,FF-1000,21,10,11,10.00,,
72859,FF-1125,33,14,19,10.56,,
72861,FF-1250,4,4,0,16.67,,
72863,FF-1500,7,3,4,21.11,,
72865,FF-2000,17,12,5,50.56,,
72869,MM3-VNA-023,0,0,0,227.27,,
72883,PP4503,0,0,0,276.35,,
72887,700103,0,0,0,5.08,,
72891,FM4800,0,0,0,584.43,,695.00
72895,EIC102,8,4,4,131.26,,
72901,NAVPRO900,3,2,1,819.95,,
72902,NAVPRO900F,1,0,1,948.38,,
72903,NAVPRO1200,1,0,1,1712.09,,
72904,NAVPRO1200F,0,0,0,1889.30,,
72905,10-13406-104,1,1,0,137.99,,
72907,980013,0,0,0,224.99,359.99,
72911,A80565,7,2,5,85.22,,
72938,012105W,0,0,0,422.73,641.00,
72939,012104B,0,0,0,422.73,641.00,
72940,012106BW,0,0,0,469.32,712.00,
72941,012107C,0,0,0,619.32,940.00,
72943,001-600072,0,0,0,99.00,,
72952,RBA-100,0,0,0,45.00,,
72953,RA5000SL,0,0,0,111.54,,
72969,1428G00WHT,21,2,19,40.72,,
72994,010-12390-44,1,0,1,74.99,,
72996,GP2040-17,0,0,0,334.53,,
73009,131932CASE,1,1,0,307.54,,
73012,133332CASE,0,0,0,178.15,,
73014,166322CASE,1,1,0,76.17,,
73018,P12072,1,1,0,592.15,,
73020,W739,0,0,0,13.37,,
73021,W732,3,3,0,9.99,,
73025,W737,0,0,0,8.45,,
73026,W740,0,0,0,5.28,,
73027,W741,0,0,0,5.63,,
73028,W742,1,0,1,3.99,,
73029,W746,2,2,0,7.99,,
73031,W743-DOUBLE,0,0,0,17.23,,
73032,W743-SS,0,0,0,19.88,,
73033,W748,0,0,0,10.03,,
73035,W755,0,0,0,76.85,,
73044,890146CASE,1,1,0,188.62,,
73045,810176CASE,2,0,2,153.45,,
73047,890142CASE,4,3,1,188.92,,
73048,890143CASE,1,1,0,192.31,,
73050,890144CASE,4,2,2,214.15,,
73052,M81136,0,0,0,2249.99,,
73054,JB-100716B,0,0,0,12.03,,
73061,480143,0,0,0,63.74,101.99,
73069,480343,0,0,0,63.74,101.99,
73071,48-YSP-4JH-E,2,0,2,585.42,,
73073,480043,0,0,0,62.49,99.99,
73074,480033,0,0,0,56.24,89.99,
73077,FTT641512000B00,2,0,2,150.21,,
73081,F7-537,34,15,19,1.61,,
73082,B45-DT-HB,0,0,0,245.27,324.99,
73096,731S-01422,0,0,0,19.11,,
73102,BM40AMPBT,4,3,1,241.93,,
73106,R109LH,0,0,0,3056.18,,
73107,R70521,11,7,4,63.91,,
73108,010-12507-02,0,0,0,11.24,,
73110,GPX1212,0,0,0,374.99,,
73122,DVR100,4,4,0,39.47,,
73123,104,13,12,1,6.62,,
73124,TB0050,0,0,0,101.92,,
73125,TB0080,0,0,0,101.92,,
73126,TB0051,0,0,0,116.15,,
73127,TK-100,7,2,5,55.59,,
73141,BK0027,2,2,0,8.82,,
73142,BK0044,16,10,6,12.35,,
73143,P1030DB,6,6,0,13.70,,
73144,VGR001,5,5,0,35.56,,
73145,CB0001,0,0,0,24.89,,
73146,GB0001,0,0,0,12.44,,
73147,COV001,0,0,0,10.08,,
73148,L-202,0,0,0,20.15,,
73149,MS0001,0,0,0,15.41,,
73150,BC-100,0,0,0,30.93,,
73152,PC-100,0,0,0,29.87,,
73154,TSA001,5,5,0,9.48,,
73158,PCDCA1,0,0,0,30.81,,
73159,PCDCA4,0,0,0,30.81,,
73160,S-140,1,1,0,17.77,,
73162,SP0007,0,0,0,34.37,,
73164,SP0005,4,4,0,34.37,,
73168,RH-100,0,0,0,5.92,,
73171,FT-100,0,0,0,5.92,,
73172,GBK001,3,3,0,4.75,,
73173,RB-100,0,0,0,1.00,,
73174,ST-100,0,0,0,1.77,,
73177,TKB100,0,0,0,5.33,,
73180,ACE001,80,80,0,5.51,,
73181,V-120,0,0,0,47.41,,
73183,DD-100,12,12,0,49.77,,
73184,V-410,0,0,0,23.71,,
73199,010-02096-00,8,3,5,337.49,,
73200,010-02097-00,11,6,5,412.49,,
73201,010-02098-00,8,4,4,562.49,,
73206,010-12462-10,0,0,0,224.99,,
73207,010-12676-30,0,0,0,74.99,,
73208,010-12676-35,0,0,0,29.99,,
73209,88653,0,0,0,866.67,,
73216,770050,12,0,12,11.37,,
73217,770055,20,10,10,15.36,,
73218,770067,14,4,10,24.48,,
73219,770068,2,2,0,83.19,,
73220,GK-414,10,6,4,9.99,,
73221,770170,5,3,2,72.36,,
73222,770001,31,8,23,9.67,,
73223,770002,15,4,11,14.23,,
73224,770003,0,0,0,21.07,,
73225,770007,17,6,11,11.95,,
73226,770035,3,2,1,29.04,,
73227,770295,4,3,1,99.55,,
73229,770297-1,4,2,2,20.49,,
73230,770297-2,9,4,5,33.03,,
73231,770298-1,4,2,2,25.63,,
73233,770298-2,3,1,2,41.59,,
73242,770201,18,13,5,12.51,,
73243,770202,11,11,0,16.33,,
73244,770203,7,0,7,31.32,,
73245,770204,4,2,2,49.56,,
73246,770207,12,0,12,13.08,,
73250,0927DP0CHR,0,0,0,114.88,,
73251,0960DP0CHR,0,0,0,84.39,,
73252,8502DP,0,0,0,73.88,,
73253,0254B00DP1,8,5,3,55.72,,
73254,1181DP0CHR,5,3,2,61.19,,
73255,0947DP3CHR,15,10,5,52.55,,
73256,0947DP2CHR,8,2,6,45.49,,
73257,0931DP1BLK,6,1,5,44.65,,
73258,903000,7,3,4,21.63,,
73259,903001,6,0,6,19.35,,
73260,903002,25,2,23,7.97,,
73261,903003,4,3,1,26.19,,
73262,710215-1,2,2,0,71.42,,
73264,770030-1,0,0,0,48.69,,
73265,903008,4,3,1,23.91,,
73267,903011,1,0,1,27.91,,
73268,903018,2,0,2,31.89,,
73270,1421DP2CHR,10,4,6,43.20,,
73271,740158-1NB,72,72,0,187.78,,
73272,1092DP1BLK,9,6,3,44.54,,
73273,1134DP0CHR,0,0,0,38.20,,
73274,1137DP0CHR,0,0,0,38.20,,
73275,1634DP0CHR,7,3,4,37.37,,
73276,1637DP0CHR,6,4,2,37.37,,
73277,0323DP,9,6,3,36.55,,
73281,F16-0091,8,4,4,62.60,,
73282,010-10553-00,3,1,2,26.24,,
73283,MVP-J-GN-2XL,0,0,0,212.50,,
73284,MVP-J-GN-L,0,0,0,212.50,,
73285,MVP-J-GN-M,0,0,0,212.50,,
73290,480213,0,0,0,70.00,99.99,
73291,0932DP1BLK,14,6,8,36.29,,
73292,0932DP2BLK,7,5,2,32.27,,
73296,1440DP2CHR,10,1,9,35.48,,
73297,0956DP4CHR,6,5,1,26.92,,
73298,1318DPGBLK,7,0,7,22.83,,
73299,1319DPGBLK,0,0,0,22.83,,
73300,1101DP0CHR,4,2,2,21.36,,
73301,1198DP2CHR,3,3,0,19.19,,
73302,0481DP0BLK,12,12,0,12.49,,
73303,1125DP499A,11,6,5,96.73,,
73304,1125DP4CHR,7,3,4,122.08,,
73305,0052DP,19,10,9,13.93,,
73306,1269DP099A,7,5,2,11.20,,
73307,1223DP0CHR,2,2,0,10.67,,
73308,1199DP3CHR,25,12,13,10.64,,
73309,1199DP2CHR,10,0,10,11.65,,
73310,1199DP1CHR,15,1,14,10.72,,
73311,1287DP1CHR,37,18,19,10.72,,
73312,0492DP0STS,25,9,16,10.60,,
73313,0502DP2STS,0,0,0,10.10,,
73314,1242DP0CHR,13,1,12,5.99,,
73316,0502DP1STS,18,10,8,9.13,,
73317,0024DP1,13,10,3,7.51,,
73319,0477DP0BLK,12,5,7,7.52,,
73321,0610DP0CHR,11,10,1,5.88,,
73325,W736-SS,0,0,0,12.66,,
73331,RA2012010000,7,3,4,529.03,584.96,
73332,RA2018010000,6,3,3,682.87,755.06,
73333,RA2050010000,0,0,0,1961.43,2168.78,
73338,VP1135R24V,4,4,0,42.34,,
73339,VP1135G24V,0,0,0,42.34,,
73374,MM3-VNA-033,0,0,0,454.55,,
73378,205113,3,1,2,33.31,,
73382,130900-701-004-19,12,3,9,74.50,,
73391,103000-500-000-12,10,6,4,21.77,,
73392,103000-500-001-12,8,4,4,16.99,,
73393,103000-500-002-12,6,0,6,21.77,,
73394,103000-500-004-12,6,6,0,21.77,,
73395,103000-500-005-12,18,6,12,21.77,,
73402,103000-100-000-12,8,3,5,15.00,,
73403,103000-100-001-12,14,3,11,16.99,,
73404,103000-100-002-12,9,3,6,21.77,,
73405,103000-100-004-12,13,6,7,21.77,,
73406,103000-100-005-12,12,4,8,21.77,,
73408,152200-200-024-13,2,2,0,98.01,,
73422,"SILVERSTEER 1TB",0,0,0,1455.05,,
73425,"SILVERSTEER 2TB",3,1,2,1455.05,,
73426,SILVERSTEER1.0B,2,1,1,1206.73,,
73455,01-03-011,2,2,0,68.88,,
73456,01-03-012,2,1,1,58.75,,
73457,01-03-013,2,0,2,89.77,,
73458,01-03-014,2,2,0,73.99,,
73459,01-04-015,2,0,2,35.20,,
73460,01-04-016,3,0,3,38.74,,
73461,01-04-017,2,0,2,41.26,,
73462,01-04-018,9,5,4,43.79,,
73463,01-04-019,5,4,1,40.07,,
73464,01-66-025,5,3,2,15.94,,
73466,01-69-041,3,3,0,112.98,,
73482,03-01-001,0,0,0,127.41,,
73483,03-01-002,0,0,0,128.61,,
73484,03-01-003,0,0,0,144.74,,
73488,03-01-004,0,0,0,147.15,,
73490,03-01-005,4,0,4,105.08,,
73492,03-01-006,0,0,0,107.66,,
73495,03-01-015,0,0,0,127.41,,
73497,03-01-016,0,0,0,128.61,,
73505,104300-100-001-19,6,6,0,23.49,,
73506,03-02-007,0,0,0,568.16,,
73507,03-02-008,0,0,0,598.02,,
73508,03-02-009,0,0,0,511.83,,
73509,03-02-010,0,0,0,538.96,,
73510,03-66-011,3,0,3,30.22,,
73511,03-66-012,0,0,0,61.81,,
73512,04-01-001,2,2,0,69.99,,
73513,04-01-002,0,0,0,88.95,,
73514,04-01-003,1,0,1,103.88,,
73515,04-01-004,0,0,0,103.88,,
73520,04-01-005,2,1,1,138.56,,
73521,04-01-006,3,0,3,109.99,,
73525,04-03-009,5,1,4,121.22,,
73526,04-03-010,0,0,0,123.96,,
73529,07-01-001,0,0,0,213.35,,
73531,07-01-002,0,0,0,232.46,,
73532,07-01-003,0,0,0,213.35,,
73534,07-02-004,3,1,2,384.35,,
73536,07-02-005,0,0,0,391.56,,
73539,07-02-006,2,1,1,299.99,,
73540,07-02-007,0,0,0,412.79,,
73541,07-02-008,0,0,0,385.32,,
73542,07-02-009,0,0,0,391.72,,
73545,07-03-010,0,0,0,354.16,,
73547,07-03-011,0,0,0,372.98,,
73548,07-03-012,4,2,2,382.04,,
73549,07-03-013,0,0,0,386.41,,
73550,07-02-043,3,1,2,426.72,,
73551,07-02-044,0,0,0,436.87,,
73552,07-03-045,1,0,1,447.36,,
73553,07-03-046,0,0,0,457.68,,
73554,07-04-014,0,0,0,717.76,,
73555,07-04-015,0,0,0,717.76,,
73556,07-04-016,0,0,0,717.76,,
73557,07-04-017,0,0,0,717.76,,
73558,07-66-018,1,1,0,64.99,,
73559,07-66-019,2,0,2,201.50,,
73560,07-66-020,0,0,0,195.39,,
73561,07-66-021,0,0,0,213.25,,
73562,07-66-022,0,0,0,213.25,,
73563,07-66-023,0,0,0,18.88,,
73567,07-66-024,0,0,0,103.88,,
73568,07-66-025,4,3,1,67.99,,
73569,07-66-027,0,0,0,18.55,,
73570,07-66-028,0,0,0,19.92,,
73595,07-66-029,0,0,0,23.53,,
73597,07-66-031,0,0,0,121.14,,
73599,07-66-033,0,0,0,96.50,,
73606,07-66-034,0,0,0,64.22,,
73607,07-99-035,0,0,0,49.84,,
73608,07-99-036,0,0,0,67.61,,
73609,07-99-037,0,0,0,97.87,,
73632,710274-1,3,3,0,84.41,,
73633,710295-1,3,0,3,181.82,,
73634,710280-1,3,3,0,219.71,,
73635,710297-1,1,0,1,181.82,,
73636,710282-1,2,0,2,363.66,,
73637,710285-1,4,4,0,98.48,,
73638,710290-1,2,2,0,212.13,,
73639,710276-1,0,0,0,97.40,,
73640,710275-1,2,0,2,84.41,,
73641,710287-1,4,0,4,121.21,,
73642,710286-1,0,0,0,106.06,,
73643,710277-1,0,0,0,84.41,,
73656,710291-1,0,0,0,212.13,,
73663,09-66-015,0,0,0,48.76,,
73664,09-66-016,0,0,0,48.76,,
73665,09-66-017,0,0,0,56.84,,
73666,10-02-001,2,2,0,61.60,,
73667,10-02-002,1,0,1,66.57,,
73669,10-02-003,0,0,0,151.31,,
73670,710278-1,0,0,0,84.41,,
73671,10-02-004,0,0,0,152.90,,
73672,710279-1,0,0,0,116.88,,
73673,10-02-005,0,0,0,192.56,,
73674,710284-1,0,0,0,401.54,,
73675,10-02-006,0,0,0,197.32,,
73677,10-03-007,0,0,0,158.25,,
73678,10-03-008,0,0,0,161.87,,
73679,10-03-009,8,8,0,156.99,,
73680,10-03-010,0,0,0,208.08,,
73681,10-01-011,0,0,0,189.77,,
73682,10-01-012,0,0,0,193.16,,
73683,10-01-013,0,0,0,189.77,,
73684,10-01-014,0,0,0,193.16,,
73685,740181-1,2,0,2,37.87,,
73686,740182-1,0,0,0,37.87,,
73687,740183-1,1,1,0,34.08,,
73688,740179-1,0,0,0,53.02,,
73689,780038-1,0,0,0,45.45,,
73690,740184-1,25,14,11,22.72,,
73700,DPT-R,3,2,1,613.13,,
73701,DPT-S-PLATE-02,0,0,0,185.63,,
73702,DPT-R-PLATE-01,4,2,2,98.44,,
73703,DPT-LB-01,3,2,1,210.94,,
73728,0162,2,2,0,32.60,,
73729,0163,0,0,0,32.60,,
73730,0375,4,4,0,11.88,,
73731,0376,4,4,0,12.00,,
73732,0377,10,10,0,16.44,,
73733,0378,8,8,0,16.79,,
73738,1355935,2,1,1,360.45,,
73739,1355963,1,1,0,540.67,,
73770,1355964,3,3,0,516.60,,
73799,A06072,0,0,0,76.69,,
73801,A06077,9,5,4,29.82,,
73806,7315,0,0,0,81.56,,
73809,BPJDE2,0,0,0,469.11,562.93,
73814,360-004,8,1,7,35.35,,
73816,010-12117-06,0,0,0,18.75,,
73817,93070,0,0,0,21.59,,
73818,5624,0,0,0,14.14,,
73819,38023500,0,0,0,3915.76,,
73821,25-742-BL,0,0,0,62.51,,
73822,25-742-WHT,11,11,0,58.60,,
73823,35-741-BL,0,0,0,66.60,,
73824,35-741-WHT,0,0,0,66.60,,
73825,35-742-BL,29,16,13,65.10,,
73826,35-742-WHT,0,0,0,69.44,,
73828,45-741-BL,0,0,0,69.44,,
73830,7310,0,0,0,81.56,,
73844,TR3,0,0,0,377.78,,
73845,TR8,1,1,0,1251.39,,
73847,"TR3 SSP",2,2,0,39.67,,
73848,"TR8 SSP",0,0,0,49.11,,
73891,23003,0,0,0,26.24,,
73892,10052-32GA,25,9,16,15.06,,
73893,10190G40,3,3,0,11.77,,
73897,S00-00522-08,2,0,2,11.27,,
73898,GP2080-17,0,0,0,385.44,,
73901,DPT-OA,1,0,1,686.25,,
73902,DPT-OA-PLATE-01,4,2,2,140.63,,
73905,DPT-R-PLATE-02,0,0,0,98.44,,
73908,DPT-C-PLATE-01,4,3,1,163.13,,
73909,DPT-C-PLATE-02,3,2,1,163.13,,
73912,DPT-S-PLATE-01,0,0,0,126.56,,
73913,DPT-S-PLATE-03,0,0,0,270.00,,
73952,F16-2500,0,0,0,47.67,,
73958,F16-3000,12,7,5,65.44,,
73964,17201203,0,0,0,1439.49,,
73972,G190200,3,1,2,18.56,,
73976,G191419,8,2,6,5.81,,
73980,G190315,12,6,6,9.43,,
73982,G190526,6,4,2,16.01,,
73984,010-12743-00,18,9,9,19.49,,
73985,010-12745-00,6,2,4,19.49,,
73986,010-12817-00,0,0,0,19.49,,
73987,010-12830-00,0,0,0,19.49,,
74003,SP-67739-T,12,7,5,39.43,,
74010,P100790,0,0,0,111.25,,
74015,5022,184,131,53,4.23,,
74016,E-4209-16,3,2,1,112.50,,
74017,010-12183-20,5,1,4,2002.49,2669.99,
74019,133316,12,6,6,14.99,31.97,
74020,133216,12,6,6,16.76,32.97,
74021,133116,12,6,6,17.99,35.97,
74022,133632,12,12,0,31.72,58.97,
74063,010-01876-00,0,0,0,174.99,,
74067,010-12548-03,0,0,0,22.49,,
74070,56565,3,1,2,145.00,,
74071,53800,2,0,2,120.78,184.99,
74076,MDA-5,2,0,2,1000.30,,
74080,27638,0,0,0,260.83,319.99,
74081,27580,0,0,0,219.00,249.99,
74082,10161A40,10,4,6,13.37,,
74083,10162A40,1,0,1,15.32,,
74084,10160A40,1,0,1,12.13,,
74085,010-12530-03,0,0,0,27.99,,
74087,010-12530-00,6,3,3,7.99,,
74089,10003GA,7,0,7,13.08,,
74093,16720A,1,0,1,11.30,,
74095,29542,8,8,0,6.67,,
74096,29543,3,3,0,6.57,,
74097,29554,4,0,4,5.53,,
74098,29791,2,2,0,23.78,,
74099,10800A,6,0,6,6.84,,
74100,10801A,2,2,0,6.96,,
74101,010-12771-01,0,0,0,67.99,,
74102,010-12771-00,9,2,7,39.99,,
74114,ME-01-210-60,35,22,13,166.13,,
74115,MF-02-310-24,17,0,17,150.69,,
74116,MF-05-550-24,0,0,0,203.95,,
74117,MG-01-110-70,27,11,16,46.67,,
74118,93-402,0,0,0,23.64,,
74119,97-50-310-12,0,0,0,21.94,,
74129,S72-0636-01,0,0,0,270.25,,
74141,GP1080-23,0,0,0,385.44,,
74142,RMX300-BK,1,1,0,24.04,,
74166,GP1352,33,21,12,33.26,,
74167,GP1002,11,8,3,25.81,,
74168,GP1652,43,30,13,31.68,,
74172,010-11029-19,0,0,0,19.99,,
74173,BB-3,3,3,0,58.33,,
74174,12835,12,6,6,50.38,,
74179,FFC-500,14,7,7,10.56,,
74180,FFC-750,17,10,7,13.89,,
74181,FFC-1000,7,5,2,21.11,,
74182,FFC-1125,0,0,0,19.44,,
74183,FFC-1250,2,2,0,33.89,,
74184,FFC-1500,7,6,1,43.89,,
74185,FFC-2000,0,0,0,115.56,,
74186,IBV-250,0,0,0,15.00,,
74187,IBV-375,12,5,7,15.00,,
74188,IBV-500,12,12,0,19.44,,
74189,IBV-750,36,24,12,22.78,,
74190,IBV-1000,18,12,6,41.11,,
74191,IBV-1250,13,5,8,60.00,,
74192,IBV-1500,12,4,8,80.00,,
74194,IBV-2000,0,0,0,139.44,,
74195,IBV-250-S,3,3,0,31.67,,
74196,IBV-375-S,0,0,0,35.00,,
74197,IBV-500-S,0,0,0,42.22,,
74198,IBV-750-S,3,0,3,44.44,,
74199,IBV-1000-S,5,2,3,47.22,,
74200,IBV-1250-S,2,2,0,76.11,,
74201,IBV-1500-S,5,0,5,97.78,,
74202,IBV-2000-S,7,2,5,125.00,,
74207,29712,12,12,0,9.76,,
74208,10700A,32,6,26,5.26,,
74209,10701A,25,11,14,5.40,,
74210,10705A,5,0,5,7.63,,
74222,11052A,0,0,0,4.01,,
74230,IBVF-750,5,3,2,35.56,,
74231,IBVF-1000,4,2,2,38.33,,
74232,IBVF-1250,2,2,0,43.89,,
74233,IBVF-1500,3,2,1,56.11,,
74234,IBVF-2000,0,0,0,68.33,,
74235,IBVF-750-S,0,0,0,43.89,,
74236,IBVF-1000-S,2,2,0,47.78,,
74238,IBVF-1250-S,0,0,0,51.11,,
74239,IBVF-1500-S,0,0,0,57.78,,
74241,IBVF-2000-S,0,0,0,65.56,,
74247,PNC-500,0,0,0,9.44,,
74248,PNC-750,17,9,8,11.67,,
74249,PNC-1000,5,0,5,18.33,,
74250,PNC-1250,0,0,0,26.11,,
74251,PNC-1500,1,0,1,30.00,,
74252,PNC-2000,0,0,0,39.44,,
74253,PTH-500,19,10,9,4.44,,
74254,PTH-5062,15,7,8,5.56,,
74255,PTH-750,16,16,0,5.56,,
74256,PTH-1000,13,12,1,8.33,,
74257,PTH-1125,10,9,1,13.33,,
74258,PTH-1250,26,14,12,13.33,,
74259,PTH-1500,7,7,0,17.22,,
74260,PTH-2000,0,0,0,22.78,,
74265,PTH-750-S,4,4,0,9.44,,
74266,PTH-1000-S,0,0,0,12.78,,
74267,PTH-1250-S,0,0,0,16.67,,
74268,PTH-1500-S,8,5,3,21.11,,
74269,PTH-2000-S,7,7,0,35.56,,
74274,PTHC-750,18,12,6,8.89,,
74275,PTHC-1000,12,4,8,13.89,,
74276,PTHC-1125,10,5,5,19.44,,
74277,PTHC-1250,0,0,0,20.00,,
74278,PTHC-1500,15,8,7,27.78,,
74279,PTHC-2000,5,3,2,40.00,,
74289,TH-500-W,20,9,11,11.67,,
74290,TH-750-W,12,12,0,12.78,,
74291,TH-1000-W,12,9,3,18.33,,
74292,TH-1250-W,5,2,3,30.56,,
74293,TH-1500-W,18,7,11,39.44,,
74298,TH-2000-W,0,0,0,59.44,,
74299,TH-500-WS,0,0,0,12.22,,
74300,TH-750-WS,14,4,10,12.22,,
74301,TH-1000-WS,8,4,4,33.33,,
74302,TH-1250-WS,7,4,3,37.22,,
74303,TH-1500-WS,7,4,3,38.89,,
74304,TH-2000-WS,4,3,1,52.78,,
74318,LLB-32KW-01-00,2,2,0,49.38,,
74320,LLB-32LW-01-00,4,2,2,59.26,,
74370,"FBVE-750 12V",0,0,0,1136.50,,
74371,"FBVE-750 24V",0,0,0,1141.50,,
74372,"FBVE-1000 12V",0,0,0,1141.00,,
74373,"FBVE-1000 24V",1,1,0,1146.00,,
74374,"FBVE-1250 12V",0,0,0,1187.50,,
74375,"FBVE-1250 24V",0,0,0,1192.50,,
74376,"FBVE-1500 12V",0,0,0,1118.64,,
74377,"FBVE-1500 24V",0,0,0,1123.18,,
74378,"FBVE-2000 12V",0,0,0,1310.50,,
74379,"FBVE-2000 24V",0,0,0,1315.50,,
74380,"FBVE-2500 12V",0,0,0,1546.00,,
74381,"FBVE-2500 24V",1,1,0,1551.00,,
74382,"FBVE-3000 12V",0,0,0,1915.00,,
74383,"FBVE-3000 24V",0,0,0,1920.00,,
74384,LCD-5,0,0,0,1442.78,,
74385,FBV-750,12,7,5,53.33,,
74386,FBV-1000,11,4,7,67.22,,
74387,FBV-1250,5,1,4,84.44,,
74388,FBV-1500,9,4,5,113.89,,
74389,FBV-2000,3,3,0,183.33,,
74390,HF-B,1,0,1,530.00,,
74391,K-H,4,2,2,1577.22,,
74392,"K-H 12V",0,0,0,2352.78,,
74393,"K-H 24V",0,0,0,2363.89,,
74394,970-1500-12,0,0,0,2145.00,,
74395,APHS-1250-1,0,0,0,121.67,,
74396,APHS-2000-1,2,0,2,173.89,,
74397,APHS-3000-1,5,1,4,308.33,,
74398,BVS-750,3,0,3,472.00,,
74399,BVS-1000,0,0,0,614.00,,
74400,BVS-1250,4,2,2,772.00,,
74401,BVS-1500,2,0,2,948.00,,
74402,"CP-20 12V",4,4,0,257.78,,
74403,CV-50,0,0,0,18.33,,
74404,CV-75,3,1,2,21.67,,
74405,CV-100,5,2,3,28.89,,
74406,CV-125,0,0,0,53.89,,
74407,CV-150,0,0,0,82.22,,
74408,CV-200,0,0,0,122.22,,
74409,FV-250,11,11,0,15.00,,
74410,FV-375,22,13,9,15.00,,
74411,FV-500,15,4,11,24.44,,
74412,FV-750,4,0,4,29.44,,
74413,FV-590,0,0,0,17.22,,
74414,FV-590-S,19,8,11,27.22,,
74415,FV-450-X,5,2,3,76.67,,
74416,FV-550-L,4,4,0,100.00,,
74417,FV-65038,9,6,3,150.00,,
74431,12VBRS2,0,0,0,18.71,,
74437,P100791,0,0,0,114.55,,
74441,BHW4050,0,0,0,80.29,,
74444,41658,1,1,0,51.35,99.99,
74445,41659,0,0,0,93.74,149.99,
74446,41660,1,0,1,136.49,,
74450,41665,0,0,0,137.49,214.99,
74464,133116CASE,2,1,1,123.69,,
74465,133216CASE,2,1,1,112.15,,
74466,133316CASE,2,1,1,108.54,,
74470,"A-2 WHITE",11,4,7,51.01,,
74471,"A-3 WHITE",26,16,10,68.29,,
74474,"A-1 WHITE",10,7,3,36.87,,
74479,10980,19,2,17,7.03,,
74483,29532,11,7,4,22.05,,
74488,10211G,18,9,9,6.04,,
74499,TM185HW,1,1,0,1066.67,,
74500,MMC-10F-HM,0,0,0,105.79,135.00,
74501,MMC-10F-L,0,0,0,104.18,135.00,
74502,TM185C-HW-MM,0,0,0,1022.40,1364.00,
74529,1908016,1,1,0,93.44,,
74536,GP1040-16,0,0,0,334.53,,
74541,13851,7,5,2,212.61,,
74542,13751,6,6,0,214.58,,
74544,HE-RGBSAC-1,1,0,1,49.37,86.99,
74571,010-12855-00,11,4,7,74.99,,
74573,905513BLK,9,2,7,249.99,399.99,
74574,110213BLK,0,0,0,306.24,489.99,
74575,202513BLK,0,0,0,174.99,279.99,
74580,EVO-1212F-HW,0,0,0,762.27,1051.40,
74581,EVO-1224F,0,0,0,762.27,1051.40,
74582,EVO-1224F-HW,0,0,0,762.27,1051.40,
74583,EVO-RC-PLUS,4,2,2,127.95,176.40,
74604,UMS108SR,1,1,0,139.99,,
74611,UMS77BR,3,3,0,199.99,,
74614,UMS88BR,0,0,0,309.09,409.99,
74637,SB44G1,53,15,38,16.99,,
74640,CVC620WPT,0,0,0,147.50,,
74662,13752,6,2,4,254.14,,
74664,13852,0,0,0,388.71,,
74665,1038,7,2,5,44.48,,
74667,1046,5,5,0,44.48,,
74668,12851,0,0,0,235.11,,
74670,33005,5,3,2,77.81,,
74672,13795,13,12,1,188.03,,
74673,KTF063,6,5,1,383.71,,
74682,RA-38M,0,0,0,23.75,,
74692,AH-100,1,0,1,81.64,,
74694,HH,0,0,0,17.76,,
74698,H002F00,2,0,2,73.05,,
74699,H003F00,0,0,0,22.24,,
74703,TDH-900,0,0,0,362.63,,
74704,17-59,3,0,3,106.77,,
74705,300-34,1,0,1,59.21,,
74706,300-35,1,0,1,118.95,,
74707,303-09,11,2,9,58.37,,
74708,32-97,4,2,2,334.81,,
74709,34-46,0,0,0,25.71,,
74710,34-48,3,0,3,52.73,,
74711,36-01,4,0,4,147.50,,
74714,45-06,1,0,1,84.36,,
74715,504-05,0,0,0,60.19,,
74716,504-11,5,2,3,71.86,,
74717,504-62,2,0,2,150.13,,
74718,504-82,3,0,3,174.01,,
74722,010-02091-00,0,0,0,2239.99,,
74723,010-02091-02,0,0,0,2319.99,,
74724,505-05,5,0,5,69.94,,
74727,505-11,0,0,0,81.13,,
74730,010-02092-00,0,0,0,2959.99,,
74731,506-05,4,0,4,83.76,,
74732,506-44,1,0,1,67.24,,
74733,010-02092-02,0,0,0,3359.99,,
74734,70-74,5,0,5,148.63,,
74735,70-75,2,0,2,158.18,,
74737,704-05,2,0,2,91.26,,
74738,704-11,2,0,2,103.33,,
74739,704-62,3,0,3,180.71,,
74740,704-92,0,0,0,258.18,,
74741,705-05,0,0,0,118.95,,
74742,705-92,3,0,3,253.18,,
74744,72-49,3,0,3,123.78,,
74745,010-02093-00,0,0,0,4559.99,,
74746,74-35,0,0,0,6.90,,
74747,010-02093-02,0,0,0,4959.99,,
74748,74-35-G,0,0,0,6.90,,
74749,74-36,0,0,0,6.90,,
74751,74-36-G,0,0,0,6.90,,
74753,77-18,1,0,1,9.08,,
74754,010-12833-10,4,3,1,224.99,,
74756,78-01,2,0,2,35.94,,
74757,010-02011-00,1,0,1,223.99,,
74758,78-02,2,0,2,45.77,,
74759,010-02011-01,1,0,1,223.99,,
74761,78-03,2,0,2,25.83,,
74762,78-05,3,0,3,32.47,,
74763,78-07,1,0,1,64.62,,
74764,78-17,2,0,2,85.96,,
74765,78-83,4,0,4,205.29,,
74769,63259,2,0,2,7.99,,
74774,R599C-LM,0,0,0,4782.21,6399.00,
74775,13130,2,1,1,50.38,,
74778,RAM33,0,0,0,21.25,,
74779,RAA33,0,0,0,33.13,,
74780,RA-24M,0,0,0,23.75,,
74781,RA-24A,0,0,0,31.25,,
74782,SWV-100-RD,0,0,0,231.25,,
74783,SWV-100-HV,0,0,0,231.25,,
74789,80307,1,1,0,29.99,,
74790,AB-1100-PRO-BK-S,0,0,0,284.38,,
74791,AB-1100-PRO-BK-M,0,0,0,284.38,,
74792,AB-1100-PRO-BK-L,0,0,0,284.38,,
74793,AB-1100-PRO-BK-XL,0,0,0,284.38,,
74794,AB-1100-PRO-BK-2XL,0,0,0,284.38,,
74795,AB-1100-PRO-NV-S,1,1,0,284.38,,
74796,AB-1100-PRO-NV-M,0,0,0,284.38,,
74797,AB-1100-PRO-NV-L,0,0,0,284.38,,
74798,AB-1100-PRO-NV-XL,0,0,0,284.38,,
74799,AB-1100-PRO-NV-2XL,0,0,0,284.38,,
74801,AB-1100-PRO-GN-S,0,0,0,284.38,,
74802,AB-1100-PRO-GN-M,0,0,0,284.38,,
74803,AB-1100-PRO-GN-L,0,0,0,284.38,,
74804,AB-1100-PRO-GN-XL,0,0,0,284.38,,
74805,AB-1100-PRO-GN-2XL,0,0,0,284.38,,
74806,FWBH-RD-S/M,7,6,1,70.63,,
74807,FWBH-HV-S/M,8,5,3,70.63,,
74808,FWBH-GN-S/M,0,0,0,70.63,,
74809,FWBH-BK-S/M,4,2,2,70.63,,
74810,FWBH-RD-L/XL,8,3,5,70.63,,
74811,FWBH-HV-L/XL,8,8,0,70.63,,
74812,FWBH-GN-L/XL,0,0,0,70.63,,
74813,FWBH-BK-L/XL,8,5,3,70.63,,
74814,MVP-J-GN-S,0,0,0,212.50,,
74815,MVP-J-GN-3XL,0,0,0,212.50,,
74816,MVP-J-BK-S,0,0,0,212.50,,
74817,MVP-J-BK-M,0,0,0,212.50,,
74818,MVP-J-BK-L,0,0,0,212.50,,
74819,MVP-J-BK-XL,0,0,0,212.50,,
74820,MVP-J-BK-2XL,0,0,0,212.50,,
74821,BHW4035,0,0,0,57.97,,
74822,MVP-J-BK-3XL,0,0,0,212.50,,
74823,MVP-J-HV-S,0,0,0,212.50,,
74824,MVP-J-HV-M,0,0,0,212.50,,
74825,MVP-J-HV-L,0,0,0,212.50,,
74826,MVP-J-HV-XL,0,0,0,212.50,,
74827,MVP-J-HV-2XL,0,0,0,212.50,,
74828,MVP-J-HV-3XL,0,0,0,212.50,,
74836,MVP-BP-BK-S,0,0,0,190.63,,
74838,MVP-BP-BK-M,0,0,0,190.63,,
74839,MVP-BP-BK-L,0,0,0,190.63,,
74840,MVP-BP-BK-XL,0,0,0,190.63,,
74841,MVP-BP-BK-2XL,0,0,0,190.63,,
74842,MVP-BP-BK-3XL,0,0,0,190.63,,
74843,RS-1000-HV-U,0,0,0,778.75,,
74844,LLB-51WO-91-10,5,2,3,147.93,,
74845,HBV-100-BK-M-XL,0,0,0,278.75,,
74846,HBV-100-BK-XL-3XL,0,0,0,295.00,,
74847,HBV-100-RD-M-XL,0,0,0,278.75,,
74848,HBV-100-RD-XL-3XL,0,0,0,295.00,,
74849,HBV-100-HV-M-XL,0,0,0,278.75,,
74850,HBV-100-HV-XL-3XL,0,0,0,295.00,,
74851,1850,4,3,1,329.65,,
74853,010-12167-00,0,0,0,7.49,,
74854,701S-00618,6,2,4,209.21,,
74864,9160,19,9,10,13.05,,
74865,S-0226SO,31,10,21,4.80,,
74866,S-0226SL,10,3,7,4.80,,
74867,S-0226A,58,36,22,5.02,,
74868,S-0226LO,26,17,9,5.44,,
74869,MM-9N,4,2,2,76.16,97.50,
74870,88850,1,1,0,1187.49,,
74871,88860,0,0,0,307.05,483.99,
74872,88923,4,2,2,374.99,,
74873,88923-1,0,0,0,374.99,,
74874,88924,5,0,5,437.49,,
74875,88924-1,1,1,0,437.49,,
74879,88824,0,0,0,1624.99,,
74880,88824-1,0,0,0,1624.99,,
74881,SSM-76H,10,10,0,38.28,,
74882,88679-00,0,0,0,2249.99,,
74883,88679-01,1,1,0,2195.11,,
74896,88585,7,5,2,15.00,,
74898,FASP4881TVCFA00,0,0,0,402.85,,
74903,MFR-7,2,2,0,899.99,,
74907,13715,13,7,6,56.76,,
74909,40020156,0,0,0,1055.56,,
74919,KTF064,5,5,0,387.63,,
74921,5257-S,10,3,7,65.73,,
74922,PL-259-ER,17,17,0,9.96,,
74923,4078-20-ER,6,4,2,52.34,,
74931,RL-521,5,5,0,12.94,,
74943,XT-DF-170-DV,0,0,0,803.57,,
74945,XT-DF-170-DV-KIT,1,0,1,808.18,1220.00,
74946,XT-DF-170-J10,2,0,2,803.57,,
74947,XT-DF-170-J10-KIT,2,0,2,1046.99,,
74948,XT-DF-170-K6,4,1,3,803.57,,
74949,XT-DF-170-K6-KIT,0,0,0,1046.99,,
74950,XT-SF-170-DV,0,0,0,803.57,,
74951,XT-SF-170-DV-KIT,1,0,1,1046.99,,
74952,XT-SF-170-J10,2,0,2,803.57,,
74953,XT-SF-170-J10-KIT,0,0,0,1046.99,,
74954,XT-SF-170-K6,2,0,2,803.57,,
74955,XT-SF-170-K6-KIT,2,0,2,1046.99,,
74956,XT-VT-170-IR,0,0,0,477.25,,
74957,XT-VT-170-K6,0,0,0,803.57,,
74958,XT-VT-170-K6-KIT,5,2,3,1046.99,,
74959,SG200,4,0,4,214.29,,
74960,SG2-0100,1,0,1,119.64,,
74961,SG2-0200,2,0,2,119.64,,
74962,SG2-0300,4,0,4,59.03,,
74963,SG2-0400,2,0,2,71.52,,
74974,E70534-00-NAG,1,1,0,712.49,,
74976,E70534-05,7,3,4,739.99,,
74977,75155,0,0,0,8.68,,
74987,64544,0,0,0,192.50,,
74991,10615-01,0,0,0,42.10,,
74993,80-47232-03,0,0,0,385.94,,
74995,A80557,0,0,0,55.39,,
75000,R70651,4,2,2,42.60,,
75002,A80604,0,0,0,391.29,,
75003,T70448,0,0,0,692.92,,
75004,A80562,0,0,0,79.16,,
75005,A80558,0,0,0,85.22,,
75006,A80559,0,0,0,93.74,,
75007,E70524,12,4,8,403.52,,
75008,E70516,7,3,4,493.20,,
75009,E70517,5,2,3,692.92,,
75010,A80615,0,0,0,870.82,,
75011,T70450,0,0,0,1558.32,,
75012,T70451,0,0,0,1558.32,,
75013,A80560,0,0,0,55.39,,
75038,03-1033-4PK,9,5,4,28.24,,
75050,RMX4400-11,0,0,0,392.72,,
75068,KAPPA1010M,2,0,2,129.99,,
75069,KAPPA1050M,2,1,1,129.99,,
75084,01-0418-11,1,0,1,5999.99,,
75085,101584,7,2,5,95.46,,154.99
75086,101585,8,1,7,89.10,,141.69
75087,101586,9,3,6,503.78,,821.99
75088,101587,4,4,0,503.86,,822.09
75092,101574,3,2,1,47.99,,
75093,101575,3,3,0,47.99,,
75094,101576,6,2,4,49.99,,
75103,101448,10,3,7,1020.67,,1623.39
75104,101449,6,0,6,1238.44,,1946.59
75105,OT-0318HD-VEL,4,2,2,1181.15,,
75106,OT-0318HD-BKA,1,0,1,1181.15,,
75108,4320,3,1,2,35.72,,
75109,4321,15,11,4,61.23,,
75110,4322,9,3,6,45.95,,
75112,4324,2,2,0,54.99,,
75113,4325,6,1,5,39.99,,
75114,4368,9,4,5,93.47,,
75115,4369,2,0,2,30.25,,
75116,6008,12,4,8,44.44,,
75117,6008200,18,6,12,36.56,,
75118,7440,14,9,5,32.46,,
75119,7441,7,7,0,32.46,,
75120,7442,10,6,4,32.46,,
75121,7443,3,3,0,32.46,,
75122,7444,5,5,0,32.46,,
75123,7445,17,5,12,32.46,,
75124,7446,5,5,0,32.46,,
75125,7454,5,5,0,32.46,,
75126,7455,0,0,0,32.46,,
75127,7456,9,4,5,32.46,,
75128,7457,7,2,5,32.46,,
75129,7458,6,2,4,32.46,,
75130,7459,9,0,9,32.46,,
75131,7870,1,1,0,39.34,,
75132,8300,15,10,5,17.00,,
75133,4363,6,0,6,37.62,,
75134,4364,3,0,3,17.68,,
75135,4365,8,5,3,50.92,,
75136,4366,8,4,4,75.85,,
75137,4367,5,4,1,20.54,,
75138,166100,2,1,1,382.44,,
75148,010-12799-12,8,0,8,89.99,,
75149,010-12799-02,7,4,3,26.24,,
75150,010-12798-02,5,4,1,44.99,,
75151,010-12799-11,3,2,1,74.99,,
75152,010-12799-01,16,10,6,22.49,,
75153,010-12798-01,0,0,0,37.49,,
75154,010-12799-10,0,0,0,59.99,,
75155,010-12799-00,0,0,0,18.75,,
75156,010-12798-00,0,0,0,37.49,,
75162,F38-6800D,14,3,11,185.36,,
75163,RM500B,19,5,14,61.47,,
75164,RM800B,28,7,21,84.42,,
75165,RM1100B,56,11,45,108.25,,
75166,RM500B-24,32,6,26,69.21,,
75168,RM800B-24,14,6,8,96.35,,
75169,RM1100B-24,28,10,18,112.22,,
75170,98B,25,9,16,132.21,,
75171,99B,15,7,8,135.25,,
75172,98B-24,19,4,15,153.77,,
75173,99B-24,19,10,9,153.77,,
75178,980503241,4,0,4,26.94,,
75179,980508241,6,3,3,26.94,,
75181,24DA-35A,9,4,5,51.59,,
75182,25DA-35A,14,9,5,68.95,,
75183,66A,24,8,16,18.74,,
75184,45DR,34,24,10,30.38,,
75191,GX1800GB,6,6,0,212.99,,
75192,GX1800GW,25,11,14,212.99,,
75193,GX1850B,14,3,11,212.99,,
75194,GX1850W,54,17,37,212.99,,
75195,A80513,27,17,10,18.61,,
75196,ARM102,0,0,0,117.61,,
75198,710292-1,3,1,2,363.66,,
75206,S2-6322,0,0,0,119.91,,
75207,S2-0329,0,0,0,119.91,,
75208,MGD-1XL,7,7,0,106.94,,
75214,HTH-500,21,11,10,12.22,,
75215,HTH-625,15,6,9,15.56,,
75216,HTH-750,7,4,3,18.33,,
75217,HTH-1000,13,10,3,25.56,,
75218,HTH-1125,3,1,2,28.89,,
75219,HTH-1250,10,10,0,34.44,,
75220,HTH-1500,14,14,0,42.78,,
75221,HTH-2000,5,3,2,56.11,,
75222,HTH-500-S,14,7,7,22.22,,
75223,HTH-625-S,15,6,9,18.89,,
75224,HTH-750-S,11,9,2,18.89,,
75225,HTH-1000-S,6,6,0,22.78,,
75226,HTH-1125-S,4,3,1,23.89,,
75227,HTH-1250-S,15,10,5,38.33,,
75228,HTH-1500-S,6,4,2,47.22,,
75229,HTH-2000-S,8,4,4,57.78,,
75230,HVL-500,0,0,0,162.22,,
75231,HVL-750,0,0,0,155.56,,
75232,HVL-1000,3,2,1,154.44,,
75233,HVL-1500,2,2,0,176.11,,
75234,HVL-2000,2,2,0,213.89,,
75235,PN-500,13,0,13,5.00,,
75236,PN-750,0,0,0,6.67,,
75237,PN-1000,10,10,0,11.11,,
75238,PN-1250,17,10,7,19.44,,
75239,PN-1500,7,7,0,20.56,,
75240,PN-2000,3,3,0,29.44,,
75241,PN-2500,6,2,4,39.44,,
75242,PN-3000,0,0,0,72.78,,
75243,PN-4000,0,0,0,108.89,,
75244,PGN-50,23,10,13,15.56,,
75245,"PJR-A 12V",0,0,0,1914.87,,
75246,"PJR-A 24V",1,0,1,1925.13,,
75247,"PJR-B 12V",0,0,0,2368.72,,
75248,"PJR-B 24V",0,0,0,2378.97,,
75251,"PSR 115VAC",0,0,0,2420.00,,
75252,"PSR 230VAC",0,0,0,2403.59,,
75253,PST-1,3,1,2,183.89,,
75254,PST-2,5,2,3,262.78,,
75255,PST-3A,1,1,0,646.50,,
75256,PST-4,0,0,0,902.22,,
75257,PST-5,0,0,0,1066.67,,
75258,PST-6,0,0,0,742.22,,
75259,PTHC-5062,18,8,10,7.78,,
75261,PTHD-750,11,4,7,10.00,,
75262,PTHD-1000,17,7,10,12.22,,
75263,PTHD-1250,6,4,2,18.33,,
75264,PTHD-1500,5,0,5,27.22,,
75265,PTHD-2000,6,3,3,35.56,,
75266,PTHD-2500,4,4,0,68.89,,
75267,PTHD-3000,0,0,0,90.00,,
75268,RSC-1000,3,0,3,48.33,,
75269,RSC-2000,6,4,2,74.44,,
75272,RSC-4000,2,2,0,309.47,,
75277,010-12613-00,6,0,6,19.49,,
75278,010-12614-00,4,0,4,19.49,,
75279,010-12615-00,5,0,5,32.49,,
75280,010-12616-00,0,0,0,35.75,,
75281,010-12618-00,5,3,2,45.49,,
75282,010-12619-00,1,0,1,48.75,,
75283,010-12620-00,0,0,0,64.99,,
75284,010-12621-00,0,0,0,12.99,,
75285,010-12622-00,3,3,0,12.99,,
75287,010-12850-00,13,0,13,38.99,,
75295,010-12831-00,2,1,1,162.49,,
75297,010-12831-90,0,0,0,194.99,,
75300,010-12744-00,0,0,0,29.24,,
75301,010-12744-01,0,0,0,42.24,,
75302,010-12744-02,2,0,2,58.49,,
75305,SC-1000-L,4,2,2,21.67,,
75306,SC-1500-L,7,3,4,37.22,,
75307,SC-2500-L,2,0,2,67.22,,
75308,SC-1000,4,1,3,36.11,,
75309,SC-1500,1,1,0,75.00,,
75310,SC-2500,3,1,2,96.67,,
75311,12825,0,0,0,154.59,,
75313,"SPO-60-N 12V",5,2,3,330.00,,
75314,"SPO-60-N 24V",4,2,2,335.56,,
75315,"SPO-60-R 12V",0,0,0,472.78,,
75316,"SPO-60-R 24V",0,0,0,478.33,,
75321,"SPO-80-N 12V",0,0,0,850.00,,
75322,"SPO-80-N 24V",0,0,0,855.56,,
75323,"SPO-80-R 12V",0,0,0,1082.78,,
75324,"SPO-80-R 24V",0,0,0,1088.33,,
75329,STH-500-W,6,3,3,19.44,,
75330,STH-750-W,12,4,8,24.44,,
75331,STH-1000-W,7,2,5,33.33,,
75332,STH-1250-W,3,3,0,47.78,,
75333,STH-1500-W,3,3,0,53.33,,
75334,STH-2000-W,5,1,4,92.22,,
75335,STH-2500-W,3,2,1,149.17,,
75336,"STK-18 12V",4,3,1,275.12,,
75337,"STK-18 24V",0,0,0,280.00,,
75338,"STK-18 115VAC",1,0,1,281.95,,
75339,SW-2531,30,23,7,17.37,,
75340,TD-500,13,7,6,6.67,,
75341,TD-750,0,0,0,55.56,,
75342,THT-530,3,2,1,117.22,,
75343,THXL-750-W,20,14,6,23.89,,
75344,THXL-1000-W,1,1,0,30.56,,
75345,THXL-1250-W,6,4,2,49.44,,
75346,THXL-1500-W,10,5,5,52.78,,
75347,THXL-2000-W,1,1,0,72.78,,
75348,THXL-750-WS,8,7,1,32.78,,
75349,THXL-1000-WS,5,1,4,35.56,,
75350,THXL-1250-WS,4,0,4,43.33,,
75351,THXL-1500-WS,3,3,0,43.89,,
75352,THXL-2000-WS,5,2,3,47.78,,
75353,TS-350-T,5,3,2,156.67,,
75354,TWV-500,3,3,0,30.56,,
75355,TWV-750,8,4,4,38.33,,
75356,TWV-1500,1,1,0,162.78,,
75357,ULUBE-3,4,1,3,22.11,,
75358,WSB-500,0,0,0,32.78,,
75359,WSB-750,5,5,0,33.89,,
75360,WSB-1000,10,4,6,53.33,,
75361,WSB-1250,3,2,1,55.56,,
75362,WSB-500-P,6,2,4,35.00,,
75363,WSB-750-P,7,4,3,36.67,,
75364,WSB-1000-P,0,0,0,56.67,,
75365,WSB-1250-P,0,0,0,58.33,,
75371,SBV-1250-P,3,1,2,432.68,,
75372,SBV-1500-P,0,0,0,511.00,,
75373,SBV-2000-P,2,0,2,562.00,,
75374,SBV-2500-P,4,2,2,832.00,,
75375,SBV-3000-P,0,0,0,1374.50,,
75376,HSTH-750-W,7,6,1,12.78,,
75377,HSTH-1000-W,3,0,3,20.56,,
75378,HSTH-1250-W,8,0,8,36.67,,
75379,HSTH-1500-W,17,14,3,52.78,,
75380,HSTH-2000-W,5,2,3,59.44,,
75381,HSTH-2500-W,0,0,0,126.11,,
75382,HSTH-3000-W,0,0,0,173.33,,
75383,HSTH-4000-W,0,0,0,767.22,,
75384,HSTHXL-750-W,9,6,3,23.33,,
75385,HSTHXL-1000-W,0,0,0,33.89,,
75386,HSTHXL-1250-W,1,1,0,52.22,,
75387,HSTHXL-1500-W,0,0,0,56.11,,
75388,HSTHXL-2000-W,0,0,0,76.11,,
75389,HTHC-750-S,6,3,3,31.11,,
75390,HTHC-1000-S,7,3,4,38.33,,
75391,HTHC-1250-S,3,1,2,61.11,,
75392,HTHC-1500-S,3,3,0,109.44,,
75393,HTHC-2000-S,0,0,0,100.56,,
75394,SCUS-1245,0,0,0,81.67,,
75395,SCUS-1250,2,2,0,80.00,,
75396,SCUS-1290,2,2,0,85.00,,
75397,SCUS-1500,4,0,4,83.89,,
75398,SCUS-1590,5,2,3,103.33,,
75400,48-510,4,0,4,79.64,,
75403,40-506,7,0,7,25.32,,
75405,46-450,1,0,1,122.28,,
75406,WRAPC2-P,10,0,10,12.43,,
75407,WRAPC3-P,13,0,13,12.58,,
75408,WRAPC4-P,14,0,14,14.80,,
75412,22610-9007,9,3,6,335.64,,
75413,22610-9507,2,0,2,373.79,,
75415,23095-0007-P,68,45,23,43.37,,
75448,2102,8,4,4,51.58,,
75451,2112A,7,4,3,34.67,,
75469,33762,12,8,4,217.58,,
75472,33763,5,4,1,218.76,,
75474,33864,4,1,3,212.50,,
75475,33861,0,0,0,431.18,,
75476,33863,5,4,1,219.49,,
75479,770205,4,2,2,61.53,,
75480,770206,0,0,0,102.00,,
75481,M81135,0,0,0,1916.66,,
75482,0124000PLB,4,2,2,91.74,,
75483,012400099B,9,4,5,41.44,,
75488,010-12769-01,0,0,0,59.99,,
75489,G190200CASE,0,0,0,72.22,,
75491,G191419CASE,1,0,1,33.86,,
75493,G190315CASE,2,1,1,55.00,,
75494,G190526CASE,0,0,0,93.49,,
75509,M4100B12R,0,0,0,538.37,,
75510,M4100C12,5,2,3,528.67,,
75512,M4100P12,6,5,1,535.41,,
75513,M4100R12,0,0,0,556.71,,
75514,M5100B9R,0,0,0,617.87,,
75515,M5100C9,0,0,0,642.98,,
75516,M5100C9R,0,0,0,642.98,,
75517,M5100P9,0,0,0,584.73,,
75518,M5100R9,0,0,0,611.60,,
75519,"A-6 WHITE",0,0,0,364.73,,
75520,K00-00118-00,3,2,1,7.62,,
75521,B175C-20-L-MM,0,0,0,1170.14,1564.00,
75522,270113,18,6,12,15.54,,
75523,320101,17,10,7,60.24,,
75524,250101,9,5,4,66.27,,
75525,255101,13,8,5,66.67,,
75526,330101,5,3,2,66.01,,
75528,PP5200-16,0,0,0,392.72,,
75529,320000,3,1,2,29.80,,
75530,302603,9,4,5,1.98,,
75531,302606,0,0,0,10.94,,
75532,302624,0,0,0,19.23,,
75533,302648,0,0,0,6.63,,
75534,303602,0,0,0,2.00,,
75535,305606,10,5,5,8.94,,
75537,306903,0,0,0,4.36,,
75538,306906,3,0,3,10.57,,
75539,306948,8,6,2,17.26,,
75540,307602,0,0,0,3.93,,
75541,307603,6,2,4,5.90,,
75542,307606,0,0,0,9.92,,
75543,307903,0,0,0,5.90,,
75544,307924,1,0,1,17.99,,
75545,307948,7,3,4,20.48,,
75546,AIR-052-531,0,0,0,42.73,,
75549,AIR-335-661,0,0,0,81.82,,
75551,AIR-335-791,0,0,0,20.00,,
75552,327103,0,0,0,5.60,,
75553,AIR-335-792,0,0,0,20.00,,
75554,327106,0,0,0,7.29,,
75555,327603,0,0,0,5.60,,
75559,309302,0,0,0,479.76,,
75560,UP28R,3,2,1,655.95,,
75562,1852086,1,1,0,27.60,,
75563,MC70WH,0,0,0,22.60,,
75579,CS504-50W,0,0,0,740.95,,
75583,DE73104F,2,0,2,16.87,,
75584,DE73107F,24,6,18,15.61,,
75586,RF4054,7,4,3,55.53,84.96,
75587,RF4054A,6,2,4,55.53,84.96,
75588,RF4054B,7,4,3,55.53,84.96,
75589,GP1080-24,0,0,0,385.44,,
75590,BP-1,4,4,0,35.00,,
75591,BP-2,11,4,7,36.67,,
75592,BP-3,8,4,4,43.89,,
75593,BP-4,1,1,0,43.33,,
75594,BP-5,6,0,6,50.00,,
75595,BP-6,9,4,5,49.44,,
75596,BP-7,0,0,0,49.44,,
75597,BP-8,4,3,1,57.78,,
75598,BP-9,0,0,0,49.44,,
75599,BP-10,0,0,0,57.78,,
75600,BP-11,0,0,0,56.67,,
75601,BP-12,0,0,0,48.89,,
75602,BP-13,0,0,0,57.22,,
75603,BP-14,0,0,0,62.78,,
75604,BP-15,0,0,0,57.78,,
75606,BS-1,4,4,0,37.78,,
75607,BS-2,12,8,4,40.00,,
75608,BS-3,23,8,15,43.33,,
75609,BS-4,10,1,9,42.78,,
75610,BS-5,6,6,0,45.56,,
75611,BS-6,8,2,6,51.11,,
75612,BS-7,0,0,0,51.11,,
75613,BS-8,4,4,0,54.44,,
75614,BS-9,0,0,0,51.11,,
75615,BS-10,0,0,0,54.44,,
75616,BS-11,4,4,0,57.78,,
75617,BS-12,0,0,0,51.11,,
75618,BS-13,0,0,0,53.89,,
75619,BS-14,0,0,0,57.78,,
75620,BS-15,3,3,0,61.11,,
75621,BM-1,0,0,0,73.33,,
75622,BM-2,0,0,0,95.00,,
75623,BM-3,3,0,3,115.56,,
75624,BM-4,0,0,0,115.00,,
75625,BM-5,1,0,1,141.11,,
75626,BM-6,0,0,0,159.44,,
75627,BM-7,0,0,0,159.44,,
75628,BM-8,0,0,0,191.11,,
75629,BM-9,0,0,0,159.44,,
75630,BM-10,0,0,0,191.11,,
75631,BM-11,0,0,0,227.22,,
75632,BM-12,6,3,3,109.99,,
75633,BM-13,0,0,0,191.11,,
75634,BM-14,0,0,0,226.67,,
75635,BM-15,0,0,0,261.11,,
75636,19-1040,0,0,0,45.61,,
75637,010-12165-04,0,0,0,7.49,,
75643,010-12550-00,0,0,0,22.49,,
75647,A80564,2,2,0,68.17,,
75648,A80290,1,0,1,83.32,,
75649,A06078,0,0,0,34.08,,
75651,T70293,4,1,3,407.60,,
75652,A80049,2,0,2,1149.17,,1379.00
75653,A102150,0,0,0,76.69,,
75655,T12217,0,0,0,157.66,,
75656,A80012,0,0,0,1433.97,,1759.00
75657,556TID-HDD,0,0,0,1111.11,,
75682,FX-4MARINE2-PACK,5,2,3,80.19,,
75683,OCTAF1012,2,2,0,456.90,,
75685,OCTAF1212,5,2,3,492.24,,
75686,OCTAF2012,2,1,1,683.56,,
75692,SM-ACC-ACRE-240,6,4,2,82.80,,101.91
75693,T70452,2,1,1,1365.48,,
75696,E3009W,0,0,0,1219.32,1852.00,
75697,E3009B,0,0,0,1219.32,1852.00,
75698,E3009BW,0,0,0,1360.23,2066.00,
75700,E6009BW,0,0,0,1675.00,2545.00,
75701,E6009CD,0,0,0,1750.00,2659.00,
75754,101-001,3,1,2,278.79,,313.63
75755,101-001-B,0,0,0,278.79,,313.63
75756,ZDIGWLN10SM,2,2,0,162.88,,
75757,101-002,5,2,3,278.79,,313.63
75758,101-002-B,0,0,0,278.79,,313.63
75762,101-004,0,0,0,398.65,,448.49
75764,101-004-B,0,0,0,398.65,,448.49
75774,261213,0,0,0,156.24,249.99,
75775,261313,0,0,0,181.24,289.99,
75792,101059,6,0,6,16.46,,28.89
75793,101061,28,14,14,16.23,,28.59
75796,12802,6,2,4,25.56,,
75803,DPT-R-COMP,0,0,0,573.75,,
75806,201-004,1,0,1,447.67,,503.62
75807,201-004-B,0,0,0,447.67,,503.62
75812,201-010,0,0,0,398.65,,448.49
75813,201-010-B,0,0,0,398.65,,448.49
75816,201-011,3,0,3,683.71,,769.17
75860,201-011-B,0,0,0,683.71,,769.17
75872,201-013V,0,0,0,541.75,,609.47
75873,201-013V-B,0,0,0,541.75,,609.47
75874,83551,0,0,0,1045.92,,
75876,83552,0,0,0,823.83,,
75877,83555,0,0,0,1083.46,,
75878,83556,0,0,0,775.56,,
75879,83559,0,0,0,991.71,,
75881,83560,0,0,0,1016.92,,
75882,83561,0,0,0,785.89,,
75890,301-001,6,2,4,313.21,,352.36
75891,301-001-B,3,2,1,313.21,,352.36
75892,301-001ST,0,0,0,651.15,,732.54
75893,301-001ST-B,0,0,0,651.15,,732.54
75894,301-002,8,4,4,313.21,,352.36
75895,09-47165-01,0,0,0,16.30,,
75896,A80544,2,0,2,248.63,,
75898,63803,1,1,0,39.99,,
75899,606-32,16,4,12,4.99,,
75900,607-32,6,0,6,5.99,,
75901,608-32,10,7,3,10.99,,
75902,812-32,22,8,14,14.97,,
75903,870-32,6,3,3,12.33,,
75904,875-32,5,2,3,16.41,,
75905,880-32,18,9,9,8.50,,
75908,826-86,9,0,9,9.99,,
75912,905Q,1,1,0,2.99,,
75913,905G,5,5,0,12.99,,
75915,926,21,11,10,8.99,,
75916,925,0,0,0,11.57,,
75917,912,4,4,0,8.99,,
75918,950,6,2,4,8.99,,
75920,970,7,3,4,5.18,,
75921,975,0,0,0,17.38,,
75922,2032,8,0,8,6.99,,
75925,301-002-B,3,2,1,313.21,,352.36
75926,301-002ST,0,0,0,651.15,,732.54
75927,301-002ST-B,0,0,0,651.15,,732.54
75932,301-006,5,1,4,406.31,,457.09
75933,301-006-B,4,2,2,406.31,,457.09
75938,61429,3,0,3,235.00,,
75939,61430,2,2,0,199.00,,
75943,301-006ST,0,0,0,813.63,,915.34
75945,61427,2,1,1,281.07,,
75947,301-006ST-B,0,0,0,748.83,,842.43
75958,301-101,0,0,0,920.91,,1036.02
75959,301-101-B,0,0,0,920.91,,1036.02
75960,301-101ST,0,0,0,1758.12,,1977.89
75961,301-101ST-B,0,0,0,1758.12,,1977.89
75962,301-102,0,0,0,920.91,,1036.02
75963,301-102-B,0,0,0,920.91,,1036.02
75964,301-102ST,0,0,0,1754.52,,1977.89
75965,301-102ST-B,0,0,0,1758.12,,1977.89
75966,301-105,0,0,0,1229.01,,1382.63
75967,301-105-B,0,0,0,1229.01,,1382.63
75968,301-105ST,0,0,0,2009.27,,2260.43
75969,301-105ST-B,0,0,0,2009.27,,2260.43
75970,301-106,0,0,0,1105.09,,1243.23
75971,301-106-B,0,0,0,1105.09,,1243.23
75973,301-106ST,0,0,0,2009.27,,2260.43
75974,301-106ST-B,0,0,0,2009.27,,2260.43
75976,301-107,0,0,0,1105.09,,1243.23
75977,301-107-B,0,0,0,1105.09,,1243.23
75978,301-108,0,0,0,1105.09,,1243.23
75979,301-108-B,0,0,0,1105.09,,1243.23
75980,301-108ST,0,0,0,1758.12,,1977.89
75981,301-108ST-B,1,1,0,1758.12,,1977.89
75982,301-109,0,0,0,1105.09,,1243.23
75983,301-109-B,0,0,0,1105.09,,1243.23
75984,301-109ST,0,0,0,1758.12,,1977.89
75985,301-109ST-B,0,0,0,1758.12,,1977.89
75997,PWSA-751,8,8,0,6.11,,
75998,PWSA-1001,22,13,9,8.33,,
75999,PWSA-1251,9,5,4,8.33,,
76006,WSA-751,16,12,4,5.00,,
76007,WSA-1001,7,2,5,21.11,,
76008,WSA-1251,0,0,0,6.11,,
76013,93-1250-01,0,0,0,16.67,,
76015,93-2000-01,2,1,1,23.33,,
76016,93-3000-01,6,4,2,40.56,,
76023,93-1250-02,3,1,2,12.78,,
76024,93-2000-02,2,2,0,21.11,,
76026,93-3000-02,4,2,2,32.78,,
76027,93-1250-03,0,0,0,11.11,,
76028,93-2000-03,7,3,4,23.89,,
76030,93-3000-03,8,4,4,40.56,,
76038,ARG-1001-PC,3,3,0,22.78,,
76039,ARG-1501-PC,9,9,0,26.11,,
76040,TSM810C-01,0,0,0,2634.41,,
76041,ARG-501-PC,4,4,0,15.56,,
76042,ARG-503,7,4,3,38.33,,
76043,ARG-753,0,0,0,44.44,,
76044,ARG-1003,0,0,0,56.11,,
76045,ARG-1253,0,0,0,62.78,,
76046,ARG-1503,4,2,2,90.56,,
76047,ARG-2003,2,0,2,108.89,,
76053,101060,15,6,9,16.55,,28.99
76067,A2K-GCF-0M25,100,81,19,34.30,,
76070,02-300-512,0,0,0,1000.00,1280.00,
76071,GP1040-32,0,0,0,334.53,,
76072,01052,8,4,4,3.87,,
76082,815CAXBX,14,11,3,59.60,69.99,
76084,010-10253-00,12,12,0,14.99,,
76086,385230980,8,5,3,135.19,,
76087,385310151,2,1,1,22.64,,
76088,810073,20,20,0,27.85,51.97,
76090,165001P,14,6,8,59.99,,
76092,SPD-13-W,0,0,0,472.50,,
76093,010-12163-00,0,0,0,26.24,,
76094,SPH-13-W,2,2,0,444.38,,
76095,SPD-9-W,1,1,0,447.19,,
76096,SPH-9-W,2,1,1,385.31,,
76098,SV-1,0,0,0,86.25,,
76102,980520601,1,0,1,79.39,,
76105,352,75,35,40,15.15,,
76106,"GPB-1 12V",0,0,0,316.11,,
76107,GPBR-1,0,0,0,444.44,,
76111,40200,0,0,0,68.74,89.99,
76130,A80614,0,0,0,166.66,,
76131,A06082,15,3,12,34.08,,
76132,A06083,3,3,0,34.08,,
76133,A06084,0,0,0,34.08,,
76134,93096,0,0,0,14.14,,
76136,2018,4,0,4,15.37,,
76139,93272,0,0,0,3.47,,
76153,ELCIBRKR50SS,4,4,0,580.26,967.50,
76157,ELCIBRKR30PW,3,3,0,526.15,777.60,
76158,ELCIBRKR50PW,2,2,0,559.04,826.20,
76165,PKF30,7,2,5,58.46,86.40,
76166,PKF50,3,3,0,82.22,121.50,
76167,PKM30,7,3,4,61.51,90.90,
76168,PKM50,11,5,6,61.51,90.90,
76169,PKF30G,13,8,5,25.58,37.80,
76170,PKF50G,6,0,6,35.94,53.10,
76173,93072,0,0,0,12.71,,
76174,SF200B,1,0,1,269.41,399.00,
76181,556TID-LTD/12,0,0,0,888.89,,
76216,010-01248-60,0,0,0,862.49,,
76226,P101E12,2,1,1,831.26,,
76227,P102E12,0,0,0,886.06,,
76229,121613,0,0,0,612.49,979.99,
76232,010-12717-30,0,0,0,32.49,,
76233,010-12717-20,0,0,0,38.99,,
76236,010-12846-02,1,0,1,22.49,,
76237,010-12846-01,10,0,10,26.24,,
76238,010-12846-00,0,0,0,22.49,,
76239,010-11824-01,0,0,0,7.49,,
76240,A2C1352150002,0,0,0,1296.62,2086.92,
76241,A2C1352150003,1,1,0,1399.99,2979.90,
76242,A2C1865330001,0,0,0,817.59,1421.01,
76243,A2C1352150001,1,1,0,369.99,786.42,
76244,A2C1352090001,0,0,0,171.56,318.60,
76245,A2C1352080001,0,0,0,171.56,318.60,
76247,A2C1352010001,0,0,0,171.56,318.60,
76248,A2C1351990001,0,0,0,171.56,318.60,
76249,A2C1351980001,0,0,0,171.56,318.60,
76250,A2C1351970001,0,0,0,171.56,318.60,
76251,A2C1349730001,0,0,0,48.05,89.10,
76254,A2C1349700001,0,0,0,48.05,89.10,
76262,A2C1066150001,0,0,0,48.05,89.10,
76263,A2C1066140001,0,0,0,48.05,89.10,
76264,A2C1066130001,0,0,0,48.05,89.10,
76265,RA2028211300,0,0,0,2444.68,2640.25,
76266,RA2028211400,0,0,0,2444.68,2640.25,
76267,RA2034211300,0,0,0,2444.68,2640.25,
76268,RA2034211400,0,0,0,2444.68,2640.25,
76269,RA2040211300,0,0,0,2444.68,2640.25,
76270,RA2040211400,0,0,0,2444.68,2640.25,
76271,RA2046211300,0,0,0,2444.68,2640.25,
76272,RA2046211400,0,0,0,2444.68,2640.25,
76273,RA2050211300,0,0,0,2444.68,2640.25,
76274,RA2050211400,0,0,0,2444.68,2640.25,
76277,020-00200-10,0,0,0,277.49,,
76279,1510,0,0,0,53.54,,
76281,RA2028214100,0,0,0,4308.93,5096.85,
76282,RA2028214200,0,0,0,4719.31,5096.85,
76284,RA2028215100,0,0,0,4719.31,5096.85,
76285,RA2028215200,0,0,0,4719.31,5096.85,
76286,RA2034214100,1,0,1,3984.22,,
76287,RA2034214200,0,0,0,4719.31,5096.85,
76288,RA2034215100,0,0,0,4719.31,5096.85,
76289,RA2034215200,0,0,0,4719.31,5096.85,
76290,RA2040214100,1,0,1,4308.93,5096.85,
76291,RA2040214200,0,0,0,4719.31,5096.85,
76292,RA2040215100,0,0,0,4719.31,5096.85,
76293,RA2040215200,0,0,0,4719.31,5096.85,
76294,RA2046214100,0,0,0,4875.89,5767.49,
76295,RA2046214200,0,0,0,5340.26,5767.49,
76296,RA2046215100,0,0,0,5340.26,5767.49,
76297,RA2046215200,0,0,0,5340.26,5767.49,
76298,RA2050214100,0,0,0,4875.89,5767.49,
76299,RA2050214200,0,0,0,5340.26,5767.49,
76300,RA2050215100,0,0,0,5340.26,5767.49,
76301,RA2050215200,0,0,0,5340.26,5767.49,
76303,OC16SUK08,0,0,0,43.08,,
76304,SCM-DL-WBR,3,2,1,79.00,,109.00
76308,SCM-CL-BB/GW,2,0,2,26.90,,37.95
76309,SCM-CL-RGB,2,0,2,26.90,,37.95
76312,A2C1066120001,0,0,0,48.05,89.10,
76313,A2C1066110001,0,0,0,48.05,89.10,
76314,A2C1066100001,0,0,0,48.05,89.10,
76315,80-511-0001-00,0,0,0,39.41,,
76316,80-511-0003-00,23,4,19,37.35,,
76317,A2C1066090001,1,1,0,41.99,89.10,
76318,A2C1066080001,0,0,0,48.05,89.10,
76321,A2C1066050001,0,0,0,48.05,89.10,
76322,A2C1066040001,0,0,0,48.05,89.10,
76325,88152-3,0,0,0,6.24,,
76326,A2C1066030001,2,2,0,19.99,89.10,
76327,A2C1066020001,0,0,0,48.05,89.10,
76328,A2C1066010001,0,0,0,48.05,89.10,
76329,A2C1066000001,0,0,0,48.05,89.10,
76331,A2C1065980001,2,2,0,39.00,89.10,
76332,A2C1065970001,3,1,2,32.99,89.10,
76333,A2C1065950001,0,0,0,48.05,89.10,
76334,A2C1065940001,0,0,0,48.05,89.10,
76335,A2C1065930001,1,1,0,41.99,89.10,
76336,A2C1065920001,0,0,0,48.05,89.10,
76337,A2C1065910001,0,0,0,48.05,89.10,
76338,A2C1065900001,1,0,1,19.99,89.10,
76339,A2C1065890001,0,0,0,48.05,89.10,
76342,A2C1065860001,2,0,2,39.00,89.10,
76343,A2C1065850001,0,0,0,48.05,89.10,
76345,A2C1065840001,0,0,0,48.05,89.10,
76347,A2C1065830001,1,0,1,39.00,89.10,
76349,A2C1065820001,1,1,0,124.99,287.19,
76351,A2C1065810001,4,2,2,119.99,287.19,
76353,A2C1065720001,0,0,0,154.68,287.19,
76355,A2C1065670001,1,1,0,124.00,287.19,
76360,A2C1065660001,0,0,0,154.68,287.19,
76369,19-0423,0,0,0,18.16,,
76370,A2C59501980,0,0,0,278.18,447.75,
76371,A2C59501984,2,2,0,399.09,675.99,
76372,A2C59501981,0,0,0,544.94,923.13,
76373,80-511-0002-00,0,0,0,37.35,,
76374,80-511-0004-00,13,5,8,37.35,,
76375,80-511-0009-00,6,2,4,37.24,,
76376,80-511-0006-00,0,0,0,37.35,,
76377,80-511-0008-00,1,1,0,37.35,,
76380,80-511-0010-00,0,0,0,38.02,,
76381,80-511-0031-00,17,11,6,14.13,,
76397,GP1900-11,0,0,0,319.99,,
76401,ZDIGNLINK,6,6,0,219.54,,
76407,H001F00,2,0,2,47.82,,
76408,H004F00,0,0,0,32.12,,
76409,H005F00,1,0,1,59.62,,
76411,IRID-INT-9555,0,0,0,33.33,,
76412,H006F00,3,0,3,51.71,,
76413,H007F00,2,0,2,59.62,,
76416,23-145A,4,4,0,113.65,,
76418,1001755,4,4,0,585.00,686.00,
76419,E70532,3,3,0,479.99,,
76420,E70534,7,3,4,659.99,,
76421,E70536,0,0,0,1099.99,,
76432,831ST-3-DISK,2,2,0,44.99,,
76434,832ST-3-125,3,2,1,74.99,,
76435,832ST-7-125,2,2,0,79.99,,
76436,856WH-345,2,0,2,54.99,,
76444,32181,20,11,9,10.23,17.99,
76446,32183,57,24,33,9.99,17.99,
76452,60918,5,3,2,86.78,,
76456,104213,0,0,0,193.74,309.99,
76460,173613,0,0,0,193.74,309.99,
76464,MSK-EXT,0,0,0,39.77,57.30,
76465,010-12133-00,0,0,0,3.75,,
76466,MA-OC8,99,68,31,42.99,,
76467,RA2028011300,0,0,0,3143.64,3475.97,
76468,RA2028011400,0,0,0,3143.64,3475.97,
76469,RA2034011300,0,0,0,3256.55,3600.81,
76470,RA2034011400,0,0,0,3256.55,3600.81,
76471,RA2040011300,0,0,0,3443.17,3807.16,
76472,RA2040011400,0,0,0,3443.17,3807.16,
76473,RA2046011300,0,0,0,3723.10,4116.69,
76474,RA2046011400,0,0,0,3723.10,4116.69,
76475,RA2050011300,0,0,0,3816.41,4219.86,
76476,RA2050011400,0,0,0,3816.41,4219.86,
76478,RA2028014100,0,0,0,4875.89,5767.49,
76479,RA2028014200,0,0,0,5216.07,5767.49,
76480,RA2028015100,0,0,0,5216.07,5767.49,
76481,400203,0,0,0,237.49,379.99,
76482,RA2028015200,0,0,0,5216.07,5767.49,
76483,400213,0,0,0,237.49,379.99,
76485,RA2034014100,0,0,0,5032.90,5953.20,
76486,RA2034014200,0,0,0,5384.03,5953.20,
76487,400233,0,0,0,237.49,379.99,
76488,RA2034015100,0,0,0,5384.03,5953.20,
76489,400243,1,0,1,237.49,379.99,
76490,400253,0,0,0,337.49,539.99,
76491,RA2034015200,0,0,0,5384.03,5953.20,
76492,400263,0,0,0,337.49,539.99,
76494,400283,0,0,0,337.49,539.99,
76495,400293,0,0,0,337.49,539.99,
76496,RA2040014100,1,0,1,5181.18,6128.60,
76497,RA2040014200,0,0,0,5542.66,6128.60,
76498,RA2040015100,0,0,0,5542.66,6128.60,
76499,RA2040015200,0,0,0,5542.66,6128.60,
76500,RA2046014100,0,0,0,5861.54,6933.37,
76501,RA2046014200,0,0,0,6270.49,6933.37,
76502,RA2046015100,0,0,0,6270.49,6933.37,
76503,RA2046015200,0,0,0,6270.49,6933.37,
76504,RA2050014100,0,0,0,6254.05,7397.65,
76505,RA2050014200,0,0,0,6690.38,7397.65,
76506,RA2050015100,0,0,0,6690.38,7397.65,
76507,RA2050015200,0,0,0,6690.38,7397.65,
76508,B175M/12,0,0,0,1155.56,,
76509,B175M/20,0,0,0,1422.22,,
76510,B75M,0,0,0,666.67,,
76511,B150M,0,0,0,404.25,449.00,
76512,B785M,0,0,0,800.00,,
76513,SS75M/12,0,0,0,666.67,,
76514,SS75M/20,1,1,0,666.67,,
76515,TM185M,1,1,0,888.89,,
76516,B285M,0,0,0,1155.56,,
76517,SS75H/20,0,0,0,666.67,,
76518,B175HW/20,0,0,0,1244.44,,
76520,480083,0,0,0,62.49,99.99,
76521,480093,19,16,3,62.49,99.99,
76522,480103,0,0,0,62.49,99.99,
76528,480333,0,0,0,62.49,99.99,
76540,80-600-0022-00,0,0,0,354.11,,
76541,400-034,0,0,0,185.57,,208.77
76542,SPC10,4,3,1,29.33,,
76543,SPC15T,6,2,4,61.25,,
76546,304874020,4,2,2,1445.94,,
76547,C5050-12-00015,3,0,3,19.24,,
76548,C5050-12-00025,7,0,7,25.16,,
76550,C5050-16-00025,12,12,0,34.38,,
76551,C5050-16-00035,13,11,2,42.10,,
76553,C5050-20-00025,5,5,0,42.38,,
76554,C5050-20-00035,5,5,0,54.61,,
76557,C5050-24-00025,6,6,0,61.19,,
76559,C5050-24-00050,2,0,2,112.29,,
76561,C5059-12-00025,8,8,0,26.22,,
76562,C5059-16-00015,12,12,0,26.58,,
76565,C5059-20-00015,18,15,3,31.32,,
76566,C5059-20-00025,5,5,0,45.62,,
76567,C5059-20-00035,5,5,0,58.71,,
76569,C5059-20-00050,6,0,6,85.19,,
76570,C5059-24-00025,4,4,0,66.98,,
76571,C5059-24-00035,9,5,4,89.44,,
76572,C5059-24-00050,7,0,7,119.66,,
76573,C5054-12-00015,23,11,12,22.34,,
76574,C5054-12-00020,4,4,0,31.05,,
76575,C5054-12-00025,2,2,0,30.40,,
76576,C5054-16-00015,12,12,0,31.29,,
76577,C5054-16-00025,11,11,0,40.89,,
76579,C5054-20-00015,25,13,12,33.37,,
76580,C5054-20-00025,6,6,0,49.51,,
76581,C5054-20-00035,6,6,0,63.30,,
76584,C5054-24-00025,11,6,5,77.82,,
76585,C5054-24-00035,6,1,5,98.37,,
76587,C5053-12-00015,12,6,6,21.10,,
76588,C5053-12-00025,5,5,0,30.40,,
76589,C5053-16-00015,5,5,0,31.29,,
76590,C5053-16-00025,7,1,6,40.89,,
76592,C5053-20-00015,13,2,11,35.22,,
76595,C5053-20-00050,5,0,5,96.28,,
76596,C5053-24-00025,2,2,0,77.82,,
76601,40206,17,17,0,4.53,,
76602,C6050-12-00015,11,11,0,13.94,,
76605,C6050-16-00015,8,0,8,19.75,,
76607,C6050-16-00035,10,10,0,32.97,,
76608,C6050-20-00015,24,11,13,24.65,,
76609,C6050-20-00025,12,0,12,34.41,,
76612,C6050-24-00025,6,0,6,45.78,,
76613,C6050-24-00035,6,0,6,59.01,,
76614,C6050-24-00050,9,9,0,62.27,,
76618,C6054-16-00015,1,1,0,22.69,,
76620,C6054-16-00035,6,6,0,41.22,,
76624,C6054-20-00050,2,0,2,81.11,,
76626,C6054-24-00035,12,10,2,74.34,,
76629,C6053-12-00025,12,12,0,20.29,,
76630,C6053-16-00015,13,13,0,22.69,,
76631,C6053-16-00025,1,1,0,30.33,,
76633,C6053-20-00015,6,6,0,29.01,,
76638,244276,0,0,0,109.00,,
76639,12860,12,8,4,29.19,,
76642,X2000,2,1,1,7.61,,
76643,003-1000-7,0,0,0,12.14,,
76644,003-1100-7,0,0,0,12.14,,
76645,003-1200-7,0,0,0,12.14,,
76646,003-2000-7,0,0,0,12.14,,
76647,003-2100-7,0,0,0,12.14,,
76648,003-2200-7,0,0,0,12.14,,
76649,003-4000-7,0,0,0,12.14,,
76650,003-4100-7,0,0,0,12.14,,
76652,003-5000-7,0,0,0,12.14,,
76654,003-5200-7,0,0,0,12.14,,
76680,011-1500-7,0,0,0,9.21,,
76681,011-3500-7,3,3,0,9.21,,
76682,541-0000-7,9,9,0,27.00,,
76683,541-0100-7,9,5,4,27.00,,
76685,600-ACSM-KIT,0,0,0,474.52,,
76686,1684DP0CHR,4,1,3,123.68,,
76715,V12-0003BKA50-1,0,0,0,56.38,,
76717,RF568,0,0,0,11.52,17.63,
76719,1PCHGAL,5,3,2,112.50,,
76722,1PCHQT,17,5,12,38.75,,
76724,1PKOGAL,40,30,10,33.25,,
76726,1062,0,0,0,149.93,,
76727,33834,10,7,3,213.65,,
76728,A80542,0,0,0,104.16,,
76729,20002CASE,0,0,0,111.68,,
76730,20004CASE,1,0,1,296.32,,
76731,010-12829-00,10,3,7,19.49,,
76732,20032CASE,5,0,5,104.92,,
76733,20012CASE,3,0,3,140.31,,
76734,25002CASE,0,0,0,98.22,,
76735,25003CASE,0,0,0,59.91,,
76736,25014CASE,0,0,0,117.83,,
76737,25016CASE,0,0,0,78.18,,
76738,F38-6810B-1,0,0,0,196.82,,
76739,MERK,5,4,1,27.41,,
76775,NTECH-EPS,3,1,2,1990.23,,
76776,SILVERSTEERXP1,2,2,0,1221.86,,
76778,SILVERSTEERXP2,0,0,0,1221.86,,
76779,SILVERSTEERXP2T,2,2,0,1469.86,,
76781,"ZTF TILLER Y1",0,0,0,2037.22,,
76782,"ZTF TILLER Y2",4,2,2,2037.22,,
76801,35040,0,0,0,111.86,,
76803,38005,0,0,0,165.53,,
76804,33037A,19,4,15,54.77,,
76807,BBWX4,1,1,0,404.19,,
76810,165T-CM54,0,0,0,1777.78,,
76811,165T/275LHW,0,0,0,3288.89,,
76813,TM265C-LH-MM,0,0,0,1220.40,1644.00,
76823,RH5327V,2,2,0,89.42,,
76827,"S-1 COBALT BLUE",0,0,0,18.99,,
76828,"S-1 WHITE",20,10,10,18.99,,
76829,"S-1 BLUE",0,0,0,18.99,,
76838,LLB-36MN-81-00,3,3,0,215.68,,
76842,647-560,0,0,0,66.55,,
76846,F38-6610D,9,3,6,165.28,,
76847,SET0088,0,0,0,112.44,,
76863,010-12908-00,11,10,1,187.49,,
76864,010-12909-00,3,1,2,374.99,,
76870,010-12928-01,0,0,0,1349.99,,
76872,010-12928-00,0,0,0,63.75,,
76873,010-12928-02,0,0,0,67.49,,
76876,010-C1205-00,0,0,0,149.99,,
76878,010-C1204-00,0,0,0,149.99,,
76903,133432,18,9,9,22.42,47.97,
76907,01-66-027,5,2,3,26.99,,
76908,02-66-022,0,0,0,72.95,,
76909,133401,7,7,0,65.78,119.97,
76921,22005,18,9,9,3.69,4.99,
76922,22214,22,8,14,13.51,,
76923,22213,16,0,16,47.25,,
76924,22239,13,12,1,7.77,,
76925,22241,24,0,24,7.77,,
76926,22240,17,10,7,21.37,,
76927,22250,44,36,8,74.63,,
76928,22001,35,5,30,4.98,5.49,
76929,22003,35,18,17,8.82,9.99,
76930,22004,7,1,6,3.83,4.49,
76931,998504001,6,2,4,100.66,,
76932,22254,13,6,7,22.32,23.99,
76933,22255,50,21,29,60.98,63.99,
76934,22206,23,20,3,5.71,,
76935,22207,52,26,26,7.68,,
76936,40333,1,0,1,55.26,99.99,
76937,A80498,0,0,0,68.17,,
76938,30445,39,32,7,5.08,8.79,
76939,GP2500-33,0,0,0,276.35,,
76940,30204,15,7,8,8.36,15.99,
76941,30570,46,23,23,24.42,44.79,
76945,30205,12,12,0,6.55,12.79,
76947,30213,10,7,3,10.70,16.79,
76949,30215,48,34,14,10.70,16.79,
76950,30306,78,47,31,14.05,24.79,
76951,30573,56,23,33,7.49,12.79,
76952,30574,23,13,10,12.49,20.79,
76953,010-11202-02,2,1,1,164.99,,
76954,010-11202-03,2,1,1,26.24,,
76955,30616,28,12,16,11.75,19.99,
76956,30604,24,17,7,20.39,29.99,
76960,30324,198,97,101,5.99,8.79,
76962,30586,16,7,9,11.38,20.79,
76967,010-12390-10,10,0,10,44.99,,
76971,MRGB10W,13,9,4,108.89,,
76980,MGD-10XL,32,19,13,187.19,,
76981,MGD-1,15,3,12,106.94,,
76984,MCK508WB.64S,12,5,7,185.43,,
76988,MC425BA,2,2,0,75.22,,
76989,MCBK425BA,12,11,1,96.73,,
76996,CG1-100C,4,1,3,380.23,,
76997,PP5050-33,0,0,0,370.90,,
76998,PP4800-10,0,0,0,356.35,,
76999,PP5030-02,0,0,0,399.99,,
77000,PP4900-11,0,0,0,356.35,,
77001,R509C-LH,0,0,0,4175.09,5599.00,
77002,R509C-LHW,0,0,0,4408.87,5899.00,
77014,E12139,0,0,0,749.99,,
77017,BCA310V-110-12,4,2,2,229.99,,
77020,IPSI1200-20-110,2,0,2,299.00,,
77022,PWI320-12,4,0,4,486.26,,
77023,PWI320-24,0,0,0,486.26,,
77024,PWS1000-110-12,0,0,0,985.64,,
77025,PWS1000-110-24,0,0,0,985.64,,
77026,VTC305-12-24,0,0,0,449.36,,
77027,VTC605-12-24,0,0,0,733.90,,
77028,VCH10W-12,1,0,1,371.46,,
77029,VCH10W-24,5,2,3,371.46,,
77030,BCH10W-12,0,0,0,391.96,,
77031,BCH10W-24,4,2,2,391.96,,
77032,IBI1-40-200,0,0,0,183.12,,
77034,IBI2-40-200,0,0,0,227.96,,
77038,010-12852-00,14,3,11,33.75,,
77045,"ATLANTIS 155",23,10,13,62.16,,
77046,"ATLANTIS 275",25,17,8,106.70,,
77048,GS-800-1,4,2,2,550.10,,699.99
77049,676,4,4,0,7.43,,
77060,520070-1,13,0,13,5.66,,
77061,520072-1,0,0,0,6.48,,
77062,ARG-2500,0,0,0,658.89,,
77063,520091-1,14,10,4,5.23,,
77064,ARG-2500-P,0,0,0,522.78,,
77065,520092-1,20,12,8,5.10,,
77066,ARG-2500-S,4,2,2,523.89,,
77067,520093-1,16,15,1,5.60,,
77068,ARG-2503,4,2,2,120.00,,
77069,520094-1,48,19,29,5.60,,
77070,520045-1,12,9,3,11.45,,
77071,357399-1,0,0,0,1.65,,
77074,230106-1,5,5,0,34.77,,
77077,230107-1,2,2,0,35.85,,
77084,502006-1,3,3,0,23.76,,
77096,522105-1,9,6,3,10.00,,
77106,531112,10,1,9,9.89,,
77107,521700-1,5,3,2,7.15,,
77110,521663-1,13,7,6,5.29,,
77112,521664-1,12,8,4,6.58,,
77113,521655-1,11,9,2,11.50,,
77115,521500-1,8,8,0,6.35,,
77117,351100,7,4,3,72.76,,
77119,351110,7,7,0,66.66,,
77120,351119,8,5,3,17.61,,
77123,30674,2,2,0,78.09,89.99,
77126,30370,56,39,17,43.39,64.99,
77130,30340,32,18,14,8.95,15.99,
77135,491134-1,2,0,2,26.92,,
77136,491140-1,5,0,5,25.19,,
77137,491070-1,0,0,0,17.55,,
77138,491080-1,10,5,5,17.77,,
77141,491090-1,2,2,0,19.69,,
77142,491060-1,0,0,0,5.35,,
77143,491100-1,5,3,2,22.98,,
77144,491105-1,3,2,1,23.32,,
77145,491107-1,0,0,0,20.47,,
77146,HCP1500HP,14,11,3,26.86,42.99,
77147,HCP2000HP,8,5,3,33.11,52.99,
77148,HCP2500HP,0,0,0,39.99,63.99,
77151,491012-1,11,4,7,23.21,,
77152,491013-1,17,12,5,29.48,,
77153,491024-1,1,1,0,34.61,,
77154,490300-1,13,8,5,19.50,,
77155,491051-1,0,0,0,8.27,,
77156,50840-0024,22,11,11,398.89,,
77157,491361-1,4,0,4,8.08,,
77158,37041-0011,11,7,4,267.91,,
77159,37072-0094,11,2,9,210.94,,
77161,50890-1100,7,3,4,321.62,,
77168,299190-1,4,3,1,24.11,,
77169,299201B-1,1,1,0,3.55,,
77170,299201W-1,10,10,0,3.55,,
77171,299202B-1,0,0,0,3.74,,
77172,299202W-1,11,11,0,3.74,,
77173,299204B-01,5,2,3,3.81,,
77174,491110-1,3,3,0,7.74,,
77175,491115-1,0,0,0,21.95,,
77176,588071-1,5,3,2,21.84,,
77177,588074-1,6,2,4,21.84,,
77178,588510-1,8,6,2,13.47,,
77179,588520-1,2,2,0,21.06,,
77180,588450-1,10,4,6,14.31,,
77181,327124-1,6,1,5,24.00,,
77182,327130-1,9,6,3,16.71,,
77183,327135-1,0,0,0,31.97,,
77184,299204W-1,13,12,1,3.81,,
77185,426506-1,2,2,0,35.52,,
77186,426505-1,13,5,8,22.82,,
77187,426513-1,5,3,2,26.92,,
77188,426515-1,18,7,11,16.26,,
77189,P1030DW,35,17,18,13.70,,
77190,426517-1,2,1,1,19.73,,
77191,426520-1,9,3,6,16.82,,
77192,426527-1,1,1,0,21.30,,
77193,426560-1,0,0,0,28.05,,
77194,431510-1,12,7,5,88.36,,
77195,431520-1,6,4,2,171.94,,
77196,405950-1,2,0,2,121.19,,
77197,405951-1,0,0,0,144.47,,
77199,400080-1,0,0,0,76.94,,
77200,LG4-NY,2,0,2,30.72,,
77201,LG4-BK,4,1,3,29.99,,
77202,MGV550B,11,6,5,306.47,,
77207,403010-1,7,6,1,10.48,,
77208,403020-1,4,1,3,13.06,,
77209,403060-1,0,0,0,52.18,,
77211,401321-1,14,6,8,9.71,,
77212,401320-1,22,11,11,9.53,,
77229,301110060WH-1,5,5,0,24.11,,
77254,LLB-32KC-01-00,0,0,0,49.38,,
77257,302110010BK-1,1,1,0,5.93,,
77263,302110010WH-1,9,9,0,5.80,,
77264,302110015BK-1,3,3,0,7.75,,
77271,302110020BK-1,11,11,0,9.75,,
77278,302110020WH-1,0,0,0,9.61,,
77279,302110025BK-1,11,11,0,11.51,,
77283,001-506-900-00,0,0,0,444.55,,
77285,302110025WH-1,0,0,0,11.33,,
77286,302110050BK-1,0,0,0,18.65,,
77287,302112010BK-1,12,12,0,8.34,,
77292,302112010WH-1,5,5,0,7.25,,
77293,302112015BK-1,0,0,0,11.06,,
77300,302112015WH-1,7,7,0,10.89,,
77301,302112020BK-1,4,4,0,14.06,,
77308,302112020WH-1,0,0,0,13.83,,
77309,302112025BK-1,8,8,0,16.84,,
77314,302112025WH-1,0,0,0,16.53,,
77315,302112030BK-1,6,6,0,20.48,,
77317,302112030WH-1,0,0,0,17.76,,
77318,302112035BK-1,0,0,0,24.01,,
77322,302112050BK-1,0,0,0,27.60,,
77323,302116015BK-1,6,6,0,17.85,,
77329,302116020BK-1,6,6,0,25.81,,
77334,302116020WH-1,0,0,0,21.60,,
77335,302116025BK-1,11,11,0,29.36,,
77337,302116025WH-1,0,0,0,26.05,,
77338,302116030BK-1,0,0,0,34.88,,
77341,302116030WH-1,0,0,0,31.24,,
77342,302116035BK-1,0,0,0,40.95,,
77345,302116035WH-1,4,4,0,35.10,,
77346,302116050BK-1,0,0,0,50.19,,
77347,302116050WH-1,6,0,6,46.64,,
77348,302119025BK-1,0,0,0,38.03,,
77350,302119025WH-1,0,0,0,34.64,,
77351,302119030BK-1,3,3,0,35.36,,
77352,302119035BK-1,0,0,0,51.06,,
77354,302119035WH-1,0,0,0,50.26,,
77355,302119050BK-1,2,2,0,54.87,,
77358,561010-1,15,4,11,13.08,,
77359,561012-1,18,8,10,13.71,,
77360,561016-1,18,9,9,14.02,,
77361,561019-1,18,10,8,15.81,,
77365,582501-1,3,1,2,60.31,,
77366,582502-1,3,2,1,51.83,,
77367,582503-1,6,5,1,39.71,,
77370,XT-SF-170-IR,4,0,4,489.97,,
77377,254106-1,6,5,1,20.17,,
77378,254112-1,5,0,5,28.15,,
77379,254118-1,0,0,0,34.21,,
77380,254124-1,5,5,0,38.15,,
77381,254209-1,3,3,0,28.05,,
77382,254212-1,7,4,3,30.02,,
77383,254218-1,0,0,0,36.02,,
77384,254224-1,6,3,3,42.41,,
77385,254312-1,4,1,3,28.36,,
77386,254318-1,6,5,1,36.35,,
77387,254324-1,3,3,0,45.44,,
77388,254509-1,0,0,0,54.42,,
77389,254512-1,0,0,0,54.42,,
77390,254518-1,0,0,0,61.48,,
77391,751010-1,26,20,6,2.90,,
77392,751011-1,11,3,8,2.95,,
77394,751030-1,4,4,0,9.27,,
77395,751062-1,11,7,4,4.94,,
77396,752010-1,0,0,0,19.69,,
77397,753864-1,10,5,5,10.60,,
77398,753874-1,13,8,5,10.90,,
77399,753877-1,0,0,0,6.89,,
77400,755220-1,0,0,0,16.40,,
77401,331320-1,0,0,0,41.24,,
77403,331330-1,6,6,0,34.77,,
77404,331335-1,6,0,6,24.53,,
77405,331340-1,0,0,0,36.58,,
77406,331350-1,17,7,10,40.73,,
77407,331360-1,23,23,0,2.55,,
77408,331370-1,25,23,2,2.77,,
77409,331375-1,0,0,0,7.42,,
77410,331380-1,5,2,3,5.60,,
77411,331390-1,5,5,0,7.98,,
77412,331400-1,9,9,0,13.65,,
77413,331405-1,10,2,8,18.21,,
77414,331410-1,10,10,0,14.19,,
77415,331424-1,5,5,0,5.35,,
77416,331425-1,14,7,7,7.61,,
77417,331440-1,10,10,0,11.03,,
77418,331450-1,8,1,7,17.18,,
77419,331600-1,6,2,4,4.56,,
77420,331620-1,0,0,0,7.68,,
77421,335653-1,0,0,0,68.79,,
77424,12822,6,5,1,21.00,,
77426,335740-1,3,3,0,7.15,,
77427,335745-1,7,2,5,7.55,,
77428,335750-1,10,3,7,8.21,,
77429,335755-1,0,0,0,8.65,,
77430,335760-1,11,8,3,9.18,,
77431,335765-1,5,1,4,9.18,,
77432,336140-1,8,1,7,15.84,,
77433,336145-1,17,10,7,11.39,,
77434,336150-1,15,7,8,11.45,,
77435,336152-1,14,8,6,11.45,,
77436,A80320,0,0,0,1315.83,,1579.00
77437,336155-1,0,0,0,10.31,,
77438,336157-1,0,0,0,11.19,,
77439,336160-1,16,8,8,15.69,,
77440,336162-1,12,10,2,15.76,,
77441,336165-1,0,0,0,15.68,,
77442,336167-1,20,10,10,14.31,,
77444,336182-1,0,0,0,15.10,,
77445,336185-1,7,2,5,16.29,,
77447,336187-1,5,4,1,18.31,,
77448,336262-1,4,2,2,19.45,,
77449,336282-1,12,6,6,21.61,,
77450,336340-1,19,10,9,11.81,,
77451,336345-1,12,9,3,11.81,,
77454,336352-1,16,7,9,11.66,,
77455,336355-1,17,7,10,8.51,,
77456,336357-1,20,10,10,11.66,,
77457,336360-1,37,1,36,16.45,,
77458,336362-1,0,0,0,16.45,,
77459,336365-1,0,0,0,14.61,,
77460,336367-1,16,10,6,14.61,,
77461,336380-1,7,2,5,19.53,,
77462,336382-1,1,1,0,19.53,,
77463,336385-1,17,8,9,18.61,,
77464,336387-1,15,11,4,18.61,,
77481,708-0030,0,0,0,62.21,,
77482,708-0040,0,0,0,7.32,,
77483,708-0050,0,0,0,12.59,,
77484,708-0060,0,0,0,4.66,,
77486,708-0080,7,3,4,13.66,,
77498,RLS-508-402,19,10,9,95.63,,
77499,RLS-509-402,7,3,4,88.31,,
77500,RLS-509-404,0,0,0,82.69,,
77577,415044-1,9,5,4,9.40,,
77578,415047-1,4,2,2,10.37,,
77579,415054-1,9,5,4,9.95,,
77580,415057-1,6,2,4,8.81,,
77581,415082-1,0,0,0,9.40,,
77582,415092-1,17,3,14,4.34,,
77583,415094-1,5,5,0,4.76,,
77584,415110-1,6,6,0,5.69,,
77585,415115-1,0,0,0,6.55,,
77587,415210-1,17,7,10,9.47,,
77588,222500-1,10,0,10,5.95,,
77589,222501-1,3,3,0,6.79,,
77590,222502-1,24,10,14,7.39,,
77591,222503-1,9,5,4,6.31,,
77592,222522-1,17,8,9,9.47,,
77593,222710-1,8,5,3,21.66,,
77594,222712-1,8,4,4,19.69,,
77595,225400-1,13,5,8,29.89,,
77596,225420-1,8,3,5,26.35,,
77597,226312-1,1,1,0,12.87,,
77598,227023-1,0,0,0,5.98,,
77599,227030-1,0,0,0,5.98,,
77600,227108-1,20,12,8,7.61,,
77601,227135-1,7,6,1,6.42,,
77602,227141-1,17,5,12,3.37,,
77603,221842-1,4,0,4,4.94,,
77604,221860-1,0,0,0,24.71,,
77605,221880-1,20,7,13,25.76,,
77606,221910-1,0,0,0,33.06,,
77607,221920-1,0,0,0,20.77,,
77608,221930-1,3,3,0,8.74,,
77609,222435-1,7,2,5,67.46,,
77610,222440-1,1,1,0,85.66,,
77611,221982L-1,2,1,1,77.06,,
77612,222380-1,8,8,0,17.77,,
77616,321291-1,0,0,0,32.68,,
77618,321292-1,0,0,0,30.26,,
77619,321295-1,0,0,0,28.02,,
77620,321296-1,0,0,0,30.26,,
77621,321581-1,15,11,4,10.19,,
77624,321582-1,15,9,6,11.15,,
77627,321583-1,15,10,5,8.61,,
77635,321402-1,0,0,0,22.61,,
77637,321404-1,0,0,0,22.61,,
77642,321422-1,0,0,0,22.77,,
77643,321424-1,0,0,0,23.98,,
77644,321426-1,4,1,3,24.00,,
77645,321462-1,0,0,0,23.55,,
77647,321463-1,1,0,1,23.55,,
77649,321464-1,0,0,0,22.20,,
77650,321466-1,0,0,0,22.32,,
77662,321473-1,0,0,0,25.52,,
77664,321474-1,0,0,0,23.80,,
77671,321476-1,0,0,0,25.48,,
77674,321482-1,0,0,0,24.76,,
77677,321483-1,2,2,0,24.76,,
77679,321484-1,0,0,0,24.76,,
77682,321486-1,6,3,3,24.76,,
77683,321488-1,0,0,0,27.53,,
77684,321489-1,3,0,3,27.53,,
77685,321492-1,0,0,0,27.53,,
77687,325028-1,6,2,4,13.73,,
77688,325029-1,6,6,0,13.73,,
77691,325044-1,8,0,8,11.92,,
77692,325060-1,23,8,15,5.29,,
77693,325061-1,4,4,0,5.29,,
77694,325120-1,0,0,0,8.21,,
77695,325121-1,0,0,0,9.66,,
77696,325122-1,0,0,0,9.66,,
77697,325140-1,8,8,0,12.52,,
77698,325141-1,8,0,8,12.52,,
77699,325150-1,8,0,8,38.71,,
77700,325160-1,16,13,3,8.52,,
77701,325161-1,16,8,8,8.34,,
77702,325168-1,19,16,3,24.42,,
77704,325173-1,6,1,5,36.45,,
77705,325175-1,14,6,8,32.86,,
77706,325190-1,5,5,0,101.31,,
77707,325199-1,1,0,1,18.02,,
77708,325233-1,6,3,3,49.20,,
77709,325235-1,0,0,0,51.62,,
77710,325236-1,18,10,8,49.94,,
77711,325613-1,6,6,0,11.88,,
77712,325615-1,0,0,0,15.86,,
77713,325925-1,5,3,2,9.11,,
77714,GP1030-02,0,0,0,363.62,,
77716,326510-3,1,1,0,118.00,,
77717,326515-3,1,1,0,151.34,,
77718,326520-3,3,2,1,105.30,,
77719,326525-3,5,3,2,135.47,,
77720,326530-3,0,0,0,104.24,,
77721,326535-3,4,2,2,136.00,,
77722,326580-3,4,2,2,51.31,,
77723,326585-3,1,1,0,77.04,,
77724,326598-1,5,2,3,71.96,,
77725,8309819,2,2,0,3.38,,
77726,326599-1,0,0,0,32.14,,
77727,AN110,17,9,8,11.19,,
77728,AN150SR,15,8,7,13.43,19.99,
77729,1181067,8,4,4,16.15,,
77730,ANT1B,10,3,7,5.92,,
77731,ACDC3212,0,0,0,76.00,,
77744,B265C-LM-MM,0,0,0,1560.47,2064.00,
77755,32807,0,0,0,106.33,,
77756,66400,4,1,3,56.25,,
77757,66242,14,4,10,43.75,,
77758,66244,1,0,1,28.75,44.99,
77759,66412,4,2,2,28.75,,
77760,66414,24,24,0,15.00,,
77761,88146,0,0,0,75.00,,
77762,88144-2,0,0,0,156.25,,
77764,88152-4,16,0,16,6.24,,
77765,88152-5,18,10,8,7.49,,
77766,88152-6,8,0,8,7.49,,
77775,A2K-4WD-1,57,39,18,104.90,,
77780,33703,0,0,0,39.38,,
77782,AV3012,4,3,1,546.82,,
77787,010-12842-01,0,0,0,18.75,,
77788,010-12842-02,0,0,0,14.99,,
77789,010-12938-00,8,0,8,22.49,,
77790,010-12842-00,5,4,1,97.49,,
77791,010-12841-01,0,0,0,18.75,,
77792,010-12841-02,0,0,0,14.99,,
77793,010-12841-00,11,6,5,89.99,,
77800,RMX4600-06,0,0,0,414.53,,
77805,PO414DWC-20,0,0,0,184.71,,
77808,SBB2,0,0,0,27.42,,
77811,NDA-3,13,13,0,15.98,,
77812,LFLD-6,3,3,0,138.35,,
77817,LPD-8,0,0,0,151.32,,
77818,LPD-10,0,0,0,189.58,,
77828,RLBL,2,2,0,26.98,,
77829,RJBM,0,0,0,18.36,,
77832,RUBS,0,0,0,14.59,,
77834,401412-1,0,0,0,22.42,,
77835,401413-1,18,8,10,21.74,,
77836,401417-1,7,5,2,19.04,,
77837,401418-1,0,0,0,25.79,,
77838,401420-1,6,5,1,34.44,,
77839,401421-1,0,0,0,34.44,,
77840,401422-1,10,0,10,34.44,,
77842,400193-1,1,1,0,42.64,,
77844,400198-1,3,3,0,50.78,,
77845,400200-1,0,0,0,40.83,,
77848,400208-1,5,5,0,55.09,,
77851,400353-1,4,1,3,47.21,,
77852,400358-1,0,0,0,70.90,,
77853,400400-1,9,8,1,51.43,,
77854,400410-1,0,0,0,75.60,,
77858,400710-3,11,10,1,38.71,,
77859,400730-3,8,3,5,43.64,,
77861,401240-1,7,2,5,10.87,,
77862,401270-1,10,5,5,16.10,,
77863,401274-1,11,5,6,15.03,,
77864,FASP4881TCCAA00,0,0,0,386.16,,
77865,400070-1,10,3,7,58.41,,
77866,400071-1,2,0,2,45.89,,
77867,400073-1,7,6,1,45.89,,
77868,400078-1,4,1,3,55.81,,
77869,400079-1,0,0,0,71.43,,
77870,400110-1,3,1,2,22.09,,
77872,400130-1,4,4,0,18.97,,
77873,400135-1,0,0,0,9.95,,
77874,400136-1,5,3,2,26.26,,
77875,400140-1,0,0,0,18.44,,
77876,400016-1,0,0,0,61.26,,
77878,400020-1,0,0,0,16.45,,
77880,400023-1,5,2,3,43.76,,
77881,585-0220-7,2,2,0,238.00,,
77882,400026-1,3,2,1,50.79,,
77886,405110-1,0,0,0,25.79,,
77887,405115-1,0,0,0,24.11,,
77890,405335-3,3,1,2,80.96,,
77896,328112-1,14,8,6,15.92,,
77897,328114-1,5,3,2,20.53,,
77898,328115-1,9,9,0,8.52,,
77899,328120-1,0,0,0,30.62,,
77900,328190-1,3,0,3,3.31,,
77901,328195-1,8,6,2,4.76,,
77902,328196-1,17,9,8,5.35,,
77903,328197-1,16,9,7,7.74,,
77904,327122-1,0,0,0,20.29,,
77905,424617-1,0,0,0,54.23,,
77906,424623-1,0,0,0,35.06,,
77907,424627-1,0,0,0,43.64,,
77908,424636-1,0,0,0,42.49,,
77909,426120-1,15,5,10,7.39,,
77910,421615-1,6,0,6,12.32,,
77911,421617-1,8,5,3,22.42,,
77912,421625-1,5,5,0,25.23,,
77913,421610-1,13,5,8,39.00,,
77914,421620-1,9,5,4,51.59,,
77917,431310-1,9,4,5,15.12,,
77918,431210-1,8,3,5,33.65,,
77919,431230-1,0,0,0,29.17,,
77920,431250-1,0,0,0,29.73,,
77921,431430-1,12,8,4,15.85,,
77923,432510-1,0,0,0,191.89,,
77924,432520-1,6,4,2,301.68,,
77926,432620-1,0,0,0,248.80,,
77927,431115-1,1,1,0,35.92,,
77928,431110-1,3,1,2,28.05,,
77929,431120-1,0,0,0,53.86,,
77930,431125-1,7,2,5,63.49,,
77931,431151-1,9,6,3,28.77,,
77932,431153-1,0,0,0,20.18,,
77933,431152-1,0,0,0,21.03,,
77934,S00-00522-04,0,0,0,2.89,,
77935,010-12773-00,3,3,0,97.49,,
77936,660040-1,5,3,2,59.20,,
77937,660020-1,1,1,0,59.59,,
77938,420350-1,8,5,3,27.48,,
77954,420488-1,0,0,0,13.60,,
77955,420486-1,20,13,7,12.76,,
77956,420487-1,17,8,9,13.31,,
77957,420498-1,11,2,9,16.29,,
77958,420496-1,18,8,10,13.60,,
77959,420495-1,14,5,9,7.74,,
77960,06-01-001,0,0,0,13.56,,
77961,06-01-002,0,0,0,13.39,,
77962,06-01-003,0,0,0,13.22,,
77963,06-01-004,0,0,0,18.38,,
77964,06-01-005,0,0,0,16.15,,
77965,06-01-006,0,0,0,16.15,,
77966,06-01-007,0,0,0,17.52,,
77967,06-01-008,0,0,0,16.15,,
77969,06-01-010,0,0,0,20.08,,
77970,06-01-011,0,0,0,18.88,,
77972,06-01-013,4,2,2,18.99,,
77973,06-01-014,2,0,2,21.99,,
77974,06-01-015,0,0,0,22.67,,
77975,06-01-016,0,0,0,20.25,,
77976,06-01-017,0,0,0,27.13,,
77977,06-01-018,3,2,1,19.80,,
77979,06-01-019,0,0,0,34.34,,
77980,06-01-020,0,0,0,52.02,,
77981,06-01-021,0,0,0,26.10,,
77982,41671,3,0,3,57.75,109.99,
77983,06-02-022,0,0,0,39.49,,
77984,06-02-023,0,0,0,29.71,,
77985,06-02-024,0,0,0,40.86,,
77986,06-02-025,0,0,0,39.49,,
77987,06-02-026,0,0,0,53.75,,
77988,41672,1,0,1,71.84,129.99,
77989,06-02-027,0,0,0,48.24,,
77990,06-02-028,0,0,0,45.67,,
77992,06-02-029,5,0,5,56.99,,
77993,06-02-030,0,0,0,81.55,,
77994,41675,2,2,0,120.31,219.99,
77995,06-02-031,0,0,0,76.58,,
77996,06-02-032,0,0,0,95.30,,
77997,06-02-033,4,2,2,93.99,,
77998,06-02-034,2,0,2,99.99,,
77999,001-464-280-00,0,0,0,105.45,,
78001,70-17,1,0,1,34.10,,
78012,010-01499-00,3,1,2,126.49,,
78024,25SA-6WC,18,5,13,90.28,,
78025,RMX4400-09,0,0,0,392.72,,
78028,010-12920-00,0,0,0,63.75,,
78031,010-C1128-00,0,0,0,131.24,,
78034,189ATP,0,0,0,990.18,,
78035,"8/6 RS",1,0,1,10.48,,
78036,"10 RS",5,2,3,9.00,,
78037,"10/6 RS",13,13,0,10.73,,
78038,"12 PM",8,5,3,10.80,,
78039,"12/6 PM",5,1,4,14.18,,
78040,"14 PM",3,0,3,11.14,,
78041,"14/8 PM",0,0,0,14.71,,
78042,"10 VRS",0,0,0,17.21,,
78043,"12 VRS",0,0,0,18.56,,
78044,SM4,1,0,1,23.96,,
78045,SM6,32,9,23,27.00,,
78046,SM8,11,8,3,34.76,,
78047,FRBBA213,3,1,2,95.18,,
78048,FRBBA219,1,1,0,101.53,,
78050,1680DP012V,3,0,3,54.75,,
78058,SMP4,0,0,0,36.45,,
78059,SMP6,0,0,0,41.53,,
78060,SMP8,1,1,0,53.16,,
78064,PRS,11,5,6,7.68,,
78092,SS175C-12-L-MM,0,0,0,1231.11,1624.00,
78093,010-12887-00,8,8,0,12.99,,
78094,010-12888-00,5,0,5,12.99,,
78095,010-12889-00,2,0,2,19.49,,
78096,010-12890-00,4,2,2,19.49,,
78097,010-12892-00,4,2,2,19.49,,
78098,010-12893-00,3,0,3,19.49,,
78099,010-12894-00,0,0,0,32.49,,
78100,010-12895-00,12,5,7,6.49,,
78101,010-12896-00,3,0,3,6.49,,
78102,S00-00522-15,0,0,0,23.19,,
78103,S00-00522-16,0,0,0,26.09,,
78104,S00-00522-17,0,0,0,23.19,,
78105,010-12717-00,0,0,0,32.49,,
78106,010-12717-10,0,0,0,35.75,,
78114,010-12878-00,0,0,0,19.49,,
78115,51960,0,0,0,33.22,,
78116,010-12878-10,12,9,3,19.49,,
78117,010-12878-20,1,1,0,12.99,,
78118,010-12878-30,0,0,0,12.99,,
78119,010-12879-00,0,0,0,19.49,,
78120,010-12879-10,0,0,0,17.54,,
78122,010-12879-30,1,1,0,19.49,,
78123,010-12880-00,0,0,0,25.99,,
78124,010-12880-10,1,0,1,25.99,,
78125,010-12880-20,0,0,0,19.49,,
78126,010-12880-30,0,0,0,19.49,,
78131,S00-00522-23,10,5,5,1.74,,
78132,S00-00522-22,0,0,0,2.89,,
78133,S11-04551-20,2,0,2,12.55,,
78134,S00-01195-00,3,0,3,5.79,,
78139,S00-00522-20,19,11,8,1.74,,
78141,S00-00522-19,0,0,0,1.15,,
78144,S00-00522-21,1,1,0,2.89,,
78145,S11-04640-00,0,0,0,3.24,,
78147,S00-01196-00,0,0,0,2.89,,
78153,010-12789-00,10,4,6,19.49,,
78154,010-12789-10,15,12,3,19.49,,
78155,010-12789-20,10,5,5,12.99,,
78175,UC116-I,1,0,1,435.92,,
78177,34000,3,3,0,156.53,,
78181,IL200P-24,10,6,4,59.41,,
78183,217,20,11,9,19.68,,29.98
78185,000-033-337-00,0,0,0,191.82,,
78186,GP1800-10,0,0,0,312.72,,
78208,D00342H,4,2,2,25.50,31.00,
78210,SC28,0,0,0,309.38,,
78211,KITOBDBR-02',8,5,3,125.13,,
78212,KITOBDBR-04',1,1,0,125.13,,
78213,KITOB-06',5,3,2,122.44,,
78226,RC88CAP12V,0,0,0,1867.19,2539.37,
78229,300-138,0,0,0,2968.67,,3339.75
78230,A1200SCPEIC,18,10,8,91.89,,
78231,33751,9,8,1,110.40,,
78232,22014-P,6,3,3,87.24,,
78235,LLB-366N-31-10,4,1,3,96.55,,
78236,PP5050-15,0,0,0,370.90,,
78237,PP4400-12,0,0,0,269.08,,
78238,22005CASE,0,0,0,41.14,,
78239,22213CASE,4,0,4,175.49,,
78240,22239CASE,1,1,0,86.57,,
78241,22241CASE,2,0,2,86.57,,
78242,22240CASE,2,1,1,119.06,,
78243,22250CASE,7,6,1,277.20,,
78244,22001CASE,5,0,5,27.77,,
78245,22003CASE,5,3,2,49.11,,
78246,22004CASE,1,0,1,21.34,,
78247,22254CASE,2,1,1,82.91,,
78248,22255CASE,12,5,7,243.91,,
78252,22206CASE,1,1,0,63.60,,
78253,22207CASE,4,2,2,85.54,,
78254,30445CASE,6,5,1,28.95,,
78255,SSP-100-KIT,0,0,0,282.95,408.40,
78256,30204CASE,2,1,1,47.63,,
78257,SSP-150-KIT,0,0,0,328.41,474.00,
78258,30570CASE,10,5,5,92.80,,
78259,ADJ-28,1,1,0,85.45,123.30,
78261,SC-05,6,3,3,58.30,84.20,
78262,SC-10,6,3,3,90.00,129.90,
78264,30205CASE,2,2,0,37.35,,
78266,30213CASE,1,1,0,60.98,,
78269,30306CASE,12,7,5,80.10,,
78270,30573CASE,8,3,5,42.68,,
78271,30574CASE,3,2,1,71.18,,
78272,30616CASE,4,2,2,66.98,,
78273,30604CASE,3,2,1,116.25,,
78277,30586CASE,2,1,1,64.88,,
78279,30674CASE,0,0,0,296.75,,
78280,30370CASE,13,9,4,164.90,,
78281,30340CASE,5,3,2,51.00,,
78282,30324CASE,16,8,8,77.10,,
78290,JAHD240BT,14,6,8,79.55,129.95,
78294,6353EL-B.GRAY,0,0,0,74.90,,
78297,LLB-46WW-3A-SS,0,0,0,64.93,,
78298,LLB-46WW-3A-BN,0,0,0,64.93,,
78301,TMS10,0,0,0,12.79,,
78302,TMS12,3,3,0,16.88,,
78303,FFMK,0,0,0,128.63,,
78304,FFMG,1,0,1,104.99,,
78307,90512,17,15,2,36.88,,
78310,FFWC,3,1,2,109.99,,
78311,TR,0,0,0,12.23,,
78312,SAS-900,0,0,0,1819.30,,
78314,TMCV,2,2,0,78.75,,
78315,PWC3H,1,1,0,13.48,,
78316,PWC1/2,0,0,0,19.91,,
78317,LLB-36MN-41-00,3,2,1,208.07,,
78318,PWCGW10,1,1,0,16.06,,
78319,PWC12,5,4,1,11.14,,
78320,PWC12SH,38,35,3,11.88,,
78321,PWCETS,5,4,1,15.19,,
78323,BOWA0651,0,0,0,2954.66,3781.97,
78324,BPPJA,0,0,0,668.06,,
78330,CQWB,3,3,0,40.16,,
78331,COW,0,0,0,20.95,,
78332,BTD,0,0,0,10.93,,
78333,EBCTD,0,0,0,28.09,,
78334,DS,2,2,0,11.55,,
78335,MCS,0,0,0,9.63,,
78336,BGTD,8,2,6,6.89,,
78337,SSBGTD,7,3,4,14.18,,
78338,WS16,2,1,1,12.49,,
78339,WS20,6,3,3,13.23,,
78340,WS16S,55,55,0,15.53,,
78341,WS20S,30,13,17,18.23,,
78342,WS25,2,0,2,14.58,,
78343,WS16T,1,0,1,13.16,,
78344,WS20T,0,0,0,14.18,,
78345,WS25T,0,0,0,15.19,,
78346,WSY20,5,0,5,21.60,,
78347,WSY25,11,5,6,24.30,,
78348,WSY30,0,0,0,30.74,,
78349,WS3Y20,23,19,4,29.03,,
78350,WS3Y25,7,4,3,33.75,,
78351,WS3Y30,0,0,0,38.48,,
78352,GP1050-33,0,0,0,327.26,,
78353,RT40,6,1,5,72.90,,
78354,SSRT40,0,0,0,106.65,,
78355,RT50,2,2,0,42.99,,
78356,RT50SH,2,2,0,45.40,,
78357,RTB,0,0,0,11.24,,
78358,RTB-U,0,0,0,11.24,,
78359,RTB80,0,0,0,11.24,,
78360,RTB-E,0,0,0,13.80,,
78361,1QRTD2,0,0,0,18.24,,
78362,1QRTD4,0,0,0,18.90,,
78363,1QT2,0,0,0,19.00,,
78364,1QT3,0,0,0,20.18,,
78365,1QT4,0,0,0,20.95,,
78366,TTDS1/2,0,0,0,19.91,,
78367,TTDS1/3,1,1,0,20.25,,
78368,TTDS1/4,0,0,0,20.59,,
78369,1PB2,0,0,0,18.56,,
78370,1PB4,0,0,0,19.24,,
78371,RTD3,0,0,0,24.98,,
78372,RTD4,3,3,0,25.65,,
78373,RTD6,0,0,0,26.33,,
78374,UTD,0,0,0,20.93,,
78375,TTD2,28,9,19,26.33,,
78376,TTD3,0,0,0,27.00,,
78377,TTD4,6,2,4,27.68,,
78378,TTD5,2,2,0,28.01,,
78379,TTD6,1,1,0,28.35,,
78380,QRTD2,0,0,0,20.93,,
78381,QRTD4,7,7,0,21.60,,
78382,QRTD6,0,0,0,21.60,,
78383,QRTD2VP,0,0,0,24.64,,
78384,QRTD4VP,4,4,0,24.98,,
78385,QRTD6VP,0,0,0,25.65,,
78387,2PB4,2,2,0,21.94,,
78388,2PB6,1,0,1,22.61,,
78389,2PB2VP,0,0,0,24.98,,
78390,2PB4VP,0,0,0,25.99,,
78391,2PB6VP,0,0,0,26.33,,
78392,R2TTD3,3,2,1,35.05,,
78393,R2TTD5,1,0,1,36.11,,
78395,31038,0,0,0,26.20,,
78399,PBGW10,0,0,0,13.96,,
78400,PBGW13,0,0,0,14.38,,
78401,PBGW16,0,0,0,15.19,,
78402,QRGW10,3,3,0,8.99,,
78403,QRGW13,0,0,0,14.38,,
78404,QRGW16,2,2,0,15.19,,
78405,R1GW10,9,6,3,15.86,,
78406,R1GW13,5,5,0,16.88,,
78407,R1GW16,4,4,0,17.89,,
78408,GW2/10,0,0,0,12.89,,
78409,GW2/13,0,0,0,13.43,,
78410,GW2/16,0,0,0,14.10,,
78411,GW2/18,0,0,0,14.58,,
78412,GW2/20,0,0,0,14.85,,
78413,SS1QRTD2,0,0,0,34.15,,
78414,SS1QRTD4,1,1,0,24.99,,
78415,SS1QRTD6,0,0,0,36.58,,
78416,SSRTD3,4,2,2,62.78,,
78417,SSRTD4,4,2,2,63.11,,
78418,SSRTD6,3,2,1,63.58,,
78419,SSRGW10,0,0,0,38.26,,
78420,SSRGW13,0,0,0,39.08,,
78421,SSRGW16,1,0,1,40.76,,
78422,SSTTD3,2,2,0,64.15,,
78423,SSTTD4,4,2,2,75.26,,
78424,SSTTD6,4,2,2,76.88,,
78425,SS/QRTD3,0,0,0,20.34,,
78426,SS/QRTD4,2,2,0,58.65,,
78427,SS/QRTD6,3,3,0,59.33,,
78428,SS/GW210,0,0,0,19.24,,
78429,SS/GW213,0,0,0,19.91,,
78430,SS/GW216,0,0,0,20.25,,
78431,SS/GW220,0,0,0,20.93,,
78432,RW,1,1,0,15.86,,
78433,RW2,0,0,0,10.46,,
78434,RW2/S,0,0,0,11.34,,
78435,CW,0,0,0,7.01,,
78436,CW2,0,0,0,7.76,,
78440,LS,3,3,0,11.81,,
78441,VRC,0,0,0,30.30,,
78442,703S-01600,0,0,0,16.30,,
78443,MSR,0,0,0,22.40,,
78444,DKMS,0,0,0,23.96,,
78445,RSS,0,0,0,8.90,,
78446,ETS,9,5,4,24.56,,
78447,SO/O,0,0,0,19.03,,
78448,PS,0,0,0,12.28,,
78449,RS57,6,5,1,8.98,,
78451,PPC-RS,1,0,1,58.39,,
78452,RRW16,1,1,0,12.89,,
78453,RRW32,0,0,0,13.84,,
78454,RPW10,0,0,0,7.89,,
78455,RPW16,0,0,0,8.44,,
78456,FDRW,0,0,0,8.06,,
78458,101545,19,6,13,83.40,,122.19
78470,PP4502,0,0,0,276.35,,
78639,100-418-430-10,0,0,0,20.91,,
78648,906704,4,2,2,343.74,549.99,
78652,01-0420-SL,0,0,0,522.33,,
78669,7311,0,0,0,81.56,,
78670,7312,4,2,2,81.56,,
78671,7313,0,0,0,81.56,,
78672,7314,0,0,0,81.56,,
78673,7316,0,0,0,81.56,,
78674,88925,1,1,0,562.49,,
78675,7317,0,0,0,81.56,,
78676,88925-1,0,0,0,562.49,,
78687,229F,4,1,3,36.47,54.95,
78688,230F,5,3,2,78.03,117.95,
78693,300F,6,2,4,31.62,47.95,
78699,379F,6,2,4,35.16,52.95,
78752,6230,7,5,2,31.21,48.05,
78753,6231,6,4,2,39.65,61.05,
78754,6238,8,4,4,68.31,105.20,
78755,6239,6,2,4,76.21,117.35,
78756,6240,5,3,2,87.96,135.45,
78757,6241,5,2,3,95.00,146.30,
78761,HS-40,16,11,5,63.63,,
78763,91-001-220A-C,0,0,0,303.09,394.25,
78770,883213,0,0,0,1124.99,1799.99,
78772,SP38-2,0,0,0,4409.30,,
78773,SP38-4,0,0,0,3989.30,,
78775,SP38-17,0,0,0,3429.30,,
78776,SP38-18,0,0,0,4899.30,,
78780,TS38,0,0,0,1330.00,,
78781,NF38,0,0,0,1330.00,,
78783,20310025,0,0,0,1260.00,,
78791,SC-CW-RCV-MU,2,2,0,7.11,,
78793,APT-F-150-01,4,2,2,323.44,,
78796,67,19,2,17,8.78,,
78821,403061-1,16,10,6,51.06,,
78829,010-12829-03,16,5,11,19.49,,
78830,010-12817-02,0,0,0,12.99,,
78831,010-12745-01,20,17,3,19.49,,
78836,DT2B-TM,10,6,4,89.21,,
78851,LLB-32KW-11-00,0,0,0,49.38,,
78875,273100-1,0,0,0,6.35,,
78876,273101-1,3,3,0,7.15,,
78877,273110-1,1,1,0,6.19,,
78878,273111-1,6,6,0,6.85,,
78879,273175-1,6,6,0,4.10,,
78880,273176-1,4,4,0,4.03,,
78881,273180-1,0,0,0,4.21,,
78882,273181-1,0,0,0,3.97,,
78883,273580-1,26,15,11,3.90,,
78884,273581-1,0,0,0,3.74,,
78885,270100-1,18,10,8,10.82,,
78886,270101-1,7,5,2,11.45,,
78887,270111-1,23,15,8,14.58,,
78888,270180-1,37,37,0,4.50,,
78890,270191-1,22,10,12,13.47,,
78891,270175-1,0,0,0,9.63,,
78892,S1R,4,2,2,27.06,39.00,
78893,273200-1,8,2,6,4.39,,
78894,273201-1,6,6,0,5.66,,
78895,273205-1,3,0,3,5.35,,
78896,273206-1,1,1,0,4.56,,
78898,273231-1,3,0,3,6.06,,
78899,273240-1,0,0,0,6.79,,
78900,273241-1,0,0,0,6.85,,
78901,270200-1,6,6,0,12.26,,
78902,270205-1,7,0,7,15.53,,
78903,270230-1,10,10,0,12.85,,
78904,270235-1,12,8,4,16.35,,
78905,270240-1,1,0,1,12.45,,
78906,270245-1,3,0,3,14.85,,
78907,270260-1,14,8,6,10.85,,
78908,273300-1,14,14,0,3.08,,
78909,589610-1,5,5,0,20.29,,
78910,588130-3,0,0,0,15.03,,
78911,010-12697-00,0,0,0,18.75,,
78912,010-12525-01,0,0,0,8.79,,
78915,T70321,0,0,0,1558.32,,
78917,010-12812-02,2,2,0,12.99,,
78918,001-533-250-00,0,0,0,101.82,,
78964,600-TLM-SIF,5,4,1,48.07,,
78966,010-12547-02,13,4,9,22.49,,
78968,211409,1,0,1,8.67,,
78969,211408,8,4,4,8.67,,
78970,211419,4,2,2,9.05,,
78971,211418,10,7,3,8.67,,
78972,211429,4,2,2,12.90,,
78973,211428,8,3,5,12.43,,
78974,199263,23,2,21,12.27,,
78975,199262,2,2,0,4.29,,
78988,HE-INFIN40,0,0,0,459.22,735.99,
78989,HE-INFIN22,0,0,0,327.62,537.99,
78990,HE-INFIN14,1,1,0,149.96,231.99,
78991,HE-INFIN8,0,0,0,179.82,294.99,
78992,HE-ICL2PK,0,0,0,273.61,448.99,
78993,HE-ICL2,0,0,0,77.27,118.99,
78995,MPS-RGBC-4,12,6,6,37.04,65.99,
78996,010-12800-01,0,0,0,14.99,,
79009,150112,12,12,0,13.65,,
79011,ZDIGIKVT,4,2,2,184.13,,
79012,ZDIGIKVTUSB,4,1,3,184.13,,
79013,LLB-21KC-71-00,6,6,0,14.46,,
79014,LLB-21KW-71-00,0,0,0,14.46,,
79017,22042,0,0,0,138.33,,
79018,22043,0,0,0,159.62,,
79020,422110-1,5,3,2,42.76,,
79021,422010-1,5,3,2,31.97,,
79022,422800-1,6,3,3,46.74,,
79023,424806-1,1,0,1,59.04,,
79024,425800-1,0,0,0,88.79,,
79026,424605-1,0,0,0,41.37,,
79027,423046-1,10,5,5,21.53,,
79028,424016-1,5,4,1,34.11,,
79029,424116-1,2,1,1,47.24,,
79033,150,4,0,4,29.69,44.95,
79034,224,0,0,0,9.88,14.95,
79035,225,4,2,2,11.43,16.95,
79036,226,9,4,5,24.87,37.95,
79037,227,7,3,4,26.91,40.95,
79038,228,10,5,5,35.71,53.95,
79039,229,4,1,3,36.47,54.95,
79040,230,5,3,2,78.03,117.95,
79041,239,5,3,2,41.38,62.95,
79042,244,6,4,2,29.17,43.95,
79043,245,4,2,2,31.68,47.95,
79044,292,9,4,5,19.82,29.95,
79045,300,6,2,4,31.62,47.95,
79046,326,6,2,4,31.65,47.95,
79047,327,5,3,2,37.90,56.95,
79048,344,3,2,1,46.82,70.95,
79049,365,0,0,0,23.44,34.95,
79050,376,2,0,2,16.78,24.95,
79051,379,6,2,4,35.16,52.95,
79052,381,12,3,9,30.22,45.95,
79053,404,4,0,4,11.83,17.95,
79054,405,6,4,2,13.56,20.95,
79055,406,4,2,2,24.64,36.95,
79056,407,4,0,4,26.91,40.95,
79057,408,9,8,1,34.74,52.95,
79058,409,4,0,4,36.56,54.95,
79059,417,3,3,0,21.27,31.95,
79060,468,12,8,4,24.26,36.95,
79061,469,8,3,5,30.13,45.95,
79062,471,8,4,4,21.34,31.95,
79063,473,0,0,0,27.21,40.95,
79064,2103,0,0,0,9.09,13.95,
79065,2104,8,3,5,9.30,13.95,
79066,2106,5,3,2,15.75,23.95,
79067,2116,7,2,5,52.31,78.95,
79068,2131,3,1,2,6.26,9.95,
79069,2132,9,0,9,8.53,12.95,
79070,2133,9,2,7,6.38,9.95,
79072,2600,6,3,3,37.08,55.95,
79073,2622,6,4,2,48.97,73.95,
79074,2636,19,14,5,25.51,38.95,
79075,2655,0,0,0,34.92,52.95,
79076,2656,17,3,14,39.10,58.95,
79077,2660,6,2,4,65.34,98.95,
79079,340,4,4,0,19.64,29.95,
79080,348,0,0,0,11.64,17.95,
79085,010-12812-01,16,16,0,12.99,,
79101,010-12813-00,5,3,2,9.75,,
79102,010-12812-03,0,0,0,12.99,,
79107,PKF32G,9,6,3,31.06,45.90,
79113,9638,2,1,1,44.22,,
79114,9639,6,3,3,30.49,,
79115,9637,4,3,1,88.39,,
79136,019904,0,0,0,271.59,411.00,
79137,019903,0,0,0,69.32,104.00,
79138,013001,0,0,0,844.32,1282.00,
79139,013003,0,0,0,844.32,1282.00,
79142,33025,3,2,1,36.37,,
79150,RMX4502,0,0,0,399.99,,
79152,10080,6,3,3,33.67,,
79153,10079,4,2,2,30.63,,
79154,10031,11,7,4,16.57,,
79155,10082,30,14,16,23.30,,
79156,10098,7,3,4,16.84,,
79157,10099,5,1,4,16.84,,
79158,10035,16,15,1,19.24,,
79159,10001,6,2,4,39.23,,
79160,10036,4,2,2,92.65,,
79161,10028XLP,9,2,7,73.24,,
79162,10017XL,0,0,0,83.62,,
79163,10029XLP,15,8,7,140.94,,
79164,10018XL,16,10,6,153.80,,
79165,10010,8,4,4,63.40,,
79166,10011,7,5,2,124.81,,
79167,10107,7,4,3,158.92,,
79168,10108,5,3,2,212.86,,
79169,10105,6,2,4,169.86,,
79170,10524,0,0,0,188.16,,
79171,10106,6,4,2,252.14,,
79172,10122,8,4,4,252.14,,
79173,10624,5,1,4,252.14,,
79174,E70531,7,4,3,395.99,,
79176,S00-00522-10,1,1,0,6.79,,
79181,A80512,0,0,0,99.99,,
79194,E70535,0,0,0,1011.99,,
79208,RODE54,0,0,0,711.40,,
79214,TR05LM,0,0,0,1095.56,,
79215,TR07LM,2,2,0,1374.17,,
79218,420805-1,0,0,0,4.34,,
79219,420806-1,0,0,0,4.27,,
79220,420808-1,8,2,6,4.15,,
79221,420810-1,20,10,10,4.15,,
79222,420815-1,16,6,10,4.15,,
79223,420820-1,14,4,10,4.21,,
79224,420830-1,0,0,0,4.56,,
79225,420839-1,2,0,2,3.74,,
79227,B60-20-FISO,0,0,0,248.48,324.99,
79255,445185-1,3,1,2,20.18,,
79256,445188-1,4,1,3,32.53,,
79257,445090-1,1,0,1,13.41,,
79258,445190-1,4,3,1,11.08,,
79259,403066-1,6,4,2,29.17,,
79260,420430-1,7,4,3,37.20,,
79266,426113-1,12,9,3,7.02,,
79271,2129,0,0,0,16.05,,
79274,911421A5,83,32,51,21.61,,
79284,010-02277-00,9,0,9,637.49,,
79285,RH5332V,5,2,3,109.94,,
79289,34012B,0,0,0,13.47,,
79290,34012S,35,29,6,13.47,,
79291,34014B,17,13,4,14.51,,
79292,34014S,20,12,8,14.51,,
79293,911313,3,1,2,256.24,409.99,
79294,34016B,13,6,7,15.70,,
79296,34018B,0,0,0,16.70,,
79297,34018S,25,17,8,16.70,,
79298,34020B,7,3,4,19.43,,
79299,34020S,8,8,0,19.43,,
79300,34022B,4,2,2,23.57,,
79301,34022S,13,7,6,23.57,,
79302,34024B,1,1,0,28.83,,
79303,34024S,2,0,2,28.83,,
79304,34026B,0,0,0,32.91,,
79305,34026S,4,3,1,32.91,,
79306,36180,4,3,1,142.65,,
79307,36110,0,0,0,142.65,,
79308,37180,11,7,4,142.65,,
79309,37110,5,3,2,142.65,,
79312,33006A,6,2,4,27.01,,
79313,33007A,10,7,3,28.14,,
79314,33010A,18,12,6,31.76,,
79315,33012A,10,10,0,28.19,,
79316,33014A,7,4,3,31.71,,
79317,33070A,11,5,6,33.66,,
79319,SCED2225,5,3,2,41.78,,
79321,34016S,36,25,11,15.70,,
79325,AVLWR02401,0,0,0,1413.13,,
79332,S11-01315-30,3,1,2,169.74,,
79335,323-500,3,1,2,10.19,,
79336,012924,0,0,0,56.82,85.00,
79337,80-47231-01,3,2,1,340.44,,
79338,80-47232-01,2,2,0,309.99,,
79376,126,15,14,1,10.71,,
79378,010-11822-02,0,0,0,19.99,,
79380,S1G,4,1,3,27.06,39.00,
79381,S1B,0,0,0,27.06,39.00,
79424,13889,5,3,2,119.00,,
79426,GP2050-06,0,0,0,327.26,,
79427,ZDIGAISNODE,6,3,3,509.97,,
79434,32-700,0,0,0,855.00,,
79447,010-C1156-00,0,0,0,262.49,,
79463,IPB02BK,0,0,0,29.81,,
79464,DP60-B-CC,0,0,0,38.85,,
79465,012925,0,0,0,60.94,,
79468,012923,0,0,0,61.36,93.00,
79469,DOLLY-2-B-HD,0,0,0,59.00,,
79470,315FPX,13,5,8,37.43,,
79479,010-12832-00,6,2,4,74.99,,
79480,010-12832-01,0,0,0,74.99,,
79481,010-12832-10,0,0,0,22.49,,
79482,010-12832-18,2,1,1,22.49,,
79483,010-12832-20,0,0,0,44.99,,
79484,010-12832-22,0,0,0,44.99,,
79485,010-12832-25,0,0,0,29.99,,
79487,010-12833-00,1,1,0,224.99,,
79488,010-12834-00,6,3,3,262.49,,
79489,010-12832-50,0,0,0,89.99,,
79491,A80036,2,1,1,781.79,,959.00
79496,FP-OUT3,0,0,0,19.32,,
79502,SAD-24B,0,0,0,20.00,,
79503,980500741,6,3,3,26.94,,
79504,RA-38A,0,0,0,33.13,,
79507,804030,13,12,1,13.32,,
79519,T70320,0,0,0,1558.32,,
79537,1902340,3,3,0,1428.79,,
79538,1902335,6,6,0,1278.39,,
79539,1903017,3,3,0,30.54,,
79540,1852075,3,1,2,32.68,,
79542,A80484,0,0,0,63.91,,
79550,720105-1,18,18,0,23.47,,
79558,RODE47,0,0,0,445.13,,
79559,SP4156,0,0,0,53.69,,
79561,40181,3,2,1,16.24,22.99,
79562,UST850S-P17-N2,0,0,0,1071.95,1457.00,
79564,710302-1,5,5,0,681.87,,
79565,720106-1,7,4,3,61.68,,
79566,720106-2,3,3,0,68.18,,
79567,720107-1,3,1,2,45.45,,
79568,720108-1,7,3,4,53.02,,
79570,411260-1,10,5,5,1064.18,,
79571,APT-F-LB-01,5,3,2,151.31,,
79593,P79-235-N2,2,1,1,314.60,429.00,
79595,AM120W,0,0,0,31.60,,
79598,10-1476-40,0,0,0,25.68,,
79601,977339-T,4,2,2,71.35,,
79603,815000,9,3,6,128.07,,
79629,HE-SLWH1,0,0,0,31.17,51.99,
79630,AV212,4,2,2,332.50,,
79632,322210-1,0,0,0,15.10,,
79633,324310-1,8,4,4,12.11,,
79634,329990-1,14,9,5,2.55,,
79635,412428B-1,1,1,0,100.37,,
79636,412421B-1,3,2,1,100.37,,
79637,414900-3,3,2,1,53.83,,
79638,414800-3,0,0,0,177.84,,
79639,412428W-1,1,1,0,107.69,,
79640,412421W-1,1,1,0,107.69,,
79641,151300-410-004-17,0,0,0,232.26,,
79642,LLB-32KW-01-M0,0,0,0,46.09,,
79644,C998-20,0,0,0,87.92,,
79645,227561-1,9,4,5,8.94,,
79646,227560-1,11,6,5,9.05,,
79647,322620-1,2,2,0,31.70,,
79648,327200-1,18,10,8,14.31,,
79649,328012-1,26,19,7,19.45,,
79650,328013-1,7,7,0,19.59,,
79651,328059-1,5,3,2,11.92,,
79653,322150-1,0,0,0,56.30,,
79654,321680-1,10,7,3,43.70,,
79660,ZDIGAIT5000,2,2,0,1012.88,,
79688,820009,0,0,0,587.65,,
79689,GP1900-04,0,0,0,319.99,,
79691,325-002,4,1,3,47.28,,
79693,R30303BM30NT,9,7,2,316.06,467.10,
79694,R30303BM30PW,8,0,8,255.73,416.70,
79695,R30303BM30PG,5,4,1,244.37,416.70,
79696,R30303BM30PB,4,0,4,244.37,416.70,
79697,533-VW-S,0,0,0,284.37,,
79699,40021006,0,0,0,3136.88,,
79702,T70281,2,2,0,1263.58,,
79704,0111,4,4,0,78.73,,
79705,R111C-LM,0,0,0,3221.12,4299.00,
79706,329515,7,2,5,11.36,,
79711,010-12826-00,0,0,0,824.99,,
79712,48-YSP-4JH-D,2,0,2,585.42,,
79714,PLASE360,103,94,9,22.50,,
79715,PLASE371,45,45,0,25.71,,
79716,PLASE370,281,281,0,25.71,,
79717,PLASE373,95,91,4,28.93,,
79718,PLASE400,4,4,0,48.21,,
79720,PLASE503,0,0,0,48.21,,
79721,PLASE700,0,0,0,45.00,,
79722,PLASE600,3,2,1,32.14,,
79723,PLASE800,1,1,0,45.00,,
79726,PLASV370,0,0,0,9.75,,
79727,PLASV371,0,0,0,9.75,,
79728,PLASV363,0,0,0,8.25,,
79729,PLASV360,4,4,0,7.50,,
79730,PLASV350,0,0,0,5.73,,
79732,2156,7,4,3,59.73,89.95,
79733,2157,3,1,2,55.84,83.95,
79734,2638,7,3,4,57.77,86.95,
79735,2639,6,2,4,61.97,93.95,
79736,2640,5,3,2,95.38,143.95,
79737,2641,5,3,2,99.53,149.95,
79738,2642,5,3,2,48.18,72.95,
79739,"F-1 WHITE",15,6,9,33.00,,
79740,2643,6,2,4,52.36,78.95,
79741,"F-1 BLACK",0,0,0,42.96,,
79742,2644,2,0,2,24.52,36.95,
79743,"F-02 WHITE",0,0,0,53.36,,
79744,2645,6,3,3,83.17,124.95,
79745,2646,3,3,0,87.43,131.95,
79746,"F-02 BLACK",0,0,0,53.36,,
79747,"F-2 WHITE",0,0,0,58.89,,
79748,"F-2 BLACK",0,0,0,61.84,,
79749,"F-3 WHITE",13,0,13,69.00,,
79750,"F-3 BLACK",0,0,0,84.72,,
79751,"F-4 WHITE",0,0,0,107.67,,
79752,"F-4 BLACK",0,0,0,107.67,,
79753,"F-5 WHITE",0,0,0,110.61,,
79754,"F-5 BLACK",0,0,0,110.61,,
79755,"F-6 WHITE",7,7,0,143.95,,
79756,"F-6 BLACK",10,10,0,143.95,,
79757,"F-7 WHITE",8,7,1,209.40,,
79758,"F-7 BLACK",7,7,0,209.40,,
79759,"F-8 WHITE",0,0,0,366.89,,
79760,"F-8 BLACK",0,0,0,366.89,,
79762,"F-10 BLACK",1,1,0,299.00,,
79763,"F-11 WHITE",0,0,0,495.08,,
79764,"F-11 BLACK",2,2,0,471.51,,
79765,"F-13 WHITE",0,0,0,911.24,,
79768,PP4500-10,0,0,0,276.35,,
79773,UCMD,2,1,1,215.36,,
79790,UTV4B,0,0,0,96.73,,
79800,414800-3-414900-3,0,0,0,235.51,,
79805,621-VUP-MC-120-J10,0,0,0,855.94,,
79810,07-66-035,2,1,1,25.73,,
79857,KG-1WP-R,14,6,8,39.33,50.15,
79858,KG-4WP-R,0,0,0,128.33,163.63,
79859,KG-1GP-R,22,5,17,39.33,50.15,
79860,KG-4GP-R,3,0,3,128.33,163.63,
79861,KG-1CP-R,58,6,52,39.33,50.15,
79862,KG-4CP-R,16,8,8,128.33,163.63,
79863,8014,0,0,0,10.92,,
79865,KG-4BL-PR,11,9,2,128.33,163.63,
79866,18916-0050,17,13,4,30.41,,
79867,GP2200-14,0,0,0,363.62,,
79868,549-EW-RS,0,0,0,427.70,,
79870,ZDIGGPS160,4,3,1,148.71,,
79871,ZDIGGPS160USB,5,2,3,205.38,,
79872,ZDIGGPS160N2K,3,1,2,283.30,,
79873,ZDIGGPS160ST,3,2,1,283.30,,
79875,ZDIGMOBSW,4,2,2,2.99,,
79877,VDR100-01,0,0,0,676.42,,
79878,7060,0,0,0,148.01,182.00,
79899,902213,0,0,0,118.74,189.99,
79903,N20804S,25,17,8,170.45,,
79920,588250-1,15,10,5,38.71,,
79921,50070-0080,1,1,0,180.51,,
79926,400054-3,6,3,3,111.60,,
79927,400157-1,14,9,5,14.79,,
79928,400155-1,5,4,1,14.79,,
79929,30398,17,6,11,14.04,20.79,
79930,30398CASE,2,1,1,80.03,,
79934,30218,58,33,25,5.99,8.79,
79935,30571,18,2,16,5.36,8.79,
79936,30218CASE,9,5,4,36.53,,
79937,922513,0,0,0,118.74,189.99,
79938,MM3-VSA-500,0,0,0,227.27,,
79939,30571CASE,2,0,2,30.53,,
79940,38116-0000,8,3,5,305.12,,
79949,FL50W,5,2,3,124.71,195.00,
79950,E6-10-301-20,59,34,25,8.63,,
79954,D16601,4,4,0,59.80,,
79955,D16601CASE,1,1,0,267.53,,
79956,M21032,12,6,6,35.70,,
79957,M21032CASE,2,1,1,208.58,,
79961,01-0408-15,0,0,0,22676.40,,
79967,28512000,0,0,0,705.49,,
79970,53123,0,0,0,206.24,329.99,
79971,53122,0,0,0,206.24,329.99,
79974,53223,0,0,0,199.99,319.99,
79975,53222,0,0,0,199.99,319.99,
79982,221408,7,4,3,17.74,,
79983,221428,5,3,2,23.41,,
79984,221418,4,2,2,17.74,,
79988,327150-1,10,3,7,28.27,,
79989,327151-1,3,3,0,28.94,,
79991,010-12464-00,0,0,0,15.99,,
79997,22275,17,5,12,15.14,,
79998,22275CASE,2,0,2,84.34,,
79999,22295,49,40,9,4.55,,
80000,22295CASE,6,5,1,31.20,,
80004,521520-1,1,1,0,6.73,,
80005,521550-1,2,0,2,15.10,,
80006,300085-1,10,6,4,21.31,,
80007,336520-3,0,0,0,54.60,,
80008,336525-3,3,3,0,54.60,,
80009,357390-1,8,5,3,9.53,,
80010,490050-1,0,0,0,23.27,,
80032,940314,0,0,0,843.74,1349.99,
80033,421645-1,7,4,3,24.11,,
80040,906513,0,0,0,181.24,289.99,
80041,491075-1,23,7,16,12.04,,
80042,429930-1,0,0,0,20.50,,
80043,432590-1,6,6,0,16.71,,
80044,491713-1,18,8,10,24.56,,
80045,512220-1,7,0,7,23.44,,
80046,513110-1,10,8,2,29.61,,
80047,513120-1,18,8,10,23.76,,
80048,520065-1,8,2,6,21.35,,
80054,67852OB,1,1,0,147.05,,
80055,67852OG,1,1,0,147.05,,
80057,83302502,0,0,0,304.33,,
80060,11701100,0,0,0,59.74,,
80063,31501330,2,2,0,349.83,,
80064,31501340,1,1,0,349.83,,
80065,31501512,3,1,2,322.49,,
80066,31501522,2,1,1,322.49,,
80067,31502331,1,1,0,349.83,,
80068,31502341,0,0,0,349.83,,
80069,31512510,0,0,0,420.70,,
80070,31512520,0,0,0,420.70,,
80071,31512710,0,0,0,420.70,,
80072,31512720,0,0,0,420.70,,
80073,041636-1,17,10,7,26.80,,
80074,041666-1,1,1,0,21.08,,
80075,221615-1,5,1,4,158.79,,
80076,337198-1,6,5,1,4.40,,
80077,10-24690-18,3,1,2,214.53,,
80078,10-24939-18,2,1,1,278.89,,
80079,09-824P-2,3,2,1,25.00,,
80080,405300-3,3,2,1,71.96,,
80081,09-849P-2,6,4,2,34.86,,
80082,405320-3,10,6,4,33.09,,
80083,405321-3,10,6,4,38.15,,
80084,421600-1,0,0,0,36.45,,
80085,422790-1,1,1,0,45.49,,
80086,31505,29,21,8,90.51,,113.99
80087,31510,4,2,2,137.14,,169.99
80088,31515,10,4,6,175.04,,215.99
80089,44006,5,2,3,109.45,,135.99
80090,44008,10,7,3,137.33,,169.99
80091,44012,28,16,12,167.06,,204.99
80092,44020,22,13,9,201.38,,249.99
80093,44021,30,19,11,211.34,,260.99
80094,44023,0,0,0,168.42,,218.99
80095,44026,3,2,1,216.75,,281.99
80096,44028,8,3,5,288.50,,374.99
80098,44029,6,2,4,290.92,,377.99
80099,51805,8,6,2,18.94,,
80100,51815,8,3,5,29.77,,
80101,405681-1,1,0,1,42.34,,
80102,RF35109HL,6,3,3,69.98,107.06,
80104,77010700,16,6,10,100.24,,
80105,90405,4,1,3,19.89,,
80106,91005,0,0,0,61.18,,
80110,90402,9,7,2,16.78,,
80112,13721,1,0,1,37.15,,
80114,13806,12,6,6,48.75,,
80116,13818,0,0,0,52.60,,
80118,13009,0,0,0,63.65,,
80119,13001,2,1,1,27.49,,
80120,41500700,5,1,4,19.63,,
80123,77032900,4,3,1,132.62,,
80127,13017,0,0,0,27.49,,
80130,35513000,17,6,11,1251.36,,1532.99
80131,13113,0,0,0,45.10,,
80132,35523000,5,3,2,1483.22,,1816.99
80133,13151,0,0,0,232.24,,
80134,35512000,9,2,7,1019.51,,1248.99
80135,35522000,0,0,0,1297.83,,1589.99
80136,35013000,0,0,0,1365.50,,
80137,35023000,5,3,2,1630.62,,
80138,35012000,0,0,0,1156.06,,
80139,35022000,4,2,2,1481.23,,
80142,36212000,14,1,13,699.09,,
80143,33147,6,2,4,134.23,,
80144,36211200,6,4,2,578.34,,
80145,13117,0,0,0,41.95,,
80147,44320805,0,0,0,2169.91,,2799.99
80148,44321105,11,5,6,2807.72,,3622.99
80149,12819,0,0,0,59.06,,
80150,12861,10,5,5,10.25,,
80151,32861,10,7,3,19.06,,
80155,12805,33,18,15,14.99,,
80157,12830,0,0,0,38.10,,
80159,12814,0,0,0,39.34,,
80161,12910,0,0,0,40.49,,
80170,14604,5,5,0,26.04,,
80178,CW100IT5,0,0,0,2620.73,,
80180,124702,3,0,3,14.99,,
80183,160110,5,3,2,64.52,,
80185,160210,1,1,0,59.99,,
80187,270107,61,24,37,11.49,,
80188,270109,13,10,3,17.26,,
80189,270110,20,18,2,17.26,,
80190,270111,42,24,18,4.60,,
80191,270112,14,8,6,5.59,,
80192,270114,21,11,10,15.54,,
80193,270203,16,13,3,103.57,,
80194,326899,6,2,4,74.02,,
80195,327899,6,3,3,78.05,,
80196,336899,0,0,0,74.02,,
80197,337899,2,0,2,78.05,,
80198,404352,6,4,2,22.47,,
80199,501072-3,4,1,3,51.97,,
80200,702007,8,3,5,6.10,,
80201,702008,0,0,0,9.17,,
80202,702031,0,0,0,30.53,,
80203,702032,5,3,2,15.60,,
80204,703007,5,1,4,42.69,,
80205,703015,7,3,4,50.62,,
80206,703035,3,1,2,50.62,,
80207,703072,0,0,0,34.62,,
80208,703073,0,0,0,73.26,,
80209,703079,0,0,0,153.35,,
80210,SPKKIT,4,2,2,76.81,,
80225,BOLTBLTADJ,3,1,2,267.57,,
80234,RBA-200,0,0,0,281.25,,
80237,010-12937-00,3,3,0,16.24,,
80238,010-12937-01,0,0,0,16.24,,
80239,010-12937-10,2,1,1,11.13,,
80240,010-12937-11,0,0,0,11.58,,
80241,010-12937-20,7,4,3,11.74,,
80242,010-12937-21,0,0,0,16.24,,
80245,8HG998519001,0,0,0,13.92,,
80246,88443,1,1,0,434.78,,
80248,LLB-22KC-21-00,0,0,0,12.94,,
80249,LLB-22KW-21-00,0,0,0,12.94,,
80250,6123AEPA,0,0,0,67.51,,
80284,36117,0,0,0,257.49,411.99,
80301,36207,0,0,0,399.99,639.99,
80302,36360,8,3,5,74.99,109.99,
80312,255,0,0,0,19.83,,
80313,257,0,0,0,19.83,,
80314,355,1,0,1,19.83,,
80315,357,0,0,0,19.83,,
80316,12003OB,1,0,1,158.29,,
80317,12003ON,3,3,0,158.29,,
80318,12003OS,1,0,1,158.29,,
80321,55745,2,2,0,71.03,,
80322,67867,0,0,0,69.62,,
80323,22048,0,0,0,138.33,,
80324,12004OB,6,4,2,89.99,,
80325,12004OS,5,0,5,101.21,,
80327,12005OB,8,5,3,107.61,,
80328,12005OS,2,1,1,141.56,,
80330,1092,16,16,0,17.93,,
80332,GS-390,3,2,1,2887.60,,
80333,GS-390XL,4,2,2,3389.17,,
80359,GS-900-1,0,0,0,820.08,,999.99
80360,GS-950,5,3,2,915.56,,
80362,10-13409-02,2,1,1,620.26,,
80363,4000,29,24,5,3.99,,
80365,7062,30,10,20,7.85,,
80366,7063,28,10,18,7.85,,
80368,7064,24,4,20,7.85,,
80369,7065,9,0,9,7.85,,
80370,7066,15,4,11,7.85,,
80371,7067,25,10,15,7.85,,
80372,7068,23,13,10,7.85,,
80379,2356,11,6,5,28.09,,
80382,5056,23,10,13,36.30,,
80383,46310,4,0,4,24.93,,
80385,1739,14,8,6,41.57,,
80386,1739200,16,10,6,41.57,,
80388,1732200,7,3,4,72.00,,
80389,1733200,10,5,5,39.59,,
80392,1741200,15,8,7,57.65,,
80408,010-02236-00,0,0,0,479.99,,
80409,010-02236-02,0,0,0,559.99,,
80410,010-12946-00,0,0,0,74.99,,
80419,2000035023,9,3,6,64.58,,
80423,6234,6,3,3,76.21,117.35,
80424,6235,6,3,3,76.69,118.10,
80425,6260,10,6,4,46.21,67.45,
80426,6261,4,2,2,54.22,79.15,
80427,6269,4,2,2,100.21,146.30,
80428,6270,2,0,2,109.36,159.65,
80429,6272,8,4,4,121.82,177.85,
80430,6273,5,1,4,137.53,200.80,
80439,W733-SS,0,0,0,18.65,,
80443,010-12105-20,33,18,15,22.49,,
80528,742132BFGK,2,1,1,422.73,,
80529,CAP030B,1,0,1,16.23,,
80530,DEF150101,0,0,0,82.96,,
80531,DEF228101,0,0,0,67.16,,
80532,DE248101,0,0,0,89.79,,
80535,JMS3RTL,6,4,2,176.54,285.99,
80568,AIR-033-745,0,0,0,250.00,,
80569,GP1050-26,0,0,0,327.26,,
80580,GP1500-32,0,0,0,276.35,,
80581,01-05-074,3,0,3,18.23,,
80582,01-05-075,0,0,0,23.36,,
80583,01-05-076,1,1,0,25.99,,
80584,01-05-077,3,2,1,13.99,,
80585,DE2044F,0,0,0,197.37,,
80586,01-05-078,2,2,0,17.89,,
80587,01-05-079,0,0,0,25.78,,
80588,01-05-080,6,4,2,19.99,,
80589,01-05-081,2,0,2,26.47,,
80591,01-05-082,2,1,1,21.99,,
80592,02-01-003,1,1,0,69.99,,
80594,02-02-006,0,0,0,293.94,,
80595,02-02-008,1,0,1,199.99,,
80597,02-04-015,1,0,1,155.99,,
80598,02-99-023,4,2,2,12.99,,
80605,BOWA0301,0,0,0,2231.75,2856.63,
80606,BOWA0361,1,1,0,2490.89,3188.34,
80607,BOWA0421,0,0,0,2545.05,3257.67,
80609,37-10-065-20,5,4,1,7.92,,
80611,E3-15-22,0,0,0,52.74,,
80612,E3-15-30,0,0,0,68.62,,
80614,E3-5-15,32,17,15,6.42,,
80616,M1-25-62-28,0,0,0,77.66,,
80617,MP-04-33-22,0,0,0,99.74,,
80618,MR-01-122-24,0,0,0,107.03,,
80619,BP110G75,0,0,0,95.73,114.87,
80620,MF-02-110-70,0,0,0,116.46,,
80621,BPPPA,0,0,0,482.75,,
80622,M1-44-8,0,0,0,66.46,,
80623,M1-25-42-28,0,0,0,82.11,,
80625,M1-20-31-58,0,0,0,100.19,,
80630,JOY1000,5,3,2,182.20,,
80631,OBI9000-E,17,9,8,294.23,,
80632,OBI9000-H,9,4,5,304.68,,
80633,BOLT1216HD,1,1,0,925.06,,
80634,1852084,15,4,11,25.47,,
80635,BOLT129ADJ,3,2,1,405.48,,
80651,010-12753-20,0,0,0,16.24,,
80657,010-12584-00,2,0,2,6.49,,
80659,010-12466-00,8,3,5,19.49,,
80676,T1125-30,6,4,2,40.91,,
80677,3947,13,8,5,118.31,,
80679,S2-4643,1,0,1,64.99,,
80680,S2-6645,0,0,0,71.48,,
80692,SPC104,2,0,2,27.50,,
80694,56551,4,0,4,1812.27,,
80696,53711,7,0,7,79.48,119.99,
80697,53716,10,5,5,79.48,119.99,
80698,53721,11,7,4,79.48,119.99,
80699,53726,14,4,10,79.48,119.99,
80700,27411,0,0,0,70.85,,125.95
80701,27412,23,6,17,70.85,,125.95
80703,53770,15,7,8,99.72,149.99,
80704,53771,3,3,0,99.72,149.99,
80705,53772,13,6,7,99.72,149.99,
80706,53773,5,5,0,99.72,149.99,
80707,53774,3,2,1,99.72,149.99,
80708,53775,9,3,6,101.00,149.99,
80709,16662A,0,0,0,28.53,,
80710,16672A,0,0,0,34.12,,
80714,351320-1,1,1,0,43.98,,
80715,351321-1,0,0,0,36.29,,
80717,SBH-32,14,14,0,20.00,,
80718,351322-1,0,0,0,43.98,,
80719,351323-1,0,0,0,40.95,,
80720,351300-1,0,0,0,28.50,,
80721,DS16-P-BLK,34,16,18,20.81,,
80722,DS21A-P-BLK,0,0,0,23.05,,
80723,DS21B-P-BLK,14,4,10,23.05,,
80724,P2030BK,0,0,0,15.07,,
80725,DS30-P-BLK,9,6,3,24.70,,
80726,P1334314,0,0,0,8.22,,
80727,C1334314,2,2,0,19.18,,
80728,DS40-P-BLK,39,20,19,27.99,,
80729,DS6-P-BLK,13,5,8,13.17,,
80730,DS-H10-BLK,21,12,9,22.50,,
80731,DS-H6-BLK,33,17,16,16.46,,
80740,010-12931-00,0,0,0,37.49,,
80743,SAD-25B,12,7,5,20.00,,
80748,55613,0,0,0,94.33,,
80753,55621,3,2,1,290.94,,
80754,55623,0,0,0,405.01,,
80755,55625,0,0,0,54.46,,
80757,55635,0,0,0,37.78,,
80758,50030,30,23,7,43.05,,
80759,50031,20,15,5,44.93,,
80761,50033,19,11,8,23.98,,
80762,DSM570-01,6,4,2,895.91,,
80776,BOS12V2,0,0,0,285.98,,
80777,BOS12V3,1,0,1,285.98,,
80808,710294-1,4,4,0,401.54,,
80827,FSGP22012D05A00,0,0,0,2057.13,,
80840,LLB-53SW-81-00,3,1,2,41.54,,
80843,SBH-25,10,10,0,13.33,,
80844,CD-48,0,0,0,20.00,,
80845,SBH-27,4,4,0,13.33,,
80846,91-063A,0,0,0,28.27,,
80865,44320605,20,5,15,1535.91,,1981.99
80875,3126,15,10,5,7.42,,
80877,BOW7512D,0,0,0,2122.38,2716.64,
80880,83558,0,0,0,469.07,,
80882,APT-F-250-01,3,1,2,340.31,,
80888,385310969,2,0,2,59.65,,
80890,385311009,2,0,2,57.39,,
80892,385311292,2,1,1,55.44,,
80895,385311013,0,0,0,55.12,,
80919,DT2BX-TM,27,8,19,106.51,,
80920,01-0423-01SL,0,0,0,10076.40,,
80922,041608-1,12,6,6,32.39,,
80923,060060-1,6,3,3,34.89,,
80924,205420-1,0,0,0,23.24,,
80925,221835-1,0,0,0,57.44,,
80926,353210-1,19,8,11,26.68,,
80927,491912-1,0,0,0,21.90,,
80928,080036-1,3,2,1,14.90,,
80930,221244-1,2,0,2,21.61,,
80931,205705-1,6,3,3,30.32,,
80933,169601P,38,38,0,22.99,,
80934,169601CASE,9,9,0,89.99,,
80935,169622,31,31,0,9.99,,
80936,169622CASE,2,2,0,189.88,,
80938,LS-2900,3,0,3,39.67,,
80939,LS-3100,7,0,7,72.93,,
80940,LS-3170,4,0,4,42.66,,
80941,LS-3200,3,0,3,34.93,,
80942,LS-3300,2,0,2,33.75,,
80943,LS-3400,4,0,4,29.75,,
80944,LS-3600,3,0,3,24.58,,
80945,LS-3650,4,0,4,20.87,,
80946,LS-5200,3,0,3,60.39,,
80947,20-61,4,0,4,21.17,,
80948,20-62,6,0,6,19.99,,
80949,20-63,6,0,6,22.21,,
80950,20-64,6,2,4,19.99,,
80951,BPG-2038,6,0,6,0.59,,
80952,SLK-30,3,0,3,251.64,,
80953,SLK-40,3,0,3,269.71,,
80954,SLK-GKM,4,0,4,177.74,,
80955,SLK-GKA,2,0,2,115.57,,
80956,26-884,3,0,3,64.93,,
80958,21-80,4,0,4,51.91,,
80959,21-80-1,2,0,2,51.91,,
80960,21-81,3,0,3,51.91,,
80961,27-316,4,0,4,61.58,,
80962,26-314,5,0,5,62.17,,
80963,26-412,2,0,2,27.54,,
80964,27-412,4,0,4,27.97,,
80965,26-412-1T,3,0,3,22.95,,
80966,27-412-1T,4,0,4,23.24,,
80967,26-409,5,0,5,23.54,,
80968,27-409,5,0,5,22.36,,
80969,26-407,5,0,5,24.13,,
80970,27-407,9,0,9,24.87,,
80971,26-410,3,0,3,47.08,,
80972,27-410,4,0,4,44.71,,
80973,26-408,3,0,3,49.00,,
80974,27-408,4,0,4,50.04,,
80975,26-415-1T,6,0,6,10.80,,
80976,27-415-1T,5,0,5,9.62,,
80977,26-415,4,0,4,15.39,,
80978,27-415,5,0,5,14.21,,
80979,26-406,5,0,5,19.54,,
80980,27-406,8,0,8,16.43,,
80981,22-100,2,0,2,41.59,,
80982,LS-2500,5,0,5,22.21,,
80983,LS-2550,3,0,3,15.11,,
80985,29-501,7,0,7,8.00,,
80987,40-530,7,0,7,60.25,,
80988,161200,2,2,0,16.26,,
80996,R70615,8,3,5,29.82,,
80997,BX1-750-2,3,3,0,9.99,,
81004,1138,10,0,10,11.03,,
81005,1138CASE,0,0,0,132.32,,
81006,1134,0,0,0,15.33,,
81007,1134CASE,0,0,0,183.95,,
81008,1116,0,0,0,16.74,,
81009,1116CASE,0,0,0,200.84,,
81010,1119,0,0,0,18.20,,
81011,1119CASE,0,0,0,218.37,,
81012,1112,2,2,0,7.88,,
81013,1112CASE,0,0,0,94.58,,
81014,S2-5111,0,0,0,644.19,,
81015,1185,12,7,5,21.99,,
81016,1185CASE,0,0,0,329.05,,
81017,1188,17,11,6,28.62,,
81018,1188CASE,0,0,0,343.42,,
81026,88443-1,0,0,0,107.33,,
81028,88410,3,3,0,50.00,,
81032,40020756,0,0,0,2424.87,,
81035,1059,3,3,0,18.74,,
81036,1059CASE,0,0,0,224.84,,
81037,1056,6,6,0,21.16,,
81038,1056CASE,0,0,0,253.89,,
81039,1123,6,6,0,19.00,,
81040,1123CASE,0,0,0,205.26,,
81042,ZDIGAIT2500,1,0,1,743.71,,
81044,ZDIGWND100,2,1,1,361.21,,
81046,BOW22024D,0,0,0,5630.50,7207.04,
81048,54033PK,5,2,3,5.90,,
81049,81-47239-01,0,0,0,74.43,,
81051,R70530,9,6,3,59.65,,
81052,R70533,9,6,3,59.65,,
81054,817-2000-21,0,0,0,872.95,,
81056,T9027407,3,1,2,8.18,,
81057,RA6060600,4,3,1,3.62,,
81060,GP2600-16,0,0,0,341.81,,
81068,260413,0,0,0,593.74,949.99,
81069,270413,0,0,0,793.74,1269.99,
81070,280413,0,0,0,993.74,1589.99,
81071,290413,2,0,2,1256.24,2009.99,
81084,503124-1,5,2,3,19.69,,
81085,503236-1,0,0,0,20.18,,
81086,503372-1,8,5,3,22.42,,
81111,6235-R,2,2,0,272.06,,
81144,HE-BRS,0,0,0,15.61,27.99,
81145,HE-RMBK,2,2,0,14.51,25.99,
81148,ACC-FF-1772,0,0,0,12.34,,
81162,SICO,0,0,0,390.21,,
81166,321820-1,0,0,0,44.77,,
81168,321825-1,4,0,4,59.71,,
81172,322080-1,6,5,1,26.92,,
81173,321850-1,6,1,5,35.17,,
81174,327357-1,2,2,0,104.54,,
81175,327359-1,7,2,5,101.81,,
81176,327361-1,0,0,0,122.49,,
81177,A80448,0,0,0,249.99,,
81178,A80447,2,1,1,249.99,,
81179,A80446,0,0,0,316.66,,
81180,A80479,0,0,0,83.32,,
81182,N05-801-336,1,1,0,37.50,55.26,
81188,M6601,9,3,6,30.85,,
81189,M6601CASE,1,0,1,120.05,,
81208,385314349,2,0,2,53.10,,
81209,HE-RRS,0,0,0,15.61,27.99,
81211,0158,7,7,0,12.06,,
81212,0159,12,12,0,10.91,,
81213,0168,0,0,0,14.68,,
81214,0169,41,41,0,12.04,,
81215,0367,1,1,0,21.30,,
81219,SS175C-20-L-MM,0,0,0,1231.11,1624.00,
81262,MCU005,1,1,0,1295.28,,
81267,WN510,5,5,0,4.88,7.99,
81268,WN815,14,3,11,11.61,18.99,
81270,A2C59501972,0,0,0,26.49,42.66,
81271,A2C59501973,0,0,0,59.22,95.31,
81272,A2C1083230001,0,0,0,17.92,28.89,
81273,A2C1152980001,0,0,0,17.92,28.89,
81276,A2C1141440001,2,2,0,7.53,12.06,
81277,A2C1352110001,0,0,0,7.53,12.06,
81278,A2C5336487001,0,0,0,13.25,21.33,
81279,A2C1111380001,0,0,0,9.22,14.67,
81280,A2C1352140001,0,0,0,9.22,14.67,
81281,A2C1141580001,0,0,0,21.04,33.93,
81282,A2C1376090001,0,0,0,9.22,14.67,
81283,A2C5205947101,0,0,0,6.62,10.71,
81284,A2C1433330001,2,0,2,19.00,36.36,
81285,A2C1507870001,0,0,0,17.92,28.89,
81286,A2C1697530001,0,0,0,21.82,35.19,
81287,A2C1697540001,0,0,0,21.82,35.19,
81288,A2C1957420001,0,0,0,160.78,298.53,
81289,A2C1957400001,0,0,0,160.78,298.53,
81290,A2C1957390001,0,0,0,160.78,298.53,
81291,A2C1957380001,0,0,0,160.78,298.53,
81292,A2C1957360001,0,0,0,160.78,298.53,
81295,AK1008,3,3,0,172.52,,
81311,E1150Z-11CAB,0,0,0,51.22,,
81318,E1150Z-12AAH,0,0,0,51.22,,
81319,T10-7579VEL2,15,11,4,24.29,,
81320,E1150Z-12CAB,0,0,0,51.22,,
81322,E1150Z-11H,0,0,0,51.22,,
81323,E1150Z-12H,0,0,0,51.22,,
81324,01-02-002,2,0,2,16.53,,
81325,01-02-003,3,0,3,21.99,,
81326,01-02-005,1,1,0,21.99,,
81327,01-02-007,0,0,0,21.99,,
81328,01-02-008,0,0,0,27.25,,
81330,530-00486,3,1,2,4.88,,
81332,C15503,0,0,0,341.64,504.90,
81334,E1150Z-42AAH,0,0,0,51.22,,
81335,E1150Z-41CAB,0,0,0,51.22,,
81336,E1150Z-42CAB,0,0,0,51.22,,
81337,E1150Z-41H,0,0,0,51.22,,
81338,E1150Z-42H,0,0,0,51.22,,
81360,6100,0,0,0,317.53,,425.00
81365,6466,6,1,5,137.93,,160.00
81366,6464,7,5,2,129.31,,150.00
81367,A3120Z-11HCE,10,0,10,89.63,,
81368,A3120Z-31HCE,7,7,0,89.63,,
81369,A3120Z-41HCE,0,0,0,89.63,,
81371,7120132,0,0,0,4.88,,
81372,V11-9960BBK60-2,5,1,4,381.44,,
81373,V11-9960WCM60-2,5,2,3,401.60,,
81374,V11-9990BBK60-2,7,3,4,462.10,,
81375,V11-9990BBK80-2,0,0,0,577.81,,
81376,V11-9990WCM60-2,5,2,3,508.62,,
81377,V11-9990WCM80-2,6,2,4,641.50,,
81380,A1120Z-11HAE,11,4,7,89.63,,
81382,1949,0,0,0,386.68,,
81397,A1120Z-11HCE,11,0,11,89.63,,
81398,7701100,2,2,0,141.44,,
81403,7703100,1,1,0,141.44,,
81404,A1120Z-12HAE,0,0,0,85.37,,
81405,A1120Z-14HCE,0,0,0,89.63,,
81406,A1120Z-14HAE,0,0,0,89.63,,
81407,A1120Z-41HAE,2,0,2,89.63,,
81408,A1120Z-41HCE,0,0,0,89.63,,
81409,A1120Z-42HAE,0,0,0,89.63,,
81410,7700100,11,5,6,151.09,,
81411,A1120Z-42HCE,0,0,0,89.63,,
81412,A1120Z-44HAE,0,0,0,89.63,,
81413,A1120Z-44HCE,0,0,0,89.63,,
81414,7702100,1,1,0,151.09,,
81415,7620100,0,0,0,185.37,,
81416,10-24488-03,0,0,0,118.54,,
81417,7621100,0,0,0,185.37,,
81418,77125,3,1,2,7.36,,
81419,10-24504-03,6,0,6,118.54,,
81420,10-24486-03,65,22,43,118.54,,
81421,7713100,7,3,4,211.27,,
81422,75035-00,2,1,1,8.64,,
81423,09-821BT-1,0,0,0,73.98,,
81425,7717100,0,0,0,173.81,,
81426,7622100,13,4,9,236.84,,
81427,09-45587,1,0,1,33.02,,
81428,72303,0,0,0,78.77,,
81429,72303-001,0,0,0,81.32,,
81430,10-24228-1,0,0,0,244.38,,
81431,09-46939,0,0,0,10.71,,
81432,7623100,0,0,0,194.85,,
81433,09-47163-01,0,0,0,21.73,,
81434,01-45680,0,0,0,3.43,,
81435,10-13405-103,0,0,0,86.91,,
81440,23505,0,0,0,25.34,,
81441,23506,0,0,0,32.78,,
81442,23507,0,0,0,18.90,,
81443,23500,0,0,0,12.40,,
81444,28552-24,8,5,3,31.27,,
81445,10-24750-10,0,0,0,267.40,,
81446,09-47426,0,0,0,57.96,,
81448,M183089,1,0,1,30.00,,
81449,03605,0,0,0,5.62,,
81450,22084,0,0,0,116.73,,
81451,03609,0,0,0,5.62,,
81453,03606,3,1,2,6.85,,
81454,03607,0,0,0,8.60,,
81455,03608,0,0,0,11.13,,
81456,54124,6,2,4,60.65,,
81457,80-47420-01,0,0,0,159.89,,
81458,92205,0,0,0,6.37,,
81460,82024,3,2,1,30.32,,
81461,40084,5,2,3,172.30,,
81462,09-45825,2,1,1,40.95,,
81463,10-13406-103,0,0,0,162.96,,
81464,10-22020-101,0,0,0,63.01,,
81468,RA078410C,2,0,2,2.62,,
81471,1482,0,0,0,310.49,,
81479,GFEL-MK-BK-DP,3,0,3,54.41,,
81480,GFEL-MK-BU-DP,0,0,0,54.41,,
81481,GFEL-MK-C-DP,0,0,0,49.47,,
81482,GFEL-MK-R-DP,0,0,0,48.37,,
81483,GFEL-MKS-BK-DP,0,0,0,54.41,,
81484,GFEL-MKS-BU-DP,4,2,2,46.70,,
81485,GFEL-MKS-C-DP,5,3,2,47.73,,
81487,00726,0,0,0,20.66,,
81489,00728,0,0,0,6.56,,
81491,00733,0,0,0,17.90,,
81493,00733BIS,0,0,0,26.24,,
81494,GFES-BLK-DP,13,5,8,5.29,,
81495,GFES-RED-DP,9,6,3,4.98,,
81496,00734,0,0,0,30.72,,
81497,00735,0,0,0,11.63,,
81499,00706-1,0,0,0,31.91,,
81500,PLAC-2,0,0,0,23.44,,
81501,GFGG-MKL-DP,0,0,0,33.82,,
81503,GFGG-MKS-DP,0,0,0,42.62,,
81504,GFH-1G-DP,0,0,0,48.10,,
81505,GFH-1R-DP,0,0,0,49.97,,
81506,GFH-CA1R-DP,0,0,0,57.35,,
81508,QF-1K-DP,11,11,0,20.29,,
81509,QF-2K-DP,12,10,2,20.29,,
81511,P1120Z-11HCE,0,0,0,102.44,,
81513,P1120Z-31HCE,0,0,0,102.44,,
81514,P1120Z-41HCE,0,0,0,102.44,,
81517,P1100Z-11H,0,0,0,128.05,,
81518,P1100Z-11E,0,0,0,128.05,,
81527,P1100Z-41H,0,0,0,128.05,,
81528,P1100Z-41E,0,0,0,128.05,,
81532,P1100Z-31H,0,0,0,128.05,,
81533,P1100Z-31E,0,0,0,128.05,,
81540,A2C59501987,0,0,0,157.40,292.23,
81541,A2C59512328,0,0,0,48.05,89.10,
81542,A2C59512330,0,0,0,48.05,89.10,
81543,A2C59512329,3,0,3,41.99,89.10,
81544,A2C59512331,0,0,0,48.05,89.10,
81545,A2C59512332,0,0,0,41.30,76.50,
81546,A2C59512333,0,0,0,41.30,76.50,
81547,A2C59512334,0,0,0,41.30,76.50,
81548,A2C59512335,0,0,0,41.30,76.50,
81582,A2C59512403,3,2,1,52.99,125.46,
81588,182608-1,4,3,1,55.77,,
81589,182612-1,2,2,0,91.70,,
81596,P1101Z-11AAH,0,0,0,89.63,,
81597,P1101Z-11CAB,0,0,0,89.63,,
81600,P11001Z-41AAH,0,0,0,89.63,,
81601,P1101Z-41CAB,0,0,0,89.63,,
81602,P1101Z-31AAH,0,0,0,89.63,,
81603,P1101Z-31CAB,0,0,0,89.63,,
81609,00825,0,0,0,6.44,,
81610,00825AL,0,0,0,5.16,,
81611,00829,0,0,0,10.40,,
81612,00829AL,0,0,0,6.68,,
81613,00833,0,0,0,4.29,,
81614,00833AL,0,0,0,4.19,,
81615,00835,0,0,0,5.40,,
81617,00835AL,0,0,0,6.88,,
81618,00847,0,0,0,12.35,,
81619,301-001-6M,2,0,2,353.97,,398.21
81620,301-002-6M,4,2,2,353.97,,398.21
81622,00847AL,2,0,2,13.32,,
81624,KIT-843AL,0,0,0,135.13,,
81633,E1150Z-41AAH,0,0,0,51.22,,
81637,A3101Z-31A08N,0,0,0,76.83,,
81642,A3101Z-41CAB,0,0,0,76.83,,
81643,20817,0,0,0,47.75,,
81644,20817AL,3,3,0,38.99,,
81645,01040,0,0,0,13.24,,
81646,01050,0,0,0,3.75,,
81647,01053,0,0,0,37.09,,
81648,02480,0,0,0,10.40,,
81649,01080,0,0,0,10.71,,
81650,01081,0,0,0,14.59,,
81651,01082,0,0,0,23.47,,
81652,01146,0,0,0,3.74,,
81653,01146-1,0,0,0,7.37,,
81654,01156,0,0,0,12.76,,
81655,01156AL,0,0,0,8.35,,
81656,01156-1,0,0,0,3.75,,
81657,01156-1AL,0,0,0,4.68,,
81658,21107,0,0,0,32.41,,
81659,21107AL,0,0,0,34.19,,
81660,21107MG,0,0,0,29.59,,
81661,MCBK634B.6,11,7,4,96.73,,
81662,AHJ-10V-B-DP,0,0,0,1551.48,,
81664,AHJ-10V-DP,0,0,0,1437.02,,
81665,AHJ-10VHD-B-DP,0,0,0,1722.76,,
81666,AHJ-10VHD-DP,4,1,3,1637.96,,
81667,AHJ-12V-B-DP,3,2,1,1644.73,,
81668,AHJ-12V-DP,0,0,0,1561.46,,
81669,AHJ-12VHD-B-DP,0,0,0,1812.62,,
81670,AHJ-12VHD-DP,2,1,1,1668.94,,
81671,AHJ-14V-DP,2,0,2,1549.79,,
81673,AHJ-14VHD-DP,2,1,1,1720.21,,
81674,300-039,0,0,0,2612.21,,2938.74
81675,AHJ-4V-B-DP,2,2,0,1439.56,,
81677,01305/1,5,2,3,32.49,,
81678,01305/1AL,0,0,0,30.46,,
81679,01305/1MG,0,0,0,31.15,,
81680,PLAC-1,0,0,0,22.41,,
81681,AHJ-4VHD-B-DP,6,3,3,1489.30,,
81682,AHJ-4VHD-DP,0,0,0,1439.56,,
81683,AHJ-6V-B-DP,0,0,0,1459.35,,
81685,AHJ-6VHD-B-DP,0,0,0,1632.58,,
81686,AHJ-6VHD-DP,3,3,0,1512.23,,
81687,AHJ-8V-B-DP,7,3,4,1497.61,,
81688,AHJ-8V-DP,0,0,0,1415.64,,
81689,AHJ-8VHD-B-DP,1,0,1,1648.36,,
81690,AHJ-8VHD-DP,0,0,0,1602.34,,
81691,KITYANMARSTD,0,0,0,78.09,,
81693,KITYANMARSTDAL,0,0,0,62.99,,
81695,TEC-AB,0,0,0,5.56,,
81696,TEC-AB/AL,0,0,0,7.37,,
81697,TEC-AB/MG,0,0,0,10.76,,
81698,AHJACT-3-DP,0,0,0,614.04,,
81699,TEC-CDE,0,0,0,8.68,,
81700,TEC-CDE/AL,0,0,0,8.44,,
81701,TEC-CDE/MG,0,0,0,14.13,,
81702,TEC-FF1,0,0,0,9.25,,
81703,TEC-FF1/AL,0,0,0,8.94,,
81704,TEC-FF1/MG,0,0,0,15.04,,
81705,TEC-F2F3,0,0,0,12.01,,
81706,TEC-F2F3/AL,0,0,0,11.63,,
81707,TEC-F2F3/MG,0,0,0,19.51,,
81708,TEC-DIVERS-AL,4,2,2,33.68,,
81709,TEC-DIVERS-S,3,0,3,19.74,,
81710,TEC-DIVERS-SAL,2,2,0,15.28,,
81711,TEC-DIVERS-SMG,0,0,0,24.24,,
81712,TEC-40MG,0,0,0,22.71,,
81713,TEC-Z-406MG,4,4,0,46.28,,
81714,AHJRELAYKIT-2-DP,1,1,0,127.47,,
81715,AHJSWITCH-1-DP,1,0,1,20.59,,
81716,FAGK-1-DP,5,4,1,262.53,,
81717,FAGK-1SS-DP,3,1,2,262.53,,
81718,FAGK-2-DP,4,4,0,262.53,,
81719,FAGK-2SS-DP,4,1,3,262.53,,
81720,O2-BK3-DP,0,0,0,146.76,,
81721,PMW-1-DP,9,9,0,19.28,,
81722,GFC-CCSG2-DP,8,2,6,54.87,,
81723,A3100Z-11H,0,0,0,128.05,,
81724,A3100Z-11E,0,0,0,128.05,,
81729,A3100Z-41H,0,0,0,128.05,,
81730,A3100Z-41E,0,0,0,128.05,,
81732,A3100Z-31H,0,0,0,128.05,,
81735,A526-11AAG,3,3,0,115.38,,
81736,A526-11BBD,0,0,0,128.05,,
81737,A526-11CBBR,7,0,7,110.53,,
81738,A526-11AAG-H,0,0,0,128.05,,
81739,A526-11AAG-E,0,0,0,128.05,,
81745,0493DP599L,9,4,5,21.23,,
81747,0493DP799L,13,6,7,25.11,,
81749,0493DP999L,5,1,4,31.88,,
81751,049300699D,3,0,3,76.15,,
81789,GFC-WK-DP,7,3,4,10.49,,
81793,71113C-SG,0,0,0,144.38,,
81794,71114C-SG,0,0,0,145.46,,
81795,71115C-SG,0,0,0,153.21,,
81796,71116C-SG,0,0,0,170.83,,
81828,72318P-10,2,2,0,129.99,,
81830,RFSPLICE-KIT1,0,0,0,145.15,199.87,
81831,RFSPLICE-KIT2,0,0,0,206.72,284.65,
81832,RFSPLICE-KIT3,3,0,3,268.94,370.33,
81855,74200C-SG,0,0,0,147.03,,
81856,74201C-SG,0,0,0,147.73,,
81857,74203C-SG,0,0,0,174.14,,
81869,A526-41AAG,0,0,0,128.05,,
81870,A526-41BBD,0,0,0,128.05,,
81871,A526-41CBBR,4,2,2,128.05,,
81872,A526-41AAG-H,0,0,0,128.05,,
81873,A526-41AAG-E,0,0,0,128.05,,
81874,A526-31AAG,0,0,0,128.05,,
81875,A526-31BBD,0,0,0,128.05,,
81876,A526-31CBBR,0,0,0,128.05,,
81877,A526-31AAG-H,0,0,0,128.05,,
81878,A526-31AAG-E,0,0,0,128.05,,
81930,SS-3-DP,7,7,0,16.05,,
81933,MSS-1-DP,27,6,21,35.01,,
81940,BS-1-42SS-DP,19,16,3,8.29,,
81944,BS-1-54SS-DP,22,16,6,9.35,,
81956,77815C-SG,0,0,0,175.26,,
81957,77816C-SG,0,0,0,182.94,,
81958,77817C-SG,0,0,0,192.86,,
81959,77818C-SG,0,0,0,208.71,,
81996,95120P-10,1,0,1,229.99,,
82002,HF-1CT-DP,8,6,2,170.64,,
82003,HF-1-DP,2,1,1,153.58,,
82004,HF-1T-DP,0,0,0,166.83,,
82005,HFM-1-DP,2,2,0,82.34,,
82006,HFS-1-DP,14,7,7,15.07,,
82008,ZL-10-DP,0,0,0,36.99,,
82013,ZL-20-DP,0,0,0,44.95,,
82028,HW-PKG-H2CAT,0,0,0,368.47,,
82032,HW-PKG-H2KVD,0,0,0,345.06,,
82035,HW-PKG-H2MRCRAP,0,0,0,368.47,,
82037,HW-PKG-H2WALL,0,0,0,390.94,,
82055,HW-ASSY-MINI12VK,4,2,2,26.33,,
82097,A503-11AAG,0,0,0,89.63,,
82098,A503-11BBD,0,0,0,89.63,,
82099,A503-11CBBR,0,0,0,89.63,,
82100,A503-11AAG-H,0,0,0,89.63,,
82101,A503-11AAG-E,0,0,0,89.63,,
82102,A503-12AAG,0,0,0,89.63,,
82103,A503-12BBD,0,0,0,89.63,,
82104,A503-12CBBR,0,0,0,89.63,,
82105,A503-12AAG-H,0,0,0,89.63,,
82106,A503-12AAG-E,0,0,0,89.63,,
82114,61000,0,0,0,20.11,,
82115,61020,4,4,0,11.99,,
82116,61050,5,3,2,21.46,,
82117,60000,8,6,2,17.99,,
82118,60002,2,0,2,31.59,,
82120,60008,2,2,0,36.09,,
82121,VENTII,0,0,0,16.19,,
82123,SNAP,10,4,6,4.54,,
82139,LED-34143-DP,6,3,3,60.46,,
82142,ST-1-DP,13,10,3,95.58,,
82143,TTC-1-DP,8,0,8,43.45,,
82144,FRH-1P-DP,4,4,0,17.44,,
82146,ZRS-1-DP,11,4,7,45.47,,
82151,TWA-1-DP,0,0,0,133.70,,
82152,TWAR-1-DP,6,2,4,36.12,,
82153,LB-TLRLCK-DP,4,0,4,44.51,,
82154,1461,0,0,0,303.13,,
82156,A503-14AAG,0,0,0,89.63,,
82158,A503-14CBBR,0,0,0,89.63,,
82159,A503-14AAG-H,0,0,0,89.63,,
82160,A503-14AAG-E,0,0,0,89.63,,
82161,A506-11AAG,0,0,0,102.44,,
82163,A506-11BBD,0,0,0,102.44,,
82165,A506-11CBBR,0,0,0,102.44,,
82166,A506-11AAG-H,0,0,0,102.44,,
82167,A506-11AAG-E,0,0,0,102.44,,
82168,A506-12AAG,0,0,0,102.44,,
82169,A506-12BBD,0,0,0,102.44,,
82170,A506-12CBBR,0,0,0,102.44,,
82171,A506-12AAG-H,0,0,0,102.44,,
82172,A506-12AAG-E,0,0,0,102.44,,
82173,A506-14AAG,0,0,0,102.44,,
82174,A506-14BBD,0,0,0,102.44,,
82175,A506-14CBBR,0,0,0,102.44,,
82176,A506-14AAG-H,0,0,0,102.44,,
82177,A506-14AAG-E,0,0,0,102.44,,
82208,A503-41AAG,0,0,0,89.63,,
82209,A503-41BBD,3,3,0,89.63,,
82210,A503-41CBBR,0,0,0,89.63,,
82211,A503-41AAG-H,9,5,4,76.56,,
82212,A503-41AAG-E,0,0,0,89.63,,
82213,A503-42AAG,0,0,0,89.63,,
82214,A503-42BBD,0,0,0,89.63,,
82215,A503-42CBBR,0,0,0,89.63,,
82216,A503-42AAG-H,0,0,0,89.63,,
82217,A503-42AAG-E,0,0,0,89.63,,
82218,A503-44AAG,0,0,0,89.63,,
82219,A503-44BBD,0,0,0,89.63,,
82220,A503-44CBBR,0,0,0,89.63,,
82221,A503-44AAG-H,0,0,0,89.63,,
82222,A503-44AAG-E,0,0,0,89.63,,
82223,A506-41AAG,0,0,0,102.44,,
82224,A506-41BBD,0,0,0,102.44,,
82225,A506-41CBBR,0,0,0,102.44,,
82226,A506-41AAG-H,0,0,0,102.44,,
82227,A506-41AAG-E,0,0,0,102.44,,
82228,A506-42AAG,0,0,0,102.44,,
82229,A506-42BBD,0,0,0,102.44,,
82230,A506-42CBBR,0,0,0,102.44,,
82231,A506-42AAG-H,0,0,0,102.44,,
82232,A506-42AAG-E,0,0,0,102.44,,
82233,A506-44AAG,0,0,0,102.44,,
82234,A506-44BBD,0,0,0,102.44,,
82235,A506-44CBBR,0,0,0,102.44,,
82236,A506-44AAG-H,0,0,0,102.44,,
82237,A506-44AAG-E,0,0,0,102.44,,
82238,A503-31AAG,2,0,2,89.63,,
82239,A503-31BBD,0,0,0,89.63,,
82240,A503-31CBBR,0,0,0,89.63,,
82241,A503-31AAG-H,4,0,4,89.63,,
82242,A503-31AAG-E,0,0,0,89.63,,
82243,A503-32AAG,0,0,0,89.63,,
82244,A503-32BBD,0,0,0,89.63,,
82245,A503-32CBBR,0,0,0,89.63,,
82246,A503-32AAG-H,0,0,0,89.63,,
82247,A503-32AAG-E,0,0,0,89.63,,
82248,A503-34AAG,0,0,0,89.63,,
82249,A503-34BBR,0,0,0,89.63,,
82250,A503-34CBBR,0,0,0,89.63,,
82251,A503-34AAG-H,0,0,0,89.63,,
82252,A503-34AAG-E,0,0,0,89.63,,
82253,A506-31AAG,16,0,16,88.42,,
82254,A506-31BBD,0,0,0,102.44,,
82255,A506-31CBBR,0,0,0,102.44,,
82256,A506-31AAG-H,0,0,0,102.44,,
82257,A506-31AAG-E,0,0,0,102.44,,
82258,A506-32AAG,0,0,0,102.44,,
82259,A506-32BBD,0,0,0,102.44,,
82260,A506-32CBBR,0,0,0,102.44,,
82261,A506-32AAG-H,0,0,0,102.44,,
82262,A506-32AAG-E,0,0,0,102.44,,
82263,A506-34AAG,0,0,0,102.44,,
82264,A506-34BBD,0,0,0,102.44,,
82265,A506-34CBBR,0,0,0,102.44,,
82266,A506-34AAG-H,0,0,0,102.44,,
82267,A506-34AAG-E,0,0,0,102.44,,
82268,A1110Z-11AAH,0,0,0,87.07,,
82272,A1110Z-14AAH,0,0,0,87.07,,
82288,A1110Z-41AAH,0,0,0,87.07,,
82293,A1110Z-45AAH,0,0,0,87.07,,
82294,A1110Z-45CAB,0,0,0,87.07,,
82295,A1110Z-46AAH,0,0,0,87.07,,
82296,A1110Z-46CAB,0,0,0,87.07,,
82297,A1110Z-31AAH,0,0,0,87.07,,
82298,A1110Z-31CAB,1,0,1,74.38,,
82301,A1110Z-34AAH,0,0,0,87.07,,
82302,A1110Z-34CAB,0,0,0,87.07,,
82303,A1110Z-35AAH,0,0,0,87.07,,
82304,A1110Z-35CAB,0,0,0,87.07,,
82305,A1110Z-36AAH,0,0,0,87.07,,
82306,A1110Z-36CAB,0,0,0,87.07,,
82355,101609,6,2,4,143.89,,226.19
82357,101621,6,3,3,86.68,,146.79
82358,101450,9,4,5,1188.06,,1932.79
82359,101451,11,4,7,1347.55,,2232.09
82360,101605,0,0,0,96.32,,159.89
82361,101606,0,0,0,95.67,,157.99
82362,101611,0,0,0,163.65,,273.89
82363,101627,34,7,27,126.15,,200.39
82364,101628,0,0,0,134.18,,213.29
82365,101629,23,12,11,112.68,,183.89
82367,101630,0,0,0,121.30,,198.19
82368,101631,27,16,11,127.23,,202.09
82369,101632,0,0,0,137.16,,217.19
82370,101633,0,0,0,113.72,,185.59
82371,101634,14,3,11,123.18,,200.79
82374,101636,0,0,0,382.70,,611.19
82375,101637,10,0,10,516.20,,833.39
82376,101640,9,4,5,177.16,,295.99
82377,101641,7,4,3,266.19,,435.29
82378,101642,6,3,3,341.84,,553.99
82379,101643,6,2,4,401.62,,643.49
82405,58029-1000,32,23,9,221.20,,
82419,C15043,0,0,0,108.40,160.20,
82420,BAM010702200R,10,2,8,111.62,,137.70
82441,379700029,14,8,6,28.60,,
82480,N02-240-902,1,0,1,152.99,358.74,
82481,A2C59514180,2,2,0,33.00,76.50,
82495,A2C59514091,0,0,0,41.30,76.50,
82497,A2C39308500,0,0,0,41.30,76.50,
82498,A2C39310500,0,0,0,27.27,43.92,
82499,A2C3931060001,0,0,0,17.92,28.89,
82500,A2C3931100001,1,0,1,14.00,28.89,
82501,A2C3931250001,0,0,0,27.27,43.92,
82502,A2C3931270002,0,0,0,33.51,54.00,
82504,A2C59501950,0,0,0,86.49,139.23,
82505,A2C9624370001,0,0,0,30.39,49.96,
82506,A2C9624380001,0,0,0,40.52,65.25,
82507,A2C9624400001,0,0,0,47.53,76.50,
82508,A2C9624420001,0,0,0,58.44,94.05,
82509,A2C99794200,0,0,0,45.19,72.81,
82511,A2C38805500,0,0,0,27.27,43.92,
82512,A2C38805700,0,0,0,48.31,77.76,
82515,A2C96245100,2,2,0,24.99,111.69,
82529,A2C59501979,0,0,0,555.58,894.24,
82568,A2C59501937,4,2,2,19.99,,
82605,PIN245020000,0,0,0,1350.44,,1666.00
82608,PIN123020100,5,2,3,935.66,,1154.30
82617,A2C59501983,0,0,0,556.75,943.11,
82618,A2C5323888101,0,0,0,7.53,12.06,
82619,A2C59500139,4,0,4,13.25,21.33,
82623,PIN123750500,8,6,2,95.08,,117.30
82624,PIN125010500,8,6,2,118.51,,146.20
82625,A2C99791100,0,0,0,51.43,82.80,
82626,PIN121800500,4,2,2,203.25,,250.75
82629,A2C59501982,1,1,0,144.99,343.71,
82630,PIN243020100,5,3,2,935.66,,1154.30
82631,PIN241800500,6,4,2,182.58,,225.25
82632,A2C1845710001,0,0,0,55.32,89.10,
82637,PMP122301102,21,2,19,947.37,,1168.75
82638,QUA125021100,8,4,4,2297.81,,2834.75
82639,PMP243021102,1,0,1,947.37,,1168.75
82640,PMP242301102,4,2,2,960.47,,1184.90
82641,QUA245023110,6,5,1,2022.21,,2494.75
82643,QUA483100100,1,1,0,2224.09,,2743.80
82644,BPC120731104R,9,3,6,92.46,,117.30
82645,BPC121031104R,16,11,5,109.21,,138.55
82646,BPC121531104R,20,7,13,125.96,,159.80
82647,BPC240831104R,31,12,19,125.96,,159.80
82650,BPC120715106,25,13,12,78.39,,99.45
82653,A2C1313150001,0,0,0,99.74,160.56,
82654,A2C17563000,0,0,0,23.38,37.62,
82655,A2C1766930001,0,0,0,109.87,176.85,
82656,A2C1821960001,1,1,0,49.99,160.56,
82659,A2C59514043,0,0,0,40.52,75.24,
82660,A2C59514047,0,0,0,40.52,75.24,
82661,A2C5321223801,0,0,0,5.84,9.27,
82663,A2C1650700001,0,0,0,14.81,23.85,
82664,A2C1992110001,0,0,0,17.92,28.89,
82671,A2C1720030001,0,0,0,25.45,58.95,
82672,A2C1720100001,0,0,0,45.97,106.65,
82673,A2C1742410001,0,0,0,25.97,60.21,
82674,A2C1742980001,0,0,0,26.49,61.47,
82675,A2C1744170001,0,0,0,26.49,61.47,
82676,A2C1744180001,0,0,0,26.49,61.47,
82677,A2C1744190001,0,0,0,27.01,62.73,
82678,A2C1744200001,0,0,0,27.66,63.99,
82679,A2C1744210001,0,0,0,28.18,65.25,
82680,A2C1744220001,0,0,0,28.70,66.51,
82681,A2C1744230001,0,0,0,28.70,66.51,
82682,A2C1744240001,0,0,0,29.22,67.77,
82683,A2C1744250001,0,0,0,29.74,66.03,
82684,A2C1744260001,0,0,0,30.91,71.55,
82685,A2C1744270001,0,0,0,30.91,71.55,
82686,A2C1744280001,0,0,0,31.43,72.81,
82687,A2C1744290001,0,0,0,31.95,74.07,
82688,010-12505-00,0,0,0,22.49,,
82689,A2C1744300001,0,0,0,32.47,75.24,
82690,A2C1744310001,0,0,0,32.47,75.24,
82693,A2C1744320001,0,0,0,33.51,77.76,
82694,A2C1744350001,0,0,0,34.16,79.02,
82695,A2C1744360001,0,0,0,34.68,80.28,
82696,A2C1744370001,0,0,0,34.68,80.28,
82697,A2C1744380001,0,0,0,35.19,81.54,
82698,A2C1744390001,0,0,0,35.71,82.80,
82699,A2C1744400001,0,0,0,36.75,85.32,
82700,A2C1744410001,0,0,0,37.27,86.58,
82701,A2C1744420001,0,0,0,37.92,87.84,
82702,A2C1744430001,0,0,0,37.92,87.84,
82703,A2C1744440001,0,0,0,38.44,89.10,
82704,A2C1744450001,0,0,0,38.96,90.36,
82705,A2C1744460001,0,0,0,38.96,90.36,
82706,A2C1744470001,0,0,0,39.48,91.62,
82707,A2C1744480001,0,0,0,40.00,103.50,
82708,A2C1745780001,0,0,0,40.00,92.88,
82709,A2C1745790001,0,0,0,41.17,95.31,
82710,A2C1745800001,1,1,0,41.69,96.57,
82711,A2C1745810001,0,0,0,43.77,101.61,
82712,A2C1745820001,0,0,0,49.74,115.38,
82713,A2C1745830001,0,0,0,51.95,120.42,
82714,A2C1745840001,0,0,0,55.19,127.98,
82715,A2C1745880001,0,0,0,57.92,134.19,
82716,A2C1745890001,0,0,0,61.17,141.75,
82717,A2C1745900001,0,0,0,63.77,148.05,
82718,A2C1745910001,0,0,0,67.01,155.52,
82719,A2C1745920001,0,0,0,69.74,161.82,
82720,A2C1745960001,0,0,0,82.21,190.62,
82721,A2C1745950001,0,0,0,78.96,183.15,
82722,A2C1745940001,0,0,0,76.23,176.85,
82723,A2C1745930001,0,0,0,73.51,170.64,
82724,A2C1746020001,0,0,0,25.45,58.95,
82725,A2C1746030001,2,2,0,12.99,60.21,
82726,A2C1746040001,0,0,0,26.49,61.47,
82727,A2C1746060001,0,0,0,26.49,61.47,
82728,A2C1746100001,0,0,0,26.49,61.47,
82729,A2C1746120001,0,0,0,27.01,62.73,
82730,A2C1746130001,0,0,0,27.66,63.99,
82731,A2C1746140001,0,0,0,28.18,65.25,
82732,A2C1746150001,0,0,0,28.70,66.51,
82733,A2C1746170001,0,0,0,28.70,66.51,
82734,A2C1746190001,0,0,0,29.22,67.77,
82735,A2C1746220001,0,0,0,29.74,69.03,
82736,A2C1746300001,0,0,0,30.91,71.55,
82737,A2C1746390001,0,0,0,30.91,71.55,
82738,A2C1746420001,0,0,0,31.43,72.81,
82739,A2C1746450001,0,0,0,31.95,74.07,
82740,A2C1746990001,0,0,0,32.47,75.24,
82741,A2C1747000001,0,0,0,32.47,75.24,
82742,A2C1747020001,0,0,0,33.51,77.76,
82743,A2C1747030001,0,0,0,34.16,79.02,
82744,A2C1747050001,0,0,0,34.68,80.28,
82745,A2C1747060001,0,0,0,34.68,80.28,
82746,A2C1747080001,0,0,0,35.19,81.54,
82747,A2C1747090001,0,0,0,35.71,82.80,
82748,A2C1747130001,0,0,0,36.75,85.32,
82749,A2C1747140001,0,0,0,37.27,86.58,
82750,A2C1747150001,0,0,0,37.92,87.84,
82751,A2C1747160001,0,0,0,37.92,87.84,
82752,A2C1747170001,0,0,0,38.44,89.10,
82753,A2C1747190001,0,0,0,38.96,90.36,
82754,A2C1747200001,0,0,0,38.96,90.36,
82755,A2C1747210001,0,0,0,39.48,91.62,
82756,A2C1747220001,0,0,0,40.00,92.88,
82757,A2C1747230001,0,0,0,40.00,92.88,
82758,A2C1747240001,0,0,0,41.17,95.31,
82759,A2C1747250001,0,0,0,41.69,96.57,
82760,A2C1747260001,0,0,0,43.77,101.61,
82761,A2C1747270001,0,0,0,45.97,106.65,
82762,A2C1747280001,0,0,0,49.74,115.38,
82763,A2C1747290001,0,0,0,51.95,120.42,
82764,A2C1747300001,0,0,0,55.19,127.98,
82765,A2C1747340001,0,0,0,57.92,134.19,
82766,A2C1747350001,0,0,0,61.17,141.75,
82767,A2C1747360001,0,0,0,63.77,148.05,
82768,A2C1747370001,0,0,0,67.01,155.52,
82769,A2C1747380001,0,0,0,69.74,161.82,
82770,A2C1747390001,0,0,0,73.51,170.64,
82771,A2C1747410001,0,0,0,76.23,176.85,
82772,A2C1747420001,0,0,0,78.96,183.15,
82773,A2C1747430001,0,0,0,82.21,190.62,
82774,A2C1749300001,0,0,0,25.45,58.95,
82775,A2C1749310001,0,0,0,25.97,60.21,
82776,A2C1749370001,0,0,0,26.49,61.47,
82777,A2C1749950001,0,0,0,26.49,61.47,
82778,A2C1750030001,0,0,0,26.49,61.47,
82779,A2C1750040001,0,0,0,27.01,62.73,
82781,A2C1750100001,0,0,0,27.66,63.99,
82782,A2C1750120001,0,0,0,28.18,65.25,
82783,A2C1750130001,0,0,0,28.70,66.51,
82784,A2C1750170001,0,0,0,28.70,66.51,
82786,A2C1750190001,0,0,0,29.22,67.77,
82787,A2C1750200001,0,0,0,29.74,69.03,
82788,A2C1750210001,0,0,0,30.91,71.55,
82789,A2C1750220001,0,0,0,30.91,71.55,
82790,A2C1750230001,0,0,0,31.43,72.81,
82791,A2C1750240001,15,6,9,31.95,74.07,
82792,A2C1750250001,0,0,0,32.47,75.24,
82793,A2C1750260001,0,0,0,32.47,75.24,
82795,A2C1750270001,0,0,0,33.51,77.76,
82796,A2C1750280001,0,0,0,34.16,79.02,
82797,A2C1750290001,0,0,0,34.68,80.28,
82798,A2C1750300001,0,0,0,34.68,80.28,
82799,A2C1750310001,0,0,0,35.19,81.54,
82800,A2C1750320001,0,0,0,35.71,82.80,
82801,A2C1750330001,0,0,0,36.75,85.32,
82802,A2C1750340001,0,0,0,37.27,86.58,
82803,A2C1750350001,0,0,0,37.92,87.84,
82804,A2C1750360001,0,0,0,37.92,87.84,
82805,A2C1750380001,0,0,0,38.44,89.10,
82806,A2C1750390001,0,0,0,38.96,90.36,
82807,A2C1750420001,0,0,0,38.96,90.36,
82808,A2C1750440001,0,0,0,39.48,91.62,
82809,A2C1750460001,0,0,0,40.00,92.88,
82810,A2C1750470001,0,0,0,40.00,92.88,
82811,A2C1750490001,0,0,0,41.17,95.31,
82812,A2C1750500001,0,0,0,41.69,96.57,
82813,A2C1750530001,0,0,0,43.77,101.61,
82814,A2C1750570001,0,0,0,45.97,106.65,
82815,A2C1750620001,0,0,0,49.74,115.38,
82816,A2C1750650001,0,0,0,51.95,120.42,
82817,A2C1750730001,0,0,0,55.19,127.98,
82818,A2C1750740001,0,0,0,57.92,134.19,
82819,A2C1750750001,0,0,0,61.17,141.75,
82820,A2C1750760001,0,0,0,63.77,148.05,
82821,A2C1750770001,0,0,0,67.01,155.52,
82822,A2C1750790001,0,0,0,69.74,161.82,
82823,A2C1750810001,0,0,0,73.51,170.64,
82824,A2C1750840001,0,0,0,76.23,176.85,
82825,A2C1750850001,0,0,0,78.96,183.15,
82826,BPC121715106,12,4,8,113.90,,144.50
82828,A2C1750860001,0,0,0,82.21,190.62,
82830,CCH012040000,5,2,3,382.39,,471.75
82831,CCH012060000,3,3,0,412.71,,509.15
82832,CCH012080000,6,3,3,685.55,,845.75
82833,CCH012100000,6,3,3,837.13,,1032.75
82834,CCH024030000,4,1,3,481.61,,594.15
82835,CCH024040000,5,2,3,629.06,,776.05
82836,CCH024060000,4,2,2,719.32,,887.40
82837,SM-SAT-OFFS,2,2,0,194.99,,259.99
82839,SKI024100000,0,0,0,1129.27,,1393.15
82841,LYN040102100,9,9,0,288.00,,355.30
82842,LYN020102000,1,1,0,114.37,,141.10
82861,ORI241221226,8,7,1,239.77,,295.80
82866,ORI121210110R,4,3,1,51.67,,63.75
82868,ORI121222110,8,4,4,92.33,,113.90
82870,ORI121240110,1,1,0,163.29,,201.45
82871,"N03 141",0,0,0,70.60,91.49,
82875,N03900,6,2,4,233.89,,
82876,ORI241224110,7,5,2,92.33,,113.90
82877,ORI241240110,10,2,8,163.29,,201.45
82878,ORI481240110,11,6,5,163.29,,201.45
82881,N05140,0,0,0,65.39,84.74,
82883,"N05 420",1,0,1,35.12,,
82884,N05631,0,0,0,103.32,133.90,
82887,"N05 430",1,0,1,40.43,,
82888,N05641,0,0,0,159.28,206.42,
82889,ARG160201020,22,6,16,73.03,,90.10
82890,ARG100201020,7,3,4,81.30,,100.30
82891,ARG200201020R,18,15,3,97.15,,119.85
82894,01-0290-03SL,0,0,0,1368.79,,
82895,LLB-57WW-01-00,0,0,0,23.08,,
82896,LLB-571B-01-00,0,0,0,23.08,,
82897,LLB-46WW-0A-SS,0,0,0,64.93,,
82898,LLB-46WR-0A-SS,0,0,0,71.29,,
82899,LLB-46WB-0A-SS,0,0,0,71.29,,
82900,LLB-46WW-0A-BN,0,0,0,64.93,,
82901,LLB-46WR-0A-BN,0,0,0,71.29,,
82902,385310635,0,0,0,35.49,,
82903,BCD000802000,23,17,6,36.52,,45.05
82904,LLB-46WB-0A-BN,0,0,0,71.29,,
82905,BPR000065400,18,9,9,29.63,,36.55
82906,LLB-46WW-0A-WH,2,0,2,64.93,,
82907,BPR000100400,29,7,22,43.41,,53.55
82908,LLB-46WR-0A-WH,0,0,0,71.29,,
82909,LLB-46WB-0A-WH,0,0,0,71.29,,
82910,LLB-46RG-3A-SS,2,2,0,71.29,,
82911,LLB-46RG-3A-BN,0,0,0,71.29,,
82912,LLB-46RG-3A-WH,2,0,2,71.29,,
82913,LLB-33VW-81-OT,0,0,0,44.21,,
82915,BPR000220400,18,14,4,70.97,,87.55
82916,LLB-45WG-01-00,0,0,0,105.55,,
82917,BPR065022000,19,9,10,43.41,,53.55
82918,BPR110022000,12,2,10,57.19,,70.55
82919,BPR122022000,17,3,14,85.44,,105.40
82920,BAM030712000R,17,10,7,128.84,,158.95
82921,BAM010702000R,16,5,11,111.62,,137.70
82922,ASS000100000,7,2,5,25.49,,31.45
82923,77010600,12,8,4,132.62,,
82926,BPP900400100,5,3,2,113.40,,245.65
82928,BPP900100200,7,3,4,23.43,,28.90
82929,ASS030536011,6,3,3,32.38,,39.95
82930,ASS030537010,5,2,3,75.79,,93.50
82932,SBS050150200,10,1,9,31.69,,39.10
82933,REC020005010,6,3,3,107.48,,132.60
82934,DMC000200010R,25,8,17,95.08,,117.30
82935,REC030001210,7,5,2,70.97,,87.55
82936,ASS030064900,15,11,4,6.20,,7.65
82937,ASS030064920,47,21,26,6.20,,7.65
82938,ASS030064981,41,20,21,10.33,,12.75
82939,ASS030065000,26,23,3,13.09,,16.15
82940,ASS030065011,10,0,10,15.16,,18.70
82941,ASS030065030,10,10,0,28.25,,34.85
82942,ASS030065050,14,10,4,32.38,,39.95
82943,ASS030065510,20,3,17,15.16,,18.70
82944,ASS030531203,23,10,13,14.47,,17.85
82945,ASS030531209,19,9,10,14.47,,17.85
82946,ASS030531230,19,8,11,15.85,,19.55
82947,ASS030531250,13,3,10,17.91,,22.10
82948,ASS030531320,24,12,12,21.36,,26.35
82949,ASS030530010,15,5,10,22.74,,28.05
82950,ASS030140000,9,3,6,55.81,,68.85
82951,ASS030520200,13,11,2,57.19,,70.55
82954,SCC010020020,9,4,5,31.69,,39.10
82956,304206050YW-1,12,12,0,5.89,,
82957,304210100YW-1,0,0,0,22.36,,
82958,304206100YW-1,4,4,0,9.74,,
82959,304210075YW-1,0,0,0,17.24,,
82960,563310-1,0,0,0,18.50,,
82961,565050-1,0,0,0,21.61,,
82962,563151-1,0,0,0,13.71,,
82963,563320-1,0,0,0,22.03,,
82964,322270-1,14,7,7,39.09,,
82965,322271-1,18,10,8,34.95,,
82966,SCC010030020,6,3,3,44.10,,54.40
82967,400058-1,0,0,0,40.94,,
82968,400059-1,2,1,1,48.67,,
82969,SCC010010050R,17,7,10,38.58,,47.60
82970,SCC010015050R,22,11,11,42.72,,52.70
82971,SCC010015200R,18,10,8,52.36,,64.60
82972,SCC075010060R,17,10,7,53.05,,65.45
82973,SCC075015060R,3,3,0,57.19,,70.55
82974,SCC110015060R,11,3,8,66.83,,82.45
82976,SCC110030210,9,2,7,109.55,,135.15
82977,SCC110050210,1,1,0,157.09,,193.80
82978,404230-3,5,0,5,29.89,,
82979,404232-3,7,6,1,29.73,,
82981,404330-3,8,3,5,33.09,,
82983,404332-3,10,5,5,33.09,,
82985,401755-1,4,4,0,35.33,,
82988,401757-1,16,9,7,31.97,,
82990,CIP100200100,7,4,3,28.94,,35.70
82991,CIP100400070,9,3,6,36.52,,45.05
82995,CIP136400010,10,3,7,12.40,,15.30
82996,327194-1,0,0,0,11.50,,
82997,ITR040202041,9,6,3,322.45,,397.80
82998,ITR000100101,7,3,4,412.71,,509.15
83002,432599-1,4,2,2,47.19,,
83003,432598-1,4,2,2,54.13,,
83006,404546-1,3,1,2,112.02,,
83008,BPC121315106,13,2,11,103.18,,130.90
83009,CIP000100001,14,8,6,12.40,,15.30
83012,401686-1,10,5,5,49.94,,
83013,400112-1,0,0,0,22.20,,
83014,400005-1,2,2,0,18.50,,
83028,A2C5318602201,0,0,0,5.84,9.27,
83029,A2C5318602301,0,0,0,11.69,18.81,
83030,A2C5318604001,0,0,0,5.84,9.27,
83031,A2C5318602401,2,2,0,5.84,9.27,
83032,A2C5318602501,0,0,0,5.84,9.27,
83033,A2C5318602601,0,0,0,11.69,18.81,
83034,A2C5318602701,0,0,0,5.84,9.27,
83035,A2C5318602801,0,0,0,5.84,9.27,
83036,A2C5318602901,2,2,0,9.49,18.81,
83046,A2C5321074501,0,0,0,8.31,13.32,
83048,A2C5321074701,0,0,0,14.81,23.85,
83051,A2C5321076101,0,0,0,14.81,23.85,
83052,A2C5321076301,0,0,0,8.31,13.32,
83054,A2C5321076501,0,0,0,14.81,23.85,
83055,A2C59514123,0,0,0,41.30,76.50,
83057,N02-240-402,5,3,2,120.91,224.55,
83058,N02-240-404,0,0,0,217.53,403.83,
83059,N02-240-406,0,0,0,297.14,551.88,
83061,N02-240-904,0,0,0,289.09,536.85,
83062,N02-240-906,0,0,0,369.48,686.07,
83063,N03-320-264,0,0,0,160.78,298.53,
83064,N03-320-266,0,0,0,20.26,37.62,
83065,A2C3935310001,0,0,0,925.71,1489.95,
83066,A2C5312164501,0,0,0,8.31,13.32,
83067,A2C59510854,2,0,2,22.99,89.10,
83068,A2C59510864,1,1,0,8.31,13.32,
83071,N05-016-930,0,0,0,44.16,62.73,
83072,N05-001-370,4,2,2,9.99,38.88,
83073,N05-008-750,0,0,0,31.17,50.22,
83074,226-828-001-001K,2,1,1,226.99,536.85,
83075,A2C59514079,5,5,0,31.99,76.50,
83076,A2C59514182,0,0,0,41.30,76.50,
83081,A2C59514136,2,0,2,32.00,76.50,
83082,A2C59514137,0,0,0,44.68,82.80,
83083,A2C59514139,0,0,0,41.30,76.50,
83084,A2C59514141,2,2,0,31.00,76.50,
83086,A2C59514145,4,0,4,35.00,76.50,
83087,A2C59514149,2,2,0,33.00,76.50,
83088,A2C59514152,0,0,0,41.30,76.50,
83089,A2C59514088,0,0,0,41.30,76.50,
83090,A2C59514085,0,0,0,41.30,76.50,
83091,A2C59514082,1,1,0,41.30,76.50,
83092,A2C59514083,0,0,0,41.30,76.50,
83094,A2C59514094,2,1,1,41.30,76.50,
83097,A2C59514097,0,0,0,41.30,76.50,
83100,A2C59514099,0,0,0,41.30,76.50,
83102,ZDIGIAISTX,4,2,2,623.30,,
83103,ZDIGIAISTXPL,3,2,1,701.21,,
83107,328025-1,7,4,3,27.45,,
83132,GS-390-180,3,2,1,2499.99,,
83134,S32-1031-0100,0,0,0,599.25,,
83136,CS2596701,0,0,0,19.03,,
83137,CS2596702,3,2,1,19.03,,
83138,RA6203900,4,2,2,4.69,,
83141,226-801-015-001G,1,1,0,50.65,94.05,
83142,323-801-004-002N,1,0,1,32.99,,
83153,357204031,1,0,1,40.51,,
83156,357203051,4,3,1,35.54,,
83159,ARG-756,19,19,0,5.33,,
83168,23903-18423,0,0,0,23.21,31.99,
83169,23903-80016,2,0,2,23.21,31.99,
83171,23903-80022,1,0,1,23.21,31.99,
83173,23903-18373,2,0,2,23.21,31.99,
83174,23903-21526,2,0,2,23.21,31.99,
83176,23903-80023,2,0,2,23.21,31.99,
83177,23902-80093,0,0,0,28.29,38.99,
83178,23902-80066,2,0,2,28.29,38.99,
83179,22135-80129,2,0,2,21.76,29.99,
83180,22135-80038,5,0,5,21.76,29.99,
83181,22135-80050,2,0,2,21.76,29.99,
83183,37926-80324,2,0,2,142.24,195.99,
83184,37926-80375,2,0,2,142.24,195.99,
83185,37925-80324,2,0,2,118.29,162.99,
83186,37925-80375,1,0,1,118.29,162.99,
83190,SM-ACC-ALRM,6,3,3,44.78,,55.11
83191,556TID-HDN,0,0,0,1111.11,,
83198,F16-0274,14,7,7,21.95,,
83199,FSAL1512D008A00,0,0,0,3171.24,,
83204,TM185C-M-8G,0,0,0,950.89,1279.00,
83212,SG2-0402,0,0,0,12.90,,
83213,UAA2,4,0,4,45.56,,
83214,60-120-K6,2,0,2,635.40,,
83216,621-120-K6,2,0,2,635.40,,
83219,CFII-12/24,3,0,3,191.16,,
83225,ES-8015-01,0,0,0,525.00,,
83227,72-0563,1,1,0,99.99,,
83230,TM275C-LHW-MM,0,0,0,1541.05,2064.00,
83241,44310755,7,3,4,1457.89,,1880.99
83242,R70621,0,0,0,68.17,,
83250,941900050,8,3,5,1299.99,,
83256,E70537,4,2,2,517.65,,
83258,10-13409-01,0,0,0,606.47,,
83277,"LQ 04502",30,15,15,3.79,4.95,
83283,H1170B,4,1,3,27.81,,
83289,77060050,0,0,0,13.64,,
83290,77060100,0,0,0,14.48,,
83291,77060200,9,0,9,15.79,,
83292,77060500,0,0,0,20.94,,
83293,44311005,16,5,11,1889.55,,2437.99
83294,44320405,9,2,7,1112.98,,1435.99
83295,77020115,6,0,6,314.80,,
83300,PLABG371,0,0,0,138.45,,
83301,PLABG350,5,1,4,51.40,,
83302,PLABG360,1,1,0,96.91,,
83303,PLABG370,1,1,0,117.68,,
83304,PLABG100,0,0,0,20.76,,
83305,PLABG110,5,0,5,27.68,,
83308,FRBO1440,0,0,0,8.45,,
83333,B175C-0-L-MM,0,0,0,1170.14,1564.00,
83334,MMC-8G-L,0,0,0,105.28,135.00,
83336,BAM010700000R,10,0,10,89.57,,110.50
83337,SAS-600,1,0,1,1462.30,,
83338,KRD-10,0,0,0,538.30,,
83341,BPA000100010R,6,2,4,46.85,,57.80
83349,H25-0016,9,4,5,390.79,,
83353,010-12797-00,10,1,9,33.75,,
83356,BPP900455050,8,2,6,178.45,,220.15
83357,18920-9043,7,3,4,134.52,,
83358,BAM030712200,18,14,4,128.84,,158.95
83359,18916-0040,63,3,60,30.41,,
83360,58100-2000,6,3,3,189.47,,
83362,G200416,12,6,6,19.29,,
83363,G200416CASE,2,1,1,106.85,,
83364,G200526,11,6,5,15.72,,
83365,G200526CASE,1,1,0,87.08,,
83367,M6701,21,13,8,52.15,,
83368,M6701CASE,5,3,2,203.11,,
83370,MMC-11R-HM,2,1,1,106.51,135.00,
83376,88331,0,0,0,874.99,1399.99,
83377,VECTOR200-0,2,1,1,1609.30,,
83378,VECTOR200-2,3,2,1,1224.30,,
83384,HE-EYHK,0,0,0,43.57,76.99,
83385,HE-DLWH1,0,0,0,38.95,63.99,
83386,HE-DTPIGTAIL,0,0,0,42.23,65.99,
83388,NCTP100,15,0,15,208.27,249.99,
83389,NCTP1002,1,0,1,82.33,97.99,
83390,G190526-X2000KIT,2,1,1,22.99,,
83393,706-62,5,0,5,187.35,,
83394,A2K-SBN-2,21,15,6,124.74,,
83405,"LQ 04502CASE",0,0,0,91.21,118.95,
83406,90100,15,9,6,7.67,,
83407,300-037B,0,0,0,1596.35,,1795.90
83431,S72-0436,0,0,0,941.51,,
83436,S72-0638,0,0,0,277.88,,
83437,S72-0629,0,0,0,634.49,,
83438,E-DC-30,3,1,2,22.00,,
83445,A80451,0,0,0,1120.82,,1345.00
83446,S72-0695,0,0,0,371.20,,
83453,PKMGKT,13,9,4,27.41,40.50,
83499,RF25109HL,3,1,2,41.12,69.91,
83500,010-12548-00,0,0,0,14.99,,
83503,S2-0313,0,0,0,284.78,,
83504,S2-2638,0,0,0,71.48,,
83505,S2-0314,0,0,0,284.78,,
83506,S2-3641,0,0,0,71.48,,
83507,S2-0334,0,0,0,284.78,,
83508,S2-00315,0,0,0,284.78,,
83509,S2-0633,0,0,0,470.40,,
83510,S2-6661,0,0,0,133.74,,
83511,S2-6544,0,0,0,340.12,,
83512,S2-6663,0,0,0,76.09,,
83513,S2-9628,0,0,0,14.70,,
83514,S2-9632,0,0,0,14.70,,
83515,TZT12F,2,2,0,2587.95,,
83516,TZT16F,3,1,2,4126.95,,
83517,TZT19F,0,0,0,6475.95,,
83529,610568,9,9,0,8.86,,
83535,610586,54,15,39,10.86,,
83536,610587,74,52,22,10.86,,
83562,B285C-M-MM,0,0,0,963.00,1264.00,
83567,22010,11,7,4,147.26,,
83568,22009,6,4,2,104.44,,
83570,22024,11,6,5,56.09,,
83571,22017,5,3,2,56.94,,
83572,22022,11,5,6,51.30,,
83573,22021,22,17,5,52.94,,
83577,T-04MSB,0,0,0,363.64,,
83579,IBI3-40-200,1,0,1,277.98,,
83580,88411,0,0,0,58.75,,
83581,88152-8,38,0,38,7.49,,
83582,88152-9,23,10,13,7.49,,
83586,0424DP0CHR,7,5,2,28.24,,
83587,MD32T,2,2,0,2809.52,,
83589,CCH012030000,5,2,3,311.43,,384.20
83590,CCH012050000,3,2,1,397.55,,490.45
83593,610572,23,12,11,8.05,,
83595,611547,1,1,0,41.13,,
83596,611395,3,3,0,47.13,,
83597,607393,4,2,2,179.00,,
83598,607405,0,0,0,53.00,,
83599,607407,3,0,3,53.00,,
83600,607400,0,0,0,53.00,,
83607,166001P,49,49,0,8.99,,
83611,CAM-PT-150-03,3,1,2,315.00,,
83612,CAM-PT-300-03,3,1,2,334.69,,
83613,CAM-MM-03,0,0,0,365.63,,
83614,AIR-033-203-33,0,0,0,135.58,185.00,
83617,10-24946-01,4,3,1,160.90,,
83618,90110,0,0,0,8.37,,
83624,NAVPRO900R,0,0,0,2588.61,,
83625,NAVPRO900FR,0,0,0,2728.61,,
83626,NAVPRO1200R,0,0,0,3498.61,,
83627,NAVPRO1200FR,0,0,0,3638.61,,
83631,281301-1,1,1,0,18.31,,
83632,281300-1,17,7,10,11.88,,
83633,281451-1,0,0,0,18.37,,
83634,281601-1,0,0,0,15.39,,
83635,281901-1,7,5,2,20.76,,
83636,280301-1,6,2,4,20.76,,
83637,280451-1,0,0,0,22.26,,
83638,280601-1,1,0,1,22.58,,
83639,280901-1,10,9,1,20.76,,
83640,010-12226-00,0,0,0,37.49,,
83641,010-12545-01,0,0,0,29.99,,
83642,959940401,5,2,3,155.95,,
83645,241287802,5,4,1,11.34,,
83646,980910121,8,4,4,96.41,,
83654,2982,10,8,2,99.99,,
83656,A2C59514118,1,1,0,41.30,76.50,
83658,B265LH-12P,0,0,0,1422.22,,
83659,B275LHW-12P,1,0,1,1866.67,,
83660,CM275LH-W-12P,0,0,0,1904.55,,
83661,PM265LH-12P,0,0,0,1438.20,,
83662,PM275LHW-12P,0,0,0,1707.87,,
83663,CM599LHG,0,0,0,3631.82,,
83664,VWC100012V105,0,0,0,2755.53,3747.52,
83668,R70727,4,3,1,46.86,,
83669,R70728,4,3,1,46.86,,
83670,R70729,0,0,0,46.86,,
83671,R70525,0,0,0,55.39,,
83672,A80501,6,4,2,59.65,,
83673,A80503,0,0,0,68.17,,
83676,GP1920-01,0,0,0,392.72,,
83678,ZDIGWLN30SM,3,2,1,219.54,,
83679,ZDIGCLA2000,3,1,2,2025.80,,
83690,SC29,2,1,1,295.31,,
83691,010-12528-10,2,0,2,52.49,,
83692,010-12067-10,0,0,0,89.99,,
83700,AHJHSP-T-12V-DP,4,2,2,102.68,,
83707,GP2920-00,0,0,0,378.17,,
83719,SCM-MFD-CABLE-GARMIN,0,0,0,36.25,,39.95
83720,SCM-MFD-CABLE-NAVICO,0,0,0,36.25,,39.95
83722,PMPS-1-DP,16,15,1,11.04,,
83727,RF47109,0,0,0,239.17,329.33,
83728,RF67109,0,0,0,414.17,570.31,
83729,RF77109,0,0,0,679.91,936.23,
83730,139800-300-999-17,5,4,1,9.00,,
83747,360-005,0,0,0,36.15,,
83748,1101,26,10,16,9.36,,
83750,MM3-VNA-035,0,0,0,454.55,,
83756,77317,0,0,0,3.89,,
83757,77022,0,0,0,6.28,,
83758,77027,0,0,0,12.52,,
83759,77037,0,0,0,45.88,,
83760,77042,0,0,0,64.41,,
83761,20623,0,0,0,176.80,,
83762,77347,0,0,0,3.77,,
83763,77052,0,0,0,6.53,,
83764,77057,0,0,0,14.93,,
83765,77062,0,0,0,26.71,,
83766,77067,0,0,0,48.55,,
83767,77072,0,0,0,67.44,,
83768,20638,0,0,0,197.99,,
83769,77607,0,0,0,4.71,,
83770,77023,0,0,0,5.53,,
83771,77028,0,0,0,17.57,,
83772,77033,0,0,0,24.49,,
83773,77038,0,0,0,39.25,,
83774,77043,0,0,0,54.44,,
83775,20653,0,0,0,119.07,,
83776,77637,0,0,0,3.72,,
83777,77053,0,0,0,5.27,,
83779,77058,0,0,0,17.13,,
83780,77063,0,0,0,24.51,,
83782,77068,0,0,0,37.05,,
83783,77073,0,0,0,55.51,,
83784,20668,0,0,0,145.23,,
83785,77377,0,0,0,5.93,,
83786,77387,0,0,0,10.37,,
83787,77412,0,0,0,19.00,,
83788,77442,0,0,0,31.51,,
83789,77457,0,0,0,59.95,,
83790,77477,0,0,0,74.05,,
83791,20683,0,0,0,222.63,,
83792,78047,0,0,0,3.51,,
83793,78052,0,0,0,5.31,,
83794,78057,0,0,0,10.64,,
83795,78062,0,0,0,13.19,,
83796,78067,0,0,0,24.03,,
83797,78072,0,0,0,30.65,,
83798,20728,0,0,0,87.25,,
83799,78172,0,0,0,8.67,,
83800,78177,0,0,0,11.39,,
83801,78182,0,0,0,14.47,,
83802,78187,0,0,0,21.60,,
83803,78192,0,0,0,32.64,,
83804,78197,0,0,0,37.27,,
83805,79005,0,0,0,26.60,,
83806,79010,0,0,0,29.31,,
83807,79015,0,0,0,37.03,,
83808,79020,0,0,0,46.03,,
83809,79025,0,0,0,66.65,,
83810,79030,0,0,0,81.59,,
83811,20743,0,0,0,88.44,,
83812,78147,0,0,0,16.04,,
83813,78152,0,0,0,18.73,,
83814,78157,0,0,0,27.13,,
83815,15588,0,0,0,45.08,,
83816,15608,0,0,0,69.52,,
83817,78167,0,0,0,44.93,,
83818,79923,0,0,0,42.44,,
83819,79928,0,0,0,50.05,,
83820,79933,0,0,0,65.60,,
83821,79938,0,0,0,121.84,,
83824,79035,0,0,0,27.60,,
83825,79040,0,0,0,35.31,,
83826,79045,0,0,0,40.69,,
83827,79050,0,0,0,58.29,,
83828,79055,0,0,0,82.75,,
83829,79060,0,0,0,150.59,,
83830,17768,0,0,0,1.49,,
83831,17778,0,0,0,2.24,,
83832,17788,0,0,0,2.61,,
83833,17803,0,0,0,3.11,,
83834,17818,0,0,0,5.85,,
83835,17823,0,0,0,6.08,,
83838,001-512-620-00,4,2,2,181.82,,
83839,131824000,3,2,1,80.38,,
83840,95005,0,0,0,69.97,,
83841,95010,0,0,0,81.05,,
83842,95015,0,0,0,98.42,,
83843,95020,0,0,0,163.97,,
83844,95025,0,0,0,207.97,,
83845,95030,0,0,0,70.00,,
83846,95035,0,0,0,81.11,,
83847,95040,2,2,0,14.99,,
83848,95045,0,0,0,164.05,,
83849,95050,0,0,0,208.05,,
83850,95055,0,0,0,69.97,,
83851,95060,0,0,0,81.05,,
83853,95065,0,0,0,98.42,,
83854,DPT-C-PLATE-03,4,2,2,163.13,,
83855,95070,0,0,0,163.97,,
83856,95075,0,0,0,207.97,,
83857,95080,0,0,0,70.00,,
83858,95085,0,0,0,81.11,,
83859,95090,0,0,0,98.46,,
83860,95095,0,0,0,164.05,,
83861,95100,0,0,0,208.05,,
83862,95105,0,0,0,143.35,,
83863,95110,3,3,0,29.99,,
83864,95115,0,0,0,186.92,,
83865,95120,0,0,0,264.31,,
83866,95125,0,0,0,312.37,,
83867,95285,0,0,0,33.29,,
83868,95290,0,0,0,41.26,,
83869,95295,0,0,0,52.38,,
83870,95300,0,0,0,67.55,,
83871,95305,0,0,0,85.12,,
83872,95310,0,0,0,39.97,,
83873,95315,0,0,0,49.98,,
83874,95320,0,0,0,64.66,,
83875,95325,0,0,0,81.06,,
83876,95330,0,0,0,102.15,,
83877,95335,0,0,0,88.17,,
83878,95340,0,0,0,104.82,,
83879,95345,0,0,0,140.58,,
83880,95350,0,0,0,156.29,,
83881,26500,0,0,0,242.66,,
83882,26505,0,0,0,278.91,,
83883,26510,0,0,0,359.82,,
83884,26530,0,0,0,219.20,,
83885,26535,0,0,0,272.48,,
83886,26540,0,0,0,339.20,,
83887,26560,0,0,0,286.48,,
83888,26565,0,0,0,357.25,,
83889,26570,0,0,0,488.68,,
83890,26670,0,0,0,138.92,,
83891,26675,0,0,0,173.97,,
83892,26680,0,0,0,225.63,,
83893,26685,0,0,0,162.25,,
83894,26690,0,0,0,191.42,,
83895,26695,0,0,0,267.26,,
83915,010-12165-03,0,0,0,22.49,,
83916,FSDP31012010B00,0,0,0,1861.01,,
83918,BK-1-DP,9,3,6,26.30,,
83928,GP2040-34,0,0,0,334.53,,
83929,1201R,35,23,12,11.72,,
83930,1207R,19,12,7,11.97,,
83932,980910521,6,1,5,92.15,,
83937,MD40FM,2,0,2,2753.52,,
83957,19-0747,0,0,0,205.83,,
83961,ILS-750-DP,16,9,7,16.68,,
83962,ILS-1200-DP,5,5,0,16.68,,
83963,ILS-1500-DP,10,7,3,16.68,,
83964,SHU050210050,6,4,2,134.35,,165.75
83966,SHU050220050,8,4,4,183.27,,226.10
83978,22023,0,0,0,126.89,,
83981,22019,1,1,0,52.85,,
83983,22014,0,0,0,243.26,,
83984,22015,18,13,5,120.31,,
83985,22016,6,3,3,142.15,,
83986,22013,7,5,2,125.98,,
83987,KTF0186,0,0,0,423.86,,
83988,KTF0185,0,0,0,462.00,,
83990,FLX-25-DP,2,2,0,39.81,,
83991,FLX-50-DP,3,3,0,79.64,,
83992,FLX-75-DP,1,1,0,107.33,,
83993,FLX-125-DP,1,1,0,79.64,,
83994,FLX-150-DP,0,0,0,100.44,,
83995,FLX-200-DP,1,1,0,124.13,,
83996,A80235,0,0,0,55.39,,
83999,848-SW-S,0,0,0,367.66,,
84001,411390-1,1,0,1,1309.76,,
84013,BBA000100100,16,8,8,39.27,,48.45
84024,808-0817-02,17,10,7,93.48,,
84027,SHU050150050,48,13,35,81.30,,100.30
84033,73129,0,0,0,13.12,,
84034,75974,39,17,22,34.21,,
84041,UDST800P-N2,0,0,0,1102.41,1500.00,
84043,001-1,0,0,0,82.00,,
84044,305-1,0,0,0,91.67,,
84045,010-1,0,0,0,93.27,,
84046,910-1,0,0,0,35.33,,
84047,920-1,0,0,0,34.00,,
84048,120-1,0,0,0,16.89,,
84049,110-1,0,0,0,20.49,,
84050,055-1,4,1,3,71.87,,
84051,355-1,0,0,0,80.67,,
84053,041-1,4,2,2,79.93,,
84054,341-1,0,0,0,91.67,,
84055,771-1,0,0,0,153.33,,
84057,361-1,0,0,0,80.67,,
84058,040-1,6,3,3,79.93,,
84059,340-1,5,4,1,80.67,,
84060,905-1,0,0,0,57.00,,
84061,950-1,4,3,1,11.33,,
84062,952-1,0,0,0,11.33,,
84063,954-1,2,1,1,19.33,,
84064,956-1,2,1,1,18.00,,
84065,960-1,0,0,0,14.60,,
84068,042-1,0,0,0,71.87,,
84070,342-1,0,0,0,80.67,,
84072,951-1,0,0,0,11.33,,
84073,953-1,0,0,0,11.33,,
84074,955-1,1,0,1,19.33,,
84075,957-1,0,0,0,18.00,,
84076,763-1,3,1,2,94.33,,
84077,769-1,12,7,5,199.93,,
84080,112-1,0,0,0,11.33,,
84081,114-1,0,0,0,11.72,,
84084,ST850PV-N2,0,0,0,254.08,345.00,
84089,142012100,0,0,0,221.33,,
84112,A2C59514176,8,4,4,41.30,76.50,
84117,A2C59512545,0,0,0,41.30,76.50,
84118,A2C59514165,4,1,3,34.99,76.50,
84129,TS4-BLK,0,0,0,194.65,,
84130,TS4-WHT,1,1,0,159.99,,
84131,TS5-BLK,0,0,0,201.65,,
84132,TS5-WHT,0,0,0,201.65,,
84133,TS6-BLK,0,0,0,209.20,,
84134,TS6-WHT,0,0,0,209.20,,
84148,958126101,5,0,5,18.43,,
84159,201510,15,7,8,6.10,,
84160,ASS050600000,6,2,4,28.94,,35.70
84161,SCC900650010,7,4,3,26.18,,32.30
84164,201510-1,12,5,7,10.79,,
84166,7782B,3,1,2,5.64,,
84167,PP-118-DP,8,8,0,6.21,,
84168,PP-150-DP,0,0,0,9.95,,
84196,001-563-930-00,0,0,0,250.00,,
84197,79948,0,0,0,277.17,,
84200,010-11376-04,0,0,0,44.99,,
84202,779-LBJ-3,11,4,7,10.26,,
84205,779-LBJ-2,0,0,0,7.74,,
84208,001-563-940-00,0,0,0,327.27,,
84209,001-563-980-00,0,0,0,240.00,,
84211,88679-3,1,0,1,1829.26,,
84212,88679-4,1,1,0,1829.26,,
84213,GP2200-16,0,0,0,363.62,,
84214,AHJHSP-10V-DP,4,2,2,73.28,,
84215,AHJHSP-12V-DP,3,2,1,84.48,,
84216,AHJHSP-4V-DP,4,2,2,46.68,,
84217,AHJHSP-6V-DP,1,1,0,51.13,,
84219,AHJHSP-8V-DP,2,1,1,66.64,,
84220,AHJHSP-14V-DP,3,2,1,87.73,,
84221,FSRK-3-DP,19,14,5,10.35,,
84222,358115091,9,5,4,45.57,,
84223,ORI121236120,9,6,3,197.74,,243.95
84224,ORI121222120,9,5,4,129.53,,159.80
84225,ORI241236120,7,3,4,197.74,,243.95
84226,ORI121236140,9,5,4,174.32,,215.05
84227,ORI122436120,8,5,3,197.74,,243.95
84228,ORI241236140,12,7,5,174.32,,215.05
84229,ORI122436140,9,4,5,174.32,,215.05
84238,88385,0,0,0,39.58,,
84239,88390,0,0,0,50.28,,
84242,88100,1,1,0,29.99,,
84245,88095,8,8,0,12.99,,
84251,88005,2,2,0,12.99,,
84256,88010,0,0,0,99.22,,
84272,A2C59514241,0,0,0,41.30,76.50,
84287,SAD-17B,10,2,8,12.00,,
84288,CA28BL-6HR,0,0,0,3454.55,,
84291,S2-6331,0,0,0,771.32,,
84295,010-11078-00CASE,2,1,1,174.90,,
84296,6415,0,0,0,625.00,,725.00
84299,T9101606,3,1,2,6.67,,
84304,2465,2,2,0,100.69,,168.98
84305,T70424,4,2,2,1679.99,,
84316,S-0981C,1,1,0,26.85,,
84330,10-1477-40,4,2,2,24.07,,
84344,CLIP-22,5,2,3,2.32,,
84346,PP4600-10,0,0,0,303.60,,
84347,0439,4,4,0,5.38,,
84376,CIP050060000,7,4,3,28.94,,35.70
84381,TM165C-HW-MM,5,1,4,336.80,450.00,
84387,290900-1,10,10,0,14.66,,
84388,BPC900120114,11,6,5,14.47,,17.85
84389,BPC900200014,15,10,5,10.33,,12.75
84390,BPC920100200,5,2,3,5.51,,6.80
84391,BPC940100100,12,7,5,28.25,,34.85
84427,BPCAB10HF,0,0,0,103.29,,
84428,BPCAB1HF,0,0,0,42.55,,
84429,BPCAB15HF,0,0,0,109.90,,
84430,BPCAB20HF,0,0,0,124.20,,
84431,BPCAB25HF,0,0,0,138.44,,
84432,BPCAB5HF,0,0,0,62.87,,
84444,2637,8,3,5,29.69,44.95,
84445,2649,6,3,3,33.14,49.95,
84446,2650,10,3,7,20.90,31.95,
84447,2652,1,1,0,28.08,41.95,
84448,2659,8,4,4,28.43,42.95,
84449,2608,1,0,1,48.57,72.95,
84450,2609,7,3,4,52.60,78.95,
84451,2610,6,3,3,102.45,153.95,
84452,2135,10,3,7,57.42,86.95,
84453,2136,5,3,2,62.25,93.95,
84454,2137,6,3,3,61.92,92.95,
84455,CA-0183,0,0,0,7.79,,
84456,PIII-20-ER,1,1,0,55.42,,
84458,SP120C-RF-1,0,0,0,2029.30,,
84459,SP120C-RF-2,0,0,0,2449.30,,
84460,SP120C-RF-3,0,0,0,2925.30,,
84461,SP120C-RF-4,0,0,0,3002.30,,
84462,SP120C-RF-5,0,0,0,3219.30,,
84463,SP120C-RF-6,0,0,0,3359.30,,
84466,SP120C-RF-9,0,0,0,3079.30,,
84469,SSM-72H,5,3,2,99.99,,
84473,TM200HWKIT,4,2,2,23.17,,
84474,TM201HWKIT,5,2,3,23.17,,
84475,TM203HWKIT,7,4,3,23.17,,
84476,TM206HWKIT,2,0,2,23.17,,
84477,TM207HWKIT,2,0,2,23.17,,
84478,TM208HWKIT,3,1,2,23.17,,
84479,TM209HWKIT,0,0,0,23.17,,
84480,TM210HWKIT,6,4,2,23.17,,
84481,TM212HWKIT,5,3,2,23.17,,
84482,TM214HWKIT,6,4,2,23.17,,
84483,TM215HWKIT,3,2,1,23.17,,
84484,TM216HWKIT,7,4,3,23.17,,
84486,51100,2,0,2,131.24,209.99,
84487,51101,0,0,0,131.24,209.99,
84490,51201,0,0,0,113.75,181.99,
84498,62000,3,3,0,456.51,,
84500,62002,18,9,9,199.99,,
84506,PM2,18,12,6,9.99,,
84509,301-011KLST,0,0,0,2056.68,,2313.76
84510,925513BLK,4,1,3,249.99,399.99,
84511,818-2010,5,2,3,1142.09,,
84512,818-3010,13,11,2,1378.42,,
84515,01-0343-01,0,0,0,25124.40,,
84524,BOWA0761,0,0,0,3287.36,4207.83,
84525,DBPPJA,0,0,0,985.68,,
84526,STERN185P,0,0,0,483.41,,
84527,600-807,2,2,0,5.44,,
84528,WP-850-950,4,2,2,38.01,,
84531,1509691,4,4,0,6.68,,
84532,1236861,0,0,0,6.68,,
84534,1236865,0,0,0,6.68,,
84538,40131,24,16,8,12.48,,19.95
84539,101638,1,0,1,1431.32,,2239.19
84547,UD-ME100LED,4,0,4,14.99,,
84550,UD-ME650LED,5,4,1,24.99,,
84562,A80469,0,0,0,774.99,,
84565,IF-NMEAFI,1,1,0,245.45,,
84566,4141,6,2,4,11.73,,
84659,66517-7,19,8,11,61.45,,
84680,A2C3832980030,0,0,0,162.57,,
84681,A2C3833350030,5,2,3,81.72,,
84682,A2C3832770030,3,1,2,81.79,,
84683,A2C3833500030,4,2,2,81.60,,
84684,362-004,10,4,6,41.16,,
84685,A2C3833190030,0,0,0,81.72,,
84686,A2C3833120030,0,0,0,81.71,,
84700,SCA520300000,7,4,3,9.65,,11.90
84703,S24-0201,0,0,0,76.00,,
84704,S72-0652,0,0,0,1142.40,,
84705,S72-0656,0,0,0,148.80,,
84706,S24-0098,0,0,0,16.00,,
84707,082,6,4,2,14.21,19.95,
84708,S24-0116,0,0,0,72.00,,
84709,083,8,5,3,17.01,23.95,
84710,S72-0625,0,0,0,288.00,,
84711,S72-0626,0,0,0,489.60,,
84712,084,5,2,3,38.59,54.95,
84713,S72-0627,0,0,0,249.60,,
84714,085,6,2,4,41.40,58.95,
84715,S72-0468,1,0,1,199.99,,
84717,125,7,2,5,25.84,36.95,
84718,126,5,2,3,28.82,40.95,
84719,127,7,3,4,64.82,92.95,
84720,128,6,2,4,67.90,96.95,
84721,5020-0026,32,32,0,17.99,,
84730,PLAMT6211,4,4,0,11.30,,
84731,PLAMT6221,0,0,0,14.13,,
84745,B00041201,7,2,5,164.00,358.74,
84746,B00041401,0,0,0,316.88,536.85,
84747,B00041501,0,0,0,404.94,686.07,
84749,87231,2,0,2,502.16,,
84754,3269,4,2,2,13.64,15.95,
84755,3270,3,1,2,17.03,19.95,
84756,3271,0,0,0,18.27,21.95,
84757,3272,3,3,0,23.32,26.95,
84758,3273,8,4,4,34.21,39.95,
84845,GS-500,6,3,3,2299.99,,
84846,OT-4240CF-HD,0,0,0,2420.65,,
84853,RA078400C,3,3,0,2.52,,
84884,45510500,0,0,0,13.28,,
84885,41500400,11,1,10,12.19,,
84899,72-0900-H24,3,2,1,131.25,,
84901,72-0900-HR24,0,0,0,234.12,,
84902,72-0900-H25COM,0,0,0,131.25,,
84903,FVC070312210Q00,2,0,2,216.97,,
84904,FVC080391220Q00,2,1,1,369.69,,
84913,SCC900500000,14,5,9,41.34,,51.00
84914,ASS050500000,6,3,3,18.60,,22.95
84919,BAT512120610,0,0,0,1265.69,,1561.45
84920,BMS300200000,6,3,3,95.08,,117.30
84933,AHJM-4-DP,0,0,0,928.09,,
84947,011708,0,0,0,90.91,136.00,
84956,10259S-2,0,0,0,587.84,,
84961,MM-8G,7,4,3,81.20,97.50,
84977,RFSKNIFE-2,0,0,0,23.31,32.24,
84979,T112510,9,6,3,17.32,,
84982,GFTJ-1-DP,7,2,5,29.66,,
85005,281900-1,3,3,0,13.05,,
85008,75-5000,11,5,6,47.96,,
85009,55-2100,8,5,3,49.18,,
85010,55-1900,6,6,0,41.35,,
85012,75-6060,0,0,0,62.03,,
85013,75-6025,0,0,0,44.26,,
85014,75-6015,0,0,0,123.56,,
85015,75-6065,3,3,0,86.09,,
85016,75-6099,4,2,2,25.56,,
85022,3102100,15,2,13,332.42,,
85023,3103,0,0,0,459.13,,
85024,3104,1,1,0,513.25,,
85026,CYR010230412,5,3,2,131.60,,162.35
85027,CYR010120450,5,2,3,53.05,,65.45
85028,S72-0692,0,0,0,1916.00,,
85043,R70794,44,26,18,135.99,,
85059,980960291,7,3,4,110.58,,
85062,SHU500050100,9,3,6,17.91,,22.10
85064,SPR00053,11,4,7,23.43,,28.90
85070,"KIT 95-2S",0,0,0,71.71,,
85074,E70535-00-102,0,0,0,1051.99,,
85075,E70534-00-102,7,3,4,699.99,,
85076,E70534-05-102,7,3,4,779.99,,
85077,E70536-00-102,0,0,0,1139.99,,
85078,E70536-05-102,0,0,0,1219.99,,
85089,APT-150-01-BLK,3,1,2,323.44,,
85090,APT-250-01-BLK,5,3,2,340.31,,
85091,APT-LB-01-BLK,6,2,4,151.31,,
85098,010-12898-00,0,0,0,38.99,,
85100,010-12898-10,0,0,0,51.99,,
85101,010-12898-20,1,1,0,324.99,,
85102,010-12899-00,0,0,0,25.99,,
85103,010-12899-10,1,0,1,32.49,,
85104,010-12899-20,3,1,2,194.99,,
85105,ST800PV-N2,0,0,0,254.04,345.00,
85106,33032A,6,2,4,49.02,,
85107,322601101,0,0,0,377.53,,
85108,88412,11,0,11,112.50,,
85109,88413,2,0,2,160.00,,
85110,88414,0,0,0,125.00,,
85111,SBH-36,6,1,5,36.00,,
85114,ARG100301020,1,0,1,93.01,,114.75
85115,ARG200301020,36,15,21,113.68,,140.25
85116,V11-9970BKA100-1,1,0,1,516.31,,
85117,F16-0276,0,0,0,34.69,,
85120,010-12922-01,0,0,0,9.75,,
85132,3120,5,3,2,608.01,,
85134,41-135A,26,9,17,86.25,,
85139,03-91-032,2,2,0,6.47,,
85159,2000035457,1,0,1,198.53,,
85161,TZ3-12P-PGT,0,0,0,131.82,,
85164,010-11849-10,0,0,0,33.75,,
85165,32ALA,14,8,6,78.67,,
85166,60-YP-MC-120-J10,3,0,3,855.94,,
85167,48-YSP-4LH-A,3,0,3,585.42,,
85180,T70278,4,2,2,408.32,,489.99
85182,1810600,0,0,0,1346.89,,1799.99
85183,1810601,3,2,1,1346.89,,1799.99
85184,1810620,2,1,1,1496.54,,1999.99
85185,1810621,1,0,1,1496.54,,1999.99
85186,1810622,2,1,1,1421.71,,1899.99
85187,1810623,3,2,1,1496.54,,1999.99
85188,1810630,0,0,0,1646.20,,2199.99
85189,1810631,0,0,0,1646.20,,2199.99
85190,1810632,4,4,0,1571.37,,2099.99
85191,1810633,3,1,2,1646.20,,2199.99
85192,1810253,2,2,0,89.78,,
85193,1810258,2,0,2,142.16,,
85194,1810360,0,0,0,237.49,,
85195,1810365,2,0,2,237.49,,
85196,1810361,0,0,0,237.49,,
85197,1810366,1,0,1,237.49,,
85198,1810362,0,0,0,237.49,,
85199,1810367,1,0,1,237.49,,
85200,1810363,0,0,0,237.49,,
85201,1810368,1,0,1,237.49,,
85202,1810370,1,0,1,78.07,,
85203,1810375,1,0,1,78.07,,
85204,1810371,1,0,1,81.61,,
85205,1810376,2,0,2,81.61,,
85213,12732-A,3,3,0,12.00,,
85219,7653L3,8,2,6,6.58,,
85220,1580017-BLK,14,0,14,143.91,,
85221,2171042,4,0,4,23.90,,
85231,M25033,37,22,15,20.19,,
85232,M25053,15,9,6,20.19,,
85233,M25063,75,42,33,20.19,,
85234,M25073,45,20,25,20.19,,
85235,M25083,32,20,12,20.19,,
85236,M25093,34,15,19,20.19,,
85237,M25103,10,4,6,20.19,,
85238,M25113,9,6,3,20.19,,
85239,M25123,15,4,11,20.19,,
85240,M25193,22,17,5,20.19,,
85241,1061016,6,5,1,123.31,,
85242,1061018,4,0,4,116.65,,
85244,39362,19,9,10,17.13,,
85245,38343,18,13,5,14.49,,
85247,1040667,0,0,0,102.93,,
85248,38353,23,10,13,18.50,,
85249,1062031,0,0,0,112.50,,
85250,1062034,1,1,0,112.50,,
85251,39643,32,15,17,18.61,,
85252,1040651,7,6,1,81.17,,
85253,1040653,5,3,2,88.40,,
85254,M25610,1,1,0,153.43,,
85255,M25620,3,2,1,153.43,,
85256,M25630,3,1,2,153.43,,
85257,M25640,0,0,0,153.43,,
85258,M25650,2,2,0,153.43,,
85261,71140,16,14,2,10.90,,
85263,TYN-08BLKSP,12,0,12,4.48,,
85264,TYN-08RSP,6,6,0,4.48,,
85269,AK0553,0,0,0,24.21,,
85270,601015-1,15,3,12,97.40,,149.99
85273,SP120C-VF-1,0,0,0,1819.30,,
85274,SP120C-VF-2,0,0,0,2232.30,,
85278,"DIGITAL C CABLE",0,0,0,34.97,,
85294,RF70,6,3,3,82.62,127.97,
85296,IBC320-12,3,2,1,601.06,,
85297,001-081-140,0,0,0,31.82,,
85301,ASS000001000,7,3,4,16.54,,20.40
85305,E1150Z-13CAB,0,0,0,51.22,,
85309,88420,0,0,0,14.94,,
85310,88421,0,0,0,14.94,,
85311,88422,0,0,0,14.94,,
85333,286,17,10,7,6.48,,9.98
85338,SSM-17H,6,0,6,20.00,,
85347,22135-80090,5,0,5,21.76,29.99,
85353,39042-85510,2,0,2,111.03,152.99,
85354,39043-85510,2,0,2,121.92,167.99,
85357,39046-85512,0,0,0,111.03,152.99,
85358,39047-85512,0,0,0,121.92,167.99,
85359,39048-85513,1,0,1,111.03,152.99,
85360,39049-85513,2,0,2,121.92,167.99,
85362,SCC115035210,14,5,9,157.09,,193.80
85363,48-YSP-3JH-A,5,1,4,585.42,,
85368,ORI242428110,19,9,10,92.33,,113.90
85372,HC2400,0,0,0,6.67,,
85377,713,20,5,15,14.38,,
85378,YBP-0203,3,0,3,67.49,,99.98
85384,TM275LHW-12P,2,0,2,1600.00,,
85392,001-193-460-10,0,0,0,122.73,,
85400,55-9815,6,2,4,74.79,,
85413,AO-1500-CRC,0,0,0,552.90,,
85414,CA-0000,2,2,0,389.20,,
85420,1PCP32,173,96,77,10.86,,
85421,1PKO32,33,11,22,10.13,,
85426,SM-S3P-917,8,3,5,581.24,,796.86
85427,SM-ACC3-WIRE,4,3,1,17.74,,21.83
85428,SM-WLS3-TEMP-917,7,6,1,107.80,,139.09
85429,SM-WLS3-BATT-917,11,8,3,107.80,,139.09
85430,SM-WLS3-HIWS-917,0,0,0,107.80,,139.09
85431,SM-WLS3-BILG-917,9,7,2,107.80,,139.09
85432,SM-WLS3-ENTR-917,14,6,8,107.80,,139.09
85433,96590,0,0,0,9.24,12.36,
85434,HL-501,3,2,1,6.37,,
85435,HL-501-OD,12,5,7,6.37,,
85437,HL-APX-BK,4,3,1,6.37,,
85438,HL-500-BK,1,1,0,2.93,,
85481,GDI000032000,3,1,2,201.88,,249.05
85482,WN810,5,0,5,10.61,16.99,
85483,GDI000064000,5,2,3,247.35,,305.15
85486,21010,104,47,57,4.14,6.49,
85487,21030,0,0,0,6.80,10.99,
85489,21036,45,0,45,7.66,12.49,
85490,41150,787,117,670,14.83,24.49,
85492,41160,68,50,18,15.14,24.99,
85495,91003,32,21,11,11.00,17.99,
85497,97008,32,10,22,13.91,22.99,
85499,93003,52,21,31,12.09,19.99,
85502,48008,21,12,9,20.94,34.49,
85506,51010,52,31,21,4.63,7.49,
85509,54200,73,61,12,24.86,40.99,
85510,12004,37,31,6,5.64,8.99,
85511,56204,83,29,54,7.63,12.49,
85513,31110,60,12,48,12.93,21.49,
85514,11016,79,47,32,10.67,17.49,
85515,83110,16,13,3,10.43,16.99,
85516,85011,34,11,23,9.97,16.49,
85517,91110,15,11,4,10.91,17.99,
85518,51600,7,7,0,21.74,35.99,
85519,85032,28,18,10,9.99,,
85520,83032,9,2,7,17.65,34.73,
85521,19003,27,22,5,8.69,13.99,
85522,19008,6,3,3,20.21,35.99,
85523,98003,55,9,46,7.76,12.49,
85524,82003,114,68,46,6.50,14.49,
85525,82016,10,7,3,17.86,29.49,
85526,80320,32,26,6,7.37,16.58,
85527,11520,0,0,0,10.51,16.99,
85532,0173,2,2,0,58.46,,
85533,001-533-080-00,1,0,1,82.73,,
85534,79943,0,0,0,192.19,,
85538,MRGB55W,10,7,3,64.47,,
85545,QSR2419,1,0,1,74.00,,
85549,13894,13,12,1,211.55,,
85550,18670-9407,23,14,9,265.73,,
85566,GP2920-05,0,0,0,390.35,,
85569,55-0010,3,3,0,137.67,,
85570,55-0012,7,5,2,174.29,,
85572,55-0021,0,0,0,196.63,,
85573,55-0024,5,3,2,95.33,,
85574,55-0027,3,1,2,247.85,,
85575,55-0028,17,9,8,127.89,,
85597,SW-804II,5,4,1,4.49,,
85607,VTC305-12-12,0,0,0,449.36,,
85613,DT2BX-TH,0,0,0,131.98,,
85618,R70496,0,0,0,29.82,,
85645,RMX4800-10,0,0,0,436.35,,
85648,36212001,0,0,0,965.69,,1245.99
85650,RLGCT,11,11,0,27.05,,
85660,22590,4,4,0,10.60,,
85661,22592,8,6,2,15.15,,
85662,22594,6,6,0,22.15,,
85663,22595,8,5,3,25.93,,
85664,22596,8,8,0,33.65,,
85667,79001,0,0,0,104.29,,
85668,79002,0,0,0,120.53,,
85669,79003,0,0,0,132.20,,
85670,79004,0,0,0,132.20,,
85671,79005,0,0,0,146.11,,
85672,79006,0,0,0,171.88,,
85673,79009,0,0,0,208.30,,
85674,79010,0,0,0,149.50,,
85675,79011,0,0,0,152.15,,
85676,79012,0,0,0,176.26,,
85677,AK1005,22,15,7,128.08,,
85680,69361,6,6,0,36.35,,
85681,69362,15,15,0,42.24,,
85682,41971,2,2,0,106.33,,
85685,MMC-9N2,4,1,3,109.86,135.00,
85687,53671CA,13,6,7,62.59,107.99,
85689,R70387,3,1,2,63.91,,
85690,R70598,0,0,0,87.49,,
85708,751S-01771,0,0,0,48.83,,
85712,010-12922-02,6,2,4,6.49,,
85716,VC100012V,0,0,0,1651.21,,
85726,B117-DT-RAY,0,0,0,220.24,289.99,
85728,T10-7001VEL,0,0,0,338.35,,
85729,T10-7005CF,0,0,0,1142.88,,
85730,F31-0702BXY,2,0,2,53.96,,
85731,T10-3000-1,4,3,1,799.99,,
85732,T10-3000-2,3,1,2,809.99,,
85733,T10-3000-3,3,2,1,859.99,,
85734,T10-3000-4,3,2,1,859.99,,
85735,T10-3000-5,2,2,0,149.99,,
85741,T10-3000-7,2,2,0,219.99,,
85746,T10-3000-11,1,1,0,79.99,,
85761,411320-1CHO,1,1,0,2235.31,,
85762,411320-1,1,1,0,2466.55,,
85776,740191-1,4,4,0,75.75,,
85777,740192-1,2,2,0,75.75,,
85778,740193-1,0,0,0,75.75,,
85780,720110-1,9,9,0,41.66,,
85781,720111-1,4,2,2,45.45,,
85782,720112-1,7,2,5,45.45,,
85785,411580-1,1,0,1,1013.37,,
85786,720115-1,0,0,0,90.91,,
85787,720113-1,12,9,3,34.08,,
85788,720114-1,3,0,3,26.51,,
85789,700064-1,1,0,1,90.91,,
85790,700065-1,3,3,0,121.21,,
85791,760035-1,0,0,0,18.93,,
85792,760036-1,0,0,0,18.93,,
85793,760038-1,4,0,4,26.51,,
85794,720117-1,1,1,0,26.51,,
85795,720117-2,4,0,4,34.08,,
85796,720117-3,0,0,0,41.66,,
85797,720117-4,1,1,0,64.39,,
85805,HID8,0,0,0,250.00,,
85806,HT471TW,7,2,5,117.50,,
85834,973,0,0,0,49.67,,
85836,32809,7,3,4,36.99,,
85838,B744V-9N,0,0,0,655.27,877.50,
85841,760037-1,0,0,0,30.29,,
85844,CYR010230010,6,2,4,97.84,,120.70
85847,VE-60-E1YN,0,0,0,16141.18,,
85853,01-0445-01,0,0,0,19148.40,,
85856,12725,10,7,3,97.50,,
85858,SHC-20,10,3,7,20.00,,
85859,SCS-1000,0,0,0,384.30,,
85862,60-YP-MC-120-K6,3,0,3,855.94,,
85868,IRID-ANT-RST210,0,0,0,191.49,,
85869,A503-51AAG-HE,0,0,0,128.05,,
85870,P1101Z-51AAH,0,0,0,89.63,,
85871,TYN-05WSP,20,10,10,4.48,,
85872,CL730XXS,7,1,6,26.87,35.66,
85873,CL730XS,7,4,3,24.17,35.66,
85874,CL730S,5,2,3,24.17,35.66,
85875,CL730M,3,0,3,24.17,35.66,
85876,CL730L,7,3,4,24.17,35.66,
85877,CL730XL,8,4,4,26.87,35.66,
85878,CL730XXL,6,3,3,26.87,35.66,
85880,CL740XXS,0,0,0,28.78,38.21,
85881,CL740XS,8,4,4,29.14,38.21,
85882,CL740S,3,1,2,29.14,38.21,
85883,CL740M,10,6,4,29.14,38.21,
85884,CL740L,8,4,4,29.14,38.21,
85885,CL740XL,5,2,3,29.14,38.21,
85886,CL740XXL,10,6,4,29.14,38.21,
85887,A2C3832920030,3,1,2,162.57,,
85889,48-YSP-3JH-C,2,0,2,585.42,,
85890,ASS030530310,35,4,31,21.36,,26.35
85893,A2C3833130030,0,0,0,81.71,,
85894,A2C3833140030,0,0,0,81.71,,
85898,A2C3833340030,2,1,1,66.00,,
85909,A2C3833300030,0,0,0,81.72,,
85924,A2C3832780030,2,2,0,63.00,,
85926,UD-ME770LED,8,8,0,24.99,,
85927,A2C3832900030,4,2,2,125.99,,
85929,A2C3833240030,4,1,3,71.00,,
85930,A2C3833010030,0,0,0,162.57,,
85931,A2C3832990030,5,2,3,162.57,,
85932,A2C3833070030,0,0,0,87.73,,
85935,DE1026F,0,0,0,7.36,,
85936,DE1027F,0,0,0,9.49,,
85937,010-11425-01,2,1,1,33.75,,
85938,32-0417-0100,0,0,0,74.25,,
85942,S32-0819-50,0,0,0,66.75,,
85944,A2C3833060030,2,2,0,87.75,,
85945,A2C3833090030,0,0,0,87.73,,
85946,A2C3833080030,0,0,0,87.85,,
85947,A2C3833550030,0,0,0,81.71,,
85948,A2C3832750030,0,0,0,81.71,,
85949,A2C3833100030,0,0,0,81.71,,
85951,1041483,1,0,1,264.50,,
85952,1041519,0,0,0,264.50,,
85954,1041606-1,1,0,1,276.70,,
85955,1041631-1,3,3,0,276.70,,
85956,1041634-1,6,4,2,276.70,,
85957,1041684-1,5,5,0,276.70,,
85958,1041636,0,0,0,254.34,,
85959,1041733,7,7,0,254.33,,
85960,1061063-B,0,0,0,238.27,,
85961,1061069-B,0,0,0,238.37,,
85962,1061077-1,0,0,0,215.07,,
85963,1061079-1,0,0,0,215.07,,
85964,1061057,0,0,0,123.31,,
85966,1061017,0,0,0,123.31,,
85967,1061021,1,1,0,84.38,,
85968,1062583,2,0,2,255.90,,
85969,1040665,0,0,0,102.93,,
85970,1040663,2,2,0,99.07,,
85971,1040661,3,1,2,99.07,,
85972,1040643,0,0,0,100.80,,
85973,1040649,3,0,3,100.80,,
85974,1040646,0,0,0,135.37,,
85975,1040655,3,3,0,81.17,,
85976,1040621,0,0,0,78.36,,
85977,1040622,5,1,4,77.47,,
85978,1040623,0,0,0,78.36,,
85979,1040624,0,0,0,78.36,,
85980,1040625,2,2,0,78.36,,
85981,1040628,0,0,0,78.36,,
85982,1040629,2,0,2,78.36,,
85983,1040626,4,2,2,97.40,,
85984,1040627,2,2,0,68.73,,
85985,1040691,0,0,0,190.79,,
85986,1040693,0,0,0,190.79,,
85987,1040697,1,0,1,201.17,,
85988,1040211,2,2,0,44.21,,
85989,1040212,1,1,0,44.21,,
85990,1040213,0,0,0,44.21,,
85991,1040214,0,0,0,44.21,,
85993,1040217,2,2,0,46.23,,
85994,1040216,0,0,0,44.21,,
85999,ASS030530203,14,10,4,14.47,,17.85
86003,FW-40PROA-BK,3,3,0,179.99,,
86008,1615431-1,2,1,1,95.23,,
86009,1615433-1,6,6,0,96.80,,
86010,1630401-1,0,0,0,100.11,,
86011,1612402-A,7,1,6,160.63,,
86012,1632013-A,0,0,0,169.40,,
86013,1612401-A,1,1,0,147.16,,
86014,1632012-A,2,0,2,149.06,,
86015,1611433,5,2,3,233.94,,
86016,1631037,2,1,1,230.79,,
86017,MJUFOXMMB,4,2,2,30.64,,
86022,010-12676-45,0,0,0,33.75,,
86025,010-12676-15,2,1,1,26.24,,
86026,2000033052,0,0,0,299.99,419.99,
86027,27281,14,8,6,70.85,,125.95
86031,010-13069-00,13,13,0,74.99,,
86032,SM-ACC3-GPSA,2,0,2,40.55,,49.91
86033,1100007,2,2,0,17.14,,
86034,1100009,16,6,10,54.30,,
86035,1104010,11,8,3,53.20,,
86036,1100012,11,5,6,44.43,,
86037,1614201-PP,3,1,2,73.51,,
86038,1615201-EC,8,7,1,20.04,,
86039,1615204-EC,14,7,7,18.96,,
86040,1600003,13,12,1,43.90,,
86041,1600005,1,1,0,44.53,,
86043,1600010,13,6,7,67.10,,
86044,1620004,4,1,3,48.84,,
86045,1620005,7,5,2,45.59,,
86046,1100015,7,7,0,19.34,,
86047,1100115,4,2,2,31.89,,
86048,1620001,6,1,5,48.50,,
86049,1620003,16,14,2,48.50,,
86050,1100031-1,10,3,7,52.71,,
86051,1100031-L1,6,2,4,59.74,,
86052,1100300,6,3,3,108.00,,
86053,1840220,7,5,2,99.20,,
86054,1440248,3,3,0,111.69,,
86055,1561105,6,0,6,24.67,,
86056,1561106,2,1,1,29.61,,
86057,1100018,12,2,10,35.89,,
86058,1300750-1,41,21,20,47.49,,
86059,1300751-1,0,0,0,56.26,,
86060,1300901,4,4,0,193.21,,
86061,1300902,5,5,0,197.44,,
86062,1642008,14,7,7,194.40,,
86063,1642005,16,7,9,157.07,,
86064,1603824,16,16,0,123.70,,
86065,1603825,7,5,2,110.13,,
86066,1601002-L,5,5,0,184.97,,
86067,2171004,26,11,15,22.99,,
86068,2171032,28,27,1,14.30,,
86074,134300-701-004-21,2,0,2,236.99,,
86075,132800-500-004-21,2,2,0,199.00,,
86076,132200-701-004-21,10,6,4,177.93,,
86077,132200-100-004-20,5,1,4,149.00,,
86078,122400-100-020-21,0,0,0,66.60,,
86079,122400-100-040-21,0,0,0,66.60,,
86080,122400-100-060-21,6,6,0,46.00,,
86081,121900-505-002-21,18,13,5,37.27,,
86082,121900-500-002-21,0,0,0,37.27,,
86083,121000-200-001-21,0,0,0,37.27,,
86084,121000-600-001-21,0,0,0,37.27,,
86087,120000-200-030-21,0,0,0,37.27,,
86088,120000-200-050-21,6,6,0,31.00,,
86089,120000-200-070-21,0,0,0,37.27,,
86092,DB412,3,2,1,241.63,,
86095,A2C3833110030,2,2,0,62.99,,
86096,A2C3833150030,0,0,0,81.71,,
86097,A2C3916300030,0,0,0,81.79,,
86098,A2C3833440030,0,0,0,81.60,,
86099,A2C3833450030,0,0,0,81.60,,
86100,A2C3833480030,0,0,0,81.60,,
86101,A2C3832710030,0,0,0,81.68,,
86102,A2C3832730030,0,0,0,81.68,,
86103,A2C3833460030,0,0,0,81.60,,
86104,A2C3832720030,0,0,0,81.68,,
86105,A2C3832740030,0,0,0,81.68,,
86106,A2C3833170030,0,0,0,81.72,,
86107,A2C3832690030,0,0,0,81.80,,
86108,A2C3832700030,0,0,0,81.80,,
86109,A2C3833160030,2,0,2,66.99,,
86110,A2C3833230030,2,1,1,81.72,,
86111,A2C3833490030,0,0,0,81.60,,
86112,A2C3833040030,0,0,0,87.73,,
86113,A2C3833050030,0,0,0,87.85,,
86114,A2C3833520030,0,0,0,81.60,,
86115,A2C3833510030,0,0,0,81.60,,
86116,A2C3916310030,0,0,0,81.60,,
86117,A2C3833380030,0,0,0,81.60,,
86118,A2C3833410030,2,1,1,81.60,,
86119,A2C3833320030,0,0,0,81.72,,
86120,ST9ATP,1,0,1,1100.72,,
86121,A2C3833330030,0,0,0,81.60,,
86122,A2C3833530030,0,0,0,81.60,,
86123,A2C3833470030,0,0,0,81.60,,
86124,A2C3833390030,0,0,0,81.60,,
86125,A2C3832910030,0,0,0,162.57,,
86126,136300-701-999-19,18,11,7,21.47,,
86127,135700-701-999-19,18,8,10,18.74,,
86128,A2C3832930030,2,2,0,122.99,,
86129,A2C3832940030,0,0,0,162.57,,
86130,A2C3832950030,0,0,0,162.57,,
86131,A2C3832880030,0,0,0,162.63,,
86132,A2C3832890030,0,0,0,162.83,,
86133,A2C3832960030,0,0,0,162.57,,
86134,A2C3832970030,0,0,0,162.57,,
86137,A2C3833000030,0,0,0,162.57,,
86138,A2C3833020030,3,3,0,134.00,,
86140,A2C3832860030,0,0,0,167.77,,
86141,A2C3832850030,0,0,0,167.77,,
86142,A2C3832840030,0,0,0,167.77,,
86143,A2C3832830030,0,0,0,167.77,,
86144,A2C3832870030,1,1,0,167.77,,
86145,A2C3832820030,3,1,2,149.00,,
86147,A2C3832800030,5,3,2,167.77,,
86148,A2C3832790030,0,0,0,167.77,,
86149,A2C1800340030,0,0,0,81.91,,
86150,ITR050362041,5,3,2,511.93,,631.55
86154,CS2661701,2,1,1,29.92,,
86159,HW-ASSY-2.0SPKR,3,0,3,87.63,,
86162,48-YSP-4JH-B,3,0,3,585.42,,
86165,80-600-0027-00,0,0,0,416.49,,
86166,PMP123021010,6,3,3,1150.63,,1419.50
86169,A2C59514230,0,0,0,41.30,76.50,
86177,A10-228,0,0,0,29.09,,
86178,A10-224,0,0,0,36.22,,
86179,10-960-R,1,0,1,26.33,,
86180,HG1000G,0,0,0,131.76,209.95,
86197,010-13009-00,0,0,0,44.99,,
86198,010-13009-01,0,0,0,44.99,,
86199,010-13009-07,1,0,1,52.49,,
86200,010-13009-02,0,0,0,26.24,,
86201,010-13009-03,0,0,0,22.49,,
86202,010-13009-04,0,0,0,44.99,,
86203,010-13009-05,0,0,0,22.49,,
86204,010-13009-06,0,0,0,37.49,,
86206,010-11051-20,4,1,3,337.49,449.99,
86207,010-01616-40,0,0,0,1087.49,,
86208,010-01248-90,2,2,0,974.99,,
86209,010-01248-70,1,1,0,1087.49,,
86210,010-01248-80,1,1,0,899.99,,
86211,51300,60,16,44,9.17,,
86212,51310,24,15,9,9.17,,
86217,HG500,3,1,2,75.29,119.00,
86234,ZDIGNAVDOC,14,9,5,354.13,,
86236,FAP3011,0,0,0,609.09,,
86244,G200924,0,0,0,11.90,,
86245,A06073,5,2,3,23.85,,
86259,18500000,5,2,3,131.13,,
86262,600-881,0,0,0,6.94,,
86272,RF4012,0,0,0,25.90,35.66,
86273,RF4013,8,5,3,61.35,92.82,
86276,PUMPOCT16-12,0,0,0,404.49,,
86279,9283.4,0,0,0,485.21,,
86289,2920,26,9,17,305.37,,
86290,65F3B,0,0,0,234.94,,
86293,FGBT11025120T00,0,0,0,1310.23,,
86294,FGBT12530120T00,0,0,0,1506.33,,
86295,FGBT12540120T00,0,0,0,1652.39,,
86296,FGBT14030120T00,0,0,0,1777.56,,
86297,FGBT14040120T00,0,0,0,1968.57,,
86298,FGBT18055120T00,0,0,0,2369.75,,
86308,510R,7,4,3,12.95,,
86314,303303050WH-1,0,0,0,1.86,,
86315,303304050-1,7,0,7,2.97,,
86316,303305050-1,0,0,0,3.63,,
86320,03-212-312,0,0,0,688.75,881.60,
86323,SCM-10-EXT-CC-20,6,2,4,499.00,,699.00
86361,A80674,14,7,7,42.60,,
86362,A80675,28,10,18,42.60,,
86401,MIU60WHT,2,0,2,249.99,,
86412,HG250,4,2,2,52.94,69.99,
86416,0289,21,21,0,21.86,,
86417,0290,13,13,0,23.38,,
86420,93806YUS7,3,0,3,48.01,,
86422,000-15793-001,0,0,0,1525.60,,1907.00
86429,KPB30A,0,0,0,151.91,,
86430,KPB30B,4,2,2,151.91,,
86432,KPB60A,0,0,0,180.41,,
86433,KPB60B,0,0,0,180.41,,
86434,KPBQCKA,0,0,0,70.97,,
86435,KPBQCKB,0,0,0,75.95,,
86437,KPPC,0,0,0,9.16,,
86438,KPP100B,2,1,1,88.72,,
86439,KPP100W,2,1,1,88.72,,
86440,KPP120B,9,1,8,99.37,,
86441,KPP120W,11,5,6,99.37,,
86445,KPP802B,5,2,3,79.85,,
86446,KPP802W,2,0,2,79.85,,
86451,KPS50A,2,0,2,142.41,,
86452,KPS50B,3,2,1,142.41,,
86464,M5-7A-4342-8,34,20,14,68.40,,
86467,85-B203STN,7,2,5,594.43,,
86468,85-B203MAR,1,0,1,61.83,,
86469,75-7060B,0,0,0,40.46,,
86470,75-7061,5,2,3,16.68,,
86471,55-9200,6,2,4,34.58,,
86472,55-9300,6,3,3,47.49,,
86473,55-9400,7,4,3,52.91,,
86474,55-9500,0,0,0,21.94,,
86475,55-9600,10,7,3,41.79,,
86476,165T/275LHW-12P,2,2,0,2240.00,,
86477,1245SC,13,8,5,36.54,,
86490,FI5001/30M,0,0,0,579.78,,
86499,63106,51,3,48,11.31,,
86518,C30253W,4,1,3,229.59,339.30,
86519,C30503W,10,5,5,311.19,459.90,
86532,010-02551-04,0,0,0,383.99,,459.99
86543,M5-7A-4261-8,5,0,5,52.99,,
86544,KG-1BL-PR,13,8,5,39.33,50.15,
86546,W744,0,0,0,59.80,,
86551,69390,2,0,2,134.38,,
86552,53083,2,2,0,9.53,,
86553,53086,10,6,4,8.84,,
86554,53092,11,11,0,9.53,,
86555,53093,6,2,4,8.84,,
86558,41980,2,0,2,50.18,,
86560,41983,10,5,5,28.51,,
86561,41985,3,3,0,42.79,,
86562,41986,15,7,8,8.33,,
86563,41987,10,6,4,15.31,,
86564,51798,4,4,0,63.73,,
86565,YBP-0306,9,5,4,23.35,,37.98
86566,69004,3,2,1,240.13,,
86567,69005,6,4,2,266.84,,
86568,69002,7,3,4,182.02,,
86569,69003,7,4,3,207.80,,
86570,69341,6,6,0,23.99,,
86571,69300,5,0,5,15.91,,
86572,69301,12,7,5,23.83,,
86573,69310,9,5,4,36.00,,
86574,69311,12,6,6,43.80,,
86576,"A-4 GREY",19,9,10,96.21,,
86577,"A-5 GREY",6,1,5,203.36,,
86582,"A-2 GREY",6,6,0,51.01,,
86583,"A-3 GREY",5,5,0,68.29,,
86585,32305-5012-3A,8,4,4,129.15,,
86586,Q401J-118N-3A,33,14,19,158.31,,
86587,Q401J-118N-4A,11,6,5,183.30,,
86588,P501J-119N-3A,15,6,9,199.96,,
86589,P601J-219N-3A,16,6,10,220.80,,
86590,P601J-219N-4A,13,7,6,245.79,,
86591,Q402J-118N-3A,3,2,1,201.63,,
86593,P602J-219N-3A,12,4,8,245.79,,
86594,6220,8,4,4,43.08,62.90,
86595,6221,7,3,4,75.38,110.05,
86596,6280,5,2,3,230.38,336.35,
86597,6277,6,2,4,150.79,220.15,
86610,42630-3512-3C,7,4,3,109.36,,
86611,31295-3512-3A,10,4,6,104.15,,
86612,31395-2512-3A,17,11,6,112.48,,
86614,31395-4012-3A,29,19,10,112.48,,
86616,SKI024080002,7,3,4,1090.00,,1344.70
86620,Q301J-115S-3A,13,4,9,137.48,,
86621,Q301J-118S-3A,7,4,3,180.44,,
86622,Q401J-115S-3A,23,9,14,162.47,,
86623,Q401J-118S-3A,15,12,3,162.47,,
86624,P501J-115S-3A,16,9,7,199.96,,
86625,P501J-118S-3A,10,4,6,199.96,,
86626,P601J-215S-3A,7,4,3,216.63,,
86627,P601J-218S-3A,29,15,14,216.63,,
86628,31295-3524-3A,12,5,7,169.51,,
86629,31395-2524-3A,2,2,0,180.44,,
86630,31395-4024-3A,11,8,3,137.48,,
86632,010-02316-10,9,4,5,236.24,,
86634,010-02316-00,3,2,1,236.24,,
86636,Q402J-115S-3A,13,8,5,187.47,,
86653,Q402J-118S-3A,9,2,7,206.22,,
86654,P602J-215S-3A,6,6,0,265.79,,
86655,P602J-218S-3A,23,9,14,241.63,,
86659,03-114-200,0,0,0,329.38,421.60,
86660,03-114-214,0,0,0,329.38,421.60,
86662,03-114-212,0,0,0,329.38,421.60,
86663,03-112-214,0,0,0,430.63,551.20,
86664,03-112-212,0,0,0,430.63,551.20,
86665,03-134-300,0,0,0,487.50,624.00,
86666,03-134-312,0,0,0,487.50,624.00,
86667,03-200-300,0,0,0,561.88,719.20,
86668,03-200-312,0,0,0,561.88,719.20,
86669,03-214-312,0,0,0,688.75,881.60,
86670,03-214-400,0,0,0,688.75,881.60,
86671,03-212-400,0,0,0,688.75,881.60,
86672,03-300-412,0,0,0,948.13,1213.60,
86673,03-312-500,0,0,0,1543.75,1976.00,
86686,6500-WB,0,0,0,197.03,,
86708,50180,6,3,3,264.44,,
86713,50182,5,2,3,346.79,,
86714,50184,0,0,0,390.88,,
86715,50186,0,0,0,522.90,,
86716,SA-340-BL,3,0,3,41.94,,
86753,22911,5,3,2,109.89,,
86799,FWGB-100-RB,0,0,0,122.50,,
86819,TSP-1-DP,3,0,3,23.36,,
86820,TSP-2-DP,4,0,4,19.41,,
86853,96604,0,0,0,9.08,12.16,
86854,96607,0,0,0,5.69,7.62,
86864,PIN123020000,0,0,0,774.44,,955.40
86868,1544,3,1,2,196.25,279.95,
86870,1540,7,3,4,100.45,143.95,
86871,1542,6,2,4,134.36,191.95,
86872,010-13072-00,1,0,1,374.99,,
86873,010-13073-00,13,9,4,449.99,,
86876,1902340X2/COVERS,0,0,0,2928.70,,
86877,1902335X2/COVERS,0,0,0,2627.56,,
86878,010-12989-00,0,0,0,18.00,,
86879,010-12989-01,7,6,1,22.49,,
86880,010-12989-02,0,0,0,22.49,,
86881,010-12990-00,0,0,0,18.75,,
86882,010-12992-00,0,0,0,26.24,,
86883,010-12993-00,0,0,0,26.24,,
86884,010-12990-01,0,0,0,22.49,,
86885,010-12992-01,0,0,0,29.99,,
86886,010-12993-01,2,2,0,26.24,,
86887,010-12990-02,0,0,0,22.49,,
86888,010-12992-02,0,0,0,37.49,,
86889,010-12993-02,1,0,1,37.49,,
86890,010-02246-02,0,0,0,159.99,,
86891,010-02246-00,0,0,0,119.99,,
86894,AT-85810,0,0,0,12.57,,
86898,37161,10,4,6,119.27,,
86901,RMC-101FMK-DP,0,0,0,97.95,,
86903,RMC-101MK-DP,0,0,0,97.95,,
86904,RMC-104FMK-DP,1,1,0,97.95,,
86905,RMC-105FMK-DP,5,3,2,97.95,,
86906,RMC-109-DP,2,2,0,122.51,,
86907,RMC-108-DP,3,2,1,115.45,,
86960,150800-200-070-20,0,0,0,62.67,,
86971,101037,18,5,13,98.65,,155.59
86976,CEC34,6,4,2,32.61,,
86977,CEC10,26,12,14,8.07,,
86978,ZDIGDST810,2,1,1,389.54,,
86979,CEC15,2,2,0,18.91,,
86980,CEC25,0,0,0,25.59,,
86981,CEC50,0,0,0,46.84,,
86982,CEC75,5,5,0,61.73,,
86983,31300006,28,5,23,12.61,15.99,
86984,BPC123048102,11,4,7,170.18,,215.90
86986,010-12225-10,0,0,0,33.75,,
86987,010-13071-00,2,1,1,22.49,,
86988,010-13070-00,15,11,4,26.24,,
86989,22610-9427,8,3,5,309.51,,
86990,100-298-436-10,0,0,0,14.55,,
86994,010-12100-13,0,0,0,8.00,,
86997,S-0627C,4,2,2,124.75,,
86998,S-0628C,4,2,2,125.10,,
86999,S-0629C,0,0,0,125.45,,
87002,301-011KLST-B,0,0,0,2056.68,,2313.76
87010,CX4A,4,2,2,141.63,,
87011,E179F,3,2,1,38.21,,
87013,83012031,0,0,0,200.77,,
87017,OCTAFG2012,0,0,0,663.22,,
87018,OCTAFG2024,0,0,0,663.22,,
87029,B00042501,0,0,0,185.45,298.53,
87030,B00043901,0,0,0,92.73,149.31,
87031,010-12097-00,0,0,0,44.99,,
87033,G-GATE-G,0,0,0,640.56,,
87044,SCC110020160R,15,7,8,75.79,,93.50
87055,LLB-70SL-01-00,0,0,0,6.92,,
87056,LLB-63CT-01-00,2,2,0,71.34,,
87057,LLB-63AU-01-00,2,0,2,21.99,,
87058,209FDP,7,1,6,160.17,,
87061,010-13014-00,3,1,2,97.49,,
87062,MC-618-H,4,0,4,282.55,,
87063,SG205,4,0,4,171.25,,
87064,SG210,1,0,1,257.29,,
87069,VTC300-32-12,0,0,0,499.38,,
87070,BCA1000V-110-32,1,0,1,1248.86,,
87071,BCA1550-12,0,0,0,1604.74,,
87072,BCA1550-24,0,0,0,1604.74,,
87097,29295-1000,63,18,45,19.33,,
87098,29295-1010,19,10,9,25.37,,
87105,23610-3003,5,3,2,451.25,,
87110,RM12,8,4,4,68.65,,
87249,DST-810MSF,0,0,0,386.36,,
87285,C1000CH,1,1,0,43.75,,
87286,LED1000,0,0,0,15.07,,
87287,FP36,1,1,0,41.10,,
87288,FP36USA,0,0,0,43.84,,
87289,FP36DIVE,0,0,0,43.84,,
87290,FP72,1,1,0,43.84,,
87291,FP72USA,1,1,0,46.58,,
87292,FP72DIVE,0,0,0,46.58,,
87294,240-864,4,3,1,3.29,,
87321,BOWA0571,0,0,0,2963.70,3793.54,
87322,331-546,2,2,0,27.84,,
87348,260-15270,0,0,0,38.05,,
87349,260-15271,0,0,0,38.05,,
87350,301-15278,0,0,0,16.19,,
87351,A2C1767000001,2,1,1,462.86,745.02,
87354,A2C1824820001,2,1,1,215.00,447.75,
87355,310-15277,1,1,0,16.19,,
87356,332-15282,1,1,0,16.19,,
87358,333-15273,0,0,0,56.20,,
87359,333-15272,0,0,0,56.20,,
87360,333-15274,0,0,0,56.20,,
87361,333-15275,0,0,0,56.20,,
87362,350-15276,0,0,0,16.19,,
87363,382-11805,0,0,0,43.08,,
87364,382-15279,0,0,0,16.19,,
87365,382-15280,0,0,0,16.19,,
87366,382-15281,0,0,0,43.08,,
87367,150-15283,0,0,0,26.67,,
87368,TBB-100,0,0,0,130.96,,
87372,V-100L,5,4,1,48.59,,
87373,V-120L,0,0,0,72.29,,
87378,301-011KL-B,0,0,0,1369.85,,1541.07
87401,B00042201,7,5,2,92.73,149.31,
87402,B00042301,1,0,1,199.99,403.83,
87404,B00070401,0,0,0,278.18,447.75,
87405,B00042401,4,2,2,96.99,179.37,
87497,OT-4200CF-HD,6,3,3,2099.99,,
87511,PLABZ100,6,6,0,25.19,,
87512,PLABZ360,1,0,1,64.79,,
87514,PLABZ400,0,0,0,100.79,,
87516,PLASE350,3,3,0,18.00,,
87517,PLASE300,0,0,0,36.00,,
87518,PLASE366,7,0,7,33.00,,
87519,PLASE377,2,2,0,42.00,,
87520,PLASM364,18,0,18,16.80,,
87544,B00043501,6,2,4,94.03,159.30,
87552,101647,8,5,3,133.74,,225.69
87553,101648,2,2,0,221.94,,358.69
87554,101649,5,3,2,304.74,,490.09
87555,101650,4,2,2,381.03,,613.69
87556,101680,2,0,2,1482.72,,2319.59
87578,"P13228-202 PCWT",0,0,0,92.97,,
87579,"P13228-204 PCWT",3,1,2,19.99,,
87582,P12848-100,3,2,1,331.75,,
87584,P12848-200,2,1,1,165.87,,
87585,P12848-300,2,0,2,82.91,,
87586,P13005-100,2,0,2,82.91,,
87587,P13371-300TEBCL,2,0,2,207.33,,
87588,P13371-300TEBBK,3,1,2,207.33,,
87589,P13371-300TEBGR,5,2,3,207.33,,
87590,P13371-320TEBCL,2,1,1,207.33,,
87591,P13371-320TEBBK,0,0,0,207.33,,
87592,P13371-360TEBBK,0,0,0,207.33,,
87593,P13371-360TEBGR,0,0,0,207.33,,
87594,P12848-250,2,0,2,249.57,,
87595,P12848-350,6,3,3,165.81,,
87596,P13020-100,0,0,0,95.66,,
87597,"P13020-100 BK",0,0,0,95.66,,
87598,P12902-100,0,0,0,86.09,,
87599,"P12902-100 BK",0,0,0,86.09,,
87600,MS-140,3,3,0,41.44,,
87601,MS-100,4,2,2,33.15,,
87602,P12848-13,0,0,0,47.82,,
87603,P13228-02,0,0,0,47.82,,
87604,P12848-33,0,0,0,38.25,,
87605,"P12848-36 BK",0,0,0,4.74,,
87606,P12682-58,0,0,0,11.45,,
87607,"P12682-58 BK",0,0,0,11.45,,
87608,"P12682-58 GR",4,2,2,11.45,,
87609,P13157-105,0,0,0,28.68,,
87610,"P13157-105 BK",0,0,0,28.68,,
87611,B00001201,0,0,0,25.71,41.40,
87612,A2C17593300,0,0,0,8.31,13.32,
87615,B00067401,0,0,0,167.40,283.50,
87622,101672,19,7,12,126.14,,200.29
87623,101673,12,0,12,134.33,,213.49
87624,101670,20,6,14,130.38,,206.49
87625,101671,1,0,1,141.36,,223.99
87627,MC-TS-A80,4,0,4,35.17,,
87628,01-92-083,3,1,2,11.99,,
87629,01-92-084,3,2,1,19.99,,
87630,01-92-086,4,2,2,20.00,,
87633,5505-7,73,43,30,49.57,,
87634,5508-7,51,20,31,76.46,,
87635,5509-7,51,7,44,80.81,,
87636,5512-7,34,19,15,89.77,,
87637,5513-7,15,6,9,94.14,,
87638,SCC115070211,7,3,4,325.90,,402.05
87660,LHRF30ASSY,3,3,0,65.98,112.50,
87663,UBB2,4,0,4,77.32,,
87664,MC-TS-B30,2,0,2,46.34,,
87665,SG2-0403,3,0,3,64.78,,
87666,SG2-0404,4,0,4,38.55,,
87668,202213BLK,2,2,0,174.99,279.99,
87669,HT471TG,0,0,0,117.50,,
87672,930314,0,0,0,624.99,999.99,
87674,LLB-26LC-61-00,0,0,0,10.75,,
87682,15-TSS,6,0,6,69.66,,
87683,C1-70-A00S,0,0,0,5607.78,,
87684,C1-70-A00R,0,0,0,5880.00,,
87688,24104,0,0,0,61.25,,
87689,25104,1,1,0,50.49,,
87690,24105,0,0,0,60.58,,
87691,25105,0,0,0,65.63,,
87692,36211201,0,0,0,823.69,,1062.99
87693,45513040,0,0,0,376.79,,
87695,35511500,5,3,2,880.59,,1078.99
87696,35513500,2,0,2,1752.19,,
87697,35523500,3,1,2,1931.89,,
87699,TC861,17,9,8,9.01,,
87700,TC862,12,4,8,9.01,,
87701,TK860,7,7,0,22.76,,
87702,710010,0,0,0,26.15,,
87703,710020,0,0,0,22.41,,
87704,710030,0,0,0,26.15,,
87705,710040,0,0,0,24.67,,
87706,711000,0,0,0,37.36,,
87707,703041,0,0,0,24.46,,
87708,703042,0,0,0,27.49,,
87709,262245,7,5,2,3.84,,
87710,262255,1,0,1,4.06,,
87711,262265,3,0,3,4.64,,
87712,262275,5,2,3,5.20,,
87713,262285,0,0,0,5.78,,
87714,A2C59512947,0,0,0,11.69,18.81,
87715,262295,8,4,4,6.35,,
87716,262715,4,4,0,7.79,,
87717,262725,4,2,2,9.50,,
87718,262246,5,0,5,4.00,,
87719,262256,3,0,3,4.06,,
87720,262266,5,0,5,5.13,,
87721,262276,1,0,1,5.20,,
87722,262286,0,0,0,5.78,,
87723,262296,4,4,0,6.35,,
87724,262716,3,0,3,7.79,,
87725,262726,6,2,4,9.50,,
87728,242130,0,0,0,24.48,,
87729,242140,0,0,0,30.60,,
87730,242150,0,0,0,40.80,,
87731,242160,0,0,0,51.15,,
87732,242170,0,0,0,51.15,,
87735,242180,0,0,0,66.96,,
87737,SEA3000,6,2,4,182.94,,
87738,AIR129,0,0,0,480.43,,
87740,129OBI,0,0,0,764.14,,
87741,189OBI,0,0,0,808.83,,
87742,249OBI,0,0,0,831.61,,
87743,309OBI,0,0,0,860.06,,
87744,1212OBI,0,0,0,809.63,,
87745,1812OBI,0,0,0,831.61,,
87746,2412OBI,1,0,1,853.59,,
87747,3012OBI,0,0,0,881.22,,
87748,M80OBI,4,2,2,808.09,,
87749,M120OBI,0,0,0,848.67,,
87750,ST9OBI,4,2,2,855.27,,
87751,ST12OBI,2,1,1,1104.73,,
87752,ST16OBI,0,0,0,1176.32,,
87756,LHRF50ASSY,0,0,0,96.22,142.20,
87757,RF30,8,2,6,56.64,83.70,
87758,RF50,0,0,0,76.13,112.50,
87761,CM30253,0,0,0,321.54,475.20,
87762,CM30503,2,2,0,387.31,572.40,
87763,CM50254,1,1,0,532.51,958.50,
87764,CM50504,2,0,2,755.74,1116.90,
87767,RDPWL,2,2,0,39.59,58.50,
87768,RDPWP,4,4,0,39.59,58.50,
87770,USB-1,6,4,2,29.41,,
87780,B00034901,0,0,0,124.42,210.69,
87781,B00041601,0,0,0,102.21,173.07,
87782,B00041701,0,0,0,181.43,307.26,
87790,BOS12V4,0,0,0,305.37,,
87792,3000P-10,0,0,0,146.55,,
87793,3001P-10,0,0,0,156.18,,
87794,3002P-10,0,0,0,174.69,,
87795,3005P-10,0,0,0,139.31,,
87796,3006P-10,0,0,0,162.63,,
87797,3008P-10,0,0,0,184.31,,
87798,3009P-10,0,0,0,157.49,,
87799,3010P-10,0,0,0,159.03,,
87804,1001P-10,0,0,0,88.24,,
87805,1002P-10,0,0,0,91.36,,
87806,1003P-10,0,0,0,94.53,,
87815,V11-9990GRD80-2,2,0,2,641.50,,
87816,B60-20-9N,4,2,2,248.84,324.99,
87818,MSK-10A,3,2,1,39.66,57.30,
87819,NTX-1000-12,7,3,4,304.20,419.50,
87820,NTX-1500-12,7,4,3,371.25,512.10,
87821,NTX-2000-12,4,2,2,445.11,613.80,
87822,NTX-3000-12,5,3,2,621.82,857.60,
87823,NTX-RC,0,0,0,37.95,52.30,
87825,010-10962-10,0,0,0,47.99,,
87826,010-12825-00,0,0,0,39.99,,
87827,010-12825-02,0,0,0,79.99,,
87828,010-12941-01,0,0,0,15.99,,
87830,010-11828-40,0,0,0,27.99,,
87831,010-11864-00,0,0,0,27.99,,
87832,010-11925-00,0,0,0,31.99,,
87862,7152143,6,2,4,458.33,,
87864,323-421,13,7,6,11.08,,
87868,60-YP-MC-100-SV,3,0,3,789.70,,
87869,60-YP-MC-100-J10,1,0,1,789.70,,
87870,48-YSP-3GM-B,1,0,1,585.42,,
87876,GP1900-15,0,0,0,318.06,,
87877,RC108CAP12V,0,0,0,2492.58,3389.90,
87880,SKY012070000,6,4,2,615.28,,759.05
87881,SKY012070100,5,3,2,677.98,,836.40
87882,SKY024035000,7,3,4,615.28,,759.05
87883,SKY024035100,5,2,3,677.98,,836.40
87885,PP5920-03,0,0,0,414.53,,
87886,REC000300010R,7,3,4,106.11,,130.90
87887,ASS030543020,5,3,2,175.69,,216.75
87892,BPC122547106,16,10,6,146.73,,186.15
87893,010-12881-08,0,0,0,79.99,,
87894,010-12881-03,0,0,0,119.99,,
87895,010-12881-01,0,0,0,39.99,,
87907,GP1392,29,18,11,36.61,,
87916,SM-ACC-ACRE-120,4,2,2,56.61,,69.67
87926,DDC,0,0,0,52.50,,
87932,DB1-20,0,0,0,112.07,,
87974,810074,13,11,2,26.85,55.97,
87975,890164,18,11,7,32.18,59.97,
87985,784-0110S,0,0,0,361.64,,
87988,708-0150,0,0,0,104.69,,
87989,818-2015,10,5,5,1118.50,,
87990,818-3015,0,0,0,1378.42,,
87991,820-4080-41,0,0,0,2357.20,,
88006,9600005997,0,0,0,217.31,,
88041,709-3024-01,0,0,0,114.14,,
88042,710-3024-01,8,5,3,224.12,,
88043,710-0010,0,0,0,57.07,,
88048,GS-500XL,1,0,1,2599.99,,
88050,A80691,4,2,2,166.66,,
88052,A80585,0,0,0,129.16,,
88053,A80630,0,0,0,132.09,,
88055,001-512-600-00,11,11,0,127.27,,
88078,683-060,1,1,0,25.00,,
88079,3000S-02,0,0,0,159.95,,
88080,FMS-1-0-DP,11,7,4,12.69,,
88082,683-050,2,2,0,23.04,,
88085,3001S-02,0,0,0,170.45,,
88086,3002S-02,0,0,0,190.65,,
88087,3005S-02,0,0,0,152.04,,
88088,3006S-02,0,0,0,177.50,,
88090,3008S-02,0,0,0,201.19,,
88092,3009S-02,0,0,0,171.89,,
88093,3010S-02,0,0,0,173.59,,
88094,2000S-02,0,0,0,109.16,,
88095,2001S-02,0,0,0,118.46,,
88096,2002S-02,0,0,0,146.34,,
88099,RLFP122202A,27,17,10,88.57,,
88101,1000S-02,1,1,0,34.99,,
88102,R3526144D,147,91,56,69.99,,
88103,1001S-02,0,0,0,101.96,,
88104,R3526344D,8,4,4,149.81,,
88106,1002S-02,0,0,0,105.61,,
88108,Q301V-117S-3A,30,18,12,149.12,,
88109,1003S-02,0,0,0,109.26,,
88110,1004S-02,0,0,0,120.20,,
88112,Q401V-117S-3A,10,4,6,213.25,,
88115,9000S-02,0,0,0,131.13,,
88116,Q402V-117S-3A,7,1,6,246.06,,
88117,9001S-02,2,2,0,39.99,,
88118,9002S-02,2,2,0,54.99,,
88119,9003S-02,0,0,0,152.98,,
88122,9004S-02,1,1,0,44.99,,
88124,9005S-02,1,1,0,44.99,,
88130,BSHBTSS#6,1,1,0,7.28,,
88143,385311997,2,0,2,44.10,,
88184,3100205-M,17,3,14,108.60,,
88185,APT-150-02,5,3,2,323.44,,
88192,39615-80327,0,0,0,130.63,174.99,
88193,385320005,4,2,2,27.99,,
88194,301097606,12,8,4,137.74,,
88195,385311462,4,2,2,51.35,,
88196,385316906,3,1,2,52.85,,
88201,010-12982-02,0,0,0,111.99,,
88202,010-12982-05,0,0,0,19.99,,
88203,385310018,3,3,0,31.71,,
88204,385310239,0,0,0,39.27,,
88205,DST800PV-N2,0,0,0,283.02,370.00,
88206,RESP7,2,2,0,71.35,,
88208,RLWRM,5,5,0,9.33,,
88209,RLWRL,4,4,0,9.59,,
88210,SRHO9,3,3,0,14.77,,
88211,RFMT,3,3,0,20.86,,
88214,010-13007-00,0,0,0,224.99,,
88219,2000037883,1,1,0,84.99,,
88220,2000038018,0,0,0,123.87,,
88223,SCM-SLF-GW-WH,0,0,0,125.00,,172.00
88224,SCM-SLF-WBR-WH,3,2,1,138.41,,189.00
88225,SCM-SLF-CC-WH,5,0,5,147.76,,199.00
88226,SCM-SLF-CC-BK,0,0,0,142.00,,199.00
88227,SCM-SLB-GW-WH,2,2,0,135.00,,194.00
88228,SCM-SLB-WBR-WH,0,0,0,148.28,,208.00
88229,SCM-SLB-CC-WH,3,1,2,157.62,,218.00
88230,SCM-SLB-CC-BK,0,0,0,157.62,,218.00
88231,SCM-AL-TRACK-1M,3,0,3,3.20,,4.00
88232,88613-1,0,0,0,42.10,,
88233,88645-1,3,2,1,93.74,,
88234,88645,0,0,0,14.94,,
88235,88646,0,0,0,27.16,,
88236,88646-1,1,1,0,156.24,,
88237,88647,1,1,0,40.75,,
88238,88647-1,0,0,0,186.13,,
88239,88610-1,0,0,0,62.49,,
88241,MA112,1,1,0,179.99,,
88242,901801,0,0,0,543.74,869.99,
88243,901802,0,0,0,543.74,869.99,
88245,46599,0,0,0,81.24,120.99,
88246,20925000A,60,39,21,10.07,,
88247,SCM-MFD-LC-KIT,3,2,1,532.43,,649.00
88248,IN6707.HL,20,2,18,78.29,,
88249,2707.2M,11,3,8,86.99,130.95,
88252,SCM-DLX-CC-WH,7,2,5,83.26,,116.00
88253,SCM-DLX-CC-BK,4,0,4,80.49,,116.00
88255,SCM-DLX-WBR-WH,2,2,0,79.00,,109.00
88256,SCM-DLX-GW-WH,0,0,0,71.20,,98.00
88257,SCM-SWITCH-O/O/M,9,4,5,19.80,,28.99
88258,4758-172-A80,1,0,1,343.18,,
88340,ORI241270020,0,0,0,95.77,,118.15
88342,954000,2,0,2,70.75,,
88343,954200,6,3,3,88.87,,
88344,954400,4,2,2,90.49,,
88345,131822000,4,2,2,57.84,,
88431,7TX-01-F010,0,0,0,262.32,,
88432,7GX-03-F010,6,3,3,171.64,,
88433,GP1040-17,0,0,0,334.53,,
88440,E70531-00-102,2,2,0,434.83,,
88441,E70532-00-102,3,3,0,519.99,,
88442,E70532-05-102,3,3,0,599.99,,
88475,M5-7A-4361-8,0,0,0,116.55,,
88476,M5-7A-6362-8,0,0,0,138.51,,
88483,BPC121545102,9,0,9,104.52,,132.60
88484,BPC121546102,14,10,4,121.27,,153.85
88485,BPC122045102,10,4,6,125.96,,159.80
88486,BPC122046102,19,11,8,141.37,,179.35
88487,BPC123047102,17,4,13,151.42,,192.10
88489,ORI303050000,8,5,3,600.12,,740.35
88491,BAW4010,0,0,0,26.78,,
88493,001-588-890-00,0,0,0,54.55,,
88502,MC-612-DUAL-H,0,0,0,340.74,,
88506,SCC010020060,7,3,4,65.45,,80.75
88507,MMC-9N-L,0,0,0,105.08,135.00,
88519,100-330-843-10,4,2,2,26.36,,
88589,SSM-21A,34,11,23,53.33,,
88596,S00-01195-10,0,0,0,4.24,,
88605,46700,0,0,0,85.30,129.99,
88606,46701,0,0,0,85.30,134.99,
88607,46702,0,0,0,111.55,149.99,
88608,150PHW,18,9,9,9.76,,
88609,GP2170-16,0,0,0,385.44,,
88638,DB3901,0,0,0,268.33,,
88639,KF5000WH,2,2,0,111.54,,
88641,WS2-C10,0,0,0,150.98,188.00,
88642,WS2-C30,0,0,0,236.25,288.00,
88653,101684,7,1,6,145.10,,227.99
88667,PCK-175,10,4,6,85.63,,
88668,PCK-250,13,9,4,122.59,,
88669,PCK-625,28,10,18,169.64,,
88670,PCK-1250,18,6,12,253.01,,
88686,2304A,33,20,13,184.14,,
88698,APT-F-150-02,3,2,1,323.44,,
88699,B175HW/12,0,0,0,1244.44,,
88702,150800-200-050-20,0,0,0,62.67,,
88723,A2C3931270001,4,2,2,419.99,745.02,
88733,1232,0,0,0,269.33,,
88737,LLB-63RB-E0-K1,4,2,2,115.24,,
88738,LLB-63BB-F0-K2,5,4,1,115.24,,
88740,AIR-040-406-10,0,0,0,136.36,,
88754,83224100,0,0,0,159.49,,
88755,83220100,0,0,0,153.95,,
88756,83216100,0,0,0,142.11,,
88765,HSB380,2,2,0,142.86,,
88766,2631,4,1,3,141.92,213.95,
88770,01-0432-01,2,0,2,7499.99,,
88771,000-15687-001,1,0,1,146.41,,
88783,621-VUP-MC-120-K6,2,0,2,855.94,,
88785,150PHB,11,10,1,9.76,,
88786,550416,11,6,5,329.40,,
88789,60031,5,2,3,28.57,35.99,
88790,60030,6,3,3,28.57,35.99,
88791,770065,15,3,12,9.67,,
88792,770066,19,9,10,11.95,,
88809,36200-0000,16,5,11,23.38,,
88810,18911-7020,22,12,10,63.20,,
88811,18911-1030,11,6,5,27.01,,
88812,48-FSP-100,2,0,2,726.79,,
88816,IS2412,0,0,0,291.71,,
88818,171202,0,0,0,1051.38,,
88819,779-LB-2-B5,21,12,9,22.02,,
88821,9608,0,0,0,85.42,,
88823,3124,16,14,2,3.90,,
88825,41189,0,0,0,12.78,,
88828,600-804,0,0,0,4.94,,
88830,RF55171,0,0,0,42.00,64.26,
88831,600-864,0,0,0,6.18,,
88832,600-861,0,0,0,7.26,,
88833,600-862,0,0,0,7.26,,
88834,600-860,0,0,0,6.18,,
88835,600-859,0,0,0,3.94,,
88838,600-823,0,0,0,6.48,,
88839,600-844,0,0,0,13.18,,
88840,600-844-LED,0,0,0,10.44,,
88841,600-845,0,0,0,17.70,,
88842,600-846,0,0,0,13.18,,
88843,992-MW-S,18,8,10,351.34,,
88844,MTCP1212LPJ,0,0,0,1185.82,,
88862,T10-3000-9,1,1,0,229.99,,
88868,01-0380-06,0,0,0,838.53,,
88870,APT-F-250-02,6,4,2,340.31,,
88871,150800-200-060-20,0,0,0,62.67,,
88873,PM275C-LHW-MM,0,0,0,1715.60,2264.00,
88883,10-963,0,0,0,32.91,,
88884,10-957,0,0,0,27.79,,
88886,SKI024100002,5,3,2,1323.57,,1632.85
88887,240603,0,0,0,687.49,1099.99,
88888,DT812PV-235-N2,1,0,1,303.11,399.00,
88891,3274,3,3,0,30.14,36.95,
88894,600-844-B-LED,0,0,0,10.46,,
88895,600-845-LED,0,0,0,11.16,,
88897,600-846-LED,0,0,0,10.44,,
88900,RF55210,0,0,0,68.49,104.80,
88911,TZ3-190-BKT,0,0,0,273.64,,
88913,100-430-901-10,3,1,2,78.18,,
88914,S-0918LED,0,0,0,102.79,,
88926,UPMD,4,2,2,1861.34,,
88933,V11-2423BKA50-1,3,3,0,307.73,,
88938,010-13126-00,77,20,57,13.50,,
88939,010-13127-00,28,24,4,14.99,,
88941,010-13129-00,83,68,15,13.50,,
88942,010-13130-00,135,116,19,17.50,,
88943,010-13131-00,84,72,12,18.75,,
88944,010-13132-00,52,33,19,17.06,,
88946,010-12953-00,0,0,0,15.99,,
88947,010-12953-02,0,0,0,19.99,,
88949,301096202,0,0,0,72.49,,
88950,301096206,0,0,0,72.49,,
88951,301096602,0,0,0,103.66,,
88952,301096606,0,0,0,103.66,,
88956,ORI241220260,34,21,13,46.85,,57.80
88957,V12-0307CP80,3,1,2,170.10,,
88959,RAERTR-C,0,0,0,13.02,,
88960,MTH2,6,6,0,16.53,,
88961,MTH3,23,23,0,21.86,,
88962,MTHK-2,12,12,0,38.38,,
88964,300417,0,0,0,437.49,699.99,
88965,300418,0,0,0,21.87,32.99,
88966,300419,0,0,0,21.87,32.99,
88967,300420,0,0,0,12.49,19.99,
88969,300422,0,0,0,56.24,81.99,
88970,300427,0,0,0,9.99,14.99,
88971,300428,0,0,0,38.12,59.99,
88972,300429,0,0,0,56.24,79.99,
88973,GP1800-14,0,0,0,312.72,,
88979,VL-45-E1YN,0,0,0,12105.88,,
88980,T72FC,0,0,0,122.37,,
88984,M20-1013A,4,2,2,420.08,,
88988,621-VUP-MC-100-SV,5,0,5,789.70,,
88991,118010,0,0,0,701.10,,
88992,1180-FT,44,44,0,9.53,,
88993,118005,3,0,3,349.20,,
88996,E-4209-20,0,0,0,120.00,,
88998,HE-H10LED,0,0,0,85.62,156.99,
89004,300414,0,0,0,306.24,489.99,
89005,300415,4,4,0,512.49,819.99,
89008,300425,0,0,0,13.11,19.99,
89012,TEU001B,0,0,0,444.94,,
89013,TEU001S,0,0,0,404.49,,
89023,4700CR,1,1,0,158.29,,
89024,4721CR,0,0,0,13.24,,
89025,4731CR,2,2,0,22.06,,
89026,101699,1,1,0,209.99,,
89044,60020,5,2,3,19.29,24.29,
89045,60021,7,3,4,28.57,35.99,
89046,60040,7,4,3,105.71,133.20,
89059,818440,28,28,0,30.38,,
89060,238613L1,19,18,1,35.29,,
89081,201-011-15M,0,0,0,780.39,,877.93
89084,301-001-B-6M,2,0,2,353.97,,398.21
89089,2021026253,2,0,2,999.00,,
89093,2021026257,1,0,1,1050.00,,
89094,2021026258,1,0,1,1099.99,,
89095,301-002-B-6M,0,0,0,353.97,,398.21
89096,2021026259,2,0,2,1176.94,,
89098,2021026261,2,0,2,999.00,,
89099,2021026262,2,0,2,999.00,,
89102,301-006-6M,0,0,0,446.59,,502.42
89103,301-006-B-6M,0,0,0,446.59,,502.42
89104,301-006DLX,0,0,0,850.73,,957.07
89105,201-011ST,0,0,0,1025.57,,1153.76
89106,201-011ST-B,0,0,0,1025.57,,1153.76
89118,200-016G2,3,3,0,313.21,,352.36
89119,200-016G2-B,0,0,0,313.21,,352.36
89120,200-016G2ST,0,0,0,618.59,,695.92
89121,200-016G2ST-B,0,0,0,618.59,,695.92
89122,200-018G2,4,4,0,313.21,,352.36
89123,200-018G2-B,0,0,0,313.21,,352.36
89124,200-018G2ST,0,0,0,618.59,,695.92
89125,200-018G2ST-B,0,0,0,618.59,,695.92
89126,200-024G2,2,0,2,313.21,,352.36
89127,200-024G2-B,0,0,0,313.21,,352.36
89128,200-024G2ST,0,0,0,618.59,,695.92
89129,200-024G2ST-B,0,0,0,618.59,,695.92
89130,301-011KL,2,0,2,1369.85,,1541.07
89131,301-011,0,0,0,1369.85,,1541.08
89132,301-011-B,0,0,0,1369.85,,1541.08
89133,301-011DLX-15M,0,0,0,1890.69,,2127.03
89134,301-011DLX-B-15M,0,0,0,1890.69,,2127.03
89135,301-011ST,0,0,0,2056.69,,2313.77
89136,301-011ST-B,0,0,0,2056.69,,2313.77
89147,SC80,0,0,0,1063.13,,
89148,G-3110C,3,3,0,13.33,,
89149,G-8010C,2,0,2,13.33,,
89161,90404,10,6,4,28.05,,
89166,E-4209-30,0,0,0,165.00,,
89167,ORI242440120,7,7,0,197.74,,243.95
89176,BFGRLITH,0,0,0,153.49,,
89177,58295,0,0,0,49.23,,
89183,62-070-BW,4,0,4,77.73,,
89187,172012,0,0,0,1237.64,,
89188,959950111,4,4,0,143.19,,
89197,010-02407-00,2,0,2,824.99,,
89198,010-11082-10,0,0,0,48.75,,
89202,60018,0,0,0,739.43,,
89203,60039,0,0,0,428.18,,
89204,60040,0,0,0,323.55,,
89205,60041,0,0,0,371.81,,
89206,60044,2,2,0,371.81,,
89207,60045,0,0,0,520.91,,
89208,60048,0,0,0,520.91,,
89209,WT60051,0,0,0,1251.19,,
89210,WT60052,0,0,0,979.71,,
89211,WT60053,0,0,0,331.08,,
89212,60054,0,0,0,262.01,,
89213,60058,0,0,0,744.18,,
89214,WT60063,0,0,0,1529.08,,
89215,WT60064,0,0,0,1331.04,,
89216,60065,0,0,0,765.31,,
89217,WT60070,0,0,0,1232.09,,
89218,WT60071,0,0,0,632.60,,
89219,WT60072,0,0,0,200.31,,
89220,WT60073,0,0,0,450.93,,
89221,WT60074,0,0,0,139.20,,
89222,60075,0,0,0,6049.53,,
89223,60088,0,0,0,375.93,,
89224,60089,0,0,0,807.21,,
89225,60090,0,0,0,523.00,,
89226,60092,0,0,0,198.03,,
89227,MGV520B,13,8,5,209.67,,
89229,90403,5,0,5,16.39,,
89231,90511,1,1,0,47.29,,
89232,91001,6,4,2,48.00,,
89234,60094,0,0,0,1625.99,,
89235,60097,0,0,0,1149.56,,
89236,60400,15,10,5,8.50,,
89237,60401,19,17,2,9.70,,
89238,60402,10,4,6,12.57,,
89239,60404,12,7,5,16.55,,
89240,60406,9,6,3,22.26,,
89241,61040,0,0,0,439.10,,
89242,61041,0,0,0,439.10,,
89243,61042,0,0,0,439.10,,
89244,61043,2,2,0,531.54,,
89245,61044,0,0,0,418.96,,
89246,61050,0,0,0,565.66,,
89247,61051,0,0,0,566.40,,
89248,61052,0,0,0,566.40,,
89249,61053,0,0,0,566.40,,
89250,61054,0,0,0,549.65,,
89251,RC121012VEDC,0,0,0,3571.06,4856.64,
89254,62318,0,0,0,14.55,,
89255,63034,0,0,0,747.63,,
89256,63037,0,0,0,990.29,,
89257,63056,0,0,0,808.68,,
89258,63057,0,0,0,735.38,,
89259,63058,0,0,0,339.71,,
89260,63059,0,0,0,277.08,,
89261,63060,0,0,0,1065.05,,
89262,63061,0,0,0,629.48,,
89263,WT63070,0,0,0,698.11,,
89264,WT63071,0,0,0,542.98,,
89265,63075,0,0,0,407.16,,
89266,WT63100,0,0,0,133.79,,
89267,WT63102,0,0,0,81.36,,
89268,WT63104,0,0,0,426.93,,
89269,WT63106,0,0,0,241.84,,
89270,WT63108,0,0,0,140.04,,
89271,63109,0,0,0,379.70,,
89272,63110,0,0,0,226.21,,
89273,63111,0,0,0,25.49,,
89274,63112,0,0,0,31.85,,
89275,63201,0,0,0,78.10,,
89276,63202,0,0,0,53.70,,
89277,63203,0,0,0,36.49,,
89278,63204,0,0,0,54.83,,
89279,63205,0,0,0,74.95,,
89280,63206,0,0,0,142.58,,
89281,63207,0,0,0,51.01,,
89282,63404,0,0,0,32.65,,
89283,63405,0,0,0,38.01,,
89284,63406,0,0,0,78.38,,
89285,63515,0,0,0,1119.38,,
89286,63516,0,0,0,992.88,,
89287,63518,0,0,0,646.49,,
89288,60455-TO,0,0,0,185.61,,
89289,60456-TO,0,0,0,262.90,,
89290,60457-TO,0,0,0,375.00,,
89291,TK-71000,0,0,0,11.27,,
89292,TK-81000,0,0,0,7.70,,
89293,TK-91000,0,0,0,7.70,,
89296,87240,1,1,0,464.06,,
89297,87241,0,0,0,464.06,,
89298,87242,0,0,0,464.06,,
89299,87243,0,0,0,464.06,,
89300,87271,0,0,0,150.30,,
89301,97240,0,0,0,464.06,,
89302,2141,3,1,2,193.16,290.95,
89303,97241,0,0,0,464.06,,
89304,97242,0,0,0,464.06,,
89305,97243,0,0,0,464.06,,
89308,6502001030,0,0,0,27.22,,
89314,100R,7,5,2,7.32,,
89323,GM-ME300X1C,2,2,0,139.99,,
89361,996276471,2,0,2,131.85,,
89379,7555-3,4,1,3,12.22,,
89380,193415,14,4,10,1.95,,
89404,010-12827-02,0,0,0,59.99,,
89411,385311520,4,2,2,34.99,,
89412,385311521,3,2,1,43.04,,
89417,GP1200-20,1,1,0,363.62,,
89420,000-197-069-10,3,2,1,91.82,,
89422,9636,9,4,5,56.82,,
89424,A2K-SCREWCAP-10-F,0,0,0,20.32,,
89427,DCCIG09,7,4,3,13.45,,
89429,MC-618-VL-01,0,0,0,461.17,,
89430,CS2579402,2,1,1,23.80,,
89433,321913,0,0,0,9.15,18.99,
89434,321933,8,0,8,9.37,18.99,
89436,SP-4000-ADJ-RB,18,7,11,50.01,,
89451,88447,0,0,0,81.51,,
89452,AK3714,8,2,6,47.08,,
89453,BP185G15,0,0,0,290.49,371.82,
89455,77040600,0,0,0,35.26,,
89456,S-0213,0,0,0,12.66,,
89457,010-02667-00,2,1,1,314.99,,
89458,MC-618,2,0,2,265.96,,
89460,SBR-41LI,19,4,15,32.00,,
89468,76-0201,3,0,3,10.99,,
89471,V-BATT-TML,0,0,0,26.10,39.99,
89474,049300499D,5,2,3,51.61,,
89475,049300599D,9,5,4,60.13,,
89476,049300799D,6,3,3,85.92,,
89477,049300899D,6,3,3,114.40,,
89478,049300999D,9,5,4,148.69,,
89479,049301099D,6,3,3,164.72,,
89484,VBTPN,0,0,0,29.84,42.99,
89486,31-6257-00,0,0,0,13.89,,
89487,VFDB2,0,0,0,27.14,38.99,
89488,VFDB4,4,2,2,35.07,49.99,
89489,VPNB2,0,0,0,25.39,35.99,
89490,VPNB4,0,0,0,43.76,61.99,
89491,VDB2,2,2,0,24.57,34.99,
89492,VDB4,2,0,2,25.39,35.99,
89509,01-0380-05,5,1,4,978.88,,
89520,71082,2,0,2,218.16,,
89523,15001C,0,0,0,70.01,,
89524,15002C,0,0,0,64.61,,
89526,15003C,0,0,0,63.29,,
89528,15004C,0,0,0,63.29,,
89529,"HYCO 1.1",3,1,2,782.61,,
89530,15005C,0,0,0,62.13,,
89531,15006C,0,0,0,58.91,,
89532,15007C,0,0,0,52.23,,
89533,15008,0,0,0,51.90,,
89534,15009,0,0,0,49.83,,
89535,15012,0,0,0,63.49,,
89542,15013,0,0,0,40.43,,
89543,15017C,0,0,0,64.34,,
89544,15021C,0,0,0,76.80,,
89545,15022C,0,0,0,70.10,,
89546,"HYTECH 1.1",5,3,2,797.34,,
89547,15023C,0,0,0,63.73,,
89548,15025,0,0,0,155.90,,
89549,15103C,0,0,0,86.83,,
89550,"PROTECH 1.1",3,1,2,1085.16,,
89556,15109C,0,0,0,51.53,,
89557,"PROTECH 2.1",4,2,2,1085.16,,
89559,15144,0,0,0,272.46,,
89560,15146,0,0,0,285.76,,
89561,15147,4,2,2,189.46,,
89562,15411,0,0,0,43.21,,
89563,15412,0,0,0,67.79,,
89565,V12-CBF200,0,0,0,48.56,68.99,
89566,V12-CBF100,0,0,0,48.56,68.99,
89567,V12-CBF180,0,0,0,48.56,68.99,
89568,V12-CBF140,0,0,0,48.56,68.99,
89569,V8-ANL80,0,0,0,5.17,7.99,
89570,V8-ANL100,0,0,0,5.17,7.99,
89571,V8-ANL150,2,1,1,5.17,7.99,
89572,V8-ANL200,4,2,2,5.17,7.99,
89573,V8-ANL250,0,0,0,5.17,7.99,
89574,V8-ANL300,5,3,2,5.64,8.99,
89575,VANL,1,0,1,22.03,31.99,
89576,VMANL,4,2,2,10.19,14.99,
89577,VAGU,0,0,0,10.19,14.99,
89578,VANL1,0,0,0,23.06,32.99,
89579,VMANL1,10,8,2,19.79,27.99,
89580,VDMANL,0,0,0,28.73,40.99,
89581,VR04,0,0,0,13.16,18.99,
89582,VR48,0,0,0,14.77,20.99,
89583,V8-AGU40,1,0,1,6.42,8.99,
89584,V8-AGU60,0,0,0,6.42,8.99,
89585,V8-AGU50,0,0,0,5.96,8.99,
89586,V10-2041,0,0,0,184.69,279.99,
89588,V10-D104K,0,0,0,131.00,198.99,
89590,12001C,0,0,0,70.01,,
89591,12002C,0,0,0,64.61,,
89592,12003C,0,0,0,63.29,,
89593,12004C,0,0,0,63.29,,
89596,12007C,0,0,0,54.36,,
89597,12008,0,0,0,51.90,,
89600,12013,0,0,0,39.97,,
89602,12025,0,0,0,149.74,,
89603,12103C,0,0,0,88.04,,
89609,12144,0,0,0,274.51,,
89610,12147,0,0,0,189.46,,
89611,RS11,0,0,0,352.94,,
89612,SCC125070221,0,0,0,407.20,,502.35
89634,14001C,0,0,0,84.13,,
89635,14002C,0,0,0,83.07,,
89636,14003C,0,0,0,77.73,,
89637,15843,177,94,83,4.83,,
89638,14004C,0,0,0,63.29,,
89639,14006C,0,0,0,53.65,,
89640,14007C,0,0,0,52.46,,
89641,14008,0,0,0,56.71,,
89642,14009,0,0,0,49.96,,
89643,14013,0,0,0,40.13,,
89647,14106C,0,0,0,65.19,,
89648,14107C,0,0,0,63.09,,
89649,14144,0,0,0,325.51,,
89650,14147,0,0,0,222.60,,
89653,24451,8,3,5,4.83,,
89654,19030,0,0,0,145.84,,
89656,PS1AUTO,0,0,0,221.83,,
89657,PS2AUTO,4,0,4,340.98,,
89658,PS3AUTO,1,0,1,494.39,,
89659,PS4AUTO,0,0,0,640.12,,
89662,28104C,0,0,0,83.63,,
89664,28105C,0,0,0,82.49,,
89666,28106C,0,0,0,67.70,,
89668,28107C,0,0,0,75.37,,
89669,V8-MANL30,3,1,2,3.54,4.99,
89670,V8-MANL40,3,1,2,3.54,4.99,
89671,V8-MANL60,2,2,0,3.21,4.99,
89672,V8-MANL80,0,0,0,3.54,4.99,
89673,V8-MANL100,0,0,0,3.54,4.99,
89674,V8-MANL125,0,0,0,3.54,4.99,
89675,SS1AUTO,3,0,3,151.97,,
89676,V8-MANL150,0,0,0,3.54,4.99,
89677,SS2AUTO,0,0,0,284.88,,
89678,SS3AUTO,3,0,3,416.95,,
89679,SS4AUTO,2,0,2,554.02,,
89708,V10R1-5,0,0,0,13.58,21.99,
89711,V10R3,0,0,0,14.15,22.99,
89712,V10R6,2,0,2,14.71,23.99,
89713,V10R10,0,0,0,15.69,24.99,
89714,V10R14,0,0,0,16.77,26.99,
89715,V10R17,0,0,0,18.15,28.99,
89716,V10R20,0,0,0,18.82,29.99,
89717,V10RY1,0,0,0,11.67,18.99,
89718,V10RY2,0,0,0,11.67,18.99,
89719,V10R174,0,0,0,31.47,49.99,
89720,V10R176,0,0,0,50.41,79.99,
89721,V10R3V,0,0,0,12.49,19.99,
89722,V10R9V,0,0,0,15.86,24.99,
89723,V10R20V,0,0,0,21.40,33.99,
89725,AS1562,99,28,71,18.98,,
89727,100-397-071-10,0,0,0,60.00,,
89729,"SWM-30 KIT",0,0,0,173.63,,
89740,10104,5,3,2,162.15,,
89742,30101,8,4,4,66.23,,
89743,30102,8,4,4,69.60,,
89746,41218,0,0,0,57.19,,
89747,41220,0,0,0,57.19,,
89748,41224,0,0,0,58.00,,
89750,41262,0,0,0,58.00,,
89752,20001,0,0,0,575.22,,
89757,SLC-11,5,3,2,289.86,373.15,
89759,ORI122421226,11,3,8,288.00,,355.30
89760,F38-6000-G,44,21,23,31.77,,
89761,F38-6000-R,36,14,22,31.77,,
89763,9108821279,2,0,2,2167.06,,
89764,9108844174,3,2,1,1902.35,,
89765,9108850337,2,1,1,2043.53,,
89766,9108732762,2,1,1,1841.18,,
89768,9108732759,4,2,2,1981.76,,
89769,9108732755,4,1,3,2105.88,,
89770,B4-I3SWM30,0,0,0,2778.00,,
89771,B4-I4SWM30,0,0,0,3511.33,,
89772,B4-I5SWM30,0,0,0,3978.00,,
89773,B4-I6SWM30,0,0,0,5044.67,,
89774,241287812,3,1,2,11.34,,
89785,010-12021-00,0,0,0,11.24,,
89786,9610001102,3,1,2,37.86,,
89787,9610001103,3,2,1,44.99,,
89788,9610001104,2,1,1,56.16,,
89790,9108549661,0,0,0,120.71,,
89791,9108732761,0,0,0,960.71,,
89792,9108732760,0,0,0,1066.25,,
89793,9108732758,0,0,0,1079.17,,
89794,9108549923,0,0,0,155.00,,
89795,9108750550,0,0,0,161.25,,
89796,9108549909,0,0,0,178.00,,
89797,9108549910,0,0,0,90.00,,
89798,9108549911,0,0,0,93.33,,
89799,9108549912,0,0,0,104.00,,
89800,9108549913,0,0,0,111.33,,
89801,1300715,8,5,3,46.63,,
89803,XRMAG15BNK,0,0,0,17.41,,
89804,XRMAG15BSRD,3,3,0,17.41,,
89805,XRMAG15BTO,1,1,0,17.41,,
89806,XRMAG15D,0,0,0,17.41,,
89808,XRMAG15GGH,2,2,0,17.41,,
89809,XRMAG15GGM,0,0,0,17.41,,
89810,XRMAG15HH,6,6,0,17.41,,
89811,XRMAG15HPU,6,6,0,17.41,,
89813,XRMAG15PM,6,6,0,17.41,,
89814,XRMAG15RH,2,2,0,17.41,,
89815,XRMAG15RHU,3,3,0,17.41,,
89816,XRMAG15S,0,0,0,17.41,,
89817,XRMAG15SBM,0,0,0,17.41,,
89818,XRMAG15SFU,0,0,0,17.41,,
89819,XRMAG15SPM,0,0,0,17.41,,
89820,XRMAG15WHU,0,0,0,17.41,,
89824,GP1600-19,0,0,0,341.81,,
89825,385880068,7,3,4,419.86,,
89826,BFGVLITH,0,0,0,153.49,,
89827,BFGHLITH,0,0,0,153.49,,
89828,BFGDUALCOMBO,0,0,0,190.50,,
89829,BFGDUALLITH,0,0,0,257.57,,
89830,XRMAG20BNK,0,0,0,18.68,,
89831,XRMAG20BSRD,0,0,0,18.68,,
89832,XRMAG20BTO,0,0,0,18.68,,
89833,XRMAG20D,3,3,0,18.68,,
89834,XRMAG20FT,0,0,0,18.68,,
89835,XRMAG20GGH,6,6,0,18.68,,
89836,XRMAG20GGM,0,0,0,18.68,,
89837,XRMAG20HH,7,7,0,18.68,,
89838,XRMAG20HPU,3,3,0,18.68,,
89840,XRMAG20LLU,0,0,0,18.68,,
89841,XRMAG20PM,0,0,0,18.68,,
89842,XRMAG20RH,0,0,0,18.68,,
89843,XRMAG20RHU,0,0,0,18.68,,
89844,XRMAG20S,2,2,0,18.68,,
89845,XRMAG20SBM,0,0,0,18.68,,
89846,XRMAG20SFU,0,0,0,18.68,,
89847,XRMAG20SPM,0,0,0,18.68,,
89848,XRMAG20WHU,0,0,0,18.68,,
89849,XRMAG20YFT,0,0,0,18.68,,
89851,XRMAG30BNK,0,0,0,20.74,,
89852,XRMAG30BSRD,0,0,0,20.74,,
89853,XRMAG30BTO,1,1,0,20.74,,
89854,XRMAG30D,0,0,0,20.74,,
89855,XRMAG30FT,0,0,0,20.74,,
89856,XRMAG30GGH,0,0,0,20.74,,
89857,XRMAG30GGM,0,0,0,20.74,,
89858,XRMAG30HH,6,6,0,20.74,,
89859,XRMAG30HPU,1,1,0,20.74,,
89861,XRMAG30LLU,0,0,0,20.74,,
89862,XRMAG30PM,5,5,0,20.74,,
89863,XRMAG30RH,0,0,0,20.74,,
89864,XRMAG30RHU,3,3,0,20.74,,
89865,XRMAG30S,0,0,0,20.74,,
89866,XRMAG30SBM,3,3,0,20.74,,
89867,XRMAG30SFC,0,0,0,20.74,,
89868,XRMAG30SFU,0,0,0,20.74,,
89869,XRMAG30SPM,0,0,0,20.74,,
89870,XRMAG30WHU,0,0,0,20.74,,
89871,XRMAG30YFT,2,2,0,20.74,,
89873,2000032007,6,5,1,41.64,53.99,
89874,2000023362,0,0,0,121.05,,
89877,P13157-200TEBCL,3,2,1,255.57,,
89878,P13157-200TEBBK,4,2,2,255.57,,
89879,P13157-200TEBGR,3,1,2,255.57,,
89881,50061,2,2,0,264.99,,
89882,59002,0,0,0,61.11,,
89904,0140-0030,1,1,0,10.99,,
89911,TPA369,3,0,3,146.78,,
89912,P102996,0,0,0,271.11,,
89915,DFW4X-4,0,0,0,56.57,,
89922,BPP920140100,5,2,3,79.92,,98.60
89923,"A-5 BLACK",1,0,1,203.36,,
89924,10-758,0,0,0,57.79,,
89933,UC128TS-1,0,0,0,641.49,,
89939,"COMPACT I21-230",1,0,1,4096.22,,
89940,411720-1,0,0,0,364.09,,
89941,411730-1,0,0,0,437.82,,
89942,411740-1,1,1,0,520.42,,
89947,740206-1,3,3,0,204.55,,
89948,740202-1,3,3,0,318.20,,
89949,770032-1,0,0,0,113.64,,
89950,770033-1,0,0,0,227.28,,
89951,740204-1,9,9,0,330.00,,
89952,740205-1,6,6,0,320.00,,
89956,FNTCD2022000A00,0,0,0,267.05,,
89957,96634,23,16,7,10.15,13.59,
89964,550105,0,0,0,171.28,,
89968,5289,12,6,6,19.90,,
89986,"PWR 12V",5,3,2,2487.18,,
89987,"PWR 24V",5,2,3,2497.44,,
89988,"G-3A 12V",0,0,0,695.00,,
89989,"G-3A 24V",0,0,0,706.11,,
89990,"G-6A 12V",0,0,0,757.78,,
89991,"G-6A 24V",0,0,0,768.89,,
89992,"G-4A 12V",0,0,0,723.89,,
89993,"G-4A 24V",0,0,0,735.00,,
89997,010-12507-01,38,23,15,14.99,,
89998,010-12504-01,0,0,0,18.75,,
90000,010-12676-05,0,0,0,164.99,,
90001,010-12676-40,49,49,0,37.49,,
90002,010-12531-10,55,45,10,26.24,,
90015,"EFC-03 BLUE",0,0,0,42.09,,
90022,D180101,0,0,0,69.93,,
90023,M11032,0,0,0,39.67,,
90024,D10701,18,9,9,18.50,,
90025,M20508,28,19,9,10.53,,
90026,1831061,1,0,1,90.99,,
90027,1831101,4,2,2,110.49,,
90028,101692,16,4,12,89.05,,141.69
90029,1832121,1,1,0,149.49,,
90030,101693,13,5,8,95.42,,155.49
90031,1832201,5,2,3,214.49,,
90034,1833181,2,2,0,207.99,,
90035,1833301,8,4,4,272.99,,
90037,1834401,5,1,4,363.99,,
90039,1835500,4,0,4,524.99,,
90046,131200,3,3,0,8.47,,
90047,171200,1,1,0,13.43,,
90049,8120,5,3,2,417.51,,
90050,010-12390-45,0,0,0,89.99,,
90051,010-12390-46,0,0,0,89.99,,
90057,CANVT,0,0,0,47.89,,
90058,BP125G75,0,0,0,118.03,141.62,
90062,SCC115110411,7,4,3,439.58,,542.30
90067,CMD6-MD-BR,12,4,8,112.50,,
90069,CMD6-MB-BR,3,2,1,112.50,,
90071,CMD6-MD-R,18,11,7,112.50,,
90073,CMD6-MB-R,34,12,22,112.50,,
90074,0590DPWCHR,8,5,3,80.00,,
90079,01-0419-01,0,0,0,1224.02,,
90080,411660-1,3,0,3,303.58,,
90081,411680-1,1,1,0,433.68,,
90082,411670-1,5,3,2,346.95,,
90084,411610-1,9,4,5,576.32,,
90087,411640-1CHO,2,2,0,664.47,,749.99
90088,411640-1,5,1,4,708.77,,799.99
90098,GP1920-00,0,0,0,378.17,,
90099,648-330,0,0,0,128.02,,
90100,33-476-01,0,0,0,71.40,90.00,
90102,RF4056,7,4,3,114.12,174.62,
90103,A2C59512458,8,3,5,41.30,76.50,
90104,A2C59514117,0,0,0,41.30,76.50,
90106,649-089,0,0,0,128.02,,
90107,650-330,0,0,0,128.02,,
90108,651-330,0,0,0,128.02,,
90109,647-600,0,0,0,66.55,,
90110,647-700,0,0,0,66.55,,
90111,647-792,0,0,0,66.55,,
90112,740200-1,5,2,3,49.24,,
90113,740199-1,6,6,0,45.45,,
90114,780044-1,3,3,0,35.71,,
90115,010-12964-00,0,0,0,29.24,,
90116,010-12964-01,7,7,0,16.24,,
90117,010-12964-10,5,5,0,12.99,,
90118,010-12964-11,0,0,0,12.99,,
90119,010-12964-02,1,0,1,16.24,,
90120,010-13097-00,5,3,2,12.99,,
90121,010-12814-01,0,0,0,16.24,,
90122,MMC-12F,1,1,0,107.35,135.00,
90123,010-13192-10,0,0,0,19.49,,
90124,010-13192-20,0,0,0,32.49,,
90125,010-13192-00,0,0,0,16.24,,
90127,164000BR,0,0,0,36.54,,
90143,LYN034160200,11,5,6,735.16,,906.95
90146,SPR-1U-AM,0,0,0,203.82,,
90147,SPR-1U-RM,0,0,0,140.29,,
90148,USB-PM2,5,5,0,12.99,,
90150,BPC120531104R,18,4,14,70.35,,89.25
90153,QUA248020010,5,2,3,2563.08,,3162.00
90154,104400-200-001-22,0,0,0,17.15,,
90161,016145-001,8,4,4,134.68,,
90162,016145-011,6,2,4,134.68,,
90163,016146-001,7,5,2,175.80,,
90164,016146-011,3,0,3,175.80,,
90165,016147-001,8,2,6,185.72,,
90166,016147-101,7,3,4,267.95,,
90167,016148-001,17,12,5,224.00,,
90168,016148-101,6,3,3,311.90,,
90173,A2K-4WT,41,26,15,110.74,,
90181,40158,3,2,1,19.87,,
90182,"PROTECH 3.1",0,0,0,1085.16,,
90187,001-546-670-00,0,0,0,71.82,,
90196,60-120-J10,0,0,0,635.40,,
90213,PLABS370,7,7,0,7.80,,
90214,PLABS360,1,1,0,5.40,,
90217,PLABK360,0,0,0,112.49,,
90219,PLABK136,13,4,9,18.48,,
90220,PLABK135,0,0,0,12.07,,
90221,PLABE900,2,2,0,208.79,,
90222,PLASE801,0,0,0,47.54,,
90223,PLASE501,2,2,0,34.38,,
90224,PLASE341,6,6,0,27.36,,
90225,PLASE342,7,7,0,27.36,,
90226,PLASE601,2,2,0,30.41,,
90227,PLAM1071B,0,0,0,24.74,,
90230,PLAS7411,1,1,0,13.85,,
90233,1712500,1,1,0,51.56,,
90234,"A-0 RED W/BAR CODE",14,14,0,30.11,,
90255,645-330,0,0,0,35.53,,
90256,643-330,0,0,0,35.53,,
90257,648-300,0,0,0,128.02,,
90258,649-081,0,0,0,128.02,,
90259,650-300,0,0,0,128.02,,
90260,651-300,0,0,0,128.02,,
90261,647-599,0,0,0,66.55,,
90262,647-989,0,0,0,66.55,,
90263,647-699,0,0,0,66.55,,
90264,647-791,1,1,0,50.00,,
90265,645-300,0,0,0,35.53,,
90266,646-689,0,0,0,35.53,,
90267,643-300,0,0,0,35.53,,
90268,648-080,0,0,0,128.02,,
90269,649-080,0,0,0,128.02,,
90270,650-180,0,0,0,128.02,,
90271,651-080,0,0,0,128.02,,
90272,647-580,0,0,0,66.55,,
90273,647-980,0,0,0,66.55,,
90274,647-680,0,0,0,66.55,,
90275,647-780,0,0,0,55.68,,
90276,645-180,0,0,0,35.53,,
90277,646-680,0,0,0,35.53,,
90278,644-180,0,0,0,35.53,,
90279,643-180,0,0,0,35.53,,
90280,648-060,0,0,0,128.02,,
90281,649-060,0,0,0,128.02,,
90282,650-160,0,0,0,128.02,,
90283,651-060,0,0,0,128.02,,
90284,647-960,0,0,0,66.55,,
90285,647-660,1,1,0,49.50,,
90286,647-760,1,1,0,49.50,,
90287,645-160,1,1,0,35.53,,
90288,646-660,1,1,0,35.53,,
90289,644-160,1,1,0,35.53,,
90290,643-160,1,1,0,35.53,,
90291,648-050,0,0,0,128.02,,
90292,649-050,0,0,0,128.02,,
90293,650-150,0,0,0,131.17,,
90294,651-050,0,0,0,128.02,,
90295,647-550,0,0,0,66.55,,
90296,647-950,0,0,0,66.55,,
90297,647-650,0,0,0,66.55,,
90298,647-750,0,0,0,69.90,,
90299,645-150,0,0,0,35.53,,
90300,646-650,0,0,0,35.53,,
90301,644-150,0,0,0,35.53,,
90302,643-150,0,0,0,35.53,,
90303,635-150,0,0,0,8.86,,
90304,638-150,0,0,0,8.86,,
90305,636-150,0,0,0,8.86,,
90306,648-040,0,0,0,128.02,,
90307,649-040,0,0,0,128.02,,
90308,650-140,0,0,0,128.02,,
90309,651-040,0,0,0,128.02,,
90310,647-540,0,0,0,66.55,,
90311,647-940,1,1,0,55.92,,
90312,647-640,0,0,0,66.55,,
90313,647-740,0,0,0,66.55,,
90314,645-140,0,0,0,35.53,,
90315,646-640,0,0,0,35.53,,
90316,644-140,0,0,0,35.53,,
90317,643-140,0,0,0,35.53,,
90318,635-140,0,0,0,8.86,,
90319,634-140,0,0,0,8.86,,
90320,638-140,0,0,0,8.86,,
90321,636-140,0,0,0,8.86,,
90322,648-030,0,0,0,128.02,,
90323,649-030,0,0,0,128.02,,
90324,650-130,0,0,0,128.02,,
90325,651-030,0,0,0,128.02,,
90326,647-530,1,1,0,49.50,,
90327,647-930,0,0,0,66.55,,
90328,647-630,0,0,0,66.55,,
90329,647-730,0,0,0,66.55,,
90330,645-130,0,0,0,35.53,,
90331,646-630,0,0,0,35.53,,
90332,644-130,0,0,0,35.53,,
90333,643-130,0,0,0,35.53,,
90334,635-130,0,0,0,8.86,,
90335,634-130,6,6,0,8.86,,
90336,638-130,0,0,0,8.86,,
90337,636-130,0,0,0,8.86,,
90338,648-025,0,0,0,128.02,,
90339,649-025,0,0,0,128.02,,
90340,650-125,0,0,0,128.02,,
90341,651-025,0,0,0,128.02,,
90342,647-525,0,0,0,69.90,,
90343,647-925,0,0,0,68.18,,
90344,647-625,0,0,0,66.55,,
90345,647-725,0,0,0,66.55,,
90346,645-125,0,0,0,35.53,,
90347,646-625,0,0,0,35.53,,
90348,644-125,0,0,0,35.53,,
90349,643-125,0,0,0,35.53,,
90350,635-125,0,0,0,8.86,,
90351,634-125,0,0,0,8.86,,
90352,638-125,0,0,0,8.86,,
90353,636-125,0,0,0,8.86,,
90354,11602100,5,5,0,94.16,,
90355,11800000,2,2,0,59.74,,
90356,11800100,8,4,4,59.74,,
90357,11800500,7,4,3,59.74,,
90358,11800510,4,2,2,62.28,,
90359,648-020,0,0,0,128.02,,
90360,649-020,0,0,0,128.02,,
90361,650-120,0,0,0,128.02,,
90362,651-020,0,0,0,128.02,,
90363,647-520,2,2,0,50.00,,
90364,647-920,1,1,0,50.00,,
90365,647-620,0,0,0,66.55,,
90366,647-720,0,0,0,66.55,,
90367,645-120,0,0,0,35.53,,
90368,646-620,0,0,0,35.53,,
90369,644-120,0,0,0,35.53,,
90370,643-120,0,0,0,35.53,,
90371,635-120,0,0,0,8.86,,
90372,634-120,0,0,0,8.86,,
90373,638-120,0,0,0,8.86,,
90374,636-120,0,0,0,8.86,,
90375,647-515,0,0,0,66.55,,
90376,647-615,0,0,0,66.55,,
90377,647-715,0,0,0,66.55,,
90378,645-115,0,0,0,35.53,,
90379,644-115,0,0,0,35.53,,
90380,643-115,0,0,0,35.53,,
90381,635-115,0,0,0,8.86,,
90382,634-115,0,0,0,8.86,,
90383,638-115,0,0,0,8.86,,
90384,636-115,0,0,0,8.86,,
90385,645-112,0,0,0,35.53,,
90386,644-112,0,0,0,35.53,,
90387,643-112,0,0,0,35.53,,
90388,635-112,0,0,0,8.86,,
90389,634-112,0,0,0,8.86,,
90390,638-112,0,0,0,8.86,,
90391,636-112,2,2,0,8.86,,
90392,645-110,0,0,0,35.53,,
90393,643-110,0,0,0,35.53,,
90394,635-110,0,0,0,8.86,,
90395,634-110,0,0,0,8.86,,
90396,638-110,0,0,0,8.86,,
90397,636-110,2,2,0,8.86,,
90398,635-108,0,0,0,8.86,,
90399,638-108,0,0,0,8.86,,
90400,636-108,3,3,0,8.86,,
90401,635-106,0,0,0,8.86,,
90402,638-106,0,0,0,8.86,,
90403,636-106,2,2,0,8.86,,
90404,7765,15,13,2,153.58,,
90405,010-12236-06,0,0,0,67.49,,
90416,604-120,2,2,0,9.83,,
90417,604-120G,0,0,0,9.83,,
90422,604-117,1,1,0,9.83,,
90423,604-117G,0,0,0,8.23,,
90425,604-1014,0,0,0,22.60,,
90426,604-1014G,0,0,0,22.60,,
90428,604-114,1,1,0,9.83,,
90429,604-114G,0,0,0,9.83,,
90431,604-1012,0,0,0,22.60,,
90432,604-1012G,0,0,0,22.60,,
90434,604-112,1,1,0,9.17,,
90435,604-112G,0,0,0,9.17,,
90437,604-1010,0,0,0,19.47,,
90438,604-1010G,0,0,0,19.47,,
90440,604-110,0,0,0,9.17,,
90441,604-110G,0,0,0,7.68,,
90443,604-1008,0,0,0,16.29,,
90444,604-1008G,0,0,0,19.47,,
90446,604-108,0,0,0,9.17,,
90447,604-108G,0,0,0,9.17,,
90461,010-12548-02,0,0,0,22.49,,
90462,SCC115070411,2,2,0,352.77,,435.20
90464,LLB-70SL-02-00,0,0,0,6.92,,
90533,RC91942,0,0,0,55.64,,
90535,BBTH0927001,0,0,0,30.00,,
90536,L10-2005BSA-1,0,0,0,1163.36,,
90537,15STA,2,2,0,469.59,620.95,
90538,20STC,4,2,2,604.06,798.95,
90539,20STA,8,4,4,522.53,690.95,
90596,4000F-10,0,0,0,90.86,,
90597,4001F-10,0,0,0,97.08,,
90598,4002F-10,0,0,0,106.61,,
90599,4003F-10,0,0,0,113.45,,
90600,4004F-10,0,0,0,123.76,,
90601,4005F-10,0,0,0,137.34,,
90603,4010F-10,0,0,0,59.04,,
90604,4012F-10,0,0,0,67.09,,
90605,4012XF-10,0,0,0,73.78,,
90606,4013F-10,0,0,0,73.78,,
90607,4013XF-10,0,0,0,84.49,,
90608,4014F-10,0,0,0,75.10,,
90609,4014XF-10,0,0,0,87.15,,
90610,5010F-10,0,0,0,89.20,,
90611,5012F-10,0,0,0,107.39,,
90612,5013F-10,0,0,0,120.91,,
90613,5014F-10,0,0,0,136.74,,
90614,6000-04S-11,0,0,0,26.63,,
90615,6000-06S-11,1,0,1,27.66,,
90616,6000-08S-11,1,0,1,28.68,,
90617,6000-10S-11,2,0,2,36.90,,
90621,6010-08S-11,1,0,1,28.68,,
90624,6010-10S-11,1,1,0,29.74,,
90625,6010-12S-11,0,0,0,30.76,,
90714,660-006CC,5,5,0,12.80,,
90715,660-006G,3,3,0,12.80,,
90716,660-006GH,5,5,0,12.80,,
90717,660-006L,0,0,0,12.80,,
90718,660-006Y,0,0,0,12.80,,
90720,660-106CC,0,0,0,24.02,,
90721,660-106G,3,3,0,24.02,,
90722,660-106GH,0,0,0,24.02,,
90723,660-106L,0,0,0,24.02,,
90724,660-106Y,0,0,0,24.02,,
90726,660-206CC,0,0,0,44.87,,
90727,660-206G,2,2,0,44.87,,
90728,660-206GH,0,0,0,44.87,,
90729,660-206L,0,0,0,44.87,,
90730,660-206Y,0,0,0,44.87,,
90732,660-306CC,0,0,0,85.63,,
90733,660-306G,0,0,0,85.63,,
90734,660-306GH,0,0,0,85.63,,
90735,660-306L,0,0,0,85.63,,
90736,660-306Y,0,0,0,85.63,,
90738,660-406CC,0,0,0,234.96,,
90739,660-406G,0,0,0,234.96,,
90740,660-406GH,0,0,0,234.96,,
90741,660-406L,0,0,0,234.96,,
90742,660-406Y,0,0,0,234.96,,
90744,660-008CC,8,8,0,12.80,,
90745,660-008G,0,0,0,12.80,,
90746,660-008GH,5,5,0,12.80,,
90747,660-008L,0,0,0,12.80,,
90748,660-008Y,0,0,0,12.80,,
90750,660-108CC,0,0,0,24.02,,
90751,660-108G,0,0,0,24.02,,
90752,660-108GH,0,0,0,24.02,,
90753,660-108L,0,0,0,24.02,,
90754,660-108Y,0,0,0,24.02,,
90756,660-010CC,5,5,0,12.80,,
90757,660-010G,7,7,0,12.80,,
90758,660-010GH,0,0,0,12.80,,
90759,660-010L,0,0,0,12.80,,
90760,660-010Y,0,0,0,12.80,,
90762,660-110CC,1,1,0,24.02,,
90763,660-110G,4,4,0,24.02,,
90764,660-110GH,0,0,0,24.02,,
90765,660-110L,0,0,0,24.02,,
90766,660-110Y,3,3,0,24.02,,
90768,660-210CC,3,3,0,44.87,,
90769,660-210G,0,0,0,44.87,,
90770,660-210GH,1,1,0,44.87,,
90771,660-210L,0,0,0,44.87,,
90772,660-210Y,0,0,0,44.87,,
90774,660-310CC,0,0,0,85.63,,
90775,660-310G,0,0,0,85.63,,
90776,660-310GH,0,0,0,85.63,,
90777,660-310L,0,0,0,85.63,,
90778,660-310Y,0,0,0,85.63,,
90780,660-410CC,0,0,0,234.96,,
90781,660-410G,0,0,0,234.96,,
90782,660-410GH,0,0,0,234.96,,
90783,660-410L,0,0,0,234.96,,
90784,660-410Y,0,0,0,234.96,,
90786,660-015CC,0,0,0,12.80,,
90787,660-015G,0,0,0,12.80,,
90788,660-015GH,0,0,0,12.80,,
90789,660-015L,0,0,0,12.80,,
90790,660-015Y,0,0,0,12.80,,
90792,660-115CC,0,0,0,24.02,,
90793,660-115G,8,8,0,24.02,,
90794,660-115GH,0,0,0,24.02,,
90795,660-115L,0,0,0,24.02,,
90796,660-115Y,0,0,0,24.02,,
90798,660-215CC,0,0,0,44.87,,
90799,660-215G,7,7,0,44.87,,
90800,660-215GH,0,0,0,44.87,,
90801,660-215L,0,0,0,44.87,,
90802,660-215Y,0,0,0,44.87,,
90804,660-315CC,0,0,0,85.63,,
90805,660-315G,0,0,0,85.63,,
90806,660-315GH,0,0,0,85.63,,
90807,660-315L,1,1,0,85.63,,
90808,660-315Y,0,0,0,85.63,,
90810,660-415CC,1,1,0,234.96,,
90811,660-415G,0,0,0,234.96,,
90812,660-415GH,0,0,0,234.96,,
90813,660-415L,0,0,0,234.96,,
90814,660-415Y,0,0,0,234.96,,
90816,660-020CC,0,0,0,12.80,,
90817,660-020G,6,6,0,12.80,,
90818,660-020GH,0,0,0,12.80,,
90819,660-020L,0,0,0,12.80,,
90820,660-020Y,1,1,0,12.80,,
90822,660-120CC,19,19,0,24.02,,
90823,660-120G,13,13,0,24.02,,
90824,660-120GH,3,3,0,24.02,,
90825,660-120L,0,0,0,24.02,,
90826,660-120Y,11,11,0,24.02,,
90828,660-220CC,5,5,0,44.87,,
90829,660-220G,8,8,0,44.87,,
90830,660-220GH,0,0,0,44.87,,
90831,660-220L,0,0,0,44.87,,
90832,660-220Y,0,0,0,44.87,,
90834,660-320CC,0,0,0,85.63,,
90835,660-320G,0,0,0,85.63,,
90836,660-320GH,0,0,0,85.63,,
90837,660-320L,0,0,0,85.63,,
90838,660-320Y,0,0,0,85.63,,
90840,660-420CC,0,0,0,234.96,,
90841,660-420G,0,0,0,234.96,,
90842,660-420GH,0,0,0,234.96,,
90843,660-420L,0,0,0,234.96,,
90844,660-420Y,0,0,0,234.96,,
90846,660-030CC,13,13,0,12.80,,
90847,660-030G,5,5,0,12.80,,
90848,660-030GH,6,6,0,12.80,,
90849,660-030L,1,1,0,12.80,,
90850,660-030Y,0,0,0,12.80,,
90852,660-130CC,0,0,0,24.02,,
90853,660-130G,6,6,0,24.02,,
90854,660-130GH,0,0,0,24.02,,
90855,660-130L,0,0,0,24.02,,
90856,660-130Y,0,0,0,24.02,,
90858,660-230CC,7,7,0,44.87,,
90859,660-230G,7,7,0,44.87,,
90860,660-230GH,0,0,0,44.87,,
90861,660-230L,0,0,0,44.87,,
90862,660-230Y,0,0,0,44.87,,
90864,660-330CC,0,0,0,85.63,,
90865,660-330G,1,1,0,85.63,,
90866,660-330GH,1,1,0,85.63,,
90867,660-330L,0,0,0,85.63,,
90868,660-330Y,0,0,0,85.63,,
90870,660-430CC,1,1,0,234.96,,
90871,660-430G,0,0,0,234.96,,
90872,660-430GH,1,1,0,234.96,,
90873,660-430L,0,0,0,234.96,,
90874,660-430Y,0,0,0,234.96,,
90875,6012F-10,0,0,0,74.45,,
90876,6013F-10,0,0,0,78.86,,
90877,6014F-10,0,0,0,116.65,,
90878,6015F-10,0,0,0,120.65,,
90879,6016F-10,0,0,0,130.06,,
90880,6017F-10,0,0,0,138.08,,
90881,6018F-10,0,0,0,148.80,,
90882,61060F-10,0,0,0,21.70,,
90883,61061F-10,2,2,0,43.85,,
90884,70000F-10,0,0,0,13.38,,
90885,70000S-11,0,0,0,15.03,,
90886,70001F-10,0,0,0,19.61,,
90887,70001S-11,0,0,0,22.01,,
90889,70002F-10,0,0,0,23.66,,
90890,70002S-11,1,1,0,26.55,,
90891,70003F-10,0,0,0,25.70,,
90892,70003S-11,0,0,0,28.85,,
90893,70005F-10,0,0,0,27.79,,
90894,70005S-11,0,0,0,31.18,,
90895,70006F-10,0,0,0,41.56,,
90896,70006S-11,0,0,0,46.65,,
90897,70009F-10,0,0,0,20.71,,
90898,70009S-11,0,0,0,23.23,,
90899,RCLR,3,3,0,18.12,,
90900,RDS100,6,6,0,49.52,,
90901,70017S-11,0,0,0,237.84,,
90902,RESS7,3,3,0,37.57,,
90904,70018S-11,0,0,0,253.01,,
90905,RPRTC,2,2,0,37.89,,
90906,RPTC,4,4,0,19.40,,
90907,70019S-11,0,0,0,269.30,,
90908,RTC-1,0,0,0,35.58,,
90910,70020S-11,0,0,0,295.41,,
90911,RTC-6P136C,0,0,0,23.99,,
90912,70021S-11,0,0,0,307.35,,
90913,RTC-6PCHS,0,0,0,20.18,,
90914,70022S-11,0,0,0,324.70,,
90915,RTC-6PFSC,0,0,0,34.71,,
90916,70024S-11,0,0,0,357.31,,
90917,RTC-6SPLS,0,0,0,14.80,,
90918,70025S-11,0,0,0,375.76,,
90919,RTDS-15,13,13,0,54.93,,
90920,70112F-10,0,0,0,114.30,,
90921,70113F-10,0,0,0,117.63,,
90922,70114F-10,0,0,0,118.48,,
90923,70115F-10,0,0,0,124.34,,
90924,70117F-10,0,0,0,150.25,,
90925,70122F-10,0,0,0,114.30,,
90926,70124F-10,0,0,0,118.48,,
90927,70125F-10,0,0,0,124.34,,
90928,70126F-10,0,0,0,128.33,,
90929,7014F-10,0,0,0,142.11,,
90930,7015F-10,0,0,0,151.49,,
90931,7016F-10,0,0,0,162.20,,
90932,71016S-11,0,0,0,218.23,,
90933,71017S-11,0,0,0,222.58,,
90934,71018S-11,0,0,0,242.18,,
90935,679-1004C,0,0,0,76.92,,
90936,679-004C,8,8,0,19.22,,
90937,679-1006C,0,0,0,76.92,,
90938,679-006C,0,0,0,19.22,,
90939,679-1008C,0,0,0,76.92,,
90940,71019S-11,0,0,0,259.55,,
90941,679-008C,1,1,0,19.22,,
90942,679-1010C,0,0,0,76.92,,
90943,679-010C,1,1,0,19.22,,
90944,679-1012C,0,0,0,76.92,,
90945,679-012C,0,0,0,19.22,,
90946,679-1014C,0,0,0,88.46,,
90947,679-014C,1,1,0,21.52,,
90948,679-1017C,1,1,0,111.54,,
90949,679-017C,1,1,0,26.91,,
90950,71020S-11,0,0,0,282.35,,
90951,679-1020C,0,0,0,123.07,,
90952,679-020C,0,0,0,30.77,,
90953,679-1025C,0,0,0,138.47,,
90954,OCTAFG3012,0,0,0,822.72,,
90955,OCTAFG3024,0,0,0,822.72,,
90956,71021S-11,0,0,0,297.51,,
90957,679-025C,0,0,0,34.60,,
90958,679-1030C,1,1,0,153.84,,
90959,71023S-11,0,0,0,347.50,,
90960,679-030C,0,0,0,38.44,,
90961,FL10012,1,1,0,11.14,,
90962,FL10018,0,0,0,11.14,,
90963,FL15012,8,8,0,11.39,,
90964,71112F-10,0,0,0,114.30,,
90965,FL15018,0,0,0,11.39,,
90966,FL8012,0,0,0,11.14,,
90967,FL8018,2,2,0,11.14,,
90968,71113F-10,0,0,0,117.63,,
90969,71114F-10,0,0,0,118.48,,
90970,71115F-10,0,0,0,124.34,,
90971,71116EXF-10,0,0,0,159.44,,
90972,71116F-10,0,0,0,137.71,,
90973,71117F-10,0,0,0,150.25,,
90974,TLM506,72,72,0,8.19,,
90975,TLM5012,29,29,0,11.77,,
90977,TLM7512,2,2,0,14.63,,
90979,TLS156,36,36,0,8.08,,
90980,TLS1512,0,0,0,10.95,,
90981,TLS306,47,47,0,7.46,,
90982,TLS3012,28,28,0,10.95,,
90983,BGC8BD,0,0,0,12.91,,
90994,71118S-11,0,0,0,198.53,,
90995,71119EXS-11,0,0,0,261.45,,
90996,71121EXS-11,0,0,0,303.94,,
90997,71122EXS-11,0,0,0,309.18,,
90998,71123EXS-11,0,0,0,315.14,,
90999,71124EXS-11,0,0,0,319.65,,
91000,71216F-10,0,0,0,222.98,,
91001,71217F-10,0,0,0,233.94,,
91002,71218NF-10,0,0,0,217.80,,
91003,71218F-10,0,0,0,237.95,,
91004,71219NS-11,0,0,0,284.01,,
91005,71219S-11,0,0,0,310.19,,
91006,71220NS-11,0,0,0,301.50,,
91007,71220S-11,0,0,0,327.71,,
91009,71221NS-11,0,0,0,318.81,,
91010,71221S-11,0,0,0,345.01,,
91011,71222NS-11,0,0,0,337.70,,
91012,71222S-11,0,0,0,363.91,,
91013,71223NS-11,1,1,0,299.99,,
91014,71223S-11,0,0,0,381.36,,
91015,71224NS-11,0,0,0,375.56,,
91016,71224S-11,0,0,0,401.76,,
91017,71418XS-11,0,0,0,290.46,,
91018,71419XS-11,0,0,0,303.94,,
91020,71420XS-11,0,0,0,317.41,,
91022,71421XS-11,0,0,0,329.45,,
91023,71513S-11,0,0,0,197.86,,
91024,71515S-11,0,0,0,212.31,,
91025,72215F-10,0,0,0,215.86,,
91026,72216F-10,0,0,0,220.49,,
91027,72217NF-10,0,0,0,230.83,,
91028,72217F-10,0,0,0,225.26,,
91029,72218NF-10,0,0,0,235.80,,
91030,72218F-10,0,0,0,229.95,,
91031,72316F-10,0,0,0,233.19,,
91032,72317F-10,0,0,0,238.28,,
91033,72318F-10,0,0,0,240.14,,
91034,010-12390-43,0,0,0,26.24,,
91035,010-11425-13,0,0,0,33.75,,
91036,72319S-11,0,0,0,306.31,,
91037,72320S-11,0,0,0,326.10,,
91038,72321S-11,0,0,0,356.84,,
91039,72418F-10,0,0,0,240.14,,
91040,74016F-10,0,0,0,146.90,,
91041,74017F-10,0,0,0,155.28,,
91042,74018F-10,0,0,0,166.14,,
91057,74099S-11,0,0,0,201.95,,
91061,74100S-11,0,0,0,205.23,,
91063,74101S-11,0,0,0,217.16,,
91064,74102S-11,0,0,0,238.90,,
91065,74103S-11,0,0,0,260.59,,
91066,74118F-10,0,0,0,166.14,,
91067,74119F-10,0,0,0,183.73,,
91068,74120F-10,0,0,0,192.93,,
91069,74121S-11,0,0,0,246.48,,
91070,74200F-10,0,0,0,119.43,,
91071,74201EXF-10,0,0,0,134.33,,
91072,74201F-10,0,0,0,120.18,,
91073,74202F-10,0,0,0,129.38,,
91074,74203F-10,0,0,0,140.24,,
91075,74204F-10,0,0,0,146.90,,
91076,74205F-10,0,0,0,148.59,,
91077,74300F-10,0,0,0,134.45,,
91078,74303F-10,0,0,0,115.04,,
91079,74305F-10,0,0,0,142.24,,
91080,74321S-11,0,0,0,255.19,,
91081,74324S-11,0,0,0,287.80,,
91082,74325S-11,0,0,0,300.80,,
91083,74326S-11,0,0,0,313.84,,
91084,74327S-11,0,0,0,331.25,,
91085,74328S-11,0,0,0,348.61,,
91086,74329S-11,0,0,0,365.94,,
91087,74421S-11,0,0,0,252.78,,
91088,74519S-11,0,0,0,452.48,,
91089,74520S-11,0,0,0,465.85,,
91090,74521S-11,0,0,0,483.46,,
91091,74522S-11,0,0,0,500.60,,
91092,74523S-11,0,0,0,508.59,,
91093,75119S-11,0,0,0,251.96,,
91094,75121S-11,0,0,0,288.85,,
91095,75122S-11,0,0,0,308.43,,
91098,77014S-11,0,0,0,159.60,,
91099,77015S-11,0,0,0,178.08,,
91100,77016S-11,0,0,0,195.48,,
91101,77017S-11,0,0,0,208.49,,
91102,77018S-11,0,0,0,223.70,,
91103,77019S-11,0,0,0,234.56,,
91104,77020S-11,0,0,0,274.76,,
91105,77021S-11,0,0,0,298.68,,
91106,77022S-11,0,0,0,313.84,,
91107,77024S-11,0,0,0,342.09,,
91108,77116S-11,0,0,0,195.48,,
91109,77117S-11,0,0,0,208.49,,
91110,77118S-11,0,0,0,219.25,,
91111,77119S-11,0,0,0,229.90,,
91112,77120S-11,0,0,0,274.76,,
91113,77121S-11,0,0,0,298.68,,
91114,77122S-11,0,0,0,313.84,,
91115,77123S-11,0,0,0,327.95,,
91116,77124S-11,0,0,0,342.09,,
91117,77125S-11,0,0,0,360.53,,
91118,77216S-11,0,0,0,199.80,,
91119,77217S-11,0,0,0,211.73,,
91120,77218S-11,0,0,0,225.85,,
91121,77219S-11,0,0,0,244.33,,
91122,77220S-11,0,0,0,255.19,,
91123,77221S-11,0,0,0,262.80,,
91124,77316F-10,0,0,0,160.29,,
91125,77317F-10,0,0,0,171.14,,
91126,77318F-10,0,0,0,187.06,,
91127,77319F-10,0,0,0,196.25,,
91128,77320F-10,0,0,0,204.60,,
91129,77516S-11,0,0,0,329.04,,
91130,77518S-11,0,0,0,357.31,,
91131,77519S-11,0,0,0,363.63,,
91132,77520S-11,0,0,0,371.41,,
91133,77521S-11,0,0,0,387.73,,
91134,77522S-11,0,0,0,398.58,,
91135,77523S-11,0,0,0,413.78,,
91136,77524S-11,0,0,0,419.19,,
91137,77616S-11,0,0,0,312.61,,
91138,77618S-11,0,0,0,357.31,,
91139,77620S-11,0,0,0,371.41,,
91140,77622S-11,0,0,0,398.58,,
91141,77623S-11,0,0,0,413.78,,
91142,77624S-11,0,0,0,419.19,,
91143,77626S-11,0,0,0,447.45,,
91144,77718S-11,0,0,0,238.90,,
91145,77719S-11,0,0,0,262.78,,
91146,77720S-11,0,0,0,306.25,,
91147,77721S-11,0,0,0,329.04,,
91149,77722S-11,0,0,0,347.50,,
91150,77723S-11,0,0,0,361.63,,
91151,77724S-11,0,0,0,383.35,,
91152,77814F-10,0,0,0,132.68,,
91153,77815F-10,0,0,0,141.06,,
91154,77816EF-10,0,0,0,153.28,,
91155,77816F-10,0,0,0,146.90,,
91156,77817EF-10,0,0,0,159.24,,
91157,77817F-10,0,0,0,154.40,,
91158,77818EF-10,0,0,0,182.54,,
91159,77818F-10,0,0,0,166.44,,
91160,77819EF-10,0,0,0,190.05,,
91161,77918F-10,0,0,0,195.78,,
91162,77919F-10,0,0,0,214.56,,
91163,79015F-10,0,0,0,245.60,,
91164,79016F-10,0,0,0,255.70,,
91165,79017F-10,0,0,0,252.55,,
91166,79018F-10,0,0,0,257.91,,
91167,79019F-10,0,0,0,268.64,,
91170,79020XS-11,0,0,0,385.74,,
91171,79118S-11,0,0,0,306.96,,
91172,79119S-11,0,0,0,320.95,,
91173,79120S-11,0,0,0,327.89,,
91174,79120XS-11,0,0,0,367.34,,
91175,79121S-11,0,0,0,341.85,,
91176,79121XS-11,0,0,0,382.08,,
91177,7INF10BF-10,0,0,0,118.90,,
91178,7INF10F-10,0,0,0,117.71,,
91179,7INF11BF-10,0,0,0,120.48,,
91180,7INF11F-10,0,0,0,119.35,,
91181,7INF12BF-10,0,0,0,133.54,,
91182,7INF12F-10,0,0,0,133.11,,
91184,7INF13BF-10,0,0,0,142.08,,
91185,7INF13F-10,0,0,0,142.08,,
91186,7INF14BF-10,0,0,0,152.86,,
91187,7INF14F-10,0,0,0,153.43,,
91188,7INF15F-10,0,0,0,164.79,,
91189,7INF8BF-10,0,0,0,116.81,,
91190,7INF9BF-10,0,0,0,116.84,,
91191,7INF9F-10,0,0,0,116.86,,
91192,81119S-11,0,0,0,350.15,,
91193,81120S-11,0,0,0,368.79,,
91194,81121S-11,0,0,0,384.91,,
91195,81122S-11,0,0,0,404.70,,
91196,81123S-11,0,0,0,407.99,,
91197,82121S-11,0,0,0,404.03,,
91198,82122S-11,0,0,0,423.84,,
91199,82123S-11,0,0,0,427.16,,
91200,83118S-11,0,0,0,328.76,,
91201,83119S-11,0,0,0,333.08,,
91202,83120S-11,0,0,0,337.38,,
91203,83121S-11,0,0,0,364.63,,
91204,53012,0,0,0,36.88,,
91205,53013,2,2,0,43.64,,
91206,53014,3,0,3,50.10,,
91207,84012F-10,0,0,0,57.70,,
91208,84013F-10,2,2,0,82.44,,
91209,90019S-11,0,0,0,630.91,,
91210,90020S-11,0,0,0,646.86,,
91211,90021S-11,0,0,0,662.78,,
91212,90022S-11,0,0,0,678.73,,
91213,90023S-11,0,0,0,694.68,,
91214,90024S-11,0,0,0,710.64,,
91215,90025S-11,0,0,0,726.58,,
91216,90026S-11,0,0,0,742.53,,
91217,90027S-11,0,0,0,788.08,,
91218,90028S-11,0,0,0,833.64,,
91219,95120S-11,0,0,0,374.63,,
91220,95121S-11,0,0,0,390.91,,
91221,95122S-11,0,0,0,407.19,,
91222,95123S-11,0,0,0,423.48,,
91223,95124S-11,0,0,0,439.76,,
91224,95125S-11,0,0,0,456.04,,
91225,96122S-11,0,0,0,536.86,,
91226,97019S-11,0,0,0,373.00,,
91227,97020S-11,0,0,0,416.89,,
91228,97021S-11,0,0,0,434.41,,
91229,97118S-11,0,0,0,329.13,,
91230,97119S-11,0,0,0,351.05,,
91231,97120S-11,0,0,0,373.00,,
91232,97121S-11,0,0,0,394.94,,
91233,97122S-11,0,0,0,412.49,,
91234,97123S-11,0,0,0,421.29,,
91235,97124S-11,0,0,0,449.76,,
91238,INFCC10BNF-10,0,0,0,154.28,,
91239,INFCC11BNF-10,0,0,0,157.98,,
91240,INFCC12BNF-10,0,0,0,159.44,,
91241,INFCC12DRF-10,0,0,0,169.76,,
91242,INFCC13BNF-10,0,0,0,161.69,,
91243,INFCC13DRF-10,0,0,0,169.76,,
91244,INFCC14BNF-10,0,0,0,140.04,,
91245,INFCC14BF-10,0,0,0,167.64,,
91246,INFCC14DRF-10,0,0,0,176.05,,
91247,INFCC15BF-10,0,0,0,197.09,,
91248,INFCC15DRS-11,0,0,0,245.38,,
91249,INFCC16DRS-11,0,0,0,268.13,,
91250,INFCC17DRS-11,0,0,0,274.93,,
91251,INFCC18DRS-11,0,0,0,279.54,,
91252,INFCC19BS-11,0,0,0,286.34,,
91253,INFCC19DRS-11,0,0,0,286.34,,
91254,INFCC20DRS-11,0,0,0,290.86,,
91255,INFCC21DRS-11,0,0,0,302.28,,
91260,PP5200-20,0,0,0,392.72,,
91262,PP5920-10,0,0,0,414.53,,
91263,BPP900455070,11,5,6,262.51,,323.85
91264,BPP900465050,5,3,2,12.40,,15.30
91265,BPP900465070,27,8,19,16.54,,20.40
91266,BPP900460050,7,2,5,19.98,,24.65
91267,BMS800200104,3,1,2,31.69,,39.10
91269,M0716,0,0,0,11.49,,
91280,010-02635-00,0,0,0,255.99,,
91281,010-02635-02,0,0,0,295.99,,
91287,V12-9980CP100-1,2,0,2,258.42,,
91288,9000S-11,0,0,0,131.13,,
91289,9001S-11,0,0,0,131.13,,
91290,9002S-11,0,0,0,123.84,,
91291,9003S-11,0,0,0,152.98,,
91292,9004S-11,0,0,0,107.01,,
91293,9005S-11,0,0,0,152.98,,
91294,DST810PV-N2,1,1,0,297.45,399.00,
91296,M3-TD32,2,0,2,239.99,,
91299,010-12531-20,2,0,2,29.99,,
91301,010-12531-21,0,0,0,22.49,,
91306,503100-700-030-22,0,0,0,59.20,,
91307,503100-700-040-22,0,0,0,59.20,,
91308,503100-700-050-22,0,0,0,59.20,,
91309,503100-700-060-22,0,0,0,59.20,,
91310,503100-700-070-22,0,0,0,59.20,,
91312,503200-700-040-22,0,0,0,48.84,,
91313,503200-700-050-22,1,0,1,32.99,,
91314,503200-700-060-22,0,0,0,48.84,,
91315,503200-700-070-22,0,0,0,48.84,,
91317,502900-701-040-22,0,0,0,41.44,,
91318,502900-701-050-22,0,0,0,41.44,,
91319,502900-701-060-22,0,0,0,41.44,,
91321,503000-701-030-22,0,0,0,34.04,,
91322,503000-701-040-22,2,0,2,22.00,,
91323,503000-701-050-22,0,0,0,34.04,,
91324,503000-701-060-22,0,0,0,34.04,,
91325,503000-701-070-22,0,0,0,34.04,,
91326,104400-105-001-22,0,0,0,17.15,,
91327,104200-300-000-22,1,1,0,17.50,,
91328,112400-100-000-22,7,4,3,19.00,,
91329,112400-505-000-22,19,8,11,23.39,,
91330,112200-100-001-22,2,2,0,15.99,,
91331,112200-600-001-22,7,4,3,17.00,,
91332,112200-105-002-22,0,0,0,23.39,,
91333,112200-500-002-22,23,12,11,19.00,,
91335,112200-505-010-22,32,22,10,24.00,,
91336,112200-100-030-22,4,0,4,28.49,,
91337,112200-100-050-22,6,6,0,22.00,,
91338,112200-100-080-22,10,6,4,28.49,,
91339,112200-100-110-22,0,0,0,28.49,,
91340,112200-500-030-22,4,4,0,21.50,,
91344,112200-505-030-22,3,3,0,24.50,,
91345,112200-505-050-22,0,0,0,28.49,,
91351,142100-600-001-22,5,5,0,29.99,,
91353,142100-105-002-22,8,5,3,36.27,,
91354,142400-400-009-22,1,1,0,36.00,,
91355,142100-505-030-22,14,8,6,47.36,,
91356,142100-505-050-22,6,4,2,38.00,,
91357,142100-701-030-22,0,0,0,47.36,,
91358,142100-701-050-22,4,0,4,41.00,,
91359,142100-701-080-22,2,2,0,47.36,,
91360,142100-500-030-22,4,1,3,36.00,,
91361,142100-500-050-22,6,6,0,47.36,,
91362,142100-500-080-22,0,0,0,47.36,,
91366,142500-105-001-22,0,0,0,46.63,,
91368,142500-105-002-22,1,0,1,46.63,,
91369,142500-100-002-22,3,0,3,37.00,,
91370,142500-105-810-22,0,0,0,68.08,,
91371,142500-105-820-22,0,0,0,68.08,,
91372,142500-105-830-22,4,4,0,52.00,,
91373,142500-105-840-22,6,6,0,68.08,,
91374,142500-105-850-22,0,0,0,68.08,,
91378,142500-701-050-22,4,4,0,52.00,,
91379,142500-701-060-22,1,1,0,50.00,,
91380,142500-100-020-22,0,0,0,68.08,,
91381,142500-100-030-22,0,0,0,68.08,,
91382,142500-100-040-22,0,0,0,68.08,,
91383,142500-100-050-22,0,0,0,68.08,,
91384,142500-100-060-22,0,0,0,68.08,,
91385,142500-100-070-22,0,0,0,68.08,,
91390,303400-100-002-21,0,0,0,274.73,,
91391,302200-100-002-21,0,0,0,139.45,,
91392,302200-300-003-21,3,2,1,149.99,,
91393,302400-100-002-21,1,1,0,102.00,,
91394,302400-500-003-21,0,0,0,159.56,,
91395,302000-400-001-21,0,0,0,79.09,,
91396,302900-500-002-21,0,0,0,184.54,,
91398,340800-500-999-21,6,6,0,12.49,,
91399,341100-300-999-21,0,0,0,21.80,,
91400,341000-300-999-21,0,0,0,17.44,,
91401,340100-702-999-21,0,0,0,17.44,,
91402,310100-700-999-12,0,0,0,28.87,,
91405,310200-700-999-21,0,0,0,23.39,,
91424,TM265C-LM-12F,0,0,0,1558.14,2099.00,
91425,0343-BK,8,8,0,21.58,,
91426,FVC080391230Q00,2,0,2,442.31,,
91427,51502,21,20,1,11.23,,19.95
91428,51501,0,0,0,11.23,,19.95
91429,550030,11,8,3,314.85,,
91430,758000,5,5,0,31.59,,
91431,758201,5,2,3,104.95,,
91432,CMD6-MDR-BR,16,8,8,130.00,,
91433,CMD6-MBR-BR,4,2,2,130.00,,
91434,CMD6-MDR-R,7,2,5,130.00,,
91435,CMD6-MBR-R,6,4,2,130.00,,
91436,OCTAFMDRSSYS8,0,0,0,1268.48,,
91439,SSM-517A,7,4,3,28.00,,
91441,A80589,6,4,2,145.82,,
91452,20128,11,3,8,26.84,,
91453,A10-1290CN,0,0,0,68.60,,
91455,958130511,0,0,0,226.84,,
91456,958130611,0,0,0,226.84,,
91457,958130641,0,0,0,226.84,,
91458,958130451,0,0,0,262.28,,
91459,958128811,0,0,0,21.87,,
91460,85-741-BL,18,10,8,49.94,,
91461,85-741-WT,13,13,0,49.94,,
91471,G210608,10,4,6,21.68,,
91475,102408,0,0,0,21.49,,
91476,102416,2,1,1,24.73,,
91482,XT-SF-250-DV-KIT,0,0,0,1238.79,,
91483,LLB-63AS-01-00,7,4,3,13.72,,
91484,09-707B-1,0,0,0,29.88,,
91486,X3002,4,2,2,5.13,,
91487,X210200,19,7,12,8.46,,
91490,P7188700AJ,0,0,0,46.08,,
91491,P7702200AJ,0,0,0,22.19,,
91492,CA-0005-SS,2,2,0,140.43,,
91493,CA-0004-15SS,4,2,2,126.39,,
91494,CA-0008-SS,0,0,0,140.43,,
91495,CA-0127-SS,4,4,0,152.47,,
91496,CA-0128-SS,4,2,2,152.47,,
91497,CA-0122-SS,2,0,2,152.47,,
91498,013017,0,0,0,469.32,712.00,
91502,FFKIT,83,32,51,26.03,,
91503,SG230,1,0,1,291.71,,
91505,SG2-0130,2,0,2,172.96,,
91559,69041,20,1,19,53.01,,
91663,69044,9,3,6,55.23,,
91665,270167-1,4,2,2,25.60,,
91671,22007,24,0,24,6.85,,
91672,22405,30,3,27,7.97,12.99,
91673,550103NE,5,3,2,452.69,,
91674,44320305,0,0,0,911.54,,1175.99
91675,30251,18,14,4,19.62,29.99,
91724,"G-1 GRAPHITE",0,0,0,12.91,,
91725,"G-2 GRAPHITE",0,0,0,15.08,,
91726,"G-3 GRAPHITE",0,0,0,18.17,,
91727,"G-4 GRAPHITE",5,2,3,22.00,,
91728,"G-5 GRAPHITE",7,5,2,37.00,,
91729,"G-6 GRAPHITE",1,0,1,52.00,,
91730,"HTM-1 GRAPHITE",0,0,0,37.51,,
91731,"HTM-2 GRAPHITE",0,0,0,49.29,,
91732,"HTM-3 GRAPHITE",5,5,0,83.32,,
91733,"HTM-4 GRAPHITE",0,0,0,129.11,,
91806,P12848-100GR-MS,0,0,0,340.00,,
91807,P12848-200-MS,1,1,0,201.45,,
91808,P12848-100-MS,2,2,0,362.67,,
91811,0140-1729,1,1,0,5.99,,
91818,ZIPK8N2,0,0,0,862.50,,
91819,SCC125110412,3,3,0,521.57,,643.45
91831,32-77,2,0,2,256.31,,
91832,20408000,18,10,8,9.84,,
91834,ZDIG4GX,4,3,1,1246.62,,
91835,12444,0,0,0,201.76,,
91838,33-351-01,0,0,0,108.03,140.00,
91846,SD1829B,1,0,1,219.14,,
91847,SD1829G,0,0,0,219.14,,
91848,SD1829N,0,0,0,219.14,,
91849,SD1842B,1,1,0,263.14,,
91850,SD1842G,0,0,0,300.73,,
91851,SD1842N,1,0,1,263.14,,
91852,SD1858B,1,0,1,307.11,,
91853,SD1858G,4,0,4,307.11,,
91854,SD1858N,0,0,0,307.11,,
91855,SD2442B,0,0,0,351.14,,
91856,SD2442G,0,0,0,351.14,,
91857,SD2442N,0,0,0,351.14,,
91866,P13198-2380TEBCL,1,0,1,388.78,,
91867,P13198-2380TEBBK,0,0,0,388.78,,
91868,P13198-2380TEBGR,0,0,0,388.78,,
91869,P13198-2500TEBCL,0,0,0,388.78,,
91870,P13198-2500TEBBK,0,0,0,388.78,,
91871,P13198-2500TEBGR,0,0,0,388.78,,
91872,P13276-1000TEBCL,0,0,0,1240.33,,
91873,P13276-1000TEBBK,0,0,0,1240.33,,
91874,P13276-1000TEBGR,0,0,0,1240.33,,
91880,FSBL20912FY7A00,0,0,0,2172.31,,
91900,806-1883,0,0,0,1221.36,,
91903,LLB-33OW-81-OT,0,0,0,55.59,,
91906,VSRT-15,0,0,0,4484.00,,
91907,VSRT-17,0,0,0,5876.00,,
91908,VSRT-19,0,0,0,6464.00,,
91909,VSRT-21W,0,0,0,6611.00,,
91910,CD-19T,0,0,0,3128.00,,
91911,CD-24T,0,0,0,3830.00,,
91913,CD-26T,0,0,0,4408.00,,
91914,SRT-10,0,0,0,2586.00,,
91915,SRT-12,0,0,0,3077.00,,
91916,SRT-15,0,0,0,3821.00,,
91917,00108,2,2,0,262.49,,389.99
91918,00110,15,15,0,262.49,,389.00
91919,SRT-17,0,0,0,4280.00,,
91920,00112,1,1,0,262.49,,389.00
91921,SRT-19,0,0,0,5223.00,,
91922,SRT-24,0,0,0,5438.00,,
91923,SRT-15W,0,0,0,4280.00,,
91924,SRT-185W,0,0,0,5252.00,,
91925,SRT-21W,0,0,0,5345.00,,
91926,SRT-24W-1080,0,0,0,5438.00,,
91927,SRT-27,0,0,0,5816.00,,
91928,PHT-12,0,0,0,2230.00,,
91929,PHT-15,0,0,0,2318.00,,
91930,PHT-17,0,0,0,2586.00,,
91931,PHT-19,0,0,0,2675.00,,
91932,PHT-24,0,0,0,3210.00,,
91933,PHT-15W,0,0,0,2675.00,,
91934,PHT-185W,0,0,0,2969.00,,
91935,PHT-21W,0,0,0,3428.00,,
91936,PHT-24W-1080,0,0,0,3504.00,,
91937,PHT-27W,0,0,0,3985.00,,
91942,IND-19,0,0,0,2867.00,,
91943,IND-24W,0,0,0,3581.00,,
91954,PIN125010510,8,2,6,128.15,,158.10
91955,013016,0,0,0,328.13,712.00,
91956,013018,0,0,0,469.32,712.00,
91957,013024,1,0,1,469.32,712.00,
91958,VBS127010010,2,0,2,28.25,,34.85
91960,LLB-53R4-01-00,5,3,2,42.69,,
91961,453382,0,0,0,4.68,,
91962,453386,20,6,14,32.27,,
91963,453502,0,0,0,9.09,,
91964,453506,10,1,9,39.29,,
91965,453752,0,0,0,10.35,,
91966,453756,8,4,4,54.41,,
91967,453901,0,0,0,9.98,,
91968,453906,4,2,2,78.18,,
91969,452251,0,0,0,6.24,,
91971,452381,0,0,0,7.28,,
91972,452385,19,9,10,48.16,,
91973,452501,0,0,0,8.85,,
91974,452505,3,2,1,59.46,,
91975,452751,0,0,0,14.64,,
91976,452755,0,0,0,100.67,,
91977,452900,0,0,0,12.01,,
91978,452905,0,0,0,160.74,,
91983,WN515,19,6,13,5.49,8.99,
92048,FX-16-AS,0,0,0,405.82,,
92049,FX-115,0,0,0,1604.64,,
92059,221600,1,1,0,112.96,,
92060,PRS,0,0,0,38.60,,
92065,RT022,8,8,0,28.49,,56.99
92072,RT057,5,5,0,53.99,,107.99
92074,011-A592-7,0,0,0,15.04,,
92075,011-E592-7,2,0,2,29.44,,
92084,A80653,4,2,2,199.99,,
92085,A80658,4,2,2,199.99,,
92086,DC-2500-KIT-XL,0,0,0,312.50,431.00,
92088,SSP-200-KIT,0,0,0,371.36,535.90,
92089,81300200,0,0,0,400.72,,
92092,PPLI28PV,0,0,0,535.03,,619.99
92097,RF7110,6,3,3,119.49,157.98,
92098,RF7120,0,0,0,125.96,166.55,
92099,RF7210,0,0,0,143.96,190.35,
92100,RF7220,7,3,4,151.16,199.87,
92101,RF7310,0,0,0,179.96,237.95,
92102,RF7320,0,0,0,187.16,247.47,
92105,134402-200-004-21,0,0,0,212.50,,
92108,DE1020SF,0,0,0,51.84,,
92109,27627,4,2,2,82.09,114.99,
92110,27647,4,2,2,87.18,114.99,
92111,88440,0,0,0,31.24,,
92112,88440-1,3,2,1,39.39,,
92113,88415,0,0,0,20.00,,
92116,610564,18,12,6,8.77,,
92117,610565,0,0,0,8.77,,
92119,769,59,16,43,19.17,,
92120,778,26,1,25,19.17,,
92121,432053,40,22,18,10.45,,
92122,432029,0,0,0,10.45,,
92123,613773,3,3,0,23.90,,
92124,609801,9,4,5,40.24,,
92125,609802,0,0,0,47.89,,
92126,606127,0,0,0,38.91,,
92127,SCC115060211,4,2,2,299.03,,368.90
92128,658975,0,0,0,41.27,,
92129,648707,0,0,0,4.77,,
92130,605354,0,0,0,4.77,,
92131,605353,0,0,0,4.77,,
92132,658978,43,9,34,8.00,,
92133,648702,0,0,0,11.87,,
92134,648701,66,17,49,11.87,,
92135,91283,18,6,12,15.66,,
92137,108616,40,15,25,23.83,,
92139,91572,18,6,12,59.43,,
92141,451588,14,5,9,68.36,,
92144,606547,4,2,2,128.85,,
92145,606128,1,0,1,95.00,,
92146,606126,0,0,0,108.78,,
92147,648910,2,2,0,112.28,,
92149,JPZ-4-DP,0,0,0,364.05,,
92150,JPZ-6-DP,0,0,0,378.69,,
92151,JPZ-10-DP,0,0,0,505.40,,
92152,JPZ-12-DP,0,0,0,622.47,,
92153,JPZHSP-6,5,5,0,52.09,,
92154,JPZHSP-8,2,1,1,57.08,,
92155,JPZHSP-10,10,5,5,61.05,,
92156,JPZ-8-DP,0,0,0,447.87,,
92157,APM-12,20,0,20,69.69,,
92158,APM-24,10,0,10,77.42,,
92168,4148-163-E75,9,2,7,238.32,,
92171,PP5030-03,0,0,0,399.99,,
92172,UC128TS-2,4,2,2,641.49,,
92175,GP1040-52,0,0,0,334.53,,
92176,GP1080-15,0,0,0,385.44,,
92177,GP1080-31,0,0,0,385.44,,
92178,GP1080-33,0,0,0,385.44,,
92179,GP1080-35,0,0,0,385.44,,
92180,GP1170-25,0,0,0,385.44,,
92181,GP2030-02,0,0,0,363.62,,
92182,GP2050-15,0,0,0,327.26,,
92183,GP2050-22,0,0,0,327.26,,
92184,GP2050-26,0,0,0,327.26,,
92185,GP2050-33,0,0,0,327.26,,
92186,GP2050-60,0,0,0,327.26,,
92187,GP2200-20,0,0,0,363.62,,
92188,GP2920-01,0,0,0,392.72,,
92189,PP4400-15,0,0,0,269.08,,
92190,PP4600-08,0,0,0,305.44,,
92191,PP4800-14,1,1,0,356.35,,
92192,PP5050-26,0,0,0,370.90,,
92193,PP5100-02,0,0,0,356.35,,
92194,PP5920-00,0,0,0,399.99,,
92195,PP5920-06,0,0,0,414.53,,
92196,PP5920-07,0,0,0,414.53,,
92197,PP5920-13,0,0,0,414.53,,
92198,RMX4400-12,0,0,0,392.72,,
92199,RMX4400-15,0,0,0,392.72,,
92200,RMX4500-09,0,0,0,399.99,,
92201,RMX4500-14,0,0,0,399.99,,
92204,010-12390-41,0,0,0,22.49,,
92205,33-536-01,0,0,0,33.76,41.00,
92207,756015P,0,0,0,155.48,,
92209,S2-6817,0,0,0,1464.24,,
92210,100-343-822-10,0,0,0,42.73,,
92212,SM-ACC3-N2KCT,1,1,0,31.26,,38.47
92213,ME6005D,19,11,8,81.99,,
92222,3000006611,0,0,0,134.11,189.99,
92229,MD4016-806-0-253,20,8,12,64.99,,
92240,88880,3,1,2,1937.49,,
92242,88870,1,1,0,562.49,,
92313,MV5020-123-XS-216,1,1,0,39.51,,59.99
92314,MV5020-123-S-216,0,0,0,39.51,,59.99
92315,MV5020-123-M-216,5,3,2,39.51,,59.99
92316,MV5020-123-L-216,4,2,2,39.51,,59.99
92317,MV5020-123-XL-216,3,2,1,39.51,,59.99
92323,N-8/49FT,8,8,0,14.99,,
92324,OBSSKIT11/12TT,8,8,0,99.99,,
92371,122313,0,0,0,599.99,959.99,
92387,37926-81211,1,0,1,142.24,195.99,
92388,37926-22516,6,0,6,142.24,195.99,
92390,37926-80420,3,0,3,142.24,195.99,
92394,37925-81211,3,0,3,118.29,162.99,
92395,37925-22516,2,0,2,118.29,162.99,
92397,37925-80420,3,0,3,118.29,162.99,
92399,39638-80375,0,0,0,97.97,134.99,
92400,958126001,9,4,5,18.43,,
92405,WM1982B,6,3,3,82.88,,
92406,23903-80368,2,0,2,23.21,31.99,
92407,23903-80020,3,0,3,23.21,31.99,
92409,23903-80098,3,0,3,23.21,31.99,
92410,23903-80018,3,0,3,23.21,31.99,
92411,23903-80019,3,0,3,23.21,31.99,
92412,23903-80085,4,1,3,23.21,31.99,
92413,23903-80251,2,0,2,23.21,31.99,
92414,23903-80021,2,0,2,23.21,31.99,
92449,SC-USB-F1,42,17,25,35.44,,
92450,DS-HD6-BLK,26,23,3,23.63,,
92456,CIP100400060,8,4,4,31.00,,38.25
92458,VBB115021020,7,3,4,15.16,,18.70
92459,VBB115022020,6,2,4,23.43,,28.90
92460,VBB115040020,10,1,9,15.16,,18.70
92461,VBB115060020,6,2,4,22.74,,28.05
92462,VBB125020620,10,3,7,35.14,,43.35
92463,VBB125021220,6,2,4,40.65,,50.15
92464,VBB125040010,41,20,21,46.16,,56.95
92465,VBB160040010,39,25,14,106.11,,130.90
92466,VBB160080010,13,9,4,163.98,,202.30
92469,ZIPK4N1,0,0,0,592.50,,
92472,2-256,4,2,2,2.67,,
92480,9600012982,0,0,0,887.75,,859.99
92482,9600017007,0,0,0,44.84,,64.99
92483,9600017296,0,0,0,17.89,,25.99
92491,9610000651,3,0,3,352.90,,454.99
92492,9610000652,4,2,2,352.90,,454.99
92493,9610000653,1,1,0,403.31,,519.99
92494,9610000655,2,2,0,428.51,,552.49
92505,44310505,16,4,12,781.25,,1007.99
92506,44310355,7,1,6,634.79,,818.99
92507,44320205,4,1,3,695.19,,896.99
92511,V12-4144BKA70-1,12,5,7,143.96,,
92516,G19124,0,0,0,7.83,,
92588,10-960-K,28,13,15,26.33,,
92590,BMS110022000,21,6,15,122.64,,151.30
92591,ASS070200100,7,3,4,13.78,,17.00
92592,ASS030560100,3,3,0,35.14,,43.35
92593,ASS030560200,6,3,3,36.52,,45.05
92594,ASS030560300,7,3,4,39.27,,48.45
92595,ASS030560500,5,3,2,44.78,,55.25
92596,ASS030550320,5,2,3,15.16,,18.70
92597,BMS210055000,10,4,6,188.79,,232.90
92603,010-C1364-30,4,1,3,149.99,,
92604,010-C1365-30,4,1,3,149.99,,
92605,010-C1366-30,5,4,1,149.99,,
92607,010-C1368-30,6,6,0,112.49,,
92608,010-C1369-30,0,0,0,112.49,,
92609,010-C1370-30,23,19,4,112.49,,
92610,010-C1371-30,0,0,0,112.49,,
92612,FVSLANMG1820A00,7,3,4,23.37,,
92614,KAY1619,1,1,0,53.00,,
92618,REN1619,1,1,0,54.00,,
92619,RAD1619,1,0,1,53.00,,
92621,BVT-TDL-C,3,3,0,26.00,,
92622,BVT-TDL-Y,3,1,2,26.00,,
92626,BVT-TDL-P-S,2,2,0,28.99,,
92635,2000036885,0,0,0,30.94,,
92641,2159359,1,1,0,26.04,,
92642,2159439,12,6,6,22.86,,
92643,2159358,13,13,0,22.86,,
92644,B00085501,6,3,3,219.87,372.51,
92645,2159436,15,8,7,27.65,,
92646,2159360,4,4,0,27.65,,
92648,B00085502,0,0,0,415.32,703.62,
92650,BPC240531104R,9,4,5,92.46,,117.30
92651,010-C1364-40,3,2,1,299.99,,
92652,010-C1365-40,0,0,0,299.99,,
92654,010-C1368-40,2,2,0,187.49,,
92655,010-C1369-40,0,0,0,187.49,,
92656,010-C1370-40,9,4,5,187.49,,
92657,010-C1371-40,5,5,0,187.49,,
92666,T-941A,2,1,1,2449.30,,
92667,T-940A-3,0,0,0,4619.30,,
92669,010-C1287-20,5,2,3,149.99,,
92671,010-C1289-20,1,1,0,112.49,,
92672,010-C1290-20,0,0,0,112.49,,
92673,010-C1291-20,2,2,0,112.49,,
92674,010-C1292-20,0,0,0,112.49,,
92676,010-C1289-00,0,0,0,187.49,,
92677,010-C1290-00,11,1,10,187.49,,
92678,010-C1291-00,3,2,1,187.49,,
92679,010-C1292-00,1,0,1,187.49,,
92682,G201316,8,3,5,9.46,,
92683,G210516,4,2,2,21.54,,
92684,20195-1W,2,1,1,20.35,,
92685,"GP2040-53 ",0,0,0,334.53,,
92686,0655001BLK,0,0,0,107.33,,
92687,0655001BLS,3,0,3,95.68,,
92688,0655001WHS,0,0,0,110.40,,
92689,0655001WHT,0,0,0,103.21,,
92690,0655002WHT,0,0,0,107.33,,
92691,0655002BLK,0,0,0,107.33,,
92692,0618000STS,11,5,6,116.42,,
92693,29280-0000,2,2,0,662.53,,
92694,29240-0000,3,2,1,123.65,,
92695,29270-0000,1,0,1,106.65,,
92696,29250-0000,5,2,3,132.22,,
92698,29279-0000,5,3,2,26.58,,
92701,"HYCO 1.1T",1,1,0,1073.32,,
92709,54061-22PK,0,0,0,6.67,,
92710,54061-23PK,2,1,1,2.99,,
92711,54061-24PK,0,0,0,6.67,,
92718,IRID-PP-SIM-DP,0,0,0,21.43,,
92720,011706,0,0,0,18.00,45.00,
92721,011707,0,0,0,60.23,91.00,
92722,013019,0,0,0,94.32,142.00,
92723,013025,0,0,0,94.32,142.00,
92725,013010,0,0,0,1289.77,1959.00,
92726,013011,0,0,0,1289.77,1959.00,
92728,010-02405-50,25,0,25,139.99,,
92730,BOWB130,0,0,0,4975.51,6368.66,
92732,ORI122424120,15,7,8,129.53,,159.80
92737,B00084201,0,0,0,122.34,196.92,
92738,010-12545-02,18,10,8,29.99,,
92740,MC0075-1055,0,0,0,57.37,,
92741,MC0075-1031,0,0,0,57.37,,
92742,MC0075-1072,2,1,1,57.37,,
92743,010-12800-02,9,1,8,14.99,,
92751,72-0928,0,0,0,161.23,,
92754,IRID-SIM-DIP,0,0,0,21.43,,
92761,621-VUP-MC-120-DV,3,0,3,855.94,,
92772,BMS400100000,5,2,3,39.96,,49.30
92773,CYR010120430,3,0,3,61.32,,75.65
92775,101588,2,2,0,500.66,,816.99
92776,101589,7,3,4,500.77,,817.99
92777,101710,14,2,12,133.02,,220.79
92778,101711,0,0,0,121.83,,202.19
92779,101712,6,3,3,121.81,,202.19
92780,101713,0,0,0,72.09,,118.49
92781,101714,9,3,6,108.55,,179.39
92782,101715,7,2,5,136.13,,225.59
92783,101716,7,3,4,117.88,,195.79
92784,101717,9,3,6,129.85,,215.19
92785,101718,9,3,6,72.97,,120.29
92786,101719,8,2,6,115.75,,191.59
92787,101720,10,5,5,132.36,,220.09
92788,101721,3,2,1,117.61,,195.39
92789,101722,0,0,0,125.75,,208.69
92790,101723,12,4,8,71.78,,118.09
92791,101724,6,0,6,108.24,,178.89
92792,101725,5,2,3,136.17,,226.19
92793,101726,0,0,0,118.16,,196.29
92794,101727,0,0,0,130.09,,215.69
92795,101728,3,0,3,74.10,,121.99
92796,101729,0,0,0,109.82,,181.79
92797,101700,7,4,3,463.44,,767.09
92798,101708,8,4,4,319.33,,523.39
92799,101591,9,4,5,471.83,,771.89
92800,101592,10,5,5,322.39,,526.59
92801,101705,14,4,10,471.38,,771.19
92802,FREEDOM,1,1,0,399.00,,
92804,101645,6,3,3,96.64,,156.79
92805,101694,10,3,7,96.45,,158.69
92806,101695,15,5,10,96.44,,156.39
92808,101590,3,0,3,499.99,,815.79
92809,101603,4,0,4,503.93,,822.19
92810,101731,13,9,4,4.90,,7.59
92811,101732,0,0,0,5.19,,7.99
92817,M90X06,0,0,0,122.44,,
92818,M90X07,0,0,0,122.44,,
92819,M90X08,0,0,0,122.44,,
92823,HE-SLWH2,0,0,0,42.59,63.99,
92824,M90X09,4,2,2,122.44,,
92826,M90X10,2,0,2,122.44,,
92828,M90X11,2,0,2,122.44,,
92829,CA-0144,0,0,0,76.23,,
92830,M90X12,3,2,1,122.44,,
92832,M90X13,2,0,2,122.44,,
92833,M90X14,1,0,1,122.44,,
92835,M90X15,2,0,2,122.44,,
92836,M90X16,1,1,0,122.44,,
92837,M90X17,0,0,0,122.44,,
92838,M90X18,2,0,2,122.44,,
92840,50190,7,3,4,38.92,,
92841,808-1840,20,13,7,30.94,,
92842,B310B,3,0,3,397.94,,
92859,2143,6,3,3,213.03,320.95,
92860,P12927-58TEBCL,1,0,1,13.37,,
92861,P12927-58TEBGR,2,1,1,13.37,,
92862,P12927-58TEBBK,5,3,2,13.37,,
92866,1042,0,0,0,9.33,12.99,
92867,1041,0,0,0,10.67,14.99,
92868,1040,0,0,0,6.67,9.99,
92869,1039,0,0,0,10.67,14.99,
92870,1010,0,0,0,128.75,159.99,
92871,1011,0,0,0,128.75,159.99,
92872,1012,0,0,0,128.75,159.99,
92873,1055,0,0,0,128.75,159.99,
92875,1057,0,0,0,128.75,159.99,
92876,1061,0,0,0,128.75,159.99,
92877,1062,0,0,0,128.75,159.99,
92878,1063,0,0,0,128.75,159.99,
92879,1064,0,0,0,128.75,159.99,
92880,1065,0,0,0,128.75,159.99,
92881,1013,0,0,0,178.75,229.99,
92882,1060,0,0,0,178.75,229.99,
92883,1014,0,0,0,178.75,229.99,
92884,88448,0,0,0,108.69,,
92885,ORI122424110,4,2,2,92.33,,113.90
92887,RT320,0,0,0,28.49,56.99,
92890,ORI242441110,11,5,6,163.29,,201.45
92891,10-960,0,0,0,23.40,,
92895,IC900103-6-0-202,0,0,0,900.00,,
92896,MA5183-0-0-101,12,12,0,61.87,,
92897,MA5283-0-0-101,13,4,9,61.87,,
92898,MA7214-0-0-102,48,37,11,61.87,,
92899,MA2014-0-0-102,55,31,24,24.07,,
92900,MA7114-0-0-102,13,10,3,24.05,,
92901,MA7113-0-0-102,7,7,0,24.05,,
92902,MA7116-0-0-102,1,1,0,13.75,,
92903,MA4031-0-0-101,14,11,3,24.05,,
92904,MA3181-0-0-101,4,2,2,34.37,,
92905,MA3070-0-0-101,6,3,3,13.75,,
92907,010-12881-06,0,0,0,79.99,,
92909,140-24V,7,2,5,48.94,,
92910,MA228202-13-0-101,0,0,0,311.25,,
92911,MA228203-13-0-101,0,0,0,311.25,,
92921,MA3032-13-0-101,1,1,0,29.99,,39.99
92922,11810,7,6,1,406.05,,
92923,11811,26,16,10,396.77,,
92924,11812,8,5,3,406.04,,
92926,11842,16,13,3,509.33,,
92946,MA7632-13-0-101,9,5,4,18.27,,
92947,MA7637-13-0-101,19,9,10,14.07,,
92948,MA7206-0-0-102,0,0,0,53.73,,
92950,MC1536-2-S-206,0,0,0,347.03,,
92951,MC1536-2-M-206,0,0,0,347.03,,
92952,MC1536-2-L-206,0,0,0,347.03,,
92953,MC1536-2-XL-206,0,0,0,347.03,,
92954,MC1536-2-XXL-206,0,0,0,347.03,,
92955,MC1536-2-XXXL-206,0,0,0,347.03,,
92956,MC1536-4-S-206,0,0,0,347.03,,
92957,MC1536-4-M-206,0,0,0,347.03,,
92958,MC1536-4-L-206,0,0,0,347.03,,
92959,MC1536-4-XL-206,0,0,0,347.03,,
92960,MC1536-4-XXL-206,0,0,0,347.03,,
92961,MC1536-4-XXXL-206,0,0,0,347.03,,
92962,MC5446-123-S-206,0,0,0,344.99,,
92963,MC5446-123-M-206,0,0,0,344.99,,
92964,MC5446-123-L-206,0,0,0,344.99,,
92965,MC5446-123-XL-206,0,0,0,344.99,,
92966,MC5446-123-XXL-206,0,0,0,344.99,,
92967,MC5446-123-XXXL-206,1,1,0,344.99,,
92968,MC5446-33-S-206,0,0,0,344.99,,
92969,MC5446-33-M-206,0,0,0,344.99,,
92970,MC5446-33-L-206,0,0,0,344.99,,
92971,MC5446-33-XL-206,0,0,0,344.99,,
92972,MC5446-33-XXL-206,0,0,0,344.99,,
92973,MC5446-33-XXXL-206,0,0,0,344.99,,
92974,MJ5246-123-S-206,0,0,0,338.75,,
92975,MJ5246-123-M-206,0,0,0,338.75,,
92976,MJ5246-123-L-206,0,0,0,338.75,,
92977,MJ5246-123-XL-206,0,0,0,338.75,,
92978,MJ5246-123-XXL-206,0,0,0,338.75,,
92979,MJ5246-123-XXXL-206,0,0,0,338.75,,
92980,MJ5246-13-S-206,0,0,0,338.75,,
92981,MJ5246-13-M-206,2,2,0,338.75,,
92982,MJ5246-13-L-206,0,0,0,338.75,,
92983,MJ5246-13-XL-206,0,0,0,338.75,,
92984,MJ5246-13-XXL-206,0,0,0,338.75,,
92985,MJ5246-13-XXXL-206,0,0,0,338.75,,
92986,MJ5246-33-S-206,0,0,0,338.75,,
92987,MJ5246-33-M-206,0,0,0,338.75,,
92988,MJ5246-33-L-206,0,0,0,338.75,,
92989,MJ5246-33-XL-206,0,0,0,338.75,,
92990,MJ5246-33-XXL-206,0,0,0,338.75,,
92991,MJ5246-33-XXXL-206,0,0,0,338.75,,
92992,MP4212-13-S-101,0,0,0,341.07,,
92993,MP4212-13-M-101,0,0,0,341.07,,
92994,MP4212-13-L-101,0,0,0,341.07,,
92995,MP4212-13-XL-101,0,0,0,341.07,,
92996,MP4212-13-XXL-101,0,0,0,341.07,,
92997,MP4240-13-S-206,0,0,0,362.49,,
92998,MP4240-13-M-206,0,0,0,362.49,,
92999,MP4240-13-L-206,0,0,0,362.49,,
93000,MP4240-13-XL-206,0,0,0,362.49,,
93001,MP4240-13-XXL-206,0,0,0,362.49,,
93002,MP4240-13-XXXL-206,0,0,0,362.49,,
93003,MIS210HR-4-0-209,4,2,2,463.25,,
93004,MIS220HR-4-0-209,0,0,0,463.25,,
93005,MIS230HR-4-0-209,16,16,0,498.75,,
93006,MIS240HR-4-0-209,5,5,0,541.15,,
93012,MRD030-2-0-311,24,8,16,104.21,,
93013,MRD075-0-0-215,51,24,27,49.39,,
93014,MRD100-0-0-101,2,2,0,212.49,,
93015,MRD175-251-0-215,13,6,7,62.49,,
93016,MRD190-0-0-215,52,21,31,36.91,,
93022,MRV15002-251-0-206,19,9,10,224.99,,
93023,MRV170-251-0-206,5,4,1,282.36,,
93024,MS2175-2-XS-206,0,0,0,587.44,,
93025,MS2175-2-S-206,0,0,0,587.44,,
93026,MS2175-2-M-206,0,0,0,587.44,,
93027,MS2175-2-L-206,0,0,0,587.44,,
93028,MS2175-2-XL-206,0,0,0,587.44,,
93029,MS2175-2-XXL-206,0,0,0,587.44,,
93030,MS2175-2-XXXL-206,0,0,0,587.44,,
93031,MS2175-33-XS-206,0,0,0,587.44,,
93032,MS2175-33-S-206,0,0,0,587.44,,
93033,MS2175-33-M-206,0,0,0,587.44,,
93034,MS2175-33-L-206,1,0,1,587.44,,
93035,MS2175-33-XL-206,2,2,0,587.44,,
93036,MS2175-33-XXL-206,0,0,0,587.44,,
93037,MS2175-33-XXXL-206,0,0,0,587.44,,
93042,MSL600GS-13-XS-101,0,0,0,231.69,,
93043,MSL600GS-13-S-101,0,0,0,231.69,,
93044,MSL600GS-13-M-101,0,0,0,231.69,,
93045,MSL600GS-13-L1-101,1,1,0,231.69,,
93046,MSL600GS-13-L2-101,0,0,0,231.69,,
93047,MSL600GS-13-XL-101,0,0,0,231.69,,
93048,MSL600GS-13-XXL-101,0,0,0,231.69,,
93049,MSL600GS-13-XXXL-101,0,0,0,231.69,,
93050,MSL606-13-0-101,0,0,0,31.95,,
93051,MV1254T1-2-S/M-216,33,18,15,68.80,,
93052,MV1254T1-2-L/XL-216,33,33,0,68.80,,
93053,MV1254T1-2-XXL/XXXL-216,16,16,0,68.80,,
93054,MV1254T1-2-4XL/5XL-216,21,8,13,68.80,,
93055,MV1254T3-239-S/M-216,2,1,1,103.04,,
93056,MV1254T3-239-L/XL-216,1,1,0,103.04,,
93057,MV1254T3-239-XXL/XXXL-216,4,0,4,103.04,,
93058,MV1254T3-239-4XL/5XL-216,1,1,0,103.04,,
93059,FNTCDEX08000A00,0,0,0,62.59,,
93061,FVEFF130CNLDA00,0,0,0,14.19,,
93062,FVEFF225CNLDA00,0,0,0,14.19,,
93063,FVEFF150CNLDA00,0,0,0,14.19,,
93064,FVEFF250CNLDA00,0,0,0,14.19,,
93065,FVEFF325CNLDA00,0,0,0,14.19,,
93066,FVEFPTFH3000A00,0,0,0,62.59,,
93068,FGTLV1250100A00,0,0,0,243.27,,
93069,FGTLV1400100A00,0,0,0,367.20,,
93070,FGTLV1850100A00,0,0,0,376.37,,
93076,61392C,0,0,0,591.20,,
93081,02152,1,1,0,17.21,,
93084,11920,0,0,0,36.26,,
93085,11921,0,0,0,34.80,,
93086,11922,0,0,0,34.44,,
93089,01201,11,4,7,8.91,12.20,
93090,01202,5,2,3,10.40,14.24,
93092,01203,10,7,3,13.32,18.23,
93093,01204,3,0,3,20.96,28.69,
93094,01205,5,0,5,33.81,46.28,
93095,01211,0,0,0,10.52,14.41,
93096,01212,4,0,4,12.55,17.17,
93097,01213,4,0,4,16.31,22.31,
93098,01214,4,0,4,25.33,34.68,
93099,01222,2,0,2,15.61,21.38,
93100,01223,2,0,2,17.39,23.80,
93101,01224,3,0,3,28.11,38.46,
93102,01241,2,0,2,10.96,15.00,
93103,01242,3,0,3,12.11,16.58,
93104,01243,3,0,3,15.43,21.12,
93105,01244,3,0,3,24.13,33.02,
93106,01245,4,0,4,39.56,54.15,
93107,01246,4,2,2,62.53,85.60,
93108,01262,6,0,6,18.84,25.80,
93109,01401,3,0,3,13.81,18.91,
93110,01402,4,0,4,16.83,23.04,
93111,01403,3,0,3,21.40,29.28,
93112,01404,5,0,5,32.41,44.37,
93113,01405,4,0,4,50.36,68.94,
93114,01406,5,0,5,76.67,104.93,
93115,01411,5,0,5,16.83,23.04,
93116,01412,2,0,2,19.69,26.95,
93117,01413,4,0,4,26.67,36.51,
93118,01414,4,0,4,41.64,56.99,
93119,01415,2,0,2,66.97,91.67,
93120,01422,3,0,3,21.57,29.54,
93121,01423,7,0,7,28.79,39.40,
93122,01424,8,0,8,44.12,60.39,
93123,01432,3,0,3,19.37,26.52,
93124,01433,8,0,8,25.92,35.49,
93125,01434,2,0,2,46.73,63.96,
93126,01441,3,0,3,15.61,21.38,
93127,01442,9,0,9,18.35,25.12,
93128,01443,3,0,3,23.81,32.60,
93129,01444,3,0,3,35.27,48.28,
93130,01445,4,1,3,56.29,77.05,
93131,01494,2,0,2,55.89,76.50,
93132,01495,3,0,3,86.65,118.62,
93133,02284,4,0,4,28.23,38.63,
93134,02313,4,0,4,20.77,28.43,
93135,02315,6,0,6,26.95,36.89,
93136,02316,2,0,2,36.05,49.34,
93137,02323,5,2,3,22.60,30.94,
93138,02325,4,0,4,29.63,40.55,
93139,02326,4,0,4,39.03,53.42,
93140,02327,4,0,4,65.03,89.00,
93141,02328,3,0,3,78.00,106.76,
93142,02333,4,0,4,18.29,25.03,
93143,PIN242510500,7,5,2,86.12,,106.25
93144,02335,5,3,2,24.72,33.83,
93145,02336,5,0,5,32.23,44.12,
93146,02337,11,0,11,54.61,74.76,
93147,02373,3,0,3,66.41,90.91,
93148,58243,8,7,1,18.97,,
93149,02375,5,0,5,94.85,129.84,
93150,02377,0,0,0,147.49,201.88,
93151,58269,4,2,2,56.54,,
93155,58270,0,0,0,55.44,,
93156,MALRB2-25-S/M-253,0,0,0,18.75,,
93157,MALRB2-25-L/XL-253,0,0,0,18.75,,
93159,69043,13,9,4,34.66,,
93160,"200-024G2 6M",0,0,0,351.16,,395.06
93174,MD3070-191-0-202,10,4,6,72.51,,99.99
93175,MD3070-268-0-202,7,3,4,72.51,,99.99
93187,MD3183LE-13-0-101,8,3,5,312.31,,
93190,MD3183LE-33-0-101,0,0,0,312.31,,
93191,MD3183T2-33-0-101,5,5,0,318.75,,
93192,MD3183T3-239-0-202,14,5,9,299.95,,
93202,MD7183-191-0-202,7,4,3,164.99,,219.99
93203,MD7183-268-202,4,2,2,164.99,,219.99
93204,MD7183-4-0-202,8,4,4,164.99,,219.99
93210,000-156-058-11,0,0,0,80.00,,
93235,MV3104T1-2-0-216,0,0,0,43.31,,
93236,MV3128T2-2-S-216,7,3,4,60.00,,
93237,MV3128T2-2-M-216,6,6,0,60.00,,
93238,MV3128T2-2-L-216,18,18,0,60.00,,
93245,MV3128T2-2-XXL-216,12,9,3,60.00,,
93248,MV3128T2-2-7XL-216,9,7,2,60.00,,
93250,MV3192-2-0-16,4,4,0,82.49,,
93252,69080,14,2,12,19.26,,
93254,MV3196T2-2-S-216,0,0,0,61.24,,
93255,MV3196T2-2-M-216,0,0,0,61.24,,
93256,MV3196T2-2-L-216,0,0,0,61.24,,
93257,MV3196T2-2-XL-216,0,0,0,61.24,,
93258,MV3196T2-2-XXL-216,0,0,0,61.24,,
93259,MV3196T2-2-7XL-216,0,0,0,61.24,,
93262,MA7136-2-0-101,3,0,3,84.09,,
93263,MA7136-4-0-101,0,0,0,84.09,,
93279,MC1506-2-S-206,0,0,0,264.21,,
93280,MC1506-2-M-206,0,0,0,264.21,,
93282,MC1506-2-L-206,0,0,0,264.21,,
93283,MC1506-2-XL-206,0,0,0,264.21,,
93284,MC1506-2-XXL-206,0,0,0,264.21,,
93285,MC1506-2-XXXL-206,0,0,0,264.21,,
93286,MC1506-4-S-206,0,0,0,264.21,,
93287,MC1506-4-M-206,0,0,0,264.21,,
93288,MC1506-4-L-206,0,0,0,264.21,,
93289,MC1506-4-XL-206,0,0,0,264.21,,
93290,MC1506-4-XXL-206,0,0,0,264.21,,
93291,MC1506-4-XXXL-206,0,0,0,264.21,,
93292,MC1506T3-239-S-206,0,0,0,345.69,,
93293,MC1506T3-239-M-206,0,0,0,345.69,,
93294,MC1506T3-239-L-206,0,0,0,345.69,,
93295,MC1506T3-239-XL-206,0,0,0,345.69,,
93296,1810380,1,0,1,311.20,,
93297,MC1506T3-239-XXL-206,0,0,0,345.69,,
93298,1810381,2,0,2,311.20,,
93299,MC1506T3-239-XXXL-206,0,0,0,345.69,,
93300,1810382,0,0,0,311.20,,
93301,1810383,1,0,1,311.20,,
93302,1810384,0,0,0,352.15,,
93303,1810385,0,0,0,352.15,,
93304,1810386,1,0,1,352.15,,
93305,1810387,1,0,1,352.15,,
93306,1810388,1,0,1,122.84,,
93307,1810389,3,0,3,122.84,,
93308,1810350,3,2,1,114.64,,
93309,1810351,3,0,3,114.64,,
93310,1810356,2,0,2,94.17,,
93311,1810357,0,0,0,94.17,,
93317,MJ6214T1-2-S-206,0,0,0,249.87,,
93318,MJ6214T1-2-M-206,0,0,0,249.87,,
93319,MJ6214T1-2-L-206,0,0,0,249.87,,
93320,MJ6214T1-2-XL-206,0,0,0,249.87,,
93321,MJ6214T1-2-XXL-206,0,0,0,249.87,,
93322,MJ6214T1-2-XXXL-206,0,0,0,249.87,,
93323,MD318802-2-0-202,27,5,22,272.49,,
93324,MJ6214T1-33-S-206,0,0,0,249.87,,
93325,MJ6214T1-33-M-206,2,2,0,249.87,,
93326,MJ6214T1-33-L-206,2,2,0,249.87,,
93327,MJ6214T1-33-XL-206,1,1,0,249.87,,
93328,MJ6214T1-33-XXL-206,0,0,0,249.87,,
93329,MJ6214T1-33-XXXL-206,0,0,0,249.87,,
93330,MJ6214T3-239-S-206,0,0,0,357.49,,
93331,MJ6214T3-239-M-206,0,0,0,357.49,,
93332,MJ6214T3-239-L-206,0,0,0,357.49,,
93333,MJ6214T3-239-XL-206,0,0,0,357.49,,
93334,MJ6214T3-239-XXL-206,0,0,0,357.49,,
93335,MJ6214T3-239-XXXL-206,0,0,0,357.49,,
93352,P12848-100BK-MS,0,0,0,362.67,,
93354,P13371-320TEBGR,0,0,0,207.33,,
93355,P13371-361TEBCL,0,0,0,207.33,,
93356,P13371-361TEBBK,0,0,0,207.33,,
93357,P13371-361TEBGR,0,0,0,207.33,,
93358,48-PSP-410-A,2,0,2,726.79,,
93359,XT-SF-250-K6,2,0,2,986.21,,
93362,P12902-100GR,0,0,0,86.09,,
93363,P13157-170TEBCL,0,0,0,255.57,,
93364,P13157-170TEBGR,0,0,0,255.57,,
93365,P13157-170TEBBK,3,3,0,255.57,,
93372,MV5606-4-S-216,0,0,0,120.39,,
93373,MV5606-4-M-216,0,0,0,120.39,,
93374,MV5606-4-L-216,0,0,0,120.39,,
93376,MV5606-4-XL-216,0,0,0,120.39,,
93377,MV5606-4-XXL-216,0,0,0,120.39,,
93379,MV5606-4-XXXL-216,0,0,0,120.39,,
93389,P12848-1300TEBCL,1,0,1,539.08,,
93391,P12848-1300TEBGR,0,0,0,539.08,,
93393,P12848-1300TEBBK,0,0,0,539.08,,
93396,P12848-1320TEBCL,2,1,1,539.08,,
93397,P12848-1320TEBGR,0,0,0,539.08,,
93398,P12848-1320TEBBK,0,0,0,539.08,,
93399,P13371-360TEBCL,0,0,0,207.33,,
93400,P12848-1360TEBCL,0,0,0,539.08,,
93401,P12848-1360TEBGR,0,0,0,539.08,,
93402,P12848-1360TEBBK,0,0,0,539.08,,
93403,P12848-1361TEBCL,0,0,0,539.08,,
93404,P12848-1361TEBGR,0,0,0,539.08,,
93405,P12848-1361TEBBK,0,0,0,539.08,,
93406,P13228-300PCWH01,1,0,1,414.69,,
93407,P13228-135PCWH01,0,0,0,414.69,,
93408,P12848-2300TEBCL,1,0,1,373.19,,
93409,P12848-2300TEBGR,2,1,1,373.19,,
93410,P12848-2300TEBBK,2,1,1,373.19,,
93411,P12848-2320TEBCL,2,1,1,373.19,,
93412,P12848-2320TEBGR,0,0,0,373.19,,
93413,P12848-2320TEBBK,0,0,0,373.19,,
93414,P12848-2360TEBCL,0,0,0,373.19,,
93415,P12848-2360TEBGR,0,0,0,373.19,,
93416,P12848-2360TEBBK,0,0,0,373.19,,
93417,P12848-2361TEBCL,0,0,0,373.19,,
93418,P12848-2361TEBGR,0,0,0,373.19,,
93419,P12848-2361TEBBK,0,0,0,373.19,,
93426,MV8035-2-0-227,6,6,0,84.16,,
93427,MV8040-2-0-227,10,10,0,98.28,,
93428,FRBAP1319,16,12,4,30.17,,
93429,BE-EL-51004-DP,0,0,0,9.54,,
93430,BE-EL-31639-DP,0,0,0,24.47,,
93431,BE-EL-31640-DP,0,0,0,49.66,,
93432,BE-EL-51047-DP,0,0,0,15.57,,
93433,BE-EL-31643-DP,7,0,7,16.97,,
93434,BE-AN-50299-DP,7,4,3,18.30,,
93435,BE-AN-50301-DP,4,2,2,34.55,,
93441,OBI9000H-DS,0,0,0,520.96,,
93444,611513,0,0,0,97.99,144.19,
93464,SXV300M1,23,12,11,69.74,,
93467,010-11169-00,0,0,0,59.99,,
93472,010-12166-00,9,0,9,18.75,,
93474,02381,3,0,3,37.08,50.75,
93475,02470,20,8,12,40.49,55.42,
93476,02471,7,3,4,45.59,62.39,
93477,02472,3,0,3,68.56,93.84,
93478,02473,5,0,5,59.28,81.13,
93479,02474,4,1,3,63.28,86.62,
93482,28510700,4,2,2,308.37,,
93483,28010700,0,0,0,323.19,,
93484,28011000,0,0,0,412.28,,
93485,28011500,0,0,0,616.05,,
93486,28012000,0,0,0,816.28,,
93487,28012500,0,0,0,1070.95,,
93488,28013500,0,0,0,1412.17,,
93489,70405060,0,0,0,193.57,,
93490,70405070,0,0,0,238.95,,
93491,83301202,0,0,0,144.15,,
93492,83309002,3,0,3,234.67,,
93494,010-C1357-30,0,0,0,181.99,,
93495,010-C1358-30,0,0,0,181.99,,
93496,010-C1359-30,0,0,0,98.58,,
93497,010-C1360-30,0,0,0,98.58,,
93498,010-C1361-30,0,0,0,98.58,,
93499,010-C1362-30,0,0,0,98.58,,
93500,010-C1363-30,0,0,0,98.58,,
93513,MA7348-4-0-227,11,1,10,46.03,,
93514,MA6000-13-0-101,4,2,2,60.83,,
93515,MA6000-2-0-101,3,3,0,60.83,,
93518,010-02536-00,2,0,2,412.49,,
93519,010-02536-10,0,0,0,472.49,,
93520,010-12545-03,6,6,0,37.49,,
93524,HE-EL3,0,0,0,164.28,281.99,
93564,134212R,1,0,1,74.99,,
93573,GP2040-16,0,0,0,334.53,,
93579,B45-DT-9N,0,0,0,246.14,324.99,
93582,890086WDP,2,0,2,24.50,,
93583,62-542-TR-WT,6,0,6,52.44,,
93585,0315DP1STS,15,10,5,7.35,,
93586,0315DP2STS,20,11,9,9.12,,
93587,0330DP1STS,23,16,7,6.68,,
93588,0330DP2STS,0,0,0,9.12,,
93589,M0616,0,0,0,11.93,,
93590,2018MB,1,0,1,18.99,,
93612,BK-0019-C,0,0,0,29.29,,
93614,11185,0,0,0,8.33,,
93637,MDA-5H,8,5,3,839.30,,
93666,010-13228-04,3,1,2,89.99,,
93667,010-13228-03,2,1,1,29.99,,
93668,010-13228-02,0,0,0,29.99,,
93669,010-13228-01,5,1,4,29.99,,
93670,010-13228-00,18,14,4,112.49,,
93672,HT1424AW,2,0,2,194.19,,
93673,Z76-8000POL25.5-1,0,0,0,103.27,,
93678,RBA-200-ROP,0,0,0,320.63,,
93679,RTB-50,4,4,0,70.63,,
93680,RTB-75,0,0,0,79.38,,
93689,ARG-2,13,12,1,15.00,,
93690,ARG-3,6,6,0,15.56,,
93692,010-12953-01,0,0,0,39.99,,
93695,ARG-1,17,12,5,13.89,,
93696,E70640,0,0,0,1055.99,,
93697,SH-003,3,2,1,220.14,,
93698,B00070501,3,1,2,148.83,239.58,
93710,010-13267-00,5,3,2,29.99,,
93717,010-13266-20,1,1,0,89.99,,
93718,010-13269-20,1,1,0,22.49,,
93719,010-13266-30,1,0,1,22.49,,
93720,010-13270-00,4,2,2,22.49,,
93721,010-13269-00,3,3,0,22.49,,
93724,010-13273-00,2,1,1,22.49,,
93729,010-13274-10,2,2,0,37.49,,
93730,010-13275-00,2,2,0,19.99,,
93732,010-13276-00,2,2,0,22.49,,
93735,010-13269-40,0,0,0,22.49,,
93737,02475,6,0,6,69.64,95.33,
93738,02476,2,0,2,84.36,115.47,
93739,02477,3,0,3,126.87,173.66,
93740,02479,3,0,3,13.95,19.08,
93741,02480,4,0,4,19.37,26.52,
93742,02481,1,0,1,31.45,43.05,
93743,03-REV-BH,6,0,6,65.99,,
93744,62632,4,2,2,50.93,,
93759,010-13101-20,0,0,0,77.99,,
93760,010-13101-10,0,0,0,77.99,,
93761,010-13101-00,0,0,0,77.99,,
93763,1630001,8,6,2,52.41,,
93765,1640002,12,3,9,47.14,,
93766,11850,2,2,0,531.37,,
93771,6275,6,2,4,170.17,255.25,
93776,09-36012,9,9,0,7.05,,
93779,RF15107,0,0,0,10.51,16.06,
93788,LFV-12VA,3,3,0,55.68,,
93793,97EHD-190-24-IG,0,0,0,2999.48,,
93796,CT3916,0,0,0,1195.43,,
93797,CT3918,1,0,1,1265.96,,
93798,CT3920,0,0,0,1425.60,,
93799,CT3920XS,0,0,0,1548.11,,
93800,CT3922,0,0,0,1737.45,,
93801,CT3924,0,0,0,1770.86,,
93802,CT3926,0,0,0,1837.69,,
93806,GP1600-17,0,0,0,341.81,,
93809,400-080-26,0,0,0,1289.72,,1450.93
93814,CABLE-STARTER-1,2,1,1,136.08,,
93827,MC0075-1084,1,1,0,57.37,,
93828,MC0075-1133,0,0,0,57.37,,
93830,MRV050WR-251-XS/S-216,0,0,0,94.39,,
93831,MRV050WR-251-M/L-216,6,6,0,94.39,,
93832,MRV050WR-251-XL/XXL-216,8,8,0,94.39,,
93834,325181-3,8,4,4,53.50,,
93835,325188-1,5,4,1,43.46,,
93836,325189-1,7,4,3,32.91,,
93837,403051-1,1,1,0,45.76,,
93839,FVSGEL185R05A00,2,0,2,45.52,,
93840,F4-A100-S,1,0,1,2499.99,,
93848,010-02732-10,2,1,1,674.99,,
93849,010-02732-11,1,1,0,1237.49,,
93855,25507,10,5,5,56.36,,
93856,25650,2,2,0,14.50,,
93857,25653,3,1,2,25.71,,
93858,39062,0,0,0,40.45,,
93859,39511,27,5,22,15.23,,
93860,39513,0,0,0,13.83,,
93861,98-1805,3,0,3,7.03,,
93862,98-1810,2,0,2,8.08,,
93863,98-1815,5,0,5,9.14,,
93864,39834,54,5,49,3.20,,
93865,98-2510,4,0,4,9.14,,
93866,98-2515,2,0,2,10.23,,
93867,98-2520,3,0,3,11.26,,
93868,98-3110,2,0,2,9.97,,
93869,98-3115,4,0,4,10.90,,
93870,98-3120,0,0,0,12.03,,
93871,70-07,0,0,0,23.97,,
93872,70-27,5,0,5,42.41,,
93873,77-17-BLK,2,0,2,5.74,,
93874,43031,3,2,1,23.41,,
93875,77-17-RED,3,0,3,5.74,,
93876,70-94,2,0,2,33.44,,
93877,43041,3,0,3,28.53,,
93878,70-95,8,3,5,42.92,,
93879,43051,20,20,0,35.99,,
93880,70-96,1,0,1,48.95,,
93881,70-98,2,0,2,67.67,,
93882,60-75,1,0,1,33.78,,
93883,60-120,9,0,9,44.14,,
93884,60-150,3,0,3,63.33,,
93885,43061,1,1,0,42.35,,
93886,60-200,5,1,4,111.38,,
93887,93-21,0,0,0,18.59,,
93888,93-33,3,0,3,15.42,,
93889,78-75,3,0,3,39.27,,
93890,36-18,0,0,0,162.86,,
93891,36-17,2,0,2,173.18,,
93892,43623,17,13,4,13.89,,
93893,44423,0,0,0,29.03,,
93894,44425,1,1,0,53.83,,
93895,44512,4,2,2,38.51,,
93896,44521,8,4,4,39.60,,
93897,44527,6,2,4,45.65,,
93898,44550,5,3,2,107.18,,
93899,44591,1,1,0,21.69,,
93907,SFH,26,26,0,11.54,,
93915,39080,9,5,4,21.80,,
93916,39085,133,128,5,40.61,,
93917,39319,5,2,3,12.47,,
93918,39736,15,9,6,12.32,,
93919,39741,24,21,3,44.67,,
93920,39761,7,6,1,35.43,,
93921,39764,26,10,16,20.98,,
93922,39765,6,0,6,17.84,,
93926,39812,14,7,7,12.96,,
93927,39847,40,27,13,6.59,,
93929,39855,6,5,1,16.21,,
93930,39857,14,10,4,6.60,,
93931,39859,6,6,0,52.80,,
93932,39861,17,14,3,52.67,,
93934,39865,8,5,3,26.71,,
93935,39867,15,15,0,63.43,,
93938,187690,6,6,0,11.20,,
93939,22577,7,3,4,21.25,,
93941,22597,9,7,2,40.08,,
93942,40634,2,2,0,47.75,,
93947,ARG-506,17,17,0,3.33,,
93953,19-0618,0,0,0,48.00,,
93954,QUA245021010,0,0,0,2030.48,,2504.95
93958,PHRKIIU,22,16,6,62.35,,
93959,3226,6,2,4,140.84,211.95,
93960,07001,5,2,3,92.99,139.40,
93961,07150,2,0,2,333.29,456.20,
93968,B45-DT-8G,0,0,0,250.88,324.99,
93970,100-368-954-10,0,0,0,39.09,,
93972,DS30-P-BLK-3,3,2,1,73.19,,
93973,DS30-P-BLK-5,1,1,0,121.99,,
93974,DS-H10-BLK-3,7,4,3,66.51,,
93975,DS-H10-BLK-5,3,2,1,111.14,,
93976,DS30-P-5,7,3,4,121.99,,
93977,DS30-P-3,13,6,7,73.19,,
93978,DS-H6-BLK-3,10,5,5,48.80,,
93979,DS-H6-BLK-5,6,3,3,81.33,,
93980,DS21A-P-BLK-3,0,0,0,68.31,,
93981,DS21A-P-BLK-5,0,0,0,113.86,,
93982,50533PK,0,0,0,7.50,,
93983,35.2STA,0,0,0,766.59,1013.95,
93984,35.2STC,0,0,0,852.35,1126.95,
93985,35.2STCCC,0,0,0,1278.00,1689.95,
93986,40.2STA,0,0,0,871.41,1151.95,
93987,40.2STC,0,0,0,973.06,1286.95,
93988,40.2STCCC,0,0,0,1348.41,1782.95,
93989,46.2STA,0,0,0,1184.29,1565.95,
93990,46.2STC,0,0,0,1420.41,1877.95,
93991,46.2STCCC,0,0,0,1775.65,2347.95,
93992,50.2STA,0,0,0,1846.06,2440.95,
93993,50.2STC,0,0,0,2059.41,2722.95,
93994,50.2STCCC,0,0,0,2840.82,3755.95,
93997,TFR-230,11,11,0,63.25,,
93998,TFR-280,0,0,0,73.09,,
93999,TFR-402,0,0,0,19.19,,
94000,TFR-403,8,8,0,13.99,,
94001,TFR-404,13,11,2,20.32,,
94002,APT-LB-L1,10,7,3,202.50,,
94010,883-0105-12,0,0,0,397.84,,
94011,883-0125-12,0,0,0,495.01,,
94012,883-0240-12,0,0,0,1599.99,,
94022,819-0120-12,2,1,1,1330.11,,
94029,808-0817-03,0,0,0,77.38,,
94031,TFR-280-2,0,0,0,193.68,,
94038,HT1115AW,0,0,0,132.50,,
94044,000-12292-001,1,1,0,152.61,,
94047,"F-1 BLUE",0,0,0,45.11,,
94048,"F-2 BLUE",0,0,0,61.84,,
94049,"F-3 BLUE",0,0,0,84.72,,
94050,"F-4 BLUE",0,0,0,107.67,,
94051,"F-5 BLUE",0,0,0,110.61,,
94052,"F-6 BLUE",5,5,0,143.95,,
94053,"F-7 BLUE",0,0,0,219.87,,
94054,"F-8 BLUE",0,0,0,366.89,,
94055,"F-10 BLUE",0,0,0,420.35,,
94059,"CS 02906",12,6,6,21.35,29.95,
94065,1935,0,0,0,409.42,,
94067,PST-1000F-12,0,0,0,445.80,614.90,
94072,PIN122122500,5,2,3,237.70,,293.25
94073,BPC241247106,18,8,10,146.73,,186.15
94075,720119-1,0,0,0,90.91,,
94083,2155747,14,7,7,68.46,,
94089,89-428-155,14,14,0,1.40,,
94107,20RSB,261,44,217,46.91,,
94110,CABLE-STARTER-2,0,0,0,196.12,,
94118,MV3128T2-2-XL-216,31,29,2,60.00,,
94120,"G-1 SAND W/AIR ADAPTER",8,8,0,12.76,,
94121,"G-2 SAND W/AIR ADAPTER",9,9,0,12.00,,
94122,"G-3 SAND W/AIR ADAPTER",0,0,0,18.64,,
94123,"G-4 SAND W/AIR ADAPTER",0,0,0,28.00,,
94124,"G-5 SAND W/AIR ADAPTER",0,0,0,53.57,,
94125,"G-6 SAND W/AIR ADAPTER",0,0,0,70.59,,
94130,"MOROSINI U/CH/B",5,3,2,175.15,,
94133,HE-BD22,0,0,0,254.74,417.99,
94134,NISIDA-B/B,5,3,2,134.99,,
94135,V27,5,3,2,108.28,,
94144,36010,4,0,4,285.49,427.98,
94145,36020,4,0,4,364.08,545.79,
94146,36030,2,0,2,539.64,808.99,
94147,10193,5,3,2,34.08,,
94148,10192,2,0,2,76.55,,
94151,07053,4,0,4,230.45,345.48,
94152,07052,5,2,3,193.49,290.06,
94153,07051,5,0,5,163.77,245.52,
94157,HE-BD14,1,0,1,179.80,294.99,
94170,SCM-RAL-RGB-0.5,0,0,0,15.25,,22.00
94171,SCM-RAL-RGB-0.4-AB,0,0,0,12.99,,18.50
94172,SCM-RAL-RGB-0.4-PW,6,6,0,11.89,,16.99
94173,SC3-CC-ALSM,0,0,0,193.90,,279.00
94174,SC3-BB-ALSM,4,2,2,169.51,,249.00
94175,SC3-GW-ALSM,4,2,2,169.51,,249.00
94179,REC040010210R,33,13,20,16.54,,20.40
94206,FSDP20512007B00,0,0,0,1393.68,,
94208,WS-C15,0,0,0,123.93,158.76,
94211,SCU-38,33,6,27,23.33,,
94212,400-401,0,0,0,115.59,,130.03
94213,400-401-B,0,0,0,115.59,,130.03
94214,B4-209DN2,0,0,0,2207.18,,
94215,B4-209DNSB2,0,0,0,2343.29,,
94216,B4-309DN2,0,0,0,2795.18,,
94217,B4-309DNSB2,0,0,0,2931.29,,
94218,MA0094-0-0-101,1,0,1,9.21,,
94220,MLS-410SP-B,6,5,1,33.32,,
94222,FNQNCCHCF000A00,5,2,3,680.15,,
94224,0057206,2,1,1,376.39,,
94225,0057406,0,0,0,157.27,,
94226,0057905,0,0,0,52.79,,
94227,0057907,0,0,0,72.97,,
94228,HKG-S8,0,0,0,29.30,,
94229,29060152BK,0,0,0,252.91,,
94230,29461354BK,0,0,0,566.15,,
94231,29462354BK,0,0,0,757.58,,
94233,49515055,0,0,0,646.02,,
94234,49515056,0,0,0,720.42,,
94235,49515057,0,0,0,646.02,,
94236,49530055,0,0,0,999.22,,
94237,49530056,0,0,0,1092.31,,
94238,49530057,0,0,0,999.22,,
94239,49540055,0,0,0,1203.77,,
94240,49540056,1,0,1,1132.89,,
94241,49540057,0,0,0,1203.77,,
94242,49545055,1,1,0,1380.18,,
94243,49545056,0,0,0,1719.73,,
94244,49545057,1,1,0,1380.18,,
94245,49550055,0,0,0,2069.70,,
94246,49550056,0,0,0,2301.41,,
94247,49550057,0,0,0,2069.70,,
94248,88961,0,0,0,3.74,,
94249,88961-1,0,0,0,9.36,,
94250,88961-2,0,0,0,9.36,,
94251,88961-3,0,0,0,9.36,,
94253,49555055,0,0,0,2928.14,,
94254,49555056,0,0,0,3207.00,,
94255,49555057,0,0,0,2928.14,,
94256,589012,0,0,0,13.89,,
94257,SWIVEL500F,1,1,0,96.74,,
94258,66840066,0,0,0,192.84,,
94259,SS180003,4,1,3,47.33,,
94260,SS180007,2,0,2,68.58,,
94261,589150,7,4,3,15.49,,
94262,589842,2,0,2,151.93,,
94263,68000593,2,1,1,69.29,,
94264,68000917,1,0,1,40.53,,
94265,68000918,2,0,2,40.53,,
94266,39660070,0,0,0,794.82,,
94267,39910030,5,3,2,293.18,,
94268,FPWCS8300000,2,0,2,77.40,,
94272,SWIVEL312F,3,2,1,51.45,,
94273,0057910,0,0,0,93.14,,
94274,68000856,4,4,0,38.57,,
94275,89400470,1,0,1,18.56,,
94276,SS180001,3,1,2,42.60,,
94277,0057404,0,0,0,105.05,,
94278,69000334,2,1,1,318.29,,
94279,66840070,1,1,0,38.57,,
94280,0057416,0,0,0,314.41,,
94281,0057205,0,0,0,372.55,,
94282,0057915,0,0,0,132.96,,
94283,HM15HT200PX,1,0,1,433.38,,
94284,0058910,0,0,0,793.08,,
94285,69000331,0,0,0,181.81,,
94286,0057410,0,0,0,223.48,,
94296,010-02541-60,2,0,2,824.99,,
94297,589094,6,3,3,187.21,,
94298,589268,7,0,7,264.48,,
94299,589550,2,0,2,39.63,,
94300,590003LEW,2,0,2,1566.06,,
94301,591468,0,0,0,1659.27,,
94302,29140020,3,1,2,20.97,,
94303,29927201BK,2,1,1,44.47,,
94304,29145301,0,0,0,59.45,,
94305,29141010,5,1,4,60.33,,
94306,29925001BK,0,0,0,23.16,,
94307,29926001BK,1,1,0,31.96,,
94309,29145311,3,3,0,63.56,,
94310,29929001BK,5,3,2,100.97,,
94311,29196001,0,0,0,60.96,,
94312,29197201,4,2,2,97.00,,
94313,29925040,6,0,6,34.17,,
94314,29140042,0,0,0,104.88,,
94315,29927240,1,0,1,44.47,,
94316,360002990,0,0,0,9.90,,
94317,361680990,0,0,0,49.92,,
94318,393820862,1,1,0,335.64,,
94319,360869999,1,1,0,39.66,,
94320,89700820,0,0,0,127.01,,
94321,19701000,2,1,1,20.97,,
94322,68001249,2,2,0,79.18,,
94323,68001256,1,1,0,79.18,,
94324,19700401,0,0,0,53.36,,
94325,19712056,1,0,1,13.30,,
94326,68000939,6,1,5,131.11,,
94327,6670011108-312,2,0,2,933.81,,
94328,0052531,6,2,4,160.05,,
94329,6656411108-102,0,0,0,1286.42,,
94330,6656211967-310,5,1,4,1183.30,,
94331,6657011108-102,0,0,0,1166.00,,
94332,66000099,1,1,0,18.67,,
94333,6670011108,10,6,4,814.04,,
94334,6656011967,0,0,0,1025.51,,
94335,6656811967-303,0,0,0,760.20,,
94336,66000610,10,4,6,130.15,,
94337,68000883,4,4,0,40.53,,
94338,68000884,4,4,0,40.53,,
94339,68000888,5,1,4,90.27,,
94340,68000889,3,3,0,90.27,,
94341,68000240,0,0,0,103.90,,
94342,68000129,3,1,2,296.14,,
94343,66000616,1,0,1,254.46,,
94344,300-136+112G2,0,0,0,3084.23,,3469.75
94346,BPAJ,0,0,0,292.24,374.07,
94353,AHJC-4V-DP,7,4,3,1339.91,,
94355,AHJC-6V-DP,0,0,0,1210.55,,
94356,E-4209-06,3,1,2,88.75,,
94366,APD-2-DP,14,5,9,4.26,,
94367,010-13116-01,126,85,41,18.75,,
94368,010-13116-00,43,18,25,18.75,,
94383,SCM-LC-N2K,5,3,2,358.96,,489.00
94384,EVO-4248SP,0,0,0,1592.16,2196.00,
94385,APT-250-02,3,1,2,340.31,,
94386,MAWSTL10-2-0-101,3,1,2,25.00,,
94388,MGR300B,15,8,7,120.93,,
94389,02482,2,0,2,58.49,80.07,
94390,02493,3,0,3,73.93,101.19,
94391,02673,0,0,0,81.41,111.44,
94392,02776,3,0,3,170.99,234.05,
94395,06331,5,0,5,16.77,22.95,
94396,06341,5,0,5,25.40,34.77,
94397,06351,5,0,5,38.41,52.57,
94398,06361,1,0,1,59.45,81.39,
94399,06490,6,0,6,19.32,26.44,
94400,06491,4,0,4,21.08,28.86,
94401,06492,6,0,6,32.11,43.95,
94402,06493,5,0,5,32.41,44.37,
94403,06604,1,0,1,39.83,59.71,
94404,06605,9,5,4,55.79,83.64,
94405,06606,6,1,5,79.69,119.47,
94406,07007,8,0,8,150.55,225.68,
94407,07008,3,0,3,231.91,347.65,
94408,7485W,2,0,2,87.28,119.47,
94409,09605,1,0,1,24.84,37.23,
94410,10112,1,0,1,31.97,,
94411,10122,7,5,2,39.07,,
94413,11203,3,0,3,34.37,47.05,
94414,11204,4,0,4,47.44,64.94,
94415,11205,4,0,4,73.72,100.90,
94416,11206,3,0,3,110.85,151.73,
94427,TR7412UB-OR,20,11,9,102.78,,
94428,TR7423UB-OR,3,2,1,129.32,,
94429,TR4512UBA-OR,0,0,0,149.88,,
94431,TRD7422U-OR,0,0,0,150.80,,
94434,TR7411U-ORK,0,0,0,87.92,,
94435,TR7412UB-ORK,24,11,13,109.15,,
94438,AC1111/330,1,0,1,4.78,,
94460,0582DPS99A,8,8,0,41.94,,
94461,010-C1237-00,0,0,0,187.49,,
94464,536810C,4,0,4,105.06,164.99,
94465,536800S,3,1,2,123.55,214.99,
94466,536810S,0,0,0,123.55,214.99,
94467,53696,8,6,2,7.04,,
94470,"096000099A ",0,0,0,15.13,,
94477,8664,4,4,0,85.34,,
94478,8665,1,0,1,103.67,,
94479,8666,5,3,2,140.37,,
94483,FT1PXC-K,0,0,0,143.93,,
94484,VP000080,4,4,0,12.74,,
94485,010-13094-00,5,0,5,29.99,,
94486,550103,8,5,3,528.41,,
94487,550503,8,5,3,590.23,,
94488,550101A,0,0,0,501.16,,
94489,550101ANE,0,0,0,483.13,,
94490,550503NE,1,0,1,543.78,,
94493,AC-1100-OB-S,0,0,0,278.13,,
94494,AC-1100-OB-M,0,0,0,278.13,,
94495,AC-1100-OB-L,0,0,0,278.13,,
94496,AC-1100-OB-XL,0,0,0,278.13,,
94497,AC-1100-OB-XXL,0,0,0,278.13,,
94498,AB-1100-OB-S,0,0,0,251.25,,
94499,AB-1100-OB-M,0,0,0,251.25,,
94500,AB-1100-OB-L,0,0,0,251.25,,
94501,AB-1100-OB-XL,0,0,0,251.25,,
94503,AB-1100-OB-XXL,0,0,0,251.25,,
94507,0057310,0,0,0,1183.16,,
94508,HNVGA,0,0,0,27.50,,
94510,HFLP,0,0,0,35.00,,
94511,CT3922-9004,0,0,0,1737.45,,
94514,55-0415,10,9,1,15.61,,
94515,"CT8718CR   ",0,0,0,673.96,,
94516,ACC-DF-1000,0,0,0,12.34,,
94517,ACC-DF-1062,0,0,0,6.46,,
94518,ACC-FF-1789,0,0,0,6.46,,
94519,ACC-FF-1550,0,0,0,3.87,,
94520,ACC-FF-1833,0,0,0,23.52,,
94521,ACC-FF-1642,0,0,0,3.87,,
94524,077700299A,0,0,0,29.14,,
94525,"CT8720CR     ",0,0,0,753.92,,
94537,LLB-51MC-81-00,1,1,0,94.99,,
94540,6656011967-310,3,2,1,1062.83,,
94541,SC20-BLK,0,0,0,357.19,,
94550,"000-15141-001 ",0,0,0,26.69,,
94576,010-12800-00,0,0,0,14.99,,
94601,MHS338BT,15,8,7,223.42,,
94672,20407021,16,7,9,41.44,,
94675,010-12824-00,0,0,0,37.49,,
94676,ASS030066100,21,11,10,20.67,,25.50
94677,SCC115045212,4,0,4,186.03,,229.50
94678,66000620,4,0,4,155.41,,
94679,4138-131-E65,31,23,8,146.78,,
94682,AV-5001-HV-S/M,0,0,0,73.75,,
94683,AV-5001-HV-L/XL,0,0,0,73.75,,
94687,50002,8,5,3,586.01,,
94688,50003,10,6,4,617.65,,
94689,2157477,0,0,0,104.99,129.99,
94690,PA-1000-BK-U,0,0,0,46.88,,
94691,BC-9005,0,0,0,28.13,,
94693,UM725,9,4,5,124.34,,
94695,UM725BK,9,9,0,124.34,,
94696,UM725G,24,9,15,141.29,,
94698,UM725GBK,18,12,6,141.29,,
94700,UM725GBT,19,11,8,176.25,,
94702,UM725GBTBK,12,8,4,176.25,,
94705,UMRMIC,4,0,4,119.16,,
94706,UMRMICBK,8,5,3,119.16,,
94717,2156413,0,0,0,137.64,199.99,
94721,02995,6,0,6,54.23,81.30,
94722,1494,0,0,0,196.06,,
94723,1495,0,0,0,218.22,,
94724,1496,0,0,0,647.16,,
94725,1497,0,0,0,685.25,,
94726,1498,0,0,0,195.94,,
94727,1499,2,1,1,182.34,,
94729,1503,0,0,0,525.78,,
94730,1504,0,0,0,817.80,,
94731,1505,0,0,0,705.80,,
94732,2356100,7,3,4,28.95,,
94733,3121,1,1,0,622.46,,
94734,BFS-600,0,0,0,450.00,,
94735,3122,0,0,0,657.90,,
94736,3123,1,1,0,706.09,,
94737,3128,0,0,0,523.51,,
94738,3130,4,2,2,364.87,,
94739,3133,0,0,0,313.68,,
94740,3134,2,1,1,301.59,,
94741,3135,0,0,0,336.65,,
94742,2157474,0,0,0,236.46,324.99,
94754,5056100,143,0,143,31.71,,
94755,7718,0,0,0,153.66,,
94756,7718100,0,0,0,161.75,,
94757,7719,0,0,0,153.66,,
94758,7719100,0,0,0,161.75,,
94768,740215-1,22,22,0,315.00,,
94771,700068-1,30,30,0,223.19,,
94786,"FX-7 SHANK",4,2,2,87.99,,
94792,"FX-7 STOCK",4,2,2,8.98,,
94793,"FX-7 FLUKE",0,0,0,32.33,,
94794,"FX-7 CROWN",4,2,2,35.21,,
94795,"FX-7 CLIPSET",0,0,0,4.46,,
94796,"FX-7 MUDPALMSET",4,3,1,16.98,,
94797,"FX-11 SHANK",3,2,1,117.94,,
94798,"FX-11 STOCK",7,2,5,12.04,,
94799,"FX-11 FLUKE",2,0,2,43.33,,
94800,"FX-11 CROWN",3,2,1,45.73,,
94801,"FX-11 CLIPSET",0,0,0,6.46,,
94802,"FX-11 MUDPALMSET",3,1,2,16.98,,
94803,"FX-16 SHANK",0,0,0,186.13,,
94804,"FX-16 STOCK",4,1,3,19.00,,
94805,"FX-16 FLUKE",2,0,2,68.36,,
94806,"FX-16 CROWN",0,0,0,72.16,,
94807,"FX-16 CLIPSET",0,0,0,11.13,,
94808,"FX-16 MUDPALMSET",2,2,0,18.53,,
94809,"FX-23 SHANK",0,0,0,295.53,,
94810,"FX-23 STOCK",0,0,0,30.15,,
94811,"FX-23 FLUKE",0,0,0,108.56,,
94812,"FX-23 CROWN",0,0,0,114.60,,
94813,"FX-23 CLIPSET",0,0,0,17.44,,
94814,"FX-23 MUDPALMSET",0,0,0,30.88,,
94815,"FX-37 SHANK",0,0,0,511.41,,
94816,"FX-37 STOCK",0,0,0,48.63,,
94817,"FX-37 FLUKE",0,0,0,175.08,,
94818,"FX-37 CROWN",0,0,0,184.80,,
94819,"FX-37 CLIPSET",1,1,0,27.91,,
94820,"FX-37 MUDPALMSET",0,0,0,33.44,,
94821,"FX-55 SHANK",0,0,0,696.85,,
94822,"FX-55 STOCK",0,0,0,71.11,,
94823,"FX-55 FLUKE",0,0,0,255.99,,
94824,"FX-55 CROWN",0,0,0,270.21,,
94825,"FX-55 CLIPSET",0,0,0,42.78,,
94826,"FX-55 MUDPALMSET",0,0,0,33.44,,
94827,"FX-85 SHANK",0,0,0,1069.14,,
94828,"FX-85 STOCK",0,0,0,109.10,,
94829,"FX-85 FLUKE",0,0,0,392.75,,
94830,"FX-85 CROWN",0,0,0,414.58,,
94831,"FX-85 CLIPSET",0,0,0,49.10,,
94832,"FX-85 MUDPALMSET",0,0,0,33.44,,
94833,"FX-125 SHANK",0,0,0,1566.58,,
94834,"FX-125 STOCK",0,0,0,159.86,,
94835,"FX-125 FLUKE",0,0,0,575.48,,
94836,"FX-125 CROWN",0,0,0,607.45,,
94837,"FX-125 CLIPSET",0,0,0,71.94,,
94838,"FX-125 MUDPALMSET",0,0,0,33.44,,
94843,8121,2,1,1,176.72,,
94845,8421,0,0,0,197.39,,
94846,8521,4,2,2,197.39,,
94847,WUL6BK-25,3,3,0,34.04,,
94848,WUL6RD-25,3,2,1,34.04,,
94849,WUL6OR-25,0,0,0,34.04,,
94850,WUL6YL-25,1,1,0,34.04,,
94851,WUL6GN-25,3,2,1,34.04,,
94852,WUL6WH-25,0,0,0,34.04,,
94853,WUL6BK-50,2,1,1,65.77,,
94854,WUL6RD-50,2,0,2,65.77,,
94855,WUL6OR-50,0,0,0,65.77,,
94856,WUL6YL-50,0,0,0,65.77,,
94857,WUL6GN-50,3,1,2,65.77,,
94858,WUL6WH-50,6,3,3,65.77,,
94859,WUL6BK-100,1,1,0,123.46,,
94860,WUL6RD-100,0,0,0,123.46,,
94861,WUL6OR-100,0,0,0,123.46,,
94862,WUL6YL-100,0,0,0,123.46,,
94863,WUL6GN-100,6,2,4,123.46,,
94864,WUL6WH-100,0,0,0,123.46,,
94865,WUL6BK-250,3,1,2,300.00,,
94866,WUL6RD-250,3,3,0,300.00,,
94867,WUL6OR-250,0,0,0,300.00,,
94868,WUL6YL-250,0,0,0,300.00,,
94869,WUL6GN-250,0,0,0,300.00,,
94870,WUL6WH-250,0,0,0,300.00,,
94871,WUL6BK-500,0,0,0,600.00,,
94872,WUL6RD-500,0,0,0,600.00,,
94873,WUL6OR-500,0,0,0,600.00,,
94874,WUL6YL-500,0,0,0,600.00,,
94875,WUL6GN-500,0,0,0,600.00,,
94876,WUL6WH-500,0,0,0,600.00,,
94879,WUL6BK-FT,1,1,0,1.65,,
94882,WUL6RD-FT,90,90,0,1.65,,
94884,WUL6GN-FT,22,22,0,1.65,,
94886,WUL4BK-25,1,1,0,48.76,,
94887,WUL4RD-25,3,2,1,48.76,,
94888,WUL4YL-25,3,2,1,48.76,,
94889,WUL4GN-25,4,2,2,48.76,,
94890,WUL4WH-25,0,0,0,48.76,,
94891,WUL4BK-50,0,0,0,88.27,,
94892,WUL4RD-50,0,0,0,88.27,,
94893,WUL4YL-50,4,1,3,88.27,,
94894,WUL4GN-50,2,1,1,88.27,,
94895,WUL4WH-50,0,0,0,88.27,,
94896,WUL4BK-100,1,1,0,173.08,,
94897,WUL4RD-100,0,0,0,173.08,,
94898,WUL4YL-100,1,0,1,173.08,,
94899,WUL4GN-100,2,1,1,173.08,,
94900,WUL4WH-100,0,0,0,173.08,,
94901,WUL4BK-250,1,0,1,432.69,,
94902,WUL4RD-250,0,0,0,432.69,,
94903,WUL4YL-250,1,1,0,432.69,,
94904,WUL4GN-250,0,0,0,432.69,,
94905,WUL4WH-250,0,0,0,432.69,,
94906,WUL4BK-500,0,0,0,859.62,,
94907,WUL4RD-500,0,0,0,859.62,,
94908,WUL4YL-500,0,0,0,859.62,,
94909,WUL4GN-500,0,0,0,859.62,,
94910,WUL4WH-500,0,0,0,859.62,,
94913,WUL4BK-FT,10,10,0,2.35,,
94914,WUL4RD-FT,50,50,0,2.35,,
94915,WUL4YL-FT,3,3,0,2.35,,
94920,WUL2BK-25,4,2,2,76.15,,
94921,WUL2RD-25,0,0,0,76.15,,
94923,WUL2YL-25,1,1,0,76.15,,
94924,WUL2GN-25,0,0,0,76.15,,
94925,WUL2WH-25,2,1,1,76.15,,
94926,WUL2BK-50,3,0,3,143.08,,
94927,WUL2RD-50,0,0,0,143.08,,
94928,WUL2YL-50,4,2,2,143.08,,
94929,WUL2GN-50,2,1,1,143.08,,
94930,WUL2WH-50,2,2,0,143.08,,
94931,WUL2BK-100,0,0,0,278.08,,
94932,WUL2RD-100,0,0,0,278.08,,
94933,WUL2YL-100,1,1,0,278.08,,
94934,WUL2GN-100,0,0,0,278.08,,
94935,WUL2WH-100,5,4,1,278.08,,
94936,WUL2BK-250,2,1,1,675.00,,
94937,WUL2RD-250,0,0,0,675.00,,
94938,WUL2YL-250,0,0,0,675.00,,
94939,WUL2GN-250,0,0,0,675.00,,
94940,WUL2WH-250,0,0,0,675.00,,
94941,WUL2BK-500,0,0,0,1350.00,,
94942,WUL2RD-500,0,0,0,1350.00,,
94943,WUL2YL-500,0,0,0,1350.00,,
94944,WUL2GN-500,0,0,0,1350.00,,
94945,WUL2WH-500,0,0,0,1350.00,,
94946,WUL2BK-FT,15,15,0,3.66,,
94947,WUL2RD-FT,42,42,0,3.66,,
94948,WUL2YL-FT,25,25,0,3.66,,
94949,WUL1BK-25,2,2,0,98.65,,
94952,WUL1BK-50,0,0,0,180.00,,
94953,WUL1RD-50,2,0,2,180.00,,
94954,WUL1YL-50,3,1,2,180.00,,
94955,WUL1BK-100,3,1,2,355.38,,
94956,WUL1RD-100,3,2,1,355.38,,
94957,WUL1YL-100,5,2,3,355.38,,
94958,WUL1BK-250,0,0,0,859.62,,
94959,WUL1RD-250,0,0,0,859.62,,
94960,WUL1YL-250,0,0,0,859.62,,
94961,WUL1BK-500,0,0,0,1719.23,,
94962,WUL1RD-500,0,0,0,1719.23,,
94963,WUL1YL-500,0,0,0,1719.23,,
94964,WUL1BK-FT,9,9,0,4.77,,
94965,WUL1RD-FT,65,65,0,4.32,,
94966,WUL1YL-FT,24,24,0,4.32,,
94967,WUL1/0BK-25,3,1,2,111.92,,
94968,WUL1/0RD-25,0,0,0,111.92,,
94969,WUL1/0YL-25,0,0,0,111.92,,
94970,WUL1/0BK-50,2,0,2,211.15,,
94971,WUL1/0YL-50,2,1,1,211.15,,
94972,WUL1/0BK-100,2,2,0,417.69,,
94973,WUL1/0RD-100,1,1,0,417.69,,
94974,WUL1/0YL-100,0,0,0,417.69,,
94975,WUL1/0BK-FT,70,70,0,5.38,,
94976,WUL1/0RD-FT,92,92,0,5.38,,
94977,WUL1/0YL-FT,8,8,0,5.38,,
94978,WUL2/0BK-25,5,2,3,142.79,,
94979,WUL2/0RD-25,0,0,0,142.79,,
94980,WUL2/0YL-25,0,0,0,142.79,,
94981,WUL2/0BK-50,0,0,0,261.92,,
94982,WUL2/0RD-50,2,2,0,261.92,,
94983,WUL2/0YL-50,2,0,2,261.92,,
94984,WUL2/0BK-100,0,0,0,518.08,,
94985,WUL2/0RD-100,1,1,0,518.08,,
94986,WUL2/0YL-100,2,1,1,518.08,,
94987,WUL2/0BK-250,0,0,0,1277.88,,
94988,WUL2/0RD-250,0,0,0,1277.88,,
94989,WUL2/0YL-250,0,0,0,1277.88,,
94990,WUL2/0BK-FT,25,25,0,6.86,,
94991,WUL2/0RD-FT,194,194,0,6.86,,
94992,WUL2/0YL-FT,100,100,0,6.86,,
94993,WUL3/0BK-25,0,0,0,197.03,,
94994,WUL3/0RD-25,1,0,1,197.03,,
94996,WUL3/0BK-50,1,0,1,383.65,,
94997,WUL3/0RD-50,5,2,3,383.65,,
94998,WUL3/0YL-50,0,0,0,383.65,,
94999,WUL3/0BK-100,0,0,0,756.92,,
95000,WUL3/0RD-100,0,0,0,756.92,,
95001,WUL3/0YL-100,2,1,1,756.92,,
95002,WUL3/0BK-250,0,0,0,1866.35,,
95003,WUL3/0RD-250,0,0,0,1866.35,,
95004,WUL3/0YL-250,0,0,0,1866.35,,
95005,WUL3/0BK-FT,27,27,0,9.46,,
95006,WUL3/0RD-FT,39,39,0,9.46,,
95007,WUL3/0YL-FT,53,53,0,9.22,,
95008,WUL4/0BK-25,2,2,0,233.08,,
95009,WUL4/0RD-25,0,0,0,233.08,,
95010,WUL4/0YL-25,0,0,0,233.08,,
95011,WUL4/0BK-50,3,1,2,405.00,,
95012,WUL4/0RD-50,3,1,2,405.00,,
95013,WUL4/0YL-50,4,4,0,405.00,,
95014,WUL4/0BK-100,0,0,0,796.15,,
95015,WUL4/0RD-100,1,0,1,796.15,,
95016,WUL4/0YL-100,1,1,0,796.15,,
95017,WUL4/0BK-250,0,0,0,1978.85,,
95018,WUL4/0RD-250,0,0,0,1978.85,,
95019,WUL4/0YL-250,0,0,0,1978.85,,
95020,WUL4/0BK-FT,19,19,0,11.20,,
95021,WUL4/0RD-FT,0,0,0,11.20,,
95022,WUL4/0YL-FT,62,62,0,11.20,,
95023,WUL18BK-100,0,0,0,11.53,,
95024,WUL18BR-100,0,0,0,11.53,,
95025,WUL18RD-100,2,2,0,11.53,,
95026,WUL18OR-100,1,1,0,11.53,,
95027,WUL18YL-100,1,1,0,11.53,,
95028,WUL18GN-100,4,2,2,11.53,,
95029,WUL18BL-100,1,1,0,11.53,,
95030,WUL18VI-100,0,0,0,11.53,,
95031,WUL18GY-100,0,0,0,11.53,,
95032,WUL18WH-100,0,0,0,11.53,,
95033,WUL18BK-250,2,2,0,25.54,,
95034,WUL18BR-250,0,0,0,25.54,,
95035,WUL18RD-250,3,2,1,25.54,,
95036,WUL18OR-250,0,0,0,25.54,,
95037,WUL18YL-250,4,3,1,25.54,,
95038,WUL18GN-250,0,0,0,25.54,,
95039,WUL18BL-250,0,0,0,25.54,,
95040,WUL18VI-250,0,0,0,25.54,,
95041,WUL18GY-250,3,2,1,25.54,,
95042,WUL18WH-250,0,0,0,25.54,,
95043,WUL18BK-500,4,2,2,47.88,,
95044,WUL18BR-500,2,2,0,47.88,,
95045,WUL18RD-500,3,2,1,47.88,,
95046,WUL18OR-500,2,2,0,47.88,,
95047,WUL18YL-500,1,1,0,47.88,,
95048,WUL18GN-500,2,0,2,47.88,,
95049,WUL18BL-500,2,0,2,47.88,,
95050,WUL18VI-500,0,0,0,47.88,,
95051,WUL18GY-500,0,0,0,47.88,,
95052,WUL18WH-500,0,0,0,47.88,,
95053,WUL18BK-1000,3,2,1,87.69,,
95054,WUL18BR-1000,0,0,0,87.69,,
95055,WUL18RD-1000,0,0,0,87.69,,
95056,WUL18OR-1000,0,0,0,87.69,,
95057,WUL18YL-1000,0,0,0,87.69,,
95058,WUL18GN-1000,2,0,2,87.69,,
95059,WUL18BL-1000,0,0,0,87.69,,
95060,WUL18VI-1000,0,0,0,87.69,,
95061,WUL18GY-1000,0,0,0,87.69,,
95062,WUL18WH-1000,0,0,0,87.69,,
95063,WUL16BK-25,2,0,2,6.50,,
95064,WUL16BR-25,0,0,0,6.50,,
95065,WUL16RD-25,1,1,0,6.50,,
95066,WUL16OR-25,0,0,0,6.50,,
95067,WUL16YL-25,5,2,3,6.50,,
95068,WUL16GN-25,2,1,1,6.50,,
95069,WUL16LG-25,1,0,1,6.50,,
95070,WUL16BL-25,3,0,3,6.50,,
95071,WUL16LB-25,0,0,0,6.50,,
95072,WUL16VI-25,0,0,0,6.50,,
95073,WUL16GY-25,0,0,0,6.50,,
95075,WUL16WH-25,7,1,6,6.50,,
95076,WUL16TN-25,0,0,0,6.50,,
95077,WUL16PK-25,0,0,0,6.50,,
95078,WUL16BK-100,1,1,0,14.19,,
95079,WUL16BR-100,0,0,0,14.19,,
95080,WUL16RD-100,1,1,0,14.19,,
95081,WUL16OR-100,3,1,2,14.19,,
95082,WUL16YL-100,4,3,1,14.19,,
95083,WUL16GN-100,0,0,0,14.19,,
95084,WUL16LG-100,3,2,1,14.19,,
95085,WUL16BL-100,2,2,0,14.19,,
95086,WUL16LB-100,0,0,0,14.19,,
95087,WUL16VI-100,0,0,0,14.19,,
95088,WUL16GY-100,0,0,0,14.19,,
95089,WUL16WH-100,0,0,0,14.19,,
95090,WUL16TN-100,0,0,0,13.50,,
95091,WUL16PK-100,1,0,1,14.19,,
95092,WUL16BK-250,6,3,3,34.04,,
95093,WUL16BR-250,0,0,0,34.04,,
95094,WUL16RD-250,0,0,0,34.04,,
95095,WUL16OR-250,0,0,0,34.04,,
95096,WUL16YL-250,2,1,1,34.04,,
95097,WUL16GN-250,0,0,0,34.04,,
95098,WUL16LG-250,0,0,0,34.04,,
95099,WUL16BL-250,3,2,1,34.04,,
95100,WUL16LB-250,2,1,1,34.04,,
95101,WUL16VI-250,0,0,0,34.04,,
95102,WUL16GY-250,0,0,0,34.04,,
95103,WUL16WH-250,0,0,0,34.04,,
95104,WUL16TN-250,1,0,1,34.04,,
95105,WUL16PK-250,0,0,0,34.04,,
95106,WUL16BK-500,3,2,1,62.31,,
95107,WUL16BR-500,0,0,0,62.31,,
95108,WUL16RD-500,0,0,0,62.31,,
95109,WUL16OR-500,0,0,0,62.31,,
95110,WUL16YL-500,0,0,0,62.31,,
95111,WUL16GN-500,0,0,0,62.31,,
95112,WUL16LG-500,0,0,0,62.31,,
95113,WUL16BL-500,0,0,0,62.31,,
95114,WUL16LB-500,0,0,0,62.31,,
95115,WUL16VI-500,0,0,0,62.31,,
95116,WUL16GY-500,0,0,0,62.31,,
95117,WUL16WH-500,0,0,0,62.31,,
95118,WUL16TN-500,1,0,1,62.31,,
95119,WUL16PK-500,0,0,0,62.31,,
95120,WUL16BK-1000,6,3,3,123.46,,
95121,WUL16BR-1000,0,0,0,123.46,,
95122,WUL16RD-1000,0,0,0,123.46,,
95123,WUL16OR-1000,0,0,0,123.46,,
95124,WUL16YL-1000,0,0,0,123.46,,
95125,WUL16GN-1000,0,0,0,123.46,,
95126,WUL16LG-1000,0,0,0,123.46,,
95127,WUL16BL-1000,2,0,2,123.46,,
95128,WUL16LB-1000,0,0,0,123.46,,
95129,WUL16VI-1000,0,0,0,123.46,,
95130,WUL16GY-1000,0,0,0,123.46,,
95131,WUL16WH-1000,0,0,0,123.46,,
95132,WUL16TN-1000,0,0,0,123.46,,
95133,WUL16PK-1000,0,0,0,123.46,,
95135,MLS-410SP-W,3,2,1,33.32,,
95139,MLS-410PA-B,10,2,8,46.66,,
95141,WUL14GN-18,1,1,0,5.00,,
95142,MLS-410PA-W,4,3,1,46.66,,
95143,MLS-410LH-B,1,1,0,39.99,,
95145,MLS-410LH-W,6,0,6,39.99,,
95149,WUL14VI-18,2,2,0,5.00,,
95154,WUL14BK-25,2,1,1,7.47,,
95155,WUL14BR-25,0,0,0,7.47,,
95156,WUL14RD-25,2,2,0,7.47,,
95157,WUL14OR-25,0,0,0,7.47,,
95158,WUL14YL-25,3,1,2,7.47,,
95159,WUL14GR-25,4,3,1,7.47,,
95160,WUL14LG-25,3,1,2,7.47,,
95161,WUL14BL-25,3,2,1,7.47,,
95162,WUL14LB-25,1,1,0,7.47,,
95163,WUL14VI-25,0,0,0,7.47,,
95164,WUL14GY-25,0,0,0,7.47,,
95165,WUL14WH-25,0,0,0,7.47,,
95166,WUL14TN-25,0,0,0,7.47,,
95167,WUL14PK-25,0,0,0,7.47,,
95168,WUL14BK-100,7,1,6,20.19,,
95169,WUL14BR-100,2,1,1,20.19,,
95170,WUL14RD-100,7,2,5,20.19,,
95171,WUL14OR-100,4,2,2,20.19,,
95172,WUL14YL-100,4,1,3,20.19,,
95173,WUL14GN-100,3,1,2,20.19,,
95174,WUL14LG-100,3,1,2,20.19,,
95175,WUL14BL-100,7,2,5,20.19,,
95177,WUL14VI-100,0,0,0,20.19,,
95178,WUL14GY-100,0,0,0,20.19,,
95179,WUL14WH-100,1,1,0,20.19,,
95180,WUL14TN-100,3,1,2,20.19,,
95181,WUL14PK-100,4,2,2,20.19,,
95182,WUL14BK-250,5,2,3,49.33,,
95183,WUL14BR-250,0,0,0,49.33,,
95184,WUL14RD-250,4,2,2,49.33,,
95185,WUL14OR-250,0,0,0,49.33,,
95186,WUL14YL-250,2,1,1,49.33,,
95187,WUL14GN-250,0,0,0,49.33,,
95188,WUL14LG-250,0,0,0,49.33,,
95189,WUL14BL-250,0,0,0,49.33,,
95190,WUL14LB-250,0,0,0,49.33,,
95191,WUL14VI-250,0,0,0,49.33,,
95192,WUL14GY-250,0,0,0,49.33,,
95193,WUL14WH-250,0,0,0,49.33,,
95194,WUL14TN-250,0,0,0,49.33,,
95195,WUL14PK-250,0,0,0,49.33,,
95196,WUL14BK-500,2,1,1,90.58,,
95197,WUL14BR-500,0,0,0,90.58,,
95198,WUL14RD-500,4,3,1,90.58,,
95199,WUL14OR-500,0,0,0,90.58,,
95200,WUL14YL-500,0,0,0,90.58,,
95201,WUL14GN-500,0,0,0,90.58,,
95202,WUL14LG-500,0,0,0,90.58,,
95203,WUL14BL-500,4,2,2,90.58,,
95204,WUL14LB-500,0,0,0,90.58,,
95205,WUL14VI-500,0,0,0,90.58,,
95206,WUL14GY-500,0,0,0,90.58,,
95207,WUL14WH-500,1,1,0,90.58,,
95208,WUL14TN-500,3,1,2,90.58,,
95209,WUL14PK-500,0,0,0,90.58,,
95210,WUL14BK-1000,0,0,0,180.00,,
95211,WUL14BR-1000,0,0,0,180.00,,
95212,WUL14RD-1000,3,1,2,180.00,,
95213,WUL14OR-1000,1,0,1,180.00,,
95214,WUL14YL-1000,0,0,0,180.00,,
95215,WUL14GN-1000,1,0,1,180.00,,
95216,WUL14LG-1000,0,0,0,180.00,,
95217,WU14BL-1000,0,0,0,180.00,,
95218,WUL14LB-1000,0,0,0,180.00,,
95219,WUL14VI-1000,0,0,0,180.00,,
95220,WUL14GY-1000,0,0,0,180.00,,
95221,WUL14WH-1000,0,0,0,180.00,,
95222,WUL14TN-1000,0,0,0,180.00,,
95223,WUL14PK-1000,0,0,0,180.00,,
95224,CT3916-9002,0,0,0,1125.11,,
95235,WUL12BK-25,5,2,3,10.85,,
95236,WUL12BR-25,0,0,0,10.85,,
95237,WUL12RD-25,3,1,2,10.85,,
95238,WUL12OR-25,0,0,0,10.85,,
95239,WUL12YL-25,1,0,1,10.85,,
95241,WUL12BL-25,3,1,2,10.85,,
95242,WUL12VI-25,5,3,2,10.85,,
95243,WUL12GY-25,2,1,1,10.85,,
95244,WUL12WH-25,2,0,2,10.85,,
95245,WUL12BK-100,6,3,3,29.08,,
95246,WUL12BR-100,0,0,0,29.08,,
95247,WUL12RD-100,2,1,1,29.08,,
95248,WUL12OR-100,0,0,0,29.08,,
95249,WUL12YL-100,2,1,1,29.08,,
95250,WUL12GN-100,1,0,1,29.08,,
95251,WUL12BL-100,0,0,0,29.08,,
95252,WUL12VI-100,0,0,0,29.08,,
95253,WUL12GY-100,0,0,0,29.08,,
95254,WUL12WH-100,2,0,2,29.08,,
95255,WUL12BK-250,3,1,2,70.10,,
95256,WUL12BR-250,0,0,0,70.10,,
95257,WUL12RD-250,3,1,2,70.10,,
95258,WUL12OR-250,0,0,0,70.10,,
95259,WUL12YL-250,0,0,0,70.10,,
95260,WUL12GN-250,0,0,0,70.10,,
95261,WUL12BL-250,0,0,0,70.10,,
95262,WUL12VI-250,0,0,0,70.10,,
95263,WUL12GY-250,0,0,0,70.10,,
95264,WUL12WH-250,0,0,0,70.10,,
95265,WUL12BK-500,0,0,0,137.88,,
95266,WUL12BR-500,0,0,0,137.88,,
95267,WUL12RD-500,0,0,0,137.88,,
95268,WUL12OR-500,0,0,0,137.88,,
95269,WUL12YL-500,0,0,0,137.88,,
95270,WUL12GN-500,0,0,0,137.88,,
95271,WUL12BL-500,5,3,2,137.88,,
95272,WUL12VI-500,0,0,0,137.88,,
95273,WUL12GY-500,0,0,0,137.88,,
95274,WUL12WH-500,5,3,2,137.88,,
95303,WUL10VI-25,3,1,2,13.80,,
95304,WUL10GY-25,1,0,1,13.80,,
95306,WUL10BK-100,5,3,2,45.00,,
95307,WUL10BR-100,0,0,0,45.00,,
95308,WUL10RD-100,0,0,0,45.00,,
95310,WUL10YL-100,1,1,0,45.00,,
95311,WUL10GN-100,1,1,0,45.00,,
95312,WUL10BL-100,0,0,0,45.00,,
95313,WUL10VI-100,7,4,3,45.00,,
95314,WUL10GY-100,2,0,2,45.00,,
95315,WUL10WH-100,1,0,1,45.00,,
95316,WUL10BK-250,2,2,0,110.19,,
95317,WUL10BR-250,0,0,0,110.19,,
95318,WUL10RD-250,2,1,1,110.19,,
95320,WUL10YL-250,0,0,0,110.19,,
95321,WUL10GN-250,0,0,0,110.19,,
95322,WUL10BL-250,0,0,0,110.19,,
95323,WUL10VI-250,0,0,0,110.19,,
95324,WUL10GY-250,3,3,0,110.19,,
95325,WUL10WH-250,0,0,0,110.19,,
95326,WUL10BK-500,0,0,0,219.81,,
95327,WUL10BR-500,0,0,0,219.81,,
95328,WUL10RD-500,0,0,0,219.81,,
95330,WUL10YW-500,0,0,0,219.81,,
95331,WUL10GN-500,1,0,1,219.81,,
95332,WUL10BL-500,0,0,0,219.81,,
95333,WUL10VI-500,0,0,0,219.81,,
95334,WUL10GY-500,0,0,0,219.81,,
95335,WUL10WH-500,0,0,0,219.81,,
95346,WUL8BK-25,6,3,3,20.81,,
95347,WUL8RD-25,2,1,1,20.81,,
95348,WUL8YL-25,0,0,0,20.81,,
95349,WUL8GN-25,2,1,1,20.81,,
95350,WUL8WH-25,4,2,2,20.81,,
95351,WUL8BK-100,8,6,2,75.58,,
95352,WUL8RD-100,1,1,0,75.58,,
95353,WUL8YL-100,3,2,1,75.58,,
95354,WUL8GN-100,4,2,2,75.58,,
95356,WUL8WH-100,3,2,1,75.58,,
95357,WUL8BK-250,3,0,3,186.35,,
95358,WUL8RD-250,2,2,0,186.35,,
95359,WUL8YL-250,0,0,0,186.35,,
95360,WUL8GN-250,3,1,2,186.35,,
95361,WUL8WH-250,0,0,0,186.35,,
95362,WUL8BK-500,0,0,0,368.08,,
95363,WUL8RD-500,1,0,1,368.08,,
95364,WUL8YL-500,0,0,0,368.08,,
95365,WUL8GN-500,0,0,0,368.08,,
95366,WUL8WH-500,0,0,0,368.08,,
95367,WUL8BK-1000,0,0,0,700.38,,
95368,WUL8RD-1000,0,0,0,700.38,,
95369,WUL8YL-1000,0,0,0,700.38,,
95370,WUL8GN-1000,0,0,0,700.38,,
95371,WUL8WH-1000,0,0,0,700.38,,
95372,W18/2RYW-100,3,2,1,29.64,,
95373,W18/2RYW-250,0,0,0,70.94,,
95374,W18/2RYW-500,0,0,0,135.23,,
95375,W18/2YRW-1000,0,0,0,264.23,,
95376,W16/2RYW-100,3,3,0,31.38,,
95377,W16/2RYW-250,4,2,2,75.21,,
95378,2171001,7,1,6,17.81,,
95379,W16/2RYW-500,2,1,1,144.06,,
95380,W16/2RYW-1000,0,0,0,283.85,,
95381,W16/2RYW-FT,0,0,0,0.38,,
95384,W14/2RYW-100,0,0,0,43.92,,
95385,W142RYW-250,0,0,0,102.00,,
95386,W14/2RYW-500,0,0,0,211.96,,
95387,W14/2RYW-1000,0,0,0,421.38,,
95388,W14/2RYW-FT,124,124,0,0.54,,
95389,W12/2RYW-100,0,0,0,68.44,,
95390,W12/2RYW-250,0,0,0,164.92,,
95391,W12/2RYW-500,2,0,2,325.85,,
95392,W12/2RYW-1000,0,0,0,644.08,,
95393,914313,0,0,0,150.92,269.99,
95394,"G-5 SHANK",0,0,0,30.79,,
95395,"G-5 STOCK",0,0,0,6.73,,
95396,"G-5 FLUKE",0,0,0,15.39,,
95397,"G-5 CROWN",0,0,0,15.39,,
95398,"G-5 CLIPSET",0,0,0,3.84,,
95399,"G-5 MUDPALMSET",0,0,0,17.31,,
95400,"G-7 SHANK",3,2,1,38.49,,
95401,"G-7 STOCK",0,0,0,7.69,,
95402,"G-7 FLUKE",0,0,0,19.24,,
95403,"G-7 CROWN",3,2,1,19.24,,
95404,"G-7 CLIPSET",0,0,0,3.84,,
95405,"G-7 MUDPALMSET",1,0,1,17.31,,
95406,"G-11 SHANK",2,0,2,56.69,,
95407,"G-11 STOCK",2,2,0,11.54,,
95408,"G-11 FLUKE",3,1,2,28.34,,
95409,"G-11 CROWN",4,2,2,28.34,,
95410,"G-11 CLIPSET",4,2,2,5.24,,
95411,"G-11 MUDPALMSET",1,1,0,18.00,,
95412,"G-16 SHANK",0,0,0,81.89,,
95413,"G-16 STOCK",0,0,0,16.79,,
95414,"G-16 FLUKE",0,0,0,40.94,,
95415,"G-16 CROWN",0,0,0,40.94,,
95416,"G-16 CLIPSET",0,0,0,7.34,,
95417,"G-16 MUDPALMSET",0,0,0,18.89,,
95418,W10/2RYW-100,1,1,0,103.50,,
95419,W10/2RYW-250,5,2,3,249.23,,
95420,W10/2RYW-500,0,0,0,492.41,,
95421,W10/2RYW-1000,0,0,0,973.04,,
95422,W10/2RYW-FT,92,92,0,1.25,,
95423,W8/2RYW-50,0,0,0,86.27,,
95424,W8/2RYW-100,1,0,1,164.95,,
95425,W8/2RYW-250,0,0,0,409.79,,
95426,W8/2RYW-500,0,0,0,814.50,,
95427,"G-23 SHANK",0,0,0,139.90,,
95428,W6/2RYW-50,2,1,1,143.67,,
95429,"G-23 STOCK",0,0,0,28.43,,
95430,W6/2RYW-100,4,3,1,277.08,,
95431,"G-23 FLUKE",0,0,0,70.51,,
95432,W6/2RYW-250,2,1,1,684.53,,
95433,"G-23 CROWN",0,0,0,70.51,,
95434,"G-23 CLIPSET",0,0,0,12.50,,
95435,W6/2RYW-500,0,0,0,1361.08,,
95436,"G-23 MUDPALMSET",0,0,0,34.11,,
95437,"G-37 SHANK",0,0,0,221.80,,
95438,"G-37 STOCK",0,0,0,46.63,,
95439,"G-37 FLUKE",0,0,0,112.60,,
95440,"G-37 CROWN",0,0,0,112.60,,
95441,"G-37 CLIPSET",0,0,0,22.74,,
95442,W18/2DC-100,3,0,3,29.64,,
95443,"G-37 MUDPALMSET",0,0,0,34.11,,
95444,W18/2DC-250,1,0,1,70.94,,
95445,W18/2DC-500,2,1,1,135.23,,
95446,"G-55 SHANK",0,0,0,340.10,,
95447,"G-55 STOCK",0,0,0,70.51,,
95448,W18/2DC-1000,0,0,0,264.23,,
95449,"G-55 FLUKE",0,0,0,167.20,,
95450,"G-55 CROWN",0,0,0,167.20,,
95451,"G-55 CLIPSET",0,0,0,32.98,,
95452,W16/2DC-100,0,0,0,31.38,,
95453,"G-55 MUDPALMSET",0,0,0,34.11,,
95454,W16/2DC-250,3,2,1,75.21,,
95455,W16/2DC-500,0,0,0,144.06,,
95456,W16/2DC-1000,0,0,0,283.85,,
95457,"G-85 SHANK",0,0,0,509.59,,
95458,W14/2DC-100,0,0,0,43.92,,
95459,"G-85 STOCK",0,0,0,113.74,,
95460,"G-85 FLUKE",0,0,0,262.75,,
95461,"G-85 CROWN",0,0,0,262.75,,
95462,W14/2DC-250,2,2,0,107.23,,
95463,W14/2DC-500,0,0,0,211.96,,
95464,W14/2DC-1000,0,0,0,421.38,,
95465,"G-85 CLIPSET",0,0,0,58.00,,
95466,W12/2DC-100,4,3,1,68.44,,
95467,"G-85 MUDPALMSET",0,0,0,34.11,,
95468,W12/2DC-250,0,0,0,164.92,,
95469,W12/2DC-500,0,0,0,325.85,,
95470,"G-125 SHANK",0,0,0,756.43,,
95471,W12/2DC-1000,0,0,0,644.08,,
95472,"G-125 STOCK",0,0,0,170.61,,
95473,"G-125 FLUKE",0,0,0,390.15,,
95474,"G-125 CROWN",0,0,0,390.15,,
95475,"G-125 CLIPSET",0,0,0,95.54,,
95476,"G-125 MUDPALMSET",0,0,0,34.11,,
95477,W10/2DC-100,3,3,0,103.50,,
95478,W10/2DC-250,0,0,0,249.23,,
95479,W10/2DC-500,0,0,0,492.41,,
95480,W10/2DC-1000,0,0,0,973.04,,
95481,W10/2DC-FT,72,72,0,1.25,,
95482,W8/2DC-50,1,1,0,86.27,,
95483,W8/2DC-100,2,1,1,164.95,,
95484,W8/2DC-250,3,2,1,426.19,,
95485,W8/2DC-500,0,0,0,814.50,,
95486,W8/2DC-FT,100,100,0,2.08,,
95487,W6/2DC-50,1,1,0,143.67,,
95488,W6/2DC-100,0,0,0,277.08,,
95489,W6/2DC-250,2,0,2,684.53,,
95490,W6/2DC-500,0,0,0,1823.08,,
95491,W6/2DC-FT,25,25,0,3.46,,
95492,SC-CW-01F,23,10,13,61.83,,
95493,SC-CW-02F,32,19,13,61.83,,
95495,SC-CW-05F,68,36,32,99.75,,
95497,SC-CW-07F,7,6,1,61.83,,
95498,SC-CW-08F,16,9,7,75.89,,
95500,SC-CW-10F,16,9,7,95.58,,
95501,SC-CW-BZ,3,1,2,12.21,,
95502,WR16/2RYW-100,3,2,1,62.31,,
95503,WR16/2RYW-250,2,2,0,139.38,,
95504,WR16/2RYW-500,0,0,0,248.26,,
95505,WR14/2RYW-100,2,1,1,74.45,,
95506,WR14/2RYW-250,2,0,2,171.58,,
95507,WR14/2RYW-500,0,0,0,318.29,,
95508,WR12/2RYW-100,3,1,2,107.74,,
95509,WR12/2RYW-250,0,0,0,248.31,,
95510,WR12/2RYW-500,2,0,2,355.00,,
95511,WR10/2RYW-100,3,1,2,171.83,,
95512,WR10/2RYW-250,0,0,0,401.63,,
95513,WR10/2RYW-500,3,0,3,742.85,,
95514,W16/3-100,0,0,0,50.60,,
95515,W16/3-250,0,0,0,126.06,,
95516,010-13194-00,0,0,0,52.49,,
95517,W16/3-500,0,0,0,245.26,,
95518,W16/3-1000,0,0,0,484.50,,
95519,W14/3-100,0,0,0,68.94,,
95520,W14/3-250,0,0,0,169.27,,
95521,W14/3-500,0,0,0,324.92,,
95522,W14/3-1000,0,0,0,638.19,,
95523,W12/3-100,0,0,0,98.26,,
95524,W12/3-250,2,2,0,242.58,,
95525,W12/3-500,0,0,0,479.14,,
95526,W12/3-1000,0,0,0,946.62,,
95527,W10/3-100,0,0,0,145.58,,
95528,W10/3-250,0,0,0,362.65,,
95529,W10/3-500,0,0,0,723.58,,
95530,W8/3-50,3,2,1,136.06,,
95531,W8/3-100,0,0,0,265.28,,
95532,W8/3-250,0,0,0,659.05,,
95533,W8/3-500,0,0,0,1313.19,,
95534,W6/3-50,2,2,0,269.59,,
95535,W6/3-100,0,0,0,536.69,,
95536,W6/3-250,0,0,0,1313.69,,
95583,30302CASE,0,0,0,31.54,,
95584,30302,4,4,0,2.76,,
95588,BAT512110610,0,0,0,830.93,,1025.10
95589,BAT524110610,0,0,0,1527.51,,1884.45
95590,BAT524120610,0,0,0,2418.39,,2983.50
95614,HE-BD32,0,0,0,382.95,610.99,
95615,HE-BD42,0,0,0,485.88,779.99,
95617,10-044,1,1,0,16.09,,
95622,T10-322,0,0,0,55.98,,
95623,66810025,1,0,1,1561.39,,
95624,68000535,5,2,3,1617.96,,
95625,68000358,0,0,0,383.04,,
95626,SDTG2401001,6,3,3,1178.88,,1454.35
95628,10-912,4,3,1,20.48,,
95629,10-911,0,0,0,18.28,,
95636,010-02771-51,7,0,7,374.99,,
95637,010-02771-00,64,15,49,107.50,,
95641,010-02771-21,109,79,30,139.50,,
95648,010-02773-10,36,8,28,192.10,,
95650,010-02774-00,46,18,28,107.05,,
95658,CT3926-9003,0,0,0,1884.81,,
95659,800137CS,0,0,0,6.07,,
95661,SM-ACC3-RCGA-PUCK,2,1,1,80.26,,98.79
95663,740210-1,0,0,0,1266.71,,1499.99
95664,411840-1,0,0,0,87.12,,
95665,740211-1,1,0,1,172.86,,
95674,65001063,0,0,0,2.20,,
95675,66000102,1,1,0,113.31,,
95676,66000103,2,0,2,42.31,,
95677,66000104,2,1,1,25.43,,
95678,66000107,1,1,0,141.35,,
95679,66000108,1,1,0,20.41,,
95680,66000605,1,0,1,40.64,,
95681,66000612,0,0,0,146.06,,
95682,66000613,2,0,2,108.47,,
95683,66000614,1,0,1,42.31,,
95684,66000615,0,0,0,12.61,,
95692,A10-223,0,0,0,36.22,,
95693,A10-220,0,0,0,36.22,,
95694,A10-219,0,0,0,36.22,,
95695,A10-225,0,0,0,58.17,,
95696,10-187,3,0,3,33.65,,
95697,10-183,6,6,0,21.94,,
95698,10-182,7,7,0,18.28,,
95699,A10-272,0,0,0,13.72,,
95701,A10-230,0,0,0,34.57,,
95702,A10-231,0,0,0,34.57,,
95703,A10-232,0,0,0,34.57,,
95704,A10-890JB,0,0,0,48.84,,
95705,A10-890PB,0,0,0,48.84,,
95716,T10-346,0,0,0,31.70,,
95717,T10-347,0,0,0,39.62,,
95720,621-120-DV,3,0,3,635.40,,
95722,5530-36BP7,5,4,1,47.39,,
95723,5530-42BP7,6,1,5,53.45,,
95724,594-MW,6,3,3,208.46,,
95725,SC-USB-F2,26,5,21,36.56,,
95726,010-02773-00,83,39,44,181.99,,
95731,88531,0,0,0,1302.89,2034.99,
95761,CO10-272,0,0,0,33.54,,
95762,010-13089-10,0,0,0,77.99,,
95763,010-13089-00,0,0,0,58.49,,
95764,010-13089-30,0,0,0,25.99,,
95791,01-0432-11,0,0,0,14396.40,,
95792,01-0436-11,0,0,0,20156.40,,
95794,R70430,2,1,1,106.52,,
95801,39970812,0,0,0,1164.75,,
95803,S722-NY,5,4,1,72.64,,
95812,TM260-9N,0,0,0,1116.34,1499.00,
95813,6CM-D5OS,6,4,2,213.50,259.25,
95814,10CM-D5OS,8,4,4,311.50,378.25,
95815,20CCM-D5OS,11,4,7,493.50,599.25,
95816,30CCM-D5OS,6,1,5,682.50,828.75,
95817,40CCM-D5OS,5,1,4,875.00,1062.50,
95818,50CCM-D5OS,7,3,4,1148.00,1394.00,
95820,20CC-D5OS,2,0,2,476.00,578.00,
95821,30CC-D5OS,1,1,0,658.00,799.00,
95822,40CC-D5OS,1,1,0,822.50,998.75,
95823,50CC-D5OS,2,0,2,1036.00,1258.00,
95824,4F-D5OS,2,0,2,161.00,195.50,
95825,4S-D5OS,0,0,0,161.00,195.50,
95826,6C-D5OS,1,1,0,192.50,233.75,
95827,20C-D5OS,0,0,0,476.00,578.00,
95828,10C-D5OS,4,1,3,290.50,352.75,
95829,30C-D5OS,0,0,0,658.00,799.00,
95830,40C-D5OS,0,0,0,822.50,998.75,
95831,50C-D5OS,0,0,0,1036.00,1258.00,
95832,20SL-D5OS,0,0,0,476.00,578.00,
95833,10CM-S5OS,2,0,2,234.50,284.75,
95834,20CM-S5OS,2,0,2,385.00,467.50,
95837,SS125-REC-KIT,0,0,0,51.41,,
95838,30CM-S5OS,5,3,2,532.00,646.00,
95839,40CM-S5OS,0,0,0,686.00,833.00,
95840,50CM-S5OS,2,0,2,875.00,1062.50,
95841,6C-S5OS,0,0,0,143.50,174.25,
95842,MAL-RGB,7,4,3,43.40,52.70,
95843,RL-W,3,3,0,35.00,42.50,
95844,RL-R,3,3,0,35.00,42.50,
95845,RL-A,7,6,1,35.00,42.50,
95846,RL-G,2,0,2,35.00,42.50,
95847,RL-B,2,0,2,35.00,42.50,
95848,RL-RGB,6,4,2,43.40,52.70,
95849,RGB-C,3,2,1,43.40,52.70,
95850,DIM,3,2,1,43.40,52.70,
95851,2IR-POD850,12,0,12,101.25,114.75,
95852,10IR-850,5,1,4,364.00,442.00,
95853,20IR-850,0,0,0,511.00,620.50,
95854,2IR-POD940,6,4,2,101.25,114.75,
95855,10IR-940,0,0,0,364.00,442.00,
95856,20IR-940,0,0,0,511.00,620.50,
95857,2MIR-POD850,0,0,0,108.75,123.25,
95858,10MIR-850,0,0,0,381.50,463.25,
95859,20MIR-850,2,0,2,532.00,646.00,
95860,2R-POD3OS,0,0,0,97.50,110.50,
95861,2G-POD3OS,0,0,0,97.50,110.50,
95862,10R-D3OS,0,0,0,311.50,378.25,
95863,10G-D3OS,0,0,0,311.50,378.25,
95864,20CR-D3OS,4,0,4,490.00,595.00,
95866,30CR-D3OS,3,0,3,675.50,820.25,
95867,30CG-D3OS,0,0,0,675.50,820.25,
95868,10C-S5OS,0,0,0,213.50,259.25,
95869,20C-S5OS,0,0,0,357.00,433.50,
95870,30C-S5OS,1,0,1,472.50,573.75,
95871,40C-S5OS,0,0,0,658.00,799.00,
95872,50C-S5OS,1,1,0,727.99,1119.99,
95873,2FM-POD10CR,7,5,2,101.25,114.75,
95874,2DM-POD10CR,1,1,0,101.25,114.75,
95875,2SM-POD10CR,6,4,2,101.25,114.74,
95876,2F-POD10CR,0,0,0,96.75,109.65,
95877,2D-POD10CR,0,0,0,96.75,109.65,
95878,2S-POD10CR,4,2,2,96.75,109.65,
95879,2F-FPOD10CR,2,0,2,112.50,127.50,
95880,2D-FPOD10CR,0,0,0,112.50,127.50,
95881,2DM-FPOD10CR,0,0,0,116.25,131.75,
95882,2SL-POD10CR,5,3,2,96.75,109.65,
95883,4MS-S,12,0,12,112.00,136.00,
95884,4MS-F,6,0,6,112.00,136.00,
95885,2-MS-S,7,1,6,73.50,89.25,
95886,2SR-SL-10CR,0,0,0,70.00,85.00,
95887,2FSLB-S,11,4,7,78.40,95.20,
95888,2FSL-SRPOD10CR,4,0,4,81.90,99.45,
95889,4FMSL-S,11,7,4,122.50,148.75,
95890,4BFMSL-S,0,0,0,119.00,144.50,
95891,MAL-W,11,2,9,35.00,42.50,
95892,MAL-B,8,0,8,35.00,42.50,
95893,MAL-R,0,0,0,35.00,42.50,
95894,MAL-G,2,1,1,35.00,42.50,
95895,FASP3422X02CA00,0,0,0,70.11,,
95896,010-13248-00,0,0,0,112.49,,
95897,010-13248-01,0,0,0,29.99,,
95898,010-13248-02,0,0,0,29.99,,
95903,E-4209-10,5,3,2,102.50,,
95904,E-4209-14,4,2,2,111.25,,
95905,E-4209-24,0,0,0,136.25,,
95906,E-4209-28,0,0,0,151.25,,
95907,E-4209-36,0,0,0,191.25,,
95908,E-4209-42,0,0,0,210.00,,
95909,E-4209-50,0,0,0,230.00,,
95910,90107,6,3,3,20.00,,
95913,WH2,0,0,0,28.00,34.00,
95914,WH4,1,1,0,31.50,38.35,
95916,2000038028,35,20,15,49.40,,
95917,3000004258,0,0,0,91.75,,
95918,2000034936,0,0,0,11.28,,
95924,SS100-CIR-KIT,0,0,0,51.41,,
95932,2A-POD30S,3,3,0,81.75,92.65,
95933,010-C1285-00,1,0,1,299.99,,
95934,010-C1286-00,1,0,1,299.99,,
95936,MSD57602-251-M-101,2,0,2,1248.75,,
95937,MSD57602-251-L-101,2,0,2,1248.75,,
95938,MSD57602-251-XL-101,4,2,2,1248.75,,
95939,MSD57602-251-XXL-101,2,2,0,1248.75,,
95943,MSD62403-251-XSS-101,0,0,0,1573.75,,
95944,MSD62403-251-XSR-101,0,0,0,1573.75,,
95945,MSD62403-251-XSL-101,0,0,0,1573.75,,
95946,MSD62403-251-SS-101,0,0,0,1573.75,,
95947,MSD62403-251-SR-101,0,0,0,1573.75,,
95948,MSD62403-251-SL-101,0,0,0,1573.75,,
95949,MSD62403-251-MS-101,0,0,0,1573.75,,
95950,MSD62403-251-MR-101,0,0,0,1573.75,,
95951,MSD62403-251-ML-101,0,0,0,1573.75,,
95952,MSD62403-251-L1S-101,0,0,0,1573.75,,
95953,MSD62403-251-L1R-101,0,0,0,1573.75,,
95954,MSD62403-251-L1L-101,0,0,0,1573.75,,
95955,MSD62403-251-L2S-101,0,0,0,1573.75,,
95956,MSD62403-251-L2R-101,0,0,0,1573.75,,
95957,MSD62403-251-L2L-101,0,0,0,1573.75,,
95958,MSD62403-251-XLS-101,0,0,0,1573.75,,
95959,MSD62403-251-XLR-101,0,0,0,1573.75,,
95960,MSD62403-251-XLL-101,0,0,0,1573.75,,
95961,MSD62403-251-XXLS-101,0,0,0,1573.75,,
95962,MSD62403-251-XXLR-101,0,0,0,1573.75,,
95963,MSD62403-251-XXLL-101,0,0,0,1573.75,,
95964,MSD62403-251-3XLS-101,0,0,0,1573.75,,
95965,MSD62403-251-3XLR-101,1,0,1,1573.75,,
95966,MSD62403-251-3XLL-101,0,0,0,1573.75,,
95972,33-957-400,0,0,0,24.43,,
95973,XT-DF4-250-DV-KIT,2,0,2,1238.79,,
95976,5620-6,211,30,181,15.76,,
95979,"G-1 PINK",0,0,0,12.91,,
95980,"G-2 PINK",0,0,0,15.08,,
95981,"G-3 PINK",5,5,0,17.31,,
95982,"G-4 PINK",0,0,0,27.53,,
95983,"G-5 PINK",5,4,1,39.99,,
95984,"G-6 PINK",0,0,0,70.12,,
95986,NVC-W-S,2,2,0,3055.00,3995.00,
95987,NVC-W-T,3,0,3,3100.50,4054.50,
96000,SPC40RT,0,0,0,85.00,,
96004,010-C1214-20,0,0,0,149.99,,
96005,010-C1215-20,0,0,0,112.49,,
96006,010-C1216-20,0,0,0,112.49,,
96007,010-C1217-20,0,0,0,112.49,,
96008,010-C1218-20,0,0,0,112.49,,
96009,010-C1219-20,0,0,0,112.49,,
96011,010-C1221-20,0,0,0,112.49,,
96012,010-C1222-20,0,0,0,112.49,,
96013,010-C1223-20,0,0,0,112.49,,
96014,010-C1224-20,0,0,0,119.99,,
96015,010-C1225-20,0,0,0,119.99,,
96016,010-C1226-20,0,0,0,119.99,,
96017,010-C1227-20,0,0,0,119.99,,
96018,S522-BK,3,1,2,59.99,,
96019,FRED21-BK,1,1,0,19.52,,
96021,010-C1228-20,0,0,0,187.49,,
96022,010-C1229-20,0,0,0,119.99,,
96023,010-C1230-20,0,0,0,119.99,,
96024,010-C1231-20,0,0,0,119.99,,
96025,010-C1232-20,0,0,0,119.99,,
96026,XKA9X9,4,2,2,501.79,646.00,
96027,010-C1233-20,0,0,0,119.99,,
96028,XKA9X12,5,3,2,522.92,673.20,
96029,010-C1234-20,0,0,0,119.99,,
96030,010-C1235-20,0,0,0,119.99,,
96031,XKA9X18,4,2,2,644.41,829.60,
96032,XKA9X24,4,2,2,835.88,1076.10,
96033,010-C1236-20,0,0,0,119.99,,
96034,010-C1237-20,0,0,0,119.99,,
96035,010-C1238-20,0,0,0,119.99,,
96036,XKA12X9,4,2,2,517.64,666.40,
96037,XKA12X12,1,0,1,541.41,697.00,
96038,010-C1239-20,0,0,0,119.99,,
96039,XKA12X18,4,1,3,656.96,845.75,
96040,XKA12X24,4,2,2,1176.58,1514.70,
96041,XKA9X9A,4,2,2,468.78,603.50,
96042,XKA9X12A,4,2,2,492.55,634.10,
96044,010-C1240-20,0,0,0,119.99,,
96045,XKA9X18A,1,1,0,429.99,700.40,
96047,010-C1241-20,0,0,0,119.99,,
96049,XKA9X24A,3,1,2,469.99,766.70,
96050,010-C1242-20,0,0,0,119.99,,
96051,XKA12X9A,4,2,2,479.35,617.10,
96052,XKA12X12A,3,1,2,500.47,644.30,
96054,XKA12X18A,2,0,2,449.99,734.40,
96056,XKA12X24A,1,1,0,631.21,812.60,
96057,010-C1243-20,0,0,0,119.99,,
96058,010-C1244-20,0,0,0,119.99,,
96059,010-C1245-20,0,0,0,119.99,,
96060,010-C1246-20,0,0,0,119.99,,
96061,010-C1247-20,0,0,0,119.99,,
96062,010-C1248-20,0,0,0,119.99,,
96063,010-C1249-20,0,0,0,119.99,,
96064,010-C1250-20,0,0,0,119.99,,
96065,010-C1251-20,0,0,0,119.99,,
96066,010-C1252-20,0,0,0,119.99,,
96067,010-C1253-20,0,0,0,119.99,,
96068,010-C1254-20,0,0,0,119.99,,
96069,010-C1255-20,0,0,0,119.99,,
96070,010-C1256-20,0,0,0,119.99,,
96071,010-C1258-20,0,0,0,119.99,,
96072,010-C1259-20,0,0,0,119.99,,
96073,010-C1260-20,0,0,0,119.99,,
96074,010-C1261-20,0,0,0,119.99,,
96075,010-C1262-20,0,0,0,119.99,,
96076,010-C1264-20,0,0,0,119.99,,
96077,010-C1266-20,0,0,0,119.99,,
96078,010-C1267-20,0,0,0,119.99,,
96079,010-C1268-20,0,0,0,119.99,,
96080,010-C1269-20,0,0,0,119.99,,
96081,010-C1270-20,0,0,0,187.49,,
96082,010-C1271-20,0,0,0,187.49,,
96083,010-C1272-20,0,0,0,187.49,,
96084,010-C1273-20,0,0,0,187.49,,
96085,010-C1274-20,0,0,0,187.49,,
96086,010-C1275-20,0,0,0,187.49,,
96087,010-C1276-20,0,0,0,187.49,,
96089,010-C1279-20,0,0,0,179.99,,
96090,010-C1280-20,0,0,0,97.49,,
96091,010-C1281-20,0,0,0,97.49,,
96092,010-C1282-20,0,0,0,97.49,,
96093,010-C1283-20,0,0,0,97.49,,
96094,010-C1284-20,0,0,0,97.49,,
96095,010-C1285-20,2,0,2,149.99,,
96096,010-C1286-20,0,0,0,149.99,,
96100,0058102,1,1,0,86.42,,
96101,0058103,1,1,0,139.88,,
96103,0058105,2,1,1,202.21,,
96104,0058107,2,2,0,326.89,,
96105,0058110,0,0,0,523.39,,
96107,0846,2,0,2,86.98,,
96108,66000618,2,1,1,21.14,,
96109,66000619,2,2,0,7.49,,
96110,66000634,3,0,3,44.10,,
96111,66000649,1,1,0,7.49,,
96112,66000758,0,0,0,22.27,,
96113,66000759,1,1,0,27.76,,
96114,66000763,5,2,3,151.75,,
96115,66000764,3,0,3,39.11,,
96116,66000769,1,1,0,97.92,,
96117,66200146,10,5,5,127.38,,
96118,66000096,0,0,0,20.97,,
96119,66000097,1,1,0,40.64,,
96120,66000098,1,0,1,48.95,,
96121,66000600,0,0,0,20.97,,
96122,66000607,1,0,1,13.80,,
96123,66000609,1,1,0,67.36,,
96124,66000617,0,0,0,20.41,,
96125,66000628,0,0,0,16.09,,
96126,66000631,0,0,0,27.76,,
96127,66000635,1,0,1,219.15,,
96137,66000636,2,2,0,99.87,,
96138,66000760,5,3,2,113.31,,
96141,66000761,0,0,0,241.51,,
96142,68001024,0,0,0,89.73,,
96144,65001211,0,0,0,16.09,,
96145,66810065,3,0,3,719.25,,
96146,68000951,1,0,1,506.89,,
96147,66000720,5,4,1,62.74,,
96148,68000360,1,1,0,306.70,,
96149,68000361,0,0,0,306.70,,
96150,68000362,1,1,0,306.70,,
96151,19700501,0,0,0,48.51,,
96152,19701100,0,0,0,41.86,,
96153,19701500,0,0,0,46.81,,
96154,19701600,0,0,0,10.99,,
96155,45000108P,3,3,0,25.80,,
96156,45000308P,3,0,3,28.66,,
96157,45000408P,1,1,0,30.87,,
96158,45000508P,1,0,1,33.09,,
96159,45500108P,3,3,0,18.67,,
96160,45500308P,0,0,0,18.67,,
96161,45500408P,0,0,0,19.76,,
96162,45500508P,0,0,0,20.89,,
96163,45500608P,0,0,0,21.89,,
96164,48000014,0,0,0,40.99,,
96165,48000017,0,0,0,32.99,,
96166,48000018,1,1,0,71.36,,
96167,48000019,0,0,0,32.99,,
96169,ALC-1,4,1,3,917.10,1180.65,
96170,MLC-1,3,2,1,297.12,382.50,
96171,SAF-SC,4,2,2,85.83,110.50,
96173,"HELM FITTING",6,3,3,14.64,,
96174,"BOSS FITTING",0,0,0,30.36,,
96186,A10-210JB,0,0,0,31.83,,
96188,RMX4800-14,0,0,0,436.35,,
96189,"CONNECTOR FITT.",3,0,3,16.79,,
96190,"BLEED TEE",6,3,3,27.77,,
96191,"UNION T",2,0,2,15.91,,
96192,DSM410-DUST-COVER,3,1,2,15.99,,
96194,010-C1214-00,0,0,0,299.99,,
96195,010-C1215-00,0,0,0,149.99,,
96196,010-C1216-00,0,0,0,149.99,,
96197,010-C1217-00,0,0,0,149.99,,
96198,010-C1218-00,0,0,0,149.99,,
96199,010-C1219-00,0,0,0,149.99,,
96203,010-C1223-00,0,0,0,149.99,,
96204,010-C1224-00,0,0,0,187.49,,
96205,010-C1225-00,0,0,0,187.49,,
96206,010-C1226-00,0,0,0,187.49,,
96207,010-C1227-00,0,0,0,187.49,,
96208,010-C1228-00,0,0,0,262.49,,
96209,010-C1229-00,0,0,0,187.49,,
96210,010-C1230-00,0,0,0,187.49,,
96211,010-C1231-00,0,0,0,187.49,,
96212,010-C1232-00,0,0,0,187.49,,
96213,010-C1233-00,0,0,0,187.49,,
96214,010-C1234-00,0,0,0,187.49,,
96215,010-C1235-00,0,0,0,187.49,,
96216,010-C1236-00,0,0,0,187.49,,
96217,010-C1238-00,0,0,0,187.49,,
96218,010-C1239-00,0,0,0,187.49,,
96219,010-C1240-00,0,0,0,187.49,,
96220,010-C1241-00,0,0,0,187.49,,
96221,010-C1242-00,0,0,0,187.49,,
96222,ZDIGGPS160F,5,3,2,233.71,,
96229,PM111C-LHW,0,0,0,2839.62,3909.99,
96232,QUA481030010,0,0,0,2113.16,,2606.95
96252,SS60-SLTD/20,0,0,0,355.56,,
96253,A-BK,1,0,1,167.71,215.90,
96254,A-BK-13,6,4,2,176.95,227.80,
96255,S-BK-16,7,3,4,191.47,246.50,
96256,A-BK-20,0,0,0,188.18,242.25,
96257,A-BK-43,1,1,0,201.38,259.25,
96258,A-BK-26,1,1,0,194.33,,
96259,BL,4,3,1,12.55,16.15,
96260,BU,0,0,0,12.55,16.15,
96261,BU-5,6,3,3,13.87,17.85,
96262,XKAF9X9,4,2,2,618.00,765.00,
96263,XKAF9X12,4,2,2,615.36,792.20,
96264,XKAF9X18,4,2,2,636.49,819.40,
96265,XKAF9X24,0,0,0,687.99,885.70,
96266,XKAF12X9,4,2,2,571.78,736.10,
96267,XKAF12X12,1,0,1,592.91,763.30,
96268,XKAF12X18,3,1,2,662.90,853.40,
96269,XKAF12X24,4,2,2,723.64,931.60,
96270,XKASL9X9,4,2,2,791.65,1019.15,
96271,XKASL9X12,5,3,2,812.78,1046.35,
96272,XKASL9X18,4,2,2,934.27,1202.75,
96273,XKASL9X24,4,2,2,1125.74,1449.25,
96274,XKASL12X9,4,2,2,807.50,1039.55,
96275,XKASL12X12,1,0,1,831.27,1070.15,
96276,XKASL12X18,3,1,2,947.47,1219.75,
96277,XKASL12X24,4,2,2,1466.44,1887.85,
96278,XKASML9X9,3,2,1,798.91,1028.50,
96279,XKASML9X12,3,2,1,820.04,1055.70,
96280,XKASML9X18,0,0,0,941.53,1212.10,
96281,XKASML9X24,3,2,1,1133.00,1458.60,
96282,XKASML12X9,3,2,1,814.76,1048.90,
96283,XKASML12X12,1,0,1,838.53,1079.50,
96284,XKASML12X18,2,1,1,954.73,1229.10,
96285,XKASML12X24,3,2,1,1473.69,1897.20,
96286,XKASAL9X9,3,1,2,1418.90,1826.65,
96287,XKASAL9X12,3,1,2,1440.03,1853.85,
96288,XKASAL9X18,3,1,2,1561.51,2010.25,
96289,XKASAL9X24,3,1,2,1752.99,2256.75,
96290,XKASAL12X9,3,1,2,1434.74,1847.05,
96291,XKASAL12X12,1,0,1,1458.51,1877.65,
96292,XKASAL12X18,4,1,3,1574.72,2027.25,
96293,XKASAL12X24,3,1,2,2093.68,2695.35,
96294,XKAF9X9A,4,2,2,561.22,722.50,
96295,XKAF9X12A,4,2,2,584.99,753.10,
96296,XKAF9X18A,1,1,0,636.49,819.40,
96298,XKAF9X24A,3,1,2,687.99,885.70,
96299,XKAF12X9A,4,2,2,571.78,736.10,
96300,XKAF12X12A,3,1,2,592.91,763.30,
96301,XKAF12X18A,2,0,2,662.90,853.40,
96302,XKAF12X24A,1,1,0,723.64,931.60,
96304,XKASL9X9A,4,2,2,758.64,976.65,
96305,XKASL9X12A,4,2,2,812.78,1046.35,
96306,XKASL9X18A,1,1,0,934.27,1202.75,
96307,XKASL9X24A,3,1,2,1125.74,1449.28,
96308,XKASL12X9A,4,2,2,807.50,1039.55,
96309,XKASL12X12A,3,1,2,831.27,1070.15,
96310,XKASL12X18A,2,0,2,985.37,1219.75,
96311,XKASL12X24A,1,1,0,1466.44,1887.85,
96316,225T-SS904,0,0,0,711.11,,
96318,M4016,23,11,12,10.67,,
96319,G18516,6,1,5,7.39,,
96323,G220216,12,7,5,9.00,,
96326,1673-PW,2,2,0,125.93,,
96330,R70739,0,0,0,68.17,,
96331,XKASML9X9A,3,2,1,765.90,986.00,
96332,XKASML9X12A,3,2,1,789.67,1016.60,
96333,XKASML9X18A,1,1,0,841.17,1082.90,
96334,XKASML9X24A,2,1,1,892.67,1149.20,
96335,XKASML12X9A,3,2,1,776.46,999.60,
96336,XKASML12X12A,2,1,1,797.59,1026.80,
96337,XKASML12X18A,1,0,1,867.58,1116.90,
96338,XKASML12X24A,1,1,0,928.32,1195.10,
96339,XKASAL9X9A,3,1,2,1441.32,1784.15,
96340,XKASAL9X12A,3,1,2,1409.65,1814.75,
96341,XKASAL9X18A,1,1,0,1461.15,1881.05,
96342,XKASAL9X24A,3,1,2,1752.99,2256.75,
96343,XKASAL12X9A,3,1,2,1434.74,1847.05,
96344,XKASAL12X12A,3,1,2,1458.51,1877.65,
96345,XKASAL12X18A,2,0,2,1574.72,2027.25,
96346,XKASAL12X24A,1,1,0,2093.68,2695.35,
96354,BK4514,8,5,3,129.95,150.95,
96357,200-012G2-H1C,0,0,0,761.83,,857.06
96358,200-012G2-H1C-B,0,0,0,761.83,,857.06
96359,200-014G2-H1C,0,0,0,761.83,,857.06
96360,200-014G2-H1C-B,0,0,0,761.83,,857.06
96366,RH5999-9002,6,5,1,18.91,,
96367,81545,8,4,4,6.44,8.70,
96369,81546,4,2,2,8.28,11.19,
96370,81547,4,2,2,11.96,16.14,
96371,81549,7,4,3,5.21,7.04,
96372,A80731,8,4,4,358.68,,
96373,010-C1243-00,0,0,0,187.49,,
96374,010-C1244-00,0,0,0,187.49,,
96375,010-C1245-00,0,0,0,187.49,,
96376,010-C1246-00,0,0,0,187.49,,
96377,010-C1247-00,0,0,0,187.49,,
96378,010-C1248-00,0,0,0,187.49,,
96379,010-C1249-00,0,0,0,187.49,,
96380,010-C1250-00,0,0,0,187.49,,
96381,010-C1251-00,0,0,0,187.49,,
96382,010-C1252-00,0,0,0,187.49,,
96383,010-C1253-00,0,0,0,187.49,,
96384,010-C1254-00,0,0,0,187.49,,
96385,010-C1255-00,0,0,0,187.49,,
96386,010-C1256-00,0,0,0,187.49,,
96387,010-C1258-00,0,0,0,187.49,,
96388,010-C1259-00,0,0,0,187.49,,
96389,010-C1260-00,0,0,0,187.49,,
96390,010-C1261-00,0,0,0,187.49,,
96391,010-C1262-00,0,0,0,187.49,,
96392,010-C1264-00,0,0,0,187.49,,
96393,010-C1266-00,0,0,0,187.49,,
96394,010-C1267-00,0,0,0,187.49,,
96395,010-C1268-00,0,0,0,187.49,,
96396,010-C1269-00,0,0,0,187.49,,
96401,MA5700-0-0-101,0,0,0,9.39,,
96402,1664-PW,0,0,0,225.11,,
96403,1685-PW,0,0,0,220.23,,
96406,010-12953-03,0,0,0,31.99,,
96407,58541-1000,10,8,2,58.63,,
96408,68000604,1,1,0,94.13,,
96411,10205GA,29,24,5,7.12,,
96412,10000G,13,0,13,8.12,,
96413,15253A,8,8,0,6.50,,
96414,15252A,14,10,4,6.10,,
96415,27657,0,0,0,15.91,,
96416,10727A,24,8,16,8.90,,
96417,29502,4,4,0,17.85,,
96418,GC001,0,0,0,681.82,,
96420,FOURTECHBLK06,4,2,2,230.72,,
96421,FOURTECHBLK07,3,1,2,192.87,,
96422,FOURTECHBLK08,4,2,2,213.64,,
96423,FOURTECHBLK09,4,2,2,194.21,,
96424,88825-2,0,0,0,2499.99,,
96425,88825-3,0,0,0,2499.99,,
96426,88679-02,0,0,0,2999.99,,
96427,88679-03,0,0,0,2999.99,,
96430,88823-2,0,0,0,1062.49,,
96431,88823-3,0,0,0,989.11,,
96432,FOURTECHBLK10,4,2,2,176.57,,
96436,FOURTECHBLK11,4,2,2,176.57,,
96438,FOURTECHBLK12,4,2,2,176.57,,
96439,FOURTECHBLK13,2,0,2,176.57,,
96440,FOURTECHBLK14,4,2,2,176.57,,
96441,2000037885,2,2,0,32.11,,
96442,FOURTECHBLK15,5,3,2,176.57,,
96443,FOURTECHBLK16,5,2,3,176.57,,
96444,FOURTECHBLK17,6,2,4,176.57,,
96445,FOURTECHBLK18,4,2,2,176.57,,
96446,FOURTECHBLK20,13,5,8,176.57,,
96449,WUL8BK-FT,474,474,0,1.00,,
96450,WUL10RD-FT,198,198,0,0.77,,
96451,WUL10BK-FT,18,18,0,0.77,,
96452,WUL8RD-FT,6,6,0,1.00,,
96474,SCC115085411,5,3,2,385.84,,476.00
96476,W12/2RYW-FT,250,250,0,0.83,,
96477,W16/2DC-FT,233,233,0,0.38,,
96478,1215-FT,200,200,0,0.78,,
96479,980577011,0,0,0,89.32,,
96484,M90BX08,5,3,2,122.44,,
96485,M90BX09,4,2,2,122.44,,
96486,M90BX10,2,0,2,122.44,,
96487,M90BX11,2,0,2,122.44,,
96488,M90BX12,2,0,2,122.44,,
96489,M90BX13,2,0,2,122.44,,
96490,M90BX14,2,2,0,122.44,,
96491,M90BX15,3,1,2,122.44,,
96492,M90BX16,3,1,2,122.44,,
96493,M90BX17,2,0,2,122.44,,
96494,M90BX18,0,0,0,122.44,,
96495,UC128TS-1P,4,2,2,641.49,,
96496,UC95OBF-1,2,0,2,464.13,,
96503,CYR010120011R,6,3,3,39.96,,49.30
96504,ARG100301020R,32,11,21,93.01,,114.75
96524,53242,9,5,4,278.33,,340.99
96525,53243,4,2,2,306.11,,374.99
96526,53244,10,3,7,324.80,,397.99
96527,53363,5,4,1,371.26,,454.99
96528,53364,12,10,2,399.05,,488.99
96529,53505,5,2,3,509.82,,624.99
96530,53600,3,3,0,30.29,,39.99
96538,69600943,1,0,1,1163.43,,
96539,69600944,1,0,1,1163.43,,
96541,PMP242305130,3,3,0,919.13,,1133.90
96573,959037521,1,0,1,143.19,,
96589,PMP122305102,10,9,1,881.92,,1088.00
96591,SHU065150050,58,43,15,89.57,,110.50
96592,SHU065210050,33,15,18,134.35,,165.75
96593,SHU065220050,22,10,12,183.27,,226.10
96594,69330,2,2,0,12.81,,
96595,69320,0,0,0,24.51,,
96596,69321,3,3,0,14.99,,
96598,69380,2,2,0,161.43,,
96617,PLABS705,5,5,0,21.00,,
96618,PLASE301,0,0,0,28.93,,
96619,PLASE401,0,0,0,48.21,,
96620,PLASE602,0,0,0,28.93,,
96621,PLASE603,4,4,0,28.93,,
96622,PLASE701,0,0,0,38.57,,
96623,PLASE702,3,3,0,45.00,,
96627,48-YSP-3YM-B,4,0,4,585.42,,
96628,FRBAP15,3,3,0,15.86,,
96629,FRBAP20,1,1,0,28.55,,
96630,FRBAP22,0,0,0,38.06,,
96632,FRBAP40,1,0,1,53.94,,
96636,131200-100-004-23,8,6,2,111.76,,
96638,135100-701-999-23,0,0,0,15.17,,
96639,123200-400-020-23,0,0,0,61.05,,
96640,123200-400-040-23,8,6,2,61.05,,
96641,123200-400-060-23,6,1,5,61.05,,
96642,123000-500-020-23,5,5,0,48.00,,
96643,123000-500-040-23,12,5,7,54.11,,
96644,123000-500-060-23,5,4,1,47.99,,
96645,123000-600-020-23,10,5,5,54.11,,
96646,123000-600-040-23,14,11,3,54.11,,
96647,123000-600-060-23,6,6,0,45.00,,
96648,132100-700-004-23,0,0,0,157.80,,
96649,0895,2,0,2,110.48,,
96659,PM411C-LWM,0,0,0,4407.06,5999.99,
96660,K00-00494-01,14,10,4,1.00,,
96666,600-GDL,5,0,5,219.99,,
96669,601001-1,3,3,0,97.40,,
96670,601002-1,7,7,0,97.40,,
96671,601003-1,5,5,0,97.40,,
96673,601004-1,3,0,3,97.40,,
96674,601005-1,4,0,4,97.40,,
96675,601006-1,1,1,0,97.40,,
96676,601007-1,4,4,0,97.40,,
96677,601020-1,11,3,8,97.40,,
96678,601021-1,2,2,0,82.91,,
96679,601008-1,4,0,4,97.40,,
96680,601009-1,2,0,2,97.40,,
96681,601010-1,1,1,0,97.40,,
96682,602001-1,0,0,0,129.87,,199.99
96683,602002-1,0,0,0,129.87,,199.99
96684,602003-1,0,0,0,129.87,,199.99
96685,602004-1,3,0,3,129.87,,199.99
96686,602005-1,0,0,0,129.87,,199.99
96687,602006-1,1,1,0,129.87,,199.99
96688,602007-1,3,3,0,129.87,,199.99
96689,602008-1,0,0,0,129.87,,199.99
96690,602009-1,0,0,0,129.87,,199.99
96691,602010-1,0,0,0,129.87,,199.99
96692,602020-1,3,3,0,162.34,,249.99
96694,602021-1,0,0,0,129.87,,199.99
96695,1865115,6,3,3,39.94,,
96696,1865120,19,0,19,123.49,,
96701,B00086001,0,0,0,74.81,126.72,
96702,B00084701,0,0,0,180.00,301.05,
96703,B00084801,1,0,1,169.99,432.72,
96704,B00111301,0,0,0,97.01,164.34,
96705,2000035685,39,21,18,41.64,53.99,
96706,B00110901,4,2,2,59.99,134.19,
96707,B00109001,1,1,0,35.00,80.28,
96714,SCC125060221,5,2,3,352.77,,435.20
96715,BPC900110114,11,1,10,24.11,,29.75
96741,0528006CHR,8,8,0,70.95,,
96743,XRMAGST17ANC,3,3,0,20.74,,
96744,XRMAGST17HDBSRD,0,0,0,20.74,,
96745,XRMAGST17HDBTO,6,6,0,20.74,,
96746,XRMAGST17HDGH,5,5,0,20.74,,
96747,XRMAGST17HDHPU,5,5,0,20.74,,
96748,XRMAGST17HDRHU,4,4,0,20.74,,
96749,XRMAGST17HDSBM,1,1,0,20.74,,
96750,XRMAGST17HDSFU,0,0,0,20.74,,
96751,XRMAGST17HDWHU,4,4,0,20.74,,
96752,XRMAGST17MU,0,0,0,20.74,,
96753,XRMAGST17PHV,0,0,0,20.74,,
96754,XRMAGST17PLD,0,0,0,20.74,,
96755,XRMAGXP130AYU,3,3,0,16.98,,
96756,XRMAGXP130BSRD,3,3,0,16.98,,
96757,XRMAGXP130D,0,0,0,16.98,,
96758,XRMAGXP130FFU,1,1,0,16.98,,
96759,XRMAGXP130HWHU,3,3,0,16.98,,
96760,XRMAGXP130MU,3,3,0,16.98,,
96761,XRMAGXP170AYU,0,0,0,22.12,,
96762,XRMAGXP170BSRD,5,5,0,22.12,,
96763,XRMAGXP170D,6,6,0,22.12,,
96764,XRMAGXP170FFU,1,1,0,22.12,,
96765,XRMAGXP170HWHU,0,0,0,22.12,,
96766,XRMAGXP170MU,2,2,0,22.12,,
96767,DFG50,10,10,0,57.02,,
96768,MFG50,4,4,0,33.02,,
96769,RFFG6,10,10,0,9.76,,
96770,RFFG9,14,14,0,12.63,,
96771,RFFGSC,7,7,0,28.93,,
96772,RHCDS50,29,29,0,36.79,,
96773,RMSPP4,2,2,0,23.01,,
96774,RMSPP6,3,3,0,23.01,,
96775,RMSPP8,15,15,0,25.71,,
96776,SMTH3,14,14,0,21.86,,
96777,630-106G,0,0,0,18.32,,
96778,630-106L,0,0,0,18.32,,
96779,630-110G,0,0,0,18.32,,
96780,630-110L,1,1,0,18.32,,
96781,630-115G,1,1,0,18.32,,
96782,630-115L,0,0,0,18.32,,
96783,630-120G,2,2,0,18.32,,
96784,630-120L,0,0,0,18.32,,
96785,630-130G,0,0,0,18.32,,
96786,630-130L,0,0,0,18.32,,
96787,630-140G,2,2,0,18.32,,
96788,630-140L,0,0,0,18.32,,
96789,630-150G,0,0,0,21.99,,
96790,630-150L,0,0,0,21.99,,
96791,630-165G,0,0,0,21.99,,
96792,630-165L,1,1,0,21.99,,
96793,630-180G,0,0,0,24.07,,
96794,630-180L,0,0,0,24.07,,
96795,630-310G,0,0,0,64.51,,
96804,630-340L,1,1,0,64.51,,
96808,630-365L,1,1,0,77.96,,
96811,658-112MC,1,1,0,26.00,,
96812,658-118MC,11,11,0,26.00,,
96813,658-212MC,1,1,0,44.74,,
96814,658-218MC,9,9,0,44.74,,
96816,658-318MC,11,11,0,129.99,,
96817,668-112MC,0,0,0,12.90,,
96818,668-115MC,0,0,0,12.90,,
96819,668-118MC,0,0,0,12.90,,
96820,668-127MC,0,0,0,14.07,,
96821,668-136MC,0,0,0,14.07,,
96822,668-212MC,3,3,0,24.59,,
96823,668-215MC,0,0,0,24.59,,
96824,668-218MC,78,78,0,25.10,,
96825,668-227MC,18,18,0,27.53,,
96826,668-236MC,17,17,0,27.53,,
96827,668-312MC,9,9,0,69.47,,
96828,668-315MC,19,19,0,69.47,,
96829,668-318MC,0,0,0,70.72,,
96830,668-327MC,29,29,0,78.32,,
96831,668-336MC,24,24,0,78.32,,
96832,660-240CC,6,6,0,44.87,,
96833,660-240G,3,3,0,44.87,,
96834,9618,1,1,0,87.76,,
96850,ADA010100400,15,2,13,7.58,,9.35
96851,PSC123051095,5,2,3,285.93,,352.75
96852,PSC123053095,3,1,2,307.29,,379.10
96854,PSC125051095,12,4,8,364.48,,449.65
96855,PSC125053095,5,3,2,385.84,,476.00
96856,PSC241651095,7,4,3,285.93,,352.75
96857,PSC242551095,13,4,9,364.48,,449.65
96858,PSC242553095,2,0,2,385.84,,476.00
96859,"RC1212CAP12V   ",0,0,0,4323.31,5533.84,
96865,806-1212,10,5,5,383.11,,
96867,PIN242122500,8,4,4,270.78,,334.05
96868,DX900-ST-0,0,0,0,870.78,1199.00,
96878,1071,0,0,0,128.75,159.99,
96879,1074,0,0,0,128.75,159.99,
96881,1076,0,0,0,128.75,159.99,
96882,1079,0,0,0,191.25,239.99,
96883,1080,0,0,0,191.25,239.99,
96884,1081,0,0,0,191.25,239.99,
96885,1082,0,0,0,191.25,239.99,
96886,1083,0,0,0,191.25,239.99,
96887,1068,0,0,0,178.75,229.99,
96889,1073,0,0,0,178.75,229.99,
96890,1077,0,0,0,178.75,229.99,
96892,1078,0,0,0,178.75,229.99,
96893,1084,0,0,0,178.75,229.99,
96894,1085,0,0,0,178.75,229.99,
96908,GP1500-51,0,0,0,276.35,,
96909,GP1040-54,0,0,0,334.53,,
96910,SCM-ZC-REMOTE,3,2,1,124.00,,177.00
96911,SCM-SCNET-Y,0,0,0,23.95,,29.95
96912,SCM-SCNET-04,0,0,0,23.95,,29.95
96913,S-1805,0,0,0,11.89,,
96916,S-1802BC,3,2,1,88.09,,
96917,S-1802C,151,79,72,27.99,,
96918,5624-6,9,5,4,30.42,,
96919,96635,48,36,12,6.73,9.01,
96920,96637,0,0,0,21.09,28.24,
96921,96631,13,13,0,10.87,12.84,
96922,96636,9,6,3,13.25,15.66,
96923,SEC-1223,17,12,5,131.14,180.90,
96927,M3100,0,0,0,33.30,,
96931,252233,15,10,5,1.30,,
96933,242233,6,2,4,16.23,,
96934,244233,0,0,0,59.67,,
96935,252237,0,0,0,4.34,,
96936,252247,0,0,0,3.31,,
96937,242247,5,5,0,9.07,,
96938,252253,13,8,5,2.62,,
96939,242253,5,2,3,24.15,,
96944,SCC950400210,8,4,4,28.94,,35.70
96945,2815,0,0,0,137.97,,
96946,9353,0,0,0,30.49,,
96950,BMS300200200,7,3,4,126.78,,156.40
96952,010-12390-42,1,0,1,26.24,,
96960,50880-1100,4,2,2,260.79,,
96962,242267,6,4,2,18.55,,
96963,252274,0,0,0,3.48,,
96964,242274,0,0,0,34.17,,
96965,244275,0,0,0,109.01,,
96966,242277,0,0,0,19.91,,
96967,252284,9,4,5,3.99,,
96968,242284,4,2,2,39.47,,
96969,242287,3,2,1,20.92,,
96970,252294,0,0,0,4.77,,
96971,242717,0,0,0,22.55,,
96972,244725,0,0,0,238.31,,
96973,244726,0,0,0,238.36,,
96974,R70690,0,0,0,63.91,,
96979,309303,0,0,0,4.10,,
96980,309325,20,6,14,26.47,,
96982,321303,0,0,0,3.90,,
96983,321325,0,0,0,20.57,,
96984,321403,0,0,0,3.90,,
96985,321425,7,4,3,20.57,,
96986,321503,0,0,0,3.90,,
96987,321525,0,0,0,20.57,,
96988,321603,0,0,0,3.90,,
96989,321625,6,1,5,20.57,,
96990,321703,0,0,0,3.90,,
96991,321725,0,0,0,20.57,,
96993,318803,0,0,0,3.36,,
96994,318903,0,0,0,3.36,,
96995,318825,0,0,0,17.74,,
96996,318925,0,0,0,17.74,,
96997,319803,0,0,0,3.36,,
96998,319903,0,0,0,3.36,,
96999,319825,0,0,0,18.72,,
97000,319925,0,0,0,18.72,,
97001,MM-RAY,3,1,2,76.75,97.50,
97005,22309,22,11,11,4.75,,
97022,000-191-487-10,0,0,0,63.64,,
97024,GNT-1.0-30-INS-IDP,5,2,3,1199.99,1349.99,
97025,GNT-1.0-80-INS-IDP,0,0,0,1359.99,1529.99,
97027,"A-0 WHITE",0,0,0,30.11,,
97028,GNT-1.0-ELITE-30-IDP,1,1,0,1839.99,2069.99,
97029,GNT-1.0-ELITE-80-IDP,1,1,0,1399.00,2249.99,
97030,GP-MSWR,0,0,0,258.99,332.99,
97031,GP-SD,2,0,2,189.99,296.99,
97032,50124,0,0,0,33.36,,
97033,50136,0,0,0,14.44,,
97034,GMM-IP67-TEMPSENSOR,1,0,1,199.00,584.99,
97035,GMM-IP67-HWS,0,0,0,377.99,485.99,
97036,GA-STROBE-WHITE,2,2,0,219.99,341.99,
97037,GMM-IP67-PULL-25,2,1,1,149.99,539.99,
97038,GMM-IP67-POWEROUT,0,0,0,447.99,575.99,
97039,GMM-IP67-IBS2-SIRENOUT,1,1,0,689.99,1088.99,
97040,GAP-TSK5-BLACK,0,0,0,405.99,521.99,
97043,GA-MINI-SIREN,0,0,0,90.99,116.99,
97044,GWHD-XVR-4G,0,0,0,3499.99,4499.99,
97045,GWHD-XVR,0,0,0,1749.99,2249.99,
97046,G4G-LTE-WIFI-OCTO-DEUCE,2,1,1,399.00,,
97047,GOST-MINI-BALL-1080P-W,5,2,3,444.49,571.49,
97053,010-02091-50,12,9,3,2239.99,,
97054,010-02091-51,10,3,7,2399.99,,
97055,010-02092-50,3,1,2,3039.99,,
97056,010-02092-51,11,3,8,3439.99,,
97066,WSO200-01,7,4,3,509.42,,
97068,010-02093-50,7,3,4,4639.99,,
97069,010-02093-51,5,4,1,5039.99,,
97083,SCM-DLX-CC-CHR-WH,5,4,1,80.49,,116.00
97088,401-017,0,0,0,69.21,,
97089,401-017-B,0,0,0,65.11,,73.25
97092,PMP122200102,36,13,23,698.65,,861.90
97093,G180124,6,3,3,9.79,,
97094,G180124CASE,0,0,0,39.14,,
97095,KG-1BK-PR,24,12,12,39.33,50.15,
97096,KG-4BK-PR,8,4,4,128.33,163.63,
97097,E6-71-408S-85,0,0,0,55.75,,
97098,E6-71-430S-85,0,0,0,48.58,,
97106,F38-9960,4,2,2,160.86,,
97107,88449,0,0,0,86.24,,
97108,88450,4,4,0,112.49,,
97109,V21-9906WHC60D-1,4,2,2,234.19,,
97110,V21-9906BKA60D-1,1,0,1,236.09,,
97111,V21-9959WHC60D-1,6,3,3,156.69,,
97112,S11-4511P6-1,29,17,12,53.89,,
97113,F16-0200-1,8,3,5,114.77,,
97114,M20-2411,2,1,1,489.99,,
97116,M20-3611,0,0,0,708.65,,
97117,M20-1013E,1,0,1,549.99,,
97118,M20-2413E,0,0,0,1315.10,,
97119,M20-3613E,0,0,0,1472.49,,
97121,HTINT60TM,0,0,0,236.25,,
97133,PU105111-04R,6,2,4,191.53,,
97134,PU1051B1-04R,5,1,4,179.86,,
97135,1731321FGK-R,5,2,3,107.21,,
97136,1731521FGK-R,3,2,1,115.01,,
97162,46731,0,0,0,682.49,1039.99,
97163,202513,0,0,0,183.74,279.99,
97164,130313,0,0,0,787.49,1199.99,
97165,212113,2,0,2,196.86,299.99,
97166,132313,0,0,0,918.74,1399.99,
97167,910313,0,0,0,249.36,379.99,
97168,931314,0,0,0,695.61,1059.99,
97171,544713,0,0,0,393.74,599.99,
97173,230603,2,0,2,524.99,799.99,
97174,110313,3,1,2,328.11,499.99,
97175,CANNS500,0,0,0,554.21,,
97176,60000189SPA,6,4,2,346.39,,
97178,SW31315DG,3,2,1,50.84,,
97180,30470-A,5,3,2,185.39,,
97181,30433,4,4,0,179.79,,
97182,30460,2,1,1,169.99,,
97183,70200,0,0,0,157.79,,
97184,30457,3,2,1,225.99,,
97185,30456,3,2,1,202.84,,
97186,30459,5,3,2,230.71,,
97187,70125,2,1,1,119.99,,
97188,70201,3,3,0,162.81,,
97189,70216,3,2,1,129.99,,
97190,30462,4,2,2,223.19,,
97191,5372,2,1,1,135.49,,
97192,5393,5,2,3,119.99,,
97193,5380,3,0,3,170.96,,
97194,5375,3,1,2,180.88,,
97195,5387,2,0,2,185.17,,
97196,5392,3,2,1,185.64,,
97197,5363,3,2,1,124.51,,
97198,5360,1,0,1,194.56,,
97199,5370,3,1,2,163.08,,
97200,5373,4,2,2,119.99,,
97201,20815,4,2,2,221.37,,
97202,60050,3,3,0,149.99,,
97203,60125,2,1,1,174.99,,
97204,20102,3,2,1,139.99,,
97205,60073,3,2,1,179.99,,
97206,20800,3,2,1,149.99,,
97207,20850,2,1,1,294.99,,
97208,60075,3,1,2,199.72,,
97209,60055,2,2,0,169.99,,
97210,20860,0,0,0,298.15,,
97211,6240,4,2,2,254.40,,
97212,6258,4,1,3,385.77,,
97213,6250,5,3,2,220.48,,
97214,6241,2,1,1,162.35,,
97215,6263,1,1,0,375.36,,
97216,6276,3,1,2,274.99,,
97217,6260,4,1,3,184.99,,
97218,6238,4,3,1,139.99,,
97219,SW058,6,3,3,18.63,,
97220,SW058HD,4,2,2,23.13,,
97221,SW109,3,2,1,28.83,,
97222,SW622,1,0,1,27.99,,
97223,SW054,6,2,4,15.99,,
97224,SW097,4,2,2,29.95,,
97225,MBK450,3,2,1,19.09,,
97226,M525,12,8,4,32.88,,
97227,BK900,4,2,2,14.99,,
97228,M532,4,4,0,39.76,,
97229,R473,2,1,1,14.92,,
97230,R151,3,1,2,9.99,,
97231,R767,2,2,0,109.73,,
97232,MV3555-268-0-216,1,1,0,39.99,,
97243,84-78,0,0,0,70.42,,
97246,V-420,0,0,0,27.25,,
97247,V-420L,0,0,0,30.81,,
97248,V-200L,0,0,0,72.29,,
97249,V-220L,1,1,0,107.85,,
97250,V-100,0,0,0,32.00,,
97253,0946DP1STS,5,5,0,51.40,,
97255,ORI482441110,6,3,3,163.29,,201.45
97256,A10-366-CB-2-IN,0,0,0,310.20,,459.99
97257,A10-366-MR-2-IN,3,0,3,310.20,,
97258,A10-366-JB-2-IN,6,2,4,310.20,,459.99
97262,E6TH009CD,0,0,0,1750.00,2660.00,
97263,E6TH009BW,0,0,0,1675.00,2546.00,
97264,D3009B,0,0,0,200.00,302.00,
97265,D3009BI,0,0,0,200.00,302.00,
97266,D3009W,0,0,0,200.00,302.00,
97267,D3009WI,4,0,4,200.00,302.00,
97268,MR1308UABK,14,6,8,70.19,,
97292,001-629-020-00,0,0,0,372.73,,
97298,RF45711,0,0,0,75.11,114.91,
97299,RF45711HL,0,0,0,129.17,197.64,
97300,RF45711N,0,0,0,63.63,97.35,
97301,RF46000,0,0,0,63.09,96.52,
97302,RF46330,0,0,0,210.30,321.75,
97303,RF46530,8,4,4,372.75,570.31,
97304,RF48000,7,3,4,14.56,22.27,
97305,RF48000HL,0,0,0,89.84,137.45,
97306,RF48100,0,0,0,26.22,40.12,
97307,RF48109,0,0,0,22.53,34.47,
97308,RF48109HL,0,0,0,112.53,172.18,
97309,RF48120,0,0,0,93.31,142.76,
97310,RF48140,5,4,1,32.44,49.64,
97311,RF48151,2,0,2,37.25,57.00,
97312,RF48200,0,0,0,58.31,89.21,
97313,RF48209,0,0,0,43.93,67.20,
97314,RF48210,7,4,3,64.14,98.13,
97315,RF48300,0,0,0,86.16,131.82,
97316,RF48310,0,0,0,91.93,140.65,
97317,RF48330,0,0,0,150.21,229.82,
97318,RF48400,10,6,4,115.73,177.05,
97319,RF48410,0,0,0,121.49,185.88,
97320,RF48500,6,2,4,131.83,201.69,
97321,RF48510,4,0,4,137.59,210.51,
97322,010-12547-03,11,0,11,26.24,,
97324,"P-10 MASTER",5,2,3,118.89,,
97360,101753,6,4,2,106.56,,171.09
97361,101754,8,3,5,106.63,,171.59
97362,101755,6,3,3,106.70,,171.69
97363,101756,11,4,7,105.60,,170.29
97364,101758,0,0,0,106.82,,171.89
97365,101763,10,3,7,105.35,,169.89
97374,6353L,1,1,0,34.99,,
97400,02994,3,0,3,38.61,57.89,
97427,MJSLT190U,5,2,3,408.07,,
97428,MJSLT220U,0,0,0,459.20,,
97429,APM-48,2,0,2,115.42,,
97441,60-100-DV,2,0,2,587.09,,
97444,60-100-J10,0,0,0,587.09,,
97446,60-100-K6,2,0,2,587.09,,
97447,60-120-DV,2,0,2,635.40,,
97451,604-120-DV,0,0,0,635.40,,
97453,604-120-K6,2,0,2,635.40,,
97455,604-150-K6,2,0,2,598.45,904.00,
97456,60-YP-MC-100-DV,1,0,1,789.70,,
97457,60-YP-MC-100-K6,3,0,3,789.70,,
97458,621-100-DV,2,0,2,587.09,,
97459,621-100-J10,2,0,2,587.09,,
97460,621-100-K6,2,0,2,587.09,,
97461,621-120-J10,2,0,2,635.40,,
97462,60-YP-MC-120-DV,2,0,2,855.94,,
97463,621-VUP-MC-100-DV,2,0,2,789.70,,
97464,621-VUP-MC-100-J10,2,0,2,789.70,,
97465,621-VUP-MC-100-K6,2,0,2,789.70,,
97468,7060-24,0,0,0,154.71,,
97470,70-AT-200,2,0,2,164.78,202.00,
97473,SG2-0405,2,0,2,36.21,,
97474,XT-CR-170-J10,1,0,1,803.57,,
97475,XT-CR-170-J10-KIT,4,1,3,1046.99,,
97476,XT-CR-170-K6,2,0,2,803.57,,
97477,XT-CR-170-K6-KIT,1,0,1,1046.99,,
97478,XT-CR-250-K6,0,0,0,986.21,1207.00,
97479,XT-CR-250-K6-KIT,2,1,1,1238.79,,
97480,XT-DF-250-DV,1,1,0,986.21,,
97481,XT-DF-250-DV-KIT,0,0,0,1238.79,,
97482,XT-DF-250-J10,2,0,2,986.21,,
97483,XT-DF-250-J10-KIT,4,1,3,1238.79,,
97484,XT-DF-250-K6,2,0,2,986.21,,
97485,XT-DF4-170-K6,2,1,1,803.57,,
97486,XT-DF4-170-K6-KIT,2,0,2,1046.99,,
97488,SBR-45LI,30,13,17,46.67,,
97519,JB4U30-300IB,5,5,0,14.88,,
97533,MJBKT100,5,2,3,35.75,,
97534,MJUFOXL,4,3,1,255.64,,
97539,ZDIGPLINK2,6,4,2,240.81,,
97542,T10-504B,0,0,0,98.78,,
97543,T10-527,0,0,0,85.61,,
97545,81-47248-01,1,1,0,175.65,,
97554,B00109901,6,6,0,54.16,91.62,
97556,B285HW,0,0,0,1244.44,,
97557,B117-DT-9N,0,0,0,219.68,289.99,
97564,5101-BLK,32,22,10,72.51,,
97565,5104-BLK,8,2,6,56.64,,
97566,5912-DS-VHF,3,3,0,77.78,,
97567,5912-DS-VHF-W,6,3,3,77.78,,
97568,QC-8-T,20,9,11,84.49,,
97569,QC-4-T,7,5,2,66.13,,
97572,40020256,2,0,2,1086.60,,
97573,6187,7,2,5,77.78,,
97580,1089,0,0,0,191.25,239.99,
97581,1087,0,0,0,191.25,239.99,
97582,1086,0,0,0,191.25,239.99,
97587,1721321-R,3,2,1,73.10,,
97588,7141321FGK-R,5,4,1,152.40,,
97589,7401321FGK-R,10,6,4,401.40,,
97590,PU026104-R,7,4,3,97.66,,
97591,PU063104-01R,9,5,4,63.16,,
97592,PU021104-R,7,4,3,86.74,,
97595,PU085241,5,3,2,349.98,,
97596,PU081B11,12,6,6,349.98,,
97597,PU301404-44,4,2,2,144.68,,
97598,PU501404,8,3,5,110.31,,
97599,150200-200-080-23,0,0,0,56.00,,
97600,1444DP2ALU,4,0,4,57.33,,
97601,1444DP3ALU,1,0,1,58.64,,
97602,1444DP4ALU,6,2,4,62.38,,
97603,1444DP5ALU,6,2,4,69.00,,
97607,CB131MA600,0,0,0,527.61,,
97608,CB131H600,0,0,0,442.83,,
97609,CB131M1KW,0,0,0,762.39,,
97610,CB131H1KW,0,0,0,645.00,,
97623,ASS030550120,9,4,5,12.40,,15.30
97624,ASS030550220,9,6,3,12.40,,15.30
97628,01206,2,0,2,58.44,79.99,
97629,01207,6,0,6,119.29,163.29,
97630,01215,4,0,4,42.11,57.63,
97631,01225,4,0,4,44.25,60.56,
97632,7700D,10,5,5,382.33,,
97633,01247,4,0,4,161.55,221.13,
97634,01248,3,0,3,270.60,370.39,
97635,01263,4,0,4,24.91,34.09,
97636,01264,8,4,4,38.84,53.17,
97637,01265,4,0,4,61.76,84.53,
97638,01303,3,0,3,21.20,29.03,
97639,01304,4,0,4,29.51,40.38,
97640,01305,3,0,3,47.81,65.45,
97641,01306,1,0,1,79.27,108.50,
97642,01343,4,0,4,24.19,33.11,
97643,01344,2,0,2,34.37,47.05,
97645,01345,6,0,6,52.35,71.66,
97646,01346,3,0,3,83.96,114.92,
97647,N20804W,10,4,6,161.99,,
97648,01394,3,0,3,63.87,87.42,
97649,01395,4,0,4,98.31,134.56,
97650,N20020,13,4,9,99.12,,
97651,02317,9,0,9,60.55,82.88,
97652,02329,7,0,7,168.83,231.07,
97653,02374,0,0,0,84.36,115.47,
97654,02376,6,0,6,105.41,144.29,
97655,02382,6,0,6,71.83,98.30,
97656,02478,4,0,4,157.80,215.99,
97657,02495,5,0,5,84.36,115.47,
97658,02674,4,0,4,101.79,139.32,
97659,02675,1,0,1,126.19,172.72,
97660,02676,8,0,8,162.71,222.70,
97661,02677,6,0,6,252.35,345.40,
97662,02678,2,0,2,423.05,579.06,
97663,02773,2,0,2,89.64,122.70,
97664,02774,3,0,3,109.95,150.49,
97665,02775,10,0,10,134.32,183.86,
97666,02777,6,0,6,268.55,367.58,
97667,02778,6,0,6,447.56,612.60,
97668,06332,6,0,6,16.77,22.95,
97669,06333,6,0,6,16.77,22.95,
97670,06334,6,0,6,16.77,22.95,
97671,WS-200WX,0,0,0,1308.40,1795.50,
97672,06342,4,0,4,25.40,34.77,
97673,06344,6,0,6,25.40,34.77,
97674,06345,3,0,3,25.40,34.77,
97675,06352,3,0,3,38.41,52.57,
97676,06355,3,0,3,38.41,52.57,
97677,06356,5,0,5,38.41,52.57,
97678,06363,3,0,3,59.45,81.39,
97679,06366,4,0,4,59.45,81.39,
97680,06367,2,0,2,59.45,81.39,
97681,06368,7,0,7,59.45,81.39,
97682,06495,5,0,5,48.37,66.22,
97683,06497,3,0,3,73.16,100.13,
97684,06511,3,0,3,10.72,,
97685,06512,6,0,6,11.80,,
97686,06513,1,0,1,12.88,,
97687,06514,5,0,5,20.24,,
97688,06515,2,0,2,31.20,,
97689,06516,3,0,3,65.33,,
97690,06523,3,0,3,16.55,,
97691,06524,5,0,5,24.07,,
97693,06525,4,0,4,38.28,,
97694,06526,2,0,2,74.31,,
97695,06564,3,0,3,95.23,130.35,
97696,06565,10,0,10,121.28,166.01,
97697,06566,4,0,4,181.80,248.84,
97698,09201,6,0,6,7.03,9.61,
97699,09202,9,0,9,7.99,10.92,
97700,09203,1,0,1,10.07,13.77,
97701,09204,5,0,5,15.43,21.12,
97702,09205,4,0,4,28.23,38.63,
97703,09211,6,0,6,9.69,13.26,
97704,09212,4,0,4,10.07,13.77,
97705,09222,5,0,5,14.84,20.32,
97706,11207,4,2,2,201.29,275.53,
97707,11208,1,0,1,231.57,316.97,
97708,11209,3,0,3,382.51,523.56,
97709,11215,2,0,2,95.83,131.16,
97710,11240,6,0,6,241.57,330.65,
97711,11244,7,0,7,60.55,82.88,
97712,11245,3,0,3,80.73,110.50,
97713,11246,4,0,4,130.81,179.05,
97714,11247,7,0,7,272.71,373.28,
97715,11248,3,0,3,452.83,619.82,
97716,11249,4,0,4,613.04,895.05,
97717,21104,12,2,10,57.95,86.87,
97718,21105,2,0,2,72.44,108.59,
97719,21106,4,0,4,115.89,173.74,
97720,21223,4,0,4,25.35,,
97721,21224,2,0,2,32.63,,
97723,21225,8,4,4,39.83,,
97725,29944,10,4,6,64.64,,
97728,29955,15,5,10,69.29,,
97730,29966,4,0,4,95.03,142.46,
97731,65321,4,0,4,15.87,21.72,
97732,65331,4,1,3,18.23,24.95,
97733,65341,8,4,4,25.47,34.85,
97734,65351,2,0,2,42.23,57.80,
97735,65361,4,0,4,73.93,101.19,
97736,65441,6,0,6,28.72,39.31,
97737,65451,8,0,8,52.85,72.34,
97738,65461,2,0,2,84.36,115.47,
97739,91432,4,0,4,36.55,50.02,
97740,91433,8,0,8,46.41,63.54,
97741,91434,6,0,6,75.64,103.53,
97742,SP300,5,0,5,268.05,,
97743,SP400,0,0,0,340.51,,
97746,DS-HD10-BLK,19,9,10,31.50,,
97747,DS-MULTI-P-BLK,27,9,18,32.63,,
97749,SC-CW-11F,12,10,2,84.33,,
97750,SC-USB-03,29,13,16,42.19,,
97752,AV-5001-HV-2XL/3XL,0,0,0,73.75,,
97761,V46B,0,0,0,257.69,,
97762,V46,4,2,2,153.63,,
97763,1503,7,5,2,39.03,,
97764,1503B,2,2,0,39.03,,
97766,"V46 KIT",4,2,2,192.65,,
97767,"V46B KIT",0,0,0,296.72,,
97770,ASS030530218,24,9,15,14.47,,17.85
97771,ASS030530230,6,0,6,15.85,,19.55
97772,ASS030066003,14,6,8,6.20,,7.65
97783,SBV-4000-P,0,0,0,2905.50,,
97794,CG2-2W,0,0,0,71.09,,
97799,FSDP31012008B00,0,0,0,1861.01,,
97804,0320,5,5,0,19.91,,
97805,0452,6,6,0,34.93,,
97807,010-12922-00,0,0,0,45.49,,
97810,V351HPU1D,4,2,2,275.36,,
97812,APPT6-MR/DP,0,0,0,25.27,,
97815,01112-1,0,0,0,12.13,,
97816,01112-1AL,0,0,0,13.55,,
97817,01143,0,0,0,12.35,,
97818,01145,0,0,0,12.35,,
97819,01051,0,0,0,5.69,,
97820,TEC-DIVERSD,0,0,0,91.01,,
97821,00734-1,0,0,0,25.01,,
97822,BGW-40,2,2,0,83.52,115.20,
97823,BGW-60,0,0,0,111.48,153.70,
97824,FMB323,0,0,0,9.38,,
97828,845,36,16,20,13.00,,16.99
97829,476S-9OZ,90,48,42,13.80,,21.95
97830,476S-18OZ,1,0,1,21.86,,32.95
97831,915,16,8,8,25.31,,39.95
97833,850-16OZ,75,45,30,9.29,,14.95
97834,850-64OZ,4,1,3,32.60,,
97835,631,16,13,3,13.34,,20.95
97836,520-16OZ,22,16,6,6.49,,10.95
97837,520-64OZ,19,15,4,17.66,,
97838,415,18,13,5,6.94,,
97842,390,52,27,25,9.06,,13.95
97845,855,42,21,21,10.89,,15.95
97846,325,8,5,3,12.06,,18.95
97847,870-16OZ,22,13,9,13.97,,21.95
97848,870-64OZ,6,6,0,41.71,,64.95
97849,885,76,43,33,14.40,,21.95
97850,920-16OZ,74,46,28,6.94,,
97851,920-64OZ,24,21,3,24.20,,
97852,925,86,61,25,13.00,,20.95
97855,001-608-450-00,0,0,0,108.18,,
97857,13-01-001,0,0,0,108.86,,
97858,13-01-002,0,0,0,108.86,,
97859,13-01-003,1,0,1,139.99,,
97860,13-01-004,0,0,0,182.46,,
97861,13-01-005,0,0,0,72.99,,
97862,13-01-006,0,0,0,72.99,,
97863,GP1170-07,0,0,0,385.44,,
97868,P-2BS-24-R,0,0,0,486.25,,
97870,CA-0185,0,0,0,160.49,,
97871,CA-0184,0,0,0,108.33,,
97885,MMC-11R-LDB,0,0,0,100.25,135.00,
97886,SBR-45LIIS,9,2,7,74.67,,
97887,PC170,5,2,3,149.50,209.30,
97888,PC210,5,2,3,83.71,117.20,
97889,PC3410,10,7,3,42.71,59.80,
97890,PC3435,7,3,4,29.90,41.85,
97891,PC3440,3,1,2,29.90,41.85,
97892,PC3450,6,4,2,46.97,65.75,
97893,PC3460,7,4,3,51.26,71.75,
97894,PC3470,12,8,4,59.83,83.75,
97895,PC3660,9,3,6,25.61,35.85,
97896,PC3661,7,4,3,29.90,41.85,
97897,PC3751,6,2,4,42.71,59.80,
97898,PC866,6,4,2,42.71,59.80,
97899,PC891,6,2,4,29.90,41.85,
97900,PC892,6,2,4,29.90,41.85,
97901,PC190,6,2,4,209.33,293.05,
97902,PC3400,7,4,3,55.50,77.70,
97903,PC3405,5,1,4,59.83,83.75,
97904,PC3490,5,3,2,68.36,95.70,
97905,PC3500,7,4,3,59.83,83.75,
97906,PC3505,5,2,3,68.36,95.70,
97907,PC3510,5,3,2,72.64,101.70,
97908,PC3515,7,4,3,76.86,107.60,
97909,PC3580,6,4,2,51.26,71.75,
97910,PC3585,5,2,3,59.83,83.75,
97911,PC550,4,4,0,46.97,65.75,
97912,PC555,4,2,2,55.50,77.70,
97913,PC560,5,2,3,68.36,95.70,
97914,PC600,6,4,2,68.36,95.70,
97915,PC867,6,4,2,55.50,77.70,
97916,PC980,6,3,3,12.83,17.95,
97930,000-15766-001,1,1,0,5627.20,,7034.00
97932,1260/7PK,9,5,4,11.44,,
97933,1217-FT,700,700,0,0.60,,
97939,1742-MW,0,0,0,255.51,,
97942,PMP122305122,29,19,10,815.78,,1006.40
97943,PMP482305102,5,3,2,947.37,,1168.75
97963,2021014014,3,3,0,173.78,,
97964,2021014013,1,1,0,173.78,,
97965,2021014015,1,0,1,170.00,,
97972,41560,145,63,82,9.18,,
97984,P55750-S,4,2,2,472.73,,
97992,P77712-S,5,2,3,467.50,,
97999,P92001,31,13,18,401.39,,
98002,2000026606,78,57,21,4.93,,
98005,TFR-230-2,1,1,0,175.60,,
98011,58020-3012,3,2,1,824.05,,
98012,58060-3012,2,0,2,824.04,,
98013,58060-3024,0,0,0,824.04,,
98014,58080-3012,5,2,3,871.62,,
98015,58080-3024,0,0,0,871.62,,
98016,58220-3012,2,2,0,824.05,,
98017,58220-3024,0,0,0,824.05,,
98018,58260-3012,2,1,1,816.20,,
98019,58260-3024,0,0,0,824.04,,
98020,58280-3012,4,2,2,871.62,,
98021,58280-3024,0,0,0,871.62,,
98025,10-24967-02,1,1,0,217.21,,
98026,10-35038-9,0,0,0,214.50,,
98027,35760-0094,10,4,6,274.58,,
98028,10-13599-02,0,0,0,420.85,,
98029,10-24398-01,0,0,0,480.58,,
98030,10-24140-5,0,0,0,396.41,,
98040,60CCM-D5OS,2,1,1,1816.74,2794.99,
98041,SCM-PD4CH,6,4,2,175.00,,249.00
98042,SCM-PWR6,3,2,1,273.99,,389.00
98043,SC3-BW-ALSM,0,0,0,169.51,,249.00
98044,BP150G15,0,0,0,197.27,236.71,
98047,FP5X,10,2,8,83.59,,
98049,SPD-15-W,0,0,0,582.19,,
98050,ACC-FF-1840,0,0,0,30.63,,
98058,WR16/4-100,0,0,0,114.19,,
98059,2000032712,4,2,2,25.05,,
98060,66031-3,0,0,0,23.99,,
98061,66032-3,12,12,0,27.83,,
98063,010-13115-02,15,2,13,22.49,,
98064,010-13116-02,0,0,0,18.75,,
98065,010-13115-10,0,0,0,112.49,,
98066,010-13116-03,0,0,0,18.75,,
98067,010-13115-11,0,0,0,112.49,,
98068,010-13116-04,0,0,0,18.75,,
98069,010-13115-12,0,0,0,112.49,,
98072,4113,7,5,2,6.67,,
98073,4770-4,2,2,0,114.61,,
98074,5606-7,30,12,18,24.23,,
98075,5608-7,4,1,3,38.54,,
98076,5609-7,6,2,4,40.19,,
98077,5612-7,10,10,0,50.42,,
98078,5613-7,6,2,4,47.12,,
98082,66540-3,0,0,0,17.09,,
98083,66541-3,7,3,4,19.99,,
98084,66542-3,6,0,6,23.42,,
98085,66543-3,0,0,0,27.60,,
98086,66544-3,0,0,0,36.20,,
98087,66545-3,5,5,0,41.30,,
98088,66546-3,6,6,0,19.51,,
98089,66547-3,7,7,0,20.73,,
98090,66548-3,1,0,1,23.29,,
98091,66549-3,3,3,0,27.51,,
98092,66550-3,0,0,0,35.48,,
98093,66551-3,4,4,0,40.07,,
98094,66553-3,20,6,14,66.94,,
98095,150600-200-020-23,0,0,0,42.67,,
98096,150600-200-030-23,0,0,0,42.67,,
98097,150600-200-040-23,0,0,0,42.67,,
98098,150600-200-050-23,0,0,0,42.67,,
98099,3872-3,0,0,0,4.41,,
98100,150600-200-060-23,0,0,0,42.67,,
98101,3873-3,0,0,0,4.14,,
98102,150600-200-070-23,0,0,0,42.67,,
98103,3874-3,2,2,0,6.79,,
98104,150200-200-030-23,0,0,0,56.00,,
98105,3878-3,1,0,1,10.46,,
98106,150200-200-050-23,15,6,9,51.99,,
98107,3877-3,9,5,4,6.90,,
98108,150200-200-110-23,0,0,0,56.00,,
98109,3879-3,19,1,18,10.96,,
98110,3886-3,0,0,0,11.92,,
98111,17211-3,0,0,0,5.13,,
98113,7557-7,31,17,14,25.08,,
98114,7526A7,18,12,6,5.06,,
98116,7524A7,21,10,11,4.83,,
98117,7520A3,4,4,0,9.97,,
98118,2000033703,11,8,3,20.81,,
98119,7533A7,4,0,4,8.14,,
98124,NV6LC1-14BP7,6,6,0,43.25,,
98125,NV6LC2-14BP7,0,0,0,54.21,,
98131,5092-10-7,2,2,0,25.24,,
98132,5092-14-7,0,0,0,27.75,,
98133,5091-10-7,3,0,3,23.10,,
98134,5091-14-7,0,0,0,28.76,,
98135,5095-10-7,0,0,0,42.69,,
98136,5530-24BP7,0,0,0,50.93,,
98143,911339-7,0,0,0,17.68,,
98148,5122-08-7,0,0,0,20.56,,
98157,5940-7,7,3,4,18.11,,
98159,6100-AT-7,3,1,2,377.33,,
98160,6100-LT-7,0,0,0,377.33,,
98163,FASP093CA2L1A00,0,0,0,94.31,,
98173,66UW03B-7,4,1,3,149.37,,
98174,66UW06B-7,0,0,0,229.21,,
98175,66UW12B-7,0,0,0,349.23,,
98179,6350W7,0,0,0,19.11,,
98180,6350B7,3,0,3,19.11,,
98188,HX320,43,24,19,129.99,,
98189,93038LP7,34,14,20,17.04,,
98190,93516LP7,21,12,9,17.04,,
98191,93014LP7,7,5,2,17.41,,
98193,9300FDV7,0,0,0,26.40,,
98198,8838US6,7,5,2,18.53,,
98199,8838HF6,3,0,3,9.01,,
98200,8838TM6,0,0,0,9.30,,
98201,8838HM6,4,0,4,12.67,,
98202,951606ULP7,1,0,1,32.86,,
98203,93806UUS7,0,0,0,43.60,,
98204,93806UUSD7,7,4,3,60.37,,
98205,93812UUS7,0,0,0,67.86,,
98206,93812UUSD7,0,0,0,77.95,,
98207,2000035686,13,10,3,41.64,53.99,
98208,93806ULP7,6,5,1,31.58,,
98209,2000034873,11,6,5,41.64,53.99,
98211,93806UFDV7,0,0,0,61.07,,
98212,93812ULP7,0,0,0,45.49,,
98213,93806MUS7,2,1,1,48.01,,
98214,93806AUS7,0,0,0,42.86,,
98215,93806MUSD7,12,7,5,64.86,,
98216,93806EUS7,0,0,0,48.01,,
98217,93806EUSD7,0,0,0,64.86,,
98218,93806ELP7,6,3,3,39.17,,
98219,93806YLP7,0,0,0,39.17,,
98220,93806HUS7,12,11,1,48.01,,
98221,8873-6,9,3,6,7.18,,
98222,8890LP6,7,2,5,6.91,,
98223,8896LP6,7,1,6,4.19,,
98224,8882-6,0,0,0,10.47,,
98225,14530-6,0,0,0,12.38,,
98226,14532-6,0,0,0,7.89,,
98227,8883-6,7,2,5,6.69,,
98228,88FHE516-6,0,0,0,5.14,,
98229,8889LP6,3,3,0,4.19,,
98230,8897-6,8,0,8,7.37,,
98231,88FHY516-6,11,7,4,4.03,,
98232,8901-6,1,0,1,5.30,,
98233,8902-6,7,1,6,10.25,,
98234,8900-6,14,3,11,5.33,,
98235,14509-6,7,0,7,5.03,,
98236,8884-6,6,0,6,10.18,,
98237,88FTS014-6,6,0,6,10.87,,
98238,8887-6,0,0,0,6.03,,
98239,T91,2,0,2,121.21,,
98240,T93,4,2,2,190.16,,
98241,"ZTF TILLER M2",0,0,0,2038.18,,
98242,904513,0,0,0,137.80,239.99,
98243,"ZTF TILLER S2",4,2,2,2037.22,,
98255,5590-24-7,8,3,5,38.52,,
98256,5590-30-7,0,0,0,38.93,,
98257,5590-36-7,0,0,0,39.32,,
98258,5590-42-7,0,0,0,39.32,,
98259,7800-24-7,0,0,0,53.49,,
98261,7800-36-7,0,0,0,53.89,,
98263,7800-42-7,0,0,0,54.29,,
98264,W6/3-FT,15,15,0,6.48,,
98265,W16/3-FT,0,0,0,0.62,,
98286,6234,2,2,0,307.72,,
98287,SM-ACC3-RCGA-DOME,0,0,0,80.26,,98.79
98290,R509C-LM,0,0,0,4333.68,5799.00,
98292,E70660,9,6,3,559.99,,
98306,T70581,0,0,0,1159.99,,
98308,A80703,4,2,2,555.99,,
98309,A80704,2,2,0,1415.99,,
98310,T70543,0,0,0,2199.99,,
98311,T70544,2,1,1,2199.99,,
98314,125,36,19,17,10.71,,
98316,127,18,5,13,10.71,,
98317,128,27,13,14,10.71,,
98318,131,6,1,5,10.71,,
98320,132,106,15,91,10.71,,
98322,400,83,35,48,7.70,,
98323,11595-2,5,3,2,20.17,,
98324,5614-7,5,3,2,50.65,,
98325,88FBM101-6,8,3,5,3.13,,
98326,14540-6,6,4,2,5.89,,
98327,88FBMA102-6,11,6,5,3.84,,
98328,88FAS014-6,0,0,0,9.08,,
98329,88FAS038-6,0,0,0,16.85,,
98330,11822-6,9,3,6,3.40,,
98334,99DFCCSZ1S,5,2,3,57.19,,
98335,99DFCCSS1S,12,7,5,63.25,,
98336,99DFCCAB1S,13,5,8,43.18,,
98337,99DFCCAZ1S,2,1,1,57.19,,
98338,99DFCCAS1S,13,4,9,63.25,,
98339,1670-3,3,3,0,12.07,,
98340,66419-3,20,15,5,10.97,,
98341,1674-6,0,0,0,30.26,,
98343,30SCM-D5OS,3,1,2,682.50,828.75,
98349,99CC045-1S,41,12,29,83.63,,
98350,99CC085-1S,8,3,5,92.70,,
98351,99CC085HSA1S,0,0,0,114.26,,
98352,99CC150-1S,0,0,0,141.99,,
98354,99DFPVSS1S,0,0,0,92.35,,
98355,99DFPVAB1S,16,7,9,67.81,,
98356,99DFPVAS1S,18,6,12,92.35,,
98357,12820-5,2,2,0,6.81,,
98358,11526-3,14,9,5,8.83,,
98359,11512-3,21,8,13,10.30,,
98360,88TC06-7,8,3,5,19.10,,
98362,11840-7,0,0,0,19.71,,
98363,11841-4,7,6,1,7.26,,
98364,12562-6,35,12,23,3.22,,
98365,11820-7,4,3,1,7.81,,
98366,11873-1,47,24,23,4.74,,
98371,11891D7,1032,1026,6,6.37,,
98372,66406-5,2,0,2,30.33,,
98373,66074-3,15,5,10,20.03,,
98374,1607-3,11,6,5,7.53,,
98375,8803LP2,1,1,0,49.13,,
98376,8803LPG2,17,9,8,55.46,,
98377,8812LP2,5,0,5,110.55,,
98378,8812LPG2,5,0,5,120.50,,
98379,8812LLP2,0,0,0,111.86,,
98380,8812LLPG2,13,8,5,119.56,,
98384,13700-7,0,0,0,7.39,,
98385,13702-4,0,0,0,11.64,,
98386,11575-3,14,5,9,7.06,,
98387,11952-7,4,2,2,8.91,,
98388,010-13177-00,0,0,0,149.99,,
98394,GOST-UCU-S,0,0,0,1999.99,2699.99,
98395,6242,4,4,0,541.67,,725.00
98396,6252,13,7,6,773.28,,1035.00
98397,6253,13,5,8,1087.07,,1455.00
98398,6262,4,3,1,1202.87,,1610.00
98399,6263,11,6,5,1516.67,,2030.00
98401,G230524,8,2,6,8.56,,
98402,G230416,0,0,0,12.12,,
98403,G230316,0,0,0,12.13,,
98417,TYN-08BLUSP,17,7,10,4.48,,
98418,3000004255,0,0,0,81.16,,
98422,S10,0,0,0,265.36,,
98430,AAI-KIT,0,0,0,1237.65,,
98431,WVI-KIT,0,0,0,2642.35,,
98432,S6HD-KIT,0,0,0,2708.24,,
98433,F4-A250-R,0,0,0,5333.33,,
98434,F4-A250-S,0,0,0,5000.00,,
98435,F4-A500-R,0,0,0,10611.11,,
98436,F4-A500-S,0,0,0,10277.78,,
98438,400715-3,12,4,8,52.18,,
98439,401840-3,9,5,4,112.27,,
98440,404939-3,7,2,5,69.41,,
98441,422730-1,4,2,2,35.17,,
98442,WR16/2DC-100,2,1,1,62.31,,
98444,WR16/2DC-250,0,0,0,139.38,,
98445,WR16/2DC-500,0,0,0,248.26,,
98446,WR14/2DC-100,4,3,1,74.45,,
98447,WR14/2DC-250,2,2,0,171.58,,
98448,422732-1,2,2,0,21.76,,
98449,WR14/2DC-500,4,2,2,318.29,,
98450,WR12/2DC-100,4,2,2,107.74,,
98451,426514-1,0,0,0,21.14,,
98452,426516-1,7,2,5,17.38,,
98453,WR12/2DC-250,0,0,0,248.31,,
98454,WR12/2DC-500,0,0,0,460.62,,
98455,WR10/2DC-100,0,0,0,171.83,,
98456,WR10/2DC-250,0,0,0,401.63,,
98457,WR10/2DC-500,0,0,0,742.85,,
98458,WR16/3-100,3,2,1,84.94,,
98459,426518-1,4,4,0,24.11,,
98460,426519-1,0,0,0,29.17,,
98461,426521-1,7,0,7,20.18,,
98462,426522-1,0,0,0,34.77,,
98463,WR16/3-250,0,0,0,189.99,,
98464,S00-01140-00,0,0,0,8.55,,
98467,HT1821AW,0,0,0,231.08,,
98468,WR16/3-500,0,0,0,338.42,,
98469,WR14/3-250,1,0,1,230.83,,
98470,WR14/3-500,0,0,0,430.45,,
98471,WR14/3-1000,0,0,0,796.38,,
98472,WR12/3-100,3,1,2,141.50,,
98473,WR12/3-250,0,0,0,338.26,,
98474,WR12/3-500,0,0,0,652.68,,
98475,WR10/3-100,3,2,1,223.58,,
98482,ZDIGELINK,4,4,0,219.54,,
98483,WR10/3-250,0,0,0,526.79,,
98484,WR10/3-500,2,2,0,996.23,,
98485,WR14/3-100,4,2,2,99.54,,
98486,WR16/4-250,0,0,0,274.27,,
98487,WR16/4-500,0,0,0,501.92,,
98488,WR14/4-100,1,0,1,153.17,,
98489,WR14/4-250,0,0,0,354.32,,
98490,WR14/4-1000,0,0,0,1249.50,,
98491,WR12/4-100,2,0,2,211.15,,
98492,WR12/4-250,0,0,0,499.47,,
98493,WR12/4-500,0,0,0,883.38,,
98494,WR10/4-100,0,0,0,299.77,,
98495,WR10/4-250,1,0,1,715.01,,
98496,WR10/4-500,2,0,2,1371.00,,
98497,WR14/4-500,1,1,0,668.72,,
98498,WR16/6-100,3,2,1,270.77,,
98499,WR16/6-250,3,1,2,657.90,,
98500,WR16/6-500,0,0,0,1230.35,,
98501,WR14/6-100,0,0,0,336.64,,
98502,WR14/6-250,0,0,0,816.35,,
98503,WR14/6-500,0,0,0,1554.92,,
98508,101829,4,2,2,122.37,,
98519,BS-22,7,4,3,62.22,,
98520,BS-23,4,3,1,73.33,,
98521,BS-24,5,2,3,89.44,,
98522,BS-25,1,1,0,75.56,,
98528,FW-40PROA-HV,1,1,0,154.99,,
98529,FW-40PROHA-OB,3,2,1,250.00,,
98531,AV-1000-BK-XS/S,2,2,0,187.50,,
98532,AV-1000-BK-M/L,4,4,0,187.50,,
98533,AV-1000-BK-XL/XXL,3,3,0,187.50,,
98534,AV-1000-GN-XS/S,0,0,0,187.50,,
98535,AV-1000-GN-M/L,2,2,0,187.50,,
98536,AV-1000-GN-XL/XXL,3,2,1,187.50,,
98537,BCF-AV1000,4,0,4,15.00,,
98540,W0004,1,0,1,5.49,,
98547,AV-5001-OB-S/M,0,0,0,73.75,,
98548,AV-5001-OB-L/XL,0,0,0,73.75,,
98549,AV-5001-OB-2XL/3XL,0,0,0,73.75,,
98550,701-MDVS-D,5,2,3,174.86,,
98551,010-13305-00,1,1,0,112.49,,
98553,010-13269-12,1,1,0,37.49,,
98554,AV-800-OB-S/M,0,0,0,90.63,,
98555,AV-800-OB-L/XL,0,0,0,90.63,,
98556,AV-800-OB-2XL/3XL,0,0,0,90.63,,
98557,AS-1100-OB-S,0,0,0,486.88,,
98558,AS-1100-OB-M,0,0,0,486.88,,
98559,AS-1100-OB-L,0,0,0,486.88,,
98560,AS-1100-OB-XL,0,0,0,486.88,,
98561,AS-1100-OB-2XL,0,0,0,486.88,,
98562,AS-1100-OB-3XL,0,0,0,515.00,,
98564,FRS-900-HV-S/M,0,0,0,435.00,,
98565,FRS-900-HV-L/XL,0,0,0,435.00,,
98566,FRS-900-HV-2XL/3XL,0,0,0,435.00,,
98567,"FRP-800 BK-S/M",0,0,0,202.50,,
98568,010-C1351-40,0,0,0,281.02,,
98569,"FRP-800 BK-L/XL",2,2,0,202.50,,
98570,"FRP-800 BK-2XL/3XL",0,0,0,202.50,,
98571,312070001,0,0,0,887.17,,1330.99
98572,312500001,0,0,0,789.67,,1184.99
98583,491108-1,0,0,0,8.97,,
98584,422768-1,4,3,1,61.37,,
98585,312500003,0,0,0,857.65,,1286.99
98596,958126431,1,0,1,24.10,,
98603,1029,34,15,19,23.80,,
98604,1082,12,7,5,27.77,,
98605,1054,11,6,5,25.50,,
98606,1086,12,6,6,29.76,,
98607,1160,15,10,5,32.19,,
98608,1139,10,6,4,40.07,,
98611,1027,17,7,10,16.03,,
98614,1090,6,5,1,18.83,,
98615,1091,4,3,1,14.57,,
98616,1011,34,15,19,57.07,,
98617,1022,61,28,33,57.07,,
98618,1014,1,0,1,57.07,,
98619,1009,471,246,225,12.76,,
98620,1006,0,0,0,23.31,,
98621,1001,70,39,31,21.86,,
98622,1005,41,23,18,21.86,,
98623,1104,20,12,8,12.14,,
98624,1023,10,5,5,14.21,,
98625,010-12504-00,0,0,0,18.75,,
98634,1132,29,19,10,20.04,,
98635,1133,22,11,11,20.04,,
98636,1134,11,3,8,20.04,,
98637,1076,0,0,0,16.03,,
98638,1075,13,6,7,16.03,,
98639,1077,10,5,5,16.03,,
98643,1119,1,0,1,38.86,,
98648,OMHD-04-DB-R,4,2,2,117.50,,
98649,OMSD-01-DB-R,0,0,0,130.00,,
98650,BPP900462050,7,5,2,13.78,,17.00
98651,BPP900462070,9,4,5,13.78,,17.00
98667,SC3-CC-BZSM,5,4,1,242.68,,349.00
98668,SC3-BW-BZSM,0,0,0,218.29,,319.00
98669,SC3-BB-BZSM,0,0,0,218.29,,319.00
98670,SC3-GW-BZSM,3,0,3,218.29,,319.00
98673,010-12117-04,0,0,0,63.75,,
98686,21043,0,0,0,65.61,,
98687,B00129201,0,0,0,759.88,1421.00,
98691,367654252,0,0,0,155.34,,
98700,425-0012,7,4,3,1992.54,,2582.33
98701,430-0001,15,8,7,508.72,,659.30
98702,430-0003,13,5,8,745.90,,966.69
98703,430-0005,6,2,4,662.06,,858.02
98704,430-0007,17,6,11,949.56,,1230.62
98705,430-0009,19,9,10,610.94,,791.78
98706,430-0011,12,7,5,848.93,,1100.21
98707,430-0013,9,5,4,763.47,,860.40
98708,430-0015,10,10,0,1052.57,,1364.13
98709,429-0007,4,2,2,714.99,,1650.83
98710,413-0060,4,2,2,290.69,,376.74
98712,304-0055,9,6,3,74.93,,
98714,UC168-I,3,2,1,545.47,,
98721,36123,0,0,0,287.49,459.99,
98722,36210,0,0,0,449.99,719.99,
98724,922314,0,0,0,418.74,669.99,
98725,932314,0,0,0,624.99,999.99,
98726,262214,0,0,0,268.74,429.99,
98727,20252,0,0,0,174.99,279.99,
98729,300515,0,0,0,512.49,819.99,
98733,001-512-680-00,0,0,0,311.11,,
98738,S1950,0,0,0,1175.58,,
98739,ZDIG4GXWL,2,1,1,389.54,,
98741,VR600,8,4,4,84.99,,
98751,708082,0,0,0,12.86,,
98755,0493DP999R,0,0,0,25.55,,
98764,68000363,0,0,0,306.70,,
98767,14141-7,15,3,12,6.37,,
98768,14142-7,17,8,9,6.37,,
98769,6123AEPAWV,0,0,0,89.31,,
98770,14060-7,7,3,4,18.11,,
98772,14063-7,5,1,4,23.21,,
98773,14065-7,3,3,0,36.30,,
98774,14064-7,11,5,6,40.06,,
98775,11149-4,4,1,3,34.44,,
98777,103200-999-004-12,0,0,0,73.54,,
98779,11195-4,4,4,0,43.18,,
98781,1698,12,6,6,47.68,,
98784,MAG5151SL,0,0,0,914.37,1097.25,
98785,MAG2626SL,0,0,0,459.40,551.28,
98786,MAG6363SL,0,0,0,1162.44,1394.93,
98787,ALT5151SL,0,0,0,888.40,1066.09,
98788,ALT2626SL,0,0,0,413.57,496.28,
98789,148-1006,6,4,2,102.14,,
98790,148-1126,3,2,1,150.59,,
98791,149-0346,3,0,3,74.79,,
98792,149-1186,3,2,1,114.43,,
98793,149-1126,3,2,1,162.79,,
98794,147-0346,4,3,1,73.60,,
98795,147-1186,2,0,2,99.06,,
98796,365-0386,0,0,0,106.09,,
98797,365-0566,4,0,4,106.09,,
98798,317-0586,3,3,0,133.39,,
98799,305-0386,1,1,0,101.40,,
98800,305-0566,2,2,0,93.80,,
98801,165-0126,7,5,2,42.71,,
98803,166-0126,5,4,1,42.71,,
98804,166-0586,4,2,2,45.77,,
98805,165-0586,6,3,3,45.77,,
98806,165-0346,4,2,2,61.34,,
98808,166-0346,6,4,2,61.34,,
98809,161-1006,8,4,4,82.56,,
98810,250-1126,4,2,2,372.91,,
98811,325626-1,1,0,1,48.89,,
98812,100-1146,2,2,0,306.13,,
98813,102-1126,0,0,0,434.03,,
98814,100-0346,3,2,1,264.44,,
98815,100-1006,3,0,3,291.76,,
98816,705-0381,2,0,2,12.89,,
98818,705-0561,0,0,0,12.43,,
98820,705-0121,1,1,0,13.64,,
98821,705-0141,3,3,0,12.13,,
98822,705-0581,0,0,0,13.94,,
98826,705-1001,7,4,3,15.46,,
98827,710-0121,0,0,0,18.34,,
98828,710-0341,0,0,0,19.86,,
98829,710-0581,0,0,0,18.50,,
98830,710-1001,6,2,4,20.61,,
98831,710-1121,2,2,0,26.60,,
98832,710-1141,3,0,3,25.71,,
98833,710-1381,0,0,0,24.79,,
98834,710-2001,4,4,0,29.36,,
98835,720-1001,8,4,4,63.27,,
98836,720-1121,2,0,2,66.16,,
98837,720-2001,4,3,1,68.07,,
98838,720-2121,7,3,4,60.54,,
98839,720-3001,6,2,4,63.59,,
98840,11127-4,7,3,4,45.58,,
98841,11126-4,15,9,6,53.74,,
98842,720-3121,9,5,4,65.44,,
98843,720-4001,7,2,5,67.28,,
98844,720-4001L,8,4,4,67.54,,
98845,11247-1,13,7,6,20.39,,
98846,720-5001,9,4,5,70.96,,
98847,720-5001L,11,6,5,72.02,,
98848,720-6001,9,5,4,73.07,,
98849,720-6001L,8,6,2,74.13,,
98850,15232-7,13,7,6,14.17,,
98851,720-8001,8,4,4,76.24,,
98852,15221-7,7,1,6,15.76,,
98853,720-8001L,9,5,4,79.40,,
98854,GFELGF-BK-DP,0,0,0,44.99,,
98855,GFEL-GF-R-DP,0,0,0,47.73,,
98856,GFEL-LG-BK-DP,0,0,0,47.73,,
98857,GFEL-LG-R-DP,1,0,1,47.73,,
98858,11108-7,5,1,4,12.62,,
98859,11730-7,6,4,2,13.75,,
98860,11732-7,4,2,2,8.63,,
98861,11792-6,0,0,0,5.61,,
98862,SP-1002,8,4,4,16.50,,
98863,90720,5,3,2,20.58,,
98864,91320,3,3,0,22.30,,
98865,91320-ADJ,2,0,2,37.20,,
98867,EBL-1-DP,0,0,0,242.70,,
98870,GNT-EVOLUTION-IDP-SM+,0,0,0,4715.28,6011.99,
98873,2158135,3,2,1,26.81,,
98874,2158119,4,4,0,26.81,,
98875,2158133,3,2,1,34.22,,
98876,2158118,6,3,3,34.22,,
98877,2158117,11,6,5,38.11,,
98878,2158132,4,2,2,38.11,,
98880,2158120,6,1,5,45.87,,
98882,2158134,9,4,5,22.93,,
98884,GDI000016000,8,4,4,88.88,,109.65
98888,98395CAMO,0,0,0,55.51,,
98889,98395GY,5,2,3,44.65,,
98892,A2C59514202,2,0,2,32.00,76.50,
98903,202-255,0,0,0,208.75,268.00,
98922,TS001,5,3,2,64.99,,
98923,IG001,11,5,6,34.99,,
98924,IG002,4,4,0,28.99,,
98925,IG003,5,2,3,21.99,,
98926,IG004,4,2,2,24.99,,
98927,IG005,2,2,0,54.99,,
98928,IG006,2,1,1,59.99,,
98929,IG007,10,5,5,32.99,,
98930,IG008,9,3,6,54.99,,
98931,IG009,8,2,6,44.99,,
98932,IG010,5,4,1,59.99,,
98933,IG011,7,3,4,56.99,,
98934,IG012,8,6,2,80.03,,
98935,IG013,4,2,2,31.61,,
98936,DR001,2,0,2,4.49,,
98937,DR002,2,2,0,6.79,,
98938,DR003,5,2,3,6.99,,
98939,DR004,12,6,6,9.99,,
98940,DC001,10,4,6,17.99,,
98941,DC003,3,3,0,29.99,,
98942,317-0580-FT,203,203,0,4.35,,
98943,365-0560-FT,0,0,0,3.40,,
98945,DC004,12,6,6,34.99,,
98946,DC006,8,3,5,11.99,,
98947,DC007,7,6,1,13.99,,
98948,TP001,9,3,6,44.99,,
98951,SUN-COV-175,0,0,0,54.55,,
98953,327-1126,0,0,0,366.53,,
98954,327-2006,2,2,0,582.97,,
98957,481-3000,4,2,2,204.29,,
98963,G7516,0,0,0,10.79,,
98964,GP1040-43,0,0,0,334.53,,
98965,G7164,0,0,0,10.93,,
98971,1110,0,0,0,24.79,,
98972,1111,2,2,0,24.79,,
98973,000-10614-001,0,0,0,22.12,,
98982,1100531-L1,0,0,0,132.73,,
98983,1100521-L1,2,2,0,137.14,,
98984,3433,2,0,2,467.33,,
98985,6259,1,0,1,279.03,,
98986,6247,6,3,3,137.39,,
98987,60060,2,2,0,179.99,,
98988,6275,2,0,2,482.67,,
98989,6279,3,1,2,164.99,,
98990,3432,3,1,2,417.44,,
98991,2171000,2,2,0,16.54,,
98992,5399,2,2,0,119.99,,
98993,6220,5,2,3,84.99,,
98994,6218,4,2,2,152.16,,
98995,SW064,5,2,3,24.39,,
98996,SW595,27,10,17,28.97,,
98997,20810,1,1,0,164.99,,
98998,5358,2,0,2,134.09,,
98999,SW275,6,2,4,18.99,,
99000,6267,3,2,1,229.99,,
99001,6232,1,0,1,89.99,,
99002,SW774,3,2,1,29.31,,
99003,SW099,4,2,2,24.99,,
99004,1690106,0,0,0,183.99,,
99006,FRBBA230,0,0,0,173.24,,
99010,88451,1,1,0,137.49,,
99011,88452,0,0,0,179.47,,
99018,PT-0-5000PSI-01,2,1,1,170.82,,
99019,KITOBBHBR-06',2,0,2,164.47,,
99022,9091-5,15,6,9,7.71,,
99025,1660230,32,16,16,568.71,,
99026,89700924,1,0,1,806.61,,
99027,SW08HOG,0,0,0,8.87,,
99029,SW08HP,0,0,0,8.87,,
99030,SW08GRMU,0,0,0,8.87,,
99031,SW08HBNC,0,0,0,8.87,,
99032,W14/2DC-FT,0,0,0,0.54,,
99038,301-0132,2,2,0,30.69,,
99047,20-586-01,0,0,0,368.49,474.10,
99049,544313,0,0,0,524.99,799.99,
99053,1127RA0WHT,0,0,0,209.83,,
99054,1127GA0WHT,0,0,0,209.83,,
99057,03-1104-10PK,4,4,0,6.10,,
99058,03-1108-2PK,3,3,0,9.35,,
99061,99DFPVSB1S,3,2,1,67.81,,
99062,09-812BT-1,0,0,0,38.52,,
99067,DB9-F,20,15,5,13.72,,
99070,1250300,1,1,0,348.00,,
99072,1240748-MLNS,8,4,4,105.33,,
99073,12730,0,0,0,1.50,,
99077,SXV300M1-3,7,4,3,209.21,,
99079,AK7691,0,0,0,53.08,,
99084,2158920,10,10,0,26.04,,
99085,225T-TM904,1,1,0,577.78,,
99086,225T-PR904,0,0,0,1511.11,,
99087,1780250,3,2,1,108.39,,
99088,1780245,3,3,0,83.86,,
99089,WP-800-900,5,3,2,31.27,,
99090,1690107,9,5,4,177.04,,
99093,"07-30M-134R    ",0,0,0,75.00,96.00,
99094,"07-SRC-30M     ",0,0,0,34.38,44.00,
99095,"07-141-8NPSMPLUG     ",0,0,0,29.38,37.60,
99097,N07170,6,4,2,107.00,138.66,
99098,N03130,0,0,0,18.57,24.06,
99100,32301,6,5,1,58.86,76.28,
99101,64914,6,2,4,19.51,25.29,
99102,64913,7,4,3,16.71,21.65,
99103,81586,4,2,2,98.36,127.48,
99109,81585,0,0,0,89.53,116.03,
99110,81686B,0,0,0,119.22,154.50,
99111,81685B,0,0,0,102.93,133.40,
99112,81684B,0,0,0,88.49,114.69,
99113,81683B,0,0,0,71.71,92.93,
99114,81682B,7,4,3,52.75,68.36,
99115,81686,0,0,0,112.67,146.02,
99116,81684,0,0,0,82.24,106.57,
99117,81682,0,0,0,48.85,63.31,
99118,41201,22,1,21,244.29,,
99119,60150,4,2,2,31.33,40.61,
99120,41200,30,7,23,235.71,,
99121,N03591,5,2,3,69.17,89.64,
99122,N02130,8,4,4,17.36,22.50,
99134,N01130,6,4,2,15.81,20.49,
99135,05900,11,5,6,400.79,519.42,
99136,N03430,6,2,4,29.13,37.75,
99137,64804,15,5,10,2.19,2.85,
99138,N03631,0,0,0,67.07,86.92,
99139,N02631,0,0,0,62.17,80.57,
99140,N02430,0,0,0,24.61,31.89,
99141,N02290,10,7,3,33.19,43.02,
99142,N02190,0,0,0,22.33,28.95,
99143,N02160,6,2,4,16.92,21.92,
99144,N02150,12,10,2,21.29,27.59,
99145,N00110,10,6,4,6.46,8.37,
99146,42400,13,9,4,10.00,13.32,
99147,42358,0,0,0,2.96,3.94,
99148,43601,0,0,0,7.27,9.68,
99149,42357,12,8,4,3.81,5.08,
99150,81550,6,4,2,88.12,117.38,
99151,81584,4,2,2,75.93,98.41,
99152,42336,3,1,2,63.68,84.82,
99153,42335,5,3,2,75.81,98.25,
99154,42334,5,3,2,73.29,94.99,
99155,21053,5,3,2,17.28,23.03,
99156,42300,9,5,4,178.97,231.95,
99157,90301,14,8,6,88.38,114.53,
99158,70300,4,2,2,27.82,36.06,
99159,60001,10,6,4,20.46,26.51,
99160,52111,3,2,1,13.05,17.38,
99161,52110,7,3,4,13.05,17.38,
99162,52100,6,3,3,20.24,26.23,
99163,52001,9,4,5,13.35,17.30,
99164,52000,14,8,6,13.35,17.30,
99165,51253,5,2,3,42.93,57.18,
99168,22100,0,0,0,65.58,85.00,
99169,21644,5,2,3,114.18,147.99,
99170,21643,3,3,0,94.47,122.44,
99171,21642,4,2,2,84.83,109.95,
99172,21641,6,4,2,82.88,107.40,
99175,PMP242305102,18,11,7,808.20,,997.05
99180,55505,2,0,2,578.60,,708.99
99181,55363,1,1,0,440.73,,539.99
99183,W14/3-FT,4,4,0,0.83,,
99194,221127,16,6,10,13.21,,
99196,TAE1/0-12R-10,11,8,3,18.08,,
99201,TAE1-12R-10,13,6,7,17.20,,
99206,TAE2/0-12R-10,8,3,5,16.29,,
99210,TAE2/0-38R-2,9,8,1,4.35,,
99212,TAE2-12R-10,13,8,5,16.03,,
99214,A22112,0,0,0,332.50,,399.00
99218,TAE3/0-12R-10,11,3,8,20.26,,
99220,TAE3/0-38R-10,11,7,4,20.45,,
99222,TAE3/0-56R-10,6,4,2,20.06,,
99224,TAE4/0-12R-10,6,3,3,27.64,,
99232,TAE4/0-56R-10,10,10,0,27.64,,
99237,TAE4-12R-10,17,10,7,13.23,,
99244,TAE6-12R-10,12,6,6,9.63,,
99246,TAE6-14R-2,25,10,15,3.08,,
99247,TAE6-38R-2,29,16,13,3.23,,
99250,TAE8-12R-10,17,9,8,15.54,,
99256,TBSE18-25,9,3,6,14.69,,
99257,TBSE18-100,26,13,13,29.77,,
99258,TBSE14-3,2,2,0,3.47,,
99259,TBSE14-25,4,1,3,14.69,,
99260,TBSE14-100,26,8,18,29.77,,
99261,TBSE10-3,0,0,0,3.97,,
99262,TBSE10-25,3,1,2,20.31,,
99263,TBSE10-100,20,11,9,41.12,,
99265,TBSE8-25,4,3,1,28.13,,
99267,TE18-8R-25,8,2,6,14.71,,
99268,TE18-8R-100,9,6,3,30.11,,
99269,TE18-10R-3,4,4,0,2.02,,
99270,TE18-10R-25,6,2,4,14.43,,
99271,TE18-10R-100,17,5,12,29.53,,
99272,TE18-14R-3,0,0,0,2.93,,
99273,TE18-14R-25,4,3,1,13.93,,
99274,TE18-14R-100,20,9,11,28.51,,
99275,TE18-56R-3,0,0,0,2.93,,
99277,TE18-56R-100,10,3,7,28.51,,
99279,TE18-38R-25,4,4,0,13.93,,
99280,TE18-38R-100,22,10,12,28.51,,
99282,TE14-8R-25,3,1,2,14.28,,
99283,TE14-8R-100,27,6,21,29.24,,
99284,TE14-10R-3,10,10,0,3.00,,
99285,TE14-10R-25,6,4,2,14.28,,
99286,TE14-10R-100,27,3,24,29.24,,
99287,TE14-14R-3,0,0,0,3.00,,
99288,CMP122200102,10,6,4,733.10,,904.40
99289,TE14-14R-25,6,4,2,14.28,,
99290,TE14-14R-100,21,10,11,31.53,,
99291,TE14-56R-3,0,0,0,3.00,,
99292,TE14-56R-25,5,2,3,14.28,,
99300,TE14-56R-100,21,10,11,30.11,,
99302,TE14-38R-25,7,6,1,14.28,,
99303,TE14-38R-100,2,2,0,29.24,,
99304,TE10-8R-3,1,1,0,2.52,,
99305,TE10-8R-25,12,7,5,21.11,,
99306,TE10-8R-100,19,5,14,40.29,,
99307,TE10-10R-3,3,3,0,3.78,,
99308,TE10-10R-25,12,7,5,19.71,,
99309,TE10-10R-100,13,7,6,40.29,,
99310,TE10-14R-3,0,0,0,3.78,,
99311,TE10-14R-25,9,6,3,19.71,,
99312,TE10-14R-100,19,4,15,40.29,,
99313,TE10-56R-3,0,0,0,3.78,,
99314,TE10-56R-25,11,4,7,19.71,,
99315,TE10-56R-100,25,14,11,40.29,,
99317,TE10-38R-3,9,9,0,3.78,,
99319,TE10-38R-25,5,1,4,19.71,,
99321,TE10-38R-100,13,3,10,40.29,,
99325,TE18-8SLF-25,9,5,4,16.49,,
99327,TE18-8SLF-100,27,15,12,33.76,,
99332,TE14-8SLF-25,9,4,5,17.15,,
99333,TE14-8SLF-100,25,11,14,35.04,,
99337,TE14-10SLF-25,8,3,5,16.33,,
99338,TE14-10SLF-100,28,13,15,33.40,,
99339,TE10-8SLF-3,0,0,0,3.70,,
99342,TE10-8SLF-25,10,6,4,22.29,,
99344,TE10-8SLF-100,19,7,12,45.65,,
99345,TE10-10SLF-3,0,0,0,3.70,,
99346,TE10-10SLF-25,10,4,6,22.29,,
99347,TE10-10SLF-100,27,14,13,45.65,,
99349,TDE18-250FI-25,4,3,1,12.19,,
99350,TDE18-250M-3,0,0,0,3.87,,
99351,TDE18-250M-25,3,1,2,23.43,,
99352,TDE18-250M-100,21,12,9,47.92,,
99354,TE8-10R-25,3,0,3,22.29,,
99356,TE8-14R-25,4,4,0,22.29,,
99357,TE8-56R-25,3,1,2,22.29,,
99361,TE8-12R-25,3,1,2,23.35,,
99362,TDE18-250FI-100,10,3,7,48.72,,
99363,TDE14-250FI-3,0,0,0,6.38,,
99364,TDE14-250FI-25,11,6,5,39.37,,
99365,TDE14-250FI-100,22,5,17,80.55,,
99366,TDE14-250M-3,5,5,0,3.87,,
99367,TDE14-250M-25,10,5,5,23.43,,
99368,TDE14-250M-100,24,12,12,47.92,,
99370,TBRE18-156-25,8,6,2,19.23,,
99371,TBRE18-156-100,24,14,10,39.35,,
99373,TBPE18-156-25,6,5,1,19.23,,
99374,TBPE18-156-100,26,13,13,39.35,,
99376,TBRE14-156-25,5,5,0,20.28,,
99377,TBRE14-156-100,17,4,13,41.48,,
99379,TBPE14-156-25,6,6,0,20.28,,
99380,TBPE14-156-100,18,9,9,41.48,,
99382,001-554-920-00,1,1,0,180.00,,
99401,MV356002-277-0-216,6,6,0,34.99,,
99402,0P22100,0,0,0,4.68,,
99406,1229,0,0,0,389.15,,
99407,3093,0,0,0,560.86,,
99408,6152SPP-12SC,0,0,0,380.05,,
99416,B00143501,0,0,0,219.87,372.51,
99417,B00143601,0,0,0,203.64,344.88,
99418,B00143502,0,0,0,415.32,703.62,
99420,325032-1,14,9,5,16.69,,
99421,325033-1,17,7,10,16.69,,
99422,325034-1,17,10,7,15.57,,
99423,PM111C-LH,0,0,0,2543.69,3420.00,
99429,RGP6,0,0,0,7.89,,
99430,RIRP,0,0,0,12.44,,
99431,M135C-M-9N,0,0,0,697.82,939.00,
99433,RA6186800,0,0,0,1.06,,
99439,30239,51,24,27,23.54,31.99,
99440,30243,39,26,13,11.78,15.99,
99441,30240,42,22,20,20.62,27.99,
99442,PMP482505110,8,5,3,1182.32,,1458.60
99443,BAT512118610,0,0,0,938.42,,1157.70
99444,BGW-200,0,0,0,221.14,305.00,
99447,SCM-DLXS-BB-WH,2,0,2,47.50,,69.99
99448,SCM-DLXS-WW-WH,1,1,0,47.50,,69.99
99450,41910,0,0,0,22.21,,
99451,41912,0,0,0,27.81,,
99452,41914,8,8,0,33.50,,
99453,41916,1,1,0,42.64,,
99454,41920,0,0,0,24.66,,
99455,41922,0,0,0,18.63,,
99456,41924,2,2,0,18.33,,
99457,41926,0,0,0,16.49,,
99458,92922111,10,4,6,20.29,,
99459,T-NAN012PW/TSFT/NA,3,2,1,737.09,1179.95,
99460,001-392-790-00,3,3,0,101.82,,
99464,GS-380-LE,10,10,0,1749.99,,
99467,30Y-S5OS,2,0,2,493.50,599.25,
99468,89300053,0,0,0,2840.02,,
99469,39660050,0,0,0,792.89,,
99472,2021133088,1,0,1,1001.35,,
99476,T-NAN012PW/E/NA,6,2,4,499.21,799.95,
99477,T-NAN024PW/E/NA,1,0,1,502.67,799.95,
99478,T-NAN024PW/TSFT/NA,0,0,0,749.33,1179.95,
99482,ZDIGNS5,3,3,0,134.54,,
99488,C998-30,0,0,0,92.80,,
99493,010-12530-25,0,0,0,19.99,,
99494,E70643,13,6,7,275.99,,
99497,6293,3,2,1,378.55,,
99498,6294,6,2,4,378.55,,
99499,6295,5,2,3,420.41,,
99505,2021133091,2,2,0,1001.35,,
99507,2021133093,2,1,1,1001.35,,
99511,2021133097,2,1,1,1001.35,,
99513,2021133099,2,1,1,1001.35,,
99516,SBR-23LI,35,24,11,26.67,,
99520,435,20,12,8,10.29,,16.99
99523,F153180,3,0,3,90.85,,
99527,HA4-25WHA-7-0000-0-0,0,0,0,2192.51,,
99537,106107,0,0,0,91.20,,
99538,106106,0,0,0,83.00,,
99539,106108,0,0,0,100.87,,
99540,106112,0,0,0,114.31,,
99541,106110,0,0,0,109.06,,
99542,106114,0,0,0,122.28,,
99543,106116,0,0,0,129.53,,
99544,106118,0,0,0,137.49,,
99545,106120,0,0,0,145.45,,
99546,106122,0,0,0,155.59,,
99547,106124,0,0,0,165.73,,
99548,100205,16,4,12,10.18,,
99558,167532P,11,8,3,24.37,,
99560,92921111,9,5,4,21.24,,
99561,010-12022-00,0,0,0,11.24,,
99568,B00059201,0,0,0,83.25,139.23,
99570,250-1126-FT,35,35,0,10.44,,
99571,100-1146-FT,41,41,0,8.58,,
99572,102-1126-FT,7,7,0,12.16,,
99573,100-0346-FT,8,8,0,7.40,,
99574,100-1006-FT,0,0,0,8.18,,
99575,481-3000-FT,50,50,0,7.15,,
99578,1139,0,0,0,10.18,,
99579,1014,0,0,0,19.79,,
99580,1157,4,4,0,3.69,,
99585,O4ID2,0,0,0,285.00,,
99586,O4D9,0,0,0,175.00,,
99587,O4B9,0,0,0,173.75,,
99595,24832JU,0,0,0,3012.51,,
99596,24831GU,3,3,0,2805.79,,
99597,165-0126-FT,42,42,0,1.50,,
99598,166-0126-FT,42,42,0,1.50,,
99599,166-0586-FT,37,37,0,1.60,,
99600,165-0586-FT,8,8,0,1.60,,
99601,165-0346-FT,8,8,0,2.15,,
99602,161-1006-FT,33,33,0,2.90,,
99605,148-1006-FT,36,36,0,3.58,,
99606,148-1126-FT,23,23,0,5.28,,
99607,149-0346-FT,19,19,0,2.63,,
99608,149-1186-FT,38,38,0,4.00,,
99609,149-1126-FT,37,37,0,5.70,,
99610,147-0346-FT,45,45,0,2.58,,
99611,147-1186-FT,50,50,0,3.48,,
99612,365-0386-FT,32,32,0,3.73,,
99613,365-0566-FT,50,50,0,3.73,,
99614,317-0586-FT,47,47,0,4.68,,
99615,305-0386-FT,1,1,0,3.55,,
99616,305-0566-FT,48,48,0,3.28,,
99617,327-1126-FT,13,13,0,10.26,,
99618,327-2006-FT,26,26,0,16.32,,
99628,IRIS-S460-18,2,0,2,316.57,,
99629,IRIS-S460-28,0,0,0,345.35,,
99630,IRIS-S460-36,2,0,2,345.35,,
99632,IRIS-S076,2,1,1,429.99,,
99633,IRIS-S476,0,0,0,491.28,,
99634,IRIS490,0,0,0,694.19,,
99635,IRIS735,0,0,0,298.55,,
99642,IRIS106,0,0,0,1095.93,,
99643,IRIS4106,1,0,1,1133.72,,
99644,BRK106,0,0,0,232.56,,
99645,CMAC-INT001,1,1,0,549.42,,
99646,CMAC-INT002,0,0,0,549.42,,
99647,POE1,1,0,1,81.25,,
99648,CMAC-NVR-1TB-G,0,0,0,1129.94,,
99649,CMAC-NVR-1TB-X,0,0,0,869.42,,
99650,CMAC-HVR-1TB-X,1,0,1,914.99,,
99651,POE4V2,0,0,0,174.42,,
99652,CMAC-HVR-1TB-G,0,0,0,1281.10,,
99659,166-0346-FT,45,45,0,2.15,,
99663,ZDIGISSPK1,2,1,1,658.71,,
99665,61005,0,0,0,27.25,,
99666,61003,0,0,0,14.55,,
99670,010-12697-01,0,0,0,7.49,,
99677,30399,34,20,14,48.08,67.99,
99679,RA6201,8,4,4,604.44,660.56,
99680,RA6302,9,5,4,829.26,906.26,
99681,RA6402,9,5,4,993.55,1085.81,
99682,RA000710052,0,0,0,45.62,49.86,
99697,010-10851-30,0,0,0,23.99,,
99701,C260,4,0,4,548.93,,
99712,BPP900480100,14,7,7,456.81,,563.55
99715,0965DP0STS,11,6,5,46.85,,
99724,90500,13,6,7,91.22,118.23,
99728,272V8000-S/S,4,2,2,184.80,,
99729,272V6000-S/S,6,2,4,154.50,,
99730,270V6000-S/S,6,3,3,166.43,,
99731,270V8000-S/S,5,3,2,159.86,,
99732,270V4000-S/S,3,0,3,110.73,,
99733,240V6000-S/S,8,5,3,160.39,,
99734,6635,3,0,3,49.36,,
99735,6644,5,0,5,19.08,,
99736,6645,4,0,4,25.72,,
99737,6646,3,0,3,35.24,,
99738,6654,2,0,2,19.08,,
99739,240V80000-S/S,5,3,2,285.16,,
99740,6655,4,0,4,25.72,,
99741,6656,4,0,4,35.24,,
99742,6684,3,0,3,31.64,47.43,
99743,290V3000-S/S,5,2,3,107.97,,
99744,20120,4,0,4,19.81,,
99745,20220,0,0,0,63.47,,
99746,21120,8,1,7,27.76,,
99747,30125,2,0,2,36.97,,
99748,34500,2,0,2,181.92,272.72,
99749,290V4000-S/S,3,1,2,150.14,,
99750,35500,4,0,4,284.55,426.57,
99751,"FRX6 / 20705",14,4,10,11.45,,
99752,"FRX10 / 21008",2,0,2,13.08,,
99753,290V6000-S/S,6,3,3,206.19,,
99754,"FRX15 / 21510",8,4,4,14.35,,
99755,"FRX20 / 22014",2,0,2,20.47,,
99756,"FRX25 / 22517",10,0,10,28.16,,
99758,TFK-10,4,3,1,57.37,,
99759,TFK-4,0,0,0,24.74,,
99760,TFK-10W,4,2,2,44.36,,
99761,TFK-4W,6,4,2,19.56,,
99763,517526-1,12,10,2,14.53,,
99770,BPC240845102,9,6,3,104.52,,132.60
99771,BPC241245102,20,11,9,128.64,,163.20
99772,BPC241647102,10,2,8,154.10,,195.50
99773,BPC241648102,8,4,4,174.87,,221.85
99774,910-057,0,0,0,750.00,960.00,
99775,03-200-234,2,0,2,432.00,,
99782,BAM010700100,0,0,0,398.72,,506.60
99783,BAM030710100,7,2,5,249.60,,530.40
99802,T-PF.P128,3,0,3,85.56,129.95,
99803,DV11,3,0,3,81.10,,
99804,KO2,3,2,1,162.20,,
99805,163000,7,4,3,38.60,,
99806,RWS5B,2,2,0,17.81,,
99807,RPA,3,2,1,107.17,,
99810,ELS-3510-02,0,0,0,401.25,,
99816,413-0058,14,6,8,241.99,,313.61
99817,417-0077,5,3,2,593.38,,769.01
99820,PRO-BUF-2,2,2,0,782.66,,
99828,MD4041-191-0-202,0,0,0,107.95,,144.99
99829,MD4041-4-0-202,7,3,4,107.95,,144.99
99850,GP1500-43,0,0,0,276.35,,
99861,73123,222,14,208,5.36,,
99863,SEA2306,2,0,2,268.59,,
99864,SEA2307,11,2,9,321.88,,
99865,PMP242200102,6,2,4,636.64,,785.40
99868,ORI241270030,16,11,5,95.77,,118.15
99869,BUBBLEBUSTER,4,2,2,1060.77,,
99871,950700,3,3,0,57.01,,
99872,950800,3,3,0,64.21,,
99873,98096,0,0,0,120.58,164.95,
99874,98098,0,0,0,140.69,182.34,
99875,98099,0,0,0,160.33,207.78,
99878,3600003,5,5,0,45.56,,
99880,3603825-NS,6,6,0,71.83,,
99881,1368890,0,0,0,2633.92,,3199.99
99883,1368892,0,0,0,2716.23,,3299.99
99885,1368891,0,0,0,2716.23,,3299.99
99886,1368893,2,1,1,2798.54,,3399.99
99887,1368895,2,2,0,2798.54,,3399.99
99888,1368897,1,1,0,2880.85,,3499.99
99889,1368896,0,0,0,2880.85,,3499.99
99890,1368898,1,0,1,2963.16,,3599.99
99893,1368900,0,0,0,3210.09,,3899.99
99894,1368920,0,0,0,3457.02,,4199.99
99895,1368901,0,0,0,3292.40,,3999.99
99896,1368921,0,0,0,3539.33,,4299.99
99897,1368902,0,0,0,3374.71,,4099.99
99898,1368922,1,1,0,3621.64,,4399.99
99899,1368667,1,1,0,1399.26,,1699.99
99900,1368668,0,0,0,1440.43,,1749.99
99901,1368677,4,2,2,1563.89,,1899.99
99902,1358441,1,1,0,752.24,,
99903,1358453,0,0,0,837.34,,
99904,1358450,1,1,0,911.29,,
99905,1358451,0,0,0,1076.98,,
99906,1358452,6,5,1,1159.82,,
99907,1358473,2,1,1,979.70,,
99908,1358470,0,0,0,1052.11,,
99909,1358471,0,0,0,1366.93,,
99910,1358472,3,2,1,1449.77,,
99911,1358455,1,1,0,906.31,,
99912,1358475,1,1,0,1042.26,,
99913,1368715M,3,1,2,380.31,,
99914,1368716M,3,2,1,388.95,,
99915,1368730M,4,4,0,570.47,,
99916,1352145M,4,4,0,242.01,,
99917,1352155M,22,12,10,276.59,,
99918,1352156M,7,3,4,285.23,,
99919,1352270M,24,14,10,148.49,,
99920,1352272M,0,0,0,200.91,,
99921,1352274M,8,4,4,244.59,,
99922,1352278,1,0,1,253.32,,
99923,1363575,0,0,0,1375.22,,
99924,1363576,0,0,0,1574.05,,
99925,1363585,17,1,16,1623.75,,
99926,1363586,5,1,4,1822.57,,
99929,010-13336-00,0,0,0,262.49,,
99931,1358350,9,6,3,1468.48,,1749.99
99932,1358355,10,7,3,1678.26,,1999.99
99933,1358356,4,3,1,1720.22,,2049.99
99934,1358380,0,0,0,1762.18,,2099.99
99935,1358381,0,0,0,1930.01,,2299.99
99936,1358385,0,0,0,2013.92,,2399.99
99937,1358382,8,4,4,2013.92,,2399.99
99938,1358386,2,0,2,2097.84,,2499.99
99939,1358383,0,0,0,2265.67,,2699.99
99940,1358310,0,0,0,2181.75,,2599.99
99941,1358315,0,0,0,2265.67,,2699.99
99942,1358311,0,0,0,2433.49,,2899.99
99943,1358316,1,0,1,2517.40,,2999.99
99944,1358200,5,0,5,2725.85,,3399.99
99945,1358210,2,2,0,2966.37,,3699.99
99946,1358201,1,1,0,2806.02,,3499.99
99947,1358211,0,0,0,3046.54,,3799.99
99948,1358202,3,1,2,3046.54,,3799.99
99949,1358212,2,2,0,3287.06,,4099.99
99950,1358975,1,1,0,2533.44,,2999.99
99951,1358970,1,0,1,2617.89,,3099.99
99952,1358976,0,0,0,2617.89,,3099.99
99953,1358971,0,0,0,2702.33,,3199.99
99954,1358945,0,0,0,2786.78,,3299.99
99955,1358940,1,1,0,2871.23,,3399.99
99956,1358540,2,1,1,3462.37,,4099.99
99957,1358541,1,0,1,3546.82,,4199.99
99958,1358542,0,0,0,3800.16,,4499.99
99959,1358501,2,0,2,3715.71,,4399.99
99960,1358502,0,0,0,3800.16,,4499.99
99961,1358503,0,0,0,4053.51,,4799.99
99962,1363770,0,0,0,2139.79,,2549.99
99963,1363771,2,2,0,2181.75,,2599.99
99964,1363785,0,0,0,2391.53,,2849.99
99965,1363786,0,0,0,2433.49,,2899.99
99966,1363787,6,2,4,2685.23,,3199.99
99967,1363790,0,0,0,2601.32,,3099.99
99968,1363791,0,0,0,2853.06,,3399.99
99969,1363900,3,1,2,3206.89,,3999.99
99970,1363901,1,0,1,3447.40,,4299.99
99971,1363902,2,0,2,4008.61,,4999.99
99972,1363903,4,1,3,4569.82,,5699.99
99973,1358560,0,0,0,3969.06,,4699.99
99975,1358561,0,0,0,4222.40,,4999.99
99977,1358562,0,0,0,4855.77,,5749.99
99979,1358563,2,0,2,5404.68,,6399.99
99981,1852077,0,0,0,27.60,,
99982,1852078,4,0,4,27.60,,
99983,1852079,0,0,0,27.60,,
99984,1852081,3,3,0,27.60,,
99985,1852082,2,0,2,27.60,,
99986,1865039,1,1,0,36.32,,
99987,1865040,2,0,2,36.32,,
99988,1866077,10,5,5,181.61,,
99989,1866081,2,0,2,181.61,,
99990,1866082,0,0,0,177.44,,
99991,151400-200-050-23,0,0,0,74.67,,
99992,88B515-1,13,8,5,1022.20,,
99993,1866078,2,2,0,177.44,,
99994,1866561,3,1,2,88.75,,
99995,1866655,5,2,3,232.46,,
99996,1866675,7,3,4,26.14,,
99997,1865130,1,1,0,78.22,,
99998,1832304,0,0,0,253.49,,
99999,1833454,1,0,1,344.49,,
100000,1854055,7,0,7,305.11,,
100002,1834604,1,1,0,437.06,,
100003,1854056,5,1,4,305.11,,
100004,1854057,2,1,1,385.02,,
100005,1854058,0,0,0,195.58,,
100006,1854062,9,2,7,174.34,,
100007,1862042,5,3,2,159.81,,
100008,1862052,2,2,0,174.34,,
100009,1854064,1,0,1,174.34,,
100010,1862060,61,27,34,54.88,,
100011,1854070,3,3,0,63.00,,
100016,010-12832-55,17,6,11,74.99,,
100017,010-12832-60,6,3,3,187.49,,
100018,010-12832-61,15,4,11,187.49,,
100019,010-12832-70,3,2,1,104.99,,
100025,SEA2380,5,2,3,28.88,,
100028,LRS-2-DP,0,0,0,11.73,,
100036,SS16,33,24,9,16.07,,
100037,SS32,21,17,4,24.43,,
100038,GBC16,24,15,9,9.99,,
100039,GBC32,3,0,3,18.99,,
100042,ORI242440140,10,5,5,174.32,,215.05
100049,HP24,0,0,0,35.00,,
100050,010-02867-00,3,1,2,299.99,,
100051,010-02867-01,2,0,2,299.99,,
100052,010-02867-02,2,2,0,299.99,,
100055,19052P,0,0,0,49.15,,
100056,19053P,7,5,2,42.67,,
100057,41290P,15,9,6,21.60,,
100058,41291P,1,0,1,21.60,,
100059,41320P,8,3,5,14.85,,
100060,41321P,3,0,3,14.85,,
100061,41322P,1,1,0,54.18,,
100062,41323P,3,2,1,64.80,,
100063,41339P,15,9,6,9.63,,
100064,41343P,26,6,20,52.15,,
100065,41346P,3,0,3,15.70,,
100066,41347P,5,1,4,15.70,,
100067,41360P,13,11,2,9.63,,
100068,KITOBDBR-03',3,1,2,125.13,,
100073,JTV3223DCS,3,3,0,337.23,,
100074,MI-0065-AS,0,0,0,220.68,,
100075,05-01-071,2,1,1,185.99,,
100076,05-01-072,2,1,1,185.99,,
100077,05-01-073,1,0,1,189.58,,
100078,05-01-074,0,0,0,201.95,,
100079,05-93-071,0,0,0,123.65,,
100081,41365P,17,10,7,40.50,,
100082,41373P,14,0,14,19.36,,
100083,41388P,14,8,6,49.11,,
100084,41389P,26,2,24,70.88,,
100085,41416P,14,6,8,45.56,,
100086,41440P,13,3,10,48.60,,
100087,41445P,3,3,0,34.43,,
100088,41461P,17,2,15,24.30,,
100089,FBD-2-R,4,2,2,571.25,,
100090,VP1139,8,4,4,15.87,,
100091,SC-MULTI-F1,42,23,19,54.56,,
100092,SC-MULTI-F2,34,16,18,51.75,,
100093,SC-USB-F3,38,19,19,42.19,,
100099,91260,2,2,0,203.63,,
100102,F-BMR1-B3-45,8,4,4,599.99,,
100103,001-593-530-00,0,0,0,402.73,,
100105,BP5012,0,0,0,80.01,,
100109,33084W,5,5,0,57.76,,
100113,41462P,15,3,12,24.30,,
100114,41480P,4,0,4,32.91,,
100115,41590P,17,6,11,34.94,,
100116,41593P,15,7,8,181.75,,
100117,41598P,1,0,1,45.31,,
100118,41640P,5,1,4,8.61,,
100119,41641P,8,4,4,8.61,,
100120,41644P,7,4,3,12.15,,
100121,41645P,2,2,0,12.40,,
100122,41650P,43,3,40,17.98,,
100123,41651P,11,0,11,28.10,,
100125,41652P,6,2,4,30.63,,
100126,41741P,2,0,2,22.79,,
100127,41746P,7,2,5,23.29,,
100128,10014P,7,2,5,12.94,,
100129,10029P,5,2,3,12.38,,
100130,10180P,2,2,0,82.53,,
100131,QUA242305130,16,9,7,1060.37,,1308.15
100132,QUA122305130,17,15,2,1116.18,,1377.00
100135,10182P,0,0,0,84.55,,
100136,10187P,7,5,2,83.03,,
100137,10262P,5,3,2,12.94,,
100138,10401P,0,0,0,61.76,,
100139,10474P,0,0,0,124.54,,
100141,10500P,1,0,1,87.08,,
100142,10617P,9,6,3,82.53,,
100148,04-04-013,0,0,0,190.27,,
100154,12104P,10,10,0,15.75,,
100155,12124P,0,0,0,118.98,,
100157,12127,8,3,5,122.51,,
100158,12131,8,4,4,116.44,,
100159,12134,7,3,4,122.51,,
100160,16000,0,0,0,280.98,,
100161,16114,3,2,1,528.03,,
100162,16201,5,3,2,107.33,,
100163,RODE57,0,0,0,468.33,,
100166,30250,5,2,3,64.33,,
100167,1124DP2CHR,10,4,6,98.40,,
100169,12729-L,2,0,2,11.25,,
100174,2146,7,4,3,19.99,29.95,
100176,3965,18,0,18,13.73,,
100179,16216,5,2,3,218.70,,
100180,74125,5,2,3,72.40,,
100181,10050P,10,3,7,59.24,,
100182,10055P,8,4,4,68.85,,
100183,10056P,0,0,0,49.11,,
100184,10172P,1,0,1,87.08,,
100185,10175P,4,0,4,83.03,,
100186,10191P,8,5,3,59.74,,
100187,10196P,4,3,1,32.40,,
100188,10410P,1,0,1,167.06,,
100189,10422P,12,10,2,147.33,,
100190,12106P,11,8,3,75.44,,
100191,12107P,10,2,8,45.06,,
100192,46011P,5,3,2,262.24,,
100193,10201,2,0,2,88.09,,
100194,10202,2,0,2,88.09,,
100195,10241,4,2,2,131.13,,
100196,10242,6,4,2,106.31,,
100197,10280,1,1,0,88.60,,
100198,10281,4,4,0,77.46,,
100199,10923,1,0,1,66.83,,
100200,10924,3,1,2,68.85,,
100201,10306P,0,0,0,16.20,,
100202,19006P,4,0,4,24.05,,
100203,99215,2,1,1,294.38,,
100204,99225,0,0,0,417.50,,
100205,99030,0,0,0,608.75,,
100206,99050,4,2,2,756.25,,
100207,99501,6,2,4,1326.88,,
100208,99041,2,0,2,759.38,,
100209,99503,3,3,0,1170.00,,
100211,99504,3,1,2,1907.50,,
100212,3100531-L1,5,5,0,106.95,,
100300,325123-1,14,9,5,9.27,,
100301,325166-1,10,7,3,8.73,,
100302,422737-3,2,1,1,123.00,,
100303,423037-1,6,4,2,26.38,,
100304,426510-1,2,0,2,14.01,,
100305,426535-1,8,8,0,23.79,,
100307,426692-3,14,13,1,29.09,,
100308,426693-3,3,2,1,26.97,,
100309,672560-1,12,2,10,14.13,,
100314,00.01CRD,2,0,2,7.99,,
100315,00.03CRD,2,0,2,7.99,,
100317,00.07CRD,2,0,2,9.99,,
100322,100-4838,1,1,0,226.32,,299.99
100324,200-5163,0,0,0,740.18,,
100325,200-7533,1,1,0,1144.05,,1299.99
100328,3437,6,2,4,374.57,,
100329,3436,2,2,0,448.67,,
100330,3434,3,2,1,319.99,,
100331,3431,3,2,1,339.99,,
100332,77040000,4,0,4,7.45,,
100333,010-02139-10,10,4,6,524.99,,
100334,F-BMR1-B3-90,7,3,4,599.99,,
100335,F-BMR1-G3-45,0,0,0,704.94,,
100336,F-BMR1-G3-90,0,0,0,704.94,,
100337,F-BMR1-A3-45,8,4,4,599.99,,
100338,F-BMR1-A3-90,4,0,4,599.99,,
100339,F-BMR1-W3-45,8,4,4,599.99,,
100340,F-BMR1-W3-90,8,4,4,599.99,,
100341,F-BMR1-FS-45,3,1,2,979.99,,
100342,F-BMR1-FS-90,4,2,2,979.99,,
100343,F-PMR1-B3-45,0,0,0,846.12,,
100344,F-PMR1-B3-90,0,0,0,846.12,,
100345,F-PMR1-G3-45,0,0,0,846.12,,
100346,F-PMR1-G3-90,0,0,0,846.12,,
100347,F-PMR1-A3-45,0,0,0,846.12,,
100348,F-PMR1-A3-90,0,0,0,846.12,,
100350,F-PMR1-W3-45,0,0,0,846.12,,
100351,F-PMR1-W3-90,0,0,0,846.12,,
100352,F-PMR1-FS-45,0,0,0,1275.65,,
100353,F-PMR1-FS-90,0,0,0,1275.65,,
100354,F-SMR1-B3-45,0,0,0,799.06,,
100355,F-SMR1-B3-90,0,0,0,799.06,,
100356,F-SMR1-G3-45,0,0,0,799.06,,
100357,F-SMR1-G3-90,0,0,0,799.06,,
100358,F-SMR1-A3-45,0,0,0,799.06,,
100359,F-SMR1-A3-90,0,0,0,799.06,,
100360,F-SMR1-W3-45,0,0,0,799.06,,
100361,F-SMR1-W3-90,0,0,0,799.06,,
100362,F-SMR1-FS-45,0,0,0,1234.47,,
100363,F-SMR1-FS-90,0,0,0,1234.47,,
100364,F-BME1-H-B3-45,7,3,4,599.99,,
100365,F-BME1-H-B3-90,6,2,4,599.99,,
100366,F-BME1-H-G3-45,0,0,0,704.94,,
100367,F-BME1-H-G3-90,0,0,0,704.94,,
100368,F-BME1-H-A3-45,8,4,4,599.99,,
100369,F-BME1-H-A3-90,8,4,4,599.99,,
100370,F-BME1-H-W3-45,8,4,4,599.99,,
100371,F-BME1-H-W3-90,7,3,4,599.99,,
100372,F-BME1-H-FS-45,4,2,2,979.99,,
100373,F-BME1-H-FS-90,1,1,0,979.99,,
100374,F-SME1-H-B3-45,0,0,0,799.06,,
100375,F-SME1-H-B3-90,0,0,0,799.06,,
100376,F-SME1-H-G3-45,0,0,0,799.06,,
100377,F-SME1-H-G3-90,0,0,0,799.06,,
100378,F-SME1-H-A3-45,0,0,0,799.06,,
100379,F-SME1-H-A3-90,0,0,0,799.06,,
100380,F-SME1-H-W3-45,0,0,0,799.06,,
100381,F-SME1-H-W3-90,0,0,0,799.06,,
100382,F-SME1-H-FS-45,0,0,0,1234.47,,
100384,F-SME1-H-FS-90,0,0,0,1234.47,,
100385,F-BME1-V-B3-45,0,0,0,704.94,,
100386,F-BME1-V-B3-90,0,0,0,704.94,,
100387,F-BME1-V-G3-45,0,0,0,704.94,,
100388,F-BME1-V-G3-90,0,0,0,704.94,,
100389,F-BME1-V-A3-45,0,0,0,704.94,,
100390,F-BME1-V-A3-90,0,0,0,704.94,,
100391,F-BME1-V-W3-45,0,0,0,704.94,,
100392,F-BME1-V-W3-90,0,0,0,704.94,,
100393,F-BME1-V-FS-45,0,0,0,1152.12,,
100394,F-BME1-V-FS-90,0,0,0,1152.12,,
100395,F-PME1-V-B3-45,0,0,0,846.12,,
100396,F-PME1-V-B3-90,0,0,0,846.12,,
100397,F-PME1-V-G3-45,0,0,0,846.12,,
100398,F-PME1-V-G3-90,0,0,0,846.12,,
100399,F-PME1-V-A3-45,0,0,0,846.12,,
100400,F-PME1-V-A3-90,0,0,0,846.12,,
100401,F-PME1-V-W3-45,0,0,0,846.12,,
100402,F-PME1-V-W3-90,0,0,0,846.12,,
100403,F-PME1-V-FS-45,0,0,0,1275.65,,
100404,F-PME1-V-FS-90,0,0,0,1275.65,,
100405,F-SME1-V-B3-45,0,0,0,799.06,,
100406,F-SME1-V-B3-90,0,0,0,799.06,,
100407,F-SME1-V-G3-45,0,0,0,799.06,,
100409,F-SME1-V-G3-90,0,0,0,799.06,,
100410,F-SME1-V-A3-45,0,0,0,799.06,,
100411,00.11CRD,2,0,2,12.99,,
100412,F-SME1-V-A3-90,0,0,0,799.06,,
100413,F-SME1-V-W3-45,0,0,0,799.06,,
100414,F-SME1-V-W3-90,0,0,0,799.06,,
100415,F-SME1-V-FS-45,0,0,0,1234.47,,
100416,00.13CRD,2,0,2,16.99,,
100417,F-SME1-V-FS-90,0,0,0,1234.47,,
100418,00.21CRD,2,0,2,16.99,,
100419,F-HB-4-MC3,6,2,4,104.99,,
100420,F-HB-2-FS5,4,0,4,79.99,,
100421,F-R1-PMT,0,0,0,149.00,,
100422,F-E1V-PMT,0,0,0,149.00,,
100423,F-R1-SMT,0,0,0,79.00,,
100425,F-E1HV-SMT,0,0,0,79.00,,
100426,00.25CRD,3,0,3,24.99,,
100427,00.31CRD,3,0,3,40.32,,
100428,F-FS-3M-EX,4,2,2,144.99,,
100429,F-MC-3M-EX,4,2,2,104.99,,
100430,00.32CRD,3,0,3,26.99,,
100431,00.35CRD,2,0,2,29.99,,
100432,DATA-0M-EX,3,1,2,54.99,,
100433,02.01CRD,2,0,2,7.99,,
100434,DATA-3M-EX,2,0,2,119.99,,
100435,DATA-4M-EX,4,2,2,159.99,,
100436,04.59CRD,2,0,2,4.99,,
100437,DATA-6M-EX,3,1,2,174.99,,
100438,04.61CRD,3,0,3,3.99,,
100439,RS-3M-EX,3,1,2,104.99,,
100440,05.23CRD,1,0,1,2.99,,
100441,05.24CRD,1,0,1,4.99,,
100442,05.31CRD,2,0,2,3.49,,
100444,08.05CRD,1,0,1,29.99,,
100445,16.05CRD,2,0,2,11.99,,
100446,16.17CRD,3,0,3,12.99,,
100448,19.27,1,0,1,119.99,,
100449,23.00CRD,3,0,3,12.99,,
100450,23.04CRD,2,0,2,29.99,,
100451,23.08CRD,2,0,2,19.99,,
100454,23.35,2,0,2,119.99,,
100455,23.72,3,0,3,74.99,,
100456,25.05CRD,4,0,4,7.49,,
100459,25.17CRD,2,0,2,3.49,,
100460,25.18CRD,2,0,2,3.49,,
100462,25.42CRD,1,0,1,12.99,,
100463,36.05.25CRD,2,0,2,29.11,,
100464,36.05.40CRD,2,0,2,17.99,,
100465,36.06.40CRD,2,0,2,19.99,,
100466,36.06.50CRD,2,0,2,19.99,,
100467,36.06.70CRD,2,0,2,19.99,,
100468,36.08.20CRD,2,0,2,19.99,,
100469,36.08.30CRD,2,0,2,19.99,,
100470,36.08.40CRD,2,0,2,19.99,,
100471,36.08.50CRD,2,0,2,19.99,,
100472,36.08.60CRD,2,0,2,19.99,,
100474,36.08.80CRD,2,0,2,19.99,,
100475,SS3,2,0,2,19.99,,
100476,SS4,3,0,3,8.99,,
100477,SS5,3,0,3,12.99,,
100478,SS6,3,0,3,15.99,,
100479,07.90RG,4,0,4,17.99,,
100480,GSM100200400,7,3,4,161.91,,199.75
100481,GSM900200100,8,2,6,24.11,,29.75
100482,GSM900100400,5,2,3,24.11,,29.75
100486,660-450CC,2,2,0,234.96,,
100494,SC-12V-F1,42,12,30,16.88,,
100559,041115-1,7,7,0,26.97,,
100560,041125-1,0,0,0,27.50,,
100561,041135-1,6,0,6,28.71,,
100562,041136-1,20,10,10,46.50,,
100563,426501,20,10,10,2.82,,
100566,30705,15,11,4,17.79,20.79,
100571,426504-1,0,0,0,22.20,,
100572,421616-1,8,4,4,21.14,,
100573,421618-1,12,9,3,14.74,,
100574,421636-1,5,5,0,20.24,,
100575,426013-1,19,10,9,6.21,,
100576,426053-1,8,3,5,13.57,,
100577,426115-1,5,5,0,7.47,,
100578,426127-1,0,0,0,5.54,,
100579,426531-1,0,0,0,23.79,,
100580,426106-1,6,4,2,2.51,,
100581,426101-1,7,7,0,3.67,,
100582,426103-1,8,3,5,6.49,,
100583,426104-1,10,5,5,6.49,,
100584,91235,2,2,0,193.99,,
100585,91230,0,0,0,156.64,,
100586,91720,4,4,0,289.64,,
100587,91715,0,0,0,228.40,,
100588,91750,4,4,0,275.19,,
100589,91745,2,2,0,216.97,,
100590,91250,3,3,0,120.21,,
100591,91245,10,10,0,101.76,,
100592,91860,0,0,0,301.87,,
100593,91605,3,3,0,223.34,,
100594,91705,2,2,0,137.09,,
100595,91730,6,6,0,104.13,,
100596,91700,10,10,0,112.89,,
100597,WDV-1-DP,22,12,10,29.15,,
100598,WDV-1CP-DP,14,4,10,30.76,,
100599,FS-T01-S-R,7,3,4,112.50,,
100601,DST810-BV-N2,1,0,1,395.48,534.00,
100613,2000032831,0,0,0,299.99,419.99,
100614,ZDIGVEKVT,4,2,2,184.13,,
100615,ZDIGISSBM100,7,2,5,311.63,,
100617,589801,0,0,0,34.90,,
100619,589805,0,0,0,94.78,,
100620,589803,0,0,0,52.76,,
100629,RS4,2,0,2,298.16,,
100636,3000004257,0,0,0,77.64,,
100665,35990,4,0,4,12.99,,
100676,19135,1,1,0,28.99,,
100685,20087,5,5,0,6.99,,
100686,20088,3,1,2,6.99,,
100688,39954020,0,0,0,596.04,,
100690,411920-1,11,2,9,520.42,,
100691,411930-1,7,5,2,693.90,,
100692,411940-1,0,0,0,837.82,,999.99
100725,010-02706-20,7,1,6,1039.99,,1299.99
100726,ARG-1001-C,1,0,1,92.78,,
100766,15000,6,0,6,16.99,,
100782,16151SF,1,0,1,17.99,,
100792,JTV2423DCS,9,5,4,331.20,,
100797,BSA6,16,7,9,14.12,,
100798,GPT12,26,13,13,28.00,,
100806,WVSXP70,7,3,4,374.88,431.90,
100807,WVSXS70,0,0,0,374.88,431.90,
100808,WVSXP43,4,4,0,312.38,359.90,
100809,WVSXS43,1,0,1,312.38,359.90,
100811,167-15,5,0,5,17.84,,
100812,167-25,1,1,0,21.23,,
100813,167-50,17,13,4,29.60,,
100815,38045-4192RSP,10,3,7,723.72,,
100816,38045-4194RSP,2,1,1,723.72,,
100817,38245-4192RSP,11,3,8,723.72,,
100818,38245-4194RSP,2,0,2,723.72,,
100822,0131,3,3,0,64.68,,
100823,0134,1,1,0,30.49,,
100824,0139,5,5,0,37.98,,
100825,TRL-345-S/S,3,0,3,63.89,,
100826,400-222,0,0,0,232.77,,261.87
100827,TRL-3545-S/S,4,2,2,71.79,,
100828,TRL-445-S/S,1,0,1,68.13,,
100829,TRL-545-S/S,4,2,2,83.74,,
100830,TRL-645-S/S,1,1,0,86.43,,
100831,SBH-49,8,6,2,13.33,,
100832,TRL-845-S/S,3,2,1,170.73,,
100833,TRL-390-S/S,0,0,0,57.80,,
100834,TRL-490-S/S,3,1,2,84.01,,
100835,TRL-690-S/S,1,1,0,89.04,,
100836,SHB-110,2,1,1,16.67,,
100837,1420-0011,6,2,4,207.54,,
100838,SAD-27B,4,2,2,12.00,,
100839,1420-0017,1,0,1,201.70,,
100840,1420-0022,0,0,0,211.84,,
100841,TMPROANGLER,10,3,7,299.76,,
100842,TMPROANGLERREM,10,8,2,131.66,,
100845,720-1000,8,5,3,6.01,,
100846,720-1120,0,0,0,7.59,,
100848,720-2000,3,1,2,7.79,,
100849,720-2120,3,0,3,8.34,,
100850,720-3000,10,2,8,9.49,,
100852,720-3120,9,4,5,8.00,,
100854,720-4000,2,0,2,9.94,,
100856,720-4000L,0,0,0,9.97,,
100857,720-5000,1,0,1,10.40,,
100858,720-5000L,7,4,3,8.67,,
100860,720-6000,4,2,2,10.66,,
100861,720-6000L,4,2,2,10.79,,
100862,720-8000,3,1,2,11.06,,
100863,720-8000L,8,6,2,11.44,,
100864,02-45M-314,0,0,0,418.75,536.00,
100871,696275,63,3,60,17.01,,
100872,587329,19,6,13,59.43,,
100874,SRT/PHT-AC-PWR,0,0,0,35.29,,
100875,88B515-2,0,0,0,1152.74,,
100876,8WD15,2,0,2,22.99,,
100878,8WD14,5,4,1,39.99,,
100880,8WD2000-1,1,0,1,19.99,,
100888,8WD2002,1,0,1,99.99,,
100890,8WD7S,6,0,6,11.99,,
100891,8WD112BP-717,6,4,2,20.99,,
100893,8WD1251,4,2,2,19.99,,
100900,8WD1500,1,0,1,79.99,,
100901,8WD2000,2,0,2,69.99,,
100902,8WD2003,5,0,5,89.99,,
100906,8WD1250,3,0,3,27.99,,
100907,8WD112BP-710,3,3,0,20.99,,
100908,8WD3000,4,0,4,64.99,,
100911,8WD112BP-733,3,2,1,20.99,,
100912,8WD135LS-717,3,0,3,77.99,,
100913,8WD734PLS-664,4,0,4,44.99,,
100914,8WD640PLS-664,4,4,0,84.99,,
100917,3313-710,2,0,2,39.99,,
100918,8WD588PLS-710,9,1,8,54.99,,
100919,3313-717,3,2,1,39.99,,
100920,8WD944,1,1,0,149.99,,
100921,8WP144,2,2,0,249.99,,
100922,8WD374,4,2,2,79.99,,
100927,PP4400-17,0,0,0,269.08,,
100928,202053,2,0,2,213.65,349.99,
100929,682053,0,0,0,199.99,319.99,
100930,682153,0,0,0,199.99,319.99,
100931,322053,3,1,2,306.24,489.99,
100932,210053,2,0,2,224.99,359.99,
100933,220053,3,2,1,343.74,549.99,
100934,230053,2,2,0,456.24,729.99,
100935,240053,1,1,0,518.74,829.99,
100936,250053,2,0,2,637.49,1019.99,
100937,320053,0,0,0,531.24,849.99,
100938,330053,1,0,1,662.49,1059.99,
100939,340053,2,0,2,874.99,1399.99,
100940,350053,0,0,0,999.99,1599.99,
100950,C920-1902,4,2,2,197.89,,
100951,C920-1912,5,3,2,213.68,,
100952,C920-1600,7,2,5,245.26,,
100953,C920-1601,5,1,4,245.26,,
100954,C920-21140,3,3,0,314.74,,
100955,C920-1610,1,1,0,301.05,,
100956,C920-1611,4,2,2,301.05,,
100957,C920-0747,3,3,0,141.05,,
100958,C820-0900,10,5,5,167.37,,
100962,C920-1702,4,2,2,555.56,,
100963,C920-1710,4,2,2,1131.58,,
100964,C920-1711,4,2,2,1131.58,,
100965,PIN482122500,7,2,5,262.92,,334.05
100968,C920-1910W,4,2,2,1683.16,,
100969,C920-1910,2,2,0,1683.16,,
100970,C920-1800,2,0,2,216.84,,
100971,C920-1801,4,2,2,206.32,,
100972,C920-1802,2,0,2,216.84,,
100973,C920-1810,2,2,0,257.89,,
100974,C920-1811,4,2,2,338.95,,
100978,C920-20211,3,0,3,54.74,,
100979,C920-1831SD,6,2,4,230.53,,
100980,C920-1832SD,3,1,2,290.53,,
100981,C920-1834SD,4,1,3,304.21,,
100984,C920-0033,6,2,4,113.68,,
100985,"G-1 CLASSIC RED",0,0,0,12.91,,
100987,C910-5021,4,2,2,140.00,,
100988,"G-2 CLASSIC RED",0,0,0,15.08,,
100989,"G-3 CLASSIC RED",0,0,0,18.17,,
100990,C920-0300,19,9,10,29.47,,
100991,"G-4 CLASSIC RED",0,0,0,27.53,,
100992,C920-0325,4,2,2,42.11,,
100993,B720-0320,4,2,2,8.42,,
100994,"G-5 CLASSIC RED",0,0,0,53.11,,
100996,"G-6 CLASSIC RED",0,0,0,70.12,,
100997,B720-0323,1,0,1,15.79,,
100998,B720-0327,7,4,3,10.53,,
100999,B720-0328,7,4,3,11.58,,
101010,C920-2552,4,2,2,307.37,,
101013,C920-23120,3,1,2,1407.37,,
101014,C920-23121,4,2,2,1407.37,,
101015,C920-21003,4,1,3,198.95,,
101016,C920-21004,3,1,2,62.11,,
101024,151400-200-070-23,0,0,0,74.67,,
101025,LLB-63BB-F0-01,4,3,1,49.39,,
101026,LLB-63RB-E0-01,2,0,2,49.39,,
101028,426105-1,5,5,0,2.64,,
101029,N20803S,9,7,2,166.16,,
101030,N20803W,6,4,2,157.53,,
101061,97-49,3,0,3,20.91,,
101072,P000110,4,4,0,38.57,,
101073,PLASE604,12,4,8,38.57,,
101074,651010,0,0,0,16.19,,
101089,WUL12GN-25,3,2,1,10.85,,
101090,SXR08EC,0,0,0,9.68,,
101091,SXR08PRCH,2,2,0,9.68,,
101092,SXR10EC,0,0,0,9.68,,
101093,SXR10PRCH,2,2,0,9.68,,
101094,SXR12EC,0,0,0,12.92,,
101095,SXR12PRCH,0,0,0,12.92,,
101096,SXR14EC,0,0,0,14.53,,
101097,SXR14PRCH,1,1,0,14.53,,
101098,SXRL12HPU,0,0,0,13.05,,
101099,SXRL14HPU,0,0,0,14.67,,
101100,XRMAGXT160HDBSRD,1,1,0,18.68,,
101101,XRMAGXT160HDD,0,0,0,18.68,,
101102,XRMAGXT160HDWHU,3,3,0,18.68,,
101103,SXRT10EC,0,0,0,9.76,,
101104,SXRT10PRCH,0,0,0,9.76,,
101105,SXRTM06EC,0,0,0,9.76,,
101106,SXRTM06HP,0,0,0,9.76,,
101107,SXRTM06PRCH,3,3,0,9.76,,
101108,SXRTM08EC,3,3,0,9.76,,
101109,SXRTM08HP,2,2,0,9.76,,
101110,SXRTM08PRCH,2,2,0,9.76,,
101111,RSRS,6,6,0,15.33,,
101112,RTT3600,8,8,0,8.95,,
101113,RTT3600OF,0,0,0,8.95,,
101114,RTT3700,0,0,0,11.19,,
101115,RTT3700D,2,2,0,14.90,,
101116,RTT3700DO,0,0,0,14.90,,
101123,KSJ170UVGSZ,2,2,0,11.06,,
101126,KSJ220UVCGZ,3,3,0,11.66,,
101128,KSJ220UVSI,1,1,0,11.66,,
101129,KSJ280SPZ,1,1,0,12.23,,
101130,KSJ280UVCGZ,1,1,0,12.23,,
101131,KSJ280UVGSZ,1,1,0,12.23,,
101132,KSJ280UVSI,2,2,0,12.23,,
101140,KKJ200UVSB,2,2,0,10.68,,
101146,VSJ200BLKPRPL,2,2,0,12.80,,
101148,VSJ200SRD,1,1,0,12.80,,
101149,VSJ300BLK,4,4,0,16.43,,
101150,VSJ300BM,1,1,0,16.43,,
101152,"CLASS T-200",4,2,2,30.34,41.90,
101153,"CLASS T-400",0,0,0,111.48,153.70,
101154,SBC-2-DC,0,0,0,48.07,69.30,
101155,MSK-20A,0,0,0,64.55,93.10,
101159,JLC-11,2,2,0,305.04,392.70,
101160,001-266-020-00,0,0,0,212.73,,
101175,B00005302,0,0,0,30.39,51.48,
101176,B00006302,1,0,1,23.49,51.48,
101177,05-01-046,2,1,1,149.99,,
101180,69933,26,21,5,25.35,,
101182,300-114G2-PRO-I,0,0,0,1193.16,,1342.31
101184,300-138-PRO-I,0,0,0,3027.07,,3405.46
101185,301-108ST-PRO-I,0,0,0,1898.20,,2135.48
101186,301-109ST-PRO-I,0,0,0,1898.20,,2135.48
101187,300-112G2-PRO-I,0,0,0,1193.16,,1342.31
101194,X-23BU,3,0,3,50.40,,
101198,MU0225NVC-F,0,0,0,943.75,,
101216,2021013744,3,2,1,195.26,,
101217,2022002186,1,1,0,191.01,,
101218,2022002189,2,1,1,195.26,,
101223,X-23BB,2,2,0,50.40,,
101224,X-23WW,2,1,1,50.40,,
101226,E2002B,0,0,0,765.91,1162.00,
101227,E2002W,0,0,0,765.91,1162.00,
101228,E2009B,0,0,0,765.91,1162.00,
101229,E2009W,0,0,0,765.91,1162.00,
101230,46-465,3,0,3,103.47,,
101231,46-465-5,4,0,4,44.86,,
101232,46-475,3,0,3,146.25,,
101233,46-475-5,6,0,6,62.03,,
101240,5058-12-00015,2,2,0,32.22,,
101241,5058-12-00025,1,1,0,37.16,,
101242,5058-16-00015,6,0,6,37.16,,
101243,5058-16-00025,1,1,0,48.13,,
101251,5058-20-00015,5,5,0,43.07,,
101252,5058-20-00025,1,1,0,64.18,,
101254,5058-24-00025,5,5,0,92.04,,
101259,SL26-50-1,21,21,0,21.18,,
101260,411850-1,2,0,2,250.01,,
101261,411830-1,2,2,0,1064.18,,
101262,740222-1,0,0,0,1435.61,,1699.99
101264,740224-1,0,0,0,143.94,,
101265,720120-1,0,0,0,35.00,,
101273,PRO-NBF-1,10,6,4,299.18,,
101275,BP297,0,0,0,27.04,,
101278,CANVWRC,0,0,0,500.41,,
101279,5253-4,18,12,6,47.57,,
101280,5640-4,35,11,24,29.54,,
101281,5643-4,9,4,5,31.74,,
101282,5644-4,5,3,2,33.42,,
101288,5650-4,54,13,41,36.69,,
101289,5653-4,8,2,6,37.51,,
101290,5654-4,3,3,0,40.10,,
101291,5660-4,0,0,0,45.11,,
101292,5663-4,19,5,14,48.10,,
101293,5664-4,9,6,3,46.79,,
101295,SS75C-12-H-9N,0,0,0,670.99,869.00,
101298,A80709,0,0,0,76.69,,
101299,A80753,2,2,0,93.74,,
101300,A80754,0,0,0,140.61,,
101301,A80710,1,0,1,41.66,,
101302,A80747,0,0,0,72.43,,
101303,A80711,0,0,0,141.66,,
101304,A80712,1,1,0,241.66,,
101305,A80713,0,0,0,183.32,,
101306,A80714,0,0,0,199.99,,
101307,A80715,0,0,0,287.49,,
101308,A80716,0,0,0,233.32,,
101309,91780,3,3,0,289.64,,
101310,91810,4,4,0,275.19,,
101311,R70529,2,2,0,85.22,,
101312,010-02613-00,7,1,6,262.49,,
101313,010-02612-00,9,3,6,262.49,,
101314,010-13142-00,0,0,0,29.99,,
101315,010-11425-15,0,0,0,26.24,,
101316,010-12528-11,29,11,18,18.75,,
101317,010-12528-30,15,0,15,29.99,,
101318,010-12528-31,23,10,13,44.99,,
101319,010-12528-12,2,0,2,337.49,,
101320,010-12528-20,3,3,0,41.24,,
101321,010-12531-02,7,5,2,26.24,,
101322,010-13210-00,0,0,0,37.49,,
101323,010-13210-01,0,0,0,33.75,,
101324,010-13210-02,0,0,0,44.99,,
101325,010-13210-03,0,0,0,33.75,,
101326,010-13209-00,0,0,0,112.49,,
101327,010-13209-01,0,0,0,119.99,,
101328,010-13209-02,0,0,0,134.99,,
101329,010-13209-03,0,0,0,142.49,,
101330,010-12390-12,0,0,0,18.75,,
101331,010-12390-13,0,0,0,18.75,,
101332,010-12390-22,4,1,3,63.75,,
101333,010-12390-14,1,0,1,18.75,,
101338,68880,4,2,2,69.99,,
101341,958340021,2,2,0,97.82,,
101342,WM1984B,3,2,1,74.79,,
101343,91805,4,4,0,216.97,,
101345,T10-4000-3,4,2,2,359.99,,
101346,T10-4000-4,1,0,1,389.99,,
101349,T10-4000-16,4,1,3,339.99,,
101351,T10-4000-18,3,1,2,359.99,,
101352,T10-4000-19,2,1,1,359.99,,
101355,T10-4000-9,4,2,2,34.99,,
101364,B820-0302,6,4,2,38.95,,
101365,B820-23275,2,2,0,30.53,,
101367,IRID-GO-EXEC,0,0,0,2016.13,,
101368,IRID-GO-EXEC-INST-K,0,0,0,727.99,,
101371,MCBK634B.64,6,5,1,133.09,,
101373,MCK500WB.6,9,5,4,96.73,,
101377,MG150W.6,10,2,8,120.93,,
101378,MG250W.64,6,4,2,185.47,,
101380,MGR250B,1,0,1,104.79,,
101382,UTV4BRGB,3,2,1,112.87,,
101390,29427,4,0,4,24.99,,
101391,29428,4,0,4,29.99,,
101399,45144,1,1,0,59.99,,
101401,40246,1,0,1,19.99,,
101405,40061,2,1,1,2.99,,
101407,40067,1,1,0,6.99,,
101408,40080,3,2,1,9.99,,
101411,40082,1,1,0,12.99,,
101420,0800017331,3,0,3,51.21,,
101427,9630,4,0,4,45.41,,
101428,816,6,0,6,69.74,,
101443,40084,1,1,0,14.99,,
101446,18320,2,0,2,69.99,,
101448,101832,21,9,12,152.75,,248.69
101450,101833,6,3,3,159.35,,259.49
101453,83015,1,0,1,6.99,,
101454,1715,16,1,15,8.83,,14.98
101455,2431,9,6,3,15.18,,22.98
101456,2432,6,4,2,15.18,,22.98
101458,2451,6,3,3,16.20,,24.98
101459,2452,0,0,0,16.20,,24.98
101465,23209,2,0,2,4.99,,
101466,115,1,1,0,33.74,,48.98
101467,116,27,9,18,39.36,,58.98
101481,17721,10,9,1,14.61,,
101496,40001,4,1,3,2.99,,
101501,23024,3,3,0,6.99,,
101505,23520,1,1,0,5.99,,
101506,23210,6,3,3,6.99,,
101507,57041,4,0,4,3.99,,
101510,57261,1,1,0,2.99,,
101512,58145,3,0,3,1.99,,
101516,28512-24V,0,0,0,39.08,,
101522,0625DP0STS,0,0,0,87.47,,
101523,0626DP0STS,2,2,0,150.97,,
101524,0647DP0CHR,5,4,1,84.25,,
101525,0648DP0CHR,0,0,0,154.57,,
101526,IRID-AC-CHGR,0,0,0,81.72,,
101527,IRID-DC-0901,0,0,0,45.56,,
101528,IRID-INT-PLUG,0,0,0,29.35,,
101529,1659DP0ALU,0,0,0,53.72,,
101530,1665DP6ALU,6,3,3,104.11,,
101531,1670DP0ALU,5,1,4,57.34,,
101532,1670DP2ALU,11,6,5,60.89,,
101534,1672DP0ALU,7,4,3,60.88,,
101535,0904DP0STS,0,0,0,69.17,,
101540,CA-SS15-LGR,3,1,2,172.53,,
101541,CA-SS30-LGR,3,1,2,172.53,,
101542,CA-SS00-LGR,4,2,2,172.53,,
101543,CA-SS00-SMF,6,4,2,120.37,,
101544,CA-SS15-SMF,2,2,0,120.37,,
101545,CA-SS30-SMF,2,2,0,120.37,,
101546,CA-SS00-LGF,3,2,1,140.43,,
101547,CA-SS15-LGF,3,2,1,140.43,,
101548,CA-SS30-LGF,5,3,2,140.43,,
101549,CA-SS00-SMR,4,4,0,152.47,,
101550,CA-SS15-SMR,4,2,2,152.47,,
101551,CA-SS30-SMR,4,2,2,152.47,,
101553,IRID-BAT-9555,0,0,0,88.89,,
101554,IRID-BAT-9575,0,0,0,89.13,,
101555,BCA1550-32,0,0,0,1653.94,,
101556,BCA1550W-12,0,0,0,2182.02,,
101557,BCA1550W-24,0,0,0,2182.02,,
101558,BCA1550W-32,0,0,0,2232.04,,
101559,BCA1550W-36,0,0,0,2232.04,,
101560,33111,11,9,2,19.53,,
101561,33112,1,1,0,20.13,,
101562,33114,0,0,0,21.73,,
101563,33116,4,3,1,23.19,,
101564,33118,3,3,0,24.66,,
101565,33120,12,0,12,26.23,,
101566,33122,0,0,0,27.70,,
101567,33124,0,0,0,29.17,,
101568,1363792,8,1,7,3356.54,,3999.99
101571,1363912,9,6,3,3758.74,,
101572,1363913,1,0,1,4169.83,,
101575,WR16/6-FT,10,10,0,3.26,,
101577,F16-0800C-1,0,0,0,93.92,,
101581,MD4041-268-0-202,4,2,2,107.95,,144.99
101582,MD4042-191-0-202,0,0,0,113.07,,159.99
101583,MD4042-268-0-202,5,4,1,113.07,,159.99
101584,MD4042-4-0-202,3,3,0,113.07,,159.99
101587,MD2030-191-0-202,5,5,0,133.11,,184.99
101588,MD2030-4-0-202,10,4,6,133.11,,184.99
101589,MD2030CM-261-0-202,8,4,4,133.11,,184.99
101590,MA4041-0-0-101,7,5,2,20.61,,
101591,MA2030-0-0-101,8,2,6,20.63,,
101592,MD3800-191-0-202,1,1,0,103.05,,149.99
101593,MD3800-193-0-202,4,2,2,103.05,,149.99
101594,MD3800-4-0-202,4,0,4,103.05,,149.99
101596,91710,4,4,0,163.70,,
101597,91800,4,4,0,174.04,,
101598,91875,0,0,0,339.77,,
101601,GNT-EVOLUTION-SM-IDP-HW-110ACPWROUT,2,1,1,3749.99,4999.99,
101602,GNT-EVOLUTION-SM-IDP-HW-OB,0,0,0,3749.99,4999.99,
101603,5004,19,7,12,16.03,,
101604,5005,0,0,0,16.03,,
101605,5006,11,3,8,16.03,,
101606,5014,0,0,0,16.03,,
101607,5015,12,7,5,16.03,,
101608,5017,0,0,0,16.03,,
101609,62-542-TR-WT-M,13,0,13,52.44,,
101610,EVO-30AB,0,0,0,90.57,130.80,
101612,010-C1354-30,0,0,0,189.58,,
101613,010-C1307-30,0,0,0,189.58,,
101630,BA2-25WHT,0,0,0,900.24,,
101631,BA2-25WHT-BLK,0,0,0,900.24,,
101632,BA225WHT-GRY,0,0,0,900.24,,
101633,BA2-25GRY-BLK,0,0,0,900.24,,
101634,BA1-25WHT,0,0,0,925.96,,
101635,BA1-25WHT-BLK,0,0,0,925.96,,
101636,BA1-25WHT-GRY,0,0,0,925.96,,
101638,BA1-25GRY-BLK,0,0,0,925.96,,
101640,010-C1459-30,11,5,6,112.49,,
101641,010-C1460-30,0,0,0,112.49,,
101642,010-C1461-30,2,0,2,112.49,,
101643,010-C1462-30,0,0,0,112.49,,
101644,010-C1459-40,2,0,2,187.49,,
101645,010-C1460-40,0,0,0,187.49,,
101646,010-C1461-40,1,0,1,187.49,,
101647,010-C1462-40,0,0,0,187.49,,
101648,6296,3,1,2,201.44,,
101649,6297,3,2,1,192.48,,
101650,3448,5,2,3,335.52,,
101651,3449,3,2,1,159.99,,
101652,3450,2,1,1,239.99,,
101653,3451,2,2,0,549.99,,
101654,3452,3,3,0,221.71,,
101655,3453,3,1,2,206.93,,
101656,3456,2,2,0,209.99,,
101657,6800,2,1,1,857.27,,
101661,T10-424,0,0,0,133.90,,
101662,HF25K,4,4,0,23.02,37.99,
101663,HF50K,11,3,8,33.32,49.99,
101664,HF75K,5,4,1,45.44,74.99,
101665,TZPROUP,0,0,0,835.23,1050.00,
101667,WH100022,7,4,3,26.83,,
101668,A80732,4,2,2,896.73,,
101670,804-1220-10,12,7,5,302.78,,
101671,804-1240-10,25,16,9,383.72,,
101672,804-1260-10,9,6,3,672.17,,
101673,804-2410-10,5,3,2,357.28,,
101674,804-2420-10,6,3,3,454.17,,
101675,804-2430-10,6,3,3,645.71,,
101680,SC-AOB-A2,19,9,10,374.38,,
101681,PL40,0,0,0,7.07,9.99,
101682,PFC,0,0,0,14.64,20.99,
101683,ELC,0,0,0,18.67,27.99,
101684,CPL24,5,5,0,7.77,10.99,
101685,01-0055,5,5,0,10.45,14.99,
101686,BPL36B-H,0,0,0,11.19,15.99,
101687,01-0083,10,10,0,10.41,14.99,
101688,01-0082,16,10,6,10.44,14.99,
101689,AB1,1,0,1,16.67,24.99,
101690,AB3,5,5,0,18.67,27.99,
101691,ACK1,0,0,0,5.23,6.99,
101692,AK1,14,6,8,23.33,34.99,
101693,ZZCK1,3,2,1,6.25,8.99,
101694,01-0010-01B,21,9,12,21.48,,
101696,DK1,10,10,0,13.32,18.99,
101697,DPK,0,0,0,6.97,9.99,
101698,HAND,7,6,1,9.23,12.99,
101699,HANDC,41,17,24,7.15,9.99,
101700,MPC,0,0,0,9.65,13.99,
101701,MPC34,0,0,0,6.67,9.99,
101702,SCUP4,18,0,18,8.92,12.99,
101703,01-0096,130,106,24,116.67,,
101707,RF3-YK,20,11,9,7.33,10.99,
101708,01-9004-LG,11,6,5,22.00,32.99,
101709,01-9004-Y,32,19,13,22.00,32.99,
101710,01-9004-SO,35,13,22,22.00,32.99,
101711,TTAG-SNG,1,1,0,4.67,5.99,
101712,01-0129,20,14,6,23.33,34.99,
101713,TQL1,0,0,0,9.39,12.99,
101714,TDSTP1,20,11,9,11.05,13.99,
101715,ABB,11,4,7,11.41,12.99,
101716,PK1,1,1,0,11.05,15.99,
101717,DRIPK,14,14,0,3.33,4.99,
101722,91315,4,4,0,141.14,,
101723,98330,0,0,0,268.31,,
101724,98405,0,0,0,461.89,,
101741,PTS-0-1.5PSI-02,6,3,3,260.16,,
101743,628009-001,1,0,1,7179.78,,
101744,628019-001,0,0,0,7179.78,,
101745,628002-001,0,0,0,10191.01,,
101746,628004-001,0,0,0,15111.11,,
101747,358-101-10,6,2,4,129.99,,
101752,15600,2,1,1,543.29,,
101753,15610,1,0,1,284.99,,
101754,15630,2,0,2,274.99,,
101761,9059-2113,52,15,37,32.50,48.00,
101762,9059-2123,24,20,4,32.50,48.00,
101763,9059-3113,37,20,17,32.50,48.00,
101764,9059-3114,37,18,19,32.50,48.00,
101766,9451-1002,62,23,39,6.00,9.99,
101772,UC215-I,0,0,0,526.70,,
101774,CM30043L530R,2,2,0,137.63,203.40,
101777,9059-1113-1,41,2,39,51.00,70.00,
101778,9059-2113-1,52,15,37,51.00,70.00,
101779,9059-2123-1,24,20,4,51.00,70.00,
101780,9059-3113-1,37,20,17,51.00,70.00,
101781,9059-3114-1,37,18,19,50.99,70.00,
101787,104530SDP,0,0,0,33.76,,
101793,010-02803-80,2,1,1,749.99,,
101795,B00042502,3,1,2,160.99,336.15,
101799,1221R,22,16,6,5.64,,
101801,1223R,22,16,6,5.38,,
101816,72-1048,10,4,6,999.00,,
101817,72-1048-SV5,4,1,3,1196.50,,
101818,72-1048-SV10,4,1,3,1242.70,,
101819,72-1048-SV16,2,1,1,1278.40,,
101820,72-1048-SV24,0,0,0,1349.80,,
101822,110213,1,0,1,305.22,499.99,
101824,37038-2012,97,59,38,134.09,,
101841,010-13352-00,0,0,0,29.99,,
101842,010-13352-01,0,0,0,29.99,,
101843,010-13352-02,0,0,0,187.49,,
101844,010-13353-03,0,0,0,187.49,,
101845,010-02316-20,0,0,0,273.75,,
101846,70200,5,3,2,23.83,30.90,
101847,70305,4,2,2,8.13,10.53,
101848,70205,4,2,2,6.90,8.95,
101849,41356P,6,0,6,52.15,,
101851,BPC900500014,19,10,9,46.16,,56.95
101852,BPC900520014,12,8,4,35.83,,44.20
101853,BPC120134124R,29,13,16,43.55,,55.25
101854,LYN020102010,12,7,5,114.37,,141.10
101855,LYN034170210,19,9,10,868.14,,1071.00
101856,LYN060102010,10,7,3,171.56,,211.65
101857,CIP140325000,9,3,6,52.36,,64.60
101862,RA0458800,16,10,6,0.32,,
101863,69020,0,0,0,285.78,,
101867,9057-1113,75,5,70,32.50,40.00,
101868,9057-3114,59,31,28,27.50,40.00,
101870,016830001,9,5,4,496.20,,
101871,016831001,11,4,7,538.73,,
101872,958140511,1,0,1,297.72,,
101873,958140531,2,0,2,304.81,,
101875,996098501,1,1,0,76.56,,
101877,996098511,1,1,0,94.99,,
101883,4265.07K,8,5,3,273.28,,
101902,010-C1279-00,0,0,0,262.49,,
101903,010-C1270-00,0,0,0,262.49,,
101904,010-C1271-00,0,0,0,262.49,,
101905,010-C1272-00,0,0,0,262.49,,
101906,010-C1273-00,0,0,0,262.49,,
101907,010-C1274-00,0,0,0,262.49,,
101908,010-C1275-00,0,0,0,262.49,,
101909,010-C1276-00,0,0,0,262.49,,
101913,BE-HA-54380-DP,0,0,0,17.43,,
101916,151600-700-040-23,1,0,1,57.00,,
101917,CM599C-LH,0,0,0,3287.21,4399.00,
101921,9057-2113,68,32,36,25.00,40.00,
101922,9057-2123,57,32,25,25.00,40.00,
101923,9057-3113,48,31,17,26.25,40.00,
101924,9057-1113-1,46,0,46,46.00,63.00,
101925,9057-2113-1,36,0,36,46.00,63.00,
101926,9057-2123-1,22,0,22,46.00,63.00,
101927,9057-3113-1,17,0,17,46.00,63.00,
101928,9057-3114-1,22,0,22,46.00,63.00,
102058,N09411,5,2,3,87.56,118.21,
102059,N09421,5,2,3,126.89,171.30,
102141,DS-LP-16-BLK,34,20,14,32.06,,
102142,DS-LP-16-S,14,10,4,38.81,,
102143,DS-LP-21A-BLK,22,10,12,37.13,,
102144,DS-LP-21A-S,15,11,4,45.00,,
102145,DS-LP-30-BLK,21,7,14,45.00,,
102146,DS-LP-30-S,11,8,3,52.31,,
102147,DS-LP-MULTI-BLK,24,12,12,75.94,,
102148,DS-LP-MULTI-S,6,4,2,95.63,,
102149,"A-1 GREY",0,0,0,38.71,,
102150,DS-LP-21B-BLK,12,2,10,37.13,,
102151,DS-LP-21B-S,14,14,0,45.00,,
102155,SSC-750,2,2,0,100.56,,
102156,SSC-1000,4,2,2,111.67,,
102157,SSC-1250,2,2,0,128.33,,
102158,SSC-1500,1,0,1,145.56,,
102159,SSC-2000,7,4,3,170.56,,
102160,SSC-2500,2,0,2,222.22,,
102161,BSA-750,0,0,0,129.44,,
102162,BSA-1000,0,0,0,138.33,,
102163,BSA-1250,0,0,0,161.67,,
102164,BSA-1500,0,0,0,174.44,,
102165,BSA-2000,1,0,1,386.11,,
102166,BSA-2500,0,0,0,444.44,,
102169,11072,14,9,5,80.28,,
102170,11073,5,3,2,100.35,,
102171,12072,7,4,3,139.51,,
102172,12073,22,5,17,173.07,,
102173,11132,17,12,5,113.03,,
102174,11133,4,2,2,146.83,,
102175,12132,8,7,1,232.11,,
102176,12133,10,2,8,336.25,,
102194,BPC122531124,10,3,7,166.83,,211.65
102196,1519972,0,0,0,6.68,,
102197,1277492,24,24,0,6.00,,
102198,1509673,2,2,0,6.00,,
102200,50-0010-71,5,1,4,100.00,159.99,
102201,50-0014-71,8,5,3,125.00,199.99,
102202,03-4011-11,18,10,8,14.38,20.99,
102203,03-4013-11,13,6,7,18.49,26.99,
102204,03-4149-11,23,13,10,18.49,26.99,
102209,11-4174-11,14,7,7,46.05,69.99,
102212,02-4141-11,2,2,0,24.32,35.99,
102216,KITMD2,4,0,4,136.09,,203.00
102217,02-4142-11,0,0,0,26.35,38.99,
102218,02-4143-11,11,7,4,10.81,15.99,
102219,02-4178-11,10,8,2,23.65,34.99,
102220,02-4179-11,21,11,10,10.27,14.99,
102221,02-4033-11,22,14,8,24.00,35.99,
102223,04-4119-11,7,5,2,60.63,96.99,
102224,02-4132-11,0,0,0,43.51,66.99,
102225,08-0115-11,9,7,2,25.32,38.99,
102235,APT-150-SL-01,6,4,2,340.31,,
102236,SC-SL-01,9,5,4,213.75,,
102237,GOST-MAXLINK,0,0,0,1087.49,,
102238,LD2000,0,0,0,94.71,,
102241,LD4000,50,13,37,46.41,,
102242,LD4002,78,18,60,52.85,,
102244,E70670,5,2,3,779.16,,
102249,5540-020-1503,5,5,0,7.86,,
102250,5540-020-1507,5,5,0,7.86,,
102251,5540-020-2500,3,3,0,7.86,,
102252,5540-020-2501,9,9,0,7.86,,
102253,5540-020-2502,11,11,0,7.86,,
102254,5540-020-2503,0,0,0,7.86,,
102255,5540-030-1503,6,6,0,8.35,,
102256,5540-030-1507,3,3,0,8.35,,
102257,5540-030-2500,5,5,0,8.35,,
102258,5540-030-2501,6,6,0,8.35,,
102259,5540-030-2502,9,9,0,8.35,,
102260,5540-030-2503,0,0,0,8.35,,
102261,5560-030-2506,7,7,0,7.23,,
102262,5560-030-2507,6,6,0,7.23,,
102263,5560-030-2508,8,8,0,7.23,,
102264,5560-030-2509,6,6,0,7.23,,
102265,5560-030-2510,0,0,0,7.23,,
102266,5560-030-2511,6,6,0,7.23,,
102267,5560-000-2506,5,5,0,12.60,,
102268,5560-000-2507,10,10,0,12.60,,
102269,5560-000-2508,6,6,0,12.60,,
102270,5560-000-2509,6,6,0,12.60,,
102271,5560-000-2510,6,6,0,12.60,,
102272,5560-000-2511,3,3,0,12.60,,
102273,5560-001-2506,4,4,0,14.06,,
102274,5560-001-2507,1,1,0,14.06,,
102275,5560-001-2508,3,3,0,14.06,,
102276,5560-001-2509,1,1,0,14.06,,
102277,5560-001-2510,1,1,0,14.06,,
102278,5560-001-2511,5,5,0,14.06,,
102279,5540-040-2503,1,1,0,9.04,,
102280,010-13350-02,2,2,0,112.49,,
102282,9053-3914-112,194,99,95,5.63,10.50,
102283,9057-4914-112,131,83,48,5.63,10.50,
102284,GP1692,11,11,0,31.46,,
102286,115-12-20A,8,4,4,999.95,,
102287,115-12-35CD,10,4,6,1450.95,,
102288,115-12-8,0,0,0,492.24,,
102289,115-24-10,0,0,0,1041.10,,
102290,115-24-18CD,5,4,1,1579.95,,
102291,115-24-35CD,6,4,2,1895.95,,
102292,1-2-120,0,0,0,170.39,,
102293,12-12-35I,0,0,0,1535.85,,
102294,12-12-3I,8,6,2,189.98,,
102295,12-12-6I,2,1,1,291.43,,
102296,2-3-120,4,2,2,392.84,,
102297,1-3-70,1,1,0,164.81,,
102298,1-3-165,2,1,1,291.39,,
102299,2-3-70,2,1,1,219.82,,
102300,24-12-3,0,0,0,152.73,,
102302,32-12-10,0,0,0,414.92,,
102303,32-12-15,5,3,2,448.72,,
102304,32-12-25,4,1,3,626.82,,
102305,32-12-35,0,0,0,888.39,,
102306,32-12-50,5,2,3,978.37,,
102307,ACCY-IBX,1,1,0,120.69,,
102308,ACCY-IX,2,1,1,231.92,,
102309,AC-II,3,2,1,126.22,,
102310,AC-IX,1,1,0,290.29,,
102311,BI-100,2,0,2,190.89,,
102312,BI-200,0,0,0,322.44,,
102313,GI-30-FS,8,5,3,211.86,,
102314,GI-60-FS,8,5,3,278.52,,
102315,NP-12,0,0,0,564.63,,
102316,NP-24,0,0,0,610.38,,
102317,NGX-1-ISO,18,14,4,230.04,,
102318,NGX-1-USB,14,14,0,245.74,,
102320,NS-12-20,3,2,1,232.45,,
102321,PA30/20,8,5,3,56.01,,
102322,PA40/30,6,2,4,81.25,,
102323,PA60/40,5,2,3,254.79,,
102324,POWER-PAC14AH,2,2,0,815.83,,
102325,POWER-PAC7AH,6,3,3,579.95,,
102326,PT-7,3,1,2,280.59,,
102327,PT-14W,7,3,4,599.87,,
102328,PT-24-13W,6,2,4,673.00,,
102329,PT-24-20U,15,10,5,1018.41,,
102330,PT-24-45U,13,5,8,1724.64,,
102331,PT-24-60W,0,0,0,2399.51,,
102332,PT-24-8W,3,3,0,708.98,,
102333,PT-24-95U,2,2,0,2699.44,,
102334,PT-25W,17,6,11,674.86,,
102335,PT-40U,18,12,6,1061.90,,
102336,PT-80,6,3,3,1761.39,,
102341,BX-1,5,2,3,48.11,,
102342,BX-2,6,3,3,51.15,,
102343,BX-3,3,1,2,80.46,,
102344,GS-2-100,0,0,0,925.69,,
102345,GS-2-25,2,0,2,244.28,,
102346,GS-2-50,2,2,0,468.62,,
102347,PC-10,6,4,2,78.89,,
102348,PC-25,7,5,2,116.75,,
102350,S51100,17,13,4,44.99,,
102352,S51102,8,8,0,44.99,,
102354,S51104,28,14,14,44.99,,
102356,S51106,21,10,11,44.99,,
102358,S51108,28,14,14,44.99,,
102360,S51200,27,13,14,14.99,,
102361,S51202,18,9,9,14.99,,
102362,S51204,26,15,11,14.99,,
102363,S51206,27,12,15,14.99,,
102364,S51208,26,15,11,14.99,,
102365,S51390,19,10,9,15.99,,
102366,958126201,5,0,5,18.43,,
102367,9551-1002,46,0,46,6.00,9.99,
102373,SCM-LC-N2K-PLUS-V2,3,2,1,608.05,,749.00
102386,100-4807,0,0,0,480.00,,599.99
102388,DS-HD10,11,8,3,31.50,,
102389,DS-HD6,30,15,15,23.63,,
102390,DS-H-MULTI-BLK,14,14,0,40.50,,
102391,PTM-R1-SL,0,0,0,1766.25,,
102393,PTM-R2-SL,0,0,0,1771.88,,
102397,ST30-60-5,0,0,0,22.82,,
102398,S00-02027-00,0,0,0,3.75,,
102399,010-12864-08,0,0,0,199.99,,
102403,SC-CW-12F,9,4,5,112.45,,
102404,SC-CW-1GT,21,18,3,67.45,,
102405,SC-CW-2GT,15,12,3,67.45,,
102406,SC-CW-6GT,6,1,5,95.58,,
102407,SC-CW-7GT,19,10,9,67.45,,
102408,SC-CW-9GT,16,4,12,98.39,,
102409,SC-USB-F4,34,19,15,39.38,,
102412,APS-70,4,0,4,132.53,,
102413,APS-160,6,2,4,362.87,,
102414,PX-1,8,5,3,36.29,,
102415,PX-2,9,6,3,44.17,,
102416,PX-3,9,5,4,56.01,,
102417,CCX-R,3,3,0,59.17,,
102418,CCX-S,0,0,0,49.70,,
102419,CCX-T,6,6,0,50.48,,
102420,BB-2,3,2,1,49.70,,
102421,BB-2/8,0,0,0,82.04,,
102422,BB-5,4,0,4,92.30,,
102423,BB-8,3,1,2,123.06,,
102424,BPP900451100,34,26,8,201.19,,248.20
102425,"SS SWITCH15",2,1,1,368.38,,
102426,"SS SWITCH3",7,6,1,120.84,,
102427,"SS SWITCH7.5",6,2,4,169.19,,
102428,"SS SWITCH7.5INV",2,1,1,230.21,,
102429,SCREEN-25,0,0,0,695.10,,
102431,CG0225NVC-F,0,0,0,886.25,,
102440,CG0175NVC-F,0,0,0,752.50,,
102446,010-02868-00,2,1,1,599.99,,
102447,010-02868-01,2,1,1,599.99,,
102448,010-02868-02,2,1,1,599.99,,
102450,010-13350-00,15,8,7,33.75,,
102452,010-02277-10,0,0,0,674.99,,
102453,010-12832-23,0,0,0,67.49,,
102454,020-00301-00,0,0,0,59.99,,
102455,010-12832-26,3,2,1,37.49,,
102456,010-12832-41,3,1,2,37.49,,
102457,010-12832-42,4,2,2,37.49,,
102458,010-12832-40,3,2,1,67.49,,
102459,010-12832-19,0,0,0,22.49,,
102460,ERC-12-15,4,2,2,149.09,,
102461,ERC-12-35,4,3,1,221.66,,
102462,0834008PLB,4,0,4,418.83,,
102463,ES-1,2,1,1,1267.77,,
102464,ES-7D,2,2,0,668.31,,
102488,BMBS700,39,14,25,407.99,,499.00
102489,BSEC6M,3,3,0,30.00,,40.00
102490,FWBH-WH-S/M,2,2,0,70.63,,
102491,FWBH-WH-L/XL,4,4,0,70.63,,
102495,TDT04F-2RP,16,2,14,3.08,,
102496,TDT04F-3RP,19,9,10,4.08,,
102497,TDT04F-4RP,19,11,8,4.89,,
102498,TDT04F-6RP,11,6,5,6.69,,
102499,TDT04F-8RP,10,4,6,9.18,,
102500,TDT04F-12RP,8,4,4,10.99,,
102501,TDT06F-2RS,17,5,12,3.99,,
102502,TDT06F-3RS,17,10,7,6.64,,
102503,TDT06F-4RS,11,2,9,6.32,,
102504,TDT06F-6RS,6,2,4,10.11,,
102505,TDT06F-8RS,8,4,4,11.36,,
102506,TDT06F-12RS,11,4,7,14.00,,
102510,ZDIGISSPK2,3,2,1,1168.71,,
102511,T14DT-P-25,16,6,10,9.57,,
102512,T14DT-S-25,2,0,2,12.67,,
102513,RS-1005-HV-M,0,0,0,735.00,,
102517,PTS-0-3PSI-02,4,2,2,273.48,,
102518,SEA2322,3,0,3,146.71,,
102519,SEA2323,0,0,0,160.24,,
102520,SEA2324,2,0,2,161.71,,
102521,SEA2325,6,2,4,166.46,,
102522,101849,1,0,1,158.29,,249.99
102524,101839,2,2,0,158.29,,250.09
102526,010-12832-21,0,0,0,59.99,,
102535,CB101D600CW,0,0,0,179.35,,
102536,BT70L300-00,0,0,0,423.26,,
102537,BT70L300-12,0,0,0,423.26,,
102538,BT70L300-18,0,0,0,423.26,,
102539,BT70MB300-00,0,0,0,279.78,,
102540,BT70MB300-12,0,0,0,279.78,,
102541,BT70MB300-18,0,0,0,279.78,,
102542,BT70MA600-00,0,0,0,442.83,,
102543,BT70MA600-12,2,1,1,429.99,,
102544,BT70MA600-18,1,0,1,429.99,,
102545,BT70H600-00,0,0,0,442.83,,
102546,BT70H600-12,2,1,1,429.99,,
102547,BT70H600-18,2,1,1,429.99,,
102548,BT70D600CW-00,0,0,0,192.39,,
102549,BT70D600CW-12,0,0,0,192.39,,
102550,BT70D600CW-18,0,0,0,192.39,,
102551,BT87M1KW-00,0,0,0,762.39,,
102552,BT87M1KW-12,0,0,0,762.39,,
102553,BT87M1KW-18,2,1,1,739.99,,
102554,BT87H1KW-00,0,0,0,645.00,,
102555,BT87H1KW-12,0,0,0,645.00,,
102556,BT87H1KW-18,0,0,0,645.00,,
102557,CBCCMS0501,3,1,2,37.50,,
102558,CBCCMS0503,0,0,0,37.50,,
102559,CBCCMS0502,0,0,0,37.50,,
102560,6313,7,3,4,328.87,,425.00
102561,38045-3092RSP,7,3,4,719.41,,
102562,38045-3094RSP,3,1,2,719.41,,
102563,38245-3092RSP,8,4,4,719.41,,
102564,38245-3094RSP,3,2,1,719.41,,
102565,53676C,21,17,4,98.05,179.99,
102566,53677C,23,19,4,98.05,179.99,
102567,53678C,37,32,5,98.05,179.99,
102568,53686C,3,1,2,139.73,209.99,
102569,53687C,4,4,0,139.73,209.99,
102570,53688C,2,2,0,139.73,209.99,
102571,53686S,3,2,1,168.20,229.99,
102572,53687S,4,4,0,168.19,229.99,
102575,536700,0,0,0,58.88,99.99,
102576,536710,2,0,2,58.88,99.99,
102577,536720,0,0,0,58.88,99.99,
102578,536700C,1,0,1,66.76,107.99,
102579,536710C,0,0,0,66.76,107.99,
102580,536720C,0,0,0,66.76,107.99,
102581,536800C,0,0,0,112.07,164.99,
102582,536820C,0,0,0,112.07,164.99,
102585,CTR-3-DATA,0,0,0,1732.21,,
102586,CTR-4-DATA,0,0,0,904.53,,
102589,333-93500,6,3,3,83.57,,
102590,013201,0,0,0,312.50,475.00,
102591,013202,0,0,0,35.23,53.00,
102592,013203,0,0,0,50.00,76.00,
102593,013204,1,1,0,225.00,342.00,
102594,013205,0,0,0,165.91,251.00,
102595,011045,0,0,0,35.00,,
102596,011046,0,0,0,46.00,,
102597,011047,0,0,0,70.00,,
102598,011048,0,0,0,90.00,,
102599,011049,0,0,0,110.00,,
102602,SCM-CLX-RGBW-SS,0,0,0,29.95,,39.95
102603,SCM-CLS-RGBW-SS,6,3,3,59.38,,79.00
102604,SCM-CL10-RGBW-SS,0,0,0,56.00,,72.00
102605,SC2-CC-BZSM,3,2,1,163.53,,264.00
102606,SC2-BB-BZSM,0,0,0,145.12,,229.00
102607,SC2-GW-BZSM,0,0,0,145.12,,229.00
102608,SC2-CC-CSM,5,4,1,160.98,,249.00
102609,SC2-BB-CSM,0,0,0,136.59,,216.00
102610,SC2-GW-CSM,0,0,0,136.59,,216.00
102613,FBV-2500,2,2,0,332.78,,
102614,ZDIGNMD2,4,3,1,743.71,,
102619,UP39R,2,1,1,724.81,,
102621,11828-1,0,0,0,15.31,,
102626,10-13626-01,9,4,5,24.75,,
102627,10-13626-05,3,3,0,29.49,,
102628,10-13635-01,0,0,0,55.00,,
102629,10-13636-01,0,0,0,63.50,,
102630,10-13637-01,4,0,4,45.00,,
102631,10-13637-02,22,10,12,56.00,,
102632,10-13626-03,10,10,0,39.99,,
102633,10-13626-07,6,5,1,57.78,,
102634,10-13642-01,0,0,0,42.14,,
102635,10-13643-01,15,0,15,45.75,,
102636,10-13649-01,0,0,0,42.14,,
102637,10-13650-01,6,3,3,43.00,,
102638,09-36336-01,1,0,1,17.00,,
102639,09-36336-06,0,0,0,36.95,,
102640,09-36336-04,18,12,6,34.99,,
102641,09-36336-10,11,6,5,41.00,,
102642,SVS-760CF+,0,0,0,923.30,,
102643,SVS-880CF+,0,0,0,1077.30,,
102644,SVS-760C+,0,0,0,769.30,,
102645,SVS-880C+,0,0,0,923.30,,
102646,SVS-880CE+,1,0,1,859.99,,
102647,SVS-880CFE+,0,0,0,1154.30,,
102653,010-C1466-30,6,6,0,112.49,,
102654,010-C1467-30,0,0,0,112.49,,
102655,010-C1466-40,11,11,0,187.49,,
102656,010-C1467-40,0,0,0,187.49,,
102659,81205105,5,2,3,454.27,,
102660,81205205,2,0,2,454.27,,
102661,81205305,6,4,2,454.27,,
102662,81205405,3,2,1,454.27,,
102663,S-845,27,20,7,9.71,,17.00
102666,010-C1451-20,2,0,2,112.49,,
102667,010-C1451-00,3,1,2,187.49,,
102668,010-C1452-20,0,0,0,112.49,,
102669,010-C1452-00,1,0,1,187.49,,
102670,010-C1453-20,4,0,4,112.49,,
102671,010-C1453-00,2,0,2,187.49,,
102672,010-C1454-20,0,0,0,112.49,,
102673,010-C1454-00,0,0,0,187.49,,
102675,7385BN#8/0B,0,0,0,18.66,,
102676,7385BN#9/0B,0,0,0,22.17,,
102677,19-1240-02,10,5,5,262.50,,
102682,010-C1484-20,1,1,0,112.49,,
102683,010-C1484-00,0,0,0,187.49,,
102684,010-C1485-20,0,0,0,112.49,,
102685,010-C1485-00,2,2,0,187.49,,
102686,162-0386,4,2,2,32.66,,
102687,162-0126,3,2,1,42.71,,
102688,162-0586,3,2,1,45.77,,
102689,162-0346,2,0,2,61.49,,
102690,162-1006,3,3,0,80.59,,
102691,144-0346,2,0,2,67.71,,
102709,60451,6,2,4,12.01,16.01,
102710,60452,7,3,4,14.61,19.45,
102711,60453,5,2,3,21.91,29.17,
102717,491034-1,7,7,0,43.32,,
102718,491036-1,0,0,0,61.89,,
102721,445097-1,15,5,10,5.59,,
102722,445197-1,12,12,0,6.26,,
102724,563311-1,2,2,0,4.41,,
102725,431050-3,4,2,2,68.79,,
102730,33-541-01,0,0,0,239.58,301.35,
102731,904113,1,1,0,149.99,239.99,
102739,200-014G2-PRO-I,0,0,0,900.05,,1012.56
102740,201-013-PRO,0,0,0,584.40,,657.45
102741,200-014G2-PRO,0,0,0,584.40,,657.45
102744,TFRL24-6MM-25,0,0,0,2.99,,
102745,TFRL22-6MM-25,6,2,4,2.99,,
102746,TFRL20-6MM-25,3,3,0,3.28,,
102747,TFRL18-6MM-25,6,3,3,2.81,,
102748,TFRL16-8MM-25,5,3,2,3.80,,
102749,TFRL14-8MM-25,5,4,1,2.50,,
102750,TFRL12-10MM-25,7,0,7,3.00,,
102751,TFRL10-12MM-25,11,3,8,4.27,,
102752,TFRL8-12MM-10,3,2,1,4.27,,
102753,TFRL6-12MM-10,13,6,7,2.90,,
102754,TFRL4-16MM-10,9,6,3,4.41,,
102756,TFRL2-16MM-10,8,5,3,7.71,,
102779,WUL16BR-9-1000,0,0,0,141.60,,
102780,A2K-PMW-F,0,0,0,18.67,,
102781,22484,15,13,2,5.51,,
102785,000-13760-001,0,0,0,80.33,,
102786,151800-200-040-23,0,0,0,186.67,,
102787,151800-200-050-23,0,0,0,186.67,,
102788,151800-200-060-23,0,0,0,186.67,,
102789,151800-200-070-23,0,0,0,186.67,,
102790,151400-200-030-23,0,0,0,74.67,,
102791,151600-700-060-23,0,0,0,74.67,,
102792,151000-200-040-24,0,0,0,82.67,,
102793,151000-200-050-24,10,6,4,82.67,,
102794,151000-200-060-24,2,0,2,82.67,,
102795,151000-200-020-24,0,0,0,82.67,,
102797,9053-3914-248,32,9,23,12.50,20.00,
102799,22733,9,3,6,16.13,,
102800,22743,12,6,6,8.41,,
102801,22753,5,2,3,21.49,,
102802,E150-12-5,8,2,6,19.27,,
102803,E200-12-5,11,5,6,18.51,,
102810,SDTG2400302,4,2,2,841.27,,1037.85
102820,010-02407-10,0,0,0,862.49,,
102822,BDBSS,0,0,0,98.05,144.90,
102823,BDBPW,3,3,0,70.64,104.40,
102824,KSJCOAX,17,8,9,13.40,19.80,
102825,KSJUSBC,7,7,0,13.40,19.80,
102826,KSJUSB,11,11,0,13.40,19.80,
102827,KSJHDMI,14,2,12,13.40,19.80,
102828,KSJETH,10,0,10,13.40,19.80,
102832,T-PF.P11,2,0,2,178.20,259.95,
102834,43410700945,0,0,0,940.69,1105.64,
102835,43410701545,0,0,0,1298.81,1526.56,
102836,43410702545,0,0,0,1900.94,2234.27,
102837,43410704545,0,0,0,3345.29,3931.89,
102838,43410707045,0,0,0,5765.69,6776.71,
102839,43230000940,0,0,0,440.75,485.65,
102840,43230001540,0,0,0,477.77,526.45,
102841,43230002540,0,0,0,540.91,635.76,
102842,43230004540,0,0,0,727.79,855.40,
102843,43230007040,0,0,0,1674.90,1968.60,
102844,43354320153,0,0,0,78.37,86.36,
102845,43354320253,0,0,0,97.65,107.61,
102846,43354320453,0,0,0,149.61,164.86,
102847,43354320543,0,0,0,231.53,255.13,
102848,25200010051,0,0,0,42.00,46.28,
102849,25200010112,0,0,0,38.45,42.37,
102851,25200010055,0,0,0,70.77,77.99,
102859,T01110,0,0,0,15.99,20.72,
102860,T01111,0,0,0,18.39,23.84,
102867,PMP121500100,8,4,4,250.11,,308.55
102871,PUMPOCT10-12,0,0,0,404.49,,
102876,41030,4,0,4,442.37,734.99,
102880,SG1982B,0,0,0,87.64,,
102882,19-1240-01,9,3,6,61.76,,
102883,72-1056-01,2,1,1,1179.99,,
102888,010-11203-10,0,0,0,224.99,,
102899,FVSGEL185L05A00,2,0,2,45.52,,
102900,FVSGANBTQ18AA00,0,0,0,72.83,,
102904,523101,15,7,8,14.13,,
102909,B00171101,6,2,4,219.99,398.88,
102913,81203205,2,2,0,490.60,,
102914,44636,5,5,0,4.75,,
102915,53246,6,5,1,19.85,,
102916,22999,5,1,4,14.89,,
102917,40325,4,4,0,5.48,,
102918,53097,7,1,6,13.46,,
102919,48473,0,0,0,47.96,,
102920,44105,6,6,0,6.97,,
102928,784-9115S-01,0,0,0,381.34,,
102939,CLMD16,3,0,3,1110.57,,
102940,SEA-HDM,86,24,62,939.76,,1099.00
102941,010-12989-03,0,0,0,26.24,,
102944,VMCRCA6,17,6,11,11.56,,
102945,VMCRCA12,2,0,2,15.56,,
102952,ASS030140030,7,4,3,48.23,,59.50
102954,9057-4914-148,212,94,118,10.63,17.00,
102955,9053-3914-148,167,78,89,10.63,17.00,
102956,9053-3914-212,142,99,43,6.25,10.00,
102957,9057-4914-248,186,99,87,12.50,20.00,
102958,9057-4914-212,122,100,22,6.25,10.00,
102959,7461321FGK-CFN,6,5,1,871.07,,
102968,"PROTECH 2.1T",1,0,1,1274.68,,
102971,0200MABW01,1,1,0,195.75,,
102976,170010,5,2,3,130.54,,
102977,170025,3,1,2,299.21,,
102987,SCM-EAGLE-RAY-WH,3,2,1,1198.99,,1799.00
102988,SCM-EAGLE-RAY-BK,0,0,0,1198.99,,1799.00
102995,MCU006,0,0,0,420.67,,
102996,010-13350-01,9,6,3,63.75,,
102997,200-012G2-PRO,0,0,0,584.40,,657.45
103000,9057-3114-4,28,0,28,54.00,69.00,
103002,740239-1,1,1,0,148.79,,
103007,ORI241210260,10,6,4,36.52,,45.05
103008,ORI241205200R,7,3,4,12.40,,15.30
103024,47806,11,11,0,33.09,,
103025,43633,14,6,8,22.05,,
103026,39390,3,2,1,36.21,,
103032,B75C-12-HW-MM,2,1,1,657.06,864.00,
103033,B75C-20-HW-MM,1,0,1,657.06,864.00,
103035,53673A,2,0,2,20.84,,
103036,53683A,8,0,8,24.07,,
103037,53670CA,6,0,6,58.91,107.99,
103038,53672CA,14,10,4,63.38,107.99,
103040,RLS-508-405,15,9,6,106.25,,
103053,784-9115-01,0,0,0,381.34,,
103056,RTME12D,1,1,0,284.99,,
103057,2210024,6,2,4,267.19,,
103058,STC548W,6,4,2,231.56,,
103059,872021,11,4,7,207.81,,
103060,221012,6,2,4,130.63,,
103061,R109C-LHW,0,0,0,3144.29,4199.00,
103062,FVSGEL140R05A00,3,2,1,44.23,,
103065,HM15H300PXS,0,0,0,962.26,,
103066,HM15H300P12X,0,0,0,690.53,,
103069,9057-3113-4,17,0,17,54.00,69.00,
103070,69000338,2,2,0,353.14,,
103071,HM15H150PX,2,1,1,352.21,,
103072,HM15H300PX,0,0,0,926.03,,
103073,HM20H300PX,0,0,0,606.95,,
103074,9057-2123-4,25,0,25,54.00,69.00,
103075,HM15H200PX,0,0,0,621.04,,
103076,9057-2113-4,36,0,36,54.00,69.00,
103077,9057-1113-4,46,0,46,54.00,69.00,
103082,FS3000BC,5,4,1,282.94,,349.99
103084,PPEL38BB,0,0,0,637.93,,699.99
103088,FS4000P,0,0,0,402.16,,449.99
103090,WUL10WH-20,3,1,2,12.69,,
103091,WUL10GY-20,2,0,2,12.69,,
103092,WUL10VI-20,1,0,1,12.69,,
103093,WUL10BL-20,0,0,0,12.69,,
103094,WUL10GN-20,0,0,0,12.69,,
103095,WUL10YL-20,3,1,2,12.69,,
103097,WUL10RD-20,3,1,2,12.69,,
103098,WUL10BR-20,4,2,2,12.69,,
103099,WUL10BK-20,4,2,2,12.69,,
103103,010-12982-10,0,0,0,79.99,,
103104,7210,8,6,2,181.85,,235.00
103105,30-442-P-WT,13,7,6,43.45,,
103106,30-442-P-BL,0,0,0,43.45,,
103109,RH-4646,5,3,2,20.00,,
103110,5009W4,12,6,6,21.64,,
103113,12772-2,12,10,2,7.63,,
103114,12773-2,13,9,4,10.79,,
103118,"580-0200-7 B1",2,0,2,141.44,,
103120,5060-3,0,0,0,8.37,,
103124,5071-3,0,0,0,4.65,,
103125,5072-7,0,0,0,4.42,,
103126,5074-3,0,0,0,7.80,,
103128,017461001,5,2,3,130.43,,
103129,017461011,0,0,0,130.43,,
103130,8315-4,1,1,0,32.80,,
103132,PIN122510510,10,6,4,84.06,,103.70
103133,PIN122510500,12,5,7,77.17,,95.20
103134,PIN123750510,12,7,5,102.66,,126.65
103135,PIN121800510,8,6,2,209.46,,258.40
103141,SXV300M1-6,3,2,1,418.43,,
103142,010-02251-10,8,1,7,97.49,,
103143,710306-1,2,0,2,174.25,,
103150,SS8X12GRY,1,0,1,769.99,,
103151,SS8X12BLU,1,0,1,769.99,,
103152,SS8X12BLK,4,0,4,769.99,,
103153,SS8X12SFM,2,0,2,769.99,,
103155,SS8X12WHT,3,0,3,769.99,,
103158,400-405,0,0,0,125.12,,140.76
103174,FVSGANBTQ14AA00,0,0,0,40.89,,
103176,FVSGANBTQ25AA00,0,0,0,72.83,,
103177,FASP3432X02CA00,0,0,0,55.08,,
103178,FNTCD2042000C00,0,0,0,323.80,,
103180,FPHRC1004000C00,1,0,1,187.77,,
103181,FPHRC1004L00D00,3,2,1,250.36,,
103182,FASP2492X12CD00,0,0,0,118.51,,
103184,017461101,6,3,3,131.85,,
103207,101873,13,4,9,182.33,,285.99
103220,202V8001,0,0,0,552.76,,
103224,42520,3,2,1,239.99,,
103225,2184,4,4,0,40.32,60.95,
103238,41511,7,3,4,11.97,,
103239,ASS030700000,30,11,19,8.27,,10.20
103241,AR003,3,1,2,34.99,,
103243,R001,3,1,2,49.99,,
103244,IG017,4,2,2,84.99,,
103245,IG019,2,2,0,284.99,,
103246,IG021,2,2,0,44.99,,
103247,IG023,4,2,2,51.16,,
103248,IG024,4,2,2,29.99,,
103249,IG025,4,2,2,79.99,,
103250,IG026,5,3,2,43.84,,
103251,IG027,6,2,4,42.99,,
103252,IG028,4,2,2,39.99,,
103253,IG030,3,2,1,19.99,,
103254,VR001,2,1,1,69.99,,
103255,VR003,2,0,2,49.99,,
103256,VR004,3,1,2,44.99,,
103257,WP006,4,2,2,20.99,,
103258,WP007,4,2,2,18.99,,
103259,WP008,4,2,2,22.99,,
103260,WP011,0,0,0,29.20,,
103261,WP014,0,0,0,28.27,,
103262,WP015,0,0,0,19.39,,
103263,WP016,0,0,0,36.13,,
103264,WP017,0,0,0,43.84,,
103265,WP018,0,0,0,48.77,,
103266,WP019,0,0,0,63.48,,
103271,101-003-FB,2,2,0,398.65,,448.49
103272,101-003-FB-B,0,0,0,398.65,,448.49
103273,101-003-FB-REVERSE,0,0,0,475.99,,535.49
103274,101-005-FB,0,0,0,522.71,,588.05
103275,101-005-FB-B,0,0,0,522.71,,588.05
103276,101-005W-FB,0,0,0,647.51,,728.45
103277,101-005W-FB-B,0,0,0,647.51,,728.45
103278,101-009-FB,0,0,0,592.41,,666.46
103279,101-009-FB-B,0,0,0,592.41,,666.46
103280,101-009W-FB,0,0,0,634.09,,713.35
103281,101-009W-FB-B,0,0,0,634.09,,713.35
103282,201-003-FB,1,0,1,447.67,,503.62
103283,201-003-FB-B,0,0,0,447.67,,503.62
103284,201-003-FB-REVERSE,0,0,0,520.41,,585.47
103285,201-011KL-FB,0,0,0,683.71,,769.17
103286,201-011KL-FB-B,0,0,0,683.71,,769.17
103290,201-012-FB,3,1,2,543.47,,611.40
103291,201-012-FB-B,3,1,2,543.47,,611.40
103294,201-012S-FB,0,0,0,761.83,,857.06
103295,201-012S-FB-B,0,0,0,761.83,,857.06
103296,201-013-FB,4,2,2,541.75,,609.47
103297,201-013-FB-B,0,0,0,541.75,,609.47
103301,LYN060404010,10,9,1,137.80,,170.00
103302,201-014-FB,0,0,0,543.47,,611.40
103303,201-014-FB-B,0,0,0,543.47,,611.40
103306,201-020-FB,0,0,0,592.41,,666.46
103307,201-020-FB-B,0,0,0,592.41,,666.46
103311,201-021-FB,0,0,0,765.11,,860.74
103312,201-021-FB-B,0,0,0,765.11,,860.74
103313,201-030-FB,0,0,0,592.41,,666.46
103314,201-030-FB-B,0,0,0,592.41,,666.46
103315,301-005-FB,4,2,2,406.31,,457.09
103316,301-005-FB-B,0,0,0,406.31,,457.09
103319,301-008-FB,1,0,1,330.31,,371.59
103320,301-008-FB-B,3,1,2,330.31,,371.59
103323,301-009-FB,5,3,2,330.31,,371.59
103324,301-009-FB-B,3,1,2,330.31,,371.59
103328,"201-005-B TB",0,0,0,520.93,,586.04
103330,0333,9,9,0,106.98,,
103332,2650,0,0,0,61.64,,
103333,0164,0,0,0,26.50,,
103334,0165,2,2,0,14.44,,
103335,0161,5,5,0,13.94,,
103336,0166,0,0,0,10.30,,
103341,0160,0,0,0,38.68,,
103342,0171,5,5,0,21.75,,
103343,18410,1,0,1,119.99,,
103344,0175,7,7,0,23.38,,
103346,18412,1,1,0,129.99,,
103347,0176,2,2,0,21.00,,
103348,0170,2,2,0,66.13,,
103349,18401,2,0,2,12.99,,
103361,0340L,5,5,0,21.64,,
103366,100,19,5,14,14.29,,24.99
103367,150,31,13,18,9.14,,15.99
103371,6125AEPA,0,0,0,48.26,,
103372,6126AEPA,2,0,2,65.83,,
103374,ZDIGLANLINK,4,2,2,212.47,,
103375,ZDIGLANLN2K,6,4,2,318.71,,
103376,ZDIGN21M,9,5,4,28.30,,
103377,ZDIGN23M,8,5,3,30.42,,
103378,ZDIGN26M,8,4,4,35.38,,
103379,ZDIGN21W,8,5,3,28.30,,
103380,ZDIGN26W,6,1,5,77.88,,
103381,ZDIGNALERT,2,1,1,283.30,,
103385,2918,1,1,0,90.57,,
103386,2919,0,0,0,70.51,,
103395,HS-5A,8,8,0,18.96,,
103396,MDS-15WIFI,0,0,0,1749.30,,
103399,SMO001,50,23,27,18.21,,
103400,SMO002,70,29,41,43.93,,
103401,SMO003,27,13,14,39.21,,
103402,SMO004,15,8,7,106.43,,
103403,SMO009,68,38,30,39.21,,
103404,SMO010,68,44,24,106.43,,
103405,SMO011,54,42,12,39.50,,
103406,SMO012,9,4,5,119.07,,
103407,SMO017,33,24,9,39.21,,
103408,SMO018,11,9,2,106.07,,
103409,SMO019,19,10,9,39.21,,
103410,SMO020,15,7,8,106.07,,
103414,ORI124838110,10,4,6,163.29,,201.45
103415,BPC241331124,14,4,10,166.83,,211.65
103416,PMP122120100,7,4,3,394.80,,487.05
103419,SEA2312,2,2,0,150.38,,
103420,SEA2301,5,1,4,164.25,,
103421,SEA2302,2,0,2,164.75,,
103422,SEA2303,1,1,0,170.63,,
103423,SEA2311,2,1,1,285.38,,
103424,SEA2308,12,2,10,342.00,,
103425,SEA2327,0,0,0,9.20,,
103426,SEA2305,6,2,4,399.88,,
103427,SEA2310,0,0,0,221.00,,
103428,SEA2326,5,1,4,9.20,,
103430,WUL14BR-0-500,0,0,0,105.00,,
103432,1691227-L1,4,2,2,313.59,,
103434,PMP242505110,15,8,7,1313.92,,1620.95
103435,BPC920100210,7,4,3,8.27,,10.20
103436,BPC940100200,11,5,6,42.72,,52.70
103437,VMCRCA30,5,1,4,24.08,,
103438,VMCRCA1F2M,8,0,8,10.36,,
103439,LYN034160310,15,9,6,651.10,,803.25
103440,LYN034170310,7,1,6,868.14,,1071.00
103441,LYN040102110,9,6,3,288.00,,355.30
103442,8790,0,0,0,5.11,,
103443,901087,14,10,4,33.17,,
103444,CIP136175010,1,1,0,15.85,,19.55
103446,901488,13,9,4,16.08,,
103447,CIP136500010,8,3,5,12.40,,15.30
103448,901643,18,7,11,16.08,,
103450,CIP137200010,10,5,5,24.11,,29.75
103451,901819,6,4,2,33.17,,
103452,CIP137250010,4,4,0,24.11,,29.75
103453,7021,0,0,0,89.03,,
103455,7024,7,4,3,44.76,,
103456,7026,5,3,2,44.76,,
103457,CIP138300020,10,5,5,37.89,,46.75
103458,7610,1,1,0,85.79,,
103459,7616,4,2,2,108.35,,
103460,8025,10,6,4,27.06,,
103461,8026,15,9,6,38.15,,
103463,8028,10,6,4,22.44,,
103464,8029,13,7,6,30.30,,
103465,8030,13,8,5,11.10,,
103466,8791,21,11,10,7.98,,
103467,4701-20,9,9,0,25.31,,
103468,4701-30,13,6,7,25.31,,
103469,4701-40,6,4,2,25.31,,
103470,4701-50,16,10,6,25.31,,
103471,4701-60,10,0,10,25.31,,
103473,121900-600-004-24,10,4,6,41.23,,
103474,4703-030,16,6,10,27.06,,
103475,4703-040,11,6,5,27.06,,
103476,4703-050,3,3,0,27.06,,
103477,4703-060,20,6,14,27.06,,
103478,4703-080,12,2,10,27.06,,
103479,4703-100,6,6,0,27.06,,
103480,4706-040,9,3,6,27.06,,
103481,4706-050,23,19,4,27.06,,
103482,4706-060,10,5,5,27.06,,
103483,4706-100,6,4,2,27.06,,
103484,7610-24,4,2,2,86.28,,
103486,CIP132080010,6,3,3,7.58,,9.35
103487,CIP132100010,6,3,3,7.58,,9.35
103488,CIP132125010,8,4,4,7.58,,9.35
103490,CIP132200010,6,4,2,7.58,,9.35
103493,CIP133050010,15,6,9,3.44,,4.25
103494,CIP133060010,12,6,6,3.44,,4.25
103495,CIP133080010,9,3,6,3.44,,4.25
103496,CIP133100010,7,7,0,3.44,,4.25
103498,8730-1535,0,0,0,234.38,,
103499,8810-1300,4,3,1,114.09,,
103500,8810-1400,4,2,2,106.73,,
103501,8810-1500,9,3,6,96.13,,
103502,8810-1600,6,4,2,92.52,,
103504,8830-1535,12,7,5,238.65,,
103505,8830-1939,8,3,5,139.28,,
103507,CIP142500000,10,7,3,5.51,,6.80
103508,CIP106100000,15,10,5,10.33,,12.75
103509,SCA520500000,8,3,5,13.78,,17.00
103510,ORI241224120,7,4,3,129.53,,159.80
103512,3391,0,0,0,140.52,211.95,
103516,B175C-20-MW-MM,4,2,2,1241.64,1664.00,
103517,B175C-20-MW-8G,4,2,2,1340.72,1799.00,
103521,TBSDE14-18-100,0,0,0,107.89,,
103522,TBSDE14-18-500,0,0,0,300.10,,
103523,4704-040,9,4,5,41.90,,
103524,4704-060,8,5,3,41.90,,
103525,4704-100,5,3,2,41.90,,
103526,4704-150,8,4,4,41.90,,
103527,4704-200,9,5,4,41.90,,
103528,4704-250,6,4,2,54.86,,
103529,4707-030,6,2,4,41.90,,
103530,4707-100,5,1,4,41.90,,
103531,4707-150,3,2,1,41.90,,
103532,4707-200,8,5,3,41.90,,
103533,4707-250,13,3,10,55.99,,
103536,WUL14BR-0-1000,2,0,2,191.54,,
103537,WUL16BK-2-500,0,0,0,78.46,,
103538,WUL16BK-2-1000,1,0,1,136.15,,
103539,WUL16BL-9-500,0,0,0,78.46,,
103540,WUL14RD-5-500,0,0,0,105.00,,
103541,WUL16RD-9-500,0,0,0,78.46,,
103542,WUL14BR-7-500,0,0,0,105.00,,
103543,WUL16BR-7-500,1,0,1,78.46,,
103545,WUL14OR-1-500,0,0,0,105.00,,
103546,WUL14WH-2-500,0,0,0,105.00,,
103547,WUL16WH-2-500,1,0,1,78.46,,
103548,WUL16BR-6-500,0,0,0,78.46,,
103549,WUL16OR-6-500,0,0,0,78.46,,
103553,WM3884B,7,3,4,74.79,,
103563,998543051,8,4,4,28.00,,
103564,998543031,9,3,6,28.00,,
103566,2699,5,4,1,55.25,77.35,
103567,3405,5,3,2,167.52,251.95,
103572,B175C-20-MW-12F,1,1,0,1342.67,1799.00,
103573,B175C-20-MW-12G,3,1,2,1340.96,1799.00,
103575,ZDIGCOALERT,2,1,1,276.21,,
103576,ZDIGN2KPROT,0,0,0,276.21,,
103587,227462-9,17,6,11,7.60,,
103588,318003K1-1,7,3,4,19.03,,
103589,318110-9,5,2,3,23.26,,
103590,491361-9,23,4,19,8.86,,
103591,520010-9,9,8,1,6.19,,
103592,671400-9,10,5,5,9.50,,
103593,736470-9,10,5,5,8.97,,
103594,747100B-1,8,4,4,24.19,,
103595,747200B-1,7,4,3,45.87,,
103596,747520-1,7,6,1,15.29,,
103597,747600-1,13,7,6,22.20,,
103598,747650B-1,9,7,2,22.20,,
103599,747750B-1,10,1,9,10.56,,
103600,747710B-1,5,3,2,16.39,,
103601,747720B-1,8,6,2,16.39,,
103603,748270-1,8,3,5,7.91,,
103604,749530-9,7,3,4,10.56,,
103605,745270-1,8,7,1,39.34,,
103606,746180-1,10,9,1,22.20,,
103608,HX891BTBK,28,22,6,174.99,,
103609,HX891BTNB,57,33,24,174.99,,
103610,SSM-BT20,20,10,10,25.33,,
103623,010-13386-00,1,0,1,389.99,,
103624,80-47435-02,0,0,0,289.46,,
103625,80-47436-02,0,0,0,325.28,,
103626,80-47231-02,0,0,0,344.59,,
103627,80-47232-02,0,0,0,380.42,,
103629,CIP143300020,4,2,2,33.07,,40.80
103635,20CG-D3OS,0,0,0,490.00,595.00,
103636,T83FC,4,2,2,223.56,,
103640,426930-1,5,3,2,7.39,,
103641,426950-1,5,4,1,7.91,,
103642,426955-1,14,4,10,7.91,,
103643,720-8500,4,2,2,11.09,,
103649,720-8501,2,2,0,92.89,,
103651,69001139,0,0,0,1867.47,,
103652,66840437,0,0,0,363.24,,
103653,66840555,0,0,0,653.86,,
103658,000-14919-001,0,0,0,7.83,,
103660,T10-591,0,0,0,48.84,,
103668,FS1,4,4,0,154.99,,
103674,91215,7,7,0,78.27,,
103675,91620,4,4,0,435.07,,
103677,980960281,0,0,0,110.58,,
103679,536930,0,0,0,4.87,,
103681,738504-9,16,6,10,5.43,,
103682,738506-9,20,10,10,5.80,,
103683,738512-9,20,10,10,6.86,,
103685,T70582,2,1,1,812.49,,
103694,CBPT,2,2,0,16.44,,
103695,SCM-AL-MINI-NEON-16,0,0,0,160.00,,229.00
103701,BAT524120620,0,0,0,2297.13,,2833.90
103705,83304004,2,2,0,225.88,,
103706,83309004,0,0,0,239.78,,
103707,12VDUSBAC,26,14,12,22.60,,
103709,91695,10,10,0,97.44,,
103710,98410,0,0,0,516.63,,
103711,98415,0,0,0,666.14,,
103712,91725,10,10,0,85.60,,
103713,91735,4,4,0,130.23,,
103714,91740,4,4,0,155.84,,
103715,98390,0,0,0,439.03,,
103716,98395,0,0,0,491.89,,
103717,98400,0,0,0,668.03,,
103718,91755,10,10,0,97.44,,
103719,91760,8,8,0,112.89,,
103720,91765,5,5,0,137.09,,
103721,91770,4,4,0,160.53,,
103722,91775,4,4,0,228.40,,
103723,98510,0,0,0,407.10,,
103724,98515,0,0,0,472.06,,
103725,98520,0,0,0,579.31,,
103726,91785,10,10,0,85.60,,
103727,91790,8,8,0,102.14,,
103728,91795,5,5,0,126.44,,
103729,98495,0,0,0,409.70,,
103730,98500,0,0,0,464.67,,
103731,98505,0,0,0,642.47,,
103732,91600,5,5,0,199.67,,
103733,91625,0,0,0,241.09,,
103734,91630,0,0,0,282.80,,
103735,91635,0,0,0,282.80,,
103736,91610,2,2,0,260.34,,
103737,91645,0,0,0,320.26,,
103738,91650,0,0,0,320.26,,
103739,91655,0,0,0,336.29,,
103740,91640,4,4,0,288.31,,
103741,91660,0,0,0,356.13,,
103742,91665,0,0,0,396.71,,
103743,91670,0,0,0,392.59,,
103744,91910,0,0,0,397.29,,
103745,91615,4,4,0,396.71,,
103746,91675,0,0,0,450.40,,
103747,91680,0,0,0,472.93,,
103748,91685,0,0,0,507.17,,
103749,91915,0,0,0,507.17,,
103750,91690,0,0,0,507.17,,
103751,98450,0,0,0,791.50,,
103752,98455,0,0,0,790.09,,
103753,98435,0,0,0,407.10,,
103754,98465,0,0,0,840.51,,
103755,98460,0,0,0,835.14,,
103756,98470,0,0,0,838.10,,
103757,98440,0,0,0,815.07,,
103758,98475,0,0,0,905.11,,
103759,98480,0,0,0,934.86,,
103760,98485,0,0,0,878.24,,
103761,98490,0,0,0,934.96,,
103762,98445,0,0,0,910.61,,
103763,91845,0,0,0,287.06,,
103764,91850,0,0,0,277.54,,
103765,91855,0,0,0,314.50,,
103766,91865,0,0,0,357.09,,
103767,91870,0,0,0,377.27,,
103768,91880,0,0,0,375.49,,
103769,91885,0,0,0,400.59,,
103770,91890,0,0,0,429.16,,
103771,91895,0,0,0,439.31,,
103772,91900,0,0,0,455.31,,
103773,91905,0,0,0,491.99,,
103774,98420,0,0,0,671.43,,
103775,98425,0,0,0,795.74,,
103776,98430,0,0,0,860.54,,
103777,91205,0,0,0,69.51,,
103778,91210,10,10,0,78.27,,
103779,91220,1,1,0,85.50,,
103780,91225,4,4,0,124.57,,
103781,98300,0,0,0,422.03,,
103782,98305,0,0,0,475.29,,
103783,98310,0,0,0,565.49,,
103784,91240,10,10,0,90.37,,
103785,91255,0,0,0,161.93,,
103786,91265,2,2,0,252.19,,
103787,98315,0,0,0,384.41,,
103788,98320,0,0,0,447.84,,
103789,98325,0,0,0,511.83,,
103790,91175,0,0,0,177.97,,
103791,91180,0,0,0,212.20,,
103792,91185,0,0,0,280.66,,
103793,91190,0,0,0,326.91,,
103794,91195,0,0,0,373.16,,
103795,91200,0,0,0,423.31,,
103796,98525,0,0,0,554.79,,
103797,98530,0,0,0,607.77,,
103798,98535,0,0,0,806.13,,
103799,91815,10,10,0,46.11,,
103800,91820,6,6,0,56.03,,
103801,91825,5,5,0,73.46,,
103802,91830,4,4,0,96.77,,
103803,91835,4,4,0,139.14,,
103804,91840,3,3,0,164.43,,
103805,98540,0,0,0,263.74,,
103806,98545,0,0,0,360.09,,
103807,98550,0,0,0,495.34,,
103808,91925,5,5,0,273.99,,
103809,91930,4,4,0,315.56,,
103810,91935,4,4,0,386.04,,
103811,91940,2,2,0,474.01,,
103812,91945,2,2,0,639.27,,
103813,9094-5,0,0,0,14.09,,
103814,91950,2,2,0,804.34,,
103815,91100,10,10,0,46.00,,
103816,91105,10,10,0,57.01,,
103817,91110,4,4,0,72.37,,
103818,91115,2,2,0,82.84,,
103819,91120,4,4,0,93.34,,
103820,91125,4,4,0,117.61,,
103821,98375,0,0,0,309.60,,
103822,98380,0,0,0,350.97,,
103823,98385,0,0,0,462.03,,
103824,91290,10,10,0,53.60,,
103825,91295,10,10,0,68.40,,
103826,91300,5,5,0,86.84,,
103827,91305,3,3,0,99.43,,
103828,91310,4,4,0,112.00,,
103829,98360,0,0,0,411.73,,
103830,98365,0,0,0,455.83,,
103831,98370,0,0,0,546.73,,
103832,91130,0,0,0,96.51,,
103833,91135,0,0,0,136.49,,
103834,91140,0,0,0,124.09,,
103836,91320,0,0,0,133.40,,
103837,91145,0,0,0,158.97,,
103838,91155,0,0,0,183.07,,
103839,91160,0,0,0,166.44,,
103840,91150,0,0,0,161.20,,
103841,91165,0,0,0,203.56,,
103842,91325,0,0,0,194.31,,
103843,91170,0,0,0,185.07,,
103844,98335,0,0,0,317.40,,
103845,98340,0,0,0,402.17,,
103846,98345,0,0,0,450.16,,
103847,98350,0,0,0,540.39,,
103848,98355,0,0,0,584.61,,
103849,91270,5,5,0,119.24,,
103850,91275,5,5,0,145.99,,
103851,91280,4,4,0,180.20,,
103852,91920,4,4,0,198.97,,
103853,91285,2,2,0,217.73,,
103865,72-1048-OEM,1,0,1,849.00,,
103880,72-1081,13,10,3,189.99,,
103881,017461111,7,3,4,131.85,,
103883,9620000429,8,4,4,261.06,,
103884,22313,25,20,5,8.42,9.97,
103885,ZDIG5GX,1,0,1,1897.46,,
103886,9059-1113-4,41,2,39,60.00,74.00,
103887,9059-2113-4,52,15,37,60.00,74.00,
103888,9059-2123-4,13,9,4,60.00,74.00,
103889,9059-3113-4,26,9,17,60.00,74.00,
103890,9059-3114-4,28,9,19,60.00,74.00,
103894,FBV-3000,2,2,0,442.22,,
103895,TH-2500-W,0,0,0,128.33,,
103896,TH-3000-W,4,2,2,184.44,,
103900,MRK110-13-0-102,0,0,0,461.19,,
103901,T70584,5,0,5,1398.90,,
103905,53582-81235,0,0,0,76.19,104.99,
103906,53582-81459,4,0,4,76.19,104.99,
103907,53582-83515,3,0,3,76.19,104.99,
103908,53614-81235,1,0,1,32.65,44.99,
103909,53614-81266,3,0,3,32.65,44.99,
103910,53614-81459,2,0,2,32.65,44.99,
103911,53614-83380,4,0,4,32.65,44.99,
103912,53614-83515,2,0,2,32.65,44.99,
103913,53614-86899,5,0,5,32.65,44.99,
103914,53615-22516,2,0,2,34.82,47.99,
103915,53615-80324,3,0,3,34.82,47.99,
103916,53615-80327,3,0,3,34.82,47.99,
103917,53615-85879,2,0,2,34.82,47.99,
103918,53616-81235,3,0,3,18.13,24.99,
103919,53616-81266,3,0,3,18.13,24.99,
103920,53616-81459,4,0,4,18.13,24.99,
103921,53616-85879,2,0,2,19.58,26.99,
103922,53617-22516,2,0,2,19.58,26.99,
103923,53617-80324,2,0,2,19.58,26.99,
103924,53617-80327,1,0,1,19.58,26.99,
103925,53637-80093,2,0,2,37.73,51.99,
103926,53637-80066,2,0,2,37.73,51.99,
103929,SEA-HDM-RISER-KIT,14,0,14,60.00,,79.00
103946,A275L-12-N62-EX-49K6,2,0,2,649.99,,1022.00
103947,A275L-12-N62-IE-49K6,2,0,2,719.99,,1136.00
103951,A275L-12-TR-IE-49K6,1,0,1,719.99,,1136.00
103953,A275L-12-N62-IE-50K6CP,1,0,1,719.99,,1192.00
103954,B150C-12-M-8G,0,0,0,342.15,449.00,
103959,DX-3,10,8,2,54.43,,
103960,68000599,0,0,0,168.78,,
103961,DE1062EF,0,0,0,62.08,,
103971,GK1514,0,0,0,452.67,,
103972,GT0810B,8,6,2,200.39,,
103976,20851,4,3,1,229.09,,
103977,20852,2,1,1,229.72,,
103978,3455,2,1,1,206.93,,
103980,017460111,5,3,2,136.10,,
103981,PU043144-12R,6,4,2,121.18,,
103982,PU031104-12R,13,5,8,104.61,,
103983,PU033104-12R,8,4,4,104.61,,
103984,53583-18363,2,0,2,34.82,47.99,
103985,53583-80066,1,0,1,34.82,47.99,
103986,53583-80067,3,0,3,34.82,47.99,
103987,53583-80093,1,0,1,34.82,47.99,
103988,53583-80336,4,0,4,34.82,47.99,
103989,53584-18363,2,0,2,45.71,62.99,
103990,53584-80066,6,0,6,45.71,62.99,
103991,53584-80067,1,0,1,45.71,62.99,
103992,53584-80093,1,0,1,45.71,62.99,
103993,53584-80336,3,0,3,45.71,62.99,
103994,37925-80327,2,0,2,118.29,162.99,
103995,37925-81119,3,0,3,118.29,162.99,
103996,37926-80327,1,0,1,142.24,195.99,
103997,37926-81119,3,0,3,142.24,195.99,
103998,37926-83699,2,0,2,142.24,195.99,
103999,53601-80324,4,0,4,161.84,222.99,
104000,53601-80327,3,0,3,161.84,222.99,
104001,53602-80324,4,0,4,134.26,184.99,
104002,53602-80327,3,0,3,134.26,184.99,
104003,86362,28,0,28,19.58,26.99,
104004,86362-CASE,2,0,2,208.20,323.88,
104005,32279-80066,0,0,0,206.84,284.99,
104006,32279-80067,6,0,6,206.84,284.99,
104008,32279-80093,0,0,0,206.84,284.99,
104009,32279-80105,1,0,1,206.84,284.99,
104010,32279-81029,0,0,0,206.84,284.99,
104011,32279-81179,3,0,3,206.84,284.99,
104012,45224-87333,3,0,3,195.95,269.99,
104013,45224-87467,3,0,3,195.95,269.99,
104014,45224-89769,4,0,4,195.95,269.99,
104015,45224-89905,3,0,3,195.95,269.99,
104016,45224-89989,3,0,3,195.95,269.99,
104017,45225-19445,4,0,4,145.15,199.99,
104018,45225-20405,4,0,4,145.15,199.99,
104019,45225-80066,3,0,3,145.15,199.99,
104021,45225-80093,1,0,1,145.15,199.99,
104022,45225-80336,41,0,41,152.40,,
104023,45225-81029,0,0,0,145.15,199.99,
104024,56411-80066,4,0,4,217.73,299.99,
104025,56411-80069,4,0,4,217.73,299.99,
104026,56411-80093,5,0,5,217.73,299.99,
104027,56411-89905,2,0,2,217.73,299.99,
104028,05-01-043,3,1,2,259.99,,
104029,05-01-041,2,1,1,259.99,,
104031,6031,9,2,7,27.62,,
104035,6037C,0,0,0,106.95,,
104036,85001575,11,5,6,12.57,,
104041,71026,1,0,1,49.84,,
104042,71032,2,2,0,87.99,,
104043,71034,0,0,0,114.18,,
104044,41026,2,0,2,49.84,,
104045,41032,1,1,0,87.99,,
104046,41034,0,0,0,114.18,,
104061,ZMJREMWEBOSINT,4,1,3,25.00,,
104065,10283P,0,0,0,52.31,,
104066,14004P,5,0,5,20.11,,
104067,6153SPP-75,2,2,0,646.77,,
104068,199111PK,6,4,2,13.88,,
104069,199110PK,8,7,1,7.04,,
104074,51600,0,0,0,185.48,,
104075,45246,1,1,0,38.82,,
104077,P12848-100TEBBK,0,0,0,331.75,,
104080,P12848-100TEBGR,0,0,0,331.75,,
104081,P13491-9010TEBCL,0,0,0,4186.03,,
104082,P13491-9010TEBBK,0,0,0,4186.03,,
104083,P13491-9010TEBGR,0,0,0,4186.03,,
104085,P13217-1000BK,0,0,0,41.44,,
104086,P13270-200TEBBK,3,2,1,82.87,,
104185,325412-1,7,5,2,20.99,,
104188,325430-1,9,4,5,6.60,,
104191,325472-1,4,3,1,4.37,,
104193,325416-1,9,4,5,23.00,,
104198,325425-1,6,3,3,30.00,,
104253,10271P,1,0,1,25.88,,
104254,41340P,0,0,0,13.68,,
104255,AP-4W-30K-PW11,3,3,0,75.16,,
104258,337149R-1,16,10,6,9.91,,
104259,337159R-1,11,2,9,8.33,,
104260,337169R-1,10,3,7,9.66,,
104261,337189R-1,7,7,0,11.51,,
104262,426901-1,0,0,0,3.14,,
104263,426903-1,7,5,2,4.74,,
104264,426906-1,8,8,0,6.86,,
104265,426912-1,3,3,0,10.03,,
104266,426920-1,10,1,9,10.50,,
104267,426925-1,0,0,0,6.33,,
104268,748010-1,18,12,6,12.67,,
104269,748020-1,1,1,0,12.14,,
104270,1003,0,0,0,1085.86,,
104271,1005,0,0,0,74.68,,
104272,1006,2,0,2,74.68,,
104274,SA-0214,305,49,256,11.85,,
104279,BCA1000-110-24,0,0,0,1112.74,,
104280,BCA1050-12,4,4,0,1085.26,,
104281,03-234-400,0,0,0,847.50,1084.80,
104283,010-13356-00,2,0,2,64.99,,
104284,SSP20,7,3,4,35.28,59.99,
104285,XMRM16,59,29,30,13.21,,24.99
104286,XMRM32,38,21,17,22.86,,45.99
104287,XMAP32,42,23,19,15.71,,32.99
104288,XMMMP32,57,23,34,20.36,,39.99
104290,XMMMP1G,57,18,39,60.00,,119.99
104297,BP2082B,0,0,0,222.99,,
104298,SCM-SZ-RGB,1,0,1,123.75,,169.00
104299,SCM-SZ-RGB-EXP,0,0,0,123.75,,169.00
104304,1011,0,0,0,85.67,,
104305,XF103,2,0,2,142.00,349.99,
104306,XD102,10,6,4,100.00,,249.99
104307,62-152-02A,2,0,2,49.45,,
104318,XM32DG,11,5,6,10.71,,19.99
104319,XMDDC1G,15,10,5,31.43,,49.99
104321,010-12801-02,0,0,0,26.24,,
104331,1009,0,0,0,74.68,,
104332,1015,0,0,0,25.96,,
104333,9050,1,0,1,42.63,,
104334,1016,0,0,0,246.47,,
104335,1017,1,0,1,246.47,,
104336,1018,1,1,0,246.47,,
104337,1019,1,1,0,246.47,,
104338,9100,0,0,0,641.35,,
104339,32-3006,2,1,1,564.79,,
104348,877213,0,0,0,71.95,,
104349,75050-B,3,0,3,2044.60,,
104350,21142-001,6,4,2,282.50,,
104351,75050-W,0,0,0,2044.60,,
104352,75060-B,1,1,0,2079.83,,
104353,75060-W,0,0,0,2079.83,,
104354,75070-B,0,0,0,2136.65,,
104355,75070-W,1,0,1,2136.65,,
104356,75080-B,0,0,0,2150.28,,
104357,75080-W,1,0,1,2150.28,,
104359,BPP900455150,31,16,15,199.12,,245.65
104360,BPP900455170,24,15,9,292.82,,361.25
104361,996476502,4,0,4,272.20,,
104365,806-1212-05,7,1,6,410.48,,
104366,808-0820,7,2,5,24.76,,
104367,808-0822,3,2,1,99.49,,
104368,808-0822-01,4,1,3,99.49,,
104369,808-1888,4,2,2,333.33,,
104370,808-0890,4,2,2,260.11,,
104371,710-6048-01,4,3,1,411.78,,
104375,017462001,2,0,2,137.52,,
104384,48-B-48,0,0,0,41.92,,
104387,75051-B,0,0,0,2123.01,,
104388,75051-W,1,0,1,2123.01,,
104389,75061-B,0,0,0,2157.10,,
104390,75061-W,1,0,1,2157.10,,
104391,75071-B,0,0,0,2215.06,,
104392,75071-W,1,0,1,2215.06,,
104393,75081-B,0,0,0,2228.69,,
104394,75081-W,1,0,1,2228.69,,
104395,75052-B,1,1,0,1407.10,,
104396,75052-W,0,0,0,1407.10,,
104397,75062-B,1,1,0,1442.33,,
104398,75062-W,0,0,0,1442.33,,
104399,75072-B,0,0,0,1499.15,,
104400,75072-W,1,0,1,1499.15,,
104401,75082-B,0,0,0,1512.78,,
104402,75082-W,1,0,1,1512.78,,
104404,017462011,4,2,2,137.52,,
104405,017460011,0,0,0,127.59,,
104414,85.34,2,2,0,994.12,,
104416,85.19,1,0,1,979.00,,
104419,75053-B,1,1,0,1461.65,,
104420,75053-W,1,0,1,1461.65,,
104421,75063-B,1,1,0,1532.10,,
104422,75063-W,1,0,1,1532.10,,
104423,75073-B,1,1,0,1544.60,,
104424,75073-W,1,0,1,1544.60,,
104425,75083-B,0,0,0,1566.19,,
104426,75083-W,1,0,1,1566.19,,
104427,75090,0,0,0,804.17,,
104428,75090-10,0,0,0,804.17,,
104429,75009-5-12,0,0,0,628.53,,
104430,75010-5-12,2,2,0,592.63,,
104431,75094,0,0,0,37.50,,
104432,75014,4,2,2,46.47,,
104433,75015,0,0,0,40.06,,
104434,75012,0,0,0,481.09,,
104435,75012-10,0,0,0,481.09,,
104436,75011,0,0,0,320.83,,
104437,80250-25,0,0,0,116.99,,
104438,75013,0,0,0,43.91,,
104439,75013.1,3,2,1,42.63,,
104440,75013.2,1,1,0,52.88,,
104441,TR-PTS1,2,2,0,199.04,,
104442,TR-PTS2,3,1,2,309.29,,
104443,8001,0,0,0,977.24,,
104444,STK100,0,0,0,96.47,,
104445,7600-001,0,0,0,279.81,,
104446,7500,0,0,0,242.63,,
104447,7404,0,0,0,150.32,,
104448,1451-01,0,0,0,313.14,,
104449,1350,2,0,2,50.32,,
104450,1050-24,0,0,0,105.45,,
104453,81501,5,2,3,121.88,166.74,
104454,"VECTOR PRO G1",0,0,0,2449.30,,
104464,22309CASE,2,1,1,35.74,,
104466,"VECTOR PRO G2",0,0,0,2939.30,,
104468,4238-141-E07,3,1,2,163.01,,
104469,4258-163-E09,8,3,5,303.21,,
104470,4648-163-E07,6,4,2,301.74,,
104471,94-009-50,22,10,12,37.99,,
104472,94-801-10,1,0,1,49.37,,
104473,94-801-11,3,1,2,139.61,,
104474,94-801-13,1,1,0,258.18,,
104475,94-804-02,9,3,6,41.99,,
104476,94-804-03,1,1,0,168.81,,
104477,94-805-01,4,2,2,47.99,,
104478,94-805-02,4,2,2,179.99,,
104479,EV300817,1,0,1,9.99,,
104482,EV959206,2,0,2,44.01,,
104483,RV-210BRB-A,12,3,9,32.99,,
104484,RV-210GH-A,0,0,0,39.25,,
104485,890195,19,19,0,10.81,18.97,
104486,RV-210GH-KDF-A,6,6,0,46.23,,
104487,890194,6,3,3,10.81,18.97,
104490,48-AM-39,3,0,3,89.90,,
104492,10221A,4,4,0,16.14,,
104493,00353A,4,3,1,8.60,,
104494,10108A,0,0,0,31.47,,
104495,10205A,0,0,0,28.61,,
104496,10059A,3,2,1,42.14,,
104497,10060A,4,2,2,34.71,,
104498,10061A,2,2,0,28.89,,
104499,10165A,6,4,2,41.93,,
104500,10195A,0,0,0,45.16,,
104501,10202A,2,1,1,31.19,,
104502,10203A,0,0,0,42.20,,
104503,00049A,4,0,4,10.07,,
104504,00051A,0,0,0,6.69,,
104505,00052A,7,5,2,9.79,,
104506,10480A,0,0,0,20.94,,
104507,10481A,4,2,2,20.63,,
104508,10482A,0,0,0,15.93,,
104509,10274A,0,0,0,25.79,,
104510,10275A,0,0,0,26.31,,
104511,10276A,0,0,0,26.49,,
104512,10277A,3,1,2,26.79,,
104513,10278A,2,0,2,42.29,,
104514,10289A,0,0,0,35.80,,
104515,10303A,4,4,0,31.50,,
104516,10182A,3,3,0,25.73,,
104517,10183A,0,0,0,24.37,,
104518,10184A,1,0,1,25.33,,
104519,10186A,2,2,0,26.57,,
104520,10187A,1,1,0,19.14,,
104521,10490A,0,0,0,23.93,,
104522,10491A,3,3,0,28.53,,
104523,10492A,0,0,0,33.00,,
104524,10493A,0,0,0,20.29,,
104525,10494A,0,0,0,25.73,,
104526,00126A,5,4,1,9.73,,
104527,00127A,0,0,0,12.49,,
104528,00128A,6,2,4,6.44,,
104529,00180A,1,1,0,18.33,,
104530,00357A,7,7,0,11.94,,
104531,00359A,6,2,4,7.31,,
104532,H406A,3,2,1,38.47,,
104533,HM24A,2,0,2,4.57,,
104534,HC2A,4,4,0,13.26,,
104535,HC3A,4,3,1,13.01,,
104536,HC5A,5,5,0,21.84,,
104537,HMDDA,2,0,2,14.77,,
104538,HDDRA,4,2,2,33.07,,
104539,HYAA,1,0,1,56.17,,
104540,010-13128-00,0,0,0,14.99,,
104542,C0500A,0,0,0,7.90,,
104543,C0625A,0,0,0,7.90,,
104544,C0750A,4,4,0,7.86,,
104545,C0875A,0,0,0,8.13,,
104546,C1000A,2,0,2,7.53,,
104547,C1125A,0,0,0,7.94,,
104548,C1250A,9,4,5,7.79,,
104549,C1250AA,0,0,0,10.87,,
104550,C1375A,0,0,0,10.61,,
104551,C1500A,4,0,4,10.03,,
104552,C1750A,8,4,4,15.46,,
104553,C2000A,0,0,0,14.77,,
104554,C2250A,2,2,0,33.00,,
104555,C2500A,0,0,0,34.73,,
104556,C2750A,0,0,0,43.40,,
104557,C3000A,0,0,0,39.94,,
104558,R1875A,10,9,1,6.14,,
104559,R2813A,8,4,4,8.20,,
104560,10-13373-08,0,0,0,328.05,,
104561,R3750A,6,6,0,12.09,,
104562,R5000A,3,0,3,17.26,,
104563,R6500A,2,2,0,34.46,,
104564,HBNTA,5,5,0,18.16,,
104565,R3750Z,6,6,0,12.64,,
104566,001-636-150-00,0,0,0,125.45,,
104579,9620000728,13,3,10,13.70,,
104608,306600,2,0,2,9.99,,
104613,890141,26,15,11,15.34,27.97,
104614,890196,16,12,4,10.60,17.97,
104616,139401,6,4,2,73.18,147.97,
104624,130516,13,5,8,10.00,,
104626,CMX760,12,7,5,148.54,,
104628,PC68LTX,18,8,10,98.26,,
104629,PC78LTX,15,10,5,106.44,,
104630,PC78LTXFM,19,13,6,119.04,,
104631,SEA2313,2,0,2,143.25,,
104632,SEA2320,1,0,1,205.63,,
104633,"BEARCAT 880FM",19,9,10,141.89,,
104634,"BEARCAT 980SSB",24,17,7,163.78,,
104635,"BEARTRACKER 885",19,12,7,320.83,,
104636,PRO401HH,31,9,22,54.14,,
104637,PRO501HH,12,9,3,101.34,,
104638,PRO501TK,15,11,4,101.34,,
104639,PRO538HHFM,18,9,9,122.33,,
104640,NTX-3000S-12,4,2,2,621.82,857.60,
104641,22214CASE,1,0,1,150.51,,
104642,252047,6,6,0,13.50,,
104643,252057,6,6,0,13.50,,
104644,252053,5,5,0,13.50,,
104645,252054,4,2,2,13.50,,
104646,252007,1,1,0,17.36,,
104647,252079,6,6,0,13.50,,
104648,010-12991-01,0,0,0,22.49,,
104649,010-02930-00,1,0,1,899.99,,
104650,010-02930-01,1,0,1,899.99,,
104651,010-02930-02,1,1,0,899.99,,
104652,010-13348-00,0,0,0,104.99,,
104653,010-13348-10,0,0,0,26.24,,
104654,010-11617-53,0,0,0,52.49,,
104655,010-11617-54,0,0,0,74.99,,
104657,1643050F0W,0,0,0,456.30,,
104658,1643050S0W,0,0,0,456.30,,
104659,1643050F0B,0,0,0,456.30,,
104660,1643050S0B,0,0,0,456.30,,
104661,1643100F0W,0,0,0,1049.86,,
104662,1643100S0W,0,0,0,1049.86,,
104663,1643100F0B,0,0,0,1049.86,,
104664,1643100S0B,0,0,0,1049.86,,
104665,1643300F0W,0,0,0,2682.90,,
104666,1643300S0W,0,0,0,2682.90,,
104667,1643300F0B,0,0,0,2682.90,,
104668,1643300S0B,0,0,0,2682.90,,
104675,F31-2202WHA-C,41,7,34,8.28,,
104676,F31-2202BKA-C,0,0,0,10.30,,
104682,P501J-119N-4A,9,4,5,268.42,,
104685,RCE12VBCHK,12,6,6,38.49,,
104686,RCE12VBPK,12,6,6,61.26,,
104688,RCE24VBCHK,5,1,4,57.73,,
104689,RCE24VBK,1,1,0,54.23,,
104690,RCE24VB5CHK,4,4,0,63.52,,
104691,RCE24VPRO,6,6,0,78.84,,
104692,RCE24VHD,5,5,0,66.70,,
104693,RCE224VCHK,5,5,0,116.51,,
104695,RCE36VBCHK,4,1,3,83.40,,
104696,RCE36VBK,7,5,2,77.64,,
104697,RCE36VB5CHK,10,6,4,94.79,,
104699,RCE36VHD,4,4,0,81.96,,
104700,RCE236VCHK,4,4,0,122.34,,
104702,9070-7,13,8,5,24.27,,
104703,9092-5,56,9,47,6.96,,
104704,9093-5,25,20,5,7.23,,
104705,9099-5,75,43,32,7.33,,
104706,9096-5,23,8,15,10.29,,
104707,9095-5,29,3,26,11.80,,
104708,RCE12VGRPRO1922,3,0,3,231.90,,
104709,RCE12VGRP1618,4,0,4,148.76,,
104710,9090-5,18,3,15,6.91,,
104711,RCE12VGRPTLR,6,0,6,91.90,,
104712,RCE12VB4FK,6,6,0,48.42,,
104713,RCE12VB4K,5,5,0,33.69,,
104714,CE12VB5K,4,0,4,38.39,,
104715,CE12VB5FK,5,0,5,54.42,,
104716,RCE12VBM6CK,6,6,0,106.29,,
104717,RCE12VBM6IK,6,0,6,171.62,,
104718,RCE12VBM6PK,5,0,5,166.72,,
104719,RCE12VBM6K,5,0,5,82.96,,
104720,CE12VBOMK,8,5,3,21.94,,
104721,RCE12VB4,5,0,5,23.31,,
104722,RCE12VB4F,6,6,0,32.67,,
104723,RCE12VGPYAK,6,0,6,96.72,,
104724,RCE12VSPD,3,0,3,38.09,,
104725,RCE12VKYK,5,0,5,38.27,,
104726,RCE12VKYKPRO,6,0,6,78.63,,
104727,RCE12VB10,3,3,0,11.90,,
104730,RCE12VB6,3,3,0,15.29,,
104731,RCE12VB8,6,6,0,13.42,,
104732,RCE12VBP,3,3,0,32.67,,
104733,RCE312VRV,4,4,0,128.22,,
104734,RCE412VRV,5,0,5,183.02,,
104735,RCE312SLR,5,5,0,131.68,,
104736,RCE12VATV,5,5,0,44.28,,
104737,RCE12VJSKI,5,5,0,42.52,,
104739,SK890,10,4,6,38.27,,
104740,MV462602-123-S-216,7,6,1,69.99,,
104741,MV462602-123-M-216,5,3,2,69.99,,
104742,MV462602-123-L-216,21,9,12,69.99,,
104743,MV462602-123-XL-216,25,10,15,69.99,,
104744,MV462602-123-XXL-216,17,11,6,69.99,,
104745,MV462602-123-XXXL-216,2,2,0,69.99,,
104746,QUA483100102,6,2,4,2242.69,,2766.75
104747,CIP138125020,12,3,9,37.89,,46.75
104748,CIP138150020,11,2,9,37.89,,46.75
104749,CIP143400020,6,3,3,33.07,,40.80
104758,97XD-12-240-IG,0,0,0,1215.04,,
104763,S-1858,0,0,0,621.84,,
104765,PS2/BOS12V2,0,0,0,610.85,,
104766,PS3/BOS12V2,0,0,0,756.46,,
104767,PS3/BOS12V3,1,0,1,756.46,,
104768,PS4/BOS12V2,0,0,0,895.49,,
104769,PS4/BOS12V3,1,0,1,895.49,,
104770,PS2AUTO/BOS12V2,0,0,0,626.95,,
104771,PS3AUTO/BOS12V2,0,0,0,780.37,,
104772,PS3AUTO/BOS12V3,1,0,1,780.37,,
104773,PS4AUTO/BOS12V2,0,0,0,926.10,,
104774,PS4AUTO/BOS12V3,0,0,0,926.10,,
104775,RS2/BOS12V2,0,0,0,460.98,,
104776,RS3/BOS12V2,0,0,0,505.98,,
104777,RS3/BOS12V3,1,0,1,523.54,,
104778,RS4/BOS12V2,0,0,0,562.32,,
104779,RS4/BOS12V3,1,0,1,411.34,,
104780,SS2/BOS12V2,0,0,0,557.44,,
104781,SS3/BOS12V2,0,0,0,683.17,,
104782,SS3/BOS12V3,1,0,1,683.17,,
104783,SS4/BOS12V2,0,0,0,813.66,,
104784,SS4/BOS12V3,0,0,0,813.66,,
104785,SS2AUTO/BOS12V2,0,0,0,570.85,,
104786,SS3AUTO/BOS12V2,0,0,0,702.93,,
104787,SS3AUTO/BOS12V3,1,0,1,702.93,,
104788,SS4AUTO/BOS12V2,0,0,0,840.00,,
104789,SS4AUTO/BOS12V3,1,0,1,840.00,,
104791,85.35,2,0,2,979.19,,
104794,1580010,1,0,1,133.85,,
104801,G10916,11,4,7,7.67,,
104812,IRIS-S060-18,4,2,2,345.35,,
104815,XT-DF-24-90-DV,0,0,0,840.09,,
104822,0111000BLK,0,0,0,83.34,,
104826,SPS2000,0,0,0,578.30,,
104828,W6/2RYW-FT,50,50,0,3.46,,
104835,APL-2W-30K-PW11,17,10,7,76.83,,
104840,9635,5,3,2,55.25,,
104846,SCC115110511,7,4,3,448.54,,553.35
104847,9620000722,3,2,1,34.56,,
104849,48-YSP-4JH-F,2,0,2,585.42,,
104850,24VWKS3,3,2,1,220.92,,
104851,36VWKS3,10,5,5,232.55,,
104854,EXPOLAST2,6,3,3,89.99,,
104855,EXPOLAS4PACK,1,0,1,258.91,,
104856,EXPOLASFLOTATION,18,12,6,80.00,,
104857,EXPOLASN2K,0,0,0,424.77,,
104858,EXPOLASGUARDIAN,1,1,0,274.99,,
104859,EXPOLASCORE,14,10,4,139.95,,
104860,EXPOLASEXTENDER,12,6,6,99.99,,
104861,EXPOLASMEC,6,5,1,29.99,,
104862,EXPOLASGUARDEXT,4,4,0,24.99,,
104864,REL200300100,5,5,0,139.18,,171.70
104867,12487-8DP,0,0,0,4.41,,
104868,LLB-72BK-UB-00,3,2,1,85.04,,
104869,LLB-72BK-UB-01,2,2,0,98.54,,
104870,LLB-73BK-01-WB,4,2,2,131.18,,
104871,LLB-73BK-01-BB,1,0,1,131.18,,
104891,EXPMOBCARBON2,1,1,0,158.66,,
104894,EXPACTION1-9,11,6,5,255.42,,
104899,EXPACTION9DOCK,12,6,6,33.72,,
104900,302400,9,3,6,9.99,,
104902,010-02830-00,2,1,1,187.49,,
104903,010-02829-00,1,0,1,112.49,,
104904,010-13286-02,0,0,0,19.49,,
104905,010-13286-01,0,0,0,16.24,,
104907,1080013-G,6,0,6,138.99,,
104909,001-638-240-00,0,0,0,102.73,,
104924,AK5505-7,5,0,5,13.00,,
104925,AK5512-7,0,0,0,13.08,,
104930,SSHD-001,5,3,2,8.99,11.99,
104931,BWP-2023-001,0,0,0,26.99,35.99,
104932,000-15769-001,0,0,0,191.93,,230.00
104936,W18-2ACLR-100,6,3,3,24.21,,
104943,SPH1250,1,1,0,79.99,,
104946,FP10BX,20,17,3,147.14,,
104947,VLB9,0,0,0,76.25,,
104948,N8NRM2TB,0,0,0,413.75,,
104949,H6HRLN2TB,0,0,0,356.25,,
104950,W18-2ACLR-250,5,3,2,57.41,,
104951,W16-2ACLR-100,4,2,2,34.53,,
104953,W16-2ACLR-250,6,3,3,79.91,,
104954,W14-2ACLR-100,5,4,1,46.19,,
104955,W14-2ACLR-250,7,5,2,109.08,,
104956,WUL18WH-35,6,1,5,6.82,,
104957,WUL18RD-35,2,2,0,6.82,,
104958,WUL18OR-35,7,3,4,6.82,,
104959,WUL18GN-35,6,4,2,6.82,,
104960,WUL18BL-35,1,0,1,6.82,,
104961,WUL18BK-35,4,3,1,6.82,,
104962,WUL14GN-25,6,4,2,7.47,,
104963,WUL1/0RD-50,2,0,2,211.15,,
104964,WUL1/0RD-250,0,0,0,1044.23,,
104965,WUL1/0BK-250,0,0,0,1044.23,,
104966,TE8-38R-25,3,2,1,22.29,,
104967,TE18-56R-25,26,14,12,13.93,,
104969,TDE18-250FIM-25,8,4,4,14.63,,
104970,TDE18-250FIM-100,27,12,15,61.73,,
104971,TDE14-250FIM-25,9,2,7,14.63,,
104972,TDE14-250FIM-100,28,13,15,61.73,,
104973,TBSE8-100,18,10,8,106.56,,
104974,TAE8-56R-10,12,7,5,7.84,,
104975,TAE8-38R-10,18,4,14,7.84,,
104976,TAE8-14R-10,8,8,0,8.71,,
104977,TAE8-10R-10,20,2,18,9.59,,
104978,TAE6-56R-10,17,13,4,10.46,,
104979,TAE6-38R-10,17,10,7,10.46,,
104980,TAE6-14R-10,11,8,3,13.06,,
104981,TAE6-10R-10,8,3,5,10.46,,
104982,TAE4-56R-10,0,0,0,10.74,,
104983,TAE4-38R-10,13,13,0,11.56,,
104984,TAE4/0-38R-10,20,2,18,27.64,,
104985,TAE2-56R-10,13,4,9,19.06,,
104986,TAE2-38R-10,9,9,0,19.06,,
104989,TAE2-14R-10,13,10,3,11.43,,
104990,TAE2/0-56R-10,19,8,11,21.73,,
104991,TAE2/0-38R-10,25,14,11,21.73,,
104992,TAE2/0-14R-10,8,6,2,16.01,,
104993,TAE1-56R-10,10,0,10,12.39,,
104994,TAE1-38R-10,17,4,13,12.29,,
104995,TAE1-14R-10,20,10,10,12.39,,
104996,TAE1/0-56R-10,19,9,10,17.53,,
104997,TAE1/0-38R-10,6,0,6,17.53,,
104998,TAE1/0-14R-10,17,9,8,16.39,,
104999,TDTP06F-2RS,30,25,5,9.03,,
105000,TDTP04F-4RP,28,27,1,11.29,,
105001,TDTP04F-2RP,28,22,6,9.33,,
105002,TDTP06F-4RS,29,28,1,12.13,,
105003,TDT04-3P-10,14,10,4,11.67,,
105004,TDT04-4P-10,8,6,2,15.67,,
105005,TDT04-6P-5,8,7,1,12.00,,
105006,TDT04-8P-5,7,4,3,17.32,,
105007,TDT04-12P-5,7,4,3,18.65,,
105009,TDT06-12S-5,4,4,0,21.32,,
105010,TDT06-2S-10,8,6,2,10.67,,
105011,TDT06-3S-10,6,4,2,21.32,,
105012,TDT06-4S-10,6,4,2,18.65,,
105013,TDT06-6S-5,4,1,3,17.99,,
105014,TDT06-8S-5,6,4,2,19.32,,
105015,TDTHD-1-4KT,11,5,6,29.97,,
105016,TDTHD-1-8KT,6,6,0,23.32,,
105017,T14DT-P-100,10,5,5,26.65,,
105018,T14DT-S-100,10,5,5,43.96,,
105019,T12DTP-P-10,11,5,6,5.78,,
105020,T12DTP-P-25,8,2,6,11.32,,
105021,T12DTP-S-10,10,4,6,6.00,,
105022,T12DTP-S-25,5,4,1,13.99,,
105024,T10DTP-P-10,11,5,6,6.64,,
105025,T10DTP-P-25,9,5,4,15.32,,
105026,T10DTP-S-10,10,4,6,7.33,,
105027,T10DTP-S-25,10,5,5,15.50,,
105028,T114017-25,0,0,0,3.32,,
105029,T114017-100,4,4,0,8.50,,
105030,BHW1-12BK-2,4,1,3,12.53,,
105031,BHW1-12RD-2,5,4,1,12.53,,
105032,BHW1-3BKRD,9,9,0,1.89,,
105033,BHW3/4-12BK-3,6,2,4,13.78,,
105034,BHW3/4-12RD-3,8,5,3,13.78,,
105035,BHW3/4-3BKRD,17,10,7,2.36,,
105036,BEHS1/2-12BK-5,12,4,8,11.91,,
105037,BEHS1/2-12RD-5,4,0,4,9.82,,
105038,BEHS1/2-3BKRD,7,4,3,2.58,,
105039,BEHS1/4-12BK-10,10,4,6,14.42,,
105040,BEHS1/4-12RD-10,2,1,1,14.42,,
105041,BEHS1/4-3BKRD,14,11,3,1.42,,
105042,BEHS1/8-12BK-10,10,4,6,9.88,,
105043,BEHS1-12BK-3,12,5,7,7.61,,
105044,BEHS1-12RD-3,8,5,3,9.15,,
105046,BEHS1-12YL-3,4,2,2,7.54,,
105048,BEHS1-3BKRD,11,10,1,2.84,,
105050,BEHS3/16-12BK-10,1,1,0,13.54,,
105052,BEHS3/16-12RD-10,5,2,3,15.20,,
105053,BEHS3/4-12BK-4,14,7,7,7.78,,
105054,BEHS3/4-12RD-4,9,4,5,7.14,,
105055,BEHS3/4-12YL-4,2,1,1,11.62,,
105056,BEHS3/4-3BKRD,19,10,9,3.14,,
105057,BEHS3/8-12BK-5,6,6,0,10.42,,
105058,BEHS3/8-12RD-5,8,2,6,10.88,,
105059,BEHS3/8-3BKRD,12,5,7,2.30,,
105064,BCCH04-100,9,4,5,7.11,,
105065,BCCH06-100,6,1,5,7.86,,
105066,BCCH02-25,10,5,5,1.95,,
105067,BCCH03-25,9,4,5,2.04,,
105068,BCCH04-25,6,2,4,2.39,,
105069,BCCH05-25,9,5,4,2.49,,
105070,BCCH06-25,6,3,3,2.70,,
105071,BCCH08-25,7,3,4,2.80,,
105072,BCCH10-25,10,5,5,3.31,,
105073,BCCH12-25,8,3,5,3.72,,
105074,BCCH16-25,7,2,5,5.28,,
105075,BCCH20-25,9,4,5,6.24,,
105076,BCCH24-25,9,5,4,7.09,,
105077,BCCH04-25BK,7,3,4,2.58,,
105078,BCCH05-25BK,7,4,3,2.68,,
105079,BCCH06-25BK,8,4,4,2.73,,
105080,BCCH08-25BK,2,1,1,3.08,,
105081,BCCH10-25BK,5,5,0,3.57,,
105082,BCCH12-25BK,7,4,3,4.49,,
105083,BCCH16-25BK,7,3,4,6.62,,
105084,BSSC04-10,8,5,3,6.99,,
105085,BSSC06-10,3,2,1,7.78,,
105086,BSSC08-10,6,5,1,8.19,,
105087,BSSC10-10,9,4,5,8.22,,
105088,BSSC12-10,9,5,4,8.86,,
105089,BSSC14-10,6,5,1,10.08,,
105090,BSSC16-10,11,6,5,10.64,,
105091,BSSC20-10,8,4,4,12.45,,
105092,BSSC24-10,9,4,5,13.09,,
105093,BSSC28-10,6,4,2,13.65,,
105094,BSSC32-10,3,2,1,15.32,,
105095,BSSC40-10,7,4,3,17.96,,
105096,BSSC48-10,6,5,1,21.95,,
105097,BSSC56-10,7,4,3,27.62,,
105098,E400-12-5,3,2,1,22.05,,
105101,CT1M-100,13,7,6,2.01,,
105103,CT1M-100BK,13,12,1,2.13,,
105104,CT2S-100,7,5,2,3.66,,
105105,CT2S-100BK,8,1,7,3.86,,
105106,CT3S-100,15,7,8,5.81,,
105107,CT3S-100BK,33,6,27,6.37,,
105108,CT4S-100,16,8,8,7.91,,
105109,CT4S-100BK,0,0,0,8.80,,
105110,CTMR2S-100,14,8,6,7.54,,
105111,CTMR2S-100BK,9,2,7,9.06,,
105112,CT1.5I-100,14,8,6,4.31,,
105113,CT1.5I-100BK,30,10,20,4.50,,
105114,CTMR4S-100BK,10,7,3,15.33,,
105115,CT4H-50BK,10,0,10,7.66,,
105116,CTM2S8-100,14,9,5,9.94,,
105117,CTM2S8BK-100,4,4,0,10.17,,
105118,CTM3S10-100,12,10,2,14.49,,
105119,CTM3S10BK-100,8,8,0,15.94,,
105120,BSW3/8BK-100,3,2,1,30.49,,
105121,BSW1/2BK-100,4,2,2,48.13,,
105122,BSW3/4BK-100,4,3,1,78.01,,
105123,BSW1BK-100,4,2,2,108.99,,
105124,1670DP2BLK,13,10,3,58.50,,
105125,EV2LE-ACC,15,5,10,8.51,,
105126,EV2LE-ANC,8,5,3,8.51,,
105127,EV2LE-ARCH,9,4,5,8.51,,
105128,EV2LE-BLG,6,1,5,8.51,,
105129,EV2LE-BLWR,10,5,5,8.51,,
105130,EV2LE-BTWL,7,2,5,8.51,,
105131,EV2LE-CKPT,3,3,0,8.51,,
105132,EV2LE-CTSY,9,5,4,8.51,,
105133,EV2LE-DECK,4,3,1,8.51,,
105134,779-LBJ-4,0,0,0,12.75,,
105135,779-LBJ-5,8,4,4,15.76,,
105136,779-LBJ-6,6,0,6,18.43,,
105137,SC-AOB-A-HOSEV-12,12,7,5,28.13,,
105140,EBB-BRKR3,0,0,0,78.37,,
105143,TBS8-10,10,8,2,20.33,,
105144,TBS6-10,29,11,18,9.76,,
105145,TBS4-2,26,9,17,3.43,,
105146,TBS2-2,36,18,18,4.31,,
105147,TBS2/0-2,31,19,12,6.05,,
105148,TBS1-2,39,20,19,4.31,,
105149,TBS1/0-2,37,18,19,5.64,,
105150,455T-TM903,1,1,0,584.27,,
105151,455T-PR903,0,0,0,1528.09,,
105152,455T-SS903,0,0,0,719.10,,
105153,1121693,4,4,0,6.00,,
105154,1121691,4,4,0,6.00,,
105155,EV2LE-FBX,8,4,4,8.51,,
105156,EV2LE-FRSH,4,3,1,8.51,,
105157,EV2LE-HRN,6,3,3,8.51,,
105158,EV2LE-LT,3,2,1,8.51,,
105159,EV2LE-LVWL,4,2,2,8.51,,
105160,EV2LE-NAV,7,2,5,8.51,,
105161,EV2LE-NAVANC,5,3,2,8.51,,
105162,EV2LE-RAW,5,0,5,8.51,,
105163,EV2LE-SPDR,6,2,4,8.51,,
105164,EV2LE-TRM,8,5,3,8.51,,
105165,EV2LE-UW,7,3,4,8.51,,
105166,EV2LE-WND,4,3,1,8.51,,
105167,EV2LE-WSHDWN,4,1,3,8.51,,
105168,PSC-11-BK,5,3,2,4.85,,
105169,PSC-21-BK,7,4,3,6.67,,
105170,PSC-22-BK,5,3,2,11.46,,
105171,PSC-31-BK,5,3,2,9.22,,
105172,PSC-41-BK,2,1,1,11.91,,
105173,PSC-61-BK,2,2,0,18.82,,
105174,PSC-81-BK,1,1,0,22.30,,
105175,24832JW,2,0,2,3901.09,,
105184,BXADAC10DWH-304,0,0,0,979.12,,
105191,784-9220-01,0,0,0,723.27,,
105195,IRIS-S060-36,4,2,2,345.35,,
105235,XMUCC,42,23,19,52.86,,99.97
105238,199207,34,32,2,4.20,,
105239,302100,5,0,5,8.99,,
105266,FRBBC6-A,3,0,3,36.22,,
105267,FRBAP10,0,0,0,11.58,,
105268,FRBBC6,1,1,0,24.15,,
105269,P000173,2,2,0,20.99,,
105270,P000174,0,0,0,21.63,,
105271,001-240-520-00,1,0,1,227.27,,
105272,P000175,0,0,0,30.36,,
105273,P000159,4,4,0,30.36,,
105274,P000160,1,1,0,30.36,,
105275,P000161,2,2,0,30.36,,
105276,P000162,4,4,0,33.74,,
105277,P000163,2,2,0,33.74,,
105278,P000164,4,4,0,33.74,,
105279,P000165,2,2,0,33.74,,
105280,P000166,2,2,0,33.74,,
105281,P000167,2,2,0,37.11,,
105282,P000168,2,2,0,37.11,,
105283,P000169,4,4,0,37.11,,
105284,P000170,2,2,0,37.11,,
105285,P000171,2,2,0,37.11,,
105286,P000172,2,2,0,50.61,,
105292,58104-2000,13,6,7,115.93,,
105293,KSJX220BL,3,3,0,15.27,,
105294,KSJX220CB,4,4,0,15.27,,
105295,KSJX220CF,3,3,0,15.27,,
105296,KSJX220HS,4,4,0,15.27,,
105297,KSJX220MD,4,4,0,15.27,,
105298,KSJX220SB,1,1,0,15.27,,
105299,101922,0,0,0,164.06,,250.39
105301,KSJX220SP,4,4,0,15.27,,
105302,KSJX280BL,4,4,0,17.39,,
105303,KSJX280CB,4,4,0,17.39,,
105304,KSJX280CF,4,4,0,17.39,,
105305,KSJX280HS,2,2,0,17.39,,
105306,KSJX280MD,4,4,0,17.39,,
105307,KSJX280SB,2,2,0,17.39,,
105308,KSJX280SL,3,3,0,17.39,,
105309,KSJX280SP,2,2,0,17.39,,
105310,BGCX8BK,1,1,0,12.81,,
105311,BGCX8CF,2,2,0,12.81,,
105312,BGCX8MC,2,2,0,12.81,,
105313,BGCX8MH,1,1,0,12.81,,
105314,BGCX8SJ,5,5,0,12.81,,
105316,BGCX8SL,3,3,0,12.81,,
105317,TCRX5BK,3,3,0,9.21,,
105318,TCRX5CF,4,4,0,9.21,,
105319,TCRX5MC,4,4,0,9.21,,
105320,TCRX5MH,3,3,0,9.21,,
105321,TCRX5SJ,4,4,0,9.21,,
105322,TCRX5SL,0,0,0,9.21,,
105323,HSTC7CF,3,3,0,20.87,,
105324,HSTC7DK,4,4,0,20.87,,
105325,HSTC7MC,4,4,0,20.87,,
105326,HSTC7MH,3,3,0,20.87,,
105327,HSTC7RS,3,3,0,20.87,,
105328,HSTC7SJ,3,3,0,20.87,,
105329,HSTC7SL,4,4,0,20.87,,
105330,HUB102,5,4,1,359.09,,
105331,001-653-250-00,6,2,4,114.55,,
105332,001-653-260-00,4,2,2,101.82,,
105333,001-653-270-00,1,1,0,144.55,,
105334,WRJ-ADP-05M,11,5,6,50.00,,
105339,5000,1,1,0,1233.53,,1475.00
105340,5001,1,1,0,529.41,,599.99
105341,5002,0,0,0,19.48,,34.99
105342,5003,0,0,0,9.94,,17.99
105343,HSTC8CF,4,4,0,23.90,,
105344,HSTC8DK,4,4,0,23.90,,
105345,HSTC8MC,4,4,0,23.90,,
105346,HSTC8MH,4,4,0,23.90,,
105347,HSTC8RS,4,4,0,23.90,,
105348,HSTC8SJ,4,4,0,23.90,,
105349,HSTC8SL,4,4,0,23.90,,
105350,XRMAG15HDFFU,0,0,0,17.41,,
105351,XRMAG15HDSQ,6,6,0,17.41,,
105352,XRMAG20HDFFU,2,2,0,18.68,,
105353,XRMAG20HDSQ,2,2,0,18.68,,
105354,XRMAG30HDFFU,2,2,0,20.74,,
105355,XRMAG30HDSQ,3,3,0,20.74,,
105356,XRMAG40HDFFU,6,6,0,20.74,,
105357,XRMAG40HDSQ,2,2,0,20.74,,
105358,XRMAGST17MTG,5,5,0,20.74,,
105359,XRMAGXP130CLR,18,18,0,16.98,,
105360,RV8SP,0,0,0,37.35,,
105362,RHVDS,5,5,0,145.26,,
105363,RSFXF6,1,1,0,26.10,,
105364,RSFXF8,0,0,0,29.83,,
105365,RSFXF10,2,2,0,33.53,,
105366,RSFFXF6,2,2,0,26.10,,
105367,RSFFXF8,2,2,0,29.83,,
105368,696-108,0,0,0,11.92,,
105369,696-208,0,0,0,40.81,,
105370,696-108CH,0,0,0,11.92,,
105371,696-208CH,0,0,0,40.81,,
105372,696-108G,0,0,0,11.92,,
105374,696-110,0,0,0,11.92,,
105375,696-210,0,0,0,40.81,,
105376,696-110CH,0,0,0,11.92,,
105377,696-210CH,0,0,0,40.81,,
105378,696-110G,0,0,0,11.92,,
105380,696-112,0,0,0,11.92,,
105381,696-212,0,0,0,40.81,,
105382,696-112CH,0,0,0,11.92,,
105383,696-212CH,0,0,0,40.81,,
105385,1052,9,2,7,16.03,,
105386,XMZSLS3PC,8,1,7,16.49,,35.99
105387,XMSPC1G,6,3,3,35.00,,59.99
105388,696-112G,0,0,0,11.92,,
105390,XMMCMR10,21,8,13,10.36,,19.99
105391,696-114,0,0,0,11.92,,
105392,1081,11,5,6,16.03,,
105393,696-214,0,0,0,40.81,,
105394,696-114CH,1,1,0,11.92,,
105395,696-214CH,0,0,0,40.81,,
105396,696-114G,2,2,0,11.92,,
105398,41324P,3,1,2,19.75,,
105399,696-117,1,1,0,11.92,,
105400,696-217,0,0,0,40.81,,
105401,696-117CH,1,1,0,11.92,,
105402,696-217CH,0,0,0,40.81,,
105403,696-117G,1,1,0,11.92,,
105406,696-120,1,1,0,11.92,,
105407,696-220,0,0,0,40.81,,
105408,696-120CH,0,0,0,11.92,,
105409,696-220CH,0,0,0,40.81,,
105410,696-120G,2,2,0,11.92,,
105412,696-125,2,2,0,11.92,,
105413,696-225,0,0,0,40.81,,
105414,696-125CH,1,1,0,11.92,,
105415,696-225CH,0,0,0,40.81,,
105418,696-130,2,2,0,11.92,,
105419,696-230,0,0,0,40.81,,
105420,696-130CH,0,0,0,11.92,,
105421,696-230CH,0,0,0,40.81,,
105422,696-130G,2,2,0,11.92,,
105424,696-140,1,1,0,11.92,,
105425,696-240,0,0,0,40.81,,
105427,696-140CH,2,2,0,11.92,,
105428,696-240CH,0,0,0,40.81,,
105429,696-140G,1,1,0,11.92,,
105431,MJUFOXJ-BOX,0,0,0,42.34,,
105436,696-150,0,0,0,11.92,,
105437,696-250,0,0,0,40.81,,
105438,696-150CH,0,0,0,11.92,,
105439,696-250CH,0,0,0,40.81,,
105441,696-580,0,0,0,154.63,,
105442,696-590,0,0,0,154.63,,
105443,4265.65K,2,2,0,40.21,,
105444,4265.47K,2,1,1,119.11,,
105450,19-1240-18,13,5,8,41.29,,
105451,9241507,0,0,0,23.91,,
105453,001-647-940-00,2,0,2,49.09,,
105473,5395,0,0,0,173.84,,
105474,150400-200-040-25,1,0,1,70.00,,
105477,512120-1,15,7,8,14.31,,
105478,T-PF.P14/I,0,0,0,30.93,47.95,
105480,ZDIGAIS100QMA,4,2,2,339.97,,
105484,930137B,2,2,0,6.69,,
105485,HB100,4,4,0,31.50,,
105486,HB125,2,2,0,31.50,,
105488,HUB-102-JMP,5,2,3,38.18,,
105489,544-SSW-S,0,0,0,1008.34,,
105507,660-250CC,0,0,0,44.87,,
105508,660-250G,3,3,0,44.87,,
105509,660-265CC,3,3,0,48.80,,
105510,T70583,0,0,0,541.66,,
105511,660-265G,0,0,0,48.80,,
105512,660-280CC,3,3,0,48.80,,
105513,660-280G,2,2,0,48.80,,
105515,9620001835,2,1,1,678.04,,1130.09
105517,62-541-WT,0,0,0,52.44,,
105518,9620001837,1,0,1,508.36,,847.29
105519,9620001838,3,1,2,474.42,,790.79
105520,62-541-BL,4,1,3,52.44,,
105522,62-542-WT,7,7,0,52.44,,
105523,9620001840,2,1,1,474.42,,790.79
105524,62-542-BL,11,8,3,52.44,,
105531,9620012874,2,2,0,54.69,,91.19
105532,9620012875,6,4,2,61.61,,102.69
105533,884213BLK,1,0,1,1374.99,2199.99,
105534,9620012876,2,1,1,151.59,,252.69
105535,9620012877,4,2,2,103.14,,171.99
105536,9620012878,4,2,2,130.83,,218.09
105537,9620012879,7,4,3,75.45,,125.79
105538,9620012880,3,2,1,68.53,,114.29
105539,9620012881,6,4,2,110.06,,183.49
105540,9620012882,1,1,0,116.98,,194.99
105541,9620012883,3,2,1,82.38,,137.39
105542,SC-CW-10GT,11,3,8,106.83,,
105543,97XD-24-190,1,0,1,1599.69,2561.00,
105555,A2-5.6-LH,0,0,0,113.28,,
105557,A2-6.8-LH,0,0,0,113.28,,
105558,A2-6.8-RH,0,0,0,113.28,,
105559,A2-7.5-LH,0,0,0,113.28,,
105561,A2-8.3-LH,0,0,0,113.28,,
105570,CA3-6.3-LH,0,0,0,155.07,,
105573,CA3-8.1-RH,0,0,0,155.07,,
105575,TX2-7.5-LH,0,0,0,191.17,,
105580,ING2-6.6-LH,0,0,0,99.11,,
105581,ING2-6.6-RH,1,1,0,99.11,,
105582,ING2-7.3-LH,0,0,0,99.11,,
105584,ING2P-5.3-LH,0,0,0,99.11,,
105586,ING2P-5.3-RH,0,0,0,99.11,,
105587,017462101,0,0,0,137.52,,
105592,INSLD2-8.1-LH,0,0,0,99.13,,
105619,MODC2-6.6-LH,0,0,0,70.80,,
105620,MODC2-6.6-RH,2,2,0,70.80,,
105621,MODC2-8.1-LH,0,0,0,70.80,,
105623,MODSZ2-7.3-LH,0,0,0,92.04,,
105624,MODSZ2-7.3-RH,0,0,0,92.04,,
105635,AL13-5.2-3.0,4,4,0,112.59,,
105636,AL13-5.2-4.0,0,0,0,119.66,,
105637,AL13-5.2-6.0,2,2,0,140.91,,
105639,AL13-6.2-6.0,3,3,0,140.91,,
105643,SORF-5.2-1.0-CP,0,0,0,34.35,,
105644,SORF-5.2-2.0-CP,0,0,0,34.35,,
105645,SORF-5.2-3.0-CP,0,0,0,34.35,,
105646,SORF-5.2-4.0-CP,2,2,0,34.35,,
105647,SORR-5.2-1.0-CP,0,0,0,26.67,,
105648,SORR-5.2-2.0-CP,0,0,0,26.67,,
105649,SORR-5.2-3.0-CP,1,1,0,26.67,,
105650,SORR-5.2-4.0-CP,2,2,0,26.67,,
105667,SHU065130050,8,5,3,63.39,,78.20
105668,MS6007S,12,4,8,26.04,,
105670,99454,8,6,2,1088.75,,
105671,SHU050130050,17,1,16,63.39,,78.20
105679,GX2410GPS,50,40,10,323.99,,
105680,4BMS-S,6,2,4,104.99,131.75,
105682,2023043513,5,5,0,54.21,,
105683,2024028468,0,0,0,54.21,,
105684,504713,0,0,0,187.49,299.99,
105686,105730,44,24,20,11.51,,
105687,105736,13,0,13,17.25,,
105688,105737,0,0,0,24.16,,
105689,105745,42,23,19,10.45,,
105690,105747,54,23,31,15.69,,
105691,105749,18,7,11,20.93,,
105692,1315-FT,31,31,0,1.16,,
105693,03-4015-11,0,0,0,10.67,15.99,
105694,03-4044-11,1,1,0,10.67,15.99,
105697,RSHMTH2,12,12,0,12.54,,
105698,RV13BP,4,4,0,45.28,,
105699,996476221,4,4,0,140.35,,
105700,RF50101,8,3,5,31.64,48.40,
105701,011044,0,0,0,32.95,49.00,
105704,010-02892-00,4,0,4,749.99,,
105705,010-02892-10,5,1,4,524.99,,
105706,010-02892-11,0,0,0,524.99,,
105708,010-12531-11,0,0,0,26.24,,
105709,9610007270,2,1,1,454.05,,
105710,9610007272,0,0,0,465.81,,
105711,1520,2,2,0,69.29,,
105713,SDFI0000000,0,0,0,232.88,,287.30
105716,105545,3,3,0,29.99,,
105717,105320,3,3,0,39.99,,
105718,105322,5,0,5,34.99,,
105720,105770,10,4,6,39.99,,
105721,105327,8,4,4,49.99,,
105722,105329,7,4,3,49.99,,
105728,105335,2,2,0,59.99,,
105729,104706,31,14,17,76.00,,
105733,B00171201,0,0,0,217.01,367.47,
105737,151200-200-005-13,7,6,1,65.33,,
105764,BBTH0920002,0,0,0,30.00,,
105767,105333,3,3,0,59.99,,
105769,A8SQ4893UB-02,2,1,1,444.99,,
105770,A8SQ4893UB-10,3,1,2,444.99,,
105771,A8SQ4893UB-04,3,1,2,444.99,,
105772,A4681UB-02,3,1,2,339.99,,
105773,A4681UB-10,3,1,2,339.99,,
105774,A4681UB-04,3,1,2,339.99,,
105775,A4669UB-02,2,1,1,309.99,,
105776,A4669UB-10,2,1,1,309.99,,
105777,A4669UB-04,2,1,1,309.99,,
105778,A5487UB-02,4,2,2,369.99,,
105779,A5487UB-10,2,1,1,369.99,,
105781,A5487UB-04,4,2,2,369.99,,
105782,A4675UB-02,2,1,1,314.99,,
105783,A4675UB-10,2,1,1,314.99,,
105784,A4675UB-04,2,1,1,314.99,,
105785,A5481UB-02,1,1,0,344.99,,
105786,A5481UB-10,2,1,1,344.99,,
105787,A5481UB-04,2,1,1,344.99,,
105789,85.37,0,0,0,1417.92,,
105791,03-4128-11,0,0,0,14.19,20.99,
105792,03-4129-11,19,12,7,14.19,20.99,
105793,03-4145-11,34,18,16,16.22,23.99,
105794,03-4146-11,4,4,0,19.59,28.99,
105795,03-4108-11,13,10,3,10.14,14.99,
105796,01-4154-11,18,13,5,20.95,30.99,
105797,01-4155-11,18,10,8,27.70,40.99,
105798,01-4156-11,23,16,7,40.54,59.99,
105799,09-4160-11,10,4,6,27.70,40.99,
105800,09-4151-11,27,9,18,43.33,64.99,
105801,08-0085-11,6,4,2,24.00,35.99,
105802,001-647-020-00,2,1,1,122.73,,
105808,CA-0186,0,0,0,110.88,,
105811,R3005,0,0,0,43.74,,
105812,R3003,4,2,2,52.54,,
105813,R3001,4,2,2,104.50,,
105814,R2007,0,0,0,54.36,,
105815,R1004,0,0,0,47.70,,
105816,R1005,3,1,2,11.39,,
105817,R3008,4,3,1,32.34,,
105818,R2003,6,4,2,79.66,,
105819,R3000,0,0,0,56.80,,
105820,R3011,0,0,0,21.70,,
105826,BAT512110620,0,0,0,788.90,,973.25
105827,BAT512115620,0,0,0,912.92,,1126.25
105828,BAT512120620,0,0,0,1202.30,,1483.25
105829,BAT512130620,0,0,0,1874.08,,2312.00
105830,BAT524110620,0,0,0,1451.03,,1790.10
105831,BAT524130620,0,0,0,3188.69,,3933.80
105832,BAT548110620,7,0,7,2452.84,,3026.00
105836,LSKIT,28,11,17,26.15,,
105843,100-4906,0,0,0,289.02,,399.99
105844,KF5000BLK,5,2,3,111.54,,
105845,3092,0,0,0,552.46,,
105846,S-7015C,0,0,0,7.26,,
105854,41150,3,2,1,27.00,,
105855,41165,1,1,0,45.36,,
105872,02-4040-11,9,9,0,17.33,25.99,
105873,02-4048-11,7,7,0,9.33,13.99,
105874,08-0052-11,0,0,0,12.67,18.99,
105875,08-0105-11,0,0,0,33.33,49.99,
105876,08-0106-11,10,4,6,33.33,49.99,
105877,09-4227-11,7,3,4,50.00,79.99,
105878,11-4191-11,42,33,9,131.25,,
105879,11-4190-11,16,16,0,189.87,,
105881,ORI303100000,7,3,4,1050.04,,1295.40
105882,412000-1CHO,137,84,53,1002.03,,1299.99
105883,412000-1,105,67,38,1156.19,,1499.99
105884,412010-1CHO,201,127,74,1487.99,,2099.99
105885,412010-1,200,125,75,1636.79,,2299.99
105886,412020-1CHO,4,4,0,2308.95,,2699.99
105887,412020-1,60,60,0,2008.79,,2899.99
105888,99047,0,0,0,37.20,,
105900,740236-1,5,4,1,68.18,,
105901,740237-1,3,2,1,68.18,,
105902,740238-1,1,1,0,68.18,,
105903,740233-1,7,3,4,60.60,,
105904,740234-1,7,4,3,60.60,,
105905,740235-1,5,3,2,60.60,,
105906,710310-1,4,0,4,1351.16,,1599.99
105907,740252-1,3,3,0,98.48,,
105908,MPD740.5,6,3,3,293.27,,
105909,MPD380.4,8,4,4,219.93,,
105910,MPD500.1,12,6,6,146.60,,
105911,602014-2,4,0,4,389.64,,599.99
105912,602024-1,0,0,0,194.81,,299.99
105916,41152,4,2,2,27.00,,
105917,41166,3,2,1,45.36,,
105918,41153,3,0,3,28.08,,
105920,41167,2,0,2,47.52,,
105921,41154,3,2,1,28.08,,
105922,41168,2,2,0,47.52,,
105923,41155,4,2,2,37.27,,
105924,41169,4,2,2,62.11,,
105925,41156,4,2,2,45.91,,
105926,41170,4,2,2,76.15,,
105927,41157,4,2,2,35.11,,
105928,41171,4,2,2,58.32,,
105929,41158,4,2,2,38.35,,
105930,41172,4,2,2,63.72,,
105931,41159,4,2,2,31.32,,
105933,41173,3,1,2,52.39,,
105934,41160,3,2,1,24.31,,
105935,41174,4,2,2,40.51,,
105936,41161,4,2,2,24.31,,
105937,41175,4,2,2,40.51,,
105938,41162,4,2,2,24.84,,
105939,41176,4,2,2,41.59,,
105940,B60-20-MM,12,6,6,177.15,227.49,
105943,X500.391,1,0,1,92.04,,
105968,28100699,0,0,0,580.30,,699.95
105969,IRIS-A118,0,0,0,1837.50,,
105970,IRIS-A418,1,0,1,1932.25,,
105971,IRIS-A295,0,0,0,2995.00,,
105972,IRIS-A395,1,0,1,3995.00,,
105973,IRIS599,0,0,0,348.84,,
105974,CMAC-INT003A,2,1,1,348.84,,
105975,HDMI2IP01,0,0,0,203.49,,
105976,MV7010-4-XS/S,4,2,2,40.61,,
105977,MV7010-4-M/L,8,3,5,40.61,,
105978,MV7010-4-XL/XXL,8,2,6,40.61,,
105979,MV7010-25-XS/S,0,0,0,40.61,,
105980,MV7010-25-M/L,0,0,0,40.61,,
105981,MV7010-25-XL/XXL,0,0,0,40.61,,
105982,MV7010-131-XS/S,0,0,0,40.61,,
105983,MV7010-131-M/L,0,0,0,40.61,,
105984,MV7010-131-XL/XXL,0,0,0,40.61,,
105985,601FC,18,6,12,47.56,,
105986,603FC,0,0,0,50.37,,
105987,605FC,0,0,0,54.05,,
105988,601STC,29,6,23,51.31,,
105989,603STC,11,5,6,54.96,,
105990,605STC,17,5,12,64.09,,
105991,601C,22,4,18,51.31,,
105992,603C,10,6,4,60.21,,
105993,605C,7,3,4,64.09,,
105994,65DR,27,18,9,30.38,,
105995,66DR,13,3,10,37.10,,
105996,67DR,5,0,5,39.99,,
105997,V50AJ-115N-3A,16,10,6,352.21,,
105998,33610-0107,4,1,3,354.31,,
105999,03-4064-51,17,2,15,18.75,29.99,
106000,03-4066-51,9,5,4,24.00,35.99,
106001,02-4043-11,0,0,0,6.85,9.99,
106002,03-4144-11,0,0,0,16.67,24.99,
106033,010-13290-10,0,0,0,51.99,,
106034,010-13290-11,0,0,0,51.99,,
106035,010-13290-00,0,0,0,51.99,,
106036,010-13290-01,0,0,0,51.99,,
106037,010-13291-11,0,0,0,58.49,,
106038,010-13291-00,0,0,0,58.49,,
106039,SMS200-01,0,0,0,636.39,,
106040,010-13291-10,0,0,0,58.49,,
106041,010-13291-01,0,0,0,58.49,,
106042,010-13292-00,0,0,0,64.99,,
106043,010-13292-10,0,0,0,64.99,,
106044,010-13292-01,1,0,1,64.99,,
106045,010-13292-11,0,0,0,64.99,,
106046,010-13286-00,0,0,0,9.75,,
106048,010-13293-11,0,0,0,45.49,,
106049,010-13293-10,0,0,0,45.49,,
106050,010-13293-00,0,0,0,45.49,,
106052,010-13293-01,0,0,0,45.49,,
106053,010-13286-04,3,0,3,12.99,,
106055,010-13294-00,0,0,0,58.49,,
106056,010-13294-10,0,0,0,58.49,,
106057,010-13294-11,0,0,0,58.49,,
106059,010-13294-01,0,0,0,58.49,,
106062,CL-6,9,5,4,202.57,,
106064,RS-1008-HV,1,1,0,807.50,,
106065,FWHL-NVG,1,1,0,67.50,,
106070,B001999,6,2,4,10.57,22.41,
106071,B002000,0,0,0,10.57,22.41,
106072,B002001,3,2,1,8.00,22.41,
106073,B002002,3,2,1,10.57,22.41,
106074,B002003,6,2,4,8.00,22.41,
106075,B002004,1,0,1,10.57,22.41,
106076,B002005,3,3,0,8.00,22.41,
106077,B002006,6,4,2,8.00,22.41,
106078,B002007,4,2,2,21.29,44.91,
106079,B002008,2,2,0,21.29,44.91,
106080,03-4064-11,4,4,0,20.27,29.99,
106081,08-0082-11,2,1,1,32.00,47.99,
106082,08-0081-11,9,4,5,32.00,47.99,
106083,02-4053-11,9,7,2,10.67,15.99,
106085,634003,0,0,0,2988.51,,
106087,08-0083-11,11,5,6,32.00,47.99,
106088,02-4130-11,21,2,19,24.67,36.99,
106091,260-4001,5,2,3,34.46,,
106092,77275,2,0,2,70.59,,
106093,77276,1,0,1,70.59,,
106094,77277,0,0,0,70.59,,
106095,77274,1,0,1,18.75,,
106096,77275-1,2,0,2,14.12,,
106097,77278,0,0,0,129.41,,
106098,77279,4,2,2,129.41,,
106099,77278-1,0,0,0,20.00,,
106100,77274-1,1,1,0,20.00,,
106103,58354,0,0,0,35.78,,
106104,11501700,5,3,2,43.54,,
106105,11701700,2,1,1,57.71,,
106106,11801700,3,2,1,59.74,,
106108,F16-0861POL-1,13,6,7,135.35,,
106202,10351,1,0,1,6.94,,
106234,21-100-002A,0,0,0,2844.04,,
106264,CKS032,10,8,2,10.81,,
106265,CKS102,39,28,11,19.63,,
106266,CKS132ST,23,9,14,24.15,,
106270,CKL081,40,17,23,14.65,,
106274,KS102,45,0,45,19.63,,
106281,KS132,24,0,24,23.48,,
106284,KS132ST,50,24,26,24.15,,
106286,KS162,24,0,24,27.43,,
106290,KL081,48,18,30,14.65,,
106293,SK102,9,3,6,19.97,,
106294,SK162,34,21,13,29.05,,
106297,PH132,27,15,12,23.91,,
106300,EX161,22,10,12,29.23,,
106305,FL132,1,1,0,13.00,,
106307,MC081,37,16,21,16.85,,
106320,SPS3000,0,0,0,581.81,,
106375,SDFI0000110,4,2,2,232.88,,287.30
106377,11-4219-11,18,11,7,16.00,23.99,
106378,11-4206-11,25,12,13,20.67,30.99,
106379,11-4204-11,14,6,8,47.30,69.99,
106380,02-4032-11,7,1,6,11.33,16.99,
106381,02-4009-11,0,0,0,20.00,29.99,
106382,04-4092-11,0,0,0,111.25,177.99,
106383,02-4158-11,36,21,15,26.00,38.99,
106386,FFBT-SSS-DP,7,5,2,66.18,,
106387,FFBT-DSS-DP,0,0,0,116.46,,
106391,WSV100-01,0,0,0,542.32,,
106401,LP-WS,4,3,1,560.00,680.00,
106402,LP-WX,7,2,5,560.00,680.00,
106403,LP-BS,2,0,2,560.00,680.00,
106404,LP-BX,1,1,0,560.00,680.00,
106405,LP-WSU,2,2,0,560.00,680.00,
106406,LP-WXU,0,0,0,560.00,680.00,
106407,LP-BSU,3,2,1,560.00,680.00,
106408,LP-BXU,3,1,2,560.00,680.00,
106410,5015,15,10,5,35.79,,
106420,G211606,0,0,0,9.06,,
106421,105729,94,47,47,11.51,,
106422,105733,60,30,30,17.25,,
106423,105734,14,2,12,23.02,,
106424,105731,95,48,47,11.51,,
106425,105739,62,31,31,17.25,,
106426,105740,21,9,12,23.02,,
106427,105732,94,47,47,11.51,,
106428,105742,63,31,32,17.25,,
106429,105743,24,12,12,23.02,,
106430,105746,88,46,42,10.45,,
106431,105748,62,30,32,15.69,,
106432,105750,18,10,8,20.93,,
106436,105730C,1,1,0,276.22,,
106437,105736C,0,0,0,276.07,,
106438,105737C,0,0,0,276.22,,
106439,105729C,2,1,1,276.22,,
106440,105733C,2,1,1,276.07,,
106441,105734C,1,0,1,276.22,,
106442,105731C,3,2,1,276.22,,
106443,105739C,2,1,1,276.07,,
106444,105740C,1,0,1,276.22,,
106445,105732C,2,1,1,276.22,,
106446,105742C,3,1,2,276.07,,
106447,105743C,2,1,1,276.22,,
106448,105745C,0,0,0,250.91,,
106449,105747C,2,1,1,251.05,,
106450,105749C,0,0,0,251.13,,
106451,105746C,2,1,1,250.91,,
106452,105748C,3,1,2,251.05,,
106453,105750C,0,0,0,251.13,,
106456,SG2-0408,0,0,0,40.81,,
106466,MCU006H,1,1,0,420.67,,
106469,101289,0,0,0,88.88,,141.99
106477,08830P1WHT,0,0,0,1541.01,,
106480,ARG080201000,8,4,4,40.65,,50.15
106481,ARG080202000,13,4,9,31.69,,39.10
106482,ARG140301020R,5,3,2,77.17,,95.20
106484,ARG180301020,8,3,5,88.88,,109.65
106487,ASS030530250,13,9,4,17.91,,22.10
106488,BCD000402000,15,5,10,29.63,,36.55
106491,BPR048100400,17,4,13,97.15,,119.85
106493,BPR110048000,13,2,11,111.62,,137.70
106494,N03160,7,0,7,18.88,25.15,
106495,301-105ST-PRO-I,0,0,0,2169.37,,2440.54
106496,300-114G2ST-PRO-I,0,0,0,1408.69,,1584.77
106497,HUB3VZG1,25,23,2,199.99,,
106498,SHBHWG1,17,15,2,47.99,,
106499,SHBTYG1,22,21,1,47.99,,
106500,SHBLGG1,2,1,1,47.99,,
106501,SHREDG2,15,11,4,47.99,,
106502,SHPIRG1,5,3,2,47.99,,
106503,SHSNDG1,6,3,3,47.99,,
106504,SHTHWG1,12,11,1,47.99,,
106505,SHSREG1,1,1,0,47.99,,
106508,OSKITFISHING1,7,4,3,329.99,,
106509,OSKITPONTOON1,2,1,1,269.99,,
106511,OSKITSTARTER1,1,0,1,299.99,,
106518,GS-860,5,3,2,1160.22,,1399.99
106520,N05090,9,6,3,24.56,31.82,
106526,SW93300,0,0,0,2045.53,,
106527,SW45680,2,2,0,210.99,,
106532,40040,7,4,3,13.82,17.91,
106533,42356,7,4,3,3.01,3.91,
106534,43202,6,2,4,35.33,45.79,
106535,150400-200-030-25,2,0,2,70.00,,
106536,43203,4,2,2,36.88,47.79,
106537,43204,7,4,3,38.36,49.72,
106538,43504,4,2,2,112.67,146.02,
106540,60142,8,6,2,24.72,32.03,
106541,N00111,6,4,2,7.93,10.27,
106542,N00130,8,4,4,18.51,23.99,
106543,N00131,6,4,2,20.06,25.99,
106544,N00160,12,4,8,7.69,9.98,
106545,N00170,5,3,2,13.82,17.92,
106546,N00190,4,2,2,10.47,13.58,
106547,N00191,4,2,2,11.74,15.21,
106548,N00210,5,2,3,16.46,21.33,
106549,N03110,5,2,3,12.67,16.42,
106550,N03230,5,3,2,37.07,48.04,
106551,890191,12,6,6,7.80,16.97,
106552,890192,8,2,6,7.39,15.97,
106554,1660236,2,0,2,923.54,,
106560,UDST800B-N2,0,0,0,1200.45,1635.00,
106571,48-570,16,0,16,13.47,,
106572,12-120,6,0,6,10.21,,
106573,12-121,3,0,3,15.25,,
106574,12-122,4,0,4,19.09,,
106575,12-320,3,0,3,21.03,,
106576,12-321,5,0,5,28.72,,
106577,12-322,2,0,2,31.53,,
106578,14-205,4,0,4,64.84,,
106579,14-206,4,0,4,59.21,,
106580,15-212,2,0,2,34.49,,
106581,01-110,4,0,4,137.22,,
106584,104300-105-001-25,0,0,0,25.91,,
106585,104300-500-001-25,0,0,0,25.91,,
106586,142200-505-000-25,0,0,0,46.63,,
106587,142200-105-000-25,0,0,0,46.63,,
106589,2160925,6,5,1,26.93,,
106593,FIP-460,4,0,4,400.95,,
106594,9610007276,2,0,2,379.99,,
106595,313600022,3,1,2,110.68,,
106599,BI-1602,2,1,1,124.99,,
106601,BI-1203-3A,3,1,2,144.99,,
106604,BI-0702-4,3,1,2,59.99,,
106617,R70663,5,4,1,23.85,,
106621,980670311,0,0,0,130.43,,
106622,07-66-036,6,6,0,87.15,,
106624,BAR-VA-1W,14,10,4,68.89,,
106625,BAR-VA-1B,16,9,7,68.89,,
106626,BAR-LSUG-1,1,1,0,182.72,,
106632,SK880,5,2,3,38.27,,
106634,9610007271,0,0,0,442.70,,
106635,9610007285,0,0,0,459.38,,
106643,309311004,41,26,15,96.77,,
106645,P13672-9010TEBBK,0,0,0,3611.75,,
106646,P16672-9010TEBGR,0,0,0,3611.75,,
106647,P13672-9010TEBCL,0,0,0,3611.75,,
106648,P13672-9010TEBGG,0,0,0,3770.55,,
106659,MF10U,55,4,51,27.56,,
106678,SFR3230/3X,2,0,2,1666.88,,
106679,SFR1260/3X,1,0,1,1528.75,,
106680,SFR2460/3X,2,0,2,1851.25,,
106681,SFR2440/3X,1,0,1,1503.75,,
106682,SFR-TEMP,4,0,4,81.25,,
106688,A503-14BBD,0,0,0,89.63,,
106690,PRO-MUX-2,6,4,2,819.31,,
106691,PRO-NDC-1E2K,7,3,4,566.35,,
106692,30651-1000,0,0,0,6.78,,
106700,11059,0,0,0,141.65,,
106701,AT-9500,0,0,0,36.11,,
106720,8071,10,6,4,74.80,,
106727,ASV125A,0,0,0,374.15,,
106728,AIRVH38,0,0,0,86.18,,
106729,FTR470/19,0,0,0,93.24,,
106730,150Q,10,6,4,10.13,,
106731,150G,0,0,0,22.00,,
106732,155Q,10,4,6,9.76,,
106733,155G,6,3,3,23.99,,
106734,824,0,0,0,30.32,,
106736,22571WU,2,1,1,3177.79,,
106739,SEA-HDM-BOLT-3/4-5,8,0,8,44.00,,
106740,SEA-HDM-BOLT-3/4-6,7,2,5,52.00,,
106741,SEA-HDM-NUT-3/4,5,1,4,21.33,,
106742,SEA-HDM-MAG-MOUNT,4,4,0,250.00,,299.00
106752,MF5U,24,24,0,21.23,,
106754,280801001,0,0,0,15.59,,
106757,99474,2,1,1,1112.50,,
106758,99464,1,1,0,1190.00,,
106759,99484,2,0,2,1770.00,,
106766,808-8040-10,7,4,3,83.94,,
106769,44001,4,2,2,204.78,265.39,
106770,44010,5,3,2,227.78,295.20,
106771,44011,4,2,2,250.00,324.00,
106772,44020,4,3,1,269.44,349.20,
106773,44021,4,2,2,291.67,378.00,
106774,44030,6,2,4,277.08,359.10,
106775,44031,6,5,1,299.31,387.90,
106776,44035,6,4,2,361.11,468.00,
106777,44036,6,4,2,383.33,496.80,
106778,44040,0,0,0,388.89,504.00,
106779,44041,0,0,0,411.11,532.80,
106780,88000,4,2,2,61.46,79.65,
106783,PST12EX2,2,0,2,2242.44,,
106785,HS2011K,19,9,10,39.99,59.99,
106786,SFD-300-HG,0,0,0,84.67,,99.00
106787,SFD-1000-P,5,5,0,127.43,,149.00
106788,SFD-1000-G,20,7,13,135.99,,159.00
106789,SFD-1414P-MTB,2,1,1,170.20,,199.00
106790,SFD-1414P-MTB-WP,0,0,0,255.72,,299.00
106791,SFD-1824P-MTB,3,2,1,187.30,,219.00
106792,SFD-1824P-MTB-WP,0,0,0,272.83,,319.00
106793,SFD-1000-N2K,23,14,9,251.84,,319.00
106794,SFD1000R-T1-BO-BL-3FT,0,0,0,251.84,,319.00
106795,SFD1000R-T1-BO-BL-10FT,0,0,0,259.74,,329.00
106796,SFD1000R-T1-BO-BL-20FT,0,0,0,267.63,,339.00
106797,SFD1000R-T1-WO-WH-3FT,0,0,0,251.84,,319.00
106798,SFD1000R-T1-WO-WH-10FT,0,0,0,259.74,,329.00
106799,SFD1000R-T1-WO-WH-20FT,0,0,0,267.63,,339.00
106800,SFD1000R-T1-BR-BL-3FT,0,0,0,251.84,,319.00
106801,SFD1000R-T1-BR-BL-10FT,0,0,0,259.74,,329.00
106802,SFD1000R-T1-BR-BL-20FT,0,0,0,267.63,,339.00
106804,SFD1000HB-W1-BO-CH-202045,0,0,0,437.37,,554.00
106807,"HTM-4 RED",0,0,0,129.11,,
106811,6131,2,0,2,85.75,,
106812,CM-A31-1100B,7,4,3,38.99,,59.99
106813,CM-A31-2000B,8,4,4,84.49,,129.99
106814,CM-A31-2000B-24V,8,4,4,89.99,,149.99
106816,CM-B31-1100B,8,4,4,77.99,,119.99
106817,CM-B31-2000B,7,4,3,154.09,,229.99
106818,CM-B31-2000B-24V,8,4,4,159.99,,249.99
106819,CM-60-750B,5,3,2,45.49,,69.99
106820,CM-60-1100B,7,3,4,64.99,,99.99
106821,CM-C31-1100L,6,3,3,38.39,,59.99
106822,CM-D31-1100L,6,3,3,38.39,,59.99
106823,CM-E31-1100L,7,4,3,38.39,,59.99
106824,CM-33-30D,5,2,3,97.49,,149.99
106825,CM-55-55D,8,2,6,149.49,,229.99
106826,CM-1-12MP,8,7,1,100.04,,149.99
106827,CM-1-12MP-24V,8,4,4,117.99,,199.99
106828,CM-202S,10,7,3,20.99,,29.99
106829,CM-402S,8,4,4,32.49,,49.99
106830,CM-2-BS,6,4,2,26.59,,37.99
106831,CM1RMT,3,3,0,405.99,,579.99
106832,CM2RMT,2,2,0,405.99,,579.99
106833,CM3RMT,2,2,0,510.30,,729.00
106834,CM4RMT,2,2,0,559.30,,799.99
106835,CM5RMT,2,2,0,650.30,,929.00
106836,CM6RMT,2,2,0,719.99,,999.99
106837,CM-3-18PT,2,2,0,99.96,,144.99
106838,CM-33-DBS,3,1,2,329.99,,499.99
106840,CIP138200020,6,4,2,37.89,,46.75
106841,PMP121800100,4,2,2,322.45,,397.80
106842,CIP138040020,3,1,2,37.89,,46.75
106843,CIP138060020,14,4,10,37.89,,46.75
106849,"A95 M/Y-32",0,0,0,797.49,,
106862,010-02167-21,6,3,3,48.99,,
106863,MD32-1F,2,0,2,3284.56,,
106864,KITOBSVS-12',2,0,2,193.08,,
106869,017460001,3,0,3,127.59,,
106983,N01110,4,2,2,9.13,11.83,
106984,N01230,5,2,3,29.75,38.55,
106985,N04150,9,5,4,34.92,45.25,
106986,N04160,8,6,2,28.65,37.14,
106987,N05110,5,2,3,21.06,27.28,
106988,N05120,6,2,4,29.69,38.48,
106989,N05130,6,2,4,44.25,57.35,
106990,N06110,4,2,2,25.49,33.02,
106991,N07130,4,2,2,74.28,96.26,
106992,43503,4,2,2,103.83,134.57,
106993,43506,4,2,2,131.28,170.14,
106995,60449,8,4,4,11.32,14.67,
106996,70100,5,2,3,19.90,25.79,
106997,81502,7,3,4,179.91,246.11,
106998,010-12344-00,0,0,0,22.49,,
107000,30703-1000,17,9,8,30.53,,
107013,117127,15,6,9,112.69,,174.29
107014,E70673,3,2,1,196.01,,
107018,SCM-SLF4X-GW-WH,0,0,0,122.50,,
107019,SCM-SLF4X-GW-BK,0,0,0,122.50,,
107020,SCM-SLB4X-GW-WH,4,2,2,135.00,,
107021,SCM-SLB4X-GW-BK,3,0,3,135.00,,
107022,SCM-CLS-CW-SS,3,3,0,50.00,,
107026,7066,5,0,5,146.85,,
107027,7069,2,0,2,231.91,,
107028,7036,4,0,4,152.52,,
107037,08-0073-11,14,7,7,54.67,81.99,
107038,ORI122410110,2,2,0,51.67,,63.75
107060,PST-1000-12HD,0,0,0,487.05,671.70,
107061,104025,3,0,3,47.65,,
107066,6300,4,2,2,296.93,,
107067,GS-960,2,0,2,1530.68,,1849.99
107068,EZUKIT310002,2,2,0,268.65,,
107069,EZUKIT310003,3,1,2,268.65,,
107070,EZUKIT310006,1,1,0,268.65,,
107071,EZUKIT410002,2,2,0,268.65,,
107072,EZUKIT410003,4,2,2,268.65,,
107073,EZUKIT410006,2,2,0,268.65,,
107074,EZUKIT710002,3,2,1,268.65,,
107075,EZUKIT710003,1,1,0,268.65,,
107076,EZUKIT710006,1,1,0,268.65,,
107081,7037,4,0,4,95.83,143.65,
107082,7038,4,0,4,101.49,152.15,
107083,7039,4,0,4,243.24,364.65,
107084,117137,9,0,9,111.17,,172.09
107085,117157,9,0,9,111.07,,171.89
107086,117167,0,0,0,111.26,,172.19
107087,117147,0,0,0,111.13,,171.99
107088,117125,12,10,2,129.71,,197.99
107089,117155,12,12,0,129.81,,198.19
107090,117135,6,0,6,129.80,,198.09
107091,117165,0,0,0,129.76,,198.09
107092,117145,0,0,0,129.89,,198.29
107093,117123,0,0,0,47.98,,75.39
107094,117153,0,0,0,46.43,,72.89
107095,117133,0,0,0,47.92,,75.29
107096,117163,0,0,0,46.33,,74.39
107097,117143,0,0,0,47.30,,74.29
107098,117129,8,2,6,92.48,,146.39
107099,117159,7,7,0,92.51,,146.39
107100,117139,0,0,0,92.45,,146.29
107101,117169,0,0,0,92.52,,146.39
107102,117149,0,0,0,92.42,,146.29
107103,36120,0,0,0,349.99,559.99,
107104,36121,0,0,0,349.99,559.99,
107105,36122,0,0,0,349.99,559.99,
107106,50482,1,1,0,281.24,449.99,
107107,906703,2,2,0,343.74,549.99,
107108,36400,2,2,0,287.49,459.99,
107109,36401,2,0,2,287.49,459.99,
107110,36402,2,0,2,287.49,459.99,
107111,36411,0,0,0,449.99,719.99,
107112,36412,0,0,0,449.99,719.99,
107113,36421,2,2,0,443.74,709.99,
107114,36422,2,2,0,443.74,709.99,
107115,36522,2,2,0,443.74,709.99,
107119,MLPS-FR,3,0,3,112.00,136.00,
107120,MLPS-FB,3,0,3,112.00,136.00,
107122,MLPS-FW,2,0,2,126.00,136.00,
107123,MLPS-FA,2,2,0,112.00,136.00,
107124,MLPS-R,1,1,0,126.00,153.00,
107125,MLPS-B,4,4,0,126.00,153.00,
107127,MLPS-W,2,0,2,126.00,153.00,
107129,431-0001,0,0,0,1356.85,,1758.47
107130,AP-4W-30K-PW41,0,0,0,87.07,,
107131,S-3507C,3,0,3,32.75,,
107132,S-3504C,7,3,4,14.68,,
107134,VR-24-12,0,0,0,72.50,,
107135,010-02167-20,13,6,7,48.99,,
107147,01-0465-01,0,0,0,650.19,,
107148,01-0465,0,0,0,868.13,,
107149,72-1048/01-0465-01,0,0,0,1549.19,,
107150,72-1048/01-0465,0,0,0,1767.13,,
107151,72-1048-OEM/01-0465-01,0,0,0,1399.19,,
107152,72-1048-OEM/01-0465,0,0,0,1617.13,,
107153,72-1081/01-0465-01,0,0,0,840.18,,
107154,72-1081/01-0465,0,0,0,1058.12,,
107155,730029-1,3,3,0,227.28,,
107156,ZDIGONEFIX,2,1,1,375.38,,
107157,ZDIGNLINKBT,6,4,2,219.54,,
107158,ZDIGNJORD,2,1,1,155.80,,
107159,ZDIGNJORDPL,2,1,1,354.13,,
107160,ZDIGMOBALERT,1,1,0,99.00,,
107161,ZDIGNALARM,2,2,0,155.80,,
107162,ZDIG4GNXX,1,0,1,599.00,,
107165,CIP138080020,13,5,8,37.89,,46.75
107166,CA-0157-3S,0,0,0,72.64,,
107169,1562054,38,38,0,6.21,,
107170,48-YSP-6LY-A,2,0,2,726.79,,
107171,BT338,6,2,4,30.00,,
107179,252F-1126,1,1,0,510.61,,
107180,252F-1126-FT,37,37,0,14.30,,
107181,252F-2006,2,2,0,644.00,,
107182,252F-2006-FT,10,10,0,18.04,,
107183,252F-2126,0,0,0,814.69,,
107185,252F-3006,0,0,0,1058.51,,
107187,202V1120-36,3,1,2,58.19,,
107188,202V2000-36,0,0,0,70.61,,
107189,202V2120-36,0,0,0,83.47,,
107190,202V3000-36,3,3,0,96.33,,
107191,202V3120-36,3,2,1,109.19,,
107192,202V6000-36,3,2,1,245.86,,
107193,260-3001,4,2,2,25.12,,
107194,260-3121,4,2,2,26.77,,
107195,260-6001,5,2,3,55.83,,
107196,321-1124,0,0,0,178.36,,
107197,321-1125,0,0,0,356.71,,
107198,321-1126,2,2,0,713.41,,
107199,321-1126-FT,84,84,0,19.98,,
107201,321-2004,0,0,0,220.23,,
107202,321-2005,0,0,0,440.47,,
107203,SCM-AL-MINI-NEON-08,0,0,0,99.99,,142.00
107204,321-2006,2,2,0,880.93,,
107205,SCM-AL-MINI-TRACK-HDPE-1M,0,0,0,3.20,,4.00
107206,321-2006-FT,67,67,0,24.68,,
107207,321-2124,3,1,2,206.71,,
107208,321-2125,2,2,0,578.81,,
107209,321-2126,2,2,0,1157.63,,
107210,321-2126-FT,68,68,0,32.42,,
107211,0149,0,0,0,54.60,,
107214,010-12832-31,0,0,0,89.99,,
107216,01-0421-01,0,0,0,475.84,,
107218,MD3195E1-13-0,2,2,0,279.35,,399.99
107219,MD3195E1-123-0,9,3,6,279.35,,399.99
107220,MD3170-13-0,12,12,0,220.76,,324.99
107221,MD3170-123-0,17,17,0,220.76,,324.99
107222,MD5170-191-0,13,2,11,205.48,,299.99
107223,MD5170-4-0,13,6,7,205.48,,299.99
107224,MD5170-292-0,3,2,1,205.48,,299.99
107232,MA3190-0-0,0,0,0,61.87,,
107242,MV716002-131-S/M,0,0,0,88.13,,134.99
107243,MV716002-131-L/XL,0,0,0,88.13,,134.99
107244,MV705002-860-S/M,0,0,0,88.13,,134.99
107245,MV705002-860-L/XL,0,0,0,88.13,,134.99
107246,MV706002-13-S/M,0,0,0,84.40,,
107247,MV706002-13-L/XL,0,0,0,84.40,,
107248,MV706002-4-S/M,0,0,0,84.40,,
107249,MV706002-4-L/XL,0,0,0,84.40,,
107250,MV411202-3-0,0,0,0,85.72,,124.99
107251,MV807002-123-XS/S,0,0,0,78.33,,
107252,MV807002-123-M/L,0,0,0,78.33,,
107253,MV807002-123-XL/XXL,0,0,0,78.33,,
107254,MV807002-222-XS/S,0,0,0,78.33,,
107255,MV807002-222-M/L,0,0,0,78.33,,
107256,MV807002-222-XL/XXL,0,0,0,78.33,,
107257,MV807002-863-XS/S,0,0,0,78.33,,
107258,MV807002-863-M/L,0,0,0,78.33,,
107259,MV807002-863-XL/XXL,0,0,0,78.33,,
107260,MV807502-853-XS/S,0,0,0,85.31,,119.99
107261,MV807502-853-M/L,0,0,0,85.31,,119.99
107262,MV807502-853-XL/XXL,0,0,0,85.31,,119.99
107263,MV807502-857-XS/S,0,0,0,85.31,,119.99
107264,MV807502-857-M/L,0,0,0,85.31,,119.99
107265,MV807502-857-XL/XXL,0,0,0,85.31,,119.99
107266,MM-CC-V1,0,0,0,736.49,,
107267,MV411102-222-0,0,0,0,61.87,,89.99
107268,MV411102-806-0,9,6,3,61.87,,89.99
107269,MV411102-861-0,0,0,0,61.87,,89.99
107271,MV360002-821-0,10,4,6,39.99,,
107273,MV357002-277-0,2,1,1,32.99,,
107274,B00186401,4,0,4,103.64,175.59,
107275,B00127801,2,2,0,88.83,150.57,
107277,MV356502-277-0,2,2,0,34.99,,
107278,MV3251-57-0,5,5,0,46.87,,74.99
107279,MV3251-844-0,7,5,2,46.87,,74.99
107280,MV3556-57-0,14,4,10,47.35,,74.99
107281,MV3556-844-0,4,4,0,46.87,,74.99
107286,MV230002-203-0,4,3,1,35.96,,49.99
107288,MV230102-123-0,0,0,0,35.95,,49.99
107301,MD2018T1-33-0,6,2,4,150.00,,
107303,10002,4,2,2,13.08,,
107319,AK7690,0,0,0,59.65,,
107323,4022,5,3,2,809.60,,986.70
107324,4024,0,0,0,899.07,,1096.70
107325,4026,7,4,3,853.60,,1041.70
107326,4027,2,2,0,809.60,,986.70
107327,4029,2,0,2,899.07,,1096.70
107329,4033,2,0,2,809.60,,986.70
107330,4034,2,0,2,899.07,,1096.70
107331,4010,2,1,1,629.20,,767.80
107332,4014,0,0,0,629.20,,767.80
107333,4017,0,0,0,629.20,,767.80
107334,4018,2,2,0,720.13,,877.80
107341,58103-1024,1,0,1,656.84,,
107351,ORI124838120,5,0,5,172.20,,243.95
107352,ORI481238120,8,3,5,197.74,,243.95
107353,ORI482438120,0,0,0,197.74,,243.95
107355,ORI484838120,10,3,7,197.74,,243.95
107361,QUA482501102,24,6,18,1239.69,,1785.00
107367,010-12528-03,14,7,7,52.49,,
107370,4023,3,1,2,899.07,,1096.70
107371,IRIS435-36,2,2,0,482.56,,
107372,241EF012,4,2,2,1086.13,,
107373,241EF024,0,0,0,1097.72,,
107374,SFH50,2,2,0,570.00,,
107388,07-06-010,4,2,2,627.87,,
107397,4703-025,2,1,1,27.06,,
107398,4703-150,7,3,4,27.06,,
107403,8630-2535,5,3,2,240.65,,
107404,8710-1900,11,9,2,31.17,,
107405,8720-1390,4,1,3,122.19,,
107406,BM700,27,12,15,314.99,,399.00
107407,42340,5,2,3,178.11,230.83,
107408,3601,12,2,10,10.10,,
107409,3602,5,0,5,12.59,,
107410,60160,4,2,2,97.19,125.96,
107411,3603-030,16,6,10,8.35,,
107412,60415,5,3,2,12.51,16.21,
107413,3603-050,10,0,10,8.35,,
107414,T92100,4,2,2,127.26,164.93,
107415,3603-060,17,8,9,8.35,,
107416,3603-080,9,6,3,8.35,,
107417,3603-100,13,6,7,8.35,,
107418,25100GT,4,2,2,109.40,141.79,
107419,3603-150,13,7,6,8.35,,
107420,3603-200,0,0,0,8.35,,
107421,3603-250,8,3,5,8.35,,
107422,3908,4,4,0,52.37,,
107423,25100GTB,6,2,4,113.85,147.54,
107424,25220GT,6,2,4,147.78,191.52,
107425,2230-06,7,1,6,5.86,,
107426,25220GTB,6,2,4,152.32,197.41,
107427,2230-08,6,0,6,6.61,,
107428,25221GT,6,2,4,45.94,59.54,
107429,25221GTB,8,4,4,54.71,70.90,
107430,2230-10,1,0,1,7.61,,
107431,2230-12,6,2,4,8.48,,
107432,32100GT,6,4,2,159.42,206.60,
107433,2265-06,8,5,3,10.47,,
107434,32100GTB,7,5,2,164.51,213.21,
107435,32101HD,12,4,8,235.33,304.99,
107436,32101HDB,8,2,6,241.26,312.68,
107437,2265-08,9,3,6,13.09,,
107438,2265-10,6,3,3,14.46,,
107439,32221GT,8,4,4,74.47,96.51,
107440,8045,7,3,4,21.95,,
107441,32221GTB,6,2,4,79.68,103.27,
107442,8046,7,5,2,30.80,,
107443,32210GT,6,2,4,186.97,242.32,
107444,8793,9,0,9,3.99,,
107445,8794,12,10,2,4.24,,
107446,32210GTB,6,2,4,190.94,247.46,
107447,32211HD,10,4,6,266.28,345.10,
107448,32211HDB,8,4,4,271.76,352.21,
107453,B117-DT-MM,0,0,0,148.01,192.49,
107465,RMB001,6,3,3,3.73,,
107466,RMB002,0,0,0,5.51,,
107467,RMB003,0,0,0,4.11,,
107468,RMB004,0,0,0,4.40,,
107469,RMB005,0,0,0,6.69,,
107470,RMC001,0,0,0,7.47,,
107471,RMC002,0,0,0,5.00,,
107472,RMC003,0,0,0,8.17,,
107474,RMC005,0,0,0,9.51,,
107475,RMC006,0,0,0,7.00,,
107476,010-03197-00,1,0,1,319.99,,
107477,010-03197-01,2,0,2,319.99,,
107479,RMD001,2,0,2,74.99,,
107480,RMD002,0,0,0,115.75,,
107481,RMD003,0,0,0,53.79,,
107482,RME002,4,2,2,18.24,,
107483,RME003,0,0,0,20.39,,
107484,RME004,0,0,0,12.75,,
107485,RME005,0,0,0,15.40,,
107486,RME006,0,0,0,10.27,,
107487,RME007,0,0,0,17.46,,
107488,RME008,0,0,0,17.87,,
107489,RME009,8,5,3,41.45,,
107491,99520,3,1,2,271.88,,
107492,RME010,8,5,3,40.84,,
107493,RME011,0,0,0,17.46,,
107494,RME012,0,0,0,19.00,,
107495,RME013,6,3,3,16.28,,
107496,RME014,6,3,3,22.88,,
107497,RME015,0,0,0,40.46,,
107498,RME016,0,0,0,19.72,,
107499,RME017,0,0,0,25.26,,
107500,RMF001,0,0,0,66.64,,
107501,RMF002,0,0,0,67.12,,
107502,RMF003,7,4,3,49.33,,
107503,RMF004,0,0,0,73.51,,
107504,4019,3,2,1,899.07,,1096.70
107505,RMF005,0,0,0,79.72,,
107506,RMF006,0,0,0,58.47,,
107507,4020,4,2,2,809.60,,986.70
107508,4021,0,0,0,899.07,,1096.70
107509,4025,0,0,0,944.53,,1151.70
107510,RMF007,1,0,1,27.33,,
107511,4028,0,0,0,899.07,,1096.70
107512,4030,0,0,0,944.53,,1151.70
107513,RMF008,0,0,0,41.63,,
107514,RMF009,0,0,0,27.13,,
107515,RMF010,0,0,0,37.40,,
107516,4011,2,2,0,720.13,,877.80
107517,RMF011,0,0,0,72.88,,
107518,RMF012,0,0,0,63.29,,
107519,4012,0,0,0,629.20,,767.80
107520,RMF013,0,0,0,27.33,,
107521,4013,0,0,0,720.13,,877.80
107522,RMF014,0,0,0,15.82,,
107523,4015,0,0,0,720.13,,877.80
107524,RMF015,0,0,0,38.00,,
107525,4016,0,0,0,809.60,,987.80
107526,RMF016,4,4,0,28.29,,
107527,RMG001,0,0,0,106.44,,
107528,RMG002,0,0,0,69.04,,
107529,RMG003,0,0,0,172.60,,
107530,RMG004,7,4,3,64.25,,
107531,RMG005,3,3,0,43.15,,
107532,RMH001,0,0,0,41.45,,
107533,RMH002,0,0,0,57.05,,
107534,RMH003,0,0,0,28.62,,
107535,RMH004,4,2,2,38.36,,
107536,RMJ001,0,0,0,64.25,,
107538,RMJ002,4,2,2,80.55,,
107539,RMJ003,0,0,0,80.55,,
107540,RMJ004,0,0,0,56.75,,
107541,RMJ005,0,0,0,39.42,,
107542,RMJ006,0,0,0,61.85,,
107543,RMJ007,0,0,0,103.62,,
107544,RMK001,1,0,1,18.26,,
107545,RML001,0,0,0,14.32,,
107546,84395,0,0,0,74.54,,
107548,4401,0,0,0,1098.53,,1427.80
107549,4402,2,1,1,1098.53,,1427.80
107550,4403,7,5,2,1098.53,,1427.80
107551,4404,0,0,0,1142.53,,1505.90
107552,4405,0,0,0,1098.53,,1427.80
107553,4406,0,0,0,1098.53,,1427.80
107554,4501,2,2,0,1098.53,,1427.80
107555,4502,4,2,2,1098.53,,1427.80
107556,4503,6,4,2,1098.53,,1427.80
107557,4504,0,0,0,1142.53,,1505.90
107558,4505,0,0,0,1098.53,,1427.80
107559,4506,0,0,0,1098.53,,1427.80
107560,RMM001,0,0,0,14.38,,
107561,RMN001,0,0,0,6.90,,
107562,RMN002,0,0,0,7.41,,
107563,RMN003,6,4,2,3.00,,
107564,RMN004,6,4,2,5.24,,
107565,RMN005,0,0,0,5.75,,
107566,RMN006,6,3,3,7.92,,
107567,RMN008,0,0,0,7.67,,
107568,RMN009,0,0,0,11.51,,
107569,RMN010,5,3,2,10.07,,
107570,RMN012,0,0,0,9.38,,
107571,RMN013,0,0,0,5.75,,
107572,RMN014,8,4,4,9.59,,
107573,RMN015,8,4,4,10.07,,
107574,RMN016,0,0,0,5.08,,
107575,RMN017,0,0,0,8.67,,
107576,RMN018,0,0,0,5.87,,
107577,RMP001,4,2,2,16.78,,
107578,RMP002,0,0,0,42.29,,
107579,RMP003,6,3,3,15.08,,
107580,RMP004,0,0,0,26.75,,
107581,RMP005,0,0,0,22.10,,
107582,WUL14RD-9-500,0,0,0,105.00,,
107583,B175C-12-MW-12G,0,0,0,1340.96,1799.00,
107584,150400-200-050-25,5,0,5,92.67,,
107588,IRIS435-28,2,2,0,482.56,,
107589,IRIS435-18,0,0,0,482.56,,
107594,010-13140-11,0,0,0,48.75,,
107595,RMQ001,0,0,0,59.45,,
107596,RMQ002,0,0,0,33.08,,
107597,RMQ003,0,0,0,57.49,,
107598,RMQ004,0,0,0,47.96,,
107599,RMQ005,0,0,0,97.33,,
107600,RMR001,5,2,3,25.66,,
107601,RMR002,4,2,2,56.50,,
107602,RMR003,7,4,3,25.17,,
107603,RMR004,8,4,4,24.18,,
107604,RMR005,7,4,3,22.21,,
107605,RMR006,0,0,0,13.33,,
107606,RMR008,8,4,4,11.84,,
107607,RMR009,6,3,3,56.00,,
107608,RMR010,6,3,3,24.42,,
107609,RMR011,7,4,3,37.75,,
107610,RMR012,0,0,0,28.92,,
107611,RMR013,5,3,2,28.13,,
107612,RMR015,0,0,0,16.78,,
107613,RMR016,0,0,0,40.64,,
107614,RMR017,0,0,0,38.47,,
107641,RMR018,0,0,0,36.26,,
107642,RMR019,0,0,0,28.62,,
107643,RMR020,0,0,0,21.22,,
107644,RMR021,0,0,0,15.05,,
107645,RMR022,0,0,0,20.72,,
107646,RMR023,0,0,0,13.57,,
107647,RMS001,0,0,0,93.50,,
107648,RMS002,3,1,2,88.57,,
107649,RMS003,0,0,0,71.95,,
107650,RMS004,2,1,1,84.21,,
107651,RMV001,5,2,3,69.08,,
107652,RMX001,4,2,2,71.55,,
107653,RMX002,0,0,0,33.62,,
107654,RMX004,0,0,0,34.07,,
107655,RMX006,0,0,0,59.21,,
107656,RMZ012,16,8,8,9.62,,
107657,RMZ013,4,4,0,9.37,,
107658,RMZ014,6,4,2,14.80,,
107709,RFP001,3,3,0,274.30,,
107710,RFP002,6,4,2,541.33,,
107711,RFP003,1,0,1,91.08,,
107712,RFP006,3,2,1,91.08,,
107713,RFP007,5,5,0,91.08,,
107714,RFP010,6,4,2,81.97,,
107715,RFP013,0,0,0,76.70,,
107716,RFP015,0,0,0,115.07,,
107717,RFP019,0,0,0,76.70,,
107718,552195,16,9,7,17.28,,
107721,MA3160-0-0,2,2,0,61.87,,
107722,CANVHUB,0,0,0,61.03,,
107769,XRS06YP,2,2,0,9.76,,
107777,SXR08SBM,0,0,0,9.68,,
107788,630-050G,0,0,0,11.66,,
107789,V86000-85202Z,52,38,14,21.59,,
107790,V86160-85202Z,97,23,74,13.37,,
107791,840AMU-85202Z,18,4,14,11.09,,
107792,840AMU-86121Z,0,0,0,11.96,,
107793,V85000-85202Z,1,0,1,19.64,,
107794,V85000-86121Z,32,17,15,19.97,,
107795,840AMU-84121Z,14,7,7,9.66,,
107796,V86160-84204Z,33,9,24,15.80,,
107797,V86000-84204Z,48,39,9,20.97,,
107798,V86000-86202Z,3,1,2,22.54,,
107799,V90000-84204Z,27,12,15,18.89,,
107800,840AMU-82123Z,7,5,2,6.06,,
107801,V86160-86202Z,0,0,0,20.97,,
107802,840AMU-84204Z,11,8,3,10.70,,
107803,V90000-85202Z,10,6,4,19.70,,
107804,V85000-84121Z,11,4,7,17.83,,
107805,V85000-86202Z,7,4,3,20.27,,
107806,840AMU-81123Z,0,0,0,5.13,,
107807,840AMU-84201,0,0,0,8.19,,
107808,840AMU-84203,0,0,0,9.61,,
107809,V95000-85202Z,32,25,7,19.06,,
107810,V95000-84204Z,36,14,22,18.16,,
107811,V95000-86202Z,31,5,26,19.56,,
107812,840AMU-86202Z,0,0,0,12.27,,
107813,V85000-84204Z,5,3,2,18.87,,
107814,V80041,27,10,17,8.16,,
107815,V80040-00003,10,0,10,24.14,,
107816,V90124-00006,6,0,6,4.20,,
107817,V85006-00006,36,12,24,5.85,,
107818,K10TDC001A,0,0,0,101.09,,
107819,CB101D600CW-FB,0,0,0,236.74,,
107820,K10TDD001A,0,0,0,57.39,,
107832,TZPROWS,0,0,0,864.71,1050.00,
107834,000-14262-001,5,3,2,7.83,,
107835,TZPRO,0,0,0,1297.65,1575.00,
107836,882213,2,0,2,812.49,1299.99,
107838,BBD-2025-121,5,3,2,239.25,309.00,
107839,BBD-2025-122,6,2,4,314.25,409.00,
107840,BBD-2025-123,2,2,0,389.25,509.00,
107841,BBD-2025-124,2,1,1,464.25,609.00,
107854,FM-2024,0,0,0,12.29,15.99,
107855,GS-300,4,2,2,3703.10,,4499.99
107856,BBD-2025-241,0,0,0,239.25,309.00,
107857,OI-3190CF,1,1,0,4714.99,,
107858,BBD-2025-242,0,0,0,314.25,409.00,
107859,OI-3220CF,2,1,1,5389.96,,
107860,BBD-2025-243,0,0,0,389.25,509.00,
107861,BBD-2025-244,0,0,0,464.25,609.00,
107862,RADAR,0,0,0,432.35,525.00,
107863,TZNAV,0,0,0,334.09,420.00,
107864,SOUNDER,0,0,0,432.94,525.00,
107865,ROUTING,0,0,0,259.41,315.00,
107866,PBG,0,0,0,1297.06,1575.00,
107867,62-542-BL-MARINE-24V,11,8,3,118.69,,
107871,A80694,0,0,0,131.19,,
107872,A80695,4,2,2,77.89,,
107886,GP1500-37,0,0,0,276.35,,
107887,ORI244840120,11,6,5,197.74,,243.95
107888,CIP134060020,7,4,3,12.40,,15.30
107890,CIP134040020,38,35,3,12.40,,15.30
107891,1014.24L,0,0,0,2.21,,
107892,65277N,108,31,77,36.84,,
107901,010-13268-30,1,1,0,37.49,,
107910,SCC145110510,7,2,5,898.46,,1108.40
107915,903016,1,1,0,23.91,,
107916,AP-4W-65K-PW44,0,0,0,87.07,,
107917,APL-2W-65K-PW41,0,0,0,76.83,,
107918,017460101,4,2,2,136.10,,
107921,TZNAVWS,0,0,0,216.18,262.50,
107922,001-507-010-00,0,0,0,54.55,,
107924,DFF3D,0,0,0,816.67,1050.00,
107926,"G-1 METALLIC BLUE",0,0,0,12.91,,
107927,"G-1 METALLIC GRAPHITE",0,0,0,12.91,,
107928,"G-1 METALLIC WHITE",0,0,0,12.91,,
107929,"G-2 METALLIC BLUE",0,0,0,15.08,,
107930,1277491,6,6,0,6.00,,
107931,"G-2 METALLIC GRAPHITE",0,0,0,15.08,,
107932,"G-2 METALLIC WHITE",0,0,0,15.08,,
107933,"G-3 METALLIC BLUE",4,0,4,14.99,,
107934,"G-3 METALLIC GRAPHITE",10,6,4,13.99,,
107935,"G-3 METALLIC WHITE",6,0,6,17.31,,
107936,"G-4 METALLIC BLUE",6,0,6,26.23,,
107937,"G-4 METALLIC GRAPHITE",12,6,6,19.00,,
107938,"G-4 METALLIC WHITE",6,0,6,26.23,,
107939,"G-5 METALLIC BLUE",4,4,0,42.00,,
107940,"G-5 METALLIC GRAPHITE",3,1,2,43.00,,
107941,"G-5 METALLIC WHITE",2,0,2,39.99,,
107942,"G-6 METALLIC BLUE",0,0,0,70.12,,
107943,"G-6 METALLIC GRAPHITE",0,0,0,70.12,,
107944,"G-6 METALLIC WHITE",0,0,0,70.12,,
107950,MP-01-103-515,0,0,0,58.97,,
107951,M1-20-32-78,0,0,0,79.28,,
107952,MF-01-110-70,0,0,0,120.94,,
107954,240V10000-S/S,5,5,0,538.44,,
107955,M1-74-8,0,0,0,83.06,,
107956,C7-12,0,0,0,15.55,,
107957,MP-05-112-11,18,18,0,19.96,,
107958,M1-2A-12-1,0,0,0,24.06,,
107959,MP-01-103-777,0,0,0,54.62,,
107960,MP-02-103-711,0,0,0,50.55,,
107961,C3-810-W,0,0,0,10.26,,
107963,M1-20-32-38,0,0,0,80.78,,
107964,MP-510-16-4,0,0,0,2.88,,
107967,48-VSP-D2-A,2,0,2,585.42,,
107975,CLMD12,4,2,2,442.00,,
107976,CLMD12-R,0,0,0,516.29,,
107977,CBMD12,4,2,2,141.14,,
107978,CBMD12-R,0,0,0,144.86,,
107979,A3706,4,2,2,44.57,,
107980,A3707,4,2,2,37.14,,
107981,RKF-001,0,0,0,144.86,,
107984,A3708,2,0,2,48.29,,
107985,A3709,2,0,2,33.43,,
107986,A3710,2,0,2,70.57,,
107987,A3720,2,2,0,11.83,,
107988,A3801-1,4,2,2,118.86,,
107989,A3801-2,4,2,2,118.86,,
107990,A3801-3,4,2,2,118.86,,
107991,A3801-4,4,2,2,121.92,,
107992,A3801-5,0,0,0,111.43,,
107993,A3801-6,3,1,2,112.20,,
107996,A3802-1,2,1,1,189.43,,
107997,A3802-2,4,2,2,189.43,,
107998,A3703,4,2,2,46.06,,
108004,5143-4,54,17,37,114.71,,
108013,6080.75,2,0,2,283.85,,
108014,LYN034160210,13,2,11,651.10,,803.25
108015,809-084G,2,1,1,137.15,,
108016,809-082G,2,1,1,166.73,,
108017,809-0820,2,1,1,243.36,,
108018,809-0840,3,2,1,291.82,,
108020,881-0180-12,0,0,0,111.76,,
108022,WASSP,0,0,0,1225.00,1575.00,
108023,TZPROUGNAV,0,0,0,816.67,1050.00,
108024,VDR,0,0,0,1225.00,1575.00,
108025,S63,0,0,0,432.35,525.00,
108026,RMV005,19,10,9,65.63,,
108027,72-1102,0,0,0,289.00,,
108028,85.73,2,0,2,529.00,,
108029,4601,0,0,0,1758.53,,2143.90
108030,4602,4,2,2,1758.53,,2143.90
108031,4603,4,2,2,1758.53,,2143.90
108032,4604,5,2,3,1611.87,,1978.90
108033,4605,0,0,0,1758.53,,2143.90
108034,4606,0,0,0,1611.87,,1978.90
108040,5141-4,24,17,7,106.04,,
108042,010-12812-04,0,0,0,12.99,,
108043,BOWB110,0,0,0,4770.40,6106.11,
108044,BOWB090,0,0,0,4318.51,5527.70,
108045,WUL14RD-0-500,0,0,0,109.20,,
108048,44134W,1,1,0,1021.92,,
108050,6080.76,2,2,0,360.54,,
108051,28100700,1,0,1,27.96,,
108054,4607,0,0,0,1611.87,,1978.90
108055,4609,0,0,0,1758.53,,2143.90
108056,ST500,6,1,5,23.85,,31.45
108057,ST1000,2,1,1,55.73,,76.95
108060,24831GW,1,0,1,4115.39,,
108061,101848,6,2,4,66.05,,101.99
108062,101838,5,2,3,62.76,,96.89
108063,S-5002BC,2,0,2,18.01,,
108064,S-5003BC,0,0,0,20.91,,
108066,106025,8,4,4,49.99,,
108067,809Q,11,5,6,7.99,,
108068,809G,5,2,3,17.99,,
108069,2141,7,3,4,6.57,,
108070,88679-6,1,0,1,1124.99,,
108071,88679-7,0,0,0,1124.99,,
108072,TV6592,0,0,0,86.45,,
108076,03-1280-23,0,0,0,31.73,,
108083,010-13984-00,0,0,0,22.49,,
108085,SEA-HDM-RISER-KIT-XL,7,0,7,83.53,,99.00
108086,PLA11852,90,90,0,155.00,,
108094,3091,1,1,0,564.76,,
108095,1215,0,0,0,233.65,,
108098,A80811,4,2,2,209.09,,
108102,886-0050-24-B,5,4,1,659.09,,
108103,886-0050-36-B,5,2,3,954.55,,
108111,37056-2000,8,4,4,18.84,,
108112,1040-0000,13,2,11,11.44,,
108116,TZNAVUP,0,0,0,129.71,157.50,
108118,1358340,8,2,6,1342.61,,1599.99
108120,100-431-121-10,0,0,0,85.45,,
108138,ORI481224110,9,4,5,92.33,,113.90
108141,08-99-019,2,2,0,40.99,,
108145,T-PF.P27,2,2,0,194.71,296.95,
108146,T-PF.P28,0,0,0,193.83,295.95,
108148,T-PF.P130,3,2,1,59.55,90.95,
108149,T-PF.P15/I,0,0,0,34.29,51.95,
108150,T-PF.P132,4,2,2,27.39,41.95,
108153,SC-CW-04G,0,0,0,101.20,,
108154,SC-CW-05G,10,6,4,120.89,,
108155,SC-TILE-10,15,7,8,39.38,,
108156,SC-TILE-11,17,10,7,45.00,,
108157,SC-TILE-20,14,8,6,39.38,,
108158,SC-TILE-21,12,9,3,45.00,,
108159,SC-V-P1,0,0,0,35.71,,
108161,S00-02040-00,0,0,0,11.24,,
108162,ORI121217050,12,12,0,265.95,,328.10
108166,012312C-SS,2,2,0,204.55,,
108172,A2K-TDC-1M,98,79,19,36.98,,
108173,A2K-TDC-6M,30,22,8,55.64,,
108174,A2K-T-MFF,114,100,14,32.41,,
108181,109700,0,0,0,967.58,,
108183,T-NAN012PW/E/NA-FWKIT,3,0,3,558.20,929.90,
108186,T-NANO12PW/E/NA-RWKIT,2,2,0,712.35,1187.85,
108187,T-NAN024PW/E/NA-RWKIT,0,0,0,714.86,1186.85,
108188,T-NAN012PW/E/NA-RWKITNP,3,2,1,534.42,890.90,
108189,T-NAN024PW/E/NA-RWKITNP,1,0,1,537.75,890.90,
108190,T-NAN012PW/TSFT/NA-FWKIT,0,0,0,737.00,1227.90,
108191,T-NAN024PW/TSFT/NA-FWKIT,0,0,0,751.84,1231.90,
108192,T-NAN012PW/TSFT/NA-RWKIT,2,2,0,911.68,1518.85,
108193,T-NAN024PW/TSFT/NA-RWKIT,0,0,0,922.64,1517.85,
108194,T-NAN012PW/TSFT/NA-RWKITNP,3,2,1,733.76,1221.90,
108195,T-NAN024PW/TSFT/NA-RWKITNP,0,0,0,745.53,1221.90,
108196,GX1410GB,19,6,13,161.99,,
108197,GX1410GW,17,8,9,161.99,,
108198,GX1410B,28,11,17,129.99,,
108199,GX1410W,32,15,17,129.99,,
108202,MB-1,5,2,3,22.09,,
108203,MB-2,24,12,12,26.06,,
108204,SMDH-CELL,8,2,6,21.00,,
108205,SSDH-CELL,9,6,3,13.50,,
108206,BH-2CELL,7,4,3,38.98,,
108207,BH-4CELL,7,4,3,44.10,,
108208,DH-2,7,5,2,16.31,,
108209,SK-3,1,1,0,19.03,,
108210,V-12,1,0,1,83.59,,
108211,MSK-6,4,2,2,62.18,,
108212,DT-M,9,6,3,37.00,,
108213,DT-S,7,3,4,31.00,,
108215,52100,2,2,0,666.07,,
108216,65302,7,2,5,974.97,,
108217,13003,3,3,0,410.84,,
108218,50012,6,4,2,165.35,,
108220,132-0146,7,3,4,54.61,,
108221,132-0386,4,2,2,99.33,,
108222,132-0126,5,3,2,109.01,,
108223,132-0586,2,1,1,81.60,,
108224,132-0346,4,3,1,147.03,,
108225,132-1006,3,3,0,153.50,,
108227,148-0586,4,2,2,88.53,,
108228,148-0346,1,0,1,88.53,,
108229,148-1186,4,2,2,113.30,,
108230,120-0346,2,0,2,33.69,,
108231,120-1186,4,3,1,44.69,,
108232,120-1146,1,1,0,52.29,,
108233,120-1126,4,2,2,66.57,,
108234,144-0586,7,3,4,64.59,,
108235,144-1006,4,2,2,82.84,,
108236,144-1186,7,5,2,84.37,,
108237,144-1146,2,2,0,98.86,,
108238,144-1126,3,1,2,113.56,,
108239,149-0586,3,1,2,71.21,,
108240,149-1006,9,4,5,105.19,,
108241,149-1146,2,2,0,157.57,,
108245,402-4003,0,0,0,8.36,,
108246,UH32-F,3,0,3,764.52,,
108256,53670CNA,4,0,4,19.34,,
108257,53670NA,89,0,89,19.34,,
108259,53672NA,154,0,154,19.34,,
108260,53676,512,202,310,38.69,,
108261,53677,415,203,212,38.69,,
108262,53678,433,142,291,38.69,,
108269,XMSPC32,7,5,2,12.13,22.99,
108270,XMAM1,7,6,1,6.40,12.99,
108274,MA20500227-BL,0,0,0,1498.75,,
108277,6342-0000,2,2,0,5.87,,
108278,02-4024-11,19,10,9,41.33,61.99,
108279,18594-1001,5,3,2,83.77,,
108285,710311-1,8,4,4,307.68,,
108293,FL132-CASE,0,0,0,196.31,,
108294,PH132-CASE,2,1,1,275.85,,
108295,SK162-CASE,2,1,1,335.23,,
108296,SK102-CASE,0,0,0,230.46,,
108297,KS162-CASE,2,0,2,316.46,,
108298,KS132ST-CASE,4,2,2,278.62,,
108299,KS132-CASE,2,0,2,270.92,,
108300,KS102-CASE,3,0,3,226.46,,
108301,83110-CASE,1,1,0,120.00,190.56,
108302,31110-CASE,5,1,4,148.77,236.04,
108303,93003-CASE,3,1,2,139.07,217.68,
108304,91003-CASE,1,1,0,126.58,198.12,
108305,41150-CASE,64,9,55,170.63,268.80,
108307,MD32-2F,2,0,2,3284.56,,
108308,MD32-2T,2,0,2,3505.78,,
108309,010-11533-11,1,1,0,48.75,,
108313,DSKIT2025,4,2,2,944.44,,
108317,GTV3200DU,5,2,3,612.61,,
108322,P13168-1400TEBCL,0,0,0,155.50,,
108323,P13168-1400TEBBK,0,0,0,155.50,,
108324,P13168-1400TEBGR,0,0,0,155.50,,
108332,39755,11,5,6,5.53,,
108333,43071,4,3,1,72.20,,
108334,43072,6,6,0,40.66,,
108337,39730,0,0,0,26.64,,
108338,39570,128,3,125,18.28,,
108339,MD40-D1F,2,0,2,3524.42,,
108340,MD32FM,1,0,1,2753.52,,
108341,MD40T,2,0,2,2849.61,,
108347,14041,0,0,0,75.94,,
108353,M250132,22,9,13,12.26,,
108368,B10HOT,5,4,1,86.64,103.95,
108370,2044,10,8,2,288.00,,505.95
108371,2046,8,5,3,202.56,,
108372,2050,23,12,11,115.69,,
108373,2010,4,4,0,16.83,,
108374,2011,2,2,0,22.73,,
108375,2037,0,0,0,3.17,,
108376,2039,8,8,0,32.14,,
108377,2059,11,3,8,44.80,,
108378,2041,3,3,0,28.00,,
108379,2042,4,4,0,20.00,,
108380,2053,4,4,0,220.80,,
108403,4032,2,1,1,809.60,,986.70
108405,161012,0,0,0,216.73,,
108406,CMMTCK,5,5,0,246.98,379.99,
108408,GP2050-39,0,0,0,327.26,,
108409,40875V,0,0,0,25.72,,
108423,BMS400100300,13,8,5,68.90,,85.00
108424,ORI242417040,19,8,11,288.69,,356.15
108425,ASS030066004,12,8,4,6.20,,7.65
108429,DE965669F,6,4,2,17.49,,
108430,DE965869F,1,1,0,20.99,,
108431,DE965069F,4,2,2,27.99,,
108432,DE965269F,4,2,2,34.99,,
108433,520040-1,9,9,0,11.61,,
108434,420211-1,10,0,10,11.93,,
108435,151620-1,10,0,10,9.09,,
108436,041606-1,15,9,6,17.41,,
108437,588065,5,0,5,14.53,,
108439,420390-1,0,0,0,11.26,,
108440,224300-1,0,0,0,18.81,,
108441,046048,5,5,0,11.51,,
108442,SCM-DLXS-CW-WH,2,0,2,47.50,,69.99
108444,412601-1,9,3,6,33.07,,
108445,359995-1,4,0,4,9.50,,
108446,080033-1,5,5,0,11.51,,
108447,046210,2,0,2,37.03,,
108448,561516,6,6,0,25.33,,
108449,222110-1,0,0,0,15.05,,
108450,298172-1,10,10,0,8.76,,
108451,080035-1,2,2,0,12.31,,
108452,521655,11,7,4,8.81,,
108453,520510-1,0,0,0,11.20,,
108454,421617,8,5,3,19.56,,
108455,400069-1,0,0,0,90.77,,
108456,041604-1,16,10,6,17.04,,
108457,080055-1,0,0,0,19.44,,
108459,2202,5,2,3,149.36,,
108460,2203,4,0,4,149.36,,
108461,2204,3,1,2,149.36,,
108462,2205,2,0,2,117.79,,
108463,2206,1,0,1,117.79,,
108464,2207,7,3,4,117.79,,
108465,2011,2,0,2,44.93,,
108466,2012,4,1,3,44.93,,
108467,2201,2,0,2,44.93,,
108470,101906,0,0,0,667.32,,1007.79
108472,SC-CW-14G,10,2,8,84.33,,
108473,CM-A2-SV,7,5,2,329.99,,499.99
108474,403063-1,4,4,0,31.47,,
108475,329230-1,4,4,0,58.27,,
108476,225300-1,0,0,0,22.20,,
108477,041404-1,9,0,9,40.76,,
108478,329300-1,4,0,4,40.09,,
108479,561512,1,1,0,15.86,,
108480,270210-1,0,0,0,13.29,,
108481,080085-1,7,2,5,24.06,,
108482,221710-1,0,0,0,26.07,,
108483,420420-1,0,0,0,14.49,,
108484,420410-1,0,0,0,15.74,,
108485,080135-1,19,10,9,12.11,,
108486,351750-1,0,0,0,14.43,,
108487,414214S-1,0,0,0,20.46,,
108488,580570-1,0,0,0,27.29,,
108489,147062-1,20,10,10,9.91,,
108490,182310,0,0,0,18.36,,
108492,205280-1,0,0,0,21.46,,
108493,221831-1,15,7,8,13.90,,
108494,582070-1,0,0,0,16.91,,
108495,221942,0,0,0,62.92,,
108499,101925,15,4,11,274.71,,409.59
108501,520041-5,2,2,0,139.84,,
108502,201080-1,0,0,0,13.60,,
108503,080095,5,5,0,49.47,,
108504,562016-1,0,0,0,11.83,,
108505,205410,0,0,0,12.12,,
108506,327199-1,4,4,0,29.24,,
108507,727130-3,1,1,0,20.93,,
108508,352100-1,0,0,0,9.34,,
108509,442431-1,2,2,0,10.03,,
108510,222360-1,0,0,0,9.66,,
108511,204279-1,0,0,0,33.31,,
108512,201030-1,0,0,0,11.93,,
108513,170016,0,0,0,11.03,,
108514,290901-1,0,0,0,15.10,,
108515,046110,0,0,0,10.24,,
108516,671510-1,10,10,0,14.26,,
108517,205270-1,0,0,0,26.21,,
108518,221135-1,0,0,0,12.76,,
108519,604080,4,4,0,28.56,,
108520,414216S-1,0,0,0,21.04,,
108521,225310-1,0,0,0,26.54,,
108525,SXV300M1-12,1,1,0,836.85,,
108526,SXV300M1-24,0,0,0,1673.70,,
108533,PIN122122510,9,4,5,244.59,,301.75
108535,CTR110000500,24,12,12,26.87,,33.15
108536,CTR110002050,18,8,10,53.74,,66.30
108537,CTR110000550,14,7,7,30.32,,37.40
108538,CTR120000500,14,7,7,26.87,,33.15
108540,WUL14GY-2-500,0,0,0,105.00,,
108541,WUL14GY-4-500,0,0,0,105.00,,
108542,WUL14GY-7-500,0,0,0,105.00,,
108543,WUL14BR-3-500,0,0,0,105.00,,
108544,WUL14BR-2-500,0,0,0,105.00,,
108545,WUL14BL-2-500,0,0,0,105.00,,
108546,WUL14BL-9-500,0,0,0,105.00,,
108547,WUL14OR-2-500,0,0,0,105.00,,
108556,8820-1530,3,0,3,168.58,,
108557,8820-1550,1,0,1,168.58,,
108558,9811-4300,7,4,3,125.44,,
108559,9811-4500,6,3,3,107.11,,
108560,9821-8550,3,1,2,187.28,,
108561,9821-8330,4,2,2,187.28,,
108562,9821-8350,6,6,0,187.28,,
108563,9831-2535,7,6,1,263.09,,
108574,ULT3920,0,0,0,2665.38,,
108576,1117XL,2,2,0,70.30,119.98,
108577,2117XL,11,5,6,67.49,114.98,
108580,SM-FMQCY,0,0,0,33.33,,49.99
108581,SM-FMQCM,0,0,0,59.99,,89.99
108583,SM-FMQCS,7,2,5,53.32,,79.99
108584,SM-FMQCH,9,6,3,33.33,,49.99
108585,SM-FM2005,0,0,0,191.65,,287.99
108586,SM-FM2007,8,4,4,208.32,,312.49
108587,SM-FM2009,3,3,0,189.99,,337.49
108588,SM-FM2012,1,1,0,241.65,,362.49
108589,SM-FM2015,3,2,1,229.99,,387.49
108590,SM-FM2020,4,2,2,249.99,,437.49
108591,SM-FM4005,6,4,2,366.65,,549.99
108592,SM-FM4007,8,4,4,383.32,,574.99
108593,SM-FM4009,6,3,3,399.99,,599.99
108594,SM-FM4012,4,3,1,416.65,,624.99
108595,SM-FM4015,5,2,3,433.32,,649.99
108596,SM-FM4020,8,4,4,458.32,,687.49
108597,SM-FMCRDL1,3,3,0,53.32,,59.99
108598,SM-FMBAG1,5,2,3,13.32,,
108600,55460,3,1,2,36.51,,
108601,55461,6,4,2,31.65,,
108602,39050,5,4,1,17.04,,
108603,55223,1,1,0,4.38,,
108604,55173,5,2,3,22.86,,
108605,55183,5,2,3,23.19,,
108606,55165,7,4,3,9.95,,
108611,ASS030720118,11,3,8,17.22,,21.25
108612,CIP138100020,8,4,4,37.89,,46.75
108627,SA260040,5,5,0,36.55,,
108628,SA260080,5,5,0,29.05,,
108629,SA260120,5,5,0,24.87,,
108630,SA260180,5,5,0,24.87,,
108631,SA260220,5,5,0,24.87,,
108632,SA260240,5,5,0,24.87,,
108633,SA260320,5,5,0,24.87,,
108634,SA260400,4,4,0,24.87,,
108635,SA260500,5,5,0,24.87,,
108636,SA260600,5,5,0,24.87,,
108637,SA260800,5,5,0,24.87,,
108639,66940002,2,1,1,120.03,,
108642,SA26040,3,3,0,37.75,,
108643,SA26080,3,3,0,30.03,,
108644,SA26120,5,5,0,25.49,,
108645,SA26180,3,3,0,25.49,,
108646,SA26220,3,3,0,25.49,,
108647,SA26240,4,4,0,25.49,,
108648,SA26320,2,2,0,25.49,,
108649,SA26400,4,4,0,25.49,,
108650,SA26500,5,5,0,25.49,,
108651,SA26600,4,4,0,25.49,,
108652,SA26800,4,4,0,25.49,,
108655,SA22080,4,4,0,34.95,,
108656,SA22120,4,4,0,29.15,,
108657,SA22180,5,5,0,29.15,,
108658,SA22220,4,4,0,29.15,,
108659,SA22240,5,5,0,29.15,,
108660,SA22320,4,4,0,29.15,,
108661,SA22400,5,5,0,29.15,,
108663,4265.73D,3,3,0,247.38,,
108664,SEA-SECURE-GK,10,0,10,82.50,,99.99
108665,SEA-SECURE-MK,70,37,33,82.50,,99.99
108666,SA35036,4,4,0,39.84,,
108667,SA35050,4,4,0,37.79,,
108668,SA35080,4,4,0,38.68,,
108669,SD30832,11,6,5,32.53,,
108670,SEA-SECURE-PPM,31,18,13,82.50,,99.99
108671,SD30932,5,5,0,26.15,,
108672,SD30802,6,6,0,26.45,,
108673,SD30803,21,21,0,16.99,,
108674,SD30850,6,6,0,54.81,,
108675,SD30813,21,21,0,15.00,,
108676,SD30818,4,4,0,24.69,,
108677,SD30902,6,6,0,20.49,,
108678,SD30913,24,24,0,14.00,,
108679,758-MW-S,4,4,0,372.78,,
108680,WUL14BL-0-500,0,0,0,105.00,,
108681,WUL14OR-0-500,0,0,0,105.00,,
108682,WUL14GY-9-500,1,0,1,105.00,,
108683,WUL14GY-0-500,0,0,0,105.00,,
108685,WUL14BK-2-500,0,0,0,105.00,,
108686,WUL14BK-5-500,0,0,0,105.00,,
108687,WUL14WH-5-500,0,0,0,105.00,,
108689,"M25 EVO BLACK 61 USA",22,12,10,136.30,,
108690,"M25 EVO BLUE 71 USA",0,0,0,136.30,,
108743,7483CAWBX,83,35,48,63.05,74.00,
108744,7483CABBX,46,28,18,63.05,74.00,
108746,ZCOMHA156,3,1,2,106.21,,
108753,F90-0001WN,1,0,1,9.29,,
108760,B275C-LHW-12G,0,0,0,1970.69,2599.00,
108761,BT144,0,0,0,127.50,,199.00
108762,RA611,2,2,0,138.75,,199.00
108763,CP711,0,0,0,302.50,,399.00
108764,CP611,1,1,0,140.00,,259.00
108766,MP521,2,0,2,231.25,,385.00
108767,BC631,2,2,0,127.50,,199.00
108768,B265C-LM-0,0,0,0,1659.79,2199.00,
108769,BC313,1,1,0,93.75,,169.00
108770,AD300,0,0,0,165.00,,300.00
108771,AD504,0,0,0,218.75,,399.00
108772,AD605,0,0,0,190.00,,369.00
108775,010-13915-00,0,0,0,52.49,,
108776,"MBW 0.5",13,6,7,15.04,,18.95
108777,"MBW 5",8,4,4,111.03,,139.95
108778,"MAC 0.5",11,5,6,11.87,,14.95
108779,"MAC 5",8,4,4,95.16,,119.95
108780,"MMP 0.5",12,8,4,30.11,,37.95
108781,"MMP 5",7,4,3,253.04,,318.95
108782,"MPW 0.5",15,9,6,15.83,,19.95
108783,"MPW 5L",7,4,3,95.16,,119.95
108784,"MWR 0.5",10,5,5,19.80,,24.95
108785,"MWR 5",8,4,4,166.56,,209.95
108786,6X885B130000,24,6,18,199.95,,299.99
108787,"MRR 0.5",10,3,7,15.83,,19.95
108788,"MRR 5",7,4,3,126.89,,159.95
108789,"MFC 0.5",14,9,5,35.67,,44.95
108790,"MFC 5",8,4,4,309.36,,389.95
108791,"MIC 0.5",15,10,5,19.80,,24.95
108792,"MIC 5",8,4,4,179.25,,225.95
108793,"MGC 0.25",19,11,8,35.69,,44.95
108794,"MGCL 5",8,4,4,47.59,,59.99
108795,"MGP 0.25",21,10,11,19.80,,24.95
108796,"MRP 0.25",23,12,11,26.15,,32.95
108797,"MCF 0.5",32,24,8,31.69,,39.95
108798,"MCF 5",8,4,4,282.39,,355.95
108799,"MRC 0.5",11,5,6,23.76,,29.95
108800,"MRCR 0.5",18,12,6,15.04,,18.95
108801,"MCB 0.05",25,22,3,95.16,,119.95
108802,"MCT 0.05",23,20,3,83.27,,104.95
108803,"MCT 0.25",11,6,5,356.96,,449.95
108804,MWM,23,21,2,15.04,,18.95
108805,"MGCL 0.5",12,9,3,17.41,,21.95
108806,101904,2,2,0,166.01,,256.29
108807,M265C-LH-12G,0,0,0,1349.99,1834.00,
108808,B175C-20-L-8G,0,0,0,1269.22,1699.00,
108809,B175C-12-L-8G,0,0,0,1269.22,1699.00,
108810,B175C-12-L-MM,0,0,0,1170.14,1564.00,
108811,B175C-L-0-8G,0,0,0,1269.22,1699.00,
108812,B175C-0-HW-8G,1,0,1,1204.86,1579.00,
108813,B175C-20-HW-8G,0,0,0,1204.86,1579.00,
108814,B175C-12-HW-8G,1,0,1,1204.86,1579.00,
108815,B175C-20-M-8G,3,0,3,1048.49,1379.00,
108816,B175C-12-M-8G,0,0,0,1048.49,1379.00,
108817,B175C-0-M-8G,1,0,1,1048.49,1379.00,
108818,B175C-20-H-8G,3,1,2,986.46,1299.00,
108819,B175C-0-H-8G,0,0,0,986.46,1299.00,
108825,"MRC 2",11,3,8,63.43,,79.95
108826,MMFT,18,8,10,8.69,,10.95
108827,"MMF1 10",14,5,9,23.76,,29.95
108828,MMF2,15,7,8,9.48,,11.95
108829,"MMF6 X10",7,3,4,35.67,,44.95
108830,MMF6,20,10,10,3.93,,
108832,CA03416,5,1,4,17.04,27.95,
108833,FM11506SW,0,0,0,8.41,15.95,
108834,CW01080,0,0,0,6.53,9.95,
108835,MR05132,0,0,0,14.98,26.95,
108836,FZSW02806,0,0,0,8.51,13.95,
108840,300-112G2ST,0,0,0,1819.39,,2046.82
108841,SW620,1,1,0,241.25,,429.00
108842,SW613,2,2,0,166.25,,329.00
108843,SW630,0,0,0,168.75,,299.00
108844,EL411,0,0,0,125.00,,239.00
108845,EL412,0,0,0,125.00,,239.00
108846,EL423,2,2,0,125.00,,229.00
108847,EL424,2,2,0,125.00,,229.00
108848,PX212,0,0,0,95.00,,179.00
108849,PC310,0,0,0,95.00,,179.00
108850,PC312,0,0,0,95.00,,179.00
108851,PC410,2,2,0,80.00,,169.00
108852,PC412,2,2,0,93.75,,169.00
108853,EC121,2,2,0,43.75,,79.00
108854,EC122,2,2,0,43.75,,79.00
108855,USTICA-B/S,108,50,58,47.37,,
108863,"MCB 0.25",8,3,5,392.67,,495.00
108870,RG155R1,3,2,1,60.00,,100.00
108871,WR500,1,1,0,85.00,,129.00
108872,WR600,0,0,0,85.00,,129.00
108873,RF610,2,2,0,62.50,,129.00
108874,RF611,2,2,0,57.50,,100.00
108875,RF612,1,1,0,45.00,,95.00
108876,RF613,0,0,0,22.50,,39.00
108877,RF614,1,1,0,14.29,,20.00
108878,CB100,0,0,0,12.88,,20.00
108879,EX141,2,2,0,15.63,,27.00
108880,LC113,2,2,0,10.25,,17.00
108881,WR700,0,0,0,60.00,,119.00
108882,DB200,0,0,0,50.00,,90.00
108883,ES600,0,0,0,150.00,,219.00
108886,37038-2024,0,0,0,148.91,,
108887,AT100,0,0,0,4.25,,8.00
108888,BT101,0,0,0,15.00,,30.00
108889,BT100,0,0,0,7.50,,15.00
108890,MP500,0,0,0,17.95,,30.00
108891,LC107,2,2,0,14.06,,28.00
108892,LC109,0,0,0,5.83,,10.00
108893,LC110,0,0,0,11.71,,17.00
108894,LC111,0,0,0,10.29,,20.00
108895,LC112,2,2,0,11.71,,20.00
108896,LC103,0,0,0,6.17,,12.00
108897,LC119R1,0,0,0,7.00,,15.00
108898,LC120R1,0,0,0,7.19,,18.00
108899,LC121R1,0,0,0,12.14,,23.00
108900,LC122R1,0,0,0,6.00,,15.00
108901,LC123R1,0,0,0,6.00,,15.00
108902,LC124R1,0,0,0,11.99,,25.00
108903,LC126,0,0,0,2.20,,7.99
108904,LC127,0,0,0,2.20,,7.99
108905,LC128,0,0,0,1.90,,7.99
108906,LC129,0,0,0,1.90,,7.99
108907,HN200,4,4,0,6.07,,9.00
108910,6581X,0,0,0,77.79,,
108912,SW632,2,2,0,186.25,,349.00
108913,PX312,1,1,0,80.00,,169.00
108916,242V2120-S/S,2,2,0,71.01,,
108918,BOLT1420HD-OBI,0,0,0,1392.05,,
108919,BOLT1423HD-OBI,0,0,0,1448.86,,
108921,"NF-3 WHITE",4,4,0,17.00,,
108922,"NF-3 BLUE",2,2,0,17.00,,
108923,"NF-3 BLACK",0,0,0,22.01,,
108924,"NF-3 RED",0,0,0,22.01,,
108925,"NF-3 COBALT BLUE",0,0,0,22.01,,
108926,"NF-3 GRAPHITE",0,0,0,22.01,,
108927,"NF-4 BLUE",6,6,0,34.03,,
108928,"NF-4 BLACK",0,0,0,35.73,,
108929,"NF-4 RED",0,0,0,35.73,,
108930,"NF-4 COBALT BLUE",0,0,0,35.73,,
108931,"NF-4 GRAPHITE",0,0,0,35.73,,
108932,"NF-5 WHITE",4,4,0,48.00,,
108933,"NF-5 BLUE",0,0,0,60.24,,
108934,"NF-5 BLACK",0,0,0,60.24,,
108935,"NF-5 RED",0,0,0,60.24,,
108936,"NF-5 COBALT BLUE",0,0,0,60.24,,
108937,"NF-5 GRAPHITE",0,0,0,60.24,,
108938,2206837,2,1,1,108.34,,
108939,2208092,0,0,0,119.05,159.99,
108940,2208103,0,0,0,119.99,159.99,
108941,2207036,0,0,0,83.28,,
108943,CIP138250020,7,2,5,37.89,,46.75
108944,BPC900250014,18,8,10,17.22,,21.25
108953,2490W,4,0,4,93.65,,
108970,TBSE10-500,0,0,0,176.04,,
108971,TBSE18-500,0,0,0,133.20,,
108972,TBSE14-500,0,0,0,127.39,,
108973,TE14-10R-500,0,0,0,194.84,,
108974,TE14-8R-500,0,0,0,193.75,,
108975,TE18-10R-500,0,0,0,183.15,,
108976,TE10-10R-500,0,0,0,179.33,,
108977,8073,12,4,8,40.07,,
108984,GP100W,2,2,0,121.25,,199.00
108985,GP100B,3,3,0,121.25,,199.00
108986,EG100,2,2,0,185.00,,273.00
108987,EG200,2,2,0,185.00,,273.00
108996,ST34-40-5,0,0,0,30.96,,
108998,890180,9,3,6,8.74,37.97,
108999,890184,9,3,6,8.74,37.97,
109000,890185,9,3,6,8.42,35.97,
109001,890186,10,4,6,9.21,39.97,
109002,890140,20,10,10,14.79,30.97,
109003,890163,11,5,6,12.74,54.97,
109005,260764,2,0,2,5.00,,
109006,890190,24,12,12,7.00,16.97,
109007,890193,11,0,11,9.99,20.97,
109008,MP600,1,1,0,140.00,,259.00
109017,1214F,13,4,9,37.87,56.95,
109026,PPX1212,0,0,0,402.43,,
109027,GPX1812,0,0,0,420.71,,
109028,00125A,1,1,0,17.24,,
109029,PPX1812,0,0,0,440.15,,
109030,PPEL28PV,3,3,0,569.33,,
109031,MR60,5,2,3,43.49,,
109032,MR50,6,6,0,32.19,,
109036,2900,18,10,8,126.28,163.65,
109038,81500,4,2,2,70.10,90.85,
109039,60190,19,10,9,3.81,4.94,
109040,60191,17,8,9,3.81,4.94,
109041,B164-20-8G,0,0,0,925.96,1275.00,
109042,21055,16,8,8,12.90,16.72,
109043,42812,19,9,10,2.18,2.82,
109044,N03250,10,4,6,32.44,42.05,
109045,N03190,4,2,2,23.86,30.92,
109046,B75C-20-H-8G,2,0,2,652.05,859.00,
109047,25301,5,2,3,42.71,55.34,
109048,90401,8,3,5,118.14,153.10,
109049,60360,6,4,2,85.65,111.00,
109050,B75C-12-H-8G,0,0,0,652.05,859.00,
109051,60461,10,4,6,85.31,110.56,
109052,60410,20,10,10,2.18,2.83,
109053,B744VL-8G,0,0,0,448.21,579.00,
109054,60460,10,5,5,43.65,56.58,
109055,52120,14,10,4,3.64,4.71,
109056,B744V-8G,0,0,0,366.58,479.99,
109057,60362,6,2,4,102.61,132.99,
109059,32302,8,4,4,138.58,179.60,
109060,81583,4,2,2,56.94,73.80,
109062,9620013451,5,3,2,105.63,,
109063,B150C-20-M-8G,0,0,0,342.15,449.00,
109065,B150C-0-M-8G,0,0,0,342.15,449.00,
109066,B60-20-8G,7,4,3,236.02,324.99,
109069,BBR-200CC,0,0,0,242.88,,
109070,CBR-300CC,0,0,0,259.15,,
109071,EBR-100CC,0,0,0,316.43,,
109085,4265.48K,0,0,0,134.85,,
109103,CIP134030020,8,4,4,12.40,,15.30
109105,SMI100RV,5,1,4,42.50,,
109106,07-06-011,4,2,2,700.30,,
109107,07-06-015,0,0,0,575.76,,
109108,07-06-016,0,0,0,696.97,,
109114,9620000730,7,0,7,10.73,,
109117,P000274,4,4,0,13.10,,
109118,P000273,1,1,0,12.45,,
109119,P000272,0,0,0,11.79,,
109120,P000267,9,1,8,6.54,,
109121,P000264,1,1,0,5.89,,
109122,P000263,16,5,11,5.23,,
109123,010-13268-40,1,1,0,48.75,,
109127,101835,2,0,2,152.96,,234.89
109128,101845,2,0,2,153.55,,235.69
109133,LPS-FR,4,2,2,112.00,136.00,
109134,SP01506,0,0,0,9.28,15.95,
109135,2178363,16,8,8,49.40,,
109136,2174440,14,8,6,49.40,,
109138,2000035476,8,2,6,45.87,,
109139,2000020292,0,0,0,64.58,,
109140,2000019421,0,0,0,33.52,,
109141,2000020258,17,6,11,25.05,,
109143,2149985,0,0,0,89.99,119.99,
109144,2149986,0,0,0,56.24,74.99,
109145,2149900,4,2,2,73.11,99.99,
109146,2000020268,0,0,0,16.96,,
109147,2000020281,0,0,0,16.96,,
109148,2000019265,8,6,2,35.99,,
109149,2000036993,0,0,0,33.52,,
109150,2156592,2,2,0,102.34,144.99,
109151,2180606,1,0,1,52.49,59.99,
109153,2157592,4,2,2,149.10,,
109154,2000020932,0,0,0,100.22,,
109157,2206908,7,4,3,105.87,139.99,
109158,2206800,1,1,0,105.87,139.99,
109159,2206916,5,2,3,154.22,,
109160,2207389,8,4,4,70.93,,
109161,2207041,0,0,0,208.22,284.99,
109166,2206912,2,0,2,134.11,179.99,
109167,2206902,3,2,1,134.11,179.99,
109168,2207024,1,0,1,134.11,179.99,
109169,2207385,6,4,2,86.46,,
109170,2206913,2,2,0,191.64,,
109171,2207381,0,0,0,397.49,509.99,
109172,2206838,0,0,0,363.74,459.99,
109174,9620017089,2,1,1,738.53,,1230.89
109175,9620017095,2,0,2,772.13,,1286.89
109176,9620017096,3,1,2,805.73,,1342.89
109177,9620017084,3,1,2,940.13,,1566.89
109178,9620017091,3,3,0,1007.33,,1678.89
109179,9620017085,3,1,2,604.13,,1006.89
109180,9620017081,1,1,0,604.13,,1006.89
109181,9620017100,0,0,0,805.73,,1342.89
109182,9620017097,2,1,1,872.93,,1454.89
109183,9620017098,2,1,1,738.53,,1230.89
109185,162MF01201,2,1,1,874.70,,
109187,"UC128TS-SVS 1",4,2,2,780.83,,
109188,"UC128TS-SVS 1P",2,0,2,780.83,,
109189,"UC128TS-SVS 2",1,1,0,780.83,,
109190,"UC128TS-SVS 2P",2,0,2,780.83,,
109191,"UC128TS-SVS 3",3,1,2,780.83,,
109193,144-0346-FT,50,50,0,2.38,,
109197,CK501,2,2,0,295.00,,499.95
109198,CK502,2,2,0,295.00,,499.95
109199,CK503,2,2,0,295.00,,499.95
109201,010-13199-04,0,0,0,31.99,,
109203,"MAC KIT",6,3,3,99.13,,124.00
109204,770273,0,0,0,23.35,,
109205,770049,11,11,0,11.37,,
109210,GP-36,30,19,11,14.90,,
109211,GP-912,2,0,2,35.26,,
109212,BSM-DP,11,6,5,51.09,,
109213,BSS-DP,10,5,5,48.83,,
109215,GP-318,15,6,9,27.63,,
109216,GP-69,14,0,14,24.34,,
109217,SS00502-DP,7,3,4,118.17,,
109218,SS00503-DP,8,4,4,127.32,,
109219,SS00512-DP,5,3,2,118.17,,
109220,SS00513-DP,7,4,3,118.17,,
109221,SS00514-DP,8,4,4,118.17,,
109222,SS00524-DP,7,4,3,118.17,,
109226,BPP900800150,5,3,2,101.28,,124.95
109227,BMS300200300,10,4,6,126.78,,156.40
109228,CIP134050020,6,3,3,12.40,,15.30
109229,2207390,3,0,3,250.58,344.99,
109232,875-128,7,3,4,35.99,,
109233,SO-EL-S-UN-BK,10,5,5,64.99,,
109234,SO-EL-S-UN-SV,10,5,5,64.99,,
109235,SO-EL-D-UN-BK,10,5,5,119.99,,
109236,SO-EL-D-UN-SV,10,5,5,119.99,,
109237,SO-EL-S-PV-BK,10,5,5,64.99,,
109238,SO-EL-S-PV-SV,10,5,5,64.99,,
109239,SO-EL-S-MK-BK,9,5,4,64.99,,
109240,SO-EL-S-MK-SV,8,4,4,64.99,,
109241,SO-EL-S-HL-BK,10,5,5,69.99,,
109243,9656,1,1,0,46.73,,
109252,R30303A,0,0,0,218.01,322.20,
109253,R50304A,2,2,0,425.68,629.10,
109261,T-PF.P11M2,2,0,2,199.35,289.95,
109262,TF5004,0,0,0,23.99,,
109263,TF5005,0,0,0,23.99,,
109264,TF1169,0,0,0,28.99,,
109265,TF1170,0,0,0,28.99,,
109270,930001SS,4,2,2,10.14,,
109271,930002SS,4,2,2,12.17,,
109272,930003SS,4,2,2,13.54,,
109274,84003S-11,0,0,0,141.20,,
109275,84013S-11,0,0,0,96.44,,
109277,TF5006,0,0,0,23.99,,
109278,TF5014,0,0,0,23.99,,
109279,TF5015,0,0,0,23.99,,
109280,010-12743-01,0,0,0,12.99,,
109281,010-12829-04,2,2,0,32.49,,
109282,77793,10,10,0,13.00,,
109283,77783,12,12,0,13.33,,
109284,38373,11,11,0,10.00,,
109285,77763,2,2,0,8.00,,
109286,77774,5,5,0,12.00,,
109287,29362,12,12,0,19.03,,
109288,29372,4,4,0,19.03,,
109289,29382,0,0,0,19.03,,
109290,29392,12,12,0,19.03,,
109291,29462,11,11,0,21.29,,
109292,29472,0,0,0,21.29,,
109293,29482,0,0,0,21.29,,
109294,29492,9,9,0,21.29,,
109295,39673,4,4,0,23.45,,
109296,39683,6,6,0,23.45,,
109297,39693,11,0,11,21.99,,
109298,62213,6,6,0,18.95,,
109303,62223,0,0,0,18.95,,
109304,62233,0,0,0,18.95,,
109305,62243,0,0,0,18.95,,
109306,62253,0,0,0,18.85,,
109307,62263,0,0,0,18.95,,
109308,62273,4,4,0,18.95,,
109309,62283,0,0,0,18.95,,
109310,62293,0,0,0,18.95,,
109311,38203,9,9,0,9.33,,
109312,38253,4,4,0,12.23,,
109313,42003,12,12,0,22.48,,
109314,42013,10,10,0,22.48,,
109315,42023,0,0,0,22.48,,
109316,42033,0,0,0,22.48,,
109317,199236,5,2,3,8.23,,
109318,42043,12,12,0,22.48,,
109319,40903,6,6,0,23.84,,
109320,40913,0,0,0,23.84,,
109321,40923,0,0,0,23.84,,
109322,39863,12,12,0,28.13,,
109323,15013,0,0,0,16.89,,
109324,39143,4,4,0,15.40,,
109325,49133,0,0,0,14.59,,
109326,49143,0,0,0,14.59,,
109327,49153,0,0,0,14.59,,
109328,39513,0,0,0,15.39,,
109329,39523,3,3,0,15.39,,
109330,52000,4,4,0,43.69,,
109331,TF5017,0,0,0,23.99,,
109332,TF1171,0,0,0,28.99,,
109333,TF1075,0,0,0,23.99,,
109334,TF1076,0,0,0,23.99,,
109335,TF1077,0,0,0,23.99,,
109336,TF1110,0,0,0,41.99,,
109337,TF1111,0,0,0,41.99,,
109338,TF1119,0,0,0,51.99,,
109339,TF1011,0,0,0,71.99,,
109340,TF1014,0,0,0,71.99,,
109341,TF1054,0,0,0,36.99,,
109342,TF1086,0,0,0,40.99,,
109343,TF1001,0,0,0,30.99,,
109344,TBSE8-500,0,0,0,480.25,,
109345,TF1005,0,0,0,30.99,,
109346,TF1029,0,0,0,34.99,,
109347,TF1082,0,0,0,39.99,,
109373,FPHRC1002L00D00,4,0,4,195.28,,
109374,660-065CC,0,0,0,13.56,,
109375,660-065G,0,0,0,13.56,,
109376,660-040GH,0,0,0,12.80,,
109377,660-050GH,0,0,0,12.80,,
109378,660-065GH,0,0,0,13.56,,
109379,630-006G,0,0,0,9.50,,
109380,630-065G,0,0,0,11.66,,
109382,"201-012-FB 2.5M",0,0,0,559.73,,629.69
109383,CANVPS,1,1,0,77.33,,
109384,2136,25,25,0,50.88,,
109388,169-0586,1,1,0,55.40,,
109392,010-12832-35,0,0,0,22.49,,
109395,ES0800-24V003,4,0,4,445.50,,
109396,ES0800-36V003,4,0,4,445.50,,
109398,DS16-SL,5,0,5,20.81,,
109399,DS16-SL-BLK,9,0,9,20.81,,
109400,DS30-SL,18,9,9,25.31,,
109401,DS30-SL-BLK,7,3,4,25.31,,
109403,72-1113-FLAT,0,0,0,1799.00,,
109404,72-1113-PIPE,0,0,0,1799.00,,
109405,72-1113-WALL,0,0,0,1799.00,,
109406,72-1113-WEDGE,0,0,0,1799.00,,
109407,72-1113-FLAT-R,3,1,2,1799.00,,
109408,72-1113-PIPE-R,0,0,0,1799.00,,
109409,72-1113-WALL-R,0,0,0,1799.00,,
109410,72-1113-WEDGE-R,0,0,0,1799.00,,
109411,9620017088,2,1,1,536.93,,894.89
109416,RFP004,6,3,3,83.11,,
109417,RFP008,0,0,0,85.49,,
109418,RFP011,0,0,0,139.00,,
109419,RFP012,0,0,0,89.99,,
109420,RFP014,0,0,0,119.00,,
109421,RFP018,0,0,0,89.99,,
109422,RFP020,0,0,0,134.99,,
109449,SEA-HDM-TMM-XL,216,43,173,1186.25,,1399.00
109454,1042145-01,2,0,2,1126.56,,
109455,1042035-W,1,0,1,964.64,,
109472,53679,1,0,1,68.19,,
109473,53697A,5,0,5,19.37,,
109474,53698,8,0,8,23.91,,
109475,539730,17,0,17,12.95,,
109494,010-02908-30,3,1,2,119.99,,
109495,010-02908-31,0,0,0,119.99,,
109497,010-13307-05,0,0,0,187.49,,
109498,010-13307-20,1,0,1,93.75,,
109499,010-13307-40,0,0,0,44.99,,
109500,010-13307-30,0,0,0,52.49,,
109501,010-13307-15,0,0,0,59.99,,
109502,010-13307-10,0,0,0,52.49,,
109503,010-13307-25,0,0,0,22.49,,
109508,A-BK-10,0,0,0,163.46,216.75,
109511,101868,0,0,0,62.48,,102.69
109548,010-13352-10,0,0,0,22.49,,
109549,010-13352-11,0,0,0,11.24,,
109550,010-13352-12,0,0,0,74.99,,
109551,010-13352-13,0,0,0,14.99,,
109552,010-11617-44,0,0,0,37.49,,
109553,010-12098-10,0,0,0,29.99,,
109638,QUA125021102,18,8,10,2419.08,,2984.35
109639,CIP143500020,9,4,5,33.07,,40.80
109640,BP-0300BSY-1,3,3,0,146.18,,
109649,1675-6,6,4,2,18.82,,
109653,H25-0048,2,2,0,532.71,,
109681,D12001,5,2,3,24.93,,
109682,D14901,7,3,4,18.72,,
109683,D15601,6,3,3,30.54,,
109684,D17001,8,4,4,45.04,,
109685,DRTU10732,8,4,4,10.53,,
109686,DRTU11032,12,6,6,13.89,,
109687,DRTU14332,11,5,6,10.53,,
109688,DRTU15532,6,4,2,8.76,,
109689,DRTU17032,10,6,4,20.36,,
109690,DRTU200232,5,0,5,18.33,,
109691,G12024,11,5,6,8.03,,
109692,G13616,3,0,3,5.86,,
109693,G13815,11,6,5,7.69,,
109694,G13919,8,2,6,6.43,,
109695,G15812,6,2,4,7.02,,
109696,V11-9991BBK60-2,3,2,1,359.94,,
109697,V11-9991WWK60-2,1,1,0,380.05,,
109698,G16402,7,3,4,7.16,,
109699,V11-9993BBK60-2,4,2,2,488.42,,
109700,G16602,9,3,6,7.16,,
109701,V11-9993BBK80-2,3,1,2,597.94,,
109702,G17216,10,6,4,10.63,,
109703,V11-9993WWK80-2,3,1,2,630.95,,
109704,G181302,8,3,5,7.16,,
109705,G191700,7,4,3,24.29,,
109706,G201024,10,5,5,12.24,,
109707,G240748,3,2,1,13.36,,
109708,G251024,7,0,7,10.71,,
109709,G2970,5,4,1,19.09,,
109710,G2990SRP,7,3,4,22.15,,
109711,G4016,10,4,6,6.43,,
109713,M79901,8,4,4,76.54,,
109714,M79932,11,5,6,30.61,,
109715,M8501,5,1,4,47.90,,
109716,M88800,11,6,5,83.33,,
109717,G55253,2,2,0,43.57,,
109718,G55254,0,0,0,25.00,,
109719,G55255,3,1,2,25.50,,
109720,ORI481224120,8,5,3,129.53,,159.80
109721,G9524,11,5,6,6.91,,
109722,M0216,10,6,4,11.06,,
109723,M0316,11,6,5,12.40,,
109724,M0916,11,5,6,12.41,,
109725,M10001,8,4,4,62.82,,
109726,M10032,5,2,3,22.73,,
109728,M10508,22,10,12,9.67,,
109729,M10532,10,6,4,34.07,,
109730,M20532,11,5,6,31.64,,
109731,M2116,15,9,6,21.54,,
109732,M2601,4,0,4,41.14,,
109733,M2616,8,5,3,14.19,,
109734,M2701,0,0,0,74.26,,
109735,M2716,11,5,6,24.73,,
109736,M3401,11,7,4,29.76,,
109737,M3416,12,6,6,7.59,,
109743,G240100,12,4,8,19.29,,
109744,G240108,12,6,6,18.75,,
109767,GP340,5,4,1,263.25,,
109772,RFP009,0,0,0,105.66,,
109773,RFP021,0,0,0,129.44,,
109774,RFP022,0,0,0,87.49,,
109775,RFP024,0,0,0,87.49,,
109776,RFP025,0,0,0,111.79,,
109777,RFP027,0,0,0,77.76,,
109792,RMF017,0,0,0,51.00,,
109793,RMH005,0,0,0,46.00,,
109796,RMP006,0,0,0,19.52,,
109797,RMS005,0,0,0,62.00,,
109800,GS-300XL,0,0,0,4551.87,,5149.99
109802,412340-1,9,9,0,2548.22,,2849.99
109803,412360-1,3,3,0,3129.40,,3499.99
109804,710313-1,2,2,0,84.41,,
109805,285814001,3,0,3,112.00,,
109811,T14DT-SF-25,25,18,7,12.67,,
109821,87300,3,2,1,52.08,,
109822,87322,10,10,0,16.15,,
109826,M18/7-100,0,0,0,313.85,,
109830,2135,3,3,0,66.69,,
109831,1438-8876,0,0,0,11.20,,
109832,1438-8439,0,0,0,17.84,,
109833,1300-7761-KIT,0,0,0,316.77,,
109834,1300-7760,0,0,0,218.96,,
109835,1300-7708.2-KIT,0,0,0,128.74,,
109836,1300-7706.2-KIT,0,0,0,140.21,,
109837,1211-1411,4,2,2,85.66,,
109838,1211-1401,1,1,0,107.09,,
109845,1200-1411,2,2,0,75.49,,
109846,1014-3838-120,0,0,0,53.64,,
109848,1014-3838-180,0,0,0,74.86,,
109849,1014-3838-240,0,0,0,92.36,,
109850,1014-1415-20,0,0,0,32.51,,
109851,1014-1401-20,0,0,0,26.71,,
109853,1175,0,0,0,55.86,85.00,
109856,B60-12-MM,0,0,0,177.15,227.49,
109859,6080.77,2,2,0,437.15,,
109877,CAM-PT-150-01,5,2,3,247.50,,
109878,CAM-PT-150-01-BLK,6,3,3,247.50,,
109886,000-16077-001,6,2,4,112.80,,141.00
109887,17915,8,4,4,22.26,28.05,
109888,17854,8,4,4,24.38,30.71,
109890,17853,6,3,3,36.18,45.58,
109891,17902,7,3,4,48.35,60.92,
109893,17879,8,4,4,12.16,,
109894,17881,8,4,4,7.32,,
109895,17880,7,3,4,6.23,,
109896,17907,11,6,5,10.89,,
109897,17832,12,6,6,14.01,,
109898,40953,4,2,2,157.84,198.88,
109899,40954,4,2,2,168.13,211.84,
109900,40955,0,0,0,181.53,228.72,
109901,40950,4,2,2,212.68,267.97,
109902,40951,3,1,2,222.51,280.37,
109903,40952,2,2,0,236.21,297.63,
109904,40505,11,5,6,62.11,,
109907,97586,4,4,0,399.35,,
109908,97650,5,2,3,396.65,,
109909,97587,2,1,1,373.88,,
109910,97588,6,3,3,455.73,,
109911,300-4975,18,18,0,454.55,,599.99
109923,RFP029,0,0,0,160.40,,
109927,P000265,0,0,0,7.85,,
109929,P000266,18,18,0,5.86,,
109930,P000268,11,11,0,9.83,,
109931,P000269,15,15,0,9.83,,
109932,P000270,2,2,0,9.83,,
109933,P000271,16,16,0,6.54,,
109934,P000275,7,7,0,15.07,,
109935,P000276,0,0,0,15.07,,
109936,P000277,0,0,0,27.13,,
109937,P000278,0,0,0,24.79,,
109938,P000287,2,2,0,60.77,,
109939,P000288,1,1,0,67.97,,
109940,P000289,1,1,0,42.91,,
109941,P000290,4,4,0,42.91,,
109942,9620017101,2,1,1,738.53,,1230.89
109946,MI-0070,0,0,0,98.65,,
109948,97000050753,4,2,2,929.49,,1169.99
109949,97000050754,3,1,2,1045.68,,1299.99
109950,97000050755,5,4,1,1103.78,,1364.99
109951,97000050756,4,2,2,1278.05,,1559.99
109952,97000050757,5,3,2,1366.91,,1754.99
109953,97000050758,5,2,3,1530.93,,1949.99
109955,P000291,29,29,0,38.13,,
109972,9620012808,4,2,2,116.18,,188.49
109975,9620012806,4,2,2,125.11,,201.49
109976,9620012805,4,1,3,129.59,,207.99
109977,9620012810,2,0,2,134.05,,214.49
109978,9620012811,4,2,2,156.40,,253.49
109979,9620012807,3,2,1,160.86,,259.99
110041,S-7104,0,0,0,52.95,,
110060,2305,10,5,5,23.87,,
110061,2306,10,5,5,23.87,,
110062,2310,9,4,5,35.45,,
110063,2311,8,5,3,35.45,,
110064,2403,9,4,5,31.43,,
110065,2410,10,5,5,43.64,,
110067,PLASM374,21,21,0,20.86,,
110070,1591-FI.WHITE,9,1,8,29.28,,
110072,SEA2322-BLK,0,0,0,146.71,,
110073,SEA2323-BLK,0,0,0,160.24,,
110074,SEA2324-BLK,0,0,0,161.71,,
110075,SEA2325-BLK,0,0,0,166.46,,
110076,SEA2313-BLK,0,0,0,143.25,,
110077,SEA2312-BLK,0,0,0,150.38,,
110078,SEA2301-BLK,0,0,0,164.25,,
110079,SEA2302-BLK,0,0,0,164.75,,
110080,SEA2303-BLK,0,0,0,170.63,,
110081,SEA2320-BLK,0,0,0,205.63,,
110082,SEA2310-BLK,0,0,0,221.00,,
110083,SEA2306-BLK,0,0,0,268.59,,
110084,SEA2307-BLK,0,0,0,321.88,,
110085,SEA2311-BLK,0,0,0,268.59,,
110086,SEA2308-BLK,0,0,0,321.88,,
110087,SEA2305-BLK,0,0,0,376.35,,
110088,83,20,0,20,8.00,,
110089,21,22,11,11,8.57,,
110090,C-209BB,12,6,6,188.40,,
110091,153902-200-020-25,0,0,0,676.83,,
110092,153902-200-004-25,0,0,0,676.83,,
110093,153902-200-005-25,0,0,0,725.61,,
110094,481-4000,0,0,0,300.71,,
110095,481-4000-FT,0,0,0,10.53,,
110122,M1017012,8,4,4,47.66,,
110123,M1017073,0,0,0,54.40,,
110124,M1017023,19,12,7,50.31,,
110125,M1017024,3,1,2,56.64,,
110127,M2006031,10,0,10,51.30,,
110128,M2006050,16,10,6,53.33,,
110129,M2002012,24,12,12,6.75,,
110130,M2002013,19,12,7,6.75,,
110131,M2003045,18,12,6,1.01,,
110132,M2002001,0,0,0,4.39,,
110133,M2004015,13,6,7,37.80,,
110134,M2018002,5,4,1,65.81,,
110135,M1001207,4,2,2,29.03,,
110136,M1001062,0,0,0,10.80,,
110137,M1015001,12,6,6,168.75,,
110138,M1015002,6,6,0,124.94,,
110139,M1015050,12,6,6,281.25,,
110140,M1015051,8,4,4,250.00,,
110141,M2012002,12,6,6,193.75,,
110142,M2012003,11,5,6,143.75,,
110143,M2012006,12,6,6,193.75,,
110144,M2012007,8,4,4,143.75,,
110146,9620017090,0,0,0,671.33,,1118.89
110150,369946,2,2,0,212.50,,
110151,369947,3,2,1,212.50,,
110152,369948,12,6,6,212.50,,
110153,142100-505-000-26,1,1,0,34.00,,
110158,11860,0,0,0,473.30,,
110159,010-13464-00,4,4,0,17.27,,
110160,010-13465-00,4,4,0,20.15,,
110162,010-13455-00,5,5,0,92.14,,
110164,HLR75/BETA,2,2,0,503.40,629.00,
110165,HLR75/STB,2,2,0,352.80,447.00,
110166,HLR15/CB2/STD,2,2,0,498.00,650.00,
110167,9.HLR21,2,2,0,291.00,390.00,
110168,HLR21/CB2/STD,2,2,0,511.20,675.00,
110169,HLR21/CB2/BAS,2,2,0,598.80,799.99,
110170,HR81M/US/STP,2,2,0,318.00,400.00,
110171,HSE73/BETA,0,0,0,388.20,489.00,
110172,HSR73/BETA,0,0,0,388.20,489.00,
110173,HSS73/BETA,0,0,0,388.20,489.00,
110174,LD30,2,2,0,191.40,,
110175,LH19E/US/CMP,2,2,0,453.60,,
110176,LH19E/US/STD,0,0,0,297.00,,
110177,LHR12E/US/STD,0,0,0,243.60,305.00,
110178,LHR15ES/US/STD,0,0,0,258.00,315.00,
110179,LHR15V/US/CMP,2,2,0,523.20,724.00,
110180,LHR15V/US/STD,0,0,0,376.80,525.00,
110181,LHR21ES/US/STD,3,3,0,273.00,335.00,
110182,LHR21V/US/CMP,0,0,0,545.40,755.00,
110183,LHR21V/US/STD,2,2,0,405.60,565.00,
110184,LHR75,2,2,0,258.00,325.00,
110185,LHR75E/US/STD,2,2,0,249.00,315.00,
110186,LK900E/US/STD,2,2,0,419.40,520.00,
110187,RA75,0,0,0,249.00,,
110188,RA75A,0,0,0,253.20,,
110189,RH323,0,0,0,165.00,,
110190,RH323A,0,0,0,165.00,,
110191,RH326,0,0,0,165.00,,
110192,RH326A,0,0,0,165.00,,
110193,RH329,0,0,0,165.00,,
110194,RH329A,0,0,0,165.00,,
110195,RH353,0,0,0,165.00,,
110196,RH353A,0,0,0,165.00,,
110197,RH356,0,0,0,165.00,,
110198,RH356A,0,0,0,165.00,,
110199,RH359,0,0,0,165.00,,
110200,RH359A,0,0,0,165.00,,
110201,SLP41A,2,2,0,390.00,,
110202,TA50,0,0,0,297.00,,
110203,UC81-OBF,2,2,0,462.88,,
110204,9.BL150F,47,47,0,15.08,,
110206,9.BL180F,47,47,0,16.35,,
110208,9.BL180H,46,46,0,11.48,,
110212,9.BL200F,46,46,0,19.15,,
110213,9.BL200H,47,47,0,13.07,,
110214,9.BL230H,47,47,0,15.45,,
110215,9.BL80F,46,46,0,10.50,,
110216,9.BR180H,0,0,0,6.80,,
110217,9.BR180M,0,0,0,6.80,,
110218,9.BR180S,0,0,0,6.80,,
110219,9.BR200H,34,34,0,7.08,,
110220,9.BR200M,38,38,0,7.08,,
110224,1591-FI,4,0,4,29.28,,
110225,9.BR90H,48,48,0,4.38,,
110226,9.BR90M,48,48,0,4.38,,
110227,9.DA100H,45,45,0,6.27,,
110228,9.DA100B,45,45,0,6.43,,
110229,9.DA100M,42,42,0,6.27,,
110230,9.DA100S,48,48,0,6.97,,
110231,9.DA150H,47,47,0,8.45,,
110232,9.DA150B,47,47,0,8.70,,
110233,9.DA150M,46,46,0,8.45,,
110234,9.DA150S,47,47,0,8.45,,
110235,9.DA180H,45,45,0,8.75,,
110236,9.DA180B,46,46,0,9.03,,
110237,9.DA180M,46,46,0,8.75,,
110238,9.DA180S,45,45,0,8.75,,
110242,101846,0,0,0,53.57,,95.09
110243,101836,0,0,0,52.86,,94.19
110244,101866,0,0,0,56.86,,101.09
110245,101847,4,2,2,58.80,,104.29
110246,101837,4,2,2,57.58,,102.19
110247,9.DA40B/6,4,4,0,24.43,,
110248,101867,4,2,2,59.21,,105.09
110249,9.DA40H/6,3,3,0,24.43,,
110250,9.DA40M/6,3,3,0,24.43,,
110251,9.DA40S/6,3,3,0,24.43,,
110252,9.DA70B/4,4,4,0,25.71,,
110253,9.DA70H/4,4,4,0,25.71,,
110254,9.DA70M/4,4,4,0,25.71,,
110255,9.DA70S/4,4,4,0,25.71,,
110256,9.NW160H,48,48,0,15.77,,
110257,9.NW160M,48,48,0,15.77,,
110258,9.NW80M,45,45,0,8.85,,
110259,9.NW80H,45,45,0,8.85,,
110260,9.WF180H,47,47,0,6.78,,
110261,9.WF180M,47,47,0,6.78,,
110262,9.WF180S,0,0,0,6.78,,
110263,9.WF200H,48,48,0,7.07,,
110264,9.WF200M,48,48,0,7.07,,
110265,9.WF200S,48,48,0,7.07,,
110266,9.WF90H,46,46,0,4.38,,
110267,9.WF90M,47,47,0,4.38,,
110268,9.WF90S,41,41,0,4.38,,
110273,P000280,2,2,0,26.99,,
110274,P000279,1,1,0,26.99,,
110275,P000282,2,2,0,30.36,,
110276,P000281,1,1,0,30.36,,
110277,P000283,2,2,0,50.61,,
110278,142100-100-002-26,6,6,0,40.00,,
110279,P000286,1,1,0,50.61,,
110280,P000284,2,2,0,50.61,,
110281,P000285,2,2,0,50.61,,
110304,9.ADVANCED,4,4,0,37.80,,
110314,9.BRCOARSE,6,6,0,30.00,,
110318,9.BRFINE,5,5,0,26.25,,
110319,9.DACOARSE,5,5,0,44.63,,
110320,9.DACOARSE250,10,10,0,14.18,,
110321,9.DAFINE,6,6,0,38.00,,
110322,9.DAFINE250,9,9,0,12.82,,
110341,9.PROTECT,6,6,0,25.11,,
110342,9.PURE,8,8,0,22.80,,
110343,9.PURE250,8,8,0,8.80,,
110355,PR500-SX,2,2,0,38.46,,
110356,PR500-ST,2,2,0,38.46,,
110357,CRMCK500WB.6,90,58,32,54.99,,
110358,9.XC2,5,5,0,40.93,,
110359,9.XC100,5,5,0,36.75,,
110360,9.XC300,5,5,0,38.25,,
110361,9.XF500,5,5,0,36.00,,
110362,9.XP700,6,6,0,39.00,,
110363,9.XP900,12,12,0,16.50,,
110375,291.390/C,0,0,0,20.40,,
110376,562.390,0,0,0,19.20,,
110377,58.390/C,0,0,0,35.36,,
110378,581.390/C,0,0,0,31.50,,
110379,65.390/C,0,0,0,12.86,,
110380,81.322/C,1,1,0,12.60,,
110381,811.374/C,3,3,0,30.75,,
110382,9.1396/C,4,4,0,10.20,,
110383,9.BF7001,6,6,0,12.00,,
110402,M18/5-25,2,0,2,32.03,,
110453,9.BF9050,6,6,0,6.60,,
110454,9.BF9060,5,5,0,6.60,,
110455,9.BF9070,6,6,0,7.20,,
110456,9.HOLDER,5,5,0,33.43,,
110457,9.REVEALH750,7,7,0,16.07,,
110458,9.REVEALM750,1,1,0,11.11,,
110459,9HB125LT,1,1,0,45.75,,
110460,9HB180LT,2,2,0,66.75,,
110461,9HB185LT,3,3,0,124.50,,
110462,9HC120LT,2,2,0,47.25,,
110463,9HC180LT,2,2,0,75.00,,
110464,9HC185LT,2,2,0,91.50,,
110465,9HP120LT,3,3,0,58.50,,
110466,9HP180LT,2,2,0,94.50,,
110467,9.CLAYMITT,4,4,0,36.00,,
110468,990.007,6,6,0,22.50,,
110469,980.037,0,0,0,39.75,,
110470,981.710/C,2,2,0,22.50,,
110471,981.089,0,0,0,42.00,,
110472,981.500,0,0,0,36.00,,
110473,982.600,6,6,0,31.50,,
110474,982.650,6,6,0,34.50,,
110475,990.003,0,0,0,23.25,,
110476,29141500BK,2,0,2,125.60,,
110477,995.001,6,6,0,13.50,,
110478,996.001,2,2,0,11.40,,
110479,997.001,5,5,0,14.40,,
110480,S245EPL/KL1-6,0,0,0,1316.25,,
110481,S245EPL/KL1-9,0,0,0,1316.25,,
110482,S245EPL/KL2-66,0,0,0,1784.25,,
110483,S245EPL/KL2-69,0,0,0,1784.25,,
110484,S245EPL/STL,0,0,0,1107.00,,
110485,130.1108/5,0,0,0,49.50,,
110487,68.092/X,0,0,0,33.75,,
110488,9GAT02002/X,0,0,0,260.25,,
110490,9.45300,0,0,0,78.75,,
110491,9.45301,0,0,0,78.75,,
110492,9.45303,0,0,0,78.75,,
110493,9.45400,0,0,0,53.25,,
110494,9.45401,0,0,0,53.25,,
110495,9.45403,0,0,0,53.25,,
110496,9.45450,0,0,0,26.25,,
110497,9.45451,0,0,0,26.25,,
110498,9.45453,0,0,0,26.25,,
110499,9.45520/100,4,4,0,29.25,,
110500,9.45530/100,4,4,0,31.50,,
110502,9.Z998/BF,2,2,0,86.25,,
110503,CIP138225020,7,4,3,37.89,,46.75
110504,9620017627,2,1,1,922.13,,1536.89
110505,9620017631,2,1,1,787.73,,1312.89
110506,9620017632,2,1,1,888.53,,1480.89
110507,9620017628,2,1,1,754.13,,1256.89
110508,HD800,5,5,0,38.46,47.99,
110509,SXG9510-80,16,7,9,115.38,,
110510,SXG9510-60,8,7,1,115.38,,
110511,SXG9510-40,8,6,2,115.38,,
110512,SXG9510-30,6,6,0,115.38,,
110513,EZ22-W,4,2,2,28.21,,
110514,EZ48-W,3,2,1,28.21,,
110515,EZ36-W,2,1,1,25.00,,
110516,SXW9510-80,5,5,0,115.38,,
110517,SXW9510-60,18,2,16,115.38,,
110518,980.038,0,0,0,12.75,,
110519,SXW9510-40,21,4,17,115.38,,
110520,980.039,0,0,0,12.75,,
110521,SXW9510-30,9,4,5,115.38,,
110522,SX10512-90,15,6,9,134.62,,
110523,SX10512-70,10,6,4,134.62,,
110524,PT9510-60,13,6,7,153.21,,
110525,980.044,0,0,0,12.75,,
110526,PT9510-40,12,6,6,153.21,,
110527,980.043,0,0,0,12.75,,
110528,PT1290-60,4,4,0,179.49,,
110529,981.322,0,0,0,17.25,,
110530,PT980-40,4,4,0,141.03,,
110531,981.325,0,0,0,16.50,,
110532,ST1610-160,1,1,0,235.26,,
110533,981.323,0,0,0,21.00,,
110534,ST1610-120,1,1,0,235.26,,
110535,981.324,0,0,0,17.25,,
110536,SX9510-80,20,7,13,115.38,,
110537,990.013,0,0,0,5.79,,
110538,990.014,0,0,0,5.79,,
110539,110.502/C,0,0,0,16.50,,
110540,SX9510-60,5,3,2,115.38,,
110541,SX9510-40,3,2,1,115.38,,
110542,SX9510-30,22,13,9,115.38,,
110543,ST1290-80,3,0,3,161.54,,
110544,ST1290-60,5,3,2,161.54,,
110545,ST980-40,2,2,0,121.15,,
110546,ST980-30,11,7,4,121.15,,
110547,ST780-30,10,6,4,107.69,,
110548,ST780-20,2,2,0,107.69,,
110549,"PF AN NVHF00040T",5,0,5,216.00,,
110550,"PF AN NVHF00042T",5,0,5,215.38,,
110551,"PF AN NVHF00002T",4,0,4,60.92,,
110552,"PF AN NVHF00004T",2,0,2,60.92,,
110553,"PF AN NVHF00005",4,0,4,86.54,,
110554,"PF AN NVHF00006T",4,0,4,66.46,,
110555,"PF AN NVHF00007T",1,0,1,88.46,,
110556,"PF AN NVHF00009T",5,0,5,88.46,,
110557,"PF AN NVHF00020T",5,0,5,150.92,,
110558,"PF AN NVHF00021T",5,0,5,150.92,,
110559,CPP2501K,6,2,4,51.50,84.99,
110560,SSP10K,31,15,16,27.26,44.99,
110561,SSP20K,23,12,11,42.41,69.99,
110562,WN530,45,24,21,12.11,19.99,
110563,10294,1,1,0,37.98,,
110566,2024045793,0,0,0,63.42,,
110571,1100021-1,6,0,6,58.16,,
110574,1100021-L1,6,0,6,67.66,,
110576,1100521-1,6,0,6,120.11,,
110577,1250301,2,0,2,436.33,,
110578,1250450-L,4,0,4,470.56,,
110579,1250456-L,4,0,4,419.40,,
110580,1250456-LC,4,0,4,434.33,,
110581,2100095,0,0,0,29.36,,
110582,1580014,4,0,4,127.29,,
110583,FBAX2000,2,0,2,1758.40,,
110586,FEAX1000G,2,0,2,2399.20,,
110587,FGAX0000T,2,0,2,1758.40,,
110589,FXAXAA00,2,0,2,1279.20,,
110592,FXXCAA03,4,0,4,239.20,,
110593,FXXCAA04,2,0,2,319.20,,
110594,FXXCAA05,2,0,2,399.20,,
110598,FXXXAD04,2,0,2,399.20,,
110599,FXXXAD05,2,0,2,399.20,,
110600,PBEX2000,2,0,2,1278.40,,
110601,PGEX0000T,2,0,2,1278.40,,
110602,PXFXAA00,4,0,4,878.40,,
110603,P2030DB,18,1,17,13.70,,
110610,"PF AN NVHF00025",1,0,1,66.46,,
110611,"PF AN NVHF00012T",0,0,0,60.92,,
110612,"PF AN NVHF00044T",3,0,3,117.69,,
110614,"PF AN NVHF00045T",1,0,1,117.69,,
110616,"PF AN NAMFM011T",5,0,5,90.00,,
110617,"PF AN NAMFM012T",5,0,5,90.00,,
110618,"PF AN NTV001",3,0,3,163.38,,
110619,"PF AN NTV003",4,0,4,177.23,,
110620,"PF AN NTV002",5,0,5,105.23,,
110621,"PF AC NBASE001",5,0,5,24.92,,
110622,"PF AC NBASE002",0,0,0,27.00,,
110626,012123CDN,5,5,0,539.20,900.00,
110627,013207,4,2,2,227.50,293.00,
110628,9.CBD2525,0,0,0,50.00,,
110629,9.AG5500,0,0,0,83.08,,
110630,GSSTEPBLK-GRIT-DP,24,12,12,44.15,,
110631,GSSTEPBLK-PEB-DP,23,12,11,44.82,,
110632,GSBLK-GRIT-1FT,8,4,4,59.66,,
110633,GSSTEPLGY-GRIT-DP,24,12,12,67.81,,
110636,"MSDS 0.5",11,5,6,31.69,,39.95
110637,"MSDS 5",4,2,2,234.00,,294.95
110638,"MSDC 0.5",11,6,5,15.85,,
110639,"MSDC 5",4,2,2,102.31,,128.95
110640,"MVIP 0.5",14,5,9,23.40,,29.50
110641,"MVIP 5",4,2,2,115.00,,144.95
110642,"MVIC 0.5",13,6,7,14.24,,17.95
110643,"MVIC 5",4,2,2,75.33,,94.95
110644,"MRIP 0.5",12,6,6,19.80,,
110645,"MRIP 5",4,2,2,115.00,,144.95
110646,"MRIC 0.5",12,6,6,12.65,,15.95
110647,"MRIC 5",4,2,2,67.40,,84.95
110648,404602-3,0,0,0,156.73,,
110649,0451,2,2,0,26.63,,
110651,404600-3,2,2,0,128.84,,
110652,000-11675-001,1,1,0,441.53,,
110653,RF28100,5,1,4,16.51,23.38,
110654,RF28109,6,2,4,11.31,16.02,
110655,RF28109HL,6,2,4,62.95,89.16,
110656,DSH-2.5GRY,5,1,4,10.51,,
110657,DSH-4GRY,4,4,0,11.52,,
110658,DSH-6GRY,8,4,4,13.20,,
110659,DSH-9GRY,4,4,0,16.37,,
110660,DSH-12GRY,4,4,0,22.68,,
110661,DSH-14GRY,4,4,0,29.60,,
110662,HR81ML/US/STP,2,2,0,346.20,,435.00
110671,MM-HB,2,1,1,75.24,,
110675,94110-5,10,6,4,14.74,,
110677,21300-W-2000-8-B-R,0,0,0,187.50,,
110678,21300-W-2000-8-S-R,0,0,0,187.50,,
110679,21400-W-0600-6-B-R,0,0,0,79.54,,
110680,21400-W-0600-8-B-R,0,0,0,79.54,,
110681,21400-W-0800-6-B-R,0,0,0,81.16,,
110682,21400-W-0800-8-B-R,0,0,0,81.16,,
110683,21400-W-1000-6-B-R,0,0,0,89.91,,
110684,21400-W-1000-8-B-R,0,0,0,89.91,,
110685,LP-BSIR,2,2,0,560.00,680.00,
110686,21400-W-1200-6-B-R,0,0,0,92.10,,
110687,10C-AW,2,2,0,171.50,208.25,
110688,21400-W-1200-8-B-R,0,0,0,92.10,,
110689,4C-POD,0,0,0,138.60,168.30,
110690,21400-W-1400-6-B-R,0,0,0,98.23,,
110691,21400-W-1400-8-B-R,0,0,0,98.23,,
110692,21400-W-1600-6-B-R,0,0,0,98.23,,
110693,21400-W-1600-8-B-R,0,0,0,98.23,,
110696,16603A,0,0,0,15.62,,
110697,26901A,0,0,0,85.37,,
110699,26902A,0,0,0,51.28,,
110700,26903A,0,0,0,73.04,,
110701,26904A,0,0,0,77.23,,
110707,21500-W-0600-6-Z-R,0,0,0,35.00,,
110708,21500-W-0600-8-Z-R,0,0,0,35.00,,
110709,21500-W-0800-6-Z-R,0,0,0,38.40,,
110710,21500-W-0800-8-Z-R,0,0,0,38.40,,
110711,21500-W-1000-6-Z-R,0,0,0,43.75,,
110712,21500-W-1000-8-Z-R,0,0,0,43.75,,
110713,21500-W-1200-6-Z-R,0,0,0,45.94,,
110714,250-022387-10EZ,6,6,0,9.87,,
110715,21500-W-1200-8-Z-R,0,0,0,45.94,,
110716,250-021786-10EZ,6,6,0,19.29,,
110717,21500-W-1400-6-Z-R,0,0,0,52.06,,
110718,250-024175-10EZ,6,6,0,10.45,,
110719,21500-W-1400-8-Z-R,0,0,0,52.06,,
110720,250-15202-10EZ,6,6,0,4.40,,
110721,250-024174-10EZ,6,6,0,2.52,,
110722,250-023726-10EZ,6,6,0,91.26,,
110723,21500-W-1600-6-Z-R,0,0,0,57.36,,
110724,21500-W-1600-8-Z-R,0,0,0,57.36,,
110726,21500-W-1800-6-B-R,0,0,0,65.88,,
110727,250-022696-10EZ,6,6,0,8.71,,
110728,250-023757-10EZ,6,6,0,29.49,,
110729,250-015514-10EZ,6,6,0,34.12,,
110730,21500-W-1800-8-B-R,0,0,0,65.88,,
110731,250-014861-10EZ,6,6,0,11.72,,
110732,250-023723-10EZ,6,6,0,14.36,,
110733,250-023722-10EZ,6,6,0,13.81,,
110734,21500-W-1800-8-Z-R,0,0,0,65.88,,
110735,21500-W-2000-6-B-R,0,0,0,65.88,,
110736,21500-W-2000-8-B-R,0,0,0,65.88,,
110737,21500-W-2500-6-Z-R,0,0,0,65.88,,
110738,21500-W-2500-8-Z-R,0,0,0,65.88,,
110746,21263,0,0,0,13.57,,
110747,A80666,4,2,2,200.89,,
110749,A80673,0,0,0,90.19,,
110751,80-441-WT-TR,19,10,9,40.63,,
110752,80-441-BL-TR,20,10,10,40.63,,
110753,FW-40PROA/M-HV,4,0,4,210.63,,
110758,ST180D1KWCW,2,1,1,608.30,,
110759,O4VT2,0,0,0,115.00,,
110760,O4P4N,0,0,0,186.25,,
110761,N8NRX2TB,0,0,0,485.00,,
110762,N4NRM2TB,0,0,0,306.25,,
110764,77000-9900-030,22,8,14,23.50,32.08,
110765,77000-9900-040,37,20,17,23.50,32.08,
110766,77000-9900-050,34,20,14,23.50,32.08,
110767,77000-9900-060,23,14,9,23.50,32.08,
110768,77000-9900-070,32,14,18,23.50,32.08,
110769,77000-9900-080,37,20,17,23.50,32.08,
110770,77000-9900-090,38,19,19,23.50,32.08,
110771,77000-9900-110,40,20,20,23.50,32.08,
110772,77000-9900-120,34,20,14,23.50,32.08,
110773,77000-9900-130,40,20,20,23.50,32.08,
110774,77000-9900-150,40,20,20,23.50,32.08,
110775,77000-9900-100,43,20,23,23.50,32.08,
110776,LLB-64WA-02-PK,0,0,0,46.65,,
110777,LLB-64WA-02-BU,0,0,0,46.65,,
110778,LLB-64PW-02-RE,0,0,0,46.65,,
110779,LLB-64PR-02-K2,0,0,0,112.50,,
110780,LLB-64BL-02-K2,0,0,0,112.50,,
110781,LLB-64PK-02-K2,0,0,0,112.50,,
110782,5860-008-1750,6,6,0,13.31,,
110783,5860-008-1751,6,6,0,13.31,,
110784,5860-008-1752,6,6,0,13.31,,
110785,5860-008-1753,0,0,0,13.31,,
110786,5860-008-1754,6,6,0,13.31,,
110787,5860-008-1755,0,0,0,13.31,,
110788,5860-008-1756,0,0,0,13.31,,
110790,5860-008-1757,6,6,0,13.31,,
110792,5860-008-1758,6,6,0,13.31,,
110793,5860-008-1759,6,6,0,13.31,,
110794,5860-008-1760,6,6,0,13.31,,
110795,5860-008-1761,6,6,0,13.31,,
110796,5860-011-1750,6,6,0,17.86,,
110797,5860-011-1751,0,0,0,17.86,,
110798,5860-011-1752,6,6,0,17.86,,
110799,5860-011-1753,0,0,0,17.86,,
110800,5860-011-1754,6,6,0,17.86,,
110801,5860-011-1755,0,0,0,17.86,,
110802,ZIP86T2,0,0,0,941.96,,
110804,5860-011-1756,6,6,0,17.86,,
110805,5860-011-1757,6,6,0,17.86,,
110806,5860-011-1758,6,6,0,17.86,,
110807,5860-011-1759,6,6,0,17.86,,
110808,5860-011-1760,6,6,0,17.86,,
110809,5860-011-1761,6,6,0,17.86,,
110810,77000-9600-030,39,20,19,23.50,32.08,
110811,77000-9600-035,40,20,20,23.50,32.08,
110812,77000-9600-040,39,20,19,23.50,32.08,
110813,77000-9600-050,33,19,14,23.50,32.08,
110814,77000-9600-060,38,19,19,23.50,32.08,
110815,77000-9600-070,40,20,20,23.50,32.08,
110816,77000-9600-080,40,20,20,23.50,32.08,
110817,77000-9600-090,40,20,20,23.50,32.08,
110818,77000-9600-100,34,20,14,23.50,32.08,
110819,77000-9600-110,40,20,20,23.50,32.08,
110820,77000-9600-120,40,20,20,23.50,32.08,
110821,77000-9600-130,40,20,20,23.50,32.08,
110822,77000-9600-150,39,20,19,23.50,32.08,
110823,HMAG15BSRD,0,0,0,11.88,,
110824,HMAG15BTO,0,0,0,11.88,,
110825,HMAG15D,0,0,0,11.88,,
110826,010-12992-03,0,0,0,52.49,,
110827,HMAG15HPU,2,2,0,11.88,,
110828,HMAG15PM,2,2,0,11.88,,
110829,HMAG15RH,1,1,0,11.88,,
110830,HMAG15S,0,0,0,11.88,,
110831,HMAG15SBM,3,3,0,11.88,,
110832,HMAG15SFU,0,0,0,11.88,,
110833,HMAG15WHU,0,0,0,11.88,,
110835,16000-02-0B,0,0,0,1.01,1.37,
110836,16000-02-0J,0,0,0,0.92,1.26,
110837,HMAG25BSRD,1,1,0,13.71,,
110838,HMAG25BTO,0,0,0,13.71,,
110839,16000-03-0T,0,0,0,4.20,5.73,
110840,HMAG25D,0,0,0,13.71,,
110841,HMAG25HPU,0,0,0,13.71,,
110842,HMAG25PM,3,3,0,13.71,,
110843,HMAG25RH,2,2,0,13.71,,
110844,HMAG25S,0,0,0,13.71,,
110845,HMAG25SBM,3,3,0,13.71,,
110846,HMAG25SFU,0,0,0,13.71,,
110847,HMAG25WHU,0,0,0,13.71,,
110848,CDMAGE145AMCG,0,0,0,17.44,,
110849,CDMAGE145AMD,0,0,0,17.44,,
110850,CDMAGE145AMFFU,3,3,0,17.44,,
110851,CDMAGE145AMGM,0,0,0,17.44,,
110852,CDMAGE145AMHPU,0,0,0,17.44,,
110853,CDMAGE145AMPM,3,3,0,17.44,,
110854,CDMAGE145AMRRB,0,0,0,17.44,,
110855,CDMAGE145AMSM,3,3,0,17.44,,
110856,CDMAGE145AMSRD,0,0,0,17.44,,
110857,CDMAGE145AMWHU,0,0,0,17.44,,
110858,CDMAGE185AMCG,0,0,0,20.55,,
110859,CDMAGE185AMD,0,0,0,20.55,,
110860,CDMAGE185AMFFU,3,3,0,20.55,,
110861,CDMAGE185AMGM,0,0,0,20.55,,
110862,CDMAGE185AMHPU,0,0,0,20.55,,
110863,CDMAGE185AMPM,3,3,0,20.55,,
110864,CDMAGE185AMRRB,0,0,0,20.55,,
110865,CDMAGE185AMSM,3,3,0,20.55,,
110866,CDMAGE185AMSRD,0,0,0,20.55,,
110867,CDMAGE185AMWHU,0,0,0,20.55,,
110868,SD22BSCD,0,0,0,44.78,,
110869,SD22BSRD,0,0,0,44.78,,
110870,SD22D,0,0,0,44.78,,
110871,SD22FFU,2,2,0,44.78,,
110872,SD22FT,0,0,0,44.78,,
110873,SD22GFR,0,0,0,44.78,,
110874,SD22PKD,0,0,0,44.78,,
110875,SD22PM,3,3,0,44.78,,
110876,SD22RHU,0,0,0,44.78,,
110877,SD22RRB,0,0,0,44.78,,
110878,SD22SBM,3,3,0,44.78,,
110879,SD22SFU,0,0,0,44.78,,
110880,SD22WHU,0,0,0,44.78,,
110881,CA-0188,0,0,0,91.00,,
110882,A0-TPGN-Z90,0,0,0,3326.47,,
110883,MI-0071,0,0,0,221.76,,
110884,2314-B-000,6,3,3,31.47,42.97,
110885,2314-B-001,6,3,3,28.48,38.89,
110886,SXRL12PM,3,3,0,13.05,,
110887,SXRL14BM,3,3,0,14.67,,
110888,SXRL14PM,3,3,0,14.67,,
110889,2314-D-056,1,1,0,16.67,21.20,
110890,NVCP-WSA,2,0,2,2620.62,3182.19,
110891,SXR10BNK,3,3,0,9.68,,
110892,SXR10SBM,3,3,0,9.68,,
110893,SXR12BNK,3,3,0,12.92,,
110894,SXR12SBM,3,3,0,12.92,,
110895,SXR14BNK,3,3,0,14.53,,
110896,SXR14HH,3,3,0,14.53,,
110897,SXR14SBM,3,3,0,14.53,,
110898,RPREF7,4,4,0,16.78,,
110899,2314-D-256,5,3,2,40.28,55.00,
110900,2324-D-056,4,3,1,41.00,41.25,
110901,RSSSP6,4,4,0,16.01,,
110902,RSSSP8,4,4,0,18.48,,
110903,RSSSPA9,4,4,0,22.17,,
110904,RFMTC,8,8,0,33.45,,
110905,660-106FT,0,0,0,24.02,,
110906,660-108FT,0,0,0,24.02,,
110907,660-110FT,0,0,0,24.02,,
110908,660-115FT,0,0,0,24.02,,
110909,660-120FT,0,0,0,24.02,,
110910,660-130FT,0,0,0,24.02,,
110911,660-140FT,0,0,0,24.02,,
110912,660-150FT,0,0,0,24.02,,
110913,660-165FT,0,0,0,25.57,,
110914,660-180FT,0,0,0,25.57,,
110915,658-127MC,5,5,0,27.74,,
110916,691-504CC,0,0,0,15.20,,
110917,691-506CC,0,0,0,15.20,,
110918,691-508CC,0,0,0,15.20,,
110919,691-510CC,3,3,0,15.20,,
110920,691-512CC,2,2,0,15.20,,
110921,691-514CC,3,3,0,15.20,,
110922,700-020F,0,0,0,9.14,,
110923,700-030F,0,0,0,9.88,,
110924,700-050F,6,6,0,12.95,,
110925,700-080F,6,6,0,18.28,,
110926,700-100F,6,6,0,22.85,,
110927,700-150F,6,6,0,27.44,,
110928,2700-.05-010,18,9,9,10.07,13.75,
110929,2700-01-011,8,8,0,13.43,18.33,
110930,2700-02-011,15,7,8,18.46,25.21,
110931,2700-03-011,16,9,7,20.14,27.50,
110932,2700-04-011,19,10,9,23.50,32.08,
110933,2700-05-011,20,10,10,29.37,40.10,
110934,2700-10-011,17,10,7,47.55,61.87,
110935,2700-21-011,20,10,10,17.20,23.49,
110936,2700-55-011,11,9,2,11.75,16.04,
110937,2702-12-012,16,11,5,13.89,18.90,
110938,2702-13-013,21,11,10,30.21,41.25,
110939,2702-14-014,20,11,9,33.57,45.83,
110940,2702-15-015,17,10,7,35.24,48.12,
110942,2703-11-002,19,10,9,30.21,41.25,
110943,2704-12-011,20,10,10,14.94,20.39,
110944,2705-00-001,15,10,5,11.33,15.47,
110945,2705-00-010,14,9,5,11.33,15.47,
110946,2706-00-000,19,10,9,13.17,17.99,
110948,CA-0157-1S,0,0,0,36.69,,
110949,CA-0157-2S,0,0,0,53.52,,
110955,3000-4001A,6,3,3,18.46,25.21,
110969,312105-B-020,16,9,7,36.08,49.27,
110970,312105-B-021,0,0,0,2.27,3.09,
110971,312301-B-020,3,3,0,10.91,14.89,
110972,312301-B-021,0,0,0,1.43,1.95,
110973,312302-B-020,20,20,0,15.10,20.62,
110974,312302-B-021,25,25,0,2.78,3.99,
110975,312303-B-020,20,10,10,13.41,18.31,
110976,312303-B-025,20,10,10,13.41,18.31,
110977,312311-B-008,0,0,0,3.36,4.58,
110979,312311-B-020,4,4,0,7.13,9.74,
110980,312311-B-021,0,0,0,2.69,3.67,
110981,312314-B-021,10,5,5,1.68,2.29,
110982,312315-B-004,3,0,3,44.00,60.08,
110983,312315-B-104,45,21,24,11.80,16.11,
110984,312315-B-205,7,2,5,11.80,16.11,
110985,312315-B-008,30,16,14,104.06,142.07,
110986,312315-B-108,10,5,5,16.53,22.57,
110987,312404-B-022,6,3,3,20.14,27.50,
110988,312700-B-022,8,4,4,23.50,32.08,
110989,312723-B-022,4,3,1,23.50,32.08,
110990,313738-B-023,14,10,4,13.85,18.90,
110991,313756-B-023,11,7,4,13.85,18.90,
110992,313856-B-023,18,10,8,20.14,27.50,
110993,314300-B-038,3,0,3,5.04,6.87,
110994,314300-R-038,3,0,3,5.04,6.87,
110995,314300-B-516,5,3,2,4.87,6.65,
110996,3200-0001-006,2,2,0,16.36,22.34,
110997,3200-0001-012,5,3,2,25.17,34.37,
110998,3200-2001-006,4,3,1,20.13,27.50,
110999,3200-2001-012,16,0,16,28.54,38.96,
111000,3200-3003-006,2,0,2,20.14,27.50,
111001,3200-3003-012,1,0,1,29.37,40.10,
111004,SEA-HDM-RISER-KIT-1.5,4,1,3,182.35,,189.00
111005,SEA-HDM-RISER-KIT-XL-1.5,3,0,3,187.06,,199.00
111025,9800-006-10,12,7,5,17.45,23.83,
111026,9800-006-11,16,9,7,19.97,27.27,
111027,9800-007-10,18,9,9,25.17,34.37,
111028,9800-007-11,17,10,7,28.53,38.96,
111029,9800-008-11,19,10,9,31.88,43.54,
111030,99240,2,2,0,895.63,,
111031,9800-010-10,15,9,6,30.21,41.25,
111032,9800-011-10,14,8,6,29.33,40.05,
111034,9800-011-11,18,10,8,29.35,30.22,
111036,3000-4011,5,2,3,19.95,28.50,
111038,312311-A-024,6,3,3,12.17,16.61,
111039,312311-A-025,5,2,3,12.17,16.61,
111040,6000-3004,0,0,0,6.88,9.40,
111041,6000-3005,4,2,2,26.85,36.66,
111042,6000-3205,0,0,0,37.09,50.64,
111044,DT04-12P,0,0,0,3.36,4.58,
111045,1042015-01,4,0,4,21.96,,
111046,1042015-02,4,0,4,24.57,,
111047,1042015-03,4,0,4,28.48,,
111048,1042015-04,3,0,3,21.96,,
111049,1080136-L1,4,0,4,350.07,,
111050,1081060,6,0,6,84.39,,
111051,1099050-2,4,0,4,618.00,,
111052,1099050-2A,4,0,4,700.40,,
111053,DT04-3P,0,0,0,1.01,1.37,
111055,DT04-6P,0,0,0,1.90,2.59,
111056,DT04-8P,0,0,0,2.43,3.32,
111057,DT06-08SA,0,0,0,3.53,4.81,
111058,DT06-12S,0,0,0,3.36,4.58,
111061,DT06-3S,99,0,99,1.08,1.47,
111062,DT06-4S,0,0,0,1.18,1.60,
111063,DT06-6S,0,0,0,1.85,2.52,
111066,DTHD04-1-4P,0,0,0,2.52,3.44,
111067,DTHD06-1-4S,0,0,0,2.77,3.78,
111068,DTHD04-1-8P,0,0,0,2.44,3.32,
111069,DTHD06-1-8S,0,0,0,2.44,3.32,
111070,DTM04-2P,0,0,0,1.43,1.95,
111072,DTM04-3P,0,0,0,1.93,2.64,
111073,DTM04-4P,0,0,0,2.02,2.75,
111074,DTM04-6P,0,0,0,1.68,2.29,
111075,DTM06-2S,0,0,0,1.01,1.37,
111076,DTM06-3S,0,0,0,1.68,2.29,
111077,DTM06-4S,0,0,0,1.68,2.29,
111078,DTM06-6S,0,0,0,1.34,1.83,
111079,DTP04-4P,0,0,0,4.20,5.73,
111080,DTP04-4P-B4,0,0,0,17.79,24.29,
111081,DTP06-2S,0,0,0,2.14,3.99,
111082,DTP06-4S,0,0,0,5.04,6.87,
111083,9800-7101-00,19,9,10,57.06,77.91,
111094,1100360,1,0,1,201.57,,
111095,1100930-A1,4,0,4,126.00,,
111096,1240012-SAL,4,0,4,83.27,,
111097,1240015-SAL,4,0,4,91.49,,
111098,1250100-L1,5,0,5,272.36,,
111099,1250150-L1,1,0,1,344.57,,
111100,1250250-L1,4,0,4,316.56,,
111101,1250309-LNS,3,0,3,66.53,,
111102,1250310-MLNS,5,0,5,66.69,,
111103,1255595-NC,4,0,4,982.48,,
111105,APL-2W-30K-PW1,0,0,0,76.83,,
111107,36500,20,20,0,237.99,339.99,
111108,36505,19,19,0,314.99,449.99,
111109,36506,19,19,0,342.99,489.99,
111110,36520,17,17,0,146.99,209.99,
111112,36521,17,17,0,174.99,249.99,
111113,34120,16,16,0,97.99,139.99,
111114,34121,0,0,0,104.99,149.99,
111115,34122,0,0,0,118.99,169.99,
111116,34124,0,0,0,125.99,179.99,
111117,34126,0,0,0,139.99,199.99,
111118,34127,0,0,0,153.99,219.99,
111119,64031,0,0,0,20.69,29.99,
111120,55200,0,0,0,230.99,329.99,
111121,55201,19,19,0,258.99,369.99,
111122,2ER308,6,0,6,191.27,,290.00
111123,2ER158,15,7,8,191.27,,290.00
111124,2ER008,14,8,6,191.27,,290.00
111125,2EF308,14,8,6,89.57,,135.00
111126,2EF158,0,0,0,89.57,,135.00
111127,2EF008,16,8,8,89.57,,135.00
111128,2A0010,0,0,0,24.16,,36.76
111129,2A0009,0,0,0,24.16,,36.76
111130,2A0008,0,0,0,24.16,,36.76
111131,2A0007,0,0,0,22.00,,33.48
111132,2A0006,0,0,0,22.00,,33.48
111133,2A0005,0,0,0,22.00,,33.48
111134,2A0004,0,0,0,20.34,,30.96
111135,2A0003,0,0,0,21.97,,33.43
111136,2A0002,0,0,0,48.58,,73.93
111137,2A0001,0,0,0,48.58,,79.93
111141,1300712-L1,4,0,4,139.59,,
111142,1300713,3,0,3,36.64,,
111143,1300754-1,0,0,0,83.13,,
111145,1440013-SAL,2,0,2,79.15,,
111146,1440334,4,0,4,106.52,,
111147,1450030-P,3,0,3,271.79,,
111148,1455580-NC,4,0,4,1218.66,,
111149,1457545,4,0,4,987.10,,
111150,1580550-BLK,4,0,4,386.87,,
111151,1600406,5,0,5,41.12,,
111152,1610413-OSS,5,0,5,47.35,,
111153,1620018,3,0,3,38.27,,
111154,1640202,3,0,3,24.56,,
111155,1640403,0,0,0,45.48,,
111156,1640404,4,0,4,44.05,,
111161,B00205701,0,0,0,41.95,77.76,
111162,B00205702,0,0,0,41.95,77.76,
111163,B00205703,0,0,0,45.32,84.06,
111164,B00205704,0,0,0,45.32,84.06,
111165,B00205801,0,0,0,102.73,190.62,
111166,B00205802,0,0,0,102.73,190.62,
111167,B00205803,0,0,0,106.10,196.92,
111168,B00205804,0,0,0,106.10,196.92,
111170,B00204101,0,0,0,262.08,443.97,
111172,B00126101,0,0,0,365.38,658.44,
111174,012117CD,0,0,0,454.55,719.99,
111182,6080.74,2,2,0,732.63,,
111187,MS-OW10HF,0,0,0,5811.11,,
111188,MS-OW11FFG,0,0,0,10833.33,,
111189,A2K-TDC-10M,13,5,8,77.31,,
111191,601019-2,0,0,0,97.40,,
111192,602019-2,0,0,0,129.87,199.99,
111193,411470-1VXCHO,2,0,2,2835.21,,3399.99
111194,411470-1VX,2,2,0,3085.38,,3699.99
111195,411500-1VXCHO,0,0,0,3252.16,,3899.99
111196,411500-1VX,0,0,0,3502.32,,4199.99
111197,411240-1VXCHO,6,3,3,3669.10,,4399.99
111198,411240-1VX,2,2,0,3919.27,,4699.99
111199,1358339,1,1,0,1594.36,,1899.99
111202,017884001,8,4,4,92.15,,
111203,017884011,6,2,4,100.66,,
111204,958126531,4,0,4,18.43,,
111205,958126541,8,6,2,19.85,,
111206,958126551,6,2,4,24.61,,
111207,ZDIGBILGEIQ,0,0,0,233.71,,
111208,1660231,3,0,3,591.65,,
111209,1662127,4,0,4,74.07,,
111210,1670008,2,0,2,81.11,,
111211,1670009,4,0,4,46.96,,
111212,1690001-SL,0,0,0,30.29,,
111213,1690727-SL,3,0,3,103.91,,
111214,1690901,4,0,4,114.92,,
111215,1760004,6,0,6,17.13,,
111216,1780240,6,0,6,99.20,,
111217,1780242,6,0,6,94.09,,
111218,1840046,6,0,6,64.32,,
111219,1840054,0,0,0,13.97,,
111220,2100010,2,0,2,10.77,,
111221,2100011,5,0,5,11.64,,
111222,2100012,5,1,4,11.64,,
111223,2100013,2,0,2,13.30,,
111224,2100025,8,0,8,7.33,,
111225,2100031,4,0,4,20.00,,
111226,2100032,6,0,6,26.64,,
111227,SPS1000,0,0,0,436.35,,
111228,2100038,0,0,0,34.19,,
111229,2100042,0,0,0,28.24,,
111230,SPS1001,0,0,0,436.35,,
111231,2100055,5,0,5,8.06,,
111232,SPS1002,0,0,0,509.08,,
111233,2100067,5,0,5,18.29,,
111234,2100073,6,0,6,14.40,,
111235,2100074,6,0,6,14.88,,
111236,2100075,6,0,6,32.59,,
111237,2100077,3,0,3,11.11,,
111238,2100091,5,0,5,7.63,,
111239,2100092,6,0,6,4.20,,
111240,2100093,3,0,3,4.19,,
111241,2100094,1,0,1,1.63,,
111242,2100175,1,0,1,3.33,,
111243,2100332-01,5,0,5,40.77,,
111244,2100340,5,0,5,36.15,,
111245,2171003,6,0,6,20.05,,
111246,2171008,5,0,5,16.14,,
111247,2171035,4,3,1,14.24,,
111248,3100207,10,0,10,33.01,,
111249,3100460-LE1,3,0,3,226.27,,
111250,3100575-LAR,4,0,4,591.31,,
111251,3300713,17,0,17,27.24,,
111252,3300766,60,0,60,13.96,,
111253,3620001-B,20,0,20,53.59,,
111254,3620011,8,0,8,25.84,,
111255,3793013-A,19,0,19,80.24,,
111256,3796010-AL,20,0,20,57.49,,
111264,W6/3EURO-100,0,0,0,845.73,,
111265,1263-FT,225,225,0,1.72,,
111266,SM-FMQCMW,0,0,0,59.99,,
111267,SM-FMQCSW,0,0,0,53.32,,
111268,SM-FMSCVR,0,0,0,19.99,,
111270,RMH006,0,0,0,26.00,,
111271,BP2652B,0,0,0,211.36,,
111272,RMZ001,0,0,0,13.39,,
111273,RMZ002,0,0,0,17.14,,
111275,RMZ003,0,0,0,15.00,,
111276,RMZ004,0,0,0,12.14,,
111278,FW-40PROA/M-BK,0,0,0,210.63,,
111279,FW-40PROA/M-GN,0,0,0,210.63,,
111280,RMZ005,0,0,0,19.29,,
111284,SC-V-DC1,4,2,2,25.31,,
111285,SC-V-S1,0,0,0,25.31,,
111286,SC-V-S2,5,2,3,22.50,,
111287,SC-V-S3,1,0,1,22.50,,
111288,SC-V-TV1,8,4,4,22.50,,
111289,SC-V-W1,7,4,3,67.50,,
111290,SC-V-USB-01,10,6,4,46.69,,
111292,"EFC-1 GRAPHITE",0,0,0,31.65,,
111293,"EFC-2 GRAPHITE",0,0,0,38.17,,
111294,"EFC-3 GRAPHITE",0,0,0,42.09,,
111295,"EFC-4 GRAPHITE",0,0,0,49.52,,
111296,"EFC-A3 GRAPHITE",0,0,0,84.84,,
111297,"EFC-A4 GRAPHITE",0,0,0,99.91,,
111305,9.Z1169/BF,2,2,0,86.25,,
111347,IPSI1205-20-120,0,0,0,1654.76,,
111348,IPSI2405-20-120,0,0,0,2204.16,,
111353,52-714M-4XO3,3,0,3,48.57,89.95,
111354,UU-6EEB-IWIC,10,0,10,12.86,22.95,
111355,6J-HNLV-MLW7,4,0,4,24.29,54.95,
111358,EC-HLBM-QRT1,6,0,6,18.67,23.95,
111359,ZQ-U2MY-A3PD,4,0,4,45.71,54.95,
111360,VI-MVPP-SPR2,10,0,10,17.50,27.00,
111361,EC-WOUT-SPR2,10,0,10,12.86,19.95,
111362,EC-WOUT-GAL2,4,0,4,28.57,49.95,
111363,6Z-5OSJ-NNYM,6,0,6,22.86,32.95,
111364,4X-PPJ8-7BEW,1,0,1,55.71,94.95,
111365,TC-MGQT-PRT1,5,0,5,25.71,38.00,
111366,TC-MGQT-PRT2,5,0,5,25.71,38.00,
111367,TC-MGGL-PRT1,3,0,3,57.14,82.00,
111368,TC-MGGL-PRT2,3,0,3,57.14,82.00,
111369,AM-A8OQ-8NID,3,0,3,48.57,62.00,
111370,0S-7ZA2-TS5Y,0,0,0,142.86,198.00,
111372,GC-SPRY-OOO3,7,0,7,10.00,14.00,
111373,YC-J3PK-5F15,4,0,4,37.14,39.95,
111374,44-AAAA-4AAA,0,0,0,42.86,65.00,
111375,VJ-KP9Y-E4G5,6,0,6,392.86,495.00,
111376,W8-HKPU-WCKS,11,0,11,12.86,18.95,
111377,PG-PRTC-O5OM,3,0,3,92.86,128.00,
111378,PG-PRTC-1OOM,3,0,3,171.43,248.00,
111379,PG-PRTC-QCO2,7,0,7,24.29,28.00,
111380,PG-PRTC-QCO3,4,0,4,88.57,98.00,
111381,PG-PRTC-TPC1,4,0,4,235.71,285.00,
111382,PG-PRTC-BSC1,4,0,4,214.29,270.00,
111383,22-KITS-GLAS,2,0,2,100.00,129.95,
111384,PC-CMPD-FCO2,10,0,10,64.29,84.00,
111385,PC-CMPD-MCO2,10,0,10,68.57,88.00,
111386,PC-CMPD-HCO2,10,0,10,64.29,84.00,
111387,PP-UFCT-1501,6,0,6,24.29,29.00,
111388,PP-UFCT-1751,6,0,6,24.29,29.00,
111389,PP-FNCT-1501,6,0,6,24.29,29.00,
111390,PP-FNCT-1751,6,0,6,24.29,29.00,
111391,PP-MDCT-1501,6,0,6,24.29,29.00,
111392,PP-MDCT-1751,6,0,6,24.29,29.00,
111393,PP-HVCT-1501,6,0,6,24.29,29.00,
111394,PP-HVCT-1751,6,0,6,24.29,29.00,
111395,62-542-R-BL-24V,4,4,0,131.19,,
111398,010-13401-10,0,0,0,22.49,,
111399,010-13401-00,0,0,0,37.49,,
111400,010-13401-21,0,0,0,14.99,,
111407,SKU-4K485-000,0,0,0,971.75,,
111408,SKU-4K485-001,0,0,0,971.75,,
111409,SKU-4K485-002,0,0,0,971.75,,
111410,SKU-4K485-003,0,0,0,971.75,,
111411,SKU-4K485-004,0,0,0,971.25,,
111412,SKU-4K485-005,0,0,0,971.25,,
111418,1011011,1264,564,700,69.87,,
111421,2208111,0,0,0,137.64,184.99,
111423,MV-AC-SS-PROP,6,1,5,419.22,,549.99
111424,HK-MT-TRANS-PP,1,0,1,13.15,,18.95
111428,EC-BWSH-QRT2,5,0,5,11.43,23.95,
111429,EC-BWSH-GAL2,4,0,4,31.43,49.95,
111431,XR1-BA,2,2,0,1570.62,1907.19,
111433,PIN122161500,6,4,2,279.04,,344.25
111434,PMP482505300,15,5,10,1182.32,,1458.60
111435,QUA483100300,6,3,3,2354.31,,2904.45
111436,BPP900495100,35,18,17,22.74,,28.05
111437,ASS070400100,10,4,6,28.94,,35.70
111438,PMP482505120,13,2,11,1248.47,,1540.20
111440,634103,0,0,0,3823.53,,
111448,UF2214,4,2,2,226.11,,
111450,HSSLTH-750-W,1,1,0,22.78,,
111451,HSSLTH-1000-W,0,0,0,33.89,,
111452,HSSLTH-1250-W,3,2,1,57.78,,
111453,HSSLTH-1500-W,2,1,1,72.78,,
111454,HSSLTH-2000-W,0,0,0,107.22,,
111457,CIP138175020,8,4,4,37.89,,46.75
111467,P000403,0,0,0,14.13,,
111468,P000404,0,0,0,14.13,,
111469,P000405,0,0,0,18.19,,
111470,P000406,0,0,0,18.19,,
111471,P000407,0,0,0,18.19,,
111472,SCC950200000,7,3,4,24.11,,29.75
111478,00048A,4,4,0,9.49,,
111480,010-13901-00,0,0,0,22.49,,
111482,010-13901-10,0,0,0,74.99,,
111483,010-13902-00,0,0,0,18.75,,
111485,010-13901-11,0,0,0,89.99,,
111486,010-13902-01,0,0,0,18.75,,
111487,010-13903-11,0,0,0,44.99,,
111488,010-13901-02,0,0,0,29.99,,
111489,010-13902-02,0,0,0,22.49,,
111490,010-13901-12,0,0,0,104.99,,
111499,121000-500-002-26,6,6,0,35.84,,
111500,121000-105-002-26,6,6,0,35.84,,
111503,A020100,7,7,0,32.12,,39.00
111504,A020200,8,8,0,32.12,,39.00
111508,XMUP32,24,12,12,12.86,,24.99
111509,XMQW32,24,12,12,8.21,,16.99
111510,XMCI16,24,12,12,16.43,,24.99
111511,XMXF,5,3,2,18.46,,32.99
111513,SSRS#1,0,0,0,2.49,,
111517,SSRS#2,0,0,0,2.49,,
111519,SSRS#3,0,0,0,2.49,,
111520,XR1-BH,0,0,0,1876.87,2279.06,
111521,XR1-GA,0,0,0,1570.62,1907.19,
111522,XR1-GH,0,0,0,1876.87,2279.06,
111523,XR1-WA,2,2,0,1570.62,1907.19,
111524,XR1-WH,0,0,0,1876.87,2279.06,
111525,NVCP-BSA,2,0,2,2620.62,3182.19,
111526,NVCP-BSH,2,0,2,2926.87,3554.06,
111527,NVCP-BUSA,0,0,0,2620.62,3182.19,
111528,NVCP-BUSH,0,0,0,2926.87,3554.06,
111529,NVCP-WSH,2,2,0,2926.87,3554.06,
111530,NVCP-WUSA,0,0,0,2620.62,3182.19,
111531,NVCP-WUSH,0,0,0,2926.87,3554.06,
111544,DE3330F,0,0,0,301.45,,
111546,9620017086,1,0,1,637.73,,1062.89
111549,O4P3X,2,2,0,373.75,,
111552,ST-9967,5,5,0,21.59,,
111553,010-13354-00,1,0,1,19.49,,
111570,000-15632-001,2,0,2,95.08,,
111606,HR81MLII/US/STB,2,2,0,393.00,490.00,
111607,HR81MLII/US/LUX,2,2,0,594.00,742.00,
111608,HSE73L/STB,0,0,0,423.00,,
111610,S-0251KEY,9,9,0,7.26,,
111617,23010,6,2,4,33.50,,42.99
111618,23011,8,4,4,33.50,,42.99
111619,23030,8,4,4,24.93,,31.99
111620,23031,8,4,4,24.93,,31.99
111621,23050,12,6,6,49.09,,62.99
111622,23050-BK,11,6,5,49.09,,62.99
111623,23052,12,6,6,61.56,,78.99
111624,23052-BK,12,6,6,61.56,,78.99
111625,23054,12,6,6,61.56,,78.99
111626,23054-BK,12,6,6,61.56,,78.99
111627,23056,12,6,6,77.93,,99.99
111628,23056-BK,12,6,6,77.93,,99.99
111629,23051,8,4,4,10.12,,12.99
111630,23051-BK,8,4,4,10.12,,12.99
111631,23053,6,4,2,12.46,,15.99
111632,23053-BK,6,4,2,12.46,,15.99
111633,BCT15X,3,3,0,178.89,,
111634,BC125AT,10,6,4,130.00,,
111635,BC355N,18,12,6,101.33,,
111636,BC365CRS,5,4,1,104.00,,
111637,BCD160DN,12,6,6,206.10,,
111638,BCD260DN,1,1,0,289.53,,
111639,BCD325P2,8,6,2,378.89,,
111640,BCD436HP,5,0,5,483.33,,
111641,BCD536HP,5,5,0,531.39,,
111642,BCD996P2,8,5,3,378.89,,
111643,SR30C,2,2,0,106.33,,
111644,HOMEPATROL-2,12,9,3,531.67,,
111651,M2002180,24,12,12,10.63,,
111653,221024,2,0,2,142.50,,
111654,980630001,0,0,0,92.15,,
111659,9610007274,0,0,0,432.84,,
111660,9610007275,0,0,0,432.84,,
111661,TA156A,2,2,0,343.20,,
111682,18594-1000,2,2,0,58.96,,
111688,010-13026-00,0,0,0,101.24,,
111689,010-13026-01,2,0,2,164.99,,
111690,010-13026-02,2,0,2,217.49,,
111691,MC330R,6,0,6,21.00,28.20,
111699,G15816,5,5,0,8.83,,
111700,G250320,0,0,0,6.29,,
111701,G260102,2,2,0,7.14,,
111702,G262402,0,0,0,7.86,,
111703,G262502,0,0,0,7.86,,
111704,G262602,6,6,0,7.86,,
111705,G262702,0,0,0,7.86,,
111706,G262116,6,6,0,11.43,,
111707,G262816,6,6,0,7.14,,
111708,G262316,6,6,0,7.43,,
111709,PMP242305132,28,10,18,928.77,,1145.80
111710,G55265,0,0,0,27.86,,
111711,G55266,0,0,0,23.57,,
111712,G55267,3,3,0,27.08,,
111713,G55268,4,4,0,23.57,,
111714,M3CFP3,0,0,0,10.71,,
111715,M3FFP3,0,0,0,10.71,,
111716,M3PFP3,0,0,0,10.71,,
111717,M3MFP3,0,0,0,8.50,,
111718,M5CFP2,10,10,0,12.79,,
111719,M5FFP2,10,10,0,12.79,,
111720,M5PFP2,10,10,0,12.79,,
111721,M5MFP2,12,12,0,9.93,,
111723,M6CFP2,8,8,0,14.21,,
111724,M6FFP2,10,10,0,14.21,,
111725,M6PFP2,10,10,0,14.21,,
111726,M6MFP2,20,20,0,10.64,,
111728,F18-0186VEL-1,8,4,4,39.26,,
111733,T10-7748-1,2,0,2,232.88,,
111734,T10-7760-1,2,0,2,240.13,,
111735,F16-3475,4,0,4,122.18,,
111736,F16-3490,4,0,4,122.18,,
111741,9050-20,0,0,0,59.29,,
111742,9050-30,0,0,0,88.78,,
111743,51KMC4,1,0,1,358.75,399.99,
111747,BP2554,1,1,0,297.91,,
111748,SCC950100000,8,4,4,18.60,,22.95
111749,SCC950300210,8,4,4,28.94,,35.70
111750,162032,0,0,0,9.51,16.97,
111751,162001,0,0,0,23.41,40.97,
111752,166016,0,0,0,12.43,21.97,
111755,166316,0,0,0,6.91,12.97,
111756,167716,0,0,0,12.34,21.97,
111758,169616,0,0,0,13.71,23.97,
111759,163532,0,0,0,42.26,73.97,
111760,167501,0,0,0,86.91,152.97,
111761,166101,0,0,0,50.50,88.97,
111762,G250464,0,0,0,7.14,,
111763,G260724,6,6,0,7.14,,
111764,N02230,4,2,2,32.43,42.02,
111768,SH-1001-BLU,0,0,0,279.99,,
111769,SH-1002-RED,0,0,0,279.99,,
111770,SH-1003-BLK,0,0,0,279.99,,
111771,SH-1004-WHT,0,0,0,279.99,,
111772,SH-1005-ORG,0,0,0,279.99,,
111773,SH-1006-PUR,0,0,0,279.99,,
111774,SH-1007-GRN,0,0,0,279.99,,
111778,OB200,3,3,0,43.20,,
111781,PRO-NDC-1E,12,8,4,472.18,,
111782,A-SRB-90,0,0,0,13.75,,
111783,A-CONPACK-PBUF2,0,0,0,26.60,,
111784,A-CONPACK-PNBF1,0,0,0,12.04,,
111785,A-CONPACK-PMUX2,0,0,0,26.60,,
111786,A-CONPACK-PNCD1E,0,0,0,12.26,,
111787,USBKIT-PRO,11,8,3,46.03,,
111788,RJ45-FFC,0,0,0,14.73,,
111789,USG-2CABLE,0,0,0,11.82,,
111790,W2K-2,6,3,3,254.46,,
111791,WGX-1-ISO,10,6,4,321.20,,
111792,DIN-KIT-1,0,0,0,16.70,,
111793,STNG-A06045,12,8,4,54.52,,
111801,A2K-KIT-1A,27,20,7,175.72,,
111802,A2K-KIT-2A,27,20,7,185.58,,
111803,A2K-KIT-4A,27,20,7,232.38,,
111804,A2K-MPT-2,29,20,9,49.76,,
111805,A2K-TER-F,100,80,20,17.53,,
111806,A2K-TER-M,97,80,17,17.53,,
111808,A2K-TER-U,84,67,17,40.75,,
111810,A2K-TDC-5M,35,27,8,52.58,,
111811,A2K-TDC-4M,30,22,8,48.61,,
111812,A2K-TDC-3M,45,38,7,44.71,,
111813,A2K-TDC-2M,59,44,15,40.56,,
111814,A2K-TDC-0M5,149,119,30,36.38,,
111815,A2K-TDC-0M25,151,120,31,32.91,,
111816,A2K-BULK-100M,0,0,0,446.88,,
111817,A2K-BULK-100MID,0,0,0,543.76,,
111818,A2K-FFC-SF,0,0,0,29.66,,
111819,A2K-FFC-SM,0,0,0,30.24,,
111820,A2K-FFC-RF,0,0,0,31.02,,
111821,A2K-FFC-RM,0,0,0,31.15,,
111822,A2K-PMW-M,0,0,0,18.77,,
111823,A2K-SCREWCAP-10-M,0,0,0,20.32,,
111826,JTV3225DCS,3,0,3,385.64,,
111828,PIN242122510,8,4,4,293.51,,362.10
111829,N01231,6,2,4,33.97,44.03,
111830,N02231,6,2,4,36.21,46.93,
111831,N03231,6,2,4,39.85,51.64,
111832,N05230,6,2,4,52.78,68.41,
111833,N05231,6,2,4,58.14,75.35,
111834,N01131,6,2,4,19.39,25.13,
111835,N02131,6,2,4,21.10,27.34,
111836,N03131,6,2,4,23.04,29.87,
111837,N05131,6,2,4,49.89,64.65,
111840,T-S2G012NW/D00C00,0,0,0,1027.94,1599.95,
111841,T-S2G012DW/D00C00,0,0,0,1027.94,1599.95,
111842,T-S2G024NW/D00C00,0,0,0,1040.02,1624.95,
111843,T-S2G024DW/D00C00,0,0,0,1040.02,1624.95,
111844,T-E2G012NW/D00C00,0,0,0,990.20,1579.95,
111845,T-E2G012DW/D00C00,0,0,0,990.20,1579.95,
111846,T-E2G024NW/D00C00,0,0,0,1002.28,1589.95,
111847,T-E2G024DW/D00C00,0,0,0,1002.28,1589.95,
111848,T-COM012NW/E/NA,2,0,2,634.80,999.95,
111849,T-COM012NW/TSFT/NA,2,0,2,854.64,1299.95,
111850,T-COM012PW/E/NA,2,0,2,551.76,849.95,
111851,T-COM012PW/TSFT/NA,2,0,2,692.40,1099.95,
111852,T-COM024NW/E/NA,0,0,0,643.31,999.95,
111853,T-COM024NW/TSFT/NA,0,0,0,860.45,1299.95,
111854,T-COM024PW/E/NA,0,0,0,558.87,849.95,
111855,T-COM024PW/TSFT/NA,0,0,0,699.52,1099.95,
111856,72-1048-CO,2,1,1,1099.00,,
111857,72-1113-WEDGE-CO,1,0,1,1949.00,,
111858,72-1113-FLAT-CO,2,1,1,1949.00,,
111874,72-1056-04,4,2,2,262.35,,
111875,T-PF.P11B,2,0,2,178.20,259.95,
111876,T-PF.P11T2,2,0,2,525.27,749.95,
111878,26254E,0,0,0,3571.76,,
111879,26255G,0,0,0,3571.76,,
111880,ASS030530209,12,9,3,14.47,,17.85
111881,SCC125070421,8,4,4,434.76,,536.35
111883,010-13298-00,0,0,0,19.99,,
111884,010-13990-00,0,0,0,79.99,,
111885,010-13351-02,0,0,0,11.99,,
111886,010-13991-00,0,0,0,15.99,,
111887,010-13992-00,0,0,0,23.99,,
111891,AB1,6,3,3,42.86,,
111892,AB2,5,2,3,50.00,,
111893,AB3,4,2,2,60.71,,
111894,AB4,4,2,2,85.71,,
111895,AB5,4,2,2,100.00,,
111896,AFL25,3,1,2,100.00,,
111904,AP5AL,3,1,2,285.71,,
111906,AP8AL,3,1,2,471.43,,
111907,AP11AL,1,0,1,785.71,,
111908,AP16AL,1,0,1,992.86,,
111909,AP20AL,0,0,0,1297.14,,
111910,AP1ST,0,0,0,146.32,,
111911,AP5ST,1,0,1,500.00,,
111912,AP8ST,2,1,1,735.29,,
111913,AP11ST,2,1,1,970.59,,
111916,SPL-16-B-CG,8,4,4,13.85,,
111917,SPL-16-O-CG,8,4,4,13.85,,
111918,SPL-24-B-CG,6,4,2,13.85,,
111919,SPL-24-O-CG,8,4,4,13.85,,
111920,SPL-24-B-RP,8,4,4,11.54,,
111921,SPL-24-O-RP,8,4,4,11.54,,
111922,167532,0,0,0,31.33,54.97,
111923,167432,0,0,0,28.66,50.97,
111924,166132,0,0,0,16.43,28.97,
111925,166001,0,0,0,14.27,24.97,
111926,169601,0,0,0,50.91,89.97,
111928,163501,0,0,0,117.91,206.97,
111929,163001,0,0,0,102.51,179.97,
111930,163032,0,0,0,36.74,64.97,
111933,9620017083,0,0,0,671.33,,1118.89
111934,9620017082,0,0,0,503.33,,838.89
111935,9620017092,0,0,0,469.73,,782.89
111936,9620017087,0,0,0,469.73,,782.89
111940,2223621,12,6,6,73.11,,
111949,SCM-LCX,0,0,0,516.47,,
111950,SCM-N2K-RGB,0,0,0,170.59,,
111979,1313-FT,220,220,0,1.62,,
111997,ASS030064921,49,24,25,6.20,,7.65
111998,G87,0,0,0,74.01,,
111999,TM87OX10,0,0,0,154.95,,
112000,TM87OX11,0,0,0,154.95,,
112001,TM87OX12,0,0,0,154.95,,
112002,TM87OX13,0,0,0,154.95,,
112003,TM87OX14,0,0,0,154.95,,
112004,TM87OX15,0,0,0,154.95,,
112005,TM87OX16,0,0,0,154.95,,
112006,TM87OX17,0,0,0,154.95,,
112007,TM87OX18,0,0,0,154.95,,
112008,TM87OX19,0,0,0,154.95,,
112009,TM87OX20,0,0,0,154.95,,
112010,TM87OX21,0,0,0,154.95,,
112011,TM87OX22,0,0,0,154.95,,
112012,ZDIGNS8,3,2,1,142.46,,
112016,30454,24,12,12,8.52,15.99,
112018,BPS-1,8,4,4,380.65,,472.00
112019,BPS-2,6,2,4,761.29,,944.00
112020,BPS-4,6,2,4,1524.19,,1889.00
112021,BPS-6,6,2,4,2116.13,,2624.00
112022,BPS-8,2,0,2,2709.68,,3359.00
112023,24V-PRO-2,3,1,2,1354.84,,1679.00
112024,24V-PRO-4,3,1,2,2116.13,,2624.00
112025,24V-PRO-6,2,0,2,2540.32,,3149.00
112026,24V-PRO-8,1,0,1,3217.74,,3989.00
112036,ZDIGIKREATE,2,2,0,233.71,,
112037,ZDIGJDOC,0,0,0,354.13,,
112038,ZDIGVELINK,2,2,0,212.47,,
112070,010-12224-03,0,0,0,59.99,,
112097,150400-200-080-25,5,5,0,92.67,,
112436,WR8/4G-100,0,0,0,678.49,,
112489,CIP138400020,10,4,6,37.89,,46.75
112528,150400-200-060-25,1,1,0,92.67,,
112599,VT-HDT-48,0,0,0,462.86,,
112651,412000-1/ML2,4,0,4,2680.11,,3099.99
112652,412000-1CHO/ML2,4,0,4,2502.92,,2899.98
112654,412010-1/ML2,4,0,4,3318.05,,3899.98
112655,412010-1CHO/ML2,4,0,4,3147.01,,3699.98
112656,412020-1/ML2,0,0,0,3831.15,,4499.98
112657,412020-1CHO/ML2,0,0,0,3660.11,,4299.98
