sku,mfgn,qty,qtynj,qtyfl,price,map,mrp
10020,2228,0,0,0,5.33,,
10021,6001,0,0,0,86.60,,
10024,6003,0,0,0,86.60,,
10025,1928.3,6,3,3,159.66,,
10026,6002,2,0,2,47.64,,
10027,1927.3,3,1,2,361.89,,
10030,9283.3,0,0,0,414.85,,
10341,X-10-M,5,3,2,35.00,,
10342,SS-1002,6,3,3,256.12,,
10345,SS-2000,6,5,1,441.77,,
10348,FN-201,3,2,1,372.82,,
10349,BN-202,4,1,3,430.96,,
10350,SP-5-B,0,0,0,909.95,,
10351,F-50,13,8,5,76.33,,
10352,SS-5000,1,0,1,749.00,,
10353,F-50W,5,3,2,76.33,,
10354,B-51,10,6,4,75.06,,
10355,S-53,3,0,3,75.06,,
10357,V-57W.2,6,3,3,78.24,,
10360,HF-742,3,2,1,226.19,,
10361,HF-743,5,3,2,226.19,,
10366,B-80,4,2,2,149.99,,
10367,B-81,4,2,2,161.89,,
10368,F-82,3,1,2,154.91,,
10369,F-83,16,10,6,154.91,,
10373,RU-90,3,1,2,138.67,,
10374,DNB-200,0,0,0,540.16,,
10377,DNP-200,0,0,0,540.16,,
10378,YB-500,0,0,0,1215.89,,
10391,220SW,9,7,2,33.33,,
10394,MMB-84,37,14,23,12.00,,
10442,SP-80-3,1,1,0,3026.80,,
10446,SRA-1,1,1,0,630.00,,
10472,SP-70-3,0,0,0,2606.80,,
10532,X-11Y,3,2,1,47.02,,
10533,FNW-201,1,1,0,321.99,,
10534,HF-742W,4,2,2,226.19,,
10535,HF-743W,7,3,4,226.19,,
10536,F-82W,5,3,2,154.91,,
10537,F-83W,3,1,2,154.91,,
10539,RA-91,2,1,1,75.06,,
10540,RA-93,9,6,3,75.06,,
10541,BN-C,8,4,4,28.50,,
10545,LL-C,0,0,0,34.29,,
10548,N-203-C,10,6,4,26.40,,
10549,NC-20,4,3,1,31.00,,
10550,GM-5-C,4,2,2,54.96,,
10552,010-10117-02,0,0,0,11.71,,
10563,010-10085-00,10,4,6,22.49,,
10578,010-10083-00,17,7,10,22.49,,
10595,390,0,0,0,534.99,,
10596,393,0,0,0,355.29,,
10597,396-1,6,2,4,141.19,,
10599,399-1M,8,5,3,264.44,,
10601,4018,0,0,0,572.75,,
10602,4018-M,0,0,0,528.91,,
10609,4351,6,5,1,74.46,,
10612,476,0,0,0,1150.24,,
10618,5018,4,4,0,558.56,,
10627,5206-N,244,128,116,69.04,,
10631,5215,8,7,1,61.55,,
10632,5215-C-X,12,7,5,128.92,,
10636,5225-XT,16,16,0,175.63,,
10637,5226-XT,2,2,0,175.63,,
10640,5230,5,1,4,454.75,,
10648,5911,3,3,0,59.73,,
10658,408-R,9,6,3,17.40,,
10660,410-R,6,0,6,74.45,,
10661,4186-BP,16,14,2,11.01,,
10662,4186-U,13,2,11,11.01,,
10663,4187,47,44,3,44.12,,
10668,4352,0,0,0,36.46,,
10673,4365,16,10,6,21.19,,
10679,5228,8,5,3,204.97,,
10680,5228-4,6,1,5,138.04,,
10682,81-S,0,0,0,59.51,,
10840,2100,6,2,4,56.83,,
10841,2101,6,3,3,48.97,,
10842,2300A,23,12,11,131.49,,
10844,2303A,28,12,16,178.83,,
10850,84-2056-01,12,7,5,138.79,,
11049,483,0,0,0,124.99,,
11123,740011-1,0,0,0,24.14,,
11188,SPC-15RP,10,7,3,22.86,,
11196,SPC-40RP,15,5,10,30.00,,
11197,SPC-5P,1,1,0,14.67,,
11221,MA4054W,93,48,45,24.99,,
11222,MA4055W,277,141,136,29.99,,
11223,MA4055B,190,113,77,17.99,,
11224,MA4056W,231,105,126,27.99,,
11225,MA4056B,158,81,77,19.99,,
11234,MA905W,268,170,98,34.99,,
11235,MB21W,168,86,82,12.99,,
11236,MB21B,341,190,151,11.99,,
11237,MB41W,194,94,100,18.99,,
11238,MB41B,28,0,28,19.99,,
11241,WC-3,90,51,39,5.99,,
11793,525TID-TMD,0,0,0,688.89,,
11794,235DT-PSE,0,0,0,500.00,,
11799,001-410-540,0,0,0,311.82,,
11800,PG500R,0,0,0,805.95,,
11804,520-IHD,2,1,1,181.82,199.00,
11805,AIR-033-270,0,0,0,72.73,,
11806,AIR-033-352,0,0,0,68.18,,
11814,AIR-033-391,0,0,0,227.27,,
11817,525T-BSD,4,2,2,204.44,,
12150,SS-1002W,3,2,1,256.12,,
12151,SS-2000W,3,2,1,441.77,,
12152,SS-5000W,1,0,1,801.42,,
12167,5241-R,15,10,5,90.64,,
12286,MA1000RB,270,129,141,3.99,,
12542,MA4054B,226,112,114,19.99,,
12743,M81120,4,2,2,872.27,,
12744,M81121,2,1,1,1072.00,,
12745,M81105,4,4,0,270.82,,
13034,010-10121-00,0,0,0,22.49,,
13048,5228-1,7,7,0,62.73,,
13049,5228-2,6,1,5,67.04,,
13112,525ST-PWC,0,0,0,173.33,,
13113,526ST-MSC,0,0,0,355.56,,
13169,M78713-PZ,2,2,0,149.99,,179.99
13172,P19007,35,25,10,48.73,,
13173,P19001,5,3,2,48.73,,
13174,P19006,0,0,0,48.73,,
13176,5309-R,0,0,0,733.79,,
13253,AIR-033-226,0,0,0,68.18,,
13254,AIR-033-476,0,0,0,68.18,,
13255,AIR-033-073,0,0,0,159.09,,
13256,525STID-MSD,0,0,0,400.00,479.99,
13267,5101,56,50,6,72.51,,
13292,525STID-PWD,3,3,0,173.33,,
13293,520-5PSD,0,0,0,174.22,,
13294,ST-02MSB,0,0,0,190.91,,
13295,ST-02PSB,0,0,0,118.18,,
13298,CA50/200-12M,0,0,0,921.82,,
13300,525T-BSC,0,0,0,204.44,,
13306,FAX30,0,0,0,1133.55,,
13350,520-BLD,0,0,0,186.67,,
13362,000-041-405,0,0,0,80.91,,
13366,525T-PWD,2,2,0,106.67,,
13374,806-1800,5,2,3,1459.74,,
13474,010-10192-01,0,0,0,155.00,,
13478,526ST-MSC7,0,0,0,440.00,,
13479,YB-600,0,0,0,1453.22,,
13481,ST-01PTB,0,0,0,81.82,,
13483,AIR-033-203,0,0,0,77.27,,
13498,E26019-PZ,0,0,0,270.82,,324.99
13500,A12005,15,8,7,566.57,,
13501,A12004,4,2,2,472.82,,
13544,CA50/200-1T,0,0,0,921.82,,
13560,000-158-002,0,0,0,34.55,,
13561,CA50B-9B,0,0,0,422.73,,
13593,010-10272-00,17,13,4,74.99,,
13598,AIR-033-204,0,0,0,63.64,,
13628,9004E,11,5,6,46.42,,
13629,2001,22,7,15,10.57,,
13630,GPA017,2,1,1,117.27,,
13643,000-159-695,0,0,0,112.73,,
13646,9282.3,2,0,2,172.89,,
13666,520-PLD,0,0,0,88.89,,
13667,000-135-397,5,3,2,50.00,,
13724,4187HD,0,0,0,50.92,,
13726,5120,23,12,11,91.25,,
13748,808-1800,4,2,2,59.28,,
13759,4357-S,10,5,5,72.08,,
13770,AIR-033-333,0,0,0,50.00,,
13775,000-154-036,0,0,0,94.55,,
13776,FAX5,0,0,0,592.73,,
13792,SP-5-C,0,0,0,909.95,,
13827,525-5PWD,0,0,0,112.73,,
13828,000-154-053,0,0,0,131.82,,
13834,CA50B-6B,0,0,0,262.73,,
13846,CA200B-5S,0,0,0,281.82,,
13852,AIR-033-351,0,0,0,31.82,,
13856,P102938,2,0,2,44.47,,
13876,4125,11,3,8,12.59,,
13877,7234,12,5,7,38.61,,
13878,7208,36,14,22,16.27,,
13879,9353,5,0,5,31.46,,
13880,8013,2,0,2,32.87,,
13881,1002,49,22,27,16.77,,
13882,8031,28,15,13,7.05,,
13902,E66008,0,0,0,169.60,,199.00
13934,8067,8,6,2,29.53,,
13935,8030,21,5,16,7.05,,
13936,8039,20,10,10,29.53,,
13937,8065,10,5,5,16.86,,
13938,2304,91,53,38,9.65,,
13940,2305,80,46,34,10.71,,
13941,2701,52,12,40,15.43,,
13942,2709,18,5,13,11.24,,
13943,2710,22,12,10,11.48,,
13944,2301,140,79,61,12.87,,
13945,2303,58,34,24,16.75,,
13947,2302,78,34,44,20.01,,
13948,2105,181,90,91,42.05,,
13950,2003,169,39,130,9.97,,
13951,2002,124,38,86,9.97,,
13952,2103,20,5,15,18.92,,
13953,2104,220,70,150,89.78,,
13954,2708,34,20,14,19.41,,
13955,2506,124,67,57,7.32,,
13956,2508,150,67,83,8.54,,
13957,2510,89,53,36,9.70,,
13958,2512,140,54,86,13.37,,
13959,9217,149,39,110,2.99,,
13960,1001,40,20,20,16.19,,
13961,1003,42,29,13,18.54,,
13967,5018,3,0,3,32.27,,
13969,5005,227,97,130,23.62,,
13971,8068,8,5,3,482.22,,
13972,8082,3,2,1,379.47,,
13974,8080,0,0,0,178.20,,
13975,8079,18,14,4,108.66,,
13976,8051,0,0,0,205.96,,
13979,8061,7,4,3,173.68,,
13980,8081,0,0,0,306.27,,
13981,8015,0,0,0,87.57,,
13984,B-51W,4,2,2,75.06,,
13993,FN-203,7,4,3,390.35,,
13994,FNW-203,3,2,1,390.35,,
14021,520-5MSD,0,0,0,303.11,,
14037,5400-XT,5,1,4,156.80,,
14038,5401-XT,5,5,0,156.80,,
14042,5420-XT,4,0,4,124.24,,
14043,5421-XT,2,2,0,124.24,,
14065,010-10314-00,0,0,0,7.42,,
14066,010-10267-00,0,0,0,7.90,,
14067,D284,6,3,3,46.86,,
14069,D286,0,0,0,59.65,,
14070,D287,0,0,0,68.17,,
14071,D288,0,0,0,89.48,,
14073,D244,4,2,2,42.60,,
14085,M78717,0,0,0,183.32,,
14100,528-VW,18,11,7,195.42,,
14106,531-AW,0,0,0,216.41,,
14125,2702,20,10,10,16.47,,
14165,7202,57,9,48,17.47,,
14166,7206,104,80,24,16.27,,
14177,5133,27,13,14,25.85,,
14235,SK135,0,0,0,181.81,,
14258,82-0123-01,8,6,2,137.41,,
14259,2404,78,68,10,4.72,,
14260,2406,76,40,36,5.39,,
14489,ARP11,0,0,0,610.91,,
14494,000-154-052,0,0,0,423.64,,
14495,235DST-PWE,0,0,0,481.82,,
14497,010-10231-01,4,3,1,17.59,,
14521,000-144-463,0,0,0,66.36,,
14525,4700,0,0,0,22.56,,
14526,4700-1,4,4,0,34.54,,
14527,4700-2,5,4,1,47.19,,
14533,4190,2,2,0,40.73,,
14538,4710,34,23,11,15.58,,
14541,4720,5,5,0,19.19,,
14561,2011,54,12,42,6.65,,
14562,2101,14,7,7,18.92,,
14563,2102,7,6,1,18.92,,
14566,4100,88,42,46,2.86,,
14567,4126,7,5,2,13.57,,
14569,5015,5,3,2,37.99,,
14572,8086,3,1,2,1344.14,,
14573,8084,3,1,2,763.27,,
14574,8076,2,2,0,481.43,,
14575,8074,3,0,3,398.56,,
14576,8097,5,3,2,270.44,,
14577,8096,6,4,2,225.73,,
14578,8261,4,2,2,193.49,,
14579,8262,6,1,5,115.37,,
14580,9001E,65,31,34,35.23,,
14581,8184,0,0,0,763.38,,
14582,2402,43,25,18,3.85,,
14583,2408,62,42,20,6.24,,
14584,2410,36,28,8,8.44,,
14585,2502,110,51,59,4.23,,
14586,2504,182,50,132,5.28,,
14587,2602,41,10,31,7.25,,
14588,2604,23,23,0,10.33,,
14589,2608,20,6,14,19.53,,
14590,2610,22,5,17,22.52,,
14592,9216,29,20,9,3.24,,
14594,9218,79,33,46,2.99,,
14597,7218,35,20,15,16.27,,
14599,7226,13,3,10,16.27,,
14600,7230,33,20,13,16.27,,
14601,7233,0,0,0,37.54,,
14602,7235,20,15,5,37.54,,
14603,7260,8,8,0,37.54,,
14604,7238,27,12,15,37.54,,
14605,7240,8,4,4,37.54,,
14606,7242,16,5,11,37.54,,
14607,010-10300-00,0,0,0,29.99,,
14672,V-57.2,6,0,6,78.24,,
14673,K-TD.2,1,1,0,30.00,,
14768,8033,105,56,49,2.44,,
14769,8022,6,4,2,65.68,,
14771,8232,7,2,5,18.15,,
14847,8263,8,5,3,43.61,,
14882,AG226,0,0,0,349.08,,
14883,AG126,0,0,0,359.99,,
14884,TP125,0,0,0,145.44,,
14907,5235-XT,12,4,8,148.31,,
14908,4006,10,2,8,22.31,,
14909,414,10,5,5,8.64,,
14911,4188-SL,3,2,1,61.11,,
14934,SU-1,0,0,0,35.29,,
14941,ANCHORMAX,1,0,1,762.94,,
14960,CMP460,191,111,80,44.04,,
14968,22040A,8,3,5,525.95,,
15022,NET-DWN-CBL,0,0,0,54.55,,
15023,010-10305-01,0,0,0,18.75,,
15028,D031,0,0,0,85.22,,
15111,235DHT-MSE,0,0,0,627.27,,
15112,235DHT-LMSE,0,0,0,736.36,,
15125,000-159-686,1,0,1,53.64,,
15126,000-030-097,0,0,0,81.82,,
15198,FPHRC1002000C00,31,10,21,127.68,,
15204,FP900UB00000A00,12,7,5,25.04,,
15231,E66023,0,0,0,83.32,,
15232,M81131,0,0,0,2291.66,,
15266,E66054,0,0,0,169.60,,199.00
15273,4079,11,8,3,12.33,,
15274,4184,101,29,72,7.67,,
15307,PL-258-G,0,0,0,10.63,,
15309,PL-259-58-G,2,2,0,10.63,,
15310,PL-259-CP-G,195,139,56,11.95,,
15311,PL-259-G,19,11,8,10.63,,
15317,PL-258-CP-G,29,23,6,17.60,,
15371,E66014,0,0,0,241.66,,289.99
15374,PL-259-8X-G,7,7,0,10.63,,
15404,E22078,16,8,8,538.03,,
15502,E26030,1,1,0,99.99,,
15512,SRC-35,4,2,2,44.88,,
15513,SRC-50,4,4,0,60.88,,
15556,MR690,0,0,0,80.59,144.99,
15599,802-1500,0,0,0,621.43,,
15665,6510USB,0,0,0,191.76,202.50,
15685,010-10454-00,0,0,0,9.89,,
15701,2110A,6,3,3,34.76,,
15706,2111A,22,7,15,29.15,,
15841,E12093,8,5,3,680.70,,
15856,M81130,2,1,1,1979.16,,
15871,GP1060,0,0,0,349.08,,
15965,M81132,0,0,0,2366.66,,
16015,GP1061,0,0,0,363.62,,
16019,010-00351-00,40,11,29,202.49,,
16024,CT-100,9,5,4,19.06,,
16081,8197,0,0,0,270.44,,
16082,8072,22,9,13,16.86,,
16087,8066,38,17,21,2.44,,
16088,9003E,172,98,74,32.94,,
16105,S-53G,2,0,2,75.06,,
16136,PP5050,0,0,0,356.35,,
16137,PP5051,0,0,0,370.90,,
16152,240SW,10,5,5,39.13,,
16154,PP5061,0,0,0,399.99,,
16208,N108000,0,0,0,443.18,,
16209,N128000,0,0,0,446.02,,
16210,FP900DB00000A00,12,5,7,25.04,,
16211,DA645G,0,0,0,21.98,,
16213,N129000,0,0,0,451.70,,
16218,N188000,1,0,1,429.99,,
16219,12700UNIV,12,5,7,289.77,,
16220,12641-12,0,0,0,78.75,,
16221,12701-12,2,1,1,78.75,,
16222,12612,7,5,2,15.75,,
16224,12727,9,3,6,105.00,,
16227,2900BWL,0,0,0,303.75,,
16228,2900WBL,0,0,0,303.75,,
16251,GP1040,0,0,0,319.99,,
16253,GP1050,0,0,0,312.72,,
16254,GP1051,0,0,0,327.26,,
16260,GP1170,0,0,0,370.90,,
16267,GP2050,0,0,0,312.72,,
16268,GP2051,0,0,0,327.26,,
16269,GP2060,0,0,0,349.08,,
16270,GP2061,0,0,0,363.62,,
16276,GP2170,0,0,0,370.90,,
16286,396-1-AIS,6,0,6,154.60,,
16386,9093,8,3,5,399.99,,
16387,8369,0,0,0,427.51,,
16435,010-10380-00,0,0,0,7.14,,
16507,5025,477,248,229,32.73,,
16508,5026,342,132,210,42.32,,
16509,2723,14,9,5,24.85,,
16523,809-0915,5,2,3,173.49,,
16532,E55060,0,0,0,38.34,,
16536,E55052,0,0,0,238.63,,
16537,E55053,0,0,0,59.65,,
16578,E15024,0,0,0,457.88,,
16600,P77746,5,2,3,899.76,,
16601,P77741,4,2,2,764.80,,
16602,P77736,3,2,1,721.30,,
16604,P77727,6,3,3,653.82,,
16607,P77712,0,0,0,489.29,,
16608,P77912,22,11,11,536.05,,
16609,P77915,4,3,1,740.24,,
16610,P77726,6,3,3,644.81,,
16710,MR50B,6,5,1,32.19,54.99,
16755,P77099,5,1,4,779.80,,
16790,010-10552-00,0,0,0,52.49,,
16791,010-10551-00,10,1,9,41.24,,
16850,129E,0,0,0,541.50,,
16851,189E,0,0,0,582.47,,
16852,249E,0,0,0,603.36,,
16853,309E,0,0,0,629.39,,
16854,369E,0,0,0,648.79,,
16855,429E,0,0,0,681.52,,
16856,549E,0,0,0,829.96,,
16857,1212E,0,0,0,583.21,,
16858,1812E,0,0,0,603.36,,
16859,2412E,0,0,0,623.43,,
16860,3012E,0,0,0,648.79,,
16861,3612E,0,0,0,681.52,,
16862,4212E,0,0,0,724.72,,
16863,4812E,0,0,0,865.49,,
16864,5412E,0,0,0,1007.97,,
16865,489E,0,0,0,724.72,,
16866,6012E,0,0,0,1097.85,,
16867,6612E,0,0,0,1155.60,,
16868,7212E,0,0,0,1247.79,,
16869,129,0,0,0,473.00,,
16870,189,0,0,0,513.97,,
16871,249,0,0,0,534.80,,
16872,309,0,0,0,560.89,,
16873,369,0,0,0,580.23,,
16875,429,0,0,0,613.02,,
16876,549,0,0,0,755.22,,
16877,1212,0,0,0,514.71,,
16878,1812,0,0,0,534.80,,
16879,2412,0,0,0,554.89,,
16880,3012,0,0,0,580.23,,
16881,3612,0,0,0,613.02,,
16882,4212,0,0,0,656.22,,
16883,4812,0,0,0,796.99,,
16884,5412,0,0,0,855.08,,
16885,489,0,0,0,716.19,,
16887,6012,0,0,0,938.50,,
16888,6612,0,0,0,1103.93,,
16889,7212,0,0,0,1173.06,,
16890,M80,0,0,0,520.67,,
16891,M120,0,0,0,557.92,,
16892,ST9,0,0,0,632.37,,
16893,ST12,1,0,1,799.97,,
16894,ST16,4,1,3,865.49,,
16897,ES2000,10,5,5,68.56,,
16898,ES2000A,4,2,2,91.61,,
16913,A1101A,19,6,13,73.76,,
16915,A1103,4,1,3,14.19,,
16920,A1113,5,3,2,5.96,,
16921,A1114,19,10,9,6.76,,
16922,A1115,12,4,8,2.70,,
16923,A1200S,6,3,3,73.76,,
16925,AR512,2,0,2,59.62,,
16928,V351HPU1,122,69,53,263.21,,
16929,V351HPU2,5,3,2,285.31,,
16930,VP1135R,14,7,7,42.46,,
16931,VP1135G,4,2,2,42.46,,
16932,T1125-20,5,3,2,28.32,,
16957,P55950,1,1,0,543.86,,
16958,P55750,4,3,1,494.52,,
16968,"578-SW ",10,4,6,255.51,,
17029,DNW-200,0,0,0,540.16,,
17037,E26001-PZ,0,0,0,169.60,,199.00
17039,E66066,0,0,0,83.32,,
17061,526TID-HDD,0,0,0,1244.44,,
17064,010-10603-00,41,12,29,14.99,,
17067,FMB321,27,16,11,9.38,,
17088,CA200B-12H,0,0,0,1599.09,,
17153,010-10570-00,0,0,0,21.99,,
17180,000-152-867,0,0,0,272.73,,
17185,PSU008,0,0,0,1177.27,,
19000,5001,31,10,21,21.42,,
19005,5138,46,20,26,4.19,,
19006,7198,37,10,27,5.81,,
19007,5139,50,22,28,4.19,,
19008,5140,55,30,25,4.19,,
19009,5141,28,17,11,4.19,,
19010,5142,32,30,2,4.68,,
19011,5143,38,23,15,4.32,,
19012,5101,30,14,16,7.27,,
19013,5102,27,18,9,7.27,,
19014,5103,22,8,14,7.27,,
19015,5104,25,14,11,7.27,,
19016,5105,60,40,20,7.27,,
19018,5107,33,24,9,7.27,,
19019,5112,6,6,0,45.58,,
19020,5113,30,20,10,45.58,,
19021,5114,14,9,5,45.58,,
19022,5115,16,10,6,45.58,,
19023,5116,41,21,20,45.58,,
19024,5117,42,27,15,49.72,,
19025,5118,19,18,1,49.72,,
19026,5119,159,59,100,49.72,,
19027,5120,61,24,37,56.05,,
19028,5121,119,89,30,49.72,,
19041,8023,19,15,4,191.18,,
19042,8025,7,3,4,127.97,,
19045,8054,0,0,0,77.82,,
19046,8053,4,2,2,125.89,,
19047,8058,24,14,10,131.73,,
19048,8059,5,4,1,188.59,,
19049,8027,13,5,8,211.24,,
19050,8043,6,4,2,234.90,,
19051,8032,5,3,2,170.99,,
19052,8029,4,2,2,122.65,,
19053,8077,40,15,25,86.92,,
19057,9002E,15,6,9,47.33,,
19059,7210,248,118,130,16.27,,
19060,7214,95,38,57,16.27,,
19061,7222,50,25,25,16.27,,
20208,2010,25,14,11,6.65,,
20209,2107,18,6,12,124.01,,
20210,2201,33,5,28,18.46,,
20211,2202,30,10,20,18.46,,
20212,2203,21,11,10,20.34,,
20213,2204,21,10,11,20.34,,
20218,2300,197,94,103,14.94,,
20219,2306,27,10,17,4.99,,
20220,2606,16,16,0,16.87,,
20222,2715,38,12,26,3.20,,
20224,2722,49,40,9,22.00,,
20231,3000,62,37,25,66.68,,
20232,3001,5,3,2,76.09,,
20233,3002,16,3,13,84.39,,
20234,3003,7,4,3,79.03,,
20377,4001,74,72,2,5.43,,
20378,4005,9,5,4,4.56,,
20379,4006,11,5,6,4.44,,
20380,4008,37,20,17,2.77,,
20381,4009,12,6,6,2.80,,
20382,4010,97,22,75,2.63,,
20383,4011,51,23,28,2.63,,
20384,4012,106,46,60,4.06,,
20385,4013,71,21,50,4.06,,
20386,4014,102,22,80,4.41,,
20387,4015,61,23,38,4.41,,
20388,4016,15,7,8,5.04,,
20389,4017,56,16,40,4.23,,
20390,4026,11,6,5,23.80,,
20391,4027,11,7,4,27.35,,
20392,4028,7,3,4,72.13,,
20393,4029,0,0,0,119.75,,
20396,4111,19,10,9,4.57,,
20397,4130,8,4,4,24.51,,
20398,4131,10,7,3,24.51,,
20399,4135,100,61,39,3.61,,
20400,4136,31,20,11,3.61,,
20401,4137,480,64,416,3.61,,
20402,4138,211,67,144,3.35,,
20404,4150,315,66,249,7.65,,
20405,4151,55,16,39,7.97,,
20406,4152,54,12,42,8.24,,
20407,4153,14,10,4,8.15,,
20408,4154,31,12,19,8.15,,
20409,4155,40,11,29,22.62,,
20410,4215,15,10,5,11.62,,
20411,4216,15,6,9,12.85,,
20412,4217,17,10,7,16.82,,
20413,4218,9,4,5,11.62,,
20414,4302,4,1,3,42.42,,
20415,4304,7,5,2,67.97,,
20416,4306,6,5,1,95.65,,
20417,4308,10,5,5,134.44,,
20422,4374,2,1,1,83.46,,
20423,4376,10,6,4,103.49,,
20428,5021,224,120,104,4.90,,
20429,5028,37,20,17,28.63,,
20430,5029,93,15,78,36.88,,
20431,5030,16,7,9,37.28,,
20432,5031,31,26,5,47.29,,
20433,5033,15,8,7,32.33,,
20434,5034,6,1,5,42.29,,
20435,5108,30,10,20,7.27,,
20436,5122,25,12,13,21.13,,
20437,5123,12,0,12,21.13,,
20438,5124,39,19,20,21.13,,
20439,5125,28,10,18,21.13,,
20440,5126,20,9,11,21.13,,
20441,5127,31,18,13,21.13,,
20442,5128,13,6,7,22.51,,
20443,5129,51,32,19,21.13,,
20445,5131,29,20,9,25.85,,
20448,5135,21,10,11,27.16,,
20449,5136,35,21,14,25.85,,
20450,5137,28,18,10,25.85,,
20451,5161,1,0,1,40.23,,
20453,5163,31,6,25,39.11,,
20454,5164,0,0,0,21.13,,
20455,5165,17,13,4,21.13,,
20491,5235,71,44,27,2.33,,
20492,5236,67,46,21,1.97,,
20493,5237,51,32,19,1.97,,
20494,5238,38,23,15,1.97,,
20495,5239,63,40,23,1.97,,
20496,5240,49,31,18,1.97,,
20497,5241,81,46,35,1.97,,
20498,5242,103,39,64,1.97,,
20499,5243,35,19,16,1.97,,
20500,5244,20,7,13,1.97,,
20501,5245,21,12,9,1.97,,
20502,5246,60,28,32,1.97,,
20505,6007,26,19,7,29.29,,
20506,6010,16,9,7,44.44,,
20507,6011,54,24,30,36.56,,
20508,6337,5,3,2,182.62,,
20520,7035,8,6,2,71.85,,
20521,7036,14,6,8,71.85,,
20523,7038,31,16,15,71.85,,
20524,7039,10,7,3,71.85,,
20525,7040,24,15,9,71.85,,
20526,7041,70,65,5,71.85,,
20527,7042,11,10,1,71.85,,
20528,7043,7,4,3,71.85,,
20529,7044,29,7,22,71.85,,
20531,7046,25,16,9,71.85,,
20532,7047,8,5,3,71.85,,
20533,7048,51,38,13,71.85,,
20534,7050,89,28,61,4.72,,
20536,7052,124,53,71,4.72,,
20537,7053,104,24,80,4.65,,
20538,7054,330,107,223,4.19,,
20540,7056,267,72,195,4.19,,
20541,7057,151,39,112,4.48,,
20542,7058,43,23,20,4.62,,
20543,7059,51,21,30,4.78,,
20545,7061,30,15,15,5.53,,
20555,7135,12,7,5,71.85,,
20556,7136,8,8,0,71.85,,
20558,7138,8,3,5,71.85,,
20559,7139,19,10,9,71.85,,
20560,7140,67,37,30,71.85,,
20561,7141,19,9,10,71.85,,
20562,7142,16,8,8,71.85,,
20563,7143,6,3,3,71.85,,
20564,7144,24,19,5,71.85,,
20566,7146,30,6,24,71.85,,
20568,7148,28,18,10,71.85,,
20569,7200,34,16,18,17.39,,
20570,7201,7,1,6,15.52,,
20571,7204,38,11,27,16.27,,
20572,7205,0,0,0,16.27,,
20573,7209,18,9,9,16.27,,
20574,7212,44,18,26,16.27,,
20575,7213,19,14,5,16.27,,
20576,7216,22,7,15,16.27,,
20577,7217,8,5,3,16.27,,
20578,7220,32,18,14,16.27,,
20579,7221,11,6,5,16.27,,
20580,7224,34,9,25,16.27,,
20581,7225,6,3,3,16.27,,
20582,7228,20,6,14,16.27,,
20583,7229,8,4,4,16.27,,
20584,7232,6,2,4,38.61,,
20585,7236,7,6,1,37.54,,
20586,7237,13,9,4,37.54,,
20587,7239,5,5,0,38.61,,
20588,7241,9,4,5,37.54,,
20589,7244,11,0,11,40.54,,
20590,7246,18,6,12,40.54,,
20591,7248,20,10,10,40.54,,
20592,7250,57,5,52,40.54,,
20593,7251,15,5,10,97.54,,
20594,7254,17,10,7,97.54,,
20595,7256,0,0,0,97.54,,
20596,7258,10,9,1,100.32,,
20601,7267,0,0,0,132.95,,
20602,7268,0,0,0,132.95,,
20603,7269,2,2,0,132.95,,
20604,7270,2,2,0,171.53,,
20605,7271,13,10,3,171.53,,
20606,7287,26,18,8,125.81,,
20607,7288,0,0,0,125.81,,
20608,7289,2,2,0,129.38,,
20609,7290,8,6,2,125.81,,
20613,7294,8,3,5,38.61,,
20614,7295,10,5,5,38.61,,
20615,7299,16,5,11,16.27,,
20633,7347,12,8,4,16.72,,
20634,7348,10,5,5,38.61,,
20635,7349,5,2,3,38.61,,
20636,7350,19,5,14,40.54,,
20637,7351,16,3,13,40.54,,
20638,7352,28,3,25,40.54,,
20639,7353,25,7,18,40.54,,
20640,7354,6,5,1,40.54,,
20641,7355,0,0,0,40.54,,
20642,7365,19,4,15,97.54,,
20645,7372,1,1,0,236.94,,
20649,7400,34,20,14,20.51,,
20650,7401,7,2,5,21.09,,
20651,7402,40,20,20,20.51,,
20652,7403,62,28,34,20.51,,
20653,7404,49,17,32,20.51,,
20654,7405,5,5,0,20.51,,
20655,7406,31,9,22,20.51,,
20656,7407,26,8,18,20.51,,
20657,7408,18,9,9,20.51,,
20658,7425,4,4,0,22.10,,
20660,7427,9,5,4,22.10,,
20661,7428,8,6,2,22.10,,
20662,7429,8,6,2,21.49,,
20663,7430,0,0,0,22.10,,
20666,7433,3,3,0,22.10,,
20670,7475,10,5,5,124.85,,
20671,7476,2,0,2,124.85,,
20672,7477,2,2,0,183.33,,
20678,7900,6,5,1,4.51,,
20679,7901,8,5,3,5.46,,
20680,7902,5,1,4,6.72,,
20681,8003,7,3,4,32.37,,
20682,8005,7,5,2,35.09,,
20685,8017,5,2,3,65.68,,
20686,8018,3,3,0,65.68,,
20687,8019,0,0,0,87.49,,
20688,8028,5,0,5,33.24,,
20689,8034,116,56,60,2.44,,
20690,8035,29,10,19,1.56,,
20691,8037,24,9,15,1.75,,
20693,8041,0,0,0,72.28,,
20694,8069,0,0,0,17.92,,
20695,8073,11,6,5,18.91,,
20696,8087,3,1,2,74.61,,
20697,8088,8,5,3,63.35,,
20698,8089,23,8,15,4.20,,
20699,8095,3,2,1,1216.05,,
20700,8099,8,6,2,239.65,,
20701,8127,0,0,0,246.19,,
20702,8129,0,0,0,132.29,,
20703,8132,0,0,0,218.01,,
20704,8134,32,18,14,2.48,,
20706,8158,0,0,0,164.67,,
20707,8159,0,0,0,235.71,,
20708,8161,0,0,0,217.10,,
20709,8165,0,0,0,719.34,,
20710,8166,26,20,6,2.81,,
20711,8167,60,30,30,2.48,,
20712,8169,4,4,0,2.44,,
20713,8171,228,113,115,2.44,,
20714,8172,67,23,44,2.44,,
20715,8173,16,5,11,20.94,,
20716,8174,0,0,0,498.20,,
20717,8176,0,0,0,601.84,,
20718,8177,0,0,0,108.66,,
20719,8179,0,0,0,108.66,,
20721,8186,0,0,0,1680.54,,
20722,8195,0,0,0,1520.06,,
20723,8199,0,0,0,284.42,,
20724,8200,5,2,3,8.25,,
20725,8204,9,3,6,11.28,,
20726,8205,3,0,3,9.81,,
20727,8206,0,0,0,8.41,,
20728,8207,5,0,5,17.91,,
20729,8208,4,0,4,12.63,,
20730,8209,0,0,0,12.08,,
20731,8210,9,5,4,8.91,,
20732,8211,4,3,1,9.28,,
20733,8212,0,0,0,19.57,,
20734,8214,68,19,49,7.13,,
20735,8216,12,6,6,12.44,,
20736,8217,6,2,4,13.82,,
20737,8218,5,1,4,16.49,,
20738,8219,6,3,3,12.51,,
20739,8220,8,4,4,20.77,,
20740,8221,3,0,3,22.10,,
20741,8222,6,0,6,16.52,,
20742,8230,22,11,11,11.11,,
20743,8231,9,5,4,12.75,,
20744,8233,0,0,0,16.54,,
20745,8234,0,0,0,18.91,,
20746,8235,8,5,3,149.47,,
20747,8236,5,2,3,176.92,,
20748,8237,11,4,7,176.92,,
20749,8238,16,10,6,215.68,,
20750,8239,2,1,1,176.92,,
20751,8240,6,4,2,32.77,,
20752,8242,4,2,2,70.27,,
20754,8244,6,3,3,34.35,,
20755,8245,6,3,3,34.35,,
20756,8246,6,3,3,61.00,,
20757,8247,33,15,18,251.71,,
20758,8248,8,3,5,228.62,,
20760,8251,0,0,0,167.70,,
20761,8252,0,0,0,72.54,,
20762,8253,2,1,1,72.54,,
20764,8255,37,27,10,53.18,,
20765,8256,15,9,6,21.24,,
20766,8257,7,2,5,20.47,,
20767,8258,13,8,5,53.65,,
20768,8259,11,8,3,6.95,,
20769,8260,8,3,5,11.19,,
20770,8264,0,0,0,586.05,,
20771,8265,1,0,1,705.24,,
20772,8266,43,26,17,4.92,,
20773,8267,47,24,23,4.92,,
20774,8268,20,20,0,5.20,,
20776,8271,2,0,2,189.53,,
20777,8272,2,0,2,110.84,,
20778,8273,0,0,0,147.11,,
20779,8274,0,0,0,91.87,,
20780,8275,6,1,5,19.52,,
20781,8278,17,6,11,5.20,,
20782,8280,1,1,0,188.77,,
20783,8282,353,92,261,11.75,,
20784,8283,69,10,59,12.44,,
20785,8284,17,11,6,13.53,,
20786,8285,22,6,16,13.56,,
20787,8286,27,18,9,16.52,,
20788,8287,6,0,6,13.51,,
20789,8288,20,5,15,12.15,,
20790,8289,11,3,8,17.56,,
20791,8290,15,7,8,16.52,,
20792,8291,18,15,3,15.18,,
20793,8292,34,19,15,10.59,,
20794,8293,59,20,39,3.66,,
20795,8294,53,21,32,4.06,,
20796,8295,7,0,7,4.06,,
20797,8296,31,5,26,4.06,,
20798,8297,23,13,10,3.94,,
20799,8298,3,3,0,4.03,,
20800,8299,2,2,0,4.03,,
20801,8357,0,0,0,387.19,,
20802,8358,0,0,0,261.85,,
20803,8359,0,0,0,249.67,,
20804,8361,3,3,0,451.27,,
20805,8363,6,4,2,367.11,,
20806,8365,7,4,3,309.75,,
20807,8366,6,4,2,209.48,,
20808,8367,14,10,4,199.73,,
20810,8371,10,5,5,189.53,,
20811,8372,6,6,0,110.84,,
20812,8373,10,3,7,147.11,,
20813,8374,0,0,0,91.87,,
20814,8375,0,0,0,429.39,,
20815,8376,8,3,5,346.97,,
20816,8377,5,3,2,407.84,,
20817,8378,0,0,0,674.52,,
20818,8379,3,3,0,886.25,,
20819,8380,3,1,2,730.65,,
20820,8381,0,0,0,985.22,,
20821,8382,1,1,0,1213.22,,
20822,8383,0,0,0,17.92,,
20823,8384,0,0,0,13.86,,
20824,8385,5,3,2,254.35,,
20825,8386,4,4,0,266.03,,
20826,8401,0,0,0,409.13,,
20827,8402,3,1,2,480.08,,
20828,8403,0,0,0,580.80,,
20829,8405,0,0,0,410.54,,
20830,8406,3,2,1,489.09,,
20831,8407,0,0,0,577.82,,
20832,8408,0,0,0,1117.78,,
20833,8409,0,0,0,322.13,,
20834,8410,0,0,0,138.89,,
20835,8411,3,3,0,235.75,,
20836,8412,3,3,0,246.30,,
20840,8461,0,0,0,499.44,,
20841,8462,0,0,0,453.85,,
20843,8464,0,0,0,517.42,,
20844,8465,0,0,0,717.03,,
20845,8466,0,0,0,470.01,,
20846,8467,0,0,0,241.70,,
20857,8478,0,0,0,417.01,,
20858,8479,0,0,0,529.78,,
20859,8480,0,0,0,433.87,,
20864,8485,0,0,0,458.54,,
20867,8488,0,0,0,433.08,,
20868,8489,0,0,0,362.59,,
20872,8498,0,0,0,359.23,,
20873,8499,0,0,0,279.19,,
20874,8505,0,0,0,513.18,,
20875,8506,0,0,0,611.37,,
20876,8507,0,0,0,577.82,,
20877,8508,0,0,0,1117.78,,
20878,8509,0,0,0,394.73,,
20879,8511,0,0,0,235.75,,
20880,8512,0,0,0,246.19,,
20883,8561,0,0,0,499.43,,
20884,8562,0,0,0,566.94,,
20886,8564,0,0,0,517.42,,
20887,8565,0,0,0,716.84,,
20888,8566,0,0,0,470.01,,
20889,8567,0,0,0,302.08,,
20902,8580,0,0,0,433.87,,
20907,8585,0,0,0,458.56,,
20910,8588,0,0,0,433.04,,
20911,8589,0,0,0,453.24,,
20915,8598,0,0,0,359.19,,
20916,8599,0,0,0,302.13,,
20943,8686,4,2,2,171.89,,
20945,8689,2,0,2,285.24,,
20946,8690,1,1,0,239.16,,
20948,8693,5,3,2,351.41,,
20949,9009,8,5,3,114.99,,
20950,9010,8,0,8,143.81,,
20951,9011,6,3,3,254.61,,
20952,9012,23,7,16,211.10,,
20953,9019,9,2,7,327.24,,
20954,9077,6,4,2,413.19,,
20955,9228,14,9,5,33.91,,
20957,9230,5,0,5,33.91,,
20959,9233,7,5,2,53.86,,
20960,9354,11,5,6,31.86,,
20961,9630,3,3,0,52.28,,
20963,5510E,0,0,0,54.61,,
20964,5511E,174,17,157,44.93,,
20965,7250I,8,6,2,40.54,,
21060,SG10,0,0,0,276.35,,
21062,AG127,0,0,0,359.99,,
25049,E26009,2,0,2,91.66,,
25050,E26008,4,2,2,104.16,,
25103,6005,5,4,1,21.96,,
25104,6006,352,152,200,21.96,,
25142,GPK-11,3,1,2,195.30,,
25238,010-10702-00,0,0,0,23.62,,
25241,FNB-83,5,3,2,28.24,,
25264,492/50/200ST-ES,1,0,1,210.00,,
25265,494/50/200-ES,1,1,0,174.99,,
25266,496/50/200ST-ES,0,0,0,210.00,,
25307,CAT460,46,32,14,12.71,,
25325,010-10550-00,67,28,39,29.99,,
25349,010-10723-01,0,0,0,11.24,,
25449,1810125,0,0,0,240.87,,
25453,1865003,12,6,6,16.69,,
25454,1865006,2,2,0,23.96,,
25456,1865017,2,1,1,25.41,,
25457,1865018,13,3,10,36.32,,
25458,1865010,5,0,5,7.26,,
25459,1865011,0,0,0,7.26,,
25489,526TID-HDN,0,0,0,1244.44,,
25524,E66079,0,0,0,1374.16,,1649.00
25537,E26033,0,0,0,55.39,,
25550,1854021,0,0,0,72.64,,
25582,MS56,2,0,2,89.99,,
25594,P77769,3,3,0,629.83,,
25642,1459,0,0,0,42.68,,
25643,1458,0,0,0,54.88,,
25656,010-10617-02,0,0,0,13.22,,
25657,235DST-MSE,0,0,0,445.45,,
26221,000-154-054,0,0,0,51.82,,
26249,E66013,0,0,0,153.40,,179.99
26250,E66085,1,0,1,270.82,,324.99
26251,E66086,0,0,0,270.82,,324.99
26252,525T-LTD/20,0,0,0,244.44,,
26253,525T-LTD/12,0,0,0,239.13,324.99,
26258,72-0151-01,5,3,2,125.05,,
26260,808-0232-01,7,3,4,32.92,,
26264,FX-7,31,21,10,116.32,169.99,
26265,FX-11,11,8,3,157.81,229.99,
26266,FX-16,9,2,7,249.05,369.99,
26267,FX-23,9,8,1,395.43,569.99,
26268,FX-37,6,3,3,637.72,949.99,
26269,FX-55,4,2,2,932.48,,
26270,FX-85,0,0,0,1430.64,,
26271,FX-125,0,0,0,2096.28,,
26272,SFX-7,5,2,3,69.29,,
26273,SFX-11,1,0,1,70.65,,
26274,SFX-16,1,0,1,83.06,,
26275,SFX-23,6,2,4,105.87,,
26276,SFX-37,7,3,4,109.75,,
26277,SFX-55,3,3,0,161.40,,
26278,SFX-85,0,0,0,200.12,,
26279,SFX-125,0,0,0,210.02,,
27077,531-AB,3,1,2,237.41,,
27204,528-VB,4,0,4,216.41,,
27206,E66010,0,0,0,98.00,,
27366,000-154-028,0,0,0,102.73,,
27976,FAPAR4502,0,0,0,382.02,,
27991,010-10725-00,2,1,1,7.42,,
28012,525STID-MSD7,0,0,0,488.89,,
28040,PT3010,2,1,1,109.69,,
28048,SC50,2,0,2,253.42,,
28049,SC102,0,0,0,1220.63,,
28050,SC104,0,0,0,1220.63,,
28054,SC120,0,0,0,666.56,,
28057,SPT2010,0,0,0,95.63,,
28059,AG118,0,0,0,352.49,,
28061,010-10747-03,0,0,0,13.75,,
28096,010-10747-00,17,5,12,8.24,,
28115,525TID-BHD,0,0,0,800.00,,
28150,MB1100,0,0,0,363.64,,
28181,H-741-C,5,3,2,25.31,,
28202,A66089,0,0,0,1095.65,,1344.00
28234,2312,83,37,46,23.94,,
28235,2314,217,96,121,11.44,,
28236,2315,56,38,18,13.15,,
28348,1901250,10,6,4,183.81,,
28349,1901200,5,2,3,101.38,,
28350,2295002,0,0,0,38.18,,
28351,2295180,3,2,1,45.81,,
28352,2295182,0,0,0,53.45,,
28353,2295184,2,2,0,61.09,,
28354,2295190,2,0,2,76.36,,
28355,2207001,3,3,0,35.93,,
28356,2207002,0,0,0,28.74,,
28357,2207003,2,2,0,71.87,,
28361,2200693,0,0,0,50.31,,
28362,2250927,0,0,0,86.25,,
28363,2250928,2,2,0,93.44,,
28364,2250940,0,0,0,86.25,,
28365,2207327,7,2,5,71.87,,
28367,2250009,14,7,7,14.50,,
28368,2250105,2,2,0,16.79,,
28370,2250111,0,0,0,15.26,,
28373,2250119,4,4,0,17.55,,
28374,2250120-1,0,0,0,16.03,,
28375,2250106,0,0,0,17.55,,
28376,2250107,0,0,0,22.14,,
28377,2250109,4,2,2,18.31,,
28386,2450163,1,1,0,64.68,,
28389,2450169-1,16,3,13,18.56,,
28395,1491072,1,1,0,143.75,,
28447,1820087,11,8,3,14.52,,
28448,1854060,3,3,0,137.21,,
28451,1852061,0,0,0,24.69,,
28455,1852068,2,2,0,31.22,,
28457,1852060,0,0,0,31.22,,
28458,1852080,1,0,1,36.32,,
28468,HB-845,0,0,0,521.61,,
28513,PUMPHRP11-12,1,0,1,728.09,,
28534,528-EW,0,0,0,186.73,,
28555,2716,13,7,6,4.96,,
28663,MRC5,3,0,3,18.55,34.99,
28664,MRANT12,2,2,0,7.25,34.99,
28668,710198-1,3,3,0,75.26,,
28697,710160-1,0,0,0,82.79,,
28723,010-10714-00,0,0,0,5.49,,
28931,527ID-IHD,0,0,0,888.89,,
28949,PP4808,0,0,0,356.35,,
28995,883-CW,0,0,0,314.87,,
29006,826-VW,1,0,1,262.60,,
29019,578-SB,0,0,0,276.51,,
29020,876-SW,1,1,0,294.87,,
29021,876-SB,0,0,0,295.32,,
29025,518-EW,0,0,0,166.46,,
29033,340-100NM,0,0,0,196.24,,
29034,340-75NM,0,0,0,172.61,,
29061,5187,5,1,4,52.47,,
29062,5216,2,2,0,52.53,,
29063,5218,0,0,0,63.11,,
29064,5242-A,10,9,1,87.71,,
29070,5396-AIS,11,8,3,188.46,,
29071,5912,4,4,0,57.46,,
29087,53670A,24,11,13,50.18,99.99,
29088,53671A,15,10,5,58.88,99.99,
29089,53672A,30,16,14,50.18,99.99,
29090,53680CA,3,2,1,96.61,164.99,
29091,53681CA,6,0,6,96.61,164.99,
29092,53682CA,10,5,5,91.36,164.99,
29095,53684A,0,0,0,16.84,,
29122,15054-001,41,12,29,188.35,,
29123,15061-001,7,5,2,227.68,,
29125,15055-001,6,0,6,228.41,,
29126,15056-001,6,2,4,228.41,,
29128,15062-001,0,0,0,266.99,,
29129,15063-001,6,4,2,266.99,,
29133,15059-001,32,5,27,228.41,,
29135,15060-001,15,6,9,252.90,,
29136,15067-001,1,1,0,289.25,,
29137,15085-001,41,19,22,10.15,,
29138,50225-001D,0,0,0,10.70,,
29139,50015-001D,0,0,0,10.00,,
29140,50015-002D,8,3,5,9.64,,
29141,50014-001D,16,4,12,9.64,,
29143,15087-001,4,2,2,7.90,,
29170,20140-001,12,4,8,88.60,,
29172,20157-001,0,0,0,100.41,,
29173,20141-001,7,3,4,95.25,,
29175,20158-001,0,0,0,105.81,,
29176,20142-001,0,0,0,119.61,,
29177,20143-001,0,0,0,157.95,,
29178,20144-001,0,0,0,223.13,,
29179,20145-001,0,0,0,249.20,,
29180,20146-001,0,0,0,276.80,,
29182,20159-001,19,8,11,101.89,,
29185,20149-001,9,4,5,107.06,,
29187,20160-001,30,7,23,130.69,,
29188,20150-001,7,3,4,137.34,,
29189,20161-001,8,5,3,143.98,,
29190,20151-001,0,0,0,206.25,,
29192,20152-001,0,0,0,249.20,,
29194,20153-001,0,0,0,282.16,,
29196,20154-001,0,0,0,313.60,,
29199,15064-001,7,0,7,301.54,,
29200,15065-001,0,0,0,335.89,,
29216,20760-001,0,0,0,296.60,,
29217,20762-001,0,0,0,304.31,,
29218,20766-001,0,0,0,304.16,,
29219,20764-001,0,0,0,310.41,,
29220,20770-001,0,0,0,335.90,,
29221,20768-001,1,0,1,323.45,,
29223,20776-001,0,0,0,373.65,,
29224,20774-001,0,0,0,373.65,,
29225,20780-001,0,0,0,406.78,,
29226,20778-001,0,0,0,406.78,,
29227,20784-001,0,0,0,425.09,,
29228,20782-001,0,0,0,441.44,,
29229,20786-001,0,0,0,455.51,,
29230,20788-001,0,0,0,455.51,,
29231,70381-001,4,2,2,44.85,,
29236,RT9X9,1,0,1,711.35,,
29237,RT9X9I,1,0,1,829.95,,
29238,15034-101,1,0,1,563.20,,
29239,RT9X12,0,0,0,745.44,,
29240,RT9X12I,0,0,0,864.03,,
29241,15035-101,0,0,0,621.66,,
29242,RT12X9,7,2,5,767.86,,
29243,RT12X9I,7,2,5,891.21,,
29244,15036-101,7,2,5,591.26,,
29245,RT12X12,7,4,3,799.61,,
29248,15041-101,0,0,0,980.51,,
29249,RT12X12I,7,4,3,922.96,,
29250,15037-101,7,4,3,623.01,,
29252,RT16X12HD,9,2,7,1215.30,,
29253,RT16X12HDI,9,2,7,1338.65,,
29254,15043-101,9,2,7,1038.70,,
29255,RT16X12I,0,0,0,1005.65,,
29256,15039-101,0,0,0,705.70,,
29257,RT17X12XD,0,0,0,1370.90,,
29258,RT17X12XDI,0,0,0,1489.50,,
29259,15045-101,0,0,0,1297.18,,
29260,RT18X14,3,0,3,945.64,,
29261,RT18X14HD,0,0,0,1211.88,,
29262,RT18X14HDI,0,0,0,1383.69,,
29263,15044-101,0,0,0,1083.74,,
29264,RT18X14I,3,0,3,1064.24,,
29265,15040-101,3,0,3,806.86,,
29266,RT19X14XDI,0,0,0,2233.54,,
29267,15046-101,0,0,0,1993.99,,
29281,TT9X9,13,4,9,665.23,,
29282,TT9X9E,8,4,4,693.29,,
29283,TT9X9EI,8,4,4,816.64,,
29284,15013-101,8,4,4,516.69,,
29285,TT9X9I,13,4,9,788.58,,
29286,15000-101,13,4,9,488.63,,
29287,15104-102,34,9,25,678.53,,
29288,15108-103,41,16,25,801.86,,
29289,15001-101,41,16,25,501.93,,
29290,TT9X18,0,0,0,686.50,,
29291,TT9X18I,0,0,0,805.10,,
29292,15002-101,0,0,0,537.36,,
29293,TT9X24,0,0,0,768.86,,
29294,TT9X24I,0,0,0,887.46,,
29295,15003-101,0,0,0,623.01,,
29296,TT9X30,0,0,0,832.76,,
29297,TT9X30I,0,0,0,951.35,,
29298,15004-101,0,0,0,689.46,,
29299,TT9X36,0,0,0,889.55,,
29300,TT9X36I,0,0,0,1008.15,,
29301,15005-101,0,0,0,777.31,,
29305,TT12X9E,3,0,3,707.31,,
29306,TT12X9EI,3,0,3,830.66,,
29307,15015-101,3,0,3,530.71,,
29308,15105-102,11,7,4,692.38,,
29309,15106-102,11,5,6,736.50,,
29310,15110-103,11,5,6,857.24,,
29311,15016-101,11,5,6,557.30,,
29312,15109-103,11,7,4,814.41,,
29313,15007-101,11,7,4,514.48,,
29314,TT12X18,1,1,0,749.40,,
29315,TT12X18E,3,1,2,805.58,,
29316,TT12X18EI,3,1,2,928.86,,
29317,15017-101,3,1,2,628.91,,
29318,TT12X18I,1,1,0,872.75,,
29319,15008-101,1,1,0,572.80,,
29320,TT12X18SS,0,0,0,1021.78,,
29322,15026-101,0,0,0,901.54,,
29323,TT12X18SSI,0,0,0,1140.36,,
29324,15018-101,0,0,0,888.50,,
29325,TT12X24,0,0,0,810.75,,
29326,TT12X24I,0,0,0,929.35,,
29327,15009-101,0,0,0,666.58,,
29328,TT12X24SS,0,0,0,1143.00,,
29330,15027-101,0,0,0,1016.55,,
29331,TT12X24SSI,0,0,0,1261.59,,
29332,15019-101,0,0,0,1008.88,,
29333,TT12X30,0,0,0,886.71,,
29334,TT12X30I,0,0,0,1005.31,,
29335,15010-101,0,0,0,774.25,,
29336,TT12X30SS,0,0,0,1260.66,,
29338,15028-101,0,0,0,1129.26,,
29339,TT12X30SSI,0,0,0,1379.26,,
29340,15020-101,0,0,0,1125.43,,
29343,15011-101,0,0,0,825.63,,
29346,15029-101,0,0,0,1252.70,,
29348,15021-101,0,0,0,1246.58,,
29353,15030-101,0,0,0,1472.60,,
29355,15022-101,0,0,0,1470.30,,
29357,15031-101,0,0,0,1620.58,,
29359,15023-101,0,0,0,1605.24,,
29361,15032-101,0,0,0,1772.40,,
29363,15024-101,0,0,0,1754.76,,
29365,15033-101,0,0,0,1970.99,,
29367,15025-101,0,0,0,1957.19,,
29766,7650,12,7,5,151.85,,
29904,9490.1,34,20,14,106.73,,
29929,PUMPHRP17-12,2,1,1,728.09,,
30089,P100019,21,17,4,20.00,,
30092,P102944,0,0,0,570.56,,
30130,1854017,9,3,6,71.79,,
30193,340-25NE,0,0,0,97.68,,
30231,53680SA,16,13,3,112.32,214.99,
30232,53681SA,8,2,6,123.55,214.99,
30233,53682SA,3,0,3,117.36,214.99,
30358,010-C0690-00,0,0,0,262.49,,
30359,010-C0691-00,0,0,0,262.49,,
30360,010-C0726-00,0,0,0,262.49,,
30361,010-C0708-00,0,0,0,262.49,,
30362,010-C0709-00,0,0,0,262.49,,
30363,010-C0727-00,0,0,0,262.49,,
30364,010-C0710-00,1,0,1,262.49,,
30365,010-C0692-00,0,0,0,262.49,,
30366,010-C0711-00,4,0,4,262.49,,
30367,010-C0712-00,0,0,0,262.49,,
30368,010-C0713-00,0,0,0,262.49,,
30369,010-C0728-00,0,0,0,262.49,,
30370,010-C0714-00,0,0,0,262.49,,
30371,010-C0715-00,0,0,0,262.49,,
30375,010-C0730-00,0,0,0,262.49,,
30379,010-C0731-00,1,0,1,262.49,,
30380,010-C0721-00,0,0,0,262.49,,
30381,010-C0722-00,0,0,0,262.49,,
30382,010-C0732-00,2,0,2,262.49,,
30385,010-C0693-00,0,0,0,262.49,,
30386,010-C0733-00,0,0,0,262.49,,
30387,010-C0725-00,0,0,0,262.49,,
30388,010-C0694-00,0,0,0,262.49,,
30389,010-C0734-00,0,0,0,262.49,,
30393,010-C0698-00,0,0,0,262.49,,
30394,010-C0736-00,0,0,0,262.49,,
30399,010-C0739-00,0,0,0,337.49,,
30400,010-C0701-00,0,0,0,337.49,,
30401,010-C0740-00,0,0,0,337.49,,
30402,010-C0702-00,0,0,0,262.49,,
30403,010-C0703-00,0,0,0,262.49,,
30404,010-C0704-00,0,0,0,262.49,,
30405,010-C0705-00,2,2,0,262.49,,
30406,010-C0741-00,0,0,0,337.49,,
30408,010-C0742-00,0,0,0,337.49,,
30411,010-C0744-00,1,0,1,337.49,,
30426,HB-740,0,0,0,250.76,,
30428,010-10447-03,0,0,0,17.49,,
30554,ART-3,10,6,4,145.01,,
30594,7610,69,14,55,101.04,,
30617,710147-1,3,0,3,82.79,,
30645,1368560,0,0,0,880.53,,
30647,1810140,2,1,1,344.11,,
30665,010-10930-00,0,0,0,31.49,,
30668,010-10918-00,7,3,4,26.24,,
30729,010-C0760-00,0,0,0,187.49,,
30730,010-C0761-00,0,0,0,187.49,,
30731,010-C0762-00,0,0,0,187.49,,
30732,010-C0763-00,0,0,0,187.49,,
30733,010-C0764-00,0,0,0,187.49,,
30734,010-C0765-00,0,0,0,187.49,,
30735,010-C0766-00,0,0,0,187.49,,
30736,010-C0767-00,0,0,0,187.49,,
30737,010-C0768-00,0,0,0,187.49,,
30739,010-C0770-00,0,0,0,187.49,,
30740,010-C0771-00,0,0,0,187.49,,
30741,010-C0772-00,0,0,0,187.49,,
30742,010-C0773-00,0,0,0,187.49,,
30743,010-C0774-00,0,0,0,187.49,,
30744,010-C0775-00,0,0,0,187.49,,
30745,010-C0776-00,0,0,0,187.49,,
30746,010-C0777-00,0,0,0,187.49,,
30747,010-C0778-00,0,0,0,187.49,,
30748,010-C0779-00,0,0,0,187.49,,
30749,010-C0780-00,0,0,0,187.49,,
30750,010-C0782-00,0,0,0,187.49,,
30751,010-C0783-00,0,0,0,187.49,,
30754,010-C0786-00,0,0,0,187.49,,
30755,010-C0787-00,0,0,0,187.49,,
30756,010-C0788-00,0,0,0,187.49,,
30757,010-C0789-00,0,0,0,187.49,,
30758,010-C0790-00,0,0,0,187.49,,
30759,010-C0791-00,0,0,0,187.49,,
30762,010-C0794-00,0,0,0,131.24,,
30763,010-C0795-00,0,0,0,131.24,,
30764,010-C0796-00,0,0,0,131.24,,
30765,010-C0797-00,0,0,0,131.24,,
30766,010-C0798-00,0,0,0,131.24,,
30767,010-C0799-00,0,0,0,131.24,,
30768,010-C0800-00,0,0,0,131.24,,
30769,010-C0801-00,0,0,0,131.24,,
30770,010-C0802-00,0,0,0,131.24,,
30771,010-C0803-00,0,0,0,131.24,,
30772,010-C0804-00,0,0,0,131.24,,
30773,010-C0805-00,0,0,0,131.24,,
30775,010-C0807-00,0,0,0,131.24,,
30776,010-C0808-00,0,0,0,131.24,,
30777,010-C0809-00,0,0,0,131.24,,
30778,010-C0810-00,0,0,0,131.24,,
30779,010-C0811-00,0,0,0,131.24,,
30780,010-C0812-00,0,0,0,131.24,,
30781,010-C0813-00,0,0,0,131.24,,
30782,010-C0814-00,0,0,0,131.24,,
30783,010-C0815-00,0,0,0,131.24,,
30784,010-C0816-00,0,0,0,131.24,,
30785,010-C0817-00,0,0,0,131.24,,
30786,010-C0818-00,0,0,0,131.24,,
30791,010-C0823-00,0,0,0,131.24,,
30794,010-C0826-00,0,0,0,131.24,,
30795,010-C0827-00,0,0,0,131.24,,
30796,010-C0828-00,0,0,0,131.24,,
30797,010-C0829-00,0,0,0,131.24,,
30798,010-C0830-00,0,0,0,131.24,,
30800,010-C0832-00,0,0,0,131.24,,
30801,010-C0833-00,0,0,0,131.24,,
30802,010-C0834-00,0,0,0,131.24,,
30803,010-C0835-00,0,0,0,131.24,,
30804,010-C0836-00,0,0,0,131.24,,
30812,010-C0844-00,0,0,0,131.24,,
30814,010-C0846-00,0,0,0,131.24,,
30817,010-C0849-00,0,0,0,187.49,,
30818,010-C0850-00,0,0,0,131.24,,
30863,B260-BL,0,0,0,1337.01,1649.99,
30871,010-10856-00,0,0,0,10.99,,
30872,010-10931-00,0,0,0,23.99,,
30874,010-10888-00,0,0,0,14.99,,
30888,710200-1,4,3,1,149.35,,
30914,T122,0,0,0,440.92,,
30917,2713,27,6,21,3.16,,
30918,010-C0753-00,0,0,0,187.49,,
30919,010-C0754-00,0,0,0,187.49,,
30920,010-C0756-00,0,0,0,187.49,,
30921,010-C0757-00,0,0,0,187.49,,
30922,010-C0868-00,0,0,0,142.49,,
30923,010-C0869-00,0,0,0,142.49,,
30924,010-C0870-00,0,0,0,142.49,,
30925,010-C0871-00,0,0,0,142.49,,
30926,010-C0872-00,0,0,0,142.49,,
30927,010-C0873-00,0,0,0,142.49,,
30928,010-C0874-00,0,0,0,142.49,,
30929,010-C0875-00,0,0,0,142.49,,
30939,MP420,0,0,0,363.62,,
30947,1854019,2,2,0,83.53,,
30976,010-C0749-00,0,0,0,187.49,,
31021,010-C0755-00,0,0,0,187.49,,
31028,010-C0877-00,0,0,0,262.49,,
31029,010-C0878-00,0,0,0,262.49,,
31030,010-C0879-00,0,0,0,262.49,,
31031,010-C0881-00,0,0,0,262.49,,
31034,010-C0884-00,0,0,0,262.49,,
31035,010-C0865-00,0,0,0,187.49,,
31036,010-C0866-00,0,0,0,187.49,,
31037,010-C0758-00,2,2,0,131.23,,
31038,010-C0759-00,0,0,0,131.24,,
31039,010-C0750-00,0,0,0,131.24,,
31040,010-C0751-00,0,0,0,131.24,,
31041,010-C0752-00,0,0,0,131.24,,
31042,010-C0747-00,0,0,0,187.49,,
31043,010-C0748-00,0,0,0,187.49,,
31059,010-10921-00,0,0,0,26.24,,
31081,MX7000CR,0,0,0,464.54,,
31082,MX8000CR,0,0,0,475.96,,
31090,MX8716CR,0,0,0,506.42,,
31091,MX8718CR,2,2,0,497.08,,
31092,AL7211CR,1,0,1,90.00,,
31093,AL7001CR,0,0,0,183.46,,
31094,AO8712CR,0,0,0,247.50,,
31095,AO8715CR,0,0,0,333.18,,
31096,SW9300,1,1,0,1275.52,,
31097,SW9901,0,0,0,72.69,,
31098,SX3916XS,0,0,0,1024.27,,
31101,AP3916XS,0,0,0,727.27,,
31106,AP3918,0,0,0,822.46,,
31108,AP3716XS,0,0,0,761.54,,
31110,"AP3718 -1 3/4",0,0,0,833.88,,
31111,RK0322RK,0,0,0,86.54,,
31112,RK0322RK/CR,0,0,0,46.47,,
31113,RK0337CR,0,0,0,33.65,,
31115,RK0322LS,0,0,0,59.29,,
31116,RK0337LS,0,0,0,65.71,,
31117,RK0337LS/MO,0,0,0,65.71,,
31118,RK0337LD,0,0,0,125.00,,
31119,RK0337LD/MO,0,0,0,125.00,,
31123,RH525SS,0,0,0,76.28,,
31124,RH527VS,0,0,0,76.28,,
31125,RH529HS,0,0,0,76.28,,
31126,RH530SS,6,5,1,94.55,,
31127,RH532VS,10,8,2,94.55,,
31128,RH534HS,3,0,3,94.55,,
31129,RH525SS/XS,0,0,0,85.58,,
31130,RH527VS/XS,3,2,1,85.58,,
31131,RH529HS/XS,0,0,0,85.58,,
31132,RH530SS/XS,4,4,0,108.01,,
31133,RH532VS/XS,6,2,4,108.01,,
31134,RH534HS/XS,4,4,0,108.01,,
31155,SR-2,0,0,0,236.19,,
31160,RH570,3,3,0,186.15,,
31161,RH570XL,1,1,0,203.85,,
31162,RH575,6,4,2,136.22,,
31163,RH575XL,4,0,4,150.64,,
31164,RH577V,23,15,8,136.22,,
31165,RH577XL,14,8,6,150.64,,
31166,RH579H,2,0,2,136.22,,
31167,RH579XL,4,4,0,150.64,,
31168,RH5165,10,6,4,111.54,,
31169,RH5167V,5,1,4,111.54,,
31170,RH5169H,16,12,4,111.54,,
31172,RH5999-0003,8,2,6,17.31,,
31174,RH5930,11,11,0,25.32,,
31175,RH5931,25,22,3,19.23,,
31176,RH511,0,0,0,9.62,,
31178,RH516,4,4,0,14.42,,
31179,RH526,0,0,0,9.62,,
31180,RH528,0,0,0,9.62,,
31181,RH531,20,20,0,14.42,,
31182,RH535,8,4,4,14.42,,
31184,MC0075-1012,0,0,0,57.37,,
31185,MC0075-1016,0,0,0,57.37,,
31191,010-11029-00,0,0,0,8.24,,
31222,MC0075-1030,0,0,0,57.37,,
31224,MC0075-1033,0,0,0,57.37,,
31225,MC0075-1050,0,0,0,57.37,,
31226,MC0075-1051,2,0,2,57.37,,
31227,MC0075-1052,0,0,0,57.37,,
31228,MC0075-1053,3,2,1,57.37,,
31229,MC0075-1071,0,0,0,57.37,,
31230,MC0075-1080,0,0,0,57.37,,
31231,MC0075-1081,0,0,0,57.37,,
31233,MC0075-1083,0,0,0,57.37,,
31234,MC0075-1130,1,1,0,57.37,,
31235,MC0075-1131,0,0,0,57.37,,
31236,MC0075-3016,0,0,0,57.37,,
31237,MC0075-3020,0,0,0,57.37,,
31238,MC0075-3030,0,0,0,57.37,,
31239,MC0075-3031,0,0,0,57.37,,
31240,MC0075-3050,0,0,0,57.37,,
31241,MC0075-3051,0,0,0,57.37,,
31242,MC0075-3081,2,1,1,57.37,,
31243,MC0075-4020,0,0,0,57.37,,
31244,MC0075-4025,0,0,0,57.37,,
31245,MC0075-4026,2,0,2,57.37,,
31246,MC70,22,14,8,23.88,,
31247,MC70GL,4,4,0,36.38,,
31248,MC70SL,0,0,0,32.86,,
31249,LT5201,0,0,0,80.13,,
31250,LT5202,0,0,0,80.13,,
31251,LT5203,0,0,0,80.13,,
31252,LT5204,0,0,0,80.13,,
31253,AT5101,0,0,0,69.23,,
31254,AT5102,0,0,0,69.23,,
31255,AT5103,0,0,0,69.23,,
31256,AT5104,0,0,0,69.23,,
31259,AL7301CR,0,0,0,102.12,,
31260,AL7302CR,0,0,0,102.12,,
31261,AL7303CR,0,0,0,102.12,,
31262,AL7304CR,0,0,0,102.12,,
31263,AO8716CR,0,0,0,369.35,,
31264,AO8718CR,0,0,0,407.42,,
31265,OH2016F,0,0,0,688.85,,
31266,OH2018S,1,1,0,671.63,,
31267,OH219F,0,0,0,726.92,,
31268,OH2020S,1,1,0,726.92,,
31270,AP3719XS/SK,0,0,0,883.38,,
31272,AP3722SK,0,0,0,951.92,,
31273,RA5001SL,0,0,0,131.41,,
31274,RA5001GL,1,1,0,119.44,,
31275,RA5002SL,0,0,0,131.41,,
31276,RA5002GL,1,0,1,130.68,,
31277,RA5003SL,2,2,0,131.41,,
31278,RA5003GL,0,0,0,147.44,,
31279,RA5004SL,4,2,2,131.41,,
31280,RA5004GL,0,0,0,147.44,,
31281,RA5005SL,0,0,0,131.41,,
31282,RA5005GL,0,0,0,147.44,,
31283,RA5201SL,4,2,2,131.41,,
31284,RA5201GL,0,0,0,147.44,,
31285,RA5202SL,1,0,1,131.41,,
31286,RA5202GL,0,0,0,147.44,,
31287,RA5203SL,0,0,0,131.41,,
31288,RA5203GL,0,0,0,147.44,,
31289,RA5204SL,0,0,0,131.41,,
31290,RA5204GL,0,0,0,147.44,,
31291,RA5205SL,0,0,0,131.41,,
31292,RA5205GL,0,0,0,147.44,,
31293,526TID-LTD/12,0,0,0,884.44,,
31294,526TID-LTD/20,0,0,0,884.44,,
31297,A102112,0,0,0,1062.50,,1275.00
31298,A102113,0,0,0,1062.50,,1275.00
31304,RC10812V,1,1,0,1920.71,2693.60,
31305,RC101012V,1,1,0,1920.71,2693.60,
31308,OH226S,0,0,0,1656.35,,
31309,AP3519,0,0,0,807.23,,
31310,AP3519XS,0,0,0,850.67,,
31311,010-10922-00,3,1,2,29.99,,
31320,A25062,0,0,0,262.49,,
31345,15052-101,0,0,0,502.66,,
31346,15048-101,0,0,0,1335.51,,
31347,15049-101,0,0,0,1386.13,,
31348,15050-101,4,0,4,1921.34,,
31349,15051-101,0,0,0,2332.99,,
31357,806-1010,7,3,4,410.58,,
31358,806-1810,14,8,6,507.45,,
31388,1903002,2,2,0,179.69,,
31390,1903005,1,0,1,136.56,,
31391,1903006,2,0,2,143.75,,
31415,17215-0000,25,13,12,44.31,,
31416,17800-2000,21,12,9,251.93,,
31418,18590-2092,77,22,55,177.65,,
31419,18660-0121,17,10,7,167.44,,
31420,29015-0000,22,7,15,36.81,,
31421,29015-0010,17,10,7,53.15,,
31422,29015-0020,15,1,14,64.98,,
31423,29040-3000,32,21,11,105.31,,
31427,29200-0120,9,8,1,463.63,,
31428,29295-1011,58,24,34,21.96,,
31429,30573-0000,25,13,12,76.48,,
31443,33799-0000,0,0,0,106.23,,
31444,34060-0010,28,14,14,54.48,,
31445,34060-0130,13,3,10,70.06,,
31446,35400-0000,8,5,3,180.72,,
31447,35440-0000,8,8,0,168.58,,
31448,35760-0092,7,4,3,262.99,,
31449,35770-0092,3,3,0,240.81,,
31451,36740-0000,7,3,4,159.49,,
31452,36770-0115,4,1,3,382.17,,
31466,45490-1000,21,10,11,79.37,,
31468,46400-0000,18,3,15,23.69,,
31469,50880-1000,12,4,8,234.74,,
31470,50890-1000,5,0,5,292.42,,
31479,140,27,21,6,36.00,,
31480,240,78,42,36,39.40,,
31481,41,38,21,17,30.72,,
31482,43,31,29,2,31.47,,
31483,39,9,7,2,82.36,,
31484,33ALA,28,12,16,68.17,,
31489,04,16,4,12,121.42,,
31490,51S,14,5,9,173.38,,
31491,02,161,22,139,89.28,,
31492,09,29,21,8,145.52,,
31493,53S,11,5,6,236.75,,
31494,10,95,24,71,125.25,,
31496,710201-1,6,6,0,194.81,,
31498,13A,3,3,0,269.53,,
31499,17A,6,3,3,230.15,,
31500,14A,0,0,0,206.64,,
31507,40A,256,71,185,45.27,,
31508,35A,124,71,53,35.30,,
31509,35FA,15,9,6,37.83,,
31516,70,36,19,17,6.06,,
31517,37A,92,33,59,52.54,,
31518,37FA,27,15,12,54.74,,
31539,B60-20-BL,0,0,0,257.04,324.99,
31650,A53S-24,12,6,6,202.84,,
31656,11200800,0,0,0,24.30,,
31657,21211310,0,0,0,57.21,,
31658,11200200,1,0,1,21.60,,
31659,11200500,5,2,3,21.60,,
31672,21310810,1,1,0,56.79,,
31673,21311010,0,0,0,65.31,,
31683,21201110,0,0,0,57.21,,
31684,21201310,0,0,0,57.21,,
31685,21211110,0,0,0,57.21,,
31686,11500600,0,0,0,37.46,,
31687,11200100,2,0,2,24.30,,
31689,11500000,15,7,8,37.46,,
31690,11500500,15,9,6,37.46,,
31693,21301110,1,1,0,60.75,,
31694,21301410,3,2,1,60.75,,
31695,21301510,5,4,1,60.75,,
31696,21300810,2,0,2,60.75,,
31697,21301010,1,0,1,60.75,,
31698,21311710,4,3,1,66.83,,
31699,21311310,0,0,0,66.83,,
31700,21311510,1,0,1,66.83,,
31701,21432111,6,3,3,76.95,,
31702,21431111,0,0,0,76.95,,
31703,21431311,2,2,0,76.95,,
31713,11500700,11,7,4,40.50,,
31714,21301210,3,2,1,60.75,,
31715,21431911,6,4,2,76.95,,
31716,21501511,0,0,0,84.04,,
31721,21301310,4,2,2,60.75,,
31722,21431511,7,2,5,76.95,,
31723,21502311,4,3,1,84.04,,
31724,11500200,11,5,6,37.46,,
31725,11500400,5,5,0,37.46,,
31726,21431711,3,3,0,76.95,,
31727,21501711,5,4,1,84.04,,
31728,21501911,5,3,2,84.04,,
31729,21502111,10,5,5,84.04,,
31730,11300101,7,4,3,27.85,,
31731,11300200,2,2,0,27.85,,
31732,11500300,11,7,4,37.46,,
31733,11500100,13,4,9,37.46,,
31741,USB100-01,7,4,3,172.11,,
31743,J2K100-01,15,5,10,308.19,,
31745,RAA100-01,0,0,0,276.17,,
31746,TLA100-01,7,4,3,220.14,,
31777,M33-100,0,0,0,108.07,,
31779,33-398-04PW,11,5,6,27.98,,
31786,FA-CF-ST,8,8,0,24.01,,
31787,FA-CM-ST,49,28,21,24.01,,
31788,BHF-CM-CF,8,4,4,24.01,,
31789,CM-CF-CF,31,23,8,24.01,,
31791,M000101,27,21,6,5.42,,
31792,M000102,14,8,6,5.42,,
31793,TR-CM,10,0,10,11.99,,
31794,TR-CF,15,7,8,11.99,,
31795,IT-CM-CF,9,5,4,25.00,,
31797,CM-CG1-CF-00.5,14,12,2,24.01,,
31798,CM-CG1-CF-01.0,34,19,15,28.02,,
31799,CM-CG1-CF-03.0,10,9,1,36.02,,
31800,CM-CG1-CF-06.0,17,13,4,47.97,,
31801,CM-CG1-CF-10.0,0,0,0,55.97,,
31807,CF-SPWR05-CF,8,5,3,40.02,,
31810,FA-NF-ST,0,0,0,28.02,,
31811,FA-NM-ST,6,5,1,28.02,,
31812,BHF-NM-NF,0,0,0,52.03,,
31813,NM-NF-NF,1,1,0,31.98,,
31815,NM-CF-NF,16,6,10,31.71,,
31816,M65-0085,0,0,0,12.01,,
31817,M65-0086,0,0,0,12.01,,
31818,TR-NM,4,2,2,9.99,,
31819,TR-NF,3,1,2,9.99,,
31820,TRL-NM,3,0,3,27.98,,
31821,TRL-NF,2,0,2,27.98,,
31822,NM-NB1-NF-00.5,0,0,0,36.02,,
31823,NM-NG1-NF-01.0,0,0,0,39.98,,
31824,NM-NG1-NF-03.0,0,0,0,47.97,,
31825,NM-NG1-NF-06.0,0,0,0,60.04,,
31826,NM-NG1-NF-08.0,0,0,0,68.04,,
31827,NM-NG1-NF-10.0,0,0,0,76.05,,
31828,NF-NM4P-NF,2,0,2,219.86,,
31829,NM4P-01,0,0,0,36.02,,
31835,220003,11,3,8,25.17,,
31839,150110,4,0,4,41.99,,
31842,142610,6,3,3,43.41,,
31843,142410,5,4,1,52.49,,
31849,131510,8,4,4,71.73,,
31850,131110,9,3,6,143.65,,
31851,124110,8,3,5,105.16,,
31852,124310,0,0,0,68.07,,
31853,124510,16,4,12,48.05,,
31854,124710,10,4,6,37.72,,
31856,111502,6,4,2,23.99,,
31860,112002,1,0,1,30.99,,
31863,113902,2,0,2,42.99,,
31864,114002,8,4,4,69.57,,
31865,114502,11,5,6,69.57,,
31866,114902,2,0,2,69.57,,
31867,102010,17,9,8,14.28,,
31868,102810,10,2,8,14.28,,
31869,103010,8,2,6,14.28,,
31870,102410,6,2,4,14.28,,
31871,104010,7,3,4,20.54,,
31872,104810,17,5,12,20.54,,
31873,105010,13,8,5,20.54,,
31874,106010,12,6,6,27.60,,
31875,106810,10,3,7,27.60,,
31876,107010,6,2,4,28.30,,
31877,106310,3,1,2,27.60,,
31878,702033,4,0,4,18.79,,
31887,010-11082-00,0,0,0,26.24,,
31889,010-11084-00,0,0,0,14.99,,
31890,010-11076-03,7,5,2,22.49,,
31891,010-11076-00,71,21,50,26.24,,
31892,010-11076-01,32,18,14,29.99,,
31893,010-11076-02,41,28,13,33.75,,
31894,010-11078-00,8,8,0,22.49,,
31895,010-11080-00,20,6,14,14.99,,
31896,010-11081-00,11,4,7,14.99,,
31897,010-11094-00,24,14,10,41.24,,
31898,010-11095-00,20,18,2,44.99,,
31899,010-11096-00,1,1,0,18.75,,
31902,010-00671-00,2,0,2,157.49,,
31903,010-00701-00,0,0,0,157.49,,
31906,010-00701-01,5,2,3,157.49,,
31915,010-11089-00,10,3,7,26.24,,
31917,010-11091-00,0,0,0,25.20,,
31921,A66091,0,0,0,412.48,,479.99
31928,010-C0887-00,0,0,0,337.49,,
31937,6316,4,2,2,251.42,265.50,
31938,6316C,1,0,1,251.42,265.50,
31945,215,17,5,12,40.54,,
31997,M81202,0,0,0,3262.49,,
32001,P102939,1,0,1,334.23,,
32002,806-1020,1,1,0,520.46,,
32003,806-1840,19,12,7,686.71,,
32022,A66092,0,0,0,520.82,,579.99
32038,010-11023-00,7,0,7,5.50,,
32039,010-11031-00,0,0,0,16.49,,
32049,010-10729-00,0,0,0,6.00,,
32060,740093-1,8,8,0,31.04,,
32079,010-C0924-00,0,0,0,187.49,,
32149,1865106,329,162,167,24.17,,
32154,DA-2330,0,0,0,110.73,,
32164,SW45650,6,2,4,29.33,,
32165,SW45660,6,2,4,38.77,,
32166,SW77345,9,4,5,27.15,,
32167,SW77350,7,2,5,24.56,,
32168,SW77355,4,3,1,24.56,,
32169,SW77340,6,3,3,27.15,,
32170,SW21215,11,4,7,8.19,,
32171,SW21414,7,3,4,23.29,,
32172,SW21514,2,2,0,23.29,,
32173,SW31315,2,0,2,48.00,,
32174,SW19140,5,0,5,21.37,,
32175,SW61865,4,2,2,8.01,,
32178,SW81000,4,2,2,112.00,,
32195,HS1500HP,30,13,17,19.75,32.99,
32235,8110,2,2,0,145.84,,
32244,A55078D,0,0,0,224.99,,
32402,SW66650,11,5,6,8.56,,
32437,MA8505W,18,10,8,44.99,,
32469,11500900,12,5,7,40.50,,
32476,XP-98W,3,1,2,91.74,,
32485,11100101,0,0,0,18.74,,
32486,11200600,0,0,0,24.30,,
32487,11100201,4,2,2,18.74,,
32488,11100501,3,0,3,18.74,,
32489,11100601,0,0,0,18.74,,
32490,11100701,0,0,0,18.74,,
32491,11100801,0,0,0,18.74,,
32492,21221110,0,0,0,57.21,,
32494,21221310,0,0,0,57.21,,
32495,21100910,0,0,0,49.11,,
32496,21101010,0,0,0,49.11,,
32497,21110910,0,0,0,49.11,,
32498,21111010,0,0,0,52.39,,
32522,A55077D,0,0,0,195.82,,
32529,2250141,4,4,0,6.86,,
32533,2250002,2,2,0,30.54,,
32541,1015,35,25,10,15.96,,
32543,2016,52,10,42,16.41,,
32544,2017,72,6,66,16.41,,
32545,2018,74,16,58,16.41,,
32546,5175,65,40,25,12.87,,
32547,5176,57,30,27,11.85,,
32548,5177,58,20,38,12.87,,
32549,5178,109,60,49,12.87,,
32550,5180,30,9,21,12.87,,
32551,5181,88,28,60,12.87,,
32552,5182,22,10,12,12.87,,
32553,5183,66,42,24,12.87,,
32554,5184,95,40,55,12.87,,
32555,5185,69,24,45,12.87,,
32556,5186,27,13,14,12.87,,
32557,5187,134,70,64,12.87,,
32559,5189,68,13,55,12.87,,
32560,5190,143,71,72,12.87,,
32561,5191,469,237,232,21.77,,
32562,7620,5,3,2,217.01,,
32563,7621,0,0,0,217.01,,
32564,7700,49,27,22,179.27,,
32565,7701,4,3,1,166.01,,
32566,7702,13,4,9,179.27,,
32567,7703,0,0,0,166.01,,
32568,9159,21,7,14,12.22,,
32570,1810150,3,3,0,65.38,,
32571,150CCI,6,3,3,13.88,,
32605,PP4802,0,0,0,356.35,,
32644,010-11079-00,20,10,10,22.49,,
32645,010-C0880-00,0,0,0,262.49,,
32765,E22079,2,1,1,611.40,,
32772,010-11105-00,4,2,2,337.49,449.99,
32879,SW81400,0,0,0,47.85,,
32880,B60-12-BL,0,0,0,257.04,324.99,
32887,D003,0,0,0,34.08,,
32889,D005,0,0,0,34.08,,
32890,D006,0,0,0,34.08,,
32891,D007,0,0,0,34.08,,
32892,D009,0,0,0,55.39,,
32893,D010,0,0,0,55.39,,
32894,D011,0,0,0,55.39,,
32895,D159,0,0,0,55.39,,
32896,D160,0,0,0,55.39,,
32897,D026,0,0,0,85.22,,
32898,D027,0,0,0,85.22,,
32899,D028,0,0,0,85.22,,
32900,D029,0,0,0,85.22,,
32901,D030,0,0,0,85.22,,
32903,D008,0,0,0,34.08,,
32908,CBL-DVI-10M,0,0,0,196.36,,
32909,PSU012,0,0,0,782.89,,
32913,713,7,5,2,6.19,,9.98
32914,730,26,14,12,8.43,,12.98
32915,730FG,0,0,0,7.94,,12.98
32916,740,17,8,9,11.34,,19.48
32917,760,27,14,13,15.74,,25.98
32918,760FG,18,5,13,15.74,,25.98
32919,833,32,22,10,24.75,,39.98
32920,855,2,2,0,30.35,,49.98
32921,950,2,2,0,21.06,,32.98
32922,955,10,2,8,21.06,,32.98
32923,960,16,0,16,22.69,,35.98
32924,970,45,26,19,24.59,,39.98
32925,980,41,24,17,28.13,,44.98
32926,985,84,42,42,28.13,,44.98
32927,990,84,33,51,28.13,,44.98
32928,308,13,6,7,23.90,,38.98
32929,310,23,0,23,26.71,,44.98
32930,50,28,14,14,21.56,,34.98
32931,2110,14,13,1,19.74,,29.98
32932,1700,19,9,10,19.16,,29.98
32933,1701,20,14,6,5.78,,8.98
32934,1702,9,6,3,5.71,,8.98
32935,1703,12,7,5,5.71,,8.98
32936,1710,29,29,0,10.11,,16.95
32937,1710C,26,18,8,24.39,,39.98
32940,112,7,1,6,13.94,,22.98
32941,113,28,22,6,25.61,,42.98
32942,117,35,23,12,56.24,,94.98
32946,1412,10,7,3,18.89,,29.98
32947,1416,27,16,11,21.36,,34.98
32948,1424,6,5,1,34.64,,56.98
32949,260,29,21,8,18.86,,29.98
32950,265,11,9,2,10.11,,15.98
32951,130,34,19,15,9.58,,15.98
32952,1901,9,9,0,20.05,,32.98
32953,1804,11,11,0,42.14,,67.98
32954,1820,24,13,11,28.11,,44.98
32955,1822,48,24,24,17.18,,28.98
32956,1825,9,6,3,33.74,,55.98
32957,101,26,18,8,6.03,,9.98
32958,102CH,10,1,9,10.01,,16.98
32960,KITMB,7,5,2,72.34,,119.98
32961,KITMI,9,5,4,108.21,,174.98
32972,A25004-P,17,8,9,29.82,,
32974,VP1138,1,1,0,14.82,,
33049,A06041,11,3,8,59.65,,
33066,A06028,49,22,27,34.08,,
33067,A06030,3,0,3,29.82,,
33068,A06031,13,7,6,23.85,,
33069,A06032,16,4,12,19.59,,
33070,A06033,43,22,21,38.34,,
33071,A06034,16,10,6,42.60,,
33072,A06035,12,7,5,46.86,,
33073,A06036,17,4,13,59.65,,
33074,A06037,6,3,3,85.22,,
33075,A06038,5,2,3,38.34,,
33076,A06039,6,2,4,42.60,,
33077,0170BTWDP3,0,0,0,275.15,,
33078,A06040,12,7,5,46.86,,
33081,0170BM0DP3,0,0,0,365.25,,
33082,0170BP0DP3,4,2,2,178.34,,
33083,0170BSDDP3,4,2,2,178.34,,
33085,0170MP0DP3,1,0,1,242.86,,
33086,0170MSDDP3,0,0,0,242.86,,
33087,0170MSNDP3,0,0,0,350.11,,
33089,0170WP0DP3,2,0,2,183.44,,
33090,0170WSDDP3,1,0,1,163.06,,
33091,0170WSNDP3,0,0,0,275.15,,
33101,1045P0SDP,8,6,2,31.92,,
33103,1046P0SDP,8,2,6,35.41,,
33105,1047P0SDP,14,9,5,35.41,,
33106,1048P00DP,8,2,6,32.56,,
33107,1048P0SDP,10,4,6,31.92,,
33108,1060PB0DP,5,3,2,31.36,,
33110,1074DP2WHT,6,4,2,20.39,,
33111,1263DP1WHT,10,6,4,74.34,,
33112,1343DP4CHR,0,0,0,103.49,,
33114,1348DP6CHR,0,0,0,117.69,,
33115,1348DP8CHR,0,0,0,119.73,,
33116,8503DP,11,8,3,75.24,,
33117,8504DP,2,1,1,72.24,,
33118,8511DP,4,0,4,62.52,,
33119,8512DP,1,0,1,73.88,,
33120,8603DP,11,6,5,187.85,,
33121,9602DP,9,5,4,71.45,,
33122,9604DP,6,1,5,84.25,,
33123,9611DP,5,0,5,60.17,,
33124,9612DP,0,0,0,71.45,,
33125,9703DP,10,5,5,178.74,,
33166,A06042,1,0,1,38.34,,
33167,A06043,0,0,0,42.60,,
33168,A06044,0,0,0,46.86,,
33169,A06045,7,2,5,42.60,,
33170,A06046,4,2,2,42.60,,
33171,A06047,4,2,2,38.34,,
33172,A06048,0,0,0,38.34,,
33173,A06049,3,2,1,33.32,,
33174,A06061,6,3,3,34.08,,
33175,A06064,64,29,35,42.60,,
33180,HB-741,0,0,0,250.76,,
33182,PP4804,0,0,0,356.35,,
33187,SMDH,2,2,0,17.88,,
33188,SB-2,4,2,2,19.79,,
33189,KPH,2,1,1,16.00,,
33193,MSK-1,0,0,0,70.16,,
33196,RH-2,6,4,2,20.50,,
33197,RH-3,2,0,2,21.99,,
33219,53673,263,23,240,20.84,,
33225,E26028-PZ,0,0,0,169.60,,199.00
33261,825-WLW,0,0,0,295.32,,
33291,51060,11,4,7,44.55,,
33294,79018,2,0,2,24.99,,
33312,R28170,61,32,29,350.53,,
33330,22034,98,60,38,248.41,,
33331,22074,74,28,46,334.86,,
33343,ACM100-01,3,2,1,356.63,,
33344,DCM100-01,6,2,4,416.76,,
33345,FC01,0,0,0,36.02,,
33346,LEMHTA200-S,0,0,0,88.05,,
33347,M000630,10,6,4,68.04,,
33348,ELB-NM-NF,0,0,0,39.98,,
33349,MCF-2M-D12,0,0,0,48.03,,
33350,MCF-2M-D12CAT,8,4,4,108.07,,
33351,MCF-2M-D4,4,2,2,56.03,,
33352,NM-NG1-NF-02.0,0,0,0,44.03,,
33353,NM-NG1-NF-04.0,0,0,0,51.97,,
33354,NM-NG1-NF-05.0,0,0,0,55.97,,
33357,CM-CG1-CF-02.0,12,4,8,31.98,,
33358,CM-CG1-CF-04.0,5,3,2,40.02,,
33359,CM-CG1-CF-05.0,12,5,7,44.03,,
33360,CM-CG1-CF-08.0,20,3,17,52.03,,
33368,TR3K,7,6,1,32.02,,
33376,CVS-126,4,2,2,602.21,,
33378,A102137,0,0,0,1062.50,,1275.00
33473,17850-1012,10,6,4,184.27,,
33474,17820-0012,3,2,1,555.15,,
33475,MH-73A4B,25,16,9,42.35,,
33494,010-10850-20,0,0,0,19.80,,
33496,010-10851-11,0,0,0,16.49,,
33508,137500,1,1,0,201.13,,
33509,137501,6,3,3,139.99,,
33550,84-2031-00,6,3,3,255.98,,
33579,9368,0,0,0,41.66,,
33611,FI5001,1,1,0,467.42,,
33612,000-010-511,2,1,1,113.64,,
33615,000-010-618,0,0,0,152.73,,
33617,DST-800PWF,0,0,0,314.61,,
33618,DT-800PSF,0,0,0,292.13,,
33634,1363640,0,0,0,1351.16,,1599.99
33636,1363425,0,0,0,870.86,,
33637,1363445,1,0,1,1212.20,,
33680,1904000,2,2,0,28.78,,
33686,1904015,5,5,0,30.95,,
33690,1904025,14,14,0,43.86,,
33691,1904026,5,5,0,54.82,,
33692,1904027,0,0,0,65.79,,
33693,1904028,2,2,0,76.76,,
33694,1904029,10,10,0,98.69,,
33695,1904030,11,11,0,77.40,,
33696,1904031,7,7,0,85.14,,
33697,1904032,12,12,0,123.85,,
33698,1904033,3,3,0,131.59,,
33700,1907001,0,0,0,92.88,,
33701,1907002,298,173,125,110.81,,
33706,1903012,3,3,0,14.50,,
33707,1903013,2,2,0,14.50,,
33711,84-2030-00,4,0,4,218.48,,
33712,9479,0,0,0,125.00,,
33713,172001,4,1,3,961.11,,
33714,172011,2,1,1,1136.36,,
33715,171211,5,3,2,1047.75,,
33716,171201,2,1,1,919.08,,
33717,170611,1,1,0,1000.00,,
33719,1790010,4,4,0,43.59,,
33720,1790610,7,4,3,44.87,,
33721,1510012,1,1,0,404.99,,
33722,1203BW,10,6,4,19.51,,
33723,1211PL,5,3,2,18.29,,
33724,1212W,3,2,1,46.47,,
33725,1214A,6,3,3,8.01,,
33726,1222AW,3,1,2,9.62,,
33727,1222B,4,2,2,15.38,,
33728,1228CW,6,4,2,23.08,,
33732,160HI012,4,2,2,615.65,,
33741,160MI012,1,1,0,557.94,,
33748,21SRP1512,0,0,0,3430.23,,
33749,21SR1512,0,0,0,3343.02,,
33750,220HF012,3,2,1,972.56,,
33751,220HR012,0,0,0,1213.41,,
33752,31-102,0,0,0,16.03,,
33753,31-3001,3,1,2,118.75,,
33756,32-601RFK,0,0,0,355.77,,
33757,AVHWR01202,0,0,0,1116.07,,
33758,AVHAR01202,0,0,0,1155.49,,
33762,AVHAR01203,0,0,0,1306.55,,
33763,AVHWF01203,0,0,0,1085.37,,
33764,AVHWR01203,4,2,2,1326.22,,
33765,AVHWR01201,0,0,0,1192.07,,
33766,AVHWF01201,0,0,0,951.22,,
33767,AVLAR01202,0,0,0,1228.66,,
33768,AVLWR01201,0,0,0,1265.24,,
33769,ATDISRK,0,0,0,54.49,,
33770,C253,19,10,9,16.03,,
33771,C254,30,18,12,16.03,,
33785,CDRK,1,0,1,121.79,,
33790,CDS12,0,0,0,46.79,,
33791,CH102MW,6,3,3,173.72,,
33793,CH18W,8,5,3,34.62,,
33794,CHRK,0,0,0,105.77,,
33799,CSRK,5,3,2,106.25,,
33870,DIAPUMPRK,6,3,3,43.59,,
33873,EST12,3,1,2,2491.18,,
33874,ESTDC,0,0,0,105.00,,
33876,G13W,6,4,2,28.13,,
33877,WH1A-S,14,8,6,28.13,,
33884,PHIIPUMP,8,5,3,248.72,,
33885,WH3,2,2,0,37.18,,
33896,RWS,2,2,0,131.25,,
33898,SEADISRK,3,2,1,33.33,,
33903,WH16,5,2,3,63.46,,
34011,HS-2774-1-R,0,0,0,523.92,,
34029,15096-001,1,1,0,44.83,,
34046,407020-1,1,1,0,327.99,,
34047,407030-1,2,2,0,356.36,,
34048,407040-1,2,2,0,419.17,,
34050,740105-1,7,7,0,22.14,,
34051,780015-1,5,5,0,37.94,,
34150,1854023,2,0,2,83.53,,
34156,FBA-38,30,27,3,18.75,,
34158,RIM100-01,3,1,2,276.17,,
34159,SIM100-01,0,0,0,276.17,,
34166,Z195,3,1,2,270.82,,
34176,MHS75,16,10,6,94.02,,
34184,FCV295,2,1,1,3073.95,,
34191,PSU013,0,0,0,959.09,,
34279,1050DPR,0,0,0,163.80,,
34280,1050MP,1,1,0,207.66,,
34281,1060DPR,0,0,0,195.27,,
34282,1071DP,0,0,0,82.41,,
34283,1073DP,6,6,0,68.89,,
34285,1085,2,2,0,259.02,,
34287,1091,2,2,0,351.08,,
34290,1101,0,0,0,536.97,,
34291,1106,0,0,0,592.06,,
34293,1116,2,2,0,648.66,,
34297,370,13,13,0,9.03,,
34299,1000K,13,13,0,22.85,,
34300,1001K,6,6,0,31.24,,
34301,1002K,12,12,0,37.33,,
34303,1010,8,8,0,15.91,,
34305,1021,0,0,0,53.81,,
34306,1023,10,10,0,15.50,,
34307,1025,0,0,0,38.63,,
34308,1026,0,0,0,73.18,,
34309,1028,1,1,0,65.45,,
34310,1029,0,0,0,71.75,,
34311,1036,0,0,0,12.53,,
34313,1170,27,27,0,8.76,,
34314,1171,12,12,0,9.04,,
34315,1172,14,14,0,9.10,,
34316,1173,0,0,0,9.15,,
34317,1179,11,11,0,9.64,,
34318,1190,15,15,0,10.93,,
34319,1180,0,0,0,6.58,,
34320,1181,12,12,0,5.76,,
34321,2125,8,8,0,54.89,,
34322,2126,18,18,0,33.50,,
34323,2127,8,8,0,25.66,,
34329,3015,0,0,0,21.79,,
34333,230-BK,12,12,0,19.09,,
34334,230-WH,0,0,0,19.09,,
34335,231-BK,10,10,0,20.30,,
34337,240,3,3,0,39.76,,
34339,241-BK,13,13,0,5.86,,
34340,241L-BK,13,13,0,8.20,,
34341,241-GR,2,2,0,5.86,,
34343,241-WH,11,11,0,5.86,,
34344,243-BK,9,9,0,8.31,,
34345,244-BK,6,6,0,7.08,,
34346,244L-BK,0,0,0,9.45,,
34348,245,17,17,0,12.88,,
34354,256,1,1,0,86.48,,
34355,257,0,0,0,36.51,,
34360,264,0,0,0,22.98,,
34361,265,0,0,0,21.68,,
34362,280-BK,12,12,0,17.18,,
34363,280-WH,12,12,0,17.18,,
34364,281-BK,0,0,0,18.34,,
34365,287,18,18,0,13.53,,
34369,344-BK,10,10,0,8.85,,
34370,350,7,7,0,17.79,,
34371,351,0,0,0,19.03,,
34372,355,3,3,0,21.68,,
34373,358,13,13,0,20.63,,
34375,362,1,1,0,23.66,,
34378,400-BK,17,17,0,35.58,,
34379,CM-CF-4,19,14,5,76.05,,
34380,401-BK,0,0,0,35.58,,
34382,444-BK,9,9,0,9.05,,
34385,459,3,3,0,13.68,,
34418,854-2021-01,6,3,3,101.22,,
34424,1608DP0BLK,1,0,1,63.92,,
34425,1608DP1BLK,0,0,0,62.85,,
34426,1609DP0CHR,4,1,3,73.55,,
34427,1636DP0CHR,6,2,4,75.04,,
34428,1639DP0CHR,2,2,0,75.04,,
34429,1642DP0CHR,4,1,3,84.06,,
34430,0300DP0CHR,2,1,1,43.64,,
34431,0300DP1CHR,5,1,4,47.85,,
34432,0300DP2CHR,19,9,10,56.03,,
34433,0870DP0CHR,2,2,0,37.60,,
34434,1312DP0CHR,15,5,10,30.91,,
34436,0420006CHR,0,0,0,546.11,,
34439,0499DP0CHR,10,6,4,97.64,,
34440,0504DP0CHR,3,2,1,79.19,,
34443,1356DP0CHR,0,0,0,103.60,,
34444,1356DP0WHT,0,0,0,100.58,,
34449,0599DPDCHR,5,5,0,63.75,,
34450,0599DPGCHR,12,5,7,66.93,,
34452,1399DP0CHR,0,0,0,51.43,,
34457,0525DP0BLK,12,6,6,32.16,,
34458,1324DP0BLK,12,8,4,31.77,,
34459,1324DP1BLK,15,8,7,34.96,,
34460,1188DP4CHR,3,1,2,30.96,,
34461,1188DP6CHR,8,8,0,21.12,,
34462,1188DP8CHR,4,4,0,43.83,,
34463,1252DP0CHR,9,4,5,42.36,,
34468,1230DP0CHR,12,12,0,25.63,,
34470,0757DP0CHR,8,4,4,32.15,,
34478,1347DP4CHR,4,0,4,91.78,,
34479,1347DP6CHR,0,0,0,106.65,,
34480,1349DP6CHR,0,0,0,126.05,,
34481,1349DP8CHR,2,2,0,141.15,,
34488,1049P00DPB,7,5,2,32.07,,
34492,1611DP2CHR,9,5,4,48.85,,
34515,47DR,117,16,101,38.44,,
34516,A26043,0,0,0,399.99,,479.99
34521,18220-1127,0,0,0,295.10,,
34522,34744-0000,0,0,0,188.23,,
34523,35115-0020,0,0,0,79.90,,
34524,35515-0010,22,14,8,102.17,,
34525,34739-0020,4,1,3,175.52,,
34526,35400-0010,12,2,10,212.44,,
34527,36740-0010,14,3,11,170.53,,
34528,35770-0094,0,0,0,243.96,,
34529,02840100A,12,6,6,458.84,,
34531,50840-0012,12,2,10,374.75,,
34532,31911-0000,68,16,52,113.25,,
34533,37010-0092,2,1,1,425.99,,
34535,IL500PK,1,1,0,118.22,,
34536,50070-0040,5,1,4,121.26,,
34537,50070-0200,7,4,3,133.80,,
34538,6050-0003,11,8,3,754.21,,
34539,11860-0005,5,3,2,760.73,,
34540,11810-0003,4,2,2,734.70,,
34541,18370-0000,0,0,0,1177.86,,
34542,37072-0092,14,2,12,202.81,,
34545,12210-0001,0,0,0,415.96,,
34550,209B,2,2,0,161.89,,
34551,10-6UL,25,9,16,136.96,,
34554,18590-2094,12,12,0,188.41,,
34555,03,9,5,4,101.22,,
34556,55S,9,4,5,347.33,,
34557,16A,9,0,9,216.85,,
34558,56D,9,4,5,220.00,,
34564,40FA,47,10,37,47.23,,
34571,45,8,6,2,24.95,,
34572,18680-0920,3,3,0,367.80,,
34574,18670-0123,6,4,2,292.85,,
34575,18670-0943,21,10,11,322.14,,
34576,010-11156-00,0,0,0,29.99,,
34601,220AHF012,0,0,0,984.76,,
34602,220AHR012,0,0,0,1225.61,,
34603,220HF01201,0,0,0,902.44,,
34604,220AHF01201,0,0,0,914.63,,
34605,220HR01201,0,0,0,1143.29,,
34606,220AHR01201,3,0,3,1155.49,,
34607,220HF01202,2,1,1,826.22,,
34608,220AHF01202,0,0,0,838.41,,
34609,220HR01202,0,0,0,1067.07,,
34610,220AHR01202,0,0,0,1079.27,,
34612,760FS,28,15,13,53.43,,94.98
34613,833FS,28,14,14,61.86,,99.98
34614,855FS,12,9,3,73.11,,119.98
34762,LMM-1,0,0,0,978.75,,
34764,LMM-2,0,0,0,978.75,,
34767,LM-GPS,3,1,2,95.06,,
34768,9502,7,5,2,82.93,,
34770,SC12,3,2,1,306.56,,
34772,SC20,4,1,3,340.31,,
34773,SC21,0,0,0,379.69,,
34774,M92722,0,0,0,371.25,,
34775,M92698,0,0,0,416.25,,
34776,50100,2,1,1,165.94,,
34782,SC45,0,0,0,312.19,,
34792,SPH-4I-W,0,0,0,317.81,,
34848,AIR-339-101,0,0,0,113.64,,
34849,AIR-339-102,0,0,0,145.45,,
34899,5502,154,80,74,39.56,,
34905,PP4805,0,0,0,356.35,,
34915,"XP15 0101",6,6,0,129.99,,
34947,A55076D,0,0,0,137.49,,
34948,A55079D,0,0,0,341.66,,
34949,A55080D,0,0,0,149.99,,
34950,A55081D,0,0,0,195.82,,
34960,"WC325 0100",17,0,17,18.99,,
34961,"WC750 0100",2,2,0,34.99,,
34962,2019,19,9,10,17.85,,
34963,5503,93,20,73,39.56,,
34964,"OML 0127",1,0,1,42.99,,
34965,4378,7,4,3,144.53,,
34967,7622,7,7,0,231.10,,
34968,7623,35,32,3,190.13,,
34969,11001,20,10,10,38.93,,
34970,11003,4,2,2,79.03,,
34971,2145,56,20,36,21.90,,
34972,2146,12,4,8,20.33,,
34973,1811,2,0,2,110.94,,
34974,1810,8,3,5,88.75,,
34978,2151,71,25,46,31.97,,
34979,1011,70,31,39,8.61,,
34980,1010,16,11,5,9.09,,
34983,2138,5,0,5,41.84,,
34984,2139,12,8,4,41.84,,
34986,2140,9,6,3,41.84,,
34987,2141,4,1,3,41.84,,
34988,2142,13,5,8,41.84,,
34989,2143,10,3,7,41.84,,
35097,81167,4,1,3,496.70,,
35098,SP-80-1,1,1,0,2465.70,,
35109,FW20000101,1,1,0,169.99,,
35151,1027,1,1,0,45.34,,
35157,1363641,3,1,2,1393.39,,1649.99
35162,1363420,3,0,3,801.98,,
35164,1363421,2,0,2,841.67,,
35168,1363447,0,0,0,1212.20,,
35169,1363446,0,0,0,1255.49,,
35177,1129,0,0,0,14.95,,
35192,T16012,0,0,0,89.48,,
35194,010-10781-00,0,0,0,22.49,,
35195,TLM100-01,0,0,0,196.12,,
35196,TMP100-01,3,3,0,276.17,,
35197,TA-5H-1.5NPT,1,1,0,52.03,,
35198,TA-5H-1.25BSP,2,1,1,32.02,,
35199,TFT-5H,0,0,0,48.03,,
35200,TFT-1.5NPT,0,0,0,44.03,,
35201,TFT-1.25BSP,2,0,2,72.04,,
35205,TP-AAP-1,7,2,5,23.99,,
35206,TP-EGT-1,0,0,0,136.08,,
35207,TP-IP-1,0,0,0,108.07,,
35252,1177,10,10,0,6.53,,
35253,1182,0,0,0,10.35,,
35254,E26027-PZ,0,0,0,165.83,,199.00
35265,B164-12-BL,0,0,0,1014.58,1275.00,
35281,5250,5,5,0,65.70,,
35313,000-156-405,0,0,0,109.09,,
35379,1182-BUCKET,2,2,0,253.46,,
35421,27740,9,6,3,92.45,164.99,
35422,TPK300,13,11,2,19.99,,
35423,GP1030,0,0,0,349.08,,
35424,GP1031,0,0,0,363.62,,
35426,GP2030,0,0,0,349.08,,
35427,GP2031,0,0,0,363.62,,
35428,GP2033,0,0,0,363.62,,
35429,PP5030,0,0,0,385.44,,
35430,PP5031,0,0,0,399.99,,
35431,PP5033,0,0,0,399.99,,
35432,GP1052,0,0,0,327.26,,
35433,GP2052,0,0,0,327.26,,
35434,PP5052,0,0,0,370.90,,
35435,GP1173,0,0,0,385.44,,
35465,1153,12,12,0,6.03,,
35468,311-BK,11,11,0,12.78,,
35470,590-BK,8,8,0,7.65,,
35471,253,2,2,0,25.19,,
35472,254,0,0,0,24.01,,
35473,259,2,2,0,11.39,,
35476,254M,1,1,0,14.75,,
35492,104,0,0,0,13.19,,
35494,222,6,6,0,37.18,,
35498,247,0,0,0,69.94,,
35499,248,18,0,18,12.54,,
35501,266,1,1,0,17.46,,
35502,267,11,11,0,33.93,,
35504,269,0,0,0,15.96,,
35507,276,0,0,0,26.43,,
35508,277,0,0,0,28.18,,
35509,750,0,0,0,35.45,,
35510,797,12,12,0,28.06,,
35520,1041,5,2,3,10.00,,
35524,1047,10,10,0,6.81,,
35526,1049,8,8,0,9.58,,
35527,1176,7,7,0,10.05,,
35528,1178,7,7,0,9.45,,
35529,1183,0,0,0,7.93,,
35531,3025,3,3,0,16.80,,
35557,010-C0722-20,0,0,0,112.49,,
35559,010-C0728-20,0,0,0,112.49,,
35561,010-C0730-20,0,0,0,112.49,,
35563,010-C0731-20,10,4,6,112.49,,
35565,010-C0732-20,3,0,3,112.49,,
35566,010-C0735-00,0,0,0,262.49,,
35576,010-C0747-20,0,0,0,97.49,,
35578,010-C0748-20,0,0,0,97.49,,
35580,010-C0749-20,0,0,0,97.49,,
35588,010-C0755-20,0,0,0,97.49,,
35594,010-C0760-20,0,0,0,97.49,,
35596,010-C0761-20,0,0,0,97.49,,
35598,010-C0762-20,0,0,0,97.49,,
35600,010-C0763-20,0,0,0,97.49,,
35602,010-C0764-20,0,0,0,97.49,,
35604,010-C0765-20,0,0,0,97.49,,
35606,010-C0766-20,0,0,0,97.49,,
35608,010-C0767-20,0,0,0,97.49,,
35610,010-C0768-20,0,0,0,97.49,,
35614,010-C0770-20,0,0,0,97.49,,
35616,010-C0771-20,0,0,0,97.49,,
35618,010-C0772-20,0,0,0,97.49,,
35620,010-C0773-20,1,0,1,112.49,,
35622,010-C0774-20,0,0,0,97.49,,
35624,010-C0775-20,0,0,0,97.49,,
35626,010-C0776-20,0,0,0,97.49,,
35628,010-C0777-20,0,0,0,97.49,,
35630,010-C0778-20,0,0,0,97.49,,
35632,010-C0779-20,0,0,0,97.49,,
35634,010-C0780-20,0,0,0,97.49,,
35636,010-C0782-20,0,0,0,97.49,,
35638,010-C0783-20,0,0,0,97.49,,
35644,010-C0786-20,0,0,0,97.49,,
35646,010-C0787-20,0,0,0,97.49,,
35648,010-C0788-20,0,0,0,97.49,,
35650,010-C0789-20,0,0,0,97.49,,
35652,010-C0790-20,0,0,0,97.49,,
35654,010-C0791-20,0,0,0,97.49,,
35730,010-C0849-20,0,0,0,97.49,,
35758,010-C0868-20,0,0,0,63.75,,
35760,010-C0869-20,0,0,0,63.75,,
35762,010-C0870-20,0,0,0,63.75,,
35764,010-C0871-20,0,0,0,63.75,,
35766,010-C0872-20,0,0,0,63.75,,
35768,010-C0873-20,0,0,0,63.75,,
35770,010-C0874-20,0,0,0,63.75,,
35772,010-C0875-20,0,0,0,63.75,,
35776,010-C0877-20,0,0,0,119.99,,
35778,010-C0878-20,0,0,0,119.99,,
35780,010-C0879-20,0,0,0,119.99,,
35782,010-C0880-20,0,0,0,119.99,,
35784,010-C0881-20,0,0,0,119.99,,
35798,010-C0924-20,0,0,0,97.49,,
35799,010-C1001-00,0,0,0,187.49,,
35801,010-C1001-20,0,0,0,97.49,,
35805,010-C1003-00,1,0,1,262.49,,
35806,010-C1004-00,2,1,1,262.49,,
35811,010-C1018-20,18,6,12,164.99,,
35812,010-C1019-20,0,0,0,164.99,,
35818,010-C1024-00,0,0,0,262.49,,
35820,010-C1024-20,0,0,0,112.49,,
35833,010-10580-00,14,6,8,44.99,,
35834,FA-CF-90,13,7,6,24.01,,
35835,FA-CM-90,12,8,4,24.01,,
35881,220HS012,1,0,1,1279.99,,
35882,220AHS012,0,0,0,1381.10,,
35894,F08893,91,70,21,69.53,,
35895,F14256,21,11,10,104.19,,
35896,F14220,2,0,2,46.45,,
35897,F14393,19,8,11,68.42,,
35898,F14221,10,7,3,86.27,,
35899,F14254,16,14,2,12.67,,
35903,F13109,7,7,0,17.87,,
35904,F13110,8,0,8,20.23,,
35906,F13111,12,1,11,18.73,,
35908,F13112,5,5,0,21.04,,
35910,F14207,15,9,6,26.85,,
35911,F14208,12,5,7,27.08,,
35912,F13114,0,0,0,15.92,,
35913,F13116,0,0,0,17.19,,
35914,F10972BK,10,4,6,8.99,,
35915,F14264,8,8,0,20.53,,
35916,F15437,3,0,3,22.05,,
35919,F13274,28,14,14,5.45,,
35920,F13180,23,13,10,5.45,,
35925,T71FC,15,10,5,76.67,,
35927,X34,19,16,3,21.89,,
35928,M66X08,1,1,0,107.57,,
35929,M66X09,6,3,3,107.57,,
35930,M66X10,8,3,5,107.57,,
35931,M66X11,2,2,0,107.57,,
35932,M66X12,5,3,2,107.57,,
35933,M66X13,5,2,3,107.57,,
35934,M66X14,3,1,2,107.57,,
35935,M66X15,4,2,2,107.57,,
35936,M66X16,4,2,2,107.57,,
35937,M66X17,3,2,1,107.57,,
35938,M66X18,3,1,2,107.57,,
35939,M66X19,3,1,2,107.57,,
35940,A62245,0,0,0,80.95,,
35941,M66X20,4,3,1,107.57,,
35943,ROTECH08FC,3,1,2,162.45,,
35944,ROTECH09FC,3,1,2,162.45,,
35945,ROTECH10FC,4,3,1,162.45,,
35946,ROTECH11FC,3,2,1,162.45,,
35947,ROTECH12FC,3,2,1,162.45,,
35948,ROTECH13FC,4,2,2,162.45,,
35949,ROTECH14FC,4,2,2,162.45,,
35950,ROTECH15FC,2,2,0,162.45,,
35951,ROTECH16FC,5,2,3,162.45,,
35952,ROTECH17FC,4,2,2,162.45,,
35953,ROTECH18FC,5,2,3,162.45,,
35954,ROTECH19FC,5,2,3,162.45,,
35955,ROTECH20FC,3,2,1,162.45,,
35986,793,5,5,0,20.35,,
35988,5250-AIS,14,7,7,65.70,,
36015,2215397,4,4,0,43.12,,
36040,APT6002,1,1,0,360.00,,
36043,LMB-F1,0,0,0,1546.88,,
36044,LMB-F2,0,0,0,1546.88,,
36045,LMB-A1,0,0,0,1546.88,,
36046,LMB-A2,0,0,0,1546.88,,
36048,LMP-1,0,0,0,2025.00,,
36049,LMP-2,0,0,0,2075.63,,
36063,B164-0-10F,0,0,0,1016.66,1275.00,
36065,806-1850,0,0,0,1571.49,,
36066,F18800,30,20,10,62.92,,
36090,UP28FM,6,4,2,566.28,,
36092,"OIL 15",18,8,10,18.80,,
36095,KITOB-10',4,2,2,124.82,,
36096,KITOB-12',3,2,1,124.82,,
36097,KITOB-14',4,2,2,124.82,,
36098,KITOB-16',5,1,4,124.82,,
36099,KITOB-18',2,0,2,124.82,,
36100,KITOB-20',4,2,2,128.25,,
36101,KITOB-22',3,2,1,173.71,,
36102,KITOB-24',0,0,0,188.52,,
36103,KITOB-26',4,2,2,203.33,,
36104,KITOB-28',4,2,2,218.17,,
36105,KITOB-30',4,2,2,247.84,,
36139,PP4800,0,0,0,341.81,,
36146,72-0409,0,0,0,122.78,,
36176,SC101,0,0,0,1141.88,,
36177,SC103,0,0,0,1141.88,,
36180,6009C,0,0,0,16.32,,
36181,6010C,0,0,0,40.01,,
36182,6011C,0,0,0,53.11,,
36183,6012,0,0,0,83.36,,
36184,6110,0,0,0,67.94,,
36185,6111,2,0,2,91.75,,
36186,6112,10,6,4,163.59,,
36187,S-1520P,17,13,4,5.45,,
36188,S-1521,13,10,3,11.60,,
36189,S-1522P,25,13,12,17.31,,
36190,S-1523,0,0,0,23.83,,
36191,6804,0,0,0,87.23,,
36192,6804BP,0,0,0,8.47,,
36193,6809,6,2,4,105.51,,
36194,6809BP,0,0,0,8.06,,
36195,6810,0,0,0,205.05,,
36196,6810BP,0,0,0,8.30,,
36197,6904D,0,0,0,4.92,,
36198,6909D,0,0,0,5.14,,
36199,6910D,0,0,0,5.12,,
36200,6704,0,0,0,57.76,,
36201,6709,0,0,0,82.30,,
36202,6710,4,2,2,122.38,,
36207,S-0114C,0,0,0,54.88,,
36208,S-0112C,4,2,2,25.13,,
36209,6008HC,3,2,1,92.94,,
36210,6113C,0,0,0,32.30,,
36211,6073C,0,0,0,101.98,,
36212,6013C,0,0,0,56.83,,
36213,6030C,0,0,0,72.70,,
36215,6082C,0,0,0,54.71,,
36216,6083C,0,0,0,56.48,,
36217,AR-6480,0,0,0,45.84,,
36218,AR-6481,0,0,0,84.59,,
36219,AR-6482,0,0,0,40.65,,
36220,AR-6483,0,0,0,60.96,,
36221,AR-6484,0,0,0,59.23,,
36222,AR-6485,0,0,0,180.96,,
36223,AR-6486,0,0,0,385.68,,
36224,AR-6487,0,0,0,144.31,,
36225,AR-6488,0,0,0,219.88,,
36226,AR-6489,0,0,0,253.01,,
36227,AR-6490C,0,0,0,43.84,,
36228,AR-6495C,0,0,0,74.85,,
36238,S-5020P,3,1,2,16.12,,
36239,S-5021P,0,0,0,17.44,,
36240,S-5022P,2,2,0,18.00,,
36241,S-5023P,2,2,0,31.52,,
36242,S-5024P,5,2,3,33.81,,
36243,S-5025C,0,0,0,13.47,,
36244,S-5028P,2,2,0,16.71,,
36245,S-5029P,0,0,0,27.53,,
36246,6260C,5,3,2,37.33,,
36247,6261C,0,0,0,49.21,,
36248,6262C,0,0,0,62.44,,
36249,6959,5,2,3,160.96,,
36250,6960CBLUE,0,0,0,85.74,,
36251,S-1462C,0,0,0,19.83,,
36252,6993CBLUE,3,0,3,82.36,,
36253,6994CBLUE,0,0,0,82.36,,
36254,6995CBLUE,2,2,0,74.76,,
36255,6996CBLUE,0,0,0,63.98,,
36257,6894CBLUE,0,0,0,74.54,,
36258,6895CBLUE,0,0,0,97.16,,
36259,6004C,4,2,2,23.44,,
36260,6023C,2,2,0,29.03,,
36261,S-7031C,0,0,0,7.92,,
36262,S-7032C,0,0,0,12.80,,
36263,S-7033C,0,0,0,16.66,,
36264,6001,0,0,0,73.24,,
36265,6002,2,2,0,25.47,,
36266,6123C,4,2,2,50.64,,
36267,6124C,3,0,3,46.83,,
36268,6125C,5,2,3,57.25,,
36269,6126C,0,0,0,50.16,,
36270,6129C,2,2,0,51.98,,
36271,6394C,5,3,2,65.54,,
36272,6395C,7,3,4,65.54,,
36273,6060C,5,3,2,10.83,,
36274,6061C,6,3,3,23.63,,
36275,S-7041P,0,0,0,9.16,,
36294,806-1206,5,3,2,225.53,,
36295,806-1210,17,9,8,335.41,,
36296,806-1220,21,12,9,504.55,,
36297,S-9001B,0,0,0,139.29,,
36298,S-9002B,0,0,0,147.63,,
36299,S-9003B,0,0,0,161.99,,
36300,S-9004B,0,0,0,117.39,,
36302,S-9005C,0,0,0,48.88,,
36305,010-11022-10,0,0,0,7.99,,
36310,010-11345-00,0,0,0,8.24,,
36313,302,0,0,0,258.43,,
36371,H-AWHT,4,2,2,12.54,,
36372,H-ABLK,10,6,4,12.54,,
36382,CVS-128,2,1,1,1231.30,,
36402,32-5000,11,4,7,909.99,,
36406,E15017,0,0,0,46.86,,
36418,S-7004CBLUE,0,0,0,93.41,,
36419,6174CBLUE,0,0,0,66.63,,
36420,S-0096,0,0,0,24.61,,
36421,S-1957CBLUE,0,0,0,61.35,,
36422,S-7009,0,0,0,291.96,,
36423,S-7007CBLUE,0,0,0,154.89,,
36425,S-1958CBLUE,0,0,0,78.44,,
36427,S-6241,6,4,2,67.96,,
36428,S-6242,8,4,4,215.98,,
36429,S-3541C,0,0,0,10.00,,
36430,P-2456C,3,2,1,65.78,,
36431,P-2452C,1,0,1,24.48,,
36432,P-2453C,0,0,0,36.36,,
36433,P-2454C,2,0,2,22.66,,
36434,P-2455C,0,0,0,32.46,,
36517,S-1388C,32,14,18,2.70,,
36519,S-1390C,46,12,34,3.77,,
36520,3421BP,0,0,0,6.63,,
36521,3439BP,0,0,0,14.73,,
36522,86000C,0,0,0,55.99,,
36523,P100084,3,1,2,20.00,,
36524,P100085,2,2,0,21.43,,
36525,X-10B-M,8,6,2,38.46,,
36526,X-10W-M,1,0,1,38.46,,
36527,X-11Y-TD,0,0,0,65.47,,
36536,V-527,6,4,2,82.12,,
36537,V-537B,3,0,3,82.12,,
36538,V-537,5,3,2,82.12,,
36539,V-537W,0,0,0,82.12,,
36540,S-53W,0,0,0,75.06,,
36541,XP-99,3,2,1,76.33,,
36542,XP-99W,6,4,2,76.33,,
36543,SS-PR2,1,1,0,236.19,,
36544,S-87,3,2,1,154.91,,
36545,S-87W,0,0,0,154.91,,
36546,B-200P,0,0,0,880.82,,
36547,FB-500,0,0,0,787.25,,
36620,T10-526,0,0,0,72.99,,
36625,3100,1,1,0,127.50,,159.98
36626,3101,10,4,6,148.75,,198.98
36627,3151,12,12,0,16.84,,27.52
36628,3152,17,11,6,17.43,,28.98
36637,A10-240,6,6,0,62.56,,
36640,A10-902,0,0,0,54.88,,
36671,T909,1,1,0,209.99,,
36673,"#10 INFLATION ADAPTER",63,37,26,1.70,,
36674,"#30 PUMP",11,6,5,33.35,,
36675,"#31 MINI PUMP",15,5,10,9.12,,
36677,"#75 BOAT STRAP",35,25,10,11.37,,
36678,"A-0 RED",30,20,10,29.23,,
36679,"A-1 RED",9,5,4,35.79,,
36680,"A-2 RED",0,0,0,49.53,,
36681,"A-3 RED",34,15,19,66.31,,
36682,"A-4 RED",23,13,10,93.41,,
36683,"A-5 RED",14,9,5,188.04,,
36685,"EFC-1 BLACK",21,10,11,23.00,,
36686,"EFC-2 BLACK",16,10,6,37.07,,
36687,"EFC-3 BLACK",16,4,12,40.87,,
36688,"EFC-4 BLACK",2,0,2,38.00,,
36745,0227DP0CHR,0,0,0,39.24,,
36754,1400DP4CHR,0,0,0,39.48,,
36757,1400DP7CHR,0,0,0,65.43,,
36761,0939DP1STS,10,2,8,100.23,,
36767,"FENDER FITS-F-1/G-4 BLACK",3,2,1,18.00,,
36768,"FENDER FITS-F-1/G-4 GREEN",0,0,0,21.81,,
36769,"FENDER FITS-F-1/G-4 NAVY BLUE",0,0,0,21.81,,
36770,"FENDER FITS-F-3/G-5 BLACK",10,4,6,27.09,,
36771,"FENDER FITS-F-3/G-5 GREEN",0,0,0,27.09,,
36772,"FENDER FITS-F-3/G-5 NAVY BLUE",0,0,0,27.09,,
36774,"FENDER FITS-HTM-2 GREEN",8,4,4,17.49,,
36775,"FENDER FITS-HTM-2 NAVY BLUE",5,5,0,20.72,,
36776,"FENDER FITS-HTM-3 BLACK",0,0,0,44.89,,
36777,"FENDER FITS-HTM-3 GREEN",0,0,0,44.89,,
36778,"FENDER FITS-HTM-3 NAVY BLUE",6,0,6,44.89,,
36779,"FENDER FITS-HTM-4 BLACK",0,0,0,52.95,,
36780,"FENDER FITS-HTM-4 GREEN",2,2,0,38.00,,
36781,"FENDER FITS-HTM-4 NAVY BLUE",7,5,2,52.95,,
36782,"G-1 BLACK",2,0,2,12.53,,
36783,"G-1 BLUE",21,9,12,11.93,,
36784,"G-1 WHITE",8,1,7,11.93,,
36785,"G-2 BLACK",12,12,0,13.95,,
36786,"G-2 BLUE",12,12,0,10.79,,
36787,"G-2 WHITE",25,12,13,11.45,,
36791,"G-3 BLACK W/AIR ADAPTER",5,3,2,17.25,,
36792,"G-3 BLUE W/AIR ADAPTER",8,5,3,17.25,,
36793,"G-3 WHITE W/AIR ADAPTER",7,3,4,17.25,,
36797,"G-4 BLACK W/AIR ADAPTER",10,4,6,25.92,,
36798,"G-4 BLUE W/AIR ADAPTER",9,4,5,21.50,,
36799,"G-4 WHITE W/AIR ADAPTER",14,7,7,25.92,,
36803,"G-5 BLACK W/AIR ADAPTER",11,3,8,49.56,,
36804,"G-5 BLUE W/AIR ADAPTER",6,6,0,39.99,,
36805,"G-5 WHITE W/AIR ADAPTER",3,0,3,49.56,,
36809,"G-6 BLACK W/AIR ADAPTER",8,4,4,64.84,,
36810,"G-6 BLUE W/AIR ADAPTER",3,2,1,57.00,,
36811,"G-6 WHITE W/AIR ADAPTER",6,2,4,65.29,,
36815,"HTM-1 BLACK W/AIR ADAPTER",3,3,0,28.00,,
36816,"HTM-1 BLUE W/AIR ADAPTER",4,2,2,35.13,,
36817,"HTM-1 WHITE W/AIR ADAPTER",0,0,0,35.13,,
36821,"HTM-2 BLACK W/AIR ADAPTER",5,2,3,46.03,,
36822,"HTM-2 BLUE W/AIR ADAPTER",7,4,3,36.00,,
36823,"HTM-2 WHITE W/AIR ADAPTER",3,3,0,36.00,,
36827,"HTM-3 BLACK W/AIR ADAPTER",0,0,0,81.35,,
36828,"HTM-3 BLUE W/AIR ADAPTER",9,4,5,81.35,,
36829,"HTM-3 WHITE W/AIR ADAPTER",11,5,6,81.35,,
36833,"HTM-4 BLACK W/AIR ADAPTER",8,7,1,119.83,,
36834,"HTM-4 BLUE W/AIR ADAPTER",4,1,3,105.00,,
36835,"HTM-4 WHITE W/AIR ADAPTER",0,0,0,119.83,,
36836,"WS-1 RED",19,9,10,9.06,,
36837,"WS-1 YELLOW",77,17,60,9.06,,
36838,"WS-1 GREEN",63,7,56,9.06,,
36839,"CM-2 RED",0,0,0,149.07,,
36840,"CM-2 WHT W/STR",0,0,0,149.07,,
36841,"CM-2-SS RED/SS",0,0,0,202.04,,
36842,"CM-2-SS WHT W/STR/SS",0,0,0,202.04,,
36843,"CM-3 RED",0,0,0,174.27,,
36844,"CM-3 WHITE W/STRIP",3,1,2,154.99,,
36845,"CM-3-SS RED/SS",0,0,0,227.20,,
36846,"CM-3-SS WHT W/STR/SS",2,1,1,204.99,,
36851,35983,11,9,2,24.95,,
36853,36103,0,0,0,2.33,,
36855,65501,0,0,0,36.60,,
36941,1820089,3,3,0,36.32,,
36942,1865108,131,115,16,13.79,,
36943,1865110,9,5,4,14.52,,
36953,1865101,8,3,5,10.16,,
36954,1865107,4,3,1,29.05,,
36955,1840201,1,0,1,19.60,,
36957,1810126,1,0,1,275.28,,
36958,1865002,13,7,6,13.07,,
36960,1865014,0,0,0,7.26,,
36961,1865019,17,17,0,7.26,,
36962,1865260,1,1,0,36.32,,
36963,1865261,2,2,0,43.58,,
36964,1865262,0,0,0,29.05,,
36988,1907030,0,0,0,7.49,,
36989,1907040,9,0,9,13.29,,
36990,1907050,0,0,0,10.56,,
36991,1907060,5,5,0,9.82,,
37010,7716,11,5,6,149.15,,157.50
37030,TJ12000101,1,1,0,71.99,,
37220,58500-0012,4,3,1,698.48,,
37221,58500-1012,4,3,1,687.94,,
37241,6074C,5,2,3,29.40,,
37256,560-1110-7,2,0,2,33.71,,
37258,560-1112-7,3,2,1,33.71,,
37259,560-2110-7,20,12,8,33.71,,
37260,560-2112-7,3,3,0,33.71,,
37261,560-2113-7,8,4,4,33.71,,
37292,A10-650,0,0,0,38.41,,
37293,21501730,6,3,3,94.16,,
37294,21501930,4,3,1,94.16,,
37322,A10-492PB,11,11,0,54.88,,
37324,A10-1290PB,9,6,3,62.50,,
37325,A10-1291PB,2,2,0,76.28,,
37328,CL-W,1,1,0,209.99,,
37337,012-2500-7,7,4,3,16.15,,
37339,012-5500-7,0,0,0,16.15,,
37359,CLZ-DXD,2,2,0,38.99,,
37365,CLZ-PWU,1,1,0,39.99,,
37370,P79-BL,0,0,0,157.61,199.00,
37378,RC612V,0,0,0,806.25,1135.20,
37379,RC8812V,5,3,2,1385.97,1944.80,
37388,449-BK,9,9,0,28.44,,
37414,ARM2502B,0,0,0,117.61,,
37424,P10293,0,0,0,257.27,,
37425,P10294,0,0,0,308.77,,
37426,P10295,0,0,0,357.63,,
37427,P10297,1,1,0,505.86,,
37428,P10299,0,0,0,640.45,,
37431,PRO510XL,33,24,9,62.52,,
37432,PRO520XL,16,4,12,71.46,,
37440,27656A,46,8,38,30.98,,
37474,808-9001,8,6,2,21.71,,
37476,288-PW,0,0,0,102.04,,
37477,295-PW,0,0,0,121.58,,
37482,GPS200-01,3,1,2,316.19,,
37525,010-11215-01,0,0,0,25.99,,
37705,311096402,4,3,1,94.24,,
37710,311096406,4,4,0,94.24,,
37713,311196402,5,2,3,108.74,,
37714,311196406,9,4,5,108.74,,
37716,311096502,4,3,1,108.74,,
37717,311096506,0,0,0,108.74,,
37718,311196502,4,4,0,123.24,,
37719,311196506,9,4,5,123.24,,
37721,301097206,0,0,0,115.99,,
37723,301097406,7,5,2,137.74,,
37725,301197406,8,5,3,152.24,,
37728,301097506,7,1,6,159.49,,
37730,301197506,8,5,3,121.79,,
37765,010-11442-00,40,9,31,89.99,,
37769,TM260-10F,0,0,0,1186.84,1499.00,
37775,010-11324-00,0,0,0,187.49,,
37776,010-11325-00,0,0,0,187.49,,
37777,010-11326-00,4,1,3,187.49,,
37779,010-11328-00,0,0,0,187.49,,
37791,"EFC-A4 BLACK",15,3,12,97.00,,
37792,"EFC-A5 BLACK",0,0,0,152.91,,
37793,"EFC-A6 BLACK",0,0,0,223.43,,
37809,242-BK,12,12,0,7.73,,
37811,130-BK,3,3,0,20.13,,
37812,405-BK,7,7,0,37.98,,
37982,MK212,0,0,0,758.72,,
37987,TLM150-01,4,2,2,220.14,,
38046,SC65,0,0,0,360.00,,
38047,DS16-P,10,8,2,19.69,,
38048,DS21A-P,11,4,7,22.50,,
38049,DS21B-P,12,4,8,22.50,,
38050,DS30-P,43,20,23,24.19,,
38051,DS40-P,19,6,13,27.56,,
38052,DS16-S,21,19,2,38.25,,
38053,DS21A-S,9,9,0,45.00,,
38054,DS21B-S,11,5,6,45.00,,
38055,DS30-S,12,2,10,56.25,,
38056,DS40-S,31,11,20,60.75,,
38072,1820,13,10,3,15.11,,
38177,DAC,3,2,1,35.00,,
38186,3022-BK,1,1,0,14.86,,
38309,T120,3,2,1,725.26,,
38312,T121,3,2,1,440.92,,
38317,T221,0,0,0,717.02,,
38318,T138,0,0,0,120.82,,
38320,T912,0,0,0,161.92,,
38323,T910,2,0,2,245.82,,
38324,T075-916,0,0,0,1429.93,,
38325,T070-916,0,0,0,762.35,,
38326,T061,9,4,5,453.29,,
38329,T10-471JB,3,0,3,82.32,,
38334,135200-701-999-12,27,26,1,19.43,,
38335,135000-701-999-12,10,5,5,13.19,,
38389,1854107,17,17,0,29.05,,
38390,1854108,5,2,3,39.94,,
38391,1854100,0,0,0,32.68,,
38392,1854101,3,2,1,25.41,,
38471,544K,0,0,0,30.38,,
38488,1150-F,9,9,0,51.08,,
38490,1151-F,11,4,7,29.81,,
38491,1152-F,4,4,0,21.43,,
38492,1132-F,8,5,3,20.21,,
38493,1190-F,14,6,8,48.68,,
38494,1135-F,14,9,5,19.20,,
38495,1006-F,9,5,4,18.08,,
38496,1060-W-F,15,3,12,25.24,,
38497,1062-W-F,12,6,6,62.08,,
38498,1064-W-F,13,7,6,41.39,,
38499,95-078-F,3,3,0,58.85,,
38500,95-072-F,0,0,0,105.12,,
38504,96-250-F,3,3,0,84.64,,
38505,96-258-F,25,13,12,62.25,,
38506,3200-F,0,0,0,241.99,,
38507,3400-F,3,2,1,363.04,,
38508,3600-F,0,0,0,380.89,,
38509,3800-F,0,0,0,432.61,,
38513,91-110-F,12,12,0,24.16,,
38514,3100-F,3,2,1,202.26,,
38515,3120-F,2,1,1,321.54,,
38516,2606W-F,18,10,8,21.61,,
38517,2608W-F,12,4,8,35.65,,
38518,2606P-F,13,8,5,21.61,,
38519,2608P-F,7,2,5,35.65,,
38547,B-60-12-CX,0,0,0,350.00,,
38548,B-60-20-CX,0,0,0,350.00,,
38572,"XP15L 0101",1,0,1,139.99,,
38574,EJ10000101,12,8,4,39.99,,
38575,HD50000101,8,3,5,194.99,,
38744,272,3,3,0,13.91,,
38746,428,6,6,0,11.88,,
38747,429,0,0,0,23.46,,
38748,388-BK,3,3,0,42.95,,
38819,010-11430-00,9,0,9,6.04,,
38853,ALM100-01,4,2,2,236.15,,
38855,MK5,0,0,0,649.39,,
38888,P7702101AJ,0,0,0,58.26,,
38953,32903,0,0,0,37.65,,
38954,42123,0,0,0,38.96,,
38955,16004-00,6,2,4,87.19,,
38956,22004,9,6,3,110.86,,
38957,40004,4,2,2,163.80,,
38962,07903-00,2,1,1,67.37,,
38963,08203-00,4,2,2,68.69,,
38964,32-47258-003,0,0,0,67.04,,
38965,32-47259-003,0,0,0,73.74,,
38966,32-47260-003,3,1,2,80.44,,
38967,32-47261-002,2,1,1,83.14,,
38968,26014,6,3,3,16.68,,
38969,36303,16,7,9,39.63,,
38970,36152,10,5,5,42.27,,
38971,28552,79,57,22,22.72,,
38972,28572,17,10,7,32.37,,
38973,28512,18,12,6,36.91,,
38975,57151,2,2,0,101.90,,
38976,10-24453-01,6,3,3,109.64,,
38979,64534,2,0,2,209.51,,
38980,64634,0,0,0,297.22,,
38981,10-24728-03,0,0,0,92.31,,
38982,10-13399-03,3,2,1,134.74,,
38983,10-13407-07,1,1,0,168.56,,
38984,10-13329-103,0,0,0,236.89,,
38985,80-47229-01,3,1,2,147.48,,
38986,80-47230-01,0,0,0,168.94,,
38987,80-47435-01,8,4,4,274.86,,
38988,80-47436-01,2,1,1,305.70,,
38995,RGB,0,0,0,13.13,,
38997,FC-4,5,4,1,14.99,,
39079,27575,5,5,0,230.57,399.99,
39082,A3120Z-11HAE,15,10,5,89.63,,
39083,A3120Z-31HAE,3,0,3,89.63,,
39086,P1120Z-11HAE,1,0,1,102.44,,
39087,P1120Z-31HAE,17,7,10,102.44,,
39090,LL-101,6,4,2,67.07,,
39091,55150A,38,26,12,17.71,,
39097,010-11441-00,0,0,0,29.99,,
39098,010-11441-01,0,0,0,22.49,,
39105,F05848,11,10,1,15.65,,
39106,F07674,0,0,0,14.30,,
39107,F05343,22,9,13,12.47,,
39108,F05351,0,0,0,11.65,,
39109,F05352,18,18,0,8.52,,
39111,F14200,19,12,7,22.61,,
39114,F14086,0,0,0,14.60,,
39115,F18804,6,2,4,65.51,,
39132,0063DP5PLB,9,3,6,15.09,,
39135,OT-0542VEL15-HD,5,2,3,616.06,,
39138,OT-0551VEL186,0,0,0,499.99,,
39140,0063DP6PLB,9,5,4,19.31,,
39141,0063DP7PLB,9,5,4,27.03,,
39142,0063DP8PLB,6,5,1,34.11,,
39143,0063009PLB,0,0,0,58.28,,
39144,0065DP4PLB,0,0,0,35.47,,
39145,0065DP5PLB,15,5,10,44.97,,
39146,0065DP6PLB,7,2,5,55.44,,
39147,0065DP7PLB,5,2,3,64.59,,
39148,0066DP1PLB,7,0,7,15.35,,
39149,0066DP2PLB,4,2,2,29.55,,
39150,0066DP3PLB,0,0,0,41.97,,
39151,0066DP4PLB,12,5,7,54.89,,
39153,0076DP5PLB,8,3,5,10.35,,
39154,0076DP6PLB,8,5,3,12.76,,
39155,0076DP7PLB,12,5,7,19.52,,
39156,0076DP8PLB,18,4,14,26.79,,
39157,0076009PLB,0,0,0,33.44,,
39161,0086DP3PLB,10,4,6,16.40,,
39162,0086DP4PLB,8,3,5,21.48,,
39163,0086DP5PLB,0,0,0,35.43,,
39164,0086006PLB,4,1,3,40.39,,
39167,0322DP4PLB,4,4,0,24.99,,
39168,0322DP5PLB,10,5,5,25.81,,
39169,0322DP6PLB,10,6,4,35.20,,
39170,0322DP7PLB,5,2,3,53.11,,
39171,0322DP8PLB,5,2,3,64.60,,
39172,0322009PLB,4,2,2,79.84,,
39173,0328DP4,21,10,11,3.13,,
39174,0328DP4A,8,2,6,4.94,,
39175,0328DP5,16,6,10,3.47,,
39176,0328DP6,11,5,6,3.76,,
39177,0328DP6A,13,3,10,3.54,,
39178,0328DP8,12,5,7,6.01,,
39179,0350004DPC,7,2,5,21.10,,
39180,0350004DPP,5,4,1,21.52,,
39181,0350005DPC,3,1,2,34.71,,
39182,0350005DPP,1,1,0,30.84,,
39183,0350006DPC,9,5,4,45.53,,
39184,0350006DPP,5,0,5,40.60,,
39186,0350007DPP,6,4,2,48.17,,
39187,0350008DPC,9,5,4,67.49,,
39188,0350008DPP,8,4,4,61.92,,
39189,035006ADPC,5,1,4,45.53,,
39190,035006ADPP,2,2,0,40.60,,
39195,0493004PLB,3,2,1,207.68,,
39196,0493005PLB,4,1,3,224.69,,
39197,0493006PLB,7,3,4,314.23,,
39198,0493007PLB,3,2,1,317.44,,
39199,0493008PLB,5,3,2,500.34,,
39200,0493009PLB,8,4,4,620.69,,
39201,0493010PLB,0,0,0,643.35,,
39202,0714DP1PLB,9,4,5,24.08,,
39203,0805005PLB,8,5,3,106.28,,
39204,0805006PLB,7,3,4,145.88,,
39205,0805007PLB,5,1,4,182.00,,
39206,0805008PLB,5,3,2,226.33,,
39207,0805009PLB,2,2,0,387.86,,
39208,0805010PLB,0,0,0,598.38,,
39211,1310DP0CHR,5,1,4,30.67,,
39212,"EFC-5 BLACK",0,0,0,48.08,,
39271,010-11526-00,0,0,0,10.99,,
39306,010-11270-00,0,0,0,17.49,,
39313,MR652C,5,2,3,80.59,144.99,
39314,MR752C,8,4,4,92.75,144.99,
39318,MRANT10,22,16,6,2.41,34.99,
39325,010-10856-20,0,0,0,12.99,,
39328,010-10854-21,0,0,0,8.24,,
39331,2104-F,0,0,0,176.92,,
39332,2105-F,0,0,0,212.31,,
39336,96-252-F,0,0,0,110.31,,
39341,ELB-CM-CF,2,0,2,32.02,,
39350,010-11478-01,8,0,8,8.24,,
39351,010-11478-02,0,0,0,16.49,,
39354,T060,7,1,6,407.96,,
39399,ZDIGUSBNMEA,10,2,8,56.63,,
39400,ZDIGHSC100,4,2,2,297.47,,
39410,27620,17,5,12,71.29,114.99,
39411,27670,9,4,5,65.56,109.99,
39415,13109,8,2,6,46.82,,
39418,13311,14,9,5,57.16,,
39419,13511,9,7,2,59.31,,
39420,27660,0,0,0,76.67,124.99,
39437,1082DP3WHT,10,3,7,37.13,,
39472,SP-70-8,0,0,0,3499.30,,
39473,SP-70-7,0,0,0,3359.30,,
39474,SP-80-8,0,0,0,3499.30,,
39475,SP-80-7,0,0,0,3359.30,,
39495,CO-CO1224T,3,2,1,168.10,,
39576,P7810500AJ,7,7,0,13.56,,
39577,P7810300AJ,16,16,0,12.31,,
39579,P7160901AJ,4,0,4,50.21,,
39580,P7837200AJ,0,0,0,12.31,,
39582,P7811700AJ,0,0,0,41.54,,
39585,P5591000AJ,0,0,0,11.83,,
39587,P7837300AJ,0,0,0,19.71,,
39590,P7816100AJ,0,0,0,19.71,,
39593,585-RAM-MNT,0,0,0,52.73,,
39600,YBP-0101,17,5,12,21.39,,34.98
39601,YBP-0202,16,7,9,12.66,,19.98
39602,251,97,42,55,5.69,,9.98
39627,1148,13,13,0,9.83,,
39628,S-0500,37,0,37,2.53,,
39629,S-0501,13,6,7,2.40,,
39641,1902300,10,10,0,501.32,,
39642,1902305,7,3,4,591.45,,
39643,1902310,9,5,4,777.06,,
39650,1904040,0,0,0,28.74,,
39651,1904045,2,2,0,107.81,,
39652,1907024,0,0,0,387.05,,
39653,1903020,1,1,0,28.74,,
39654,1903030,1,1,0,35.93,,
39655,1903031,12,10,2,35.93,,
39656,1907070,17,15,2,43.12,,
39694,720073-2,11,1,10,44.84,,
39695,720073-3,4,4,0,51.74,,
39696,720074-1,11,6,5,22.72,,
39699,407860-1,150,68,82,114.66,,
39708,710226-1,4,0,4,112.90,,
39711,2215392,3,3,0,25.15,,
39712,2215396,2,2,0,32.34,,
39713,2250122,11,9,2,17.96,,
39715,011-5540-7,6,0,6,8.60,,
39718,011-2540-7,8,4,4,8.60,,
39744,1865022,23,7,16,23.96,,
39749,1810220,6,3,3,58.11,,
39767,1823155,1340,978,362,108.92,,
39777,010-11572-00,0,0,0,1612.49,,
39778,010-11573-00,0,0,0,2699.99,,
39782,010-11156-30,5,5,0,29.99,,
39783,010-11156-31,3,2,1,52.49,,
39784,010-11156-32,0,0,0,74.99,,
39785,29310,9,5,4,50.14,,
39786,29210,11,3,8,59.13,,
39788,MR60B,14,3,11,43.49,79.99,
39791,010-11053-30,0,0,0,749.99,,
39793,010-11057-30,3,1,2,67.49,,
39795,010-11532-00,6,2,4,14.99,,
39796,010-11533-00,11,6,5,37.49,,
39797,010-11056-00,0,0,0,67.49,,
39798,010-11170-01,170,46,124,1.49,,
39803,CVS-1410,0,0,0,1679.30,,
39808,500/50/200ST-CX,0,0,0,280.00,,
39809,B-164-0-CX,0,0,0,1120.00,,
39810,B-164-12-CX,0,0,0,1120.00,,
39811,B-164-20-CX,0,0,0,1120.00,,
39822,B-60-12-ES,0,0,0,350.00,,
39823,B-60-20-ES,2,1,1,224.99,,
39836,09-1027B-1,0,0,0,27.74,,
39837,09-808B-1,0,0,0,21.80,,
39838,09-810B-1,0,0,0,22.72,,
39839,09-1028BT-1,8,4,4,30.38,,
39840,09-1026B-1,0,0,0,20.80,,
39843,61123,2,1,1,76.62,,
39845,43210-0001,0,0,0,768.16,,
39846,50410-1201,4,3,1,486.51,,
39918,68010,1,1,0,189.99,,
39929,68200,2,2,0,599.99,,
39936,68510,1,1,0,49.99,,
39938,68520,5,3,2,79.99,,
39940,68530,1,1,0,89.99,,
39943,GP1056,0,0,0,327.26,,
39944,GP2056,0,0,0,327.26,,
39945,PP5056,0,0,0,370.90,,
39946,GP1057,0,0,0,327.26,,
39947,GP2057,0,0,0,327.26,,
39948,PP5057,0,0,0,370.90,,
39949,GP2055,0,0,0,327.26,,
39950,PP5055,0,0,0,370.90,,
39979,GP1032,0,0,0,363.62,,
39980,GP2032,0,0,0,363.62,,
39981,PP5032,0,0,0,399.99,,
39982,GP1034,0,0,0,363.62,,
39983,GP2034,0,0,0,363.62,,
39984,PP5034,0,0,0,399.99,,
39991,GP1080,0,0,0,370.90,,
39992,GP1081,0,0,0,385.44,,
39993,GP2080,0,0,0,370.90,,
39994,GP2081,0,0,0,385.44,,
40002,68720,2,2,0,29.99,,
40007,68630,3,1,2,29.99,,
40008,68650,2,0,2,124.99,,
40009,68660,1,1,0,99.99,,
40012,67500,1,1,0,54.99,,
40016,967-18BL,3,3,0,79.99,,
40017,969ST-18,8,0,8,99.99,,
40074,010-C1048-20,0,0,0,97.49,,
40088,2106,0,0,0,751.64,,
40089,2116,2,2,0,821.98,,
40120,SM81,9,4,5,14.12,,
40169,TX3916SL/SL,0,0,0,875.77,,
40175,L006UCL040ABA,0,0,0,2294.44,,
40176,L006UCL040ABB,0,0,0,2163.33,,
40177,L004U00741AME,0,0,0,3080.77,,
40178,L004U00741AM3,0,0,0,2818.89,,
40179,L006U00741AME,0,0,0,3343.33,,
40180,L006U00741AM5,0,0,0,3047.25,,
40181,L008U00741AMD,0,0,0,3527.17,,
40182,L008U00741AM5,0,0,0,3343.33,,
40183,L004US0241AME,0,0,0,4019.78,,
40184,L004US0241AM3,0,0,0,3783.70,,
40185,L006US0241AMD,0,0,0,4279.12,,
40186,L006US0241AM5,0,0,0,4040.22,,
40187,L008US0241AME,0,0,0,4489.13,,
40188,L008US0241AM4,0,0,0,4296.74,,
40189,1017759,0,0,0,144.17,,
40190,1031221,0,0,0,236.25,,
40334,813-1000-UL,4,1,3,151.97,,
40335,813-1500-UL,7,3,4,221.20,,
40336,813-3000-UL,10,3,7,488.65,,
40337,813-5000-UL,10,6,4,699.00,,
40367,010-11029-02,0,0,0,10.99,,
40368,010-11666-00,0,0,0,15.41,,
40413,V11-0809BBK50-2,4,1,3,206.63,,
40414,V11-0809BWK50-2,0,0,0,225.24,,
40415,V11-2423BBK50-2,6,4,2,422.85,,
40416,V11-2423BBK70-2,7,2,5,505.72,,
40417,V11-3426BBK70-2,2,0,2,588.33,,
40418,V11-3447BBK50-2,5,2,3,304.24,,
40419,V11-3447BWK50-2,3,2,1,307.85,,
40420,V11-4135BKA30-3,4,1,3,218.10,,
40421,V11-9795BBK50D-2,8,3,5,333.21,,
40422,V11-9811WCM70-2,5,2,3,466.14,,
40437,FPM100-01,5,2,3,356.22,,
40524,15098-001,0,0,0,59.53,,
40568,010-11677-00,0,0,0,14.99,,
40569,010-11679-00,0,0,0,6.99,,
40571,010-10249-20,295,195,100,74.99,,
40572,010-11615-00,0,0,0,18.75,,
40574,010-11676-00,22,10,12,22.49,,
40575,010-11682-00,0,0,0,8.24,,
40579,2155,1,0,1,22.27,,
40580,4018,79,20,59,6.33,,
40581,5060,49,20,29,5.18,,
40582,5061,23,16,7,7.34,,
40583,5063,73,31,42,3.87,,
40584,5064,84,33,51,3.62,,
40585,5065,503,203,300,6.13,,
40586,5250,72,42,30,5.39,,
40587,5251,69,35,34,5.39,,
40588,5252,31,21,10,5.39,,
40589,5253,58,23,35,5.39,,
40590,5254,60,35,25,5.39,,
40591,5255,35,10,25,5.39,,
40592,5256,35,20,15,5.39,,
40593,5257,39,22,17,5.39,,
40594,5258,31,15,16,5.39,,
40595,5259,10,6,4,5.39,,
40596,5260,15,8,7,5.39,,
40597,7049,33,28,5,94.18,,
40598,7149,25,9,16,94.18,,
40599,7720,47,20,27,28.92,,
40600,7721,31,10,21,28.92,,
40601,7748,29,12,17,123.10,,
40605,8100,3,1,2,376.14,,
40606,8101,7,4,3,449.52,,
40607,8102,7,3,4,484.10,,
40608,7080,13,4,9,45.49,,
40609,7081,16,6,10,45.49,,
40610,7082,10,0,10,45.49,,
40611,7083,27,5,22,45.49,,
40612,7084,39,5,34,45.49,,
40613,7085,8,0,8,45.49,,
40614,7086,17,5,12,45.49,,
40627,7087,22,0,22,45.49,,
40628,7088,9,4,5,45.49,,
40629,7089,11,5,6,45.49,,
40631,7180,33,11,22,45.49,,
40632,7181,175,39,136,45.49,,
40633,7182,182,37,145,45.49,,
40634,7183,171,49,122,45.49,,
40635,7184,372,116,256,45.49,,
40636,7185,71,15,56,45.49,,
40637,7186,142,36,106,45.49,,
40638,7187,88,21,67,45.49,,
40640,7188,51,22,29,45.49,,
40641,7189,21,10,11,45.49,,
40643,7506,46,30,16,53.01,,
40644,7507,24,22,2,59.65,,
40645,7508,9,3,6,66.29,,
40752,T10-540,21,0,21,65.00,,
40787,F14087,4,0,4,17.54,,
40789,F16777,0,0,0,16.23,,
40790,F18816,10,6,4,91.71,,
40794,F103745,0,0,0,47.06,,
40797,SST-110,4,2,2,307.30,,
40798,TM200-30,0,0,0,77.00,,
40799,TS200-30,5,2,3,118.07,,
40808,229-BK,8,8,0,14.91,,
40809,239-BK,5,5,0,35.08,,
40810,260,0,0,0,17.65,,
40811,279,8,8,0,12.98,,
40812,349-BK,22,22,0,13.63,,
40813,469,7,7,0,25.89,,
40814,470,5,5,0,36.00,,
40817,476,0,0,0,18.04,,
40820,479,15,15,0,13.71,,
40822,720057-1,197,188,9,13.48,,
40832,ZDIGAIS100,4,2,2,247.88,,
40833,ZDIGAISNET,2,1,1,734.96,,
40840,PT-0-3PSI-01,3,1,2,156.10,,
40841,PT-0-5PSI-01,0,0,0,156.10,,
40844,T137,0,0,0,120.82,,
40845,TA065,29,10,19,29.82,,
40846,TA100,5,2,3,68.17,,
40848,TA101,0,0,0,29.82,,
40849,TA118,0,0,0,68.17,,
40851,C5-A,3,2,1,147.36,,
40852,TA119,8,8,0,59.65,,
40856,TA122,8,5,3,89.48,,
40857,TA125,10,4,6,68.17,,
40858,TA900,4,2,2,34.08,,
40860,T005,3,0,3,76.69,,
40867,TA070,8,4,4,29.82,,
40922,10222-211D,33,12,21,77.16,,
40932,013-00005-00,0,0,0,1.26,,
41034,MMB-97,11,5,6,11.72,,
41046,854-2022-01,0,0,0,57.10,,
41047,808-9003,0,0,0,30.65,,
41048,809-0940,11,6,5,23.68,,
41049,809-0942,0,0,0,35.25,,
41056,101075,11,7,4,85.76,,137.99
41057,101076,13,5,8,84.51,,135.89
41058,101077,0,0,0,84.31,,134.69
41059,101078,13,6,7,33.16,,54.49
41060,101079,5,2,3,34.27,,56.59
41061,101080,5,2,3,36.95,,60.69
41062,101081,10,4,6,108.17,,121.19
41063,101082,6,3,3,114.14,,128.59
41065,101084,20,3,17,13.66,,23.89
41066,101085,12,5,7,13.66,,23.89
41067,101086,7,4,3,13.40,,23.39
41070,1031219,0,0,0,327.78,,
41071,1031482,0,0,0,327.78,,
41092,S-0233,6,2,4,10.11,,
41094,808-0915,4,3,1,62.84,,
41142,63110,10,6,4,265.90,,346.99
41143,63115,11,7,4,332.05,,432.99
41144,63120,9,6,3,413.86,,539.99
41145,63130,15,15,0,505.97,,659.99
41146,63140,29,11,18,544.22,,709.99
41147,63150,18,7,11,696.80,,908.99
41148,63160,13,3,10,860.68,,1122.99
41149,63170,17,7,10,557.34,,726.99
41150,63180,9,4,5,873.07,,1138.99
41166,HRCFF612V,2,2,0,961.18,1307.20,
41167,HRCFF812V,2,2,0,931.58,1307.20,
41198,PTM-R1-1,0,0,0,1628.29,,
41199,IPG100-01,3,1,2,636.39,,
41203,010-00957-00,2,1,1,562.49,,
41207,010-C1062-20,7,2,5,112.49,,
41208,010-C1063-20,0,0,0,112.49,,
41211,010-C0884-20,0,0,0,119.99,,
41213,010-C1062-00,0,0,0,262.49,,
41214,010-C1063-00,0,0,0,262.49,,
41292,DS-MULTI,13,12,1,57.38,,
41295,F40-0030BKA-1,6,0,6,33.71,,
41297,RK-0001PB,7,5,2,95.77,,
41300,010-C1064-00,0,0,0,187.49,,
41301,010-C1064-20,0,0,0,97.49,,
41326,010-11131-10,0,0,0,27.49,,
41331,701S-00616,0,0,0,231.49,,
41333,701S-00608,18,6,12,71.14,,
41335,711S-00609,0,0,0,304.65,,
41376,2401K,15,15,0,31.25,,
41377,2402K,0,0,0,38.53,,
41420,ZDIGAIS100USB,5,3,2,247.88,,
41421,MS-RA200MP,8,4,4,13.99,,
41450,23121,7,3,4,115.18,,
41451,23122,2,2,0,131.63,,
41452,23124,7,4,3,123.47,,
41453,23123,4,3,1,149.25,,
41454,23125,0,0,0,202.40,,
41455,23126,0,0,0,181.25,,
41489,HS-01,0,0,0,489.38,,
41490,SPH-SYSTEM-W,0,0,0,526.76,,
41506,10009,11,4,7,62.26,,
41507,10012,5,5,0,124.64,,
41509,10027,23,12,11,74.22,,
41510,10028,6,6,0,139.46,,
41511,10036,123,33,90,33.32,,
41512,10002,16,14,2,64.57,,
41519,10035,38,35,3,23.44,,
41521,10050,17,2,15,32.83,,
41522,10051,14,11,3,32.83,,
41523,10055,28,18,10,65.30,,
41524,10001,21,8,13,42.84,,
41525,11031,17,13,4,18.56,,
41526,11032,20,14,6,30.88,,
41527,854-2019-01,0,0,0,189.67,,
41528,12427,12,5,7,80.19,,
41529,12428,7,2,5,151.97,,
41533,31991,0,0,0,90.45,,
41534,30991,0,0,0,92.16,,
41535,32991,0,0,0,98.03,,
41544,31001,10,10,0,70.31,,
41545,31011,10,10,0,73.84,,
41578,81783,2,0,2,700.00,,
41590,GP1055,0,0,0,327.26,,
41638,DCR100-01,1,0,1,316.19,,
41639,DST110-01,0,0,0,396.24,,
41646,FDEBSN010000A00,1,0,1,105.15,,
41647,FDEBSN015000A00,2,0,2,103.45,,
41648,FDEBSN020000A00,1,1,0,131.03,,
41655,HRC101012V,1,0,1,2249.43,3167.20,
41656,HRC101012VLP,0,0,0,2328.82,3167.20,
41658,P104370,3,0,3,41.60,,
41659,P104371,4,0,4,55.99,,
41660,P102981,0,0,0,1067.50,,
41661,P103864,2,1,1,52.14,,
41704,22209,13,8,5,61.43,,
41711,96-264-F,18,14,4,82.39,,
41712,96-288-F,10,6,4,29.84,,
41727,53502,0,0,0,64.51,164.99,
41737,102,7,2,5,62.67,,
41738,104,1,1,0,126.67,,
41739,105,0,0,0,76.00,,
41740,106,0,0,0,183.53,,
41741,108,2,2,0,77.33,,
41763,BF30,0,0,0,79.17,117.00,
41765,C30253,10,5,5,208.27,307.80,
41766,C30503,0,0,0,282.56,417.60,
41767,A1001,9,6,3,13.40,19.80,
41783,82044,0,0,0,33.53,,
41784,82004,0,0,0,27.57,,
41806,103,0,0,0,7.44,,
41810,101-BK,24,24,0,8.46,,
41814,010-11654-00,0,0,0,51.99,,
41815,010-11654-01,0,0,0,51.99,,
41818,010-11654-04,0,0,0,64.99,,
41819,010-11654-05,0,0,0,10.49,,
41820,0348DP5PLB,5,0,5,56.27,,
41827,SB-8-5,9,6,3,24.19,,
41828,SB-8-10,7,3,4,36.00,,
41829,SB-2G,15,6,9,10.40,,
41843,010-11602-00,0,0,0,31.99,,
41844,010-11734-20,47,21,26,5.99,,
41847,BPKT0801,0,0,0,1250.00,,
41849,RST755,0,0,0,133.06,,
41850,090-1100-4,0,0,0,172.00,,
41851,090-2100-4,0,0,0,172.00,,
41854,NBE100-01,12,5,7,316.19,,
41861,010-11598-00,2,2,0,22.19,,
41864,010-11733-00,0,0,0,11.99,,
41865,010-11600-00,7,7,0,29.99,,
41869,135600-701-999-12,2,1,1,17.00,,
41870,135400-701-999-12,17,10,7,14.07,,
41881,010-10856-30,0,0,0,19.49,,
41887,1710ST-14-KIT,4,2,2,429.99,,
41889,P104809,2,0,2,41.67,,
41890,P104810,0,0,0,41.67,,
41891,SDD-110,0,0,0,328.30,,
41981,MEK-4,5,2,3,36.82,,
42009,T222,0,0,0,1784.33,,
42027,341-BK,1,1,0,9.09,,
42029,9601DP,5,0,5,41.03,,
42040,RH5365,3,0,3,116.35,,
42041,RH5367V,0,0,0,116.35,,
42042,RH5369H,4,4,0,116.35,,
42045,010-11054-00,3,0,3,374.99,,
42068,FFM100-01,5,3,2,356.22,,
42083,010-C1066-20,0,0,0,112.49,,
42084,010-C1067-20,0,0,0,164.99,,
42086,309299,37,14,23,39.07,,
42087,309199,41,15,26,28.29,,
42089,309099,0,0,0,28.29,,
42090,315299,5,3,2,42.13,,
42091,314299,5,3,2,32.34,,
42092,312299,7,5,2,38.28,,
42093,311299,23,10,13,27.78,,
42094,310299,10,6,4,27.78,,
42095,317899,15,6,9,74.33,,
42096,316899,12,4,8,70.51,,
42097,317999,6,2,4,44.22,,
42098,316999,6,3,3,44.22,,
42099,319899,3,0,3,38.28,,
42100,318899,5,3,2,36.31,,
42101,319999,5,2,3,38.28,,
42102,318999,4,0,4,36.31,,
42105,BP-150BSY-320-1,4,2,2,99.88,,
42123,WIF-RK30880-E,0,0,0,220.14,,
42375,CVS2500A,7,4,3,85.35,,
42376,FNB-110LI,4,2,2,33.75,,
42425,1355946,1,1,0,450.56,,
42426,1355947,4,3,1,495.62,,
42429,1355956,8,3,5,585.74,,
42430,1355957,4,2,2,630.79,,
42432,1355970,7,4,3,675.85,,
42433,1355971,3,1,2,720.90,,
42476,720073-5,10,6,4,48.29,,
42496,199119,44,30,14,102.20,,
42516,44411-0045,9,4,5,47.36,,
42517,44411-1045,16,6,10,54.69,,
42518,44411-2045,11,5,6,59.41,,
42530,32601-0092,10,6,4,157.02,,
42586,1810141,0,0,0,458.12,,
42594,MS6007WR,22,9,13,45.07,,
42595,MSX60RVR,7,7,0,72.20,,
42616,30573-0003,18,8,10,66.65,,
42617,121,4,2,2,197.33,,
42621,09-24652-02-CN,0,0,0,15.85,,
42622,09-24652-04-CN,0,0,0,19.26,,
42623,09-24653-02-CN,4,3,1,20.86,,
42624,10-24516-03,2,0,2,179.67,,
42625,10-24727-03,0,0,0,187.72,,
42627,80-47508-01,0,0,0,93.85,,
42628,80-47508-02,0,0,0,99.22,,
42630,10-13373-07,0,0,0,300.35,,
42631,09-701B-1,0,0,0,23.11,,
42632,09-702B-1,0,0,0,23.78,,
42634,09-704BT-1,0,0,0,34.35,,
42636,01604-00,3,2,1,125.49,,
42637,01674-001,0,0,0,124.17,,
42638,02204-00,4,2,2,138.70,,
42639,02274-001,2,2,0,137.38,,
42642,A10-114,0,0,0,177.80,,
42648,7420CR,13,6,7,30.12,,
42649,12VPK,7,3,4,14.87,,
42650,6083CR,0,0,0,79.90,,
42653,305CRCN,29,12,17,28.21,,
42655,303SSEL-B,58,29,29,82.84,,
42656,301EL-B,31,14,17,53.40,,
42657,199117,19,13,6,82.14,,
42658,305CRR,0,0,0,29.72,,
42664,153AY,18,13,5,165.27,,
42665,157AY,6,4,2,152.92,,
42668,806-1206-01,0,0,0,396.91,,
42669,806-1210-01,0,0,0,526.24,,
42670,806-1220-01,0,0,0,766.23,,
42673,806-1870,0,0,0,1152.23,,
42690,121A,11,11,0,103.42,,
42693,111A,0,0,0,131.48,,
42696,105SPP,5,2,3,54.84,,
42701,104SPP,25,5,20,40.93,,
42704,6364CRN,22,12,10,86.03,,
42705,6365CRN,40,11,29,77.26,,
42706,12VRC,39,29,10,11.34,,
42712,PP4401,0,0,0,269.08,,
42716,2126,67,27,40,45.47,,
42722,2128,23,6,17,28.46,,
42723,2719,47,26,21,21.86,,
42727,4002,23,5,18,6.75,,
42728,4003,28,10,18,6.67,,
42729,5035,60,24,36,28.63,,
42730,5037,23,16,7,32.33,,
42737,2127,106,57,49,35.43,,
42738,2718,105,43,62,26.00,,
42746,395,12,6,6,22.30,,
42747,152,11,4,7,97.49,,
42749,026,0,0,0,279.06,,
42750,025,0,0,0,348.83,,
42775,AP-1100-BK-S,0,0,0,243.75,,
42776,AP-1100-BK-M,0,0,0,243.75,,
42777,AP-1100-BK-L,0,0,0,243.75,,
42778,AP-1100-BK-XL,0,0,0,243.75,,
42779,AP-1100-BK-2XL,0,0,0,243.75,,
42780,AB-1100-RB-S,0,0,0,251.25,,
42781,AB-1100-RB-M,0,0,0,251.25,,
42782,AB-1100-RB-L,0,0,0,251.25,,
42783,AB-1100-RB-XL,0,0,0,251.25,,
42784,AB-1100-RB-XXL,0,0,0,251.25,,
42790,AC-1100-RB-S,0,0,0,278.13,,
42791,AC-1100-RB-M,0,0,0,278.13,,
42792,AC-1100-RB-L,0,0,0,278.13,,
42793,AC-1100-RB-XL,0,0,0,278.13,,
42794,AC-1100-RB-XXL,0,0,0,278.13,,
42803,"BP 03511",17,6,11,7.85,10.95,
42805,"CA 03518-6",13,7,6,41.74,54.95,
42807,"LQ 04587",14,7,7,11.47,15.95,
42808,"LQ 04506",12,10,2,19.35,27.95,
42812,"GW 02785",5,3,2,11.47,16.95,
42818,"KG 41501",11,6,5,15.74,23.95,
42832,65000,3,2,1,154.99,,
42845,459M,2,2,0,11.63,,
42846,132,0,0,0,6.03,,
42847,135,0,0,0,17.39,,
42848,136,0,0,0,7.68,,
42895,010-11251-08,0,0,0,19.99,,
42897,010-11251-06,31,16,15,30.00,,
42898,010-11251-05,0,0,0,21.99,,
42905,92856,3,1,2,159.80,199.95,
42925,MRANT12W,44,28,16,7.25,34.99,
42935,815-3012,18,9,9,1905.21,,
42936,27200,2,0,2,6.91,,
42937,27201,1,1,0,9.45,,
42939,27206A,15,3,12,11.40,,
42940,27310G,21,10,11,24.53,,
42942,27410,0,0,0,13.83,,
42943,27420,14,11,3,17.45,,
42945,27440,8,3,5,17.76,,
42950,55120A,2278,767,1511,3.21,,
42951,55121A,325,87,238,3.47,,
43087,29045-3000,15,12,3,76.32,,
43089,37040-0000,4,4,0,57.81,,
43090,90197-0000,80,39,41,19.57,,
43119,63100,19,10,9,82.89,,
43171,9575,0,0,0,1483.87,,
43210,ZDIGAIS100P,4,2,2,276.21,,
43260,SBC-2,17,5,12,12.99,,
43261,SBC-3,31,23,8,9.99,,
43317,RMX4100,0,0,0,349.08,,
43318,RMX4101,0,0,0,363.62,,
43319,RMX4400,1,1,0,378.17,,
43320,RMX4401,0,0,0,392.72,,
43321,RMX4402,0,0,0,392.72,,
43323,PP4100,0,0,0,225.44,,
43324,PP4101,0,0,0,239.99,,
43325,PP4400,0,0,0,254.53,,
43326,PP5063,0,0,0,399.99,,
43327,PP4402,0,0,0,269.08,,
43332,GP1809,0,0,0,312.72,,
43333,GP2059,0,0,0,327.26,,
43337,GP2058,0,0,0,327.26,,
43338,GP1063,0,0,0,363.62,,
43339,GP2063,0,0,0,363.62,,
43342,GP1049,0,0,0,334.53,,
43343,GP2049,0,0,0,334.53,,
43346,AG27,0,0,0,327.26,,
43347,AG18,0,0,0,322.49,,
43348,AG218,1,1,0,352.49,,
43349,AG227,0,0,0,349.08,,
43392,GS-170,4,2,2,866.73,,
43397,P05-06W,0,0,0,35.74,,
43423,96-268-F,0,0,0,32.36,,
43428,A10-104,6,0,6,144.00,,
43433,A10-132T,27,11,16,57.00,,
43444,010-11010-20,1,0,1,974.99,1299.99,
43463,5104,126,59,67,56.64,,
43474,TBH-4,0,0,0,38.53,,
43475,TBH-10,0,0,0,38.53,,
43493,ER370,3,2,1,72.50,,
43517,B164-12-8G,0,0,0,1016.34,1275.00,
43525,010-10982-21,2,1,1,314.99,419.99,
43527,010-10183-22,1,0,1,412.49,549.99,
43531,010-10192-21,1,1,0,142.49,,
43532,P79-8G,9,2,7,156.78,199.00,
43534,010-10272-10,5,3,2,74.99,,
43545,1183-CW,0,0,0,361.92,,
43547,1126-VW,0,0,0,315.13,,
43549,010-10182-21,1,1,0,269.99,359.99,
43550,010-10193-22,2,2,0,511.75,649.99,
43551,010-10194-21,0,0,0,149.99,199.99,
43553,010-10640-20,0,0,0,1119.99,1649.99,
43557,010-10703-20,0,0,0,899.99,1199.99,
43559,TM260-8G,0,0,0,1116.72,1499.00,
43642,FI5002,3,2,1,190.91,,
43644,815-2012,14,7,7,1609.83,,
43645,809-0921,0,0,0,208.13,,
43646,H1170A,6,4,2,26.18,,
43647,H1179,10,7,3,6.62,,
43648,T1127,14,14,0,1.60,,
43650,TPA129,5,2,3,97.62,,
43651,TPA189,0,0,0,108.78,,
43652,TPA249,3,2,1,119.93,,
43653,TPA1212,1,1,0,110.27,,
43654,TPA1812,7,3,4,128.36,,
43655,TPA2412,6,2,4,131.10,,
43737,815-3024,3,2,1,2029.78,,
43802,36252,0,0,0,42.23,,
43803,10-13407-08,0,0,0,177.01,,
43804,64534-24,0,0,0,217.96,,
43805,09-10616,5,3,2,24.14,,
43807,10-13329-104,0,0,0,245.07,,
43857,66318-7,20,7,13,26.87,,
43858,66319R7,12,10,2,28.05,,
43859,66319G7,6,5,1,28.05,,
43870,5110-36-7,20,13,7,24.07,,
43873,7100A7,7,3,4,33.52,,
43874,7100B7,5,3,2,38.20,,
43875,7100C7,9,8,1,39.36,,
43885,91022-7,12,5,7,11.55,,
43894,6556-7,78,10,68,51.15,,
43895,6356D7,11,5,6,17.53,,
43897,11940-2,21,10,11,14.40,,
43900,11437-7,2,2,0,20.19,,
43901,11438-7,11,11,0,17.67,,
43905,4730-4,26,9,17,89.50,,
43906,4760-4,34,9,25,100.01,,
43913,4801-7,10,5,5,31.95,,
43914,4202-7,22,11,11,21.75,,
43915,4201-7,25,11,14,23.52,,
43918,4140-4,24,18,6,39.77,,
43920,7615A3,11,8,3,16.70,,
43923,1733-4,47,28,19,22.93,,
43925,1749-4,75,28,47,26.25,,
43945,M2-TD02,1,0,1,149.99,,
43952,S2-2112,0,0,0,438.12,,
43953,S2-3108,0,0,0,464.64,,
43954,S2-4109,0,0,0,491.15,,
44030,A53D,5,2,3,206.25,,
44069,A62360,7,4,3,72.43,,
44187,010-11613-00,7,3,4,59.99,,
44191,6007200,34,19,15,35.60,,
44192,6006200,63,23,40,26.69,,
44201,3153,27,17,10,8.41,,14.47
44216,758NUT,7,3,4,22.14,,
44217,702NUT,7,4,3,22.57,,
44299,OT-0542BKA15-HD,4,3,1,616.06,,
44300,SPD-4XI-W,0,0,0,472.50,,
44301,010-11680-00,0,0,0,14.99,,
44311,BHW100,5,4,1,52.03,,
44316,OCTAF1012LAM7,0,0,0,1604.32,,
44317,OCTAF1012LAR7,0,0,0,1604.32,,
44318,OCTAF1212LAM12,0,0,0,1807.06,,
44319,OCTAF1212LAR12,0,0,0,1807.06,,
44321,OCTAFMDMSW,0,0,0,792.46,,
44357,OCTAFMDTPW,0,0,0,880.61,,
44358,OC17SUK03,8,5,3,160.43,,
44359,OC15SUK07,1,0,1,37.02,,
44360,OC15SUK08,4,3,1,59.94,,
44362,OC15SUK16,0,0,0,70.52,,
44364,OCTAFMDRESYSA,0,0,0,1100.99,,
44365,OCTAFMDRESYSB,0,0,0,1100.99,,
44368,OC15109-9,0,0,0,136.64,,
44372,OC15SUK27B,4,2,2,210.68,,
44373,OC15SUK27D,0,0,0,210.68,,
44374,OC15SUK27E,5,3,2,210.68,,
44375,OC15SUK83,1,0,1,184.23,,
44404,109,12,6,6,26.67,,
44461,101033,21,1,20,34.54,,55.89
44462,101034,14,3,11,35.21,,56.99
44463,101035,0,0,0,37.71,,60.69
44464,112500,15,9,6,79.95,,126.49
44465,112501,0,0,0,92.93,,133.79
44466,112502,2,2,0,88.32,,127.49
44467,112503,12,6,6,49.61,,78.89
44468,112508,12,5,7,79.88,,126.39
44469,112520,27,10,17,78.11,,123.49
44470,112521,8,5,3,87.29,,125.69
44471,112522,0,0,0,88.20,,127.29
44472,112523,15,0,15,44.79,,71.19
44473,112800,5,0,5,86.96,,137.09
44474,112801,0,0,0,103.39,,149.49
44475,112802,0,0,0,82.90,,127.09
44477,112808,0,0,0,86.21,,135.99
44478,112820,8,2,6,82.17,,129.59
44481,112823,7,0,7,52.60,,83.79
44482,112828,4,0,4,87.44,,137.69
44483,101073,32,6,26,7.73,,12.89
44497,001-156-750,0,0,0,50.00,,
44583,MS-CLADAP,25,25,0,18.13,,
44600,B50ASSY,3,3,0,256.99,379.80,
44601,BF50,2,2,0,104.74,154.80,
44602,BM50S,3,0,3,152.24,225.00,
44604,010-11394-00,0,0,0,258.99,,
44609,SPH-4XI-W,0,0,0,447.19,,
44628,6077C,0,0,0,21.88,,
44629,6177C,0,0,0,25.48,,
44630,6014C,0,0,0,31.35,,
44631,6114C,0,0,0,29.77,,
44632,6040C,0,0,0,23.55,,
44633,6140C,0,0,0,26.05,,
44634,6039C,0,0,0,23.69,,
44635,6139C,0,0,0,25.71,,
44636,6078C,0,0,0,22.79,,
44637,6178C,0,0,0,26.71,,
44638,6015C,0,0,0,31.04,,
44639,6115C,0,0,0,25.68,,
44640,6042C,0,0,0,23.81,,
44641,6142C,0,0,0,26.23,,
44642,6041C,0,0,0,23.69,,
44643,6141C,6,4,2,26.25,,
44644,6194,0,0,0,22.20,,
44645,6195,2,2,0,22.44,,
44646,6043C,0,0,0,21.57,,
44647,6143C,0,0,0,25.84,,
44649,6076C,0,0,0,23.27,,
44650,6176C,0,0,0,24.08,,
44651,6192,0,0,0,34.85,,
44652,6249C,8,3,5,4.35,,
44655,6093C,0,0,0,23.08,,
44656,6193C,0,0,0,21.96,,
44657,6044C,0,0,0,26.71,,
44658,6045C,0,0,0,30.96,,
44659,6144C,0,0,0,28.01,,
44660,6145C,0,0,0,30.43,,
44661,6046C,0,0,0,29.01,,
44662,6146C,0,0,0,31.03,,
44663,6051C,0,0,0,39.12,,
44664,6086,0,0,0,38.83,,
44666,6151,0,0,0,50.13,,
44670,527ID-IHN,0,0,0,909.09,,
44679,440,10,6,4,31.57,,
44684,001-122-790,0,0,0,194.55,,
44687,A62361,12,6,6,87.49,,
44688,A80005,7,2,5,112.49,,
44689,A62362,7,5,2,145.82,,
44690,A80006,8,4,4,183.32,,
44698,ZDIGSPL2000,7,4,3,325.80,,
44708,740087-1,4,4,0,27.59,,
44717,MDA-1,6,3,3,538.30,,
44718,MDA-2,5,2,3,293.30,,
44719,MDA-3,4,1,3,265.30,,
44722,E22158,9,6,3,112.49,,
44738,808-9002,4,1,3,21.69,,
44742,27760,3,3,0,156.42,,
44757,40631,6,4,2,57.01,,
44758,40621,47,10,37,12.92,,
44767,1016,98,20,78,20.04,,
44780,A80010,2,0,2,1629.62,,1999.00
44786,K00-00118-01,5,1,4,11.49,,
44791,806-1851,3,3,0,1571.49,,
44809,101102,10,6,4,130.91,,215.39
44810,101103,5,4,1,132.16,,217.29
44811,101099,3,3,0,131.09,,217.19
44812,101100,9,3,6,145.30,,240.19
44841,010-11654-07,2,2,0,29.99,,
44842,010-01010-00,0,0,0,149.99,,
44846,5215-AIS,0,0,0,61.55,,
44847,100-329-371,0,0,0,14.55,,
44862,R001441,5,4,1,68.21,,
44866,MMW-IE,0,0,0,856.93,,
44867,MMW-IIE,0,0,0,1003.50,,
44868,MMW-IIIE,0,0,0,1100.57,,
44869,SE-100,0,0,0,357.00,,
44870,SE-142,0,0,0,623.40,,
44871,SE-162,0,0,0,669.00,,
44872,81-2010-12,16,10,6,1173.86,,
44873,81-2530-12,7,2,5,1504.87,,
44874,A18127,3,1,2,387.49,,
44875,EOS-II-BK,13,3,10,42.06,67.99,
44876,A80151,1,1,0,76.69,,
44877,QUAD-II-BK,0,0,0,34.93,56.99,
44885,QUAD-BK,5,4,1,24.87,39.99,
44913,EF-2-NY,0,0,0,15.54,24.99,
44938,E70010,10,5,5,301.62,,
44940,PX0852,0,0,0,8.00,,
44955,72-0177,0,0,0,28.33,,
44977,37064-0000,2,1,1,167.67,,
44990,WX1-005-014,0,0,0,50.00,,
44995,010-11838-00,10,2,8,13.75,,
45006,500187,2,0,2,329.99,,
45011,1012,2,2,0,15.99,,
45013,1014,19,7,12,5.63,,
45056,001-500594,0,0,0,196.74,,
45057,001-500596,0,0,0,1085.87,1724.00,
45059,FW16000101,2,0,2,129.99,,
45079,STC1000101,1,0,1,32.99,,
45100,PG700,5,3,2,643.95,,
45104,"GB 04985",7,5,2,11.47,15.95,
45105,"TA 04885",15,10,5,11.47,15.95,
45106,"TA 04806",12,6,6,19.35,27.95,
45108,"MX 32806",10,5,5,10.69,16.95,
45125,010-11832-00,0,0,0,15.99,,
45126,1152,0,0,0,5.53,,
45136,010-11843-00,17,4,13,15.99,,
45137,010-11843-02,0,0,0,15.99,,
45138,010-11843-01,0,0,0,39.99,,
45183,127,15,11,4,138.67,,
45230,010-11454-00,0,0,0,41.24,,
45231,OC17SUK34,2,1,1,377.30,,
45232,20330008,1,0,1,630.00,,
45234,10080035,1,0,1,700.00,,
45235,10080038,0,0,0,840.00,,
45414,A80159,10,5,5,120.82,,
45440,Z83120,0,0,0,134.19,229.99,
45452,TPOM120,0,0,0,78.97,,
45453,TPOM80,0,0,0,73.76,,
45459,10400G,19,6,13,18.32,,
45460,10401G,18,6,12,22.65,,
45461,10403G,13,0,13,33.24,,
45462,10404G,1,0,1,38.05,,
45463,10405G,2,2,0,44.85,,
45466,10455G,16,6,10,49.11,,
45470,16681A,1,1,0,23.12,,
45471,16691A,6,0,6,6.09,,
45472,27481,34,18,16,21.39,,
45473,32420A,21,12,9,8.90,,
45475,010-11829-00,2,2,0,224.99,,
45476,010-11829-01,2,1,1,29.99,,
45477,010-11829-02,8,2,6,52.49,,
45481,010-11814-02,0,0,0,13.75,,
45498,000-011-704,0,0,0,657.27,,
45533,2827,2,2,0,567.55,,
45534,2828,0,0,0,703.01,,
45535,TB-01,0,0,0,365.63,,
45536,TP-01,0,0,0,500.63,,
45537,RA-01,4,2,2,68.63,,
45538,SPH-8-W,0,0,0,349.41,,
45539,SPH-12-W,0,0,0,394.41,,
45540,SPD-7-W,0,0,0,367.94,,
45541,SPD-8-W,2,2,0,402.35,,
45542,SPD-12-W,1,0,1,428.82,,
45596,010-11785-00,1,1,0,15.10,,
45600,PAD4000.4,2,2,0,289.99,,
45674,12,12,12,0,136.96,,
45684,46DR,174,44,130,35.67,,
45687,ID20,33,19,14,34.99,,
45723,0615DP2STS,16,2,14,89.80,,
45726,0616DP2STS,11,0,11,161.44,,
45792,F16-0150-F,0,0,0,467.42,,
45795,F16-0212-F,4,2,2,199.99,,
45815,GSC-0025-1,6,3,3,96.47,,
45844,RK-0002PB,16,8,8,158.06,,
45850,RK-0001SB,7,3,4,77.74,,
45855,RK-0001PCB,0,0,0,65.28,,
45868,COK-0008B-1,17,11,6,17.22,,
45874,PX0837/5M00,0,0,0,124.08,,
45915,F16-2700-1,2,2,0,47.99,,
45916,F16-2751-1,4,2,2,117.79,,
45917,F16-2753-1,0,0,0,183.78,,
45918,F16-2752-1,5,3,2,231.32,,
45920,F31-3003BSA-1,2,0,2,189.99,,
45923,P03-063W,5,2,3,50.17,,
45924,P03-064B,2,0,2,68.05,,
45925,P03-064W,0,0,0,63.01,,
45928,P03-132W,0,0,0,48.88,,
45929,P03-133W,6,3,3,52.86,,
45930,P03-134W,0,0,0,59.81,,
45932,P01-2120W,49,41,8,44.99,,
45946,461,14,8,6,134.99,,
45947,460,9,6,3,149.99,,
45948,462,10,7,3,97.49,,
45951,1551,10,8,2,20.27,,
45959,151,2,0,2,29.99,,
45960,385,20,13,7,23.65,,
45961,3120,0,0,0,30.41,,
45962,3101,7,5,2,20.27,,
45963,3150,25,11,14,47.30,,
45964,3151,4,2,2,24.99,,
45965,3200,4,3,1,33.78,,
45966,1705,2,2,0,44.99,,
45967,3155,4,2,2,8.57,,
45974,2027,0,0,0,51.90,,
45976,447,2,2,0,85.74,,
45977,453,3,3,0,18.51,,
45978,455,2,2,0,19.34,,
45980,438,9,9,0,13.49,,
45981,414,6,6,0,3.76,,
45982,415,17,17,0,3.83,,
45983,2500,1,1,0,483.72,,
45995,42009G,9,5,4,1128.01,,
45996,42010R,6,4,2,1179.69,,
45997,42011T,0,0,0,1398.23,,
45998,42012V,4,2,2,1468.73,,
45999,42017F,4,2,2,480.33,,
46000,42018H,4,1,3,402.92,,
46001,42023A,9,4,5,434.53,,
46002,42026G,3,1,2,279.84,,
46004,42028L,3,1,2,31.76,,
46005,42029N,6,2,4,50.99,,
46006,42052H,0,0,0,25.37,,
46007,42053K,2,2,0,34.89,,
46008,42056S,6,4,2,31.13,,
46009,42060G,8,4,4,31.13,,
46010,71021K,4,2,2,93.49,,
46011,73639T,8,4,4,36.28,,
46012,EM11,0,0,0,3134.74,,
46013,EM12,0,0,0,4307.54,,
46014,EM21,0,0,0,4788.65,,
46015,EM22,0,0,0,6160.74,,
46016,EE11,1,1,0,2638.84,,
46017,EE12,1,1,0,4648.52,,
46018,EE21,0,0,0,2975.09,,
46019,EE22,0,0,0,4408.10,,
46020,MM11,0,0,0,3967.35,,
46021,MM12,0,0,0,5140.15,,
46022,MM21,0,0,0,6291.68,,
46023,MM22,0,0,0,7671.70,,
46024,MM11T,0,0,0,4017.11,,
46025,MM12T,0,0,0,5239.68,,
46026,MM21T,0,0,0,6359.57,,
46028,ME11,0,0,0,3463.57,,
46029,ME12,0,0,0,4636.37,,
46030,ME21,0,0,0,4811.15,,
46031,ME22,0,0,0,6191.19,,
46046,E70066,3,1,2,240.48,,
46047,E70145,5,3,2,385.59,,
46049,E70064,5,1,4,211.95,,
46050,E70142,9,5,4,277.98,,
46051,E70143,0,0,0,297.54,,
46054,E70058,0,0,0,448.36,,
46056,E70060,4,1,3,493.20,,
46058,E70059,2,2,0,448.36,,
46059,E70148,2,2,0,448.36,,
46060,E70061,5,1,4,493.20,,
46062,E70150,3,2,1,896.73,,
46146,1901140,0,0,0,439.44,,
46147,1901130,4,4,0,334.21,,
46148,1901120,5,3,2,267.37,,
46149,1901020,0,0,0,225.59,,
46165,1810302,1,0,1,352.15,,
46166,1810303,0,0,0,352.15,,
46195,710236-1,4,2,2,77.92,,
46224,1866460,6,3,3,25.41,,
46261,SLT6,27,26,1,98.36,,
46262,SLT10,47,23,24,116.68,,
46264,A06074,6,3,3,29.82,,
46272,305CRMB,34,10,24,23.03,,
46276,3034-F,0,0,0,213.64,,
46277,3036-F,0,0,0,281.90,,
46284,010-11483-00,50,23,27,20.99,,
46285,010-11482-01,0,0,0,41.24,,
46292,101134,0,0,0,519.08,,790.59
46295,3201,10,6,4,5.43,,8.98
46296,3202,12,7,5,5.43,,8.98
46297,3203,11,10,1,5.43,,8.98
46298,101135,0,0,0,543.99,,829.69
46299,101133,0,0,0,524.76,,799.19
46300,3205,5,1,4,13.35,,21.98
46301,3206,4,1,3,13.35,,21.98
46302,3207,11,4,7,13.35,,21.98
46316,101137,0,0,0,100.01,,151.29
46317,101138,14,12,2,98.90,,152.49
46318,101139,9,5,4,99.62,,153.29
46319,109PC,20,10,10,39.10,,
46320,118PF,10,4,6,29.26,,
46321,124PF,18,11,7,34.94,,
46322,124PF6,5,1,4,46.37,,
46323,136PF,23,14,9,41.81,,
46324,136PF6,31,7,24,51.76,,
46325,136PF9,0,0,0,69.19,,
46326,101097,6,2,4,102.60,,155.89
46327,101098,9,4,5,102.68,,156.09
46329,101147,0,0,0,161.36,,234.59
46330,101148,0,0,0,164.31,,239.49
46331,101144,4,3,1,18.26,,28.49
46332,101145,12,8,4,17.89,,27.89
46333,101146,21,7,14,18.25,,28.39
46334,216PC,0,0,0,37.64,,
46335,224PF,0,0,0,31.80,,
46336,230PF,0,0,0,35.67,,
46337,315FP4,0,0,0,66.14,,
46338,315FP6,0,0,0,74.66,,
46339,318P,0,0,0,26.90,,
46340,318P1/FPS3R,15,5,10,41.01,,
46343,519CG#3,0,0,0,513.55,,
46347,524C,0,0,0,290.45,,
46348,954DP2,0,0,0,217.03,,
46350,1174-BUCKET,1,1,0,176.64,,
46351,1177-BUCKET,0,0,0,193.31,,
46387,FPS-3R,0,0,0,11.37,,
46390,FVR1-3/4,0,0,0,17.83,,
46392,FPH-1-1/4-4,0,0,0,39.50,,
46394,FPH-1-1/4-6,0,0,0,46.06,,
46411,DP10-B,14,3,11,4.54,,
46412,DP10-W,0,0,0,4.54,,
46416,DP40-N,14,10,4,15.19,,
46417,DP40-B,15,11,4,15.19,,
46418,DP40-W,17,12,5,15.19,,
46419,DP40-B-C,16,7,9,19.07,,
46420,DP40-N-C,0,0,0,19.07,,
46421,DP40-W-C,9,4,5,19.63,,
46423,DP60-B,24,10,14,22.06,,
46424,DP60-N,9,9,0,22.06,,
46425,DP60-W,15,6,9,22.06,,
46426,DP60-B-C,7,3,4,26.47,,
46428,DP60-W-C,11,2,9,26.47,,
46429,DP62-B,8,8,0,22.06,,
46431,DP62-W,16,11,5,21.43,,
46433,DP80-N,0,0,0,32.86,,
46434,DP80-W,5,5,0,32.86,,
46435,DP80-B-C,10,10,0,37.14,,
46436,DP80-N-C,0,0,0,37.14,,
46437,DP80-W-C,0,0,0,37.14,,
46438,DP50-B,0,0,0,17.38,,
46440,DP50-W,13,7,6,17.38,,
46441,DP40BB,0,0,0,38.66,,
46442,DP40BW,0,0,0,39.79,,
46443,DP60BB,0,0,0,46.28,,
46444,DP60BW,0,0,0,46.28,,
46445,DP50BB,0,0,0,39.26,,
46446,DP50BN,0,0,0,38.14,,
46447,DP50BW,0,0,0,39.26,,
46449,DP61-W,0,0,0,23.18,,
46450,DP61-W-C,3,3,0,25.31,,
46451,DP63-N,10,3,7,22.51,,
46452,DP63-W,14,4,10,22.51,,
46453,DP81-W,0,0,0,35.23,,
46455,DP81-N-C,3,0,3,26.99,,
46457,DP83-N,11,3,8,36.26,,
46458,DP83-W,0,0,0,36.26,,
46459,HH-4,13,8,5,55.94,,
46460,HH-6B,13,10,3,16.50,,
46461,HH-6,13,10,3,16.50,,
46462,HH-61B,12,7,5,21.49,,
46463,HH-61,17,3,14,21.49,,
46464,HH-81B,10,10,0,16.50,,
46465,HH-81,12,3,9,18.59,,
46466,HH-8B,6,2,4,20.56,,
46467,HH-8,16,9,7,20.56,,
46468,HH-2,6,6,0,17.49,,
46469,HH-3,7,3,4,28.26,,
46471,305CRPN,44,16,28,12.95,,
46474,F111640,5,5,0,51.99,,
46482,AB-1100-HV-S,0,0,0,251.25,,
46483,AB-1100-HV-M,0,0,0,251.25,,
46484,AB-1100-HV-L,2,2,0,251.25,,
46485,AB-1100-HV-XL,3,3,0,251.25,,
46486,AB-1100-HV-XXL,0,0,0,251.25,,
46487,AC-1100-HV-S,0,0,0,278.13,,
46488,AC-1100-HV-M,0,0,0,278.13,,
46489,AC-1100-HV-L,2,2,0,278.13,,
46490,AC-1100-HV-XL,0,0,0,278.13,,
46491,AC-1100-HV-XXL,0,0,0,278.13,,
46492,438-BUCKET,0,0,0,317.68,,
46494,AS-1100-RB-S,0,0,0,486.88,,
46495,AS-1100-RB-M,0,0,0,486.88,,
46496,AS-1100-RB-L,0,0,0,486.88,,
46497,AS-1100-RB-XL,0,0,0,486.88,,
46498,AS-1100-RB-XXL,0,0,0,486.88,,
46499,AS-1100-HV-S,0,0,0,486.88,,
46500,AS-1100-HV-M,0,0,0,486.88,,
46502,AS-1100-HV-L,0,0,0,486.88,,
46503,AS-1100-HV-XL,0,0,0,486.88,,
46505,AS-1100-HV-XXL,0,0,0,486.88,,
46518,A80013,0,0,0,1450.27,,1779.00
46519,001-112-970,0,0,0,105.45,,
46525,SPM-3I-W,0,0,0,433.13,,
46536,HH,10,5,5,49.14,,
46552,112809,0,0,0,88.07,,138.99
46553,112829,0,0,0,93.13,,147.19
46554,"PDK 25503",14,9,5,122.22,179.95,
46555,113190,3,0,3,78.54,,124.19
46556,113191,0,0,0,108.95,,132.19
46557,113192,0,0,0,104.71,,127.59
46558,113193,0,0,0,41.85,,67.39
46559,113198,19,9,10,78.38,,123.89
46560,113199,0,0,0,80.42,,127.19
46561,113110,10,4,6,81.18,,128.09
46562,113111,13,6,7,109.02,,132.29
46563,113112,0,0,0,104.83,,127.69
46564,113113,22,6,16,41.85,,67.39
46565,113118,18,10,8,78.44,,123.99
46566,113119,39,12,27,78.29,,123.79
46567,113120,16,6,10,79.31,,125.19
46568,113121,8,4,4,109.01,,132.19
46569,113122,1,0,1,108.21,,157.59
46570,113123,15,6,9,41.27,,66.49
46571,113128,25,9,16,78.46,,123.99
46572,113129,0,0,0,78.74,,124.29
46573,MN2KKIT,1,0,1,111.93,,
46574,T70134,8,5,3,112.49,,
46626,"41 483",0,0,0,90.69,117.89,
46676,010-C1066-00,0,0,0,262.49,,
46694,TPAM80,3,1,2,105.80,,
46695,TPAM120,5,3,2,111.01,,
46696,USB-57B,5,3,2,21.41,,
46747,MS-OS420,15,7,8,42.40,,
46823,21501530,1,1,0,94.16,,
46824,21501540,0,0,0,94.16,,
46932,CT-99,4,2,2,17.65,,
46956,T10-485,20,6,14,23.60,,
46957,18555000A,9,4,5,247.93,,
46958,18550000A,16,11,5,195.99,,
46959,04406043A,59,27,32,164.60,,
46960,04406143A,18,16,2,107.79,,
46963,M000612,0,0,0,372.23,,
46964,LEMHTA400-S,0,0,0,148.09,,
46965,LEMHTA600-S,0,0,0,180.11,,
46966,NG1-100C,0,0,0,635.61,,
46967,NB1-100C,0,0,0,637.18,,
46968,NF-NF,5,2,3,39.98,,
46969,NM-CF,2,2,0,43.23,,
46970,NM-NM,7,3,4,40.02,,
46971,NM4P-05,0,0,0,48.03,,
46973,61126,0,0,0,25.07,,
46974,66302,2,2,0,34.35,,
46975,66402,0,0,0,35.67,,
46987,DM-DG1-DF-00.5,0,0,0,27.98,,
46989,DM-DG1-DF-01.0,2,0,2,31.98,,
46990,DM-DG1-DF-02.0,2,0,2,36.02,,
46991,DM-DG1-DF-03.0,3,2,1,40.02,,
46992,DM-DG1-DF-04.0,0,0,0,43.97,,
46993,DM-DG1-DF-05.0,0,0,0,48.03,,
46994,48903,4,2,2,50.20,,
46995,48103,0,0,0,50.20,,
46996,DM-DG1-DF-06.0,0,0,0,52.03,,
46998,DM-DG1-DF-08.0,0,0,0,55.97,,
47001,DM-DG1-DF-10.0,0,0,0,59.96,,
47003,DM-DB1-DF-00.5,0,0,0,27.98,,
47006,28103-00,0,0,0,50.20,,
47007,38103,4,3,1,50.20,,
47008,16004B,0,0,0,144.80,,
47010,DM-DB1-DF-01.0,2,2,0,32.02,,
47011,60000,0,0,0,75.09,,
47012,DM-DB1-DF-02.0,6,2,4,36.02,,
47013,DM-DB1-DF-03.0,4,2,2,40.02,,
47014,DM-DB1-DF-04.0,0,0,0,44.03,,
47015,DM-DB1-DF-05.0,2,1,1,47.97,,
47016,DM-DB1-DF-06.0,3,3,0,51.97,,
47017,34014,0,0,0,128.72,,
47018,DM-DB1-DF-08.0,0,0,0,56.03,,
47019,34024,0,0,0,104.58,,
47021,DM-DB1-DF-10.0,1,1,0,59.96,,
47023,DG1-100C,4,3,1,435.73,,
47024,DB1-100C,0,0,0,435.73,,
47025,CP-WH-ALM-100,0,0,0,20.01,,
47026,CP-BK-ALM100,0,0,0,19.99,,
47034,OC15109-6,0,0,0,151.65,,
47037,2606,0,0,0,71.63,,
47038,2612,2,2,0,82.16,,
47057,MC0075-1017,0,0,0,57.37,,
47058,MC0075-1034,0,0,0,57.37,,
47059,MC0075-1054,0,0,0,57.37,,
47060,PTM-R1-2,0,0,0,1628.29,,
47061,SPH-3I-W,0,0,0,281.25,,
47065,FP900UW00000A00,26,7,19,25.04,,
47066,FP900DW00000A00,25,5,20,25.04,,
47068,RC121012V,2,1,1,2944.89,4146.40,
47069,RC1210CAP12V,0,0,0,3209.41,4364.80,
47078,S30-15,47,39,8,37.34,,
47103,240-15NM,0,0,0,72.45,,
47347,ME60BT,12,7,5,39.99,,
47428,432-0010-01-00,0,0,0,5243.90,,
47429,432-0010-03-00,0,0,0,6309.90,,
47434,IF-NMEA2K2,3,0,3,290.91,,
47443,MSX65R,18,13,5,72.34,,
47454,MARE-004-1M-7,0,0,0,60.04,,
47456,MS-1035,0,0,0,6.40,,
47457,MS-1085-N,8,8,0,14.39,,
47459,MS-1075,0,0,0,4.33,,
47523,7504,38,33,5,59.65,,
47525,7601,27,8,19,69.99,,
47526,7611,10,2,8,83.13,,
47527,7649,12,7,5,111.00,,
47613,FNB-125,9,6,3,23.86,,
47616,CLIP-24,9,5,4,5.65,,
47661,010-11251-15,0,0,0,31.99,,
47663,124750,3,1,2,169.56,,
47664,311599,9,2,7,27.78,,
47665,311699,11,3,8,27.78,,
47667,S2-6110,0,0,0,1235.95,,
47669,59401,3,0,3,149.99,,
47781,HC1100,40,15,25,7.06,,
47782,HC1600,45,8,37,7.06,,
47823,RH-1,0,0,0,30.00,,
47824,MB30-RLY,0,0,0,30.00,,
47825,ES-3000-01,14,7,7,318.75,,
47839,P104330,0,0,0,188.00,,
47840,P104331,1,1,0,383.33,,
47841,P104332,0,0,0,72.53,,
47842,P104333,0,0,0,90.67,,
47844,P104345,0,0,0,184.44,,
47845,P104340,0,0,0,208.00,,
47846,P104372,0,0,0,182.20,,
47847,P104373,0,0,0,271.70,,
47848,P104335,0,0,0,103.33,,
47850,010-10249-40,1,0,1,74.99,,
47853,010-10218-21,2,0,2,125.99,199.99,
47854,010-10218-22,2,0,2,125.99,199.99,
47855,010-10217-21,0,0,0,187.49,249.99,
47856,010-10217-22,2,1,1,187.49,249.99,
47857,010-11937-20,0,0,0,1012.49,1349.99,
47862,B175C-12-H-8G,1,0,1,986.46,1299.00,
47863,010-11937-22,4,0,4,1012.49,1349.99,
47864,010-11939-20,0,0,0,1049.99,1399.99,
47865,010-11939-21,2,1,1,1049.99,1399.99,
47867,010-11938-20,0,0,0,1349.99,1799.99,
47868,010-11938-21,0,0,0,1349.99,1799.99,
47869,010-11938-22,2,0,2,1349.99,1799.99,
47870,010-11927-20,1,0,1,412.49,549.99,
47871,010-11927-21,2,0,2,412.49,549.99,
47872,010-11927-22,2,2,0,412.49,549.99,
47874,010-11634-21,0,0,0,674.99,899.99,
47875,010-11634-22,1,0,1,674.99,899.99,
47876,010-11636-20,0,0,0,659.99,,
47877,010-11636-21,3,0,3,659.99,,
47878,010-11636-22,2,0,2,659.99,,
47905,010-10717-20,0,0,0,118.99,199.99,
47907,101043,0,0,0,19.43,,30.69
47908,101044,20,8,12,19.45,,30.69
47909,101045,13,8,5,19.42,,30.69
47910,101046,21,12,9,19.45,,30.69
47911,101047,10,4,6,19.62,,30.69
47912,101048,0,0,0,19.02,,29.59
47913,1619DP2BLK,1,0,1,124.65,,
47914,"TM 81585",0,0,0,8.21,10.95,
48004,112509,0,0,0,85.40,,134.89
48005,112529,0,0,0,85.24,,134.59
48017,33-479-01,4,2,2,23.04,28.00,
48026,AIR-331-104-01,0,0,0,86.36,,
48027,AIR-331-104-02,0,0,0,196.00,,
48029,DT-800MSF,0,0,0,355.06,,
48043,FAP7002,4,2,2,1417.53,,
48044,FAP6112,5,3,2,349.66,,
48050,V11-0809BBK70-2,6,4,2,261.87,,
48053,V11-3426BBK50-2,3,2,1,399.99,,
48056,V11-3447BBK70-2,5,2,3,387.96,,
48057,V11-3447WWK50-2,3,2,1,352.64,,
48180,010-11612-00,12,9,3,22.49,,
48237,50010,7,0,7,55.05,,
48240,50020,11,0,11,20.75,,
48241,50044,7,6,1,23.69,,
48242,50025,8,6,2,21.97,,
48243,50048,3,3,0,23.56,,
48244,50030,11,5,6,20.03,,
48245,50040,10,7,3,24.04,,
48246,50050,3,3,0,138.55,,
48247,50055,10,10,0,140.51,,
48258,68,0,0,0,8.36,,
48260,A53S,8,2,6,189.20,,
48261,31911-0002,24,6,18,37.49,,
48262,275,28,12,16,6.13,,
48263,277,14,4,10,10.40,,
48264,278,89,49,40,9.65,,
48265,279,50,23,27,9.10,,
48266,285,14,6,8,8.00,,
48267,286,11,4,7,13.85,,
48270,66,33,11,22,12.19,,
48271,IL200,1,1,0,34.26,,
48272,IL200P,6,3,3,57.65,,
48273,IL200K,2,2,0,61.74,,
48274,IL500P,6,6,0,62.36,,
48277,200WX,4,2,2,1074.85,,
48278,113010,6,0,6,157.26,,
48279,1130-FT,71,71,0,2.50,,
48280,113510,13,4,9,157.26,,
48281,1135-FT,17,17,0,2.50,,
48282,113910,7,3,4,157.26,,
48283,1139-FT,48,48,0,2.50,,
48284,114010,9,3,6,257.94,,
48285,1140-FT,94,94,0,3.80,,
48286,114510,11,3,8,257.94,,
48287,1145-FT,86,86,0,4.80,,
48288,114910,4,2,2,257.94,,
48289,1149-FT,96,96,0,4.80,,
48290,115010,0,0,0,329.00,,
48291,1150-FT,37,37,0,6.50,,
48292,115510,5,3,2,329.00,,
48293,1155-FT,29,29,0,6.50,,
48294,115910,0,0,0,329.00,,
48296,116010,9,6,3,394.30,,
48297,1160-FT,28,28,0,5.77,,
48298,116510,6,2,4,394.30,,
48299,1165-FT,50,50,0,5.77,,
48300,116910,2,0,2,394.30,,
48301,1169-FT,34,34,0,5.77,,
48302,117010,7,3,4,475.09,,
48303,1170-FT,19,19,0,7.17,,
48304,117510,4,1,3,475.09,,
48305,1175-FT,218,218,0,7.17,,
48306,117910,5,2,3,475.09,,
48307,1179-FT,22,22,0,7.17,,
48308,MX8713CR,0,0,0,403.62,,
48309,108310,8,5,3,46.02,,
48310,1083-FT,54,54,0,1.20,,
48311,120710,5,2,3,294.27,,
48312,1207-FT,24,24,0,4.17,,
48313,120910,8,5,3,168.20,,
48314,1209-FT,25,25,0,2.37,,
48315,121110,8,3,5,100.16,,
48316,1211-FT,144,144,0,1.64,,
48317,156610,5,2,3,77.84,,
48318,1566-FT,37,37,0,1.26,,
48319,156410,5,4,1,96.10,,
48320,1564-FT,20,20,0,1.56,,
48328,108010,10,2,8,43.44,,
48329,1080-FT,410,410,0,1.20,,
48330,108810,12,2,10,43.44,,
48331,1088-FT,14,14,0,1.20,,
48332,F16-2810-1,6,2,4,64.99,,
48338,F16-2600POL-1,12,4,8,121.15,,
48339,F16-2623POL-1,5,1,4,128.17,,
48340,F16-2630POL-1,6,5,1,146.15,,
48347,111010,4,0,4,71.38,,
48348,1110-FT,61,61,0,1.72,,
48349,111310,6,1,5,71.38,,
48350,1113-FT,100,100,0,1.72,,
48351,111510,8,1,7,71.38,,
48352,1115-FT,193,193,0,1.72,,
48353,112010,10,3,7,114.83,,
48354,1120-FT,23,23,0,1.78,,
48355,112310,7,2,5,114.83,,
48356,1123-FT,42,42,0,1.78,,
48357,112510,14,4,10,114.83,,
48358,1125-FT,75,75,0,1.78,,
48359,21431730,1,1,0,85.56,,
48360,21431930,5,3,2,85.56,,
48361,252234,33,10,23,1.74,,
48362,242234,22,8,14,16.23,,
48363,244234,7,1,6,47.81,,
48364,252235,32,16,16,1.74,,
48365,242235,23,9,14,16.23,,
48366,244235,7,2,5,47.52,,
48369,252236,42,15,27,1.74,,
48370,242236,22,10,12,16.23,,
48371,244236,13,8,5,47.81,,
48373,252244,50,21,29,2.63,,
48374,242244,29,16,13,22.33,,
48375,244244,9,6,3,63.44,,
48376,252245,85,48,37,2.63,,
48377,242245,20,9,11,22.33,,
48378,244245,9,5,4,66.60,,
48379,252246,27,11,16,2.63,,
48380,242246,25,12,13,22.33,,
48381,244246,12,7,5,74.22,,
48382,252241,12,6,6,2.62,,
48385,HC15F,11,0,11,150.19,259.99,
48387,HC15S,4,4,0,94.18,153.99,
48390,252254,38,14,24,2.63,,
48392,242254,18,6,12,24.15,,
48397,244254,6,4,2,71.43,,
48398,252255,0,0,0,3.06,,
48399,242255,33,9,24,28.51,,
48400,244255,8,5,3,85.41,,
48401,252256,28,10,18,3.06,,
48402,242256,25,13,12,28.51,,
48403,244256,5,1,4,85.41,,
48404,252257,7,3,4,3.99,,
48405,242257,7,2,5,15.30,,
48406,252251,12,9,3,3.50,,
48407,252265,42,17,25,3.50,,
48408,242265,20,10,10,32.83,,
48409,244265,14,9,5,98.57,,
48410,252266,25,10,15,4.79,,
48411,242266,31,11,20,44.71,,
48412,244266,0,0,0,136.27,,
48413,252267,14,3,11,4.77,,
48414,252261,9,6,3,4.79,,
48415,252275,9,8,1,3.50,,
48416,242275,0,0,0,34.17,,
48417,252276,15,4,11,3.50,,
48418,242276,4,0,4,34.17,,
48427,252285,24,13,11,4.00,,
48428,242285,16,8,8,39.47,,
48429,244285,4,1,3,116.76,,
48430,252286,17,5,12,4.00,,
48432,242286,19,9,10,44.06,,
48433,244286,4,2,2,116.76,,
48434,252287,8,4,4,5.23,,
48435,252295,37,14,23,4.79,,
48436,242295,20,13,7,46.48,,
48437,244295,6,3,3,138.49,,
48438,252296,39,16,23,4.79,,
48439,242296,22,11,11,46.48,,
48440,244296,8,3,5,138.49,,
48441,252297,13,9,4,4.77,,
48442,242297,11,4,7,18.86,,
48443,260100,125,66,59,3.27,,
48444,260200,100,45,55,3.56,,
48445,260325,68,24,44,6.24,,
48446,260010,10,5,5,7.80,,
48447,260012,16,10,6,9.17,,
48448,260322,10,5,5,24.12,,
48460,1035,3,3,0,8.61,,
48465,21432311,0,0,0,76.95,,
48466,21501740,0,0,0,94.16,,
48467,21501940,0,0,0,94.16,,
48482,010-11855-00,0,0,0,15.99,,
48483,G-5,13,4,9,45.77,,
48484,G-7,30,20,10,58.75,,
48485,G-11,8,5,3,80.61,,
48486,G-16,10,3,7,116.82,,
48487,G-23,2,1,1,184.45,,
48488,000-171-974,0,0,0,175.45,,
48489,000-171-975,0,0,0,114.55,,
48493,010-11617-10,7,5,2,33.75,,
48494,118505,4,2,2,349.20,,
48495,1185-FT,44,44,0,9.53,,
48496,119505,8,2,6,371.60,,
48497,1195-FT,37,37,0,11.93,,
48498,252715,9,5,4,5.83,,
48499,242715,9,5,4,23.21,,
48500,252716,15,0,15,6.13,,
48501,242716,10,7,3,23.67,,
48502,252717,10,5,5,6.13,,
48503,252725,24,16,8,7.45,,
48504,242725,23,12,11,31.99,,
48505,252726,16,10,6,7.50,,
48506,242726,28,8,20,31.99,,
48507,252727,8,2,6,7.50,,
48508,242727,12,6,6,31.99,,
48522,010-01140-00,3,3,0,374.99,,
48526,432-0010-11-00,0,0,0,6227.90,,
48527,432-0010-13-00,0,0,0,7156.00,,
48529,311399,19,8,11,27.78,,
48530,311499,11,2,9,27.78,,
48531,312399,18,9,9,38.28,,
48532,312499,5,3,2,38.28,,
48533,312599,16,6,10,38.28,,
48534,312699,10,2,8,38.28,,
48548,MS-BT100,62,40,22,45.49,,
48628,1247-FT,23,23,0,0.60,,
48639,LLB-33JW-81-OT,0,0,0,50.91,,
48641,LLB-33RW-81-OT,0,0,0,50.91,,
48642,LLB-33SW-81-OT,0,0,0,50.91,,
48643,LLB-49WR-21-CR,3,3,0,80.12,,
48658,010-11580-00,7,3,4,17.49,,
48684,A80228,3,2,1,195.82,,
48707,LLB-11TW-61-00,0,0,0,9.89,,
48711,LLB-21UW-21-00,6,4,2,9.89,,
48714,PRC200BC,39,19,20,84.77,136.99,
48715,LLB-21TW-21-00,2,2,0,9.89,,
48717,LLB-216W-21-00,0,0,0,9.14,,
48721,LLB-186W-21-00,3,3,0,7.62,,
48722,LLB-202W-21-00,1,1,0,6.85,,
48727,LLB-26FC-21-00,0,0,0,9.14,,
48728,LLB-26FW-21-00,0,0,0,9.14,,
48729,LLB-229W-21-00,0,0,0,3.80,,
48730,LLB-269W-21-00,0,0,0,3.80,,
48736,LLB-44BG-01-00,0,0,0,4.40,,
48737,LLB-44DG-01-00,0,0,0,4.40,,
48738,LLB-44EE-01-00,0,0,0,11.00,,
48739,LLB-453W-01-02,0,0,0,39.98,,
48740,LLB-453W-01-05,1,1,0,68.80,,
48741,LLB-453R-01-02,0,0,0,39.98,,
48742,LLB-453R-01-05,2,2,0,68.80,,
48743,LLB-453B-01-02,0,0,0,39.98,,
48744,LLB-453B-01-05,5,2,3,68.80,,
48745,05903-00,0,0,0,70.01,,
48746,LLB-463W-01-05,0,0,0,45.55,,
48750,22102,5,3,2,38.35,,
48751,22702,5,3,2,35.56,,
48752,22502,5,3,2,35.56,,
48756,33103,0,0,0,40.95,,
48757,LLB-453M-01-02,0,0,0,39.98,,
48758,LLB-453M-01-05,6,2,4,68.80,,
48772,1050,0,0,0,29.47,,
48775,2010,21,21,0,28.39,,
48776,4020,15,15,0,27.62,,
48779,80300,10,3,7,53.59,,
48792,805950,29,15,14,24.29,,
48793,805900,24,11,13,48.57,,
48794,805950B,8,8,0,22.97,,
48795,805900B,16,16,0,45.33,,
48796,AT-3-50,5,5,0,18.92,,
48797,803900,6,5,1,37.84,,
48798,803950B,14,7,7,18.92,,
48799,803900B,12,7,5,37.84,,
48801,80113,6,3,3,14.19,,
48802,80113B,21,14,7,15.00,,
48803,83212,12,9,3,19.38,,
48804,83216,9,4,5,21.89,,
48805,83220,3,3,0,24.38,,
48806,83224,18,7,11,25.54,,
48807,102412,1,1,0,24.00,,
48809,102424,14,7,7,27.70,,
48812,142016,0,0,0,27.57,,
48813,142024,16,5,11,29.32,,
48815,142032,0,0,0,41.89,,
48816,142040,0,0,0,46.49,,
48823,80725,0,0,0,55.86,,
48824,807100,0,0,0,228.38,,
48825,809025,6,3,3,27.36,,
48826,809100,0,0,0,109.46,,
48827,901024,0,0,0,59.05,,
48828,901420,0,0,0,64.32,,
48831,60250,0,0,0,16.22,,
48833,60500,0,0,0,29.73,,
48834,60625,0,0,0,32.43,,
48835,60750,0,0,0,38.51,,
48836,601000,0,0,0,44.26,,
48838,80375,0,0,0,30.28,,
48839,80500,0,0,0,44.76,,
48840,80625,0,0,0,50.34,,
48841,80750,0,0,0,59.68,,
48842,801000,0,0,0,66.55,,
48866,CVS-1266012,0,0,0,965.30,,
48867,CVS-1266020,0,0,0,965.30,,
48873,201010,2,2,0,265.19,,
48874,402010,1,1,0,272.53,,
48883,71245,4,3,1,8.58,,
48884,90051,0,0,0,23.01,,
48885,90191-00,0,0,0,23.01,,
48886,90261,0,0,0,40.63,,
48889,90331,0,0,0,25.72,,
48891,90511,0,0,0,22.33,,
48892,90681-00,0,0,0,22.00,,
48893,90791,0,0,0,22.33,,
48896,09-1026B-9,0,0,0,22.46,,
48897,09-1027B-10,0,0,0,32.37,,
48899,09-1028B-9,0,0,0,34.35,,
48901,09-1052S-9,0,0,0,20.64,,
48902,09-1077B-9,0,0,0,27.74,,
48903,09-13384,3,2,1,151.99,,
48907,09-5000,0,0,0,60.77,,
48908,09-6000,0,0,0,60.77,,
48909,09-802B,0,0,0,97.89,,
48912,09-810B-9,0,0,0,22.72,,
48914,09-814B,0,0,0,84.54,,
48916,09-819B-9,0,0,0,58.12,,
48917,09-820B,1,0,1,244.02,,
48920,09-824P-9,0,0,0,25.10,,
48921,09-842B,0,0,0,260.11,,
48922,09-843S-9,0,0,0,27.74,,
48972,T70152,25,12,13,1499.99,,
48973,T70153,2,1,1,1614.12,,
48974,T70154,2,1,1,1524.45,,
49025,15101,1,0,1,86.99,,
49034,32-0510-50,0,0,0,208.41,,
49037,412-BK,15,15,0,6.93,,
49040,19-0410,0,0,0,347.35,,
49048,A80229,5,2,3,224.99,,
49049,A80230,3,1,2,341.66,,
49050,A80227,0,0,0,137.49,,
49078,32-1087-50,1,0,1,69.99,,
49092,1128A00BLK,7,3,4,179.76,,
49093,1127RA0BLK,0,0,0,179.76,,
49094,1127GA0BLK,1,1,0,179.76,,
49095,1129A00BLK,5,2,3,179.76,,
49096,1129MA0BLK,0,0,0,179.76,,
49097,1130A00BLK,0,0,0,179.76,,
49098,1365E00BLK,0,0,0,473.36,,
49099,0314C0712V,2,1,1,1188.41,,
49100,PSU017,0,0,0,627.32,,
49104,E70096,6,3,3,717.38,,
49108,E70098,2,1,1,485.04,,
49109,E70099,3,2,1,851.89,,
49110,E70139,0,0,0,1834.23,,
49111,E70100,3,2,1,1927.98,,
49112,R70160,3,2,1,204.16,,
49113,0374001CLR,0,0,0,45.93,,
49114,0374002CLR,32,8,24,48.66,,
49116,0374003CLR,0,0,0,45.93,,
49117,0374004CLR,6,6,0,45.93,,
49118,0342024CLR,0,0,0,64.20,,
49130,16004B-24,4,4,0,150.17,,
49133,10-13252-103-BW,0,0,0,147.95,,
49134,10-13252-107-BW,0,0,0,150.59,,
49135,10-13350-03,0,0,0,190.40,,
49136,10-13350-04,1,1,0,214.53,,
49137,10-13395-103,0,0,0,113.60,,
49139,73681S,4,2,2,74.65,,
49140,42054M,0,0,0,52.15,,
49141,42057U,4,2,2,36.87,,
49142,"UFO X",36,36,0,179.99,,
49143,7241321FG,7,4,3,166.78,,
49145,7241321FGK,8,4,4,191.89,,
49146,7241521FGK,4,4,0,200.65,,
49153,58121,7,4,3,229.93,,
49154,58130,5,3,2,231.93,,
49155,58131,8,5,3,261.33,,
49156,58140,15,8,7,198.07,,
49158,58180,26,23,3,46.77,,
49159,58182,8,8,0,49.39,,
49160,58183,0,0,0,82.43,,
49162,58231,12,7,5,52.39,,
49163,58300,22,11,11,46.97,,
49164,58275,0,0,0,39.62,,
49167,CAB000863,2,1,1,15.66,,
49182,B265LH,0,0,0,1422.22,,
49184,PM265LH,0,0,0,1438.20,,
49189,11953-4,5,2,3,28.86,,
49194,11780-6,24,11,13,4.54,,
49195,11776-5,5,3,2,23.98,,
49196,11775-5,9,6,3,13.59,,
49217,6005200,4,4,0,21.96,,
49218,6010200,8,4,4,44.44,,
49219,6011200,8,8,0,36.56,,
49220,12VCP,29,7,22,40.27,,
49221,150BBI,96,40,56,20.51,,
49222,S20-15,0,0,0,45.31,,
49223,S15-30,30,19,11,37.34,,
49224,S20-30,2,2,0,62.23,,
49225,6152SPP-25,11,7,4,441.81,,
49226,6152SPPW-25,9,4,5,514.30,,
49227,6152SPP,11,6,5,620.83,,
49228,6152SPPW,0,0,0,673.58,,
49229,12VBR,9,3,6,21.80,,
49230,12VBP,20,7,13,15.67,,
49231,12VBRAD,16,5,11,14.28,,
49232,12VCP6,0,0,0,45.37,,
49240,6369CR,15,3,12,112.66,,
49241,6370CR,1,1,0,90.92,,
49242,305CRRB,5,3,2,25.69,,
49243,6371EL-B,4,4,0,123.66,,
49244,6373EL-B,24,15,9,158.26,,
49245,6373EL,14,3,11,167.83,,
49246,2018BP-12,0,0,0,19.40,,
49247,2018BP-24,22,13,9,18.45,,
49248,2018BR-MB,0,0,0,57.72,,
49249,2018PKG,2,0,2,93.64,,
49250,2018BR,7,4,3,38.72,,
49257,RY504-2-30,9,6,3,321.28,,
49259,110A,8,2,6,102.35,,
49260,115A,6,3,3,166.10,,
49261,117A,9,4,5,142.99,,
49262,199120,11,6,5,110.02,,
49263,12VPG,16,10,6,8.07,,
49264,12VCPS2,46,25,21,32.58,,
49293,150400-200-060-12,0,0,0,97.60,,
49294,150400-200-070-12,4,0,4,81.00,,
49295,150400-200-080-12,0,0,0,97.60,,
49301,151200-200-004-13,10,10,0,63.53,,
49302,100200-200-002-12,19,8,11,52.00,,
49305,100100-200-002-12,1,1,0,35.99,,
49306,100100-200-004-12,6,6,0,56.30,,
49308,102000-200-002-12,0,0,0,13.88,,
49309,102000-200-004-12,3,0,3,10.49,,
49310,102000-200-005-12,0,0,0,13.88,,
49312,102200-200-004-12,5,3,2,65.75,,
49333,A80277,0,0,0,312.49,,
49335,A80273,0,0,0,38.34,,
49345,6360CRN,10,4,6,72.44,,
49346,6153SPP,7,3,4,437.37,,
49347,6153SPP-25,0,0,0,389.40,,
49348,6153SPPW,0,0,0,509.08,,
49351,CS30-12,11,8,3,57.95,,
49352,CS30-25,12,4,8,98.57,,
49353,CS30-50,26,11,15,112.99,,
49354,CS503-25,5,2,3,428.19,,
49355,CS503-50,2,2,0,480.92,,
49356,CS504-25,8,3,5,485.86,,
49357,CS504-50,11,4,7,682.69,,
49358,P15-30,11,5,6,48.12,,
49359,P30-15,0,0,0,53.06,,
49360,P503-30,4,2,2,120.35,,
49361,P30-503,8,5,3,154.65,,
49362,P504-30,2,2,0,141.69,,
49363,P30-504,2,2,0,168.14,,
49364,P504-503,4,2,2,205.64,,
49365,Y503-2-30,0,0,0,225.84,,
49366,Y504-2-30,10,5,5,194.33,,
49367,Y504-2-503,0,0,0,431.42,,
49368,Y30-2-30,4,2,2,174.99,,
49369,Y504-2-504,8,3,5,416.66,,
49394,305CRCN.VPK,20,10,10,39.86,,
49395,103RN,18,16,2,13.24,,
49396,103ELN,0,0,0,14.14,,
49397,6361CRN,7,2,5,62.10,,
49404,7715CRN,29,15,14,20.51,,
49405,7715ELN,7,4,3,20.51,,
49406,A80160,2,1,1,72.43,,
49407,18598-1000,9,3,6,80.21,,
49410,GS-280,1,1,0,1487.92,,
49411,GS-2801,4,3,1,1501.99,,
49513,010-11932-00,0,0,0,19.99,,
49537,GS-170-2,3,1,2,470.76,,
49538,F16-0311C-1,0,0,0,122.15,,
49543,V30-0744B8-2,20,12,8,11.45,,
49544,V30-0748B8-2,9,5,4,14.09,,
49545,V30-1333B10-1,8,6,2,22.72,,
49546,V30-0202B10-1,7,6,1,25.68,,
49547,V30-0109B10-1,10,4,6,20.47,,
49548,V30-0113B10-1,9,3,6,21.08,,
49549,V30-1005B25-1,7,7,0,56.08,,
49550,V30-1005W25-1,6,3,3,56.08,,
49551,V30-1008B25-1,3,2,1,56.08,,
49552,V30-1008W25-1,3,3,0,56.08,,
49553,V30-1312B25-1,0,0,0,63.27,,
49554,V30-1312W25-1,0,0,0,63.45,,
49555,V30-1316B25-1,4,2,2,63.31,,
49556,V30-1316W25-1,4,2,2,60.71,,
49568,MS6007BR,4,2,2,51.94,,
49570,22823,19,13,6,11.94,,
49571,22833,8,1,7,17.08,,
49572,22853,3,0,3,29.50,,
49585,P66-BL,0,0,0,150.12,199.00,
49597,A28167,4,2,2,63.91,,
49622,1901122,6,3,3,309.57,,
49665,010-11409-20,6,3,3,11.24,,
49718,CN-3,38,2,36,8.80,,
49721,FBA-42,4,3,1,18.75,,
49723,FBA-44,5,4,1,18.75,,
49727,B117-DT-BL,0,0,0,218.81,289.99,
49733,E-DC-19A,1,1,0,24.75,,
49734,E-DC-6,5,2,3,7.50,,
49735,SPR-1I-RM,4,2,2,137.65,,
49736,SPR-7-RM,0,0,0,328.24,,
49740,001-167-880-10,0,0,0,54.55,,
49741,001-167-900-10,0,0,0,100.91,,
49745,LLB-28NW-24-SY,0,0,0,42.26,,
49750,"SS 01306",6,6,0,10.69,16.95,
49754,"BC 01806",12,4,8,11.67,17.95,
49755,"BC 01810",28,17,11,50.72,69.95,
49759,LLB-33AW-81-OT,0,0,0,47.73,,
49760,LLB-33BW-81-OT,0,0,0,47.73,,
49761,LLB-33CW-81-OT,0,0,0,58.56,,
49762,LLB-33EW-81-OT,0,0,0,50.91,,
49766,3970.3,38,11,27,59.57,,
49767,3971.3,105,77,28,65.48,,
49772,010-11977-00,0,0,0,14.99,,
49800,154000-200-020-13,0,0,0,538.13,,
49801,154000-200-004-13,0,0,0,538.13,,
49802,154000-200-005-13,0,0,0,591.27,,
49803,154100-200-020-13,0,0,0,614.95,,
49804,154100-200-004-13,2,2,0,614.95,,
49805,154100-200-005-13,0,0,0,658.95,,
49819,E70227,3,1,2,269.01,,
49820,2714.4,0,0,0,183.71,,
49850,11031A,0,0,0,6.73,,
49851,11065A,21,10,11,5.10,,
49852,23000,0,0,0,19.56,,
49853,23102,9,3,6,14.21,,
49854,23103,4,0,4,22.74,,
49855,25006GA,13,5,8,21.74,,
49856,27700,14,8,6,148.01,199.99,
49857,27710,8,8,0,165.68,229.99,
49858,27850,12,9,3,41.39,,
49859,29300,11,11,0,18.49,,
49860,29330,11,0,11,17.79,,
49861,29331,2,0,2,22.95,,
49862,29332,4,4,0,20.12,,
49863,29333,5,0,5,18.77,,
49864,27635,2,0,2,217.44,259.99,
49865,26051A,14,10,4,21.27,,
49866,26053A,13,0,13,8.77,,
49867,53690A,19,6,13,26.99,49.99,
49868,55108A,14,10,4,57.14,,
49882,133-4,4,4,0,4.89,,
49883,133-16,14,14,0,14.13,,
49885,368,10,10,0,13.95,,
49886,1158,5,5,0,25.88,,
49887,1159,0,0,0,26.44,,
49928,710237-1,0,0,0,97.40,,
49976,720085-1,7,3,4,26.55,,
50042,81-2022-12,1,0,1,1365.41,,
50057,2278,33,19,14,88.53,,
50058,2279,21,14,7,51.88,,
50064,SPL-12W,19,12,7,375.05,,
50067,SPLR-3,6,2,4,38.99,,
50068,202319,15,5,10,5.59,,
50069,202320,0,0,0,5.80,,
50074,3726BC,5,3,2,29.81,,
50075,3730BC,0,0,0,24.56,,
50076,6228BC,0,0,0,50.64,,
50077,6230BC,0,0,0,43.30,,
50078,6228WC,0,0,0,51.16,,
50079,6230WC,0,0,0,44.05,,
50080,02840000A,8,4,4,524.46,,
50082,29092-1000,50,24,26,12.15,,
50083,S-0235C,0,0,0,98.66,,
50084,S-0236C,0,0,0,125.60,,
50087,S-0239C,0,0,0,59.70,,
50088,3226BC,40,31,9,27.91,,
50091,3230BC,43,27,16,21.71,,
50092,6094C,5,2,3,51.00,,
50093,6095C,0,0,0,54.70,,
50094,6096C,5,2,3,49.88,,
50096,S-0976C,6,6,0,5.96,,
50097,S-0976BC,16,13,3,5.87,,
50100,6223C,3,2,1,42.71,,
50101,6349,0,0,0,131.01,,
50102,S-1320,0,0,0,80.96,,
50105,6263,0,0,0,25.31,,
50106,S-1524C,0,0,0,16.84,,
50107,S-1525C,0,0,0,17.60,,
50108,S-1526C,0,0,0,22.63,,
50109,S-1527C,0,0,0,28.32,,
50110,S-1528C,0,0,0,34.27,,
50111,6098C,0,0,0,48.83,,
50112,6099C,0,0,0,97.40,,
50113,6970C,4,2,2,30.91,,
50121,1133-F,0,0,0,46.52,,
50122,1205-F,0,0,0,100.49,,
50123,101245,6,2,4,212.26,,344.19
50124,101246,13,7,6,212.00,,343.69
50125,1200-F,0,0,0,105.52,,
50126,95-077-F,1,0,1,157.47,,
50127,1008-F,23,11,12,28.20,,
50128,1058-F,14,6,8,10.45,,
50129,1059-F,9,6,3,11.96,,
50130,73-071-F,4,2,2,71.33,,
50149,1363660,2,1,1,1477.84,,1749.99
50152,FRRRCR902000A00,0,0,0,358.85,,
50153,FRRRCR904000A00,0,0,0,400.57,,
50154,FRRRCH902000A00,0,0,0,171.08,,
50156,FRRRCP902000A00,0,0,0,121.01,,
50157,FRRRCP904000A00,0,0,0,129.35,,
50166,1363860,0,0,0,1105.60,,
50167,1363844,2,1,1,319.04,,
50169,1363845,1,1,0,355.83,,
50170,1363855,1,1,0,489.27,,
50174,1363856,0,0,0,504.15,,
50179,FVC100358220Q00,3,1,2,560.65,,
50193,FVC070312130Q00,1,1,0,353.01,,
50194,FVC070312120Q00,1,1,0,297.93,,
50206,MS-CBUSBFM1,10,4,6,19.49,,
50208,1810222,2,2,0,203.40,,
50213,114110,0,0,0,87.80,,137.29
50214,1852072,0,0,0,31.22,,
50215,1865023,2,0,2,36.32,,
50216,114113,0,0,0,45.79,,69.69
50217,114118,7,4,3,84.81,,129.89
50218,114119,0,0,0,81.52,,128.09
50219,114120,0,0,0,87.85,,137.29
50220,114123,0,0,0,48.19,,77.99
50221,114128,11,7,4,87.73,,137.09
50222,114129,0,0,0,87.82,,137.19
50232,1210-0001-P,7,3,4,32.21,,
50233,13554-0001-P,7,6,1,52.04,,
50234,17018-0001-P,11,3,8,60.30,,
50235,17935-0001-P,16,11,5,61.12,,
50236,17936-0001-P,19,12,7,95.81,,
50237,17937-0001-P,11,3,8,32.28,,
50238,18838-0001-P,9,6,3,35.51,,
50239,18777-0001-P,6,0,6,37.25,,
50240,18948-0001-P,7,1,6,44.52,,
50241,22405-0001-P,13,3,10,24.53,,
50242,6056-0003-P,8,5,3,116.40,,
50243,6303-0003-P,17,5,12,23.95,,
50244,6303-0007-P,33,13,20,36.80,,
50245,836-0001-P,19,7,12,51.21,,
50246,836-0003-P,3,3,0,51.21,,
50247,920-0001-P,7,4,3,31.53,,
50248,14750-0003-P,1,0,1,32.21,,
50249,17370-0001-P,12,5,7,121.42,,
50251,5929-0003-P,4,4,0,86.74,,
50252,6760-0003-P,3,0,3,173.46,,
50253,6080C,0,0,0,17.92,,
50254,9200-0023-P,12,7,5,40.56,,
50255,6180C,0,0,0,21.65,,
50256,920-0003-P,14,5,9,34.69,,
50257,6079C,0,0,0,18.56,,
50258,6179C,8,0,8,21.89,,
50259,6215C,0,0,0,15.92,,
50260,6216C,0,0,0,14.84,,
50261,6091C,0,0,0,21.91,,
50262,6081C,0,0,0,17.92,,
50263,6181C,0,0,0,23.96,,
50264,6225C,0,0,0,18.19,,
50265,6226C,0,0,0,20.33,,
50266,6279C,0,0,0,20.03,,
50267,6280C,0,0,0,21.15,,
50268,6090,0,0,0,50.45,,
50281,6190,0,0,0,54.36,,
50282,6130,0,0,0,52.37,,
50284,6050,0,0,0,25.45,,
50288,6048C,0,0,0,33.08,,
50291,6049C,0,0,0,25.67,,
50293,6084,0,0,0,43.28,,
50295,6184,0,0,0,43.38,,
50297,6229C,0,0,0,20.09,,
50299,S-7091P,0,0,0,45.96,,
50300,S-7092P,0,0,0,53.65,,
50303,S-7093P,0,0,0,60.77,,
50307,11901,0,0,0,44.92,,
50333,6028,0,0,0,15.64,,
50334,6029,0,0,0,22.30,,
50335,S-3433,0,0,0,9.74,,
50336,33611,0,0,0,97.78,,
50337,S-1492,6,0,6,5.01,,
50338,33621,0,0,0,99.13,,
50339,S-3030,19,12,7,2.26,,
50340,33631,0,0,0,102.79,,
50341,S-3031,0,0,0,2.25,,
50342,6007,0,0,0,15.36,,
50343,6021,2,0,2,16.73,,
50344,S-3436,0,0,0,9.30,,
50345,S-3032,0,0,0,2.05,,
50346,S-3033,0,0,0,2.05,,
50347,6161,0,0,0,31.64,,
50348,6162,0,0,0,34.33,,
50349,S-3025,0,0,0,6.56,,
50350,S-3439,6,2,4,8.67,,
50351,S-3440,0,0,0,7.60,,
50352,6027C,0,0,0,40.51,,
50353,S-0990C,0,0,0,20.11,,
50354,S-0990BC,0,0,0,20.32,,
50355,6211C,0,0,0,35.00,,
50356,6018C,0,0,0,27.97,,
50357,S-0991,0,0,0,11.57,,
50358,6024L,0,0,0,28.97,,
50359,6024R,2,2,0,28.97,,
50360,6390,0,0,0,14.16,,
50361,6391,0,0,0,14.30,,
50362,6163,0,0,0,13.37,,
50365,6164,0,0,0,22.56,,
50366,S-1497,0,0,0,4.69,,
50367,S-3034,0,0,0,2.06,,
50368,S-3035,0,0,0,2.05,,
50369,S-3415,0,0,0,4.88,,
50370,S-3416,0,0,0,7.35,,
50371,S-3417,0,0,0,6.35,,
50372,S-3418,0,0,0,10.62,,
50373,S-3419,0,0,0,12.25,,
50374,S-3420,0,0,0,11.99,,
50375,S-3421,0,0,0,10.02,,
50376,S-3422,0,0,0,7.35,,
50377,S-3425,0,0,0,12.58,,
50378,6025,4,0,4,13.34,,
50379,6026,3,0,3,19.06,,
50380,S-3428,0,0,0,13.73,,
50381,S-3430,13,7,6,13.19,,
50382,S-0604,0,0,0,12.79,,
50383,S-0604BC,17,1,16,10.16,,
50384,S-0605C,0,0,0,18.41,,
50385,S-0605BC,7,5,2,11.57,,
50386,6384,0,0,0,53.04,,
50387,6160,5,3,2,22.26,,
50388,S-3422R,0,0,0,7.85,,
50389,S-3700,5,2,3,13.94,,
50390,S-3705,19,12,7,13.79,,
50391,S-3444,6,2,4,13.84,,
50392,6342C,0,0,0,28.69,,
50393,S-4051C,0,0,0,15.63,,
50394,S-0579C,0,0,0,11.93,,
50395,S-0579BC,0,0,0,9.26,,
50396,S-1400C,0,0,0,8.83,,
50397,6343C,0,0,0,21.83,,
50398,S-4052C,0,0,0,12.69,,
50399,S-0578C,0,0,0,11.40,,
50400,S-4053C,0,0,0,15.23,,
50401,S-0585C,0,0,0,9.56,,
50402,S-0585BC,0,0,0,10.59,,
50403,S-0586C,0,0,0,16.97,,
50404,S-0586BC,0,0,0,15.96,,
50405,S-0588C,1,1,0,52.49,,
50406,S-0054C,7,4,3,13.01,,
50407,S-0054BC,11,6,5,15.04,,
50408,S-1401C,0,0,0,8.14,,
50409,S-1401BC,6,6,0,8.83,,
50410,S-1402C,0,0,0,10.16,,
50411,S-1402BC,2,0,2,8.86,,
50412,S-1031,0,0,0,18.99,,
50416,S-1032,0,0,0,29.00,,
50417,S-1033,0,0,0,36.54,,
50418,S-5031,0,0,0,4.42,,
50421,S-5032,10,8,2,4.48,,
50423,S-5033,6,2,4,6.29,,
50428,6022C,6,6,0,20.94,,
50429,S-3360C,4,2,2,9.59,,
50430,S-3360BC,0,0,0,9.60,,
50431,S-3362C,0,0,0,10.19,,
50432,S-3362BC,0,0,0,11.51,,
50433,S-3364C,2,2,0,12.47,,
50435,S-0222C,8,4,4,10.49,,
50436,S-0223C,0,0,0,9.14,,
50438,S-0229C,5,2,3,5.82,,
50439,S-0977C,5,5,0,6.61,,
50440,S-0503C,0,0,0,9.46,,
50441,S-0148SC,0,0,0,16.23,,
50442,S-0149C,0,0,0,5.49,,
50453,000-11142-001,0,0,0,582.24,,686.00
50464,0456DP4,3,0,3,100.32,,
50465,0456DP6,7,4,3,100.32,,
50466,0456DP7,16,8,8,100.32,,
50467,0457DP4,8,3,5,137.16,,
50468,010-11076-04,23,10,13,26.24,,
50469,0457DP6,5,4,1,168.25,,
50470,0457DP7,6,2,4,168.25,,
50485,S-0096B,0,0,0,32.84,,
50486,60900,0,0,0,161.93,,
50487,60902,0,0,0,209.81,,
50488,60901,0,0,0,167.18,,
50489,60903,0,0,0,220.85,,
50490,67900,0,0,0,163.40,,
50491,67902,0,0,0,210.13,,
50492,67901,0,0,0,168.53,,
50493,67903,0,0,0,221.40,,
50495,60821,0,0,0,25.58,,
50496,60823,0,0,0,12.10,,
50497,60822,0,0,0,12.09,,
50499,60825,0,0,0,27.10,,
50501,60827,0,0,0,12.79,,
50503,60826,0,0,0,12.79,,
50504,60805,0,0,0,32.44,,
50505,60831,0,0,0,44.13,,
50506,60833,0,0,0,16.40,,
50507,60832,0,0,0,16.40,,
50508,60835,0,0,0,51.04,,
50509,60837,4,2,2,16.46,,
50510,60836,0,0,0,16.46,,
50511,60847,0,0,0,78.24,,
50512,60703,0,0,0,88.23,,
50513,60705,3,2,1,80.83,,
50514,60855,0,0,0,51.00,,
50515,60857,0,0,0,31.16,,
50516,60858,0,0,0,27.46,,
50517,60859,0,0,0,21.38,,
50518,60860,0,0,0,18.64,,
50519,60861,0,0,0,39.08,,
50520,60840,0,0,0,45.30,,
50521,60841,0,0,0,27.08,,
50522,60843,0,0,0,45.82,,
50523,60844,0,0,0,33.62,,
50524,60850,0,0,0,19.87,,
50525,60851,0,0,0,18.80,,
50526,60853,0,0,0,17.36,,
50527,60854,0,0,0,11.14,,
50528,60150-20,23,12,11,2.74,,
50529,60151-20,31,10,21,3.58,,
50530,60152-20,32,18,14,4.10,,
50531,60153-20,11,7,4,7.14,,
50532,60154-20,3,1,2,10.66,,
50533,60155-20,9,9,0,9.73,,
50534,60148,0,0,0,3.83,,
50535,60149,0,0,0,6.36,,
50536,60120-A,0,0,0,6.01,,
50537,60130-A,0,0,0,8.31,,
50538,60131-A,21,10,11,12.10,,
50539,60137-A,0,0,0,12.64,,
50540,60145-A,11,5,6,4.06,,
50541,60146-A,24,12,12,4.70,,
50563,157000-300-010-12,0,0,0,15.67,,
50567,157000-300-050-12,0,0,0,15.67,,
50568,152800-300-050-13,9,4,5,38.86,,
50569,152800-300-075-13,0,0,0,43.61,,
50571,102500-702-999-12,0,0,0,14.67,,
50572,102400-702-999-12,0,0,0,13.49,,
50580,1366ME0BLK,0,0,0,473.36,,
50640,60124-A,23,11,12,6.60,,
50641,60127-A,16,6,10,3.56,,
50642,60135-A,14,6,8,5.23,,
50643,60142-A,0,0,0,6.86,,
50644,60147-A,10,7,3,9.54,,
50645,60170,13,8,5,7.69,,
50646,60171,10,9,1,7.69,,
50647,60172,7,6,1,7.66,,
50649,61973,0,0,0,28.03,,
50651,61974,2,2,0,38.91,,
50652,60712,4,1,3,25.31,,
50653,60710,3,3,0,42.23,,
50654,60714,7,6,1,26.59,,
50655,60716,3,3,0,47.30,,
50658,60629,0,0,0,56.58,,
50660,60720,4,1,3,70.83,,
50662,60721,0,0,0,70.83,,
50664,60722,0,0,0,84.23,,
50667,60723,0,0,0,84.33,,
50669,60724,5,3,2,103.89,,
50670,60725,4,4,0,104.00,,
50675,60730,0,0,0,31.73,,
50677,60732,0,0,0,46.38,,
50680,60734,0,0,0,63.85,,
50681,60736,0,0,0,91.73,,
50682,61398,0,0,0,394.43,,
50683,61399,0,0,0,411.59,,
50684,61397,0,0,0,394.43,,
50685,S-3511C,13,7,6,14.24,,
50687,61394C,0,0,0,300.15,,
50688,62402,0,0,0,143.83,,
50689,62406,2,2,0,96.08,,
50690,62404,4,2,2,154.84,,
50698,62414,0,0,0,61.96,,
50699,62408,0,0,0,32.01,,
50700,62550,0,0,0,127.38,,
50701,62418,0,0,0,43.89,,
50702,62416,0,0,0,26.63,,
50703,62421,0,0,0,19.24,,
50704,62420,0,0,0,12.59,,
50705,62434,0,0,0,41.14,,
50706,62432,0,0,0,20.05,,
50707,62433,0,0,0,40.06,,
50708,62618,0,0,0,19.91,,
50709,62620,3,2,1,32.21,,
50710,62425,0,0,0,64.73,,
50711,62426,0,0,0,47.21,,
50712,62440,3,2,1,72.35,,
50713,62436,0,0,0,47.50,,
50714,62438,0,0,0,54.74,,
50715,62444,2,1,1,27.40,,
50716,62446,0,0,0,74.05,,
50717,62442,26,14,12,18.40,,
50718,62540,0,0,0,68.78,,
50719,62544,0,0,0,47.51,,
50720,62354,0,0,0,129.21,,
50721,62344,0,0,0,43.90,,
50722,62322,4,1,3,14.93,,
50738,N2KVIEW,0,0,0,556.34,,
50741,62330,6,6,0,11.84,,
50742,62332,0,0,0,21.54,,
50743,62338,0,0,0,41.38,,
50744,62334,0,0,0,14.79,,
50745,62336,0,0,0,17.24,,
50746,62310,0,0,0,10.31,,
50747,62312,0,0,0,12.11,,
50748,62315,0,0,0,30.66,,
50749,62314,0,0,0,14.24,,
50750,62316,2,0,2,20.13,,
50762,62670,0,0,0,14.51,,
50763,62672,0,0,0,14.39,,
50764,62526,3,1,2,19.16,,
50765,62512,0,0,0,73.20,,
50766,62520,0,0,0,45.14,,
50767,62524,4,3,1,25.49,,
50768,62530,0,0,0,38.30,,
50769,62534,0,0,0,30.66,,
50770,62532,2,0,2,51.31,,
50771,62536,0,0,0,10.24,,
50772,62502,1,0,1,74.30,,
50773,50900-1000,9,6,3,304.44,,
50774,62504,0,0,0,46.56,,
50775,62508,0,0,0,66.78,,
50776,62560,15,6,9,13.60,,
50777,62601,8,5,3,31.23,,
50778,62602,0,0,0,40.23,,
50779,62610,0,0,0,24.36,,
50780,62612,6,0,6,29.74,,
50781,62616,6,6,0,47.39,,
50782,18690-0000,7,3,4,739.59,,
50783,62410,3,2,1,31.73,,
50784,56D-24,14,6,8,225.64,,
50785,62634,4,2,2,60.00,,
50786,60034,0,0,0,94.59,,
50787,60020,0,0,0,244.45,,
50788,60031,0,0,0,224.41,,
50789,60055,0,0,0,352.25,,
50790,60030,2,2,0,246.69,,
50791,60028,0,0,0,269.55,,
50792,60029,0,0,0,834.68,,
50793,60608,0,0,0,23.71,,
50794,60620,3,1,2,78.81,,
50795,60610,2,0,2,16.59,,
50796,60612,1,1,0,28.13,,
50797,60614,0,0,0,33.48,,
50798,60609,3,3,0,5.63,,
50799,60329,0,0,0,25.00,,
50800,60502,5,5,0,18.56,,
50801,60504,2,2,0,10.69,,
50802,60506,7,5,2,7.75,,
50803,60101,13,10,3,10.50,,
50804,60102,11,3,8,16.37,,
50805,60104,24,12,12,25.19,,
50806,60106,17,10,7,31.67,,
50807,60108,15,12,3,59.15,,
50808,60110,1,1,0,72.14,,
50809,60112,4,3,1,85.91,,
50810,60114,13,13,0,16.29,,
50811,65855,0,0,0,50.48,,
50812,63272,5,3,2,11.87,,
50813,65856,0,0,0,34.46,,
50814,63218,0,0,0,51.71,,
50815,63219,0,0,0,98.56,,
50816,60808,0,0,0,16.73,,
50817,60809,0,0,0,59.36,,
50818,60810,0,0,0,119.45,,
50819,60811,2,2,0,17.77,,
50820,60812,10,2,8,23.64,,
50821,60813,0,0,0,66.70,,
50822,60814,0,0,0,17.06,,
50823,60815,0,0,0,54.85,,
50824,60816,0,0,0,16.86,,
50825,60817,0,0,0,7.83,,
50826,60818,3,3,0,65.33,,
50827,02-100-112,0,0,0,243.13,311.20,
50829,02-100-134,0,0,0,243.13,311.20,
50830,02-100-200,0,0,0,243.13,311.20,
50831,02-100-214,0,0,0,243.13,311.20,
50832,02-118-112,0,0,0,243.13,311.20,
50833,02-118-134,0,0,0,243.13,311.20,
50834,02-114-134,0,0,0,278.13,356.00,
50844,02-114-200,0,0,0,278.13,356.00,
50845,02-114-214,0,0,0,278.13,356.00,
50846,02-114-212,0,0,0,278.13,356.00,
50847,02-138-214,0,0,0,278.13,356.00,
50848,02-138-212,0,0,0,278.13,356.00,
50849,02-112-214,0,0,0,368.13,471.20,
50850,02-112-212,2,0,2,368.13,471.20,
50851,02-112-234,0,0,0,368.13,471.20,
50852,02-112-300,0,0,0,368.13,471.20,
50853,02-112-314,0,0,0,368.13,471.20,
50854,02-112-312,0,0,0,368.13,471.20,
50855,02-134-212,0,0,0,402.50,515.20,
50856,02-134-234,0,0,0,402.50,515.20,
50857,02-134-300,0,0,0,402.50,515.20,
50858,02-134-314,0,0,0,402.50,515.20,
50859,02-134-312,0,0,0,402.50,515.20,
50860,02-200-234,0,0,0,473.13,605.60,
50861,02-200-300,0,0,0,473.13,605.60,
50862,02-200-314,4,2,2,473.13,605.60,
50866,02-200-312,0,0,0,473.13,605.60,
50867,02-214-312,0,0,0,539.38,690.40,
50868,02-214-400,0,0,0,539.38,690.40,
50872,02-212-312,0,0,0,539.38,690.40,
50874,02-212-400,3,2,1,539.38,690.40,
50875,02-300-412,0,0,0,769.38,984.80,
50876,A06068,8,6,2,72.43,,
50932,29045-2000,2,2,0,76.32,,
50933,000-164-608,0,0,0,73.64,,
50936,7717,16,5,11,68.18,72.00,
50937,15125-101,9,5,4,450.98,,
50938,15126-101,0,0,0,495.15,,
50939,15088-101,1,0,1,528.50,,
50940,15112-101,13,1,12,295.26,,
50941,15095-001,10,4,6,44.83,,
50959,ZDIGGV30,4,1,3,155.80,,
50962,124910,4,0,4,29.93,,
50963,0947DP1CHR,5,0,5,41.95,,
50964,1186DP0ZNC,19,1,18,14.64,,
50965,1187DP0ZNC,7,7,0,14.64,,
50966,1299DP0CHR,23,9,14,16.96,,
50968,1110DP0CHR,9,5,4,18.45,,
50969,0506DP4CHR,13,3,10,16.01,,
50970,1184DP0CHR,8,8,0,61.19,,
50971,1183DP0CHR,7,3,4,44.65,,
50972,1604DP0CHR,7,2,5,19.03,,
50974,1440DP5CHR,18,9,9,39.01,,
50975,1440DP6CHR,11,7,4,43.27,,
50976,1221DP0CHR,11,3,8,16.32,,
50977,1220DP0CHR,10,10,0,18.45,,
50980,100-340-032,0,0,0,67.27,,
50981,100-343-132,0,0,0,40.91,,
50982,E1150Z-11AAH,0,0,0,51.22,,
50983,IRIS595,2,0,2,319.99,,
50985,5530-24A7,10,4,6,43.00,,
50986,5530-36A7,8,8,0,45.02,,
50987,5530-42A7,11,9,2,47.61,,
50992,5580A7,29,11,18,40.55,,
50993,6355W7,14,2,12,10.21,,
50994,11794-7,7,3,4,21.82,,
50996,14185XFS-7,0,0,0,39.32,,
50997,14187XFS-7,0,0,0,57.14,,
50998,11246-1,23,9,14,13.66,,
51000,11441-4,5,3,2,64.77,,
51003,11897-2,6,2,4,17.45,,
51005,11901-4,37,23,14,48.51,,
51006,14066-7,88,42,46,20.82,,
51007,9350-4,32,6,26,26.56,,
51008,14367-6,29,20,9,9.75,,
51105,010-01226-00,2,2,0,157.49,,
51144,104,4,0,4,8.54,,12.98
51154,VIZZ-IND,6,4,2,41.43,66.99,
51156,QUAD-IND,0,0,0,29.54,47.99,
51176,010-12017-00,4,3,1,97.49,,
51181,2400,8,5,3,54.99,,
51182,2410,14,10,4,54.99,,
51183,2415,6,4,2,48.74,,
51184,2420,1,1,0,56.24,,
51185,2430,9,0,9,19.99,,
51186,2440,2,0,2,27.74,,
51187,2445,4,2,2,29.99,,
51188,2460,10,10,0,17.36,,
51189,2450,0,0,0,22.49,,
51190,2455,0,0,0,22.49,,
51214,1RPC50,0,0,0,68.65,,
51216,199128,5,3,2,84.17,,
51218,122200-200-020-14,0,0,0,60.68,,
51219,122200-200-040-14,6,6,0,60.68,,
51220,122200-200-060-14,0,0,0,60.68,,
51224,122000-300-020-14,0,0,0,48.84,,
51225,122000-300-040-14,6,6,0,41.00,,
51226,122000-300-060-14,0,0,0,48.84,,
51229,33-523-01,0,0,0,129.61,160.00,
51263,1854120,2,1,1,9.44,,
51266,100-323-601,0,0,0,81.82,,
51268,001-122-810-10,0,0,0,439.09,,
51283,SPR-1I-AM,1,1,0,195.88,,
51284,SPR-7-AM,0,0,0,367.94,,
51287,T70226,4,2,2,1434.77,,
51291,A80276,0,0,0,85.22,,
51293,A80272,0,0,0,72.43,,
51294,07-100-112R,0,0,0,71.88,92.00,
51295,07-100-134R,0,0,0,71.88,92.00,
51296,07-100-200R,0,0,0,71.88,92.00,
51297,07-100-214R,0,0,0,71.88,92.00,
51298,07-118-112R,0,0,0,71.88,92.00,
51299,07-118-134R,0,0,0,71.88,92.00,
51300,07-114-134R,0,0,0,93.13,119.20,
51301,07-114-200R,0,0,0,93.13,119.20,
51302,07-114-214R,0,0,0,93.13,119.20,
51303,07-114-212R,0,0,0,93.13,119.20,
51304,07-138-214R,0,0,0,93.13,119.20,
51305,07-138-212R,0,0,0,93.13,119.20,
51306,07-112-214R,0,0,0,118.13,151.20,
51307,07-112-212R,0,0,0,118.13,151.20,
51308,07-112-234R,0,0,0,118.13,151.20,
51309,07-112-300R,0,0,0,118.13,151.20,
51310,07-112-314R,0,0,0,118.13,151.20,
51311,07-112-312R,0,0,0,118.13,151.20,
51312,07-134-212R,0,0,0,118.13,151.20,
51313,07-134-234R,0,0,0,118.13,151.20,
51314,07-134-300R,0,0,0,118.13,151.20,
51315,07-134-314R,0,0,0,118.13,151.20,
51316,07-134-312R,0,0,0,118.13,151.20,
51317,07-200-234R,0,0,0,118.13,151.20,
51318,07-200-300R,0,0,0,118.13,151.20,
51319,07-200-314R,0,0,0,118.13,151.20,
51320,07-200-312R,0,0,0,118.13,151.20,
51321,07-214-312R,0,0,0,168.75,216.00,
51322,07-214-400R,0,0,0,168.75,216.00,
51323,07-212-312R,0,0,0,168.75,216.00,
51324,07-212-400R,0,0,0,168.75,216.00,
51325,07-300-412R,0,0,0,239.38,306.40,
51331,31014,9,3,6,76.53,,
51333,33001,6,5,1,70.31,,
51342,33640,0,0,0,27.35,,
51343,33641,5,5,0,28.68,,
51344,33650,0,0,0,27.35,,
51350,33651,3,1,2,28.68,,
51351,33660,13,11,2,29.30,,
51352,33661,8,5,3,30.52,,
51353,33670,0,0,0,62.38,,
51354,33671,4,4,0,65.06,,
51355,33680,14,10,4,19.53,,
51358,40400,0,0,0,17.82,,
51376,010-10723-17,0,0,0,31.99,,
51379,SVS-760,2,1,1,692.30,,
51385,SVS-760B60-12,0,0,0,1042.30,,
51386,SVS-760B60-20,0,0,0,1042.30,,
51395,SAS-300-1,0,0,0,1343.30,,
51396,SAS-300-2,0,0,0,1399.30,,
51397,SAS-300-3,2,1,1,629.99,,
51405,18670-9127,4,2,2,272.58,,
51406,T-760,4,3,1,1780.60,,
51428,101241,3,0,3,37.12,,61.19
51429,101242,7,3,4,83.29,,128.59
51430,101243,24,6,18,80.56,,124.59
51431,101240,11,4,7,13.52,,23.39
51432,101230,7,0,7,7.80,,28.39
51433,101223,20,10,10,19.44,,30.69
51434,101224,17,11,6,19.95,,31.19
51481,A22154,5,2,3,216.66,,
51482,0540DPG99A,25,10,15,44.12,,
51483,0540DPGCHR,9,5,4,51.45,,
51485,010-11970-00,101,29,72,22.49,,
51500,MDA-1-ANT,3,2,1,91.00,,
51548,104000-200-000-14,20,10,10,22.95,,
51562,010-11119-00,0,0,0,37.49,,
51571,111910,3,1,2,71.38,,
51577,010-10562-00,35,20,15,6.36,,
51594,11500800,5,5,0,37.46,,
51595,21431530,6,4,2,85.56,,
51602,S2-0802,0,0,0,139.51,,
51611,58303,12,6,6,64.67,,
51612,58184,13,8,5,94.63,,
51613,58173,26,19,7,381.13,,
51614,R1,14,4,10,3.03,,
51615,R2,12,2,10,7.59,,
51616,R3,15,0,15,11.63,,
51617,R4,33,30,3,18.99,,
51618,R5,0,0,0,33.91,,
51619,R7,0,0,0,59.94,,
51620,R1AL,2,0,2,4.12,,
51621,R2AL,7,4,3,7.47,,
51622,R3AL,7,3,4,8.99,,
51623,R4AL,2,2,0,21.66,,
51624,R5AL,2,2,0,31.15,,
51625,R1MG,0,0,0,5.12,,
51626,R2MG,0,0,0,14.76,,
51627,R3MG,1,0,1,22.16,,
51628,R4MG,0,0,0,43.16,,
51629,R5MG,0,0,0,52.91,,
51633,"EFC-03 BLACK",6,6,0,40.87,,
51634,"EFC-04 BLACK",23,12,11,36.99,,
51635,X1,0,0,0,7.93,,
51636,X2,39,39,0,7.29,,
51637,X3,4,2,2,7.81,,
51638,X4,0,0,0,8.31,,
51639,X5,5,3,2,8.43,,
51641,X6,0,0,0,12.47,,
51642,X7,0,0,0,12.07,,
51643,X8,1,0,1,17.37,,
51644,X9,2,0,2,19.13,,
51645,X10,0,0,0,44.31,,
51646,X11,0,0,0,37.09,,
51647,X12,0,0,0,55.74,,
51648,X13,0,0,0,47.82,,
51649,X14,0,0,0,68.56,,
51650,X15,0,0,0,70.18,,
51651,X16,0,0,0,81.85,,
51652,X17,0,0,0,72.60,,
51653,X18,0,0,0,78.38,,
51654,X19,0,0,0,87.01,,
51655,X20,0,0,0,231.19,,
51656,X21,0,0,0,104.49,,
51657,X22,0,0,0,130.16,,
51681,10025,2,0,2,56.88,,
51684,X1AL,0,0,0,6.47,,
51685,X2AL,0,0,0,6.93,,
51686,X3AL,0,0,0,8.18,,
51687,X4AL,0,0,0,8.06,,
51688,X5AL,0,0,0,8.84,,
51689,X6AL,0,0,0,11.26,,
51690,X7AL,0,0,0,10.90,,
51691,X8AL,0,0,0,21.03,,
51692,X9AL,4,4,0,14.99,,
51693,X10AL,0,0,0,38.90,,
51694,X11AL,0,0,0,39.91,,
51695,X12AL,0,0,0,43.24,,
51696,X13AL,0,0,0,46.97,,
51697,X1MG,0,0,0,14.18,,
51698,X2MG,0,0,0,14.18,,
51699,X3MG,0,0,0,18.09,,
51700,X4MG,0,0,0,18.65,,
51701,X5MG,5,4,1,13.72,,
51702,X6MG,0,0,0,22.85,,
51704,X7MG,2,2,0,25.04,,
51705,X8MG,0,0,0,25.85,,
51706,X9MG,2,2,0,28.50,,
51707,00800,0,0,0,9.16,,
51708,00800AL,0,0,0,10.49,,
51709,00800MG,0,0,0,12.56,,
51710,00801,0,0,0,12.87,,
51711,00804,0,0,0,8.31,,
51712,00806,0,0,0,18.32,,
51713,00806BIS,0,0,0,15.99,,
51714,00806BISAL,0,0,0,12.65,,
51715,00806BISMG,0,0,0,15.96,,
51716,00807,0,0,0,2.90,,
51717,00807AL,0,0,0,4.34,,
51718,00807MG,0,0,0,4.66,,
51722,28106,256,105,151,89.13,,
51723,28210,125,43,82,142.17,,
51725,010-C1087-00,0,0,0,112.49,,
51738,5291,20,10,10,4.63,,
51739,5292,34,10,24,4.63,,
51740,5293,16,5,11,4.63,,
51741,5294,2,0,2,4.63,,
51742,5295,21,16,5,4.63,,
51743,5296,21,7,14,4.63,,
51744,5297,14,5,9,4.63,,
51745,5298,28,15,13,4.63,,
51746,5299,13,4,9,4.63,,
51747,00817,0,0,0,2.49,,
51748,00817AL,0,0,0,4.13,,
51749,00817MG,0,0,0,6.31,,
51750,00818,0,0,0,5.82,,
51751,00818AL,0,0,0,8.16,,
51752,00818MG,0,0,0,9.28,,
51753,00816,0,0,0,10.49,,
51754,00816AL,0,0,0,9.49,,
51755,00816MG,0,0,0,13.72,,
51756,00815,0,0,0,16.93,,
51757,00815AL,0,0,0,14.94,,
51758,00815MG,0,0,0,17.75,,
51759,00814,0,0,0,12.22,,
51760,00814AL,0,0,0,13.79,,
51761,00814MG,0,0,0,18.06,,
51762,00812,0,0,0,11.93,,
51763,01124,2,0,2,16.34,,
51764,01124AL,0,0,0,17.25,,
51765,01112,4,2,2,17.68,,
51768,01112AL,5,4,1,17.76,,
51770,01133DX,0,0,0,16.79,,
51771,01133DXAL,0,0,0,13.21,,
51772,01134SX,0,0,0,16.79,,
51773,01134SXAL,0,0,0,13.21,,
51774,TEC-DIVERS,4,3,1,44.99,,
51775,TEC-DIVERSMG,2,2,0,56.28,,
51776,TEC-20,0,0,0,5.13,,
51777,TEC-30,0,0,0,18.71,,
51778,TEC-30AL,0,0,0,16.47,,
51779,TEC-Z-406,4,2,2,54.88,,
51786,SPC12RP,9,4,5,20.00,,
51787,EMU-1-BAS,2,2,0,520.34,,
51801,OPTO-4,0,0,0,97.94,,
51808,5049,21,7,14,4.86,,
51809,5050,15,11,4,42.22,,
51810,5051,25,5,20,69.06,,
51811,5052,19,9,10,53.71,,
51812,5054,41,16,25,92.09,,
51813,4303,12,7,5,28.57,,
51814,4305,21,16,5,40.95,,
51815,4307,19,10,9,54.04,,
51816,4309,18,4,14,67.33,,
51821,WP-150WHA-1,4,3,1,115.77,,
51822,P04-091W,57,22,35,3.75,,
51823,P04-0111W,24,0,24,13.13,,
51824,P04-011W,18,7,11,11.86,,
51826,F31-3504BSA-1,3,2,1,249.99,,
51991,7520,1,0,1,108.47,,
52007,3119,7,3,4,645.15,,
52008,TEC-40,2,2,0,10.99,,
52009,TEC-N1,3,3,0,28.03,,
52011,00630FISH,6,3,3,62.49,,
52012,TEC-S-Z1,0,0,0,6.32,,
52013,GO,0,0,0,1096.77,,
52016,00718,0,0,0,17.34,,
52018,4187BX,47,44,3,44.12,,
52020,20708,2,2,0,35.96,,
52021,20708AL,3,2,1,37.26,,
52022,20708MG,6,4,2,41.99,,
52023,20800,0,0,0,38.75,,
52024,20800AL,0,0,0,38.37,,
52025,20800MG,2,2,0,35.49,,
52026,20801,3,1,2,54.82,,
52027,20801AL,1,0,1,58.03,,
52028,20801MG,8,7,1,56.60,,
52029,20803,0,0,0,44.06,,
52030,20803AL,6,4,2,44.99,,
52031,20803MG,5,3,2,40.77,,
52032,20804,5,2,3,29.12,,
52033,20804AL,2,1,1,46.68,,
52034,20804MG,6,4,2,35.44,,
52035,20805,5,3,2,48.58,,
52036,20805AL,0,0,0,62.99,,
52037,20805MG,8,7,1,47.34,,
52038,20814,2,0,2,31.63,,
52039,20814AL,0,0,0,37.43,,
52040,20814MG,2,2,0,40.25,,
52041,20816,3,1,2,42.99,,
52042,20816AL,5,3,2,38.46,,
52043,20816MG,0,0,0,43.43,,
52044,21101,1,1,0,29.90,,
52045,21101AL,1,0,1,27.28,,
52046,21102,0,0,0,38.21,,
52047,21102AL,0,0,0,27.28,,
52048,21104,5,3,2,30.35,,
52049,21104AL,2,0,2,30.38,,
52050,21106,3,1,2,30.71,,
52051,21106AL,2,0,2,29.32,,
52055,TEC-E0-C,0,0,0,3.59,,
52056,TEC-E00-C,0,0,0,2.69,,
52057,TEC-E1-C,0,0,0,5.62,,
52058,TEC-E2-C,0,0,0,6.40,,
52059,TEC-E3-C,0,0,0,9.88,,
52060,TEC-E4-C,0,0,0,11.68,,
52061,TEC-E5-C,0,0,0,10.78,,
52062,20701,0,0,0,30.01,,
52063,20701AL,0,0,0,39.49,,
52064,20701MG,0,0,0,30.84,,
52065,20702,0,0,0,29.54,,
52066,010-11057-00,0,0,0,67.49,,
52067,20702AL,0,0,0,33.53,,
52068,20702MG,0,0,0,30.01,,
52069,20705,0,0,0,31.90,,
52070,20705AL,0,0,0,30.26,,
52071,20705MG,0,0,0,36.72,,
52072,20706,3,2,1,32.79,,
52073,20706AL,0,0,0,26.51,,
52074,20706MG,0,0,0,29.15,,
52075,20715,0,0,0,86.46,,
52097,510,20,3,17,7.81,,
52098,511,12,3,9,7.81,,
52099,512,13,8,5,7.81,,
52100,448,9,4,5,97.49,,
52101,430,9,5,4,31.57,,
52102,393,62,52,10,9.03,,
52106,540,10,7,3,16.20,,
52107,544,7,7,0,16.20,,
52108,2205,20,12,8,37.49,,
52112,3160,14,12,2,33.78,,
52121,B4-419Q,0,0,0,3655.40,,
52123,B4-619Q,0,0,0,5288.73,,
52124,B4-409AA,1,0,1,3263.40,,
52125,B4-609AA,1,0,1,4279.99,,
52131,950,52,15,37,15.15,,
52133,2350,35,28,7,12.15,,
52134,2351,14,9,5,12.15,,
52135,2352,10,6,4,12.15,,
52136,1295,4,2,2,52.49,,
52146,7747,0,0,0,221.59,234.00,
52148,6357,18,10,8,336.65,,395.00
52149,6322,0,0,0,592.33,,695.00
52150,6323,0,0,0,933.24,985.50,
52151,6322C,0,0,0,507.10,,595.00
52152,6327,0,0,0,1082.39,1143.00,
52153,6328,0,0,0,1427.56,1507.50,
52154,6327C,0,0,0,997.16,1053.00,
52156,6345,4,2,2,421.88,445.50,
52157,6345CS,4,2,2,980.11,1035.00,
52158,6332,6,3,3,336.65,355.50,
52160,7654,2,0,2,549.99,,
52161,7656,0,0,0,213.07,225.00,
52162,7660,0,0,0,251.42,265.50,
52164,7627,5,2,3,468.75,495.00,
52165,6450,7,4,3,191.76,202.50,
52166,6490,3,3,0,362.22,382.50,
52167,6673,5,3,2,57.35,,
52168,6440,5,2,3,72.99,,
52169,6470,3,2,1,72.99,,
52171,6475,7,4,3,80.97,,85.50
52172,6477,0,0,0,44.12,,45.00
52173,6410,3,3,0,200.28,,235.00
52174,6420,2,0,2,134.99,,
52175,7720,1,1,0,319.99,,
52176,7714,0,0,0,123.58,,
52181,6510SER,2,2,0,191.76,202.50,
52184,7876-008,0,0,0,39.71,,
52185,7876-040,0,0,0,54.28,,
52186,7876-100,6,3,3,66.18,,
52187,7876-200,0,0,0,88.24,,
52195,7649003,17,8,9,110.23,,
52196,7650003,15,7,8,156.85,,
52205,A0-TPGN-Z30,3,1,2,1584.57,,
52206,A0-BOLT-REV,1,0,1,1523.89,,
52207,A0-BOLT-RAD,2,1,1,1283.15,,
52208,17-1526-23,3,1,2,56.17,,
52209,A0-1500-TEL,0,0,0,802.07,,
52210,A0-1800-TEL,3,1,2,875.67,,
52212,CA-0110-TG,1,1,0,108.33,,
52213,REV-TPGN-15T,0,0,0,2362.84,,
52214,REV-TPGN-18T,0,0,0,2433.26,,
52215,Z30-TPGN-15T,0,0,0,2443.09,,
52216,Z30-TPGN-18T,1,1,0,2513.51,,
52217,RAD-TPGN-15T,0,0,0,2130.12,,
52218,RAD-TPGN-18T,1,1,0,2200.25,,
52264,4131-4,5,2,3,128.74,,
52266,6375D6,3,0,3,9.99,,
52269,CA-0110-MO,0,0,0,116.36,,
52270,CA-0025-MO,0,0,0,136.42,,
52271,5010-4,13,9,4,24.44,,
52272,CA-0106,9,5,4,28.44,,
52273,CA-0105,8,4,4,36.56,,
52274,CA-0023,4,3,1,52.81,,
52276,PAK-0001,0,0,0,149.12,,
52277,PAK-0002,0,0,0,179.71,,
52278,PAK-0003,2,2,0,99.41,,
52279,PAK-0004,0,0,0,99.41,,
52280,PAK-0005,4,0,4,191.18,,
52281,PAK-0006,4,2,2,191.18,,
52282,5009-4,32,16,16,17.53,,
52283,5014-4,36,19,17,17.33,,
52284,CA-0087,125,51,74,15.85,,
52300,66362-7,22,3,19,34.80,,
52302,66363-7,8,0,8,34.80,,
52304,66364-7,11,5,6,34.80,,
52305,66364W7,0,0,0,34.80,,
52316,12761-7,4,4,0,14.25,,
52317,12750-6,14,9,5,8.89,,
52318,13066-7,9,5,4,27.15,,
52323,11849-2,16,5,11,7.67,,
52327,11848-4,9,5,4,6.60,,
52328,14137-7,72,24,48,8.37,,
52331,11900-4,6,4,2,31.36,,
52333,7563-6,24,12,12,8.13,,
52334,7594-3,24,16,8,10.89,,
52337,11862-6,15,9,6,6.97,,
52345,010-C1105-00,0,0,0,262.49,,
52346,010-C1106-00,0,0,0,262.49,,
52348,403252,13,3,10,7.51,,
52349,403312,8,4,4,7.91,,
52350,403372,9,3,6,7.91,,
52351,403502,24,18,6,8.33,,
52352,403562,6,4,2,9.06,,
52353,403622,10,5,5,9.12,,
52354,403752,29,19,10,10.70,,
52355,403872,4,2,2,11.50,,
52356,403892,29,22,7,11.90,,
52373,90885,1,0,1,139.99,,
52375,90160,4,1,3,94.99,,
52381,LLB-01WD-81-00,0,0,0,31.99,,
52385,LLB-55NN-81-00,0,0,0,73.17,,
52411,01-0368-07,1,1,0,3596.40,,
52413,01-0369-07,0,0,0,7196.40,,
52459,40190,0,0,0,40.00,54.99,
52462,40191,8,3,5,11.87,16.99,
52466,40193,0,0,0,37.50,49.99,
52467,01-0369-02,0,0,0,7988.40,,
52469,01-0369-03,0,0,0,7124.40,,
52471,40194,1,0,1,28.75,39.99,
52472,40195,1,1,0,28.75,39.99,
52474,40197,0,0,0,30.00,44.99,
52478,40052,0,0,0,38.12,56.99,
52482,01-0371,0,0,0,1368.79,,
52645,010-01142-00,0,0,0,337.49,,
52646,010-01142-10,0,0,0,337.49,,
52647,220,53,28,25,10.15,,15.98
52648,E70196,4,2,2,112.49,,
52654,305CRPN.VPK,49,30,19,22.40,,
52660,110R,7,1,6,9.53,,
52676,010-11814-10,0,0,0,14.99,,
52677,010-11823-00,0,0,0,17.49,,
52678,010-11828-10,5,0,5,11.69,,
52679,010-11828-11,0,0,0,12.99,,
52680,010-11867-10,0,0,0,31.99,,
52685,010-11874-00,0,0,0,20.50,,
52696,010-C1114-00,0,0,0,149.99,,
52697,010-C1113-00,0,0,0,112.49,,
52781,010-11678-10,26,12,14,18.75,,
52842,10-263,3,0,3,40.23,,
52843,10-264,3,3,0,40.23,,
52844,10-265,15,11,4,40.23,,
52848,40043,31,29,2,17.24,,
52851,10-361,17,7,10,33.65,,
52903,42550,1,1,0,30.39,,
52921,831ST-1-14,1,1,0,49.99,,
52934,40645,24,15,9,13.22,,
52945,7943,11,5,6,12.80,,
52946,7944,10,3,7,12.80,,
52948,7945,11,8,3,17.46,,
53010,72-0452-01,0,0,0,1231.36,,
53011,240,46,11,35,8.39,,12.98
53019,A0-1500-CRP,1,1,0,604.81,,
53020,A0-1800-CRP,0,0,0,633.70,,
53021,CA-0002,0,0,0,260.80,,
53022,CA-0001,0,0,0,389.20,,
53023,CA-0113,0,0,0,65.80,,
53024,CA-0113-MO,0,0,0,64.20,,
53025,09-1258-2PC,24,9,15,11.26,,
53210,RA5099,0,0,0,9.62,,
53211,010-11254-02,0,0,0,28.79,,
53212,72-0634,1,0,1,349.99,,
53213,117005,5,2,3,240.18,,
53214,117505,5,0,5,240.18,,
53215,117905,5,2,3,240.18,,
53216,814-WLW,2,2,0,232.52,,
53218,010-10580-10,10,5,5,52.49,,
53219,GP1300,0,0,0,261.81,,
53220,GP1301,1,1,0,276.35,,
53221,GP2300,0,0,0,261.81,,
53222,GP2301,0,0,0,276.35,,
53257,LLB-472W-21-10,4,0,4,109.76,,
53260,RM1500A,25,5,20,186.81,,
53261,RM2000A,61,20,41,240.58,,
53262,RM2000A-24,28,6,22,245.10,,
53286,RAM-B-166-326-VIS-G1U,0,0,0,53.61,76.49,
53292,119002,7,4,3,218.56,,
53293,LLB-189R-21-00,0,0,0,8.37,,
53296,MCU002,0,0,0,167.19,,
53299,"EFC-A1 BLACK",0,0,0,62.49,,
53300,"EFC-A2 BLACK",5,5,0,65.67,,
53301,"EFC-A3 BLACK",15,2,13,82.37,,
53310,"BEARCAT 880",17,12,5,139.20,,
53313,17860-2012,12,4,8,228.09,,
53320,1000864-26,20,8,12,15.33,,
53321,FAP7011C,4,2,2,977.98,,
53322,001-260-690-00,0,0,0,60.00,,
53327,010-12123-00,0,0,0,14.99,,
53331,E70240,0,0,0,108.32,,
53332,E70241,0,0,0,108.32,,
53333,010-12106-00,0,0,0,22.49,,
53334,010-12106-10,0,0,0,22.49,,
53443,10-13406-107,0,0,0,158.52,,
53445,010-12067-00,31,19,12,52.49,,
53446,11330,37,20,17,17.36,,
53447,11350,3,3,0,21.83,,
53448,11372,2,2,0,21.83,,
53449,11349,12,0,12,35.75,,
53450,11373,2,2,0,44.94,,
53453,GP1203,0,0,0,363.62,,
53464,7713,11,10,1,206.99,,
53465,7717,4,2,2,206.99,,
53466,010-11971-00,0,0,0,14.99,,
53467,010-11972-00,0,0,0,14.99,,
53471,7788CR,18,6,12,47.13,,
53474,SP100,14,8,6,53.17,,
53475,SP200,79,79,0,86.04,,
53476,SP300,11,7,4,104.23,,
53480,LPS-1,46,37,9,97.64,,
53486,HRMK4300,0,0,0,629.01,,
53488,HRMK1504,0,0,0,97.27,,
53489,HRMK1304,0,0,0,177.68,,
53490,HRMK2300,0,0,0,217.32,,
53491,HRMK1503,0,0,0,23.28,,
53492,HRMK2200,0,0,0,77.28,,
53493,HRMK1201,0,0,0,80.59,,
53494,HRMK1301,0,0,0,377.51,,
53495,HRMK1204,0,0,0,33.52,,
53496,HRMK1300,0,0,0,60.94,,
53497,HRMK2203,0,0,0,11.41,,
53498,HRMK2202,0,0,0,29.39,,
53499,HRMK2503,0,0,0,13.87,,
53500,HRMK2504,0,0,0,15.68,,
53501,HRMK2502,0,0,0,14.69,,
53519,101071,13,8,5,83.93,,131.89
53520,NQA-2447,0,0,0,132.30,,
53526,12VDUSB,16,5,11,13.09,,
53527,12VCOMBO,16,3,13,18.45,,
53529,703010,21,9,12,51.74,,
53530,703030,12,5,7,51.74,,
53531,703024,12,6,6,19.88,,
53533,320003,0,0,0,3.24,,
53534,320025,10,7,3,21.20,,
53535,320103,10,7,3,3.74,,
53536,320125,10,10,0,24.33,,
53537,320203,20,17,3,4.43,,
53538,320225,16,3,13,28.83,,
53539,320303,11,6,5,6.24,,
53540,320325,10,4,6,40.55,,
53590,10-13530-01,0,0,0,122.17,,
53592,81-47238-01,0,0,0,50.95,,
53680,40192,0,0,0,86.50,134.99,
53682,PP5203,0,0,0,392.72,,
53820,104050,3,0,3,85.67,,
53828,52060,3,2,1,19.99,,
53830,27648,11,8,3,121.48,199.99,
53831,27636,7,3,4,208.51,259.99,
53832,27600,4,2,2,162.48,,
53833,29301,16,11,5,22.95,,
53834,32100G,17,12,5,22.88,,
53835,32110G,14,4,10,19.27,,
53836,32150G,51,22,29,19.75,,
53837,32003G,53,21,32,27.73,,
53839,32005G,41,37,4,25.86,,
53843,GP1036,0,0,0,363.62,,
53844,GP1037,0,0,0,363.62,,
53845,GP1040-02,0,0,0,334.53,,
53846,GP1040-04,0,0,0,334.53,,
53847,GP1040-08,0,0,0,334.53,,
53848,GP1040-11,0,0,0,334.53,,
53849,GP1040-13,0,0,0,334.53,,
53850,GP1040-14,0,0,0,334.53,,
53851,GP1040-15,0,0,0,334.53,,
53852,GP1040-18,0,0,0,334.53,,
53853,GP1048,0,0,0,334.53,,
53855,GP1065,0,0,0,363.62,,
53863,GP1080-13,0,0,0,385.44,,
53864,GP1080-14,0,0,0,385.44,,
53865,GP1080-18,0,0,0,385.44,,
53866,GP1088,0,0,0,385.44,,
53867,GP1170-04,0,0,0,385.44,,
53868,GP1170-06,0,0,0,385.44,,
53869,GP1176,0,0,0,385.44,,
53870,GP1200,0,0,0,349.08,,
53871,GP1201,0,0,0,363.62,,
53872,GP1202,0,0,0,363.62,,
53873,GP1204,0,0,0,363.62,,
53874,GP1400,0,0,0,298.17,,
53875,GP1401,0,0,0,312.72,,
53876,GP1500,0,0,0,261.81,,
53877,GP1040-07,0,0,0,334.53,,
53878,GP1501,0,0,0,276.35,,
53879,GP1502,0,0,0,276.35,,
53880,GP1503,0,0,0,276.35,,
53881,GP1505,0,0,0,276.35,,
53882,GP1506,0,0,0,276.35,,
53883,GP1507,0,0,0,276.35,,
53885,GP1035,0,0,0,363.62,,
53886,GP1511,0,0,0,276.35,,
53887,GP1512,0,0,0,276.35,,
53888,GP1513,0,0,0,276.35,,
53889,GP1515,0,0,0,276.35,,
53890,GP1516,0,0,0,276.35,,
53891,GP1517,0,0,0,276.35,,
53892,GP1521,0,0,0,276.35,,
53893,GP1522,0,0,0,276.35,,
53894,GP1523,0,0,0,276.35,,
53898,GP1600,0,0,0,327.26,,
53899,GP1603,0,0,0,341.81,,
53900,GP1604,0,0,0,341.81,,
53901,GP1605,0,0,0,341.81,,
53902,GP1606,0,0,0,341.81,,
53903,GP1607,0,0,0,341.81,,
53904,GP1811,0,0,0,312.72,,
53906,GP1814,0,0,0,312.72,,
53907,GP1818,0,0,0,312.72,,
53908,GP2035,0,0,0,363.62,,
53909,GP2036,0,0,0,363.62,,
53910,GP2037,0,0,0,363.62,,
53911,GP2040-02,0,0,0,334.53,,
53912,GP2040-04,0,0,0,334.53,,
53913,GP2040-08,0,0,0,334.53,,
53914,GP2040-11,0,0,0,334.53,,
53915,GP2040-13,0,0,0,334.53,,
53916,GP2040-14,0,0,0,334.53,,
53917,GP2040-15,0,0,0,334.53,,
53926,16200A,0,0,0,6.05,,
53928,16303A,31,13,18,5.31,,
53931,26212GA,14,9,5,11.61,,
53940,GP2040-18,0,0,0,334.53,,
53941,GP2048,0,0,0,334.53,,
53942,GP2050-10,0,0,0,327.26,,
53943,GP2050-11,0,0,0,327.26,,
53944,GP2050-12,0,0,0,327.26,,
53945,GP2050-13,0,0,0,327.26,,
53946,GP2050-14,0,0,0,327.26,,
53947,GP2050-18,0,0,0,327.26,,
53955,GP2080-13,0,0,0,385.44,,
53957,GP2080-14,0,0,0,385.44,,
53958,GP2080-18,0,0,0,385.44,,
53959,GP2088,0,0,0,385.44,,
53960,GP2170-04,0,0,0,385.44,,
53961,GP2170-06,0,0,0,385.44,,
53962,GP2176,0,0,0,385.44,,
53963,GP2200,0,0,0,349.08,,
53964,GP2201,0,0,0,363.62,,
53965,GP2202,0,0,0,363.62,,
53966,GP2203,0,0,0,363.62,,
53967,GP2204,0,0,0,363.62,,
53968,GP2400,0,0,0,298.17,,
53969,GP2401,0,0,0,312.72,,
53970,GP2500,0,0,0,261.81,,
53971,GP2040-07,0,0,0,334.53,,
53972,GP2501,0,0,0,276.35,,
53973,GP2502,0,0,0,276.35,,
53974,GP2503,0,0,0,276.35,,
53976,GP2506,0,0,0,276.35,,
53977,GP2507,0,0,0,276.35,,
53978,GP2511,0,0,0,276.35,,
53979,GP2512,0,0,0,276.35,,
53988,GP2513,0,0,0,276.35,,
53989,GP2515,0,0,0,276.35,,
53990,GP2516,0,0,0,276.35,,
53991,GP2517,0,0,0,276.35,,
53992,GP2521,0,0,0,276.35,,
53993,GP2522,0,0,0,276.35,,
53994,GP2523,0,0,0,276.35,,
53998,GP2600,0,0,0,327.26,,
53999,GP2603,0,0,0,341.81,,
54000,GP2604,0,0,0,341.81,,
54001,GP2605,0,0,0,341.81,,
54002,GP2606,0,0,0,341.81,,
54003,GP2607,0,0,0,341.81,,
54007,PP4404,0,0,0,269.08,,
54008,PP4405,0,0,0,269.08,,
54009,PP4406,0,0,0,269.08,,
54011,PP4811,0,0,0,356.35,,
54013,PP4814,0,0,0,356.35,,
54014,PP4818,0,0,0,356.35,,
54015,PP5035,0,0,0,399.99,,
54016,PP5036,0,0,0,399.99,,
54017,PP5037,0,0,0,399.99,,
54018,PP5038,0,0,0,399.99,,
54020,PP5200,0,0,0,378.17,,
54021,PP5201,0,0,0,392.72,,
54022,PP5202,0,0,0,392.72,,
54023,PP5204,0,0,0,392.72,,
54024,RMX4404,0,0,0,392.72,,
54025,RMX4405,0,0,0,392.72,,
54026,RMX4406,0,0,0,392.72,,
54027,RMX4811,0,0,0,436.35,,
54029,RMX4814,0,0,0,436.35,,
54030,RMX4818,0,0,0,436.35,,
54039,740142-1,4,4,0,31.04,,
54040,740143-1,19,19,0,24.14,,
54042,780028-1,6,2,4,17.24,,
54056,1363831,0,0,0,884.47,,
54059,1854125,0,0,0,45.04,,
54060,1862050,7,2,5,43.58,,
54063,25M00,0,0,0,451.22,,
54064,25M00L,0,0,0,545.73,,
54065,25H00,0,0,0,466.46,,
54066,25H00L,0,0,0,545.73,,
54069,A10-1218-2,4,3,1,359.99,,599.99
54070,A10-1225-2,4,1,3,524.99,,699.99
54074,A10-1218-2GS,2,0,2,478.13,,709.99
54080,A10-1225-2GS,10,8,2,444.43,,759.99
54094,R10-1001,8,3,5,296.33,,
54095,R10-1010-36,5,3,2,92.18,,
54096,R10-1020,16,9,7,98.77,,
54103,BOLT124,3,2,1,390.62,,
54104,BOLT129,6,3,3,405.48,,
54105,BOLT189,3,2,1,435.26,,
54106,BOLT249,0,0,0,465.04,,
54107,BOLT1212,5,3,2,435.26,,
54108,BOLT1812,2,2,0,465.04,,
54109,BOLT2412,0,0,0,494.76,,
54110,BRC4000,8,3,5,70.79,,
54113,BOLTLKCON,3,2,1,260.70,,
54114,BEA2000,4,2,2,167.60,,
54115,BEA2100,6,4,2,9.56,,
54120,BAW2005,0,0,0,23.87,,
54121,BAW2010,5,2,3,27.58,,
54122,BAW2015,5,2,3,31.30,,
54123,BAW2020,8,4,4,35.02,,
54124,BHW4003,0,0,0,34.28,,
54125,BHW4005,0,0,0,35.77,,
54126,BHW4007,0,0,0,37.26,,
54127,BHW4010,2,2,0,39.49,,
54128,V351CK,2,1,1,182.48,,
54129,V351LK,2,2,0,327.02,,
54134,810CABBX,337,213,124,62.57,,
54152,748CABBX,154,0,154,51.77,,
54157,747DCWCS,7,6,1,48.10,64.00,
54158,747DCBCS,14,12,2,48.10,64.00,
54159,747CA24WCS,4,2,2,58.99,79.00,
54160,FVSLRSB12110A00,25,10,15,110.16,,
54161,FVSLRSB05110A00,3,2,1,110.16,,
54162,747CA24BCS,0,0,0,61.35,79.00,
54163,FVSLRSB0811SA00,2,0,2,110.16,,
54164,FVSLVS126B00A00,7,4,3,59.25,,
54165,757DCWBX,5,0,5,38.82,54.00,
54166,757DCBBX,4,0,4,38.82,54.00,
54167,757CA24WBX,3,3,0,51.41,64.00,
54168,757CA24BBX,7,3,4,53.47,64.00,
54189,BKTLA-7C,4,3,1,27.09,,
54194,LP900S,68,46,22,69.94,,
54195,LP900D,9,3,6,65.93,,
54196,436977,6,4,2,263.40,,
54197,436979,6,3,3,293.52,,
54198,436981,6,2,4,346.48,,
54210,IRID-GO-ANT-ADA,0,0,0,41.11,,
54212,IRID-GO-BAT,0,0,0,59.34,,
54213,IRID-GO-BRACKET,0,0,0,35.56,,
54214,IRID-GO-CASE,0,0,0,31.11,,
54216,2000016407,15,12,3,46.51,,
54223,004-2100-7,0,0,0,12.96,,
54244,81-47240-01,0,0,0,209.16,,
54308,707CHWBX,6,0,6,34.42,,
54309,707CHBBX,8,0,8,34.42,,
54319,827CATCS,22,11,11,14.94,,
54321,9510CABBX,0,0,0,223.41,279.99,
54322,9206CABBX,18,3,15,92.46,,
54323,9406CAABX,18,1,17,91.91,99.00,
54324,9303CABCS,8,2,6,36.71,39.00,
54328,MRKCA02BX,10,0,10,30.77,39.99,
54329,MRKCA03BX,0,0,0,15.07,18.99,
54331,74701WBG,20,11,9,7.11,,
54333,74701BBG,20,10,10,7.11,,
54338,70733WBG,7,3,4,5.77,,
54339,70733BBG,5,0,5,5.77,,
54340,80701WBG,16,7,9,5.95,,
54343,82701GBG,15,10,5,2.48,,
54344,747CL,1,1,0,17.40,,
54416,2000013194,0,0,0,26.47,,
54454,010-12117-20,1,0,1,374.99,,
54455,010-01403-10,0,0,0,899.99,,
54456,010-12117-30,0,0,0,974.99,,
54486,104000-105-000-15,5,4,1,22.95,,
54487,104200-500-000-15,1,1,0,23.31,,
54489,104300-200-001-15,5,5,0,20.00,,
54493,122200-505-020-15,1,1,0,46.00,,
54494,122200-505-040-15,7,6,1,49.99,,
54495,122200-505-060-15,0,0,0,60.68,,
54497,136200-701-999-13,12,6,6,23.68,,
54501,132000-500-004-15,25,7,18,122.33,,
54502,132000-105-004-14,7,5,2,118.83,,
54516,LLB-202C-21-00,1,1,0,6.85,,
54529,00820,0,0,0,7.91,,
54530,00820AL,0,0,0,8.50,,
54531,00820MG,0,0,0,11.84,,
54555,65UW03B-7,0,0,0,111.31,,
54556,65UW03G-7,2,0,2,111.31,,
54557,65UW03W-7,3,3,0,111.31,,
54558,65UW06B-7,21,9,12,156.42,,
54559,65UW06G-7,0,0,0,156.42,,
54560,65UW06W-7,12,0,12,157.98,,
54561,65UW12B-7,10,4,6,261.40,,
54563,65UW12W-7,0,0,0,261.40,,
54587,MGR350B,1,1,0,137.07,219.99,
54588,MR762BRGB,10,4,6,112.87,189.99,
54593,MRGB65,9,4,5,88.67,144.99,
54596,MR4.3W,5,3,2,56.39,79.99,
54597,MR4.3B,8,5,3,56.39,79.99,
54598,MRC5B,18,10,8,18.55,34.99,
54599,MRC10,14,9,5,24.19,54.99,
54603,MCKGB350W.6,4,2,2,190.11,299.99,
54604,MCKGB350B.6,7,3,4,190.11,299.99,
54606,1016200,9,4,5,17.99,,
54608,1039,34,10,24,37.86,,
54609,1044,49,27,22,21.81,,
54610,1070,22,13,9,18.24,,
54612,KTF003,2,2,0,229.00,,
54613,1990,24,14,10,134.51,,
54614,1991,19,11,8,168.16,,
54615,1992,6,5,1,134.51,,
54616,1993,5,4,1,168.16,,
54617,KTF004,5,3,2,221.36,,
54618,33710,11,6,5,97.73,,
54619,33718,7,6,1,84.99,,
54620,33742,12,12,0,109.28,,
54622,33732,2,0,2,147.19,,
54624,33750,8,5,3,182.00,,
54628,13701,8,8,0,32.31,,
54629,13702,0,0,0,32.31,,
54630,13712,0,0,0,105.60,,
54631,13704,6,5,1,28.99,,
54632,13707,3,2,1,32.00,,
54633,13709,5,5,0,47.14,,
54635,13705,4,2,2,32.63,,
54636,KTF001,12,12,0,268.40,,
54637,KTF002,7,6,1,218.63,,
54638,33807,15,12,3,93.46,,
54639,33817,7,5,2,95.66,,
54640,33842,0,0,0,113.55,,
54641,33818,12,12,0,101.01,,
54642,33832,2,2,0,145.24,,
54643,33840,14,12,2,145.23,,
54644,33850,12,11,1,198.53,,
54647,33811,11,11,0,63.31,,
54649,13801,4,4,0,32.63,,
54650,13802,9,9,0,32.63,,
54651,13812,12,12,0,72.38,,
54652,13804,8,4,4,32.63,,
54653,13807,16,16,0,32.95,,
54654,13809,14,11,3,32.95,,
54656,13805,6,6,0,32.95,,
54657,KT9797,4,3,1,254.41,,
54658,KT9794,6,3,3,207.30,,
54659,33103,6,4,2,75.20,,
54660,33104,5,1,4,75.20,,
54663,33132,0,0,0,190.24,,
54665,33150,4,2,2,178.54,,
54667,33113,0,0,0,77.54,,
54668,13101,14,12,2,25.89,,
54669,13102,1,1,0,25.89,,
54670,13108,0,0,0,96.59,,
54671,13110,15,15,0,25.89,,
54672,13122,6,6,0,25.89,,
54675,13120,16,15,1,25.89,,
54678,KT9799,1,1,0,234.30,,
54679,KT9796,3,1,2,189.99,,
54680,32804,9,3,6,73.98,,
54681,32805,10,10,0,74.00,,
54682,32842,6,3,3,85.84,,
54683,32803,7,6,1,95.23,,
54684,32832,16,11,5,133.36,,
54685,32840,5,2,3,136.61,,
54686,32850,11,6,5,153.19,,
54688,32810,0,0,0,74.53,,
54689,32812,0,0,0,51.09,,
54690,12801,12,12,0,24.35,,
54691,12803,12,12,0,24.25,,
54692,12810,11,11,0,63.43,,
54693,12812,10,9,1,23.54,,
54694,12828,6,3,3,24.25,,
54695,12827,10,5,5,24.73,,
54697,12821,15,12,3,24.25,,
54698,KT9798,5,4,1,238.35,,
54699,KT9795,6,6,0,189.00,,
54700,32904,2,0,2,99.99,,
54701,32905,0,0,0,107.95,,
54709,12901,7,4,3,24.73,,
54710,12902,0,0,0,36.06,,
54712,12904,12,12,0,23.98,,
54713,12916,2,0,2,24.73,,
54715,12913,9,4,5,56.88,,
54716,12911,11,11,0,24.73,,
54717,KTF024,8,5,3,277.38,,
54718,39004,12,12,0,95.21,,
54721,39040,6,2,4,155.74,,
54722,39009,0,0,0,65.71,,
54723,19150,5,2,3,288.13,,
54725,19001,12,12,0,34.48,,
54726,19002,2,0,2,35.13,,
54727,19007,0,0,0,100.69,,
54728,19003,7,4,3,35.13,,
54729,19005,13,12,1,40.15,,
54730,19020,13,13,0,73.71,,
54731,19004,12,12,0,33.56,,
54743,F16-0151-1,2,2,0,78.83,,
54749,965,39,25,14,24.59,,39.98
54750,MRWT69RGB,0,0,0,161.27,259.99,
54751,96-272-F,0,0,0,10.53,,
54755,1057-1-F,0,0,0,25.29,,
54756,73-100-F,8,4,4,43.17,,
54757,91-113-F,0,0,0,22.37,,
54759,3050-F,5,3,2,474.25,,
54762,1830,23,6,17,253.10,,
54764,1832,0,0,0,253.10,,
54765,1833,10,3,7,226.46,,
54768,1836,0,0,0,229.08,,
54769,1837,4,1,3,252.67,,
54771,1838,12,3,9,267.48,,
54772,53-135-F,0,0,0,62.01,,
54773,2340,20,13,7,19.87,,
54774,53-010-F,2,2,0,9.95,,
54775,5023,26,14,12,20.92,,
54776,5024,22,11,11,30.54,,
54777,85-272-F,0,0,0,266.59,,
54778,5032,47,30,17,52.28,,
54779,5068,51,19,32,21.33,,
54808,1001100,23,3,20,22.41,,
54809,1002100,19,7,12,26.14,,
54810,1003100,31,25,6,27.89,,
54811,1007,51,21,30,6.76,,
54812,1007100,13,10,3,13.57,,
54820,DRS4W,1,0,1,1291.95,,
54832,535-5-125,2,2,0,99.99,,
54839,44010250,23,9,14,350.64,,
54851,81400200,0,0,0,61.31,,
54852,81400300,5,2,3,92.36,,
54853,81400330,0,0,0,217.44,,
54855,83116025,14,4,10,305.53,,
54856,83116035,4,2,2,342.38,,
54857,83125035,30,8,22,369.52,,
54865,MX7001CR,0,0,0,238.85,,
54866,MX7002CR,0,0,0,238.85,,
54867,MX7003CR,0,0,0,238.85,,
54869,910-002,0,0,0,171.88,220.00,
54870,910-001,0,0,0,178.13,228.00,
54871,910-004,0,0,0,200.00,256.00,
54872,910-014,0,0,0,171.88,220.00,
54873,910-009,0,0,0,318.75,408.00,
54874,910-012,0,0,0,318.75,408.00,
54875,910-044,0,0,0,325.00,416.00,
54876,910-029,0,0,0,550.00,704.00,
54877,910-026,0,0,0,712.50,912.00,
54878,800-036,0,0,0,78.13,100.00,
54879,800-038,0,0,0,81.25,104.00,
54880,800-041,0,0,0,84.38,108.00,
54881,800-037,0,0,0,109.38,140.00,
54882,800-010,0,0,0,109.38,140.00,
54883,800-011,0,0,0,109.38,140.00,
54884,800-014,0,0,0,109.38,140.00,
54885,800-030,0,0,0,128.13,164.00,
54886,SW45640,4,3,1,20.84,,
54887,800-037Y,0,0,0,140.63,180.00,
54888,SW46700,4,2,2,10.74,,
54889,SW46710,0,0,0,19.89,,
54890,800-010Y,0,0,0,140.63,180.00,
54891,800-011Y,0,0,0,140.63,180.00,
54892,800-YMKIT1,0,0,0,528.13,676.00,
54894,SW19155,7,4,3,14.63,,
54895,SW61900,0,0,0,4.55,,
54897,SW21314,10,6,4,31.36,,
54898,SW19170,2,2,0,21.07,,
54899,SW19175,4,2,2,11.13,,
54900,SW66670,2,0,2,27.24,,
54901,SW45670,0,0,0,50.73,,
54902,SW66610,0,0,0,5.15,,
54903,SW66620,4,2,2,3.95,,
54904,SW66630,0,0,0,4.63,,
54905,SW66640,4,2,2,8.68,,
54910,SW31215,24,16,8,22.19,,
54965,RF4050,0,0,0,76.80,,
54974,MR-2BLK,9,9,0,10.60,,
54975,MR-2BLU,0,0,0,10.60,,
54976,MR-2R,0,0,0,10.60,,
54977,MR-3BLK,0,0,0,10.60,,
54978,MR-3BLU,4,0,4,10.60,,
54979,MR-3R,0,0,0,10.60,,
54980,MT-OPTI,5,2,3,65.80,,
54982,PNP121,13,10,3,7.25,,
54985,FAMP3112011CA00,0,0,0,124.35,,
54987,PNP14,0,0,0,1.56,,
54988,PNP88A,0,0,0,8.88,,
54991,PNP171R,0,0,0,9.56,,
54993,PNP182,0,0,0,7.25,,
54995,PNP186,0,0,0,8.88,,
54996,PNP187,0,0,0,9.88,,
54997,PNP188,0,0,0,10.49,,
54998,PNP189,0,0,0,10.49,,
55000,PNP27T,20,17,3,1.58,,
55001,PNP28T,28,14,14,1.58,,
55003,RA2028010000,6,2,4,964.91,1066.91,
55004,RA2034010000,0,0,0,1024.73,1133.06,
55005,RA2040010000,7,3,4,1135.84,1255.91,
55006,RA2046010000,7,2,5,1537.52,1700.06,
55007,RA554130,6,3,3,62.91,,
55008,RA554131,8,5,3,85.46,,
55009,RA554132,4,2,2,100.30,,
55010,RA554133,4,1,3,106.24,,
55011,RA554136,8,8,0,86.66,,
55013,RC61914,0,0,0,78.65,,
55014,RC61983,0,0,0,39.84,,
55015,RC63201,0,0,0,112.09,,
55016,RC63216,0,0,0,249.77,,
55017,RC7251-1.0A,0,0,0,67.26,,
55018,RC72504,8,4,4,28.62,,
55019,RC72536S,0,0,0,65.19,,
55020,RC72544,0,0,0,107.68,,
55021,RC72581,0,0,0,3.17,,
55027,RF128,0,0,0,3.17,4.84,
55029,RF41000,4,2,2,5.40,8.25,
55030,RF1759,0,0,0,4.77,7.29,
55031,RF437,3,0,3,6.35,9.72,
55032,RF1765,0,0,0,7.15,10.93,
55033,RF103,6,4,2,31.23,48.37,
55034,RF104,0,0,0,29.63,45.89,
55035,RF418,8,4,4,16.68,25.84,
55036,RF418C,0,0,0,18.45,28.58,
55038,RF1032,14,6,8,15.99,24.46,
55039,RF1033,20,17,3,17.79,27.23,
55040,RF1034,5,2,3,23.31,35.66,
55041,RF1035,0,0,0,86.49,132.33,
55042,RF1851,0,0,0,7.37,11.27,
55043,RF1806,0,0,0,5.51,8.42,
55044,RF616,13,1,12,5.58,8.54,
55045,RF617,33,5,28,7.37,11.27,
55046,RF618,0,0,0,12.35,18.90,
55047,RF619,0,0,0,19.01,29.10,
55048,RF620,0,0,0,33.06,50.59,
55050,RF1047,7,4,3,19.07,29.18,
55055,RF1057,0,0,0,9.32,14.25,
55056,RF1058,19,12,7,6.78,10.37,
55057,RF113,0,0,0,0.84,1.27,
55058,RF1135-16,17,8,9,4.12,6.39,
55059,RF114,0,0,0,0.84,1.27,
55063,RF115X1,4,0,4,15.06,23.33,
55064,RF115X1/2,0,0,0,15.06,23.33,
55065,RF115X3/4,0,0,0,15.06,23.33,
55066,RF115X5/8,0,0,0,15.06,23.33,
55067,RF122,0,0,0,6.35,9.72,
55068,RF123,0,0,0,6.35,9.72,
55069,RF124,0,0,0,6.35,9.72,
55070,RF125,11,7,4,11.01,16.85,
55071,RF13101-2,4,1,3,10.19,15.58,
55074,RF1315GRN,10,6,4,2.37,3.63,
55083,RF1317R,0,0,0,1.58,2.41,
55088,RF150,7,0,7,5.93,9.06,
55089,RF151,0,0,0,6.78,10.37,
55090,RF156,0,0,0,6.17,9.43,
55100,RF167,0,0,0,11.52,17.62,
55102,RF1685-3,0,0,0,3.60,5.57,
55103,RF1685-4,0,0,0,3.60,5.57,
55104,RF1685-5,0,0,0,3.60,5.57,
55105,RF1685-6,0,0,0,4.51,6.98,
55106,RF1685-8,0,0,0,6.35,9.84,
55107,RF1685-10,2,1,1,10.88,16.85,
55108,RF1685-12,0,0,0,13.63,21.12,
55113,RF1706,0,0,0,3.17,4.84,
55114,RF173,0,0,0,21.34,33.05,
55115,RF75,0,0,0,29.83,46.20,
55116,RF180,0,0,0,7.52,11.66,
55118,RF1850S,0,0,0,5.51,8.54,
55120,RF1852,0,0,0,8.12,12.57,
55121,RF1853,7,5,2,11.41,17.69,
55122,RF639,0,0,0,17.17,26.59,
55124,RF640,0,0,0,25.96,40.21,
55126,RF641,0,0,0,31.82,49.28,
55128,RF185,0,0,0,12.95,19.80,
55129,RF186,0,0,0,21.69,33.20,
55130,RF187,0,0,0,25.04,38.31,
55131,RF20100,13,11,2,14.83,22.69,
55132,RF20101,0,0,0,8.47,12.95,
55133,RF20111,0,0,0,10.80,16.52,
55134,RF20151,0,0,0,11.57,17.71,
55136,RF20151A,15,10,5,14.65,22.42,
55137,RF20171,0,0,0,15.43,23.60,
55138,RF20180,0,0,0,16.98,25.97,
55139,RF20202,3,0,3,21.60,33.05,
55140,RF20212,0,0,0,23.93,36.60,
55141,RF20302,5,1,4,29.32,44.86,
55142,RF20312,5,3,2,32.02,49.00,
55143,RF20332,0,0,0,61.74,94.47,
55144,RF20711,0,0,0,22.38,34.24,
55145,RF2180,0,0,0,5.93,9.06,
55147,RF2181,0,0,0,5.93,9.06,
55148,RF2182,0,0,0,6.78,10.37,
55150,RF2183,0,0,0,7.62,11.66,
55151,RF2184,11,5,6,13.22,20.23,
55153,010-01159-00,4,0,4,712.49,,
55154,RF251,0,0,0,3.96,6.07,
55155,RF25109,5,3,2,9.89,15.12,
55156,RF254,0,0,0,11.10,17.18,
55158,RF2665,10,6,4,16.52,25.28,
55159,RF536,0,0,0,3.38,5.17,
55161,RF280,5,4,1,7.94,12.14,
55162,RF291,0,0,0,5.51,8.42,
55163,RF94,0,0,0,3.64,5.57,
55164,RF94A,0,0,0,3.38,5.17,
55165,RF5013,0,0,0,4.65,7.12,
55166,RF5023,0,0,0,6.78,10.37,
55167,RF294,9,7,2,6.83,10.45,
55168,RF738,10,2,8,5.16,7.90,
55169,RF30,0,0,0,38.62,59.08,
55170,RF602,0,0,0,46.64,71.36,
55171,RF30101,7,4,3,14.11,21.59,
55172,RF31712,5,3,2,20.83,31.87,
55173,RF35100,9,3,6,15.73,24.05,
55174,RF35101,2,0,2,11.06,16.91,
55175,RF35140,4,3,1,20.06,30.69,
55176,RF35151,4,0,4,12.33,18.88,
55177,RF35202,7,4,3,26.23,40.13,
55178,RF35302,5,0,5,35.51,54.31,
55179,RF35312,13,9,4,37.05,56.67,
55180,RF3128,4,3,1,40.69,62.27,
55181,RF3129,8,4,4,45.78,70.05,
55184,RF3134,7,4,3,83.95,128.44,
55185,RF3131,6,4,2,82.25,125.85,
55188,RF3133,34,18,16,11.09,16.97,
55189,RF3136,2,0,2,3.96,6.07,
55199,RF4025,11,7,4,6.27,9.72,
55200,RF4026,26,15,11,6.35,9.72,
55201,RF41100,10,6,4,16.31,24.95,
55202,RF41101,0,0,0,13.40,20.50,
55203,RF41110,0,0,0,21.60,33.05,
55204,RF41111,0,0,0,20.06,30.69,
55205,RF41140,0,0,0,23.15,35.41,
55206,RF41151,0,0,0,23.15,35.41,
55209,RF41712,0,0,0,22.12,33.84,
55210,RF40100,8,3,5,21.22,32.46,
55211,RF40140,0,0,0,28.56,43.68,
55212,RF413,0,0,0,5.07,7.77,
55213,RF4410,0,0,0,135.47,186.53,
55214,RF4415,0,0,0,135.47,186.53,
55215,RF4430,0,0,0,141.95,195.46,
55216,RF4435,0,0,0,141.95,195.46,
55217,RF44100,0,0,0,45.90,70.23,
55219,RF453,7,4,3,20.67,31.61,
55220,RF46100,2,2,0,49.56,75.82,
55221,RF469,0,0,0,15.73,24.05,
55222,RF48,0,0,0,6.35,9.72,
55224,RF483,0,0,0,2.43,3.76,
55225,RF484,0,0,0,2.43,3.76,
55226,RF485,10,0,10,3.33,5.15,
55227,RF48A,0,0,0,5.51,8.42,
55228,RF49,0,0,0,7.28,11.14,
55229,RF494,0,0,0,14.65,22.69,
55230,RF498,27,20,7,2.70,4.13,
55231,RF499,31,13,18,4.11,6.28,
55232,RF5,7,4,3,46.33,71.76,
55233,RF50,0,0,0,5.58,8.54,
55234,RF5000,0,0,0,19.07,29.18,
55235,RF5001,5,2,3,18.68,28.58,
55236,RF5010,10,4,6,21.05,32.21,
55238,RF5020,4,0,4,38.16,58.37,
55239,RF5400,7,3,4,18.59,28.45,
55240,RF5400B,0,0,0,18.59,28.45,
55241,RF5410,5,1,4,20.06,30.69,
55245,RF5003,0,0,0,4.57,6.98,
55246,RF5005,0,0,0,6.35,9.72,
55247,RF50100HL,0,0,0,44.88,68.65,
55248,RF51,5,4,1,10.17,15.56,
55249,RF5100,8,3,5,6.27,9.72,
55250,RF5101,1,0,1,6.27,9.72,
55251,RF5105,0,0,0,8.62,13.36,
55252,RF5106,0,0,0,9.41,14.58,
55253,RF51100,10,6,4,23.40,35.81,
55255,RF51110,0,0,0,35.44,54.24,
55256,RF55110,8,6,2,32.41,49.59,
55257,RF56100,5,4,1,60.20,92.10,
55258,RF571,0,0,0,8.73,13.36,
55259,RF573,9,4,5,13.90,21.27,
55260,RF64100,0,0,0,72.33,110.67,
55261,RF64110,0,0,0,98.58,150.83,
55263,RF663,0,0,0,13.57,21.02,
55264,RF74100,7,3,4,98.58,150.83,
55265,RF74100AW,0,0,0,162.75,249.01,
55266,RF520,2,0,2,3.85,5.89,
55267,RF521,0,0,0,3.85,5.89,
55274,RF5405,7,4,3,6.94,10.61,
55276,BOW4512D,0,0,0,1321.41,1691.40,
55278,BOW5512D,0,0,0,1465.78,1876.20,
55281,BOW9512D,0,0,0,2675.50,3424.64,
55282,RF544,0,0,0,17.57,27.23,
55283,RF559,0,0,0,15.06,23.33,
55285,BPJE2,0,0,0,228.50,305.28,
55287,RF6080,6,3,3,17.02,26.06,
55289,BPSE2,0,0,0,150.18,200.40,
55291,RF58,11,6,5,54.46,84.35,
55292,EZDOCK2,0,0,0,411.43,,
55293,RF59,10,0,10,5.56,8.50,
55294,RF6000,4,4,0,13.04,19.94,
55295,RF6002,9,3,6,14.80,22.65,
55296,RF6010C,10,7,3,5.78,8.96,
55297,RF6093L,11,6,5,5.11,7.82,
55298,RF6093M,20,7,13,5.01,7.67,
55300,RF6093S,8,6,2,4.23,6.48,
55302,RF6100,0,0,0,39.79,60.88,
55303,RF6110,7,4,3,51.23,78.40,
55304,RF6120,20,10,10,51.23,78.40,
55305,RF6130,0,0,0,57.04,87.27,
55308,RF6200,11,0,11,55.11,84.33,
55309,RF6210,11,5,6,71.52,109.43,
55311,RF6220,0,0,0,80.85,123.71,
55315,BP29,0,0,0,65.57,73.44,
55316,RF6321,10,6,4,109.16,167.02,
55317,BP2910,0,0,0,71.86,95.88,
55318,BP2916,0,0,0,95.09,121.72,
55319,RF614,16,10,6,6.47,9.91,
55320,RF615,0,0,0,5.07,7.77,
55321,RF615A,0,0,0,5.58,8.54,
55324,BP125G10,0,0,0,96.53,115.84,
55327,RF625,0,0,0,25.43,38.91,
55328,BP150G10,0,0,0,110.90,124.20,
55330,BP185G10,0,0,0,165.00,184.80,
55331,RF627,0,0,0,5.85,9.06,
55332,RF628,15,5,10,8.37,12.95,
55333,ZE250,0,0,0,14.29,,
55334,ZE425,0,0,0,16.07,,
55335,ZEHC100,1,0,1,55.24,,
55336,RF629,0,0,0,11.72,18.15,
55337,RF630,0,0,0,17.18,26.61,
55338,RF631,6,2,4,27.63,42.80,
55339,RF632,0,0,0,42.38,65.65,
55342,RF635,15,4,11,8.64,13.21,
55343,RF636,12,7,5,12.78,19.56,
55344,RF637,0,0,0,27.14,41.51,
55346,RF67,2,0,2,45.54,70.54,
55347,RF6710,0,0,0,145.80,223.08,
55348,RF6720,0,0,0,163.31,249.86,
55350,RF677,0,0,0,48.96,74.91,
55351,RF686,109,14,95,0.84,1.27,
55352,RF687,14,12,2,0.95,1.46,
55353,RF688,24,20,4,1.68,2.57,
55354,RF7,4,1,3,96.79,149.92,
55357,RF713,14,4,10,21.20,32.43,
55363,RF8080BLU-2,0,0,0,14.80,22.65,
55365,RF8080GRY-2,5,4,1,14.80,22.65,
55366,RF8080R-2,4,1,3,14.80,22.65,
55367,RF8081BLU,6,2,4,10.90,16.68,
55368,RF8081R,0,0,0,10.90,16.68,
55369,RF8090-08,0,0,0,13.06,,
55371,RF8090-11,0,0,0,15.17,,
55373,RF8090-16,0,0,0,17.25,,
55374,RF8090-21,8,4,4,26.23,,
55375,RF816,0,0,0,33.46,46.65,
55376,RF823002,26,18,8,58.31,80.28,
55380,RF917,0,0,0,11.36,17.38,
55381,RF919,0,0,0,13.11,20.06,
55382,RF92,0,0,0,17.47,26.73,
55383,RFSCISSORS,0,0,0,57.69,79.43,
55384,RFSPLICE-6,17,0,17,47.28,65.11,
55385,RFSPLICE-F15,16,6,10,19.42,26.73,
55387,RFSPLICE-F20,11,7,4,20.06,27.62,
55388,RFSPLICE-F25,2,1,1,22.09,30.42,
55400,TY-10WSP,5,0,5,5.32,,
55401,TY-15WSP,10,8,2,5.32,,
55402,TY-KITBLU,0,0,0,11.10,,
55403,WD-1W,44,0,44,14.33,,
55407,A80289,9,2,7,245.82,,
55408,199248,17,12,5,1.56,,
55409,199249,236,205,31,4.13,,
55410,199210,16,11,5,1.62,,
55411,199211,72,9,63,6.10,,
55412,199214,17,5,12,3.31,,
55413,199215,18,6,12,8.71,,
55414,199259,24,15,9,3.31,,
55415,199260,15,4,11,12.47,,
55416,199217,6,4,2,4.51,,
55417,199252,5,0,5,2.01,,
55418,199253,14,5,9,5.63,,
55419,199228,20,15,5,2.40,,
55420,199229,19,13,6,8.94,,
55421,199257,16,11,5,4.37,,
55422,199258,4,2,2,15.83,,
55423,309025,21,13,8,13.83,,
55424,309002,8,2,6,127.24,,
55425,309003,17,7,10,2.30,,
55426,309103,21,11,10,2.35,,
55427,309125,31,19,12,13.83,,
55428,309102,11,3,8,127.24,,
55429,309203,28,10,18,2.93,,
55430,309225,15,8,7,19.10,,
55431,309202,5,2,3,175.86,,
55432,312325,13,9,4,18.72,,
55433,312303,4,3,1,2.87,,
55434,312225,10,6,4,18.72,,
55435,312203,6,6,0,2.87,,
55436,312425,6,3,3,18.72,,
55437,312403,4,0,4,2.87,,
55438,312603,9,3,6,2.87,,
55439,312625,7,4,3,18.72,,
55440,312503,24,9,15,2.87,,
55441,312525,12,6,6,18.72,,
55442,311303,0,0,0,2.28,,
55443,311325,20,8,12,13.57,,
55444,311225,15,9,6,13.57,,
55445,311203,19,7,12,2.28,,
55446,311425,12,5,7,13.57,,
55447,311403,14,10,4,2.28,,
55448,311625,10,4,6,13.57,,
55449,311603,16,8,8,2.28,,
55450,311525,7,4,3,13.57,,
55451,311503,15,8,7,2.28,,
55452,310399,17,7,10,27.78,,
55453,310325,7,4,3,13.57,,
55454,310303,10,4,6,2.28,,
55455,310499,8,3,5,26.30,,
55456,310425,1,1,0,12.86,,
55457,310403,0,0,0,2.16,,
55458,310699,4,3,1,26.30,,
55459,310625,4,2,2,12.86,,
55460,310603,0,0,0,2.16,,
55461,310599,0,0,0,26.30,,
55462,310525,4,2,2,12.86,,
55463,310503,0,0,0,2.16,,
55476,010-11617-50,9,9,0,37.49,,
55477,010-11617-52,3,1,2,52.49,,
55478,010-12234-05,29,22,7,29.99,,
55480,010-12233-00,1,0,1,18.75,,
55481,010-12234-00,7,2,5,18.75,,
55482,010-12199-01,0,0,0,14.99,,
55483,010-12247-00,0,0,0,14.99,,
55484,010-12233-01,0,0,0,11.24,,
55485,010-12234-01,0,0,0,14.99,,
55486,010-12199-03,8,6,2,22.49,,
55487,010-12199-04,7,3,4,22.49,,
55488,010-12233-03,3,3,0,26.24,,
55510,310203,13,7,6,2.28,,
55511,310225,10,6,4,13.57,,
55525,E70297,2,2,0,896.73,,
55526,E70298,2,0,2,1255.42,,
55527,E70258,1,0,1,2062.49,,
55529,E70242,0,0,0,108.32,,
55530,010-11170-00,33,13,20,3.75,,
55567,21-200-001A,0,0,0,707.47,,
55568,21-300-001A,0,0,0,250.13,,
55570,21-200-002A,0,0,0,947.33,,
55572,21-300-002A,0,0,0,354.67,,
55576,313203,0,0,0,2.16,,
55577,313225,0,0,0,15.22,,
55578,313299,3,3,0,31.15,,
55579,314203,0,0,0,2.16,,
55580,314225,0,0,0,15.83,,
55581,314303,0,0,0,2.16,,
55582,314325,0,0,0,15.07,,
55583,314399,3,0,3,30.83,,
55584,315203,0,0,0,2.73,,
55585,315225,0,0,0,20.57,,
55586,315303,0,0,0,2.73,,
55587,315325,0,0,0,22.35,,
55588,315399,4,4,0,42.13,,
55633,CPM50,0,0,0,113.14,,
55635,JMPSW800,5,3,2,151.52,205.95,
55642,FAMP3472X02CA00,0,0,0,60.92,,
55650,FAMP3022B02CA00,0,0,0,122.68,,
55652,FAMP3022S02CA00,0,0,0,122.68,,
55653,FAMP3022X01CA00,0,0,0,122.68,,
55654,FAMP3022X02CA00,0,0,0,122.68,,
55655,FAMP3022B11CA00,0,0,0,124.35,,
55659,FAMP3022X11CA00,0,0,0,124.35,,
55663,AK-1000-HV-S,0,0,0,40.63,,
55664,AK-1000-HV-M,0,0,0,40.63,,
55665,AK-1000-HV-L,0,0,0,40.63,,
55666,AK-1000-HV-XL,0,0,0,40.63,,
55667,AC-1100-RB-3XL,0,0,0,305.00,,
55668,AB-1100-RB-3XL,0,0,0,277.50,,
55669,AS-1100-RB-3XL,0,0,0,515.00,,
55670,FAMP3022X12CA00,0,0,0,124.35,,
55672,FAMP3012B02CA00,0,0,0,120.17,,
55675,FAMP3012X01CA00,0,0,0,120.17,,
55676,FAMP3012X02CA00,0,0,0,120.17,,
55681,FAMP3012X11CA00,0,0,0,122.68,,
55682,FAMP3012X12CA00,0,0,0,122.68,,
55683,1190-FT,32,32,0,11.93,,
55686,FAMP2982B02CA00,0,0,0,118.51,,
55691,FAMP2982X01CA00,0,0,0,118.51,,
55697,FAMP2982X11CA00,0,0,0,118.51,,
55699,FAMP2492B01CA00,0,0,0,118.51,,
55702,FAMP2492S02CA00,0,0,0,118.51,,
55704,FAMP2492X02CA00,0,0,0,118.51,,
55714,800CAXBX,5,0,5,69.69,79.99,
55716,FAMP3002X01CA00,0,0,0,122.68,,
55717,FAMP3002X02CA00,0,0,0,122.68,,
55722,FAMP3002X11CA00,0,0,0,122.68,,
55725,FAMP2992B02CA00,0,0,0,109.25,,
55740,FAMP3262X01CA00,0,0,0,116.84,,
55741,FAMP3262X02CA00,0,0,0,116.84,,
55743,433,11,11,0,23.16,,
55747,FAMP3262X11CA00,0,0,0,120.17,,
55755,FAMP3252X01CA00,0,0,0,116.84,,
55756,FAMP3252X02CA00,0,0,0,116.84,,
55762,FAMP3252X12CA00,0,0,0,118.51,,
55767,37041-0010,26,13,13,237.81,,
55768,8M0092085,22,16,6,119.99,,
55770,001-266-010-00,4,3,1,162.73,,
55772,5225-AIS,2,2,0,175.63,,
55773,5239,4,2,2,133.33,,
55776,3004,0,0,0,88.29,,
55777,3015,4,0,4,135.86,,
55778,3019,2,1,1,169.82,,
55791,S-9200P,10,9,1,22.04,,
55792,S-9201P,23,12,11,19.10,,
55793,S-9202P,11,9,2,11.91,,
55808,11300301,4,0,4,27.85,,
55809,31431512,1,1,0,270.34,,
55810,31431712,8,4,4,270.34,,
55811,31431912,6,4,2,270.34,,
55812,31432112,6,2,4,270.34,,
55813,31431530,1,0,1,307.30,,
55814,31431730,6,3,3,307.30,,
55815,31431930,4,2,2,307.30,,
55816,21502131,6,3,3,94.16,,
55817,21502141,0,0,0,94.16,,
55818,0070DP0CLR,6,2,4,11.25,,
55819,0070DP1CLR,8,4,4,11.84,,
55820,0071DP0CLR,13,3,10,11.05,,
55821,0072DP1CLR,9,0,9,16.52,,
55822,0126DP0BLK,4,4,0,11.06,,
55823,0248DP0CLR,4,4,0,12.95,,
55824,0271DP0CHR,19,9,10,27.38,,
55825,0338DP1CLR,12,3,9,8.13,,
55826,0338DP2CLR,7,3,4,8.58,,
55827,0339DP0CHR,19,14,5,38.48,,
55828,0554DP,1,0,1,9.73,,
55829,0559DP,19,0,19,6.69,,
55830,0561DP4CHR,13,3,10,16.81,,
55831,0578DP0CHR,0,0,0,8.88,,
55833,0831DP0PLB,5,4,1,25.87,,
55834,0841DP0CHR,10,0,10,14.79,,
55835,0958DP0CHR,5,5,0,14.57,,
55836,1059P00DP,10,5,5,32.13,,
55837,1091DP1BLK,4,4,0,49.87,,
55838,1091DP1WHT,19,8,11,49.87,,
55839,1092DP1WHT,8,0,8,44.54,,
55840,1092DP3BLK,7,3,4,44.54,,
55841,1194DP0CHR,14,5,9,23.05,,
55842,1205DP0CHR,10,5,5,63.27,,
55844,1232DP2CHR,14,9,5,16.32,,
55845,1262DP0CHR,0,0,0,18.28,,
55846,1267DP0CHR,0,0,0,19.19,,
55847,1267DP0ZNC,6,6,0,11.08,,
55848,1270DPG99A,15,10,5,18.55,,
55850,1313DP0CHR,9,5,4,21.85,,
55851,8501DP,19,10,9,42.75,,
55852,G-37,2,0,2,289.30,,
55853,G-55,0,0,0,427.30,,
55854,G-85,0,0,0,654.78,,
55855,G-125,1,1,0,970.39,,
55856,SG-7,0,0,0,69.29,,
55857,SG-11,0,0,0,77.89,,
55858,SG-16,0,0,0,83.06,,
55859,SG-23,0,0,0,105.87,,
55860,SG-37,0,0,0,109.75,,
55861,SG-55,0,0,0,161.40,,
55862,SG-85,0,0,0,200.12,,
55863,SG-125,0,0,0,210.02,,
55864,162HF012,0,0,0,899.39,,
55865,162HR012,0,0,0,1076.22,,
55866,162MF012,0,0,0,875.00,,
55867,162MR012,0,0,0,1051.83,,
55868,2500RFK,0,0,0,288.69,,
55892,3134,5,5,0,13.91,,
55894,0342-BK,4,4,0,12.06,,
55895,0423,6,6,0,11.98,,
55935,M8AR,0,0,0,796.49,,
55936,M16AR,0,0,0,1116.69,,
55973,M4364,16,11,5,9.95,,
55975,M4516,14,10,4,10.02,,
55977,M4716,47,24,23,10.80,,
55978,M4901,36,24,12,42.74,,
55979,M4916,14,8,6,10.71,,
55980,M4965,4,2,2,34.54,,
55981,M5001,20,12,8,47.63,,
55983,M5016,18,10,8,11.61,,
55984,M5032,9,4,5,19.18,,
55988,M5616,5,2,3,12.03,,
55989,M5716,34,14,20,11.03,,
55990,M5916,5,5,0,8.14,,
55991,M6132,29,19,10,19.35,,
55992,M6301,49,22,27,60.03,,
55994,M6316,33,22,11,17.65,,
55995,M6332,16,8,8,25.73,,
55999,M6732,16,5,11,20.67,,
56002,M9132,18,12,6,24.93,,
56019,11959-1,10,5,5,16.31,,
56031,31501712,7,3,4,301.23,,
56032,31501912,10,6,4,301.23,,
56033,31502112,0,0,0,301.23,,
56034,31501722,0,0,0,301.23,,
56035,31501922,1,1,0,301.23,,
56036,31502122,0,0,0,301.23,,
56037,31501731,4,3,1,327.04,,
56038,31501931,3,0,3,327.04,,
56039,31502131,0,0,0,327.04,,
56041,31501741,1,1,0,327.04,,
56042,31501941,2,2,0,297.31,,
56043,31502141,4,2,2,290.70,,
56044,31501532,5,3,2,327.04,,
56045,31501542,0,0,0,327.04,,
56052,4128-110-E04,9,4,5,105.91,,
56054,4138-111-E65,10,3,7,129.22,,
56056,4148-153-E75,4,4,0,210.45,,
56060,4158-153-E75,14,7,7,294.61,,
56061,4558-153-E75,1,0,1,849.91,,
56062,4558-163-E75,2,2,0,839.99,,
56063,105-013,1,0,1,56.99,,
56064,4238-121-E07,17,0,17,144.05,,
56065,4248-153-E09,13,5,8,200.42,,
56066,4258-153-E09,16,4,12,277.84,,
56067,4348-153-E09,3,1,2,253.49,,
56068,4358-153-E09,4,2,2,336.92,,
56069,253-120-01,6,5,1,32.35,,
56070,253-220-01,7,5,2,34.55,,
56071,253-320-01,11,6,5,57.96,,
56073,253-121-01,7,5,2,34.99,,
56074,253-221-01,11,4,7,42.85,,
56075,253-321-01,10,5,5,53.99,,
56076,253-401-01,0,0,0,63.99,,
56077,94-726-00,0,0,0,18.05,,
56078,94-727-00,7,4,3,17.30,,
56079,4648-153-E07,13,5,8,281.65,,
56080,1700-001-030,15,5,10,100.36,,
56081,1700-011-030,10,3,7,106.67,,
56082,1700-021-030,23,5,18,113.67,,
56083,358-001-10,6,2,4,133.27,,
56084,358-011-10,24,6,18,146.24,,
56085,357-013-10,9,2,7,47.32,,
56086,357-113-10,17,4,13,49.78,,
56087,357-103-10,11,11,0,54.87,,
56088,357-012-10,0,0,0,47.32,,
56089,357-112-10,12,0,12,50.26,,
56090,357-102-10,0,0,0,55.40,,
56091,357-014-10,0,0,0,47.79,,
56092,357-114-10,12,0,12,50.75,,
56113,330-021,16,6,10,29.95,,
56114,357-116-10,22,11,11,46.17,,
56115,357-106-10,46,10,36,50.26,,
56116,355-020-10,12,6,6,21.31,,
56117,355-010-10,0,0,0,23.93,,
56118,355-110-10,17,5,12,33.59,,
56119,355-100-10,13,7,6,37.96,,
56120,358-000-10,7,0,7,100.05,,
56121,358-010-10,7,2,5,128.73,,
56122,359-111-30,3,0,3,31.24,,
56123,359-111-40,1,0,1,37.55,,
56124,277-3110,0,0,0,30.29,,
56125,277-4110,7,4,3,33.18,,
56126,3200-001,2,0,2,166.19,,
56127,3200-101,5,5,0,164.43,,
56128,010-12117-01,4,4,0,63.75,,
56130,8050-305-526,4,0,4,95.69,,
56131,8050-305-626,0,0,0,177.13,,
56132,8050-305-426,10,5,5,179.13,,
56133,3010-000,5,3,2,25.81,,
56137,255-323,39,16,23,10.49,,
56138,255-313,0,0,0,10.39,,
56139,255-315,11,5,6,13.62,,
56140,255-325,18,10,8,13.75,,
56141,340-001,15,10,5,15.15,,
56142,182-200,0,0,0,51.39,,
56143,183-039-08,12,8,4,32.99,,
56144,183-029-14,16,11,5,42.23,,
56145,183-029-18,6,5,1,34.67,,
56151,DS6-P,27,5,22,12.94,,
56152,DS-H6,32,21,11,15.75,,
56175,101296,13,1,12,107.67,,170.09
56181,35SPP,3,1,2,91.95,,
56182,113,11,9,2,50.67,,
56183,123,0,0,0,181.33,,
56185,132,9,3,6,158.67,,
56186,134,0,0,0,276.00,,
56187,SVS-560CF,0,0,0,692.30,,
56188,SVS-560CF-E,0,0,0,769.30,,
56199,101288,1,1,0,83.13,,125.99
56201,GA-88,3,1,2,84.00,,
56211,20-001-01A,0,0,0,758.03,,
56216,166000,6,5,1,319.23,,
56217,21101MG,0,0,0,27.87,,
56218,21104MG,0,0,0,33.06,,
56220,20709AL,0,0,0,24.56,,
56221,20711AL,0,0,0,40.99,,
56225,317301200,10,10,0,284.38,,454.99
56227,FTT631512000B00,5,3,2,146.04,,
56231,M1AR,2,1,1,476.29,,
56233,000-0127-52,5,1,4,18.20,,
56234,S-3511BC,4,0,4,28.36,,
56235,S-3511RC,0,0,0,27.63,,
56247,M2AR,2,1,1,476.29,,
56248,76-0022-00,1,0,1,39.08,,
56249,806-1884,0,0,0,1152.23,,
56252,809-0946,8,6,2,22.08,,
56253,815-2524-02,0,0,0,1821.60,,
56254,815-3524-02,0,0,0,2087.60,,
56262,OC15SUK31A,0,0,0,75.56,,
56263,OC15SUK31B,0,0,0,75.56,,
56264,OC15SUK18,1,1,0,73.72,,
56268,804010,2,2,0,272.27,,
56269,8085050,5,5,0,62.84,,
56270,8040,26,26,0,27.59,,
56273,80850,20,7,13,12.40,,
56303,S-0226BC,25,11,14,31.45,,
56304,S-0226WC,10,3,7,31.44,,
56305,S-0230BC,72,29,43,23.20,,
56306,S-0230WC,25,11,14,23.32,,
56307,S-1444C,0,0,0,9.21,,
56308,S-1445C,0,0,0,10.57,,
56309,6744C,17,12,5,25.52,,
56310,6746C,10,7,3,45.05,,
56393,F38-2050B-1,0,0,0,154.99,,
56394,F38-2050R-1,2,0,2,154.99,,
56395,F38-2060B-1,10,3,7,88.09,,
56396,F38-2060R-1,7,3,4,88.09,,
56420,01-0385-01,0,0,0,5252.40,,
56421,01-0385-02,0,0,0,5252.40,,
56424,15014-101,8,3,5,538.84,,
56425,TT9X12E,8,3,5,687.93,,
56426,TT9X12EI,8,3,5,838.79,,
56427,15038-101,0,0,0,653.29,,
56428,15042-101,0,0,0,1044.15,,
56429,15047-101,0,0,0,2305.55,,
56430,15056-002,11,8,3,228.41,,
56431,15057-001,15,4,11,228.41,,
56432,15058-001,10,6,4,228.41,,
56433,15066-001,0,0,0,249.19,,
56436,15086-001,0,0,0,15.33,,
56437,15092-001,48,8,40,13.48,,
56438,15093-001,13,8,5,25.10,,
56441,CAP0303,8,2,6,13.66,,
56442,15102-104,0,0,0,634.45,,
56443,CAP0304,2,2,0,2.17,,
56444,15103-104,19,7,12,591.63,,
56445,15113-101,0,0,0,548.91,,
56446,15114-101,0,0,0,561.80,,
56447,15115-101,0,0,0,592.54,,
56448,15116-101,0,0,0,635.48,,
56452,SBR-13LI,29,15,14,34.09,,
56453,SBT-13,5,3,2,17.65,,
56455,SEP-10A,0,0,0,21.18,,
56460,940200190,20,11,9,299.99,,
56480,8M0092070,23,19,4,379.99,,
56481,8M0092071,121,59,62,104.99,,
56482,8M0092068,209,36,173,54.99,,
56515,IRIS740,2,1,1,982.56,,
56520,30133-001D,13,2,11,21.04,,
56521,30133-002D,0,0,0,24.74,,
56522,30133-103D,5,2,3,30.09,,
56524,30142-202,6,4,2,59.06,,
56525,30142-104,0,0,0,90.08,,
56526,15107-001,0,0,0,13.43,,
56527,15107-002,0,0,0,12.46,,
56541,OCTAFMDRESYSA-9,0,0,0,1099.97,,
56544,AP3522,0,0,0,951.92,,
56550,2000020942,9,4,5,153.71,,
56554,15120-001,0,0,0,246.45,,
56568,15122-001,8,5,3,237.31,,
56571,15130-001,0,0,0,246.45,,
56669,808-9010,7,6,1,17.91,,
56672,7635,0,0,0,80.62,,
56701,P105072,0,0,0,114.92,,
56703,RL-ADM,0,0,0,73.13,,
56704,RL-ARM,6,3,3,94.50,,
56705,RL-RM,5,3,2,33.75,,
56707,RL-502,2,0,2,13.50,,
56712,RL-507,4,2,2,13.50,,
56771,416-BK,1,0,1,6.20,,
56796,710211-1,75,73,2,66.71,,
56809,A0-1800-CF,0,0,0,1639.14,,
56810,A0-1800-CFT,1,0,1,1840.74,,
56811,1852073,0,0,0,50.28,,
56820,40063,6,6,0,28.79,43.99,
56832,40075,6,6,0,21.58,32.99,
56834,C118-10,0,0,0,77.33,,
56835,C118-20,0,0,0,87.92,,
56844,B-81-WM,6,4,2,171.14,,
56845,010-11647-20,1,0,1,1649.99,2199.99,
56848,17288-1000,14,9,5,17.81,,
56850,MMGGX6800000,3,3,0,10.55,,
56851,MSVGGGX08000,2,0,2,5.56,,
56852,MSVGGGX10000,1,0,1,25.04,,
56853,MMGGX10120000,1,0,1,22.91,,
56881,3200-011,6,4,2,215.35,,
56882,358-100-10,0,0,0,116.37,,
56883,358-110-10,0,0,0,141.95,,
56884,94-181-02,4,2,2,13.03,,
56885,94-181-03,7,2,5,9.99,,
56886,94-238-03,9,6,3,28.82,,
56889,94-800-26,0,0,0,37.30,,
56896,94-571-00,2,0,2,37.70,,
56898,94-619-00,46,2,44,28.99,,
56899,94-620-00,16,5,11,46.45,,
56914,6080,9,2,7,29.33,,
56918,42,12,12,0,35.19,,
56925,M4AR,0,0,0,716.44,,
56934,010-12181-20,2,1,1,1274.99,1699.99,
56935,010-12181-21,1,1,0,1274.99,1699.99,
56936,010-12181-22,2,0,2,1274.99,1699.99,
56943,900-6WP,2,0,2,46.90,,
56944,900-6WPW,0,0,0,46.90,,
56946,CSP6,2,2,0,61.53,,
56947,CSP6-F,0,0,0,77.31,,
56948,CSP6-PTC,0,0,0,96.01,,
56954,80-511-0005-01,12,1,11,32.66,,
56956,80-511-0007-01,16,11,5,32.66,,
56959,1100-BK,0,0,0,12.50,,
56961,1101-BK,1,1,0,15.00,,
56982,A80162,9,4,5,72.43,,
56983,A80161,0,0,0,72.43,,
56984,750S-01710,8,0,8,125.13,,
56987,WCPC-6,0,0,0,13.61,,
56988,WCPC-6.5,0,0,0,13.61,,
56989,WCPC-7,6,6,0,11.39,,
56990,WCPC-7.5,0,0,0,11.39,,
56991,WCPC-8,0,0,0,11.84,,
56992,WCPC-8.5,12,12,0,11.84,,
56993,WCPC-9,6,6,0,12.72,,
56994,WCPC-9.5,6,6,0,12.72,,
56995,WCPC-10,6,6,0,14.42,,
56996,WCPC-10.5,6,6,0,14.42,,
56997,WCPC-11,0,0,0,15.54,,
56998,WCPC-11.5,0,0,0,26.12,,
56999,WCPC-12,0,0,0,20.54,,
57000,WCPC-12.5,0,0,0,28.36,,
57001,WCPC-13,0,0,0,23.28,,
57002,WCPC-13.5,0,0,0,30.57,,
57003,WCPC-14,0,0,0,32.82,,
57004,WCPC-14.5,0,0,0,32.82,,
57005,WCPC-15,0,0,0,35.04,,
57006,WCPC-15.5,0,0,0,35.04,,
57013,SET0148,0,0,0,38.04,,
57014,SET0149,0,0,0,42.33,,
57015,SET0150,2,0,2,45.00,,
57016,OC-0422VEL8,0,0,0,213.96,,
57017,010-12122-10,79,45,34,22.49,,
57023,5310012,0,0,0,230.77,,
57024,5310112,1,0,1,231.28,,
57025,5310024,0,0,0,230.77,,
57026,5310124,0,0,0,269.23,,
57027,SMC12,2,0,2,99.36,,
57028,SMC24,0,0,0,125.00,,
57034,41331,0,0,0,28.84,,
57037,T9025406,13,8,5,5.43,,
57045,58155,8,4,4,365.03,,
57047,58319,0,0,0,27.00,,
57054,441,11,11,0,4.56,,
57055,"GOTECH 1.0",2,1,1,754.44,,
57062,403902,1,0,1,13.05,,
57063,404152,16,7,9,13.48,,
57064,404172,10,6,4,14.79,,
57065,404202,11,6,5,15.47,,
57066,404252,7,7,0,18.24,,
57067,404302,13,8,5,19.41,,
57068,20711,1,1,0,36.99,,
57076,MD-6,8,8,0,51.72,,
57080,117WR-2,0,0,0,35.40,,
57081,60WR-2,0,0,0,35.40,,
57082,75WR-2,0,0,0,36.59,,
57083,164WR-2,0,0,0,44.78,,
57084,117WR-4,0,0,0,26.75,,
57085,60WR-4,0,0,0,27.95,,
57086,75WR-4,0,0,0,29.75,,
57087,175WR-4,1,0,1,29.84,,
57097,A80330,3,2,1,37.19,,
57145,117WR-1,0,0,0,25.18,,
57146,60WR-1,2,1,1,26.75,,
57147,75WR-1,0,0,0,27.95,,
57148,164WR-1,0,0,0,39.94,,
57149,117WR-3,0,0,0,42.14,,
57150,60WR-3,3,1,2,44.78,,
57151,75WR-3,1,1,0,45.05,,
57152,164WR-3,1,0,1,55.65,,
57163,385310076,22,8,14,35.92,,
57167,720080-1,1,0,1,37.91,,
57212,1139,0,0,0,65.19,,
57213,1408,2,0,2,254.46,,
57214,1147,3,3,0,112.34,,
57215,1148,2,0,2,121.41,,
57216,1522,5,4,1,223.73,,
57217,1216,3,1,2,167.16,,
57218,1455,0,0,0,100.18,,
57219,1450,0,0,0,134.09,,
57220,1457,0,0,0,199.57,,
57221,1456,0,0,0,219.32,,
57222,1200,9,7,2,287.71,,
57223,1225,4,3,1,294.63,,
57224,1463,2,1,1,322.27,,
57225,1464,1,1,0,316.27,,
57226,1227,0,0,0,503.71,,
57227,1223,5,2,3,422.33,,
57228,1217,0,0,0,673.30,,
57229,1222,0,0,0,547.05,,
57230,1201,0,0,0,856.52,,
57231,1221,0,0,0,969.86,,
57232,1210,0,0,0,178.23,,
57233,1228,4,1,3,311.33,,
57234,1214,6,4,2,224.54,,
57235,1206,0,0,0,291.73,,
57236,1230,0,0,0,408.54,,
57237,1202,11,9,2,326.84,,
57238,1208,0,0,0,235.18,,
57239,1231,0,0,0,235.19,,
57240,1502,10,5,5,382.39,,
57241,1190,2,2,0,407.08,,
57243,1193,0,0,0,549.24,,
57244,1168,0,0,0,273.24,,
57245,1218,6,3,3,1498.66,,
57248,1475,0,0,0,53.72,,
57249,1474,0,0,0,335.42,,
57250,1473,0,0,0,91.43,,
57251,1472,2,0,2,47.96,,
57252,1478,5,3,2,99.54,,
57253,7480,7,4,3,3.73,,
57254,7481,4,0,4,3.16,,
57255,7482,5,2,3,4.05,,
57256,7483,0,0,0,3.16,,
57257,7484,2,2,0,3.16,,
57258,7485,8,3,5,3.16,,
57259,7490,0,0,0,7.24,,
57260,7491,8,3,5,3.72,,
57261,7492,6,5,1,3.72,,
57262,7493,1,0,1,3.72,,
57263,7494,0,0,0,3.72,,
57264,7495,4,4,0,3.72,,
57270,2000020973,8,4,4,39.22,,
57272,010-12199-00,0,0,0,18.75,,
57273,0200MB0DP1,14,7,7,104.90,,
57274,SPK2218,6,3,3,6.17,,
57275,SPK1614,13,10,3,6.17,,
57276,6225-R,3,1,2,327.88,,
57278,A28162,24,6,18,120.82,,
57280,5290,25,20,5,41.10,,
57296,R70014,4,2,2,29.82,,
57315,600033-1,37,26,11,54.07,,
57316,600031-1,0,0,0,127.05,,
57317,600032-1,2,2,0,158.81,,
57321,2700K,7,7,0,30.60,,
57322,2701K,1,1,0,39.33,,
57323,2702K,4,4,0,48.23,,
57350,TY-KITW,9,9,0,11.10,,
57351,001-341-830-00,0,0,0,558.18,,
57353,760025-1,3,3,0,82.79,,
57354,"UFO X RV",1,0,1,197.27,,
57355,5266CR,0,0,0,27.27,,
57364,327,2,2,0,7.36,,
57373,KG1020-4,2,0,2,8.04,9.56,
57374,KG1020-9,6,6,0,18.84,24.01,
57381,010-12378-20,4,1,3,997.02,,
57382,010-12379-20,2,0,2,1499.99,1999.99,
57389,OC15SUK10,0,0,0,29.97,,
57391,137000-701-999-16,25,20,5,7.25,,
57396,0425-BK,4,4,0,10.46,,
57400,104110,6,1,5,20.54,,
57401,108910,4,2,2,46.02,,
57402,104310,10,5,5,20.54,,
57403,104710,5,3,2,20.54,,
57404,103910,4,1,3,20.54,,
57405,104210,5,2,3,20.54,,
57406,104610,6,4,2,20.54,,
57411,A80291,5,2,3,55.39,,
57412,A80292,6,4,2,72.43,,
57413,A0-0900-TEG,0,0,0,692.47,,
57414,A0-1500-CF,0,0,0,1446.30,,
57415,A0-1500-CFT,3,1,2,1665.43,,
57416,MI-001ST,10,6,4,120.37,,
57417,CA-0088,10,4,6,187.90,,
57421,40934,0,0,0,18.76,,
57422,40934CASE,0,0,0,208.80,,
57426,A80312,6,3,3,29.82,,
57427,A80247,9,8,1,72.43,,
57430,BCPC-6,0,0,0,13.61,,
57431,BCPC-6.5,0,0,0,13.61,,
57432,BCPC-7,0,0,0,11.39,,
57433,BCPC-7.5,0,0,0,11.39,,
57434,BCPC-8,0,0,0,11.84,,
57435,BCPC-8.5,0,0,0,11.84,,
57436,BCPC-9,0,0,0,12.72,,
57437,BCPC-9.5,0,0,0,12.72,,
57438,BCPC-10,0,0,0,14.42,,
57439,BCPC-10.5,0,0,0,14.42,,
57440,BCPC-11,0,0,0,15.54,,
57441,BCPC-11.5,0,0,0,26.12,,
57442,BCPC-12,0,0,0,20.54,,
57443,BCPC-12.5,0,0,0,28.36,,
57444,BCPC-13,0,0,0,23.28,,
57445,BCPC-13.5,1,1,0,30.57,,
57446,BCPC-14,0,0,0,32.82,,
57447,BCPC-14.5,0,0,0,32.82,,
57448,BCPC-15,1,1,0,35.04,,
57449,BCPC-15.5,0,0,0,35.04,,
57465,010-11129-00,0,0,0,26.24,,
57466," 106910",5,3,2,27.60,,
57467," 104510",6,2,4,20.54,,
57473,SN2060A,4,0,4,115.40,,
57474,SN2011,12,12,0,122.39,,
57475,SN2010,10,4,6,139.00,,
57488,F17727,7,1,6,33.56,,
57501,36400-1000,15,14,1,22.27,,
57502,36400-0000,11,6,5,22.27,,
57503,010-11957-00,0,0,0,22.49,,
57510,HS2500HP,25,19,6,26.90,43.99,
57512,010-11613-10,11,11,0,63.75,,
57517,30142-201,6,3,3,56.11,,
57525,001-167-890-10,0,0,0,66.36,,
57530,001-105-810-10,0,0,0,50.91,,
57531,001-341-660-00,0,0,0,280.91,,
57536,PP4800-12,0,0,0,356.35,,
57538,1039,13,13,0,4.64,,
57539,1008,5,5,0,3.41,,
57542,24012000,0,0,0,2004.06,,
57543,24020800,0,0,0,953.85,,
57544,24021500,0,0,0,1495.99,,
57545,24022500,4,2,2,2624.07,,
57546,24095100,3,1,2,4530.79,,
57560,81400100,0,0,0,44.98,,
57561,81500600,0,0,0,101.37,,
57562,81500700,0,0,0,183.12,,
57563,81500100,0,0,0,75.21,,
57564,81500200,0,0,0,108.72,,
57565,81500300,2,2,0,154.50,,
57566,81500350,0,0,0,329.44,,
57567,81500400,0,0,0,155.34,,
57568,81500500,0,0,0,339.26,,
57569,81400400,0,0,0,168.41,,
57570,81400500,0,0,0,204.37,,
57574,010-12117-08,0,0,0,22.49,,
57578,1154,8,8,0,6.03,,
57579,1011,11,11,0,3.63,,
57581,1004,6,6,0,2.86,,
57584,SET0044,0,0,0,606.23,,
57585,15101-104,33,12,21,579.08,,
57587,001-337-420-00,0,0,0,327.27,,
57589,001-337-450-00,0,0,0,270.00,,
57590,001-337-430-00,0,0,0,186.36,,
57591,001-337-440-00,0,0,0,242.73,,
57599,SVS880FMK,0,0,0,40.00,,
57601,65100,0,0,0,114.96,,
57607,43990-0051,9,5,4,25.11,,
57608,11944-7,10,4,6,8.09,,
57618,OCTAFG1012,3,2,1,499.99,,
57620,R70439,26,9,17,34.08,,
57625,SP-70-1,0,0,0,2099.30,,
57626,DVD5800,0,0,0,211.72,,
57641,26244GA,29,12,17,12.94,,
57643,27672,25,19,6,80.63,149.99,
57648,MC200,23,12,11,3.62,4.95,
57655,PP5050-19,0,0,0,370.90,,
57656,PP5200-12,0,0,0,392.72,,
57657,PP4408,0,0,0,269.08,,
57658,PP5205,0,0,0,392.72,,
57659,HRSB1107,0,0,0,289.15,,
57661,SSC300-01,4,2,2,348.21,,
57662,SSC300-01-KIT,0,0,0,464.90,,
57663,803500,4,2,2,189.19,,
57664,803500B,5,2,3,189.19,,
57665,805500,9,3,6,229.73,,
57666,805500B,8,8,0,229.73,,
57675,APT-150-01,15,9,6,306.56,,
57676,APT-250-01,3,1,2,320.63,,
57677,APT-GPS-01,4,4,0,135.00,,
57678,APT-LB-01,10,3,7,143.44,,
57679,APT-LB-GPS2-01,3,1,2,241.88,,
57680,APT6003,5,2,3,402.19,,
57684,SSM-64A,3,2,1,53.33,,
57685,010-11617-32,13,9,4,41.24,,
57686,010-11617-42,6,2,4,48.75,,
57687,010-12234-07,0,0,0,26.24,,
57688,010-12406-00,9,5,4,22.49,,
57758,10102G40,9,9,0,6.56,,
57759,10200G40,23,3,20,2.30,,
57760,10201G40,22,10,12,2.12,,
57766,10600G40,1,0,1,5.36,,
57768,10603G40,30,16,14,4.10,,
57770,45004G40,6,6,0,4.93,,
57774,58195,11,0,11,71.91,,
57775,58196,12,5,7,78.19,,
57776,58197,24,18,6,32.60,,
57777,58387,4,0,4,16.23,,
57785,FT1PXC,15,14,1,152.74,,
57786,500199,5,2,3,314.99,,
57811,740146-1,20,20,0,24.14,,
57812,740149-1,6,4,2,42.74,,
57813,780029-1,5,5,0,17.24,,
57819,710185-1,0,0,0,206.99,,
57820,790,0,0,0,14.71,,
57821,792,0,0,0,33.09,,
57829,ACDC1911,2,0,2,23.16,,
57833,740090-1,6,6,0,20.69,,
57841,720073-4,4,0,4,79.34,,
57887,1852074,0,0,0,32.68,,
57899,1810340,2,2,0,360.44,,
57900,1810244,3,1,2,79.91,,
57902,1368562,0,0,0,1006.32,,
57943,EIC101,6,3,3,131.26,,
57962,3400,7,0,7,130.31,,199.98
57963,3500,5,3,2,182.25,,259.98
57965,YBP-5103,35,29,6,12.33,,19.98
57969,YBP-5203,37,21,16,14.58,,19.98
57973,3552,19,1,18,14.14,,21.98
57975,3554,32,17,15,14.14,,21.98
57976,3555,25,2,23,14.14,,21.98
57977,30803,3,3,0,10.81,,16.98
57980,010-11966-00,4,3,1,22.49,,
58046,32010,1,0,1,165.30,,
58049,1810225,2,1,1,188.87,,
58050,1810226,2,1,1,145.28,,
58051,IRIS090,1,0,1,491.28,,
58053,1001003,0,0,0,203.27,,
58054,1001008,0,0,0,175.68,,
58066,122000-500-020-16,12,6,6,48.84,,
58067,122000-500-040-16,6,4,2,48.84,,
58068,122000-500-060-16,0,0,0,48.84,,
58072,GP2205,0,0,0,363.62,,
58073,GP1205,0,0,0,363.62,,
58074,GP1524,0,0,0,276.35,,
58075,GP2524,0,0,0,276.35,,
58084,801310,0,0,0,109.19,,
58085,8013,0,0,0,10.92,,
58086,80301,18,18,0,39.00,,
58087,HRSB1201,0,0,0,9.03,,
58138,3000003654,57,11,46,95.00,,
58139,011,0,0,0,85.70,,
58140,144,0,0,0,44.99,,
58168,SW55450,3,2,1,14.03,,
58175,SRA-50,14,9,5,85.62,,
58180,01-0398,0,0,0,4777.78,,
58182,6018-R,0,0,0,732.66,,
58184,B4-509AA,1,1,0,3399.99,,
58186,010-12167-20,0,0,0,44.99,,
58189,DFC5,9,3,6,12.05,,
58190,DFP5,9,7,2,12.05,,
58191,DFF5,0,0,0,12.05,,
58195,10-24750-09,4,2,2,260.11,,
58199,3230WC,0,0,0,21.72,,
58200,3226WC,3,0,3,27.91,,
58239,9351-2,7,7,0,11.16,,
58240,11370-7,16,11,5,12.39,,
58241,14233-7,8,5,3,21.45,,
58243,11778-2,3,3,0,43.45,,
58249,90-815-F,4,2,2,342.48,,
58250,96-280-F,0,0,0,21.19,,
58252,96-286-F,7,1,6,20.01,,
58256,2428-F,28,22,6,9.47,,
58257,2430-F,13,8,5,16.20,,
58309,2064-0293,2,0,2,24.99,,
58320,001-337-410-00,0,0,0,82.73,,
58325,CLM100-01,0,0,0,356.22,,
58328,49024,0,0,0,29.37,44.99,
58329,0140,0,0,0,19.26,,
58330,0141,12,12,0,25.84,,
58335,0443,8,8,0,7.54,,
58338,0448-BK,8,8,0,15.28,,
58339,4338-121-E07,6,2,4,194.69,,
58341,2028,2,2,0,58.79,,
58342,2029,1,1,0,64.21,,
58370,2000023099,8,5,3,146.81,,
58378,2000026562,0,0,0,359.21,,
58398,019901,0,0,0,112.00,212.00,
58399,011702,1,0,1,186.32,304.00,
58412,A10-217-3,1,1,0,281.25,,449.99
58413,10-904,0,0,0,49.74,,
58414,10-905,0,0,0,49.74,,
58450,44106-1000,114,64,50,10.51,,
58483,50050-2,5,1,4,266.60,,
58484,50051,10,6,4,126.67,,
58488,QCM-S,6,4,2,64.01,,
58492,QCM-SR,2,2,0,78.25,,
58565,50053,0,0,0,299.93,,
58570,CA-0157-1,4,4,0,32.90,,
58571,CA-0157-2,10,8,2,49.75,,
58572,CA-0157-3,6,4,2,67.41,,
58573,CA-0157-4,0,0,0,83.46,,
58574,03-1570-100,5,3,2,12.39,,
58576,03-1108-RP,6,2,4,6.23,,
58577,17-1510-50W,3,1,2,24.38,,
58578,CA-0032,8,4,4,40.63,,
58579,CA-0033,8,4,4,75.16,,
58581,1045,51,15,36,37.86,,
58582,1733,23,15,8,39.59,,
58584,770-EZ,0,0,0,47.09,,
58585,5045,178,61,117,20.94,,
58586,5046,50,19,31,40.51,,
58587,770-DP-EZ,0,0,0,62.47,,
58588,770-DP,30,10,20,51.44,,
58589,771-S-EZ,10,4,6,52.53,,
58592,771-S,5,1,4,46.20,,
58594,772-DBC-EZ,2,2,0,65.80,,
58595,772-DBC,0,0,0,54.31,,
58596,701S,7,5,2,32.45,,
58597,701-PM,36,13,23,21.80,,
58598,701S-PM,31,2,29,33.41,,
58599,701-MD,20,17,3,145.01,,
58600,701-MD-D,13,4,9,154.52,,
58601,720-MDO,16,7,9,189.66,,
58603,80-724-0006-00,7,7,0,75.40,,
58604,80-708-0013-00,0,0,0,44.22,,
58606,80-911-0045-00,1,0,1,124.59,,
58607,54-27C4/DSP,7,3,4,9.70,,
58608,54-35C2/DSP,6,0,6,11.06,,
58609,701-KEY,21,21,0,8.06,,
58610,701-KEY-EP,32,14,18,9.61,,
58611,GP1800-20,0,0,0,312.72,,
58612,P105055,0,0,0,306.51,,
58613,P105056,0,0,0,522.60,,
58614,P105057,0,0,0,868.47,,
58615,010-12255-00,0,0,0,149.99,,
58616,112507,10,0,10,94.29,,149.89
58617,112527,12,0,12,92.35,,131.39
58618,113117,31,9,22,94.35,,143.19
58619,113127,40,14,26,92.96,,141.19
58620,113197,19,2,17,92.88,,141.09
58621,112807,17,7,10,107.58,,155.79
58622,112827,11,6,5,103.29,,149.59
58626,101326,5,2,3,127.96,,204.29
58629,101334,2,2,0,367.27,,570.99
58630,101335,0,0,0,391.83,,610.49
58631,101336,9,5,4,369.36,,575.39
58632,101346,2,0,2,584.03,,902.79
58633,101347,0,0,0,561.19,,881.09
58634,101348,9,2,7,565.24,,874.89
58641,111831,0,0,0,187.23,,296.69
58647,701-MDVS,11,4,7,165.76,,
58648,720-MDVSO,4,2,2,277.10,,
58649,80-701-0018-00,1,1,0,134.11,,
58650,720-MDO-EP,5,3,2,190.42,,
58651,80-724-0007-00,2,1,1,31.09,,
58652,710-140A,17,3,14,101.05,,
58653,714-140A-DVSR,2,1,1,132.13,,
58654,715-H,0,0,0,78.01,,
58655,715-V,0,0,0,78.01,,
58656,716-H-140A-DVSR,1,0,1,168.25,,
58657,716-V-140A-DVSR,0,0,0,168.25,,
58658,716-SQ-140A-DVSR,4,4,0,168.25,,
58659,715-S,0,0,0,99.02,,
58660,718-140A-DVSR,0,0,0,196.38,,
58661,717-140A-DVSR,11,2,9,291.66,,
58662,719-140A-DVSR,2,0,2,424.95,,
58663,80-716-0017-00,0,0,0,205.90,,
58664,80-716-0018-00,11,0,11,449.85,,
58665,80-716-0014-00,0,0,0,421.43,,
58666,80-716-0015-00,2,2,0,704.72,,
58667,80-716-0016-00,0,0,0,983.05,,
58668,80-700-0050-00,0,0,0,249.78,,
58669,80-700-0051-00,0,0,0,252.27,,
58670,80-700-0052-00,0,0,0,242.35,,
58673,CC-810,0,0,0,134.82,,
58674,CC-803N,0,0,0,336.64,,
58676,CC-5,0,0,0,36.59,,
58679,CC-BLANK,0,0,0,33.99,,
58688,A80346,7,4,3,38.34,,
58689,777-BB4S-500,41,32,9,73.14,,
58690,777-BB3S-650,49,24,25,80.66,,
58691,777-BB5S-650,66,43,23,108.51,,
58692,777-BB8S-650,27,10,17,152.52,,
58693,777-Z10W-200,4,4,0,29.20,,
58694,777-Z18W-200,13,13,0,45.40,,
58695,778-ANL,36,34,2,23.53,,
58696,778-ANL2S,9,0,9,48.07,,
58697,778-ANLTP,3,2,1,57.36,,
58698,778-T2S-400,0,0,0,48.07,,
58699,778-T2S-600,23,20,3,56.42,,
58700,IST-8MM-1S,8,8,0,12.04,,
58701,IST-8MM-2S,0,0,0,18.19,,
58702,IST-10MM-8MM,0,0,0,18.60,,
58704,IST-10MM-2S,0,0,0,18.91,,
58705,IST-8MM-1SPT,0,0,0,19.14,,
58706,IST-10MM-1SPT,4,3,1,19.78,,
58707,IS-6MM-1/DSP,4,4,0,9.39,,
58708,IS-6MM-1R/DSP,6,5,1,10.24,,
58709,IS-6MM-2/DSP,11,5,6,12.18,,
58710,BB-6W-2S/DSP,0,0,0,24.48,,
58711,BB-12W-2S/DSP,0,0,0,27.25,,
58712,BB-24W-2S/DSP,0,0,0,33.40,,
58713,BB-12W-2NC/DSP,0,0,0,35.73,,
58714,BB-4S-150A/DSP,0,0,0,33.20,,
58715,TB-118-6P/DSP,8,2,6,9.85,,
58717,706-4W,0,0,0,84.81,,
58718,706-2W,0,0,0,46.24,,
58719,707,4,2,2,103.74,,
58720,705-50A,0,0,0,91.21,,
58721,705-80A,2,1,1,91.21,,
58722,705-100A,0,0,0,91.21,,
58723,705-135A,0,0,0,91.21,,
58724,705-150A,0,0,0,91.21,,
58725,ATC-6W,0,0,0,26.95,,
58726,ATC-6WQC,0,0,0,26.91,,
58727,80-712-0039-00,9,3,6,17.46,,
58728,810-15-CX,0,0,0,56.00,,
58731,810-30-CX,0,0,0,84.00,,
58763,77030100,78,34,44,163.48,,
58768,131902500,7,5,2,219.72,,
58805,GP1050-19,0,0,0,327.26,,
58806,900-DC,0,0,0,123.75,,
58807,OCTAFMDRSSYS12,0,0,0,1268.48,,
58809,901H,0,0,0,217.60,,
58810,901V,0,0,0,217.60,,
58811,CA82B-35R,0,0,0,3075.45,,
58812,902NMH,0,0,0,337.97,,
58813,902NMV,0,0,0,337.97,,
58814,904NM,0,0,0,393.76,,
58815,905NM,0,0,0,582.65,,
58817,764998,17,10,7,4.40,,
58818,765000,16,5,11,9.42,,
58819,765002,18,14,4,9.73,,
58820,765004,17,5,12,7.35,,
58821,765006,6,2,4,11.73,,
58822,765010,21,16,5,8.07,,
58823,765012,13,8,5,10.06,,
58824,750000,16,12,4,10.91,,
58825,760375,0,0,0,1.90,,
58826,760500,11,3,8,1.90,,
58827,301503,11,7,4,6.13,,
58828,301506,7,5,2,10.85,,
58829,304503,0,0,0,4.40,,
58830,304506,5,2,3,7.41,,
58831,306503,0,0,0,6.42,,
58832,906NMV,0,0,0,911.66,,
58834,OCTAFG0612,0,0,0,422.24,,
58838,OCTAFG1012,0,0,0,501.57,,
58841,OCTAFG1612,0,0,0,554.46,,
58847,NC36NM,0,0,0,920.33,,
58852,901V-DCSM,0,0,0,565.82,,
58865,902V-DCSM,0,0,0,628.48,,
58867,903-DCSM,0,0,0,883.30,,
58871,905V-DCSM,0,0,0,905.92,,
58880,900-AM,0,0,0,213.77,,
58883,902-AM,0,0,0,408.78,,
58885,904-AM,0,0,0,591.92,,
58887,905-AM,0,0,0,805.23,,
58889,906-AM,0,0,0,1014.60,,
58890,906V-AM,0,0,0,994.69,,
58891,907-AM,0,0,0,1594.80,,
58893,NC32Y-DCSM,0,0,0,1240.05,,
58897,M28-DCSM,0,0,0,1126.40,,
58898,M32-DCSM,0,0,0,1193.85,,
58947,010-01550-00,7,4,3,111.99,,
58948,010-01550-10,0,0,0,183.99,,229.99
58953,010-12439-00,7,4,3,14.99,,
58954,010-12439-01,9,5,4,18.75,,
58955,010-12440-00,0,0,0,14.99,,
58956,010-12440-01,0,0,0,14.99,,
58957,010-12440-02,0,0,0,14.99,,
58958,010-12401-00,0,0,0,134.99,,
58959,010-12401-20,34,34,0,112.49,,
58960,010-12402-00,3,1,2,187.49,,
58961,010-12403-00,1,1,0,142.49,,
58962,010-12404-00,5,3,2,187.49,,
58963,010-12404-10,0,0,0,487.49,,
58964,010-12405-00,5,2,3,262.49,,
58966,010-12407-00,0,0,0,22.49,,
58967,010-12407-02,0,0,0,26.24,,
58970,010-12445-30,0,0,0,7.49,,
58972,010-12445-32,9,5,4,47.81,,
58973,010-12445-00,62,32,30,22.49,,
58975,010-12445-21,0,0,0,3.75,,
58976,010-12445-31,0,0,0,3.75,,
58977,010-12445-10,4,0,4,22.49,,
58978,010-12234-06,0,0,0,18.75,,
58979,010-12462-00,0,0,0,112.49,,
58980,010-12357-00,0,0,0,22.49,,
58986,OC-0422BKA8,0,0,0,213.96,,
58989,OT-0442BKA15,4,3,1,544.54,,
58990,OT-0442VEL15,4,2,2,449.99,,
58992,F16-0151R-1,2,0,2,42.23,,
58994,F31-0790BXY-1,4,4,0,455.90,,
58995,F31-0770BSA-1,4,2,2,218.97,,
58999,F16-0810-1,0,0,0,274.41,,
59001,OT-3160CF,2,1,1,2192.41,,
59002,OT-4200CF,3,2,1,2619.47,,
59006,900-ACM6W-110V,0,0,0,278.18,,
59008,900-AC1-110V,0,0,0,288.48,,
59009,900-AC1,0,0,0,305.25,,
59010,HRC10812V,3,1,2,2049.54,2879.20,
59011,RC8612V,5,3,2,1071.02,1508.00,
59012,RC121212V,0,0,0,3285.29,4468.00,
59013,900-ACCH-110V,0,0,0,180.89,,
59014,900-ACCH,0,0,0,279.99,,
59015,R62379,7,2,5,140.61,,
59028,900-AC2V-ACSM,0,0,0,942.01,,
59029,900-AC3-AM,0,0,0,792.48,,
59031,900-AC3-ACSM,0,0,0,1059.42,,
59033,900-AC4-ACSM,0,0,0,1110.11,,
59044,BM30PW,7,3,4,84.04,124.20,
59045,BM30PG,9,3,6,84.04,124.20,
59046,BM30PB,0,0,0,84.04,124.20,
59047,BM50PW,3,2,1,98.65,145.80,
59048,BM50PG,2,1,1,98.65,145.80,
59049,BM50PB,4,2,2,98.65,145.80,
59050,BM30NT,0,0,0,118.14,174.60,
59110,2914,14,4,10,578.73,,
59164,BP3708,3,3,0,237.73,,
59165,BP3740,3,1,2,237.73,,
59167,BP9005,20,5,15,58.34,,
59168,BP9013,13,6,7,75.66,,
59169,BP9021,14,4,10,63.05,,
59170,BP4402,6,2,4,116.79,,
59171,BP4410,11,4,7,132.96,,
59172,BP0510,11,8,3,124.66,,
59174,BP0350,10,4,6,86.46,,
59176,82-962-001A,2,2,0,110.53,,
59177,BP1552,26,12,14,150.68,,
59178,BP1554,5,5,0,155.04,,
59179,GP4618,78,78,0,41.24,,
59180,GP0550,21,15,6,92.98,,
59181,GP0551,6,4,2,92.98,,
59182,GP0418,16,9,7,80.19,,
59183,GP0650,27,23,4,57.58,,
59184,SS5212,32,17,15,62.25,,
59185,SS1212,13,8,5,79.78,,
59186,SS1224,38,19,19,87.44,,
59187,BP2052,41,11,30,170.11,,
59188,BP2054,37,13,24,166.20,,
59189,BP4572,34,13,21,204.60,,
59190,BP4574,7,4,3,213.96,,
59191,LV1219,38,20,18,14.29,,
59192,RT2498,14,6,8,102.24,,
59193,RT2658,17,9,8,133.54,,
59199,S-7098P,14,8,6,5.53,,
59208,F600,16,10,6,466.20,,
59209,S600,2,2,0,465.19,,
59210,F700,4,2,2,558.28,,
59211,S700,7,4,3,555.73,,
59212,S1100,6,6,0,521.89,,
59213,F1100,5,1,4,529.73,,
59214,F600W,4,3,1,545.59,,
59215,F1200,4,3,1,648.46,,
59216,S1200,4,1,3,684.63,,
59221,PP4800-20,0,0,0,356.35,,
59222,PP5065,0,0,0,399.99,,
59224,PP5058,0,0,0,370.90,,
59225,PP4403,0,0,0,269.08,,
59226,PP5064,0,0,0,399.99,,
59227,PP5059,0,0,0,370.90,,
59228,PP4407,0,0,0,269.08,,
59229,RMX4800-20,0,0,0,436.35,,
59230,RMX4800-12,0,0,0,436.35,,
59232,RMX4800,0,0,0,421.81,,
59234,RMX4408,0,0,0,392.72,,
59235,RMX4407,0,0,0,392.72,,
59236,RMX4808,0,0,0,436.35,,
59238,ACC-FF-1536,7,4,3,6.46,,
59239,GP2050-20,0,0,0,327.26,,
59240,ACC-FF-1567,0,0,0,6.46,,
59241,ACC-FF-1659,0,0,0,12.93,,
59242,GP2050-19,0,0,0,327.26,,
59243,ACC-FF-1581,0,0,0,35.74,,
59244,GP1200-12,0,0,0,363.62,,
59245,GP2200-12,0,0,0,363.62,,
59246,GP1800-12,0,0,0,312.72,,
59248,GP2050-09,0,0,0,327.26,,
59249,GP1807,0,0,0,312.72,,
59250,GP1040-20,0,0,0,334.53,,
59251,A80350,0,0,0,379.16,,
59252,GP2040-20,0,0,0,334.53,,
59253,GP1080-19,0,0,0,385.44,,
59254,GP2080-19,0,0,0,385.44,,
59258,GP1170-12,0,0,0,385.44,,
59259,GP2170-12,0,0,0,385.44,,
59260,GP1040-09,0,0,0,334.53,,
59261,GP2040-09,0,0,0,334.53,,
59262,GP2040,0,0,0,319.99,,
59263,GP1170-09,0,0,0,385.44,,
59264,GP2170-09,0,0,0,385.44,,
59265,GP1174,0,0,0,385.44,,
59266,GP2174,0,0,0,385.44,,
59267,GP2082,0,0,0,385.44,,
59268,GP1082,0,0,0,385.44,,
59269,GP1170-05,0,0,0,385.44,,
59270,GP2170-05,0,0,0,385.44,,
59271,GP1504,0,0,0,276.35,,
59272,GP1514,0,0,0,276.35,,
59273,GP1600-04,0,0,0,341.81,,
59274,GP2504,0,0,0,276.35,,
59275,GP2514,0,0,0,276.35,,
59276,GP2600-04,0,0,0,341.81,,
59277,GP1040-19,0,0,0,334.53,,
59279,BEA3000,1,0,1,167.60,,
59280,GP2040-19,0,0,0,334.53,,
59281,GP1508,0,0,0,276.35,,
59282,"RLS- AM",11,6,5,38.53,,
59283,"RLS- 401",4,4,0,15.01,,
59284,"RLS- 402",8,4,4,24.75,,
59285,"RLS- 403",3,1,2,18.28,,
59286,"RLS- 404",7,6,1,18.28,,
59289,"RL- 508",11,8,3,28.69,,
59290,"RL- 509",7,5,2,22.21,,
59291,"RL- 510",0,0,0,14.34,,
59292,"RL- 511",0,0,0,14.34,,
59293,"MBR-700 PRO",1,0,1,199.00,,
59295,"RL- TETH",0,0,0,12.94,,
59296,GP1518,0,0,0,276.35,,
59297,GP1608,0,0,0,341.81,,
59298,GP2508,0,0,0,276.35,,
59299,GP2518,0,0,0,276.35,,
59300,GP2608,0,0,0,341.81,,
59301,GP2600-10,0,0,0,341.81,,
59302,GP1600-10,0,0,0,341.81,,
59303,GP1080-08,0,0,0,385.44,,
59304,GP2080-08,0,0,0,385.44,,
59305,TP325,0,0,0,159.99,,
59307,SG125,0,0,0,319.99,,
59308,SG225,0,0,0,319.99,,
59310,GP2065,0,0,0,363.62,,
59311,PP5066,0,0,0,399.99,,
59312,PP4500-01,0,0,0,276.35,,
59313,PP5050-01,0,0,0,370.90,,
59314,PP4500-06,0,0,0,276.35,,
59315,PP4500-05,0,0,0,276.35,,
59316,PP5050-02,0,0,0,370.90,,
59317,PP4900-02,0,0,0,356.35,,
59318,000-154-024,0,0,0,76.36,,
59319,PP4500-03,0,0,0,276.35,,
59321,PP4500-02,0,0,0,276.35,,
59322,PP4900-01,0,0,0,356.35,,
59323,RMX4500-01,0,0,0,399.99,,
59324,RMX4500-02,0,0,0,399.99,,
59325,RMX4900-01,0,0,0,436.35,,
59326,GP1066,0,0,0,363.62,,
59327,GP2066,0,0,0,363.62,,
59335,GP1040-26,0,0,0,334.53,,
59338,GP1040-23,0,0,0,334.53,,
59341,GP1040-29,0,0,0,334.53,,
59345,LLB-16CW-01-00,0,0,0,13.71,,
59346,GP1500-01,0,0,0,276.35,,
59347,LLB-45RU-91-K1,0,0,0,113.44,,
59349,GP1500-11,0,0,0,276.35,,
59351,GP1040-10,0,0,0,334.53,,
59353,GP1500-05,0,0,0,276.35,,
59354,GP1500-04,0,0,0,276.35,,
59355,GP1040-25,0,0,0,334.53,,
59361,GP1040-24,0,0,0,334.53,,
59362,GP1500-02,0,0,0,276.35,,
59363,GP1040-28,0,0,0,334.53,,
59364,GP1040-27,0,0,0,334.53,,
59366,GP1040-22,0,0,0,334.53,,
59367,11501000,3,2,1,47.09,,
59368,GP1040-21,0,0,0,334.53,,
59376,SK129,0,0,0,181.81,,
59379,SK130,0,0,0,181.81,,
59394,DS0006,8,6,2,133.33,,
59395,LV1215,38,18,20,16.50,,
59396,F1100W,6,4,2,642.00,,
59397,S600W,4,2,2,526.05,,
59398,BP0527,10,4,6,125.76,,
59399,WM8284,2,2,0,290.07,,
59400,WM8484,13,1,12,301.38,,
59401,GP1354,93,46,47,30.86,,
59402,S360EW,11,2,9,639.65,,
59403,S1100W,0,0,0,681.00,,
59404,SS5012,10,7,3,30.74,,
59405,SS1012,11,3,8,36.45,,
59406,BE1482,15,8,7,94.09,,
59407,BE1484,10,5,5,106.00,,
59408,BE9003,66,30,36,36.45,,
59409,BE9006,18,11,7,59.03,,
59415,73-103-F,5,5,0,16.87,,
59421,WLOCKLP30,0,0,0,123.57,,
59427,USG-2,0,0,0,134.13,,
59428,DIN-KIT-2,0,0,0,13.42,,
59432,TKA01,0,0,0,7.59,,
59433,TKA02,0,0,0,5.53,,
59446,MRWT40,0,0,0,96.73,189.99,
59454,MRGB65S,9,5,4,88.67,144.99,
59455,SET0151,0,0,0,49.83,,
59485,320899,15,5,10,84.23,,
59486,MI-1050-ORS,2,0,2,68.61,,
59488,CA-0172-MO,0,0,0,158.09,,
59489,CA-0175-MO,6,4,2,275.59,,
59491,03-1226-23S,5,4,1,20.06,,
59492,03-1226-23G,3,2,1,20.06,,
59495,"AL 01706",11,10,1,10.81,17.95,
59496,"AL 01710",8,5,3,50.72,69.95,
59497,"CR 01606",25,6,19,10.81,17.95,
59498,"CR 01610",6,4,2,50.72,69.95,
59500,940200210,9,9,0,299.99,,
59501,14190-7,41,20,21,25.82,,
59502,14191-7,11,6,5,31.46,,
59513,308-0163-25,3,2,1,69.69,,
59514,308-0163-50,0,0,0,106.59,,
59515,308-0163-75,0,0,0,131.19,,
59517,308-0164-25,0,0,0,79.62,,
59518,308-0164-50,0,0,0,100.58,,
59520,308-0164-100,0,0,0,146.68,,
59521,4115028,30,15,15,23.46,,
59522,4113315,2,0,2,19.27,,
59526,308-0251-30-00,0,0,0,98.39,,
59527,308-0252-30-00,0,0,0,98.39,,
59528,308-0253-30-00,0,0,0,381.29,,
59529,308-0254-30-00,0,0,0,381.29,,
59551,F31-2200BXY-4A,0,0,0,64.40,,
59552,F31-2230BXY-4A,0,0,0,82.28,,
59556,HRMK2103,0,0,0,268.30,,
59557,10-24664-09,2,1,1,260.11,,
59568,BE2002,3,2,1,86.53,,
59570,SI8284,5,5,0,263.65,,
59571,SI8484,13,4,9,304.91,,
59572,E70321,1,1,0,1087.99,,
59594,CMP31W,0,0,0,99.99,,
59596,6830,2,0,2,149.15,157.50,
59597,6400-R,5,2,3,278.58,,
59598,6832,0,0,0,490.06,517.50,
59635,010-01142-30,0,0,0,337.49,,
59683,250140101,7,7,0,143.59,,
59699,010-01966-00,11,3,8,472.49,,
59700,GP1800,0,0,0,298.17,,
59701,GP1900-01,0,0,0,319.99,,
59702,GP2040-22,0,0,0,334.53,,
59703,GP2040-21,0,0,0,334.53,,
59715,010-01960-00,3,1,2,74.99,,
59716,010-01960-01,2,2,0,74.99,,
59743,DT820BV-235-N2,0,0,0,401.14,534.00,
59744,DT812BV-235-N2,0,0,0,401.14,534.00,
59747,0443004PLB,0,0,0,215.44,,
59748,0443005PLB,0,0,0,241.44,,
59749,0443006PLB,0,0,0,322.31,,
59763,111801,0,0,0,179.69,,271.69
59764,111800,1,0,1,168.12,,254.29
59765,111803,0,0,0,195.29,,309.29
59766,111802,10,4,6,169.68,,255.89
59767,112203,8,0,8,25.11,,39.09
59768,112204,0,0,0,25.11,,39.09
59769,112205,0,0,0,25.60,,38.09
59770,101227,6,6,0,26.98,,41.69
59771,112223,28,6,22,24.94,,38.99
59772,112224,17,1,16,24.94,,38.99
59773,112225,8,3,5,25.17,,39.39
59774,101228,24,12,12,25.17,,39.39
59775,101049,14,11,3,19.74,,30.09
59776,101050,4,3,1,19.73,,30.09
59777,101051,0,0,0,19.68,,30.09
59778,101225,0,0,0,21.01,,32.19
59779,101052,0,0,0,19.73,,30.09
59780,101053,8,5,3,19.74,,30.09
59781,101054,0,0,0,21.21,,32.09
59782,101226,0,0,0,19.52,,29.59
59786,199276,0,0,0,1.49,,
59787,199277,0,0,0,3.12,,
59788,199280,0,0,0,1.95,,
59789,199281,0,0,0,4.69,,
59790,199284,0,0,0,2.34,,
59791,199285,0,0,0,5.85,,
59808,R70375,9,4,5,36.89,,
59812,IRHT-01,0,0,0,236.15,,
59815,TFTDBE-5H,1,0,1,64.04,,
59822,2073-F,3,1,2,133.55,,
59823,2074-F,0,0,0,132.69,,
59824,2075-F,0,0,0,184.23,,
59835,261-2319-00,14,6,8,66.16,,
59839,OC17SUK42,10,4,6,209.30,,
59852,B164-0-BL,0,0,0,954.89,1275.00,
59857,USB-62C,2,2,0,29.24,,
59858,MC70BK,3,0,3,22.60,,
59859,RA5001BK,1,0,1,102.56,,
59860,RA5001WH,0,0,0,102.56,,
59867,RA5002BK,0,0,0,102.56,,
59868,RA5002WH,0,0,0,102.56,,
59869,RA5003BK,0,0,0,102.56,,
59870,RA5003WH,0,0,0,102.56,,
59876,18673-0001-P,15,10,5,43.60,,
59877,HYDBOLTCON,8,6,2,257.84,,
59878,3962.1,140,65,75,17.82,,
59879,3963.1,159,67,92,12.98,,
59880,3964.1,127,57,70,20.66,,
59881,3965.1,135,54,81,15.09,,
59882,"ANGLE FINDER",1,0,1,13.44,,
59884,010-01966-11,3,2,1,1274.99,,
59885,27626,9,7,2,65.39,114.99,
59886,27646,16,11,5,101.42,174.99,
59889,010-01961-00,2,2,0,157.49,,
59890,010-01961-10,1,0,1,551.24,,
59891,010-01961-11,0,0,0,1049.99,,
59896,BP4772,33,12,21,141.51,,
59898,BP4774,0,0,0,146.54,,
59921,242243,14,9,5,18.86,,
59922,252243,30,16,14,2.21,,
59923,242264,15,6,9,32.83,,
59924,252264,20,10,10,3.50,,
59925,242294,9,3,6,46.48,,
59926,5557-P12A7,15,3,12,38.39,,
59927,119005,4,1,3,371.60,,
59928,14192-7,12,7,5,34.33,,
59929,14193-7,0,0,0,45.96,,
59930,14194-7,6,4,2,29.11,,
59931,14195-7,3,3,0,43.77,,
59932,12048-4,6,6,0,11.92,,
59933,12049-4,27,3,24,20.31,,
59934,9097-5,40,10,30,8.18,,
59935,9098-5,62,17,45,8.34,,
59936,11930-4,5,1,4,64.62,,
59939,58040-3012,0,0,0,830.11,,
59940,58040-3024,2,2,0,913.12,,
59944,58240-3012,11,5,6,913.12,,
59946,58240-3024,0,0,0,913.12,,
59947,SVC-KIT-DBL,2,1,1,137.22,,
59948,68551,6,4,2,79.99,,
59950,010-01966-10,1,1,0,712.49,,
59954,DS0005,68,22,46,106.68,,
59957,010-12152-10,2,2,0,22.49,,
59961,RA5004BK,1,0,1,102.56,,
59962,RA5004WH,1,0,1,102.56,,
59966,341010,18,12,6,5.13,,
59968,343010,0,0,0,5.13,,
59971,346010,0,0,0,5.13,,
59972,347010,7,0,7,5.13,,
59974,331066,53,15,38,3.93,,
59979,336066,24,8,16,3.93,,
59980,337066,50,29,21,3.93,,
59982,339066,25,13,12,2.63,,
59999,703005,7,5,2,19.64,,
60000,703006,4,2,2,82.38,,
60001,703040,17,8,9,207.80,,
60002,703050,8,5,3,141.31,,
60005,702027,7,5,2,29.08,,
60006,702030,3,1,2,42.45,,
60007,230612,10,7,3,1.95,,
60008,210612,4,2,2,11.52,,
60009,220612,13,4,9,23.56,,
60010,RA5005BK,5,3,2,102.56,,
60011,RA5005WH,4,2,2,102.56,,
60012,RA5201BK,4,2,2,102.56,,
60013,RA5201WH,0,0,0,102.56,,
60014,S15-504,4,2,2,46.38,,
60015,RA5202BK,0,0,0,102.56,,
60016,RA5202WH,2,0,2,102.56,,
60017,199264,5,3,2,28.87,,
60018,RA5203BK,3,0,3,102.56,,
60019,199265,15,4,11,43.30,,
60020,199266,0,0,0,50.71,,
60021,RA5203WH,1,1,0,102.56,,
60025,150BBIW,47,18,29,20.51,,
60031,700,5,2,3,28.91,,
60032,701,67,45,22,26.04,,
60033,721,4,3,1,53.52,,
60034,720,10,7,3,70.72,,
60035,IST-10MM-1S,3,3,0,12.23,,
60036,702-2S,16,12,4,34.74,,
60039,301103,0,0,0,1.71,,
60040,301106,0,0,0,9.05,,
60041,301124,4,1,3,16.12,,
60042,301148,39,11,28,5.77,,
60043,302103,2,2,0,2.01,,
60044,302106,8,6,2,11.22,,
60045,302124,0,0,0,19.72,,
60046,302148,10,5,5,6.79,,
60047,303103,8,6,2,2.37,,
60048,303106,9,5,4,13.95,,
60049,303124,6,3,3,24.80,,
60050,303148,55,8,47,8.51,,
60051,303603,5,3,2,2.59,,
60052,303606,5,3,2,13.16,,
60053,303624,5,2,3,23.48,,
60054,303648,16,3,13,8.48,,
60055,304103,16,11,5,2.73,,
60056,304106,21,5,16,7.83,,
60057,304124,28,10,18,13.95,,
60058,304148,29,3,26,9.38,,
60059,304602,0,0,0,2.01,,
60060,304603,9,5,4,2.73,,
60061,304606,8,1,7,7.83,,
60062,304624,10,3,7,13.77,,
60063,304648,24,4,20,9.51,,
60065,305103,18,15,3,3.08,,
60066,305106,18,9,9,9.16,,
60067,305124,35,14,21,16.33,,
60068,305148,66,21,45,11.22,,
60069,305602,7,0,7,2.92,,
60070,305603,7,3,4,3.06,,
60071,305624,15,3,12,16.33,,
60072,305648,51,10,41,11.22,,
60073,306103,10,7,3,4.79,,
60074,306106,27,9,18,11.60,,
60075,306124,12,1,11,20.74,,
60076,306148,68,7,61,17.67,,
60078,306602,5,1,4,3.40,,
60079,306603,6,4,2,4.79,,
60080,306606,8,5,3,11.60,,
60081,306624,16,6,10,20.74,,
60082,306648,22,2,20,17.67,,
60083,306924,8,3,5,19.38,,
60084,307103,3,3,0,6.06,,
60085,307106,0,0,0,10.29,,
60086,307124,8,5,3,19.72,,
60087,307148,11,5,6,22.42,,
60088,307624,8,5,3,18.66,,
60089,307648,14,1,13,22.69,,
60090,307906,0,0,0,10.26,,
60216,44412-1045,11,5,6,48.32,,
60219,44412-2045,2,2,0,62.83,,
60248,180003,15,12,3,5.29,,
60249,100010,6,3,3,12.57,,
60250,100025,13,11,2,28.37,,
60251,100050,0,0,0,49.41,,
60253,180103,4,2,2,5.79,,
60254,100110,10,7,3,12.57,,
60255,100125,0,0,0,28.37,,
60256,100150,2,0,2,49.41,,
60261,100250A,1,0,1,44.99,,
60263,180303,1,1,0,5.29,,
60264,100310,4,2,2,12.57,,
60265,100325,0,0,0,28.37,,
60266,100350,3,1,2,49.41,,
60268,180403,3,2,1,5.49,,
60274,100510,6,5,1,11.49,,
60276,100550,1,0,1,44.99,,
60278,180603,4,2,2,5.29,,
60313,SP-400-RB,11,8,3,36.49,,
60321,100610,3,1,2,11.49,,
60330,180803,13,11,2,5.29,,
60331,100810,10,6,4,12.57,,
60332,100825,10,6,4,28.37,,
60333,100850,0,0,0,49.41,,
60335,180903,2,0,2,4.99,,
60336,100910,5,2,3,12.57,,
60337,100925,0,0,0,28.37,,
60338,100950,0,0,0,49.41,,
60340,181003,5,2,3,5.49,,
60341,101010,3,1,2,12.57,,
60342,101025,0,0,0,28.37,,
60343,101050,0,0,0,49.41,,
60345,101910,1,0,1,12.99,,
60348,182003,4,4,0,5.29,,
60349,102025,8,5,3,34.39,,
60350,102050,6,4,2,63.61,,
60351,102099,6,2,4,94.99,,
60353,102110,6,2,4,14.28,,
60354,102125,6,2,4,34.39,,
60355,102150,0,0,0,63.61,,
60358,102210,4,2,2,14.28,,
60359,102225,0,0,0,34.39,,
60360,102250,0,0,0,63.61,,
60363,102310,4,2,2,14.28,,
60364,102325AA,0,0,0,34.39,,
60365,102350,0,0,0,63.61,,
60368,102425,0,0,0,34.39,,
60369,102450,0,0,0,63.61,,
60371,94-181-04,1,0,1,9.91,,
60376,AK1557,27,18,9,28.32,,
60378,100400-200-004-16,35,20,15,69.77,,
60405,010-11413-10,0,0,0,89.99,,
60410,102510,5,2,3,14.28,,
60411,102525,0,0,0,34.39,,
60412,102550,4,2,2,63.61,,
60413,102599,8,0,8,89.99,,
60415,102610,5,2,3,14.28,,
60416,102625,0,0,0,34.39,,
60417,102650,0,0,0,63.61,,
60419,102710,5,1,4,14.28,,
60420,102725,0,0,0,34.39,,
60421,102750,0,0,0,63.61,,
60423,182803,10,1,9,5.29,,
60424,102825,11,7,4,34.39,,
60425,102850,7,6,1,63.61,,
60427,182903,2,2,0,4.99,,
60428,102910,10,7,3,14.28,,
60429,102925,6,3,3,34.39,,
60430,102950,0,0,0,63.61,,
60432,183003,1,0,1,4.99,,
60433,103025,0,0,0,34.39,,
60434,103050,0,0,0,63.61,,
60477,121910,7,3,4,29.94,,
60478,121925,5,2,3,70.00,,
60479,121950,3,1,2,132.51,,
60481,121725,8,4,4,89.35,,
60482,121750,3,0,3,169.56,,
60484,121799,1,1,0,309.99,,
60486,121510,12,3,9,47.90,,
60487,121525,5,1,4,114.96,,
60488,121550,6,2,4,219.96,,
60491,121310,6,0,6,68.39,,
60492,121325,9,5,4,166.12,,
60493,121350,5,2,3,319.82,,
60494,121125,6,3,3,241.21,,
60496,121140,3,1,2,381.44,,
60498,120905,5,2,3,86.74,,
60499,120925,5,2,3,407.02,,
60500,120705,1,0,1,139.99,,
60521,FVSLTB152700A00,7,4,3,49.24,,
60526,189130,0,0,0,13.56,,
60527,189131,6,2,4,13.56,,
60528,189134,0,0,0,17.04,,
60529,189135,0,0,0,17.04,,
60530,189136,1,1,0,20.74,,
60531,189137,2,2,0,20.74,,
60532,189140,5,3,2,16.61,,
60533,189141,4,2,2,16.61,,
60534,189144,0,0,0,21.12,,
60535,189145,2,2,0,21.12,,
60536,189146,0,0,0,26.60,,
60537,189147,0,0,0,26.60,,
60542,121710,10,0,10,37.70,,
60565,001-409-510-00,0,0,0,196.36,,
60571,COK-0001B-2,13,12,1,17.78,,
60572,COK-0001T-2,0,0,0,27.10,,
60573,COK-0004G-2,6,3,3,7.74,,
60575,COK-0017-2,7,4,3,5.06,,
60576,COK-0018-2,1,0,1,9.99,,
60577,COK-0020-2,0,0,0,28.64,,
60578,COK-0022-2,7,2,5,30.08,,
60579,COK-0021-2,5,3,2,21.35,,
60580,COK-0043-1,0,0,0,100.36,,
60581,F16-1200-2,10,6,4,9.44,,
60582,RK-0002MP,5,2,3,163.24,,
60583,RK-0003MP,0,0,0,356.23,,
60584,RK-0003PB,4,2,2,299.99,,
60587,010-04284-00,0,0,0,157.49,,
60588,010-04283-00,0,0,0,119.99,,
60589,1175-BUCKET,0,0,0,196.06,,
60600,CA-0025-TG,0,0,0,121.98,,
60608,6303-0001-P,11,5,6,23.95,,
60614,010-12466-01,0,0,0,12.99,,
60625,FVSGANBTQ110A00,0,0,0,33.39,,
60629,FVSGEL110000A00,0,0,0,40.21,,
60630,FVSGEL125000A00,0,0,0,40.21,,
60634,S-3514,0,0,0,77.36,,
60635,S-3515,0,0,0,97.74,,
60636,S-3516,4,2,2,39.70,,
60637,S-3517,0,0,0,70.84,,
60638,6844C,2,0,2,34.52,,
60639,6846C,2,2,0,50.41,,
60641,S-5085P,0,0,0,6.34,,
60642,S-5086P,4,2,2,6.34,,
60649,A80275,2,0,2,112.49,,
60650,A80274,1,0,1,79.16,,
60651,A80310,4,2,2,183.32,,
60652,B4-619W2,0,0,0,5746.07,,
60654,210,0,0,0,5.29,,8.98
60655,270,32,20,12,4.28,,6.98
60656,272,5,3,2,7.31,,10.98
60657,274,9,9,0,5.69,,8.98
60658,276,3,0,3,7.06,,10.98
60659,278,0,0,0,3.70,,5.98
60661,281,7,7,0,9.68,,14.98
60662,282,19,14,5,3.14,,4.98
60663,284,19,16,3,6.81,,10.98
60664,285,1,0,1,19.84,,29.98
60665,288,9,9,0,8.13,,12.98
60666,293,4,1,3,13.55,,21.98
60667,294,11,6,5,24.95,,41.38
60671,10423,10,4,6,21.24,,
60716,6007,0,0,0,1343.53,,
60720,GPA021S,0,0,0,414.55,,
60721,ASK904B.64,8,5,3,235.63,364.99,
60723,MUSB35,35,28,7,14.45,34.99,
60724,124925,3,1,2,72.68,,
60725,124950,4,2,2,131.62,,
60727,124725,0,0,0,89.35,,
60728,124799,0,0,0,332.65,,
60729,124502,3,3,0,18.99,,
60730,124525,6,2,4,115.13,,
60731,124550,4,1,3,219.96,,
60733,124325,4,0,4,165.20,,
60734,124350,3,1,2,317.98,,
60735,124102,3,3,0,28.99,,
60736,124125,4,1,3,249.73,,
60737,124140,4,2,2,381.44,,
60739,123905,5,3,2,86.74,,
60740,123910,9,6,3,168.20,,
60742,123705,5,2,3,131.72,,
60743,123710,4,2,2,256.15,,
60744,126710,6,3,3,68.23,,
60745,126725,0,0,0,137.04,,
60746,126750,0,0,0,270.51,,
60747,126510,2,0,2,95.77,,
60748,126525,0,0,0,187.66,,
60749,126550,1,1,0,367.27,,
60750,126310,1,0,1,133.10,,
60751,126325,5,2,3,263.21,,
60752,126350,0,0,0,519.95,,
60753,154010,3,1,2,84.96,,
60754,154030,3,2,1,169.99,,
60755,154510,7,4,3,64.52,,
60756,154525,0,0,0,151.29,,
60757,153110,4,1,3,36.62,,
60758,153125,8,3,5,77.11,,
60759,153150,5,2,3,150.71,,
60760,141410,4,2,2,200.61,,
60761,141425,0,0,0,450.20,,
60762,153010,1,1,0,37.99,,
60777,260-11795,0,0,0,38.05,,
60778,260-11796,2,2,0,38.05,,
60785,350-11800,2,2,0,16.19,,
60788,310-11801,2,1,1,16.19,,
60791,301-11802,5,3,2,16.19,,
60792,382-11803,0,0,0,16.19,,
60794,382-11804,0,0,0,16.19,,
60795,332-11805,5,2,3,16.19,,
60809,184203,2,1,1,5.99,,
60810,104225,0,0,0,47.65,,
60811,104250,0,0,0,85.67,,
60814,104325,0,0,0,47.65,,
60815,104350,0,0,0,85.67,,
60818,104410,9,5,4,20.54,,
60819,104425,0,0,0,47.65,,
60820,104450,0,0,0,85.67,,
60822,184503,4,4,0,5.49,,
60823,104525,10,0,10,47.65,,
60824,104550,0,0,0,85.67,,
60826,184603,6,4,2,5.49,,
60827,104625,0,0,0,47.65,,
60828,104650,0,0,0,85.67,,
60829,184703,35,35,0,5.29,,
60830,104725,4,2,2,45.43,,
60831,104750,0,0,0,85.67,,
60832,184803,11,11,0,5.49,,
60833,104825,6,3,3,47.65,,
60834,104850,6,2,4,85.67,,
60836,184903,2,2,0,5.99,,
60837,104910,5,2,3,20.54,,
60838,104925,10,3,7,47.65,,
60839,104950,0,0,0,85.67,,
60841,185003,5,4,1,5.49,,
60842,105025,3,1,2,47.65,,
60843,105050,4,2,2,85.67,,
60846,106002,3,3,0,10.99,,
60847,106025,7,4,3,69.87,,
60848,106040,3,0,3,94.99,,
60849,106102,8,3,5,10.99,,
60850,106110,6,4,2,27.83,,
60851,106125,0,0,0,69.87,,
60852,106140,1,0,1,79.99,,
60855,106210,5,2,3,28.30,,
60859,106302,4,3,1,10.99,,
60860,106325,0,0,0,69.87,,
60865,106510,3,1,2,27.60,,
60866,106525,0,0,0,69.87,,
60879,106825,8,4,4,69.87,,
60880,106840,1,1,0,94.99,,
60882,P10068,7,4,3,227.33,,
60885,108025,4,2,2,103.68,,
60886,108050,2,0,2,209.28,,
60889,108110,0,0,0,43.44,,
60890,108125,0,0,0,103.68,,
60891,108150,0,0,0,209.28,,
60895,108210,5,2,3,32.99,,
60900,108325,0,0,0,112.71,,
60901,108350,0,0,0,226.72,,
60904,108510,1,0,1,43.44,,
60905,108525,0,0,0,103.68,,
60906,108550,0,0,0,209.28,,
60909,108802,10,7,3,16.99,,
60910,108825,4,0,4,103.68,,
60911,108850,3,1,2,209.28,,
60913,108902,4,3,1,16.99,,
60914,PSW5,0,0,0,17.33,,
60915,108925,0,0,0,112.71,,
60916,108950,0,0,0,226.72,,
60918,109002,2,2,0,16.99,,
60919,109010,8,5,3,46.02,,
60920,109025,10,7,3,112.71,,
60921,109050,0,0,0,226.72,,
60923,109302,10,6,4,16.99,,
60924,109310,0,0,0,53.38,,
60925,109325,0,0,0,130.74,,
60926,109350,0,0,0,252.89,,
60928,3764.1,93,58,35,16.00,,
60980,MC0075-3130,2,2,0,57.37,,
60981,MC0075-1132,0,0,0,57.37,,
60984,S8101512,11,8,3,47.08,,
60985,010-11969-00,2,1,1,37.49,,
60987,WFPC-6,0,0,0,14.76,,
60988,WFPC-6.5,0,0,0,14.76,,
60989,WFPC-7,0,0,0,16.67,,
60990,WFPC-7.5,0,0,0,16.67,,
60991,WFPC-8,0,0,0,17.46,,
60992,WFPC-8.5,0,0,0,17.46,,
60993,WFPC-9,0,0,0,19.46,,
60994,WFPC-9.5,0,0,0,19.46,,
60995,WFPC-10,0,0,0,24.46,,
60996,WFPC-10.5,0,0,0,24.46,,
60997,WFPC-11,0,0,0,25.59,,
60998,WFPC-11.5,0,0,0,26.71,,
60999,WFPC-12,0,0,0,27.28,,
61000,WFPC-12.5,0,0,0,28.38,,
61001,WFPC-13,0,0,0,29.50,,
61002,WFPC-13.5,0,0,0,30.62,,
61003,WFPC-14,0,0,0,32.86,,
61004,WFPC-14.5,0,0,0,32.86,,
61005,WFPC-15,0,0,0,35.07,,
61006,WFPC-15.5,0,0,0,35.07,,
61014,142012304,0,0,0,40.14,,
61038,2020,50,25,25,13.04,,
61039,326103,4,2,2,5.09,,
61040,326106,0,0,0,8.69,,
61041,326124,0,0,0,16.83,,
61042,326148,7,5,2,18.30,,
61043,326202,8,2,6,3.77,,
61044,326603,9,4,5,5.14,,
61045,326606,0,0,0,8.69,,
61046,326624,5,2,3,16.60,,
61047,326648,12,5,7,18.30,,
61048,327124,9,6,3,13.72,,
61049,327148,7,4,3,22.42,,
61050,327202,0,0,0,4.80,,
61051,327606,0,0,0,7.48,,
61052,327624,7,4,3,13.72,,
61053,327648,11,3,8,22.13,,
61054,316825,6,3,3,34.47,,
61055,316925,4,2,2,21.62,,
61056,317825,11,5,6,36.34,,
61057,317925,6,2,4,21.62,,
61058,320825,11,6,5,41.59,,
61059,320925,4,2,2,24.57,,
61060,320999,4,2,2,49.13,,
61061,7928,5,5,0,13.49,,
61062,7929,54,28,26,12.77,,
61063,7930,14,4,10,14.81,,
61064,7931,8,5,3,13.76,,
61065,7932,13,5,8,12.80,,
61066,7933,10,4,6,16.82,,
61067,7934,13,8,5,17.11,,
61068,7935,7,2,5,13.85,,
61069,7936,10,5,5,17.56,,
61070,7937,15,5,10,17.00,,
61071,7938,10,5,5,17.00,,
61072,7939,5,5,0,17.00,,
61194,E70342,6,4,2,79.16,,
61195,E70339,1,1,0,174.99,,
61196,E70340,0,0,0,287.49,,
61197,E70341,2,1,1,287.49,,
61229,FLKMT0000000A00,2,2,0,156.05,,
61245,300-036,1,0,1,1596.35,,1795.90
61246,400-404,0,0,0,48.84,,54.95
61252,62-541-MARINE,1,0,1,52.44,,
61254,62-541-MARINE-RLY-NC,6,6,0,52.44,,
61257,62-542-MARINE,32,14,18,52.44,,
61258,62-542-MARINE-RLY-NC,9,9,0,52.44,,
61267,SA-1000XL,7,3,4,61.46,,
61268,SA-6200,12,11,1,19.23,,
61317,F16-0006L,7,6,1,93.54,,
61318,F16-0005A,5,0,5,155.44,,
61322,P1120Z-41HAE,0,0,0,102.44,,
61323,A3120Z-41HAE,10,0,10,89.63,,
61325,SEMF06,7,7,0,45.00,,
61335,F16-0800-1,0,0,0,298.19,,
61336,F31-0780BXY-1,1,1,0,299.99,,
61337,F31-0781BXY-1,2,0,2,349.10,,
61338,BFPC-10.5,0,0,0,24.46,,
61339,BFPC-11.5,0,0,0,26.71,,
61345,001-248-170-00,0,0,0,373.64,,
61346,52520-1000,9,3,6,564.81,,
61374,MM3-VNA-027,0,0,0,227.27,,
61378,001-341-820-00,0,0,0,402.73,,
61407,111002,6,4,2,24.99,,
61408,111005,5,3,2,47.24,,
61409,111025,3,1,2,175.60,,
61412,111302,1,1,0,23.99,,
61413,111305,6,4,2,47.24,,
61414,111325,7,3,4,175.60,,
61417,111505,9,4,5,47.24,,
61418,111525,4,1,3,175.60,,
61421,111705,0,0,0,47.24,,
61422,111710,0,0,0,71.38,,
61423,111725,0,0,0,175.60,,
61427,111905,3,2,1,47.24,,
61428,111925,4,2,2,175.60,,
61431,112005,7,4,3,63.61,,
61432,112025,2,0,2,276.55,,
61435,112305,4,2,2,63.61,,
61436,112325,4,2,2,276.55,,
61439,112505,4,1,3,63.61,,
61440,112525,1,0,1,276.55,,
61443,112702,5,2,3,29.99,,
61444,112705,0,0,0,63.61,,
61445,112710,3,1,2,114.83,,
61446,112725,0,0,0,276.55,,
61449,112902,6,5,1,29.99,,
61450,112905,4,1,3,63.61,,
61451,112910,6,3,3,114.83,,
61452,112925,0,0,0,276.55,,
61456,GSE-1939BSA30-C,0,0,0,364.13,,
61468,"WB 201-50",8,8,0,26.03,37.95,
61469,"SM 10250-50",0,0,0,25.71,34.95,
61472,R109C-LH,0,0,0,2914.06,3900.00,
61476,S72-0632,0,0,0,435.15,,
61487,BFPC-6,0,0,0,14.76,,
61488,BFPC-6.5,0,0,0,14.76,,
61489,BFPC-7,0,0,0,16.67,,
61490,BFPC-7.5,0,0,0,16.67,,
61491,BFPC-8,0,0,0,17.46,,
61492,BFPC-8.5,0,0,0,17.46,,
61493,BFPC-9,0,0,0,19.46,,
61494,BFPC-9.5,0,0,0,19.46,,
61495,BFPC-10,0,0,0,24.46,,
61496,BFPC-11,4,4,0,25.59,,
61497,BFPC-12,0,0,0,27.28,,
61498,BFPC-12.5,0,0,0,28.38,,
61499,BFPC-13,0,0,0,29.50,,
61500,BFPC-13.5,0,0,0,30.62,,
61501,BFPC-14,0,0,0,32.86,,
61502,BFPC-14.5,0,0,0,32.86,,
61503,BFPC-15,0,0,0,35.07,,
61504,BFPC-15.5,0,0,0,35.07,,
61507,210613,33,21,12,5.85,,
61513,010-01504-00,0,0,0,143.99,,
61518,1160-F,7,2,5,75.61,,
61519,73-106-F,23,6,17,15.69,,
61520,96-306-F,0,0,0,27.99,,
61537,360-406,0,0,0,40.97,,
61538,323-479,14,6,8,25.77,,
61541,360-430,0,0,0,38.31,,
61543,010-11351-40,2,0,2,37.49,,
61544,323-478,5,5,0,28.80,,
61546,360-003,7,5,2,35.21,,
61547,MM3-FNA-022,0,0,0,90.91,,
61564,58356,17,8,9,48.31,,
61565,58358,15,12,3,48.29,,
61567,"PB 101-50",0,0,0,24.84,34.95,
61574,MM3-VNA-022,0,0,0,227.27,,
61580,11865-4,10,8,2,30.94,,
61582,11830-2,13,7,6,16.05,,
61585,385320007,6,4,2,21.25,,
61586,30140-001D,0,0,0,15.45,,
61592,360-410,11,11,0,38.21,,
61593,360-801,9,4,5,35.59,,
61598,340-020,1,0,1,42.99,,
61605,230-604,8,0,8,19.53,,
61606,230-404,5,2,3,16.72,,
61607,230-515,10,5,5,16.72,,
61608,230-504,6,3,3,16.72,,
61609,600-802,8,4,4,5.14,,
61613,226-001,10,6,4,31.40,,
61614,226-007,7,6,1,31.89,,
61615,226-163,0,0,0,35.84,,
61616,226-162,0,0,0,36.25,,
61621,CBL-10M-IRID,0,0,0,194.44,,
61622,CBL-15M-IRID,2,2,0,219.99,,
61623,CBL-20M-IRID,1,1,0,275.00,,
61641,226-615,5,3,2,33.25,,
61642,226-618,2,2,0,33.25,,
61644,226-620,4,2,2,33.25,,
61645,226-623,0,0,0,33.25,,
61646,226-625,6,3,3,35.39,,
61647,226-627,5,3,2,35.39,,
61648,226-630,4,1,3,38.28,,
61649,226-633,4,2,2,38.28,,
61650,226-635,6,3,3,41.51,,
61651,226-640,7,3,4,44.15,,
61652,226-645,5,2,3,46.63,,
61653,226-660,5,3,2,42.00,,
61654,226-666,3,1,2,62.64,,
61655,226-680,7,1,6,64.59,,
61656,226-690,0,0,0,76.95,,
61657,600-880,2,0,2,6.00,,
61658,600-878,11,5,6,6.88,,
61659,600-879,0,0,0,10.36,,
61661,600-840,10,2,8,5.92,,
61662,600-815,2,0,2,4.42,,
61663,RMX4500,0,0,0,385.44,,
61666,A0-SIDE-175,0,0,0,1490.12,,
61667,A1-2000-MIN,0,0,0,2042.35,,
61678,"HTM-3 ORANGE",6,4,2,69.99,,
61680,FAP7011C-A,0,0,0,977.08,,
61682,1238SC,8,5,3,44.87,,
61685,114117,0,0,0,104.65,,158.39
61686,MBB300C-01,0,0,0,1436.88,,
61687,PT-0-1.5PSI-01,2,0,2,156.10,,
61691,113005,8,3,5,81.28,,
61692,113025,0,0,0,382.99,,
61694,113505,4,1,3,81.28,,
61695,113525,5,2,3,382.99,,
61696,113905,2,0,2,81.28,,
61697,113925,0,0,0,382.99,,
61699,114005,3,1,2,131.20,,
61700,114025,1,1,0,579.99,,
61702,114505,4,2,2,131.20,,
61703,114525,3,3,0,549.99,,
61704,114905,5,2,3,131.20,,
61707,115002,0,0,0,119.17,,
61708,115005,5,2,3,167.11,,
61710,115502,4,2,2,119.17,,
61711,115505,5,2,3,167.11,,
61713,115902,0,0,0,119.17,,
61714,115905,0,0,0,167.11,,
61716,116002,7,4,3,105.57,,
61717,116005,6,4,2,197.78,,
61719,116502,6,2,4,105.57,,
61720,116505,6,3,3,197.78,,
61722,116902,0,0,0,105.57,,
61723,116905,3,1,2,197.78,,
61725,117002,7,3,4,131.34,,
61727,117502,5,2,3,131.34,,
61729,117902,7,4,3,131.34,,
61730,117920,1,1,0,749.99,,
61734,E70097,2,1,1,2127.71,,
61737,010-11422-00,0,0,0,37.49,,
61740,E70346,2,1,1,745.91,,
61748,0440-BK-4,0,0,0,7.53,,
61749,0440-BK-8,15,15,0,10.16,,
61751,0282-BK,12,12,0,25.13,,
61760,FX-7-AS,11,7,4,321.23,,
61761,FX-11-AS,9,6,3,374.89,,
61763,E70327,15,11,4,533.96,,
61770,A80351,3,2,1,99.99,,
61772,P101,17,11,6,289.99,,
61777,G-3040C,6,2,4,12.83,,
61778,G-3040SSC,6,2,4,30.41,,
61779,G-31120C,0,0,0,39.52,,
61780,G-31120SSC,0,0,0,78.08,,
61781,G-3120C,5,3,2,12.83,,
61782,G-3120SSC,4,2,2,28.61,,
61783,G-3140C,2,0,2,12.83,,
61784,G-3140SSC,0,0,0,29.04,,
61785,G-3320C,8,1,7,12.83,,
61786,G-3320SSC,0,0,0,31.95,,
61787,G-3330C,0,0,0,12.83,,
61788,G-3340C,0,0,0,12.83,,
61789,G-3340SSC,1,0,1,31.95,,
61790,G-3360C,0,0,0,12.83,,
61791,G-3360SSC,2,0,2,31.95,,
61792,G-3420C,0,0,0,12.83,,
61793,G-3420SSC,0,0,0,33.51,,
61794,G-3430C,3,2,1,12.83,,
61796,G-3440SSC,2,2,0,33.51,,
61797,G-3460C,0,0,0,12.83,,
61798,G-3460SSC,0,0,0,33.51,,
61799,G-3490C,0,0,0,12.83,,
61800,G-3480C,3,3,0,12.83,,
61801,G-3490SSC,6,3,3,37.57,,
61802,G-34120C,0,0,0,12.83,,
61803,G-34120SSC,0,0,0,37.57,,
61804,G-3520C,0,0,0,12.83,,
61805,G-3530C,5,2,3,12.83,,
61806,G-3550C,0,0,0,12.83,,
61807,G-3590C,0,0,0,12.83,,
61809,G-3620C,0,0,0,12.83,,
61810,G-3620SSC,0,0,0,32.71,,
61812,G-3630C,0,0,0,12.83,,
61813,112528,22,5,17,77.98,,123.29
61814,G-3630SSC,4,2,2,32.71,,
61815,G-3640C,2,2,0,12.83,,
61816,G-3640SSC,0,0,0,32.71,,
61817,G-3650C,0,0,0,12.83,,
61818,G-3660C,0,0,0,12.83,,
61819,G-3660SSC,2,0,2,36.32,,
61820,G-3690C,0,0,0,12.83,,
61821,G-3690SSC,0,0,0,36.32,,
61822,G-6624C,0,0,0,12.83,,
61823,G-6624SSC,0,0,0,33.52,,
61833,G-3020C,5,3,2,12.83,,
61843,G-3020SSC,5,2,3,30.41,,
61847,LMJ-1,12,4,8,38.49,,
61850,MM3-VNA-026,0,0,0,227.27,,
61875,MCU004,0,0,0,372.13,,
61883,RA5204BK,0,0,0,102.56,,
61897,96-262-F,12,11,1,29.52,,
61909,010-01616-00,0,0,0,562.49,,
61915,LLB-48FW-82-00,0,0,0,22.59,,
61925,M265C-LH,0,0,0,1311.14,1759.00,
61928,P102983,0,0,0,451.33,,
61934,ES-5000-01,5,2,3,368.75,,
61942,B164-20-BL,0,0,0,954.89,1275.00,
61949,010-11425-05,0,0,0,29.99,,
61950,808-1802,8,5,3,144.84,,
61969,SA1200S,3,2,1,78.73,,
61970,010-11251-74,0,0,0,23.99,,
61973,010-11251-86,0,0,0,31.99,,
61974,010-11251-90,0,0,0,31.99,,
61975,010-11251-85,0,0,0,31.99,,
61985,010-12390-21,0,0,0,29.99,,
61986,010-12390-11,3,1,2,59.99,,
61987,131310,4,0,4,99.28,,
61988,"A-5 WHITE",11,8,3,188.04,,
62005,741S-02037,0,0,0,257.33,,
62026,4018,0,0,0,588.35,,
62030,FNTCDEX06000A00,0,0,0,55.08,,
62040,E70305,0,0,0,110.78,,
62043,7879CR,0,0,0,35.17,,
62044,5262CRR,0,0,0,23.83,,
62050,001-122-870-10,0,0,0,460.91,,
62054,7010CAWBX,124,14,110,99.21,,
62055,7010CABBX,0,0,0,99.21,119.99,
62061,41970,0,0,0,50.37,,
62062,41951,5,1,4,26.01,,
62066,58355,9,4,5,48.40,,
62067,58357,6,2,4,48.29,,
62079,"NF-4 WHITE",1,1,0,26.00,,
62084,3154,11,11,0,17.43,,28.98
62085,3130,19,7,12,8.54,,14.98
62087,YBP-5100,8,6,2,17.68,,28.98
62088,120,10,6,4,10.53,,16.98
62089,975,64,38,26,32.49,,49.98
62090,2461,13,7,6,36.56,,59.98
62091,2462,13,7,6,36.56,,59.98
62092,2402,2,0,2,7.65,,11.98
62093,2403,9,3,6,8.41,,12.98
62094,2404,22,10,12,7.65,,11.98
62095,YBP-0301,5,5,0,10.83,,17.98
62096,YBP-0305,10,0,10,10.83,,17.98
62097,YBP-0701,12,8,4,13.09,,19.98
62098,YBP-0801,11,7,4,10.30,,16.98
62099,273,2,2,0,6.19,,10.33
62100,134,25,5,20,6.31,,9.98
62102,760H,6,6,0,7.54,,12.98
62103,833H,2,2,0,9.10,,15.98
62104,855H,1,0,1,11.09,,18.98
62131,MC0075-9002,2,1,1,47.11,,
62132,MC0075-9001,0,0,0,57.37,,
62135,1480,0,0,0,566.14,,
62168,DRS6AX,0,0,0,3964.95,,4895.00
62194,2061-5,18,14,4,8.78,,
62200,2130,82,9,73,5.89,,
62201,2132,127,46,81,5.89,,
62203,2133,111,16,95,5.89,,
62204,2134,211,11,200,5.89,,
62232,RA5204WH,5,5,0,102.56,,
62244,53700,12,6,6,67.74,119.99,
62246,53710,20,16,4,72.70,119.99,
62247,53715,3,0,3,79.48,119.99,
62248,53720,17,9,8,79.48,119.99,
62249,53725,9,4,5,74.51,119.99,
62250,53730,9,3,6,67.74,119.99,
62251,53735,9,5,4,67.74,119.99,
62252,53740,8,5,3,67.74,119.99,
62253,53745,13,10,3,67.74,119.99,
62254,53750,15,2,13,67.74,119.99,
62266,13515,13,8,5,57.07,,
62278,ENP-REMOTE,0,0,0,189.41,,
62318,RODE38,2,1,1,270.00,,
62319,RODE51,1,1,0,480.00,,
62320,RODE52,2,1,1,370.67,,
62322,RODE53,2,0,2,464.67,,
62328,"18753-0178  ",2,1,1,64.75,,
62329,X66,3,2,1,166.95,,
62332,0420-BK,1,1,0,23.53,,
62336,010-11251-44,0,0,0,21.99,,
62379,001-325-990-00,0,0,0,618.18,,
62383,010-01616-10,0,0,0,712.49,,
62388,1854035,3,2,1,60.98,,
62390,1866070,32,3,29,87.16,,
62392,1866550,45,0,45,140.65,,
62393,1866650,10,2,8,266.64,,
62395,1866670,2,2,0,23.96,,
62398,410190-1,0,0,0,216.84,,
62400,410200-1,4,4,0,260.21,,
62405,410150-1,2,2,0,122.87,,
62406,410170-1,0,0,0,193.09,,
62425,740155-1,0,0,0,45.45,,
62429,750013-1,2,2,0,1747.11,,1999.99
62442,600050-1,1,0,1,97.40,,149.99
62460,010-12445-33,0,0,0,26.24,,
62463,010-11976-00,0,0,0,3.49,,
62470,SET0015,0,0,0,228.76,,
62479,SCM-10-BB-20,2,0,2,378.96,,539.00
62481,SCM-10-GW-20,0,0,0,378.96,,539.00
62486,SCM-10-AG-20,0,0,0,378.96,,539.00
62491,SCM-10-UB-20,0,0,0,378.96,,539.00
62493,SCM-10-CR-20,0,0,0,378.96,,539.00
62494,SCM-6-BB-20,0,0,0,282.50,,399.00
62495,SCM-6-GW-20,0,0,0,282.50,,399.00
62501,SCM-6-AG-20,0,0,0,282.50,,399.00
62503,SCM-6-UB-20,0,0,0,282.50,,399.00
62506,SCM-6-CR-20,0,0,0,282.50,,399.00
62513,SCM-4-BB-20,0,0,0,201.25,,299.00
62514,SCM-4-GW-20,0,0,0,201.25,,299.00
62517,SCM-4-AG-20,0,0,0,201.25,,299.00
62522,SCM-4-UB-20,0,0,0,201.25,,299.00
62527,SCM-4-CR-20,0,0,0,201.25,,299.00
62538,SCM-AL-LED-16,6,2,4,115.85,,169.00
62539,SCM-AL-LED-8,10,6,4,83.00,,112.00
62540,SCM-CL-BB-4PACK,0,0,0,88.84,,129.95
62541,SCM-CL-GW-4PACK,0,0,0,88.84,,129.95
62542,SCM-CL-CR-4PACK,0,0,0,88.84,,129.95
62543,SCM-CL-RGB-4PACK,0,0,0,106.62,,149.95
62544,SCM-CL-BB-SS-4PACK,0,0,0,97.65,,139.95
62545,SCM-CL-GW-SS-4PACK,0,0,0,97.65,,139.95
62546,SCM-CL-CR-SS-4PACK,0,0,0,97.65,,139.95
62547,SCM-CL-RGB-SS-4PACK,0,0,0,110.44,,159.95
62550,SCM-PD,0,0,0,178.04,,269.00
62552,SCM-PD-PLUS,0,0,0,299.97,,419.00
62554,SCM-TT-10,0,0,0,120.99,,169.00
62555,SCM-TT-6,0,0,0,120.99,,169.00
62556,SCM-TT-4,0,0,0,120.99,,169.00
62559,131710,5,2,3,50.34,,
62560,131725,0,0,0,124.17,,
62561,131750,0,0,0,231.18,,
62563,RL-513,4,1,3,19.69,,
62564,131525,6,3,3,168.28,,
62568,131325,8,4,4,246.02,,
62569,131370,0,0,0,688.83,,
62570,131130,4,1,3,427.09,,
62571,131150,0,0,0,772.43,,
62572,130902,4,2,2,89.99,,
62573,130905,4,1,3,136.93,,
62574,130910,4,2,2,268.30,,
62575,130705,3,2,1,265.88,,
62576,130710,4,2,2,521.01,,
62577,133710,5,3,2,99.46,,
62578,133725,0,0,0,225.09,,
62579,133510,2,0,2,103.59,,
62580,133525,5,3,2,254.45,,
62583,133310,3,0,3,141.57,,
62584,133325,1,1,0,342.94,,
62587,151725,6,4,2,459.99,,
62588,151550,3,1,2,349.99,,
62616,220011,23,11,12,24.95,,
62617,309000,11,6,5,68.19,,
62618,309001,11,5,6,62.52,,
62619,309101,31,17,14,62.52,,
62620,309201,9,4,5,80.67,,
62621,703023,4,2,2,31.86,,
62622,703075,6,2,4,23.79,,
62623,6396-AIS-R,5,3,2,360.85,,
62624,NPT2000,0,0,0,290.90,,
62644,G10307,15,12,3,10.85,,
62739,RODE59,0,0,0,510.67,,
62740,RODE60,0,0,0,624.00,,
62744,11870-0005,0,0,0,1262.25,,
62754,11841-002,7,2,5,161.78,,
62755,15170-001,129,42,87,299.95,,
62756,11841-004,0,0,0,194.71,,
62757,15169-001,38,9,29,176.60,,
62758,15171-001,11,2,9,381.29,,
62783,P100735,2,2,0,87.66,,
62825,15270-001,6,2,4,380.19,,
62826,30343-001,72,31,41,138.34,,
62835,30340-001,42,12,30,266.89,,
62836,15271-001,0,0,0,504.14,,
62837,30342-001,0,0,0,378.24,,
62838,11841-101,20,7,13,109.49,,
62841,114127,22,9,13,104.69,,158.49
62865,11841-102,0,0,0,122.71,,
62866,11841-103,0,0,0,141.94,,
62867,11841-104,0,0,0,154.91,,
62868,11841-105,0,0,0,164.83,,
62873,11841-001,17,5,12,147.81,,
62874,11841-003,0,0,0,175.00,,
62875,11841-005,0,0,0,204.63,,
62876,11941-001,0,0,0,181.61,,
62877,11941-002,0,0,0,192.64,,
62878,11941-003,0,0,0,199.99,,
62879,11941-004,0,0,0,207.34,,
62880,11941-005,0,0,0,222.94,,
62884,50480-001,1,0,1,73.10,,
62885,50480-021,0,0,0,87.41,,
62894,SSM-70H,11,4,7,99.99,,
62896,SCU-30,5,4,1,99.99,,
62897,SCU-31,12,8,4,79.99,,
62899,S32-0619-0100,0,0,0,411.75,,
62900,410160-1,8,8,0,166.76,,
62901,SP0530,0,0,0,5.00,,
62903,2210012,7,6,1,265.63,,
62905,4445,0,0,0,22.86,,
62912,4132,5,2,3,68.56,,
62927,88934,1,0,1,44.83,,
62932,88938,0,0,0,44.83,,
62945,A10-140,0,0,0,24.70,,
62948,88503,1,1,0,33.95,55.99,
62959,88932,0,0,0,59.78,,
62985,A80322,0,0,0,2118.75,,2599.00
62986,A80327,1,0,1,109.99,,
62991,36143,4,0,4,7.59,,
63008,2129,33,10,23,5.89,,
63009,2131,62,15,47,5.89,,
63010,2135,35,19,16,5.89,,
63011,2136,52,16,36,5.89,,
63012,2137,25,14,11,5.99,,
63018,WH1A,3,2,1,30.13,,
63026,001-423-430-00,0,0,0,726.36,,
63029,397,7,4,3,22.30,,
63030,382,10,4,6,13.51,,
63055,010-12117-05,0,0,0,82.49,,
63056,010-10647-01,1,1,0,262.49,,
63070,SC27,5,4,1,278.44,,
63073,MM-10FUR,6,1,5,76.34,97.50,
63075,SILVERSTEER2.0B,4,2,2,1156.56,,
63077,172002,0,0,0,1060.98,,
63172,142102,7,5,2,52.99,,
63173,BM-BT,1,1,0,45.00,,
63174,142203,1,0,1,54.99,,
63179,142311,1,1,0,99.99,,
63180,142314,5,2,3,119.99,,
63183,2701A,6,1,5,29.34,,
63184,150025,10,4,6,18.78,,
63185,150050,6,5,1,32.80,,
63186,150025NL,5,4,1,17.84,,
63187,150050NL,12,11,1,30.94,,
63188,150SPP,5,3,2,55.35,,
63195,12VBPS3,20,12,8,18.44,,
63196,12VBRS3,17,7,10,26.16,,
63197,12VCPS3,83,14,69,42.32,,
63216,SS60-SLTD/12,0,0,0,355.56,,
63220,44001,9,8,1,29.48,,
63221,06120,3,3,0,311.34,,
63222,06150,7,3,4,332.08,,
63223,07100,0,0,0,467.02,,
63229,88200,3,2,1,84.23,,
63248,88680,1,0,1,36.68,,
63271,88601,3,0,3,62.49,,
63275,88603,1,1,0,87.49,,
63277,88605,2,1,1,124.71,,
63284,88620,0,0,0,9.99,,
63285,88624,10,0,10,10.85,,
63293,88628,4,0,4,13.58,,
63294,88632,2,0,2,20.61,,
63303,88635,2,2,0,7.94,,
63306,88636,4,4,0,25.61,,
63324,31201111,0,0,0,228.83,,
63325,31201311,1,1,0,228.83,,
63326,31211111,0,0,0,228.83,,
63327,31211311,0,0,0,228.83,,
63329,31221311,0,0,0,228.83,,
63331,31301212,3,2,1,246.55,,
63332,31301312,2,0,2,246.55,,
63333,31301412,2,0,2,246.55,,
63334,31502311,1,1,0,301.23,,
63335,31502321,0,0,0,301.23,,
63336,31431130,0,0,0,307.30,,
63339,31431330,0,0,0,307.30,,
63341,31431540,0,0,0,307.30,,
63342,31431740,1,1,0,307.30,,
63343,31431940,0,0,0,307.30,,
63344,31432130,0,0,0,307.30,,
63345,31432140,0,0,0,307.30,,
63346,21431130,3,2,1,85.56,,
63347,21431330,2,2,0,85.56,,
63348,21432130,6,3,3,85.56,,
63350,31511710,6,3,3,393.36,,
63351,31511720,0,0,0,393.36,,
63352,31511910,2,2,0,393.36,,
63353,31511920,0,0,0,393.36,,
63354,31512110,0,0,0,393.36,,
63355,31512120,0,0,0,393.36,,
63356,31512310,0,0,0,393.36,,
63357,31512320,1,0,1,393.36,,
63358,37068-2000,15,6,9,102.67,,
63361,77040020,7,3,4,21.39,,
63362,77040050,7,4,3,24.54,,
63363,77040100,15,9,6,28.88,,
63364,77040300,9,6,3,32.09,,
63381,001-421-520-00,0,0,0,390.00,,
63382,001-421-530-00,0,0,0,410.00,,
63383,001-421-540-00,0,0,0,630.00,,
63384,001-421-550-00,0,0,0,819.09,,
63407,COK-0024,6,2,4,51.38,,
63408,MX8715CR,0,0,0,453.12,,
63409,EIC001,0,0,0,107.06,,
63410,RC1010CAP24V,0,0,0,2102.94,2860.00,
63416,68110,4,2,2,249.99,,
63426,010-01616-30,0,0,0,862.49,,
63429,13850,0,0,0,259.61,,
63430,010-11417-10,38,25,13,149.99,,
63458,010-12401-10,2,2,0,112.49,,
63459,010-12402-10,3,0,3,172.49,,
63460,010-12402-20,0,0,0,262.49,,
63462,104300-500-001-17,6,6,0,22.00,,
63463,104300-105-001-17,6,6,0,25.91,,
63478,121900-100-004-17,0,0,0,41.23,,
63480,121900-100-005-17,0,0,0,41.23,,
63481,121700-706-004-17,11,7,4,66.60,,
63483,121700-706-005-17,11,7,4,66.60,,
63487,10-262,1,0,1,40.23,,
63512,010-01550-01,16,15,1,111.99,,
63526,88650,0,0,0,5.43,,
63527,88652,0,0,0,6.24,,
63528,88654,0,0,0,7.49,,
63529,88656,0,0,0,18.74,,
63530,88657,2,2,0,9.36,,
63531,88659,0,0,0,17.49,,
63532,88660,0,0,0,13.74,,
63534,88666,0,0,0,9.99,,
63535,88667,0,0,0,7.49,,
63536,88668,0,0,0,6.78,,
63537,88669,2,0,2,6.78,,
63538,88670,8,0,8,13.11,,
63539,88671,4,0,4,13.11,,
63544,88690,0,0,0,6.24,,
63545,88695,0,0,0,25.61,,
63549,88612,0,0,0,46.24,,
63550,88613,0,0,0,44.99,,
63551,88614,0,0,0,42.49,,
63552,88655,0,0,0,18.74,,
63553,88655-1,0,0,0,23.74,,
63554,88658,0,0,0,12.21,,
63558,88658-6,0,0,0,11.24,,
63559,88658-7,0,0,0,11.24,,
63560,88658-8,0,0,0,11.24,,
63561,88658-9,0,0,0,11.24,,
63562,88615,0,0,0,13.11,,
63563,88615-1,0,0,0,13.11,,
63567,88963,6,0,6,7.49,,
63569,88661,0,0,0,7.49,,
63570,88662,0,0,0,7.49,,
63573,88149-1,0,0,0,262.49,,
63575,88158,4,0,4,162.49,,
63576,88159,0,0,0,162.49,,
63577,88157,0,0,0,293.74,,
63578,88157-1,0,0,0,293.74,,
63604,FA1702,0,0,0,1177.27,,
63606,WD-OPNARY-01,4,2,2,129.38,,
63607,WD-RAD-01,4,2,2,129.38,,
63608,RLS-405,7,4,3,24.75,,
63609,A10-901,1,0,1,41.71,,
63614,88525,4,2,2,84.99,,
63615,88527,4,2,2,84.99,,
63616,88529,2,2,0,84.99,,
63620,77900,0,0,0,91.24,,
63621,77901,0,0,0,91.24,,
63622,77902,0,0,0,91.24,,
63626,77900-1,2,0,2,78.79,,
63632,88535,4,2,2,91.24,,
63633,88539,0,0,0,91.24,,
63634,88537,4,2,2,91.24,,
63638,88540,0,0,0,93.74,,
63639,88542,0,0,0,103.74,,
63640,77910,0,0,0,10.85,,
63641,77911,0,0,0,4.06,,
63642,77900-2,0,0,0,18.75,,
63644,88525-1,12,4,8,22.50,,
63646,88530-3,15,4,11,25.00,,
63650,77173,0,0,0,81.25,,
63655,88191,0,0,0,99.99,,
63656,88192,2,1,1,99.99,,
63657,88193,3,2,1,99.99,,
63658,88176,0,0,0,62.49,,
63659,88144,1,0,1,349.99,,
63660,88144-1,2,0,2,312.49,,
63661,HRMK1502,0,0,0,45.44,,
63675,HX210,151,48,103,96.13,,
63676,VLH-3000A,0,0,0,280.39,,
63680,88522,0,0,0,125.00,,
63681,88524,0,0,0,125.00,,
63683,88522XL,0,0,0,150.00,,
63684,88524XL,0,0,0,150.00,,
63685,88522SM,10,5,5,137.50,,
63686,88524SM,0,0,0,137.50,,
63688,88686-1,2,2,0,21.73,,
63689,88686-2,0,0,0,17.65,,
63691,88688-1,0,0,0,17.65,,
63693,88687,3,0,3,43.75,,
63694,77900-3,3,1,2,8.74,,
63695,77901-3,0,0,0,8.74,,
63696,77902-3,0,0,0,8.74,,
63697,77900-4,0,0,0,8.74,,
63698,77901-4,0,0,0,8.74,,
63699,77902-4,0,0,0,8.74,,
63700,88530-2,0,0,0,11.24,,
63702,88152-2,2,2,0,6.09,,
63705,88675,0,0,0,21.25,,
63706,88676,5,5,0,11.25,,
63707,PCHE-BP,0,0,0,8.14,,
63719,88544,0,0,0,20.00,,
63720,88545,0,0,0,22.50,,
63721,88546,2,2,0,23.75,,
63722,88547,0,0,0,33.95,,
63723,A80048,0,0,0,1415.83,,1699.00
63724,A80328,4,2,2,76.69,,
63743,F38-8800W-1,2,0,2,99.58,,
63780,GP1059,0,0,0,327.26,,
63782,GP1080-06,0,0,0,385.44,,
63783,GP1080-07,0,0,0,385.44,,
63784,GP1080-09,0,0,0,385.44,,
63785,GP1080-20,0,0,0,385.44,,
63786,GP1170-14,0,0,0,385.44,,
63787,GP1170-15,0,0,0,385.44,,
63788,GP1170-63,0,0,0,385.44,,
63789,GP1170-64,0,0,0,385.44,,
63790,GP1213,0,0,0,363.62,,
63791,GP1302,0,0,0,276.35,,
63792,GP1402,0,0,0,312.72,,
63793,GP1500-16,0,0,0,276.35,,
63794,GP1500-17,0,0,0,276.35,,
63795,GP1600-11,0,0,0,341.81,,
63796,GP1600-12,0,0,0,341.81,,
63797,GP1600-13,0,0,0,341.81,,
63798,GP1808,0,0,0,312.72,,
63799,GP1900,0,0,0,305.44,,
63800,GP1900-09,0,0,0,319.99,,
63801,GP1900-13,0,0,0,319.99,,
63802,GP2040-23,0,0,0,334.53,,
63803,GP2040-29,0,0,0,334.53,,
63804,GP2040-30,0,0,0,334.53,,
63805,GP2040-95,0,0,0,334.53,,
63806,GP2050-95,0,0,0,327.26,,
63807,GP2050-98,0,0,0,327.26,,
63808,GP2053,0,0,0,327.26,,
63809,GP2080-06,0,0,0,385.44,,
63810,GP2080-07,0,0,0,385.44,,
63811,GP2080-09,0,0,0,385.44,,
63812,GP2080-20,0,0,0,385.44,,
63813,GP2170-14,0,0,0,385.44,,
63815,GP2170-15,0,0,0,385.44,,
63816,GP2170-63,0,0,0,385.44,,
63817,GP2170-64,0,0,0,385.44,,
63818,GP2500-16,0,0,0,276.35,,
63819,GP2500-17,0,0,0,276.35,,
63820,GP2600-09,0,0,0,341.81,,
63821,GP2600-11,0,0,0,341.81,,
63822,GP2600-12,0,0,0,341.81,,
63823,GP2600-13,0,0,0,341.81,,
63828,C-1B-R,3,2,1,162.50,,
63832,C-1C-R,4,2,2,181.25,,
63834,P-1B-R,3,3,0,256.25,,
63835,P-1C-R,0,0,0,262.50,,
63836,P-1BS-R,9,3,6,318.75,,
63837,P-1CS-R,0,0,0,325.00,,
63839,P-1BNV-R,2,2,0,262.50,,
63840,PED4409-C,0,0,0,269.08,,
63841,P-1CNV-R,0,0,0,275.00,,
63843,PED4410-C,0,0,0,269.08,,
63845,P-2BS-R,2,2,0,456.25,,
63847,P-2BNV-R,0,0,0,381.25,,
63857,G-1B-R,7,5,2,248.75,,
63861,G-1C-R,3,1,2,256.25,,
63865,G-1BB-R,6,1,5,268.75,,
63868,G-1CB-R,4,2,2,281.25,,
63870,C30503BM30PB,7,2,5,317.72,541.80,
63872,G-2BB-R,4,2,2,462.50,,
63875,G-2B-R,0,0,0,437.50,,
63876,C30503BM30PG,3,3,0,301.00,541.80,
63880,C30503BM30PW,7,3,4,324.94,541.80,
63883,BOLT1212ED,5,2,3,446.42,,
63884,FS-T01-R,0,0,0,137.50,,
63886,B30ASSYPB,2,2,0,163.21,241.20,
63887,PED5100-01-C,1,1,0,326.66,,
63889,B30ASSYPG,11,6,5,163.21,241.20,
63890,B30ASSYPW,6,4,2,163.21,241.20,
63891,B50ASSYPG,0,0,0,203.40,300.60,
63893,B50ASSYPB,0,0,0,203.40,300.60,
63897,FS-A01-R,0,0,0,150.00,,
63899,B50ASSYPW,11,6,5,203.40,300.60,
63912,PP4408-C,0,0,0,269.08,,
63913,PP4409,0,0,0,269.08,,
63914,PP4409-C,0,0,0,269.08,,
63915,PP4410,0,0,0,269.08,,
63916,PP4410-C,0,0,0,269.08,,
63917,PP4500,0,0,0,261.81,,
63921,PP4500-02-C,0,0,0,276.35,,
63922,PP4500-03-C,0,0,0,276.35,,
63924,PP4500-06-C,0,0,0,276.35,,
63927,PP4500-C,0,0,0,261.81,,
63928,PP4600-00,0,0,0,290.90,,
63931,PP4600-01,0,0,0,305.44,,
63934,PP4600-03,0,0,0,305.44,,
63936,PP4600-04,0,0,0,305.44,,
63938,PP4600-05,0,0,0,305.44,,
63941,PP4800-20-C,0,0,0,356.35,,
63943,PP4800-C,0,0,0,341.81,,
63948,PP4900,0,0,0,341.81,,
63954,PP4900-09,0,0,0,356.35,,
63959,PP5030-01,0,0,0,399.99,,
63960,PP5050-01-C,0,0,0,370.90,,
63965,PP5053,0,0,0,370.90,,
63967,PP5058-C,0,0,0,370.90,,
63968,PP5060-01,0,0,0,399.99,,
63969,PP5100,0,0,0,341.81,,
63970,PP5100-01,0,0,0,356.35,,
63972,PP5100-C,0,0,0,341.81,,
63973,PP5200-01,0,0,0,392.72,,
63976,PP5200-C,0,0,0,378.17,,
63978,PP5202-C,0,0,0,392.72,,
63979,PP5203-C,0,0,0,392.72,,
63980,PP5204-C,0,0,0,392.72,,
63981,PP5205-C,0,0,0,392.72,,
63982,PP5213,0,0,0,392.72,,
63983,PP5213-C,0,0,0,392.72,,
63984,RMX4102,0,0,0,363.62,,
63985,RMX4600,0,0,0,399.99,,
63986,RMX4600-04,0,0,0,414.53,,
63987,RMX4900,0,0,0,421.81,,
63988,RMX4900-09,0,0,0,436.35,,
63990,B30ASSYNT,0,0,0,197.31,291.60,
63991,PP4400-C,0,0,0,254.53,,
63992,PP4401-C,0,0,0,269.08,,
63993,PP4808-C,0,0,0,356.35,,
63995,LLB-47FW-82-00,4,2,2,50.02,,
64002,LLB-05WD-81-00,0,0,0,19.45,,
64005,1479,5,2,3,155.56,,
64007,260WR-2,0,0,0,26.75,,
64008,E70328,4,2,2,582.87,,
64009,E70329,5,3,2,627.71,,
64013,SPD-7S-W,0,0,0,379.69,,
64015,"F-10 WHITE",0,0,0,404.86,,
64019,A80355,3,0,3,23.85,,
64020,A80356,0,0,0,21.30,,
64025,1106-B,2,2,0,672.33,,
64026,A80357,16,10,6,23.85,,
64030,29043-0000,0,0,0,24.48,,
64031,"BP 03511-6A-6PK",2,1,1,47.12,65.95,
64032,"BP 03511-10A-10PK",1,0,1,78.53,109.95,
64040,"A-4 WHITE",17,4,13,93.41,,
64041,A10-364,6,4,2,32.38,,
64051,FOURTECH13,6,2,4,171.43,,
64052,FOURTECH14,0,0,0,171.43,,
64059,T101,6,4,2,169.45,,
64060,T103,4,2,2,232.69,,
64061,X52,3,1,2,161.79,,
64080,M81134,0,0,0,2362.49,,
64083,1020-F,4,4,0,53.37,,
64084,1020-B-F,1,1,0,51.84,,
64085,1022-F,12,8,4,58.24,,
64086,1022-B-F,14,3,11,62.80,,
64087,1201-F,0,0,0,100.49,,
64088,1206-F,0,0,0,100.49,,
64089,1193-F,12,5,7,48.68,,
64090,1163-F,6,4,2,75.61,,
64091,1008-B-F,13,4,9,28.20,,
64092,91-118-F,0,0,0,24.16,,
64093,91-410-F,5,2,3,11.51,,
64094,91-200-F,23,13,10,6.29,,
64096,90-810-F,0,0,0,139.73,,
64100,2506P-F,17,9,8,21.55,,
64101,2606B-F,28,12,16,21.61,,
64102,2608B-F,31,18,13,35.65,,
64103,2064-F,0,0,0,209.65,,
64104,2084-F,5,2,3,228.84,,
64107,91-531-F,11,5,6,9.83,,
64108,91-536-F,11,7,4,10.83,,
64109,91-561-F,20,12,8,6.48,,
64110,91-562-F,7,5,2,5.89,,
64111,91-566-F,11,11,0,6.48,,
64120,AN-MAP7,1,0,1,149.99,,
64121,012102W,1,0,1,278.95,503.00,
64122,012101B,2,0,2,291.21,,
64123,012103BW,2,1,1,365.93,631.00,
64125,29090-5000,100,60,40,168.69,,
64126,29120-5000,31,23,8,183.81,,
64127,29120-5100,8,2,6,217.60,,
64128,37010-3092,48,35,13,419.88,,
64129,37010-3094,4,1,3,473.28,,
64130,37010-4092,10,5,5,473.28,,
64131,37010-4192,9,3,6,482.83,,
64132,37010-4094,0,0,0,520.62,,
64133,37010-4194,0,0,0,531.11,,
64159,25SA,23,14,9,72.32,,
64160,25SA-24,16,12,4,85.74,,
64161,MSVANDTZN075QL,0,0,0,61.41,,
64162,20SA,12,7,5,89.36,,
64163,27SA,29,10,19,109.86,,
64164,MSVANDTZN150QL,0,0,0,108.92,,
64165,24DA,0,0,0,19.53,,
64166,25DA,44,13,31,26.06,,
64167,25DA-24,21,4,17,32.30,,
64168,20DA,72,7,65,40.63,,
64169,20DA-24,9,3,6,48.81,,
64170,27DA,51,8,43,46.26,,
64171,27DA-24,14,7,7,55.84,,
64172,6009,0,0,0,772.25,,
64177,A80308,3,2,1,42.60,,
64178,F008002,0,0,0,62.19,,
64212,A80332,4,2,2,29.82,,
64223,AP000A1HA,3,3,0,512.34,,
64224,AP000A1BC,4,2,2,518.03,,
64258,"2061 02061",0,0,0,0.85,,
64259,"2061TP 02",0,0,0,6.12,,
64267,012301W,2,0,2,140.74,226.00,
64268,012302B,2,1,1,145.43,,
64269,012304W,0,0,0,237.50,360.00,
64270,012305B,0,0,0,227.17,360.00,
64271,012307C,6,3,3,268.89,417.00,
64272,012308W,0,0,0,325.00,493.00,
64273,012309B,8,4,4,307.53,493.00,
64274,012311C,7,5,2,346.74,550.00,
64275,011416,0,0,0,51.09,79.00,
64276,011417,0,0,0,60.00,93.00,
64277,011418,0,0,0,71.74,113.00,
64281,E70310,17,8,9,301.62,,
64284,A80370,12,7,5,42.60,,
64290,101475,0,0,0,125.96,,218.19
64291,101476,0,0,0,149.52,,264.19
64292,101477,1,1,0,149.52,,264.19
64295,101186,6,0,6,134.16,,222.29
64296,101187,0,0,0,137.69,,227.99
64297,101325,6,6,0,129.29,,206.29
64310,101283,0,0,0,101.68,,158.69
64312,115117,8,4,4,109.14,,159.39
64313,115118,0,0,0,93.85,,134.69
64314,115119,0,0,0,92.83,,133.09
64315,115127,10,4,6,109.14,,159.39
64316,115128,0,0,0,94.01,,134.99
64317,115129,0,0,0,94.94,,136.09
64319,116117,8,0,8,103.73,,156.69
64320,116118,15,7,8,86.83,,136.99
64321,116119,15,4,11,81.49,,128.59
64323,116127,0,0,0,103.26,,155.89
64324,116128,0,0,0,88.76,,140.09
64325,116129,0,0,0,86.83,,136.99
64327,116197,0,0,0,95.64,,144.99
64328,116198,0,0,0,83.21,,136.99
64336,1732,2,0,2,72.00,,
64338,1741,11,6,5,57.65,,
64340,1821,8,5,3,12.30,,
64341,1839,0,0,0,253.10,,
64351,5007100,0,0,0,57.03,,
64352,5194,16,4,12,45.62,,
64354,5196,49,19,30,38.62,,
64355,5502100,13,0,13,71.28,,
64357,6004,10,3,7,24.00,,
64358,6004200,4,4,0,24.00,,
64359,7197,28,10,18,15.52,,
64361,7399,16,6,10,20.51,,
64362,7517,6,2,4,172.78,,
64363,7615,6,3,3,103.81,,
64374,7903,10,5,5,4.20,,
64375,7903200,9,6,3,4.49,,
64379,7812-S-7,22,9,13,88.23,,
64381,CA50BL-12HR,0,0,0,3629.09,,
64383,7202-P-7,5,2,3,52.89,,
64385,5558-P12A7,9,3,6,38.42,,
64386,5550-PA20-7,9,6,3,40.77,,
64387,5557-PV12A7,9,3,6,38.76,,
64389,5551-PA20-7,17,9,8,48.62,,
64393,A80367,4,2,2,14.91,,
64394,MCK508WB.6,10,7,3,137.07,219.99,
64401,LLB-21BC-21-00,0,0,0,9.14,,
64433,142400,2,2,0,124.99,,
64434,142410,7,7,0,109.99,,
64441,142411,3,1,2,119.99,,
64446,5006100,122,94,28,24.84,,
64450,TEC-BNT,7,1,6,12.06,,
64459,PO512-WC-20,0,0,0,172.53,,
64470,5358-P12-7,0,0,0,28.71,,
64471,5350-PA20-7,8,2,6,33.75,,
64475,6354W7,13,5,8,16.85,,
64480,300-036-B,0,0,0,1596.35,,1795.90
64481,31221111,2,1,1,228.83,,
64483,3125,17,13,4,4.78,,
64484,SHC-19,16,5,11,52.50,,
64508,T70330,4,3,1,1999.99,,
64509,09-1050-12,0,0,0,14.05,,
64511,3530,16,3,13,11.38,,18.98
64513,88607-2,0,0,0,111.24,,
64514,88608-1,2,0,2,98.74,,
64515,R70159,5,0,5,42.60,,
64516,S-0226KEY,9,9,0,4.48,,
64517,AS0511,3,3,0,27.71,,
64541,OC17SUK42,21,11,10,141.04,,
64549,DU-RBH-20-R,11,7,4,131.25,,
64550,DU-RCH-20-R,0,0,0,137.50,,
64551,DU-SBH-20-R,4,0,4,137.50,,
64552,011807,0,0,0,53.26,83.00,
64558,GP1040-31,0,0,0,334.53,,
64559,GP2040-31,0,0,0,334.53,,
64560,GP2050-21,0,0,0,327.26,,
64561,GP1800-13,0,0,0,312.72,,
64562,RMX4800-13,0,0,0,436.35,,
64564,PP4800-13,0,0,0,356.35,,
64568,CS2308402,0,0,0,46.48,,
64574,E70430,0,0,0,688.85,,
64583,CA50BL-24HR,0,0,0,4443.64,,
64587,A2C1102950001,15,7,8,67.40,90.42,
64588,A2C1102960001,2,2,0,91.17,122.22,
64592,FW0814,9,2,7,106.59,,
64593,FW1214,4,2,2,101.51,,
64594,FW1215,18,7,11,101.51,,
64595,FW1225,24,12,12,105.96,,
64598,RT3000,5,2,3,58.19,,
64602,P10-2512WHA27-1C,5,4,1,24.79,,
64606,P10-2524WHA27-1C,6,3,3,45.73,,
64607,P10-5012BLK27-1C,5,3,2,44.56,,
64608,P10-5012SFM27-1C,2,2,0,44.56,,
64609,P10-5012WHA27-1C,8,4,4,44.56,,
64610,P10-5024BLK27-1C,6,2,4,84.29,,
64612,P10-5024WHA27-1C,7,4,3,84.29,,
64613,P10-7512BLK27-1C,3,3,0,54.99,,
64615,P10-7512WHA27-1C,0,0,0,65.69,,
64617,P10-7524WHA27-1C,3,2,1,123.54,,
64618,P14-5012WHA27-1C,0,0,0,46.73,,
64619,P14-7512WHA27-1C,0,0,0,68.68,,
64621,80-601-0020-00,0,0,0,113.62,,
64623,710S-00607,0,0,0,572.42,,
64646,P10-2506WHA12-1C,2,0,2,11.77,,
64647,P10-2512WHA12-1C,4,1,3,17.13,,
64683,M81203,0,0,0,3312.49,,
64686,3117,6,4,2,782.41,,
64687,SET0152,0,0,0,54.11,,
64694,0120DP3CHR,0,0,0,123.36,,
64695,PO512-WC-10,0,0,0,172.53,,
64699,0440-BK-1,0,0,0,4.76,,
64705,0301DP6A,12,6,6,10.20,,
64707,001-190-440-00,0,0,0,145.45,,
64718,6128C,6,2,4,39.85,,
64719,CA-0160-MO,0,0,0,369.14,,
64722,IS216,1,0,1,36.02,,
64723,NM-NB1-NF-05.0,0,0,0,56.03,,
64724,NM-NB1-NF-10.0,0,0,0,76.05,,
64725,PT-0-50PSI-01,0,0,0,156.10,,
64732,010-12127-00,0,0,0,26.24,,
64742,115123,0,0,0,91.91,,133.59
64745,710262-1,1,1,0,303.05,,
64750,740162-1,7,7,0,24.14,,
64752,720096-1,2,2,0,41.39,,
64753,720096-2,0,0,0,55.19,,
64772,740157-1NB,0,0,0,137.99,,
64780,ZE355,1,0,1,15.19,,
64781,BP2918,0,0,0,111.04,142.12,
64790,3875C1,45,24,21,8.05,,
64842,R599C-LH,1,0,1,4621.26,6199.00,
64853,010-12224-01,0,0,0,59.99,,
64878,520T-BLD,0,0,0,200.00,,
64880,CA200B-8B/30,0,0,0,695.45,,
64895,81300300,0,0,0,400.72,,
64908,1331,17,9,8,23.89,,
64910,UP33FM,2,0,2,585.19,,
64976,DM260G,5,2,3,131.76,,
64977,DM260B,7,2,5,131.76,,
64979,SF100G,13,9,4,270.59,,
64980,SF100B,4,2,2,270.59,,
64984,CORD50,4,2,2,14.99,,
64987,FL50,4,0,4,141.18,,
64993,PUMPHRP11-24,0,0,0,736.36,,
65003,CC3003P,7,4,3,27.41,,
65012,001-247-240-00,0,0,0,153.64,,
65014,BOLT912ED,5,2,3,416.69,,
65016,000-040-720,0,0,0,42.73,,
65019,372,0,0,0,36.43,,
65020,373,0,0,0,40.46,,
65023,360,2,2,0,73.57,,
65025,361,3,3,0,79.86,,
65028,380,0,0,0,82.93,,
65031,363,0,0,0,73.57,,
65032,364,4,0,4,79.86,,
65034,383,11,6,5,86.29,,
65040,40220,0,0,0,18.06,,
65041,80220,2,0,2,24.10,,
65042,40230,0,0,0,23.09,,
65043,80230,4,2,2,30.81,,
65044,40240,3,0,3,31.61,,
65045,80240,2,2,0,42.13,,
65046,40245,2,0,2,32.07,,
65047,80245,10,6,4,42.77,,
65048,40400,1,0,1,36.34,,
65049,80400,0,0,0,46.62,,
65050,40410,1,0,1,39.60,,
65051,80410,7,6,1,49.94,,
65052,40420,0,0,0,44.24,,
65053,80420,2,2,0,60.04,,
65054,8418,29,28,1,19.49,,
65055,8424,4,4,0,22.46,,
65056,8118,3,3,0,16.54,,
65057,8124,0,0,0,21.87,,
65065,1818,4,4,0,9.99,,
65066,2918,17,15,2,11.10,,
65067,3018,0,0,0,11.10,,
65068,3118,4,4,0,11.10,,
65069,3218,4,4,0,11.10,,
65070,4118,9,9,0,11.10,,
65071,4218,2,2,0,11.10,,
65072,4318,10,0,10,11.10,,
65073,4418,7,7,0,11.10,,
65114,01-0387,0,0,0,3896.10,,
65118,2818,5,5,0,11.10,,
65127,60749,3,2,1,15.86,,
65128,60750,2,2,0,18.49,,
65129,60752,0,0,0,24.50,,
65130,57933,14,14,0,12.49,,
65137,1139,1,1,0,19.07,,
65138,921,0,0,0,47.92,,
65139,922,0,0,0,48.79,,
65140,971,0,0,0,19.26,,
65144,960,0,0,0,39.83,,
65145,961,0,0,0,39.83,,
65148,962,0,0,0,17.29,,
65149,965,0,0,0,29.17,,
65150,57925,6,6,0,7.73,,
65151,57926,6,6,0,7.73,,
65152,57928,0,0,0,7.73,,
65168,000-13785-001,0,0,0,350.26,,478.00
65170,A80321,3,1,2,1287.23,,1579.00
65171,A102146,0,0,0,59.65,,
65181,600015,0,0,0,22.69,,
65187,805Q,32,17,15,7.99,,
65189,805G,12,12,0,22.35,,
65190,810Q,15,12,3,7.99,,
65191,810G,12,6,6,21.99,,
65192,800Q,5,3,2,9.00,,
65193,800G,12,4,8,22.35,,
65194,830,12,6,6,11.57,,
65195,825Q,24,18,6,10.33,,
65198,815Q,13,7,6,11.83,,
65199,850Q,7,4,3,11.67,,
65200,846P,10,6,4,6.47,,
65201,410,9,6,3,11.68,,
65203,435,156,12,144,4.09,,
65205,001-409-540-00,0,0,0,451.82,,
65207,010-12105-10,0,0,0,22.49,,
65209,"TS 1001",14,13,1,16.33,,
65210,"TS 1002",7,5,2,42.92,,
65212,"TC 2000",21,9,12,17.27,,
65213,"TC 2001",8,2,6,33.33,,
65214,"TB 3001",28,4,24,11.49,,
65222,IRID-GO-INST-KIT,0,0,0,397.65,,
65246,P66-DT-HB,2,2,0,179.56,225.00,
65247,TM258-HB,0,0,0,802.79,1099.00,
65249,TM260-HB,0,0,0,1115.06,1499.00,
65250,TM260-14HB,0,0,0,1115.06,1499.00,
65251,B60-12-HB,0,0,0,247.96,324.99,
65252,B60-20-HB,2,1,1,247.96,324.99,
65253,B164-0-HB,0,0,0,954.89,1275.00,
65254,B164-12-HB,0,0,0,954.89,1275.00,
65255,B164-20-HB,0,0,0,954.89,1275.00,
65256,B164-0-14HB,0,0,0,954.89,1275.00,
65257,B164-12-14HB,0,0,0,954.89,1275.00,
65258,B164-20-14HB,0,0,0,954.89,1275.00,
65259,B117-DT-HB,0,0,0,218.81,289.99,
65260,S3-0502,0,0,0,1282.07,,
65261,P79-HB,0,0,0,147.55,199.00,
65263,1525,7,6,1,40.71,,
65269,7410,15,5,10,40.25,,
65270,7411,12,5,7,40.25,,
65271,7412,3,0,3,40.25,,
65272,7413,6,3,3,40.25,,
65273,7574,11,5,6,39.82,,
65274,7414,2,1,1,40.25,,
65275,7575,5,2,3,39.82,,
65276,7415,9,3,6,40.25,,
65277,7416,0,0,0,40.25,,
65278,7577,8,5,3,39.82,,
65279,7417,13,7,6,40.25,,
65280,7540,0,0,0,35.54,,
65281,7541,0,0,0,35.54,,
65282,7542,20,15,5,34.56,,
65284,7543,0,0,0,34.56,,
65285,7545,0,0,0,34.56,,
65286,7546,29,11,18,34.56,,
65287,7547,17,12,5,35.54,,
65288,7548,22,8,14,34.56,,
65289,7549,21,6,15,34.56,,
65303,BP0535,5,3,2,146.75,,
65317,1360,0,0,0,6.23,,
65318,1225,3,3,0,5.44,,
65320,11736,8,2,6,3.51,,
65322,1725,0,0,0,25.87,,
65323,1726,0,0,0,17.86,,
65324,83553,0,0,0,719.20,,
65325,46054,0,0,0,58.94,,
65332,001-041-560,0,0,0,45.45,,
65341,42030X,0,0,0,59.99,,
65351,010-11089-01,3,1,2,22.49,,
65353,RC1210CAP24V,0,0,0,3326.83,4364.80,
65354,980650001,5,2,3,324.66,,
65355,959941001,2,0,2,141.77,,
65356,959941011,0,0,0,141.77,,
65369,959940201,5,2,3,147.44,,
65370,959940211,0,0,0,147.44,,
65371,980520501,5,2,3,86.48,,
65372,980520511,10,6,4,86.48,,
65373,980520811,7,5,2,140.35,,
65374,980520901,4,2,2,140.35,,
65375,980520911,6,4,2,140.35,,
65376,980620811,7,4,3,161.62,,
65377,980620801,0,0,0,161.62,,
65378,980620901,0,0,0,161.62,,
65379,980620911,7,4,3,161.62,,
65380,980960201,0,0,0,85.06,,
65381,980960211,8,4,4,85.06,,
65382,980960231,0,0,0,96.41,,
65383,980960241,4,1,3,96.41,,
65384,980960301,4,2,2,113.42,,
65385,980960311,7,4,3,113.42,,
65388,980960341,5,3,2,121.92,,
65389,980960351,9,5,4,121.92,,
65390,980960461,1,1,0,136.10,,
65391,980960471,1,1,0,136.10,,
65392,980573021,0,0,0,136.10,,
65393,980740011,0,0,0,219.75,,
65394,980950071,1,0,1,163.04,,
65395,980950081,1,0,1,163.04,,
65396,980950061,4,2,2,163.04,,
65398,958109021,2,2,0,38.28,,
65399,958109011,13,8,5,31.19,,
65400,958109111,0,0,0,31.19,,
65401,958109121,0,0,0,38.28,,
65402,958110011,7,3,4,32.61,,
65403,958110021,7,3,4,38.28,,
65404,958110111,0,0,0,32.61,,
65405,958110121,4,0,4,38.28,,
65406,958109511,3,3,0,32.61,,
65407,958109521,4,3,1,39.70,,
65408,958109611,0,0,0,32.61,,
65409,958109621,11,4,7,38.28,,
65410,958110511,18,10,8,34.03,,
65411,958110521,6,5,1,38.28,,
65413,958110621,0,0,0,38.28,,
65414,959950121,0,0,0,143.19,,
65415,959951121,0,0,0,143.19,,
65416,980630002,2,0,2,120.30,,
65421,980629001,5,4,1,99.24,,
65422,980629501,4,0,4,113.42,,
65424,959700101,0,0,0,63.80,,
65425,959700701,0,0,0,63.80,,
65427,980704001,0,0,0,92.15,,
65431,DRS12AX,2,0,2,4288.95,,5295.00
65434,980869301,20,12,8,26.94,,
65435,980869401,14,8,6,26.94,,
65436,980869501,0,0,0,24.15,,
65437,980869601,12,4,8,26.94,,
65440,980500521,8,4,4,31.19,,
65441,980500541,8,4,4,26.94,,
65442,980500721,7,3,4,31.19,,
65443,980502221,5,3,2,31.19,,
65444,980502241,7,4,3,26.94,,
65445,980507221,5,4,1,31.19,,
65446,980507241,8,5,3,26.94,,
65447,980507251,6,2,4,25.52,,
65449,958121001,7,3,4,68.05,,
65450,958121011,0,0,0,70.89,,
65451,958121101,3,2,1,70.89,,
65452,5287,29,14,15,4.70,,
65453,5235100,17,13,4,13.47,,
65454,5236100,18,14,4,12.95,,
65455,5237100,34,22,12,12.95,,
65456,5239100,32,14,18,12.95,,
65457,5240100,17,13,4,12.95,,
65458,5241100,39,20,19,12.95,,
65459,5242100,35,17,18,12.95,,
65460,5243100,18,6,12,12.95,,
65461,5244100,8,3,5,12.95,,
65462,5245100,22,16,6,12.95,,
65463,958121111,0,0,0,70.89,,
65464,958123001,7,3,4,63.80,,
65465,958124401,7,3,4,49.62,,
65466,002984335,9,3,6,43.95,,
65467,002984385,5,0,5,43.95,,
65468,002984345,11,5,6,43.95,,
65469,002984395,7,4,3,43.95,,
65470,002984315,7,4,3,48.20,,
65471,002984365,0,0,0,49.62,,
65472,002984325,7,4,3,48.20,,
65473,002984375,5,1,4,48.20,,
65474,002984305,7,4,3,43.95,,
65475,002984355,0,0,0,87.90,,
65477,002984535,0,0,0,69.47,,
65478,002984601,7,3,4,106.33,,
65479,002984505,7,4,3,66.63,,
65480,002984565,6,4,2,66.63,,
65485,003562025,7,3,4,19.85,,
65487,003562045,8,4,4,21.27,,
65489,003562005,5,2,3,19.85,,
65491,003562015,10,4,6,19.85,,
65494,003361002,14,7,7,73.82,,
65495,003361012,10,7,3,77.92,,
65496,003361022,10,6,4,73.82,,
65497,002843011,0,0,0,27.34,,
65498,706729011,12,6,6,6.08,,
65500,998502001,2,0,2,153.11,,
65502,A1101CP,0,0,0,98.05,,
65512,003562035,0,0,0,19.85,,
65513,1942,0,0,0,2346.11,,
65514,60754,6,3,3,31.96,,
65515,966,0,0,0,31.14,,
65516,967,1,1,0,27.09,,
65532,010-01962-00,2,1,1,119.99,,
65533,010-01962-10,2,0,2,356.24,,
65534,010-11868-20,0,0,0,374.99,499.99,
65535,010-11868-21,0,0,0,374.99,499.99,
65536,010-11868-22,1,1,0,374.99,449.00,
65537,010-12465-00,0,0,0,187.49,,
65538,010-11937-21,0,0,0,1012.49,1349.99,
65539,010-12187-20,0,0,0,4424.99,5899.99,
65540,010-12182-20,1,0,1,3299.99,4399.99,
65541,010-11643-20,0,0,0,3299.99,4399.99,
65543,010-12188-20,0,0,0,4049.99,5399.99,
65547,1866680,3,2,1,125.00,,
65548,3116,12,9,3,489.47,,
65549,3118,4,2,2,571.49,,
65550,11990,2,0,2,13.27,,
65569,ATPSENSTD,8,7,1,66.96,,
65570,SCH-11,31,18,13,7.50,,
65573,A80464,15,9,6,339.99,,
65574,A80465,0,0,0,1212.49,,
65575,T70318,0,0,0,2083.32,,
65576,T70319,3,1,2,2083.32,,
65583,3113,17,9,8,156.86,,
65586,A80475,2,2,0,110.78,,
65587,A80476,2,2,0,109.99,,
65588,A80477,3,2,1,183.23,,
65589,A80485,0,0,0,63.91,,
65590,SC-USB-02,16,7,9,37.13,,
65591,DS-H10,16,6,10,22.21,,
65600,A80510,2,2,0,418.19,,
65606,R70527,17,8,9,55.39,,
65609,OCTAF1212BP12,0,0,0,889.43,,
65611,ZDIGSPLK1500,3,2,1,297.47,,
65616,8806LP2,36,8,28,53.70,,
65617,8806LPG2,105,55,50,59.64,,
65619,NM-NG1-NF-00.5,0,0,0,36.02,,
65620,58103-1012,10,3,7,597.35,,
65625,001-122-910,0,0,0,177.27,,
65627,27SA-24,10,5,5,127.04,,
65629,81300400,3,2,1,401.40,,
65630,010-12165-02,0,0,0,7.49,,
65644,FAP6310,0,0,0,1727.27,,
65649,010-12390-30,0,0,0,89.99,,
65652,S00-00522-24,0,0,0,11.27,,
65668,A10-210PB,0,0,0,31.83,,
65715,AF45,9,3,6,33.21,,
65716,AF90,5,1,4,15.95,,
65718,71928P,0,0,0,2.11,,
65721,71955T,1,0,1,15.12,,
65722,T-FITTING,6,4,2,15.27,,
65724,71861H,4,2,2,54.48,,
65727,71004K,20,5,15,2.51,,
65728,"UNION 62CA-6",0,0,0,9.35,,
65729,"MD 38 NI COM FT",8,5,3,23.39,,
65733,"UPS BLKHD T-FIT",4,0,4,67.00,,
65734,"UPS T-FITTING",5,2,3,48.25,,
65738,"UPS 4-4 FLO-SS",6,3,3,121.84,,
65740,40878B,2,1,1,22.87,,
65744,42838Z,4,2,2,37.05,,
65745,40736E-UC94,4,2,2,20.23,,
65748,40735C,3,0,3,20.81,,
65749,40822X,4,1,3,38.11,,
65750,40736E,2,0,2,19.80,,
65751,73115F,0,0,0,38.29,,
65753,40736E-SVS,0,0,0,48.52,,
65754,A80488,0,0,0,63.91,,
65757,RF41200,5,3,2,35.51,54.31,
65779,010-12586-00,0,0,0,16.24,,
65780,010-12588-00,0,0,0,14.49,,
65781,010-12590-00,0,0,0,12.99,,
65782,010-12587-00,2,0,2,16.24,,
65784,010-12591-00,0,0,0,14.57,,
65789,"TU 95-50",4,2,2,174.55,,
65791,171CA-6-4,5,3,2,29.80,,
65803,RCM5,1,1,0,125.00,,
65812,F16-0080,5,3,2,69.08,,
65813,F40-0018WHC-A,6,4,2,5.43,,
65820,184003,14,10,4,5.49,,
65823,77010310,30,15,15,338.13,,
65824,DST800L-235-N2,0,0,0,591.61,790.00,
65825,33-409-01,0,0,0,96.45,125.00,
65827,221HF012,7,3,4,927.33,,
65838,1812ATP,2,0,2,946.17,,
65845,010-12528-02,4,2,2,52.49,,
65846,010-12531-00,18,13,5,18.75,,
65854,B501BT/L,6,1,5,454.53,,
65855,B501CHT/L,2,2,0,355.98,,
65856,B501B/L,4,4,0,378.35,,
65862,B502BT/L,2,0,2,792.96,,
65864,B502B/L,1,1,0,399.99,,
65905,000-176-666-10,0,0,0,82.73,,
65906,SCR-24-CC-BZ-10,11,2,9,410.59,,635.00
65908,SCR-24-BW-BZ-10,1,0,1,431.74,,625.00
65909,SCR-24-GW-BZ-10,0,0,0,431.74,,625.00
65910,SCR-24-BB-BZ-10,0,0,0,431.74,,625.00
65915,A503-31CBBR-HE,0,0,0,128.05,,
65916,LL-101-PRO,0,0,0,67.07,,
65918,15099-001,13,5,8,24.36,,
65923,NEW-12V-24V-7A,0,0,0,744.27,,
65924,NEW-12V-24V-16A,0,0,0,853.33,,
65937,MC14X06,2,2,0,37.77,,
65939,MC14X10,4,2,2,41.83,,
65940,MC14X12,5,2,3,43.85,,
65941,MC14X14,2,0,2,45.89,,
65942,MC14X16,2,0,2,47.92,,
65943,MC14X18,2,0,2,49.96,,
65945,MC14X22,2,0,2,54.00,,
65947,MC14X26,0,0,0,58.07,,
65948,MC14X28,0,0,0,60.09,,
65949,MC14X30,2,2,0,62.12,,
65950,MC14X32,0,0,0,74.29,,
65951,MC14X34,0,0,0,83.80,,
65952,MC14X36,0,0,0,93.21,,
65953,MC36X06,0,0,0,35.13,,
65954,MC36X08,0,0,0,34.89,,
65955,MC36X10,2,2,0,36.92,,
65956,MC36X12,0,0,0,41.23,,
65957,MC36X14,2,0,2,43.25,,
65958,MC36X16,4,4,0,45.28,,
65959,MC36X18,4,2,2,47.31,,
65960,MC36X20,0,0,0,49.33,,
65961,MC36X22,2,0,2,51.36,,
65962,MC36X24,0,0,0,53.75,,
65963,MC36X26,2,0,2,56.21,,
65964,MC36X28,2,0,2,58.63,,
65965,MC36X30,0,0,0,61.09,,
65966,MC36X32,0,0,0,74.29,,
65967,MC36X34,0,0,0,83.80,,
65968,MC36X36,0,0,0,93.21,,
65969,MC36X38,0,0,0,110.28,,
65974,MC5X08,0,0,0,37.51,,
65975,MC5X10,2,0,2,39.55,,
65976,MC5X12,4,2,2,41.57,,
65977,MC5X14,2,0,2,43.61,,
65978,MC5X16,6,4,2,45.63,,
65979,MC5X18,0,0,0,47.65,,
65981,MC5X22,4,2,2,51.72,,
65983,MC5X26,4,2,2,56.21,,
65984,MC5X28,2,0,2,58.63,,
65986,MC5X32,0,0,0,72.96,,
65987,MC5X34,0,0,0,83.80,,
65988,MC5X36,0,0,0,93.21,,
65990,MC5X38,0,0,0,102.65,,
65991,MC0X06,1,0,1,29.87,,
65992,MC0X08,5,3,2,31.08,,
65993,MC0X10,4,2,2,32.95,,
65994,MC0X12,4,2,2,34.29,,
65995,MC0X14,0,0,0,37.61,,
65996,MC0X16,2,0,2,40.60,,
65997,MC0X18,3,2,1,43.80,,
65998,MC0X20,2,1,1,47.00,,
65999,MC0X22,0,0,0,50.24,,
66000,MC0X24,2,0,2,53.47,,
66001,MC0X26,4,2,2,56.72,,
66002,MC0X28,4,2,2,59.91,,
66003,MC0X30,0,0,0,63.11,,
66004,MC0X32,0,0,0,78.69,,
66005,MC0X34,0,0,0,83.07,,
66006,MC0X36,0,0,0,87.47,,
66007,MC0X38,0,0,0,91.80,,
66015,LNZ-512S,5,2,3,54.65,,
66025,SET0090,1,1,0,172.80,,
66028,545-5010-7,11,8,3,27.00,,
66030,MGR450B,0,0,0,152.47,254.99,
66036,RLS-508-401,4,4,0,81.56,,
66037,RLS-509-401,4,4,0,75.09,,
66048,010-12491-01,0,0,0,19.99,,
66053,010-12236-00,0,0,0,524.99,,
66054,010-12236-01,0,0,0,599.99,,
66055,010-12236-02,0,0,0,547.49,,
66056,010-12239-00,0,0,0,14.99,,
66060,010-12237-00,0,0,0,14.99,,
66062,010-12239-01,0,0,0,14.99,,
66063,010-12237-01,0,0,0,14.99,,
66071,RLS-509-405,6,4,2,84.38,,
66075,010-12020-00,31,19,12,11.24,,
66100,980950051,0,0,0,163.04,,
66103,66502-1,55,27,28,17.95,,
66104,001-409-520-00,0,0,0,246.36,,
66105,A06075,25,10,15,42.60,,
66106,A06076,7,4,3,42.60,,
66109,11969-4,4,2,2,38.07,,
66110,13710-4,142,88,54,37.08,,
66112,117553-7,8,6,2,10.25,,
66126,A80500,0,0,0,76.69,,
66128,010-12006-11,2,2,0,29.99,,
66135,02840300A,4,2,2,520.67,,
66153,FND,43,43,0,4.03,,
66157,29550,0,0,0,18.09,,
66158,29551,1,1,0,13.70,,
66159,29552,10,10,0,6.26,,
66161,29751,0,0,0,8.81,,
66162,LMB-EXTSHORT,0,0,0,236.25,,
66165,165T-B54,2,1,1,1688.89,,
66166,136,2,0,2,165.33,,
66168,055-43250-7,4,4,0,21.67,,
66177,83550,0,0,0,561.81,,
66215,1PPOT,54,26,28,21.84,,
66237,3876-3,48,22,26,8.41,,
66238,AR-6493,0,0,0,33.79,,
66240,R70384,0,0,0,153.40,,
66247,TM260-BL,0,0,0,1115.06,1499.00,
66256,A80438,0,0,0,383.14,,
66257,A80011,0,0,0,1792.66,,2199.00
66277,15140-001,45,19,26,17.35,,
66286,A80440,5,2,3,166.66,,
66288,F16-2525,2,2,0,46.03,,
66289,100-357-172-10,0,0,0,24.55,,
66292,300-038,0,0,0,2595.47,,2919.91
66294,317302400,19,12,7,284.38,,454.99
66295,SET0087,0,0,0,67.20,,
66303,1341,6,0,6,8.06,,
66305,000-159-688,0,0,0,100.00,,
66306,BP-T901P,0,0,0,591.46,,
66308,S3-0506_A,0,0,0,1568.00,,
66319,B4A02753,0,0,0,716.48,,
66322,GP1900-06,0,0,0,319.99,,
66342,RFLAERTR,5,5,0,25.08,,
66345,FPF6,1,1,0,16.98,,
66347,SACP6,4,4,0,9.15,,
66348,SACP8,3,3,0,10.60,,
66349,FSB1223,0,0,0,23.10,,
66350,FSB1631,0,0,0,34.77,,
66351,6033,0,0,0,73.51,,
66352,6126SC,0,0,0,68.95,,
66353,SET0089,0,0,0,98.67,,
66354,BP65S,0,0,0,25.71,,
66365,F106877,0,0,0,48.78,,
66367,F12066,12,0,12,36.96,,
66374,RMX4500-08,0,0,0,399.99,,
66378,44020120,2,0,2,475.57,,
66384,B275C-LHW-MM,0,0,0,1871.36,2464.00,
66386,DSM410-01,5,3,2,516.32,,
66392,001-435-870-00,0,0,0,91.82,,
66402,58359,3,0,3,183.34,,
66405,STC,8,4,4,278.13,,
66407,SP4157,1,1,0,59.51,,
66408,1015,2,0,2,15.46,,
66409,1016,26,26,0,15.46,,
66411,11311,3,0,3,12.40,,
66412,11312,0,0,0,12.40,,
66413,11313,6,2,4,12.40,,
66414,375,4,0,4,11.87,,
66423,GP1800-07,0,0,0,312.72,,
66425,R70523,2,1,1,46.86,,
66426,L10-1003-1,2,1,1,1719.22,,
66427,L10-1002-1,5,2,3,317.94,,
66428,L10-1003BAG,0,0,0,401.40,,
66433,B265C-LH-12G,1,0,1,1514.54,1999.00,
66434,P102923,0,0,0,130.71,,
66448,83554,0,0,0,974.96,,
66449,83557,0,0,0,616.93,,
66450,83562,0,0,0,726.20,,
66451,CAM-MM-02,0,0,0,317.81,,
66452,CAM-PT-150-02,2,0,2,278.44,,
66453,CAM-PT-300-02,6,4,2,289.69,,
66454,010-11599-10,20,17,3,79.99,,
66462,7879CR-FI,0,0,0,49.28,,
66463,41500500,0,0,0,39.58,,
66466,SHC-18,12,1,11,52.50,,
66490,MM3-VNA-024,0,0,0,227.27,,
66491,0150,4,0,4,21.64,,
66492,0151,2,2,0,25.44,,
66493,0152,7,7,0,27.08,,
66499,INTTYPES,1,0,1,793.97,,
66500,INTTYPET,0,0,0,873.28,,
66501,INTTYPER,0,0,0,692.48,,
66502,INTTYPEH,0,0,0,753.93,,
66503,INTTYPEA,2,2,0,140.86,,
66504,INTREMOTE,1,1,0,45.59,,
66505,132000-400-004-18,24,12,12,122.33,,
66527,PO414DWC-10,0,0,0,184.71,,
66529,BHW4025,4,2,2,50.53,,
66530,ATPDISPBR,6,2,4,167.27,,
66531,ATPBRCABLE,2,0,2,35.71,,
66537,010-12445-13,3,0,3,22.49,,
66550,PT109,11,7,4,8.14,,
66555,4158-163-E75,6,4,2,328.26,,
66563,131252,10,6,4,10.60,,
66564,141250,0,0,0,17.67,,
66565,161250,30,10,20,21.20,,
66566,620106,0,0,0,11.30,,
66567,620206,0,0,0,14.13,,
66568,620306,0,0,0,17.67,,
66569,861600,1,1,0,35.34,,
66571,137401,0,0,0,56.56,,
66572,144900,0,0,0,17.67,,
66573,145000,0,0,0,24.74,,
66574,146000,0,0,0,35.34,,
66575,777101,0,0,0,69.87,,
66576,787010,2,2,0,80.43,,
66584,344010,6,6,0,6.43,,
66585,RF1135-20,13,9,4,4.12,6.39,
66586,RF1136,5,4,1,7.51,11.48,
66587,354010,4,4,0,7.71,,
66588,RF2330,0,0,0,19.07,29.18,
66589,364010,0,0,0,9.64,,
66591,374010,0,0,0,11.57,,
66592,RF3124,0,0,0,104.30,159.57,
66593,374110,8,8,0,12.86,,
66596,386001,3,3,0,10.60,,
66597,RF3132,6,5,1,90.73,138.82,
66598,387001,2,0,2,12.01,,
66600,360710,0,0,0,5.79,,
66601,370710,41,14,27,6.43,,
66602,RF44140,0,0,0,85.14,130.26,
66603,705001,2,2,0,10.93,,
66604,RF44188,0,0,0,87.71,115.98,
66605,708001,0,0,0,16.07,,
66606,RF444,0,0,0,34.77,53.18,
66608,2350000,6,6,0,3.21,,
66610,2360001,0,0,0,5.14,,
66611,2370002,6,6,0,6.43,,
66612,RF62100,0,0,0,148.43,,
66613,RF66100,0,0,0,34.98,53.51,
66614,RF72100,0,0,0,180.01,247.88,
66633,0301DP5,17,10,7,5.80,,
66636,R409C-LWM,0,0,0,4422.55,5999.00,
66639,EIC20130,2,2,0,112.15,,
66642,GP1200-14,2,2,0,363.62,,
66647,331-548,0,0,0,27.84,,
66669,001-470-970-00,0,0,0,479.09,,
66673,212513,0,0,0,171.82,287.99,
66680,SM-ACC-SNAP,4,2,2,31.26,,38.47
66682,SM-ACC-INFR,5,5,0,109.84,,135.19
66683,SM-ACC-REED,4,4,0,14.94,,18.38
66684,SM-ACC-EPIR,7,2,5,118.29,,145.59
66685,SM-ACC-SHOR,4,4,0,59.14,,72.79
66687,SM-ACC-DCRE,6,1,5,22.81,,28.07
66692,142006,2,2,0,56.99,,
66697,00900-40,4,4,0,9.19,,
66700,00900-37A,14,7,7,3.84,,
66706,7717N,38,28,10,15.20,,
66730,TS1029,2,2,0,17.89,,
66740,RA-259-239-G,5,0,5,11.25,,
66742,136400,0,0,0,40.12,,
66745,07200,7,3,4,612.32,,
66746,06200,5,2,3,391.45,,
66749,010-11078-01,37,14,23,56.24,,
66750,010-11351-50,0,0,0,37.49,,
66755,16870,34,7,27,4.21,,
66756,16871,27,7,20,9.22,,
66757,16873,9,8,1,10.25,,
66831,A503-11AAG-HE,0,0,0,128.05,,
66833,GP2050-16,0,0,0,327.26,,
66841,F14215,6,6,0,14.45,,
66842,F14216,8,8,0,15.58,,
66843,F12811,0,0,0,12.17,,
66845,725001,0,0,0,11.57,,
66847,F12637,4,4,0,22.31,,
66848,108401,2,2,0,16.07,,
66849,108700,5,5,0,19.29,,
66850,F13758,1,1,0,17.40,,
66851,F14060,0,0,0,18.87,,
66852,181250,4,4,0,31.81,,
66857,465100,0,0,0,11.30,,
66858,500000,1,0,1,16.26,,
66860,FUR-DWN-CBL,0,0,0,59.09,,
66868,SCR-24-AG-BZ-10,0,0,0,431.74,,625.00
66872,106113,2,2,0,223.72,350.19,
66874,262113,11,8,3,247.58,414.99,
66877,110113,0,0,0,285.76,478.99,
66878,FVSSM0512000A00,0,0,0,380.85,,
66886,7531,4,2,2,617.09,,
66890,"98 075",4,2,2,179.44,194.39,
66897,760200,0,0,0,24.74,,
66898,760301,1,1,0,31.81,,
66900,374310,5,4,1,12.86,,
66909,EOS130-BK,1,1,0,36.11,57.99,
66911,344987,0,0,0,3.21,,
66912,345500,12,0,12,6.43,,
66913,2375002,0,0,0,6.43,,
66914,2373005,52,52,0,9.64,,
66915,2361800,0,0,0,5.14,,
66919,T70407,5,4,1,1359.99,,
66920,100103,0,0,0,10.60,,
66921,530006,0,0,0,17.67,,
66923,620292,0,0,0,14.13,,
66925,613306,0,0,0,28.27,,
66958,PTS-1,2,0,2,181.83,,
66959,PTS-2,3,2,1,288.49,,
66960,ARM101,0,0,0,131.93,,
66961,ARM101WP,0,0,0,20.41,,
66971,470000,3,3,0,12.86,,
66972,R70484,13,10,3,19.59,,
66973,MMC-12G,7,4,3,105.53,135.00,
66985,A80490,7,3,4,68.17,,
66997,P12074,0,0,0,522.67,,
66998,P12073,3,0,3,509.33,,
66999,GP1050-15,0,0,0,327.26,,
67002,010-12117-10,0,0,0,22.49,,
67007,"PW 02685",7,5,2,11.47,16.95,
67010,"KR 41511",8,6,2,17.11,25.95,
67011,"CA 03516-6",20,12,8,28.51,35.95,
67012,Z60-8266VEL26-2,5,3,2,56.19,,
67013,Z60-7279VEL27.5-2,14,8,6,43.87,,
67014,Z60-7288VEL30.75-2,9,9,0,54.31,,
67015,Z10-4067BLY60MM,4,0,4,43.60,,
67016,Z10-4085BLY60MM,5,3,2,54.53,,
67024,BPA,0,0,0,42.73,,
67033,M180132,20,3,17,12.45,,
67034,M180232,13,6,7,11.03,,
67035,M180332,6,1,5,10.82,,
67045,220161,0,0,0,30.38,,
67046,220162,8,2,6,27.98,,
67047,220163,6,2,4,34.07,,
67049,710265-1,0,0,0,303.05,,
67052,817-1000,6,3,3,348.67,,
67053,817-2000,15,9,6,689.90,,
67055,817-1050,12,7,5,467.56,,
67056,817-2080,12,7,5,848.37,,
67057,808-0817-01,16,9,7,66.50,,
67058,808-9817,7,7,0,27.35,,
67063,1854051,0,0,0,195.17,,
67070,1810440,1,0,1,1490.01,,
67071,1810441,3,1,2,1490.01,,
67072,1810442,3,2,1,1647.26,,
67073,1810443,3,0,3,1647.26,,
67075,1810445,2,0,2,1647.26,,
67078,1810452,3,3,0,1718.89,,2399.99
67079,1810453,2,1,1,1718.89,,2399.99
67081,1810455,4,2,2,1718.89,,2399.99
67082,1810462,4,2,2,2005.37,,2799.99
67083,1810463,3,1,2,2005.37,,2799.99
67084,1810247,0,0,0,106.46,,
67087,1810257,2,2,0,134.85,,
67093,136200,0,0,0,28.27,,
67095,757004,2,2,0,45.68,,
67096,112300,2,2,0,28.27,,
67097,134830,0,0,0,19.03,,
67099,RC1010CAP12V,1,0,1,2031.25,2860.00,
67101,3875-3,5,5,0,7.05,,
67115,767000,0,0,0,79.19,,
67129,EVO-2212,0,0,0,1498.18,2066.30,
67130,EVO-3012,0,0,0,1760.00,2482.60,
67131,EVO-2224,0,0,0,1498.18,2066.30,
67132,EVO-4024,0,0,0,1828.64,2522.00,
67134,EVO-RC,1,1,0,116.93,161.20,
67135,SAM-1500C-12,0,0,0,316.36,436.30,
67136,SAM-100-12,0,0,0,29.20,40.30,
67137,SAM-250-12,0,0,0,52.61,72.50,
67138,LHC,0,0,0,389.99,,
67139,SAM-450-12,2,2,0,63.07,87.00,
67141,SAM-800-12,0,0,0,92.16,127.20,
67155,SAM-1000-12,3,2,1,112.95,155.80,
67156,SAM-1500-12,0,0,0,193.98,267.60,
67157,SAM-2000-12,6,4,2,264.55,364.90,
67158,SAM-3000-12,0,0,0,393.52,542.70,
67170,PST-300-12,6,3,3,195.45,269.60,
67171,PST-600-12,4,2,2,242.84,334.90,
67173,PST-1500-12,4,2,2,532.16,734.00,
67174,PST-2000-12,0,0,0,703.86,970.80,
67175,PST-3000-12,0,0,0,989.77,1365.00,
67176,PST-300-24,3,0,3,195.45,269.60,
67177,PST-600-24,4,1,3,242.84,334.90,
67178,PST-1000-24,0,0,0,437.61,603.60,
67179,PST-1500-24,2,0,2,532.16,734.00,
67180,PST-2000-24,1,1,0,703.86,970.80,
67181,PST-3000-24,0,0,0,978.65,1365.00,
67182,STS-30,0,0,0,233.07,321.50,
67183,SBR-27LI,20,6,14,30.00,,
67187,SEC-1215UL,3,3,0,159.20,219.60,
67188,SEC-1230UL,0,0,0,222.95,307.50,
67189,SEC-1250UL,3,3,0,405.23,558.80,
67190,SEC-1280UL,0,0,0,575.45,793.70,
67191,SEC-2415UL,1,0,1,222.95,307.50,
67192,SEC-2425UL,3,3,0,401.70,554.00,
67193,SEC-2440UL,1,0,1,575.45,793.70,
67194,900-RC,0,0,0,32.05,44.20,
67195,RC-15,0,0,0,18.52,25.60,
67196,RC-15A,1,0,1,29.89,41.20,
67198,RC-300,4,0,4,68.41,94.40,
67199,SAM-RC,0,0,0,29.20,40.30,
67213,DC-1000-KIT,0,0,0,130.00,179.30,
67214,DC-2000-KIT,0,0,0,153.07,211.20,
67215,DC-2500-KIT,0,0,0,231.02,318.70,
67216,DC-3500-KIT,2,0,2,454.43,626.70,
67217,7462,3,0,3,58.80,,
67218,3131,30,20,10,53.52,,
67220,DC-FA-100,2,2,0,34.43,47.50,
67221,DC-FA-200,2,2,0,34.43,47.50,
67223,DC-FA-300,2,1,1,34.43,47.50,
67224,MRBF-100,3,0,3,13.64,18.80,
67225,MRBF-200,0,0,0,13.64,18.80,
67226,MRBF-300,3,2,1,13.64,18.80,
67227,7532,4,2,2,785.41,,
67228,DC-FB-2,0,0,0,28.86,39.80,
67230,CFB2-400,1,1,0,136.14,187.70,
67232,BF16,0,0,0,79.17,117.00,
67233,GP1040-40,0,0,0,334.53,,
67242,BW-01,0,0,0,43.64,60.20,
67243,BW-03,0,0,0,78.86,108.70,
67244,ACR-160,1,1,0,115.80,159.80,
67245,SDC-15,2,0,2,78.86,108.70,
67246,SDC-23,0,0,0,88.18,121.60,
67247,SDC-5,4,0,4,38.07,52.50,
67248,SDC-12,0,0,0,50.68,69.90,
67249,SDC-30,0,0,0,126.02,173.70,
67250,SDC-60,0,0,0,303.41,418.40,
67251,IDC-100A-12,0,0,0,129.66,178.80,
67252,IDC-100B-12,4,1,3,129.66,178.80,
67253,IDC-100C-12,0,0,0,129.66,178.80,
67254,IDC-100D-12,0,0,0,129.66,178.80,
67255,IDC-100A-24,0,0,0,129.66,178.80,
67256,IDC-100C-24,0,0,0,129.66,178.80,
67257,IDC-200A-12,0,0,0,149.32,206.00,
67258,IDC-200B-12,0,0,0,149.32,206.00,
67259,IDC-200C-12,0,0,0,149.32,206.00,
67260,IDC-200D-12,0,0,0,149.32,206.00,
67261,IDC-200A-24,0,0,0,149.32,206.00,
67262,IDC-200B-24,0,0,0,149.32,206.00,
67263,IDC-200C-24,0,0,0,149.32,206.00,
67264,IDC-360A-12,0,0,0,287.61,396.70,
67265,IDC-360B-12,0,0,0,287.61,396.70,
67266,IDC-360C-12,0,0,0,287.61,396.70,
67267,IDC-360D-12,0,0,0,287.61,396.70,
67268,IDC-360A-24,0,0,0,287.61,396.70,
67269,IDC-360B-24,0,0,0,287.61,396.70,
67270,IDC-360C-24,0,0,0,287.61,396.70,
67271,STEP7,0,0,0,95.68,132.00,
67272,STEP10,0,0,0,133.30,183.80,
67273,STEP20,0,0,0,277.05,382.10,
67276,59001,0,0,0,21.36,,
67277,59000,0,0,0,44.01,,
67295,93-303,26,2,24,15.40,,
67296,93-304,42,17,25,12.06,,
67297,C3-803,39,24,15,5.35,,
67298,C3-805,81,52,29,5.35,,
67299,C3-810,152,76,76,5.35,,
67300,C7-10,66,37,29,13.29,,
67301,C7-10-02,78,29,49,14.55,,
67302,S3-0503,0,0,0,1282.07,,
67303,F7-53,55,20,35,6.96,,
67304,F7-73,41,16,25,9.78,,
67305,M1-15-61-8,0,0,0,52.55,,
67306,M1-20-32-48,0,0,0,73.62,,
67307,M1-20-81-48,0,0,0,69.21,,
67309,M1-2A-11-1,0,0,0,24.06,,
67310,M1-2A-13-5,45,20,25,15.22,,
67311,90919,109,20,89,10.93,,
67312,90923,35,16,19,10.93,,
67313,90925,30,10,20,10.97,,
67314,90927,36,21,15,10.93,,
67316,90891,109,22,87,8.36,,
67317,90893,48,24,24,8.36,,
67318,90892,140,44,96,8.36,,
67325,131550,7,5,2,322.55,,
67329,188024,8,8,0,10.99,,
67330,106096,115,76,39,15.93,,
67336,710273-1,0,0,0,68.21,,
67344,MFC-2BS,0,0,0,15.41,,
67345,MFC-2NS,0,0,0,15.41,,
67346,MFC-3BS,4,0,4,23.73,,
67347,MFC-3NS,6,4,2,23.73,,
67348,MFC-4BS,6,4,2,28.86,,
67352,MFC-4NS,6,4,2,28.86,,
67357,MFC-1BD,0,0,0,14.63,,
67358,MFC-1BS,0,0,0,12.44,,
67359,MFC-1NS,0,0,0,12.44,,
67360,MFC-2BD,0,0,0,21.94,,
67361,MFC-2ND,0,0,0,21.94,,
67362,MFC-3BD,0,0,0,37.49,,
67364,MFC-3ND,0,0,0,37.49,,
67367,MFC-4BD,4,2,2,36.00,,
67368,MFC-4ND,0,0,0,45.12,,
67373,MFC-A2B,0,0,0,26.27,,
67377,MFC-A2N,0,0,0,26.27,,
67389,MFC-A3B,8,4,4,34.14,,
67390,MFC-A3N,8,3,5,27.00,,
67391,MFC-A4B,6,4,2,55.87,,
67392,MFC-A4N,0,0,0,55.87,,
67393,MFC-A5B,0,0,0,80.81,,
67394,MFC-A5N,0,0,0,80.81,,
67395,MFC-A6B,4,2,2,102.53,,
67396,MFC-A7N,0,0,0,136.04,,
67397,MFC-A7B,0,0,0,136.04,,
67398,MFC-F4N,4,4,0,36.49,,
67399,MFC-F4B,0,0,0,46.55,,
67400,MFC-F7N,0,0,0,49.21,,
67401,MFC-F7B,4,3,1,40.00,,
67402,MFC-F8N,0,0,0,71.60,,
67403,MFC-F8B,0,0,0,71.60,,
67404,MFC-F10B,0,0,0,76.86,,
67406,MFC-F10N,0,0,0,76.86,,
67407,MFC-F11B,0,0,0,95.29,,
67408,MFC-F11N,0,0,0,95.29,,
67409,MFC-13B,0,0,0,145.92,,
67410,MFC-F13N,0,0,0,145.92,,
67412,M5-60-205-8,0,0,0,84.70,,
67416,MF-01-110-60,20,18,2,107.53,,
67417,37-20-086-20,21,21,0,19.55,,
67420,93-10-201-50,0,0,0,32.04,,
67421,93-314,0,0,0,15.85,,
67422,C2-32-25,40,15,25,21.22,,
67423,C7-10-15,0,0,0,14.00,,
67424,F7-530,47,23,24,5.74,,
67426,1001401,10,5,5,4.54,,
67427,1001402,12,9,3,4.20,,
67428,1001503,7,4,3,11.58,,
67429,1001504,6,5,1,30.15,,
67430,1001505,15,4,11,12.16,,
67431,1001506,16,8,8,27.04,,
67432,1001507,7,7,0,12.90,,
67433,1001508,11,3,8,9.30,,
67435,A80526,0,0,0,68.17,,
67436,A80527,4,2,2,85.22,,
67437,A80528,3,0,3,85.22,,
67438,A80525,0,0,0,68.17,,
67439,A80529,3,2,1,85.22,,
67440,A80524,0,0,0,68.17,,
67441,A80530,4,2,2,76.69,,
67442,A80531,0,0,0,83.32,,
67443,A80533,0,0,0,104.16,,
67444,209-1277-00,4,4,0,120.37,,
67445,1001306,45,21,24,32.22,,
67446,1001302,8,5,3,10.91,,
67447,1001303,3,2,1,28.78,,
67448,1001307,6,4,2,10.25,,
67449,1001304,0,0,0,48.81,,
67450,1001301,0,0,0,13.43,,
67451,1001305,0,0,0,13.85,,
67452,1001605,4,2,2,48.99,,
67454,1001606,0,0,0,25.67,,
67455,1001610,3,3,0,13.85,,
67456,1001604,2,2,0,54.07,,
67457,1001603,2,0,2,56.68,,
67458,1001607,1,0,1,21.92,,
67459,1001609,5,3,2,22.08,,
67460,1002301,5,3,2,21.98,,
67461,1001001,0,0,0,50.92,,
67462,1002101,0,0,0,69.27,,
67463,1002102,6,4,2,74.84,,
67464,1001601,9,5,4,15.04,,
67465,1001602,8,3,5,8.23,,
67466,1001101,0,0,0,11.07,,
67467,1001102,12,0,12,6.01,,
67468,1001103,14,8,6,4.63,,
67469,1001104,12,9,3,4.63,,
67470,1002206,2,2,0,29.94,,
67471,1002201,0,0,0,52.19,,
67472,1002205,18,7,11,56.61,,
67473,1002203,1,1,0,48.28,,
67474,1002204,9,2,7,41.98,,
67480,560-1814-7,0,0,0,29.50,,
67491,7010,7,0,7,17.86,,
67494,1128,2,2,0,18.43,,
67500,INF1022MLW,1,0,1,109.99,,
67507,T70327,11,4,7,317.92,,
67528,A526-31AAG-HE,3,3,0,127.11,,
67536,RF261,11,2,9,3.38,5.17,
67538,RF263,0,0,0,3.38,5.17,
67544,RF270,0,0,0,7.62,11.66,
67547,RF273,6,4,2,7.62,11.66,
67550,RF276,0,0,0,14.65,22.43,
67578,32816,14,14,0,128.84,,
67597,0140-1222,16,10,6,3.49,,
67611,412,6,5,1,10.55,,
67613,413,9,3,6,12.17,,
67616,010-01759-00,9,3,6,224.99,,
67618,591,3,3,0,13.88,,
67619,010-12506-00,74,50,24,89.99,,
67623,010-12523-00,2,0,2,52.49,,
67627,010-12523-03,3,0,3,74.99,,
67629,010-12506-02,3,2,1,74.99,,
67631,444,12,7,5,18.99,,
67632,442,0,0,0,24.14,,
67633,446,6,2,4,15.99,,
67634,010-12505-02,4,1,3,14.99,,
67635,300,51,14,37,10.25,,
67636,302,14,9,5,12.50,,
67637,301,24,15,9,12.50,,
67640,847Q,0,0,0,12.06,,
67666,DT1H,10,6,4,65.58,,
67671,1001801,31,30,1,9.63,,
67672,1001802,12,5,7,9.01,,
67673,1001803,18,10,8,9.63,,
67674,1001804,7,3,4,13.96,,
67675,1001805,8,4,4,10.11,,
67676,1001806,4,2,2,10.11,,
67677,1001807,9,4,5,17.88,,
67678,1001808,24,7,17,12.83,,
67679,1001809,21,11,10,17.68,,
67680,1001810,0,0,0,11.41,,
67681,1001811,16,11,5,10.88,,
67682,1001812,5,5,0,20.63,,
67683,1001703,11,8,3,4.51,,
67684,1001702,9,4,5,6.86,,
67685,1001701,5,2,3,10.51,,
67686,1001705,6,3,3,12.53,,
67687,1001707,27,27,0,4.60,,
67688,1001708,8,8,0,7.84,,
67689,1001714,23,17,6,8.13,,
67690,1001716,0,0,0,30.32,,
67691,1001704,9,6,3,18.10,,
67692,1001709,8,0,8,6.50,,
67693,1001706,15,7,8,8.04,,
67694,1001710,8,5,3,6.80,,
67695,1001715,16,11,5,9.83,,
67696,1001711,16,13,3,7.39,,
67697,1001712,14,11,3,8.16,,
67698,1001713,14,11,3,9.10,,
67699,1001901,11,7,4,12.09,,
67700,1001906,6,5,1,8.48,,
67701,1001902,0,0,0,5.46,,
67702,1001908,5,5,0,8.23,,
67707,MCK632WB.6,14,11,3,96.73,164.99,
67708,MCK632WB.64,8,4,4,128.99,219.99,
67751,MR508UABW,12,6,6,96.73,164.99,
67754,MR62W,2,0,2,46.71,79.99,
67755,MR52W,0,0,0,36.31,54.99,
67761,MR62B,0,0,0,46.71,79.99,
67764,MR52B,29,14,15,36.31,54.99,
67776,100102-W,0,0,0,10.00,,
67779,S72-0486,1,1,0,999.99,,
67788,EC-HP-DB-AC,1,1,0,399.00,,
67790,99081,0,0,0,483.20,,
67791,99080,0,0,0,418.05,,
67793,11700100,13,7,6,51.14,,
67794,11700500,5,3,2,55.69,,
67797,11701500,0,0,0,61.76,,
67799,31432330,4,2,2,307.30,,
67800,31432340,0,0,0,307.30,,
67801,31511110,0,0,0,393.36,,
67802,31511120,0,0,0,393.36,,
67803,31511310,0,0,0,393.36,,
67804,31511320,2,0,2,393.36,,
67805,31511510,1,1,0,393.36,,
67806,31511520,0,0,0,393.36,,
67819,862113,3,1,2,246.99,413.99,
67820,862213,0,0,0,246.99,413.99,
67822,212213BLK,3,0,3,183.75,307.99,
67824,150213BLK,0,0,0,1155.59,1936.99,
67826,883213BLK,0,0,0,1039.26,1741.99,
67832,872213,2,0,2,703.61,1232.99,
67833,873213,5,2,3,895.03,1650.99,
67834,874213,4,2,2,1135.20,2093.99,
67835,876213,1,1,0,1439.87,2655.99,
67836,322613,1,1,0,413.43,692.99,
67846,2378000,5,5,0,9.64,,
67847,202113,6,1,5,153.32,256.99,
67848,202213,10,4,6,152.73,255.99,
67849,502313,0,0,0,265.48,444.99,
67850,502513,0,0,0,265.48,444.99,
67886,810313,6,3,3,287.56,481.99,
67887,820313,2,0,2,517.49,827.99,
67888,830313,6,5,1,710.53,1190.99,
67889,840313,3,0,3,916.44,,
67901,602113,3,1,2,153.92,257.99,
67902,602213,2,2,0,153.92,257.99,
67903,602513,1,0,1,153.92,257.99,
67945,62-542-MARINE-BLK,20,14,6,52.44,,
67952,ZDIGN2KIT,7,4,3,99.13,,
67953,720101-1,3,3,0,34.08,,
67954,720102-1,1,0,1,34.08,,
67957,720073-6,6,0,6,35.71,,
67962,740174-1,0,0,0,41.66,,
67969,875213,3,2,1,1382.40,2549.99,
68004,MMC-0,0,0,0,105.54,135.00,
68005,MMC-8G,5,4,1,105.28,135.00,
68006,MMC-BL,0,0,0,104.99,135.00,
68007,MMC-9N,9,3,6,105.08,135.00,
68008,MMC-14HB,2,1,1,104.18,135.00,
68009,MMC-HB,1,1,0,104.18,135.00,
68016,B175C-20-H-MM,3,1,2,887.38,1164.00,
68017,B175C-20-HW-MM,2,0,2,1105.79,1444.00,
68018,B175C-20-M-MM,3,0,3,949.41,1244.00,
68019,B265C-LH-MM,1,0,1,1415.22,1864.00,
68020,B175C-0-H-MM,0,0,0,887.38,1164.00,
68021,B175C-12-H-MM,1,0,1,887.38,1164.00,
68031,B175C-0-HW-MM,0,0,0,1105.79,1444.00,
68032,B175C-12-HW-MM,1,0,1,1105.79,1444.00,
68033,B175C-0-M-MM,1,1,0,949.41,1244.00,
68034,B175C-12-M-MM,0,0,0,949.41,1244.00,
68036,B75C-0-H-MM,0,0,0,552.96,724.00,
68037,B75C-12-H-MM,0,0,0,552.96,724.00,
68038,B75C-20-H-MM,2,0,2,552.96,724.00,
68039,B75C-0-M-MM,1,0,1,627.42,824.00,
68040,B75C-12-M-MM,1,0,1,627.42,824.00,
68041,B75C-20-M-MM,3,1,2,627.42,824.00,
68046,7465,0,0,0,58.80,,
68054,TKA01AL,0,0,0,9.04,,
68055,TKA02AL,0,0,0,6.59,,
68057,100102-B,0,0,0,10.00,,
68075,M4516CASE,1,1,0,52.78,,
68076,M6316CASE,4,3,1,93.00,,
68078,M180132CASE,2,0,2,65.59,,
68079,M180332CASE,0,0,0,63.16,,
68081,010-12390-20,0,0,0,63.75,,
68086,DFW4X-6,0,0,0,84.86,,
68091,M5916CASE,0,0,0,42.89,,
68092,M5616CASE,0,0,0,63.41,,
68093,M5016CASE,2,1,1,67.78,,
68094,M4916CASE,2,1,1,56.43,,
68098,342KIT,0,0,0,82.03,,
68099,342KIT2,0,0,0,82.97,,
68100,342KIT3,0,0,0,82.03,,
68104,342KIT4,0,0,0,82.97,,
68105,342KIIT5,0,0,0,76.40,,
68106,342KIT6,0,0,0,76.40,,
68107,342KIT7,0,0,0,76.40,,
68110,042KIT,0,0,0,74.27,,
68113,042KIT2,0,0,0,75.21,,
68115,"TB 3001CASE",2,0,2,104.42,,
68120,"TC 2001CASE",1,0,1,78.31,,
68122,"TC 2000CASE",1,0,1,156.62,,
68124,"TS 1001CASE",1,1,0,148.36,,
68125,042KIT3,0,0,0,74.27,,
68127,042KIT4,0,0,0,75.21,,
68130,042KIT5,0,0,0,68.64,,
68132,042KIT6,0,0,0,68.64,,
68133,042KIT7,0,0,0,68.64,,
68144,SAD-1460,0,0,0,293.48,,
68152,340KIT,0,0,0,82.03,,
68156,340KIT2,3,3,0,82.97,,
68158,340KIT3,2,1,1,82.03,,
68160,340KIT4,3,2,1,82.97,,
68163,340KIT5,1,0,1,76.40,,
68165,340KIT6,4,3,1,76.40,,
68167,340KIT7,1,0,1,76.40,,
68169,040KIT,0,0,0,74.27,,
68170,040KIT2,0,0,0,75.21,,
68171,040KIT3,2,0,2,74.27,,
68172,040KIT4,3,0,3,75.21,,
68173,040KIT5,1,0,1,68.64,,
68174,040KIT6,2,0,2,68.64,,
68175,040KIT7,3,0,3,68.64,,
68206,010KIT2,0,0,0,106.48,,
68208,305KIT2,0,0,0,105.47,,
68210,001KIT2,0,0,0,97.47,,
68244,M180232CASE,2,1,1,64.38,,
68245,M5032CASE,0,0,0,101.11,,
68247,DRS6ANXT,2,1,1,4693.95,,5795.00
68249,270000,59,33,26,21.76,,
68250,270001,62,21,41,19.43,,
68251,270002,49,29,20,27.20,,
68252,270005,50,27,23,34.96,,
68253,270010,45,8,37,65.27,,
68254,270101,249,90,159,15.54,,
68255,270103,155,81,74,27.20,,
68256,270104,401,167,234,34.96,,
68257,270105,77,10,67,11.29,,
68258,270106,121,61,60,10.88,,
68259,270108,50,28,22,14.00,,
68260,270201,40,9,31,62.16,,
68261,270202,61,28,33,85.46,,
68262,270300,342,215,127,12.34,,
68263,270301,347,122,225,17.35,,
68264,270302,137,39,98,21.28,,
68265,270305,64,17,47,27.15,,
68266,300000,12,2,10,6.78,,
68267,101810,6,3,3,14.28,,
68268,101825,0,0,0,34.39,,
68269,101850,0,0,0,63.61,,
68270,103810,4,2,2,20.54,,
68271,103825,10,0,10,47.65,,
68272,103850,0,0,0,85.67,,
68275,105840,11,0,11,79.99,,
68276,703112,20,11,9,9.93,,
68277,2707A,20,7,13,101.93,,
68278,2708A,22,17,5,82.40,,
68279,2710A,19,9,10,120.47,,
68280,2711A,37,14,23,129.36,,
68281,2713A,31,11,20,157.53,,
68282,2720A,33,17,16,166.81,,
68283,2731A,9,5,4,304.28,,
68284,2740A,4,4,0,378.42,,
68285,76080,3,1,2,95.45,,
68286,76090,4,2,2,82.72,,
68287,151225,0,0,0,28.70,,
68288,151250,3,2,1,54.09,,
68289,22150A,0,0,0,573.43,,
68291,22350-R,0,0,0,51.44,,
68292,23050A,0,0,0,662.33,,
68293,23051A,0,0,0,618.17,,
68294,23250-HH,0,0,0,47.01,,
68295,23250-R,0,0,0,44.07,,
68296,23350-R,0,0,0,51.44,,
68306,83304002,9,4,5,219.53,,
68366,SS175C-20-HW-MM,0,0,0,1181.76,1524.00,
68373,104018,4,2,2,124.23,,
68376,102217,0,0,0,86.64,,
68377,100000,0,0,0,33.03,,
68378,205102,9,4,5,141.91,,
68380,131300,8,3,5,95.16,,
68381,132200,7,3,4,47.28,,
68383,132300,12,4,8,124.23,,
68384,100017,8,5,3,15.19,,
68385,210003,2,2,0,35.31,,
68386,010-11076-03CASE,0,0,0,174.90,,
68387,890017,0,0,0,9.09,,
68388,941014,4,2,2,5.39,,
68389,941015,5,2,3,7.95,,
68390,150110,0,0,0,17.07,,
68391,010-11076-04CASE,4,2,2,112.46,,
68393,156026,4,2,2,46.15,,
68394,941022,4,2,2,4.71,,
68395,151100,14,1,13,155.59,,
68396,010-11076-00CASE,7,2,5,224.92,,
68397,010-11076-01CASE,3,2,1,209.93,,
68398,010-11078-01CASE,6,2,4,206.21,,
68399,"LQ 04506CASE",1,1,0,116.12,167.95,
68400,PS1,0,0,0,211.10,,
68401,PS2,0,0,0,324.88,,
68402,PS3,0,0,0,470.49,,
68403,PS4,2,0,2,609.51,,
68404,SS1,2,0,2,176.22,,
68405,SS2,1,0,1,271.46,,
68406,SS3,2,0,2,397.20,,
68407,SS4,1,0,1,527.68,,
68409,C50254,6,3,3,569.40,841.50,
68410,RS1,2,0,2,125.37,,
68411,RS2,0,0,0,175.00,,
68412,RS3,0,0,0,237.56,,
68413,C50504,1,1,0,700.32,1035.00,
68430,BFGWOV12V,0,0,0,63.29,,
68431,BFGWOV24V,0,0,0,63.29,,
68432,BFGWOV36V,1,0,1,63.29,,
68433,BFGWOV48V,0,0,0,63.29,,
68434,BFGWOV64V,0,0,0,63.29,,
68435,BFGWOV72V,0,0,0,63.29,,
68436,BFGWOVR12V,0,0,0,63.29,,
68437,BFGWOVR24V,0,0,0,63.29,,
68438,BFGWOVR36V,0,0,0,63.29,,
68439,BFGWOVR48V,0,0,0,63.29,,
68440,BFGWOVR64V,0,0,0,63.29,,
68441,BFGWOVR72V,0,0,0,63.29,,
68453,CA-0180,8,4,4,40.11,,
68456,210201,5,4,1,5.16,,
68457,210202,6,2,4,5.92,,
68458,220202,7,3,4,12.12,,
68459,210203,5,3,2,5.92,,
68460,220203,11,4,7,12.12,,
68462,210204,2,0,2,7.47,,
68464,210205,0,0,0,7.09,,
68466,210206,1,1,0,7.09,,
68468,210211,0,0,0,5.92,,
68469,210212,6,1,5,5.92,,
68470,220212,5,1,4,12.12,,
68471,210213,13,8,5,5.92,,
68472,220213,15,7,8,12.12,,
68473,222213,0,0,0,50.15,,
68474,210214,0,0,0,7.50,,
68475,220214,0,0,0,15.36,,
68476,210215,0,0,0,7.50,,
68477,220215,0,0,0,15.36,,
68478,210216,0,0,0,7.50,,
68479,220216,0,0,0,15.36,,
68480,"EFC-1 BLUE",0,0,0,30.73,,
68481,"EFC-2 BLUE",21,9,12,28.99,,
68482,"EFC-3 BLUE",0,0,0,40.87,,
68483,"EFC-4 BLUE",0,0,0,48.08,,
68484,M285C-HW-MM,0,0,0,799.16,1064.00,
68490,GP2050-08,0,0,0,327.26,,
68497,WS-C25,0,0,0,153.26,209.18,
68498,WS-USB,0,0,0,189.92,261.50,
68509,210221,4,2,2,7.10,,
68510,210222,9,5,4,8.16,,
68511,220222,6,1,5,16.71,,
68512,210223,9,4,5,8.16,,
68513,220223,11,4,7,16.71,,
68515,210224,10,7,3,9.47,,
68516,220224,4,2,2,19.35,,
68517,210225,8,5,3,9.47,,
68518,220225,5,2,3,19.35,,
68519,210226,5,3,2,9.47,,
68520,220226,3,3,0,19.35,,
68521,210227,2,0,2,13.74,,
68523,210233,6,3,3,14.55,,
68524,222233,0,0,0,27.41,,
68525,210234,0,0,0,14.63,,
68526,222234,7,2,5,27.55,,
68527,210235,3,0,3,18.57,,
68528,222235,6,4,2,34.99,,
68529,210236,4,0,4,18.57,,
68530,222236,0,0,0,34.99,,
68531,210237,0,0,0,18.70,,
68534,210244,9,5,4,18.36,,
68536,210245,7,4,3,18.36,,
68538,210246,0,0,0,18.36,,
68545,210247,0,0,0,18.36,,
68557,210301,0,0,0,5.16,,
68558,210302,0,0,0,5.92,,
68560,210303,0,0,0,5.92,,
68562,R111C-LH,0,0,0,3136.33,4199.00,
68563,210311,0,0,0,5.16,,
68564,210312,0,0,0,5.92,,
68566,220312,6,2,4,12.12,,
68567,210313,0,0,0,5.92,,
68568,220313,0,0,0,12.12,,
68570,210322,9,5,4,8.16,,
68573,220323,0,0,0,16.71,,
68574,210510,2,2,0,17.74,,
68575,210520,4,0,4,19.62,,
68576,210100,6,4,2,4.63,,
68577,220100,14,6,8,9.47,,
68579,210110,8,4,4,4.63,,
68580,220110,20,9,11,9.47,,
68582,210120,4,4,0,7.53,,
68583,220120,5,2,3,15.44,,
68587,210161,0,0,0,14.85,,
68589,210162,0,0,0,14.85,,
68594,210164,0,0,0,16.80,,
68597,210165,0,0,0,18.22,,
68598,210166,2,2,0,21.72,,
68614,GPS915,0,0,0,524.30,,
68626,GSE-1939BSA20,4,1,3,251.45,,
68627,NMEA2K1,3,2,1,162.99,,
68636,122200-300-020-18,0,0,0,60.68,,
68637,122200-300-040-18,10,9,1,60.68,,
68638,122200-300-060-18,0,0,0,60.68,,
68639,122200-600-020-18,0,0,0,60.68,,
68640,122200-600-040-18,6,0,6,60.68,,
68641,122200-600-060-18,0,0,0,60.68,,
68649,"G-1 COBALT BLUE",10,10,0,9.99,,
68650,"G-2 COBALT BLUE",2,2,0,11.00,,
68651,"G-3 COBALT BLUE W/AIR ADAPTER",7,2,5,13.99,,
68652,"G-4 COBALT BLUE W/AIR ADAPTER",0,0,0,25.47,,
68653,"G-5 COBALT BLUE W/AIR ADAPTER",7,6,1,40.00,,
68654,CW-376-5M,1,0,1,49.99,,
68655,"G-6 COBALT BLUE W/AIR ADAPTER",7,3,4,51.00,,
68659,1002013,4,1,3,9.43,,
68661,1002021,5,3,2,7.60,,
68662,1002022,0,0,0,8.39,,
68663,1002002,5,1,4,6.49,,
68664,1002023,1,1,0,7.23,,
68665,1002010,19,11,8,9.85,,
68666,1002006,8,8,0,12.00,,
68667,1001907,13,7,6,21.40,,
68668,1001903,6,6,0,6.23,,
68669,1001904,6,6,0,6.33,,
68670,1002001,4,0,4,6.51,,
68671,1002015,7,2,5,6.61,,
68672,1002004,13,4,9,6.71,,
68673,1002008,12,7,5,24.67,,
68674,1002007,0,0,0,12.04,,
68675,1002009,20,15,5,11.91,,
68681,1002017,0,0,0,7.47,,
68682,1001905,14,9,5,8.24,,
68683,1002018,8,5,3,7.87,,
68684,1002014,0,0,0,7.87,,
68685,1002012,15,8,7,7.96,,
68686,1002016,99,93,6,12.59,,
68687,1002003,5,5,0,23.88,,
68688,1002011,16,6,10,18.24,,
68689,1002005,0,0,0,22.35,,
68692,M80ATP,1,1,0,924.66,,
68702,SEC-1212,14,7,7,113.49,153.00,
68716,7151,18,0,18,9.20,,
68717,7152,17,3,14,9.20,,
68718,7153,27,7,20,9.20,,
68719,7154,8,2,6,9.20,,
68720,7155,23,9,14,9.20,,
68721,7156,31,16,15,9.20,,
68722,7157,40,15,25,9.20,,
68723,7160,19,5,14,7.34,,
68729,4180,44,10,34,55.62,,
68730,4181,9,5,4,55.62,,
68731,4230,10,3,7,10.51,,
68733,1842,4,2,2,252.67,,
68734,YBP-0111,0,0,0,45.38,,74.98
68735,242237,6,3,3,9.22,,
68736,012110C,4,2,2,439.56,759.00,
68737,70195,0,0,0,15.85,,
68739,09-703P-1,0,0,0,15.85,,
68740,10-13399-05,0,0,0,125.49,,
68741,10-24188-4,0,0,0,482.69,,
68742,54264PK,0,0,0,7.69,,
68743,54274PK,0,0,0,8.61,,
68745,80-47625-01,3,2,1,148.83,,
68747,80-47626-01,5,5,0,278.89,,
68754,60-100-SV,3,0,3,561.78,688.00,
68758,621-100-SV,2,0,2,561.78,688.00,
68761,ARS-5-H,4,0,4,215.00,264.00,
68763,DDC-12/24,1,0,1,189.03,232.00,
68764,MC-TS-A,0,0,0,31.36,38.99,
68765,MC-TS-B,0,0,0,39.21,47.99,
68768,UBB,2,1,1,58.42,71.99,
68769,UAA,2,0,2,28.01,34.99,
68770,BBU,3,0,3,40.88,50.99,
68772,F16-0204-1,5,4,1,136.22,,
68776,F31-3103BXZ-1,24,5,19,59.99,,
68783,L10-1001-1,0,0,0,2050.45,,
68805,2307,112,58,54,19.72,,
68812,88586,0,0,0,37.49,,
68813,MSK-90,0,0,0,366.14,528.40,
68814,MSK-135,0,0,0,465.45,671.70,
68821,SCC-30AB,1,1,0,109.20,157.60,
68833,SCC-1208L,3,2,1,45.45,65.60,
68846,A80470,0,0,0,954.16,,
68852,320,21,12,9,7.43,,
68853,321,27,6,21,6.50,,
68854,322,14,10,4,7.43,,
68855,SRV-100-30A,0,0,0,392.16,566.00,
68856,SRV-150-30A,0,0,0,438.07,632.30,
68859,HC25H2,10,4,6,134.54,219.99,
68882,010-12439-10,6,2,4,14.99,,
68883,010-12439-03,9,9,0,22.49,,
68884,010-12440-10,0,0,0,14.99,,
68885,010-12440-03,0,0,0,18.75,,
68908,010-12671-00,0,0,0,14.99,,
68911,010-12671-01,0,0,0,18.75,,
68912,010-12672-01,0,0,0,18.75,,
68913,010-12673-01,5,2,3,18.75,,
68914,010-12671-02,0,0,0,6.75,,
68915,010-12672-02,0,0,0,7.49,,
68916,010-12673-02,0,0,0,11.24,,
68917,010-12671-03,1,0,1,22.49,,
68918,010-12672-03,0,0,0,52.49,,
68924,PP4500-08,0,0,0,276.35,,
68928,2833,10,5,5,39.70,,
68929,30097-005,0,0,0,93.10,,
68930,S600EW,3,1,2,518.44,,
68931,S650E,0,0,0,481.90,,
68932,S700E,3,1,2,554.98,,
68933,S750E,0,0,0,570.29,,
68936,F650,4,2,2,495.70,,
68937,F650W,0,0,0,563.50,,
68939,F750,0,0,0,584.64,,
68940,S300EW,10,9,1,519.70,,
68942,S350EW,0,0,0,535.00,,
68943,S300W,5,2,3,531.64,,
68944,M120ATP,3,1,2,961.79,,
68945,904042ABYC,5,2,3,64.39,,
68946,S650,5,2,3,494.66,,
68947,904043ABYC,14,6,8,67.23,,
68948,S750,0,0,0,582.06,,
68949,904044ABYC,7,5,2,79.77,,
68950,S1200E,6,4,2,632.54,,
68951,904045ABYC,8,6,2,96.87,,
68952,904046ABYC,7,3,4,102.57,,
68953,904048ABYC,4,3,1,141.91,,
68954,F1150,6,3,3,555.51,,
68955,F1150W,0,0,0,659.75,,
68956,F1250,1,0,1,676.61,,
68962,S1150,0,0,0,547.54,,
68964,S1250,2,2,0,650.00,,
68979,74556,43,20,23,22.65,,
68999,ST16ATP,3,1,2,1261.36,,
69049,S1150EW-4500,0,0,0,704.86,,
69050,S650EW-3000,0,0,0,541.24,,
69051,WX1599B,8,3,5,160.58,,
69067,YBP-3153,36,19,17,7.65,,12.98
69087,1216DP0CHR,11,4,7,14.37,,
69096,90133,6,2,4,193.89,324.99,
69097,C30503BM30NT,5,5,0,355.17,592.20,
69103,PP5200-14,0,0,0,392.72,,
69110,PT110,1,0,1,5.81,,
69115,33-969-01,0,0,0,358.81,465.00,
69131,385320006,7,4,3,21.25,,
69133,010-12670-00,0,0,0,11.24,,
69155,A80043,2,1,1,1149.17,,1379.00
69160,GS-400,5,2,3,1549.99,,
69162,0155-0661,17,1,16,3.79,,
69163,0125-0297,1,1,0,4.99,,
69166,0120-0230,6,0,6,14.99,,
69197,CA-0026-MO,0,0,0,216.67,,
69223,3106100,5,2,3,347.97,,
69228,140402,0,0,0,19.27,,
69229,2365002,0,0,0,5.14,,
69231,AS-LED-NY,7,7,0,26.26,41.99,
69233,AS-LED-BK,0,0,0,26.26,41.99,
69239,A90LBC-BK,1,1,0,13.12,20.99,
69240,A90LBC-NY,0,0,0,13.12,20.99,
69245,ST-NY,9,5,4,26.26,41.99,
69282,010-11052-65,2,0,2,2249.99,,
69284,010-11052-67,4,1,3,899.99,,
69286,010-11053-02,1,0,1,599.99,,
69288,010-00705-64,1,0,1,869.99,,
69293,E70499,5,3,2,403.22,,
69294,E70476,25,16,9,967.99,,
69298,A80532,0,0,0,664.39,,
69303,MT-03-10-5,25,25,0,37.18,,
69308,M1-64-8,0,0,0,59.37,,
69311,E70492,6,2,4,790.75,,
69312,M1-63-1,47,27,20,16.38,,
69314,E70493,2,1,1,986.40,,
69315,M1-63,31,15,16,16.38,,
69319,M1-62-8,0,0,0,57.32,,
69325,M1-61-8,0,0,0,55.13,,
69326,M1-61-1,4,4,0,14.94,,
69327,M1-61,22,22,0,14.94,,
69328,FASP3112A1ACA00,0,0,0,148.55,,
69329,FASP453201ACA00,0,0,0,244.52,,
69331,FASP3562X12CA00,0,0,0,620.73,,
69332,FASP1572X12CD00,0,0,0,751.08,,
69336,UM385,39,6,33,130.28,,
69337,UM385BK,31,8,23,130.28,,
69338,UM435,8,5,3,142.99,,
69339,UM435BK,14,7,7,142.99,,
69340,2401,11,5,6,8.41,,12.98
69344,JP-21405,3,3,0,22.54,,
69346,GP0819,12,12,0,329.25,,
69357,289,9,6,3,3.98,,5.98
69392,940700190,5,5,0,749.99,,
69406,JP-64535,0,0,0,175.95,,
69407,JP-61121,0,0,0,93.83,,
69408,54304PK,3,2,1,11.14,,
69411,90281PK,1,1,0,33.88,,
69491,SP5104,1,0,1,148.10,,
69493,SP5105,2,0,2,139.55,,
69495,SP5102,4,0,4,141.20,,
69521,LLB-53BK-01-00,10,5,5,218.35,,
69525,910R2PB-7,13,7,6,12.03,,
69526,910R2PSB-7,19,7,12,16.83,,
69528,910R3PSB-7,8,4,4,17.08,,
69529,910T2PB-7,8,6,2,13.82,,
69533,910V2PB-7,5,5,0,15.21,,
69544,1212ATP,2,0,2,934.32,,
69545,S2-0820,1,0,1,168.33,,
69546,129ATP,2,1,1,884.49,,
69552,GP1200-13,0,0,0,363.62,,
69555,817-3000,6,4,2,949.46,,
69564,92861,7,6,1,82.33,109.95,
69565,92828,6,5,1,101.11,124.95,
69566,92814,5,2,3,109.32,143.58,
69567,92820,13,5,8,127.74,168.13,
69568,GP1040-05,0,0,0,334.53,,
69573,7463,0,0,0,58.80,,
69576,SK11,0,0,0,145.44,,
69578,M1-519-4,42,30,12,1.72,,
69579,M1-62-1,0,0,0,22.54,,
69580,M1-63-8,0,0,0,58.27,,
69586,M5-10-271-8,23,23,0,24.04,,
69588,37-20-101-20,32,8,24,19.74,,
69589,F7-730,0,0,0,10.63,,
69605,90845,3,2,1,18.33,,
69606,7461,0,0,0,58.80,,
69607,7464,0,0,0,58.80,,
69608,7466,0,0,0,66.24,,
69609,7467,0,0,0,66.24,,
69611,9380,0,0,0,49.09,,
69630,A80492,0,0,0,110.78,,
69655,010-11156-01,0,0,0,34.99,,
69657,010-11351-30,0,0,0,37.49,,
69658,010-11053-01,0,0,0,599.99,,
69662,PP5200-02,0,0,0,392.72,,
69664,PP5200-13,0,0,0,392.72,,
69666,PP4500-09,0,0,0,276.35,,
69667,PP4600-06,0,0,0,305.44,,
69668,PP4400-09,0,0,0,269.08,,
69694,C7-10-17,0,0,0,6.07,,
69698,910213,0,0,0,218.35,365.99,
69699,FLB31503S120A00,0,0,0,1222.60,,
69700,FLB32003S120A00,0,0,0,1239.43,,
69702,HE-TL1,0,0,0,38.41,68.99,
69703,A80496,5,3,2,63.91,,
69709,010-12165-00,0,0,0,7.49,,
69710,BOLT612ED,2,2,0,416.69,,
69714,HE-DR14,0,0,0,186.54,307.99,
69721,HE-DR22,0,0,0,237.74,391.99,
69732,HE-BDR22,0,0,0,270.68,475.99,
69741,HE-SL550,1,0,1,93.09,152.99,
69742,HE-SL914,0,0,0,116.13,190.99,
69743,HE-SL2014,4,2,2,168.71,277.99,
69744,HE-SL32,0,0,0,299.18,474.99,
69745,HE-SL3912,0,0,0,345.80,550.99,
69746,PH1800-GFP,3,3,0,875.62,,
69747,HE-SL5034,0,0,0,421.71,674.99,
69750,20036,4,1,3,16.26,,
69762,2373101,11,4,7,9.64,,
69765,HE-DL1,0,0,0,69.50,121.99,
69766,HE-FMDL1,2,2,0,63.11,111.99,
69767,HE-DL2,0,0,0,75.45,132.99,
69768,HE-WL1,0,0,0,56.71,98.99,
69770,HE-MDR8,0,0,0,108.82,191.99,
69771,HE-MDR14,2,0,2,188.28,308.99,
69772,HE-MDRC30,5,3,2,387.44,617.99,
69773,HE-MDRC42,4,0,4,485.73,778.99,
69783,HE-MFMCL2,1,1,0,53.80,118.00,
69784,HE-MFMCL3,0,0,0,94.77,166.99,
69785,HE-4MLRGBK,0,0,0,192.94,338.99,
69786,HE-8MLRGBK,1,1,0,346.59,609.99,
69787,HE-ML1,0,0,0,39.32,68.99,
69788,HE-ML1RGB,4,2,2,34.74,61.99,
69789,HE-ML1DIV,4,2,2,4.84,8.99,
69790,HE-ML1B,0,0,0,51.21,90.99,
69793,HE-TL1B,0,0,0,51.21,89.99,
69794,HE-TL1G,0,0,0,45.73,80.99,
69795,HE-TL1R,0,0,0,51.21,89.99,
69796,HE-TL1DIV,0,0,0,5.22,9.99,
69797,HE-4TLRGBK,0,0,0,192.94,338.99,
69798,HE-8TLRGBK,2,1,1,346.59,609.99,
69799,HE-PTRGB,2,2,0,4.84,8.99,
69807,010-12677-00,0,0,0,224.99,,
69808,010-12676-00,0,0,0,337.49,,
69809,010-12676-10,0,0,0,89.99,,
69810,A2K-SBN-1,0,0,0,101.76,,
69823,DE96255F,15,9,6,23.75,,
69826,NV2002PB-7,12,7,5,31.92,,
69827,NV2002SS-7,16,9,7,38.80,,
69828,NV2012PBR-7,9,5,4,25.70,,
69829,NV2012PBG-7,10,3,7,25.70,,
69830,NV2012SSR-7,33,12,21,34.60,,
69831,NV2012SSG-7,32,10,22,34.60,,
69832,NV3012SSR-7,24,3,21,33.60,,
69833,NV3012SSG-7,30,7,23,33.60,,
69834,NV4012SSR-7,18,2,16,34.26,,
69835,NV4012SSG-7,21,7,14,34.26,,
69838,NV6LC1-14A7,8,5,3,35.37,,
69839,NV6LC2-10-7,10,3,7,41.93,,
69847,010-12100-00,0,0,0,23.99,,
69850,010-10646-02,0,0,0,6.40,,
69852,2445-7,3,3,0,6.21,,
69853,2449-7,6,0,6,6.21,,
69859,6244-6,7,7,0,11.67,,
69869,7571L7,43,23,20,5.31,,
69871,HE-9006LED,4,2,2,85.62,156.99,
69872,HE-BFMCL2,2,0,2,92.38,158.99,
69873,11478-7,17,9,8,27.98,,
69876,2027-7,65,53,12,3.69,,
69878,1364A3,119,42,77,19.92,,
69879,14348-6,6,1,5,6.87,,
69880,6522SS7,9,5,4,119.56,,
69908,EXPLORERNAVPROWIFI,1,1,0,692.30,,
69909,EXPLORERNAVPROWIFIW,1,1,0,869.40,,
69915,ACC-FF-1543,0,0,0,10.34,,
69920,101413,0,0,0,893.97,,1356.89
69921,101414,0,0,0,924.30,,1356.89
69923,101416,0,0,0,987.68,,1463.59
69924,101515,75,46,29,432.65,,702.99
69925,101511,60,13,47,207.50,,345.29
69926,101510,39,18,21,254.03,,428.49
69929,165T-TM54,1,1,0,1707.87,,
69940,122400,8,8,0,7.42,,
69941,122850,0,0,0,6.36,,
69943,460000,1,0,1,9.64,,
69945,C12,4,3,1,89.83,,
69946,C35,8,5,3,95.53,,
69947,C40,9,4,5,135.47,,
69948,C60,9,4,5,155.42,,
69949,CM/R-50,6,3,3,78.42,,
69952,AIR-331-029-02,0,0,0,72.73,,
69954,F11-0177S-1,0,0,0,22.35,,
69955,F11-0180S-1,1,1,0,23.41,,
69956,33749,5,3,2,133.81,,
69957,33839,2,2,0,132.15,,
69961,F12-0181S-1,2,0,2,16.99,,
69963,F13-0241/244BN-1,9,5,4,28.31,,
69964,F13-0242/244BN-1,4,2,2,29.18,,
69965,F13-0301/244BN-1,3,2,1,31.19,,
69966,F13-0244BN-1,18,6,12,11.67,,
69967,PP4102,0,0,0,239.99,,
69968,0795DP0BLK,5,3,2,27.77,,
69969,0795DP0WHT,5,5,0,27.77,,
69970,8521DPC,2,2,0,63.51,,
69971,8521DP0KEY,4,0,4,4.78,,
69972,8521DP,0,0,0,34.99,,
69974,9621DPC,0,0,0,51.41,,
69975,9621DP,0,0,0,45.85,,
69976,0541DPGCHR,11,4,7,51.45,,
69977,0542DPGBLK,8,8,0,33.53,,
69978,0543DPGBLK,15,10,5,33.53,,
69979,0590DPGCHR,11,5,6,80.00,,
69980,0591DPGCHR,11,6,5,80.00,,
69982,SD0047,9,9,0,120.00,,
69994,81300100,0,0,0,400.72,,
69995,45513000,15,14,1,313.65,,
69996,131906000,8,3,5,623.29,,
69998,LLB-51M1-81-00,0,0,0,111.38,,
69999,LLB-61WO-81-00,0,0,0,103.30,,
70001,F7-51,0,0,0,12.06,,
70003,M1-2A-13-1,21,16,5,18.62,,
70004,M1-63-7,0,0,0,28.50,,
70005,M1-64,0,0,0,24.52,,
70013,20080011,2,1,1,630.00,,
70023,119902,0,0,0,218.56,,
70024,119502,9,5,4,218.56,,
70049,SF200G,4,2,2,341.18,,
70052,BFGWOM1512V/12V,0,0,0,98.29,,
70053,BFGWOM1524V/12V,2,1,1,98.29,,
70054,BFGWOM1536V/12V,0,0,0,98.29,,
70055,2000030727,7,2,5,79.82,,
70095,101516,75,28,47,285.78,,469.89
70096,33801,0,0,0,208.04,,
70097,33851,10,10,0,111.51,,
70098,101459,5,2,3,218.55,,347.59
70099,101460,0,0,0,261.49,,413.29
70100,101456,4,0,4,120.56,,187.59
70101,101457,7,4,3,119.23,,186.19
70103,101525,6,2,4,1194.08,,1840.39
70104,101526,12,7,5,329.26,,581.79
70105,101520,6,1,5,112.33,,167.89
70106,101521,0,0,0,155.79,,226.49
70107,101522,0,0,0,153.71,,223.39
70108,101532,2,0,2,128.45,,186.69
70113,SCR-16-BW-BZ-10,3,1,2,318.99,,449.00
70114,SCR-16-UB-BZ-10,0,0,0,318.99,,449.00
70115,SCR-16-GW-BZ-10,1,0,1,318.99,,449.00
70116,SCR-16-BB-BZ-10,1,0,1,298.25,,449.00
70117,SCR-16-AG-BZ-10,0,0,0,318.99,,449.00
70118,SCR-16-CR-BZ-10,0,0,0,318.99,,449.00
70119,SCM-DL-CC,5,2,3,83.26,,116.00
70122,SCM-DL-GW,2,2,0,70.00,,98.00
70123,4160,328,25,303,20.20,,
70124,4161,62,9,53,20.20,,
70125,4162,19,8,11,20.20,,
70126,4163,13,1,12,20.20,,
70131,980960011,8,4,4,75.14,,
70132,010-C1157-00,0,0,0,262.49,,
70133,980960001,9,9,0,75.14,,
70139,010-12110-04,6,6,0,7.99,,
70141,010-11932-01,0,0,0,7.69,,
70142,TD9122,0,0,0,81.99,,
70145,CA76313,1,0,1,7.99,,
70146,CA76312,53,19,34,8.99,,
70149,TR7,6,3,3,708.33,,
70150,"TR7 SSP",2,2,0,50.80,,
70151,TR5,5,1,4,491.11,,
70152,"TR5 SSP",5,2,3,43.97,,
70154,1030,22,22,0,11.86,,
70155,1031,0,0,0,11.86,,
70156,1032,4,2,2,11.86,,
70157,1033,21,6,15,22.53,,
70158,1034,17,17,0,22.53,,
70159,1035,7,6,1,22.53,,
70160,1036,17,3,14,22.53,,
70161,1052,20,15,5,9.76,,
70162,1055,12,11,1,9.76,,
70163,1169,26,24,2,19.22,,
70164,1170,0,0,0,19.22,,
70165,1171,0,0,0,19.22,,
70167,1173,4,4,0,19.22,,
70168,1150,12,4,8,15.93,,
70169,2310,0,0,0,17.69,,
70170,2311,1,1,0,8.46,,
70171,1151,20,8,12,15.93,,
70172,3150,0,0,0,25.01,,
70173,3174,0,0,0,9.86,,
70174,1152,17,5,12,15.93,,
70175,3207,0,0,0,24.29,,
70176,3462,0,0,0,6.92,,
70177,1160,21,20,1,10.32,,
70178,3856,0,0,0,27.14,,
70180,4220,0,0,0,6.15,,
70181,4376,0,0,0,113.57,,
70182,1161,25,24,1,10.32,,
70183,4547,0,0,0,4.17,,
70184,1162,13,13,0,10.32,,
70185,1140,17,12,5,8.01,,
70186,4611,0,0,0,22.14,,
70187,1141,44,23,21,8.01,,
70188,1142,17,3,14,8.01,,
70189,2185,5,5,0,5.42,,
70190,1063,11,2,9,18.11,,
70191,1064,30,13,17,41.36,,
70192,1065,12,1,11,69.79,,
70194,5347,0,0,0,25.38,,
70195,5953,0,0,0,44.29,,
70196,6915,0,0,0,31.43,,
70197,6980,0,0,0,58.04,,
70198,7037,2,0,2,16.92,,
70199,7068,0,0,0,26.34,,
70200,7278,0,0,0,22.86,,
70201,BP1020,0,0,0,4.37,,
70202,BP1055,0,0,0,5.52,,
70203,BP1129,0,0,0,33.76,,
70204,BP1130,0,0,0,24.43,,
70205,BP1346,0,0,0,4.94,,
70206,BP170,1,1,0,4.48,,
70208,BP228S,0,0,0,23.34,,
70209,BP255,0,0,0,8.74,,
70210,BP275S,0,0,0,32.69,,
70212,DRAIN,0,0,0,3.89,,
70213,FTR13201,1,0,1,57.03,,
70214,FTR13202,0,0,0,20.56,,
70215,FTR3301,0,0,0,23.43,,
70216,FTR3302,0,0,0,18.97,,
70217,FTR41,1,0,1,10.29,,
70218,SPR-8-AM,0,0,0,376.88,,
70228,P90006,0,0,0,27.14,,
70229,P90007,0,0,0,27.14,,
70230,RC01C,0,0,0,12.43,,
70232,SET0003,0,0,0,27.43,,
70234,SET0187,0,0,0,18.13,,
70235,SP0037,0,0,0,3.08,,
70238,HS37N,0,0,0,23.64,,
70239,SP0262,0,0,0,1.83,,
70242,P100083,0,0,0,26.43,,
70243,P100087,0,0,0,26.67,,
70245,SP0288,0,0,0,2.03,,
70251,SP0428,0,0,0,2.28,,
70254,SP0468,0,0,0,9.23,,
70255,SP0474,0,0,0,1.86,,
70256,RS100,1,1,0,24.99,,
70257,SP0484,0,0,0,5.38,,
70258,SP0622,1,1,0,3.45,,
70259,P100807,0,0,0,93.57,,
70261,SP0708,0,0,0,5.38,,
70262,SP0717,0,0,0,7.69,,
70263,P101526,0,0,0,45.00,,
70264,SP0721,0,0,0,5.38,,
70265,P101543,0,0,0,23.07,,
70266,SP0722,0,0,0,6.92,,
70267,SP0740,0,0,0,5.38,,
70268,SP0846,0,0,0,8.46,,
70269,SP0871,0,0,0,6.15,,
70270,SP0878,0,0,0,8.46,,
70275,SP4155,0,0,0,36.00,,
70276,US001,0,0,0,10.38,,
70277,US002,0,0,0,10.38,,
70279,US003,0,0,0,11.08,,
70280,US004,0,0,0,5.38,,
70282,ZE050,0,0,0,15.38,,
70283,ZE125,0,0,0,15.38,,
70284,ZE160,0,0,0,15.38,,
70285,ZE200,0,0,0,15.38,,
70286,P101550,1,1,0,47.14,,
70287,P102837,0,0,0,24.29,,
70288,ZE300,0,0,0,16.00,,
70289,ZE500,0,0,0,17.31,,
70290,P104704,4,2,2,20.00,,
70291,P104750,0,0,0,43.06,,
70292,P104897,1,0,1,40.00,,
70293,P90003,0,0,0,35.00,,
70294,P90004,0,0,0,35.00,,
70295,P90005,0,0,0,35.71,,
70298,SPR-8-RM,1,1,0,360.00,,
70299,1061,8,4,4,186.07,,
70340,55106100,1,1,0,881.76,,
70363,ZDIGSTN,4,2,2,177.04,,
70373,MVP-J-GN-XL,0,0,0,212.50,,
70376,RC8812VEDC,0,0,0,1575.29,2142.40,
70377,FBNRP0140FR0A00,0,0,0,197.21,,
70378,FBNRP0250FR0A00,1,1,0,247.91,,
70379,FBNRP0300FR0A00,0,0,0,320.57,,
70380,FBNRP0500FR0A00,0,0,0,474.35,,
70381,FBNRP0700FR0A00,0,0,0,1100.76,,
70383,FBNRP1100FR0A00,0,0,0,1454.40,,
70384,FBNRP1200FR0A00,0,0,0,1754.60,,
70417,28522000,0,0,0,712.29,,
70418,70405080,0,0,0,46.24,,
70419,540-0000-7,8,8,0,25.54,,
70420,540-0100-7,5,3,2,25.54,,
70422,540-0101-7,16,7,9,25.54,,
70432,2362001,0,0,0,6.00,,
70435,119510,0,0,0,799.87,,
70436,119910,0,0,0,799.87,,
70439,010-12770-00,16,1,15,22.49,,
70440,SHC-29,8,2,6,10.40,,
70441,165T-50/200-SS260,1,0,1,2666.67,,
70442,165T-50/200-TM260,1,1,0,2044.44,,
70443,165T/265LH-PM488,0,0,0,3111.11,,
70450,322313,2,2,0,347.22,581.99,
70457,LTB1,4,2,2,319.79,,
70463,120313,1,0,1,492.78,825.99,
70468,980503221,7,0,7,31.19,,
70478,OCTOIL1USQ,14,5,9,14.96,,
70495,GK1512,2,1,1,420.26,,
70514,010-12719-00,4,4,0,22.49,,
70522,"GB150 0100",3,3,0,139.99,,
70525,STC1000301,3,2,1,29.99,,
70529,92306,58,36,22,144.99,196.76,
70543,RC8824V,0,0,0,1482.32,1944.80,
70550,010-12381-00,56,25,31,19.49,,
70552,IRID-BM-9575PD,0,0,0,815.22,,
70566,88611-4,0,0,0,111.24,,
70567,88617-5,0,0,0,68.74,,
70573,90122,6,2,4,195.08,326.99,
70574,90144,0,0,0,192.69,322.99,
70582,88619,0,0,0,99.99,,
70591,1196,0,0,0,35.12,,
70592,1137,4,0,4,16.74,,
70593,1190,9,8,1,15.01,,
70594,1102,15,6,9,11.16,,
70600,RF41300,5,3,2,54.02,82.65,
70601,RF41310,0,0,0,59.42,90.92,
70602,RF41171,8,4,4,31.84,48.72,
70603,RF41500,0,0,0,33.95,51.94,
70604,RF41510,0,0,0,36.27,55.49,
70605,RF41520,0,0,0,71.78,109.82,
70606,RF41530,6,3,3,74.09,113.36,
70607,RF41811,7,3,4,57.11,87.38,
70608,RF41821,0,0,0,54.22,82.96,
70609,RF41831,0,0,0,60.20,92.10,
70611,RF40101,0,0,0,17.36,26.56,
70612,RF40100HL,0,0,0,36.46,55.79,
70613,RF40110,0,0,0,28.16,43.09,
70614,RF40111,0,0,0,24.31,37.19,
70615,RF40171,9,6,3,36.46,55.79,
70616,RF40200,7,4,3,47.84,73.20,
70617,RF40210,0,0,0,51.70,79.11,
70618,RF40300,8,4,4,58.65,89.74,
70619,RF40310,0,0,0,64.83,99.19,
70620,RF40500,0,0,0,38.58,59.04,
70621,RF40510,0,0,0,41.67,63.76,
70622,RF40520,0,0,0,63.28,96.83,
70623,RF40530,7,4,3,65.60,100.37,
70624,RF45130,2,2,0,64.83,99.19,
70625,RF45140,0,0,0,34.98,53.51,
70626,RF45151,2,2,0,21.60,33.05,
70636,245213,0,0,0,357.35,598.99,
70660,R70561,3,1,2,46.86,,
70661,LLB-26KC-21-00,0,0,0,12.94,,
70662,LLB-26KW-21-00,0,0,0,12.94,,
70670,90519,9,4,5,38.45,,
70671,91109,6,4,2,11.64,,
70679,RF51111,0,0,0,32.66,50.57,
70680,RF51140,9,4,5,33.17,50.77,
70681,RF51151,0,0,0,36.02,55.11,
70682,RF51171,0,0,0,34.63,52.98,
70683,RF51200,6,2,4,50.38,77.08,
70684,RF51210,0,0,0,62.49,95.60,