sku,mfgn,qty,qtynj,qtyfl,price,map,mrp
10020,2228,15,15,0,5.33,,
10021,6001,0,0,0,86.60,,
10024,6003,4,2,2,86.60,,
10025,1928.3,2,2,0,159.66,,
10026,6002,2,0,2,47.64,,
10027,1927.3,4,1,3,361.89,,
10030,9283.3,4,2,2,414.85,,
10341,X-10-M,9,5,4,38.46,,
10342,SS-1002,4,2,2,256.12,,
10345,SS-2000,2,2,0,441.77,,
10348,FN-201,3,2,1,372.82,,
10349,BN-202,3,1,2,430.96,,
10350,SP-5-B,0,0,0,909.95,,
10351,F-50,11,5,6,76.33,,
10352,SS-5000,4,1,3,801.42,,
10353,F-50W,9,4,5,76.33,,
10354,B-51,8,6,2,75.06,,
10355,S-53,7,3,4,75.06,,
10357,V-57W.2,8,4,4,78.24,,
10360,HF-742,5,2,3,226.19,,
10361,HF-743,8,3,5,226.19,,
10366,B-80,4,2,2,161.89,,
10367,B-81,4,2,2,161.89,,
10368,F-82,5,2,3,154.91,,
10369,F-83,27,14,13,154.91,,
10373,RU-90,6,2,4,138.67,,
10374,DNB-200,1,0,1,469.99,,
10377,DNP-200,0,0,0,540.16,,
10378,YB-500,0,0,0,1215.89,,
10391,220SW,12,9,3,33.33,,
10394,MMB-84,35,18,17,12.00,,
10442,SP-80-3,1,1,0,3026.80,,
10446,SRA-1,0,0,0,630.00,,
10472,SP-70-3,0,0,0,2606.80,,
10532,X-11Y,3,1,2,47.02,,
10533,FNW-201,1,1,0,339.99,,
10534,HF-742W,4,2,2,226.19,,
10535,HF-743W,7,3,4,226.19,,
10536,F-82W,5,3,2,154.91,,
10537,F-83W,2,0,2,154.91,,
10539,RA-91,4,2,2,75.06,,
10540,RA-93,8,7,1,75.06,,
10541,BN-C,4,1,3,28.50,,
10545,LL-C,0,0,0,34.29,,
10548,N-203-C,11,6,5,26.40,,
10549,NC-20,4,3,1,31.00,,
10550,GM-5-C,6,3,3,54.96,,
10552,010-10117-02,0,0,0,11.71,,
10563,010-10085-00,11,4,7,22.49,,
10578,010-10083-00,17,7,10,22.49,,
10595,390,0,0,0,534.99,,
10596,393,1,0,1,355.29,,
10597,396-1,8,3,5,141.19,,
10599,399-1M,10,5,5,264.44,,
10601,4018,0,0,0,572.75,,
10602,4018-M,0,0,0,528.91,,
10609,4351,7,5,2,74.46,,
10612,476,0,0,0,1150.24,,
10618,5018,16,8,8,558.56,,
10627,5206-N,255,132,123,69.04,,
10631,5215,14,8,6,61.55,,
10632,5215-C-X,7,2,5,128.92,,
10636,5225-XT,67,47,20,175.63,,
10637,5226-XT,20,11,9,175.63,,
10640,5230,6,2,4,454.75,,
10648,5911,0,0,0,59.73,,
10658,408-R,11,7,4,17.40,,
10660,410-R,8,1,7,74.45,,
10661,4186-BP,25,21,4,11.01,,
10662,4186-U,15,2,13,11.01,,
10663,4187,69,54,15,44.12,,
10668,4352,16,0,16,36.46,,
10673,4365,26,15,11,21.19,,
10679,5228,3,0,3,204.97,,
10680,5228-4,9,2,7,138.04,,
10682,81-S,0,0,0,59.51,,
10840,2100,6,2,4,56.83,,
10841,2101,3,0,3,48.97,,
10842,2300A,12,6,6,131.49,,
10844,2303A,10,6,4,178.83,,
10850,84-2056-01,5,3,2,138.79,,
11049,483,0,0,0,124.99,,
11123,740011-1,0,0,0,24.14,,
11188,SPC-15RP,13,7,6,22.86,,
11196,SPC-40RP,6,6,0,30.00,,
11197,SPC-5P,8,0,8,14.67,,
11221,MA4054W,112,54,58,29.99,,
11222,MA4055W,286,143,143,29.99,,
11223,MA4055B,191,113,78,24.99,,
11224,MA4056W,252,115,137,29.99,,
11225,MA4056B,159,81,78,29.99,,
11234,MA905W,288,176,112,39.99,,
11235,MB21W,195,98,97,12.99,,
11236,MB21B,365,202,163,11.99,,
11237,MB41W,220,105,115,18.99,,
11238,MB41B,69,31,38,19.99,,
11241,WC-3,93,53,40,8.99,,
11793,525TID-TMD,0,0,0,688.89,,
11794,235DT-PSE,0,0,0,500.00,,
11799,001-410-540,0,0,0,311.82,,
11800,PG500R,0,0,0,805.95,,
11804,520-IHD,3,2,1,181.82,199.00,
11805,AIR-033-270,0,0,0,72.73,,
11806,AIR-033-352,0,0,0,68.18,,
11814,AIR-033-391,0,0,0,227.27,,
11817,525T-BSD,1,0,1,204.44,,
12150,SS-1002W,4,2,2,256.12,,
12151,SS-2000W,3,2,1,441.77,,
12152,SS-5000W,2,0,2,801.42,,
12167,5241-R,11,6,5,90.64,,
12286,MA1000RB,276,135,141,7.99,,
12542,MA4054B,227,113,114,29.99,,
12743,M81120,4,2,2,872.27,,
12744,M81121,2,2,0,1072.00,,
12745,M81105,2,1,1,270.82,,
13034,010-10121-00,0,0,0,22.49,,
13045,X-10-A,3,3,0,35.00,,
13048,5228-1,8,8,0,62.73,,
13049,5228-2,6,1,5,67.04,,
13112,525ST-PWC,0,0,0,173.33,,
13113,526ST-MSC,0,0,0,355.56,,
13169,M78713-PZ,2,2,0,149.99,,179.99
13172,P19007,35,25,10,48.73,,
13173,P19001,6,3,3,48.73,,
13174,P19006,8,4,4,48.73,,
13176,5309-R,0,0,0,733.79,,
13253,AIR-033-226,0,0,0,68.18,,
13254,AIR-033-476,0,0,0,68.18,,
13255,AIR-033-073,0,0,0,159.09,,
13256,525STID-MSD,0,0,0,400.00,479.99,
13267,5101,77,52,25,72.51,,
13292,525STID-PWD,1,1,0,173.33,,
13293,520-5PSD,0,0,0,174.22,,
13294,ST-02MSB,0,0,0,190.91,,
13295,ST-02PSB,0,0,0,118.18,,
13298,CA50/200-12M,0,0,0,921.82,,
13300,525T-BSC,0,0,0,204.44,,
13306,FAX30,0,0,0,1133.55,,
13350,520-BLD,0,0,0,186.67,,
13362,000-041-405,0,0,0,80.91,,
13366,525T-PWD,2,2,0,106.67,,
13374,806-1800,6,1,5,1459.74,,
13474,010-10192-01,0,0,0,155.00,,
13478,526ST-MSC7,0,0,0,440.00,,
13479,YB-600,0,0,0,1453.22,,
13481,ST-01PTB,0,0,0,81.82,,
13483,AIR-033-203,0,0,0,77.27,,
13498,E26019-PZ,0,0,0,270.82,,324.99
13500,A12005,15,8,7,566.57,,
13501,A12004,5,3,2,472.82,,
13544,CA50/200-1T,0,0,0,921.82,,
13560,000-158-002,0,0,0,34.55,,
13561,CA50B-9B,0,0,0,422.73,,
13593,010-10272-00,24,19,5,74.99,,
13598,AIR-033-204,0,0,0,63.64,,
13628,9004E,7,5,2,46.42,,
13629,2001,21,11,10,10.57,,
13630,GPA017,0,0,0,117.27,,
13643,000-159-695,0,0,0,112.73,,
13646,9282.3,3,0,3,172.89,,
13666,520-PLD,1,1,0,88.89,,
13667,000-135-397,5,3,2,50.00,,
13724,4187HD,26,26,0,50.92,,
13726,5120,24,12,12,91.25,,
13748,808-1800,4,2,2,59.28,,
13759,4357-S,19,5,14,72.08,,
13770,AIR-033-333,0,0,0,50.00,,
13775,000-154-036,0,0,0,94.55,,
13776,FAX5,0,0,0,592.73,,
13792,SP-5-C,0,0,0,909.95,,
13827,525-5PWD,0,0,0,112.73,,
13828,000-154-053,0,0,0,131.82,,
13834,CA50B-6B,0,0,0,262.73,,
13846,CA200B-5S,0,0,0,281.82,,
13852,AIR-033-351,0,0,0,31.82,,
13856,P102938,2,1,1,44.47,,
13876,4125,6,3,3,12.59,,
13877,7234,2,0,2,38.61,,
13878,7208,28,19,9,16.27,,
13879,9353,7,3,4,31.46,,
13880,8013,2,0,2,32.87,,
13881,1002,36,13,23,16.77,,
13882,8031,13,5,8,7.05,,
13902,E66008,2,1,1,169.60,,199.00
13934,8067,4,2,2,29.53,,
13935,8030,21,10,11,7.05,,
13936,8039,9,2,7,29.53,,
13937,8065,0,0,0,16.86,,
13938,2304,55,31,24,9.65,,
13940,2305,91,49,42,10.71,,
13941,2701,51,22,29,15.43,,
13942,2709,5,0,5,11.24,,
13943,2710,8,3,5,11.48,,
13944,2301,56,37,19,12.87,,
13945,2303,42,15,27,16.75,,
13947,2302,44,24,20,20.01,,
13948,2105,114,70,44,42.05,,
13950,2003,52,20,32,9.97,,
13951,2002,72,19,53,9.97,,
13952,2103,12,7,5,18.92,,
13953,2104,63,38,25,89.78,,
13954,2708,17,9,8,19.41,,
13955,2506,48,0,48,7.32,,
13956,2508,48,32,16,8.54,,
13957,2510,14,0,14,9.70,,
13958,2512,71,22,49,13.37,,
13959,9217,76,24,52,2.99,,
13960,1001,26,12,14,16.19,,
13961,1003,17,9,8,18.54,,
13967,5018,5,0,5,32.27,,
13969,5005,124,52,72,23.62,,
13971,8068,6,4,2,482.22,,
13972,8082,4,2,2,379.47,,
13974,8080,0,0,0,178.20,,
13975,8079,16,10,6,108.66,,
13976,8051,0,0,0,205.96,,
13979,8061,6,4,2,173.68,,
13980,8081,0,0,0,306.27,,
13981,8015,0,0,0,87.57,,
13984,B-51W,4,2,2,75.06,,
13993,FN-203,8,4,4,390.35,,
13994,FNW-203,3,2,1,390.35,,
14021,520-5MSD,0,0,0,303.11,,
14037,5400-XT,17,8,9,156.80,,
14038,5401-XT,18,6,12,156.80,,
14042,5420-XT,8,1,7,124.24,,
14043,5421-XT,8,2,6,124.24,,
14065,010-10314-00,0,0,0,7.42,,
14066,010-10267-00,0,0,0,7.90,,
14067,D284,6,3,3,46.86,,
14069,D286,0,0,0,59.65,,
14070,D287,0,0,0,68.17,,
14071,D288,0,0,0,89.48,,
14073,D244,3,2,1,42.60,,
14085,M78717,0,0,0,183.32,,
14100,528-VW,21,11,10,195.42,,
14106,531-AW,1,0,1,216.41,,
14125,2702,11,1,10,16.47,,
14165,7202,48,22,26,17.47,,
14166,7206,28,22,6,16.27,,
14177,5133,27,9,18,25.85,,
14235,SK135,0,0,0,181.81,,
14258,82-0123-01,5,3,2,137.41,,
14259,2404,22,9,13,4.72,,
14260,2406,23,9,14,5.39,,
14489,ARP11,0,0,0,610.91,,
14494,000-154-052,0,0,0,423.64,,
14495,235DST-PWE,0,0,0,481.82,,
14497,010-10231-01,6,5,1,17.59,,
14521,000-144-463,0,0,0,66.36,,
14525,4700,8,3,5,22.56,,
14526,4700-1,1,0,1,34.54,,
14527,4700-2,7,5,2,47.19,,
14533,4190,5,4,1,40.73,,
14538,4710,42,27,15,15.58,,
14541,4720,4,0,4,19.19,,
14561,2011,46,18,28,6.65,,
14562,2101,9,7,2,18.92,,
14563,2102,8,5,3,18.92,,
14566,4100,97,50,47,2.86,,
14567,4126,7,5,2,13.57,,
14569,5015,7,5,2,37.99,,
14572,8086,3,1,2,1344.14,,
14573,8084,1,1,0,763.27,,
14574,8076,1,0,1,481.43,,
14575,8074,0,0,0,398.56,,
14576,8097,5,3,2,270.44,,
14577,8096,5,3,2,225.73,,
14578,8261,4,2,2,193.49,,
14579,8262,4,2,2,115.37,,
14580,9001E,25,9,16,35.23,,
14581,8184,0,0,0,763.38,,
14582,2402,35,14,21,3.85,,
14583,2408,26,19,7,6.24,,
14584,2410,22,12,10,8.44,,
14585,2502,47,18,29,4.23,,
14586,2504,47,10,37,5.28,,
14587,2602,24,15,9,7.25,,
14588,2604,19,11,8,10.33,,
14589,2608,22,10,12,19.53,,
14590,2610,15,5,10,22.52,,
14592,9216,25,10,15,3.24,,
14594,9218,33,19,14,2.99,,
14597,7218,4,4,0,16.27,,
14599,7226,15,11,4,16.27,,
14600,7230,14,9,5,16.27,,
14601,7233,6,4,2,37.54,,
14602,7235,11,6,5,37.54,,
14603,7260,14,9,5,37.54,,
14604,7238,17,4,13,37.54,,
14605,7240,12,6,6,37.54,,
14606,7242,18,6,12,37.54,,
14607,010-10300-00,0,0,0,29.99,,
14672,V-57.2,6,2,4,78.24,,
14673,K-TD.2,1,1,0,30.00,,
14768,8033,59,17,42,2.44,,
14769,8022,2,0,2,65.68,,
14771,8232,7,2,5,18.15,,
14847,8263,5,2,3,43.61,,
14882,AG226,0,0,0,349.08,,
14883,AG126,0,0,0,359.99,,
14884,TP125,0,0,0,145.44,,
14907,5235-XT,16,5,11,148.31,,
14908,4006,15,2,13,22.31,,
14909,414,11,6,5,8.64,,
14911,4188-SL,10,2,8,61.11,,
14934,SU-1,0,0,0,35.29,,
14941,ANCHORMAX,2,1,1,762.94,,
14960,CMP460,16,7,9,44.04,,
14968,22040A,9,4,5,525.95,,
15022,NET-DWN-CBL,0,0,0,54.55,,
15023,010-10305-01,0,0,0,18.75,,
15028,D031,0,0,0,85.22,,
15111,235DHT-MSE,0,0,0,627.27,,
15112,235DHT-LMSE,0,0,0,736.36,,
15125,000-159-686,1,0,1,53.64,,
15126,000-030-097,0,0,0,81.82,,
15198,FPHRC1002000C00,50,26,24,127.68,,
15204,FP900UB00000A00,19,12,7,25.04,,
15231,E66023,0,0,0,83.32,,
15232,M81131,0,0,0,2291.66,,
15243,"TRAWLPLOT 12",0,0,0,1959.30,,
15266,E66054,0,0,0,169.60,,199.00
15273,4079,7,7,0,12.33,,
15274,4184,155,47,108,7.67,,
15278,4078-50,6,6,0,36.80,,
15307,PL-258-G,14,6,8,10.63,,
15309,PL-259-58-G,22,11,11,10.63,,
15310,PL-259-CP-G,243,156,87,11.95,,
15311,PL-259-G,6,5,1,10.63,,
15317,PL-258-CP-G,26,16,10,17.60,,
15371,E66014,0,0,0,241.66,,289.99
15374,PL-259-8X-G,18,3,15,10.63,,
15404,E22078,21,9,12,538.03,,
15502,E26030,1,1,0,99.99,,
15512,SRC-35,2,2,0,44.88,,
15513,SRC-50,2,2,0,60.88,,
15556,MR690,0,0,0,80.59,144.99,
15599,802-1500,0,0,0,621.43,,
15665,6510USB,7,3,4,191.76,202.50,
15685,010-10454-00,0,0,0,9.89,,
15701,2110A,8,4,4,34.76,,
15706,2111A,16,2,14,29.15,,
15841,E12093,8,5,3,680.70,,
15856,M81130,1,1,0,1979.16,,
15871,GP1060,0,0,0,349.08,,
15965,M81132,0,0,0,2366.66,,
16015,GP1061,0,0,0,363.62,,
16019,010-00351-00,15,7,8,202.49,,
16024,CT-100,8,5,3,19.06,,
16081,8197,0,0,0,270.44,,
16082,8072,9,6,3,16.86,,
16087,8066,38,17,21,2.44,,
16088,9003E,91,51,40,32.94,,
16105,S-53G,7,4,3,75.06,,
16136,PP5050,0,0,0,356.35,,
16137,PP5051,0,0,0,370.90,,
16152,240SW,19,8,11,39.13,,
16154,PP5061,0,0,0,399.99,,
16208,N108000,0,0,0,443.18,,
16209,N128000,0,0,0,446.02,,
16210,FP900DB00000A00,13,9,4,25.04,,
16211,DA645G,1,0,1,21.98,,
16213,N129000,0,0,0,451.70,,
16218,N188000,1,0,1,429.99,,
16219,12700UNIV,5,0,5,289.77,,
16220,12641-12,0,0,0,78.75,,
16221,12701-12,2,1,1,78.75,,
16222,12612,6,5,1,15.75,,
16224,12727,8,0,8,105.00,,
16227,2900BWL,0,0,0,303.75,,
16228,2900WBL,0,0,0,303.75,,
16251,GP1040,0,0,0,319.99,,
16253,GP1050,0,0,0,312.72,,
16254,GP1051,0,0,0,327.26,,
16260,GP1170,0,0,0,370.90,,
16267,GP2050,0,0,0,312.72,,
16268,GP2051,0,0,0,327.26,,
16269,GP2060,0,0,0,349.08,,
16270,GP2061,0,0,0,363.62,,
16276,GP2170,0,0,0,370.90,,
16286,396-1-AIS,0,0,0,154.60,,
16386,9093,5,3,2,399.99,,
16387,8369,0,0,0,427.51,,
16435,010-10380-00,16,11,5,7.14,,
16507,5025,134,72,62,32.73,,
16508,5026,165,66,99,42.32,,
16509,2723,12,5,7,24.85,,
16523,809-0915,5,2,3,173.49,,
16532,E55060,0,0,0,38.34,,
16536,E55052,0,0,0,238.63,,
16537,E55053,0,0,0,59.65,,
16578,E15024,0,0,0,457.88,,
16600,P77746,5,2,3,899.76,,
16601,P77741,4,2,2,764.80,,
16602,P77736,4,2,2,721.30,,
16604,P77727,6,3,3,653.82,,
16607,P77712,4,2,2,489.29,,
16608,P77912,17,4,13,536.05,,
16609,P77915,6,4,2,740.24,,
16610,P77726,6,3,3,644.81,,
16710,MR50B,8,6,2,32.19,54.99,
16755,P77099,0,0,0,779.80,,
16790,010-10552-00,6,3,3,52.49,,
16791,010-10551-00,23,10,13,41.24,,
16850,129E,0,0,0,541.50,,
16851,189E,0,0,0,582.47,,
16852,249E,0,0,0,603.36,,
16853,309E,0,0,0,629.39,,
16854,369E,0,0,0,648.79,,
16855,429E,0,0,0,681.52,,
16856,549E,0,0,0,829.96,,
16857,1212E,0,0,0,583.21,,
16858,1812E,0,0,0,603.36,,
16859,2412E,0,0,0,623.43,,
16860,3012E,0,0,0,648.79,,
16861,3612E,0,0,0,681.52,,
16862,4212E,0,0,0,724.72,,
16863,4812E,0,0,0,865.49,,
16864,5412E,0,0,0,1007.97,,
16865,489E,0,0,0,724.72,,
16866,6012E,0,0,0,1097.85,,
16867,6612E,0,0,0,1155.60,,
16868,7212E,0,0,0,1247.79,,
16869,129,0,0,0,473.00,,
16870,189,0,0,0,513.97,,
16871,249,0,0,0,534.80,,
16872,309,0,0,0,560.89,,
16873,369,0,0,0,580.23,,
16875,429,0,0,0,613.02,,
16876,549,0,0,0,755.22,,
16877,1212,0,0,0,514.71,,
16878,1812,0,0,0,534.80,,
16879,2412,0,0,0,554.89,,
16880,3012,0,0,0,580.23,,
16881,3612,0,0,0,613.02,,
16882,4212,0,0,0,656.22,,
16883,4812,0,0,0,796.99,,
16884,5412,0,0,0,855.08,,
16885,489,0,0,0,716.19,,
16887,6012,0,0,0,938.50,,
16888,6612,0,0,0,1103.93,,
16889,7212,0,0,0,1173.06,,
16890,M80,0,0,0,520.67,,
16891,M120,0,0,0,557.92,,
16892,ST9,0,0,0,632.37,,
16893,ST12,2,0,2,799.97,,
16894,ST16,4,1,3,865.49,,
16897,ES2000,3,3,0,68.56,,
16898,ES2000A,4,2,2,91.61,,
16913,A1101A,52,28,24,73.76,,
16915,A1103,5,2,3,14.19,,
16920,A1113,9,3,6,5.96,,
16921,A1114,21,10,11,6.76,,
16922,A1115,14,4,10,2.70,,
16923,A1200S,11,5,6,73.76,,
16925,AR512,2,0,2,59.62,,
16928,V351HPU1,144,74,70,269.06,,
16929,V351HPU2,0,0,0,285.31,,
16930,VP1135R,8,8,0,42.46,,
16931,VP1135G,3,3,0,42.46,,
16932,T1125-20,8,4,4,28.32,,
16957,P55950,6,5,1,543.86,,
16958,P55750,5,3,2,494.52,,
16968,"578-SW ",10,4,6,255.51,,
17029,DNW-200,0,0,0,540.16,,
17037,E26001-PZ,0,0,0,169.60,,199.00
17039,E66066,0,0,0,83.32,,
17061,526TID-HDD,0,0,0,1244.44,,
17064,010-10603-00,61,17,44,14.99,,
17067,FMB321,29,16,13,9.38,,
17088,CA200B-12H,0,0,0,1599.09,,
17153,010-10570-00,0,0,0,21.99,,
17180,000-152-867,0,0,0,272.73,,
17185,PSU008,0,0,0,1177.27,,
19000,5001,16,9,7,21.42,,
19005,5138,15,5,10,4.19,,
19006,7198,37,10,27,5.81,,
19007,5139,30,20,10,4.19,,
19008,5140,18,9,9,4.19,,
19009,5141,34,20,14,4.19,,
19010,5142,10,0,10,4.68,,
19011,5143,31,18,13,4.32,,
19012,5101,22,15,7,7.27,,
19013,5102,17,10,7,7.27,,
19014,5103,6,0,6,7.27,,
19015,5104,16,4,12,7.27,,
19016,5105,4,2,2,7.27,,
19018,5107,27,7,20,7.27,,
19019,5112,8,8,0,45.58,,
19020,5113,0,0,0,45.58,,
19021,5114,17,10,7,45.58,,
19022,5115,12,10,2,45.58,,
19023,5116,5,0,5,45.58,,
19024,5117,2,1,1,49.72,,
19025,5118,0,0,0,49.72,,
19026,5119,43,15,28,49.72,,
19027,5120,15,5,10,56.05,,
19028,5121,56,21,35,49.72,,
19041,8023,5,2,3,191.18,,
19042,8025,5,1,4,127.97,,
19045,8054,0,0,0,77.82,,
19046,8053,5,2,3,125.89,,
19047,8058,0,0,0,131.73,,
19048,8059,4,1,3,188.59,,
19049,8027,4,3,1,211.24,,
19050,8043,10,8,2,234.90,,
19051,8032,4,2,2,170.99,,
19052,8029,4,2,2,122.65,,
19053,8077,17,5,12,86.92,,
19057,9002E,16,6,10,47.33,,
19059,7210,97,44,53,16.27,,
19060,7214,59,34,25,16.27,,
19061,7222,21,21,0,16.27,,
20208,2010,17,7,10,6.65,,
20209,2107,2,0,2,124.01,,
20210,2201,8,0,8,18.46,,
20211,2202,8,0,8,18.46,,
20212,2203,16,13,3,20.34,,
20213,2204,16,10,6,20.34,,
20218,2300,65,52,13,14.94,,
20219,2306,22,11,11,4.99,,
20220,2606,19,11,8,16.87,,
20222,2715,27,8,19,3.20,,
20224,2722,3,0,3,22.00,,
20231,3000,10,5,5,66.68,,
20232,3001,5,0,5,76.09,,
20233,3002,11,3,8,84.39,,
20234,3003,7,4,3,79.03,,
20377,4001,75,72,3,5.43,,
20378,4005,9,5,4,4.56,,
20379,4006,11,5,6,4.44,,
20380,4008,33,20,13,2.77,,
20381,4009,13,6,7,2.80,,
20382,4010,84,45,39,2.63,,
20383,4011,48,19,29,2.63,,
20384,4012,77,47,30,4.06,,
20385,4013,61,31,30,4.06,,
20386,4014,41,28,13,4.41,,
20387,4015,44,18,26,4.41,,
20388,4016,17,7,10,5.04,,
20389,4017,38,11,27,4.23,,
20390,4026,11,6,5,23.80,,
20391,4027,10,4,6,27.35,,
20392,4028,8,3,5,72.13,,
20393,4029,0,0,0,119.75,,
20396,4111,14,5,9,4.57,,
20397,4130,8,4,4,24.51,,
20398,4131,7,3,4,24.51,,
20399,4135,81,13,68,3.61,,
20400,4136,11,0,11,3.61,,
20401,4137,239,56,183,3.61,,
20402,4138,77,33,44,3.35,,
20404,4150,106,19,87,7.65,,
20405,4151,44,12,32,7.97,,
20406,4152,27,11,16,8.24,,
20407,4153,11,9,2,8.15,,
20408,4154,37,8,29,8.15,,
20409,4155,15,7,8,22.62,,
20410,4215,1,1,0,11.62,,
20411,4216,15,6,9,12.85,,
20412,4217,9,5,4,16.82,,
20413,4218,6,5,1,11.62,,
20414,4302,2,0,2,42.42,,
20415,4304,5,2,3,67.97,,
20416,4306,7,4,3,95.65,,
20417,4308,3,1,2,134.44,,
20422,4374,2,1,1,83.46,,
20423,4376,6,3,3,103.49,,
20428,5021,85,77,8,4.90,,
20429,5028,23,5,18,28.63,,
20430,5029,60,26,34,36.88,,
20431,5030,9,2,7,37.28,,
20432,5031,24,17,7,47.29,,
20433,5033,12,8,4,32.33,,
20434,5034,7,2,5,42.29,,
20435,5108,0,0,0,7.27,,
20436,5122,17,7,10,21.13,,
20437,5123,20,5,15,21.13,,
20438,5124,36,9,27,21.13,,
20439,5125,17,8,9,21.13,,
20440,5126,19,6,13,21.13,,
20441,5127,24,15,9,21.13,,
20442,5128,3,1,2,22.51,,
20443,5129,39,29,10,21.13,,
20445,5131,19,9,10,25.85,,
20448,5135,8,5,3,27.16,,
20449,5136,36,23,13,25.85,,
20450,5137,26,19,7,25.85,,
20451,5161,0,0,0,40.23,,
20453,5163,0,0,0,39.11,,
20454,5164,0,0,0,21.13,,
20455,5165,5,5,0,21.13,,
20491,5235,53,24,29,2.33,,
20492,5236,27,16,11,1.97,,
20493,5237,11,2,9,1.97,,
20494,5238,28,13,15,1.97,,
20495,5239,54,31,23,1.97,,
20496,5240,31,23,8,1.97,,
20497,5241,12,4,8,1.97,,
20498,5242,34,14,20,1.97,,
20499,5243,26,14,12,1.97,,
20500,5244,21,7,14,1.97,,
20501,5245,25,12,13,1.97,,
20502,5246,45,30,15,1.97,,
20505,6007,48,5,43,29.29,,
20506,6010,8,4,4,44.44,,
20507,6011,54,19,35,36.56,,
20508,6337,4,2,2,182.62,,
20520,7035,5,3,2,71.85,,
20521,7036,9,6,3,71.85,,
20523,7038,7,2,5,71.85,,
20524,7039,18,8,10,71.85,,
20525,7040,16,15,1,71.85,,
20526,7041,5,0,5,71.85,,
20527,7042,3,0,3,71.85,,
20528,7043,8,5,3,71.85,,
20529,7044,16,3,13,71.85,,
20531,7046,21,17,4,71.85,,
20532,7047,4,0,4,71.85,,
20533,7048,20,14,6,71.85,,
20534,7050,0,0,0,4.72,,
20536,7052,161,44,117,4.72,,
20537,7053,4,0,4,4.65,,
20538,7054,151,59,92,4.19,,
20540,7056,116,33,83,4.19,,
20541,7057,83,26,57,4.48,,
20542,7058,22,17,5,4.62,,
20543,7059,34,19,15,4.78,,
20545,7061,17,5,12,5.53,,
20555,7135,11,9,2,71.85,,
20556,7136,8,0,8,71.85,,
20558,7138,7,5,2,71.85,,
20559,7139,17,2,15,71.85,,
20560,7140,27,11,16,71.85,,
20561,7141,17,6,11,71.85,,
20562,7142,16,9,7,71.85,,
20563,7143,8,3,5,71.85,,
20564,7144,21,12,9,71.85,,
20566,7146,22,5,17,71.85,,
20568,7148,25,10,15,71.85,,
20569,7200,5,0,5,17.39,,
20570,7201,10,9,1,15.52,,
20571,7204,17,12,5,16.27,,
20572,7205,5,2,3,16.27,,
20573,7209,18,9,9,16.27,,
20574,7212,28,14,14,16.27,,
20575,7213,21,15,6,16.27,,
20576,7216,21,8,13,16.27,,
20577,7217,8,5,3,16.27,,
20578,7220,13,11,2,16.27,,
20579,7221,12,6,6,16.27,,
20580,7224,17,9,8,16.27,,
20581,7225,6,3,3,16.27,,
20582,7228,9,3,6,16.27,,
20583,7229,9,5,4,16.27,,
20584,7232,4,4,0,38.61,,
20585,7236,5,1,4,37.54,,
20586,7237,9,5,4,37.54,,
20587,7239,0,0,0,38.61,,
20588,7241,7,4,3,37.54,,
20589,7244,12,5,7,40.54,,
20590,7246,18,6,12,40.54,,
20591,7248,0,0,0,40.54,,
20592,7250,37,5,32,40.54,,
20593,7251,16,8,8,97.54,,
20594,7254,13,5,8,97.54,,
20595,7256,0,0,0,97.54,,
20596,7258,0,0,0,100.32,,
20601,7267,0,0,0,132.95,,
20602,7268,0,0,0,132.95,,
20603,7269,0,0,0,132.95,,
20604,7270,0,0,0,171.53,,
20605,7271,6,5,1,171.53,,
20606,7287,3,3,0,125.81,,
20607,7288,0,0,0,125.81,,
20608,7289,2,2,0,129.38,,
20609,7290,7,3,4,125.81,,
20613,7294,14,9,5,38.61,,
20614,7295,10,5,5,38.61,,
20615,7299,4,4,0,16.27,,
20633,7347,4,0,4,16.72,,
20634,7348,10,5,5,38.61,,
20635,7349,8,5,3,38.61,,
20636,7350,19,5,14,40.54,,
20637,7351,18,4,14,40.54,,
20638,7352,18,6,12,40.54,,
20639,7353,18,10,8,40.54,,
20640,7354,10,5,5,40.54,,
20641,7355,0,0,0,40.54,,
20642,7365,0,0,0,97.54,,
20645,7372,8,6,2,236.94,,
20649,7400,19,15,4,20.51,,
20650,7401,2,2,0,21.09,,
20651,7402,11,6,5,20.51,,
20652,7403,17,7,10,20.51,,
20653,7404,19,9,10,20.51,,
20654,7405,9,7,2,20.51,,
20655,7406,32,6,26,20.51,,
20656,7407,27,8,19,20.51,,
20657,7408,20,10,10,20.51,,
20658,7425,5,5,0,22.10,,
20660,7427,4,0,4,22.10,,
20661,7428,7,1,6,22.10,,
20662,7429,8,6,2,21.49,,
20663,7430,0,0,0,22.10,,
20666,7433,3,3,0,22.10,,
20670,7475,4,2,2,124.85,,
20671,7476,2,0,2,124.85,,
20672,7477,2,2,0,183.33,,
20678,7900,9,5,4,4.51,,
20679,7901,9,5,4,5.46,,
20680,7902,6,2,4,6.72,,
20681,8003,7,3,4,32.37,,
20682,8005,2,0,2,35.09,,
20685,8017,2,1,1,65.68,,
20686,8018,1,0,1,65.68,,
20687,8019,0,0,0,87.49,,
20688,8028,7,2,5,33.24,,
20689,8034,87,37,50,2.44,,
20690,8035,20,10,10,1.56,,
20691,8037,0,0,0,1.75,,
20693,8041,0,0,0,72.28,,
20694,8069,0,0,0,17.92,,
20695,8073,1,1,0,18.91,,
20696,8087,1,0,1,74.61,,
20697,8088,4,0,4,63.35,,
20698,8089,25,10,15,4.20,,
20699,8095,4,2,2,1216.05,,
20700,8099,6,4,2,239.65,,
20701,8127,0,0,0,246.19,,
20702,8129,0,0,0,132.29,,
20703,8132,0,0,0,218.01,,
20704,8134,8,8,0,2.48,,
20706,8158,0,0,0,164.67,,
20707,8159,0,0,0,235.71,,
20708,8161,0,0,0,217.10,,
20709,8165,0,0,0,719.34,,
20710,8166,16,6,10,2.81,,
20711,8167,63,33,30,2.48,,
20712,8169,7,5,2,2.44,,
20713,8171,82,8,74,2.44,,
20714,8172,32,3,29,2.44,,
20715,8173,18,7,11,20.94,,
20716,8174,0,0,0,498.20,,
20717,8176,0,0,0,601.84,,
20718,8177,0,0,0,108.66,,
20719,8179,0,0,0,108.66,,
20721,8186,0,0,0,1680.54,,
20722,8195,0,0,0,1520.06,,
20723,8199,0,0,0,284.42,,
20724,8200,5,2,3,8.25,,
20725,8204,9,3,6,11.28,,
20726,8205,3,0,3,9.81,,
20727,8206,0,0,0,8.41,,
20728,8207,5,0,5,17.91,,
20729,8208,4,0,4,12.63,,
20730,8209,0,0,0,12.08,,
20731,8210,5,5,0,8.91,,
20732,8211,7,4,3,9.28,,
20733,8212,0,0,0,19.57,,
20734,8214,56,15,41,7.13,,
20735,8216,0,0,0,12.44,,
20736,8217,6,2,4,13.82,,
20737,8218,5,1,4,16.49,,
20738,8219,7,3,4,12.51,,
20739,8220,9,4,5,20.77,,
20740,8221,3,0,3,22.10,,
20741,8222,2,0,2,16.52,,
20742,8230,20,9,11,11.11,,
20743,8231,9,5,4,12.75,,
20744,8233,0,0,0,16.54,,
20745,8234,0,0,0,18.91,,
20746,8235,7,2,5,149.47,,
20747,8236,2,2,0,176.92,,
20748,8237,7,3,4,176.92,,
20749,8238,0,0,0,215.68,,
20750,8239,2,2,0,176.92,,
20751,8240,7,5,2,32.77,,
20752,8242,3,2,1,70.27,,
20754,8244,5,4,1,34.35,,
20755,8245,6,3,3,34.35,,
20756,8246,6,3,3,61.00,,
20757,8247,6,2,4,251.71,,
20758,8248,2,2,0,228.62,,
20760,8251,1,1,0,167.70,,
20761,8252,0,0,0,72.54,,
20762,8253,2,1,1,72.54,,
20764,8255,0,0,0,53.18,,
20765,8256,2,1,1,21.24,,
20766,8257,9,4,5,20.47,,
20767,8258,2,2,0,53.65,,
20768,8259,11,7,4,6.95,,
20769,8260,8,3,5,11.19,,
20770,8264,0,0,0,586.05,,
20771,8265,0,0,0,705.24,,
20772,8266,32,15,17,4.92,,
20773,8267,37,14,23,4.92,,
20774,8268,18,14,4,5.20,,
20776,8271,2,0,2,189.53,,
20777,8272,2,0,2,110.84,,
20778,8273,0,0,0,147.11,,
20779,8274,0,0,0,91.87,,
20780,8275,6,1,5,19.52,,
20781,8278,14,6,8,5.20,,
20782,8280,2,1,1,188.77,,
20783,8282,188,49,139,11.75,,
20784,8283,33,5,28,12.44,,
20785,8284,17,10,7,13.53,,
20786,8285,19,6,13,13.56,,
20787,8286,23,12,11,16.52,,
20788,8287,14,0,14,13.51,,
20789,8288,15,5,10,12.15,,
20790,8289,6,3,3,17.56,,
20791,8290,15,5,10,16.52,,
20792,8291,3,0,3,15.18,,
20793,8292,20,9,11,10.59,,
20794,8293,36,16,20,3.66,,
20795,8294,55,21,34,4.06,,
20796,8295,13,0,13,4.06,,
20797,8296,15,9,6,4.06,,
20798,8297,23,13,10,3.94,,
20799,8298,3,3,0,4.03,,
20800,8299,2,2,0,4.03,,
20801,8357,0,0,0,387.19,,
20802,8358,0,0,0,261.85,,
20803,8359,0,0,0,249.67,,
20804,8361,3,2,1,451.27,,
20805,8363,0,0,0,367.11,,
20806,8365,0,0,0,309.75,,
20807,8366,4,2,2,209.48,,
20808,8367,9,7,2,199.73,,
20810,8371,6,2,4,189.53,,
20811,8372,6,4,2,110.84,,
20812,8373,1,1,0,147.11,,
20813,8374,0,0,0,91.87,,
20814,8375,0,0,0,429.39,,
20815,8376,10,5,5,346.97,,
20816,8377,0,0,0,407.84,,
20817,8378,0,0,0,674.52,,
20818,8379,3,1,2,886.25,,
20819,8380,0,0,0,730.65,,
20820,8381,0,0,0,985.22,,
20821,8382,0,0,0,1213.22,,
20822,8383,0,0,0,17.92,,
20823,8384,0,0,0,13.86,,
20824,8385,4,3,1,254.35,,
20825,8386,1,0,1,266.03,,
20826,8401,0,0,0,409.13,,
20827,8402,4,2,2,480.08,,
20828,8403,0,0,0,580.80,,
20829,8405,0,0,0,410.54,,
20830,8406,4,3,1,489.09,,
20831,8407,0,0,0,577.82,,
20832,8408,0,0,0,1117.78,,
20833,8409,0,0,0,322.13,,
20834,8410,0,0,0,138.89,,
20835,8411,2,2,0,235.75,,
20836,8412,4,3,1,246.30,,
20840,8461,0,0,0,499.44,,
20841,8462,0,0,0,453.85,,
20843,8464,0,0,0,517.42,,
20844,8465,0,0,0,717.03,,
20845,8466,0,0,0,470.01,,
20846,8467,0,0,0,241.70,,
20857,8478,0,0,0,417.01,,
20858,8479,0,0,0,529.78,,
20859,8480,0,0,0,433.87,,
20864,8485,0,0,0,458.54,,
20867,8488,0,0,0,433.08,,
20868,8489,0,0,0,362.59,,
20872,8498,0,0,0,359.23,,
20873,8499,0,0,0,279.19,,
20874,8505,0,0,0,513.18,,
20875,8506,0,0,0,611.37,,
20876,8507,0,0,0,577.82,,
20877,8508,0,0,0,1117.78,,
20878,8509,0,0,0,394.73,,
20879,8511,0,0,0,235.75,,
20880,8512,0,0,0,246.19,,
20883,8561,0,0,0,499.43,,
20884,8562,0,0,0,566.94,,
20886,8564,0,0,0,517.42,,
20887,8565,0,0,0,716.84,,
20888,8566,0,0,0,470.01,,
20889,8567,0,0,0,302.08,,
20902,8580,0,0,0,433.87,,
20907,8585,0,0,0,458.56,,
20910,8588,0,0,0,433.04,,
20911,8589,0,0,0,453.24,,
20915,8598,0,0,0,359.19,,
20916,8599,0,0,0,302.13,,
20943,8686,5,3,2,171.89,,
20945,8689,1,1,0,285.24,,
20946,8690,1,1,0,239.16,,
20948,8693,2,2,0,351.41,,
20949,9009,5,1,4,114.99,,
20950,9010,4,1,3,143.81,,
20951,9011,5,2,3,254.61,,
20952,9012,8,6,2,211.10,,
20953,9019,4,3,1,327.24,,
20954,9077,6,3,3,413.19,,
20955,9228,15,10,5,33.91,,
20957,9230,9,3,6,33.91,,
20959,9233,9,5,4,53.86,,
20960,9354,3,2,1,31.86,,
20961,9630,5,3,2,52.28,,
20963,5510E,24,11,13,54.61,,
20964,5511E,31,18,13,44.93,,
20965,7250I,10,7,3,40.54,,
21060,SG10,0,0,0,276.35,,
21062,AG127,0,0,0,359.99,,
25049,E26009,2,0,2,91.66,,
25050,E26008,4,2,2,104.16,,
25103,6005,5,4,1,21.96,,
25104,6006,142,49,93,21.96,,
25142,GPK-11,3,1,2,195.30,,
25238,010-10702-00,0,0,0,23.62,,
25241,FNB-83,11,8,3,28.24,,
25264,492/50/200ST-ES,1,0,1,210.00,,
25265,494/50/200-ES,1,1,0,174.99,,
25266,496/50/200ST-ES,0,0,0,210.00,,
25307,CAT460,47,34,13,12.71,,
25325,010-10550-00,56,22,34,29.99,,
25349,010-10723-01,3,3,0,11.24,,
25449,1810125,0,0,0,240.87,,
25453,1865003,12,6,6,16.69,,
25454,1865006,5,5,0,23.96,,
25456,1865017,7,5,2,25.41,,
25457,1865018,24,10,14,36.32,,
25458,1865010,6,0,6,7.26,,
25459,1865011,0,0,0,7.26,,
25489,526TID-HDN,0,0,0,1244.44,,
25524,E66079,0,0,0,1374.16,,1649.00
25537,E26033,0,0,0,55.39,,
25550,1854021,0,0,0,72.64,,
25582,MS56,3,1,2,89.99,,
25587,MA8506W,17,8,9,69.99,,
25594,P77769,6,4,2,629.83,,
25642,1459,31,5,26,42.68,,
25643,1458,18,18,0,54.88,,
25656,010-10617-02,0,0,0,13.22,,
25657,235DST-MSE,0,0,0,445.45,,
26221,000-154-054,0,0,0,51.82,,
26249,E66013,0,0,0,153.40,,179.99
26250,E66085,3,0,3,270.82,,324.99
26251,E66086,0,0,0,270.82,,324.99
26252,525T-LTD/20,0,0,0,244.44,,
26253,525T-LTD/12,0,0,0,239.13,324.99,
26258,72-0151-01,1,1,0,125.05,,
26260,808-0232-01,8,3,5,32.92,,
26264,FX-7,35,22,13,116.32,169.99,
26265,FX-11,18,7,11,157.81,229.99,
26266,FX-16,15,4,11,249.05,369.99,
26267,FX-23,15,9,6,395.43,569.99,
26268,FX-37,8,4,4,637.72,949.99,
26269,FX-55,6,3,3,932.48,,
26270,FX-85,0,0,0,1430.64,,
26271,FX-125,0,0,0,2096.28,,
26272,SFX-7,5,2,3,69.29,,
26273,SFX-11,3,0,3,70.65,,
26274,SFX-16,2,1,1,83.06,,
26275,SFX-23,6,2,4,105.87,,
26276,SFX-37,7,3,4,109.75,,
26277,SFX-55,3,3,0,161.40,,
26278,SFX-85,0,0,0,200.12,,
26279,SFX-125,0,0,0,210.02,,
27077,531-AB,3,1,2,237.41,,
27204,528-VB,4,0,4,216.41,,
27206,E66010,0,0,0,98.00,,
27366,000-154-028,0,0,0,102.73,,
27976,FAPAR4502,0,0,0,382.02,,
27991,010-10725-00,5,4,1,7.42,,
28012,525STID-MSD7,0,0,0,488.89,,
28040,PT3010,5,3,2,109.69,,
28048,SC50,2,0,2,253.42,,
28049,SC102,0,0,0,1220.63,,
28050,SC104,0,0,0,1220.63,,
28054,SC120,0,0,0,666.56,,
28057,SPT2010,0,0,0,95.63,,
28059,AG118,0,0,0,352.49,,
28061,010-10747-03,0,0,0,13.75,,
28096,010-10747-00,11,7,4,8.24,,
28115,525TID-BHD,0,0,0,800.00,,
28150,MB1100,0,0,0,363.64,,
28181,H-741-C,7,3,4,25.31,,
28202,A66089,0,0,0,1095.65,,1344.00
28234,2312,49,21,28,23.94,,
28235,2314,108,50,58,11.44,,
28236,2315,35,17,18,13.15,,
28348,1901250,4,0,4,183.81,,
28349,1901200,3,0,3,101.38,,
28350,2295002,1,0,1,38.18,,
28351,2295180,3,2,1,45.81,,
28352,2295182,1,0,1,53.45,,
28353,2295184,2,2,0,61.09,,
28354,2295190,0,0,0,76.36,,
28355,2207001,2,2,0,35.93,,
28356,2207002,0,0,0,28.74,,
28357,2207003,1,1,0,71.87,,
28361,2200693,0,0,0,50.31,,
28362,2250927,0,0,0,86.25,,
28363,2250928,3,3,0,93.44,,
28364,2250940,0,0,0,86.25,,
28365,2207327,7,2,5,71.87,,
28367,2250009,14,7,7,14.50,,
28368,2250105,2,2,0,16.79,,
28370,2250111,0,0,0,15.26,,
28373,2250119,4,4,0,17.55,,
28374,2250120-1,0,0,0,16.03,,
28375,2250106,0,0,0,17.55,,
28376,2250107,0,0,0,22.14,,
28377,2250109,6,2,4,18.31,,
28386,2450163,1,1,0,64.68,,
28389,2450169-1,17,4,13,18.56,,
28395,1491072,2,2,0,143.75,,
28447,1820087,6,3,3,14.52,,
28448,1854060,4,4,0,137.21,,
28451,1852061,0,0,0,24.69,,
28455,1852068,3,3,0,31.22,,
28457,1852060,0,0,0,31.22,,
28458,1852080,1,0,1,36.32,,
28468,HB-845,3,1,2,521.61,,
28513,PUMPHRP11-12,1,0,1,728.09,,
28534,528-EW,0,0,0,186.73,,
28555,2716,10,2,8,4.96,,
28663,MRC5,5,0,5,18.55,34.99,
28664,MRANT12,15,15,0,7.25,34.99,
28668,710198-1,8,5,3,75.26,,
28697,710160-1,0,0,0,82.79,,
28723,010-10714-00,11,1,10,5.49,,
28931,527ID-IHD,0,0,0,888.89,,
28949,PP4808,0,0,0,356.35,,
28995,883-CW,0,0,0,314.87,,
29006,826-VW,2,0,2,262.60,,
29019,578-SB,0,0,0,276.51,,
29020,876-SW,1,1,0,294.87,,
29021,876-SB,0,0,0,295.32,,
29025,518-EW,0,0,0,166.46,,
29033,340-100NM,0,0,0,196.24,,
29034,340-75NM,0,0,0,172.61,,
29061,5187,4,4,0,52.47,,
29062,5216,4,4,0,52.53,,
29063,5218,2,2,0,63.11,,
29064,5242-A,10,9,1,87.71,,
29070,5396-AIS,14,10,4,188.46,,
29071,5912,5,4,1,57.46,,
29087,53670A,24,13,11,53.79,99.99,
29088,53671A,10,2,8,55.95,99.99,
29089,53672A,24,0,24,53.79,99.99,
29090,53680CA,3,2,1,91.78,164.99,
29091,53681CA,7,0,7,91.78,164.99,
29092,53682CA,12,5,7,91.78,164.99,
29095,53684A,0,0,0,16.84,,
29122,15054-001,13,3,10,188.35,,
29123,15061-001,4,2,2,227.68,,
29125,15055-001,1,0,1,228.41,,
29126,15056-001,6,2,4,228.41,,
29128,15062-001,0,0,0,266.99,,
29129,15063-001,6,3,3,266.99,,
29133,15059-001,11,2,9,228.41,,
29135,15060-001,5,1,4,252.90,,
29136,15067-001,3,0,3,289.25,,
29137,15085-001,16,7,9,10.15,,
29138,50225-001D,0,0,0,10.70,,
29139,50015-001D,0,0,0,10.00,,
29140,50015-002D,10,6,4,9.64,,
29141,50014-001D,6,4,2,9.64,,
29143,15087-001,1,1,0,7.90,,
29170,20140-001,9,3,6,88.60,,
29172,20157-001,0,0,0,100.41,,
29173,20141-001,5,2,3,95.25,,
29175,20158-001,0,0,0,105.81,,
29176,20142-001,0,0,0,119.61,,
29177,20143-001,0,0,0,157.95,,
29178,20144-001,0,0,0,223.13,,
29179,20145-001,0,0,0,249.20,,
29180,20146-001,0,0,0,276.80,,
29182,20159-001,8,6,2,101.89,,
29185,20149-001,4,0,4,107.06,,
29187,20160-001,6,2,4,130.69,,
29188,20150-001,6,2,4,137.34,,
29189,20161-001,6,3,3,143.98,,
29190,20151-001,0,0,0,206.25,,
29192,20152-001,0,0,0,249.20,,
29194,20153-001,0,0,0,282.16,,
29196,20154-001,0,0,0,313.60,,
29199,15064-001,3,0,3,301.54,,
29200,15065-001,0,0,0,335.89,,
29216,20760-001,0,0,0,296.60,,
29217,20762-001,0,0,0,304.31,,
29218,20766-001,0,0,0,304.16,,
29219,20764-001,0,0,0,310.41,,
29220,20770-001,0,0,0,335.90,,
29221,20768-001,1,0,1,323.45,,
29223,20776-001,0,0,0,373.65,,
29224,20774-001,0,0,0,373.65,,
29225,20780-001,0,0,0,406.78,,
29226,20778-001,0,0,0,406.78,,
29227,20784-001,0,0,0,425.09,,
29228,20782-001,0,0,0,441.44,,
29229,20786-001,0,0,0,455.51,,
29230,20788-001,0,0,0,455.51,,
29231,70381-001,0,0,0,44.85,,
29236,RT9X9,0,0,0,711.35,,
29237,RT9X9I,0,0,0,829.95,,
29238,15034-101,0,0,0,563.20,,
29239,RT9X12,0,0,0,745.44,,
29240,RT9X12I,0,0,0,864.03,,
29241,15035-101,0,0,0,621.66,,
29242,RT12X9,5,2,3,767.86,,
29243,RT12X9I,5,2,3,891.21,,
29244,15036-101,5,2,3,591.26,,
29245,RT12X12,6,3,3,799.61,,
29248,15041-101,0,0,0,980.51,,
29249,RT12X12I,6,3,3,922.96,,
29250,15037-101,6,3,3,623.01,,
29252,RT16X12HD,6,3,3,1215.30,,
29253,RT16X12HDI,6,3,3,1338.65,,
29254,15043-101,6,3,3,1038.70,,
29255,RT16X12I,0,0,0,1005.65,,
29256,15039-101,0,0,0,705.70,,
29257,RT17X12XD,0,0,0,1370.90,,
29258,RT17X12XDI,0,0,0,1489.50,,
29259,15045-101,0,0,0,1297.18,,
29260,RT18X14,2,0,2,945.64,,
29261,RT18X14HD,0,0,0,1211.88,,
29262,RT18X14HDI,0,0,0,1383.69,,
29263,15044-101,0,0,0,1083.74,,
29264,RT18X14I,2,0,2,1064.24,,
29265,15040-101,2,0,2,806.86,,
29266,RT19X14XDI,0,0,0,2233.54,,
29267,15046-101,0,0,0,1993.99,,
29281,TT9X9,6,4,2,665.23,,
29282,TT9X9E,5,3,2,693.29,,
29283,TT9X9EI,5,3,2,816.64,,
29284,15013-101,5,3,2,516.69,,
29285,TT9X9I,6,4,2,788.58,,
29286,15000-101,6,4,2,488.63,,
29287,15104-102,11,5,6,678.53,,
29288,15108-103,12,6,6,801.86,,
29289,15001-101,12,6,6,501.93,,
29290,TT9X18,0,0,0,686.50,,
29291,TT9X18I,0,0,0,805.10,,
29292,15002-101,0,0,0,537.36,,
29293,TT9X24,1,0,1,768.86,,
29294,TT9X24I,1,0,1,887.46,,
29295,15003-101,1,0,1,623.01,,
29296,TT9X30,0,0,0,832.76,,
29297,TT9X30I,0,0,0,951.35,,
29298,15004-101,0,0,0,689.46,,
29299,TT9X36,0,0,0,889.55,,
29300,TT9X36I,0,0,0,1008.15,,
29301,15005-101,0,0,0,777.31,,
29305,TT12X9E,2,0,2,707.31,,
29306,TT12X9EI,2,0,2,830.66,,
29307,15015-101,2,0,2,530.71,,
29308,15105-102,5,3,2,692.38,,
29309,15106-102,5,3,2,736.50,,
29310,15110-103,5,3,2,857.24,,
29311,15016-101,5,3,2,557.30,,
29312,15109-103,5,3,2,814.41,,
29313,15007-101,5,3,2,514.48,,
29314,TT12X18,0,0,0,749.40,,
29315,TT12X18E,1,1,0,805.58,,
29316,TT12X18EI,1,1,0,928.86,,
29317,15017-101,1,1,0,628.91,,
29318,TT12X18I,0,0,0,872.75,,
29319,15008-101,0,0,0,572.80,,
29320,TT12X18SS,0,0,0,1021.78,,
29322,15026-101,0,0,0,901.54,,
29323,TT12X18SSI,0,0,0,1140.36,,
29324,15018-101,0,0,0,888.50,,
29325,TT12X24,0,0,0,810.75,,
29326,TT12X24I,0,0,0,929.35,,
29327,15009-101,0,0,0,692.21,,
29328,TT12X24SS,0,0,0,1143.00,,
29330,15027-101,0,0,0,1016.55,,
29331,TT12X24SSI,0,0,0,1261.59,,
29332,15019-101,0,0,0,1008.88,,
29333,TT12X30,0,0,0,886.71,,
29334,TT12X30I,0,0,0,1005.31,,
29335,15010-101,0,0,0,774.25,,
29336,TT12X30SS,0,0,0,1260.66,,
29338,15028-101,0,0,0,1129.26,,
29339,TT12X30SSI,0,0,0,1379.26,,
29340,15020-101,0,0,0,1125.43,,
29343,15011-101,0,0,0,825.63,,
29346,15029-101,0,0,0,1252.70,,
29348,15021-101,0,0,0,1246.58,,
29353,15030-101,0,0,0,1472.60,,
29355,15022-101,0,0,0,1470.30,,
29357,15031-101,0,0,0,1620.58,,
29359,15023-101,0,0,0,1605.24,,
29361,15032-101,0,0,0,1772.40,,
29363,15024-101,0,0,0,1754.76,,
29365,15033-101,0,0,0,1970.99,,
29367,15025-101,0,0,0,1957.19,,
29766,7650,13,8,5,151.85,,
29811,206-078S,3,3,0,9.99,,
29846,048-028,7,7,0,1.49,,
29904,9490.1,7,6,1,106.73,,
29929,PUMPHRP17-12,1,1,0,728.09,,
30089,P100019,25,19,6,20.00,,
30092,P102944,2,0,2,570.56,,
30130,1854017,4,0,4,71.79,,
30193,340-25NE,0,0,0,97.68,,
30231,53680SA,17,12,5,117.36,214.99,
30232,53681SA,8,2,6,117.36,214.99,
30233,53682SA,3,0,3,117.36,214.99,
30358,010-C0690-00,0,0,0,262.49,,
30359,010-C0691-00,0,0,0,262.49,,
30360,010-C0726-00,0,0,0,262.49,,
30361,010-C0708-00,0,0,0,262.49,,
30362,010-C0709-00,0,0,0,262.49,,
30363,010-C0727-00,0,0,0,262.49,,
30364,010-C0710-00,1,0,1,262.49,,
30365,010-C0692-00,0,0,0,262.49,,
30366,010-C0711-00,6,0,6,262.49,,
30367,010-C0712-00,2,0,2,262.49,,
30368,010-C0713-00,0,0,0,262.49,,
30369,010-C0728-00,0,0,0,262.49,,
30370,010-C0714-00,0,0,0,262.49,,
30371,010-C0715-00,0,0,0,262.49,,
30375,010-C0730-00,0,0,0,262.49,,
30379,010-C0731-00,2,0,2,262.49,,
30380,010-C0721-00,0,0,0,262.49,,
30381,010-C0722-00,1,0,1,262.49,,
30382,010-C0732-00,2,0,2,262.49,,
30385,010-C0693-00,0,0,0,262.49,,
30386,010-C0733-00,0,0,0,262.49,,
30387,010-C0725-00,0,0,0,262.49,,
30388,010-C0694-00,0,0,0,262.49,,
30389,010-C0734-00,0,0,0,262.49,,
30393,010-C0698-00,0,0,0,262.49,,
30394,010-C0736-00,0,0,0,262.49,,
30399,010-C0739-00,0,0,0,337.49,,
30400,010-C0701-00,0,0,0,337.49,,
30401,010-C0740-00,0,0,0,337.49,,
30402,010-C0702-00,0,0,0,262.49,,
30403,010-C0703-00,0,0,0,262.49,,
30404,010-C0704-00,0,0,0,262.49,,
30405,010-C0705-00,2,2,0,262.49,,
30406,010-C0741-00,0,0,0,337.49,,
30408,010-C0742-00,1,0,1,337.49,,
30411,010-C0744-00,0,0,0,337.49,,
30426,HB-740,0,0,0,250.76,,
30428,010-10447-03,0,0,0,17.49,,
30554,ART-3,4,2,2,145.01,,
30594,7610,40,15,25,101.04,,
30617,710147-1,3,0,3,82.79,,
30645,1368560,6,5,1,838.60,,
30647,1810140,0,0,0,344.11,,
30665,010-10930-00,0,0,0,31.49,,
30668,010-10918-00,8,4,4,26.24,,
30729,010-C0760-00,0,0,0,187.49,,
30730,010-C0761-00,0,0,0,187.49,,
30731,010-C0762-00,0,0,0,187.49,,
30732,010-C0763-00,0,0,0,187.49,,
30733,010-C0764-00,0,0,0,187.49,,
30734,010-C0765-00,0,0,0,187.49,,
30735,010-C0766-00,0,0,0,187.49,,
30736,010-C0767-00,0,0,0,187.49,,
30737,010-C0768-00,0,0,0,187.49,,
30739,010-C0770-00,0,0,0,187.49,,
30740,010-C0771-00,0,0,0,187.49,,
30741,010-C0772-00,0,0,0,187.49,,
30742,010-C0773-00,0,0,0,187.49,,
30743,010-C0774-00,0,0,0,187.49,,
30744,010-C0775-00,0,0,0,187.49,,
30745,010-C0776-00,0,0,0,187.49,,
30746,010-C0777-00,0,0,0,187.49,,
30747,010-C0778-00,0,0,0,187.49,,
30748,010-C0779-00,0,0,0,187.49,,
30749,010-C0780-00,0,0,0,187.49,,
30750,010-C0782-00,0,0,0,187.49,,
30751,010-C0783-00,0,0,0,187.49,,
30754,010-C0786-00,0,0,0,187.49,,
30755,010-C0787-00,0,0,0,187.49,,
30756,010-C0788-00,0,0,0,187.49,,
30757,010-C0789-00,0,0,0,187.49,,
30758,010-C0790-00,0,0,0,187.49,,
30759,010-C0791-00,0,0,0,187.49,,
30762,010-C0794-00,0,0,0,131.24,,
30763,010-C0795-00,0,0,0,131.24,,
30764,010-C0796-00,0,0,0,131.24,,
30765,010-C0797-00,0,0,0,131.24,,
30766,010-C0798-00,0,0,0,131.24,,
30767,010-C0799-00,0,0,0,131.24,,
30768,010-C0800-00,0,0,0,131.24,,
30769,010-C0801-00,0,0,0,131.24,,
30770,010-C0802-00,0,0,0,131.24,,
30771,010-C0803-00,0,0,0,131.24,,
30772,010-C0804-00,0,0,0,131.24,,
30773,010-C0805-00,0,0,0,131.24,,
30775,010-C0807-00,0,0,0,131.24,,
30776,010-C0808-00,0,0,0,131.24,,
30777,010-C0809-00,0,0,0,131.24,,
30778,010-C0810-00,0,0,0,131.24,,
30779,010-C0811-00,0,0,0,131.24,,
30780,010-C0812-00,0,0,0,131.24,,
30781,010-C0813-00,0,0,0,131.24,,
30782,010-C0814-00,0,0,0,131.24,,
30783,010-C0815-00,0,0,0,131.24,,
30784,010-C0816-00,0,0,0,131.24,,
30785,010-C0817-00,0,0,0,131.24,,
30786,010-C0818-00,0,0,0,131.24,,
30791,010-C0823-00,0,0,0,131.24,,
30794,010-C0826-00,0,0,0,131.24,,
30795,010-C0827-00,0,0,0,131.24,,
30796,010-C0828-00,0,0,0,131.24,,
30797,010-C0829-00,0,0,0,131.24,,
30798,010-C0830-00,0,0,0,131.24,,
30800,010-C0832-00,0,0,0,131.24,,
30801,010-C0833-00,0,0,0,131.24,,
30802,010-C0834-00,0,0,0,131.24,,
30803,010-C0835-00,0,0,0,131.24,,
30804,010-C0836-00,0,0,0,131.24,,
30812,010-C0844-00,0,0,0,131.24,,
30814,010-C0846-00,0,0,0,131.24,,
30817,010-C0849-00,0,0,0,187.49,,
30818,010-C0850-00,0,0,0,131.24,,
30863,B260-BL,0,0,0,1337.01,1649.99,
30871,010-10856-00,0,0,0,10.99,,
30872,010-10931-00,44,2,42,23.99,,
30874,010-10888-00,0,0,0,14.99,,
30888,710200-1,8,4,4,149.35,,
30914,T122,0,0,0,440.92,,
30917,2713,20,9,11,3.16,,
30918,010-C0753-00,0,0,0,187.49,,
30919,010-C0754-00,0,0,0,187.49,,
30920,010-C0756-00,0,0,0,187.49,,
30921,010-C0757-00,0,0,0,187.49,,
30922,010-C0868-00,0,0,0,142.49,,
30923,010-C0869-00,0,0,0,142.49,,
30924,010-C0870-00,0,0,0,142.49,,
30925,010-C0871-00,0,0,0,142.49,,
30926,010-C0872-00,0,0,0,142.49,,
30927,010-C0873-00,0,0,0,142.49,,
30928,010-C0874-00,0,0,0,142.49,,
30929,010-C0875-00,0,0,0,142.49,,
30939,MP420,0,0,0,363.62,,
30947,1854019,0,0,0,83.53,,
30976,010-C0749-00,0,0,0,187.49,,
31021,010-C0755-00,0,0,0,187.49,,
31028,010-C0877-00,0,0,0,262.49,,
31029,010-C0878-00,0,0,0,262.49,,
31030,010-C0879-00,0,0,0,262.49,,
31031,010-C0881-00,0,0,0,262.49,,
31034,010-C0884-00,0,0,0,262.49,,
31035,010-C0865-00,0,0,0,187.49,,
31036,010-C0866-00,0,0,0,187.49,,
31037,010-C0758-00,2,2,0,131.23,,
31038,010-C0759-00,0,0,0,131.24,,
31039,010-C0750-00,0,0,0,131.24,,
31040,010-C0751-00,0,0,0,131.24,,
31041,010-C0752-00,0,0,0,131.24,,
31042,010-C0747-00,0,0,0,187.49,,
31043,010-C0748-00,0,0,0,187.49,,
31059,010-10921-00,3,0,3,26.24,,
31081,MX7000CR,0,0,0,464.54,,
31082,MX8000CR,0,0,0,475.96,,
31090,MX8716CR,0,0,0,506.42,,
31091,MX8718CR,2,2,0,497.08,,
31092,AL7211CR,1,0,1,90.00,,
31093,AL7001CR,0,0,0,183.46,,
31094,AO8712CR,0,0,0,247.50,,
31095,AO8715CR,0,0,0,333.18,,
31096,SW9300,2,1,1,1275.52,,
31097,SW9901,0,0,0,72.69,,
31098,SX3916XS,0,0,0,1024.27,,
31101,AP3916XS,0,0,0,727.27,,
31106,AP3918,0,0,0,822.46,,
31108,AP3716XS,0,0,0,761.54,,
31110,"AP3718 -1 3/4",0,0,0,833.88,,
31111,RK0322RK,0,0,0,86.54,,
31112,RK0322RK/CR,0,0,0,46.47,,
31113,RK0337CR,0,0,0,33.65,,
31115,RK0322LS,0,0,0,59.29,,
31116,RK0337LS,0,0,0,65.71,,
31117,RK0337LS/MO,0,0,0,65.71,,
31118,RK0337LD,0,0,0,125.00,,
31119,RK0337LD/MO,0,0,0,125.00,,
31123,RH525SS,18,8,10,76.28,,
31124,RH527VS,3,0,3,76.28,,
31125,RH529HS,10,7,3,76.28,,
31126,RH530SS,1,1,0,94.55,,
31127,RH532VS,12,8,4,94.55,,
31128,RH534HS,8,4,4,94.55,,
31129,RH525SS/XS,2,0,2,85.58,,
31130,RH527VS/XS,7,2,5,85.58,,
31131,RH529HS/XS,4,4,0,85.58,,
31132,RH530SS/XS,2,2,0,108.01,,
31133,RH532VS/XS,6,2,4,108.01,,
31134,RH534HS/XS,5,5,0,108.01,,
31155,SR-2,0,0,0,236.19,,
31160,RH570,3,3,0,186.15,,
31161,RH570XL,1,1,0,203.85,,
31162,RH575,8,4,4,136.22,,
31163,RH575XL,4,0,4,150.64,,
31164,RH577V,32,18,14,136.22,,
31165,RH577XL,14,8,6,150.64,,
31166,RH579H,12,8,4,136.22,,
31167,RH579XL,4,4,0,150.64,,
31168,RH5165,10,6,4,111.54,,
31169,RH5167V,11,6,5,111.54,,
31170,RH5169H,16,12,4,111.54,,
31172,RH5999-0003,8,2,6,17.31,,
31174,RH5930,50,30,20,25.32,,
31175,RH5931,68,40,28,19.23,,
31176,RH511,0,0,0,9.62,,
31178,RH516,4,4,0,14.42,,
31179,RH526,0,0,0,9.62,,
31180,RH528,2,2,0,9.62,,
31181,RH531,18,15,3,14.42,,
31182,RH535,8,4,4,14.42,,
31184,MC0075-1012,0,0,0,57.37,,
31185,MC0075-1016,0,0,0,57.37,,
31191,010-11029-00,0,0,0,8.24,,
31222,MC0075-1030,0,0,0,57.37,,
31224,MC0075-1033,0,0,0,57.37,,
31225,MC0075-1050,0,0,0,57.37,,
31226,MC0075-1051,2,0,2,57.37,,
31227,MC0075-1052,0,0,0,57.37,,
31228,MC0075-1053,0,0,0,57.37,,
31229,MC0075-1071,0,0,0,57.37,,
31230,MC0075-1080,0,0,0,57.37,,
31231,MC0075-1081,0,0,0,57.37,,
31233,MC0075-1083,0,0,0,57.37,,
31234,MC0075-1130,0,0,0,57.37,,
31235,MC0075-1131,0,0,0,57.37,,
31236,MC0075-3016,0,0,0,57.37,,
31237,MC0075-3020,0,0,0,57.37,,
31238,MC0075-3030,0,0,0,57.37,,
31239,MC0075-3031,0,0,0,57.37,,
31240,MC0075-3050,0,0,0,57.37,,
31241,MC0075-3051,0,0,0,57.37,,
31242,MC0075-3081,5,4,1,57.37,,
31243,MC0075-4020,0,0,0,57.37,,
31244,MC0075-4025,0,0,0,57.37,,
31245,MC0075-4026,2,0,2,57.37,,
31246,MC70,25,15,10,23.88,,
31247,MC70GL,4,4,0,36.38,,
31248,MC70SL,5,3,2,32.86,,
31249,LT5201,0,0,0,80.13,,
31250,LT5202,0,0,0,80.13,,
31251,LT5203,0,0,0,80.13,,
31252,LT5204,0,0,0,80.13,,
31253,AT5101,0,0,0,69.23,,
31254,AT5102,0,0,0,69.23,,
31255,AT5103,0,0,0,69.23,,
31256,AT5104,0,0,0,69.23,,
31259,AL7301CR,0,0,0,102.12,,
31260,AL7302CR,0,0,0,102.12,,
31261,AL7303CR,0,0,0,102.12,,
31262,AL7304CR,0,0,0,102.12,,
31263,AO8716CR,0,0,0,369.35,,
31264,AO8718CR,0,0,0,407.42,,
31265,OH2016F,0,0,0,688.85,,
31266,OH2018S,1,1,0,671.63,,
31267,OH219F,0,0,0,726.92,,
31268,OH2020S,1,1,0,726.92,,
31270,AP3719XS/SK,0,0,0,883.38,,
31272,AP3722SK,0,0,0,951.92,,
31273,RA5001SL,0,0,0,131.41,,
31274,RA5001GL,1,1,0,119.44,,
31275,RA5002SL,0,0,0,131.41,,
31276,RA5002GL,1,0,1,130.68,,
31277,RA5003SL,0,0,0,131.41,,
31278,RA5003GL,0,0,0,147.44,,
31279,RA5004SL,2,2,0,131.41,,
31280,RA5004GL,2,2,0,147.44,,
31281,RA5005SL,0,0,0,131.41,,
31282,RA5005GL,0,0,0,147.44,,
31283,RA5201SL,4,2,2,131.41,,
31284,RA5201GL,0,0,0,147.44,,
31285,RA5202SL,1,0,1,131.41,,
31286,RA5202GL,0,0,0,147.44,,
31287,RA5203SL,0,0,0,131.41,,
31288,RA5203GL,0,0,0,147.44,,
31289,RA5204SL,0,0,0,131.41,,
31290,RA5204GL,0,0,0,147.44,,
31291,RA5205SL,0,0,0,131.41,,
31292,RA5205GL,0,0,0,147.44,,
31293,526TID-LTD/12,0,0,0,884.44,,
31294,526TID-LTD/20,0,0,0,884.44,,
31297,A102112,0,0,0,1062.50,,1275.00
31298,A102113,0,0,0,1062.50,,1275.00
31304,RC10812V,3,2,1,1920.71,2693.60,
31305,RC101012V,1,1,0,1920.71,2693.60,
31308,OH226S,0,0,0,1656.35,,
31309,AP3519,0,0,0,807.23,,
31310,AP3519XS,0,0,0,850.67,,
31311,010-10922-00,3,1,2,29.99,,
31320,A25062,0,0,0,262.49,,
31345,15052-101,0,0,0,502.66,,
31346,15048-101,0,0,0,1335.51,,
31347,15049-101,0,0,0,1386.13,,
31348,15050-101,1,0,1,1921.34,,
31349,15051-101,0,0,0,2332.99,,
31357,806-1010,9,4,5,410.58,,
31358,806-1810,16,9,7,507.45,,
31388,1903002,4,4,0,179.69,,
31390,1903005,0,0,0,136.56,,
31391,1903006,2,0,2,143.75,,
31415,17215-0000,28,15,13,44.31,,
31416,17800-2000,23,14,9,251.93,,
31418,18590-2092,92,24,68,177.65,,
31419,18660-0121,20,11,9,167.44,,
31420,29015-0000,23,8,15,36.81,,
31421,29015-0010,17,10,7,53.15,,
31422,29015-0020,15,1,14,64.98,,
31423,29040-3000,35,21,14,105.31,,
31427,29200-0120,11,8,3,463.63,,
31428,29295-1011,62,27,35,21.96,,
31429,30573-0000,33,20,13,76.48,,
31443,33799-0000,7,7,0,106.23,,
31444,34060-0010,29,15,14,54.48,,
31445,34060-0130,14,3,11,70.06,,
31446,35400-0000,12,6,6,180.72,,
31447,35440-0000,12,10,2,168.58,,
31448,35760-0092,9,4,5,262.99,,
31449,35770-0092,6,3,3,240.81,,
31451,36740-0000,8,4,4,159.49,,
31452,36770-0115,4,1,3,382.17,,
31466,45490-1000,33,12,21,79.37,,
31468,46400-0000,21,4,17,23.69,,
31469,50880-1000,19,7,12,234.74,,
31470,50890-1000,10,0,10,292.42,,
31479,140,29,21,8,36.00,,
31480,240,82,46,36,39.40,,
31481,41,43,23,20,30.72,,
31482,43,37,32,5,31.47,,
31483,39,10,7,3,82.36,,
31484,33ALA,40,15,25,68.17,,
31489,04,21,6,15,121.42,,
31490,51S,14,5,9,173.38,,
31491,02,185,28,157,89.28,,
31492,09,43,23,20,145.52,,
31493,53S,11,5,6,236.75,,
31494,10,114,24,90,125.25,,
31496,710201-1,3,3,0,194.81,,
31498,13A,7,4,3,269.53,,
31499,17A,17,8,9,230.15,,
31500,14A,23,12,11,206.64,,
31507,40A,313,87,226,45.27,,
31508,35A,155,75,80,35.30,,
31509,35FA,23,11,12,37.83,,
31516,70,38,19,19,6.06,,
31517,37A,108,37,71,52.54,,
31518,37FA,33,15,18,54.74,,
31539,B60-20-BL,0,0,0,257.04,324.99,
31650,A53S-24,18,8,10,202.84,,
31656,11200800,0,0,0,24.30,,
31657,21211310,0,0,0,57.21,,
31658,11200200,1,0,1,24.30,,
31659,11200500,5,2,3,24.30,,
31672,21310810,1,1,0,58.06,,
31673,21311010,0,0,0,65.31,,
31683,21201110,0,0,0,57.21,,
31684,21201310,0,0,0,57.21,,
31685,21211110,0,0,0,57.21,,
31686,11500600,0,0,0,37.46,,
31687,11200100,2,0,2,24.30,,
31689,11500000,16,7,9,37.46,,
31690,11500500,11,10,1,37.46,,
31693,21301110,1,1,0,60.75,,
31694,21301410,6,4,2,60.75,,
31695,21301510,6,4,2,60.75,,
31696,21300810,2,0,2,60.75,,
31697,21301010,2,1,1,60.75,,
31698,21311710,4,3,1,66.83,,
31699,21311310,0,0,0,66.83,,
31700,21311510,1,0,1,66.83,,
31701,21432111,3,0,3,76.95,,
31702,21431111,0,0,0,76.95,,
31703,21431311,2,2,0,76.95,,
31713,11500700,11,7,4,40.50,,
31714,21301210,3,2,1,60.75,,
31715,21431911,8,5,3,76.95,,
31716,21501511,0,0,0,84.04,,
31721,21301310,5,2,3,60.75,,
31722,21431511,0,0,0,76.95,,
31723,21502311,5,4,1,84.04,,
31724,11500200,11,5,6,37.46,,
31725,11500400,7,6,1,37.46,,
31726,21431711,2,0,2,76.95,,
31727,21501711,5,2,3,84.04,,
31728,21501911,1,0,1,84.04,,
31729,21502111,9,4,5,84.04,,
31730,11300101,9,5,4,27.85,,
31731,11300200,2,2,0,27.85,,
31732,11500300,11,7,4,37.46,,
31733,11500100,16,10,6,37.46,,
31741,USB100-01,10,5,5,172.11,,
31743,J2K100-01,12,3,9,308.19,,
31745,RAA100-01,0,0,0,276.17,,
31746,TLA100-01,8,5,3,220.14,,
31777,M33-100,0,0,0,108.07,,
31779,33-398-04PW,7,1,6,27.98,,
31786,FA-CF-ST,20,20,0,24.01,,
31787,FA-CM-ST,90,41,49,24.01,,
31788,BHF-CM-CF,0,0,0,24.01,,
31789,CM-CF-CF,33,28,5,24.01,,
31791,M000101,31,21,10,5.42,,
31792,M000102,19,8,11,5.42,,
31793,TR-CM,41,23,18,11.99,,
31794,TR-CF,16,7,9,11.99,,
31795,IT-CM-CF,9,5,4,25.00,,
31797,CM-CG1-CF-00.5,2,0,2,24.01,,
31798,CM-CG1-CF-01.0,30,15,15,28.02,,
31799,CM-CG1-CF-03.0,22,18,4,36.02,,
31800,CM-CG1-CF-06.0,18,14,4,47.97,,
31801,CM-CG1-CF-10.0,0,0,0,55.97,,
31807,CF-SPWR05-CF,15,11,4,40.02,,
31810,FA-NF-ST,5,2,3,28.02,,
31811,FA-NM-ST,6,4,2,28.02,,
31812,BHF-NM-NF,0,0,0,52.03,,
31813,NM-NF-NF,4,2,2,31.98,,
31815,NM-CF-NF,15,0,15,31.71,,
31816,M65-0085,0,0,0,12.01,,
31817,M65-0086,0,0,0,12.01,,
31818,TR-NM,2,0,2,9.99,,
31819,TR-NF,3,1,2,9.99,,
31820,TRL-NM,3,0,3,27.98,,
31821,TRL-NF,2,0,2,27.98,,
31822,NM-NB1-NF-00.5,0,0,0,36.02,,
31823,NM-NG1-NF-01.0,0,0,0,39.98,,
31824,NM-NG1-NF-03.0,0,0,0,47.97,,
31825,NM-NG1-NF-06.0,0,0,0,60.04,,
31826,NM-NG1-NF-08.0,0,0,0,68.04,,
31827,NM-NG1-NF-10.0,0,0,0,76.05,,
31828,NF-NM4P-NF,2,0,2,219.86,,
31829,NM4P-01,0,0,0,36.02,,
31835,220003,3,3,0,25.17,,
31839,150110,4,0,4,41.99,,
31842,142610,12,8,4,43.41,,
31843,142410,5,4,1,52.49,,
31849,131510,7,4,3,71.73,,
31850,131110,3,2,1,143.65,,
31851,124110,3,0,3,105.16,,
31852,124310,12,7,5,68.07,,
31853,124510,6,4,2,48.05,,
31854,124710,8,1,7,37.72,,
31855,151525,1,0,1,189.99,,
31856,111502,8,5,3,23.99,,
31858,112502,3,3,0,30.99,,
31860,112002,5,3,2,30.99,,
31861,113002,6,4,2,42.99,,
31862,113502,9,1,8,41.99,,
31863,113902,5,0,5,42.99,,
31864,114002,4,1,3,69.57,,
31865,114502,5,5,0,69.57,,
31866,114902,4,2,2,69.57,,
31867,102010,10,9,1,14.28,,
31868,102810,10,4,6,14.28,,
31869,103010,13,6,7,14.28,,
31870,102410,5,3,2,14.28,,
31871,104010,5,5,0,20.54,,
31872,104810,11,7,4,20.54,,
31873,105010,13,8,5,20.54,,
31874,106010,10,7,3,27.60,,
31875,106810,5,4,1,27.60,,
31876,107010,4,2,2,28.30,,
31877,106310,5,3,2,27.60,,
31878,702033,3,2,1,18.79,,
31887,010-11082-00,0,0,0,26.24,,
31889,010-11084-00,0,0,0,14.99,,
31890,010-11076-03,69,29,40,22.49,,
31891,010-11076-00,71,38,33,26.24,,
31892,010-11076-01,39,10,29,29.99,,
31893,010-11076-02,50,42,8,33.75,,
31894,010-11078-00,69,13,56,22.49,,
31895,010-11080-00,43,16,27,14.99,,
31896,010-11081-00,35,15,20,14.99,,
31897,010-11094-00,29,14,15,41.24,,
31898,010-11095-00,21,18,3,44.99,,
31899,010-11096-00,5,1,4,18.75,,
31902,010-00671-00,2,0,2,157.49,,
31903,010-00701-00,0,0,0,157.49,,
31906,010-00701-01,6,4,2,157.49,,
31915,010-11089-00,13,6,7,26.24,,
31917,010-11091-00,0,0,0,25.20,,
31921,A66091,0,0,0,412.48,,479.99
31928,010-C0887-00,0,0,0,337.49,,
31937,6316,5,2,3,251.42,265.50,
31938,6316C,1,0,1,251.42,265.50,
31945,215,0,0,0,40.54,,
31997,M81202,0,0,0,3262.49,,
32001,P102939,0,0,0,334.23,,
32002,806-1020,4,4,0,520.46,,
32003,806-1840,17,9,8,686.71,,
32022,A66092,0,0,0,520.82,,579.99
32038,010-11023-00,3,0,3,5.50,,
32039,010-11031-00,0,0,0,16.49,,
32049,010-10729-00,0,0,0,6.00,,
32060,740093-1,2,2,0,31.04,,
32079,010-C0924-00,0,0,0,187.49,,
32149,1865106,350,165,185,24.17,,
32154,DA-2330,0,0,0,110.73,,
32164,SW45650,6,3,3,29.33,,
32165,SW45660,4,3,1,38.77,,
32166,SW77345,10,4,6,27.15,,
32167,SW77350,4,2,2,24.56,,
32168,SW77355,6,3,3,24.56,,
32169,SW77340,4,3,1,27.15,,
32170,SW21215,15,7,8,8.19,,
32171,SW21414,10,3,7,23.29,,
32172,SW21514,2,2,0,23.29,,
32173,SW31315,2,0,2,52.00,,
32174,SW19140,11,4,7,21.37,,
32175,SW61865,2,2,0,8.01,,
32178,SW81000,4,2,2,112.00,,
32195,HS1500HP,17,10,7,19.75,32.99,
32235,8110,6,4,2,145.84,,
32244,A55078D,0,0,0,224.99,,
32402,SW66650,10,5,5,8.56,,
32437,MA8505W,19,11,8,44.99,,
32449,PHV-200-BL,11,7,4,7.32,,
32469,11500900,12,5,7,40.50,,
32476,XP-98W,3,1,2,91.74,,
32485,11100101,0,0,0,18.74,,
32486,11200600,0,0,0,24.30,,
32487,11100201,4,2,2,18.74,,
32488,11100501,3,0,3,18.74,,
32489,11100601,0,0,0,18.74,,
32490,11100701,0,0,0,18.74,,
32491,11100801,0,0,0,18.74,,
32492,21221110,0,0,0,57.21,,
32494,21221310,0,0,0,57.21,,
32495,21100910,0,0,0,49.11,,
32496,21101010,0,0,0,49.11,,
32497,21110910,0,0,0,49.11,,
32498,21111010,0,0,0,52.39,,
32522,A55077D,0,0,0,195.82,,
32529,2250141,4,4,0,6.86,,
32533,2250002,3,3,0,30.54,,
32541,1015,5,0,5,15.96,,
32543,2016,19,11,8,16.41,,
32544,2017,33,5,28,16.41,,
32545,2018,41,11,30,16.41,,
32546,5175,0,0,0,12.87,,
32547,5176,20,7,13,11.85,,
32548,5177,28,1,27,12.87,,
32549,5178,13,10,3,12.87,,
32550,5180,34,9,25,12.87,,
32551,5181,30,19,11,12.87,,
32552,5182,12,0,12,12.87,,
32553,5183,27,4,23,12.87,,
32554,5184,18,5,13,12.87,,
32555,5185,40,7,33,12.87,,
32556,5186,30,14,16,12.87,,
32557,5187,47,16,31,12.87,,
32559,5189,30,10,20,12.87,,
32560,5190,48,8,40,12.87,,
32561,5191,239,58,181,21.77,,
32562,7620,5,2,3,217.01,,
32563,7621,0,0,0,217.01,,
32564,7700,38,16,22,179.27,,
32565,7701,4,2,2,166.01,,
32566,7702,9,5,4,179.27,,
32567,7703,0,0,0,166.01,,
32568,9159,16,7,9,12.22,,
32570,1810150,0,0,0,65.38,,
32571,150CCI,4,2,2,13.88,,
32605,PP4802,0,0,0,356.35,,
32644,010-11079-00,35,10,25,22.49,,
32645,010-C0880-00,0,0,0,262.49,,
32765,E22079,2,1,1,611.40,,
32772,010-11105-00,3,2,1,337.49,449.99,
32879,SW81400,0,0,0,47.85,,
32880,B60-12-BL,0,0,0,257.04,324.99,
32887,D003,0,0,0,34.08,,
32889,D005,0,0,0,34.08,,
32890,D006,0,0,0,34.08,,
32891,D007,0,0,0,34.08,,
32892,D009,0,0,0,55.39,,
32893,D010,0,0,0,55.39,,
32894,D011,0,0,0,55.39,,
32895,D159,0,0,0,55.39,,
32896,D160,0,0,0,55.39,,
32897,D026,0,0,0,85.22,,
32898,D027,0,0,0,85.22,,
32899,D028,0,0,0,85.22,,
32900,D029,0,0,0,85.22,,
32901,D030,0,0,0,85.22,,
32903,D008,0,0,0,34.08,,
32908,CBL-DVI-10M,0,0,0,196.36,,
32909,PSU012,0,0,0,782.89,,
32913,713,7,5,2,6.19,,9.98
32914,730,26,14,12,8.43,,12.98
32915,730FG,0,0,0,7.94,,12.98
32916,740,17,8,9,11.34,,19.48
32917,760,0,0,0,15.74,,25.98
32918,760FG,22,6,16,15.74,,25.98
32919,833,0,0,0,24.75,,39.98
32920,855,45,21,24,30.35,,49.98
32921,950,12,6,6,21.06,,32.98
32922,955,30,11,19,21.06,,32.98
32923,960,1,1,0,22.69,,35.98
32924,970,61,26,35,24.59,,39.98
32925,980,47,26,21,28.13,,44.98
32926,985,87,43,44,28.13,,44.98
32927,990,84,33,51,28.13,,44.98
32928,308,12,5,7,23.90,,38.98
32929,310,24,0,24,26.71,,44.98
32930,50,28,14,14,21.56,,34.98
32931,2110,14,13,1,19.74,,29.98
32932,1700,20,9,11,19.16,,29.98
32933,1701,18,12,6,5.78,,8.98
32934,1702,10,6,4,5.71,,8.98
32935,1703,10,5,5,5.71,,8.98
32936,1710,35,31,4,10.11,,16.95
32937,1710C,26,18,8,24.39,,39.98
32940,112,8,2,6,13.94,,22.98
32941,113,28,22,6,25.61,,42.98
32942,117,0,0,0,56.24,,94.98
32946,1412,10,7,3,18.89,,29.98
32947,1416,27,16,11,21.36,,34.98
32948,1424,5,4,1,34.64,,56.98
32949,260,21,21,0,18.86,,29.98
32950,265,14,8,6,10.11,,15.98
32951,130,0,0,0,9.58,,15.98
32952,1901,9,9,0,20.05,,32.98
32953,1804,11,11,0,42.14,,67.98
32954,1820,22,11,11,28.11,,44.98
32955,1822,0,0,0,17.18,,28.98
32956,1825,11,6,5,33.74,,55.98
32957,101,27,19,8,6.03,,9.98
32958,102CH,11,2,9,10.01,,16.98
32960,KITMB,8,6,2,72.34,,119.98
32961,KITMI,11,6,5,108.21,,174.98
32972,A25004-P,20,11,9,29.82,,
32974,VP1138,9,4,5,14.82,,
33049,A06041,13,3,10,59.65,,
33066,A06028,52,23,29,34.08,,
33067,A06030,3,0,3,29.82,,
33068,A06031,14,7,7,23.85,,
33069,A06032,19,7,12,19.59,,
33070,A06033,49,27,22,38.34,,
33071,A06034,23,11,12,42.60,,
33072,A06035,19,9,10,46.86,,
33073,A06036,22,8,14,59.65,,
33074,A06037,6,3,3,85.22,,
33075,A06038,5,2,3,38.34,,
33076,A06039,8,3,5,42.60,,
33077,0170BTWDP3,0,0,0,264.94,,
33078,A06040,13,8,5,46.86,,
33081,0170BM0DP3,0,0,0,351.70,,
33082,0170BP0DP3,4,2,2,171.73,,
33083,0170BSDDP3,4,2,2,171.73,,
33085,0170MP0DP3,1,0,1,233.85,,
33086,0170MSDDP3,0,0,0,233.85,,
33087,0170MSNDP3,0,0,0,337.13,,
33089,0170WP0DP3,0,0,0,176.63,,
33090,0170WSDDP3,2,0,2,157.00,,
33091,0170WSNDP3,0,0,0,264.94,,
33101,1045P0SDP,13,8,5,27.33,,
33103,1046P0SDP,16,7,9,30.32,,
33105,1047P0SDP,2,2,0,30.32,,
33106,1048P00DP,4,2,2,27.88,,
33107,1048P0SDP,8,5,3,27.33,,
33108,1060PB0DP,9,3,6,26.84,,
33110,1074DP2WHT,8,6,2,19.63,,
33111,1263DP1WHT,10,6,4,63.64,,
33112,1343DP4CHR,0,0,0,99.65,,
33114,1348DP6CHR,0,0,0,113.31,,
33115,1348DP8CHR,0,0,0,115.28,,
33116,8503DP,11,8,3,64.40,,
33117,8504DP,3,1,2,61.84,,
33118,8511DP,4,0,4,53.52,,
33119,8512DP,5,0,5,63.24,,
33120,8603DP,1,1,0,160.80,,
33121,9602DP,9,5,4,61.17,,
33122,9604DP,1,1,0,72.12,,
33123,9611DP,5,0,5,51.51,,
33124,9612DP,0,0,0,61.17,,
33125,9703DP,5,2,3,153.00,,
33166,A06042,2,0,2,38.34,,
33167,A06043,0,0,0,42.60,,
33168,A06044,0,0,0,46.86,,
33169,A06045,20,10,10,42.60,,
33170,A06046,13,7,6,42.60,,
33171,A06047,5,2,3,38.34,,
33172,A06048,0,0,0,38.34,,
33173,A06049,7,4,3,33.32,,
33174,A06061,12,6,6,34.08,,
33175,A06064,78,36,42,42.60,,
33180,HB-741,0,0,0,250.76,,
33182,PP4804,0,0,0,356.35,,
33187,SMDH,14,8,6,17.88,,
33188,SB-2,4,2,2,22.94,,
33189,KPH,4,1,3,16.00,,
33193,MSK-1,5,2,3,70.16,,
33196,RH-2,8,4,4,20.50,,
33197,RH-3,2,0,2,23.00,,
33219,53673,63,23,40,20.84,,
33225,E26028-PZ,0,0,0,169.60,,199.00
33261,825-WLW,0,0,0,295.32,,
33291,51060,5,2,3,44.55,,
33294,79018,2,0,2,24.99,,
33312,R28170,76,35,41,350.53,,
33330,22034,54,25,29,248.41,,
33331,22074,17,8,9,334.86,,
33343,ACM100-01,0,0,0,356.63,,
33344,DCM100-01,4,0,4,416.76,,
33345,FC01,0,0,0,36.02,,
33346,LEMHTA200-S,0,0,0,88.05,,
33347,M000630,10,6,4,68.04,,
33348,ELB-NM-NF,0,0,0,39.98,,
33349,MCF-2M-D12,0,0,0,48.03,,
33350,MCF-2M-D12CAT,8,4,4,108.07,,
33351,MCF-2M-D4,0,0,0,56.03,,
33352,NM-NG1-NF-02.0,0,0,0,44.03,,
33353,NM-NG1-NF-04.0,0,0,0,51.97,,
33354,NM-NG1-NF-05.0,0,0,0,55.97,,
33357,CM-CG1-CF-02.0,22,14,8,31.98,,
33358,CM-CG1-CF-04.0,10,6,4,40.02,,
33359,CM-CG1-CF-05.0,22,15,7,44.03,,
33360,CM-CG1-CF-08.0,10,0,10,52.03,,
33368,TR3K,8,6,2,32.02,,
33376,CVS-126,3,1,2,602.21,,
33378,A102137,0,0,0,1062.50,,1275.00
33473,17850-1012,16,11,5,184.27,,
33474,17820-0012,5,3,2,555.15,,
33475,MH-73A4B,27,18,9,42.35,,
33494,010-10850-20,0,0,0,19.80,,
33496,010-10851-11,0,0,0,16.49,,
33508,137500,2,2,0,201.13,,
33509,137501,7,4,3,167.60,,
33550,84-2031-00,3,0,3,255.98,,
33579,9368,0,0,0,41.66,,
33611,FI5001,1,1,0,467.42,,
33612,000-010-511,2,1,1,113.64,,
33615,000-010-618,0,0,0,152.73,,
33617,DST-800PWF,0,0,0,314.61,,
33618,DT-800PSF,0,0,0,292.13,,
33634,1363640,0,0,0,1351.16,,1599.99
33636,1363425,2,0,2,870.86,,
33637,1363445,1,0,1,1212.20,,
33680,1904000,2,2,0,28.78,,
33686,1904015,0,0,0,30.95,,
33690,1904025,14,14,0,46.44,,
33691,1904026,3,3,0,58.05,,
33692,1904027,2,2,0,69.66,,
33693,1904028,4,4,0,81.27,,
33694,1904029,10,10,0,104.49,,
33695,1904030,13,13,0,77.40,,
33696,1904031,9,9,0,85.14,,
33697,1904032,14,14,0,123.85,,
33698,1904033,3,3,0,131.59,,
33700,1907001,0,0,0,92.88,,
33701,1907002,300,175,125,123.85,,
33706,1903012,0,0,0,14.50,,
33707,1903013,6,6,0,14.50,,
33711,84-2030-00,4,0,4,218.48,,
33712,9479,1,1,0,125.00,,
33713,172001,4,2,2,961.11,,
33714,172011,5,3,2,1136.36,,
33715,171211,5,3,2,1047.75,,
33716,171201,4,2,2,919.08,,
33717,170611,5,4,1,1000.00,,
33719,1790010,5,3,2,43.59,,
33720,1790610,9,5,4,44.87,,
33721,1510012,1,1,0,404.99,,
33722,1203BW,5,2,3,19.51,,
33723,1211PL,8,4,4,18.29,,
33724,1212W,3,2,1,46.47,,
33725,1214A,4,1,3,8.01,,
33726,1222AW,3,2,1,9.62,,
33727,1222B,5,2,3,15.38,,
33728,1228CW,6,3,3,23.08,,
33732,160HI012,3,2,1,615.65,,
33741,160MI012,5,3,2,557.94,,
33748,21SRP1512,0,0,0,3430.23,,
33749,21SR1512,0,0,0,3343.02,,
33750,220HF012,2,2,0,972.56,,
33751,220HR012,0,0,0,1213.41,,
33752,31-102,0,0,0,16.03,,
33753,31-3001,3,1,2,118.75,,
33756,32-601RFK,0,0,0,355.77,,
33757,AVHWR01202,0,0,0,1116.07,,
33758,AVHAR01202,0,0,0,1155.49,,
33762,AVHAR01203,0,0,0,1306.55,,
33763,AVHWF01203,0,0,0,1085.37,,
33764,AVHWR01203,3,1,2,1326.22,,
33765,AVHWR01201,0,0,0,1192.07,,
33766,AVHWF01201,0,0,0,951.22,,
33767,AVLAR01202,0,0,0,1228.66,,
33768,AVLWR01201,0,0,0,1265.24,,
33769,ATDISRK,0,0,0,54.49,,
33770,C253,34,16,18,16.03,,
33771,C254,23,12,11,16.03,,
33785,CDRK,3,1,2,121.79,,
33790,CDS12,0,0,0,46.79,,
33791,CH102MW,5,3,2,173.72,,
33793,CH18W,8,4,4,34.62,,
33794,CHRK,0,0,0,105.77,,
33799,CSRK,3,1,2,106.25,,
33870,DIAPUMPRK,5,4,1,43.59,,
33873,EST12,4,1,3,2491.18,,
33874,ESTDC,0,0,0,105.00,,
33876,G13W,5,4,1,28.13,,
33877,WH1A-S,9,4,5,28.13,,
33884,PHIIPUMP,19,9,10,248.72,,
33885,WH3,7,4,3,37.18,,
33896,RWS,5,1,4,131.25,,
33898,SEADISRK,7,4,3,33.33,,
33903,WH16,6,2,4,63.46,,
34011,HS-2774-1-R,0,0,0,523.92,,
34029,15096-001,1,1,0,44.83,,
34046,407020-1,1,1,0,327.99,,
34047,407030-1,2,2,0,356.36,,
34048,407040-1,4,4,0,419.17,,
34050,740105-1,2,2,0,22.14,,
34051,780015-1,5,5,0,37.94,,
34150,1854023,0,0,0,83.53,,
34156,FBA-38,24,14,10,18.75,,
34158,RIM100-01,1,0,1,276.17,,
34159,SIM100-01,0,0,0,276.17,,
34166,Z195,5,2,3,270.82,,
34176,MHS75,39,23,16,94.02,,
34184,FCV295,2,1,1,3073.95,,
34191,PSU013,0,0,0,959.09,,
34279,1050DPR,6,6,0,163.80,,
34280,1050MP,2,2,0,207.66,,
34281,1060DPR,1,1,0,195.27,,
34282,1071DP,1,1,0,82.41,,
34283,1073DP,0,0,0,68.89,,
34285,1085,2,2,0,259.02,,
34287,1091,2,2,0,351.08,,
34290,1101,0,0,0,536.97,,
34291,1106,1,1,0,592.06,,
34293,1116,2,2,0,648.66,,
34297,370,6,6,0,9.03,,
34299,1000K,13,13,0,22.85,,
34300,1001K,6,6,0,31.24,,
34301,1002K,12,12,0,37.33,,
34303,1010,10,10,0,15.91,,
34305,1021,0,0,0,53.81,,
34306,1023,10,10,0,15.50,,
34307,1025,0,0,0,38.63,,
34308,1026,0,0,0,73.18,,
34309,1028,2,2,0,65.45,,
34310,1029,0,0,0,71.75,,
34311,1036,0,0,0,12.53,,
34313,1170,28,28,0,8.76,,
34314,1171,13,13,0,9.04,,
34315,1172,21,21,0,9.10,,
34316,1173,0,0,0,9.15,,
34317,1179,0,0,0,9.64,,
34318,1190,15,15,0,10.93,,
34319,1180,1,1,0,6.58,,
34320,1181,0,0,0,5.76,,
34321,2125,8,8,0,54.89,,
34322,2126,23,23,0,33.50,,
34323,2127,4,4,0,25.66,,
34329,3015,0,0,0,21.79,,
34333,230-BK,12,12,0,19.09,,
34334,230-WH,1,1,0,19.09,,
34335,231-BK,12,12,0,20.30,,
34337,240,3,3,0,39.76,,
34339,241-BK,18,18,0,5.86,,
34340,241L-BK,9,9,0,8.20,,
34341,241-GR,5,5,0,5.86,,
34343,241-WH,17,17,0,5.86,,
34344,243-BK,10,10,0,8.31,,
34345,244-BK,12,12,0,7.08,,
34346,244L-BK,0,0,0,9.45,,
34348,245,17,17,0,12.88,,
34354,256,0,0,0,86.48,,
34355,257,0,0,0,36.51,,
34360,264,0,0,0,22.98,,
34361,265,0,0,0,21.68,,
34362,280-BK,12,12,0,17.18,,
34363,280-WH,12,12,0,17.18,,
34364,281-BK,0,0,0,18.34,,
34365,287,18,18,0,13.53,,
34369,344-BK,13,13,0,8.85,,
34370,350,9,9,0,17.79,,
34371,351,0,0,0,19.03,,
34372,355,3,3,0,21.68,,
34373,358,15,15,0,20.63,,
34375,362,1,1,0,23.66,,
34378,400-BK,15,15,0,35.58,,
34379,CM-CF-4,23,15,8,76.05,,
34380,401-BK,0,0,0,35.58,,
34382,444-BK,11,11,0,9.05,,
34385,459,12,12,0,13.68,,
34418,854-2021-01,6,3,3,101.22,,
34424,1608DP0BLK,0,0,0,61.55,,
34425,1608DP1BLK,0,0,0,60.52,,
34426,1609DP0CHR,3,2,1,70.81,,
34427,1636DP0CHR,0,0,0,72.25,,
34428,1639DP0CHR,2,2,0,72.25,,
34429,1642DP0CHR,1,0,1,80.94,,
34430,0300DP0CHR,6,1,5,37.36,,
34431,0300DP1CHR,5,1,4,40.96,,
34432,0300DP2CHR,19,9,10,47.96,,
34433,0870DP0CHR,3,0,3,32.19,,
34434,1312DP0CHR,5,4,1,26.47,,
34436,0420006CHR,0,0,0,496.43,,
34439,0499DP0CHR,6,1,5,83.59,,
34440,0504DP0CHR,4,2,2,67.79,,
34443,1356DP0CHR,0,0,0,99.75,,
34444,1356DP0WHT,0,0,0,96.84,,
34449,0599DPDCHR,5,5,0,54.57,,
34450,0599DPGCHR,7,5,2,57.29,,
34452,1399DP0CHR,0,0,0,44.03,,
34457,0525DP0BLK,7,6,1,30.96,,
34458,1324DP0BLK,8,4,4,27.20,,
34459,1324DP1BLK,21,11,10,29.92,,
34460,1188DP4CHR,1,1,0,26.49,,
34461,1188DP6CHR,5,3,2,18.08,,
34462,1188DP8CHR,8,4,4,37.52,,
34463,1252DP0CHR,12,8,4,36.27,,
34468,1230DP0CHR,12,12,0,21.93,,
34470,0757DP0CHR,8,4,4,27.52,,
34478,1347DP4CHR,1,0,1,88.36,,
34479,1347DP6CHR,0,0,0,94.47,,
34480,1349DP6CHR,0,0,0,121.38,,
34481,1349DP8CHR,0,0,0,135.91,,
34488,1049P00DPB,9,6,3,27.45,,
34492,1611DP2CHR,4,0,4,41.82,,
34515,47DR,2,0,2,38.44,,
34516,A26043,0,0,0,399.99,,479.99
34521,18220-1127,0,0,0,295.10,,
34522,34744-0000,0,0,0,188.23,,
34523,35115-0020,24,17,7,79.90,,
34524,35515-0010,26,18,8,102.17,,
34525,34739-0020,6,1,5,175.52,,
34526,35400-0010,14,4,10,212.44,,
34527,36740-0010,15,0,15,170.53,,
34528,35770-0094,15,7,8,243.96,,
34529,02840100A,13,7,6,458.84,,
34531,50840-0012,26,5,21,374.75,,
34532,31911-0000,78,18,60,113.25,,
34533,37010-0092,3,1,2,425.99,,
34535,IL500PK,3,2,1,118.22,,
34536,50070-0040,5,1,4,121.26,,
34537,50070-0200,7,4,3,133.80,,
34538,6050-0003,16,10,6,754.21,,
34539,11860-0005,5,3,2,760.73,,
34540,11810-0003,4,2,2,734.70,,
34541,18370-0000,0,0,0,1177.86,,
34542,37072-0092,20,3,17,202.81,,
34545,12210-0001,0,0,0,415.96,,
34550,209B,12,2,10,161.89,,
34551,10-6UL,25,9,16,136.96,,
34554,18590-2094,20,12,8,188.41,,
34555,03,18,6,12,101.22,,
34556,55S,9,4,5,347.33,,
34557,16A,39,17,22,216.85,,
34558,56D,15,5,10,220.00,,
34564,40FA,54,18,36,47.23,,
34571,45,20,6,14,24.95,,
34572,18680-0920,4,4,0,367.80,,
34574,18670-0123,6,4,2,292.85,,
34575,18670-0943,23,12,11,322.14,,
34576,010-11156-00,0,0,0,29.99,,
34601,220AHF012,0,0,0,984.76,,
34602,220AHR012,0,0,0,1225.61,,
34603,220HF01201,0,0,0,902.44,,
34604,220AHF01201,0,0,0,914.63,,
34605,220HR01201,0,0,0,1143.29,,
34606,220AHR01201,3,0,3,1155.49,,
34607,220HF01202,2,1,1,826.22,,
34608,220AHF01202,0,0,0,838.41,,
34609,220HR01202,0,0,0,1067.07,,
34610,220AHR01202,0,0,0,1079.27,,
34612,760FS,29,15,14,53.43,,94.98
34613,833FS,26,12,14,61.86,,99.98
34614,855FS,5,1,4,73.11,,119.98
34762,LMM-1,1,1,0,978.75,,
34764,LMM-2,0,0,0,978.75,,
34767,LM-GPS,3,1,2,95.06,,
34768,9502,9,6,3,82.93,,
34769,SC18,0,0,0,300.94,,
34770,SC12,3,2,1,306.56,,
34772,SC20,4,1,3,340.31,,
34773,SC21,0,0,0,379.69,,
34774,M92722,1,1,0,371.25,,
34775,M92698,0,0,0,416.25,,
34776,50100,3,2,1,165.94,,
34781,SC35,0,0,0,281.25,,
34782,SC45,0,0,0,312.19,,
34783,SC45R,0,0,0,326.25,,
34792,SPH-4I-W,0,0,0,317.81,,
34848,AIR-339-101,0,0,0,113.64,,
34849,AIR-339-102,0,0,0,145.45,,
34899,5502,20,20,0,39.56,,
34905,PP4805,0,0,0,356.35,,
34915,"XP15 0101",6,6,0,139.99,,
34947,A55076D,0,0,0,137.49,,
34948,A55079D,0,0,0,341.66,,
34949,A55080D,0,0,0,149.99,,
34950,A55081D,0,0,0,195.82,,
34959,WS20HD0600,1,1,0,15.99,,
34960,"WC325 0100",18,0,18,19.99,,
34961,"WC750 0100",2,2,0,37.99,,
34962,2019,7,1,6,17.85,,
34963,5503,39,11,28,39.56,,
34964,"OML 0127",1,0,1,42.99,,
34965,4378,3,0,3,144.53,,
34967,7622,2,2,0,231.10,,
34968,7623,7,4,3,190.13,,
34969,11001,16,8,8,38.93,,
34970,11003,11,5,6,79.03,,
34971,2145,14,1,13,21.90,,
34972,2146,10,2,8,20.33,,
34973,1811,1,0,1,110.94,,
34974,1810,2,1,1,88.75,,
34978,2151,24,15,9,31.97,,
34979,1011,60,48,12,8.61,,
34980,1010,11,4,7,9.09,,
34983,2138,3,3,0,41.84,,
34984,2139,12,8,4,41.84,,
34986,2140,9,6,3,41.84,,
34987,2141,6,3,3,41.84,,
34988,2142,14,6,8,41.84,,
34989,2143,6,4,2,41.84,,
35097,81167,4,1,3,507.50,,
35098,SP-80-1,1,1,0,2519.30,,
35109,FW20000101,4,4,0,169.99,,
35151,1027,1,1,0,45.34,,
35157,1363641,3,1,2,1393.39,,1649.99
35162,1363420,4,0,4,801.98,,
35164,1363421,3,0,3,841.67,,
35168,1363447,0,0,0,1212.20,,
35169,1363446,0,0,0,1255.49,,
35177,1129,0,0,0,14.95,,
35192,T16012,0,0,0,89.48,,
35194,010-10781-00,0,0,0,22.49,,
35195,TLM100-01,29,7,22,196.12,,
35196,TMP100-01,0,0,0,276.17,,
35197,TA-5H-1.5NPT,4,0,4,52.03,,
35198,TA-5H-1.25BSP,2,1,1,32.02,,
35199,TFT-5H,0,0,0,48.03,,
35200,TFT-1.5NPT,2,2,0,44.03,,
35201,TFT-1.25BSP,2,0,2,72.04,,
35205,TP-AAP-1,5,2,3,23.99,,
35206,TP-EGT-1,6,4,2,136.08,,
35207,TP-IP-1,0,0,0,108.07,,
35252,1177,10,10,0,6.53,,
35253,1182,2,2,0,10.35,,
35254,E26027-PZ,0,0,0,165.83,,199.00
35265,B164-12-BL,0,0,0,1014.58,1275.00,
35281,5250,7,5,2,65.70,,
35313,000-156-405,0,0,0,109.09,,
35379,1182-BUCKET,4,4,0,253.46,,
35421,27740,16,10,6,92.45,164.99,
35422,TPK300,17,10,7,19.99,,
35423,GP1030,0,0,0,349.08,,
35424,GP1031,0,0,0,363.62,,
35426,GP2030,0,0,0,349.08,,
35427,GP2031,0,0,0,363.62,,
35428,GP2033,0,0,0,363.62,,
35429,PP5030,0,0,0,385.44,,
35430,PP5031,0,0,0,399.99,,
35431,PP5033,0,0,0,399.99,,
35432,GP1052,0,0,0,327.26,,
35433,GP2052,0,0,0,327.26,,
35434,PP5052,0,0,0,370.90,,
35435,GP1173,0,0,0,385.44,,
35465,1153,12,12,0,6.03,,
35468,311-BK,5,5,0,12.78,,
35470,590-BK,8,8,0,7.65,,
35471,253,6,6,0,25.19,,
35472,254,0,0,0,24.01,,
35473,259,8,8,0,11.39,,
35476,254M,1,1,0,14.75,,
35492,104,1,1,0,13.19,,
35494,222,6,6,0,37.18,,
35498,247,0,0,0,69.94,,
35499,248,18,0,18,12.54,,
35501,266,2,2,0,17.46,,
35502,267,0,0,0,33.93,,
35504,269,0,0,0,15.96,,
35507,276,0,0,0,26.43,,
35508,277,1,1,0,28.18,,
35509,750,1,1,0,35.45,,
35510,797,12,12,0,28.06,,
35520,1041,5,2,3,10.00,,
35524,1047,10,10,0,6.81,,
35526,1049,8,8,0,9.58,,
35527,1176,7,7,0,10.05,,
35528,1178,12,12,0,9.45,,
35529,1183,0,0,0,7.93,,
35531,3025,10,10,0,16.80,,
35557,010-C0722-20,0,0,0,112.49,,
35559,010-C0728-20,0,0,0,112.49,,
35561,010-C0730-20,0,0,0,112.49,,
35563,010-C0731-20,16,4,12,112.49,,
35565,010-C0732-20,1,0,1,112.49,,
35566,010-C0735-00,0,0,0,262.49,,
35576,010-C0747-20,0,0,0,97.49,,
35578,010-C0748-20,0,0,0,97.49,,
35580,010-C0749-20,0,0,0,97.49,,
35588,010-C0755-20,0,0,0,97.49,,
35594,010-C0760-20,0,0,0,97.49,,
35596,010-C0761-20,0,0,0,97.49,,
35598,010-C0762-20,0,0,0,97.49,,
35600,010-C0763-20,0,0,0,97.49,,
35602,010-C0764-20,0,0,0,97.49,,
35604,010-C0765-20,0,0,0,97.49,,
35606,010-C0766-20,0,0,0,97.49,,
35608,010-C0767-20,0,0,0,97.49,,
35610,010-C0768-20,0,0,0,97.49,,
35614,010-C0770-20,0,0,0,97.49,,
35616,010-C0771-20,0,0,0,97.49,,
35618,010-C0772-20,0,0,0,97.49,,
35620,010-C0773-20,0,0,0,97.49,,
35622,010-C0774-20,0,0,0,97.49,,
35624,010-C0775-20,0,0,0,97.49,,
35626,010-C0776-20,0,0,0,97.49,,
35628,010-C0777-20,0,0,0,97.49,,
35630,010-C0778-20,0,0,0,97.49,,
35632,010-C0779-20,0,0,0,97.49,,
35634,010-C0780-20,0,0,0,97.49,,
35636,010-C0782-20,0,0,0,97.49,,
35638,010-C0783-20,0,0,0,97.49,,
35644,010-C0786-20,0,0,0,97.49,,
35646,010-C0787-20,0,0,0,97.49,,
35648,010-C0788-20,0,0,0,97.49,,
35650,010-C0789-20,0,0,0,97.49,,
35652,010-C0790-20,0,0,0,97.49,,
35654,010-C0791-20,0,0,0,97.49,,
35730,010-C0849-20,0,0,0,97.49,,
35758,010-C0868-20,0,0,0,63.75,,
35760,010-C0869-20,0,0,0,63.75,,
35762,010-C0870-20,0,0,0,63.75,,
35764,010-C0871-20,0,0,0,63.75,,
35766,010-C0872-20,0,0,0,63.75,,
35768,010-C0873-20,0,0,0,63.75,,
35770,010-C0874-20,0,0,0,63.75,,
35772,010-C0875-20,0,0,0,63.75,,
35776,010-C0877-20,0,0,0,119.99,,
35778,010-C0878-20,0,0,0,119.99,,
35780,010-C0879-20,0,0,0,119.99,,
35782,010-C0880-20,0,0,0,119.99,,
35784,010-C0881-20,0,0,0,119.99,,
35798,010-C0924-20,0,0,0,97.49,,
35799,010-C1001-00,0,0,0,187.49,,
35801,010-C1001-20,0,0,0,97.49,,
35805,010-C1003-00,1,0,1,262.49,,
35806,010-C1004-00,2,1,1,262.49,,
35811,010-C1018-20,19,7,12,164.99,,
35812,010-C1019-20,0,0,0,164.99,,
35818,010-C1024-00,0,0,0,262.49,,
35820,010-C1024-20,0,0,0,112.49,,
35833,010-10580-00,23,10,13,44.99,,
35834,FA-CF-90,22,14,8,24.01,,
35835,FA-CM-90,12,8,4,24.01,,
35881,220HS012,1,0,1,1279.99,,
35882,220AHS012,0,0,0,1381.10,,
35894,F08893,0,0,0,69.53,,
35895,F14256,27,15,12,104.19,,
35896,F14220,3,0,3,46.45,,
35897,F14393,20,9,11,68.42,,
35898,F14221,0,0,0,86.27,,
35899,F14254,20,16,4,12.67,,
35903,F13109,7,7,0,17.87,,
35904,F13110,8,0,8,20.23,,
35906,F13111,12,1,11,18.73,,
35908,F13112,6,6,0,21.04,,
35910,F14207,15,9,6,26.85,,
35911,F14208,12,5,7,27.08,,
35912,F13114,0,0,0,15.92,,
35913,F13116,0,0,0,17.19,,
35914,F10972BK,10,4,6,8.99,,
35915,F14264,8,8,0,20.53,,
35916,F15437,3,0,3,22.05,,
35919,F13274,29,15,14,5.45,,
35920,F13180,16,6,10,5.45,,
35925,T71FC,17,10,7,76.67,,
35927,X34,20,16,4,21.89,,
35928,M66X08,3,1,2,107.57,,
35929,M66X09,6,3,3,107.57,,
35930,M66X10,8,3,5,107.57,,
35931,M66X11,5,3,2,107.57,,
35932,M66X12,6,3,3,107.57,,
35933,M66X13,6,2,4,107.57,,
35934,M66X14,3,1,2,107.57,,
35935,M66X15,5,2,3,107.57,,
35936,M66X16,3,2,1,107.57,,
35937,M66X17,4,2,2,107.57,,
35938,M66X18,2,0,2,107.57,,
35939,M66X19,3,1,2,107.57,,
35940,A62245,0,0,0,80.95,,
35941,M66X20,5,3,2,107.57,,
35943,ROTECH08FC,2,1,1,162.45,,
35944,ROTECH09FC,4,2,2,162.45,,
35945,ROTECH10FC,5,3,2,162.45,,
35946,ROTECH11FC,4,2,2,162.45,,
35947,ROTECH12FC,4,2,2,162.45,,
35948,ROTECH13FC,4,2,2,162.45,,
35949,ROTECH14FC,4,2,2,162.45,,
35950,ROTECH15FC,3,2,1,162.45,,
35951,ROTECH16FC,4,1,3,162.45,,
35952,ROTECH17FC,5,2,3,162.45,,
35953,ROTECH18FC,5,2,3,162.45,,
35954,ROTECH19FC,5,2,3,162.45,,
35955,ROTECH20FC,4,2,2,162.45,,
35986,793,6,6,0,20.35,,
35988,5250-AIS,13,6,7,65.70,,
36015,2215397,5,4,1,43.12,,
36040,APT6002,1,1,0,360.00,,
36043,LMB-F1,0,0,0,1546.88,,
36044,LMB-F2,0,0,0,1546.88,,
36045,LMB-A1,0,0,0,1546.88,,
36046,LMB-A2,0,0,0,1546.88,,
36048,LMP-1,0,0,0,2025.00,,
36049,LMP-2,0,0,0,2075.63,,
36063,B164-0-10F,0,0,0,1016.66,1275.00,
36065,806-1850,0,0,0,1571.49,,
36066,F18800,95,75,20,62.92,,
36090,UP28FM,6,4,2,566.28,,
36092,"OIL 15",27,8,19,18.80,,
36095,KITOB-10',3,1,2,124.82,,
36096,KITOB-12',4,2,2,124.82,,
36097,KITOB-14',2,2,0,124.82,,
36098,KITOB-16',6,2,4,124.82,,
36099,KITOB-18',2,0,2,124.82,,
36100,KITOB-20',4,2,2,128.25,,
36101,KITOB-22',1,0,1,173.71,,
36102,KITOB-24',0,0,0,188.52,,
36103,KITOB-26',4,2,2,203.33,,
36104,KITOB-28',1,0,1,218.17,,
36105,KITOB-30',4,2,2,247.84,,
36139,PP4800,0,0,0,341.81,,
36146,72-0409,0,0,0,122.78,,
36176,SC101,0,0,0,1141.88,,
36177,SC103,0,0,0,1141.88,,
36180,6009C,0,0,0,16.32,,
36181,6010C,0,0,0,40.01,,
36182,6011C,0,0,0,53.11,,
36183,6012,0,0,0,83.36,,
36184,6110,3,1,2,67.94,,
36185,6111,2,0,2,91.75,,
36186,6112,10,6,4,163.59,,
36187,S-1520P,19,13,6,5.45,,
36188,S-1521,15,10,5,11.60,,
36189,S-1522P,25,13,12,17.31,,
36190,S-1523,0,0,0,23.83,,
36191,6804,0,0,0,87.23,,
36192,6804BP,0,0,0,8.47,,
36193,6809,6,2,4,105.51,,
36194,6809BP,0,0,0,8.06,,
36195,6810,0,0,0,205.05,,
36196,6810BP,0,0,0,8.30,,
36197,6904D,0,0,0,4.92,,
36198,6909D,0,0,0,5.14,,
36199,6910D,0,0,0,5.12,,
36200,6704,0,0,0,57.76,,
36201,6709,0,0,0,82.30,,
36202,6710,4,2,2,122.38,,
36207,S-0114C,0,0,0,54.88,,
36208,S-0112C,1,1,0,25.13,,
36209,6008HC,3,2,1,92.94,,
36210,6113C,0,0,0,32.30,,
36211,6073C,0,0,0,101.98,,
36212,6013C,0,0,0,56.83,,
36213,6030C,0,0,0,72.70,,
36215,6082C,0,0,0,54.71,,
36216,6083C,0,0,0,56.48,,
36217,AR-6480,0,0,0,45.84,,
36218,AR-6481,0,0,0,84.59,,
36219,AR-6482,0,0,0,40.65,,
36220,AR-6483,0,0,0,60.96,,
36221,AR-6484,0,0,0,59.23,,
36222,AR-6485,0,0,0,180.96,,
36223,AR-6486,0,0,0,385.68,,
36224,AR-6487,0,0,0,144.31,,
36225,AR-6488,0,0,0,219.88,,
36226,AR-6489,0,0,0,253.01,,
36227,AR-6490C,0,0,0,43.84,,
36228,AR-6495C,0,0,0,74.85,,
36238,S-5020P,3,1,2,16.12,,
36239,S-5021P,0,0,0,17.44,,
36240,S-5022P,2,2,0,18.00,,
36241,S-5023P,2,2,0,31.52,,
36242,S-5024P,5,2,3,33.81,,
36243,S-5025C,0,0,0,13.47,,
36244,S-5028P,0,0,0,16.71,,
36245,S-5029P,0,0,0,27.53,,
36246,6260C,5,3,2,37.33,,
36247,6261C,0,0,0,49.21,,
36248,6262C,0,0,0,62.44,,
36249,6959,5,2,3,160.96,,
36250,6960CBLUE,0,0,0,85.74,,
36251,S-1462C,0,0,0,19.83,,
36252,6993CBLUE,3,0,3,82.36,,
36253,6994CBLUE,0,0,0,82.36,,
36254,6995CBLUE,2,2,0,74.76,,
36255,6996CBLUE,0,0,0,63.98,,
36257,6894CBLUE,0,0,0,74.54,,
36258,6895CBLUE,0,0,0,97.16,,
36259,6004C,4,2,2,23.44,,
36260,6023C,2,2,0,29.03,,
36261,S-7031C,0,0,0,7.92,,
36262,S-7032C,0,0,0,12.80,,
36263,S-7033C,0,0,0,16.66,,
36264,6001,0,0,0,73.24,,
36265,6002,2,2,0,25.47,,
36266,6123C,6,2,4,50.64,,
36267,6124C,3,0,3,46.83,,
36268,6125C,6,2,4,57.25,,
36269,6126C,0,0,0,50.16,,
36270,6129C,2,2,0,51.98,,
36271,6394C,5,3,2,65.54,,
36272,6395C,7,3,4,65.54,,
36273,6060C,5,3,2,10.83,,
36274,6061C,6,3,3,23.63,,
36275,S-7041P,0,0,0,9.16,,
36294,806-1206,4,3,1,225.53,,
36295,806-1210,13,5,8,335.41,,
36296,806-1220,21,14,7,504.55,,
36297,S-9001B,0,0,0,139.29,,
36298,S-9002B,0,0,0,147.63,,
36299,S-9003B,0,0,0,161.99,,
36300,S-9004B,0,0,0,117.39,,
36302,S-9005C,0,0,0,48.88,,
36305,010-11022-10,5,3,2,7.99,,
36310,010-11345-00,0,0,0,8.24,,
36313,302,0,0,0,258.43,,
36371,H-AWHT,6,3,3,12.54,,
36372,H-ABLK,10,6,4,12.54,,
36382,CVS-128,1,0,1,1231.30,,
36402,32-5000,11,4,7,975.61,,
36406,E15017,0,0,0,46.86,,
36418,S-7004CBLUE,0,0,0,93.41,,
36419,6174CBLUE,0,0,0,66.63,,
36420,S-0096,0,0,0,24.61,,
36421,S-1957CBLUE,0,0,0,61.35,,
36422,S-7009,0,0,0,291.96,,
36423,S-7007CBLUE,0,0,0,154.89,,
36425,S-1958CBLUE,0,0,0,78.44,,
36427,S-6241,12,6,6,67.96,,
36428,S-6242,11,6,5,215.98,,
36429,S-3541C,0,0,0,10.00,,
36430,P-2456C,10,4,6,65.78,,
36431,P-2452C,1,0,1,24.48,,
36432,P-2453C,0,0,0,36.36,,
36433,P-2454C,2,2,0,22.66,,
36434,P-2455C,0,0,0,32.46,,
36517,S-1388C,20,14,6,2.70,,
36519,S-1390C,65,17,48,3.77,,
36520,3421BP,0,0,0,6.63,,
36521,3439BP,0,0,0,14.73,,
36522,86000C,0,0,0,55.99,,
36523,P100084,1,1,0,20.00,,
36524,P100085,3,3,0,21.43,,
36525,X-10B-M,7,6,1,38.46,,
36526,X-10W-M,1,0,1,38.46,,
36527,X-11Y-TD,0,0,0,65.47,,
36536,V-527,4,2,2,82.12,,
36537,V-537B,5,3,2,82.12,,
36538,V-537,6,3,3,82.12,,
36539,V-537W,2,1,1,82.12,,
36540,S-53W,4,2,2,75.06,,
36541,XP-99,2,2,0,76.33,,
36542,XP-99W,6,5,1,76.33,,
36543,SS-PR2,3,1,2,236.19,,
36544,S-87,3,2,1,154.91,,
36545,S-87W,0,0,0,154.91,,
36546,B-200P,0,0,0,880.82,,
36547,FB-500,0,0,0,787.25,,
36620,T10-526,0,0,0,72.99,,
36625,3100,6,4,2,127.50,,159.98
36626,3101,10,4,6,148.75,,198.98
36627,3151,20,14,6,16.84,,27.52
36628,3152,18,14,4,17.43,,28.98
36637,A10-240,6,6,0,62.56,,
36640,A10-902,0,0,0,54.88,,
36671,T909,1,1,0,209.99,,
36673,"#10 INFLATION ADAPTER",107,56,51,1.70,,
36674,"#30 PUMP",6,6,0,33.35,,
36675,"#31 MINI PUMP",17,6,11,9.12,,
36677,"#75 BOAT STRAP",38,25,13,11.37,,
36678,"A-0 RED",30,20,10,29.23,,
36679,"A-1 RED",24,15,9,35.79,,
36680,"A-2 RED",14,10,4,49.53,,
36681,"A-3 RED",24,15,9,66.31,,
36682,"A-4 RED",17,14,3,93.41,,
36683,"A-5 RED",11,9,2,188.04,,
36685,"EFC-1 BLACK",21,10,11,23.00,,
36686,"EFC-2 BLACK",16,10,6,37.07,,
36687,"EFC-3 BLACK",4,4,0,40.87,,
36688,"EFC-4 BLACK",17,9,8,38.00,,
36745,0227DP0CHR,14,4,10,33.59,,
36754,1400DP4CHR,0,0,0,33.80,,
36757,1400DP7CHR,0,0,0,56.02,,
36761,0939DP1STS,8,4,4,85.80,,
36767,"FENDER FITS-F-1/G-4 BLACK",3,2,1,18.00,,
36768,"FENDER FITS-F-1/G-4 GREEN",0,0,0,21.81,,
36769,"FENDER FITS-F-1/G-4 NAVY BLUE",0,0,0,21.81,,
36770,"FENDER FITS-F-3/G-5 BLACK",10,4,6,27.09,,
36771,"FENDER FITS-F-3/G-5 GREEN",0,0,0,27.09,,
36772,"FENDER FITS-F-3/G-5 NAVY BLUE",0,0,0,27.09,,
36774,"FENDER FITS-HTM-2 GREEN",8,4,4,17.49,,
36775,"FENDER FITS-HTM-2 NAVY BLUE",10,5,5,20.72,,
36776,"FENDER FITS-HTM-3 BLACK",4,4,0,44.89,,
36777,"FENDER FITS-HTM-3 GREEN",0,0,0,44.89,,
36778,"FENDER FITS-HTM-3 NAVY BLUE",8,2,6,44.89,,
36779,"FENDER FITS-HTM-4 BLACK",4,2,2,46.00,,
36780,"FENDER FITS-HTM-4 GREEN",2,2,0,38.00,,
36781,"FENDER FITS-HTM-4 NAVY BLUE",5,5,0,52.95,,
36782,"G-1 BLACK",0,0,0,12.53,,
36783,"G-1 BLUE",21,9,12,11.93,,
36784,"G-1 WHITE",22,10,12,11.93,,
36785,"G-2 BLACK",12,12,0,13.95,,
36786,"G-2 BLUE",12,12,0,10.79,,
36787,"G-2 WHITE",25,12,13,11.45,,
36791,"G-3 BLACK W/AIR ADAPTER",5,3,2,17.25,,
36792,"G-3 BLUE W/AIR ADAPTER",8,5,3,17.25,,
36793,"G-3 WHITE W/AIR ADAPTER",7,3,4,17.25,,
36797,"G-4 BLACK W/AIR ADAPTER",10,4,6,25.92,,
36798,"G-4 BLUE W/AIR ADAPTER",12,6,6,21.50,,
36799,"G-4 WHITE W/AIR ADAPTER",14,7,7,25.92,,
36803,"G-5 BLACK W/AIR ADAPTER",11,3,8,49.56,,
36804,"G-5 BLUE W/AIR ADAPTER",6,6,0,43.00,,
36805,"G-5 WHITE W/AIR ADAPTER",7,4,3,49.56,,
36809,"G-6 BLACK W/AIR ADAPTER",8,4,4,64.84,,
36810,"G-6 BLUE W/AIR ADAPTER",5,2,3,57.00,,
36811,"G-6 WHITE W/AIR ADAPTER",6,4,2,65.29,,
36815,"HTM-1 BLACK W/AIR ADAPTER",3,3,0,30.00,,
36816,"HTM-1 BLUE W/AIR ADAPTER",4,2,2,35.13,,
36817,"HTM-1 WHITE W/AIR ADAPTER",0,0,0,35.13,,
36821,"HTM-2 BLACK W/AIR ADAPTER",9,2,7,46.03,,
36822,"HTM-2 BLUE W/AIR ADAPTER",7,4,3,39.00,,
36823,"HTM-2 WHITE W/AIR ADAPTER",3,3,0,36.00,,
36827,"HTM-3 BLACK W/AIR ADAPTER",6,2,4,81.35,,
36828,"HTM-3 BLUE W/AIR ADAPTER",3,2,1,81.35,,
36829,"HTM-3 WHITE W/AIR ADAPTER",6,5,1,81.35,,
36833,"HTM-4 BLACK W/AIR ADAPTER",12,7,5,119.83,,
36834,"HTM-4 BLUE W/AIR ADAPTER",5,2,3,119.83,,
36835,"HTM-4 WHITE W/AIR ADAPTER",0,0,0,119.83,,
36836,"WS-1 RED",22,10,12,9.06,,
36837,"WS-1 YELLOW",34,29,5,9.06,,
36838,"WS-1 GREEN",74,14,60,9.06,,
36839,"CM-2 RED",0,0,0,149.07,,
36840,"CM-2 WHT W/STR",0,0,0,149.07,,
36841,"CM-2-SS RED/SS",0,0,0,202.04,,
36842,"CM-2-SS WHT W/STR/SS",0,0,0,202.04,,
36843,"CM-3 RED",0,0,0,174.27,,
36844,"CM-3 WHITE W/STRIP",3,1,2,174.27,,
36845,"CM-3-SS RED/SS",0,0,0,227.20,,
36846,"CM-3-SS WHT W/STR/SS",2,1,1,227.20,,
36851,35983,12,10,2,24.95,,
36853,36103,5,5,0,2.33,,
36855,65501,24,10,14,36.60,,
36941,1820089,6,5,1,36.32,,
36942,1865108,146,119,27,13.79,,
36943,1865110,13,7,6,14.52,,
36953,1865101,8,3,5,10.16,,
36954,1865107,0,0,0,29.05,,
36955,1840201,0,0,0,19.60,,
36957,1810126,0,0,0,275.28,,
36958,1865002,18,8,10,13.07,,
36960,1865014,0,0,0,7.26,,
36961,1865019,18,18,0,7.26,,
36962,1865260,1,1,0,36.32,,
36963,1865261,3,3,0,43.58,,
36964,1865262,0,0,0,29.05,,
36988,1907030,0,0,0,7.49,,
36989,1907040,14,0,14,13.29,,
36990,1907050,0,0,0,10.56,,
36991,1907060,5,5,0,9.82,,
37010,7716,8,5,3,149.15,,157.50
37220,58500-0012,5,3,2,698.48,,
37221,58500-1012,5,4,1,687.94,,
37224,T10-327,0,0,0,55.98,,
37241,6074C,5,2,3,29.40,,
37256,560-1110-7,2,0,2,33.71,,
37258,560-1112-7,7,5,2,33.71,,
37259,560-2110-7,23,12,11,33.71,,
37260,560-2112-7,3,3,0,33.71,,
37261,560-2113-7,8,4,4,33.71,,
37292,A10-650,0,0,0,38.41,,
37293,21501730,1,0,1,94.16,,
37294,21501930,4,2,2,94.16,,
37322,A10-492PB,11,11,0,54.88,,
37324,A10-1290PB,10,6,4,68.60,,
37325,A10-1291PB,5,5,0,76.28,,
37328,CL-W,5,5,0,209.99,,
37333,CL-S,1,1,0,139.99,,
37337,012-2500-7,8,4,4,16.15,,
37339,012-5500-7,8,5,3,16.15,,
37359,CLZ-DXD,2,2,0,38.99,,
37363,CLZ-WXC,1,1,0,4.99,,
37365,CLZ-PWU,1,1,0,39.99,,
37370,P79-BL,0,0,0,157.61,199.00,
37378,RC612V,0,0,0,806.25,1135.20,
37379,RC8812V,5,3,2,1385.97,1944.80,
37388,449-BK,13,13,0,28.44,,
37414,ARM2502B,0,0,0,117.61,,
37424,P10293,0,0,0,257.27,,
37425,P10294,0,0,0,308.77,,
37426,P10295,0,0,0,357.63,,
37427,P10297,1,1,0,505.86,,
37428,P10299,0,0,0,640.45,,
37431,PRO510XL,10,0,10,62.52,,
37432,PRO520XL,19,7,12,71.46,,
37440,27656A,50,10,40,32.56,,
37474,808-9001,13,8,5,21.71,,
37476,288-PW,0,0,0,102.04,,
37477,295-PW,0,0,0,121.58,,
37482,GPS200-01,6,2,4,316.19,,
37525,010-11215-01,0,0,0,25.99,,
37705,311096402,2,1,1,94.24,,
37710,311096406,6,4,2,94.24,,
37713,311196402,5,2,3,108.74,,
37714,311196406,12,6,6,108.74,,
37716,311096502,4,3,1,108.74,,
37717,311096506,0,0,0,108.74,,
37718,311196502,6,4,2,123.24,,
37719,311196506,6,3,3,123.24,,
37721,301097206,0,0,0,115.99,,
37723,301097406,9,5,4,137.74,,
37725,301197406,10,6,4,152.24,,
37728,301097506,0,0,0,159.49,,
37730,301197506,6,1,5,121.79,,
37765,010-11442-00,69,61,8,89.99,,
37769,TM260-10F,0,0,0,1186.84,1499.00,
37775,010-11324-00,0,0,0,187.49,,
37776,010-11325-00,0,0,0,187.49,,
37777,010-11326-00,9,2,7,187.49,,
37779,010-11328-00,0,0,0,187.49,,
37791,"EFC-A4 BLACK",12,12,0,97.00,,
37792,"EFC-A5 BLACK",0,0,0,152.91,,
37793,"EFC-A6 BLACK",0,0,0,223.43,,
37809,242-BK,9,9,0,7.73,,
37811,130-BK,3,3,0,20.13,,
37812,405-BK,7,7,0,37.98,,
37982,MK212,0,0,0,758.72,,
37987,TLM150-01,7,3,4,220.14,,
38041,SC105,0,0,0,1167.19,,
38046,SC65,0,0,0,360.00,,
38047,DS16-P,10,4,6,19.69,,
38048,DS21A-P,17,4,13,22.50,,
38049,DS21B-P,13,3,10,22.50,,
38050,DS30-P,0,0,0,24.19,,
38051,DS40-P,10,7,3,27.56,,
38052,DS16-S,11,3,8,38.25,,
38053,DS21A-S,9,9,0,45.00,,
38054,DS21B-S,11,5,6,45.00,,
38055,DS30-S,14,4,10,56.25,,
38056,DS40-S,35,15,20,60.75,,
38072,1820,15,10,5,15.11,,
38177,DAC,3,2,1,35.00,,
38186,3022-BK,2,2,0,14.86,,
38309,T120,4,2,2,725.26,,
38312,T121,3,2,1,440.92,,
38317,T221,0,0,0,717.02,,
38318,T138,0,0,0,120.82,,
38320,T912,0,0,0,161.92,,
38323,T910,2,1,1,245.82,,
38324,T075-916,0,0,0,1429.93,,
38325,T070-916,0,0,0,762.35,,
38326,T061,12,6,6,453.29,,
38329,T10-471JB,1,1,0,82.32,,
38334,135200-701-999-12,19,10,9,19.43,,
38335,135000-701-999-12,11,6,5,13.19,,
38389,1854107,17,17,0,29.05,,
38390,1854108,6,3,3,39.94,,
38391,1854100,0,0,0,32.68,,
38392,1854101,2,2,0,25.41,,
38471,544K,0,0,0,30.38,,
38488,1150-F,24,12,12,51.08,,
38490,1151-F,15,4,11,29.81,,
38491,1152-F,9,6,3,21.43,,
38492,1132-F,10,5,5,20.21,,
38493,1190-F,15,7,8,48.68,,
38494,1135-F,11,9,2,19.20,,
38495,1006-F,9,5,4,18.08,,
38496,1060-W-F,24,12,12,25.24,,
38497,1062-W-F,8,8,0,62.08,,
38498,1064-W-F,13,7,6,41.39,,
38499,95-078-F,3,3,0,58.85,,
38500,95-072-F,0,0,0,105.12,,
38504,96-250-F,3,3,0,84.64,,
38505,96-258-F,14,14,0,62.25,,
38506,3200-F,0,0,0,241.99,,
38507,3400-F,4,2,2,363.04,,
38508,3600-F,0,0,0,380.89,,
38509,3800-F,0,0,0,432.61,,
38513,91-110-F,12,12,0,24.16,,
38514,3100-F,4,2,2,202.26,,
38515,3120-F,2,1,1,321.54,,
38516,2606W-F,18,10,8,21.61,,
38517,2608W-F,10,2,8,35.65,,
38518,2606P-F,13,8,5,21.61,,
38519,2608P-F,25,8,17,35.65,,
38547,B-60-12-CX,0,0,0,350.00,,
38548,B-60-20-CX,0,0,0,350.00,,
38572,"XP15L 0101",1,0,1,149.99,,
38573,HD25000101,1,1,0,114.99,,
38574,EJ10000101,13,8,5,47.99,,
38575,HD50000101,9,3,6,209.99,,
38744,272,3,3,0,13.91,,
38746,428,0,0,0,11.88,,
38747,429,6,6,0,23.46,,
38748,388-BK,3,3,0,42.95,,
38819,010-11430-00,10,0,10,6.04,,
38853,ALM100-01,2,0,2,236.15,,
38855,MK5,0,0,0,649.39,,
38888,P7702101AJ,0,0,0,58.26,,
38953,32903,0,0,0,37.65,,
38954,42123,0,0,0,38.96,,
38955,16004-00,0,0,0,87.19,,
38956,22004,8,7,1,110.86,,
38957,40004,3,2,1,163.80,,
38962,07903-00,3,3,0,67.37,,
38963,08203-00,6,3,3,68.69,,
38964,32-47258-003,0,0,0,67.04,,
38965,32-47259-003,0,0,0,73.74,,
38966,32-47260-003,4,2,2,80.44,,
38967,32-47261-002,2,2,0,83.14,,
38968,26014,6,5,1,16.68,,
38969,36303,7,4,3,39.63,,
38970,36152,5,1,4,42.27,,
38971,28552,5,5,0,22.72,,
38972,28572,8,8,0,32.37,,
38973,28512,11,0,11,36.91,,
38975,57151,4,2,2,101.90,,
38976,10-24453-01,6,3,3,109.64,,
38979,64534,5,3,2,209.51,,
38980,64634,0,0,0,297.22,,
38981,10-24728-03,0,0,0,92.31,,
38982,10-13399-03,1,1,0,134.74,,
38983,10-13407-07,4,2,2,168.56,,
38984,10-13329-103,0,0,0,236.89,,
38985,80-47229-01,3,1,2,147.48,,
38986,80-47230-01,0,0,0,168.94,,
38987,80-47435-01,6,2,4,274.86,,
38988,80-47436-01,3,2,1,305.70,,
38995,RGB,12,4,8,13.13,,
38997,FC-4,8,4,4,14.99,,
39079,27575,9,5,4,230.57,399.99,
39082,A3120Z-11HAE,19,10,9,89.63,,
39083,A3120Z-31HAE,0,0,0,89.63,,
39086,P1120Z-11HAE,4,1,3,102.44,,
39087,P1120Z-31HAE,8,8,0,102.44,,
39090,LL-101,15,9,6,67.07,,
39091,55150A,41,28,13,15.93,,
39097,010-11441-00,0,0,0,29.99,,
39098,010-11441-01,0,0,0,22.49,,
39105,F05848,11,10,1,15.65,,
39106,F07674,1,0,1,14.30,,
39107,F05343,22,9,13,12.47,,
39108,F05351,0,0,0,11.65,,
39109,F05352,18,18,0,8.52,,
39111,F14200,27,12,15,22.61,,
39114,F14086,0,0,0,14.60,,
39115,F18804,6,2,4,65.51,,
39132,0063DP5PLB,12,6,6,14.53,,
39135,OT-0542VEL15-HD,3,1,2,616.06,,
39140,0063DP6PLB,10,6,4,18.59,,
39141,0063DP7PLB,12,6,6,26.01,,
39142,0063DP8PLB,8,5,3,32.84,,
39143,0063009PLB,0,0,0,56.11,,
39144,0065DP4PLB,0,0,0,34.15,,
39145,0065DP5PLB,0,0,0,43.29,,
39146,0065DP6PLB,0,0,0,53.37,,
39147,0065DP7PLB,11,6,5,62.19,,
39148,0066DP1PLB,8,6,2,14.77,,
39149,0066DP2PLB,6,3,3,28.44,,
39150,0066DP3PLB,0,0,0,40.41,,
39151,0066DP4PLB,7,5,2,52.85,,
39153,0076DP5PLB,8,3,5,9.96,,
39154,0076DP6PLB,8,5,3,12.28,,
39155,0076DP7PLB,9,5,4,18.79,,
39156,0076DP8PLB,24,10,14,25.79,,
39157,0076009PLB,0,0,0,32.20,,
39161,0086DP3PLB,11,5,6,15.79,,
39162,0086DP4PLB,6,3,3,20.68,,
39163,0086DP5PLB,0,0,0,34.11,,
39164,0086006PLB,4,1,3,38.88,,
39167,0322DP4PLB,5,5,0,24.05,,
39168,0322DP5PLB,1,0,1,24.85,,
39169,0322DP6PLB,12,7,5,33.89,,
39170,0322DP7PLB,4,2,2,63.97,,
39171,0322DP8PLB,6,2,4,83.51,,
39172,0322009PLB,4,2,2,76.88,,
39173,0328DP4,17,0,17,3.00,,
39174,0328DP4A,10,4,6,4.75,,
39175,0328DP5,11,7,4,3.33,,
39176,0328DP6,19,10,9,3.61,,
39177,0328DP6A,14,14,0,3.40,,
39178,0328DP8,12,5,7,5.78,,
39179,0350004DPC,2,2,0,20.31,,
39180,0350004DPP,5,4,1,32.53,,
39181,0350005DPC,3,1,2,43.04,,
39182,0350005DPP,1,1,0,29.69,,
39183,0350006DPC,4,0,4,43.84,,
39184,0350006DPP,5,0,5,39.09,,
39186,0350007DPP,6,4,2,69.71,,
39187,0350008DPC,9,5,4,98.88,,
39188,0350008DPP,8,4,4,85.59,,
39189,035006ADPC,5,1,4,59.00,,
39190,035006ADPP,3,3,0,45.85,,
39195,0493004PLB,3,2,1,199.98,,
39196,0493005PLB,5,3,2,216.35,,
39197,0493006PLB,3,2,1,302.58,,
39198,0493007PLB,3,3,0,305.66,,
39199,0493008PLB,2,0,2,481.79,,
39200,0493009PLB,2,2,0,597.68,,
39201,0493010PLB,0,0,0,742.11,,
39202,0714DP1PLB,2,1,1,23.19,,
39203,0805005PLB,9,6,3,102.33,,
39204,0805006PLB,5,3,2,140.46,,
39205,0805007PLB,4,3,1,175.25,,
39206,0805008PLB,5,3,2,217.93,,
39207,0805009PLB,2,2,0,373.48,,
39208,0805010PLB,0,0,0,711.50,,
39211,1310DP0CHR,10,3,7,29.52,,
39212,"EFC-5 BLACK",0,0,0,48.08,,
39271,010-11526-00,0,0,0,10.99,,
39306,010-11270-00,0,0,0,17.49,,
39313,MR652C,7,4,3,80.59,144.99,
39314,MR752C,8,4,4,92.75,144.99,
39318,MRANT10,22,16,6,2.41,34.99,
39325,010-10856-20,0,0,0,12.99,,
39328,010-10854-21,0,0,0,8.24,,
39331,2104-F,0,0,0,176.92,,
39332,2105-F,0,0,0,212.31,,
39336,96-252-F,0,0,0,110.31,,
39341,ELB-CM-CF,0,0,0,32.02,,
39350,010-11478-01,9,0,9,8.24,,
39351,010-11478-02,0,0,0,16.49,,
39354,T060,24,13,11,407.96,,
39399,ZDIGUSBNMEA,13,3,10,56.63,,
39400,ZDIGHSC100,3,1,2,297.47,,
39410,27620,19,6,13,71.29,,
39411,27670,11,4,7,65.56,109.99,
39415,13109,10,4,6,44.95,,
39418,13311,14,9,5,54.87,,
39419,13511,14,7,7,56.94,,
39420,27660,12,12,0,67.95,,
39437,1082DP3WHT,6,3,3,31.79,,
39472,SP-70-8,0,0,0,3499.30,,
39473,SP-70-7,0,0,0,3359.30,,
39474,SP-80-8,0,0,0,3499.30,,
39475,SP-80-7,0,0,0,3359.30,,
39495,CO-CO1224T,3,2,1,168.10,,
39576,P7810500AJ,30,24,6,13.56,,
39577,P7810300AJ,25,19,6,12.31,,
39579,P7160901AJ,8,4,4,50.21,,
39580,P7837200AJ,0,0,0,12.31,,
39582,P7811700AJ,1,1,0,41.54,,
39585,P5591000AJ,0,0,0,11.83,,
39587,P7837300AJ,0,0,0,19.71,,
39590,P7816100AJ,0,0,0,19.71,,
39593,585-RAM-MNT,1,1,0,52.73,,
39600,YBP-0101,6,5,1,21.39,,34.98
39601,YBP-0202,18,7,11,12.66,,19.98
39602,251,113,49,64,5.69,,9.98
39627,1148,14,14,0,9.83,,
39628,S-0500,0,0,0,2.53,,
39629,S-0501,2,0,2,2.40,,
39641,1902300,11,11,0,501.32,,
39642,1902305,3,3,0,591.45,,
39643,1902310,4,4,0,777.06,,
39650,1904040,2,2,0,28.74,,
39651,1904045,0,0,0,107.81,,
39652,1907024,1,1,0,387.05,,
39653,1903020,1,0,1,28.74,,
39654,1903030,3,3,0,35.93,,
39655,1903031,12,10,2,35.93,,
39656,1907070,19,17,2,43.12,,
39694,720073-2,1,1,0,44.84,,
39695,720073-3,8,7,1,51.74,,
39696,720074-1,8,4,4,22.72,,
39699,407860-1,154,70,84,127.12,,
39708,710226-1,7,3,4,112.90,,
39711,2215392,3,3,0,25.15,,
39712,2215396,2,2,0,32.34,,
39713,2250122,12,10,2,17.96,,
39715,011-5540-7,6,0,6,8.60,,
39718,011-2540-7,6,6,0,8.60,,
39744,1865022,27,10,17,23.96,,
39749,1810220,5,1,4,58.11,,
39767,1823155,1408,1001,407,108.92,,
39777,010-11572-00,0,0,0,1612.49,,
39778,010-11573-00,0,0,0,2699.99,,
39782,010-11156-30,7,6,1,29.99,,
39783,010-11156-31,3,3,0,52.49,,
39784,010-11156-32,0,0,0,74.99,,
39785,29310,9,5,4,50.14,,
39786,29210,14,6,8,59.13,,
39788,MR60B,16,3,13,43.49,79.99,
39791,010-11053-30,0,0,0,749.99,,
39793,010-11057-30,1,0,1,67.49,,
39795,010-11532-00,4,1,3,14.99,,
39796,010-11533-00,7,3,4,37.49,,
39797,010-11056-00,0,0,0,67.49,,
39798,010-11170-01,199,197,2,1.49,,
39803,CVS-1410,0,0,0,1679.30,,
39808,500/50/200ST-CX,0,0,0,280.00,,
39809,B-164-0-CX,0,0,0,1120.00,,
39810,B-164-12-CX,0,0,0,1120.00,,
39811,B-164-20-CX,0,0,0,1120.00,,
39822,B-60-12-ES,0,0,0,350.00,,
39823,B-60-20-ES,2,1,1,224.99,,
39836,09-1027B-1,0,0,0,27.74,,
39837,09-808B-1,0,0,0,21.80,,
39838,09-810B-1,0,0,0,22.72,,
39839,09-1028BT-1,2,2,0,30.38,,
39840,09-1026B-1,0,0,0,20.80,,
39843,61123,1,0,1,60.00,,
39845,43210-0001,0,0,0,768.16,,
39846,50410-1201,4,3,1,486.51,,
39918,68010,1,1,0,199.99,,
39929,68200,2,2,0,719.99,,
39936,68510,1,1,0,74.99,,
39938,68520,5,3,2,89.99,,
39940,68530,2,2,0,94.99,,
39943,GP1056,0,0,0,327.26,,
39944,GP2056,0,0,0,327.26,,
39945,PP5056,0,0,0,370.90,,
39946,GP1057,0,0,0,327.26,,
39947,GP2057,0,0,0,327.26,,
39948,PP5057,0,0,0,370.90,,
39949,GP2055,0,0,0,327.26,,
39950,PP5055,0,0,0,370.90,,
39979,GP1032,0,0,0,363.62,,
39980,GP2032,0,0,0,363.62,,
39981,PP5032,0,0,0,399.99,,
39982,GP1034,0,0,0,363.62,,
39983,GP2034,0,0,0,363.62,,
39984,PP5034,0,0,0,399.99,,
39991,GP1080,0,0,0,370.90,,
39992,GP1081,0,0,0,385.44,,
39993,GP2080,0,0,0,370.90,,
39994,GP2081,0,0,0,385.44,,
40002,68720,2,2,0,39.99,,
40007,68630,3,1,2,32.99,,
40008,68650,2,0,2,134.99,,
40009,68660,1,1,0,139.99,,
40012,67500,3,3,0,54.99,,
40016,967-18BL,5,5,0,79.99,,
40017,969ST-18,22,1,21,99.99,,
40019,969ST-18CG,2,2,0,104.99,,
40026,010-11480-00,1,0,1,74.99,,
40074,010-C1048-20,0,0,0,97.49,,
40088,2106,0,0,0,751.64,,
40089,2116,1,1,0,821.98,,
40120,SM81,11,5,6,14.12,,
40169,TX3916SL/SL,0,0,0,875.77,,
40175,L006UCL040ABA,0,0,0,2294.44,,
40176,L006UCL040ABB,0,0,0,2163.33,,
40177,L004U00741AME,0,0,0,3080.77,,
40178,L004U00741AM3,0,0,0,2818.89,,
40179,L006U00741AME,0,0,0,3343.33,,
40180,L006U00741AM5,0,0,0,3047.25,,
40181,L008U00741AMD,0,0,0,3527.17,,
40182,L008U00741AM5,0,0,0,3343.33,,
40183,L004US0241AME,0,0,0,4019.78,,
40184,L004US0241AM3,0,0,0,3783.70,,
40185,L006US0241AMD,0,0,0,4279.12,,
40186,L006US0241AM5,0,0,0,4040.22,,
40187,L008US0241AME,0,0,0,4489.13,,
40188,L008US0241AM4,0,0,0,4296.74,,
40189,1017759,0,0,0,144.17,,
40190,1031221,0,0,0,236.25,,
40334,813-1000-UL,5,1,4,151.97,,
40335,813-1500-UL,6,3,3,221.20,,
40336,813-3000-UL,5,3,2,488.65,,
40337,813-5000-UL,4,0,4,699.00,,
40367,010-11029-02,0,0,0,10.99,,
40368,010-11666-00,0,0,0,15.41,,
40413,V11-0809BBK50-2,5,5,0,206.63,,
40414,V11-0809BWK50-2,1,1,0,225.24,,
40415,V11-2423BBK50-2,5,4,1,422.85,,
40416,V11-2423BBK70-2,5,0,5,505.72,,
40417,V11-3426BBK70-2,1,0,1,588.33,,
40418,V11-3447BBK50-2,3,1,2,304.24,,
40419,V11-3447BWK50-2,4,2,2,307.85,,
40420,V11-4135BKA30-3,4,1,3,218.10,,
40421,V11-9795BBK50D-2,1,0,1,333.21,,
40422,V11-9811WCM70-2,3,1,2,466.14,,
40437,FPM100-01,2,0,2,356.22,,
40524,15098-001,0,0,0,59.53,,
40568,010-11677-00,0,0,0,14.99,,
40569,010-11679-00,0,0,0,6.99,,
40571,010-10249-20,303,199,104,74.99,,
40572,010-11615-00,0,0,0,18.75,,
40574,010-11676-00,29,10,19,22.49,,
40575,010-11682-00,0,0,0,8.24,,
40579,2155,20,1,19,22.27,,
40580,4018,18,0,18,6.33,,
40581,5060,49,20,29,5.18,,
40582,5061,36,31,5,7.34,,
40583,5063,59,32,27,3.87,,
40584,5064,56,27,29,3.62,,
40585,5065,207,59,148,6.13,,
40586,5250,25,18,7,5.39,,
40587,5251,41,27,14,5.39,,
40588,5252,21,14,7,5.39,,
40589,5253,40,14,26,5.39,,
40590,5254,13,1,12,5.39,,
40591,5255,21,10,11,5.39,,
40592,5256,14,0,14,5.39,,
40593,5257,24,13,11,5.39,,
40594,5258,14,10,4,5.39,,
40595,5259,11,7,4,5.39,,
40596,5260,12,4,8,5.39,,
40597,7049,19,14,5,94.18,,
40598,7149,13,4,9,94.18,,
40599,7720,15,6,9,28.92,,
40600,7721,18,5,13,28.92,,
40601,7748,17,3,14,123.10,,
40605,8100,7,6,1,376.14,,
40606,8101,5,2,3,449.52,,
40607,8102,5,3,2,484.10,,
40608,7080,8,4,4,45.49,,
40609,7081,15,6,9,45.49,,
40610,7082,10,0,10,45.49,,
40611,7083,23,5,18,45.49,,
40612,7084,29,5,24,45.49,,
40613,7085,8,0,8,45.49,,
40614,7086,10,5,5,45.49,,
40625,GM-MRD80,1,1,0,28.99,,
40627,7087,21,1,20,45.49,,
40628,7088,9,4,5,45.49,,
40629,7089,8,5,3,45.49,,
40631,7180,23,9,14,45.49,,
40632,7181,68,11,57,45.49,,
40633,7182,82,20,62,45.49,,
40634,7183,80,13,67,45.49,,
40635,7184,155,31,124,45.49,,
40636,7185,34,5,29,45.49,,
40637,7186,58,16,42,45.49,,
40638,7187,19,1,18,45.49,,
40640,7188,31,24,7,45.49,,
40641,7189,9,6,3,45.49,,
40643,7506,22,11,11,53.01,,
40644,7507,4,2,2,59.65,,
40645,7508,16,10,6,66.29,,
40752,T10-540,22,1,21,71.34,,
40787,F14087,4,0,4,17.54,,
40789,F16777,0,0,0,16.23,,
40790,F18816,6,2,4,91.71,,
40794,F103745,2,0,2,47.06,,
40797,SST-110,3,2,1,307.30,,
40798,TM200-30,0,0,0,77.00,,
40799,TS200-30,5,2,3,118.07,,
40808,229-BK,1,1,0,14.91,,
40809,239-BK,16,16,0,35.08,,
40810,260,4,4,0,17.65,,
40811,279,12,12,0,12.98,,
40812,349-BK,24,24,0,13.63,,
40813,469,4,4,0,25.89,,
40814,470,5,5,0,36.00,,
40817,476,12,12,0,18.04,,
40820,479,17,17,0,13.71,,
40822,720057-1,202,188,14,15.86,,
40832,ZDIGAIS100,5,2,3,247.88,,
40833,ZDIGAISNET,2,1,1,734.96,,
40840,PT-0-3PSI-01,3,1,2,156.10,,
40841,PT-0-5PSI-01,0,0,0,156.10,,
40844,T137,0,0,0,120.82,,
40845,TA065,37,16,21,29.82,,
40846,TA100,5,2,3,68.17,,
40848,TA101,0,0,0,29.82,,
40849,TA118,1,1,0,68.17,,
40851,C5-A,5,2,3,147.36,,
40852,TA119,23,12,11,59.65,,
40856,TA122,10,6,4,89.48,,
40857,TA125,6,4,2,68.17,,
40858,TA900,7,4,3,34.08,,
40860,T005,9,4,5,76.69,,
40867,TA070,8,4,4,29.82,,
40922,10222-211D,13,6,7,77.16,,
40932,013-00005-00,0,0,0,1.26,,
41034,MMB-97,17,6,11,11.72,,
41046,854-2022-01,0,0,0,57.10,,
41047,808-9003,0,0,0,30.65,,
41048,809-0940,5,3,2,23.68,,
41049,809-0942,0,0,0,35.25,,
41056,101075,15,8,7,85.76,,137.99
41057,101076,10,6,4,84.51,,135.89
41058,101077,0,0,0,84.31,,134.69
41059,101078,14,6,8,33.16,,54.49
41060,101079,10,4,6,34.27,,56.59
41061,101080,5,2,3,36.95,,60.69
41062,101081,10,6,4,108.17,,121.19
41063,101082,6,3,3,114.14,,128.59
41065,101084,14,4,10,13.66,,23.89
41066,101085,16,5,11,13.66,,23.89
41067,101086,8,4,4,13.40,,23.39
41070,1031219,0,0,0,327.78,,
41071,1031482,0,0,0,327.78,,
41092,S-0233,6,2,4,10.11,,
41094,808-0915,6,3,3,62.84,,
41142,63110,11,6,5,265.90,,346.99
41143,63115,7,3,4,332.05,,432.99
41144,63120,6,3,3,413.86,,539.99
41145,63130,12,5,7,505.97,,659.99
41146,63140,19,13,6,544.22,,709.99
41147,63150,13,9,4,696.80,,908.99
41148,63160,10,2,8,860.68,,1122.99
41149,63170,14,3,11,557.34,,726.99
41150,63180,7,3,4,873.07,,1138.99
41166,HRCFF612V,2,2,0,961.18,1307.20,
41167,HRCFF812V,3,3,0,931.58,1307.20,
41170,T10-780,0,0,0,92.20,,
41198,PTM-R1-1,0,0,0,1628.29,,
41199,IPG100-01,0,0,0,636.39,,
41203,010-00957-00,0,0,0,562.49,,
41207,010-C1062-20,8,8,0,112.49,,
41208,010-C1063-20,0,0,0,112.49,,
41211,010-C0884-20,0,0,0,119.99,,
41213,010-C1062-00,0,0,0,262.49,,
41214,010-C1063-00,0,0,0,262.49,,
41292,DS-MULTI,17,16,1,57.38,,
41294,SC30,0,0,0,202.50,,
41295,F40-0030BKA-1,22,5,17,33.71,,
41297,RK-0001PB,9,5,4,95.77,,
41300,010-C1064-00,0,0,0,187.49,,
41301,010-C1064-20,0,0,0,97.49,,
41326,010-11131-10,0,0,0,27.49,,
41331,701S-00616,0,0,0,231.49,,
41333,701S-00608,12,0,12,71.14,,
41335,711S-00609,0,0,0,304.65,,
41376,2401K,15,15,0,31.25,,
41377,2402K,0,0,0,38.53,,
41420,ZDIGAIS100USB,6,4,2,247.88,,
41421,MS-RA200MP,9,4,5,13.99,,
41450,23121,6,4,2,115.18,,
41451,23122,2,2,0,131.63,,
41452,23124,7,4,3,123.47,,
41453,23123,5,3,2,149.25,,
41454,23125,0,0,0,202.40,,
41455,23126,0,0,0,181.25,,
41456,23127,3,0,3,214.99,,
41489,HS-01,0,0,0,489.38,,
41490,SPH-SYSTEM-W,0,0,0,526.76,,
41506,10009,13,5,8,62.26,,
41507,10012,9,6,3,124.64,,
41509,10027,0,0,0,74.22,,
41510,10028,4,1,3,139.46,,
41511,10036,124,33,91,33.32,,
41512,10002,16,14,2,64.57,,
41519,10035,3,0,3,23.44,,
41521,10050,13,13,0,32.83,,
41522,10051,7,1,6,32.83,,
41523,10055,29,18,11,65.30,,
41524,10001,23,9,14,42.84,,
41525,11031,17,13,4,18.56,,
41526,11032,20,14,6,30.88,,
41527,854-2019-01,0,0,0,189.67,,
41528,12427,12,5,7,80.19,,
41529,12428,7,2,5,151.97,,
41533,31991,13,0,13,90.45,,
41534,30991,0,0,0,92.16,,
41535,32991,6,6,0,98.03,,
41544,31001,0,0,0,61.88,,
41545,31011,10,10,0,73.84,,
41578,81783,2,0,2,700.00,,
41590,GP1055,0,0,0,327.26,,
41638,DCR100-01,0,0,0,316.19,,
41639,DST110-01,3,2,1,396.24,,
41646,FDEBSN010000A00,0,0,0,105.15,,
41647,FDEBSN015000A00,0,0,0,103.45,,
41648,FDEBSN020000A00,1,1,0,131.03,,
41655,HRC101012V,2,1,1,2249.43,3167.20,
41656,HRC101012VLP,0,0,0,2328.82,3167.20,
41658,P104370,0,0,0,41.60,,
41659,P104371,0,0,0,55.99,,
41660,P102981,0,0,0,1067.50,,
41661,P103864,2,1,1,52.14,,
41704,22209,10,7,3,61.43,,
41711,96-264-F,24,13,11,82.39,,
41712,96-288-F,10,6,4,29.84,,
41727,53502,11,4,7,71.86,164.99,
41737,102,7,2,5,62.67,,
41738,104,2,2,0,126.67,,
41739,105,0,0,0,76.00,,
41740,106,0,0,0,183.53,,
41741,108,4,4,0,77.33,,
41763,BF30,5,4,1,79.17,117.00,
41765,C30253,0,0,0,208.27,307.80,
41766,C30503,0,0,0,282.56,417.60,
41767,A1001,0,0,0,13.40,19.80,
41783,82044,0,0,0,33.53,,
41784,82004,0,0,0,27.57,,
41806,103,0,0,0,7.44,,
41810,101-BK,24,24,0,8.46,,
41814,010-11654-00,0,0,0,51.99,,
41815,010-11654-01,0,0,0,51.99,,
41818,010-11654-04,0,0,0,64.99,,
41819,010-11654-05,0,0,0,10.49,,
41820,0348DP5PLB,0,0,0,54.17,,
41827,SB-8-5,9,6,3,24.19,,
41828,SB-8-10,7,3,4,36.00,,
41829,SB-2G,13,4,9,10.40,,
41843,010-11602-00,0,0,0,31.99,,
41844,010-11734-20,99,55,44,5.99,,
41847,BPKT0801,0,0,0,1250.00,,
41849,RST755,0,0,0,133.06,,
41850,090-1100-4,0,0,0,172.00,,
41851,090-2100-4,0,0,0,172.00,,
41854,NBE100-01,13,5,8,316.19,,
41861,010-11598-00,3,0,3,22.19,,
41864,010-11733-00,0,0,0,11.99,,
41865,010-11600-00,8,8,0,29.99,,
41869,135600-701-999-12,2,1,1,17.00,,
41870,135400-701-999-12,8,1,7,14.07,,
41881,010-10856-30,0,0,0,19.49,,
41887,1710ST-14-KIT,7,2,5,429.99,,
41889,P104809,0,0,0,41.67,,
41890,P104810,0,0,0,41.67,,
41891,SDD-110,1,1,0,328.30,,
41981,MEK-4,4,0,4,36.82,,
42009,T222,0,0,0,1784.33,,
42027,341-BK,1,1,0,9.09,,
42029,9601DP,5,5,0,51.51,,
42040,RH5365,4,0,4,116.35,,
42041,RH5367V,0,0,0,116.35,,
42042,RH5369H,8,6,2,116.35,,
42045,010-11054-00,4,0,4,374.99,,
42068,FFM100-01,3,3,0,356.22,,
42083,010-C1066-20,0,0,0,112.49,,
42084,010-C1067-20,0,0,0,164.99,,
42086,309299,25,7,18,39.07,,
42087,309199,38,22,16,28.29,,
42089,309099,12,2,10,28.29,,
42090,315299,5,3,2,42.13,,
42091,314299,6,4,2,32.34,,
42092,312299,9,6,3,38.28,,
42093,311299,15,11,4,27.78,,
42094,310299,11,5,6,27.78,,
42095,317899,25,9,16,74.33,,
42096,316899,10,4,6,70.51,,
42097,317999,6,2,4,44.22,,
42098,316999,6,3,3,44.22,,
42099,319899,4,0,4,38.28,,
42100,318899,5,3,2,36.31,,
42101,319999,6,3,3,38.28,,
42102,318999,4,3,1,36.31,,
42105,BP-150BSY-320-1,7,4,3,99.88,,
42123,WIF-RK30880-E,0,0,0,220.14,,
42375,CVS2500A,7,4,3,85.35,,
42376,FNB-110LI,4,2,2,33.75,,
42425,1355946,3,1,2,450.56,,
42426,1355947,5,3,2,495.62,,
42429,1355956,6,3,3,585.74,,
42430,1355957,5,0,5,630.79,,
42432,1355970,5,1,4,675.85,,
42433,1355971,0,0,0,720.90,,
42476,720073-5,5,0,5,48.29,,
42496,199119,19,11,8,102.20,,
42516,44411-0045,9,4,5,47.36,,
42517,44411-1045,16,6,10,54.69,,
42518,44411-2045,13,6,7,59.41,,
42530,32601-0092,13,7,6,157.02,,
42586,1810141,0,0,0,458.12,,
42594,MS6007WR,22,9,13,45.07,,
42595,MSX60RVR,10,7,3,72.20,,
42616,30573-0003,25,15,10,66.65,,
42617,121,4,2,2,197.33,,
42621,09-24652-02-CN,0,0,0,15.85,,
42622,09-24652-04-CN,0,0,0,19.26,,
42623,09-24653-02-CN,0,0,0,20.86,,
42624,10-24516-03,2,0,2,179.67,,
42625,10-24727-03,0,0,0,187.72,,
42627,80-47508-01,1,1,0,83.00,,
42628,80-47508-02,0,0,0,99.22,,
42630,10-13373-07,0,0,0,300.35,,
42631,09-701B-1,0,0,0,23.11,,
42632,09-702B-1,0,0,0,23.78,,
42634,09-704BT-1,0,0,0,34.35,,
42636,01604-00,0,0,0,125.49,,
42637,01674-001,0,0,0,124.17,,
42638,02204-00,3,1,2,138.70,,
42639,02274-001,1,0,1,137.38,,
42642,A10-114,0,0,0,177.80,,
42648,7420CR,13,6,7,30.12,,
42649,12VPK,7,3,4,14.87,,
42650,6083CR,0,0,0,79.90,,
42653,305CRCN,8,6,2,28.21,,
42655,303SSEL-B,32,23,9,82.84,,
42656,301EL-B,19,8,11,53.40,,
42657,199117,8,5,3,82.14,,
42658,305CRR,0,0,0,29.72,,
42664,153AY,14,8,6,165.27,,
42665,157AY,0,0,0,152.92,,
42668,806-1206-01,0,0,0,396.91,,
42669,806-1210-01,0,0,0,526.24,,
42670,806-1220-01,0,0,0,766.23,,
42673,806-1870,0,0,0,1152.23,,
42690,121A,0,0,0,103.42,,
42693,111A,0,0,0,131.48,,
42696,105SPP,7,4,3,54.84,,
42701,104SPP,12,7,5,40.93,,
42704,6364CRN,0,0,0,86.03,,
42705,6365CRN,34,16,18,77.26,,
42706,12VRC,21,17,4,11.34,,
42712,PP4401,0,0,0,269.08,,
42716,2126,25,15,10,45.47,,
42722,2128,8,6,2,28.46,,
42723,2719,23,7,16,21.86,,
42727,4002,23,5,18,6.75,,
42728,4003,28,10,18,6.67,,
42729,5035,34,12,22,28.63,,
42730,5037,20,18,2,32.33,,
42737,2127,68,39,29,35.43,,
42738,2718,17,5,12,26.00,,
42746,395,17,9,8,22.30,,
42747,152,13,6,7,97.49,,
42749,026,9,5,4,279.06,,
42750,025,8,5,3,348.83,,
42775,AP-1100-BK-S,0,0,0,243.75,,
42776,AP-1100-BK-M,0,0,0,243.75,,
42777,AP-1100-BK-L,0,0,0,243.75,,
42778,AP-1100-BK-XL,0,0,0,243.75,,
42779,AP-1100-BK-2XL,0,0,0,243.75,,
42780,AB-1100-RB-S,0,0,0,251.25,,
42781,AB-1100-RB-M,0,0,0,251.25,,
42782,AB-1100-RB-L,0,0,0,251.25,,
42783,AB-1100-RB-XL,0,0,0,251.25,,
42784,AB-1100-RB-XXL,0,0,0,251.25,,
42790,AC-1100-RB-S,0,0,0,278.13,,
42791,AC-1100-RB-M,0,0,0,278.13,,
42792,AC-1100-RB-L,0,0,0,278.13,,
42793,AC-1100-RB-XL,0,0,0,278.13,,
42794,AC-1100-RB-XXL,0,0,0,278.13,,
42803,"BP 03511",27,13,14,7.85,10.95,
42805,"CA 03518-6",9,7,2,41.74,54.95,
42807,"LQ 04587",14,11,3,11.47,15.95,
42808,"LQ 04506",11,8,3,19.35,27.95,
42812,"GW 02785",5,3,2,11.47,16.95,
42818,"KG 41501",13,8,5,15.74,23.95,
42832,65000,3,2,1,174.31,,
42845,459M,2,2,0,11.63,,
42846,132,0,0,0,6.03,,
42847,135,0,0,0,17.39,,
42848,136,0,0,0,7.68,,
42895,010-11251-08,0,0,0,19.99,,
42897,010-11251-06,32,16,16,30.00,,
42898,010-11251-05,0,0,0,21.99,,
42905,92856,3,1,2,159.80,199.95,
42925,MRANT12W,42,28,14,7.25,34.99,
42935,815-3012,7,7,0,1905.21,,
42936,27200,3,0,3,6.91,,
42937,27201,22,9,13,9.45,,
42939,27206A,0,0,0,11.40,,
42940,27310G,24,11,13,24.53,,
42942,27410,27,7,20,13.83,,
42943,27420,14,11,3,17.45,,
42944,27430,1,0,1,18.31,,
42945,27440,9,4,5,17.76,,
42950,55120A,31,18,13,3.21,,
43087,29045-3000,15,12,3,76.32,,
43089,37040-0000,12,9,3,57.81,,
43090,90197-0000,93,40,53,19.57,,
43119,63100,16,7,9,82.89,,
43171,9575,0,0,0,1483.87,,
43210,ZDIGAIS100P,4,2,2,276.21,,
43257,RM-10,2,2,0,12.88,,
43260,SBC-2,32,14,18,12.99,,
43261,SBC-3,35,23,12,11.99,,
43317,RMX4100,0,0,0,349.08,,
43318,RMX4101,0,0,0,363.62,,
43319,RMX4400,1,1,0,378.17,,
43320,RMX4401,0,0,0,392.72,,
43321,RMX4402,0,0,0,392.72,,
43323,PP4100,0,0,0,225.44,,
43324,PP4101,0,0,0,239.99,,
43325,PP4400,0,0,0,254.53,,
43326,PP5063,0,0,0,399.99,,
43327,PP4402,0,0,0,269.08,,
43332,GP1809,0,0,0,312.72,,
43333,GP2059,0,0,0,327.26,,
43337,GP2058,0,0,0,327.26,,
43338,GP1063,0,0,0,363.62,,
43339,GP2063,0,0,0,363.62,,
43342,GP1049,0,0,0,334.53,,
43343,GP2049,0,0,0,334.53,,
43346,AG27,0,0,0,327.26,,
43347,AG18,0,0,0,322.49,,
43348,AG218,1,1,0,352.49,,
43349,AG227,0,0,0,349.08,,
43392,GS-170,3,2,1,866.73,,
43397,P05-06W,3,2,1,35.74,,
43423,96-268-F,0,0,0,32.36,,
43428,A10-104,15,1,14,158.05,,
43433,A10-132T,22,5,17,62.56,,
43444,010-11010-20,2,0,2,974.99,1299.99,
43463,5104,156,75,81,56.64,,
43474,TBH-4,0,0,0,38.53,,
43475,TBH-10,0,0,0,38.53,,
43493,ER370,9,5,4,72.50,,
43517,B164-12-8G,0,0,0,1016.34,1275.00,
43525,010-10982-21,1,0,1,314.99,419.99,
43527,010-10183-22,2,1,1,412.49,549.99,
43531,010-10192-21,5,5,0,142.49,,
43532,P79-8G,7,3,4,156.78,199.00,
43534,010-10272-10,7,4,3,74.99,,
43545,1183-CW,0,0,0,361.92,,
43547,1126-VW,0,0,0,315.13,,
43549,010-10182-21,2,2,0,269.99,359.99,
43550,010-10193-22,1,0,1,511.75,649.99,
43551,010-10194-21,1,1,0,149.99,199.99,
43553,010-10640-20,0,0,0,1119.99,1649.99,
43557,010-10703-20,0,0,0,899.99,1199.99,
43559,TM260-8G,0,0,0,1116.72,1499.00,
43642,FI5002,1,1,0,190.91,,
43644,815-2012,9,4,5,1627.52,,
43645,809-0921,11,3,8,208.13,,
43646,H1170A,7,4,3,26.18,,
43647,H1179,14,8,6,6.62,,
43648,T1127,26,12,14,1.60,,
43650,TPA129,1,0,1,97.62,,
43651,TPA189,2,0,2,108.78,,
43652,TPA249,2,1,1,119.93,,
43653,TPA1212,6,3,3,110.27,,
43654,TPA1812,4,3,1,128.36,,
43655,TPA2412,4,2,2,131.10,,
43737,815-3024,3,2,1,2029.78,,
43802,36252,0,0,0,42.23,,
43803,10-13407-08,0,0,0,177.01,,
43804,64534-24,0,0,0,217.96,,
43805,09-10616,4,2,2,24.14,,
43807,10-13329-104,0,0,0,245.07,,
43857,66318-7,12,10,2,26.87,,
43858,66319R7,7,2,5,28.05,,
43859,66319G7,7,4,3,28.05,,
43870,5110-36-7,12,4,8,24.07,,
43873,7100A7,4,3,1,33.52,,
43874,7100B7,5,3,2,38.20,,
43875,7100C7,9,7,2,39.36,,
43885,91022-7,8,6,2,11.55,,
43894,6556-7,25,7,18,51.15,,
43895,6356D7,11,5,6,17.53,,
43897,11940-2,18,10,8,14.40,,
43900,11437-7,5,5,0,20.19,,
43901,11438-7,2,2,0,17.67,,
43905,4730-4,13,1,12,89.50,,
43906,4760-4,12,9,3,100.01,,
43913,4801-7,8,2,6,31.95,,
43914,4202-7,9,8,1,21.75,,
43915,4201-7,3,0,3,23.52,,
43918,4140-4,24,9,15,39.77,,
43920,7615A3,11,8,3,16.70,,
43923,1733-4,12,12,0,22.93,,
43925,1749-4,25,18,7,26.25,,
43945,M2-TD02,1,0,1,149.99,,
43952,S2-2112,0,0,0,438.12,,
43953,S2-3108,0,0,0,464.64,,
43954,S2-4109,0,0,0,491.15,,
44028,2897.91,0,0,0,142.33,,
44029,2898.91,0,0,0,142.33,,
44030,A53D,5,2,3,206.25,,
44069,A62360,10,4,6,72.43,,
44187,010-11613-00,6,4,2,59.99,,
44191,6007200,25,25,0,35.60,,
44192,6006200,54,45,9,26.69,,
44201,3153,31,17,14,8.41,,14.47
44216,758NUT,8,4,4,22.14,,
44217,702NUT,7,4,3,22.57,,
44225,CL-NCS,1,1,0,89.99,,
44299,OT-0542BKA15-HD,5,4,1,616.06,,
44300,SPD-4XI-W,0,0,0,472.50,,
44301,010-11680-00,0,0,0,14.99,,
44311,BHW100,0,0,0,52.03,,
44316,OCTAF1012LAM7,0,0,0,1604.32,,
44317,OCTAF1012LAR7,0,0,0,1604.32,,
44318,OCTAF1212LAM12,0,0,0,1807.06,,
44319,OCTAF1212LAR12,0,0,0,1807.06,,
44321,OCTAFMDMSW,1,0,1,792.46,,
44357,OCTAFMDTPW,0,0,0,880.61,,
44358,OC17SUK03,8,5,3,160.43,,
44359,OC15SUK07,2,1,1,37.02,,
44360,OC15SUK08,4,3,1,59.94,,
44362,OC15SUK16,0,0,0,70.52,,
44364,OCTAFMDRESYSA,0,0,0,1100.99,,
44365,OCTAFMDRESYSB,0,0,0,1100.99,,
44368,OC15109-9,0,0,0,136.64,,
44372,OC15SUK27B,2,2,0,210.68,,
44373,OC15SUK27D,1,1,0,210.68,,
44374,OC15SUK27E,0,0,0,210.68,,
44375,OC15SUK83,1,0,1,184.23,,
44404,109,12,6,6,26.67,,
44461,101033,17,1,16,34.54,,55.89
44462,101034,14,3,11,35.21,,56.99
44463,101035,0,0,0,37.71,,60.69
44464,112500,19,9,10,79.95,,126.49
44465,112501,0,0,0,92.93,,133.79
44466,112502,2,2,0,88.32,,127.49
44467,112503,12,6,6,49.61,,78.89
44468,112508,10,5,5,79.88,,126.39
44469,112520,32,10,22,78.11,,123.49
44470,112521,16,5,11,87.29,,125.69
44471,112522,0,0,0,88.20,,127.29
44472,112523,8,2,6,44.79,,71.19
44473,112800,5,0,5,86.96,,137.09
44474,112801,0,0,0,103.39,,149.49
44475,112802,0,0,0,82.90,,127.09
44477,112808,0,0,0,86.21,,135.99
44478,112820,3,3,0,82.17,,129.59
44481,112823,6,0,6,52.60,,83.79
44482,112828,6,0,6,87.44,,137.69
44483,101073,31,0,31,7.73,,12.89
44497,001-156-750,0,0,0,50.00,,
44583,MS-CLADAP,26,26,0,18.13,,
44600,B50ASSY,8,4,4,256.99,379.80,
44601,BF50,11,9,2,104.74,154.80,
44602,BM50S,9,3,6,152.24,225.00,
44604,010-11394-00,0,0,0,258.99,,
44609,SPH-4XI-W,0,0,0,447.19,,
44628,6077C,0,0,0,21.88,,
44629,6177C,0,0,0,25.48,,
44630,6014C,0,0,0,31.35,,
44631,6114C,0,0,0,29.77,,
44632,6040C,0,0,0,23.55,,
44633,6140C,0,0,0,26.05,,
44634,6039C,0,0,0,23.69,,
44635,6139C,0,0,0,25.71,,
44636,6078C,0,0,0,22.79,,
44637,6178C,0,0,0,26.71,,
44638,6015C,0,0,0,31.04,,
44639,6115C,0,0,0,25.68,,
44640,6042C,0,0,0,23.81,,
44641,6142C,0,0,0,26.23,,
44642,6041C,0,0,0,23.69,,
44643,6141C,6,4,2,26.25,,
44644,6194,0,0,0,22.20,,
44645,6195,6,4,2,22.44,,
44646,6043C,0,0,0,21.57,,
44647,6143C,0,0,0,25.84,,
44649,6076C,0,0,0,23.27,,
44650,6176C,0,0,0,24.08,,
44651,6192,0,0,0,34.85,,
44652,6249C,9,3,6,4.35,,
44655,6093C,0,0,0,23.08,,
44656,6193C,0,0,0,21.96,,
44657,6044C,0,0,0,26.71,,
44658,6045C,0,0,0,30.96,,
44659,6144C,0,0,0,28.01,,
44660,6145C,0,0,0,30.43,,
44661,6046C,0,0,0,29.01,,
44662,6146C,0,0,0,31.03,,
44663,6051C,0,0,0,39.12,,
44664,6086,0,0,0,38.83,,
44666,6151,0,0,0,50.13,,
44670,527ID-IHN,0,0,0,909.09,,
44679,440,10,6,4,31.57,,
44684,001-122-790,0,0,0,194.55,,
44687,A62361,17,13,4,87.49,,
44688,A80005,9,4,5,112.49,,
44689,A62362,9,6,3,145.82,,
44690,A80006,8,4,4,183.32,,
44698,ZDIGSPL2000,5,2,3,325.80,,
44708,740087-1,4,4,0,27.59,,
44717,MDA-1,5,2,3,538.30,,
44718,MDA-2,0,0,0,293.30,,
44719,MDA-3,7,4,3,265.30,,
44722,E22158,11,9,2,112.49,,
44738,808-9002,8,3,5,21.69,,
44742,27760,3,3,0,156.42,,
44757,40631,6,4,2,57.01,,
44758,40621,49,11,38,12.92,,
44767,1016,66,23,43,20.04,,
44780,A80010,2,0,2,1629.62,,1999.00
44786,K00-00118-01,10,2,8,11.49,,
44791,806-1851,3,3,0,1571.49,,
44809,101102,15,8,7,130.91,,215.39
44810,101103,8,4,4,132.16,,217.29
44811,101099,13,4,9,131.09,,217.19
44812,101100,9,3,6,145.30,,240.19
44841,010-11654-07,2,2,0,29.99,,
44842,010-01010-00,0,0,0,149.99,,
44846,5215-AIS,11,7,4,61.55,,
44847,100-329-371,0,0,0,14.55,,
44862,R001441,6,4,2,68.21,,
44866,MMW-IE,0,0,0,823.50,,
44867,MMW-IIE,0,0,0,964.29,,
44868,MMW-IIIE,0,0,0,1057.50,,
44869,SE-100,0,0,0,342.60,,
44870,SE-142,0,0,0,598.80,,
44871,SE-162,0,0,0,642.60,,
44872,81-2010-12,6,5,1,1173.86,,
44873,81-2530-12,5,2,3,1504.87,,
44874,A18127,3,1,2,387.49,,
44875,EOS-II-BK,14,7,7,42.06,67.99,
44876,A80151,6,4,2,76.69,,
44877,QUAD-II-BK,0,0,0,34.93,56.99,
44885,QUAD-BK,6,4,2,24.87,39.99,
44913,EF-2-NY,2,2,0,15.54,24.99,
44938,E70010,15,8,7,301.62,,
44940,PX0852,0,0,0,8.00,,
44955,72-0177,0,0,0,28.33,,
44964,CL-CTC,1,1,0,149.99,,
44977,37064-0000,3,1,2,167.67,,
44990,WX1-005-014,0,0,0,50.00,,
44995,010-11838-00,17,0,17,13.75,,
45006,500187,2,0,2,349.99,,
45011,1012,2,2,0,15.99,,
45013,1014,11,7,4,5.63,,
45053,HDPB330101,5,0,5,149.99,,
45056,001-500594,0,0,0,196.74,,
45057,001-500596,0,0,0,1085.87,1724.00,
45059,FW16000101,2,0,2,139.99,,
45079,STC1000101,1,0,1,37.99,,
45100,PG700,1,1,0,643.95,,
45104,"GB 04985",9,7,2,11.47,15.95,
45105,"TA 04885",15,10,5,11.47,15.95,
45106,"TA 04806",5,2,3,19.35,27.95,
45108,"MX 32806",10,5,5,10.69,16.95,
45125,010-11832-00,0,0,0,15.99,,
45126,1152,0,0,0,5.53,,
45136,010-11843-00,26,7,19,15.99,,
45137,010-11843-02,0,0,0,15.99,,
45138,010-11843-01,0,0,0,39.99,,
45183,127,15,11,4,138.67,,
45230,010-11454-00,0,0,0,41.24,,
45231,OC17SUK34,2,1,1,377.30,,
45232,20330008,1,1,0,630.00,,
45234,10080035,0,0,0,700.00,,
45235,10080038,0,0,0,840.00,,
45414,A80159,10,5,5,120.82,,
45440,Z83120,3,0,3,134.19,229.99,
45452,TPOM120,0,0,0,78.97,,
45453,TPOM80,0,0,0,73.76,,
45459,10400G,19,6,13,18.32,,
45460,10401G,8,5,3,22.65,,
45461,10403G,16,2,14,33.24,,
45462,10404G,3,0,3,38.05,,
45463,10405G,7,7,0,44.85,,
45466,10455G,20,7,13,49.11,,
45470,16681A,5,2,3,23.12,,
45471,16691A,7,0,7,6.09,,
45472,27481,37,19,18,21.39,,
45473,32420A,21,12,9,8.01,,
45475,010-11829-00,9,6,3,224.99,,
45476,010-11829-01,8,6,2,29.99,,
45477,010-11829-02,16,2,14,48.99,,
45481,010-11814-02,0,0,0,13.75,,
45498,000-011-704,0,0,0,657.27,,
45533,2827,4,4,0,567.55,,
45534,2828,0,0,0,703.01,,
45535,TB-01,0,0,0,365.63,,
45536,TP-01,0,0,0,500.63,,
45537,RA-01,4,2,2,68.63,,
45538,SPH-8-W,0,0,0,349.41,,
45539,SPH-12-W,0,0,0,394.41,,
45540,SPD-7-W,0,0,0,367.94,,
45541,SPD-8-W,2,2,0,402.35,,
45542,SPD-12-W,0,0,0,428.82,,
45596,010-11785-00,5,5,0,15.10,,
45600,PAD4000.4,3,3,0,289.99,,
45674,12,62,37,25,136.96,,
45684,46DR,0,0,0,35.67,,
45687,ID20,35,20,15,39.99,,
45723,0615DP2STS,4,0,4,86.46,,
45726,0616DP2STS,0,0,0,155.45,,
45792,F16-0150-F,0,0,0,467.42,,
45795,F16-0212-F,0,0,0,240.90,,
45815,GSC-0025-1,6,2,4,96.47,,
45844,RK-0002PB,7,3,4,158.06,,
45850,RK-0001SB,11,3,8,77.74,,
45855,RK-0001PCB,0,0,0,65.28,,
45868,COK-0008B-1,4,4,0,17.22,,
45874,PX0837/5M00,0,0,0,124.08,,
45915,F16-2700-1,2,2,0,56.52,,
45916,F16-2751-1,1,0,1,117.79,,
45917,F16-2753-1,0,0,0,183.78,,
45918,F16-2752-1,0,0,0,231.32,,
45920,F31-3003BSA-1,2,0,2,189.99,,
45921,F31-3004BSA-1,2,0,2,229.99,,
45923,P03-063W,4,2,2,50.17,,
45924,P03-064B,2,0,2,68.05,,
45925,P03-064W,0,0,0,63.01,,
45928,P03-132W,0,0,0,48.88,,
45929,P03-133W,6,3,3,52.86,,
45930,P03-134W,0,0,0,59.81,,
45932,P01-2120W,61,46,15,44.99,,
45946,461,15,8,7,134.99,,
45947,460,10,6,4,149.99,,
45948,462,11,8,3,97.49,,
45951,1551,21,9,12,20.27,,
45959,151,8,5,3,29.99,,
45960,385,10,10,0,23.65,,
45961,3120,18,12,6,30.41,,
45962,3101,9,5,4,20.27,,
45963,3150,29,12,17,47.30,,
45964,3151,4,2,2,33.78,,
45965,3200,5,3,2,33.78,,
45966,1705,2,2,0,44.99,,
45967,3155,5,4,1,8.57,,
45974,2027,0,0,0,51.90,,
45976,447,2,2,0,85.74,,
45977,453,3,3,0,18.51,,
45978,455,4,4,0,19.34,,
45980,438,0,0,0,13.49,,
45981,414,0,0,0,3.76,,
45982,415,24,24,0,3.83,,
45983,2500,5,5,0,483.72,,
45995,42009G,10,5,5,1128.01,,
45996,42010R,6,4,2,1179.69,,
45997,42011T,3,3,0,1398.23,,
45998,42012V,4,2,2,1468.73,,
45999,42017F,4,3,1,480.33,,
46000,42018H,3,1,2,402.92,,
46001,42023A,8,4,4,434.53,,
46002,42026G,4,2,2,279.84,,
46004,42028L,4,2,2,31.76,,
46005,42029N,2,2,0,50.99,,
46006,42052H,0,0,0,25.37,,
46007,42053K,4,3,1,34.89,,
46008,42056S,12,8,4,31.13,,
46009,42060G,6,4,2,31.13,,
46010,71021K,4,4,0,93.49,,
46011,73639T,14,8,6,36.28,,
46012,EM11,1,1,0,3134.74,,
46013,EM12,1,1,0,4307.54,,
46014,EM21,1,1,0,4788.65,,
46015,EM22,1,1,0,6160.74,,
46016,EE11,1,1,0,2638.84,,
46017,EE12,1,1,0,4648.52,,
46018,EE21,0,0,0,2975.09,,
46019,EE22,1,1,0,4408.10,,
46020,MM11,1,1,0,3967.35,,
46021,MM12,1,1,0,5140.15,,
46022,MM21,0,0,0,6291.68,,
46023,MM22,0,0,0,7671.70,,
46024,MM11T,1,1,0,4017.11,,
46025,MM12T,1,1,0,5239.68,,
46026,MM21T,0,0,0,6359.57,,
46028,ME11,2,2,0,3463.57,,
46029,ME12,2,2,0,4636.37,,
46030,ME21,1,1,0,4811.15,,
46031,ME22,1,1,0,6191.19,,
46046,E70066,3,1,2,240.48,,
46047,E70145,5,3,2,385.59,,
46049,E70064,6,2,4,211.95,,
46050,E70142,9,5,4,277.98,,
46051,E70143,0,0,0,297.54,,
46054,E70058,0,0,0,448.36,,
46056,E70060,4,1,3,493.20,,
46058,E70059,2,2,0,448.36,,
46059,E70148,3,2,1,448.36,,
46060,E70061,6,2,4,493.20,,
46062,E70150,2,2,0,896.73,,
46146,1901140,1,1,0,439.44,,
46147,1901130,4,4,0,334.21,,
46148,1901120,5,3,2,267.37,,
46149,1901020,1,1,0,225.59,,
46165,1810302,2,0,2,352.15,,
46166,1810303,1,0,1,352.15,,
46195,710236-1,6,4,2,77.92,,
46224,1866460,2,0,2,25.41,,
46261,SLT6,46,31,15,98.36,,
46262,SLT10,54,26,28,116.68,,
46264,A06074,6,3,3,29.82,,
46267,010-11029-04,0,0,0,10.99,,
46272,305CRMB,8,5,3,23.03,,
46276,3034-F,0,0,0,213.64,,
46277,3036-F,0,0,0,281.90,,
46284,010-11483-00,64,26,38,20.99,,
46285,010-11482-01,0,0,0,41.24,,
46292,101134,0,0,0,519.08,,790.59
46295,3201,10,6,4,5.43,,8.98
46296,3202,12,7,5,5.43,,8.98
46297,3203,11,10,1,5.43,,8.98
46298,101135,0,0,0,543.99,,829.69
46299,101133,0,0,0,524.76,,799.19
46300,3205,9,3,6,13.35,,21.98
46301,3206,8,4,4,13.35,,21.98
46302,3207,7,6,1,13.35,,21.98
46316,101137,0,0,0,100.01,,151.29
46317,101138,17,13,4,98.90,,152.49
46318,101139,10,5,5,99.62,,153.29
46319,109PC,0,0,0,39.10,,
46320,118PF,12,5,7,29.26,,
46321,124PF,17,9,8,34.94,,
46322,124PF6,6,2,4,46.37,,
46323,136PF,0,0,0,41.81,,
46324,136PF6,17,11,6,51.76,,
46325,136PF9,0,0,0,69.19,,
46326,101097,9,4,5,102.60,,155.89
46327,101098,13,6,7,102.68,,156.09
46329,101147,0,0,0,161.36,,234.59
46330,101148,0,0,0,164.31,,239.49
46331,101144,9,3,6,18.26,,28.49
46332,101145,13,9,4,17.89,,27.89
46333,101146,21,7,14,18.25,,28.39
46334,216PC,0,0,0,37.64,,
46335,224PF,0,0,0,31.80,,
46336,230PF,0,0,0,35.67,,
46337,315FP4,0,0,0,66.14,,
46338,315FP6,0,0,0,74.66,,
46339,318P,0,0,0,26.90,,
46340,318P1/FPS3R,18,6,12,41.01,,
46343,519CG#3,0,0,0,513.55,,
46347,524C,0,0,0,290.45,,
46348,954DP2,0,0,0,217.03,,
46350,1174-BUCKET,1,1,0,176.64,,
46351,1177-BUCKET,0,0,0,193.31,,
46387,FPS-3R,0,0,0,11.37,,
46390,FVR1-3/4,0,0,0,17.83,,
46392,FPH-1-1/4-4,0,0,0,39.50,,
46394,FPH-1-1/4-6,0,0,0,46.06,,
46411,DP10-B,19,8,11,4.56,,
46412,DP10-W,0,0,0,4.56,,
46416,DP40-N,14,10,4,15.19,,
46417,DP40-B,2,1,1,15.19,,
46418,DP40-W,17,7,10,15.19,,
46419,DP40-B-C,20,10,10,19.07,,
46420,DP40-N-C,0,0,0,19.07,,
46421,DP40-W-C,9,4,5,19.63,,
46423,DP60-B,8,2,6,22.06,,
46424,DP60-N,10,10,0,22.06,,
46425,DP60-W,19,9,10,22.06,,
46426,DP60-B-C,23,10,13,26.47,,
46428,DP60-W-C,17,7,10,26.47,,
46429,DP62-B,0,0,0,22.06,,
46431,DP62-W,11,5,6,21.43,,
46433,DP80-N,0,0,0,32.86,,
46434,DP80-W,6,6,0,32.86,,
46435,DP80-B-C,2,2,0,30.49,,
46436,DP80-N-C,0,0,0,37.14,,
46437,DP80-W-C,6,5,1,29.00,,
46438,DP50-B,0,0,0,17.38,,
46440,DP50-W,8,8,0,17.38,,
46441,DP40BB,0,0,0,38.66,,
46442,DP40BW,0,0,0,39.79,,
46443,DP60BB,0,0,0,46.28,,
46444,DP60BW,0,0,0,46.28,,
46445,DP50BB,0,0,0,39.26,,
46446,DP50BN,0,0,0,38.14,,
46447,DP50BW,0,0,0,39.26,,
46449,DP61-W,0,0,0,23.18,,
46450,DP61-W-C,4,4,0,25.31,,
46451,DP63-N,11,3,8,22.51,,
46452,DP63-W,6,4,2,22.51,,
46453,DP81-W,0,0,0,35.23,,
46455,DP81-N-C,3,0,3,26.99,,
46457,DP83-N,12,3,9,36.26,,
46458,DP83-W,0,0,0,36.26,,
46459,HH-4,2,0,2,55.94,,
46460,HH-6B,4,4,0,16.50,,
46461,HH-6,11,2,9,16.50,,
46462,HH-61B,12,7,5,21.49,,
46463,HH-61,25,9,16,21.49,,
46464,HH-81B,10,10,0,16.50,,
46465,HH-81,17,6,11,18.59,,
46466,HH-8B,6,2,4,20.56,,
46467,HH-8,18,9,9,20.56,,
46468,HH-2,7,7,0,17.49,,
46469,HH-3,11,5,6,28.26,,
46471,305CRPN,28,20,8,12.95,,
46474,F111640,11,8,3,51.99,,
46482,AB-1100-HV-S,0,0,0,251.25,,
46483,AB-1100-HV-M,0,0,0,251.25,,
46484,AB-1100-HV-L,2,2,0,251.25,,
46485,AB-1100-HV-XL,3,3,0,251.25,,
46486,AB-1100-HV-XXL,1,1,0,251.25,,
46487,AC-1100-HV-S,0,0,0,278.13,,
46488,AC-1100-HV-M,0,0,0,278.13,,
46489,AC-1100-HV-L,0,0,0,278.13,,
46490,AC-1100-HV-XL,0,0,0,278.13,,
46491,AC-1100-HV-XXL,0,0,0,278.13,,
46492,438-BUCKET,0,0,0,317.68,,
46494,AS-1100-RB-S,0,0,0,486.88,,
46495,AS-1100-RB-M,0,0,0,486.88,,
46496,AS-1100-RB-L,0,0,0,486.88,,
46497,AS-1100-RB-XL,0,0,0,486.88,,
46498,AS-1100-RB-XXL,0,0,0,486.88,,
46499,AS-1100-HV-S,0,0,0,486.88,,
46500,AS-1100-HV-M,0,0,0,486.88,,
46502,AS-1100-HV-L,0,0,0,486.88,,
46503,AS-1100-HV-XL,0,0,0,486.88,,
46505,AS-1100-HV-XXL,0,0,0,486.88,,
46518,A80013,0,0,0,1450.27,,1779.00
46519,001-112-970,0,0,0,105.45,,
46525,SPM-3I-W,0,0,0,433.13,,
46536,HH,13,13,0,46.78,,
46552,112809,0,0,0,88.07,,138.99
46553,112829,0,0,0,93.13,,147.19
46554,"PDK 25503",11,9,2,122.22,179.95,
46555,113190,16,0,16,78.54,,124.19
46556,113191,0,0,0,108.95,,132.19
46557,113192,0,0,0,104.71,,127.59
46558,113193,0,0,0,41.85,,67.39
46559,113198,24,9,15,78.38,,123.89
46560,113199,17,9,8,80.42,,127.19
46561,113110,8,8,0,81.18,,128.09
46562,113111,14,6,8,109.02,,132.29
46563,113112,0,0,0,104.83,,127.69
46564,113113,22,8,14,41.85,,67.39
46565,113118,17,11,6,78.44,,123.99
46566,113119,0,0,0,78.29,,123.79
46567,113120,14,7,7,79.31,,125.19
46568,113121,9,7,2,109.01,,132.19
46569,113122,2,0,2,108.21,,157.59
46570,113123,20,6,14,41.27,,66.49
46571,113128,30,9,21,78.46,,123.99
46572,113129,17,5,12,78.74,,124.29
46573,MN2KKIT,13,11,2,111.93,,
46574,T70134,12,8,4,112.49,,
46626,"41 483",0,0,0,90.69,117.89,
46676,010-C1066-00,0,0,0,262.49,,
46694,TPAM80,1,1,0,105.80,,
46695,TPAM120,5,3,2,111.01,,
46696,USB-57B,6,3,3,21.41,,
46747,MS-OS420,25,17,8,42.40,,
46823,21501530,0,0,0,94.16,,
46824,21501540,0,0,0,94.16,,
46932,CT-99,5,2,3,17.65,,
46956,T10-485,24,7,17,23.60,,
46957,18555000A,9,4,5,247.93,,
46958,18550000A,18,11,7,195.99,,
46959,04406043A,70,36,34,164.60,,
46960,04406143A,0,0,0,107.79,,
46963,M000612,0,0,0,372.23,,
46964,LEMHTA400-S,0,0,0,148.09,,
46965,LEMHTA600-S,0,0,0,180.11,,
46966,NG1-100C,0,0,0,635.61,,
46967,NB1-100C,0,0,0,637.18,,
46968,NF-NF,5,2,3,39.98,,
46969,NM-CF,2,2,0,43.23,,
46970,NM-NM,7,3,4,40.02,,
46971,NM4P-05,0,0,0,48.03,,
46973,61126,0,0,0,25.07,,
46974,66302,0,0,0,34.35,,
46975,66402,0,0,0,35.67,,
46987,DM-DG1-DF-00.5,0,0,0,27.98,,
46989,DM-DG1-DF-01.0,2,0,2,31.98,,
46990,DM-DG1-DF-02.0,5,2,3,36.02,,
46991,DM-DG1-DF-03.0,3,2,1,40.02,,
46992,DM-DG1-DF-04.0,0,0,0,43.97,,
46993,DM-DG1-DF-05.0,0,0,0,48.03,,
46994,48903,0,0,0,50.20,,
46995,48103,0,0,0,50.20,,
46996,DM-DG1-DF-06.0,0,0,0,52.03,,
46998,DM-DG1-DF-08.0,0,0,0,55.97,,
47001,DM-DG1-DF-10.0,0,0,0,59.96,,
47003,DM-DB1-DF-00.5,0,0,0,27.98,,
47006,28103-00,0,0,0,50.20,,
47007,38103,0,0,0,50.20,,
47008,16004B,0,0,0,144.80,,
47010,DM-DB1-DF-01.0,4,2,2,32.02,,
47011,60000,0,0,0,75.09,,
47012,DM-DB1-DF-02.0,4,0,4,36.02,,
47013,DM-DB1-DF-03.0,4,2,2,40.02,,
47014,DM-DB1-DF-04.0,0,0,0,44.03,,
47015,DM-DB1-DF-05.0,2,1,1,47.97,,
47016,DM-DB1-DF-06.0,3,3,0,51.97,,
47017,34014,0,0,0,128.72,,
47018,DM-DB1-DF-08.0,0,0,0,56.03,,
47019,34024,0,0,0,104.58,,
47021,DM-DB1-DF-10.0,1,1,0,59.96,,
47023,DG1-100C,2,0,2,435.73,,
47024,DB1-100C,0,0,0,435.73,,
47025,CP-WH-ALM-100,0,0,0,20.01,,
47026,CP-BK-ALM100,0,0,0,19.99,,
47034,OC15109-6,0,0,0,151.65,,
47037,2606,0,0,0,71.63,,
47038,2612,0,0,0,82.16,,
47057,MC0075-1017,0,0,0,57.37,,
47058,MC0075-1034,0,0,0,57.37,,
47059,MC0075-1054,0,0,0,57.37,,
47060,PTM-R1-2,0,0,0,1628.29,,
47061,SPH-3I-W,0,0,0,281.25,,
47065,FP900UW00000A00,31,27,4,25.04,,
47066,FP900DW00000A00,22,15,7,25.04,,
47068,RC121012V,2,1,1,2944.89,4146.40,
47069,RC1210CAP12V,0,0,0,3209.41,4364.80,
47078,S30-15,5,0,5,37.34,,
47103,240-15NM,0,0,0,72.45,,
47347,ME60BT,16,7,9,44.99,,
47428,432-0010-01-00,0,0,0,5243.90,,
47429,432-0010-03-00,0,0,0,6309.90,,
47434,IF-NMEA2K2,1,0,1,290.91,,
47443,MSX65R,18,13,5,72.34,,
47454,MARE-004-1M-7,0,0,0,60.04,,
47456,MS-1035,0,0,0,6.40,,
47457,MS-1085-N,2,2,0,14.39,,
47459,MS-1075,0,0,0,4.33,,
47523,7504,0,0,0,59.65,,
47524,7509,1,0,1,67.99,,
47525,7601,11,3,8,69.99,,
47526,7611,4,4,0,83.13,,
47527,7649,11,6,5,111.00,,
47613,FNB-125,5,3,2,23.86,,
47616,CLIP-24,10,5,5,5.65,,
47661,010-11251-15,0,0,0,31.99,,
47663,124750,6,3,3,169.56,,
47664,311599,8,4,4,27.78,,
47665,311699,7,3,4,27.78,,
47667,S2-6110,0,0,0,1235.95,,
47669,59401,3,0,3,154.99,,
47781,HC1100,59,26,33,7.06,,
47782,HC1600,45,3,42,7.06,,
47823,RH-1,0,0,0,30.00,,
47824,MB30-RLY,0,0,0,30.00,,
47825,ES-3000-01,13,1,12,318.75,,
47839,P104330,0,0,0,188.00,,
47840,P104331,1,1,0,383.33,,
47841,P104332,0,0,0,72.53,,
47842,P104333,0,0,0,90.67,,
47844,P104345,0,0,0,184.44,,
47845,P104340,0,0,0,208.00,,
47846,P104372,0,0,0,182.20,,
47847,P104373,0,0,0,271.70,,
47848,P104335,0,0,0,103.33,,
47850,010-10249-40,1,0,1,74.99,,
47853,010-10218-21,2,0,2,125.99,199.99,
47854,010-10218-22,3,2,1,125.99,199.99,
47855,010-10217-21,0,0,0,187.49,249.99,
47856,010-10217-22,2,1,1,187.49,249.99,
47857,010-11937-20,0,0,0,1012.49,1349.99,
47862,B175C-12-H-8G,1,0,1,986.46,1299.00,
47863,010-11937-22,2,0,2,1012.49,1349.99,
47864,010-11939-20,0,0,0,1049.99,1399.99,
47865,010-11939-21,3,1,2,1049.99,1399.99,
47867,010-11938-20,0,0,0,1349.99,1799.99,
47868,010-11938-21,1,0,1,1349.99,1799.99,
47869,010-11938-22,0,0,0,1349.99,1799.99,
47870,010-11927-20,1,0,1,412.49,549.99,
47871,010-11927-21,2,0,2,412.49,549.99,
47872,010-11927-22,3,1,2,412.49,549.99,
47874,010-11634-21,0,0,0,674.99,899.99,
47875,010-11634-22,1,1,0,674.99,899.99,
47876,010-11636-20,0,0,0,659.99,,
47877,010-11636-21,3,0,3,659.99,,
47878,010-11636-22,3,1,2,659.99,,
47905,010-10717-20,0,0,0,118.99,199.99,
47907,101043,9,9,0,19.43,,30.69
47908,101044,20,8,12,19.45,,30.69
47909,101045,13,8,5,19.42,,30.69
47910,101046,24,15,9,19.45,,30.69
47911,101047,18,6,12,19.62,,30.69
47912,101048,0,0,0,19.02,,29.59
47913,1619DP2BLK,1,0,1,120.03,,
47914,"TM 81585",7,3,4,8.21,10.95,
48004,112509,0,0,0,85.40,,134.89
48005,112529,0,0,0,85.24,,134.59
48017,33-479-01,7,4,3,23.04,28.00,
48026,AIR-331-104-01,0,0,0,86.36,,
48027,AIR-331-104-02,0,0,0,196.00,,
48029,DT-800MSF,0,0,0,355.06,,
48043,FAP7002,0,0,0,1417.53,,
48044,FAP6112,1,0,1,349.66,,
48050,V11-0809BBK70-2,7,2,5,261.87,,
48053,V11-3426BBK50-2,3,1,2,399.99,,
48056,V11-3447BBK70-2,5,2,3,387.96,,
48057,V11-3447WWK50-2,4,2,2,352.64,,
48180,010-11612-00,16,9,7,22.49,,
48237,50010,11,0,11,55.05,,
48240,50020,2,2,0,20.75,,
48241,50044,8,6,2,23.69,,
48242,50025,9,7,2,21.97,,
48243,50048,4,4,0,23.56,,
48244,50030,13,7,6,20.03,,
48245,50040,10,7,3,24.04,,
48246,50050,13,9,4,138.55,,
48247,50055,10,10,0,140.51,,
48258,68,8,0,8,8.36,,
48260,A53S,14,4,10,189.20,,
48261,31911-0002,27,7,20,37.49,,
48262,275,38,14,24,6.13,,
48263,277,14,4,10,10.40,,
48264,278,98,50,48,9.65,,
48265,279,6,0,6,9.10,,
48266,285,9,1,8,8.00,,
48267,286,16,5,11,13.85,,
48270,66,42,16,26,12.19,,
48271,IL200,4,2,2,34.26,,
48272,IL200P,6,3,3,57.65,,
48273,IL200K,2,2,0,61.74,,
48274,IL500P,6,6,0,62.36,,
48277,200WX,3,2,1,1074.85,,
48278,113010,10,3,7,157.26,,
48279,1130-FT,29,29,0,2.50,,
48280,113510,11,1,10,157.26,,
48281,1135-FT,60,60,0,2.50,,
48282,113910,8,3,5,157.26,,
48283,1139-FT,60,60,0,2.50,,
48284,114010,4,3,1,257.94,,
48285,1140-FT,94,94,0,3.80,,
48286,114510,3,3,0,257.94,,
48287,1145-FT,86,86,0,4.80,,
48288,114910,3,2,1,257.94,,
48289,1149-FT,100,100,0,4.80,,
48290,115010,0,0,0,329.00,,
48291,1150-FT,37,37,0,6.50,,
48292,115510,5,3,2,329.00,,
48293,1155-FT,29,29,0,6.50,,
48294,115910,0,0,0,329.00,,
48296,116010,8,7,1,394.30,,
48297,1160-FT,38,38,0,5.77,,
48298,116510,4,3,1,394.30,,
48299,1165-FT,50,50,0,5.77,,
48300,116910,3,1,2,394.30,,
48301,1169-FT,34,34,0,5.77,,
48302,117010,7,3,4,475.09,,
48303,1170-FT,19,19,0,7.17,,
48304,117510,5,2,3,475.09,,
48305,1175-FT,220,220,0,7.17,,
48306,117910,4,1,3,475.09,,
48307,1179-FT,22,22,0,7.17,,
48308,MX8713CR,0,0,0,403.62,,
48309,108310,10,6,4,46.02,,
48310,1083-FT,54,54,0,1.20,,
48311,120710,1,1,0,294.27,,
48312,1207-FT,24,24,0,4.17,,
48313,120910,9,6,3,168.20,,
48314,1209-FT,25,25,0,2.37,,
48315,121110,2,0,2,100.16,,
48316,1211-FT,149,149,0,1.64,,
48317,156610,4,3,1,77.84,,
48318,1566-FT,48,48,0,1.26,,
48319,156410,3,3,0,96.10,,
48320,1564-FT,20,20,0,1.56,,
48328,108010,9,5,4,43.44,,
48329,1080-FT,410,410,0,1.20,,
48330,108810,7,4,3,43.44,,
48331,1088-FT,14,14,0,1.20,,
48332,F16-2810-1,6,2,4,79.81,,
48338,F16-2600POL-1,14,6,8,121.15,,
48339,F16-2623POL-1,10,6,4,128.17,,
48340,F16-2630POL-1,8,5,3,146.15,,
48347,111010,10,4,6,71.38,,
48348,1110-FT,65,65,0,1.72,,
48349,111310,5,2,3,71.38,,
48350,1113-FT,100,100,0,1.72,,
48351,111510,11,7,4,71.38,,
48352,1115-FT,197,197,0,1.72,,
48353,112010,7,3,4,114.83,,
48354,1120-FT,23,23,0,1.78,,
48355,112310,4,0,4,114.83,,
48356,1123-FT,42,42,0,1.78,,
48357,112510,7,1,6,114.83,,
48358,1125-FT,100,100,0,1.78,,
48359,21431730,5,4,1,85.56,,
48360,21431930,0,0,0,85.56,,
48361,252234,25,5,20,1.74,,
48362,242234,11,6,5,16.23,,
48363,244234,6,2,4,47.81,,
48364,252235,30,16,14,1.74,,
48365,242235,12,6,6,16.23,,
48366,244235,6,3,3,47.52,,
48369,252236,16,8,8,1.74,,
48370,242236,14,5,9,16.23,,
48371,244236,13,10,3,47.81,,
48373,252244,50,21,29,2.63,,
48374,242244,14,9,5,22.33,,
48375,244244,7,4,3,63.44,,
48376,252245,53,15,38,2.63,,
48377,242245,11,3,8,22.33,,
48378,244245,9,3,6,66.60,,
48379,252246,40,20,20,2.63,,
48380,242246,16,7,9,22.33,,
48381,244246,9,4,5,74.22,,
48382,252241,12,6,6,2.62,,
48385,HC15F,0,0,0,150.19,259.99,
48387,HC15S,7,2,5,94.18,153.99,
48390,252254,20,5,15,2.63,,
48392,242254,14,5,9,24.15,,
48397,244254,8,5,3,71.43,,
48398,252255,38,13,25,3.06,,
48399,242255,0,0,0,28.51,,
48400,244255,7,5,2,85.41,,
48401,252256,50,19,31,3.06,,
48402,242256,10,4,6,28.51,,
48403,244256,7,2,5,85.41,,
48404,252257,6,3,3,3.99,,
48405,242257,3,3,0,15.30,,
48406,252251,18,9,9,3.50,,
48407,252265,38,19,19,3.50,,
48408,242265,23,12,11,32.83,,
48409,244265,9,4,5,98.57,,
48410,252266,33,7,26,4.79,,
48411,242266,27,9,18,44.71,,
48412,244266,0,0,0,136.27,,
48413,252267,14,3,11,4.77,,
48414,252261,7,4,3,4.79,,
48415,252275,9,3,6,3.50,,
48416,242275,5,3,2,34.17,,
48417,252276,15,4,11,3.50,,
48418,242276,8,3,5,34.17,,
48427,252285,18,7,11,4.00,,
48428,242285,8,7,1,39.47,,
48429,244285,5,2,3,116.76,,
48430,252286,28,9,19,4.00,,
48432,242286,8,4,4,44.06,,
48433,244286,5,3,2,116.76,,
48434,252287,8,4,4,5.23,,
48435,252295,37,14,23,4.79,,
48436,242295,19,9,10,46.48,,
48437,244295,4,3,1,138.49,,
48438,252296,43,20,23,4.79,,
48439,242296,23,9,14,46.48,,
48440,244296,6,1,5,138.49,,
48441,252297,9,4,5,4.77,,
48442,242297,5,2,3,18.86,,
48443,260100,64,17,47,3.27,,
48444,260200,99,47,52,3.56,,
48445,260325,32,19,13,6.24,,
48446,260010,3,0,3,7.80,,
48447,260012,3,2,1,9.17,,
48448,260322,1,0,1,24.12,,
48460,1035,4,4,0,8.61,,
48465,21432311,0,0,0,76.95,,
48466,21501740,0,0,0,94.16,,
48467,21501940,0,0,0,94.16,,
48482,010-11855-00,0,0,0,15.99,,
48483,G-5,8,8,0,45.77,,
48484,G-7,0,0,0,58.75,,
48485,G-11,14,6,8,80.61,,
48486,G-16,12,3,9,116.82,,
48487,G-23,4,1,3,184.45,,
48488,000-171-974,0,0,0,175.45,,
48489,000-171-975,0,0,0,114.55,,
48493,010-11617-10,7,5,2,33.75,,
48494,118505,4,2,2,349.20,,
48495,1185-FT,44,44,0,9.53,,
48496,119505,2,0,2,371.60,,
48497,1195-FT,42,42,0,11.93,,
48498,252715,12,7,5,5.83,,
48499,242715,11,7,4,23.21,,
48500,252716,10,0,10,6.13,,
48501,242716,6,4,2,23.67,,
48502,252717,10,5,5,6.13,,
48503,252725,26,18,8,7.45,,
48504,242725,25,15,10,31.99,,
48505,252726,23,11,12,7.50,,
48506,242726,26,9,17,31.99,,
48507,252727,11,5,6,7.50,,
48508,242727,5,1,4,31.99,,
48522,010-01140-00,6,4,2,374.99,,
48526,432-0010-11-00,0,0,0,6227.90,,
48527,432-0010-13-00,0,0,0,7156.00,,
48529,311399,22,14,8,27.78,,
48530,311499,14,3,11,27.78,,
48531,312399,14,5,9,38.28,,
48532,312499,7,3,4,38.28,,
48533,312599,11,6,5,38.28,,
48534,312699,8,2,6,38.28,,
48548,MS-BT100,78,41,37,45.49,,
48628,1247-FT,23,23,0,0.60,,
48639,LLB-33JW-81-OT,0,0,0,50.91,,
48641,LLB-33RW-81-OT,0,0,0,50.91,,
48642,LLB-33SW-81-OT,0,0,0,50.91,,
48643,LLB-49WR-21-CR,4,3,1,80.12,,
48658,010-11580-00,10,4,6,17.49,,
48684,A80228,4,2,2,195.82,,
48707,LLB-11TW-61-00,0,0,0,9.89,,
48711,LLB-21UW-21-00,6,4,2,9.89,,
48714,PRC200BC,46,20,26,84.77,136.99,
48715,LLB-21TW-21-00,2,2,0,9.89,,
48717,LLB-216W-21-00,0,0,0,9.14,,
48721,LLB-186W-21-00,3,3,0,7.62,,
48722,LLB-202W-21-00,1,1,0,6.85,,
48727,LLB-26FC-21-00,0,0,0,9.14,,
48728,LLB-26FW-21-00,0,0,0,9.14,,
48729,LLB-229W-21-00,0,0,0,3.80,,
48730,LLB-269W-21-00,0,0,0,3.80,,
48736,LLB-44BG-01-00,0,0,0,4.40,,
48737,LLB-44DG-01-00,0,0,0,4.40,,
48738,LLB-44EE-01-00,0,0,0,11.00,,
48739,LLB-453W-01-02,0,0,0,39.98,,
48740,LLB-453W-01-05,1,1,0,68.80,,
48741,LLB-453R-01-02,0,0,0,39.98,,
48742,LLB-453R-01-05,2,2,0,68.80,,
48743,LLB-453B-01-02,0,0,0,39.98,,
48744,LLB-453B-01-05,6,0,6,68.80,,
48745,05903-00,0,0,0,70.01,,
48746,LLB-463W-01-05,0,0,0,45.55,,
48750,22102,6,3,3,38.35,,
48751,22702,5,3,2,35.56,,
48752,22502,3,1,2,35.56,,
48756,33103,0,0,0,40.95,,
48757,LLB-453M-01-02,0,0,0,39.98,,
48758,LLB-453M-01-05,6,2,4,68.80,,
48772,1050,0,0,0,29.47,,
48775,2010,10,0,10,28.39,,
48776,4020,36,23,13,27.62,,
48779,80300,7,2,5,53.59,,
48792,805950,18,9,9,24.29,,
48793,805900,0,0,0,48.57,,
48794,805950B,5,5,0,22.97,,
48795,805900B,12,3,9,45.33,,
48796,AT-3-50,9,2,7,18.92,,
48797,803900,10,5,5,37.84,,
48798,803950B,12,7,5,18.92,,
48799,803900B,2,2,0,37.84,,
48801,80113,6,3,3,14.19,,
48802,80113B,0,0,0,15.00,,
48803,83212,15,6,9,19.38,,
48804,83216,10,4,6,21.89,,
48805,83220,16,6,10,24.38,,
48806,83224,23,10,13,25.54,,
48807,102412,2,2,0,24.00,,
48809,102424,2,1,1,27.70,,
48812,142016,26,9,17,27.57,,
48813,142024,15,10,5,29.32,,
48815,142032,0,0,0,41.89,,
48816,142040,0,0,0,46.49,,
48823,80725,0,0,0,55.86,,
48824,807100,0,0,0,228.38,,
48825,809025,7,4,3,27.36,,
48826,809100,0,0,0,109.46,,
48827,901024,0,0,0,59.05,,
48828,901420,0,0,0,64.32,,
48831,60250,0,0,0,16.22,,
48833,60500,0,0,0,29.73,,
48834,60625,0,0,0,32.43,,
48835,60750,0,0,0,38.51,,
48836,601000,0,0,0,44.26,,
48838,80375,0,0,0,30.28,,
48839,80500,0,0,0,44.76,,
48840,80625,0,0,0,50.34,,
48841,80750,0,0,0,59.68,,
48842,801000,0,0,0,66.55,,
48866,CVS-1266012,0,0,0,965.30,,
48867,CVS-1266020,0,0,0,965.30,,
48873,201010,1,0,1,265.19,,
48874,402010,3,2,1,272.53,,
48883,71245,2,2,0,8.58,,
48884,90051,0,0,0,23.01,,
48885,90191-00,0,0,0,23.01,,
48886,90261,0,0,0,40.63,,
48889,90331,0,0,0,25.72,,
48891,90511,0,0,0,22.33,,
48892,90681-00,1,0,1,16.00,,
48893,90791,0,0,0,22.33,,
48896,09-1026B-9,0,0,0,22.46,,
48897,09-1027B-10,0,0,0,32.37,,
48899,09-1028B-9,0,0,0,34.35,,
48901,09-1052S-9,0,0,0,20.64,,
48902,09-1077B-9,0,0,0,27.74,,
48903,09-13384,3,2,1,169.09,,
48907,09-5000,0,0,0,60.77,,
48908,09-6000,0,0,0,60.77,,
48909,09-802B,0,0,0,97.89,,
48912,09-810B-9,0,0,0,22.72,,
48914,09-814B,0,0,0,84.54,,
48916,09-819B-9,0,0,0,58.12,,
48917,09-820B,0,0,0,244.02,,
48920,09-824P-9,0,0,0,25.10,,
48921,09-842B,0,0,0,260.11,,
48922,09-843S-9,0,0,0,27.74,,
48972,T70152,26,13,13,1614.12,,
48973,T70153,2,1,1,1614.12,,
48974,T70154,2,1,1,1524.45,,
49025,15101,1,0,1,86.99,,
49034,32-0510-50,0,0,0,208.41,,
49037,412-BK,4,4,0,6.93,,
49040,19-0410,0,0,0,347.35,,
49048,A80229,8,4,4,224.99,,
49049,A80230,3,2,1,341.66,,
49050,A80227,0,0,0,137.49,,
49078,32-1087-50,1,0,1,69.99,,
49092,1128A00BLK,1,0,1,173.09,,
49093,1127RA0BLK,0,0,0,153.88,,
49094,1127GA0BLK,2,2,0,173.09,,
49095,1129A00BLK,0,0,0,173.09,,
49096,1129MA0BLK,0,0,0,173.09,,
49097,1130A00BLK,0,0,0,173.09,,
49098,1365E00BLK,0,0,0,455.81,,
49099,0314C0712V,3,1,2,1144.35,,
49100,PSU017,0,0,0,627.32,,
49104,E70096,7,4,3,717.38,,
49108,E70098,2,0,2,485.04,,
49109,E70099,3,2,1,851.89,,
49110,E70139,0,0,0,1834.23,,
49111,E70100,6,2,4,1927.98,,
49112,R70160,3,2,1,204.16,,
49113,0374001CLR,0,0,0,44.23,,
49114,0374002CLR,17,10,7,44.24,,
49116,0374003CLR,0,0,0,39.32,,
49117,0374004CLR,3,0,3,44.23,,
49118,0342024CLR,0,0,0,61.81,,
49130,16004B-24,0,0,0,150.17,,
49133,10-13252-103-BW,0,0,0,147.95,,
49134,10-13252-107-BW,0,0,0,150.59,,
49135,10-13350-03,0,0,0,190.40,,
49136,10-13350-04,3,2,1,214.53,,
49137,10-13395-103,0,0,0,113.60,,
49139,73681S,4,2,2,74.65,,
49140,42054M,0,0,0,52.15,,
49141,42057U,4,2,2,36.87,,
49142,"UFO X",37,37,0,197.27,,
49143,7241321FG,10,6,4,166.78,,
49145,7241321FGK,6,4,2,191.89,,
49146,7241521FGK,5,4,1,200.65,,
49153,58121,8,4,4,229.93,,
49154,58130,6,3,3,231.93,,
49155,58131,9,5,4,261.33,,
49156,58140,15,8,7,198.07,,
49158,58180,26,23,3,46.77,,
49159,58182,9,9,0,49.39,,
49160,58183,0,0,0,82.43,,
49162,58231,14,9,5,52.39,,
49163,58300,22,11,11,46.97,,
49164,58275,0,0,0,39.62,,
49167,CAB000863,3,1,2,15.66,,
49182,B265LH,0,0,0,1422.22,,
49184,PM265LH,0,0,0,1438.20,,
49189,11953-4,5,2,3,28.86,,
49194,11780-6,18,9,9,4.54,,
49195,11776-5,1,1,0,23.98,,
49196,11775-5,6,4,2,13.59,,
49217,6005200,6,3,3,21.96,,
49218,6010200,5,0,5,44.44,,
49219,6011200,9,3,6,36.56,,
49220,12VCP,16,5,11,40.27,,
49221,150BBI,31,2,29,20.51,,
49222,S20-15,0,0,0,45.31,,
49223,S15-30,8,0,8,37.34,,
49224,S20-30,3,2,1,62.23,,
49225,6152SPP-25,3,1,2,441.81,,
49226,6152SPPW-25,0,0,0,514.30,,
49227,6152SPP,0,0,0,620.83,,
49228,6152SPPW,0,0,0,673.58,,
49229,12VBR,11,3,8,21.80,,
49230,12VBP,11,10,1,15.67,,
49231,12VBRAD,8,4,4,14.28,,
49232,12VCP6,8,2,6,45.37,,
49240,6369CR,7,4,3,112.66,,
49241,6370CR,2,2,0,90.92,,
49242,305CRRB,5,3,2,25.69,,
49243,6371EL-B,5,2,3,123.66,,
49244,6373EL-B,20,7,13,158.26,,
49245,6373EL,11,0,11,167.83,,
49246,2018BP-12,0,0,0,19.40,,
49247,2018BP-24,13,7,6,18.45,,
49248,2018BR-MB,12,7,5,57.72,,
49249,2018PKG,2,1,1,93.64,,
49250,2018BR,2,2,0,38.72,,
49257,RY504-2-30,9,4,5,321.28,,
49259,110A,8,2,6,102.35,,
49260,115A,7,4,3,166.10,,
49261,117A,7,2,5,142.99,,
49262,199120,9,4,5,110.02,,
49263,12VPG,7,0,7,8.07,,
49264,12VCPS2,49,8,41,32.58,,
49293,150400-200-060-12,0,0,0,97.60,,
49294,150400-200-070-12,5,0,5,81.00,,
49295,150400-200-080-12,0,0,0,97.60,,
49301,151200-200-004-13,12,0,12,63.53,,
49302,100200-200-002-12,19,8,11,61.84,,
49305,100100-200-002-12,6,3,3,39.00,,
49306,100100-200-004-12,0,0,0,56.30,,
49308,102000-200-002-12,0,0,0,13.88,,
49309,102000-200-004-12,3,0,3,10.49,,
49310,102000-200-005-12,0,0,0,13.88,,
49312,102200-200-004-12,5,3,2,65.75,,
49333,A80277,0,0,0,312.49,,
49335,A80273,0,0,0,38.34,,
49345,6360CRN,9,4,5,72.44,,
49346,6153SPP,5,3,2,437.37,,
49347,6153SPP-25,0,0,0,389.40,,
49348,6153SPPW,0,0,0,509.08,,
49351,CS30-12,11,8,3,57.95,,
49352,CS30-25,10,5,5,98.57,,
49353,CS30-50,16,5,11,112.99,,
49354,CS503-25,5,2,3,428.19,,
49355,CS503-50,0,0,0,480.92,,
49356,CS504-25,7,3,4,485.86,,
49357,CS504-50,12,5,7,682.69,,
49358,P15-30,9,3,6,48.12,,
49359,P30-15,0,0,0,53.06,,
49360,P503-30,5,3,2,120.35,,
49361,P30-503,9,5,4,154.65,,
49362,P504-30,6,2,4,141.69,,
49363,P30-504,2,2,0,168.14,,
49364,P504-503,5,2,3,205.64,,
49365,Y503-2-30,0,0,0,225.84,,
49366,Y504-2-30,4,1,3,194.33,,
49367,Y504-2-503,0,0,0,431.42,,
49368,Y30-2-30,3,3,0,174.99,,
49369,Y504-2-504,3,2,1,416.66,,
49390,2882.91,2,2,0,109.86,,
49391,2883.91,2,2,0,109.86,,
49392,2884.91,2,2,0,124.54,,
49393,2885.91,2,2,0,109.86,,
49394,305CRCN.VPK,12,6,6,39.86,,
49395,103RN,6,4,2,13.24,,
49396,103ELN,0,0,0,14.14,,
49397,6361CRN,3,2,1,62.10,,
49398,2848.91,0,0,0,272.70,,
49399,2846.91,0,0,0,272.70,,
49400,2842.91,0,0,0,272.70,,
49401,2844.91,0,0,0,272.70,,
49402,2874.91,0,0,0,272.70,,
49403,2875.91,0,0,0,272.70,,
49404,7715CRN,13,11,2,20.51,,
49405,7715ELN,7,4,3,20.51,,
49406,A80160,2,2,0,72.43,,
49407,18598-1000,8,0,8,80.21,,
49410,GS-280,2,1,1,1487.92,,
49411,GS-2801,5,3,2,1501.99,,
49513,010-11932-00,0,0,0,19.99,,
49537,GS-170-2,2,1,1,470.76,,
49538,F16-0311C-1,0,0,0,122.15,,
49543,V30-0744B8-2,0,0,0,11.45,,
49544,V30-0748B8-2,12,6,6,14.09,,
49545,V30-1333B10-1,0,0,0,22.72,,
49546,V30-0202B10-1,9,6,3,25.68,,
49547,V30-0109B10-1,6,3,3,20.47,,
49548,V30-0113B10-1,3,3,0,21.08,,
49549,V30-1005B25-1,2,2,0,56.08,,
49550,V30-1005W25-1,10,3,7,56.08,,
49551,V30-1008B25-1,0,0,0,56.08,,
49552,V30-1008W25-1,10,5,5,56.08,,
49553,V30-1312B25-1,0,0,0,63.27,,
49554,V30-1312W25-1,10,6,4,63.45,,
49555,V30-1316B25-1,1,1,0,63.31,,
49556,V30-1316W25-1,6,2,4,60.71,,
49568,MS6007BR,4,2,2,51.94,,
49570,22823,12,2,10,13.44,,
49571,22833,20,20,0,19.21,,
49572,22853,30,24,6,29.50,,
49585,P66-BL,0,0,0,150.12,199.00,
49597,A28167,7,4,3,63.91,,
49611,RAP-395T-BCU,0,0,0,7.35,11.49,
49622,1901122,10,6,4,309.57,,
49665,010-11409-20,11,6,5,11.24,,
49718,CN-3,38,2,36,8.80,,
49721,FBA-42,2,0,2,18.75,,
49723,FBA-44,6,4,2,18.75,,
49727,B117-DT-BL,0,0,0,218.81,289.99,
49733,E-DC-19A,6,4,2,24.75,,
49734,E-DC-6,5,2,3,7.50,,
49735,SPR-1I-RM,1,1,0,137.65,,
49736,SPR-7-RM,0,0,0,328.24,,
49740,001-167-880-10,0,0,0,54.55,,
49741,001-167-900-10,0,0,0,100.91,,
49745,LLB-28NW-24-SY,1,1,0,42.26,,
49750,"SS 01306",12,6,6,10.69,16.95,
49754,"BC 01806",17,7,10,11.67,17.95,
49755,"BC 01810",24,13,11,50.72,69.95,
49759,LLB-33AW-81-OT,0,0,0,47.73,,
49760,LLB-33BW-81-OT,0,0,0,47.73,,
49761,LLB-33CW-81-OT,1,1,0,58.56,,
49762,LLB-33EW-81-OT,0,0,0,50.91,,
49766,3970.3,6,6,0,59.57,,
49767,3971.3,0,0,0,65.48,,
49772,010-11977-00,0,0,0,14.99,,
49773,010-11994-00,0,0,0,34.99,,
49800,154000-200-020-13,0,0,0,538.13,,
49801,154000-200-004-13,0,0,0,538.13,,
49802,154000-200-005-13,0,0,0,591.27,,
49803,154100-200-020-13,0,0,0,614.95,,
49804,154100-200-004-13,2,2,0,499.99,,
49805,154100-200-005-13,0,0,0,658.95,,
49819,E70227,4,2,2,269.01,,
49820,2714.4,0,0,0,183.71,,
49850,11031A,0,0,0,6.73,,
49851,11065A,22,10,12,5.08,,
49852,23000,0,0,0,19.56,,
49853,23102,12,4,8,14.21,,
49854,23103,4,0,4,22.74,,
49855,25006GA,15,5,10,21.74,,
49856,27700,20,11,9,162.39,199.99,
49857,27710,13,9,4,181.77,229.99,
49858,27850,18,11,7,39.31,,
49859,29300,12,12,0,18.49,,
49860,29330,11,0,11,17.79,,
49861,29331,2,0,2,22.95,,
49862,29332,5,5,0,20.12,,
49863,29333,1,0,1,18.77,,
49864,27635,5,2,3,162.35,,
49865,26051A,18,12,6,21.27,,
49866,26053A,13,0,13,8.77,,
49867,53690A,67,12,55,26.99,49.99,
49868,55108A,16,10,6,62.03,,
49882,133-4,5,5,0,4.89,,
49883,133-16,14,14,0,14.13,,
49885,368,12,12,0,13.95,,
49886,1158,5,5,0,25.88,,
49887,1159,0,0,0,26.44,,
49928,710237-1,0,0,0,97.40,,
49976,720085-1,9,3,6,26.55,,
50042,81-2022-12,1,0,1,1365.41,,
50057,2278,7,7,0,88.53,,
50058,2279,15,4,11,51.88,,
50064,SPL-12W,17,9,8,375.05,,
50067,SPLR-3,7,2,5,38.99,,
50068,202319,5,2,3,5.59,,
50069,202320,0,0,0,5.80,,
50074,3726BC,5,3,2,29.81,,
50075,3730BC,5,2,3,24.56,,
50076,6228BC,0,0,0,50.64,,
50077,6230BC,0,0,0,43.30,,
50078,6228WC,0,0,0,51.16,,
50079,6230WC,0,0,0,44.05,,
50080,02840000A,6,4,2,524.46,,
50082,29092-1000,54,30,24,12.15,,
50083,S-0235C,0,0,0,98.66,,
50084,S-0236C,0,0,0,125.60,,
50087,S-0239C,0,0,0,59.70,,
50088,3226BC,48,35,13,27.91,,
50091,3230BC,48,26,22,21.71,,
50092,6094C,5,2,3,51.00,,
50093,6095C,0,0,0,54.70,,
50094,6096C,5,2,3,49.88,,
50095,6097C,0,0,0,52.38,,
50096,S-0976C,6,6,0,5.96,,
50097,S-0976BC,34,23,11,5.87,,
50100,6223C,3,2,1,42.71,,
50101,6349,0,0,0,131.01,,
50102,S-1320,0,0,0,80.96,,
50105,6263,0,0,0,25.31,,
50106,S-1524C,0,0,0,16.84,,
50107,S-1525C,0,0,0,17.60,,
50108,S-1526C,0,0,0,22.63,,
50109,S-1527C,0,0,0,28.32,,
50110,S-1528C,0,0,0,34.27,,
50111,6098C,0,0,0,48.83,,
50112,6099C,0,0,0,97.40,,
50113,6970C,5,2,3,30.91,,
50121,1133-F,0,0,0,46.52,,
50122,1205-F,0,0,0,100.49,,
50123,101245,4,2,2,212.26,,344.19
50124,101246,22,7,15,212.00,,343.69
50125,1200-F,0,0,0,105.52,,
50126,95-077-F,1,0,1,157.47,,
50127,1008-F,23,11,12,28.20,,
50128,1058-F,3,0,3,10.45,,
50129,1059-F,9,6,3,11.96,,
50130,73-071-F,2,2,0,71.33,,
50149,1363660,1,0,1,1477.84,,1749.99
50152,FRRRCR902000A00,0,0,0,358.85,,
50153,FRRRCR904000A00,0,0,0,400.57,,
50154,FRRRCH902000A00,0,0,0,171.08,,
50156,FRRRCP902000A00,0,0,0,121.01,,
50157,FRRRCP904000A00,0,0,0,129.35,,
50166,1363860,0,0,0,1105.60,,
50167,1363844,3,1,2,319.04,,
50168,1363854,1,0,1,455.57,,
50169,1363845,1,1,0,355.83,,
50170,1363855,1,1,0,489.27,,
50174,1363856,1,0,1,504.15,,
50179,FVC100358220Q00,3,1,2,560.65,,
50193,FVC070312130Q00,2,1,1,353.01,,
50194,FVC070312120Q00,2,1,1,297.93,,
50206,MS-CBUSBFM1,13,4,9,19.49,,
50208,1810222,1,1,0,203.40,,
50213,114110,0,0,0,87.80,,137.29
50214,1852072,0,0,0,31.22,,
50215,1865023,8,2,6,36.32,,
50216,114113,0,0,0,45.79,,69.69
50217,114118,7,4,3,84.81,,129.89
50218,114119,0,0,0,81.52,,128.09
50219,114120,0,0,0,87.85,,137.29
50220,114123,0,0,0,48.19,,77.99
50221,114128,11,7,4,87.73,,137.09
50222,114129,0,0,0,87.82,,137.19
50232,1210-0001-P,9,5,4,32.21,,
50233,13554-0001-P,7,6,1,52.04,,
50234,17018-0001-P,11,3,8,60.30,,
50235,17935-0001-P,22,11,11,61.12,,
50236,17936-0001-P,19,12,7,95.81,,
50237,17937-0001-P,11,3,8,32.28,,
50238,18838-0001-P,9,6,3,35.51,,
50239,18777-0001-P,8,2,6,37.25,,
50240,18948-0001-P,10,4,6,44.52,,
50241,22405-0001-P,15,5,10,24.53,,
50242,6056-0003-P,10,6,4,116.40,,
50243,6303-0003-P,18,5,13,23.95,,
50244,6303-0007-P,33,13,20,36.80,,
50245,836-0001-P,21,7,14,51.21,,
50246,836-0003-P,3,3,0,51.21,,
50247,920-0001-P,7,4,3,31.53,,
50248,14750-0003-P,4,1,3,32.21,,
50249,17370-0001-P,10,5,5,121.42,,
50251,5929-0003-P,4,4,0,86.74,,
50252,6760-0003-P,3,0,3,173.46,,
50253,6080C,0,0,0,17.92,,
50254,9200-0023-P,13,8,5,40.56,,
50255,6180C,0,0,0,21.65,,
50256,920-0003-P,18,5,13,34.69,,
50257,6079C,0,0,0,18.56,,
50258,6179C,8,0,8,21.89,,
50259,6215C,0,0,0,15.92,,
50260,6216C,0,0,0,14.84,,
50261,6091C,0,0,0,21.91,,
50262,6081C,0,0,0,17.92,,
50263,6181C,0,0,0,23.96,,
50264,6225C,0,0,0,18.19,,
50265,6226C,0,0,0,20.33,,
50266,6279C,0,0,0,20.03,,
50267,6280C,0,0,0,21.15,,
50268,6090,0,0,0,50.45,,
50281,6190,0,0,0,54.36,,
50282,6130,0,0,0,52.37,,
50284,6050,0,0,0,25.45,,
50288,6048C,0,0,0,33.08,,
50291,6049C,0,0,0,25.67,,
50293,6084,0,0,0,43.28,,
50295,6184,0,0,0,43.38,,
50297,6229C,0,0,0,20.09,,
50299,S-7091P,0,0,0,45.96,,
50300,S-7092P,0,0,0,53.65,,
50303,S-7093P,0,0,0,60.77,,
50307,11901,0,0,0,44.92,,
50333,6028,0,0,0,15.64,,
50334,6029,0,0,0,22.30,,
50335,S-3433,0,0,0,9.74,,
50336,33611,0,0,0,97.78,,
50337,S-1492,6,0,6,5.01,,
50338,33621,0,0,0,99.13,,
50339,S-3030,19,12,7,2.26,,
50340,33631,1,0,1,102.79,,
50341,S-3031,0,0,0,2.25,,
50342,6007,0,0,0,15.36,,
50343,6021,2,0,2,16.73,,
50344,S-3436,0,0,0,9.30,,
50345,S-3032,0,0,0,2.05,,
50346,S-3033,0,0,0,2.05,,
50347,6161,0,0,0,31.64,,
50348,6162,0,0,0,34.33,,
50349,S-3025,0,0,0,6.56,,
50350,S-3439,2,2,0,8.67,,
50351,S-3440,0,0,0,7.60,,
50352,6027C,0,0,0,40.51,,
50353,S-0990C,0,0,0,20.11,,
50354,S-0990BC,0,0,0,20.32,,
50355,6211C,0,0,0,35.00,,
50356,6018C,0,0,0,27.97,,
50357,S-0991,0,0,0,11.57,,
50358,6024L,0,0,0,28.97,,
50359,6024R,2,2,0,28.97,,
50360,6390,0,0,0,14.16,,
50361,6391,0,0,0,14.30,,
50362,6163,0,0,0,13.37,,
50365,6164,0,0,0,22.56,,
50366,S-1497,0,0,0,4.69,,
50367,S-3034,0,0,0,2.06,,
50368,S-3035,0,0,0,2.05,,
50369,S-3415,0,0,0,4.88,,
50370,S-3416,0,0,0,7.35,,
50371,S-3417,0,0,0,6.35,,
50372,S-3418,0,0,0,10.62,,
50373,S-3419,0,0,0,12.25,,
50374,S-3420,0,0,0,11.99,,
50375,S-3421,0,0,0,10.02,,
50376,S-3422,0,0,0,7.35,,
50377,S-3425,0,0,0,12.58,,
50378,6025,4,0,4,13.34,,
50379,6026,3,0,3,19.06,,
50380,S-3428,0,0,0,13.73,,
50381,S-3430,13,7,6,13.19,,
50382,S-0604,0,0,0,12.79,,
50383,S-0604BC,19,1,18,10.16,,
50384,S-0605C,0,0,0,18.41,,
50385,S-0605BC,7,3,4,11.57,,
50386,6384,0,0,0,53.04,,
50387,6160,3,1,2,22.26,,
50388,S-3422R,0,0,0,7.85,,
50389,S-3700,5,2,3,13.94,,
50390,S-3705,19,12,7,13.79,,
50391,S-3444,8,4,4,13.84,,
50392,6342C,0,0,0,28.69,,
50393,S-4051C,0,0,0,15.63,,
50394,S-0579C,0,0,0,11.93,,
50395,S-0579BC,0,0,0,9.26,,
50396,S-1400C,0,0,0,8.83,,
50397,6343C,0,0,0,21.83,,
50398,S-4052C,0,0,0,12.69,,
50399,S-0578C,0,0,0,11.40,,
50400,S-4053C,0,0,0,15.23,,
50401,S-0585C,0,0,0,9.56,,
50402,S-0585BC,0,0,0,10.59,,
50403,S-0586C,0,0,0,16.97,,
50404,S-0586BC,0,0,0,15.96,,
50405,S-0588C,4,2,2,52.49,,
50406,S-0054C,8,4,4,13.01,,
50407,S-0054BC,16,7,9,15.04,,
50408,S-1401C,0,0,0,8.14,,
50409,S-1401BC,8,5,3,8.83,,
50410,S-1402C,0,0,0,10.16,,
50411,S-1402BC,2,0,2,8.86,,
50412,S-1031,0,0,0,18.99,,
50416,S-1032,0,0,0,29.00,,
50417,S-1033,1,1,0,36.54,,
50418,S-5031,0,0,0,4.42,,
50421,S-5032,10,10,0,4.48,,
50423,S-5033,6,2,4,6.29,,
50428,6022C,6,6,0,20.94,,
50429,S-3360C,4,2,2,9.59,,
50430,S-3360BC,0,0,0,9.60,,
50431,S-3362C,0,0,0,10.19,,
50432,S-3362BC,0,0,0,11.51,,
50433,S-3364C,3,2,1,12.47,,
50435,S-0222C,8,4,4,10.49,,
50436,S-0223C,0,0,0,9.14,,
50437,S-0224C,0,0,0,13.91,,
50438,S-0229C,6,3,3,5.82,,
50439,S-0977C,5,5,0,6.61,,
50440,S-0503C,0,0,0,9.46,,
50441,S-0148SC,0,0,0,16.23,,
50442,S-0149C,0,0,0,5.49,,
50453,000-11142-001,0,0,0,582.24,,686.00
50464,0456DP4,3,2,1,96.60,,
50465,0456DP6,3,1,2,96.60,,
50466,0456DP7,0,0,0,96.60,,
50467,0457DP4,3,0,3,132.08,,
50468,010-11076-04,27,25,2,26.24,,
50469,0457DP6,2,1,1,162.01,,
50470,0457DP7,0,0,0,162.01,,
50485,S-0096B,0,0,0,32.84,,
50486,60900,0,0,0,161.93,,
50487,60902,1,1,0,209.81,,
50488,60901,0,0,0,167.18,,
50489,60903,0,0,0,220.85,,
50490,67900,0,0,0,163.40,,
50491,67902,0,0,0,210.13,,
50492,67901,0,0,0,168.53,,
50493,67903,0,0,0,221.40,,
50495,60821,0,0,0,25.58,,
50496,60823,0,0,0,12.10,,
50497,60822,0,0,0,12.09,,
50499,60825,0,0,0,27.10,,
50501,60827,0,0,0,12.79,,
50503,60826,0,0,0,12.79,,
50504,60805,0,0,0,32.44,,
50505,60831,0,0,0,44.13,,
50506,60833,0,0,0,16.40,,
50507,60832,0,0,0,16.40,,
50508,60835,0,0,0,51.04,,
50509,60837,4,2,2,16.46,,
50510,60836,0,0,0,16.46,,
50511,60847,0,0,0,78.24,,
50512,60703,0,0,0,88.23,,
50513,60705,3,2,1,80.83,,
50514,60855,0,0,0,51.00,,
50515,60857,0,0,0,31.16,,
50516,60858,0,0,0,27.46,,
50517,60859,0,0,0,21.38,,
50518,60860,0,0,0,18.64,,
50519,60861,0,0,0,39.08,,
50520,60840,0,0,0,45.30,,
50521,60841,0,0,0,27.08,,
50522,60843,0,0,0,45.82,,
50523,60844,0,0,0,33.62,,
50524,60850,0,0,0,19.87,,
50525,60851,0,0,0,18.80,,
50526,60853,0,0,0,17.36,,
50527,60854,0,0,0,11.14,,
50528,60150-20,33,17,16,2.74,,
50529,60151-20,23,10,13,3.58,,
50530,60152-20,30,19,11,4.10,,
50531,60153-20,11,7,4,7.14,,
50532,60154-20,3,1,2,10.66,,
50533,60155-20,10,10,0,9.73,,
50534,60148,0,0,0,3.83,,
50535,60149,0,0,0,6.36,,
50536,60120-A,0,0,0,6.01,,
50537,60130-A,0,0,0,8.31,,
50538,60131-A,23,12,11,12.10,,
50539,60137-A,0,0,0,12.64,,
50540,60145-A,0,0,0,4.06,,
50541,60146-A,15,3,12,4.70,,
50563,157000-300-010-12,0,0,0,15.67,,
50567,157000-300-050-12,0,0,0,15.67,,
50568,152800-300-050-13,10,4,6,38.86,,
50569,152800-300-075-13,2,2,0,37.00,,
50571,102500-702-999-12,0,0,0,14.67,,
50572,102400-702-999-12,0,0,0,13.49,,
50580,1366ME0BLK,0,0,0,455.81,,
50640,60124-A,25,12,13,6.60,,
50641,60127-A,16,6,10,3.56,,
50642,60135-A,26,12,14,5.23,,
50643,60142-A,0,0,0,6.86,,
50644,60147-A,10,7,3,9.54,,
50645,60170,17,11,6,7.69,,
50646,60171,24,12,12,7.69,,
50647,60172,9,7,2,7.66,,
50649,61973,0,0,0,28.03,,
50651,61974,7,5,2,38.91,,
50652,60712,5,2,3,25.31,,
50653,60710,2,2,0,42.23,,
50654,60714,5,2,3,26.59,,
50655,60716,5,3,2,47.30,,
50658,60629,0,0,0,56.58,,
50660,60720,5,2,3,70.83,,
50662,60721,0,0,0,70.83,,
50664,60722,0,0,0,84.23,,
50667,60723,0,0,0,84.33,,
50669,60724,5,3,2,103.89,,
50670,60725,4,4,0,104.00,,
50675,60730,0,0,0,31.73,,
50677,60732,0,0,0,46.38,,
50680,60734,0,0,0,63.85,,
50681,60736,0,0,0,91.73,,
50682,61398,0,0,0,394.43,,
50683,61399,0,0,0,411.59,,
50684,61397,0,0,0,394.43,,
50685,S-3511C,13,7,6,14.24,,
50687,61394C,0,0,0,300.15,,
50688,62402,0,0,0,143.83,,
50689,62406,2,2,0,96.08,,
50690,62404,4,2,2,154.84,,
50698,62414,0,0,0,61.96,,
50699,62408,0,0,0,32.01,,
50700,62550,0,0,0,127.38,,
50701,62418,0,0,0,43.89,,
50702,62416,0,0,0,26.63,,
50703,62421,0,0,0,19.24,,
50704,62420,0,0,0,12.59,,
50705,62434,0,0,0,41.14,,
50706,62432,0,0,0,20.05,,
50707,62433,0,0,0,40.06,,
50708,62618,0,0,0,19.91,,
50709,62620,3,1,2,32.21,,
50710,62425,0,0,0,64.73,,
50711,62426,0,0,0,47.21,,
50712,62440,3,2,1,72.35,,
50713,62436,0,0,0,47.50,,
50714,62438,0,0,0,54.74,,
50715,62444,4,2,2,27.40,,
50716,62446,0,0,0,74.05,,
50717,62442,23,16,7,18.40,,
50718,62540,0,0,0,68.78,,
50719,62544,0,0,0,47.51,,
50720,62354,0,0,0,129.21,,
50721,62344,0,0,0,43.90,,
50722,62322,7,4,3,14.93,,
50738,N2KVIEW,0,0,0,556.34,,
50741,62330,9,4,5,11.84,,
50742,62332,11,6,5,21.54,,
50743,62338,0,0,0,41.38,,
50744,62334,0,0,0,14.79,,
50745,62336,0,0,0,17.24,,
50746,62310,0,0,0,10.31,,
50747,62312,0,0,0,12.11,,
50748,62315,0,0,0,30.66,,
50749,62314,0,0,0,14.24,,
50750,62316,1,0,1,20.13,,
50762,62670,0,0,0,14.51,,
50763,62672,0,0,0,14.39,,
50764,62526,2,0,2,19.16,,
50765,62512,0,0,0,73.20,,
50766,62520,0,0,0,45.14,,
50767,62524,2,2,0,25.49,,
50768,62530,0,0,0,38.30,,
50769,62534,0,0,0,30.66,,
50770,62532,0,0,0,51.31,,
50771,62536,0,0,0,10.24,,
50772,62502,4,1,3,74.30,,
50773,50900-1000,9,6,3,304.44,,
50774,62504,0,0,0,46.56,,
50775,62508,0,0,0,66.78,,
50776,62560,15,6,9,13.60,,
50777,62601,4,1,3,31.23,,
50778,62602,0,0,0,40.23,,
50779,62610,0,0,0,24.36,,
50780,62612,0,0,0,29.74,,
50781,62616,4,2,2,47.39,,
50782,18690-0000,10,4,6,739.59,,
50783,62410,3,1,2,31.73,,
50784,56D-24,14,6,8,225.64,,
50785,62634,1,1,0,60.00,,
50786,60034,0,0,0,94.59,,
50787,60020,0,0,0,244.45,,
50788,60031,0,0,0,224.41,,
50789,60055,0,0,0,352.25,,
50790,60030,2,2,0,246.69,,
50791,60028,0,0,0,269.55,,
50792,60029,0,0,0,834.68,,
50793,60608,0,0,0,23.71,,
50794,60620,2,2,0,78.81,,
50795,60610,3,1,2,16.59,,
50796,60612,0,0,0,28.13,,
50797,60614,1,1,0,33.48,,
50798,60609,0,0,0,5.63,,
50799,60329,0,0,0,25.00,,
50800,60502,4,2,2,18.56,,
50801,60504,13,11,2,10.69,,
50802,60506,9,5,4,7.75,,
50803,60101,20,6,14,10.50,,
50804,60102,12,9,3,16.37,,
50805,60104,28,13,15,25.19,,
50806,60106,25,12,13,31.67,,
50807,60108,17,12,5,59.15,,
50808,60110,4,3,1,72.14,,
50809,60112,11,4,7,85.91,,
50810,60114,18,17,1,16.29,,
50811,65855,0,0,0,50.48,,
50812,63272,6,3,3,11.87,,
50813,65856,0,0,0,34.46,,
50814,63218,0,0,0,51.71,,
50815,63219,0,0,0,98.56,,
50816,60808,0,0,0,16.73,,
50817,60809,0,0,0,59.36,,
50818,60810,0,0,0,119.45,,
50819,60811,10,6,4,17.77,,
50820,60812,10,2,8,23.64,,
50821,60813,0,0,0,66.70,,
50822,60814,0,0,0,17.06,,
50823,60815,0,0,0,54.85,,
50824,60816,0,0,0,16.86,,
50825,60817,0,0,0,7.83,,
50826,60818,8,5,3,65.33,,
50827,02-100-112,0,0,0,243.13,311.20,
50829,02-100-134,0,0,0,243.13,311.20,
50830,02-100-200,0,0,0,243.13,311.20,
50831,02-100-214,0,0,0,243.13,311.20,
50832,02-118-112,0,0,0,243.13,311.20,
50833,02-118-134,0,0,0,243.13,311.20,
50834,02-114-134,0,0,0,278.13,356.00,
50844,02-114-200,0,0,0,278.13,356.00,
50845,02-114-214,0,0,0,278.13,356.00,
50846,02-114-212,0,0,0,278.13,356.00,
50847,02-138-214,0,0,0,278.13,356.00,
50848,02-138-212,0,0,0,278.13,356.00,
50849,02-112-214,0,0,0,368.13,471.20,
50850,02-112-212,2,0,2,368.13,471.20,
50851,02-112-234,0,0,0,368.13,471.20,
50852,02-112-300,0,0,0,368.13,471.20,
50853,02-112-314,0,0,0,368.13,471.20,
50854,02-112-312,0,0,0,368.13,471.20,
50855,02-134-212,0,0,0,402.50,515.20,
50856,02-134-234,0,0,0,402.50,515.20,
50857,02-134-300,0,0,0,402.50,515.20,
50858,02-134-314,0,0,0,402.50,515.20,
50859,02-134-312,0,0,0,402.50,515.20,
50860,02-200-234,0,0,0,473.13,605.60,
50861,02-200-300,0,0,0,473.13,605.60,
50862,02-200-314,4,2,2,473.13,605.60,
50866,02-200-312,0,0,0,473.13,605.60,
50867,02-214-312,0,0,0,539.38,690.40,
50868,02-214-400,0,0,0,539.38,690.40,
50872,02-212-312,0,0,0,539.38,690.40,
50874,02-212-400,3,2,1,539.38,690.40,
50875,02-300-412,0,0,0,769.38,984.80,
50876,A06068,10,8,2,72.43,,
50932,29045-2000,2,2,0,76.32,,
50933,000-164-608,0,0,0,73.64,,
50936,7717,13,2,11,68.18,72.00,
50937,15125-101,6,3,3,450.98,,
50938,15126-101,0,0,0,495.15,,
50939,15088-101,1,0,1,528.50,,
50940,15112-101,7,2,5,295.26,,
50941,15095-001,4,2,2,44.83,,
50959,ZDIGGV30,6,3,3,155.80,,
50962,124910,12,7,5,29.93,,
50963,0947DP1CHR,0,0,0,35.91,,
50964,1186DP0ZNC,19,1,18,12.53,,
50965,1187DP0ZNC,8,8,0,12.53,,
50966,1299DP0CHR,23,9,14,15.41,,
50968,1110DP0CHR,9,5,4,15.80,,
50969,0506DP4CHR,6,0,6,13.71,,
50970,1184DP0CHR,12,8,4,52.37,,
50971,1183DP0CHR,6,5,1,38.23,,
50972,1604DP0CHR,9,4,5,16.29,,
50974,1440DP5CHR,2,0,2,33.40,,
50975,1440DP6CHR,7,2,5,37.04,,
50976,1221DP0CHR,3,3,0,13.97,,
50977,1220DP0CHR,1,1,0,15.80,,
50980,100-340-032,0,0,0,67.27,,
50981,100-343-132,0,0,0,40.91,,
50982,E1150Z-11AAH,0,0,0,51.22,,
50983,IRIS595,2,0,2,319.99,,
50985,5530-24A7,9,2,7,43.00,,
50986,5530-36A7,8,8,0,45.02,,
50987,5530-42A7,11,8,3,47.61,,
50992,5580A7,40,10,30,40.55,,
50993,6355W7,8,5,3,10.21,,
50994,11794-7,6,2,4,21.82,,
50996,14185XFS-7,0,0,0,39.32,,
50997,14187XFS-7,0,0,0,57.14,,
50998,11246-1,21,9,12,13.66,,
51000,11441-4,5,3,2,64.77,,
51003,11897-2,7,3,4,17.45,,
51005,11901-4,24,13,11,48.51,,
51006,14066-7,13,8,5,20.82,,
51007,9350-4,21,6,15,26.56,,
51008,14367-6,12,7,5,9.75,,
51105,010-01226-00,3,3,0,157.49,,
51144,104,4,0,4,8.54,,12.98
51154,VIZZ-IND,6,4,2,41.43,66.99,
51156,QUAD-IND,0,0,0,29.54,47.99,
51176,010-12017-00,13,3,10,97.49,,
51181,2400,9,6,3,67.49,,
51182,2410,15,11,4,67.49,,
51183,2415,6,4,2,48.74,,
51184,2420,4,2,2,56.24,,
51185,2430,9,0,9,25.49,,
51186,2440,2,0,2,27.74,,
51187,2445,4,2,2,29.99,,
51188,2460,14,10,4,17.36,,
51189,2450,0,0,0,22.49,,
51190,2455,0,0,0,22.49,,
51214,1RPC50,0,0,0,68.65,,
51216,199128,4,2,2,84.17,,
51218,122200-200-020-14,0,0,0,60.68,,
51219,122200-200-040-14,2,2,0,46.00,,
51220,122200-200-060-14,0,0,0,60.68,,
51224,122000-300-020-14,0,0,0,48.84,,
51225,122000-300-040-14,6,6,0,48.84,,
51226,122000-300-060-14,0,0,0,48.84,,
51229,33-523-01,0,0,0,129.61,160.00,
51263,1854120,5,2,3,9.44,,
51266,100-323-601,0,0,0,81.82,,
51268,001-122-810-10,0,0,0,439.09,,
51283,SPR-1I-AM,2,1,1,195.88,,
51284,SPR-7-AM,0,0,0,367.94,,
51287,T70226,2,2,0,1434.77,,
51291,A80276,0,0,0,85.22,,
51293,A80272,0,0,0,72.43,,
51294,07-100-112R,0,0,0,71.88,92.00,
51295,07-100-134R,0,0,0,71.88,92.00,
51296,07-100-200R,0,0,0,71.88,92.00,
51297,07-100-214R,0,0,0,71.88,92.00,
51298,07-118-112R,0,0,0,71.88,92.00,
51299,07-118-134R,0,0,0,71.88,92.00,
51300,07-114-134R,0,0,0,93.13,119.20,
51301,07-114-200R,0,0,0,93.13,119.20,
51302,07-114-214R,0,0,0,93.13,119.20,
51303,07-114-212R,0,0,0,93.13,119.20,
51304,07-138-214R,0,0,0,93.13,119.20,
51305,07-138-212R,0,0,0,93.13,119.20,
51306,07-112-214R,0,0,0,118.13,151.20,
51307,07-112-212R,0,0,0,118.13,151.20,
51308,07-112-234R,0,0,0,118.13,151.20,
51309,07-112-300R,0,0,0,118.13,151.20,
51310,07-112-314R,0,0,0,118.13,151.20,
51311,07-112-312R,0,0,0,118.13,151.20,
51312,07-134-212R,0,0,0,118.13,151.20,
51313,07-134-234R,0,0,0,118.13,151.20,
51314,07-134-300R,0,0,0,118.13,151.20,
51315,07-134-314R,0,0,0,118.13,151.20,
51316,07-134-312R,0,0,0,118.13,151.20,
51317,07-200-234R,0,0,0,118.13,151.20,
51318,07-200-300R,0,0,0,118.13,151.20,
51319,07-200-314R,0,0,0,118.13,151.20,
51320,07-200-312R,0,0,0,118.13,151.20,
51321,07-214-312R,0,0,0,168.75,216.00,
51322,07-214-400R,0,0,0,168.75,216.00,
51323,07-212-312R,0,0,0,168.75,216.00,
51324,07-212-400R,0,0,0,168.75,216.00,
51325,07-300-412R,0,0,0,239.38,306.40,
51331,31014,16,6,10,76.53,,
51333,33001,6,5,1,70.31,,
51342,33640,0,0,0,27.35,,
51343,33641,5,5,0,28.68,,
51344,33650,3,0,3,27.35,,
51350,33651,7,5,2,28.68,,
51351,33660,15,12,3,29.30,,
51352,33661,9,5,4,30.52,,
51353,33670,0,0,0,62.38,,
51354,33671,7,7,0,65.06,,
51355,33680,14,10,4,19.53,,
51358,40400,7,5,2,17.82,,
51376,010-10723-17,0,0,0,31.99,,
51379,SVS-760,2,1,1,692.30,,
51385,SVS-760B60-12,0,0,0,1042.30,,
51386,SVS-760B60-20,0,0,0,1042.30,,
51395,SAS-300-1,0,0,0,1343.30,,
51396,SAS-300-2,0,0,0,1399.30,,
51397,SAS-300-3,2,1,1,629.99,,
51405,18670-9127,4,2,2,272.58,,
51406,T-760,5,3,2,1819.30,,
51428,101241,4,0,4,37.12,,61.19
51429,101242,4,3,1,83.29,,128.59
51430,101243,23,6,17,80.56,,124.59
51431,101240,9,4,5,13.52,,23.39
51432,101230,7,0,7,7.80,,28.39
51433,101223,21,11,10,19.44,,30.69
51434,101224,22,14,8,19.95,,31.19
51481,A22154,8,4,4,216.66,,
51482,0540DPG99A,0,0,0,37.77,,
51483,0540DPGCHR,13,7,6,44.04,,
51485,010-11970-00,107,33,74,22.49,,
51500,MDA-1-ANT,3,2,1,91.00,,
51548,104000-200-000-14,20,10,10,22.95,,
51562,010-11119-00,0,0,0,35.00,,
51571,111910,3,2,1,71.38,,
51577,010-10562-00,40,24,16,6.36,,
51594,11500800,9,5,4,37.46,,
51595,21431530,3,0,3,85.56,,
51602,S2-0802,0,0,0,139.51,,
51611,58303,12,6,6,64.67,,
51612,58184,13,8,5,94.63,,
51613,58173,27,19,8,381.13,,
51614,R1,0,0,0,3.03,,
51615,R2,2,0,2,7.59,,
51616,R3,21,5,16,9.99,,
51617,R4,37,34,3,18.99,,
51618,R5,0,0,0,33.91,,
51619,R7,0,0,0,59.94,,
51620,R1AL,2,0,2,4.12,,
51621,R2AL,7,4,3,7.47,,
51622,R3AL,9,5,4,8.99,,
51623,R4AL,2,2,0,21.66,,
51624,R5AL,2,2,0,31.15,,
51625,R1MG,0,0,0,5.12,,
51626,R2MG,0,0,0,14.76,,
51627,R3MG,6,4,2,22.16,,
51628,R4MG,0,0,0,43.16,,
51629,R5MG,0,0,0,52.91,,
51633,"EFC-03 BLACK",10,8,2,40.87,,
51634,"EFC-04 BLACK",25,12,13,36.99,,
51635,X1,0,0,0,7.93,,
51636,X2,19,19,0,7.29,,
51637,X3,1,1,0,7.81,,
51638,X4,0,0,0,8.31,,
51639,X5,5,3,2,8.43,,
51641,X6,0,0,0,12.47,,
51642,X7,0,0,0,12.07,,
51643,X8,1,0,1,17.37,,
51644,X9,2,0,2,19.13,,
51645,X10,0,0,0,44.31,,
51646,X11,0,0,0,37.09,,
51647,X12,0,0,0,55.74,,
51648,X13,0,0,0,47.82,,
51649,X14,0,0,0,68.56,,
51650,X15,0,0,0,70.18,,
51651,X16,0,0,0,81.85,,
51652,X17,0,0,0,72.60,,
51653,X18,0,0,0,78.38,,
51654,X19,0,0,0,87.01,,
51655,X20,0,0,0,231.19,,
51656,X21,0,0,0,104.49,,
51657,X22,0,0,0,130.16,,
51681,10025,2,0,2,56.88,,
51684,X1AL,0,0,0,6.47,,
51685,X2AL,0,0,0,6.93,,
51686,X3AL,0,0,0,8.18,,
51687,X4AL,0,0,0,8.06,,
51688,X5AL,0,0,0,8.84,,
51689,X6AL,0,0,0,11.26,,
51690,X7AL,0,0,0,10.90,,
51691,X8AL,0,0,0,21.03,,
51692,X9AL,4,4,0,14.99,,
51693,X10AL,0,0,0,38.90,,
51694,X11AL,0,0,0,39.91,,
51695,X12AL,0,0,0,43.24,,
51696,X13AL,0,0,0,46.97,,
51697,X1MG,0,0,0,14.18,,
51698,X2MG,0,0,0,14.18,,
51699,X3MG,0,0,0,18.09,,
51700,X4MG,0,0,0,18.65,,
51701,X5MG,1,1,0,13.72,,
51702,X6MG,0,0,0,22.85,,
51704,X7MG,2,2,0,25.04,,
51705,X8MG,0,0,0,25.85,,
51706,X9MG,2,2,0,28.50,,
51707,00800,1,0,1,9.16,,
51708,00800AL,0,0,0,10.49,,
51709,00800MG,0,0,0,12.56,,
51710,00801,0,0,0,12.87,,
51711,00804,0,0,0,8.31,,
51712,00806,0,0,0,18.32,,
51713,00806BIS,0,0,0,15.99,,
51714,00806BISAL,0,0,0,12.65,,
51715,00806BISMG,0,0,0,15.96,,
51716,00807,0,0,0,2.90,,
51717,00807AL,0,0,0,4.34,,
51718,00807MG,0,0,0,4.66,,
51722,28106,182,86,96,89.13,,
51723,28210,100,30,70,142.17,,
51725,010-C1087-00,0,0,0,112.49,,
51738,5291,0,0,0,4.63,,
51739,5292,17,10,7,4.63,,
51740,5293,18,7,11,4.63,,
51741,5294,23,9,14,4.63,,
51742,5295,11,6,5,4.63,,
51743,5296,22,8,14,4.63,,
51744,5297,14,5,9,4.63,,
51745,5298,19,6,13,4.63,,
51746,5299,15,5,10,4.63,,
51747,00817,0,0,0,2.49,,
51748,00817AL,0,0,0,4.13,,
51749,00817MG,0,0,0,6.31,,
51750,00818,0,0,0,5.82,,
51751,00818AL,0,0,0,8.16,,
51752,00818MG,0,0,0,9.28,,
51753,00816,0,0,0,10.49,,
51754,00816AL,0,0,0,9.49,,
51755,00816MG,0,0,0,13.72,,
51756,00815,0,0,0,16.93,,
51757,00815AL,0,0,0,14.94,,
51758,00815MG,0,0,0,17.75,,
51759,00814,0,0,0,12.22,,
51760,00814AL,0,0,0,13.79,,
51761,00814MG,0,0,0,18.06,,
51762,00812,0,0,0,11.93,,
51763,01124,2,0,2,16.34,,
51764,01124AL,0,0,0,17.25,,
51765,01112,0,0,0,17.68,,
51768,01112AL,5,4,1,17.76,,
51770,01133DX,0,0,0,16.79,,
51771,01133DXAL,0,0,0,13.21,,
51772,01134SX,0,0,0,16.79,,
51773,01134SXAL,0,0,0,13.21,,
51774,TEC-DIVERS,6,4,2,44.99,,
51775,TEC-DIVERSMG,3,3,0,56.28,,
51776,TEC-20,0,0,0,5.13,,
51777,TEC-30,0,0,0,18.71,,
51778,TEC-30AL,0,0,0,16.47,,
51779,TEC-Z-406,0,0,0,54.88,,
51786,SPC12RP,10,5,5,20.00,,
51787,EMU-1,2,0,2,557.52,,
51801,OPTO-4,0,0,0,94.13,,
51808,5049,21,7,14,4.86,,
51809,5050,18,11,7,42.22,,
51810,5051,26,5,21,69.06,,
51811,5052,12,8,4,53.71,,
51812,5054,22,7,15,92.09,,
51813,4303,7,2,5,28.57,,
51814,4305,8,3,5,40.95,,
51815,4307,13,5,8,54.04,,
51816,4309,9,5,4,67.33,,
51821,WP-150WHA-1,7,3,4,115.77,,
51822,P04-091W,59,23,36,3.75,,
51823,P04-0111W,24,0,24,13.13,,
51824,P04-011W,18,7,11,11.86,,
51826,F31-3504BSA-1,6,2,4,249.99,,
51991,7520,2,0,2,108.47,,
52007,3119,2,0,2,645.15,,
52008,TEC-40,2,2,0,10.99,,
52009,TEC-N1,4,4,0,28.03,,
52011,00630FISH,6,3,3,62.49,,
52012,TEC-S-Z1,0,0,0,6.32,,
52013,GO,0,0,0,1096.77,,
52016,00718,0,0,0,17.34,,
52018,4187BX,69,54,15,44.12,,
52020,20708,3,3,0,35.96,,
52021,20708AL,3,2,1,37.26,,
52022,20708MG,5,3,2,41.99,,
52023,20800,0,0,0,38.75,,
52024,20800AL,0,0,0,38.37,,
52025,20800MG,3,3,0,35.49,,
52026,20801,3,1,2,54.82,,
52027,20801AL,1,0,1,58.03,,
52028,20801MG,3,2,1,56.60,,
52029,20803,0,0,0,44.06,,
52030,20803AL,6,4,2,44.99,,
52031,20803MG,2,1,1,40.77,,
52032,20804,0,0,0,29.12,,
52033,20804AL,2,1,1,46.68,,
52034,20804MG,7,4,3,35.44,,
52035,20805,0,0,0,48.58,,
52036,20805AL,2,2,0,52.99,,
52037,20805MG,0,0,0,47.34,,
52038,20814,0,0,0,31.63,,
52039,20814AL,0,0,0,37.43,,
52040,20814MG,2,2,0,40.25,,
52041,20816,4,2,2,42.99,,
52042,20816AL,3,3,0,38.46,,
52043,20816MG,0,0,0,43.43,,
52044,21101,1,1,0,29.90,,
52045,21101AL,1,0,1,27.28,,
52046,21102,0,0,0,38.21,,
52047,21102AL,0,0,0,27.28,,
52048,21104,4,3,1,30.35,,
52049,21104AL,0,0,0,30.38,,
52050,21106,3,2,1,30.71,,
52051,21106AL,0,0,0,29.32,,
52055,TEC-E0-C,0,0,0,3.59,,
52056,TEC-E00-C,0,0,0,2.69,,
52057,TEC-E1-C,0,0,0,5.62,,
52058,TEC-E2-C,0,0,0,6.40,,
52059,TEC-E3-C,0,0,0,9.88,,
52060,TEC-E4-C,0,0,0,11.68,,
52061,TEC-E5-C,0,0,0,10.78,,
52062,20701,0,0,0,30.01,,
52063,20701AL,0,0,0,39.49,,
52064,20701MG,0,0,0,30.84,,
52065,20702,0,0,0,29.54,,
52066,010-11057-00,0,0,0,67.49,,
52067,20702AL,0,0,0,33.53,,
52068,20702MG,0,0,0,30.01,,
52069,20705,0,0,0,31.90,,
52070,20705AL,0,0,0,30.26,,
52071,20705MG,0,0,0,36.72,,
52072,20706,4,2,2,32.79,,
52073,20706AL,0,0,0,26.51,,
52074,20706MG,0,0,0,29.15,,
52075,20715,0,0,0,86.46,,
52097,510,20,3,17,7.81,,
52098,511,13,3,10,7.81,,
52099,512,13,8,5,7.81,,
52100,448,11,5,6,97.49,,
52101,430,11,6,5,31.57,,
52102,393,44,34,10,9.03,,
52106,540,10,7,3,16.20,,
52107,544,11,7,4,16.20,,
52108,2205,13,5,8,37.49,,
52112,3160,16,13,3,33.78,,
52121,B4-419Q,0,0,0,3655.40,,
52123,B4-619Q,0,0,0,5288.73,,
52124,B4-409AA,0,0,0,3263.40,,
52125,B4-609AA,1,0,1,4279.99,,
52128,B4-639HD,2,1,1,6249.99,,
52131,950,58,15,43,15.15,,
52133,2350,43,33,10,12.15,,
52134,2351,16,9,7,12.15,,
52135,2352,10,6,4,12.15,,
52136,1295,0,0,0,52.49,,
52146,7747,1,0,1,221.59,,234.00
52148,6357,11,8,3,336.65,,395.00
52149,6322,2,1,1,592.33,,695.00
52150,6323,0,0,0,933.24,985.50,
52151,6322C,0,0,0,507.10,,595.00
52152,6327,0,0,0,1082.39,1143.00,
52153,6328,0,0,0,1427.56,1507.50,
52154,6327C,0,0,0,997.16,1053.00,
52156,6345,6,4,2,421.88,445.50,
52157,6345CS,4,2,2,980.11,1035.00,
52158,6332,6,1,5,336.65,355.50,
52160,7654,2,0,2,592.33,625.50,
52161,7656,0,0,0,213.07,225.00,
52162,7660,0,0,0,251.42,265.50,
52164,7627,6,3,3,468.75,495.00,
52165,6450,6,4,2,191.76,202.50,
52166,6490,4,2,2,362.22,382.50,
52167,6673,5,3,2,57.35,,
52168,6440,5,2,3,80.97,85.50,
52169,6470,3,2,1,80.97,,85.50
52171,6475,8,5,3,80.97,,85.50
52172,6477,5,3,2,44.12,,45.00
52173,6410,10,7,3,200.28,,235.00
52174,6420,3,1,2,149.15,157.50,
52175,7720,1,1,0,319.99,,
52176,7714,2,0,2,123.58,,130.50
52181,6510SER,3,1,2,191.76,202.50,
52184,7876-008,0,0,0,39.71,,
52185,7876-040,0,0,0,54.28,,
52186,7876-100,6,4,2,66.18,,
52187,7876-200,0,0,0,88.24,,
52195,7649003,12,8,4,110.23,,
52196,7650003,16,8,8,156.85,,
52205,A0-TPGN-Z30,1,1,0,1584.57,,
52206,A0-BOLT-REV,2,1,1,1523.89,,
52207,A0-BOLT-RAD,2,0,2,1283.15,,
52208,17-1526-23,5,1,4,56.17,,
52209,A0-1500-TEL,2,1,1,738.27,,
52210,A0-1800-TEL,3,1,2,875.67,,
52212,CA-0110-TG,1,0,1,108.33,,
52213,REV-TPGN-15T,1,0,1,2362.84,,
52214,REV-TPGN-18T,1,0,1,2433.26,,
52215,Z30-TPGN-15T,0,0,0,2443.09,,
52216,Z30-TPGN-18T,0,0,0,2513.51,,
52217,RAD-TPGN-15T,1,0,1,2130.12,,
52218,RAD-TPGN-18T,1,0,1,2200.25,,
52264,4131-4,3,2,1,128.74,,
52266,6375D6,3,0,3,12.99,,
52269,CA-0110-MO,0,0,0,116.36,,
52270,CA-0025-MO,0,0,0,136.42,,
52271,5010-4,13,9,4,24.44,,
52272,CA-0106,0,0,0,28.44,,
52273,CA-0105,8,4,4,36.56,,
52274,CA-0023,17,9,8,52.81,,
52276,PAK-0001,0,0,0,149.12,,
52277,PAK-0002,0,0,0,179.71,,
52278,PAK-0003,0,0,0,99.41,,
52279,PAK-0004,0,0,0,99.41,,
52280,PAK-0005,6,2,4,191.18,,
52281,PAK-0006,2,0,2,191.18,,
52282,5009-4,25,13,12,17.53,,
52283,5014-4,26,13,13,17.33,,
52284,CA-0087,182,82,100,15.85,,
52300,66362-7,12,3,9,34.80,,
52302,66363-7,8,0,8,34.80,,
52304,66364-7,12,3,9,34.80,,
52305,66364W7,0,0,0,34.80,,
52316,12761-7,6,4,2,14.25,,
52317,12750-6,13,9,4,8.89,,
52318,13066-7,6,3,3,27.15,,
52323,11849-2,16,5,11,7.67,,
52327,11848-4,6,2,4,6.60,,
52328,14137-7,21,8,13,8.37,,
52331,11900-4,8,5,3,31.36,,
52333,7563-6,16,10,6,8.13,,
52334,7594-3,14,8,6,10.89,,
52337,11862-6,12,9,3,6.97,,
52345,010-C1105-00,0,0,0,262.49,,
52346,010-C1106-00,0,0,0,262.49,,
52348,403252,13,3,10,7.51,,
52349,403312,4,4,0,7.91,,
52350,403372,7,3,4,7.91,,
52351,403502,7,7,0,8.33,,
52352,403562,7,4,3,9.06,,
52353,403622,11,5,6,9.12,,
52354,403752,11,10,1,10.70,,
52355,403872,4,2,2,11.50,,
52356,403892,20,13,7,11.90,,
52373,90885,1,0,1,149.99,,
52375,90160,4,1,3,104.99,,
52381,LLB-01WD-81-00,0,0,0,31.99,,
52385,LLB-55NN-81-00,0,0,0,73.17,,
52411,01-0368-07,1,1,0,3596.40,,
52413,01-0369-07,0,0,0,7196.40,,
52459,40190,0,0,0,40.00,54.99,
52462,40191,9,4,5,11.87,16.99,
52466,40193,0,0,0,37.50,49.99,
52467,01-0369-02,0,0,0,7988.40,,
52469,01-0369-03,0,0,0,7124.40,,
52471,40194,0,0,0,28.75,39.99,
52472,40195,4,4,0,28.75,39.99,
52474,40197,0,0,0,30.00,44.99,
52478,40052,0,0,0,38.12,56.99,
52482,01-0371,0,0,0,1368.79,,
52645,010-01142-00,0,0,0,337.49,,
52646,010-01142-10,0,0,0,337.49,,
52647,220,5,0,5,10.15,,15.98
52648,E70196,4,1,3,112.49,,
52654,305CRPN.VPK,36,12,24,22.40,,
52660,110R,19,13,6,9.53,,
52676,010-11814-10,0,0,0,14.99,,
52677,010-11823-00,0,0,0,17.49,,
52678,010-11828-10,8,0,8,11.69,,
52679,010-11828-11,0,0,0,12.99,,
52680,010-11867-10,0,0,0,31.99,,
52685,010-11874-00,0,0,0,20.50,,
52696,010-C1114-00,0,0,0,149.99,,
52697,010-C1113-00,0,0,0,112.49,,
52781,010-11678-10,30,13,17,18.75,,
52842,10-263,30,0,30,40.23,,
52843,10-264,22,22,0,40.23,,
52844,10-265,15,12,3,40.23,,
52848,40043,35,30,5,19.83,,
52851,10-361,17,7,10,33.65,,
52903,42550,1,1,0,30.39,,
52921,831ST-1-14,1,1,0,84.99,,
52934,40645,24,15,9,13.22,,
52945,7943,11,5,6,12.80,,
52946,7944,10,3,7,12.80,,
52948,7945,9,3,6,17.46,,
53010,72-0452-01,0,0,0,1231.36,,
53011,240,0,0,0,8.39,,12.98
53019,A0-1500-CRP,0,0,0,604.81,,
53020,A0-1800-CRP,0,0,0,633.70,,
53021,CA-0002,0,0,0,260.80,,
53022,CA-0001,0,0,0,389.20,,
53023,CA-0113,0,0,0,65.80,,
53024,CA-0113-MO,0,0,0,64.20,,
53025,09-1258-2PC,20,8,12,11.26,,
53210,RA5099,0,0,0,9.62,,
53211,010-11254-02,0,0,0,28.79,,
53212,72-0634,1,0,1,349.99,,
53213,117005,6,3,3,240.18,,
53214,117505,3,3,0,240.18,,
53215,117905,7,4,3,240.18,,
53216,814-WLW,2,2,0,232.52,,
53218,010-10580-10,8,6,2,52.49,,
53219,GP1300,0,0,0,261.81,,
53220,GP1301,0,0,0,276.35,,
53221,GP2300,0,0,0,261.81,,
53222,GP2301,0,0,0,276.35,,
53257,LLB-472W-21-10,2,0,2,109.76,,
53260,RM1500A,34,8,26,186.81,,
53261,RM2000A,74,23,51,240.58,,
53262,RM2000A-24,34,8,26,245.10,,
53286,RAM-B-166-326-VIS-G1U,0,0,0,53.61,76.49,
53292,119002,2,0,2,218.56,,
53293,LLB-189R-21-00,0,0,0,8.37,,
53296,MCU002,0,0,0,167.19,,
53299,"EFC-A1 BLACK",0,0,0,62.49,,
53300,"EFC-A2 BLACK",7,7,0,65.67,,
53301,"EFC-A3 BLACK",15,2,13,82.37,,
53310,"BEARCAT 880",18,12,6,139.20,,
53313,17860-2012,12,4,8,228.09,,
53320,1000864-26,20,8,12,15.33,,
53321,FAP7011C,0,0,0,977.98,,
53322,001-260-690-00,0,0,0,60.00,,
53327,010-12123-00,0,0,0,14.99,,
53331,E70240,0,0,0,108.32,,
53332,E70241,0,0,0,108.32,,
53333,010-12106-00,0,0,0,22.49,,
53334,010-12106-10,0,0,0,22.49,,
53443,10-13406-107,0,0,0,158.52,,
53445,010-12067-00,36,20,16,52.49,,
53446,11330,40,22,18,17.36,,
53447,11350,4,4,0,21.83,,
53448,11372,7,4,3,21.83,,
53449,11349,11,3,8,35.75,,
53450,11373,2,2,0,44.94,,
53453,GP1203,0,0,0,363.62,,
53464,7713,21,7,14,206.99,,
53465,7717,0,0,0,206.99,,
53466,010-11971-00,0,0,0,14.99,,
53467,010-11972-00,0,0,0,14.99,,
53471,7788CR,18,6,12,47.13,,
53474,SP100,14,7,7,55.00,,
53475,SP200,19,19,0,63.22,,
53476,SP300,13,7,6,113.02,,
53480,LPS-1,42,31,11,101.01,,
53486,HRMK4300,0,0,0,629.01,,
53488,HRMK1504,0,0,0,97.27,,
53489,HRMK1304,0,0,0,177.68,,
53490,HRMK2300,0,0,0,217.32,,
53491,HRMK1503,4,2,2,23.28,,
53492,HRMK2200,0,0,0,77.28,,
53493,HRMK1201,0,0,0,80.59,,
53494,HRMK1301,0,0,0,377.51,,
53495,HRMK1204,0,0,0,33.52,,
53496,HRMK1300,0,0,0,60.94,,
53497,HRMK2203,0,0,0,11.41,,
53498,HRMK2202,0,0,0,29.39,,
53499,HRMK2503,0,0,0,13.87,,
53500,HRMK2504,0,0,0,15.68,,
53501,HRMK2502,0,0,0,14.69,,
53519,101071,13,8,5,83.93,,131.89
53520,NQA-2447,0,0,0,132.30,,
53526,12VDUSB,11,4,7,13.09,,
53527,12VCOMBO,14,4,10,18.45,,
53529,703010,18,10,8,51.74,,
53530,703030,10,3,7,51.74,,
53531,703024,9,3,6,19.88,,
53533,320003,0,0,0,3.24,,
53534,320025,4,0,4,21.20,,
53535,320103,11,7,4,3.74,,
53536,320125,9,5,4,24.33,,
53537,320203,21,18,3,4.43,,
53538,320225,17,11,6,28.83,,
53539,320303,10,6,4,6.24,,
53540,320325,10,3,7,40.55,,
53590,10-13530-01,0,0,0,122.17,,
53592,81-47238-01,0,0,0,50.95,,
53680,40192,0,0,0,86.50,134.99,
53682,PP5203,0,0,0,392.72,,
53820,104050,6,2,4,85.67,,
53828,52060,4,2,2,19.99,,
53830,27648,12,8,4,121.48,,
53831,27636,9,5,4,189.04,,
53832,27600,4,2,2,162.48,,
53833,29301,18,12,6,22.95,,
53834,32100G,18,9,9,22.88,,
53835,32110G,19,5,14,19.27,,
53836,32150G,53,24,29,19.75,,
53837,32003G,53,21,32,27.73,,
53839,32005G,41,37,4,25.86,,
53843,GP1036,0,0,0,363.62,,
53844,GP1037,0,0,0,363.62,,
53845,GP1040-02,0,0,0,334.53,,
53846,GP1040-04,0,0,0,334.53,,
53847,GP1040-08,0,0,0,334.53,,
53848,GP1040-11,0,0,0,334.53,,
53849,GP1040-13,0,0,0,334.53,,
53850,GP1040-14,0,0,0,334.53,,
53851,GP1040-15,0,0,0,334.53,,
53852,GP1040-18,0,0,0,334.53,,
53853,GP1048,0,0,0,334.53,,
53855,GP1065,0,0,0,363.62,,
53863,GP1080-13,0,0,0,385.44,,
53864,GP1080-14,0,0,0,385.44,,
53865,GP1080-18,0,0,0,385.44,,
53866,GP1088,0,0,0,385.44,,
53867,GP1170-04,0,0,0,385.44,,
53868,GP1170-06,0,0,0,385.44,,
53869,GP1176,0,0,0,385.44,,
53870,GP1200,0,0,0,349.08,,
53871,GP1201,0,0,0,363.62,,
53872,GP1202,0,0,0,363.62,,
53873,GP1204,0,0,0,363.62,,
53874,GP1400,0,0,0,298.17,,
53875,GP1401,0,0,0,312.72,,
53876,GP1500,0,0,0,261.81,,
53877,GP1040-07,0,0,0,334.53,,
53878,GP1501,0,0,0,276.35,,
53879,GP1502,0,0,0,276.35,,
53880,GP1503,0,0,0,276.35,,
53881,GP1505,0,0,0,276.35,,
53882,GP1506,0,0,0,276.35,,
53883,GP1507,0,0,0,276.35,,
53885,GP1035,0,0,0,363.62,,
53886,GP1511,0,0,0,276.35,,
53887,GP1512,0,0,0,276.35,,
53888,GP1513,0,0,0,276.35,,
53889,GP1515,0,0,0,276.35,,
53890,GP1516,0,0,0,276.35,,
53891,GP1517,0,0,0,276.35,,
53892,GP1521,0,0,0,276.35,,
53893,GP1522,0,0,0,276.35,,
53894,GP1523,0,0,0,276.35,,
53898,GP1600,0,0,0,327.26,,
53899,GP1603,0,0,0,341.81,,
53900,GP1604,0,0,0,341.81,,
53901,GP1605,0,0,0,341.81,,
53902,GP1606,0,0,0,341.81,,
53903,GP1607,0,0,0,341.81,,
53904,GP1811,0,0,0,312.72,,
53906,GP1814,0,0,0,312.72,,
53907,GP1818,0,0,0,312.72,,
53908,GP2035,0,0,0,363.62,,
53909,GP2036,0,0,0,363.62,,
53910,GP2037,0,0,0,363.62,,
53911,GP2040-02,0,0,0,334.53,,
53912,GP2040-04,0,0,0,334.53,,
53913,GP2040-08,0,0,0,334.53,,
53914,GP2040-11,0,0,0,334.53,,
53915,GP2040-13,0,0,0,334.53,,
53916,GP2040-14,0,0,0,334.53,,
53917,GP2040-15,0,0,0,334.53,,
53926,16200A,2,1,1,6.05,,
53928,16303A,39,15,24,4.79,,
53931,26212GA,24,9,15,11.61,,
53940,GP2040-18,0,0,0,334.53,,
53941,GP2048,0,0,0,334.53,,
53942,GP2050-10,0,0,0,327.26,,
53943,GP2050-11,0,0,0,327.26,,
53944,GP2050-12,0,0,0,327.26,,
53945,GP2050-13,0,0,0,327.26,,
53946,GP2050-14,0,0,0,327.26,,
53947,GP2050-18,0,0,0,327.26,,
53955,GP2080-13,0,0,0,385.44,,
53957,GP2080-14,0,0,0,385.44,,
53958,GP2080-18,0,0,0,385.44,,
53959,GP2088,0,0,0,385.44,,
53960,GP2170-04,0,0,0,385.44,,
53961,GP2170-06,0,0,0,385.44,,
53962,GP2176,0,0,0,385.44,,
53963,GP2200,0,0,0,349.08,,
53964,GP2201,0,0,0,363.62,,
53965,GP2202,0,0,0,363.62,,
53966,GP2203,0,0,0,363.62,,
53967,GP2204,0,0,0,363.62,,
53968,GP2400,0,0,0,298.17,,
53969,GP2401,0,0,0,312.72,,
53970,GP2500,0,0,0,261.81,,
53971,GP2040-07,0,0,0,334.53,,
53972,GP2501,0,0,0,276.35,,
53973,GP2502,0,0,0,276.35,,
53974,GP2503,0,0,0,276.35,,
53976,GP2506,0,0,0,276.35,,
53977,GP2507,0,0,0,276.35,,
53978,GP2511,0,0,0,276.35,,
53979,GP2512,0,0,0,276.35,,
53988,GP2513,0,0,0,276.35,,
53989,GP2515,0,0,0,276.35,,
53990,GP2516,0,0,0,276.35,,
53991,GP2517,0,0,0,276.35,,
53992,GP2521,0,0,0,276.35,,
53993,GP2522,0,0,0,276.35,,
53994,GP2523,0,0,0,276.35,,
53998,GP2600,0,0,0,327.26,,
53999,GP2603,0,0,0,341.81,,
54000,GP2604,0,0,0,341.81,,
54001,GP2605,0,0,0,341.81,,
54002,GP2606,0,0,0,341.81,,
54003,GP2607,0,0,0,341.81,,
54007,PP4404,0,0,0,269.08,,
54008,PP4405,0,0,0,269.08,,
54009,PP4406,0,0,0,269.08,,
54011,PP4811,0,0,0,356.35,,
54013,PP4814,0,0,0,356.35,,
54014,PP4818,0,0,0,356.35,,
54015,PP5035,0,0,0,399.99,,
54016,PP5036,0,0,0,399.99,,
54017,PP5037,0,0,0,399.99,,
54018,PP5038,0,0,0,399.99,,
54020,PP5200,0,0,0,378.17,,
54021,PP5201,0,0,0,392.72,,
54022,PP5202,0,0,0,392.72,,
54023,PP5204,0,0,0,392.72,,
54024,RMX4404,0,0,0,392.72,,
54025,RMX4405,0,0,0,392.72,,
54026,RMX4406,0,0,0,392.72,,
54027,RMX4811,0,0,0,436.35,,
54029,RMX4814,0,0,0,436.35,,
54030,RMX4818,0,0,0,436.35,,
54039,740142-1,4,4,0,31.04,,
54040,740143-1,20,19,1,24.14,,
54042,780028-1,10,4,6,17.24,,
54056,1363831,0,0,0,884.47,,
54059,1854125,0,0,0,45.04,,
54060,1862050,8,3,5,43.58,,
54063,25M00,0,0,0,451.22,,
54064,25M00L,0,0,0,545.73,,
54065,25H00,0,0,0,466.46,,
54066,25H00L,0,0,0,545.73,,
54069,A10-1218-2,5,3,2,476.99,,599.99
54070,A10-1225-2,4,1,3,524.99,,699.99
54074,A10-1218-2GS,0,0,0,478.13,,599.99
54080,A10-1225-2GS,13,9,4,499.99,,759.99
54094,R10-1001,0,0,0,296.33,,
54095,R10-1010-36,4,0,4,92.18,,
54096,R10-1020,0,0,0,98.77,,
54103,BOLT124,3,2,1,390.62,,
54104,BOLT129,6,2,4,405.48,,
54105,BOLT189,3,2,1,435.26,,
54106,BOLT249,0,0,0,465.04,,
54107,BOLT1212,3,3,0,435.26,,
54108,BOLT1812,4,3,1,465.04,,
54109,BOLT2412,0,0,0,494.76,,
54110,BRC4000,0,0,0,70.79,,
54113,BOLTLKCON,4,2,2,260.70,,
54114,BEA2000,6,2,4,167.60,,
54115,BEA2100,6,4,2,9.56,,
54120,BAW2005,0,0,0,23.87,,
54121,BAW2010,5,2,3,27.58,,
54122,BAW2015,5,2,3,31.30,,
54123,BAW2020,8,4,4,35.02,,
54124,BHW4003,0,0,0,34.28,,
54125,BHW4005,0,0,0,35.77,,
54126,BHW4007,0,0,0,37.26,,
54127,BHW4010,2,2,0,39.49,,
54128,V351CK,1,1,0,182.48,,
54129,V351LK,6,3,3,327.02,,
54134,810CABBX,409,271,138,67.15,89.99,
54151,748CAWBX,5,5,0,63.05,74.00,
54152,748CABBX,214,35,179,63.05,74.00,
54157,747DCWCS,12,6,6,48.10,64.00,
54158,747DCBCS,17,15,2,48.10,64.00,
54159,747CA24WCS,4,2,2,58.99,79.00,
54160,FVSLRSB12110A00,9,6,3,110.16,,
54161,FVSLRSB05110A00,1,0,1,110.16,,
54162,747CA24BCS,0,0,0,61.35,79.00,
54163,FVSLRSB0811SA00,1,0,1,110.16,,
54164,FVSLVS126B00A00,0,0,0,59.25,,
54165,757DCWBX,1,1,0,38.82,54.00,
54166,757DCBBX,0,0,0,38.82,54.00,
54167,757CA24WBX,3,3,0,51.41,64.00,
54168,757CA24BBX,7,3,4,53.47,64.00,
54189,BKTLA-7C,4,3,1,27.09,,
54194,LP900S,77,52,25,69.94,,
54195,LP900D,9,3,6,65.93,,
54196,436977,6,4,2,263.40,,
54197,436979,7,3,4,293.52,,
54198,436981,7,3,4,346.48,,
54210,IRID-GO-ANT-ADA,0,0,0,41.11,,
54212,IRID-GO-BAT,0,0,0,59.34,,
54213,IRID-GO-BRACKET,0,0,0,35.56,,
54214,IRID-GO-CASE,0,0,0,31.11,,
54216,2000016407,11,8,3,46.51,,
54223,004-2100-7,0,0,0,12.96,,
54244,81-47240-01,0,0,0,209.16,,
54308,707CHWBX,0,0,0,34.42,,
54309,707CHBBX,0,0,0,34.42,,
54319,827CATCS,22,11,11,14.94,,
54321,9510CABBX,37,17,20,223.41,299.00,
54322,9206CABBX,0,0,0,92.46,,
54323,9406CAABX,14,14,0,91.91,99.00,
54324,9303CABCS,6,6,0,36.71,39.00,
54328,MRKCA02BX,0,0,0,30.77,39.99,
54329,MRKCA03BX,0,0,0,15.07,18.99,
54331,74701WBG,12,11,1,7.11,,
54333,74701BBG,10,10,0,7.11,,
54338,70733WBG,3,3,0,5.77,,
54339,70733BBG,5,3,2,5.77,,
54340,80701WBG,7,7,0,5.95,,
54343,82701GBG,16,10,6,2.48,,
54344,747CL,1,1,0,17.40,,
54416,2000013194,3,0,3,26.47,,
54454,010-12117-20,3,1,2,374.99,,
54455,010-01403-10,0,0,0,899.99,,
54456,010-12117-30,0,0,0,974.99,,
54486,104000-105-000-15,9,5,4,22.95,,
54487,104200-500-000-15,1,1,0,23.31,,
54489,104300-200-001-15,6,6,0,20.00,,
54493,122200-505-020-15,1,1,0,46.00,,
54494,122200-505-040-15,7,6,1,60.68,,
54495,122200-505-060-15,0,0,0,60.68,,
54497,136200-701-999-13,12,5,7,23.68,,
54501,132000-500-004-15,29,11,18,122.33,,
54502,132000-105-004-14,7,5,2,118.83,,
54516,LLB-202C-21-00,2,2,0,6.85,,
54529,00820,0,0,0,7.91,,
54530,00820AL,0,0,0,8.50,,
54531,00820MG,0,0,0,11.84,,
54555,65UW03B-7,0,0,0,111.31,,
54556,65UW03G-7,2,0,2,111.31,,
54557,65UW03W-7,3,3,0,111.31,,
54558,65UW06B-7,15,3,12,156.42,,
54559,65UW06G-7,0,0,0,156.42,,
54560,65UW06W-7,14,0,14,157.98,,
54561,65UW12B-7,4,2,2,261.40,,
54563,65UW12W-7,0,0,0,261.40,,
54587,MGR350B,3,3,0,137.07,219.99,
54588,MR762BRGB,10,4,6,112.87,189.99,
54593,MRGB65,9,4,5,88.67,144.99,
54596,MR4.3W,6,3,3,56.39,79.99,
54597,MR4.3B,4,1,3,56.39,79.99,
54598,MRC5B,19,10,9,18.55,34.99,
54599,MRC10,14,9,5,24.19,54.99,
54603,MCKGB350W.6,6,2,4,190.11,299.99,
54604,MCKGB350B.6,8,4,4,190.11,299.99,
54605,1011200,12,3,9,6.99,,
54606,1016200,11,4,7,17.99,,
54608,1039,36,20,16,37.86,,
54609,1044,25,11,14,21.81,,
54610,1070,8,5,3,18.24,,
54612,KTF003,10,5,5,229.00,,
54613,1990,17,9,8,134.51,,
54614,1991,10,0,10,168.16,,
54615,1992,9,6,3,134.51,,
54616,1993,9,6,3,168.16,,
54617,KTF004,5,3,2,221.36,,
54618,33710,11,6,5,97.73,,
54619,33718,10,8,2,84.99,,
54620,33742,0,0,0,109.28,,
54622,33732,6,3,3,147.19,,
54624,33750,9,5,4,182.00,,
54628,13701,16,16,0,32.31,,
54629,13702,6,2,4,27.00,,
54630,13712,0,0,0,105.60,,
54631,13704,15,8,7,28.99,,
54632,13707,10,5,5,32.00,,
54633,13709,5,5,0,47.14,,
54635,13705,11,5,6,32.63,,
54636,KTF001,4,4,0,268.40,,
54637,KTF002,6,6,0,218.63,,
54638,33807,7,2,5,93.46,,
54639,33817,11,11,0,95.66,,
54640,33842,0,0,0,113.55,,
54641,33818,0,0,0,101.01,,
54642,33832,0,0,0,145.24,,
54643,33840,9,3,6,145.23,,
54644,33850,15,12,3,198.53,,
54647,33811,6,3,3,63.31,,
54649,13801,12,12,0,32.63,,
54650,13802,6,3,3,32.63,,
54651,13812,4,1,3,72.38,,
54652,13804,13,12,1,32.63,,
54653,13807,2,2,0,32.95,,
54654,13809,7,1,6,32.95,,
54656,13805,5,5,0,32.95,,
54657,KT9797,5,4,1,254.41,,
54658,KT9794,7,3,4,207.30,,
54659,33103,10,6,4,75.20,,
54660,33104,8,1,7,75.20,,
54663,33132,0,0,0,190.24,,
54665,33150,4,4,0,178.54,,
54667,33113,0,0,0,77.54,,
54668,13101,7,2,5,25.89,,
54669,13102,7,7,0,25.89,,
54670,13108,0,0,0,96.59,,
54671,13110,5,5,0,25.89,,
54672,13122,2,0,2,25.89,,
54675,13120,6,3,3,25.89,,
54678,KT9799,7,6,1,234.30,,
54679,KT9796,3,1,2,213.55,,
54680,32804,10,3,7,73.98,,
54681,32805,0,0,0,74.00,,
54682,32842,8,4,4,85.84,,
54683,32803,9,6,3,95.23,,
54684,32832,17,12,5,133.36,,
54685,32840,5,2,3,136.61,,
54686,32850,16,8,8,153.19,,
54688,32810,0,0,0,74.53,,
54689,32812,0,0,0,51.09,,
54690,12801,0,0,0,24.35,,
54691,12803,4,0,4,24.25,,
54692,12810,0,0,0,63.43,,
54693,12812,16,12,4,23.54,,
54694,12828,7,3,4,24.25,,
54695,12827,11,6,5,24.73,,
54697,12821,6,0,6,24.25,,
54698,KT9798,5,4,1,238.35,,
54699,KT9795,6,6,0,212.51,,
54700,32904,2,0,2,113.86,,
54701,32905,0,0,0,107.95,,
54709,12901,9,4,5,24.73,,
54710,12902,0,0,0,36.06,,
54712,12904,12,12,0,23.98,,
54713,12916,2,0,2,24.73,,
54715,12913,10,5,5,56.88,,
54716,12911,3,2,1,24.73,,
54717,KTF024,8,5,3,277.38,,
54718,39004,5,2,3,95.21,,
54721,39040,9,4,5,155.74,,
54722,39009,0,0,0,65.71,,
54723,19150,5,2,3,288.13,,
54725,19001,2,1,1,34.48,,
54726,19002,6,2,4,35.13,,
54727,19007,0,0,0,100.69,,
54728,19003,10,10,0,35.13,,
54729,19005,8,4,4,40.15,,
54730,19020,3,3,0,73.71,,
54731,19004,0,0,0,33.56,,
54743,F16-0151-1,14,6,8,78.83,,
54749,965,42,25,17,24.59,,39.98
54750,MRWT69RGB,0,0,0,161.27,259.99,
54751,96-272-F,0,0,0,10.53,,
54755,1057-1-F,0,0,0,25.29,,
54756,73-100-F,8,4,4,43.17,,
54757,91-113-F,0,0,0,22.37,,
54759,3050-F,5,3,2,474.25,,
54762,1830,18,8,10,253.10,,
54764,1832,0,0,0,253.10,,
54765,1833,9,3,6,226.46,,
54768,1836,2,0,2,229.08,,
54769,1837,5,2,3,252.67,,
54771,1838,13,6,7,267.48,,
54772,53-135-F,0,0,0,62.01,,
54773,2340,14,8,6,19.87,,
54774,53-010-F,2,2,0,9.95,,
54775,5023,26,14,12,20.92,,
54776,5024,15,11,4,30.54,,
54777,85-272-F,0,0,0,266.59,,
54778,5032,46,26,20,52.28,,
54779,5068,26,3,23,21.33,,
54781,0135-0100,1,1,0,59.99,,
54808,1001100,19,4,15,22.41,,
54809,1002100,14,7,7,26.14,,
54810,1003100,11,5,6,27.89,,
54811,1007,36,20,16,6.76,,
54812,1007100,20,12,8,13.57,,
54820,DRS4W,4,2,2,1291.95,,
54832,535-5-125,2,2,0,109.99,,
54839,44010250,19,13,6,350.64,,
54851,81400200,0,0,0,61.31,,
54852,81400300,3,2,1,92.36,,
54853,81400330,0,0,0,217.44,,
54855,83116025,4,2,2,305.53,,
54856,83116035,2,0,2,342.38,,
54857,83125035,15,8,7,369.52,,
54865,MX7001CR,0,0,0,238.85,,
54866,MX7002CR,0,0,0,238.85,,
54867,MX7003CR,0,0,0,238.85,,
54869,910-002,0,0,0,171.88,220.00,
54870,910-001,0,0,0,178.13,228.00,
54871,910-004,0,0,0,200.00,256.00,
54872,910-014,0,0,0,171.88,220.00,
54873,910-009,0,0,0,318.75,408.00,
54874,910-012,0,0,0,318.75,408.00,
54875,910-044,0,0,0,325.00,416.00,
54876,910-029,0,0,0,550.00,704.00,
54877,910-026,0,0,0,712.50,912.00,
54878,800-036,0,0,0,78.13,100.00,
54879,800-038,0,0,0,81.25,104.00,
54880,800-041,0,0,0,84.38,108.00,
54881,800-037,0,0,0,109.38,140.00,
54882,800-010,0,0,0,109.38,140.00,
54883,800-011,0,0,0,109.38,140.00,
54884,800-014,0,0,0,109.38,140.00,
54885,800-030,0,0,0,128.13,164.00,
54886,SW45640,4,2,2,20.84,,
54887,800-037Y,0,0,0,140.63,180.00,
54888,SW46700,4,2,2,10.74,,
54889,SW46710,0,0,0,19.89,,
54890,800-010Y,0,0,0,140.63,180.00,
54891,800-011Y,0,0,0,140.63,180.00,
54892,800-YMKIT1,0,0,0,528.13,676.00,
54894,SW19155,10,4,6,14.63,,
54895,SW61900,2,1,1,4.55,,
54897,SW21314,9,6,3,31.36,,
54898,SW19170,5,2,3,21.07,,
54899,SW19175,2,2,0,11.13,,
54900,SW66670,4,2,2,27.24,,
54901,SW45670,4,2,2,50.73,,
54902,SW66610,4,2,2,5.15,,
54903,SW66620,4,2,2,3.95,,
54904,SW66630,3,1,2,4.63,,
54905,SW66640,4,2,2,8.68,,
54910,SW31215,28,17,11,22.19,,
54914,151710,2,0,2,189.99,,
54965,RF4050,0,0,0,76.80,,
54974,MR-2BLK,0,0,0,10.60,,
54975,MR-2BLU,8,2,6,10.60,,
54976,MR-2R,5,2,3,10.60,,
54977,MR-3BLK,0,0,0,10.60,,
54978,MR-3BLU,6,4,2,10.60,,
54979,MR-3R,0,0,0,10.60,,
54980,MT-OPTI,5,2,3,65.80,,
54982,PNP121,15,10,5,7.25,,
54985,FAMP3112011CA00,0,0,0,124.35,,
54987,PNP14,0,0,0,1.56,,
54988,PNP88A,0,0,0,8.88,,
54991,PNP171R,0,0,0,9.56,,
54993,PNP182,0,0,0,7.25,,
54995,PNP186,0,0,0,8.88,,
54996,PNP187,0,0,0,9.88,,
54997,PNP188,0,0,0,10.49,,
54998,PNP189,0,0,0,10.49,,
55000,PNP27T,19,16,3,1.58,,
55001,PNP28T,34,14,20,1.58,,
55003,RA2028010000,6,2,4,964.91,1066.91,
55004,RA2034010000,0,0,0,1024.73,1133.06,
55005,RA2040010000,7,3,4,1135.84,1255.91,
55006,RA2046010000,7,2,5,1537.52,1700.06,
55007,RA554130,6,3,3,62.91,,
55008,RA554131,0,0,0,85.46,,
55009,RA554132,2,2,0,100.30,,
55010,RA554133,9,6,3,106.24,,
55011,RA554136,10,8,2,86.66,,
55013,RC61914,0,0,0,78.65,,
55014,RC61983,0,0,0,39.84,,
55015,RC63201,0,0,0,112.09,,
55016,RC63216,0,0,0,249.77,,
55017,RC7251-1.0A,0,0,0,67.26,,
55018,RC72504,8,4,4,28.62,,
55019,RC72536S,0,0,0,65.19,,
55020,RC72544,0,0,0,107.68,,
55021,RC72581,0,0,0,3.17,,
55027,RF128,0,0,0,3.17,4.84,
55029,RF41000,0,0,0,5.40,8.25,
55030,RF1759,0,0,0,4.77,7.29,
55031,RF437,7,3,4,6.35,9.72,
55032,RF1765,0,0,0,7.15,10.93,
55033,RF103,6,4,2,31.23,48.37,
55034,RF104,0,0,0,29.63,45.89,
55035,RF418,8,4,4,16.68,25.84,
55036,RF418C,0,0,0,18.45,28.58,
55038,RF1032,14,5,9,15.99,24.46,
55039,RF1033,20,17,3,17.79,27.23,
55040,RF1034,4,2,2,23.31,35.66,
55041,RF1035,0,0,0,86.49,132.33,
55042,RF1851,0,0,0,7.37,11.27,
55043,RF1806,0,0,0,5.51,8.42,
55044,RF616,15,3,12,5.58,8.54,
55045,RF617,33,5,28,7.37,11.27,
55046,RF618,0,0,0,12.35,18.90,
55047,RF619,0,0,0,19.01,29.10,
55048,RF620,0,0,0,33.06,50.59,
55050,RF1047,8,5,3,19.07,29.18,
55055,RF1057,0,0,0,9.32,14.25,
55056,RF1058,19,12,7,6.78,10.37,
55057,RF113,0,0,0,0.84,1.27,
55058,RF1135-16,17,5,12,4.12,6.39,
55059,RF114,0,0,0,0.84,1.27,
55063,RF115X1,4,0,4,15.06,23.33,
55064,RF115X1/2,0,0,0,15.06,23.33,
55065,RF115X3/4,0,0,0,15.06,23.33,
55066,RF115X5/8,0,0,0,15.06,23.33,
55067,RF122,0,0,0,6.35,9.72,
55068,RF123,0,0,0,6.35,9.72,
55069,RF124,0,0,0,6.35,9.72,
55070,RF125,11,7,4,11.01,16.85,
55071,RF13101-2,4,4,0,10.19,15.58,
55074,RF1315GRN,14,6,8,2.37,3.63,
55083,RF1317R,0,0,0,1.58,2.41,
55088,RF150,7,0,7,5.93,9.06,
55089,RF151,0,0,0,6.78,10.37,
55090,RF156,0,0,0,6.17,9.43,
55100,RF167,0,0,0,11.52,17.62,
55102,RF1685-3,0,0,0,3.60,5.57,
55103,RF1685-4,0,0,0,3.60,5.57,
55104,RF1685-5,0,0,0,3.60,5.57,
55105,RF1685-6,0,0,0,4.51,6.98,
55106,RF1685-8,0,0,0,6.35,9.84,
55107,RF1685-10,2,1,1,10.88,16.85,
55108,RF1685-12,0,0,0,13.63,21.12,
55113,RF1706,0,0,0,3.17,4.84,
55114,RF173,0,0,0,21.34,33.05,
55115,RF75,0,0,0,29.83,46.20,
55116,RF180,0,0,0,7.52,11.66,
55118,RF1850S,9,8,1,5.51,8.54,
55120,RF1852,0,0,0,8.12,12.57,
55121,RF1853,7,5,2,11.41,17.69,
55122,RF639,0,0,0,17.17,26.59,
55124,RF640,0,0,0,25.96,40.21,
55126,RF641,0,0,0,31.82,49.28,
55128,RF185,0,0,0,12.95,19.80,
55129,RF186,0,0,0,21.69,33.20,
55130,RF187,0,0,0,25.04,38.31,
55131,RF20100,19,19,0,14.83,22.69,
55132,RF20101,0,0,0,8.47,12.95,
55133,RF20111,0,0,0,10.80,16.52,
55134,RF20151,0,0,0,11.57,17.71,
55136,RF20151A,17,12,5,14.65,22.42,
55137,RF20171,0,0,0,15.43,23.60,
55138,RF20180,0,0,0,16.98,25.97,
55139,RF20202,12,4,8,21.60,33.05,
55140,RF20212,0,0,0,23.93,36.60,
55141,RF20302,7,6,1,29.32,44.86,
55142,RF20312,5,3,2,32.02,49.00,
55143,RF20332,0,0,0,61.74,94.47,
55144,RF20711,0,0,0,22.38,34.24,
55145,RF2180,0,0,0,5.93,9.06,
55147,RF2181,0,0,0,5.93,9.06,
55148,RF2182,0,0,0,6.78,10.37,
55150,RF2183,0,0,0,7.62,11.66,
55151,RF2184,11,5,6,13.22,20.23,
55153,010-01159-00,1,1,0,712.49,,
55154,RF251,0,0,0,3.96,6.07,
55155,RF25109,8,4,4,9.89,15.12,
55156,RF254,0,0,0,11.10,17.18,
55158,RF2665,8,6,2,16.52,25.28,
55159,RF536,0,0,0,3.38,5.17,
55161,RF280,5,3,2,7.94,12.14,
55162,RF291,0,0,0,5.51,8.42,
55163,RF94,0,0,0,3.64,5.57,
55164,RF94A,0,0,0,3.38,5.17,
55165,RF5013,0,0,0,4.65,7.12,
55166,RF5023,0,0,0,6.78,10.37,
55167,RF294,9,6,3,6.83,10.45,
55168,RF738,13,5,8,5.16,7.90,
55169,RF30,0,0,0,38.62,59.08,
55170,RF602,0,0,0,46.64,71.36,
55171,RF30101,7,4,3,14.11,21.59,
55172,RF31712,7,5,2,20.83,31.87,
55173,RF35100,9,5,4,15.73,24.05,
55174,RF35101,6,2,4,11.06,16.91,
55175,RF35140,5,3,2,20.06,30.69,
55176,RF35151,7,5,2,12.33,18.88,
55177,RF35202,5,2,3,26.23,40.13,
55178,RF35302,5,0,5,35.51,54.31,
55179,RF35312,13,9,4,37.05,56.67,
55180,RF3128,3,2,1,40.69,62.27,
55181,RF3129,7,5,2,45.78,70.05,
55184,RF3134,6,5,1,83.95,128.44,
55185,RF3131,6,3,3,82.25,125.85,
55188,RF3133,35,18,17,11.09,16.97,
55189,RF3136,4,2,2,3.96,6.07,
55199,RF4025,22,10,12,6.27,9.72,
55200,RF4026,27,16,11,6.35,9.72,
55201,RF41100,0,0,0,16.31,24.95,
55202,RF41101,0,0,0,13.40,20.50,
55203,RF41110,0,0,0,21.60,33.05,
55204,RF41111,0,0,0,20.06,30.69,
55205,RF41140,6,2,4,23.15,35.41,
55206,RF41151,0,0,0,23.15,35.41,
55209,RF41712,1,0,1,22.12,33.84,
55210,RF40100,8,3,5,21.22,32.46,
55211,RF40140,0,0,0,28.56,43.68,
55212,RF413,0,0,0,5.07,7.77,
55213,RF4410,0,0,0,135.47,186.53,
55214,RF4415,0,0,0,135.47,186.53,
55215,RF4430,0,0,0,141.95,195.46,
55216,RF4435,0,0,0,141.95,195.46,
55217,RF44100,0,0,0,45.90,70.23,
55219,RF453,8,4,4,20.67,31.61,
55220,RF46100,2,0,2,49.56,75.82,
55221,RF469,0,0,0,15.73,24.05,
55222,RF48,0,0,0,6.35,9.72,
55224,RF483,0,0,0,2.43,3.76,
55225,RF484,0,0,0,2.43,3.76,
55226,RF485,10,0,10,3.33,5.15,
55227,RF48A,0,0,0,5.51,8.42,
55228,RF49,0,0,0,7.28,11.14,
55229,RF494,0,0,0,14.65,22.69,
55230,RF498,27,20,7,2.70,4.13,
55231,RF499,31,13,18,4.11,6.28,
55232,RF5,3,2,1,46.33,71.76,
55233,RF50,0,0,0,5.58,8.54,
55234,RF5000,0,0,0,19.07,29.18,
55235,RF5001,7,3,4,18.68,28.58,
55236,RF5010,5,1,4,21.05,32.21,
55238,RF5020,6,2,4,38.16,58.37,
55239,RF5400,5,1,4,18.59,28.45,
55240,RF5400B,0,0,0,18.59,28.45,
55241,RF5410,3,3,0,20.06,30.69,
55245,RF5003,0,0,0,4.57,6.98,
55246,RF5005,0,0,0,6.35,9.72,
55247,RF50100HL,0,0,0,44.88,68.65,
55248,RF51,7,2,5,10.17,15.56,
55249,RF5100,8,3,5,6.27,9.72,
55250,RF5101,8,4,4,6.27,9.72,
55251,RF5105,9,7,2,8.62,13.36,
55252,RF5106,0,0,0,9.41,14.58,
55253,RF51100,8,4,4,23.40,35.81,
55255,RF51110,0,0,0,35.44,54.24,
55256,RF55110,8,6,2,32.41,49.59,
55257,RF56100,7,6,1,60.20,92.10,
55258,RF571,0,0,0,8.73,13.36,
55259,RF573,9,4,5,13.90,21.27,
55260,RF64100,0,0,0,72.33,110.67,
55261,RF64110,0,0,0,98.58,150.83,
55263,RF663,0,0,0,13.57,21.02,
55264,RF74100,7,3,4,98.58,150.83,
55265,RF74100AW,0,0,0,162.75,249.01,
55266,RF520,5,3,2,3.85,5.89,
55267,RF521,0,0,0,3.85,5.89,
55274,RF5405,11,8,3,6.94,10.61,
55276,BOW4512D,0,0,0,1321.41,1691.40,
55278,BOW5512D,1,0,1,1465.78,1876.20,
55281,BOW9512D,0,0,0,2675.50,3424.64,
55282,RF544,0,0,0,17.57,27.23,
55283,RF559,0,0,0,15.06,23.33,
55285,BPJE2,2,2,0,228.50,305.28,
55287,RF6080,5,3,2,17.02,26.06,
55289,BPSE2,1,1,0,150.18,200.40,
55291,RF58,16,11,5,54.46,84.35,
55292,EZDOCK2,0,0,0,411.43,,
55293,RF59,20,10,10,5.56,8.50,
55294,RF6000,8,5,3,13.04,19.94,
55295,RF6002,8,4,4,14.80,22.65,
55296,RF6010C,14,10,4,5.78,8.96,
55297,RF6093L,10,4,6,5.11,7.82,
55298,RF6093M,20,7,13,5.01,7.67,
55300,RF6093S,4,0,4,4.23,6.48,
55302,RF6100,0,0,0,39.79,60.88,
55303,RF6110,7,4,3,51.23,78.40,
55304,RF6120,20,10,10,51.23,78.40,
55305,RF6130,0,0,0,57.04,87.27,
55308,RF6200,16,3,13,55.11,84.33,
55309,RF6210,11,5,6,71.52,109.43,
55311,RF6220,0,0,0,80.85,123.71,
55315,BP29,0,0,0,65.57,73.44,
55316,RF6321,10,6,4,109.16,167.02,
55317,BP2910,1,0,1,71.86,95.88,
55318,BP2916,0,0,0,95.09,121.72,
55319,RF614,16,10,6,6.47,9.91,
55320,RF615,0,0,0,5.07,7.77,
55321,RF615A,0,0,0,5.58,8.54,
55324,BP125G10,0,0,0,96.53,115.84,
55327,RF625,0,0,0,25.43,38.91,
55328,BP150G10,0,0,0,110.90,124.20,
55330,BP185G10,0,0,0,165.00,184.80,
55331,RF627,0,0,0,5.85,9.06,
55332,RF628,15,5,10,8.37,12.95,
55333,ZE250,0,0,0,14.29,,
55334,ZE425,0,0,0,16.07,,
55335,ZEHC100,0,0,0,55.24,,
55336,RF629,0,0,0,11.72,18.15,
55337,RF630,0,0,0,17.18,26.61,
55338,RF631,6,2,4,27.63,42.80,
55339,RF632,0,0,0,42.38,65.65,
55342,RF635,15,4,11,8.64,13.21,
55343,RF636,12,7,5,12.78,19.56,
55344,RF637,0,0,0,27.14,41.51,
55346,RF67,8,6,2,45.54,70.54,
55347,RF6710,0,0,0,145.80,223.08,
55348,RF6720,0,0,0,163.31,249.86,
55350,RF677,0,0,0,48.96,74.91,
55351,RF686,115,20,95,0.84,1.27,
55352,RF687,22,20,2,0.95,1.46,
55353,RF688,14,12,2,1.68,2.57,
55354,RF7,5,2,3,96.79,149.92,
55357,RF713,12,2,10,21.20,32.43,
55363,RF8080BLU-2,0,0,0,14.80,22.65,
55365,RF8080GRY-2,8,4,4,14.80,22.65,
55366,RF8080R-2,4,4,0,14.80,22.65,
55367,RF8081BLU,6,2,4,10.90,16.68,
55368,RF8081R,0,0,0,10.90,16.68,
55369,RF8090-08,10,5,5,13.06,,
55371,RF8090-11,0,0,0,15.17,,
55373,RF8090-16,6,2,4,17.25,,
55374,RF8090-21,8,4,4,26.23,,
55375,RF816,0,0,0,33.46,46.65,
55376,RF823002,29,21,8,58.31,80.28,
55380,RF917,0,0,0,11.36,17.38,
55381,RF919,0,0,0,13.11,20.06,
55382,RF92,0,0,0,17.47,26.73,
55383,RFSCISSORS,0,0,0,57.69,79.43,
55384,RFSPLICE-6,19,2,17,47.28,65.11,
55385,RFSPLICE-F15,4,3,1,19.42,26.73,
55387,RFSPLICE-F20,13,9,4,20.06,27.62,
55388,RFSPLICE-F25,7,4,3,22.09,30.42,
55400,TY-10WSP,11,6,5,5.32,,
55401,TY-15WSP,12,9,3,5.32,,
55402,TY-KITBLU,4,2,2,11.10,,
55403,WD-1W,48,4,44,14.33,,
55407,A80289,12,4,8,245.82,,
55408,199248,22,13,9,1.56,,
55409,199249,248,216,32,4.13,,
55410,199210,13,12,1,1.62,,
55411,199211,22,9,13,6.10,,
55412,199214,17,5,12,3.31,,
55413,199215,10,7,3,8.71,,
55414,199259,14,5,9,3.31,,
55415,199260,14,7,7,12.47,,
55416,199217,11,7,4,4.51,,
55417,199252,6,0,6,2.01,,
55418,199253,21,12,9,5.63,,
55419,199228,10,5,5,2.40,,
55420,199229,21,14,7,8.94,,
55421,199257,16,6,10,4.37,,
55422,199258,6,3,3,15.83,,
55423,309025,9,4,5,13.83,,
55424,309002,4,3,1,127.24,,
55425,309003,17,7,10,2.30,,
55426,309103,13,3,10,2.35,,
55427,309125,15,2,13,13.83,,
55428,309102,9,4,5,127.24,,
55429,309203,10,0,10,2.93,,
55430,309225,12,8,4,19.10,,
55431,309202,5,2,3,175.86,,
55432,312325,7,2,5,18.72,,
55433,312303,7,3,4,2.87,,
55434,312225,8,8,0,18.72,,
55435,312203,14,9,5,2.87,,
55436,312425,5,2,3,18.72,,
55437,312403,8,3,5,2.87,,
55438,312603,13,8,5,2.87,,
55439,312625,7,3,4,18.72,,
55440,312503,16,10,6,2.87,,
55441,312525,8,2,6,18.72,,
55442,311303,0,0,0,2.28,,
55443,311325,18,9,9,13.57,,
55444,311225,9,5,4,13.57,,
55445,311203,17,10,7,2.28,,
55446,311425,1,0,1,13.57,,
55447,311403,14,10,4,2.28,,
55448,311625,6,2,4,13.57,,
55449,311603,13,4,9,2.28,,
55450,311525,5,2,3,13.57,,
55451,311503,13,4,9,2.28,,
55452,310399,11,7,4,27.78,,
55453,310325,2,0,2,13.57,,
55454,310303,10,4,6,2.28,,
55455,310499,6,3,3,26.30,,
55456,310425,2,2,0,12.86,,
55457,310403,0,0,0,2.16,,
55458,310699,5,3,2,26.30,,
55459,310625,3,1,2,12.86,,
55460,310603,0,0,0,2.16,,
55461,310599,0,0,0,26.30,,
55462,310525,5,3,2,12.86,,
55463,310503,0,0,0,2.16,,
55476,010-11617-50,10,9,1,37.49,,
55477,010-11617-52,4,1,3,52.49,,
55478,010-12234-05,37,26,11,29.99,,
55480,010-12233-00,6,0,6,18.75,,
55481,010-12234-00,7,2,5,18.75,,
55482,010-12199-01,0,0,0,14.99,,
55483,010-12247-00,0,0,0,14.99,,
55484,010-12233-01,0,0,0,11.24,,
55485,010-12234-01,0,0,0,14.99,,
55486,010-12199-03,12,10,2,22.49,,
55487,010-12199-04,0,0,0,22.49,,
55488,010-12233-03,11,3,8,26.24,,
55510,310203,15,9,6,2.28,,
55511,310225,4,4,0,13.57,,
55525,E70297,0,0,0,896.73,,
55526,E70298,3,0,3,1255.42,,
55527,E70258,2,0,2,2062.49,,
55529,E70242,0,0,0,108.32,,
55530,010-11170-00,22,5,17,3.75,,
55567,21-200-001A,0,0,0,707.47,,
55568,21-300-001A,0,0,0,250.13,,
55570,21-200-002A,0,0,0,947.33,,
55572,21-300-002A,0,0,0,354.67,,
55576,313203,0,0,0,2.16,,
55577,313225,2,2,0,15.22,,
55578,313299,0,0,0,31.15,,
55579,314203,0,0,0,2.16,,
55580,314225,0,0,0,15.83,,
55581,314303,0,0,0,2.16,,
55582,314325,0,0,0,15.07,,
55583,314399,4,2,2,30.83,,
55584,315203,0,0,0,2.73,,
55585,315225,0,0,0,20.57,,
55586,315303,0,0,0,2.73,,
55587,315325,0,0,0,22.35,,
55588,315399,5,5,0,42.13,,
55633,CPM50,0,0,0,113.14,,
55635,JMPSW800,8,4,4,151.52,205.95,
55642,FAMP3472X02CA00,0,0,0,60.92,,
55650,FAMP3022B02CA00,0,0,0,122.68,,
55652,FAMP3022S02CA00,0,0,0,122.68,,
55653,FAMP3022X01CA00,0,0,0,122.68,,
55654,FAMP3022X02CA00,0,0,0,122.68,,
55655,FAMP3022B11CA00,0,0,0,124.35,,
55659,FAMP3022X11CA00,0,0,0,124.35,,
55663,AK-1000-HV-S,0,0,0,40.63,,
55664,AK-1000-HV-M,0,0,0,40.63,,
55665,AK-1000-HV-L,0,0,0,40.63,,
55666,AK-1000-HV-XL,0,0,0,40.63,,
55667,AC-1100-RB-3XL,0,0,0,305.00,,
55668,AB-1100-RB-3XL,0,0,0,277.50,,
55669,AS-1100-RB-3XL,0,0,0,515.00,,
55670,FAMP3022X12CA00,0,0,0,124.35,,
55672,FAMP3012B02CA00,0,0,0,120.17,,
55675,FAMP3012X01CA00,0,0,0,120.17,,
55676,FAMP3012X02CA00,0,0,0,120.17,,
55681,FAMP3012X11CA00,0,0,0,122.68,,
55682,FAMP3012X12CA00,0,0,0,122.68,,
55683,1190-FT,32,32,0,11.93,,
55686,FAMP2982B02CA00,0,0,0,118.51,,
55691,FAMP2982X01CA00,0,0,0,118.51,,
55697,FAMP2982X11CA00,0,0,0,118.51,,
55699,FAMP2492B01CA00,0,0,0,118.51,,
55702,FAMP2492S02CA00,0,0,0,118.51,,
55704,FAMP2492X02CA00,0,0,0,118.51,,
55714,800CAXBX,28,15,13,52.25,79.99,
55716,FAMP3002X01CA00,0,0,0,122.68,,
55717,FAMP3002X02CA00,0,0,0,122.68,,
55722,FAMP3002X11CA00,0,0,0,122.68,,
55725,FAMP2992B02CA00,0,0,0,109.25,,
55740,FAMP3262X01CA00,0,0,0,116.84,,
55741,FAMP3262X02CA00,0,0,0,116.84,,
55743,433,11,11,0,23.16,,
55747,FAMP3262X11CA00,0,0,0,120.17,,
55755,FAMP3252X01CA00,0,0,0,116.84,,
55756,FAMP3252X02CA00,0,0,0,116.84,,
55762,FAMP3252X12CA00,0,0,0,118.51,,
55767,37041-0010,31,15,16,237.81,,
55768,8M0092085,13,7,6,128.04,,
55770,001-266-010-00,3,1,2,162.73,,
55772,5225-AIS,24,10,14,175.63,,
55773,5239,4,2,2,133.33,,
55776,3004,2,2,0,88.29,,
55777,3015,4,0,4,135.86,,
55778,3019,1,1,0,169.82,,
55791,S-9200P,13,9,4,22.04,,
55792,S-9201P,12,12,0,19.10,,
55793,S-9202P,19,13,6,11.91,,
55808,11300301,4,0,4,27.85,,
55809,31431512,0,0,0,270.34,,
55810,31431712,8,4,4,270.34,,
55811,31431912,6,4,2,270.34,,
55812,31432112,6,2,4,270.34,,
55813,31431530,1,0,1,307.30,,
55814,31431730,6,3,3,307.30,,
55815,31431930,5,2,3,307.30,,
55816,21502131,5,1,4,94.16,,
55817,21502141,1,1,0,94.16,,
55818,0070DP0CLR,10,4,6,9.63,,
55819,0070DP1CLR,8,3,5,10.15,,
55820,0071DP0CLR,0,0,0,9.47,,
55821,0072DP1CLR,9,4,5,14.15,,
55822,0126DP0BLK,14,9,5,9.47,,
55823,0248DP0CLR,0,0,0,11.09,,
55824,0271DP0CHR,24,14,10,23.43,,
55825,0338DP1CLR,1,1,0,6.96,,
55826,0338DP2CLR,5,5,0,7.35,,
55827,0339DP0CHR,0,0,0,32.95,,
55828,0554DP,34,13,21,8.33,,
55829,0559DP,21,21,0,5.74,,
55830,0561DP4CHR,14,10,4,14.40,,
55831,0578DP0CHR,0,0,0,7.60,,
55833,0831DP0PLB,7,6,1,22.15,,
55834,0841DP0CHR,7,0,7,12.65,,
55835,0958DP0CHR,14,9,5,12.47,,
55836,1059P00DP,0,0,0,27.50,,
55837,1091DP1BLK,4,0,4,42.69,,
55838,1091DP1WHT,14,8,6,42.69,,
55839,1092DP1WHT,12,5,7,38.13,,
55840,1092DP3BLK,7,3,4,38.13,,
55841,1194DP0CHR,14,5,9,19.73,,
55842,1205DP0CHR,10,5,5,54.16,,
55844,1232DP2CHR,0,0,0,13.97,,
55845,1262DP0CHR,0,0,0,15.65,,
55846,1267DP0CHR,0,0,0,16.43,,
55847,1267DP0ZNC,6,6,0,9.49,,
55848,1270DPG99A,1,0,1,15.88,,
55850,1313DP0CHR,11,6,5,18.71,,
55851,8501DP,11,6,5,41.16,,
55852,G-37,2,0,2,289.30,,
55853,G-55,0,0,0,427.30,,
55854,G-85,1,0,1,654.78,,
55855,G-125,0,0,0,970.39,,
55856,SG-7,0,0,0,69.29,,
55857,SG-11,0,0,0,77.89,,
55858,SG-16,0,0,0,83.06,,
55859,SG-23,0,0,0,105.87,,
55860,SG-37,0,0,0,109.75,,
55861,SG-55,0,0,0,161.40,,
55862,SG-85,0,0,0,200.12,,
55863,SG-125,0,0,0,210.02,,
55864,162HF012,0,0,0,899.39,,
55865,162HR012,0,0,0,1076.22,,
55866,162MF012,0,0,0,875.00,,
55867,162MR012,0,0,0,1051.83,,
55868,2500RFK,2,1,1,288.69,,
55892,3134,5,5,0,13.91,,
55894,0342-BK,6,6,0,12.06,,
55895,0423,6,6,0,11.98,,
55935,M8AR,0,0,0,796.49,,
55936,M16AR,0,0,0,1116.69,,
55973,M4364,27,11,16,9.95,,
55975,M4516,17,10,7,10.02,,
55977,M4716,52,0,52,10.80,,
55978,M4901,0,0,0,42.74,,
55979,M4916,14,14,0,10.71,,
55980,M4965,10,7,3,34.54,,
55981,M5001,42,15,27,47.63,,
55983,M5016,18,10,8,11.61,,
55984,M5032,11,5,6,19.18,,
55988,M5616,9,3,6,12.03,,
55989,M5716,37,14,23,11.03,,
55990,M5916,6,6,0,8.14,,
55991,M6132,31,19,12,19.35,,
55992,M6301,50,22,28,60.03,,
55994,M6316,34,11,23,17.65,,
55995,M6332,16,8,8,25.73,,
55999,M6732,16,5,11,20.67,,
56002,M9132,18,12,6,24.93,,
56019,11959-1,11,6,5,16.31,,
56031,31501712,7,3,4,301.23,,
56032,31501912,10,6,4,301.23,,
56033,31502112,0,0,0,301.23,,
56034,31501722,0,0,0,301.23,,
56035,31501922,1,1,0,301.23,,
56036,31502122,0,0,0,301.23,,
56037,31501731,6,3,3,327.04,,
56038,31501931,4,3,1,327.04,,
56039,31502131,1,0,1,327.04,,
56041,31501741,3,1,2,327.04,,
56042,31501941,3,3,0,327.04,,
56043,31502141,4,2,2,327.04,,
56044,31501532,5,3,2,327.04,,
56045,31501542,0,0,0,327.04,,
56052,4128-110-E04,13,6,7,105.91,,
56054,4138-111-E65,12,6,6,129.22,,
56056,4148-153-E75,15,7,8,210.45,,
56060,4158-153-E75,6,6,0,294.61,,
56061,4558-153-E75,1,0,1,849.91,,
56062,4558-163-E75,4,3,1,839.99,,
56063,105-013,7,2,5,56.99,,
56064,4238-121-E07,32,10,22,144.05,,
56065,4248-153-E09,20,9,11,200.42,,
56066,4258-153-E09,12,6,6,277.84,,
56067,4348-153-E09,4,1,3,253.49,,
56068,4358-153-E09,5,2,3,336.92,,
56069,253-120-01,10,6,4,32.35,,
56070,253-220-01,13,9,4,34.55,,
56071,253-320-01,12,6,6,57.96,,
56073,253-121-01,8,5,3,34.99,,
56074,253-221-01,11,4,7,42.85,,
56075,253-321-01,11,5,6,53.99,,
56076,253-401-01,0,0,0,63.99,,
56077,94-726-00,9,5,4,18.05,,
56078,94-727-00,9,4,5,17.30,,
56079,4648-153-E07,6,6,0,281.65,,
56080,1700-001-030,14,10,4,100.36,,
56081,1700-011-030,12,4,8,106.67,,
56082,1700-021-030,25,18,7,113.67,,
56083,358-001-10,0,0,0,133.27,,
56084,358-011-10,11,8,3,146.24,,
56085,357-013-10,0,0,0,47.32,,
56086,357-113-10,10,0,10,49.78,,
56087,357-103-10,36,12,24,54.87,,
56088,357-012-10,0,0,0,47.32,,
56089,357-112-10,0,0,0,50.26,,
56090,357-102-10,0,0,0,55.40,,
56091,357-014-10,0,0,0,47.79,,
56092,357-114-10,0,0,0,50.75,,
56113,330-021,0,0,0,29.95,,
56114,357-116-10,43,16,27,46.17,,
56115,357-106-10,60,12,48,50.26,,
56116,355-020-10,14,7,7,21.31,,
56117,355-010-10,5,2,3,23.93,,
56118,355-110-10,18,5,13,33.59,,
56119,355-100-10,19,7,12,37.96,,
56120,358-000-10,1,0,1,100.05,,
56121,358-010-10,13,9,4,128.73,,
56122,359-111-30,4,0,4,31.24,,
56123,359-111-40,1,0,1,37.55,,
56124,277-3110,1,1,0,30.29,,
56125,277-4110,4,4,0,33.18,,
56126,3200-001,14,7,7,166.19,,
56127,3200-101,5,4,1,164.43,,
56128,010-12117-01,4,2,2,63.75,,
56130,8050-305-526,2,0,2,95.69,,
56131,8050-305-626,4,2,2,157.99,,
56132,8050-305-426,3,3,0,179.13,,
56133,3010-000,3,3,0,25.81,,
56137,255-323,40,17,23,10.49,,
56138,255-313,3,0,3,10.39,,
56139,255-315,0,0,0,13.62,,
56140,255-325,19,11,8,13.75,,
56141,340-001,16,11,5,15.15,,
56142,182-200,0,0,0,51.39,,
56143,183-039-08,12,8,4,32.99,,
56144,183-029-14,19,13,6,42.23,,
56145,183-029-18,10,6,4,34.67,,
56151,DS6-P,27,5,22,12.94,,
56152,DS-H6,40,20,20,15.75,,
56175,101296,0,0,0,107.67,,170.09
56181,35SPP,9,7,2,91.95,,
56182,113,11,9,2,50.67,,
56183,123,4,2,2,181.33,,
56185,132,9,3,6,158.67,,
56186,134,0,0,0,276.00,,
56187,SVS-560CF,0,0,0,692.30,,
56188,SVS-560CF-E,0,0,0,769.30,,
56199,101288,10,3,7,83.13,,125.99
56201,GA-88,1,0,1,84.00,,
56211,20-001-01A,0,0,0,758.03,,
56216,166000,11,6,5,319.23,,
56217,21101MG,0,0,0,27.87,,
56218,21104MG,0,0,0,33.06,,
56220,20709AL,0,0,0,24.56,,
56221,20711AL,0,0,0,40.99,,
56225,317301200,22,10,12,284.38,,454.99
56227,FTT631512000B00,5,3,2,146.04,,
56231,M1AR,3,2,1,476.29,,
56233,000-0127-52,5,3,2,18.20,,
56234,S-3511BC,10,4,6,28.36,,
56235,S-3511RC,0,0,0,27.63,,
56247,M2AR,1,1,0,476.29,,
56248,76-0022-00,7,1,6,39.08,,
56249,806-1884,0,0,0,1152.23,,
56252,809-0946,10,7,3,22.08,,
56253,815-2524-02,0,0,0,1821.60,,
56254,815-3524-02,0,0,0,2087.60,,
56262,OC15SUK31A,0,0,0,75.56,,
56263,OC15SUK31B,0,0,0,75.56,,
56264,OC15SUK18,1,1,0,73.72,,
56268,804010,5,2,3,272.27,,
56269,8085050,15,8,7,62.84,,
56270,8040,52,21,31,27.59,,
56273,80850,21,0,21,12.40,,
56303,S-0226BC,36,15,21,31.45,,
56304,S-0226WC,11,3,8,31.44,,
56305,S-0230BC,84,35,49,23.20,,
56306,S-0230WC,24,12,12,23.32,,
56307,S-1444C,0,0,0,9.21,,
56308,S-1445C,0,0,0,10.57,,
56309,6744C,19,8,11,25.52,,
56310,6746C,12,7,5,45.05,,
56367,2880.91,0,0,0,91.17,,
56393,F38-2050B-1,0,0,0,154.99,,
56394,F38-2050R-1,1,1,0,154.99,,
56395,F38-2060B-1,11,3,8,88.09,,
56396,F38-2060R-1,0,0,0,88.09,,
56420,01-0385-01,0,0,0,5252.40,,
56421,01-0385-02,0,0,0,5252.40,,
56424,15014-101,7,4,3,538.84,,
56425,TT9X12E,7,4,3,687.93,,
56426,TT9X12EI,7,4,3,838.79,,
56427,15038-101,0,0,0,653.29,,
56428,15042-101,0,0,0,1044.15,,
56429,15047-101,0,0,0,2305.55,,
56430,15056-002,5,2,3,228.41,,
56431,15057-001,7,3,4,228.41,,
56432,15058-001,6,3,3,228.41,,
56433,15066-001,0,0,0,249.19,,
56436,15086-001,0,0,0,15.33,,
56437,15092-001,15,6,9,13.48,,
56438,15093-001,7,3,4,25.10,,
56441,CAP0303,8,2,6,13.66,,
56442,15102-104,0,0,0,634.45,,
56443,CAP0304,2,2,0,2.17,,
56444,15103-104,8,3,5,591.63,,
56445,15113-101,0,0,0,548.91,,
56446,15114-101,0,0,0,561.80,,
56447,15115-101,0,0,0,592.54,,
56448,15116-101,0,0,0,635.48,,
56452,SBR-13LI,38,24,14,34.09,,
56453,SBT-13,7,4,3,17.65,,
56455,SEP-10A,4,2,2,21.18,,
56460,940200190,25,12,13,319.99,,
56480,8M0092070,4,2,2,396.33,,
56481,8M0092071,17,7,10,110.96,,
56482,8M0092068,42,16,26,60.17,,
56515,IRIS740,1,1,0,982.56,,
56520,30133-001D,5,2,3,21.04,,
56521,30133-002D,0,0,0,24.74,,
56522,30133-103D,6,3,3,30.09,,
56524,30142-202,5,2,3,59.06,,
56525,30142-104,0,0,0,90.08,,
56526,15107-001,0,0,0,13.43,,
56527,15107-002,0,0,0,12.46,,
56541,OCTAFMDRESYSA-9,0,0,0,1099.97,,
56544,AP3522,0,0,0,951.92,,
56550,2000020942,0,0,0,153.71,,
56554,15120-001,0,0,0,246.45,,
56568,15122-001,5,3,2,237.31,,
56571,15130-001,0,0,0,246.45,,
56669,808-9010,8,3,5,17.91,,
56672,7635,11,0,11,80.62,,
56701,P105072,0,0,0,114.92,,
56703,RL-ADM,0,0,0,73.13,,
56704,RL-ARM,6,3,3,94.50,,
56705,RL-RM,6,3,3,33.75,,
56706,RL-501,0,0,0,13.50,,
56707,RL-502,2,0,2,13.50,,
56708,RL-503,0,0,0,13.50,,
56709,RL-504,0,0,0,13.50,,
56711,RL-506,0,0,0,13.50,,
56712,RL-507,4,2,2,13.50,,
56771,416-BK,2,0,2,6.20,,
56796,710211-1,80,78,2,71.42,,
56809,A0-1800-CF,0,0,0,1639.14,,
56810,A0-1800-CFT,1,0,1,1840.74,,
56811,1852073,1,1,0,50.28,,
56820,40063,7,7,0,28.79,43.99,
56832,40075,7,7,0,21.58,32.99,
56834,C118-10,0,0,0,77.33,,
56835,C118-20,0,0,0,87.92,,
56844,B-81-WM,8,4,4,171.14,,
56845,010-11647-20,1,0,1,1649.99,2199.99,
56848,17288-1000,15,10,5,17.81,,
56850,MMGGX6800000,1,0,1,10.55,,
56851,MSVGGGX08000,2,0,2,5.56,,
56852,MSVGGGX10000,1,0,1,25.04,,
56853,MMGGX10120000,1,0,1,22.91,,
56881,3200-011,7,4,3,215.35,,
56882,358-100-10,0,0,0,116.37,,
56883,358-110-10,0,0,0,141.95,,
56884,94-181-02,4,2,2,13.03,,
56885,94-181-03,10,4,6,9.99,,
56886,94-238-03,13,7,6,28.82,,
56889,94-800-26,0,0,0,37.30,,
56896,94-571-00,3,0,3,37.70,,
56898,94-619-00,82,6,76,28.99,,
56899,94-620-00,53,10,43,46.45,,
56914,6080,6,3,3,29.33,,
56918,42,18,16,2,35.19,,
56925,M4AR,0,0,0,716.44,,
56934,010-12181-20,3,2,1,1274.99,1699.99,
56935,010-12181-21,1,1,0,1274.99,1699.99,
56936,010-12181-22,2,0,2,1274.99,1699.99,
56943,900-6WP,2,0,2,46.90,,
56944,900-6WPW,0,0,0,46.90,,
56946,CSP6,1,0,1,61.53,,
56947,CSP6-F,0,0,0,77.31,,
56948,CSP6-PTC,0,0,0,96.01,,
56954,80-511-0005-01,12,1,11,32.66,,
56956,80-511-0007-01,10,10,0,32.66,,
56959,1100-BK,0,0,0,12.50,,
56961,1101-BK,3,3,0,15.00,,
56982,A80162,10,5,5,72.43,,
56983,A80161,1,0,1,72.43,,
56984,750S-01710,8,0,8,125.13,,
56987,WCPC-6,0,0,0,13.09,,
56988,WCPC-6.5,0,0,0,13.09,,
56989,WCPC-7,6,6,0,10.96,,
56990,WCPC-7.5,0,0,0,10.96,,
56991,WCPC-8,0,0,0,11.38,,
56992,WCPC-8.5,12,12,0,11.38,,
56993,WCPC-9,6,6,0,12.24,,
56994,WCPC-9.5,6,6,0,12.24,,
56995,WCPC-10,6,6,0,13.87,,
56996,WCPC-10.5,6,6,0,13.87,,
56997,WCPC-11,0,0,0,14.95,,
56998,WCPC-11.5,0,0,0,25.12,,
56999,WCPC-12,0,0,0,19.75,,
57000,WCPC-12.5,0,0,0,27.26,,
57001,WCPC-13,0,0,0,22.38,,
57002,WCPC-13.5,0,0,0,29.39,,
57003,WCPC-14,0,0,0,31.55,,
57004,WCPC-14.5,0,0,0,31.55,,
57005,WCPC-15,0,0,0,33.70,,
57006,WCPC-15.5,0,0,0,33.70,,
57013,SET0148,0,0,0,38.04,,
57014,SET0149,1,1,0,42.33,,
57015,SET0150,2,0,2,45.00,,
57016,OC-0422VEL8,0,0,0,213.96,,
57017,010-12122-10,92,47,45,22.49,,
57023,5310012,0,0,0,230.77,,
57024,5310112,2,1,1,231.28,,
57025,5310024,0,0,0,230.77,,
57026,5310124,0,0,0,269.23,,
57027,SMC12,2,1,1,99.36,,
57028,SMC24,0,0,0,125.00,,
57034,41331,0,0,0,28.84,,
57037,T9025406,8,5,3,5.43,,
57045,58155,8,4,4,365.03,,
57047,58319,0,0,0,27.00,,
57054,441,0,0,0,4.56,,
57055,"GOTECH 1.0",4,0,4,754.44,,
57062,403902,3,0,3,13.05,,
57063,404152,15,10,5,13.48,,
57064,404172,4,2,2,14.79,,
57065,404202,11,6,5,15.47,,
57066,404252,7,7,0,18.24,,
57067,404302,14,9,5,19.41,,
57068,20711,1,1,0,36.99,,
57076,MD-6,7,7,0,51.72,,
57080,117WR-2,0,0,0,35.40,,
57081,60WR-2,1,0,1,35.40,,
57082,75WR-2,2,2,0,36.59,,
57083,164WR-2,0,0,0,44.78,,
57084,117WR-4,0,0,0,26.75,,
57085,60WR-4,1,1,0,27.95,,
57086,75WR-4,0,0,0,29.75,,
57087,175WR-4,2,1,1,29.84,,
57097,A80330,3,2,1,37.19,,
57145,117WR-1,0,0,0,25.18,,
57146,60WR-1,3,2,1,26.75,,
57147,75WR-1,3,1,2,27.95,,
57148,164WR-1,1,0,1,39.94,,
57149,117WR-3,0,0,0,42.14,,
57150,60WR-3,2,0,2,44.78,,
57151,75WR-3,0,0,0,45.05,,
57152,164WR-3,2,1,1,55.65,,
57163,385310076,2,2,0,35.92,,
57167,720080-1,3,1,2,37.91,,
57212,1139,0,0,0,65.19,,
57213,1408,2,0,2,254.46,,
57214,1147,4,1,3,112.34,,
57215,1148,5,3,2,121.41,,
57216,1522,4,2,2,223.73,,
57217,1216,4,2,2,167.16,,
57218,1455,0,0,0,100.18,,
57219,1450,0,0,0,134.09,,
57220,1457,0,0,0,199.57,,
57221,1456,0,0,0,219.32,,
57222,1200,5,3,2,287.71,,
57223,1225,4,3,1,294.63,,
57224,1463,2,1,1,322.27,,
57225,1464,2,2,0,316.27,,
57226,1227,0,0,0,503.71,,
57227,1223,3,2,1,422.33,,
57228,1217,0,0,0,673.30,,
57229,1222,0,0,0,547.05,,
57230,1201,0,0,0,856.52,,
57231,1221,0,0,0,969.86,,
57232,1210,8,2,6,178.23,,
57233,1228,3,2,1,311.33,,
57234,1214,6,4,2,224.54,,
57235,1206,0,0,0,291.73,,
57236,1230,0,0,0,408.54,,
57237,1202,6,4,2,326.84,,
57238,1208,0,0,0,235.18,,
57239,1231,0,0,0,235.19,,
57240,1502,8,5,3,382.39,,
57241,1190,2,2,0,407.08,,
57243,1193,0,0,0,549.24,,
57244,1168,0,0,0,273.24,,
57245,1218,0,0,0,1498.66,,
57248,1475,0,0,0,53.72,,
57249,1474,0,0,0,335.42,,
57250,1473,0,0,0,91.43,,
57251,1472,2,0,2,47.96,,
57252,1478,5,3,2,99.54,,
57253,7480,12,5,7,3.73,,
57254,7481,5,0,5,3.16,,
57255,7482,5,2,3,4.05,,
57256,7483,0,0,0,3.16,,
57257,7484,2,2,0,3.16,,
57258,7485,9,4,5,3.16,,
57259,7490,0,0,0,7.24,,
57260,7491,0,0,0,3.72,,
57261,7492,1,0,1,3.72,,
57262,7493,1,0,1,3.72,,
57263,7494,0,0,0,3.72,,
57264,7495,4,4,0,3.72,,
57270,2000020973,8,4,4,39.22,,
57272,010-12199-00,0,0,0,18.75,,
57273,0200MB0DP1,11,8,3,89.80,,
57274,SPK2218,6,3,3,6.17,,
57275,SPK1614,16,10,6,6.17,,
57276,6225-R,7,3,4,327.88,,
57278,A28162,28,10,18,120.82,,
57280,5290,9,3,6,41.10,,
57296,R70014,3,1,2,29.82,,
57315,600033-1,54,40,14,54.07,,
57316,600031-1,0,0,0,127.05,,
57317,600032-1,0,0,0,158.81,,
57321,2700K,7,7,0,30.60,,
57322,2701K,1,1,0,39.33,,
57323,2702K,7,7,0,48.23,,
57350,TY-KITW,16,9,7,11.10,,
57351,001-341-830-00,0,0,0,558.18,,
57353,760025-1,3,3,0,82.79,,
57354,"UFO X RV",2,0,2,197.27,,
57355,5266CR,0,0,0,27.27,,
57364,327,5,5,0,7.36,,
57373,KG1020-4,3,1,2,8.04,9.56,
57374,KG1020-9,0,0,0,18.84,24.01,
57381,010-12378-20,1,0,1,997.02,,
57382,010-12379-20,1,0,1,1499.99,1999.99,
57389,OC15SUK10,0,0,0,29.97,,
57391,137000-701-999-16,25,20,5,7.25,,
57396,0425-BK,4,4,0,10.46,,
57400,104110,4,2,2,20.54,,
57401,108910,4,3,1,46.02,,
57402,104310,5,1,4,20.54,,
57403,104710,6,4,2,20.54,,
57404,103910,3,2,1,20.54,,
57405,104210,8,4,4,20.54,,
57406,104610,6,4,2,20.54,,
57411,A80291,5,4,1,55.39,,
57412,A80292,5,4,1,72.43,,
57413,A0-0900-TEG,0,0,0,692.47,,
57414,A0-1500-CF,0,0,0,1446.30,,
57415,A0-1500-CFT,3,1,2,1665.43,,
57416,MI-001ST,2,2,0,120.37,,
57417,CA-0088,14,6,8,211.03,,
57421,40934,3,2,1,18.76,,
57422,40934CASE,0,0,0,208.80,,
57426,A80312,7,3,4,29.82,,
57427,A80247,14,12,2,72.43,,
57430,BCPC-6,0,0,0,13.09,,
57431,BCPC-6.5,0,0,0,13.09,,
57432,BCPC-7,0,0,0,10.96,,
57433,BCPC-7.5,0,0,0,10.96,,
57434,BCPC-8,0,0,0,11.38,,
57435,BCPC-8.5,0,0,0,11.38,,
57436,BCPC-9,0,0,0,12.24,,
57437,BCPC-9.5,0,0,0,12.24,,
57438,BCPC-10,0,0,0,13.87,,
57439,BCPC-10.5,0,0,0,13.87,,
57440,BCPC-11,0,0,0,14.95,,
57441,BCPC-11.5,0,0,0,25.12,,
57442,BCPC-12,0,0,0,19.75,,
57443,BCPC-12.5,0,0,0,27.26,,
57444,BCPC-13,0,0,0,22.38,,
57445,BCPC-13.5,1,1,0,29.39,,
57446,BCPC-14,0,0,0,31.55,,
57447,BCPC-14.5,0,0,0,31.55,,
57448,BCPC-15,1,1,0,33.70,,
57449,BCPC-15.5,0,0,0,33.70,,
57465,010-11129-00,0,0,0,26.24,,
57466," 106910",3,1,2,27.60,,
57467," 104510",6,2,4,20.54,,
57473,SN2060A,6,2,4,115.40,,
57474,SN2011,0,0,0,122.39,,
57475,SN2010,12,6,6,139.00,,
57488,F17727,7,1,6,33.56,,
57501,36400-1000,17,15,2,22.27,,
57502,36400-0000,12,7,5,22.27,,
57503,010-11957-00,0,0,0,22.49,,
57510,HS2500HP,19,19,0,26.90,43.99,
57512,010-11613-10,20,16,4,63.75,,
57517,30142-201,6,3,3,56.11,,
57525,001-167-890-10,0,0,0,66.36,,
57530,001-105-810-10,0,0,0,50.91,,
57531,001-341-660-00,0,0,0,280.91,,
57536,PP4800-12,0,0,0,356.35,,
57538,1039,13,13,0,4.64,,
57539,1008,5,5,0,3.41,,
57542,24012000,0,0,0,2004.06,,
57543,24020800,0,0,0,953.85,,
57544,24021500,0,0,0,1495.99,,
57545,24022500,4,2,2,2624.07,,
57546,24095100,4,2,2,4530.79,,
57560,81400100,0,0,0,44.98,,
57561,81500600,0,0,0,101.37,,
57562,81500700,0,0,0,183.12,,
57563,81500100,0,0,0,75.21,,
57564,81500200,0,0,0,108.72,,
57565,81500300,3,2,1,154.50,,
57566,81500350,0,0,0,329.44,,
57567,81500400,0,0,0,155.34,,
57568,81500500,0,0,0,339.26,,
57569,81400400,0,0,0,168.41,,
57570,81400500,0,0,0,204.37,,
57574,010-12117-08,0,0,0,22.49,,
57578,1154,8,8,0,6.03,,
57579,1011,11,11,0,3.63,,
57581,1004,6,6,0,2.86,,
57584,SET0044,0,0,0,606.23,,
57585,15101-104,12,6,6,579.08,,
57587,001-337-420-00,0,0,0,327.27,,
57589,001-337-450-00,0,0,0,270.00,,
57590,001-337-430-00,0,0,0,186.36,,
57591,001-337-440-00,0,0,0,242.73,,
57599,SVS880FMK,0,0,0,40.00,,
57601,65100,3,2,1,114.96,,
57607,43990-0051,9,5,4,25.11,,
57608,11944-7,6,4,2,8.09,,
57618,OCTAFG1012,3,2,1,499.99,,
57620,R70439,35,15,20,34.08,,
57625,SP-70-1,0,0,0,2099.30,,
57626,DVD5800,0,0,0,211.72,,
57641,26244GA,29,12,17,12.94,,
57643,27672,32,24,8,80.63,149.99,
57648,MC200,3,0,3,3.62,4.95,
57655,PP5050-19,0,0,0,370.90,,
57656,PP5200-12,0,0,0,392.72,,
57657,PP4408,0,0,0,269.08,,
57658,PP5205,0,0,0,392.72,,
57659,HRSB1107,0,0,0,289.15,,
57661,SSC300-01,4,2,2,348.21,,
57662,SSC300-01-KIT,0,0,0,464.90,,
57663,803500,4,2,2,189.19,,
57664,803500B,1,0,1,189.19,,
57665,805500,8,6,2,229.73,,
57666,805500B,13,6,7,229.73,,
57675,APT-150-01,10,8,2,269.51,,
57676,APT-250-01,4,3,1,320.63,,
57677,APT-GPS-01,5,4,1,135.00,,
57678,APT-LB-01,10,3,7,143.44,,
57679,APT-LB-GPS2-01,4,2,2,241.88,,
57680,APT6003,5,2,3,402.19,,
57684,SSM-64A,7,5,2,53.33,,
57685,010-11617-32,21,12,9,41.24,,
57686,010-11617-42,5,2,3,48.75,,
57687,010-12234-07,0,0,0,26.24,,
57688,010-12406-00,10,6,4,22.49,,
57758,10102G40,9,9,0,6.56,,
57759,10200G40,39,19,20,2.30,,
57760,10201G40,22,10,12,2.12,,
57766,10600G40,15,5,10,5.36,,
57768,10603G40,36,16,20,4.10,,
57770,45004G40,6,6,0,4.93,,
57774,58195,11,0,11,71.91,,
57775,58196,13,5,8,78.19,,
57776,58197,24,18,6,32.60,,
57777,58387,4,0,4,16.23,,
57785,FT1PXC,15,14,1,152.74,,
57786,500199,5,2,3,329.99,,
57811,740146-1,20,20,0,24.14,,
57812,740149-1,7,4,3,42.74,,
57813,780029-1,2,0,2,17.24,,
57819,710185-1,1,1,0,206.99,,
57820,790,14,7,7,14.71,,
57821,792,15,10,5,33.09,,
57829,ACDC1911,2,0,2,23.16,,
57833,740090-1,8,8,0,20.69,,
57841,720073-4,0,0,0,79.34,,
57887,1852074,0,0,0,32.68,,
57899,1810340,2,0,2,360.44,,
57900,1810244,3,1,2,79.91,,
57902,1368562,4,3,1,1006.32,,
57943,EIC101,15,8,7,131.26,,
57962,3400,8,1,7,130.31,,199.98
57963,3500,5,3,2,182.25,,259.98
57965,YBP-5103,48,31,17,12.33,,19.98
57969,YBP-5203,37,21,16,14.58,,19.98
57973,3552,19,1,18,14.14,,21.98
57975,3554,32,17,15,14.14,,21.98
57976,3555,25,2,23,14.14,,21.98
57977,30803,4,4,0,10.81,,16.98
57980,010-11966-00,7,1,6,22.49,,
58046,32010,12,0,12,165.30,,
58049,1810225,2,1,1,188.87,,
58050,1810226,2,1,1,145.28,,
58051,IRIS090,2,0,2,491.28,,
58053,1001003,1,1,0,203.27,,
58054,1001008,1,1,0,175.68,,
58066,122000-500-020-16,6,0,6,48.84,,
58067,122000-500-040-16,10,5,5,48.84,,
58068,122000-500-060-16,0,0,0,48.84,,
58072,GP2205,0,0,0,363.62,,
58073,GP1205,0,0,0,363.62,,
58074,GP1524,0,0,0,276.35,,
58075,GP2524,0,0,0,276.35,,
58084,801310,0,0,0,109.19,,
58085,8013,0,0,0,10.92,,
58086,80301,19,19,0,39.00,,
58087,HRSB1201,0,0,0,9.03,,
58138,3000003654,65,25,40,95.00,,
58139,011,12,7,5,85.70,,
58140,144,7,3,4,44.99,,
58168,SW55450,3,2,1,14.03,,
58175,SRA-50,18,10,8,85.62,,
58180,01-0398,0,0,0,4777.78,,
58182,6018-R,0,0,0,732.66,,
58184,B4-509AA,1,1,0,3399.99,,
58186,010-12167-20,0,0,0,44.99,,
58189,DFC5,15,12,3,12.05,,
58190,DFP5,11,7,4,12.05,,
58191,DFF5,0,0,0,12.05,,
58195,10-24750-09,4,2,2,260.11,,
58199,3230WC,0,0,0,21.72,,
58200,3226WC,3,0,3,27.91,,
58239,9351-2,11,7,4,11.16,,
58240,11370-7,14,7,7,12.39,,
58241,14233-7,5,3,2,21.45,,
58243,11778-2,1,1,0,43.45,,
58249,90-815-F,4,2,2,342.48,,
58250,96-280-F,11,11,0,21.19,,
58252,96-286-F,7,1,6,20.01,,
58256,2428-F,28,22,6,9.47,,
58257,2430-F,9,8,1,16.20,,
58302,2064-0292,25,25,0,19.99,,
58309,2064-0293,11,4,7,34.99,,
58320,001-337-410-00,0,0,0,82.73,,
58325,CLM100-01,0,0,0,356.22,,
58328,49024,0,0,0,29.37,44.99,
58329,0140,6,6,0,19.26,,
58330,0141,0,0,0,25.84,,
58335,0443,8,8,0,7.54,,
58338,0448-BK,8,8,0,15.28,,
58339,4338-121-E07,6,2,4,194.69,,
58341,2028,2,2,0,58.79,,
58342,2029,5,5,0,64.21,,
58370,2000023099,8,5,3,146.81,,
58378,2000026562,3,3,0,359.21,,
58398,019901,0,0,0,112.00,212.00,
58399,011702,1,0,1,186.32,304.00,
58412,A10-217-3,2,2,0,281.25,,449.99
58413,10-904,0,0,0,49.74,,
58414,10-905,0,0,0,49.74,,
58450,44106-1000,133,71,62,10.51,,
58483,50050-2,10,4,6,266.60,,
58484,50051,10,6,4,126.67,,
58488,QCM-S,8,8,0,64.01,,
58492,QCM-SR,5,4,1,78.25,,
58565,50053,0,0,0,299.93,,
58570,CA-0157-1,0,0,0,32.90,,
58571,CA-0157-2,10,8,2,49.75,,
58572,CA-0157-3,6,2,4,67.41,,
58573,CA-0157-4,0,0,0,83.46,,
58574,03-1570-100,8,6,2,12.39,,
58576,03-1108-RP,6,2,4,6.23,,
58577,17-1510-50W,1,1,0,24.38,,
58578,CA-0032,5,4,1,40.63,,
58579,CA-0033,6,4,2,75.16,,
58581,1045,26,10,16,37.86,,
58582,1733,52,10,42,39.59,,
58584,770-EZ,33,33,0,47.09,,
58585,5045,62,36,26,20.94,,
58586,5046,21,0,21,40.51,,
58587,770-DP-EZ,9,3,6,62.47,,
58588,770-DP,0,0,0,51.44,,
58589,771-S-EZ,11,4,7,52.53,,
58592,771-S,6,1,5,46.20,,
58594,772-DBC-EZ,0,0,0,65.80,,
58595,772-DBC,0,0,0,54.31,,
58596,701S,6,3,3,32.45,,
58597,701-PM,29,6,23,21.80,,
58598,701S-PM,34,5,29,33.41,,
58599,701-MD,13,7,6,145.01,,
58600,701-MD-D,16,4,12,154.52,,
58601,720-MDO,12,2,10,189.66,,
58603,80-724-0006-00,9,7,2,75.40,,
58604,80-708-0013-00,0,0,0,44.22,,
58606,80-911-0045-00,3,0,3,124.59,,
58607,54-27C4/DSP,7,3,4,9.70,,
58608,54-35C2/DSP,6,0,6,11.06,,
58609,701-KEY,20,20,0,8.06,,
58610,701-KEY-EP,35,14,21,9.61,,
58611,GP1800-20,0,0,0,312.72,,
58612,P105055,0,0,0,306.51,,
58613,P105056,0,0,0,522.60,,
58614,P105057,0,0,0,868.47,,
58615,010-12255-00,0,0,0,149.99,,
58616,112507,12,6,6,94.29,,149.89
58617,112527,14,6,8,92.35,,131.39
58618,113117,36,8,28,94.35,,143.19
58619,113127,50,17,33,92.96,,141.19
58620,113197,25,8,17,92.88,,141.09
58621,112807,7,6,1,107.58,,155.79
58622,112827,10,5,5,103.29,,149.59
58626,101326,6,4,2,127.96,,204.29
58629,101334,8,4,4,367.27,,570.99
58630,101335,0,0,0,391.83,,610.49
58631,101336,9,7,2,369.36,,575.39
58632,101346,2,0,2,584.03,,902.79
58633,101347,0,0,0,561.19,,881.09
58634,101348,7,2,5,565.24,,874.89
58641,111831,0,0,0,187.23,,296.69
58647,701-MDVS,13,3,10,165.76,,
58648,720-MDVSO,4,2,2,277.10,,
58649,80-701-0018-00,2,2,0,134.11,,
58650,720-MDO-EP,4,2,2,190.42,,
58651,80-724-0007-00,3,2,1,31.09,,
58652,710-140A,20,3,17,101.05,,
58653,714-140A-DVSR,2,1,1,132.13,,
58654,715-H,0,0,0,78.01,,
58655,715-V,0,0,0,78.01,,
58656,716-H-140A-DVSR,1,0,1,168.25,,
58657,716-V-140A-DVSR,0,0,0,168.25,,
58658,716-SQ-140A-DVSR,4,2,2,168.25,,
58659,715-S,0,0,0,99.02,,
58660,718-140A-DVSR,0,0,0,196.38,,
58661,717-140A-DVSR,15,0,15,291.66,,
58662,719-140A-DVSR,2,0,2,424.95,,
58663,80-716-0017-00,0,0,0,205.90,,
58664,80-716-0018-00,11,0,11,449.85,,
58665,80-716-0014-00,0,0,0,421.43,,
58666,80-716-0015-00,0,0,0,704.72,,
58667,80-716-0016-00,0,0,0,983.05,,
58668,80-700-0050-00,0,0,0,249.78,,
58669,80-700-0051-00,0,0,0,252.27,,
58670,80-700-0052-00,0,0,0,242.35,,
58673,CC-810,0,0,0,134.82,,
58674,CC-803N,3,0,3,336.64,,
58676,CC-5,0,0,0,36.59,,
58679,CC-BLANK,0,0,0,33.99,,
58688,A80346,7,4,3,38.34,,
58689,777-BB4S-500,43,28,15,73.14,,
58690,777-BB3S-650,56,25,31,80.66,,
58691,777-BB5S-650,50,25,25,108.51,,
58692,777-BB8S-650,27,7,20,152.52,,
58693,777-Z10W-200,10,10,0,29.20,,
58694,777-Z18W-200,7,3,4,45.40,,
58695,778-ANL,16,4,12,23.53,,
58696,778-ANL2S,0,0,0,48.07,,
58697,778-ANLTP,3,1,2,57.36,,
58698,778-T2S-400,0,0,0,48.07,,
58699,778-T2S-600,8,1,7,56.42,,
58700,IST-8MM-1S,7,6,1,12.04,,
58701,IST-8MM-2S,0,0,0,18.19,,
58702,IST-10MM-8MM,0,0,0,18.60,,
58704,IST-10MM-2S,2,2,0,18.91,,
58705,IST-8MM-1SPT,0,0,0,19.14,,
58706,IST-10MM-1SPT,6,3,3,19.78,,
58707,IS-6MM-1/DSP,6,4,2,9.39,,
58708,IS-6MM-1R/DSP,7,3,4,10.24,,
58709,IS-6MM-2/DSP,8,2,6,12.18,,
58710,BB-6W-2S/DSP,0,0,0,24.48,,
58711,BB-12W-2S/DSP,0,0,0,27.25,,
58712,BB-24W-2S/DSP,0,0,0,33.40,,
58713,BB-12W-2NC/DSP,0,0,0,35.73,,
58714,BB-4S-150A/DSP,0,0,0,33.20,,
58715,TB-118-6P/DSP,9,3,6,9.85,,
58717,706-4W,3,1,2,84.81,,
58718,706-2W,1,0,1,46.24,,
58719,707,4,2,2,103.74,,
58720,705-50A,0,0,0,91.21,,
58721,705-80A,3,1,2,91.21,,
58722,705-100A,0,0,0,91.21,,
58723,705-135A,0,0,0,91.21,,
58724,705-150A,0,0,0,91.21,,
58725,ATC-6W,0,0,0,26.95,,
58726,ATC-6WQC,0,0,0,26.91,,
58727,80-712-0039-00,9,3,6,17.46,,
58728,810-15-CX,0,0,0,56.00,,
58731,810-30-CX,0,0,0,84.00,,
58763,77030100,53,24,29,163.48,,
58768,131902500,5,4,1,219.72,,
58805,GP1050-19,0,0,0,327.26,,
58806,900-DC,0,0,0,123.75,,
58807,OCTAFMDRSSYS12,0,0,0,1268.48,,
58809,901H,0,0,0,217.60,,
58810,901V,0,0,0,217.60,,
58811,CA82B-35R,0,0,0,3075.45,,
58812,902NMH,0,0,0,337.97,,
58813,902NMV,0,0,0,337.97,,
58814,904NM,0,0,0,393.76,,
58815,905NM,0,0,0,582.65,,
58817,764998,16,7,9,4.40,,
58818,765000,14,2,12,9.42,,
58819,765002,8,4,4,9.73,,
58820,765004,16,4,12,7.35,,
58821,765006,8,4,4,11.73,,
58822,765010,2,0,2,8.07,,
58823,765012,13,8,5,10.06,,
58824,750000,16,9,7,10.91,,
58825,760375,0,0,0,1.90,,
58826,760500,11,3,8,1.90,,
58827,301503,4,2,2,6.13,,
58828,301506,5,3,2,10.85,,
58829,304503,0,0,0,4.40,,
58830,304506,6,2,4,7.41,,
58831,306503,0,0,0,6.42,,
58832,906NMV,0,0,0,911.66,,
58834,OCTAFG0612,0,0,0,422.24,,
58838,OCTAFG1012,0,0,0,501.57,,
58841,OCTAFG1612,0,0,0,554.46,,
58847,NC36NM,0,0,0,920.33,,
58852,901V-DCSM,0,0,0,565.82,,
58865,902V-DCSM,0,0,0,628.48,,
58867,903-DCSM,0,0,0,883.30,,
58871,905V-DCSM,0,0,0,905.92,,
58880,900-AM,0,0,0,213.77,,
58883,902-AM,0,0,0,408.78,,
58885,904-AM,0,0,0,591.92,,
58887,905-AM,0,0,0,805.23,,
58889,906-AM,0,0,0,1014.60,,
58890,906V-AM,0,0,0,994.69,,
58891,907-AM,0,0,0,1594.80,,
58893,NC32Y-DCSM,0,0,0,1240.05,,
58897,M28-DCSM,0,0,0,1126.40,,
58898,M32-DCSM,0,0,0,1193.85,,
58947,010-01550-00,16,8,8,127.99,,
58948,010-01550-10,2,2,0,199.99,,
58953,010-12439-00,9,4,5,14.99,,
58954,010-12439-01,15,9,6,18.75,,
58955,010-12440-00,0,0,0,14.99,,
58956,010-12440-01,0,0,0,14.99,,
58957,010-12440-02,0,0,0,14.99,,
58958,010-12401-00,0,0,0,134.99,,
58959,010-12401-20,30,30,0,112.49,,
58960,010-12402-00,6,3,3,187.49,,
58961,010-12403-00,1,0,1,142.49,,
58962,010-12404-00,14,7,7,187.49,,
58963,010-12404-10,0,0,0,487.49,,
58964,010-12405-00,11,2,9,262.49,,
58966,010-12407-00,0,0,0,22.49,,
58967,010-12407-02,0,0,0,26.24,,
58970,010-12445-30,0,0,0,7.49,,
58971,010-12445-22,3,3,0,52.49,,
58972,010-12445-32,32,17,15,47.81,,
58973,010-12445-00,71,37,34,22.49,,
58975,010-12445-21,0,0,0,3.75,,
58976,010-12445-31,0,0,0,3.75,,
58977,010-12445-10,0,0,0,22.49,,
58978,010-12234-06,0,0,0,18.75,,
58979,010-12462-00,0,0,0,112.49,,
58980,010-12357-00,0,0,0,22.49,,
58986,OC-0422BKA8,0,0,0,213.96,,
58989,OT-0442BKA15,2,1,1,544.54,,
58990,OT-0442VEL15,4,2,2,544.54,,
58992,F16-0151R-1,2,0,2,42.23,,
58994,F31-0790BXY-1,6,4,2,455.90,,
58995,F31-0770BSA-1,5,2,3,218.97,,
58999,F16-0810-1,0,0,0,274.41,,
59001,OT-3160CF,3,1,2,2192.41,,
59002,OT-4200CF,2,2,0,2619.47,,
59006,900-ACM6W-110V,0,0,0,278.18,,
59008,900-AC1-110V,0,0,0,288.48,,
59009,900-AC1,0,0,0,305.25,,
59010,HRC10812V,3,1,2,2049.54,2879.20,
59011,RC8612V,5,3,2,1071.02,1508.00,
59012,RC121212V,0,0,0,3285.29,4468.00,
59013,900-ACCH-110V,0,0,0,180.89,,
59014,900-ACCH,0,0,0,279.99,,
59015,R62379,5,2,3,140.61,,
59028,900-AC2V-ACSM,0,0,0,942.01,,
59029,900-AC3-AM,0,0,0,792.48,,
59031,900-AC3-ACSM,0,0,0,1059.42,,
59033,900-AC4-ACSM,0,0,0,1110.11,,
59044,BM30PW,8,5,3,84.04,124.20,
59045,BM30PG,9,4,5,84.04,124.20,
59046,BM30PB,0,0,0,84.04,124.20,
59047,BM50PW,3,2,1,98.65,145.80,
59048,BM50PG,8,4,4,98.65,145.80,
59049,BM50PB,6,3,3,98.65,145.80,
59050,BM30NT,0,0,0,118.14,174.60,
59110,2914,4,4,0,578.73,,
59164,BP3708,0,0,0,237.73,,
59165,BP3740,3,2,1,237.73,,
59167,BP9005,9,4,5,58.34,,
59168,BP9013,6,4,2,75.66,,
59169,BP9021,0,0,0,63.05,,
59170,BP4402,4,2,2,116.79,,
59171,BP4410,7,4,3,132.96,,
59172,BP0510,10,6,4,124.66,,
59174,BP0350,16,8,8,86.46,,
59176,82-962-001A,0,0,0,110.53,,
59177,BP1552,12,10,2,150.68,,
59178,BP1554,8,5,3,155.04,,
59179,GP4618,29,29,0,41.24,,
59180,GP0550,2,0,2,92.98,,
59181,GP0551,3,3,0,92.98,,
59182,GP0418,9,1,8,80.19,,
59183,GP0650,27,23,4,57.58,,
59184,SS5212,8,5,3,62.25,,
59185,SS1212,6,5,1,79.78,,
59186,SS1224,14,8,6,87.44,,
59187,BP2052,20,6,14,170.11,,
59188,BP2054,20,5,15,166.20,,
59189,BP4572,28,5,23,204.60,,
59190,BP4574,7,5,2,213.96,,
59191,LV1219,19,10,9,14.29,,
59192,RT2498,17,7,10,102.24,,
59193,RT2658,5,5,0,133.54,,
59199,S-7098P,17,10,7,5.53,,
59208,F600,11,7,4,466.20,,
59209,S600,5,5,0,465.19,,
59210,F700,5,2,3,558.28,,
59211,S700,1,0,1,555.73,,
59212,S1100,0,0,0,521.89,,
59213,F1100,0,0,0,529.73,,
59214,F600W,5,3,2,545.59,,
59215,F1200,0,0,0,648.46,,
59216,S1200,5,2,3,684.63,,
59221,PP4800-20,0,0,0,356.35,,
59222,PP5065,0,0,0,399.99,,
59224,PP5058,0,0,0,370.90,,
59225,PP4403,0,0,0,269.08,,
59226,PP5064,0,0,0,399.99,,
59227,PP5059,0,0,0,370.90,,
59228,PP4407,0,0,0,269.08,,
59229,RMX4800-20,0,0,0,436.35,,
59230,RMX4800-12,0,0,0,436.35,,
59232,RMX4800,0,0,0,421.81,,
59234,RMX4408,0,0,0,392.72,,
59235,RMX4407,0,0,0,392.72,,
59236,RMX4808,0,0,0,436.35,,
59238,ACC-FF-1536,7,4,3,6.46,,
59239,GP2050-20,0,0,0,327.26,,
59240,ACC-FF-1567,0,0,0,6.46,,
59241,ACC-FF-1659,0,0,0,12.93,,
59242,GP2050-19,0,0,0,327.26,,
59243,ACC-FF-1581,0,0,0,35.74,,
59244,GP1200-12,0,0,0,363.62,,
59245,GP2200-12,0,0,0,363.62,,
59246,GP1800-12,0,0,0,312.72,,
59248,GP2050-09,0,0,0,327.26,,
59249,GP1807,0,0,0,312.72,,
59250,GP1040-20,0,0,0,334.53,,
59251,A80350,0,0,0,379.16,,
59252,GP2040-20,0,0,0,334.53,,
59253,GP1080-19,0,0,0,385.44,,
59254,GP2080-19,0,0,0,385.44,,
59258,GP1170-12,0,0,0,385.44,,
59259,GP2170-12,0,0,0,385.44,,
59260,GP1040-09,0,0,0,334.53,,
59261,GP2040-09,0,0,0,334.53,,
59262,GP2040,0,0,0,319.99,,
59263,GP1170-09,0,0,0,385.44,,
59264,GP2170-09,0,0,0,385.44,,
59265,GP1174,0,0,0,385.44,,
59266,GP2174,0,0,0,385.44,,
59267,GP2082,0,0,0,385.44,,
59268,GP1082,0,0,0,385.44,,
59269,GP1170-05,0,0,0,385.44,,
59270,GP2170-05,0,0,0,385.44,,
59271,GP1504,0,0,0,276.35,,
59272,GP1514,0,0,0,276.35,,
59273,GP1600-04,0,0,0,341.81,,
59274,GP2504,0,0,0,276.35,,
59275,GP2514,0,0,0,276.35,,
59276,GP2600-04,0,0,0,341.81,,
59277,GP1040-19,0,0,0,334.53,,
59279,BEA3000,6,2,4,167.60,,
59280,GP2040-19,0,0,0,334.53,,
59281,GP1508,0,0,0,276.35,,
59282,"RLS- AM",14,7,7,38.53,,
59283,"RLS- 401",4,4,0,15.01,,
59284,"RLS- 402",9,3,6,24.75,,
59285,"RLS- 403",3,1,2,18.28,,
59286,"RLS- 404",13,6,7,18.28,,
59287,"MBR-300 PRO",1,0,1,49.00,,
59289,"RL- 508",12,8,4,28.69,,
59290,"RL- 509",10,6,4,22.21,,
59291,"RL- 510",0,0,0,14.34,,
59292,"RL- 511",0,0,0,14.34,,
59293,"MBR-700 PRO",1,0,1,299.00,,
59295,"RL- TETH",0,0,0,12.94,,
59296,GP1518,0,0,0,276.35,,
59297,GP1608,0,0,0,341.81,,
59298,GP2508,0,0,0,276.35,,
59299,GP2518,0,0,0,276.35,,
59300,GP2608,0,0,0,341.81,,
59301,GP2600-10,0,0,0,341.81,,
59302,GP1600-10,0,0,0,341.81,,
59303,GP1080-08,0,0,0,385.44,,
59304,GP2080-08,0,0,0,385.44,,
59305,TP325,0,0,0,159.99,,
59307,SG125,0,0,0,319.99,,
59308,SG225,0,0,0,319.99,,
59310,GP2065,0,0,0,363.62,,
59311,PP5066,0,0,0,399.99,,
59312,PP4500-01,0,0,0,276.35,,
59313,PP5050-01,0,0,0,370.90,,
59314,PP4500-06,0,0,0,276.35,,
59315,PP4500-05,0,0,0,276.35,,
59316,PP5050-02,0,0,0,370.90,,
59317,PP4900-02,0,0,0,356.35,,
59318,000-154-024,0,0,0,76.36,,
59319,PP4500-03,0,0,0,276.35,,
59321,PP4500-02,0,0,0,276.35,,
59322,PP4900-01,0,0,0,356.35,,
59323,RMX4500-01,0,0,0,399.99,,
59324,RMX4500-02,0,0,0,399.99,,
59325,RMX4900-01,0,0,0,436.35,,
59326,GP1066,0,0,0,363.62,,
59327,GP2066,0,0,0,363.62,,
59335,GP1040-26,0,0,0,334.53,,
59338,GP1040-23,0,0,0,334.53,,
59341,GP1040-29,0,0,0,334.53,,
59345,LLB-16CW-01-00,0,0,0,13.71,,
59346,GP1500-01,0,0,0,276.35,,
59347,LLB-45RU-91-K1,0,0,0,113.44,,
59349,GP1500-11,0,0,0,276.35,,
59351,GP1040-10,0,0,0,334.53,,
59353,GP1500-05,0,0,0,276.35,,
59354,GP1500-04,0,0,0,276.35,,
59355,GP1040-25,0,0,0,334.53,,
59361,GP1040-24,0,0,0,334.53,,
59362,GP1500-02,0,0,0,276.35,,
59363,GP1040-28,0,0,0,334.53,,
59364,GP1040-27,0,0,0,334.53,,
59366,GP1040-22,0,0,0,334.53,,
59367,11501000,2,2,0,47.09,,
59368,GP1040-21,0,0,0,334.53,,
59376,SK129,0,0,0,181.81,,
59379,SK130,0,0,0,181.81,,
59394,DS0006,9,1,8,133.33,,
59395,LV1215,29,18,11,16.50,,
59396,F1100W,0,0,0,642.00,,
59397,S600W,4,2,2,526.05,,
59398,BP0527,2,1,1,125.76,,
59399,WM8284,3,0,3,290.07,,
59400,WM8484,3,3,0,301.38,,
59401,GP1354,62,49,13,30.86,,
59402,S360EW,8,4,4,639.65,,
59403,S1100W,0,0,0,681.00,,
59404,SS5012,5,2,3,30.74,,
59405,SS1012,7,4,3,36.45,,
59406,BE1482,11,6,5,94.09,,
59407,BE1484,8,5,3,106.00,,
59408,BE9003,46,24,22,36.45,,
59409,BE9006,25,15,10,59.03,,
59415,73-103-F,15,5,10,16.87,,
59421,WLOCKLP30,0,0,0,123.57,,
59427,USG-2,0,0,0,234.28,,
59428,DIN-KIT-2,0,0,0,15.51,,
59432,TKA01,0,0,0,7.59,,
59433,TKA02,4,4,0,5.53,,
59446,MRWT40,8,3,5,96.73,189.99,
59454,MRGB65S,9,5,4,88.67,144.99,
59455,SET0151,0,0,0,49.83,,
59485,320899,13,4,9,84.23,,
59486,MI-1050-ORS,2,0,2,68.61,,
59488,CA-0172-MO,0,0,0,158.09,,
59489,CA-0175-MO,3,2,1,275.59,,
59491,03-1226-23S,0,0,0,20.06,,
59492,03-1226-23G,0,0,0,20.06,,
59495,"AL 01706",12,11,1,10.81,17.95,
59496,"AL 01710",8,5,3,50.72,69.95,
59497,"CR 01606",22,19,3,10.81,17.95,
59498,"CR 01610",6,4,2,50.72,69.95,
59500,940200210,19,11,8,319.99,,
59501,14190-7,16,8,8,25.82,,
59502,14191-7,9,3,6,31.46,,
59513,308-0163-25,2,2,0,69.69,,
59514,308-0163-50,0,0,0,106.59,,
59515,308-0163-75,0,0,0,131.19,,
59517,308-0164-25,0,0,0,79.62,,
59518,308-0164-50,0,0,0,100.58,,
59520,308-0164-100,0,0,0,146.68,,
59521,4115028,41,20,21,23.46,,
59522,4113315,1,0,1,19.27,,
59526,308-0251-30-00,0,0,0,98.39,,
59527,308-0252-30-00,0,0,0,98.39,,
59528,308-0253-30-00,0,0,0,381.29,,
59529,308-0254-30-00,0,0,0,381.29,,
59551,F31-2200BXY-4A,0,0,0,64.40,,
59552,F31-2230BXY-4A,0,0,0,82.28,,
59556,HRMK2103,0,0,0,268.30,,
59557,10-24664-09,2,1,1,260.11,,
59568,BE2002,3,0,3,86.53,,
59570,SI8284,10,6,4,263.65,,
59571,SI8484,5,5,0,304.91,,
59572,E70321,1,1,0,1087.99,,
59594,CMP31W,0,0,0,99.99,,
59596,6830,1,0,1,149.15,157.50,
59597,6400-R,5,2,3,278.58,,
59598,6832,0,0,0,490.06,517.50,
59635,010-01142-30,0,0,0,337.49,,
59683,250140101,13,7,6,143.59,,
59699,010-01966-00,16,4,12,472.49,,
59700,GP1800,0,0,0,298.17,,
59701,GP1900-01,0,0,0,319.99,,
59702,GP2040-22,0,0,0,334.53,,
59703,GP2040-21,0,0,0,334.53,,
59715,010-01960-00,14,10,4,74.99,,
59716,010-01960-01,2,1,1,74.99,,
59743,DT820BV-235-N2,0,0,0,401.14,534.00,
59744,DT812BV-235-N2,0,0,0,401.14,534.00,
59747,0443004PLB,0,0,0,195.84,,
59748,0443005PLB,0,0,0,219.46,,
59749,0443006PLB,0,0,0,292.99,,
59763,111801,0,0,0,179.69,,271.69
59764,111800,1,0,1,168.12,,254.29
59765,111803,0,0,0,195.29,,309.29
59766,111802,8,4,4,169.68,,255.89
59767,112203,8,0,8,25.11,,39.09
59768,112204,0,0,0,25.11,,39.09
59769,112205,0,0,0,25.60,,38.09
59770,101227,9,6,3,26.98,,41.69
59771,112223,27,7,20,24.94,,38.99
59772,112224,19,5,14,24.94,,38.99
59773,112225,3,3,0,25.17,,39.39
59774,101228,6,6,0,25.17,,39.39
59775,101049,14,11,3,19.74,,30.09
59776,101050,16,9,7,19.73,,30.09
59777,101051,0,0,0,19.68,,30.09
59778,101225,0,0,0,21.01,,32.19
59779,101052,0,0,0,19.73,,30.09
59780,101053,11,5,6,19.74,,30.09
59781,101054,0,0,0,21.21,,32.09
59782,101226,0,0,0,19.52,,29.59
59786,199276,0,0,0,1.49,,
59787,199277,0,0,0,3.12,,
59788,199280,0,0,0,1.95,,
59789,199281,0,0,0,4.69,,
59790,199284,0,0,0,2.34,,
59791,199285,0,0,0,5.85,,
59808,R70375,11,4,7,36.89,,
59812,IRHT-01,0,0,0,236.15,,
59815,TFTDBE-5H,2,1,1,64.04,,
59822,2073-F,4,2,2,133.55,,
59823,2074-F,0,0,0,132.69,,
59824,2075-F,4,1,3,184.23,,
59835,261-2319-00,11,3,8,66.16,,
59839,OC17SUK42,14,6,8,209.30,,
59852,B164-0-BL,0,0,0,954.89,1275.00,
59857,USB-62C,3,2,1,29.24,,
59858,MC70BK,10,4,6,22.60,,
59859,RA5001BK,1,0,1,102.56,,
59860,RA5001WH,0,0,0,102.56,,
59867,RA5002BK,2,0,2,102.56,,
59868,RA5002WH,0,0,0,102.56,,
59869,RA5003BK,1,0,1,102.56,,
59870,RA5003WH,0,0,0,102.56,,
59876,18673-0001-P,15,10,5,43.60,,
59877,HYDBOLTCON,9,6,3,257.84,,
59878,3962.1,142,66,76,17.82,,
59879,3963.1,93,48,45,12.98,,
59880,3964.1,72,0,72,20.66,,
59881,3965.1,103,74,29,15.09,,
59882,"ANGLE FINDER",2,1,1,13.44,,
59884,010-01966-11,2,2,0,1274.99,,
59885,27626,13,9,4,78.82,114.99,
59886,27646,18,12,6,101.42,,
59889,010-01961-00,1,1,0,157.49,,
59890,010-01961-10,1,0,1,551.24,,
59891,010-01961-11,0,0,0,1049.99,,
59896,BP4772,17,7,10,141.51,,
59898,BP4774,3,2,1,146.54,,
59921,242243,8,6,2,18.86,,
59922,252243,21,7,14,2.21,,
59923,242264,6,6,0,32.83,,
59924,252264,5,0,5,3.50,,
59925,242294,8,2,6,46.48,,
59926,5557-P12A7,7,5,2,38.39,,
59927,119005,6,2,4,371.60,,
59928,14192-7,3,1,2,34.33,,
59929,14193-7,0,0,0,45.96,,
59930,14194-7,1,1,0,29.11,,
59931,14195-7,3,3,0,43.77,,
59932,12048-4,5,4,1,11.92,,
59933,12049-4,0,0,0,20.31,,
59934,9097-5,22,4,18,8.18,,
59935,9098-5,20,9,11,8.34,,
59936,11930-4,4,0,4,64.62,,
59939,58040-3012,4,2,2,830.11,,
59940,58040-3024,4,2,2,913.12,,
59944,58240-3012,11,5,6,913.12,,
59946,58240-3024,0,0,0,913.12,,
59947,SVC-KIT-DBL,2,1,1,137.22,,
59948,68551,6,4,2,94.99,,
59950,010-01966-10,1,1,0,712.49,,
59954,DS0005,2,2,0,106.68,,
59957,010-12152-10,6,3,3,22.49,,
59961,RA5004BK,1,1,0,102.56,,
59962,RA5004WH,1,1,0,102.56,,
59966,341010,20,14,6,5.13,,
59968,343010,0,0,0,5.13,,
59971,346010,0,0,0,5.13,,
59972,347010,2,0,2,5.13,,
59974,331066,54,20,34,3.93,,
59979,336066,24,8,16,3.93,,
59980,337066,44,29,15,3.93,,
59982,339066,36,16,20,2.63,,
59999,703005,7,5,2,19.64,,
60000,703006,3,2,1,82.38,,
60001,703040,6,2,4,207.80,,
60002,703050,5,3,2,141.31,,
60003,703060,1,0,1,39.99,,
60005,702027,9,5,4,29.08,,
60006,702030,4,2,2,42.45,,
60007,230612,10,7,3,1.95,,
60008,210612,6,2,4,11.52,,
60009,220612,9,4,5,23.56,,
60010,RA5005BK,3,3,0,102.56,,
60011,RA5005WH,4,2,2,102.56,,
60012,RA5201BK,4,2,2,102.56,,
60013,RA5201WH,0,0,0,102.56,,
60014,S15-504,5,3,2,46.38,,
60015,RA5202BK,0,0,0,102.56,,
60016,RA5202WH,2,0,2,102.56,,
60017,199264,7,4,3,28.87,,
60018,RA5203BK,5,2,3,102.56,,
60019,199265,15,4,11,43.30,,
60020,199266,0,0,0,50.71,,
60021,RA5203WH,1,1,0,102.56,,
60025,150BBIW,23,7,16,20.51,,
60031,700,5,2,3,28.91,,
60032,701,32,4,28,26.04,,
60033,721,1,1,0,53.52,,
60034,720,12,9,3,70.72,,
60035,IST-10MM-1S,8,5,3,12.23,,
60036,702-2S,21,12,9,34.74,,
60039,301103,0,0,0,1.71,,
60040,301106,0,0,0,9.05,,
60041,301124,5,2,3,16.12,,
60042,301148,29,0,29,5.77,,
60043,302103,2,2,0,2.01,,
60044,302106,6,6,0,11.22,,
60045,302124,0,0,0,19.72,,
60046,302148,13,7,6,6.79,,
60047,303103,7,7,0,2.37,,
60048,303106,4,4,0,13.95,,
60049,303124,6,3,3,24.80,,
60050,303148,56,0,56,8.51,,
60051,303603,6,3,3,2.59,,
60052,303606,2,2,0,13.16,,
60053,303624,5,2,3,23.48,,
60054,303648,4,0,4,8.48,,
60055,304103,11,6,5,2.73,,
60056,304106,11,5,6,7.83,,
60057,304124,11,3,8,13.95,,
60058,304148,24,7,17,9.38,,
60059,304602,0,0,0,2.01,,
60060,304603,10,5,5,2.73,,
60061,304606,9,2,7,7.83,,
60062,304624,9,2,7,13.77,,
60063,304648,14,2,12,9.51,,
60065,305103,4,0,4,3.08,,
60066,305106,12,8,4,9.16,,
60067,305124,18,5,13,16.33,,
60068,305148,50,27,23,11.22,,
60069,305602,13,9,4,2.92,,
60070,305603,10,4,6,3.06,,
60071,305624,6,3,3,16.33,,
60072,305648,26,2,24,11.22,,
60073,306103,6,3,3,4.79,,
60074,306106,24,9,15,11.60,,
60075,306124,15,6,9,20.74,,
60076,306148,76,14,62,17.67,,
60078,306602,6,2,4,3.40,,
60079,306603,7,4,3,4.79,,
60080,306606,6,2,4,11.60,,
60081,306624,15,6,9,20.74,,
60082,306648,15,0,15,17.67,,
60083,306924,1,1,0,19.38,,
60084,307103,7,3,4,6.06,,
60085,307106,0,0,0,10.29,,
60086,307124,9,6,3,19.72,,
60087,307148,13,6,7,22.42,,
60088,307624,9,6,3,18.66,,
60089,307648,6,2,4,22.69,,
60090,307906,0,0,0,10.26,,
60216,44412-1045,13,1,12,48.32,,
60219,44412-2045,5,5,0,62.83,,
60248,180003,15,12,3,5.29,,
60249,100010,8,3,5,12.57,,
60250,100025,14,12,2,28.37,,
60251,100050,0,0,0,49.41,,
60253,180103,0,0,0,5.79,,
60254,100110,12,7,5,12.57,,
60255,100125,0,0,0,28.37,,
60256,100150,3,1,2,49.41,,
60261,100250A,1,0,1,44.99,,
60263,180303,3,2,1,5.29,,
60264,100310,3,2,1,12.57,,
60265,100325,0,0,0,28.37,,
60266,100350,3,1,2,49.41,,
60268,180403,3,2,1,5.49,,
60274,100510,7,5,2,11.49,,
60276,100550,1,0,1,44.99,,
60278,180603,4,2,2,5.29,,
60313,SP-400-RB,9,6,3,36.49,,
60321,100610,3,1,2,11.49,,
60330,180803,14,12,2,5.29,,
60331,100810,12,6,6,12.57,,
60332,100825,12,12,0,28.37,,
60333,100850,0,0,0,49.41,,
60335,180903,4,1,3,4.99,,
60336,100910,4,2,2,12.57,,
60337,100925,0,0,0,28.37,,
60338,100950,0,0,0,49.41,,
60340,181003,5,2,3,5.49,,
60341,101010,4,3,1,12.57,,
60342,101025,0,0,0,28.37,,
60343,101050,0,0,0,49.41,,
60345,101910,1,0,1,12.99,,
60348,182003,7,4,3,5.29,,
60349,102025,11,7,4,34.39,,
60350,102050,10,6,4,63.61,,
60351,102099,6,2,4,99.99,,
60353,102110,9,5,4,14.28,,
60354,102125,7,3,4,34.39,,
60355,102150,0,0,0,63.61,,
60357,182203,1,0,1,4.99,,
60358,102210,7,5,2,14.28,,
60359,102225,0,0,0,34.39,,
60360,102250,0,0,0,63.61,,
60362,182303,2,1,1,5.49,,
60363,102310,5,3,2,14.28,,
60364,102325AA,0,0,0,34.39,,
60365,102350,0,0,0,63.61,,
60367,182403,2,0,2,4.99,,
60368,102425,0,0,0,34.39,,
60369,102450,0,0,0,63.61,,
60371,94-181-04,1,0,1,9.91,,
60376,AK1557,27,21,6,28.32,,
60378,100400-200-004-16,38,20,18,69.77,,
60405,010-11413-10,0,0,0,89.99,,
60409,182503,2,0,2,4.99,,
60410,102510,5,2,3,14.28,,
60411,102525,0,0,0,34.39,,
60412,102550,4,2,2,63.61,,
60413,102599,9,0,9,89.99,,
60414,182603,6,3,3,4.99,,
60415,102610,7,3,4,14.28,,
60416,102625,0,0,0,34.39,,
60417,102650,0,0,0,63.61,,
60418,182703,3,2,1,5.49,,
60419,102710,8,4,4,14.28,,
60420,102725,0,0,0,34.39,,
60421,102750,0,0,0,63.61,,
60423,182803,17,5,12,5.29,,
60424,102825,12,7,5,34.39,,
60425,102850,11,6,5,63.61,,
60427,182903,4,2,2,4.99,,
60428,102910,11,8,3,14.28,,
60429,102925,5,3,2,34.39,,
60430,102950,0,0,0,63.61,,
60432,183003,1,0,1,4.99,,
60433,103025,0,0,0,34.39,,
60434,103050,0,0,0,63.61,,
60477,121910,6,1,5,29.94,,
60478,121925,5,2,3,70.00,,
60479,121950,4,2,2,132.51,,
60481,121725,2,2,0,89.35,,
60482,121750,3,0,3,169.56,,
60484,121799,2,2,0,309.99,,
60486,121510,6,3,3,47.90,,
60487,121525,5,4,1,114.96,,
60488,121550,1,0,1,219.96,,
60491,121310,8,2,6,68.39,,
60492,121325,9,5,4,166.12,,
60493,121350,2,1,1,319.82,,
60494,121125,6,3,3,241.21,,
60496,121140,1,1,0,381.44,,
60498,120905,5,2,3,86.74,,
60499,120925,0,0,0,407.02,,
60500,120705,3,1,2,149.73,,
60521,FVSLTB152700A00,0,0,0,49.24,,
60526,189130,0,0,0,13.56,,
60527,189131,6,2,4,13.56,,
60528,189134,0,0,0,17.04,,
60529,189135,0,0,0,17.04,,
60530,189136,1,1,0,20.74,,
60531,189137,2,2,0,20.74,,
60532,189140,6,3,3,16.61,,
60533,189141,5,3,2,16.61,,
60534,189144,0,0,0,21.12,,
60535,189145,2,2,0,21.12,,
60536,189146,0,0,0,26.60,,
60537,189147,0,0,0,26.60,,
60542,121710,10,0,10,37.70,,
60565,001-409-510-00,0,0,0,196.36,,
60571,COK-0001B-2,16,12,4,17.78,,
60572,COK-0001T-2,4,4,0,27.10,,
60573,COK-0004G-2,6,3,3,7.74,,
60575,COK-0017-2,9,4,5,5.06,,
60576,COK-0018-2,1,0,1,13.49,,
60577,COK-0020-2,2,2,0,28.64,,
60578,COK-0022-2,9,2,7,30.08,,
60579,COK-0021-2,8,3,5,21.35,,
60580,COK-0043-1,0,0,0,100.36,,
60581,F16-1200-2,11,6,5,9.44,,
60582,RK-0002MP,5,2,3,163.24,,
60583,RK-0003MP,2,0,2,356.23,,
60584,RK-0003PB,4,2,2,362.63,,
60587,010-04284-00,0,0,0,157.49,,
60588,010-04283-00,0,0,0,119.99,,
60589,1175-BUCKET,0,0,0,196.06,,
60600,CA-0025-TG,0,0,0,121.98,,
60608,6303-0001-P,14,5,9,23.95,,
60614,010-12466-01,7,1,6,12.99,,
60625,FVSGANBTQ110A00,0,0,0,33.39,,
60629,FVSGEL110000A00,0,0,0,40.21,,
60630,FVSGEL125000A00,0,0,0,40.21,,
60634,S-3514,0,0,0,77.36,,
60635,S-3515,0,0,0,97.74,,
60636,S-3516,4,2,2,39.70,,
60637,S-3517,0,0,0,70.84,,
60638,6844C,4,0,4,34.52,,
60639,6846C,2,2,0,50.41,,
60641,S-5085P,0,0,0,6.34,,
60642,S-5086P,4,2,2,6.34,,
60649,A80275,4,2,2,112.49,,
60650,A80274,3,1,2,79.16,,
60651,A80310,4,2,2,183.32,,
60652,B4-619W2,0,0,0,5746.07,,
60654,210,0,0,0,5.29,,8.98
60655,270,33,21,12,4.28,,6.98
60656,272,6,3,3,7.31,,10.98
60657,274,11,9,2,5.69,,8.98
60658,276,7,0,7,7.06,,10.98
60659,278,0,0,0,3.70,,5.98
60661,281,9,9,0,9.68,,14.98
60662,282,18,12,6,3.14,,4.98
60663,284,10,6,4,6.81,,10.98
60664,285,2,0,2,19.84,,29.98
60665,288,13,11,2,8.13,,12.98
60666,293,4,1,3,13.55,,21.98
60667,294,5,0,5,24.95,,41.38
60671,10423,9,3,6,21.24,,
60716,6007,0,0,0,1343.53,,
60720,GPA021S,0,0,0,414.55,,
60721,ASK904B.64,9,5,4,235.63,364.99,
60722,35AC,1,0,1,1.75,,
60723,MUSB35,35,28,7,14.45,34.99,
60724,124925,3,2,1,72.68,,
60725,124950,1,1,0,131.62,,
60727,124725,3,1,2,89.35,,
60728,124799,0,0,0,332.65,,
60729,124502,3,3,0,18.99,,
60730,124525,6,3,3,115.13,,
60731,124550,5,3,2,219.96,,
60732,124599,1,0,1,399.99,,
60733,124325,5,2,3,165.20,,
60734,124350,4,2,2,317.98,,
60735,124102,7,4,3,28.99,,
60736,124125,3,1,2,249.73,,
60737,124140,4,2,2,381.44,,
60739,123905,4,2,2,86.74,,
60740,123910,9,6,3,168.20,,
60742,123705,2,2,0,131.72,,
60743,123710,2,2,0,256.15,,
60744,126710,4,3,1,68.23,,
60745,126725,0,0,0,137.04,,
60746,126750,0,0,0,270.51,,
60747,126510,4,2,2,95.77,,
60748,126525,0,0,0,187.66,,
60749,126550,0,0,0,367.27,,
60750,126310,1,0,1,133.10,,
60751,126325,5,2,3,263.21,,
60752,126350,0,0,0,519.95,,
60753,154010,3,1,2,84.96,,
60754,154030,4,2,2,169.99,,
60755,154510,5,4,1,64.52,,
60756,154525,0,0,0,151.29,,
60757,153110,3,2,1,36.62,,
60758,153125,6,3,3,77.11,,
60759,153150,5,2,3,150.71,,
60760,141410,4,2,2,200.61,,
60761,141425,0,0,0,450.20,,
60762,153010,6,3,3,37.99,,
60777,260-11795,0,0,0,38.05,,
60778,260-11796,2,2,0,38.05,,
60785,350-11800,6,2,4,16.19,,
60788,310-11801,1,1,0,16.19,,
60791,301-11802,8,3,5,16.19,,
60792,382-11803,0,0,0,16.19,,
60794,382-11804,0,0,0,16.19,,
60795,332-11805,4,1,3,16.19,,
60809,184203,5,1,4,5.99,,
60810,104225,0,0,0,47.65,,
60811,104250,0,0,0,85.67,,
60813,184303,6,2,4,5.49,,
60814,104325,0,0,0,47.65,,
60815,104350,0,0,0,85.67,,
60817,184403,3,1,2,5.49,,
60818,104410,10,6,4,20.54,,
60819,104425,0,0,0,47.65,,
60820,104450,0,0,0,85.67,,
60822,184503,7,5,2,5.49,,
60823,104525,10,0,10,47.65,,
60824,104550,0,0,0,85.67,,
60826,184603,9,4,5,5.49,,
60827,104625,0,0,0,47.65,,
60828,104650,0,0,0,85.67,,
60829,184703,38,36,2,5.29,,
60830,104725,0,0,0,45.43,,
60831,104750,0,0,0,85.67,,
60832,184803,14,12,2,5.49,,
60833,104825,8,4,4,47.65,,
60834,104850,8,2,6,85.67,,
60836,184903,5,3,2,5.99,,
60837,104910,4,2,2,20.54,,
60838,104925,10,3,7,47.65,,
60839,104950,0,0,0,85.67,,
60841,185003,8,4,4,5.49,,
60842,105025,5,3,2,47.65,,
60843,105050,3,1,2,85.67,,
60846,106002,7,4,3,10.99,,
60847,106025,4,4,0,69.87,,
60848,106040,3,0,3,94.99,,
60849,106102,11,4,7,10.99,,
60850,106110,6,4,2,27.83,,
60851,106125,0,0,0,69.87,,
60852,106140,1,0,1,79.99,,
60855,106210,7,3,4,28.30,,
60859,106302,6,3,3,10.99,,
60860,106325,0,0,0,69.87,,
60865,106510,4,2,2,27.60,,
60866,106525,0,0,0,69.87,,
60873,106702,3,3,0,10.99,,
60877,186803,2,0,2,4.99,,
60878,106802,3,2,1,10.99,,
60879,106825,10,7,3,69.87,,
60880,106840,2,1,1,94.99,,
60882,P10068,7,4,3,227.33,,
60885,108025,7,3,4,103.68,,
60886,108050,2,1,1,209.28,,
60889,108110,0,0,0,43.44,,
60890,108125,0,0,0,103.68,,
60891,108150,0,0,0,209.28,,
60895,108210,5,2,3,35.99,,
60900,108325,0,0,0,112.71,,
60901,108350,0,0,0,226.72,,
60904,108510,1,0,1,43.44,,
60905,108525,0,0,0,103.68,,
60906,108550,0,0,0,209.28,,
60909,108802,13,8,5,16.99,,
60910,108825,8,4,4,103.68,,
60911,108850,5,1,4,209.28,,
60913,108902,7,4,3,16.99,,
60914,PSW5,0,0,0,17.33,,
60915,108925,0,0,0,112.71,,
60916,108950,0,0,0,226.72,,
60918,109002,5,3,2,16.99,,
60919,109010,8,5,3,46.02,,
60920,109025,10,7,3,112.71,,
60921,109050,0,0,0,226.72,,
60923,109302,13,6,7,16.99,,
60924,109310,0,0,0,53.38,,
60925,109325,0,0,0,130.74,,
60926,109350,0,0,0,252.89,,
60928,3764.1,140,78,62,16.00,,
60980,MC0075-3130,0,0,0,57.37,,
60981,MC0075-1132,0,0,0,57.37,,
60984,S8101512,14,10,4,47.08,,
60985,010-11969-00,2,1,1,37.49,,
60987,WFPC-6,0,0,0,14.20,,
60988,WFPC-6.5,0,0,0,14.20,,
60989,WFPC-7,0,0,0,16.03,,
60990,WFPC-7.5,0,0,0,16.03,,
60991,WFPC-8,0,0,0,16.79,,
60992,WFPC-8.5,0,0,0,16.79,,
60993,WFPC-9,0,0,0,18.71,,
60994,WFPC-9.5,0,0,0,18.71,,
60995,WFPC-10,0,0,0,23.53,,
60996,WFPC-10.5,0,0,0,23.53,,
60997,WFPC-11,0,0,0,24.61,,
60998,WFPC-11.5,0,0,0,25.68,,
60999,WFPC-12,0,0,0,26.22,,
61000,WFPC-12.5,0,0,0,27.29,,
61001,WFPC-13,0,0,0,28.37,,
61002,WFPC-13.5,0,0,0,29.45,,
61003,WFPC-14,0,0,0,31.59,,
61004,WFPC-14.5,0,0,0,31.59,,
61005,WFPC-15,0,0,0,33.71,,
61006,WFPC-15.5,0,0,0,33.71,,
61014,142012304,0,0,0,40.14,,
61038,2020,0,0,0,13.04,,
61039,326103,7,4,3,5.09,,
61040,326106,0,0,0,8.69,,
61041,326124,0,0,0,16.83,,
61042,326148,10,5,5,18.30,,
61043,326202,2,0,2,3.77,,
61044,326603,9,4,5,5.14,,
61045,326606,0,0,0,8.69,,
61046,326624,5,2,3,16.60,,
61047,326648,8,6,2,18.30,,
61048,327124,5,2,3,13.72,,
61049,327148,8,4,4,22.42,,
61050,327202,0,0,0,4.80,,
61051,327606,0,0,0,7.48,,
61052,327624,5,3,2,13.72,,
61053,327648,11,3,8,22.13,,
61054,316825,6,3,3,34.47,,
61055,316925,4,2,2,21.62,,
61056,317825,6,4,2,36.34,,
61057,317925,3,2,1,21.62,,
61058,320825,8,5,3,41.59,,
61059,320925,4,2,2,24.57,,
61060,320999,4,2,2,49.13,,
61061,7928,5,5,0,13.49,,
61062,7929,31,5,26,12.77,,
61063,7930,15,5,10,14.81,,
61064,7931,9,6,3,13.76,,
61065,7932,0,0,0,12.80,,
61066,7933,10,4,6,16.82,,
61067,7934,13,8,5,17.11,,
61068,7935,0,0,0,13.85,,
61069,7936,12,5,7,17.56,,
61070,7937,5,5,0,17.00,,
61071,7938,5,5,0,17.00,,
61072,7939,6,5,1,17.00,,
61194,E70342,7,5,2,79.16,,
61195,E70339,1,1,0,174.99,,
61196,E70340,0,0,0,287.49,,
61197,E70341,2,1,1,287.49,,
61229,FLKMT0000000A00,2,1,1,156.05,,
61245,300-036,2,0,2,1596.35,,1795.90
61246,400-404,0,0,0,48.84,,54.95
61252,62-541-MARINE,0,0,0,52.44,,
61254,62-541-MARINE-RLY-NC,6,3,3,52.44,,
61257,62-542-MARINE,23,3,20,52.44,,
61258,62-542-MARINE-RLY-NC,1,1,0,52.44,,
61267,SA-1000XL,10,3,7,61.46,,
61268,SA-6200,13,12,1,19.23,,
61317,F16-0006L,7,5,2,93.54,,
61318,F16-0005A,12,5,7,155.44,,
61322,P1120Z-41HAE,0,0,0,102.44,,
61323,A3120Z-41HAE,0,0,0,89.63,,
61325,SEMF06,30,30,0,42.00,,
61335,F16-0800-1,0,0,0,298.19,,
61336,F31-0780BXY-1,2,1,1,349.10,,
61337,F31-0781BXY-1,3,0,3,349.10,,
61338,BFPC-10.5,0,0,0,23.53,,
61339,BFPC-11.5,0,0,0,25.68,,
61345,001-248-170-00,0,0,0,373.64,,
61346,52520-1000,10,4,6,564.81,,
61374,MM3-VNA-027,0,0,0,227.27,,
61378,001-341-820-00,0,0,0,402.73,,
61407,111002,6,4,2,24.99,,
61408,111005,2,1,1,47.24,,
61409,111025,5,2,3,175.60,,
61412,111302,3,2,1,23.99,,
61413,111305,5,4,1,47.24,,
61414,111325,6,3,3,175.60,,
61417,111505,12,4,8,47.24,,
61418,111525,4,1,3,175.60,,
61421,111705,0,0,0,47.24,,
61422,111710,0,0,0,71.38,,
61423,111725,0,0,0,175.60,,
61427,111905,4,2,2,47.24,,
61428,111925,3,1,2,175.60,,
61431,112005,10,5,5,63.61,,
61432,112025,5,4,1,276.55,,
61435,112305,2,0,2,63.61,,
61436,112325,3,1,2,276.55,,
61439,112505,6,4,2,63.61,,
61440,112525,6,4,2,276.55,,
61443,112702,7,2,5,29.99,,
61444,112705,0,0,0,63.61,,
61445,112710,4,2,2,114.83,,
61446,112725,0,0,0,276.55,,
61449,112902,7,6,1,29.99,,
61450,112905,6,3,3,63.61,,
61451,112910,6,4,2,114.83,,
61452,112925,0,0,0,276.55,,
61456,GSE-1939BSA30-C,0,0,0,364.13,,
61468,"WB 201-50",11,11,0,26.03,37.95,
61469,"SM 10250-50",9,2,7,25.71,34.95,
61472,R109C-LH,0,0,0,2914.06,3900.00,
61476,S72-0632,0,0,0,435.15,,
61487,BFPC-6,0,0,0,14.20,,
61488,BFPC-6.5,0,0,0,14.20,,
61489,BFPC-7,0,0,0,16.03,,
61490,BFPC-7.5,0,0,0,16.03,,
61491,BFPC-8,0,0,0,16.79,,
61492,BFPC-8.5,0,0,0,16.79,,
61493,BFPC-9,0,0,0,18.71,,
61494,BFPC-9.5,0,0,0,18.71,,
61495,BFPC-10,0,0,0,23.53,,
61496,BFPC-11,4,4,0,24.61,,
61497,BFPC-12,0,0,0,26.22,,
61498,BFPC-12.5,0,0,0,27.29,,
61499,BFPC-13,0,0,0,28.37,,
61500,BFPC-13.5,0,0,0,29.45,,
61501,BFPC-14,0,0,0,31.59,,
61502,BFPC-14.5,0,0,0,31.59,,
61503,BFPC-15,0,0,0,33.71,,
61504,BFPC-15.5,0,0,0,33.71,,
61507,210613,24,11,13,5.85,,
61513,010-01504-00,0,0,0,143.99,,
61518,1160-F,7,2,5,75.61,,
61519,73-106-F,24,6,18,15.69,,
61520,96-306-F,3,3,0,27.99,,
61537,360-406,0,0,0,40.97,,
61538,323-479,5,0,5,25.77,,
61541,360-430,17,5,12,38.31,,
61543,010-11351-40,1,1,0,37.49,,
61544,323-478,13,9,4,28.80,,
61546,360-003,12,7,5,35.21,,
61547,MM3-FNA-022,0,0,0,90.91,,
61564,58356,19,9,10,48.31,,
61565,58358,17,12,5,48.29,,
61567,"PB 101-50",8,3,5,24.84,34.95,
61574,MM3-VNA-022,0,0,0,227.27,,
61575,R70257,0,0,0,23.85,,
61580,11865-4,6,3,3,30.94,,
61582,11830-2,7,5,2,16.05,,
61585,385320007,5,3,2,21.25,,
61586,30140-001D,0,0,0,15.45,,
61592,360-410,0,0,0,38.21,,
61593,360-801,9,2,7,35.59,,
61598,340-020,2,0,2,42.99,,
61605,230-604,2,0,2,19.53,,
61606,230-404,0,0,0,16.72,,
61607,230-515,6,5,1,16.72,,
61608,230-504,5,4,1,16.72,,
61609,600-802,9,8,1,5.14,,
61613,226-001,15,9,6,31.40,,
61614,226-007,8,6,2,31.89,,
61615,226-163,0,0,0,35.84,,
61616,226-162,4,2,2,36.25,,
61621,CBL-10M-IRID,0,0,0,194.44,,
61622,CBL-15M-IRID,2,2,0,219.99,,
61623,CBL-20M-IRID,1,1,0,275.00,,
61641,226-615,7,3,4,33.25,,
61642,226-618,1,0,1,33.25,,
61644,226-620,1,0,1,33.25,,
61645,226-623,4,3,1,28.99,,
61646,226-625,7,4,3,35.39,,
61647,226-627,5,3,2,35.39,,
61648,226-630,5,1,4,38.28,,
61649,226-633,0,0,0,38.28,,
61650,226-635,6,3,3,41.51,,
61651,226-640,7,3,4,44.15,,
61652,226-645,0,0,0,46.63,,
61653,226-660,5,3,2,45.00,,
61654,226-666,3,1,2,62.64,,
61655,226-680,6,0,6,64.59,,
61656,226-690,0,0,0,76.95,,
61657,600-880,2,0,2,7.99,,
61658,600-878,5,4,1,6.88,,
61659,600-879,0,0,0,10.36,,
61661,600-840,0,0,0,5.92,,
61662,600-815,6,4,2,4.42,,
61663,RMX4500,0,0,0,385.44,,
61666,A0-SIDE-175,0,0,0,1490.12,,
61667,A1-2000-MIN,0,0,0,2042.35,,
61678,"HTM-3 ORANGE",6,4,2,80.89,,
61680,FAP7011C-A,0,0,0,977.08,,
61682,1238SC,9,6,3,44.87,,
61685,114117,0,0,0,104.65,,158.39
61686,MBB300C-01,0,0,0,1436.88,,
61687,PT-0-1.5PSI-01,4,2,2,156.10,,
61691,113005,3,2,1,81.28,,
61692,113025,0,0,0,382.99,,
61694,113505,9,4,5,81.28,,
61695,113525,8,4,4,382.99,,
61696,113905,5,2,3,81.28,,
61697,113925,0,0,0,382.99,,
61699,114005,6,3,3,131.20,,
61700,114025,1,1,0,579.99,,
61702,114505,6,4,2,131.20,,
61703,114525,3,3,0,549.99,,
61704,114905,5,2,3,131.20,,
61707,115002,0,0,0,119.17,,
61708,115005,2,2,0,167.11,,
61710,115502,4,2,2,119.17,,
61711,115505,1,1,0,167.11,,
61713,115902,0,0,0,119.17,,
61714,115905,0,0,0,167.11,,
61716,116002,5,4,1,105.57,,
61717,116005,5,2,3,197.78,,
61719,116502,5,5,0,105.57,,
61720,116505,2,2,0,197.78,,
61722,116902,0,0,0,105.57,,
61723,116905,4,2,2,197.78,,
61725,117002,6,4,2,131.34,,
61727,117502,5,3,2,131.34,,
61729,117902,7,4,3,131.34,,
61730,117920,1,1,0,799.99,,
61734,E70097,2,1,1,2127.71,,
61737,010-11422-00,0,0,0,37.49,,
61740,E70346,2,1,1,745.91,,
61748,0440-BK-4,0,0,0,7.53,,
61749,0440-BK-8,3,3,0,10.16,,
61751,0282-BK,12,12,0,25.13,,
61760,FX-7-AS,12,7,5,321.23,,
61761,FX-11-AS,11,6,5,374.89,,
61763,E70327,23,15,8,533.96,,
61770,A80351,4,1,3,99.99,,
61772,P101,25,15,10,320.00,,
61777,G-3040C,6,2,4,12.83,,
61778,G-3040SSC,6,4,2,30.41,,
61779,G-31120C,0,0,0,39.52,,
61780,G-31120SSC,0,0,0,78.08,,
61781,G-3120C,5,3,2,12.83,,
61782,G-3120SSC,2,2,0,28.61,,
61783,G-3140C,2,0,2,12.83,,
61784,G-3140SSC,0,0,0,29.04,,
61785,G-3320C,8,1,7,12.83,,
61786,G-3320SSC,0,0,0,31.95,,
61787,G-3330C,2,2,0,12.83,,
61788,G-3340C,0,0,0,12.83,,
61789,G-3340SSC,2,2,0,31.95,,
61790,G-3360C,0,0,0,12.83,,
61791,G-3360SSC,2,2,0,31.95,,
61792,G-3420C,0,0,0,12.83,,
61793,G-3420SSC,0,0,0,33.51,,
61794,G-3430C,6,2,4,12.83,,
61796,G-3440SSC,6,2,4,33.51,,
61797,G-3460C,0,0,0,12.83,,
61798,G-3460SSC,0,0,0,33.51,,
61799,G-3490C,0,0,0,12.83,,
61800,G-3480C,3,3,0,12.83,,
61801,G-3490SSC,6,3,3,37.57,,
61802,G-34120C,0,0,0,12.83,,
61803,G-34120SSC,0,0,0,37.57,,
61804,G-3520C,0,0,0,12.83,,
61805,G-3530C,5,2,3,12.83,,
61806,G-3550C,0,0,0,12.83,,
61807,G-3590C,0,0,0,12.83,,
61809,G-3620C,0,0,0,12.83,,
61810,G-3620SSC,0,0,0,32.71,,
61812,G-3630C,0,0,0,12.83,,
61813,112528,20,7,13,77.98,,123.29
61814,G-3630SSC,4,2,2,32.71,,
61815,G-3640C,2,2,0,12.83,,
61816,G-3640SSC,0,0,0,32.71,,
61817,G-3650C,0,0,0,12.83,,
61818,G-3660C,0,0,0,12.83,,
61819,G-3660SSC,2,0,2,36.32,,
61820,G-3690C,0,0,0,12.83,,
61821,G-3690SSC,0,0,0,36.32,,
61822,G-6624C,0,0,0,12.83,,
61823,G-6624SSC,0,0,0,33.52,,
61833,G-3020C,5,3,2,12.83,,
61843,G-3020SSC,5,2,3,30.41,,
61847,LMJ-1,12,4,8,36.71,,
61850,MM3-VNA-026,0,0,0,227.27,,
61875,MCU004,0,0,0,372.13,,
61883,RA5204BK,0,0,0,102.56,,
61897,96-262-F,12,11,1,29.52,,
61909,010-01616-00,1,0,1,562.49,,
61915,LLB-48FW-82-00,0,0,0,22.59,,
61925,M265C-LH,0,0,0,1311.14,1759.00,
61928,P102983,0,0,0,451.33,,
61934,ES-5000-01,2,1,1,368.75,,
61942,B164-20-BL,0,0,0,954.89,1275.00,
61949,010-11425-05,0,0,0,29.99,,
61950,808-1802,0,0,0,144.84,,
61969,SA1200S,1,0,1,78.73,,
61970,010-11251-74,0,0,0,23.99,,
61973,010-11251-86,0,0,0,31.99,,
61974,010-11251-90,0,0,0,31.99,,
61975,010-11251-85,0,0,0,31.99,,
61985,010-12390-21,0,0,0,29.99,,
61986,010-12390-11,6,2,4,59.99,,
61987,131310,5,1,4,99.28,,
61988,"A-5 WHITE",17,8,9,188.04,,
62005,741S-02037,0,0,0,257.33,,
62026,4018,0,0,0,588.35,,
62030,FNTCDEX06000A00,0,0,0,55.08,,
62040,E70305,0,0,0,110.78,,
62043,7879CR,0,0,0,35.17,,
62044,5262CRR,0,0,0,23.83,,
62050,001-122-870-10,0,0,0,460.91,,
62054,7010CAWBX,143,17,126,99.21,,
62055,7010CABBX,15,6,9,99.21,119.00,
62061,41970,3,3,0,50.37,,
62062,41951,6,2,4,26.01,,
62066,58355,9,4,5,48.40,,
62067,58357,7,3,4,48.29,,
62079,"NF-4 WHITE",4,4,0,26.00,,
62084,3154,14,14,0,17.43,,28.98
62085,3130,0,0,0,8.54,,14.98
62087,YBP-5100,8,6,2,17.68,,28.98
62088,120,9,5,4,10.53,,16.98
62089,975,67,39,28,32.49,,49.98
62090,2461,13,7,6,36.56,,59.98
62091,2462,11,5,6,36.56,,59.98
62092,2402,9,3,6,7.65,,11.98
62093,2403,9,3,6,8.41,,12.98
62094,2404,22,10,12,7.65,,11.98
62095,YBP-0301,5,5,0,10.83,,17.98
62096,YBP-0305,10,0,10,10.83,,17.98
62097,YBP-0701,12,8,4,13.09,,19.98
62098,YBP-0801,11,7,4,10.30,,16.98
62099,273,0,0,0,6.19,,10.33
62100,134,6,6,0,6.31,,9.98
62102,760H,6,6,0,7.54,,12.98
62103,833H,5,5,0,9.10,,15.98
62104,855H,1,0,1,11.09,,18.98
62131,MC0075-9002,2,1,1,47.11,,
62132,MC0075-9001,0,0,0,57.37,,
62135,1480,0,0,0,566.14,,
62168,DRS6AX,0,0,0,3964.95,,4895.00
62194,2061-5,46,46,0,8.78,,
62200,2130,27,13,14,5.89,,
62201,2132,82,41,41,5.89,,
62203,2133,66,20,46,5.89,,
62204,2134,0,0,0,5.89,,
62232,RA5204WH,7,5,2,102.56,,
62244,53700,16,6,10,71.53,119.99,
62246,53710,18,14,4,65.43,119.99,
62247,53715,5,1,4,71.53,119.99,
62248,53720,15,13,2,71.53,119.99,
62249,53725,12,6,6,67.06,119.99,
62250,53730,12,4,8,71.53,119.99,
62251,53735,13,9,4,71.53,119.99,
62252,53740,13,6,7,71.53,119.99,
62253,53745,13,10,3,71.53,119.99,
62254,53750,21,10,11,71.53,119.99,
62266,13515,14,8,6,54.79,,
62278,ENP-REMOTE,0,0,0,189.41,,
62318,RODE38,1,1,0,270.00,,
62319,RODE51,1,1,0,480.00,,
62320,RODE52,2,1,1,370.67,,
62322,RODE53,2,1,1,464.67,,
62328,"18753-0178  ",3,3,0,64.75,,
62329,X66,0,0,0,166.95,,
62332,0420-BK,1,1,0,23.53,,
62336,010-11251-44,0,0,0,21.99,,
62379,001-325-990-00,0,0,0,618.18,,
62383,010-01616-10,0,0,0,712.49,,
62388,1854035,3,2,1,60.98,,
62390,1866070,32,0,32,87.16,,
62392,1866550,20,0,20,140.65,,
62393,1866650,0,0,0,266.64,,
62395,1866670,2,2,0,23.96,,
62398,410190-1,0,0,0,216.84,,
62400,410200-1,9,8,1,260.21,,
62405,410150-1,3,3,0,122.87,,
62406,410170-1,0,0,0,193.09,,
62425,740155-1,0,0,0,45.45,,
62429,750013-1,2,2,0,1747.11,,1999.99
62442,600050-1,5,0,5,97.40,,149.99
62460,010-12445-33,1,1,0,26.24,,
62463,010-11976-00,0,0,0,3.49,,
62470,SET0015,0,0,0,228.76,,
62479,SCM-10-BB-20,0,0,0,378.96,,539.00
62481,SCM-10-GW-20,0,0,0,378.96,,539.00
62486,SCM-10-AG-20,0,0,0,378.96,,539.00
62491,SCM-10-UB-20,0,0,0,378.96,,539.00
62493,SCM-10-CR-20,0,0,0,378.96,,539.00
62494,SCM-6-BB-20,2,0,2,282.50,,399.00
62495,SCM-6-GW-20,0,0,0,282.50,,399.00
62501,SCM-6-AG-20,0,0,0,282.50,,399.00
62503,SCM-6-UB-20,0,0,0,282.50,,399.00
62506,SCM-6-CR-20,0,0,0,282.50,,399.00
62513,SCM-4-BB-20,0,0,0,201.25,,299.00
62514,SCM-4-GW-20,0,0,0,201.25,,299.00
62517,SCM-4-AG-20,0,0,0,201.25,,299.00
62522,SCM-4-UB-20,0,0,0,201.25,,299.00
62527,SCM-4-CR-20,0,0,0,201.25,,299.00
62538,SCM-AL-LED-16,0,0,0,115.85,,169.00
62539,SCM-AL-LED-8,6,6,0,83.00,,112.00
62540,SCM-CL-BB-4PACK,0,0,0,88.84,,129.95
62541,SCM-CL-GW-4PACK,0,0,0,88.84,,129.95
62542,SCM-CL-CR-4PACK,0,0,0,88.84,,129.95
62543,SCM-CL-RGB-4PACK,0,0,0,106.62,,149.95
62544,SCM-CL-BB-SS-4PACK,0,0,0,97.65,,139.95
62545,SCM-CL-GW-SS-4PACK,0,0,0,97.65,,139.95
62546,SCM-CL-CR-SS-4PACK,0,0,0,97.65,,139.95
62547,SCM-CL-RGB-SS-4PACK,1,0,1,110.44,,159.95
62550,SCM-PD,0,0,0,178.04,,269.00
62552,SCM-PD-PLUS,0,0,0,299.97,,419.00
62554,SCM-TT-10,0,0,0,120.99,,169.00
62555,SCM-TT-6,0,0,0,120.99,,169.00
62556,SCM-TT-4,0,0,0,120.99,,169.00
62559,131710,5,2,3,50.34,,
62560,131725,0,0,0,124.17,,
62561,131750,0,0,0,231.18,,
62563,RL-513,4,1,3,19.69,,
62564,131525,3,1,2,168.28,,
62567,131302,3,1,2,34.99,,
62568,131325,6,3,3,246.02,,
62569,131370,0,0,0,688.83,,
62570,131130,4,2,2,427.09,,
62571,131150,0,0,0,772.43,,
62572,130902,5,2,3,89.99,,
62573,130905,3,1,2,136.93,,
62574,130910,0,0,0,268.30,,
62575,130705,5,3,2,265.88,,
62576,130710,5,3,2,521.01,,
62577,133710,5,3,2,99.46,,
62578,133725,0,0,0,225.09,,
62579,133510,3,3,0,103.59,,
62580,133525,4,3,1,254.45,,
62583,133310,3,0,3,141.57,,
62584,133325,4,2,2,342.94,,
62587,151725,6,4,2,459.99,,
62588,151550,4,2,2,369.99,,
62616,220011,12,7,5,24.95,,
62617,309000,15,8,7,68.19,,
62618,309001,4,1,3,62.52,,
62619,309101,11,3,8,62.52,,
62620,309201,2,0,2,80.67,,
62621,703023,5,2,3,31.86,,
62622,703075,7,2,5,23.79,,
62623,6396-AIS-R,5,4,1,360.85,,
62624,NPT2000,0,0,0,290.90,,
62644,G10307,15,12,3,10.85,,
62739,RODE59,0,0,0,510.67,,
62740,RODE60,0,0,0,624.00,,
62744,11870-0005,0,0,0,1262.25,,
62754,11841-002,4,1,3,161.78,,
62755,15170-001,26,9,17,299.95,,
62756,11841-004,0,0,0,194.71,,
62757,15169-001,14,5,9,176.60,,
62758,15171-001,4,0,4,381.29,,
62783,P100735,10,6,4,87.66,,
62825,15270-001,3,1,2,380.19,,
62826,30343-001,23,10,13,138.34,,
62835,30340-001,10,5,5,266.89,,
62836,15271-001,0,0,0,504.14,,
62837,30342-001,0,0,0,378.24,,
62838,11841-101,7,2,5,109.49,,
62841,114127,22,9,13,104.69,,158.49
62865,11841-102,0,0,0,122.71,,
62866,11841-103,0,0,0,141.94,,
62867,11841-104,0,0,0,154.91,,
62868,11841-105,0,0,0,164.83,,
62873,11841-001,8,5,3,147.81,,
62874,11841-003,0,0,0,175.00,,
62875,11841-005,0,0,0,204.63,,
62876,11941-001,0,0,0,181.61,,
62877,11941-002,0,0,0,192.64,,
62878,11941-003,0,0,0,199.99,,
62879,11941-004,0,0,0,207.34,,
62880,11941-005,0,0,0,222.94,,
62884,50480-001,1,0,1,73.10,,
62885,50480-021,0,0,0,87.41,,
62894,SSM-70H,17,6,11,99.99,,
62896,SCU-30,6,4,2,99.99,,
62897,SCU-31,13,9,4,79.99,,
62899,S32-0619-0100,0,0,0,411.75,,
62900,410160-1,8,8,0,166.76,,
62901,SP0530,0,0,0,5.00,,
62903,2210012,10,5,5,265.63,,
62905,4445,0,0,0,22.86,,
62912,4132,5,2,3,68.56,,
62927,88934,1,0,1,37.85,,
62932,88938,0,0,0,37.85,,
62945,A10-140,0,0,0,24.70,,
62948,88503,1,1,0,33.95,55.99,
62959,88932,0,0,0,50.48,,
62985,A80322,1,0,1,1999.99,,2599.00
62986,A80327,2,0,2,109.99,,
62991,36143,0,0,0,7.59,,
63008,2129,19,4,15,5.89,,
63009,2131,46,18,28,5.89,,
63010,2135,39,19,20,5.89,,
63011,2136,35,19,16,5.89,,
63012,2137,35,15,20,5.99,,
63018,WH1A,5,4,1,30.13,,
63026,001-423-430-00,0,0,0,726.36,,
63029,397,9,6,3,22.30,,
63030,382,10,4,6,13.51,,
63055,010-12117-05,0,0,0,82.49,,
63056,010-10647-01,1,1,0,262.49,,
63070,SC27,4,3,1,278.44,,
63073,MM-10FUR,6,1,5,76.34,97.50,
63075,SILVERSTEER2.0B,3,2,1,1156.56,,
63077,172002,0,0,0,1060.98,,
63172,142102,7,5,2,67.99,,
63173,BM-BT,1,1,0,45.00,,
63174,142203,1,0,1,64.99,,
63178,142300,1,0,1,64.99,,
63179,142311,2,2,0,99.99,,
63180,142314,5,2,3,124.99,,
63183,2701A,10,5,5,29.34,,
63184,150025,4,4,0,18.78,,
63185,150050,3,2,1,32.80,,
63186,150025NL,4,2,2,17.84,,
63187,150050NL,9,7,2,30.94,,
63188,150SPP,6,3,3,55.35,,
63195,12VBPS3,20,7,13,18.44,,
63196,12VBRS3,15,7,8,26.16,,
63197,12VCPS3,49,23,26,42.32,,
63216,SS60-SLTD/12,0,0,0,355.56,,
63220,44001,3,0,3,29.48,,
63221,06120,3,3,0,311.34,,
63222,06150,3,1,2,332.08,,
63223,07100,5,1,4,467.02,,
63229,88200,2,2,0,71.12,,
63248,88680,0,0,0,30.97,,
63271,88601,1,0,1,52.77,,
63275,88603,1,1,0,73.88,,
63277,88605,1,1,0,105.31,,
63284,88620,0,0,0,8.93,,
63285,88624,10,0,10,9.70,,
63293,88628,0,0,0,12.14,,
63294,88632,2,0,2,18.43,,
63303,88635,2,2,0,7.28,,
63306,88636,4,4,0,22.90,,
63324,31201111,0,0,0,228.83,,
63325,31201311,1,1,0,228.83,,
63326,31211111,1,0,1,228.83,,
63327,31211311,0,0,0,228.83,,
63329,31221311,0,0,0,228.83,,
63331,31301212,3,2,1,246.55,,
63332,31301312,2,0,2,246.55,,
63333,31301412,2,0,2,246.55,,
63334,31502311,1,1,0,301.23,,
63335,31502321,0,0,0,301.23,,
63336,31431130,0,0,0,307.30,,
63339,31431330,0,0,0,307.30,,
63341,31431540,0,0,0,307.30,,
63342,31431740,1,1,0,307.30,,
63343,31431940,0,0,0,307.30,,
63344,31432130,0,0,0,307.30,,
63345,31432140,0,0,0,307.30,,
63346,21431130,3,2,1,85.56,,
63347,21431330,0,0,0,85.56,,
63348,21432130,0,0,0,85.56,,
63349,11501100,0,0,0,47.09,,
63350,31511710,6,3,3,393.36,,
63351,31511720,0,0,0,393.36,,
63352,31511910,0,0,0,393.36,,
63353,31511920,0,0,0,393.36,,
63354,31512110,0,0,0,393.36,,
63355,31512120,0,0,0,393.36,,
63356,31512310,0,0,0,393.36,,
63357,31512320,1,0,1,393.36,,
63358,37068-2000,15,6,9,102.67,,
63361,77040020,7,3,4,21.39,,
63362,77040050,7,4,3,24.54,,
63363,77040100,9,3,6,28.88,,
63364,77040300,4,2,2,32.09,,
63381,001-421-520-00,0,0,0,390.00,,
63382,001-421-530-00,0,0,0,410.00,,
63383,001-421-540-00,0,0,0,630.00,,
63384,001-421-550-00,0,0,0,819.09,,
63407,COK-0024,5,3,2,51.38,,
63408,MX8715CR,0,0,0,453.12,,
63409,EIC001,8,7,1,107.06,,
63410,RC1010CAP24V,0,0,0,2102.94,2860.00,
63416,68110,4,2,2,289.99,,
63426,010-01616-30,0,0,0,862.49,,
63429,13850,0,0,0,259.61,,
63430,010-11417-10,47,31,16,149.99,,
63458,010-12401-10,2,2,0,112.49,,
63459,010-12402-10,2,1,1,172.49,,
63460,010-12402-20,0,0,0,262.49,,
63462,104300-500-001-17,6,6,0,24.00,,
63463,104300-105-001-17,0,0,0,25.91,,
63478,121900-100-004-17,0,0,0,41.23,,
63480,121900-100-005-17,0,0,0,41.23,,
63481,121700-706-004-17,5,1,4,66.60,,
63483,121700-706-005-17,5,1,4,66.60,,
63487,10-262,5,0,5,40.23,,
63490,SUPER-TRI,1,1,0,64.99,,
63512,010-01550-01,26,18,8,127.99,,
63526,88650,0,0,0,4.58,,
63527,88652,3,0,3,5.58,,
63528,88654,0,0,0,6.69,,
63529,88656,0,0,0,15.82,,
63530,88657,2,2,0,7.91,,
63531,88659,0,0,0,14.77,,
63532,88660,0,0,0,12.28,,
63534,88666,0,0,0,8.43,,
63535,88667,0,0,0,6.32,,
63536,88668,0,0,0,5.72,,
63537,88669,0,0,0,5.72,,
63538,88670,4,0,4,11.72,,
63539,88671,0,0,0,11.72,,
63544,88690,0,0,0,5.58,,
63545,88695,0,0,0,21.63,,
63549,88612,0,0,0,39.05,,
63550,88613,0,0,0,37.99,,
63551,88614,0,0,0,35.88,,
63552,88655,0,0,0,15.82,,
63553,88655-1,0,0,0,20.05,,
63554,88658,0,0,0,10.31,,
63558,88658-6,0,0,0,9.49,,
63559,88658-7,0,0,0,9.49,,
63560,88658-8,0,0,0,9.49,,
63561,88658-9,0,0,0,9.49,,
63562,88615,0,0,0,11.07,,
63563,88615-1,0,0,0,11.07,,
63567,88963,0,0,0,6.32,,
63568,88964,0,0,0,6.87,,
63569,88661,0,0,0,6.69,,
63570,88662,0,0,0,6.69,,
63573,88149-1,0,0,0,221.66,,
63575,88158,6,0,6,137.21,,
63576,88159,0,0,0,137.21,,
63577,88157,0,0,0,248.05,,
63578,88157-1,0,0,0,248.05,,
63604,FA1702,0,0,0,1177.27,,
63606,WD-OPNARY-01,2,2,0,129.38,,
63607,WD-RAD-01,4,2,2,129.38,,
63608,RLS-405,10,5,5,24.75,,
63609,A10-901,10,0,10,41.71,,
63614,88525,4,2,2,71.77,,
63615,88527,4,2,2,71.77,,
63616,88529,4,2,2,71.77,,
63620,77900,0,0,0,77.05,,
63621,77901,0,0,0,77.05,,
63622,77902,0,0,0,77.05,,
63626,77900-1,2,0,2,78.79,,
63632,88535,4,2,2,77.05,,
63633,88539,0,0,0,77.05,,
63634,88537,4,2,2,77.05,,
63638,88540,0,0,0,83.81,,
63639,88542,6,4,2,92.75,,
63640,77910,0,0,0,9.16,,
63641,77911,0,0,0,3.43,,
63642,77900-2,0,0,0,15.83,,
63644,88525-1,14,4,10,19.00,,
63646,88530-3,11,10,1,21.11,,
63650,77173,0,0,0,68.61,,
63655,88191,0,0,0,89.40,,
63656,88192,0,0,0,89.40,,
63657,88193,0,0,0,89.40,,
63658,88176,0,0,0,55.87,,
63659,88144,1,1,0,295.55,,
63660,88144-1,2,0,2,263.88,,
63661,HRMK1502,0,0,0,45.44,,
63675,HX210,406,207,199,86.99,,
63676,VLH-3000A,0,0,0,280.39,,
63680,88522,0,0,0,111.76,,
63681,88524,0,0,0,111.76,,
63683,88522XL,0,0,0,134.12,,
63684,88524XL,0,0,0,134.12,,
63685,88522SM,3,3,0,122.94,,
63686,88524SM,0,0,0,122.94,,
63688,88686-1,1,1,0,19.42,,
63689,88686-2,0,0,0,15.78,,
63691,88688-1,0,0,0,15.78,,
63693,88687,0,0,0,36.94,,
63694,77900-3,4,2,2,7.81,,
63695,77901-3,0,0,0,7.81,,
63696,77902-3,0,0,0,7.81,,
63697,77900-4,0,0,0,7.81,,
63698,77901-4,2,0,2,7.81,,
63699,77902-4,0,0,0,7.81,,
63700,88530-2,0,0,0,9.49,,
63702,88152-2,2,2,0,5.27,,
63705,88675,0,0,0,19.00,,
63706,88676,5,5,0,9.50,,
63707,PCHE-BP,0,0,0,6.87,,
63719,88544,8,8,0,16.89,,
63720,88545,0,0,0,19.00,,
63721,88546,2,2,0,20.06,,
63722,88547,0,0,0,28.67,,
63723,A80048,0,0,0,1415.83,,1699.00
63724,A80328,2,2,0,76.69,,
63743,F38-8800W-1,0,0,0,99.58,,
63780,GP1059,0,0,0,327.26,,
63782,GP1080-06,0,0,0,385.44,,
63783,GP1080-07,0,0,0,385.44,,
63784,GP1080-09,0,0,0,385.44,,
63785,GP1080-20,0,0,0,385.44,,
63786,GP1170-14,0,0,0,385.44,,
63787,GP1170-15,0,0,0,385.44,,
63788,GP1170-63,0,0,0,385.44,,
63789,GP1170-64,0,0,0,385.44,,
63790,GP1213,0,0,0,363.62,,
63791,GP1302,0,0,0,276.35,,
63792,GP1402,0,0,0,312.72,,
63793,GP1500-16,0,0,0,276.35,,
63794,GP1500-17,0,0,0,276.35,,
63795,GP1600-11,0,0,0,341.81,,
63796,GP1600-12,0,0,0,341.81,,
63797,GP1600-13,0,0,0,341.81,,
63798,GP1808,0,0,0,312.72,,
63799,GP1900,0,0,0,305.44,,
63800,GP1900-09,0,0,0,319.99,,
63801,GP1900-13,0,0,0,319.99,,
63802,GP2040-23,0,0,0,334.53,,
63803,GP2040-29,0,0,0,334.53,,
63804,GP2040-30,0,0,0,334.53,,
63805,GP2040-95,0,0,0,334.53,,
63806,GP2050-95,0,0,0,327.26,,
63807,GP2050-98,0,0,0,327.26,,
63808,GP2053,0,0,0,327.26,,
63809,GP2080-06,0,0,0,385.44,,
63810,GP2080-07,0,0,0,385.44,,
63811,GP2080-09,0,0,0,385.44,,
63812,GP2080-20,0,0,0,385.44,,
63813,GP2170-14,0,0,0,385.44,,
63815,GP2170-15,0,0,0,385.44,,
63816,GP2170-63,0,0,0,385.44,,
63817,GP2170-64,0,0,0,385.44,,
63818,GP2500-16,0,0,0,276.35,,
63819,GP2500-17,0,0,0,276.35,,
63820,GP2600-09,0,0,0,341.81,,
63821,GP2600-11,0,0,0,341.81,,
63822,GP2600-12,0,0,0,341.81,,
63823,GP2600-13,0,0,0,341.81,,
63828,C-1B-R,3,2,1,162.50,,
63832,C-1C-R,4,2,2,181.25,,
63834,P-1B-R,0,0,0,256.25,,
63835,P-1C-R,0,0,0,262.50,,
63836,P-1BS-R,6,0,6,318.75,,
63837,P-1CS-R,0,0,0,325.00,,
63839,P-1BNV-R,0,0,0,262.50,,
63840,PED4409-C,0,0,0,269.08,,
63841,P-1CNV-R,0,0,0,275.00,,
63843,PED4410-C,0,0,0,269.08,,
63845,P-2BS-R,4,2,2,456.25,,
63847,P-2BNV-R,0,0,0,381.25,,
63857,G-1B-R,11,8,3,248.75,,
63861,G-1C-R,4,2,2,256.25,,
63865,G-1BB-R,11,2,9,268.75,,
63868,G-1CB-R,1,0,1,281.25,,
63870,C30503BM30PB,8,2,6,366.60,541.80,
63872,G-2BB-R,4,2,2,462.50,,
63875,G-2B-R,0,0,0,437.50,,
63876,C30503BM30PG,0,0,0,366.60,541.80,
63880,C30503BM30PW,4,0,4,366.60,541.80,
63883,BOLT1212ED,4,4,0,446.42,,
63884,FS-T01-R,0,0,0,137.50,,
63886,B30ASSYPB,3,0,3,163.21,241.20,
63887,PED5100-01-C,1,1,0,326.66,,
63889,B30ASSYPG,11,6,5,163.21,241.20,
63890,B30ASSYPW,0,0,0,163.21,241.20,
63891,B50ASSYPG,4,3,1,203.40,300.60,
63893,B50ASSYPB,0,0,0,203.40,300.60,
63897,FS-A01-R,0,0,0,150.00,,
63899,B50ASSYPW,9,6,3,203.40,300.60,
63912,PP4408-C,0,0,0,269.08,,
63913,PP4409,0,0,0,269.08,,
63914,PP4409-C,0,0,0,269.08,,
63915,PP4410,0,0,0,269.08,,
63916,PP4410-C,0,0,0,269.08,,
63917,PP4500,0,0,0,261.81,,
63921,PP4500-02-C,0,0,0,276.35,,
63922,PP4500-03-C,0,0,0,276.35,,
63924,PP4500-06-C,0,0,0,276.35,,
63927,PP4500-C,0,0,0,261.81,,
63928,PP4600-00,0,0,0,290.90,,
63931,PP4600-01,0,0,0,305.44,,
63934,PP4600-03,0,0,0,305.44,,
63936,PP4600-04,0,0,0,305.44,,
63938,PP4600-05,0,0,0,305.44,,
63941,PP4800-20-C,0,0,0,356.35,,
63943,PP4800-C,0,0,0,341.81,,
63948,PP4900,0,0,0,341.81,,
63954,PP4900-09,0,0,0,356.35,,
63959,PP5030-01,0,0,0,399.99,,
63960,PP5050-01-C,0,0,0,370.90,,
63965,PP5053,0,0,0,370.90,,
63967,PP5058-C,0,0,0,370.90,,
63968,PP5060-01,0,0,0,399.99,,
63969,PP5100,0,0,0,341.81,,
63970,PP5100-01,0,0,0,356.35,,
63972,PP5100-C,0,0,0,341.81,,
63973,PP5200-01,0,0,0,392.72,,
63976,PP5200-C,0,0,0,378.17,,
63978,PP5202-C,0,0,0,392.72,,
63979,PP5203-C,0,0,0,392.72,,
63980,PP5204-C,0,0,0,392.72,,
63981,PP5205-C,0,0,0,392.72,,
63982,PP5213,0,0,0,392.72,,
63983,PP5213-C,0,0,0,392.72,,
63984,RMX4102,0,0,0,363.62,,
63985,RMX4600,0,0,0,399.99,,
63986,RMX4600-04,0,0,0,414.53,,
63987,RMX4900,0,0,0,421.81,,
63988,RMX4900-09,0,0,0,436.35,,
63990,B30ASSYNT,0,0,0,197.31,291.60,
63991,PP4400-C,0,0,0,254.53,,
63992,PP4401-C,0,0,0,269.08,,
63993,PP4808-C,0,0,0,356.35,,
63995,LLB-47FW-82-00,2,0,2,42.99,,
64002,LLB-05WD-81-00,0,0,0,19.45,,
64005,1479,5,2,3,155.56,,
64007,260WR-2,0,0,0,26.75,,
64008,E70328,4,1,3,582.87,,
64009,E70329,5,2,3,627.71,,
64013,SPD-7S-W,0,0,0,379.69,,
64015,"F-10 WHITE",0,0,0,404.86,,
64019,A80355,4,0,4,23.85,,
64020,A80356,0,0,0,21.30,,
64025,1106-B,2,2,0,672.33,,
64026,A80357,18,12,6,23.85,,
64030,29043-0000,7,3,4,24.48,,
64031,"BP 03511-6A-6PK",4,2,2,47.12,65.95,
64032,"BP 03511-10A-10PK",2,1,1,78.53,109.95,
64040,"A-4 WHITE",12,12,0,93.41,,
64041,A10-364,3,0,3,32.38,,
64051,FOURTECH13,6,2,4,171.43,,
64052,FOURTECH14,0,0,0,171.43,,
64059,T101,6,4,2,169.45,,
64060,T103,4,2,2,232.69,,
64061,X52,2,1,1,161.79,,
64080,M81134,0,0,0,2362.49,,
64083,1020-F,0,0,0,53.37,,
64084,1020-B-F,22,6,16,51.84,,
64085,1022-F,0,0,0,58.24,,
64086,1022-B-F,17,5,12,62.80,,
64087,1201-F,0,0,0,100.49,,
64088,1206-F,0,0,0,100.49,,
64089,1193-F,15,6,9,48.68,,
64090,1163-F,10,4,6,75.61,,
64091,1008-B-F,13,4,9,28.20,,
64092,91-118-F,2,2,0,24.16,,
64093,91-410-F,10,7,3,11.51,,
64094,91-200-F,23,13,10,6.29,,
64096,90-810-F,0,0,0,139.73,,
64100,2506P-F,17,9,8,21.55,,
64101,2606B-F,28,12,16,21.61,,
64102,2608B-F,31,18,13,35.65,,
64103,2064-F,0,0,0,209.65,,
64104,2084-F,5,2,3,228.84,,
64107,91-531-F,20,12,8,9.83,,
64108,91-536-F,16,8,8,10.83,,
64109,91-561-F,20,12,8,6.48,,
64110,91-562-F,7,5,2,5.89,,
64111,91-566-F,13,11,2,6.48,,
64120,AN-MAP7,1,0,1,149.99,,
64121,012102W,1,0,1,278.95,503.00,
64122,012101B,3,3,0,291.21,,
64123,012103BW,2,1,1,365.93,631.00,
64125,29090-5000,75,75,0,168.69,,
64126,29120-5000,41,25,16,183.81,,
64127,29120-5100,8,2,6,217.60,,
64128,37010-3092,62,36,26,419.88,,
64129,37010-3094,4,1,3,473.28,,
64130,37010-4092,14,6,8,473.28,,
64131,37010-4192,10,4,6,482.83,,
64132,37010-4094,0,0,0,520.62,,
64133,37010-4194,0,0,0,531.11,,
64159,25SA,33,19,14,72.32,,
64160,25SA-24,16,12,4,85.74,,
64161,MSVANDTZN075QL,0,0,0,61.41,,
64162,20SA,14,8,6,89.36,,
64163,27SA,32,11,21,109.86,,
64164,MSVANDTZN150QL,0,0,0,108.92,,
64165,24DA,6,4,2,19.53,,
64166,25DA,59,14,45,26.06,,
64167,25DA-24,22,5,17,32.30,,
64168,20DA,85,10,75,40.63,,
64169,20DA-24,13,4,9,48.81,,
64170,27DA,69,12,57,46.26,,
64171,27DA-24,15,7,8,55.84,,
64172,6009,0,0,0,772.25,,
64177,A80308,3,2,1,42.60,,
64178,F008002,0,0,0,62.19,,
64212,A80332,3,2,1,29.82,,
64223,AP000A1HA,0,0,0,512.34,,
64224,AP000A1BC,5,4,1,518.03,,
64258,"2061 02061",0,0,0,0.85,,
64259,"2061TP 02",0,0,0,6.12,,
64267,012301W,2,0,2,140.74,226.00,
64268,012302B,4,1,3,145.43,,
64269,012304W,0,0,0,237.50,360.00,
64270,012305B,4,2,2,227.17,360.00,
64271,012307C,6,3,3,268.89,417.00,
64272,012308W,0,0,0,325.00,493.00,
64273,012309B,8,4,4,307.53,493.00,
64274,012311C,7,5,2,346.74,550.00,
64275,011416,0,0,0,51.09,79.00,
64276,011417,0,0,0,60.00,93.00,
64277,011418,0,0,0,71.74,113.00,
64281,E70310,20,9,11,301.62,,
64284,A80370,14,8,6,42.60,,
64290,101475,0,0,0,125.96,,218.19
64291,101476,0,0,0,149.52,,264.19
64292,101477,2,2,0,149.52,,264.19
64295,101186,6,1,5,134.16,,222.29
64296,101187,0,0,0,137.69,,227.99
64297,101325,5,1,4,129.29,,206.29
64310,101283,20,4,16,101.68,,158.69
64312,115117,10,6,4,109.14,,159.39
64313,115118,0,0,0,93.85,,134.69
64314,115119,0,0,0,92.83,,133.09
64315,115127,8,5,3,109.14,,159.39
64316,115128,0,0,0,94.01,,134.99
64317,115129,0,0,0,94.94,,136.09
64319,116117,7,1,6,103.73,,156.69
64320,116118,15,7,8,86.83,,136.99
64321,116119,16,5,11,81.49,,128.59
64323,116127,0,0,0,103.26,,155.89
64324,116128,0,0,0,88.76,,140.09
64325,116129,0,0,0,86.83,,136.99
64327,116197,0,0,0,95.64,,144.99
64328,116198,0,0,0,83.21,,136.99
64336,1732,3,1,2,72.00,,
64338,1741,11,6,5,57.65,,
64340,1821,8,5,3,12.30,,
64341,1839,0,0,0,253.10,,
64351,5007100,0,0,0,57.03,,
64352,5194,14,6,8,45.62,,
64354,5196,11,5,6,38.62,,
64355,5502100,24,3,21,71.28,,
64357,6004,10,3,7,24.00,,
64358,6004200,5,5,0,24.00,,
64359,7197,30,15,15,15.52,,
64361,7399,16,6,10,20.51,,
64362,7517,6,2,4,172.78,,
64363,7615,6,3,3,103.81,,
64374,7903,10,5,5,4.20,,
64375,7903200,9,6,3,4.49,,
64379,7812-S-7,10,6,4,88.23,,
64381,CA50BL-12HR,0,0,0,3629.09,,
64383,7202-P-7,2,1,1,52.89,,
64385,5558-P12A7,6,2,4,38.42,,
64386,5550-PA20-7,6,3,3,40.77,,
64387,5557-PV12A7,9,3,6,38.76,,
64389,5551-PA20-7,15,7,8,48.62,,
64393,A80367,3,3,0,14.91,,
64394,MCK508WB.6,11,7,4,137.07,219.99,
64401,LLB-21BC-21-00,0,0,0,9.14,,
64433,142400,4,2,2,134.99,,
64434,142410,8,8,0,124.99,,
64437,142420,1,1,0,164.99,,
64441,142411,3,1,2,129.99,,
64446,5006100,52,19,33,24.84,,
64450,TEC-BNT,8,8,0,12.06,,
64459,PO512-WC-20,0,0,0,172.53,,
64470,5358-P12-7,0,0,0,28.71,,
64471,5350-PA20-7,5,2,3,33.75,,
64475,6354W7,8,5,3,16.85,,
64480,300-036-B,0,0,0,1596.35,,1795.90
64481,31221111,2,1,1,228.83,,
64483,3125,10,8,2,4.78,,
64484,SHC-19,16,5,11,52.50,,
64508,T70330,4,3,1,1999.99,,
64509,09-1050-12,0,0,0,14.05,,
64511,3530,20,5,15,11.38,,18.98
64513,88607-2,0,0,0,93.93,,
64514,88608-1,0,0,0,83.38,,
64515,R70159,0,0,0,42.60,,
64516,S-0226KEY,16,12,4,4.48,,
64517,AS0511,4,4,0,27.71,,
64541,OC17SUK42,14,13,1,141.04,,
64549,DU-RBH-20-R,12,3,9,131.25,,
64550,DU-RCH-20-R,0,0,0,137.50,,
64551,DU-SBH-20-R,0,0,0,137.50,,
64552,011807,0,0,0,53.26,83.00,
64558,GP1040-31,0,0,0,334.53,,
64559,GP2040-31,0,0,0,334.53,,
64560,GP2050-21,0,0,0,327.26,,
64561,GP1800-13,0,0,0,312.72,,
64562,RMX4800-13,0,0,0,436.35,,
64564,PP4800-13,0,0,0,356.35,,
64568,CS2308402,5,1,4,46.48,,
64574,E70430,0,0,0,688.85,,
64583,CA50BL-24HR,0,0,0,4443.64,,
64587,A2C1102950001,8,8,0,67.40,114.12,
64588,A2C1102960001,4,1,3,91.17,154.26,
64592,FW0814,7,3,4,106.59,,
64593,FW1214,3,1,2,101.51,,
64594,FW1215,10,4,6,101.51,,
64595,FW1225,15,9,6,105.96,,
64598,RT3000,5,2,3,58.19,,
64602,P10-2512WHA27-1C,7,4,3,24.79,,
64606,P10-2524WHA27-1C,4,2,2,45.73,,
64607,P10-5012BLK27-1C,3,1,2,44.56,,
64608,P10-5012SFM27-1C,2,1,1,44.56,,
64609,P10-5012WHA27-1C,3,2,1,44.56,,
64610,P10-5024BLK27-1C,4,0,4,84.29,,
64612,P10-5024WHA27-1C,7,4,3,84.29,,
64613,P10-7512BLK27-1C,3,3,0,65.69,,
64615,P10-7512WHA27-1C,0,0,0,65.69,,
64617,P10-7524WHA27-1C,4,3,1,123.54,,
64618,P14-5012WHA27-1C,0,0,0,46.73,,
64619,P14-7512WHA27-1C,0,0,0,68.68,,
64621,80-601-0020-00,0,0,0,113.62,,
64623,710S-00607,1,0,1,572.42,,
64646,P10-2506WHA12-1C,0,0,0,11.77,,
64647,P10-2512WHA12-1C,4,3,1,17.13,,
64683,M81203,0,0,0,3312.49,,
64686,3117,3,3,0,782.41,,
64687,SET0152,0,0,0,54.11,,
64694,0120DP3CHR,0,0,0,105.61,,
64695,PO512-WC-10,0,0,0,172.53,,
64699,0440-BK-1,0,0,0,4.76,,
64705,0301DP6A,17,8,9,8.73,,
64707,001-190-440-00,0,0,0,145.45,,
64718,6128C,2,2,0,39.85,,
64719,CA-0160-MO,0,0,0,369.14,,
64722,IS216,1,0,1,36.02,,
64723,NM-NB1-NF-05.0,0,0,0,56.03,,
64724,NM-NB1-NF-10.0,0,0,0,76.05,,
64725,PT-0-50PSI-01,0,0,0,156.10,,
64732,010-12127-00,0,0,0,26.24,,
64742,115123,0,0,0,91.91,,133.59
64745,710262-1,1,1,0,303.05,,
64750,740162-1,7,7,0,24.14,,
64752,720096-1,4,4,0,41.39,,
64753,720096-2,0,0,0,55.19,,
64772,740157-1NB,0,0,0,137.99,,
64780,ZE355,0,0,0,15.19,,
64781,BP2918,0,0,0,111.04,142.12,
64790,3875C1,46,25,21,8.05,,
64842,R599C-LH,1,0,1,4621.26,6199.00,
64853,010-12224-01,0,0,0,59.99,,
64878,520T-BLD,0,0,0,200.00,,
64880,CA200B-8B/30,0,0,0,695.45,,
64895,81300300,0,0,0,400.72,,
64908,1331,16,6,10,23.89,,
64910,UP33FM,0,0,0,585.19,,
64976,DM260G,3,2,1,131.76,,
64977,DM260B,5,0,5,131.76,,
64979,SF100G,16,11,5,270.59,,
64980,SF100B,4,2,2,270.59,,
64984,CORD50,4,2,2,14.99,,
64987,FL50,0,0,0,141.18,,
64993,PUMPHRP11-24,0,0,0,736.36,,
65003,CC3003P,8,4,4,27.41,,
65012,001-247-240-00,0,0,0,153.64,,
65014,BOLT912ED,6,2,4,416.69,,
65016,000-040-720,0,0,0,42.73,,
65019,372,0,0,0,36.43,,
65020,373,0,0,0,40.46,,
65023,360,5,5,0,73.57,,
65025,361,0,0,0,79.86,,
65028,380,0,0,0,82.93,,
65031,363,0,0,0,73.57,,
65032,364,10,4,6,79.86,,
65034,383,11,6,5,86.29,,
65040,40220,0,0,0,18.06,,
65041,80220,2,0,2,24.10,,
65042,40230,1,1,0,23.09,,
65043,80230,2,0,2,30.81,,
65044,40240,3,0,3,31.61,,
65045,80240,4,2,2,42.13,,
65046,40245,11,5,6,32.07,,
65047,80245,14,9,5,42.77,,
65048,40400,1,0,1,36.34,,
65049,80400,0,0,0,46.62,,
65050,40410,2,0,2,39.60,,
65051,80410,9,7,2,49.94,,
65052,40420,1,0,1,44.24,,
65053,80420,7,6,1,60.04,,
65054,8418,32,28,4,19.49,,
65055,8424,5,5,0,22.46,,
65056,8118,4,4,0,16.54,,
65057,8124,11,6,5,21.87,,
65065,1818,0,0,0,9.99,,
65066,2918,19,15,4,11.10,,
65067,3018,0,0,0,11.10,,
65068,3118,4,4,0,11.10,,
65069,3218,4,4,0,11.10,,
65070,4118,13,13,0,11.10,,
65071,4218,2,2,0,11.10,,
65072,4318,10,0,10,11.10,,
65073,4418,7,7,0,11.10,,
65114,01-0387,0,0,0,3896.10,,
65118,2818,12,12,0,11.10,,
65127,60749,2,1,1,15.86,,
65128,60750,2,2,0,18.49,,
65129,60752,0,0,0,24.50,,
65130,57933,0,0,0,12.49,,
65137,1139,1,1,0,19.07,,
65138,921,2,2,0,47.92,,
65139,922,0,0,0,48.79,,
65140,971,0,0,0,19.26,,
65144,960,0,0,0,39.83,,
65145,961,0,0,0,39.83,,
65148,962,0,0,0,17.29,,
65149,965,0,0,0,29.17,,
65150,57925,6,6,0,7.73,,
65151,57926,6,6,0,7.73,,
65152,57928,0,0,0,7.73,,
65168,000-13785-001,0,0,0,350.26,,478.00
65170,A80321,3,1,2,1287.23,,1579.00
65171,A102146,1,0,1,59.65,,
65181,600015,4,4,0,22.69,,
65187,805Q,38,18,20,9.00,,
65189,805G,6,3,3,22.35,,
65190,810Q,15,12,3,9.00,,
65191,810G,12,6,6,26.59,,
65192,800Q,6,3,3,9.00,,
65193,800G,12,4,8,22.35,,
65194,830,12,6,6,11.57,,
65195,825Q,15,8,7,10.33,,
65198,815Q,17,7,10,11.83,,
65199,850Q,7,4,3,11.67,,
65200,846P,4,0,4,7.33,,
65201,410,10,6,4,11.68,,
65203,435,0,0,0,4.09,,
65205,001-409-540-00,0,0,0,451.82,,
65207,010-12105-10,0,0,0,22.49,,
65209,"TS 1001",25,13,12,16.33,,
65210,"TS 1002",5,1,4,42.92,,
65212,"TC 2000",15,12,3,17.27,,
65213,"TC 2001",8,4,4,33.33,,
65214,"TB 3001",44,4,40,11.49,,
65222,IRID-GO-INST-KIT,0,0,0,397.65,,
65246,P66-DT-HB,2,2,0,179.56,225.00,
65247,TM258-HB,0,0,0,802.79,1099.00,
65249,TM260-HB,0,0,0,1115.06,1499.00,
65250,TM260-14HB,0,0,0,1115.06,1499.00,
65251,B60-12-HB,0,0,0,247.96,324.99,
65252,B60-20-HB,2,1,1,247.96,324.99,
65253,B164-0-HB,0,0,0,954.89,1275.00,
65254,B164-12-HB,0,0,0,954.89,1275.00,
65255,B164-20-HB,0,0,0,954.89,1275.00,
65256,B164-0-14HB,0,0,0,954.89,1275.00,
65257,B164-12-14HB,0,0,0,954.89,1275.00,
65258,B164-20-14HB,0,0,0,954.89,1275.00,
65259,B117-DT-HB,0,0,0,218.81,289.99,
65260,S3-0502,0,0,0,1282.07,,
65261,P79-HB,0,0,0,147.55,199.00,
65263,1525,3,2,1,40.71,,
65269,7410,0,0,0,40.25,,
65270,7411,5,0,5,40.25,,
65271,7412,3,0,3,40.25,,
65272,7413,0,0,0,40.25,,
65273,7574,9,6,3,39.82,,
65274,7414,0,0,0,40.25,,
65275,7575,5,2,3,39.82,,
65276,7415,4,3,1,40.25,,
65277,7416,0,0,0,40.25,,
65278,7577,8,5,3,39.82,,
65279,7417,2,2,0,40.25,,
65280,7540,0,0,0,35.54,,
65281,7541,0,0,0,35.54,,
65282,7542,0,0,0,34.56,,
65284,7543,4,4,0,34.56,,
65285,7545,0,0,0,34.56,,
65286,7546,19,6,13,34.56,,
65287,7547,0,0,0,35.54,,
65288,7548,18,8,10,34.56,,
65289,7549,4,4,0,34.56,,
65303,BP0535,3,1,2,146.75,,
65317,1360,0,0,0,6.23,,
65318,1225,6,6,0,5.44,,
65320,11736,14,4,10,3.51,,
65322,1725,4,4,0,25.87,,
65323,1726,0,0,0,17.86,,
65324,83553,0,0,0,719.20,,
65325,46054,0,0,0,58.94,,
65332,001-041-560,0,0,0,45.45,,
65341,42030X,0,0,0,59.99,,
65351,010-11089-01,8,2,6,22.49,,
65353,RC1210CAP24V,0,0,0,3326.83,4364.80,
65354,980650001,0,0,0,324.66,,
65355,959941001,7,4,3,141.77,,
65356,959941011,0,0,0,141.77,,
65369,959940201,5,1,4,147.44,,
65370,959940211,7,5,2,147.44,,
65371,980520501,0,0,0,86.48,,
65372,980520511,9,5,4,86.48,,
65373,980520811,8,6,2,140.35,,
65374,980520901,5,4,1,140.35,,
65375,980520911,7,4,3,140.35,,
65376,980620811,8,4,4,161.62,,
65377,980620801,0,0,0,161.62,,
65378,980620901,0,0,0,161.62,,
65379,980620911,3,3,0,161.62,,
65380,980960201,0,0,0,85.06,,
65381,980960211,8,4,4,85.06,,
65382,980960231,0,0,0,96.41,,
65383,980960241,5,2,3,96.41,,
65384,980960301,6,2,4,113.42,,
65385,980960311,7,4,3,113.42,,
65388,980960341,7,4,3,121.92,,
65389,980960351,9,6,3,121.92,,
65390,980960461,1,1,0,136.10,,
65391,980960471,2,2,0,136.10,,
65392,980573021,0,0,0,136.10,,
65393,980740011,0,0,0,219.75,,
65394,980950071,1,0,1,163.04,,
65395,980950081,2,0,2,163.04,,
65396,980950061,4,2,2,163.04,,
65398,958109021,2,2,0,38.28,,
65399,958109011,15,10,5,31.19,,
65400,958109111,0,0,0,31.19,,
65401,958109121,0,0,0,38.28,,
65402,958110011,7,3,4,32.61,,
65403,958110021,5,1,4,38.28,,
65404,958110111,0,0,0,32.61,,
65405,958110121,4,0,4,38.28,,
65406,958109511,3,3,0,32.61,,
65407,958109521,4,3,1,39.70,,
65408,958109611,0,0,0,32.61,,
65409,958109621,11,4,7,38.28,,
65410,958110511,10,10,0,34.03,,
65411,958110521,6,5,1,38.28,,
65413,958110621,0,0,0,38.28,,
65414,959950121,0,0,0,143.19,,
65415,959951121,0,0,0,143.19,,
65416,980630002,2,0,2,120.30,,
65421,980629001,7,6,1,99.24,,
65422,980629501,0,0,0,113.42,,
65424,959700101,0,0,0,63.80,,
65425,959700701,0,0,0,63.80,,
65427,980704001,0,0,0,92.15,,
65431,DRS12AX,0,0,0,4288.95,,5295.00
65434,980869301,11,5,6,26.94,,
65435,980869401,8,5,3,26.94,,
65436,980869501,5,4,1,24.15,,
65437,980869601,0,0,0,26.94,,
65440,980500521,11,4,7,31.19,,
65441,980500541,9,4,5,26.94,,
65442,980500721,5,2,3,31.19,,
65443,980502221,5,3,2,31.19,,
65444,980502241,10,4,6,26.94,,
65445,980507221,6,4,2,31.19,,
65446,980507241,9,5,4,26.94,,
65447,980507251,7,4,3,25.52,,
65449,958121001,0,0,0,68.05,,
65450,958121011,0,0,0,70.89,,
65451,958121101,4,2,2,70.89,,
65452,5287,24,14,10,4.70,,
65453,5235100,19,15,4,13.47,,
65454,5236100,11,6,5,12.95,,
65455,5237100,18,16,2,12.95,,
65456,5239100,28,18,10,12.95,,
65457,5240100,10,3,7,12.95,,
65458,5241100,8,4,4,12.95,,
65459,5242100,29,19,10,12.95,,
65460,5243100,12,8,4,12.95,,
65461,5244100,11,4,7,12.95,,
65462,5245100,20,9,11,12.95,,
65463,958121111,0,0,0,70.89,,
65464,958123001,5,3,2,63.80,,
65465,958124401,5,1,4,49.62,,
65466,002984335,8,4,4,43.95,,
65467,002984385,2,0,2,43.95,,
65468,002984345,5,1,4,43.95,,
65469,002984395,7,4,3,43.95,,
65470,002984315,6,3,3,48.20,,
65471,002984365,1,1,0,49.62,,
65472,002984325,4,0,4,48.20,,
65473,002984375,6,1,5,48.20,,
65474,002984305,10,5,5,87.90,,
65475,002984355,0,0,0,87.90,,
65477,002984535,0,0,0,69.47,,
65478,002984601,5,1,4,106.33,,
65479,002984505,8,5,3,66.63,,
65480,002984565,9,5,4,66.63,,
65485,003562025,7,4,3,19.85,,
65487,003562045,8,4,4,21.27,,
65489,003562005,4,1,3,19.85,,
65491,003562015,2,2,0,19.85,,
65494,003361002,12,8,4,73.82,,
65495,003361012,9,7,2,77.92,,
65496,003361022,12,6,6,73.82,,
65497,002843011,4,4,0,27.34,,
65498,706729011,20,12,8,6.08,,
65500,998502001,0,0,0,153.11,,
65502,A1101CP,0,0,0,98.05,,
65512,003562035,6,2,4,19.85,,
65513,1942,0,0,0,2346.11,,
65514,60754,7,4,3,31.96,,
65515,966,0,0,0,31.14,,
65516,967,1,1,0,27.09,,
65532,010-01962-00,12,8,4,119.99,,
65533,010-01962-10,2,0,2,356.24,,
65534,010-11868-20,0,0,0,374.99,499.99,
65535,010-11868-21,0,0,0,374.99,499.99,
65536,010-11868-22,1,1,0,374.99,449.00,
65537,010-12465-00,0,0,0,187.49,,
65538,010-11937-21,0,0,0,1012.49,1349.99,
65539,010-12187-20,0,0,0,4424.99,5899.99,
65540,010-12182-20,1,0,1,3299.99,4399.99,
65541,010-11643-20,0,0,0,3299.99,4399.99,
65543,010-12188-20,0,0,0,4049.99,5399.99,
65547,1866680,1,0,1,125.00,,
65548,3116,6,5,1,489.47,,
65549,3118,5,3,2,571.49,,
65550,11990,4,0,4,13.27,,
65569,ATPSENSTD,10,5,5,66.96,,
65570,SCH-11,34,24,10,7.50,,
65573,A80464,17,10,7,339.99,,
65574,A80465,0,0,0,1212.49,,
65575,T70318,0,0,0,2083.32,,
65576,T70319,3,1,2,2083.32,,
65583,3113,9,8,1,156.86,,
65586,A80475,2,2,0,110.78,,
65587,A80476,2,2,0,109.99,,
65588,A80477,3,2,1,183.23,,
65589,A80485,0,0,0,63.91,,
65590,SC-USB-02,17,7,10,37.13,,
65591,DS-H10,20,11,9,22.21,,
65600,A80510,7,5,2,418.19,,
65606,R70527,17,8,9,55.39,,
65609,OCTAF1212BP12,0,0,0,889.43,,
65611,ZDIGSPLK1500,4,2,2,297.47,,
65616,8806LP2,35,9,26,53.70,,
65617,8806LPG2,23,7,16,59.64,,
65619,NM-NG1-NF-00.5,0,0,0,36.02,,
65620,58103-1012,10,3,7,597.35,,
65625,001-122-910,0,0,0,177.27,,
65627,27SA-24,10,5,5,127.04,,
65629,81300400,3,1,2,401.40,,
65630,010-12165-02,0,0,0,7.49,,
65644,FAP6310,0,0,0,1727.27,,
65649,010-12390-30,0,0,0,89.99,,
65652,S00-00522-24,1,0,1,11.27,,
65668,A10-210PB,0,0,0,31.83,,
65715,AF45,9,3,6,33.21,,
65716,AF90,1,1,0,15.95,,
65718,71928P,0,0,0,2.11,,
65721,71955T,0,0,0,15.12,,
65722,T-FITTING,6,4,2,15.27,,
65724,71861H,4,2,2,54.48,,
65727,71004K,28,5,23,2.51,,
65728,"UNION 62CA-6",0,0,0,9.35,,
65729,"MD 38 NI COM FT",0,0,0,23.39,,
65733,"UPS BLKHD T-FIT",6,2,4,67.00,,
65734,"UPS T-FITTING",5,2,3,48.25,,
65738,"UPS 4-4 FLO-SS",6,3,3,121.84,,
65740,40878B,2,1,1,22.87,,
65744,42838Z,4,2,2,37.05,,
65745,40736E-UC94,4,2,2,20.23,,
65748,40735C,3,0,3,20.81,,
65749,40822X,5,2,3,38.11,,
65750,40736E,0,0,0,19.80,,
65751,73115F,2,0,2,38.29,,
65753,40736E-SVS,2,1,1,48.52,,
65754,A80488,0,0,0,63.91,,
65757,RF41200,5,3,2,35.51,54.31,
65779,010-12586-00,0,0,0,16.24,,
65780,010-12588-00,0,0,0,14.49,,
65781,010-12590-00,0,0,0,12.99,,
65782,010-12587-00,0,0,0,16.24,,
65784,010-12591-00,0,0,0,14.57,,
65789,"TU 95-50",4,2,2,174.55,,
65791,171CA-6-4,5,3,2,29.80,,
65803,RCM5,1,1,0,125.00,,
65812,F16-0080,3,3,0,69.08,,
65813,F40-0018WHC-A,6,4,2,5.43,,
65820,184003,16,10,6,5.49,,
65823,77010310,14,8,6,338.13,,
65824,DST800L-235-N2,0,0,0,591.61,790.00,
65825,33-409-01,0,0,0,96.45,125.00,
65827,221HF012,3,3,0,927.33,,
65838,1812ATP,3,1,2,946.17,,
65845,010-12528-02,7,5,2,52.49,,
65846,010-12531-00,25,18,7,18.75,,
65854,B501BT/L,6,1,5,454.53,,
65855,B501CHT/L,2,2,0,355.98,,
65856,B501B/L,4,4,0,378.35,,
65862,B502BT/L,2,0,2,792.96,,
65864,B502B/L,2,2,0,399.99,,
65892,941300010,4,4,0,329.99,,
65905,000-176-666-10,0,0,0,82.73,,
65906,SCR-24-CC-BZ-10,3,2,1,410.59,,635.00
65908,SCR-24-BW-BZ-10,1,0,1,431.74,,625.00
65909,SCR-24-GW-BZ-10,0,0,0,431.74,,625.00
65910,SCR-24-BB-BZ-10,0,0,0,431.74,,625.00
65915,A503-31CBBR-HE,0,0,0,128.05,,
65916,LL-101-PRO,0,0,0,67.07,,
65918,15099-001,7,4,3,24.36,,
65923,NEW-12V-24V-7A,0,0,0,744.27,,
65924,NEW-12V-24V-16A,0,0,0,853.33,,
65937,MC14X06,2,2,0,37.77,,
65939,MC14X10,4,2,2,41.83,,
65940,MC14X12,5,2,3,43.85,,
65941,MC14X14,2,0,2,45.89,,
65942,MC14X16,2,0,2,47.92,,
65943,MC14X18,2,0,2,49.96,,
65945,MC14X22,2,0,2,54.00,,
65947,MC14X26,0,0,0,58.07,,
65948,MC14X28,0,0,0,60.09,,
65949,MC14X30,2,2,0,62.12,,
65950,MC14X32,0,0,0,74.29,,
65951,MC14X34,0,0,0,83.80,,
65952,MC14X36,0,0,0,93.21,,
65953,MC36X06,0,0,0,35.13,,
65954,MC36X08,0,0,0,34.89,,
65955,MC36X10,2,2,0,36.92,,
65956,MC36X12,0,0,0,41.23,,
65957,MC36X14,0,0,0,43.25,,
65958,MC36X16,6,4,2,45.28,,
65959,MC36X18,4,2,2,47.31,,
65960,MC36X20,0,0,0,49.33,,
65961,MC36X22,2,0,2,51.36,,
65962,MC36X24,0,0,0,53.75,,
65963,MC36X26,2,0,2,56.21,,
65964,MC36X28,2,0,2,58.63,,
65965,MC36X30,0,0,0,61.09,,
65966,MC36X32,0,0,0,74.29,,
65967,MC36X34,0,0,0,83.80,,
65968,MC36X36,0,0,0,93.21,,
65969,MC36X38,0,0,0,110.28,,
65974,MC5X08,0,0,0,37.51,,
65975,MC5X10,2,0,2,39.55,,
65976,MC5X12,4,2,2,41.57,,
65977,MC5X14,2,0,2,43.61,,
65978,MC5X16,6,4,2,45.63,,
65979,MC5X18,0,0,0,47.65,,
65981,MC5X22,4,2,2,51.72,,
65983,MC5X26,4,2,2,56.21,,
65984,MC5X28,2,0,2,58.63,,
65986,MC5X32,0,0,0,72.96,,
65987,MC5X34,0,0,0,83.80,,
65988,MC5X36,0,0,0,93.21,,
65990,MC5X38,0,0,0,102.65,,
65991,MC0X06,2,0,2,29.87,,
65992,MC0X08,3,3,0,31.08,,
65993,MC0X10,2,2,0,32.95,,
65994,MC0X12,4,2,2,34.29,,
65995,MC0X14,0,0,0,37.61,,
65996,MC0X16,0,0,0,40.60,,
65997,MC0X18,5,2,3,43.80,,
65998,MC0X20,3,2,1,47.00,,
65999,MC0X22,0,0,0,50.24,,
66000,MC0X24,0,0,0,53.47,,
66001,MC0X26,2,0,2,56.72,,
66002,MC0X28,4,2,2,59.91,,
66003,MC0X30,2,0,2,63.11,,
66004,MC0X32,0,0,0,78.69,,
66005,MC0X34,0,0,0,83.07,,
66006,MC0X36,0,0,0,87.47,,
66007,MC0X38,0,0,0,91.80,,
66015,LNZ-512S,5,0,5,54.65,,
66025,SET0090,2,2,0,172.80,,
66028,545-5010-7,7,2,5,27.00,,
66030,MGR450B,0,0,0,152.47,254.99,
66036,RLS-508-401,4,4,0,81.56,,
66037,RLS-509-401,4,4,0,75.09,,
66048,010-12491-01,0,0,0,19.99,,
66053,010-12236-00,0,0,0,524.99,,
66054,010-12236-01,0,0,0,599.99,,
66055,010-12236-02,0,0,0,547.49,,
66056,010-12239-00,0,0,0,14.99,,
66060,010-12237-00,0,0,0,14.99,,
66062,010-12239-01,0,0,0,14.99,,
66063,010-12237-01,0,0,0,14.99,,
66071,RLS-509-405,9,5,4,84.38,,
66075,010-12020-00,41,25,16,11.24,,
66100,980950051,0,0,0,163.04,,
66103,66502-1,43,28,15,17.95,,
66104,001-409-520-00,0,0,0,246.36,,
66105,A06075,38,22,16,42.60,,
66106,A06076,6,4,2,42.60,,
66109,11969-4,4,2,2,38.07,,
66110,13710-4,65,42,23,37.08,,
66112,117553-7,10,6,4,10.25,,
66126,A80500,0,0,0,76.69,,
66128,010-12006-11,7,6,1,29.99,,
66135,02840300A,4,2,2,520.67,,
66153,FND,55,55,0,4.03,,
66157,29550,0,0,0,18.09,,
66158,29551,1,1,0,13.70,,
66159,29552,13,13,0,6.26,,
66161,29751,0,0,0,8.81,,
66162,LMB-EXTSHORT,0,0,0,236.25,,
66165,165T-B54,2,1,1,1688.89,,
66166,136,4,0,4,165.33,,
66168,055-43250-7,4,4,0,21.67,,
66177,83550,0,0,0,561.81,,
66215,1PPOT,44,38,6,21.84,,
66237,3876-3,42,8,34,8.41,,
66238,AR-6493,0,0,0,33.79,,
66240,R70384,0,0,0,153.40,,
66247,TM260-BL,0,0,0,1115.06,1499.00,
66256,A80438,0,0,0,383.14,,
66257,A80011,0,0,0,1792.66,,2199.00
66277,15140-001,11,3,8,17.35,,
66286,A80440,6,3,3,166.66,,
66288,F16-2525,8,4,4,46.03,,
66289,100-357-172-10,0,0,0,24.55,,
66292,300-038,0,0,0,2595.47,,2919.91
66294,317302400,17,11,6,284.38,,454.99
66295,SET0087,0,0,0,67.20,,
66303,1341,6,0,6,8.06,,
66305,000-159-688,0,0,0,100.00,,
66306,BP-T901P,0,0,0,591.46,,
66308,S3-0506_A,0,0,0,1568.00,,
66319,B4A02753,0,0,0,716.48,,
66322,GP1900-06,0,0,0,319.99,,
66342,RFLAERTR,5,5,0,25.08,,
66345,FPF6,3,3,0,16.98,,
66347,SACP6,0,0,0,9.15,,
66348,SACP8,6,6,0,10.60,,
66349,FSB1223,0,0,0,23.10,,
66350,FSB1631,0,0,0,34.77,,
66351,6033,0,0,0,73.51,,
66352,6126SC,0,0,0,68.95,,
66353,SET0089,0,0,0,98.67,,
66354,BP65S,0,0,0,25.71,,
66365,F106877,4,2,2,48.78,,
66367,F12066,12,0,12,36.96,,
66374,RMX4500-08,0,0,0,399.99,,
66378,44020120,5,3,2,475.57,,
66384,B275C-LHW-MM,2,0,2,1871.36,2464.00,
66386,DSM410-01,3,3,0,516.32,,
66392,001-435-870-00,0,0,0,91.82,,
66402,58359,3,0,3,183.34,,
66405,STC,9,3,6,278.13,,
66407,SP4157,1,1,0,59.51,,
66408,1015,2,0,2,15.46,,
66409,1016,26,26,0,15.46,,
66411,11311,6,0,6,12.40,,
66412,11312,0,0,0,12.40,,
66413,11313,8,2,6,12.40,,
66414,375,6,0,6,11.87,,
66415,19308,0,0,0,230.63,,
66423,GP1800-07,0,0,0,312.72,,
66425,R70523,8,3,5,46.86,,
66426,L10-1003-1,2,1,1,1719.22,,
66427,L10-1002-1,5,2,3,317.94,,
66428,L10-1003BAG,0,0,0,401.40,,
66433,B265C-LH-12G,2,0,2,1514.54,1999.00,
66434,P102923,0,0,0,130.71,,
66448,83554,0,0,0,974.96,,
66449,83557,0,0,0,616.93,,
66450,83562,0,0,0,726.20,,
66451,CAM-MM-02,0,0,0,317.81,,
66452,CAM-PT-150-02,2,0,2,278.44,,
66453,CAM-PT-300-02,5,3,2,289.69,,
66454,010-11599-10,2,2,0,79.99,,
66462,7879CR-FI,0,0,0,49.28,,
66463,41500500,0,0,0,39.58,,
66466,SHC-18,12,1,11,52.50,,
66490,MM3-VNA-024,0,0,0,227.27,,
66491,0150,4,0,4,21.64,,
66492,0151,4,4,0,25.44,,
66493,0152,7,7,0,27.08,,
66499,INTTYPES,2,1,1,793.97,,
66500,INTTYPET,0,0,0,873.28,,
66501,INTTYPER,0,0,0,692.48,,
66502,INTTYPEH,1,1,0,753.93,,
66503,INTTYPEA,2,2,0,140.86,,
66504,INTREMOTE,1,1,0,45.59,,
66505,132000-400-004-18,23,12,11,122.33,,
66527,PO414DWC-10,0,0,0,184.71,,
66529,BHW4025,2,0,2,50.53,,
66530,ATPDISPBR,9,3,6,167.27,,
66531,ATPBRCABLE,0,0,0,35.71,,
66532,1710C-13C-KIT,1,1,0,1499.99,,
66537,010-12445-13,2,0,2,22.49,,
66550,PT109,14,7,7,8.14,,
66555,4158-163-E75,18,10,8,328.26,,
66563,131252,4,0,4,10.60,,
66564,141250,3,3,0,17.67,,
66565,161250,32,12,20,21.20,,
66566,620106,0,0,0,11.30,,
66567,620206,9,8,1,14.13,,
66568,620306,5,5,0,17.67,,
66569,861600,6,6,0,35.34,,
66571,137401,0,0,0,56.56,,
66572,144900,0,0,0,17.67,,
66573,145000,4,0,4,24.74,,
66574,146000,0,0,0,35.34,,
66575,777101,0,0,0,69.87,,
66576,787010,5,4,1,80.43,,
66584,344010,6,6,0,6.43,,
66585,RF1135-20,12,8,4,4.12,6.39,
66586,RF1136,4,1,3,7.51,11.48,
66587,354010,4,4,0,7.71,,
66588,RF2330,0,0,0,19.07,29.18,
66589,364010,0,0,0,9.64,,
66591,374010,3,3,0,11.57,,
66592,RF3124,0,0,0,104.30,159.57,
66593,374110,8,8,0,12.86,,
66596,386001,4,4,0,10.60,,
66597,RF3132,8,5,3,90.73,138.82,
66598,387001,5,0,5,12.01,,
66600,360710,28,28,0,5.79,,
66601,370710,53,23,30,6.43,,
66602,RF44140,0,0,0,85.14,130.26,
66603,705001,0,0,0,10.93,,
66604,RF44188,0,0,0,87.71,115.98,
66605,708001,0,0,0,16.07,,
66606,RF444,0,0,0,34.77,53.18,
66608,2350000,2,2,0,3.21,,
66610,2360001,7,7,0,5.14,,
66611,2370002,6,6,0,6.43,,
66612,RF62100,0,0,0,148.43,,
66613,RF66100,0,0,0,34.98,53.51,
66614,RF72100,0,0,0,180.01,247.88,
66633,0301DP5,10,0,10,4.96,,
66636,R409C-LWM,0,0,0,4422.55,5999.00,
66639,EIC20130,7,4,3,112.15,,
66642,GP1200-14,2,2,0,363.62,,
66647,331-548,0,0,0,27.84,,
66669,001-470-970-00,0,0,0,479.09,,
66673,212513,0,0,0,171.82,287.99,
66680,SM-ACC-SNAP,4,2,2,31.26,,38.47
66682,SM-ACC-INFR,6,5,1,109.84,,135.19
66683,SM-ACC-REED,7,4,3,14.94,,18.38
66684,SM-ACC-EPIR,7,2,5,118.29,,145.59
66685,SM-ACC-SHOR,3,1,2,59.14,,72.79
66687,SM-ACC-DCRE,6,1,5,22.81,,28.07
66692,142006,2,2,0,64.99,,
66694,142208,2,0,2,64.99,,
66697,00900-40,6,6,0,9.19,,
66700,00900-37A,14,7,7,3.84,,
66706,7717N,21,9,12,15.20,,
66730,TS1029,0,0,0,17.89,,
66740,RA-259-239-G,6,0,6,11.25,,
66742,136400,2,2,0,40.12,,
66745,07200,10,4,6,612.32,,
66746,06200,4,2,2,391.45,,
66749,010-11078-01,33,21,12,56.24,,
66750,010-11351-50,0,0,0,37.49,,
66755,16870,49,9,40,4.21,,
66756,16871,8,0,8,9.22,,
66757,16873,22,10,12,10.25,,
66808,878TK-1-125,2,2,0,134.99,,
66831,A503-11AAG-HE,0,0,0,128.05,,
66833,GP2050-16,0,0,0,327.26,,
66841,F14215,6,6,0,14.45,,
66842,F14216,9,9,0,15.58,,
66843,F12811,0,0,0,12.17,,
66845,725001,0,0,0,11.57,,
66847,F12637,4,4,0,22.31,,
66848,108401,3,3,0,16.07,,
66849,108700,6,6,0,19.29,,
66850,F13758,9,9,0,17.40,,
66851,F14060,6,0,6,18.87,,
66852,181250,4,4,0,31.81,,
66857,465100,0,0,0,11.30,,
66858,500000,2,0,2,16.26,,
66860,FUR-DWN-CBL,0,0,0,59.09,,
66862,500102,2,0,2,11.30,,
66868,SCR-24-AG-BZ-10,0,0,0,431.74,,625.00
66872,106113,2,2,0,223.72,350.19,
66874,262113,15,9,6,247.58,414.99,
66877,110113,0,0,0,285.76,478.99,
66878,FVSSM0512000A00,1,1,0,380.85,,
66886,7531,4,2,2,617.09,,
66890,"98 075",4,2,2,179.44,194.39,
66897,760200,0,0,0,24.74,,
66898,760301,1,1,0,31.81,,
66900,374310,2,1,1,12.86,,
66909,EOS130-BK,3,3,0,36.11,57.99,
66911,344987,0,0,0,3.21,,
66912,345500,13,1,12,6.43,,
66913,2375002,16,16,0,6.43,,
66914,2373005,39,39,0,9.64,,
66915,2361800,0,0,0,5.14,,
66919,T70407,5,4,1,1359.99,,
66920,100103,0,0,0,10.60,,
66921,530006,0,0,0,17.67,,
66923,620292,1,1,0,14.13,,
66925,613306,1,1,0,28.27,,
66958,PTS-1,1,0,1,181.83,,
66959,PTS-2,3,2,1,288.49,,
66960,ARM101,0,0,0,131.93,,
66961,ARM101WP,0,0,0,20.41,,
66971,470000,3,3,0,12.86,,
66972,R70484,28,9,19,19.59,,
66973,MMC-12G,10,5,5,105.53,135.00,
66985,A80490,12,6,6,68.17,,
66997,P12074,0,0,0,522.67,,
66998,P12073,0,0,0,509.33,,
66999,GP1050-15,0,0,0,327.26,,
67002,010-12117-10,0,0,0,22.49,,
67007,"PW 02685",25,23,2,11.47,16.95,
67010,"KR 41511",12,6,6,17.11,25.95,
67011,"CA 03516-6",15,4,11,28.51,35.95,
67012,Z60-8266VEL26-2,5,3,2,56.19,,
67013,Z60-7279VEL27.5-2,10,9,1,43.87,,
67014,Z60-7288VEL30.75-2,10,9,1,54.31,,
67015,Z10-4067BLY60MM,4,4,0,43.60,,
67016,Z10-4085BLY60MM,5,3,2,54.53,,
67024,BPA,0,0,0,42.73,,
67033,M180132,21,4,17,12.45,,
67034,M180232,17,0,17,11.03,,
67035,M180332,7,2,5,10.82,,
67045,220161,2,2,0,30.38,,
67046,220162,6,0,6,27.98,,
67047,220163,6,2,4,34.07,,
67049,710265-1,0,0,0,303.05,,
67052,817-1000,6,4,2,348.67,,
67053,817-2000,20,8,12,689.90,,
67055,817-1050,5,4,1,467.56,,
67056,817-2080,5,0,5,848.37,,
67057,808-0817-01,6,0,6,66.50,,
67058,808-9817,5,0,5,27.35,,
67063,1854051,0,0,0,195.17,,
67070,1810440,2,0,2,1490.01,,
67071,1810441,3,1,2,1490.01,,
67072,1810442,3,2,1,1647.26,,
67073,1810443,3,0,3,1647.26,,
67075,1810445,0,0,0,1647.26,,
67078,1810452,3,3,0,1718.89,,2399.99
67079,1810453,3,2,1,1718.89,,2399.99
67081,1810455,4,2,2,1718.89,,2399.99
67082,1810462,0,0,0,2005.37,,2799.99
67083,1810463,3,1,2,2005.37,,2799.99
67084,1810247,0,0,0,106.46,,
67087,1810257,3,2,1,134.85,,
67093,136200,0,0,0,28.27,,
67095,757004,2,2,0,45.68,,
67096,112300,2,2,0,28.27,,
67097,134830,0,0,0,19.03,,
67099,RC1010CAP12V,0,0,0,2031.25,2860.00,
67101,3875-3,14,6,8,7.05,,
67115,767000,0,0,0,79.19,,
67129,EVO-2212,0,0,0,1498.18,2066.30,
67130,EVO-3012,0,0,0,1760.00,2482.60,
67131,EVO-2224,0,0,0,1498.18,2066.30,
67132,EVO-4024,0,0,0,1828.64,2522.00,
67134,EVO-RC,2,1,1,116.93,161.20,
67135,SAM-1500C-12,0,0,0,316.36,436.30,
67136,SAM-100-12,0,0,0,29.20,40.30,
67137,SAM-250-12,0,0,0,52.61,72.50,
67138,LHC,0,0,0,374.05,,
67139,SAM-450-12,2,2,0,63.07,87.00,
67141,SAM-800-12,3,0,3,92.16,127.20,
67155,SAM-1000-12,5,2,3,112.95,155.80,
67156,SAM-1500-12,0,0,0,193.98,267.60,
67157,SAM-2000-12,6,4,2,264.55,364.90,
67158,SAM-3000-12,0,0,0,393.52,542.70,
67166,SSW-600-12A,1,1,0,169.00,238.40,
67170,PST-300-12,6,3,3,195.45,269.60,
67171,PST-600-12,0,0,0,242.84,334.90,
67173,PST-1500-12,4,1,3,532.16,734.00,
67174,PST-2000-12,4,2,2,703.86,970.80,
67175,PST-3000-12,4,2,2,989.77,1365.00,
67176,PST-300-24,0,0,0,195.45,269.60,
67177,PST-600-24,4,4,0,242.84,334.90,
67178,PST-1000-24,0,0,0,437.61,603.60,
67179,PST-1500-24,2,0,2,532.16,734.00,
67180,PST-2000-24,5,2,3,703.86,970.80,
67181,PST-3000-24,0,0,0,978.65,1365.00,
67182,STS-30,0,0,0,233.07,321.50,
67183,SBR-27LI,21,8,13,30.00,,
67187,SEC-1215UL,3,2,1,159.20,219.60,
67188,SEC-1230UL,2,2,0,222.95,307.50,
67189,SEC-1250UL,4,3,1,405.23,558.80,
67190,SEC-1280UL,0,0,0,575.45,793.70,
67191,SEC-2415UL,6,5,1,222.95,307.50,
67192,SEC-2425UL,5,3,2,401.70,554.00,
67193,SEC-2440UL,3,1,2,575.45,793.70,
67194,900-RC,0,0,0,32.05,44.20,
67195,RC-15,0,0,0,18.52,25.60,
67196,RC-15A,0,0,0,29.89,41.20,
67198,RC-300,3,2,1,68.41,94.40,
67199,SAM-RC,0,0,0,29.20,40.30,
67213,DC-1000-KIT,0,0,0,130.00,179.30,
67214,DC-2000-KIT,0,0,0,153.07,211.20,
67215,DC-2500-KIT,0,0,0,231.02,318.70,
67216,DC-3500-KIT,2,0,2,454.43,626.70,
67217,7462,2,0,2,58.80,,
67218,3131,26,12,14,53.52,,
67220,DC-FA-100,2,2,0,34.43,47.50,
67221,DC-FA-200,2,2,0,34.43,47.50,
67223,DC-FA-300,2,1,1,34.43,47.50,
67224,MRBF-100,3,0,3,13.64,18.80,
67225,MRBF-200,7,4,3,13.64,18.80,
67226,MRBF-300,3,2,1,13.64,18.80,
67227,7532,5,2,3,785.41,,
67228,DC-FB-2,0,0,0,28.86,39.80,
67230,CFB2-400,1,1,0,136.14,187.70,
67232,BF16,0,0,0,79.17,117.00,
67233,GP1040-40,0,0,0,334.53,,
67242,BW-01,0,0,0,43.64,60.20,
67243,BW-03,0,0,0,78.86,108.70,
67244,ACR-160,0,0,0,115.80,159.80,
67245,SDC-15,0,0,0,78.86,108.70,
67246,SDC-23,5,3,2,88.18,121.60,
67247,SDC-5,7,3,4,38.07,52.50,
67248,SDC-12,0,0,0,50.68,69.90,
67249,SDC-30,7,4,3,126.02,173.70,
67250,SDC-60,0,0,0,303.41,418.40,
67251,IDC-100A-12,0,0,0,129.66,178.80,
67252,IDC-100B-12,4,1,3,129.66,178.80,
67253,IDC-100C-12,3,2,1,129.66,178.80,
67254,IDC-100D-12,0,0,0,129.66,178.80,
67255,IDC-100A-24,0,0,0,129.66,178.80,
67256,IDC-100C-24,0,0,0,129.66,178.80,
67257,IDC-200A-12,0,0,0,149.32,206.00,
67258,IDC-200B-12,0,0,0,149.32,206.00,
67259,IDC-200C-12,0,0,0,149.32,206.00,
67260,IDC-200D-12,0,0,0,149.32,206.00,
67261,IDC-200A-24,0,0,0,149.32,206.00,
67262,IDC-200B-24,0,0,0,149.32,206.00,
67263,IDC-200C-24,0,0,0,149.32,206.00,
67264,IDC-360A-12,0,0,0,287.61,396.70,
67265,IDC-360B-12,0,0,0,287.61,396.70,
67266,IDC-360C-12,0,0,0,287.61,396.70,
67267,IDC-360D-12,0,0,0,287.61,396.70,
67268,IDC-360A-24,0,0,0,287.61,396.70,
67269,IDC-360B-24,0,0,0,287.61,396.70,
67270,IDC-360C-24,0,0,0,287.61,396.70,
67271,STEP7,4,2,2,95.68,132.00,
67272,STEP10,0,0,0,133.30,183.80,
67273,STEP20,0,0,0,277.05,382.10,
67276,59001,0,0,0,21.36,,
67277,59000,0,0,0,44.01,,
67295,93-303,27,2,25,15.40,,
67296,93-304,22,22,0,12.06,,
67297,C3-803,52,29,23,5.35,,
67298,C3-805,110,65,45,5.35,,
67299,C3-810,48,8,40,5.35,,
67300,C7-10,16,16,0,13.29,,
67301,C7-10-02,65,32,33,14.55,,
67302,S3-0503,0,0,0,1282.07,,
67303,F7-53,59,22,37,6.96,,
67304,F7-73,37,33,4,9.78,,
67305,M1-15-61-8,0,0,0,52.55,,
67306,M1-20-32-48,0,0,0,73.62,,
67307,M1-20-81-48,0,0,0,69.21,,
67309,M1-2A-11-1,0,0,0,24.06,,
67310,M1-2A-13-5,28,3,25,15.22,,
67311,90919,34,34,0,10.93,,
67312,90923,44,17,27,10.93,,
67313,90925,39,19,20,10.97,,
67314,90927,41,21,20,10.93,,
67316,90891,69,24,45,8.36,,
67317,90893,62,31,31,8.36,,
67318,90892,117,48,69,8.36,,
67325,131550,6,5,1,322.55,,
67329,188024,25,18,7,10.99,,
67330,106096,102,59,43,15.93,,
67336,710273-1,0,0,0,68.21,,
67344,MFC-2BS,0,0,0,15.41,,
67345,MFC-2NS,0,0,0,15.41,,
67346,MFC-3BS,6,3,3,23.73,,
67347,MFC-3NS,4,4,0,23.73,,
67348,MFC-4BS,8,4,4,28.86,,
67352,MFC-4NS,6,4,2,28.86,,
67357,MFC-1BD,0,0,0,14.63,,
67358,MFC-1BS,0,0,0,12.44,,
67359,MFC-1NS,0,0,0,12.44,,
67360,MFC-2BD,0,0,0,21.94,,
67361,MFC-2ND,0,0,0,21.94,,
67362,MFC-3BD,0,0,0,37.49,,
67364,MFC-3ND,0,0,0,37.49,,
67367,MFC-4BD,4,2,2,36.00,,
67368,MFC-4ND,4,0,4,36.00,,
67373,MFC-A2B,1,1,0,21.00,,
67377,MFC-A2N,0,0,0,26.27,,
67389,MFC-A3B,9,4,5,34.14,,
67390,MFC-A3N,9,3,6,27.00,,
67391,MFC-A4B,7,3,4,55.87,,
67392,MFC-A4N,0,0,0,55.87,,
67393,MFC-A5B,0,0,0,80.81,,
67394,MFC-A5N,0,0,0,80.81,,
67395,MFC-A6B,6,2,4,102.53,,
67396,MFC-A7N,0,0,0,136.04,,
67397,MFC-A7B,0,0,0,136.04,,
67398,MFC-F4N,4,4,0,36.49,,
67399,MFC-F4B,0,0,0,46.55,,
67400,MFC-F7N,0,0,0,49.21,,
67401,MFC-F7B,4,2,2,40.00,,
67402,MFC-F8N,0,0,0,71.60,,
67403,MFC-F8B,0,0,0,71.60,,
67404,MFC-F10B,0,0,0,76.86,,
67406,MFC-F10N,0,0,0,76.86,,
67407,MFC-F11B,0,0,0,95.29,,
67408,MFC-F11N,0,0,0,95.29,,
67409,MFC-13B,0,0,0,145.92,,
67410,MFC-F13N,0,0,0,145.92,,
67412,M5-60-205-8,0,0,0,84.70,,
67416,MF-01-110-60,44,27,17,107.53,,
67417,37-20-086-20,21,21,0,19.55,,
67420,93-10-201-50,0,0,0,32.04,,
67421,93-314,1,1,0,12.00,,
67422,C2-32-25,13,4,9,21.22,,
67423,C7-10-15,0,0,0,14.00,,
67424,F7-530,29,27,2,5.74,,
67426,1001401,11,6,5,4.54,,
67427,1001402,12,9,3,4.20,,
67428,1001503,8,4,4,11.58,,
67429,1001504,6,5,1,30.15,,
67430,1001505,15,4,11,12.16,,
67431,1001506,17,8,9,27.04,,
67432,1001507,8,8,0,12.90,,
67433,1001508,12,4,8,9.30,,
67435,A80526,0,0,0,68.17,,
67436,A80527,2,1,1,85.22,,
67437,A80528,3,0,3,85.22,,
67438,A80525,0,0,0,68.17,,
67439,A80529,3,2,1,85.22,,
67440,A80524,0,0,0,68.17,,
67441,A80530,4,2,2,76.69,,
67442,A80531,0,0,0,83.32,,
67443,A80533,0,0,0,104.16,,
67444,209-1277-00,5,3,2,120.37,,
67445,1001306,33,9,24,32.22,,
67446,1001302,9,6,3,10.91,,
67447,1001303,3,2,1,28.78,,
67448,1001307,7,5,2,10.25,,
67449,1001304,0,0,0,48.81,,
67450,1001301,24,18,6,13.43,,
67451,1001305,0,0,0,13.85,,
67452,1001605,6,4,2,48.99,,
67454,1001606,0,0,0,25.67,,
67455,1001610,5,4,1,13.85,,
67456,1001604,2,2,0,54.07,,
67457,1001603,2,0,2,56.68,,
67458,1001607,3,1,2,21.92,,
67459,1001609,5,3,2,22.08,,
67460,1002301,5,3,2,21.98,,
67461,1001001,3,3,0,50.92,,
67462,1002101,0,0,0,69.27,,
67463,1002102,4,2,2,74.84,,
67464,1001601,13,9,4,15.04,,
67465,1001602,3,3,0,8.23,,
67466,1001101,0,0,0,11.07,,
67467,1001102,4,0,4,6.01,,
67468,1001103,14,8,6,4.63,,
67469,1001104,16,11,5,4.63,,
67470,1002206,1,1,0,29.94,,
67471,1002201,0,0,0,52.19,,
67472,1002205,16,5,11,56.61,,
67473,1002203,1,1,0,48.28,,
67474,1002204,9,2,7,41.98,,
67480,560-1814-7,0,0,0,29.50,,
67491,7010,0,0,0,17.86,,
67494,1128,2,2,0,18.43,,
67500,INF1022MLW,1,0,1,129.99,,
67507,T70327,11,4,7,317.92,,
67528,A526-31AAG-HE,7,3,4,127.11,,
67536,RF261,12,3,9,3.38,5.17,
67538,RF263,0,0,0,3.38,5.17,
67544,RF270,0,0,0,7.62,11.66,
67547,RF273,6,4,2,7.62,11.66,
67550,RF276,0,0,0,14.65,22.43,
67578,32816,18,14,4,128.84,,
67580,0120-0200,6,0,6,4.49,,
67597,0140-1222,25,18,7,4.49,,
67611,412,8,5,3,11.84,,
67613,413,11,5,6,12.17,,
67616,010-01759-00,11,1,10,224.99,,
67618,591,3,3,0,13.88,,
67619,010-12506-00,77,49,28,89.99,,
67623,010-12523-00,1,0,1,52.49,,
67627,010-12523-03,4,0,4,74.99,,
67629,010-12506-02,7,2,5,74.99,,
67631,444,13,7,6,22.40,,
67632,442,0,0,0,24.14,,
67633,446,6,2,4,24.14,,
67634,010-12505-02,4,0,4,14.99,,
67635,300,52,14,38,10.84,,
67636,302,14,9,5,12.50,,
67637,301,27,15,12,12.50,,
67640,847Q,0,0,0,12.06,,
67666,DT1H,15,8,7,65.58,,
67671,1001801,2,0,2,9.63,,
67672,1001802,12,5,7,9.01,,
67673,1001803,18,10,8,9.63,,
67674,1001804,11,3,8,13.96,,
67675,1001805,9,5,4,10.11,,
67676,1001806,4,2,2,10.11,,
67677,1001807,9,4,5,17.88,,
67678,1001808,24,7,17,12.83,,
67679,1001809,21,12,9,17.68,,
67680,1001810,0,0,0,11.41,,
67681,1001811,16,11,5,10.88,,
67682,1001812,5,5,0,20.63,,
67683,1001703,11,8,3,4.51,,
67684,1001702,9,4,5,6.86,,
67685,1001701,5,2,3,10.51,,
67686,1001705,6,3,3,12.53,,
67687,1001707,15,10,5,4.60,,
67688,1001708,8,8,0,7.84,,
67689,1001714,14,8,6,8.13,,
67690,1001716,0,0,0,30.32,,
67691,1001704,9,6,3,18.10,,
67692,1001709,14,5,9,6.50,,
67693,1001706,15,7,8,8.04,,
67694,1001710,11,7,4,6.80,,
67695,1001715,16,11,5,9.83,,
67696,1001711,15,9,6,7.39,,
67697,1001712,7,2,5,8.16,,
67698,1001713,19,12,7,9.10,,
67699,1001901,11,7,4,12.09,,
67700,1001906,2,0,2,8.48,,
67701,1001902,0,0,0,5.46,,
67702,1001908,0,0,0,8.23,,
67707,MCK632WB.6,14,11,3,96.73,164.99,
67708,MCK632WB.64,10,5,5,128.99,219.99,
67751,MR508UABW,14,7,7,96.73,164.99,
67754,MR62W,4,4,0,46.71,79.99,
67755,MR52W,3,3,0,36.31,54.99,
67761,MR62B,0,0,0,46.71,79.99,
67764,MR52B,32,16,16,36.31,54.99,
67776,100102-W,3,2,1,10.00,,
67779,S72-0486,1,1,0,999.99,,
67788,EC-HP-DB-AC,1,1,0,399.00,,
67790,99081,0,0,0,483.20,,
67791,99080,0,0,0,418.05,,
67793,11700100,14,7,7,51.14,,
67794,11700500,3,1,2,55.69,,
67796,11700800,0,0,0,51.14,,
67797,11701500,0,0,0,61.76,,
67798,31430930,0,0,0,307.30,,
67799,31432330,4,2,2,307.30,,
67800,31432340,0,0,0,307.30,,
67801,31511110,0,0,0,393.36,,
67802,31511120,0,0,0,393.36,,
67803,31511310,0,0,0,393.36,,
67804,31511320,2,0,2,393.36,,
67805,31511510,2,2,0,393.36,,
67806,31511520,0,0,0,393.36,,
67819,862113,0,0,0,246.99,413.99,
67820,862213,0,0,0,246.99,413.99,
67822,212213BLK,0,0,0,183.75,307.99,
67824,150213BLK,0,0,0,1155.59,1936.99,
67826,883213BLK,0,0,0,1039.26,1741.99,
67832,872213,1,0,1,703.61,1232.99,
67833,873213,9,3,6,895.03,1650.99,
67834,874213,3,0,3,1135.20,2093.99,
67835,876213,2,1,1,1439.87,2655.99,
67836,322613,1,1,0,413.43,692.99,
67846,2378000,0,0,0,9.64,,
67847,202113,0,0,0,153.32,256.99,
67848,202213,8,6,2,152.73,255.99,
67849,502313,0,0,0,265.48,444.99,
67850,502513,0,0,0,265.48,444.99,
67886,810313,8,5,3,287.56,481.99,
67887,820313,1,0,1,491.62,827.99,
67888,830313,7,5,2,710.53,1190.99,
67889,840313,3,0,3,916.44,,
67901,602113,5,3,2,153.92,257.99,
67902,602213,5,3,2,153.92,257.99,
67903,602513,3,2,1,153.92,257.99,
67945,62-542-MARINE-BLK,19,16,3,52.44,,
67952,ZDIGN2KIT,16,13,3,99.13,,
67953,720101-1,3,3,0,34.08,,
67954,720102-1,2,0,2,34.08,,
67957,720073-6,2,2,0,35.71,,
67962,740174-1,0,0,0,41.66,,
67969,875213,4,2,2,1382.40,2549.99,
68004,MMC-0,0,0,0,105.54,135.00,
68005,MMC-8G,8,4,4,105.28,135.00,
68006,MMC-BL,0,0,0,104.99,135.00,
68007,MMC-9N,12,4,8,105.08,135.00,
68008,MMC-14HB,1,1,0,104.18,135.00,
68009,MMC-HB,2,1,1,104.18,135.00,
68016,B175C-20-H-MM,2,1,1,887.38,1164.00,
68017,B175C-20-HW-MM,5,2,3,1105.79,1444.00,
68018,B175C-20-M-MM,3,0,3,949.41,1244.00,
68019,B265C-LH-MM,2,0,2,1415.22,1864.00,
68020,B175C-0-H-MM,0,0,0,887.38,1164.00,
68021,B175C-12-H-MM,1,0,1,887.38,1164.00,
68031,B175C-0-HW-MM,1,0,1,1105.79,1444.00,
68032,B175C-12-HW-MM,1,0,1,1105.79,1444.00,
68033,B175C-0-M-MM,2,1,1,949.41,1244.00,
68034,B175C-12-M-MM,0,0,0,949.41,1244.00,
68036,B75C-0-H-MM,0,0,0,552.96,724.00,
68037,B75C-12-H-MM,0,0,0,552.96,724.00,
68038,B75C-20-H-MM,2,0,2,552.96,724.00,
68039,B75C-0-M-MM,1,0,1,627.42,824.00,
68040,B75C-12-M-MM,1,1,0,627.42,824.00,
68041,B75C-20-M-MM,2,2,0,627.42,824.00,
68046,7465,0,0,0,58.80,,
68054,TKA01AL,0,0,0,9.04,,
68055,TKA02AL,0,0,0,6.59,,
68057,100102-B,0,0,0,10.00,,
68075,M4516CASE,2,1,1,52.78,,
68076,M6316CASE,4,1,3,93.00,,
68078,M180132CASE,2,0,2,65.59,,
68079,M180332CASE,0,0,0,63.16,,
68081,010-12390-20,16,2,14,63.75,,
68086,DFW4X-6,0,0,0,81.00,,
68091,M5916CASE,1,1,0,42.89,,
68092,M5616CASE,1,0,1,63.41,,
68093,M5016CASE,2,1,1,67.78,,
68094,M4916CASE,2,2,0,56.43,,
68098,342KIT,0,0,0,82.03,,
68099,342KIT2,3,1,2,82.97,,
68100,342KIT3,3,1,2,82.03,,
68104,342KIT4,3,1,2,82.97,,
68105,342KIIT5,2,1,1,76.40,,
68106,342KIT6,3,1,2,76.40,,
68107,342KIT7,3,1,2,76.40,,
68110,042KIT,0,0,0,74.27,,
68113,042KIT2,0,0,0,75.21,,
68115,"TB 3001CASE",3,0,3,104.42,,
68120,"TC 2001CASE",0,0,0,78.31,,
68122,"TC 2000CASE",1,1,0,156.62,,
68124,"TS 1001CASE",2,1,1,148.36,,
68125,042KIT3,0,0,0,74.27,,
68127,042KIT4,0,0,0,75.21,,
68130,042KIT5,0,0,0,68.64,,
68132,042KIT6,0,0,0,68.64,,
68133,042KIT7,0,0,0,68.64,,
68144,SAD-1460,7,3,4,293.48,,
68152,340KIT,0,0,0,82.03,,
68156,340KIT2,5,3,2,82.97,,
68158,340KIT3,3,1,2,82.03,,
68160,340KIT4,4,2,2,82.97,,
68163,340KIT5,2,1,1,76.40,,
68165,340KIT6,5,3,2,76.40,,
68167,340KIT7,3,1,2,76.40,,
68169,040KIT,0,0,0,74.27,,
68170,040KIT2,2,0,2,75.21,,
68171,040KIT3,2,0,2,74.27,,
68172,040KIT4,3,0,3,75.21,,
68173,040KIT5,1,0,1,68.64,,
68174,040KIT6,2,0,2,68.64,,
68175,040KIT7,3,0,3,68.64,,
68206,010KIT2,0,0,0,106.48,,
68208,305KIT2,0,0,0,105.47,,
68210,001KIT2,0,0,0,97.47,,
68244,M180232CASE,2,0,2,64.38,,
68245,M5032CASE,1,0,1,101.11,,
68247,DRS6ANXT,2,1,1,4693.95,,5795.00
68249,270000,48,23,25,21.76,,
68250,270001,45,13,32,19.43,,
68251,270002,40,16,24,27.20,,
68252,270005,49,23,26,34.96,,
68253,270010,37,10,27,65.27,,
68254,270101,67,27,40,15.54,,
68255,270103,99,48,51,27.20,,
68256,270104,243,97,146,34.96,,
68257,270105,67,47,20,11.29,,
68258,270106,71,53,18,10.88,,
68259,270108,49,33,16,14.00,,
68260,270201,25,9,16,62.16,,
68261,270202,49,20,29,85.46,,
68262,270300,123,91,32,12.34,,
68263,270301,267,68,199,17.35,,
68264,270302,110,33,77,21.28,,
68265,270305,61,17,44,27.15,,
68266,300000,10,4,6,6.78,,
68267,101810,6,3,3,14.28,,
68268,101825,0,0,0,34.39,,
68269,101850,0,0,0,63.61,,
68270,103810,6,3,3,20.54,,
68271,103825,10,0,10,47.65,,
68272,103850,0,0,0,85.67,,
68275,105840,11,0,11,79.99,,
68276,703112,7,7,0,9.93,,
68277,2707A,10,2,8,101.93,,
68278,2708A,7,4,3,82.40,,
68279,2710A,13,9,4,120.47,,
68280,2711A,18,4,14,129.36,,
68281,2713A,13,7,6,157.53,,
68282,2720A,28,16,12,166.81,,
68283,2731A,5,3,2,304.28,,
68284,2740A,5,2,3,378.42,,
68285,76080,5,3,2,95.45,,
68286,76090,4,2,2,82.72,,
68287,151225,0,0,0,28.70,,
68288,151250,1,0,1,54.09,,
68289,22150A,0,0,0,573.43,,
68291,22350-R,0,0,0,51.44,,
68292,23050A,0,0,0,662.33,,
68293,23051A,0,0,0,618.17,,
68294,23250-HH,0,0,0,47.01,,
68295,23250-R,0,0,0,44.07,,
68296,23350-R,0,0,0,51.44,,
68306,83304002,9,4,5,219.53,,
68366,SS175C-20-HW-MM,0,0,0,1181.76,1524.00,
68373,104018,3,2,1,124.23,,
68376,102217,0,0,0,86.64,,
68377,100000,0,0,0,33.03,,
68378,205102,11,5,6,141.91,,
68380,131300,6,0,6,95.16,,
68381,132200,7,4,3,47.28,,
68383,132300,1,1,0,124.23,,
68384,100017,9,6,3,15.19,,
68385,210003,3,3,0,35.31,,
68386,010-11076-03CASE,6,2,4,174.90,,
68387,890017,0,0,0,9.09,,
68388,941014,4,2,2,5.39,,
68389,941015,5,2,3,7.95,,
68390,150110,0,0,0,17.07,,
68391,010-11076-04CASE,5,5,0,112.46,,
68393,156026,4,2,2,46.15,,
68394,941022,4,2,2,4.71,,
68395,151100,7,3,4,155.59,,
68396,010-11076-00CASE,6,3,3,224.92,,
68397,010-11076-01CASE,4,1,3,209.93,,
68398,010-11078-01CASE,6,4,2,206.21,,
68399,"LQ 04506CASE",1,1,0,116.12,167.95,
68400,PS1,2,0,2,211.10,,
68401,PS2,2,0,2,324.88,,
68402,PS3,2,0,2,470.49,,
68403,PS4,2,0,2,609.51,,
68404,SS1,2,0,2,176.22,,
68405,SS2,1,0,1,271.46,,
68406,SS3,2,0,2,397.20,,
68407,SS4,1,0,1,527.68,,
68409,C50254,5,1,4,569.40,841.50,
68410,RS1,3,0,3,125.37,,
68411,RS2,0,0,0,175.00,,
68412,RS3,0,0,0,237.56,,
68413,C50504,1,1,0,700.32,1035.00,
68430,BFGWOV12V,0,0,0,63.29,,
68431,BFGWOV24V,0,0,0,63.29,,
68432,BFGWOV36V,1,0,1,63.29,,
68433,BFGWOV48V,0,0,0,63.29,,
68434,BFGWOV64V,0,0,0,63.29,,
68435,BFGWOV72V,0,0,0,63.29,,
68436,BFGWOVR12V,0,0,0,63.29,,
68437,BFGWOVR24V,0,0,0,63.29,,
68438,BFGWOVR36V,0,0,0,63.29,,
68439,BFGWOVR48V,0,0,0,63.29,,
68440,BFGWOVR64V,0,0,0,63.29,,
68441,BFGWOVR72V,0,0,0,63.29,,
68453,CA-0180,5,3,2,40.11,,
68456,210201,4,4,0,5.16,,
68457,210202,3,1,2,5.92,,
68458,220202,3,2,1,12.12,,
68459,210203,6,3,3,5.92,,
68460,220203,6,0,6,12.12,,
68462,210204,5,2,3,7.47,,
68464,210205,0,0,0,7.09,,
68466,210206,2,2,0,7.09,,
68468,210211,3,3,0,5.92,,
68469,210212,10,5,5,5.92,,
68470,220212,6,3,3,12.12,,
68471,210213,13,8,5,5.92,,
68472,220213,7,2,5,12.12,,
68473,222213,0,0,0,50.15,,
68474,210214,0,0,0,7.50,,
68475,220214,0,0,0,15.36,,
68476,210215,0,0,0,7.50,,
68477,220215,0,0,0,15.36,,
68478,210216,0,0,0,7.50,,
68479,220216,0,0,0,15.36,,
68480,"EFC-1 BLUE",0,0,0,30.73,,
68481,"EFC-2 BLUE",21,9,12,28.99,,
68482,"EFC-3 BLUE",0,0,0,40.87,,
68483,"EFC-4 BLUE",0,0,0,48.08,,
68484,M285C-HW-MM,0,0,0,799.16,1064.00,
68490,GP2050-08,0,0,0,327.26,,
68497,WS-C25,0,0,0,153.26,209.18,
68498,WS-USB,0,0,0,189.92,261.50,
68509,210221,7,3,4,7.10,,
68510,210222,7,5,2,8.16,,
68511,220222,6,4,2,16.71,,
68512,210223,8,3,5,8.16,,
68513,220223,8,4,4,16.71,,
68515,210224,6,3,3,9.47,,
68516,220224,3,1,2,19.35,,
68517,210225,8,5,3,9.47,,
68518,220225,5,3,2,19.35,,
68519,210226,5,3,2,9.47,,
68520,220226,5,2,3,19.35,,
68521,210227,4,2,2,13.74,,
68523,210233,6,5,1,14.55,,
68524,222233,0,0,0,27.41,,
68525,210234,0,0,0,14.63,,
68526,222234,4,2,2,27.55,,
68527,210235,3,0,3,18.57,,
68528,222235,7,5,2,34.99,,
68529,210236,4,0,4,18.57,,
68530,222236,0,0,0,34.99,,
68531,210237,0,0,0,18.70,,
68534,210244,2,2,0,18.36,,
68536,210245,6,4,2,18.36,,
68538,210246,0,0,0,18.36,,
68545,210247,0,0,0,18.36,,
68557,210301,0,0,0,5.16,,
68558,210302,0,0,0,5.92,,
68560,210303,0,0,0,5.92,,
68562,R111C-LH,0,0,0,3136.33,4199.00,
68563,210311,0,0,0,5.16,,
68564,210312,0,0,0,5.92,,
68566,220312,7,3,4,12.12,,
68567,210313,0,0,0,5.92,,
68568,220313,0,0,0,12.12,,
68570,210322,5,5,0,8.16,,
68573,220323,0,0,0,16.71,,
68574,210510,3,3,0,17.74,,
68575,210520,3,0,3,19.62,,
68576,210100,4,4,0,4.63,,
68577,220100,6,3,3,9.47,,
68579,210110,9,4,5,4.63,,
68580,220110,9,3,6,9.47,,
68582,210120,4,4,0,7.53,,
68583,220120,5,3,2,15.44,,
68587,210161,0,0,0,14.85,,
68589,210162,0,0,0,14.85,,
68594,210164,0,0,0,16.80,,
68597,210165,0,0,0,18.22,,
68598,210166,2,2,0,21.72,,
68614,GPS915,0,0,0,524.30,,
68626,GSE-1939BSA20,3,2,1,251.45,,
68627,NMEA2K1,3,2,1,162.99,,
68636,122200-300-020-18,0,0,0,60.68,,
68637,122200-300-040-18,10,9,1,60.68,,
68638,122200-300-060-18,0,0,0,60.68,,
68639,122200-600-020-18,2,2,0,42.00,,
68640,122200-600-040-18,6,0,6,60.68,,
68641,122200-600-060-18,0,0,0,60.68,,
68649,"G-1 COBALT BLUE",10,10,0,9.99,,
68650,"G-2 COBALT BLUE",2,2,0,11.00,,
68651,"G-3 COBALT BLUE W/AIR ADAPTER",7,2,5,13.99,,
68652,"G-4 COBALT BLUE W/AIR ADAPTER",0,0,0,25.47,,
68653,"G-5 COBALT BLUE W/AIR ADAPTER",9,6,3,40.00,,
68654,CW-376-5M,1,0,1,49.99,,
68655,"G-6 COBALT BLUE W/AIR ADAPTER",7,3,4,51.00,,
68659,1002013,10,6,4,9.43,,
68661,1002021,9,3,6,7.60,,
68662,1002022,0,0,0,8.39,,
68663,1002002,5,1,4,6.49,,
68664,1002023,1,1,0,7.23,,
68665,1002010,26,15,11,9.85,,
68666,1002006,8,8,0,12.00,,
68667,1001907,13,7,6,21.40,,
68668,1001903,6,6,0,6.23,,
68669,1001904,6,6,0,6.33,,
68670,1002001,4,0,4,6.51,,
68671,1002015,8,2,6,6.61,,
68672,1002004,14,4,10,6.71,,
68673,1002008,7,2,5,24.67,,
68674,1002007,0,0,0,12.04,,
68675,1002009,21,16,5,11.91,,
68681,1002017,0,0,0,7.47,,
68682,1001905,16,11,5,8.24,,
68683,1002018,9,5,4,7.87,,
68684,1002014,0,0,0,7.87,,
68685,1002012,15,8,7,7.96,,
68686,1002016,109,99,10,12.59,,
68687,1002003,5,5,0,23.88,,
68688,1002011,16,6,10,18.24,,
68689,1002005,0,0,0,22.35,,
68692,M80ATP,1,1,0,924.66,,
68702,SEC-1212,2,0,2,113.49,153.00,
68716,7151,15,1,14,9.20,,
68717,7152,19,5,14,9.20,,
68718,7153,13,3,10,9.20,,
68719,7154,8,2,6,9.20,,
68720,7155,15,5,10,9.20,,
68721,7156,24,13,11,9.20,,
68722,7157,11,7,4,9.20,,
68723,7160,14,5,9,7.34,,
68729,4180,34,9,25,55.62,,
68730,4181,10,5,5,55.62,,
68731,4230,5,3,2,10.51,,
68733,1842,4,2,2,252.67,,
68734,YBP-0111,1,0,1,45.38,,74.98
68735,242237,6,3,3,9.22,,
68736,012110C,5,2,3,439.56,759.00,
68737,70195,0,0,0,15.85,,
68739,09-703P-1,0,0,0,15.85,,
68740,10-13399-05,0,0,0,125.49,,
68741,10-24188-4,0,0,0,482.69,,
68742,54264PK,0,0,0,7.69,,
68743,54274PK,0,0,0,8.61,,
68745,80-47625-01,2,0,2,148.83,,
68747,80-47626-01,7,2,5,278.89,,
68754,60-100-SV,0,0,0,561.78,688.00,
68758,621-100-SV,0,0,0,561.78,688.00,
68761,ARS-5-H,1,0,1,215.00,264.00,
68763,DDC-12/24,1,0,1,189.03,232.00,
68764,MC-TS-A,0,0,0,31.36,38.99,
68765,MC-TS-B,1,0,1,39.21,47.99,
68768,UBB,4,1,3,58.42,71.99,
68769,UAA,0,0,0,28.01,34.99,
68770,BBU,3,0,3,40.88,50.99,
68772,F16-0204-1,7,4,3,136.22,,
68776,F31-3103BXZ-1,32,9,23,59.99,,
68783,L10-1001-1,0,0,0,2050.45,,
68805,2307,44,13,31,19.72,,
68812,88586,2,0,2,31.66,,
68813,MSK-90,0,0,0,366.14,528.40,
68814,MSK-135,0,0,0,465.45,671.70,
68821,SCC-30AB,3,2,1,109.20,157.60,
68833,SCC-1208L,3,2,1,45.45,65.60,
68846,A80470,0,0,0,954.16,,
68852,320,23,12,11,7.43,,
68853,321,34,11,23,7.43,,
68854,322,15,10,5,7.43,,
68855,SRV-100-30A,0,0,0,392.16,566.00,
68856,SRV-150-30A,0,0,0,438.07,632.30,
68859,HC25H2,13,6,7,134.54,219.99,
68882,010-12439-10,9,5,4,14.99,,
68883,010-12439-03,15,13,2,22.49,,
68884,010-12440-10,0,0,0,14.99,,
68885,010-12440-03,0,0,0,18.75,,
68908,010-12671-00,0,0,0,14.99,,
68911,010-12671-01,0,0,0,18.75,,
68912,010-12672-01,0,0,0,18.75,,
68913,010-12673-01,12,4,8,18.75,,
68914,010-12671-02,0,0,0,6.75,,
68915,010-12672-02,0,0,0,7.49,,
68916,010-12673-02,0,0,0,11.24,,
68917,010-12671-03,0,0,0,22.49,,
68918,010-12672-03,0,0,0,52.49,,
68924,PP4500-08,0,0,0,276.35,,
68928,2833,2,2,0,39.70,,
68929,30097-005,0,0,0,93.10,,
68930,S600EW,3,1,2,518.44,,
68931,S650E,0,0,0,481.90,,
68932,S700E,4,2,2,554.98,,
68933,S750E,0,0,0,570.29,,
68936,F650,5,2,3,495.70,,
68937,F650W,0,0,0,563.50,,
68939,F750,0,0,0,584.64,,
68940,S300EW,10,9,1,519.70,,
68942,S350EW,0,0,0,535.00,,
68943,S300W,0,0,0,531.64,,
68944,M120ATP,4,2,2,961.79,,
68945,904042ABYC,5,2,3,64.39,,
68946,S650,2,2,0,494.66,,
68947,904043ABYC,9,6,3,67.23,,
68948,S750,0,0,0,582.06,,
68949,904044ABYC,4,1,3,79.77,,
68950,S1200E,0,0,0,632.54,,
68951,904045ABYC,0,0,0,96.87,,
68952,904046ABYC,0,0,0,102.57,,
68953,904048ABYC,3,1,2,141.91,,
68954,F1150,0,0,0,555.51,,
68955,F1150W,0,0,0,659.75,,
68956,F1250,0,0,0,676.61,,
68962,S1150,0,0,0,547.54,,
68964,S1250,4,3,1,650.00,,
68979,74556,20,14,6,22.65,,
68999,ST16ATP,3,1,2,1261.36,,
69049,S1150EW-4500,0,0,0,704.86,,
69050,S650EW-3000,0,0,0,541.24,,
69051,WX1599B,3,1,2,160.58,,
69067,YBP-3153,37,20,17,7.65,,12.98
69087,1216DP0CHR,13,4,9,12.31,,
69096,90133,6,2,4,193.89,324.99,
69097,C30503BM30NT,10,8,2,400.71,592.20,
69103,PP5200-14,0,0,0,392.72,,
69110,PT110,1,0,1,5.81,,
69115,33-969-01,0,0,0,358.81,465.00,
69131,385320006,6,3,3,21.25,,
69133,010-12670-00,0,0,0,11.24,,
69155,A80043,2,1,1,1149.17,,1379.00
69160,GS-400,0,0,0,1549.99,,
69162,0155-0661,17,1,16,4.49,,
69163,0125-0297,20,17,3,6.99,,
69166,0120-0230,6,0,6,19.99,,
69197,CA-0026-MO,0,0,0,216.67,,
69223,3106100,3,2,1,347.97,,
69228,140402,0,0,0,19.27,,
69229,2365002,5,0,5,5.14,,
69231,AS-LED-NY,6,6,0,26.26,41.99,
69233,AS-LED-BK,8,8,0,26.26,41.99,
69239,A90LBC-BK,1,1,0,13.12,20.99,
69240,A90LBC-NY,0,0,0,13.12,20.99,
69245,ST-NY,1,1,0,26.26,41.99,
69282,010-11052-65,2,0,2,2249.99,,
69284,010-11052-67,1,1,0,899.99,,
69286,010-11053-02,1,0,1,599.99,,
69288,010-00705-64,2,2,0,869.99,,
69293,E70499,5,3,2,403.22,,
69294,E70476,29,19,10,967.99,,
69298,A80532,0,0,0,664.39,,
69303,MT-03-10-5,25,25,0,37.18,,
69308,M1-64-8,0,0,0,59.37,,
69311,E70492,8,3,5,790.75,,
69312,M1-63-1,52,29,23,16.38,,
69314,E70493,2,1,1,986.40,,
69315,M1-63,33,16,17,16.38,,
69319,M1-62-8,0,0,0,57.32,,
69325,M1-61-8,0,0,0,55.13,,
69326,M1-61-1,4,4,0,14.94,,
69327,M1-61,5,5,0,14.94,,
69328,FASP3112A1ACA00,0,0,0,148.55,,
69329,FASP453201ACA00,0,0,0,244.52,,
69331,FASP3562X12CA00,0,0,0,620.73,,
69332,FASP1572X12CD00,0,0,0,751.08,,
69336,UM385,28,10,18,130.28,,
69337,UM385BK,18,6,12,130.28,,
69338,UM435,13,6,7,142.99,,
69339,UM435BK,14,7,7,142.99,,
69340,2401,5,5,0,8.41,,12.98
69344,JP-21405,54,9,45,22.54,,
69346,GP0819,8,8,0,329.25,,
69357,289,9,6,3,3.98,,5.98
69392,940700190,22,14,8,799.99,,
69406,JP-64535,0,0,0,175.95,,
69407,JP-61121,0,0,0,93.83,,
69408,54304PK,4,2,2,11.14,,
69411,90281PK,1,1,0,33.88,,
69491,SP5104,0,0,0,148.10,,
69493,SP5105,2,0,2,139.55,,
69495,SP5102,0,0,0,141.20,,
69521,LLB-53BK-01-00,12,6,6,218.35,,
69525,910R2PB-7,8,5,3,12.03,,
69526,910R2PSB-7,13,7,6,16.83,,
69528,910R3PSB-7,10,4,6,17.08,,
69529,910T2PB-7,10,6,4,13.82,,
69533,910V2PB-7,0,0,0,15.21,,
69544,1212ATP,4,2,2,894.56,,
69545,S2-0820,1,0,1,168.33,,
69546,129ATP,3,2,1,884.49,,
69552,GP1200-13,0,0,0,363.62,,
69555,817-3000,6,5,1,949.46,,
69564,92861,9,7,2,82.33,109.95,
69565,92828,9,6,3,101.11,124.95,
69566,92814,2,1,1,109.32,143.58,
69567,92820,17,8,9,127.74,168.13,
69568,GP1040-05,0,0,0,334.53,,
69573,7463,0,0,0,58.80,,
69576,SK11,0,0,0,145.44,,
69578,M1-519-4,51,31,20,1.72,,
69579,M1-62-1,0,0,0,22.54,,
69580,M1-63-8,0,0,0,58.27,,
69586,M5-10-271-8,25,25,0,24.04,,
69588,37-20-101-20,12,11,1,19.74,,
69589,F7-730,0,0,0,10.63,,
69605,90845,4,2,2,18.33,,
69606,7461,0,0,0,58.80,,
69607,7464,0,0,0,58.80,,
69608,7466,0,0,0,66.24,,
69609,7467,0,0,0,66.24,,
69611,9380,0,0,0,49.09,,
69630,A80492,0,0,0,110.78,,
69655,010-11156-01,0,0,0,34.99,,
69657,010-11351-30,0,0,0,37.49,,
69658,010-11053-01,0,0,0,599.99,,
69662,PP5200-02,0,0,0,392.72,,
69664,PP5200-13,0,0,0,392.72,,
69666,PP4500-09,0,0,0,276.35,,
69667,PP4600-06,0,0,0,305.44,,
69668,PP4400-09,0,0,0,269.08,,
69694,C7-10-17,0,0,0,6.07,,
69698,910213,0,0,0,218.35,365.99,
69699,FLB31503S120A00,0,0,0,1222.60,,
69700,FLB32003S120A00,0,0,0,1239.43,,
69702,HE-TL1,0,0,0,38.41,68.99,
69703,A80496,6,3,3,63.91,,
69709,010-12165-00,0,0,0,7.49,,
69710,BOLT612ED,3,1,2,416.69,,
69714,HE-DR14,0,0,0,186.54,307.99,
69720,HE-TR50,1,0,1,467.05,,
69721,HE-DR22,0,0,0,237.74,391.99,
69732,HE-BDR22,0,0,0,270.68,475.99,
69741,HE-SL550,1,0,1,93.09,152.99,
69742,HE-SL914,0,0,0,116.13,190.99,
69743,HE-SL2014,4,2,2,168.71,277.99,
69744,HE-SL32,0,0,0,299.18,474.99,
69745,HE-SL3912,0,0,0,345.80,550.99,
69746,PH1800-GFP,1,1,0,875.62,,
69747,HE-SL5034,0,0,0,421.71,674.99,
69750,20036,4,1,3,16.26,,
69762,2373101,11,4,7,9.64,,
69765,HE-DL1,0,0,0,69.50,121.99,
69766,HE-FMDL1,3,3,0,63.11,111.99,
69767,HE-DL2,0,0,0,75.45,132.99,
69768,HE-WL1,0,0,0,56.71,98.99,
69770,HE-MDR8,0,0,0,108.82,191.99,
69771,HE-MDR14,0,0,0,188.28,308.99,
69772,HE-MDRC30,5,3,2,387.44,617.99,
69773,HE-MDRC42,3,0,3,485.73,778.99,
69783,HE-MFMCL2,1,1,0,53.80,118.00,
69784,HE-MFMCL3,0,0,0,94.77,166.99,
69785,HE-4MLRGBK,0,0,0,192.94,338.99,
69786,HE-8MLRGBK,1,1,0,346.59,609.99,
69787,HE-ML1,0,0,0,39.32,68.99,
69788,HE-ML1RGB,4,2,2,34.74,61.99,
69789,HE-ML1DIV,1,0,1,4.84,8.99,
69790,HE-ML1B,0,0,0,51.21,90.99,
69793,HE-TL1B,0,0,0,51.21,89.99,
69794,HE-TL1G,0,0,0,45.73,80.99,
69795,HE-TL1R,0,0,0,51.21,89.99,
69796,HE-TL1DIV,0,0,0,5.22,9.99,
69797,HE-4TLRGBK,0,0,0,192.94,338.99,
69798,HE-8TLRGBK,2,1,1,346.59,609.99,
69799,HE-PTRGB,2,2,0,4.84,8.99,
69807,010-12677-00,0,0,0,224.99,,
69808,010-12676-00,0,0,0,337.49,,
69809,010-12676-10,0,0,0,89.99,,
69810,A2K-SBN-1,2,0,2,123.36,,
69823,DE96255F,16,9,7,23.75,,
69826,NV2002PB-7,10,6,4,31.92,,
69827,NV2002SS-7,17,10,7,38.80,,
69828,NV2012PBR-7,5,2,3,25.70,,
69829,NV2012PBG-7,10,6,4,25.70,,
69830,NV2012SSR-7,25,9,16,34.60,,
69831,NV2012SSG-7,19,7,12,34.60,,
69832,NV3012SSR-7,17,4,13,33.60,,
69833,NV3012SSG-7,21,6,15,33.60,,
69834,NV4012SSR-7,7,2,5,34.26,,
69835,NV4012SSG-7,12,7,5,34.26,,
69838,NV6LC1-14A7,9,5,4,35.37,,
69839,NV6LC2-10-7,12,5,7,41.93,,
69847,010-12100-00,0,0,0,23.99,,
69850,010-10646-02,0,0,0,6.40,,
69852,2445-7,5,5,0,6.21,,
69853,2449-7,8,2,6,6.21,,
69859,6244-6,7,7,0,11.67,,
69869,7571L7,16,8,8,5.31,,
69871,HE-9006LED,4,2,2,85.62,156.99,
69872,HE-BFMCL2,0,0,0,92.38,158.99,
69873,11478-7,10,5,5,27.98,,
69876,2027-7,28,20,8,3.69,,
69878,1364A3,59,31,28,19.92,,
69879,14348-6,20,13,7,6.87,,
69880,6522SS7,4,3,1,119.56,,
69908,EXPLORERNAVPROWIFI,1,1,0,692.30,,
69909,EXPLORERNAVPROWIFIW,2,1,1,888.30,,
69915,ACC-FF-1543,0,0,0,10.34,,
69920,101413,0,0,0,893.97,,1356.89
69921,101414,0,0,0,924.30,,1356.89
69923,101416,0,0,0,987.68,,1463.59
69924,101515,70,21,49,432.65,,702.99
69925,101511,48,17,31,207.50,,345.29
69926,101510,52,20,32,254.03,,428.49
69929,165T-TM54,1,1,0,1707.87,,
69940,122400,12,11,1,7.42,,
69941,122850,0,0,0,6.36,,
69943,460000,3,0,3,9.64,,
69944,17-1502-23,0,0,0,72.22,,
69945,C12,6,4,2,89.83,,
69946,C35,6,5,1,95.53,,
69947,C40,3,3,0,135.47,,
69948,C60,9,5,4,155.42,,
69949,CM/R-50,1,1,0,78.42,,
69952,AIR-331-029-02,0,0,0,72.73,,
69954,F11-0177S-1,0,0,0,22.35,,
69955,F11-0180S-1,1,1,0,23.41,,
69956,33749,7,3,4,133.81,,
69957,33839,11,7,4,132.15,,
69961,F12-0181S-1,2,0,2,21.10,,
69963,F13-0241/244BN-1,9,5,4,28.31,,
69964,F13-0242/244BN-1,4,2,2,29.18,,
69965,F13-0301/244BN-1,1,0,1,31.19,,
69966,F13-0244BN-1,18,6,12,11.67,,
69967,PP4102,0,0,0,239.99,,
69968,0795DP0BLK,6,4,2,23.77,,
69969,0795DP0WHT,5,5,0,23.77,,
69970,8521DPC,3,2,1,54.36,,
69971,8521DP0KEY,4,0,4,4.10,,
69972,8521DP,0,0,0,34.99,,
69974,9621DPC,0,0,0,44.01,,
69975,9621DP,0,0,0,39.25,,
69976,0541DPGCHR,7,5,2,44.04,,
69977,0542DPGBLK,9,8,1,28.71,,
69978,0543DPGBLK,0,0,0,28.71,,
69979,0590DPGCHR,6,5,1,68.48,,
69980,0591DPGCHR,6,1,5,68.48,,
69982,SD0047,11,11,0,120.00,,
69994,81300100,0,0,0,400.72,,
69995,45513000,18,11,7,313.65,,
69996,131906000,7,2,5,623.29,,
69998,LLB-51M1-81-00,0,0,0,111.38,,
69999,LLB-61WO-81-00,0,0,0,103.30,,
70001,F7-51,0,0,0,12.06,,
70003,M1-2A-13-1,22,17,5,18.62,,
70004,M1-63-7,0,0,0,28.50,,
70005,M1-64,0,0,0,24.52,,
70013,20080011,3,1,2,630.00,,
70023,119902,0,0,0,218.56,,
70024,119502,12,9,3,218.56,,
70049,SF200G,4,2,2,341.18,,
70052,BFGWOM1512V/12V,0,0,0,98.29,,
70053,BFGWOM1524V/12V,2,1,1,98.29,,
70054,BFGWOM1536V/12V,1,0,1,98.29,,
70055,2000030727,5,3,2,79.82,,
70095,101516,84,28,56,285.78,,469.89
70096,33801,2,0,2,208.04,,
70097,33851,6,4,2,111.51,,
70098,101459,9,3,6,218.55,,347.59
70099,101460,2,2,0,261.49,,413.29
70100,101456,5,1,4,120.56,,187.59
70101,101457,7,6,1,119.23,,186.19
70103,101525,9,2,7,1194.08,,1840.39
70104,101526,7,1,6,329.26,,581.79
70105,101520,8,3,5,112.33,,167.89
70106,101521,0,0,0,155.79,,226.49
70107,101522,0,0,0,153.71,,223.39
70108,101532,0,0,0,128.45,,186.69
70113,SCR-16-BW-BZ-10,3,1,2,318.99,,449.00
70114,SCR-16-UB-BZ-10,0,0,0,318.99,,449.00
70115,SCR-16-GW-BZ-10,1,0,1,318.99,,449.00
70116,SCR-16-BB-BZ-10,1,0,1,298.25,,449.00
70117,SCR-16-AG-BZ-10,0,0,0,318.99,,449.00
70118,SCR-16-CR-BZ-10,0,0,0,318.99,,449.00
70119,SCM-DL-CC,2,2,0,83.26,,116.00
70122,SCM-DL-GW,2,2,0,70.00,,98.00
70123,4160,124,23,101,20.20,,
70124,4161,30,9,21,20.20,,
70125,4162,13,6,7,20.20,,
70126,4163,9,1,8,20.20,,
70131,980960011,5,3,2,75.14,,
70132,010-C1157-00,0,0,0,262.49,,
70133,980960001,7,7,0,75.14,,
70139,010-12110-04,4,4,0,7.99,,
70141,010-11932-01,0,0,0,7.69,,
70142,TD9122,0,0,0,81.99,,
70145,CA76313,0,0,0,14.58,,
70146,CA76312,61,25,36,10.00,,
70147,CA76311,0,0,0,14.58,,
70148,CA76310,0,0,0,10.00,,
70149,TR7,6,4,2,708.33,,
70150,"TR7 SSP",2,2,0,50.80,,
70151,TR5,0,0,0,491.11,,
70152,"TR5 SSP",5,2,3,43.97,,
70154,1030,39,30,9,11.86,,
70155,1031,26,19,7,11.86,,
70156,1032,10,5,5,11.86,,
70157,1033,23,7,16,22.53,,
70158,1034,17,17,0,22.53,,
70159,1035,11,7,4,22.53,,
70160,1036,18,4,14,22.53,,
70161,1052,25,18,7,9.76,,
70162,1055,14,12,2,9.76,,
70163,1169,31,7,24,19.22,,
70164,1170,23,13,10,19.22,,
70165,1171,19,7,12,19.22,,
70167,1173,5,5,0,19.22,,
70168,1150,23,14,9,15.93,,
70169,2310,0,0,0,17.69,,
70170,2311,1,1,0,8.46,,
70171,1151,24,12,12,15.93,,
70172,3150,0,0,0,25.01,,
70173,3174,0,0,0,9.86,,
70174,1152,17,5,12,15.93,,
70175,3207,0,0,0,24.29,,
70176,3462,0,0,0,6.92,,
70177,1160,39,24,15,10.32,,
70178,3856,0,0,0,27.14,,
70180,4220,0,0,0,6.15,,
70181,4376,0,0,0,113.57,,
70182,1161,41,25,16,10.32,,
70183,4547,0,0,0,4.17,,
70184,1162,31,19,12,10.32,,
70185,1140,47,32,15,8.01,,
70186,4611,0,0,0,22.14,,
70187,1141,52,43,9,8.01,,
70188,1142,22,12,10,8.01,,
70189,2185,5,5,0,5.42,,
70190,1063,13,3,10,18.11,,
70191,1064,19,9,10,41.36,,
70192,1065,9,7,2,69.79,,
70194,5347,0,0,0,25.38,,
70195,5953,0,0,0,44.29,,
70196,6915,3,1,2,31.43,,
70197,6980,0,0,0,58.04,,
70198,7037,0,0,0,16.92,,
70199,7068,0,0,0,26.34,,
70200,7278,0,0,0,22.86,,
70201,BP1020,0,0,0,4.37,,
70202,BP1055,0,0,0,5.52,,
70203,BP1129,0,0,0,33.76,,
70204,BP1130,0,0,0,24.43,,
70205,BP1346,0,0,0,4.94,,
70206,BP170,1,1,0,4.48,,
70208,BP228S,0,0,0,23.34,,
70209,BP255,0,0,0,8.74,,
70210,BP275S,0,0,0,32.69,,
70212,DRAIN,0,0,0,3.89,,
70213,FTR13201,0,0,0,57.03,,
70214,FTR13202,0,0,0,20.56,,
70215,FTR3301,0,0,0,23.43,,
70216,FTR3302,0,0,0,18.97,,
70217,FTR41,0,0,0,10.29,,
70218,SPR-8-AM,0,0,0,376.88,,
70228,P90006,0,0,0,27.14,,
70229,P90007,0,0,0,27.14,,
70230,RC01C,0,0,0,12.43,,
70232,SET0003,0,0,0,27.43,,
70234,SET0187,0,0,0,18.13,,
70235,SP0037,0,0,0,3.08,,
70238,HS37N,0,0,0,23.64,,
70239,SP0262,0,0,0,1.83,,
70242,P100083,0,0,0,26.43,,
70243,P100087,1,0,1,26.67,,
70245,SP0288,0,0,0,2.03,,
70251,SP0428,0,0,0,2.28,,
70254,SP0468,0,0,0,9.23,,
70255,SP0474,0,0,0,1.86,,
70256,RS100,1,1,0,29.99,,
70257,SP0484,0,0,0,5.38,,
70258,SP0622,1,1,0,3.45,,
70259,P100807,0,0,0,93.57,,
70261,SP0708,0,0,0,5.38,,
70262,SP0717,0,0,0,7.69,,
70263,P101526,0,0,0,45.00,,
70264,SP0721,0,0,0,5.38,,
70265,P101543,0,0,0,23.07,,
70266,SP0722,0,0,0,6.92,,
70267,SP0740,0,0,0,5.38,,
70268,SP0846,0,0,0,8.46,,
70269,SP0871,0,0,0,6.15,,
70270,SP0878,0,0,0,8.46,,
70275,SP4155,0,0,0,36.00,,
70276,US001,0,0,0,10.38,,
70277,US002,0,0,0,10.38,,
70279,US003,1,1,0,11.08,,
70280,US004,0,0,0,5.38,,
70282,ZE050,0,0,0,15.38,,
70283,ZE125,0,0,0,15.38,,
70284,ZE160,0,0,0,15.38,,
70285,ZE200,0,0,0,15.38,,
70286,P101550,1,1,0,47.14,,
70287,P102837,0,0,0,24.29,,
70288,ZE300,0,0,0,16.00,,
70289,ZE500,0,0,0,17.31,,
70290,P104704,4,2,2,20.00,,
70291,P104750,0,0,0,43.06,,
70292,P104897,1,0,1,40.00,,
70293,P90003,0,0,0,35.00,,
70294,P90004,0,0,0,35.00,,
70295,P90005,0,0,0,35.71,,
70298,SPR-8-RM,1,1,0,360.00,,
70299,1061,8,4,4,186.07,,
70300,500620,4,4,0,379.99,,
70340,55106100,1,1,0,881.76,,
70363,ZDIGSTN,3,1,2,177.04,,
70373,MVP-J-GN-XL,0,0,0,212.50,,
70376,RC8812VEDC,0,0,0,1575.29,2142.40,
70377,FBNRP0140FR0A00,0,0,0,197.21,,
70378,FBNRP0250FR0A00,0,0,0,247.91,,
70379,FBNRP0300FR0A00,0,0,0,320.57,,
70380,FBNRP0500FR0A00,0,0,0,474.35,,
70381,FBNRP0700FR0A00,0,0,0,1100.76,,
70383,FBNRP1100FR0A00,0,0,0,1454.40,,
70384,FBNRP1200FR0A00,0,0,0,1754.60,,
70417,28522000,0,0,0,712.29,,
70418,70405080,0,0,0,46.24,,
70419,540-0000-7,11,3,8,25.54,,
70420,540-0100-7,12,5,7,25.54,,
70422,540-0101-7,18,9,9,25.54,,
70432,2362001,22,9,13,6.00,,
70435,119510,0,0,0,799.87,,
70436,119910,0,0,0,799.87,,
70439,010-12770-00,29,4,25,22.49,,
70440,SHC-29,15,10,5,10.40,,
70441,165T-50/200-SS260,1,0,1,2666.67,,
70442,165T-50/200-TM260,0,0,0,2044.44,,
70443,165T/265LH-PM488,0,0,0,3111.11,,
70450,322313,2,2,0,347.22,581.99,
70457,LTB1,4,3,1,319.79,,
70463,120313,1,0,1,492.78,825.99,
70468,980503221,7,0,7,31.19,,
70478,OCTOIL1USQ,20,11,9,14.96,,
70495,GK1512,4,3,1,420.26,,
70514,010-12719-00,9,6,3,22.49,,
70522,"GB150 0100",3,3,0,159.99,,
70525,STC1000301,5,4,1,34.99,,
70529,92306,0,0,0,148.36,196.76,
70543,RC8824V,0,0,0,1482.32,1944.80,
70550,010-12381-00,64,26,38,19.49,,
70552,IRID-BM-9575PD,0,0,0,815.22,,
70566,88611-4,0,0,0,93.93,,
70567,88617-5,0,0,0,58.05,,
70573,90122,7,2,5,195.08,326.99,
70574,90144,0,0,0,192.69,322.99,
70582,88619,0,0,0,84.43,,
70584,2060366,2,2,0,59.99,,
70591,1196,0,0,0,35.12,,
70592,1137,5,0,5,16.74,,
70593,1190,9,8,1,15.01,,
70594,1102,17,7,10,11.16,,
70600,RF41300,5,3,2,54.02,82.65,
70601,RF41310,0,0,0,59.42,90.92,
70602,RF41171,8,4,4,31.84,48.72,
70603,RF41500,0,0,0,33.95,51.94,
70604,RF41510,0,0,0,36.27,55.49,
70605,RF41520,0,0,0,71.78,109.82,
70606,RF41530,4,3,1,74.09,113.36,
70607,RF41811,7,3,4,57.11,87.38,
70608,RF41821,0,0,0,54.22,82.96,
70609,RF41831,0,0,0,60.20,92.10,
70611,RF40101,0,0,0,17.36,26.56,
70612,RF40100HL,0,0,0,36.46,55.79,
70613,RF40110,0,0,0,28.16,43.09,
70614,RF40111,0,0,0,24.31,37.19,
70615,RF40171,9,6,3,36.46,55.79,
70616,RF40200,7,4,3,47.84,73.20,
70617,RF40210,0,0,0,51.70,79.11,
70618,RF40300,8,4,4,58.65,89.74,
70619,RF40310,0,0,0,64.83,99.19,
70620,RF40500,0,0,0,38.58,59.04,
70621,RF40510,0,0,0,41.67,63.76,
70622,RF40520,0,0,0,63.28,96.83,
70623,RF40530,7,4,3,65.60,100.37,
70624,RF45130,4,2,2,64.83,99.19,
70625,RF45140,0,0,0,34.98,53.51,
70626,RF45151,4,2,2,21.60,33.05,
70636,245213,0,0,0,357.35,598.99,
70660,R70561,7,2,5,46.86,,
70661,LLB-26KC-21-00,0,0,0,12.94,,
70662,LLB-26KW-21-00,0,0,0,12.94,,
70670,90519,17,9,8,38.45,,
70671,91109,10,6,4,11.64,,
70679,RF51111,0,0,0,32.66,50.57,
70680,RF51140,9,4,5,33.17,50.77,
70681,RF51151,0,0,0,36.02,55.11,
70682,RF51171,0,0,0,34.63,52.98,
70683,RF51200,6,2,4,50.38,77.08,
70684,RF51210,0,0,0,62.49,95.60,
70685,RF51300,8,5,3,71.51,109.39,
70686,RF51500,0,0,0,43.99,67.31,
70687,RF51510,5,2,3,48.62,74.39,
70688,RF51530,5,2,3,87.40,133.70,
70690,209-1268-00,4,2,2,65.41,,
70691,118510,0,0,0,701.10,,
70692,DT820PV-235-N2,0,0,0,303.11,399.00,
70701,RF56110,0,0,0,58.65,89.74,
70702,RF56120,0,0,0,110.25,168.68,
70704,RF56130,0,0,0,113.56,173.74,
70705,RF56151,0,0,0,55.10,84.30,
70706,RF56151A,0,0,0,55.10,84.30,
70708,RF56510,11,6,5,64.01,97.95,
70720,88617,0,0,0,10.92,,
70721,88618,0,0,0,10.92,,
70729,199114,0,0,0,41.15,,
70730,303SSEL-BXPK,0,0,0,62.30,,
70733,000-154-025,0,0,0,181.82,,
70738,S-0601,0,0,0,262.68,,
70739,S-0600,0,0,0,191.50,,
70740,60756,0,0,0,47.41,,
70741,60748,0,0,0,16.49,,
70742,60750,0,0,0,19.64,,
70743,60752,0,0,0,25.64,,
70744,60754,0,0,0,35.69,,
70745,6147,0,0,0,41.36,,
70746,6169,0,0,0,34.11,,
70747,S-5001,0,0,0,9.57,,
70748,S-5001B,3,2,1,10.93,,
70749,S-5002,0,0,0,13.39,,
70750,S-5002B,2,2,0,12.99,,
70751,"CS 02902",52,35,17,3.35,5.95,
70752,S-5003,2,2,0,24.15,,
70754,"CS 02908",18,15,3,12.18,17.95,
70755,6170,0,0,0,41.09,,
70756,S-5010,2,2,0,25.28,,
70757,S-5011,4,2,2,45.93,,
70766,990-35,4,2,2,94.99,,
70769,119010,0,0,0,799.87,,
70770,F16-0039,9,2,7,30.28,,
70777,49012,7,2,5,21.25,33.99,
70778,261113,0,0,0,140.19,234.99,
70781,32834,12,12,0,136.85,,
70783,RF20141,6,3,3,14.65,22.42,
70784,A80309,2,2,0,63.91,,
70785,A80369,3,2,1,87.49,,
70786,RF20281,0,0,0,25.46,38.96,
70787,RF20284,0,0,0,18.52,28.33,
70789,RF20184,0,0,0,13.49,20.65,
70790,RF20174,0,0,0,26.23,40.13,
70791,RF20175,0,0,0,48.80,74.67,
70792,RF613S,8,2,6,5.51,8.42,
70794,010-12776-00,0,0,0,224.99,,
70795,010-12776-10,0,0,0,712.49,,
70796,010-12776-11,2,2,0,1087.49,,
70801,010-02055-00,0,0,0,472.49,,
70803,112000,1,1,0,28.27,,
70804,H2183-10,0,0,0,582.34,800.00,
70806,010-12721-00,3,3,0,22.49,,
70808,115503,0,0,0,31.81,,
70809,WS-C10,0,0,0,102.40,139.16,
70810,WS2-C06,0,0,0,125.87,168.00,
70816,TPA3012,6,2,4,146.03,,
70832,134900,0,0,0,31.81,,
70833,135010,3,2,1,38.89,,
70835,RF572,0,0,0,13.90,21.27,
70837,RF2332,0,0,0,18.28,27.97,
70839,395010,3,3,0,20.62,,
70841,395210,0,0,0,35.34,,
70842,791502,3,3,0,80.43,,
70843,723300,2,2,0,55.68,,
70844,723700,0,0,0,61.86,,
70846,135402,0,0,0,28.27,,
70847,737002,0,0,0,61.86,,
70848,758005,0,0,0,63.63,,
70852,B765C-LH-MM,0,0,0,862.45,1164.00,
70853,147000,0,0,0,49.49,,
70854,144402,0,0,0,42.41,,
70855,613403,3,3,0,38.06,,
70856,759201,0,0,0,80.43,,
70857,797010,0,0,0,93.16,,
70872,106100,0,0,0,11.86,,
70873,107000,0,0,0,11.86,,
70875,171502,1,1,0,9.64,,
70876,321309,6,6,0,8.10,,
70877,321508,0,0,0,16.07,,
70878,321407,4,4,0,7.20,,
70879,341406,5,1,4,7.20,,
70880,350304,9,0,9,9.00,,
70881,350500,0,0,0,9.64,,
70883,344922,14,10,4,9.00,,
70884,345023,0,0,0,10.80,,
70885,350022,13,13,0,9.00,,
70886,351001,0,0,0,6.92,,
70890,358400,6,6,0,27.00,,
70891,2373121,7,7,0,12.86,,
70892,2373130,0,0,0,12.86,,
70894,708020,0,0,0,28.93,,
70897,361610,0,0,0,9.00,,
70898,371610,0,0,0,11.57,,
70899,344840,4,0,4,3.75,,
70900,344860,0,0,0,4.50,,
70901,344985,2,0,2,4.50,,
70902,345046,0,0,0,5.25,,
70904,345028,2,2,0,6.30,,
70912,2371304,0,0,0,9.64,,
70913,2360100,56,17,39,6.43,,
70914,2363001,0,0,0,6.43,,
70916,2370100,0,0,0,8.36,,
70918,2371500,1,1,0,5.14,,
70920,436200,0,0,0,8.36,,
70921,437000,0,0,0,9.64,,
70922,437300,3,3,0,11.57,,
70931,360704,5,5,0,12.46,,
70934,370704,0,0,0,12.86,,
70941,010-12753-00,4,0,4,25.99,,
70962,7012CAWBX,84,0,84,172.58,,
70963,7012CABBX,52,0,52,172.58,,
70967,011204WW,1,1,0,270.00,,
70980,619,7,7,0,32.89,,
70981,916,9,5,4,8.99,,
70983,984,16,1,15,20.39,,
70989,927,0,0,0,17.11,,
70991,963,10,6,4,22.37,,
70992,964,2,1,1,32.99,,
70993,965,0,0,0,52.43,,
70994,844,4,2,2,67.11,,
70995,942,0,0,0,14.08,,
70997,840,1,1,0,29.99,,
70998,841,10,8,2,65.46,,
71010,B285C-HW-MM,1,1,0,1192.28,1564.00,
71019,RF15100,0,0,0,14.83,22.69,
71020,RF15101,5,3,2,8.57,13.11,
71021,RF15111,0,0,0,10.02,15.33,
71022,RF15141,0,0,0,13.11,20.06,
71023,RF15151,0,0,0,10.80,16.52,
71024,RF15171,0,0,0,14.65,22.42,
71025,RF15174,8,5,3,25.85,39.55,
71026,RF15180,0,0,0,17.36,26.56,
71027,RF15202,4,4,0,16.83,25.74,
71028,RF15212,0,0,0,18.63,28.50,
71029,RF15302,0,0,0,23.53,36.00,
71030,RF15312,0,0,0,25.85,39.55,
71031,RF15711,5,3,2,21.99,33.64,
71032,63407,0,0,0,40.33,,
71033,63410,0,0,0,81.49,,
71034,60175,0,0,0,16.19,,
71035,60176,0,0,0,15.23,,
71037,60177,0,0,0,16.17,,
71038,60178,0,0,0,15.10,,
71039,60179,0,0,0,16.16,,
71044,68900,3,2,1,209.61,,
71045,68902,2,1,1,218.10,,
71046,68904,0,0,0,245.55,,
71047,68906,2,0,2,267.89,,
71052,58542-1000,15,9,6,20.80,,
71053,S-1850,0,0,0,100.66,,
71054,S-1852,1,0,1,136.64,,
71055,S-1854,3,2,1,190.35,,
71056,62-541-MARINE-BL,57,37,20,52.44,,
71057,62-541-R-MARINE-BL,4,4,0,52.44,,
71058,62-542-R-MARINE-BL,0,0,0,52.44,,
71060,RF4055,17,9,8,66.64,101.96,
71061,RF4055A,18,14,4,66.64,101.96,
71062,RF4055B,2,1,1,66.64,101.96,
71063,547,0,0,0,85.00,,
71066,SH-0126-200,0,0,0,14.79,,
71069,CA-0147,3,3,0,13.23,,
71071,S-0232C,2,2,0,15.36,,
71072,P-2400,0,0,0,6.00,,
71073,P-2401,0,0,0,6.99,,
71074,P-2402,0,0,0,17.91,,
71075,P-0440B,15,10,5,22.06,,
71076,P-0441B,6,5,1,25.49,,
71077,P-0442B,4,3,1,33.09,,
71078,P-0440,30,23,7,22.06,,
71079,P-0441,11,6,5,25.49,,
71080,P-0442,0,0,0,33.09,,
71082,63448,0,0,0,27.60,,
71083,63449,0,0,0,43.21,,
71084,63450,0,0,0,56.81,,
71085,SH-0126-390,0,0,0,18.49,,
71086,SH-0126-820,0,0,0,14.79,,
71087,000-157-939-10,0,0,0,89.09,,
71091,W700-800-WHITE,0,0,0,345.24,,
71127,W705-WHITE,0,0,0,284.86,,
71145,010-12225-00,0,0,0,44.99,,
71166,W730,0,0,0,24.28,,
71167,W731,0,0,0,7.91,,
71168,W749,0,0,0,9.32,,
71169,W734,0,0,0,13.37,,
71170,W738,0,0,0,13.37,,
71174,CVC627MT,0,0,0,118.75,,
71185,GP1871F,6,2,4,805.95,,
71187,GP1971F,4,2,2,1129.95,,
71189,CM599C-LHW,0,0,0,3743.24,4999.00,
71192,6135C,4,2,2,52.33,,
71193,6136C,0,0,0,60.38,,
71194,6137C,7,3,4,38.10,,
71195,6138C,0,0,0,44.68,,
71196,S-0250C,0,0,0,96.50,,
71197,S-0251C,0,0,0,101.70,,
71199,6095KEY,5,0,5,8.06,,
71200,3360BC,5,3,2,3.98,,
71201,3360WC,0,0,0,3.98,,
71202,3364BC,0,0,0,5.27,,
71203,3364WC,0,0,0,5.30,,
71204,010-12718-00,7,5,2,22.49,,
71205,3227BC,0,0,0,16.08,,
71206,3227WC,0,0,0,15.99,,
71207,3228BC,0,0,0,17.15,,
71208,3228WC,0,0,0,17.15,,
71209,S-1415BC,6,2,4,36.51,,
71210,S-1417BC,0,0,0,26.11,,
71211,S-1415WC,0,0,0,31.83,,
71212,S-1417WC,0,0,0,26.16,,
71213,6228KEY,20,11,9,3.60,,
71214,6075C,0,0,0,22.29,,
71225,40020506,3,3,0,1583.42,,
71226,011810,0,0,0,538.04,855.00,
71228,011811,0,0,0,538.04,855.00,
71230,20641,5,5,0,110.36,184.99,
71231,09-1088-23,6,4,2,29.69,,
71235,950520,4,4,0,21.94,,
71236,951520,2,0,2,21.94,,
71237,950622,3,3,0,37.04,,
71238,1005,0,0,0,13.47,,
71239,951622,3,3,0,37.04,,
71240,950824,1,1,0,57.13,,
71241,951824,6,6,0,57.13,,
71242,252000,1,1,0,17.36,,
71243,252004,7,6,1,17.36,,
71244,262300,5,3,2,26.91,,
71246,282600,0,0,0,46.81,,
71247,282604,0,0,0,46.81,,
71248,31010,0,0,0,5.53,,
71253,2412ATP,1,0,1,966.26,,
71254,010-12504-02,22,0,22,14.99,,
71255,010-12545-00,0,0,0,26.24,,
71257,GP1170-17,0,0,0,385.44,,
71269,OC14SUK26,1,1,0,50.25,,
71283,PP5920-01,0,0,0,414.53,,
71284,A2K-GCM-0.25M,0,0,0,49.08,,
71286,HE-CBRGB,0,0,0,64.18,112.99,
71291,6031,6,4,2,73.51,,
71292,6034,0,0,0,72.81,,
71293,GP2402,0,0,0,312.72,,
71294,CA200B-8B,0,0,0,403.60,,
71296,GP1040-42,0,0,0,334.53,,
71306,374,7,0,7,15.97,,
71333,230AHF012,0,0,0,1000.00,,
71341,AV-800-BK-S/M,0,0,0,90.63,,
71342,AV-800-BK-L/XL,2,0,2,90.63,,
71343,AV-800-BK-2XL/3XL,5,3,2,90.63,,
71344,AV-800-HV-S/M,5,3,2,90.63,,
71345,AV-800-HV-L/XL,3,1,2,90.63,,
71346,AV-800-HV-2XL/3XL,4,4,0,90.63,,
71347,AV-800-GN-S/M,2,2,0,90.63,,
71348,AV-800-GN-L/XL,10,8,2,90.63,,
71349,AV-800-GN-2XL/3XL,5,5,0,90.63,,
71352,921314,0,0,0,496.95,832.99,
71353,920314,0,0,0,390.76,654.99,
71356,320314,0,0,0,386.25,,
71415,300-037,0,0,0,1596.35,,1795.90
71437,86610,12,5,7,79.34,132.99,
71438,681513,11,2,9,164.68,297.99,
71439,262213,2,2,0,246.99,413.99,
71440,262313,9,3,6,349.60,585.99,
71443,14212,3,3,0,69.79,,
71458,0780,0,0,0,4.11,,
71462,PMC4825,4,4,0,24.10,,
71465,0838,4,4,0,63.83,,
71467,14371,6,2,4,57.10,,
71469,14042,0,0,0,57.10,,
71472,14071,0,0,0,57.10,,
71474,14261,0,0,0,57.10,,
71476,99091,10,10,0,22.21,,
71479,14691,1,1,0,82.49,,
71480,14221,3,3,0,28.55,,
71482,980023,0,0,0,280.40,469.99,
71484,980033,0,0,0,279.80,468.99,
71485,14281,22,6,16,9.07,,
71486,14291,8,2,6,8.47,,
71487,1430,12,6,6,17.67,,
71491,A80489,10,6,4,63.91,,
71492,A80494,0,0,0,110.78,,
71493,A80491,0,0,0,110.78,,
71498,PMC4501,4,4,0,7.60,,
71499,451200,2,2,0,19.78,,
71500,451205,5,0,5,15.22,,
71503,PMC4744,7,7,0,11.30,,
71509,1062,0,0,0,22.55,,
71511,PMC1280,2,2,0,10.79,,
71527,210413,0,0,0,750.51,1257.99,
71528,28-501,3,0,3,11.84,,
71529,27-404,0,0,0,32.42,,
71530,42-110,4,0,4,45.45,,
71534,45-100,2,0,2,161.79,,
71536,04-100,0,0,0,35.67,,
71537,04-110,6,0,6,27.68,,
71538,04-110S,6,0,6,24.87,,
71539,05-110,14,0,14,33.75,,
71540,06-110,3,0,3,58.92,,
71541,QR-3-20,5,0,5,6.96,,
71542,QR-4-32,1,0,1,9.47,,
71544,QR-6-26,2,0,2,14.95,,
71546,50-115,0,0,0,14.07,,
71547,50-115B,3,0,3,14.07,,
71552,PMC2150,0,0,0,10.71,,
71554,2152,2,2,0,16.91,,
71555,PMC2154,3,3,0,19.73,,
71556,90-500,3,0,3,141.96,,
71558,2156,0,0,0,31.01,,
71559,PMC2157,2,2,0,33.83,,
71560,48-580,0,0,0,26.20,,
71561,1264,5,5,0,53.99,,
71563,48-585,10,0,10,49.74,,
71565,48-590,0,0,0,48.86,,
71566,PMC1271,0,0,0,16.60,,
71569,PMC1279,8,2,6,26.98,,
71572,PMC1290,0,0,0,47.59,,
71573,PMC1291,1,1,0,68.52,,
71574,37-510,4,0,4,42.34,,
71575,37-504,3,0,3,51.51,,
71576,37-505,0,0,0,115.46,,
71577,37-503,2,0,2,326.84,,
71578,53-215,4,0,4,267.80,,
71580,53-220,0,0,0,305.11,,
71581,53-222,0,0,0,511.42,,
71582,220413,1,0,1,1203.32,2016.99,
71583,230413,0,0,0,1622.13,2718.99,
71584,240413,0,0,0,1913.86,3207.99,
71585,250413,0,0,0,2330.88,3906.99,
71586,550103,0,0,0,94.26,143.99,
71588,920413,0,0,0,452.81,758.99,
71590,1300,5,5,0,14.09,,
71601,14213,0,0,0,60.28,,
71609,PMC4820,0,0,0,10.78,,
71614,TM185C-HW-14HB,0,0,0,1120.45,1499.00,
71618,BS11250,5,5,0,79.99,,
71661,142625,2,0,2,103.01,,
71696,PP4500-08-C,0,0,0,276.35,,
71697,B4-209SS,1,0,1,1956.73,,
71698,B4-309SS,2,0,2,2544.73,,
71700,50900-1100,5,0,5,417.64,,
71701,2106B,0,0,0,766.69,,
71704,464,8,8,0,2.88,,
71707,744,20,13,7,6.58,,
71716,6032,0,0,0,73.20,,
71718,340314,4,0,4,697.11,1229.99,
71722,27640,16,6,10,100.81,,
71724,29320,5,0,5,49.51,,
71729,MM3-VNA-021,0,0,0,227.27,,
71731,16867A,16,16,0,4.09,,
71733,29540,9,0,9,6.04,,
71734,29541,13,10,3,8.95,,
71742,18A,11,2,9,235.56,,
71779,41611,1,1,0,105.00,199.99,
71806,TPA309,0,0,0,134.08,,
71807,88157-2,0,0,0,274.43,,
71808,88148,0,0,0,242.77,,
71809,88148-1,0,0,0,242.77,,
71810,88160,2,0,2,168.88,,
71811,88160-1,0,0,0,168.88,,
71812,ZDIG4GC-US,2,1,1,99.00,,
71813,ZDIG4GCPRO-US,1,1,0,299.00,,
71825,B785C-M-MM,0,0,0,717.20,964.00,
71828,S72-0631-05,0,0,0,1137.60,,
71832,DMF6,84,84,0,19.99,,
71838,D10101,12,8,4,18.38,,
71839,A1624,0,0,0,6.97,,
71840,A2216,17,6,11,8.11,,
71841,A1214,30,8,22,11.96,,
71844,G17748,18,15,3,11.50,,
71849,G10900,14,5,9,6.60,,
71850,DMX5,0,0,0,24.17,,
71852,PP4800-07,0,0,0,356.35,,
71853,D15501,3,0,3,22.65,,
71854,D18001,9,6,3,37.07,,
71856,D30116,0,0,0,9.65,,
71857,12845,0,0,0,25.01,,
71867,010-12525-00,0,0,0,29.99,,
71874,F38-6602-1,13,3,10,164.46,,
71875,PP5920-05,0,0,0,414.53,,
71877,77270,0,0,0,31.67,,
71878,77271,8,8,0,31.67,,
71879,77273,0,0,0,31.67,,
71883,TM150M,0,0,0,311.11,396.00,
71904,90406,16,8,8,17.24,,
71918,A102148,0,0,0,59.65,,
71919,330314,3,2,1,557.13,982.99,
71926,HL-1,4,2,2,9.20,,
71927,HEL-KIT,5,1,4,15.72,,
71928,HL-103,4,2,2,3.08,,
71933,EVO-1212F,0,0,0,762.27,1051.40,
71938,0253W00DP1,4,2,2,53.09,,
71946,199232,47,14,33,9.51,,
71947,B765C-LM-MM,0,0,0,1007.69,1364.00,
71948,010-12527-00,28,14,14,89.99,,
71949,E70511,0,0,0,1055.99,,
71964,GP1800-08,0,0,0,312.72,,
71966,A80515,0,0,0,89.48,,
71973,32851,13,5,8,101.15,,
71974,RMX4800-07,0,0,0,436.35,,
71989,RAM-HOL-TAB28U,0,0,0,22.74,32.49,
72002,350314,5,1,4,833.14,1469.99,
72007,010-02087-00,22,5,17,849.99,,
72008,010-12824-01,8,7,1,26.24,,
72009,010-02047-00,11,5,6,637.49,,
72010,010-12769-00,1,0,1,112.49,,
72045,D30116CASE,0,0,0,56.35,,
72048,D10101CASE,3,2,1,43.78,,
72049,A1624CASE,0,0,0,39.57,,
72050,A2216CASE,2,1,1,46.05,,
72051,A1214CASE,4,1,3,67.86,,
72054,G17748CASE,2,2,0,61.54,,
72059,D18001CASE,1,1,0,133.08,,
72060,D15501CASE,0,0,0,80.81,,
72061,G10900CASE,1,0,1,34.78,,
72062,"CS 02908CASE",2,2,0,73.06,107.99,
72076,09-60616,4,1,3,27.09,,
72077,10615-00,2,2,0,35.31,,
72078,61155,7,2,5,16.09,,
72085,110-15800,1,1,0,65.95,,
72087,20104,13,6,7,77.97,,121.64
72088,20105,11,2,9,89.97,,140.35
72089,20106,19,12,7,101.97,,159.07
72090,20107,12,9,3,113.97,,177.79
72091,20108,12,5,7,125.97,,196.51
72092,20109,8,6,2,137.97,,215.23
72093,20110,12,7,5,149.97,,233.95
72094,20111,0,0,0,161.97,,252.67
72095,20112,9,6,3,173.97,,271.39
72096,20204,16,12,4,77.97,,121.64
72097,20205,5,5,0,89.97,,140.35
72098,20206,15,8,7,101.97,,159.07
72099,20207,8,7,1,113.97,,177.79
72100,20208,9,3,6,125.97,,196.51
72101,20209,7,3,4,137.97,,215.23
72102,20210,7,4,3,149.97,,233.95
72103,20211,0,0,0,161.97,,252.67
72104,20212,6,3,3,173.97,,271.39
72108,20304,3,0,3,77.97,,121.64
72109,20305,0,0,0,89.97,,140.35
72110,20306,0,0,0,101.97,,159.07
72111,20307,0,0,0,113.97,,177.79
72112,20308,0,0,0,125.97,,196.51
72113,20309,13,9,4,137.97,,215.23
72114,20310,0,0,0,149.97,,233.95
72115,20311,0,0,0,161.97,,252.67
72116,20312,0,0,0,173.97,,271.39
72118,20404,0,0,0,77.97,,121.64
72119,20405,0,0,0,89.97,,140.35
72120,20406,11,5,6,101.97,,159.07
72121,20407,0,0,0,113.97,,177.79
72122,20408,0,0,0,125.97,,196.51
72123,20409,0,0,0,137.97,,215.23
72124,20410,0,0,0,149.97,,233.95
72125,20411,0,0,0,161.97,,252.67
72126,20412,0,0,0,173.97,,271.39
72128,20504,0,0,0,77.97,,121.64
72129,20505,14,8,6,89.97,,140.35
72130,20506,9,6,3,101.97,,159.07
72131,20507,7,3,4,113.97,,177.79
72132,20508,8,6,2,125.97,,196.51
72133,20509,0,0,0,137.97,,215.23
72134,20510,0,0,0,149.97,,233.95
72135,20511,2,2,0,161.97,,252.67
72136,20512,0,0,0,173.97,,271.39
72137,20604,0,0,0,77.97,,121.64
72138,20605,0,0,0,89.97,,140.35
72139,20606,10,2,8,101.97,,159.07
72140,20607,10,7,3,113.97,,177.79
72141,20608,8,2,6,125.97,,196.51
72142,20609,0,0,0,137.97,,215.23
72143,20610,1,1,0,149.97,,233.95
72144,20611,0,0,0,161.97,,252.67
72145,20612,0,0,0,173.97,,271.39
72146,20704,8,4,4,77.97,,121.64
72147,20705,8,5,3,89.97,,140.35
72148,20706,0,0,0,101.97,,159.07
72149,20707,14,8,6,113.97,,177.79
72150,20708,0,0,0,125.97,,196.51
72151,20709,0,0,0,137.97,,215.23
72152,20710,0,0,0,149.97,,233.95
72153,20711,5,2,3,161.97,,252.67
72154,20712,0,0,0,173.97,,271.39
72155,20804,8,6,2,77.97,,121.64
72156,20805,0,0,0,86.51,,140.35
72157,20806,10,7,3,101.97,,159.07
72158,20807,9,6,3,113.97,,177.79
72159,20808,8,2,6,125.97,,196.51
72160,20809,0,0,0,137.97,,215.23
72161,20810,0,0,0,149.97,,233.95
72162,20811,0,0,0,161.97,,252.67
72163,20812,0,0,0,167.28,,271.39
72164,20904,11,5,6,77.97,,121.64
72165,20905,0,0,0,89.97,,140.35
72166,20906,0,0,0,101.97,,159.07
72167,20907,12,6,6,113.97,,177.79
72168,20908,0,0,0,121.13,,196.51
72169,20909,0,0,0,137.97,,215.23
72170,20910,0,0,0,149.97,,233.95
72171,20911,0,0,0,161.97,,252.67
72172,20912,0,0,0,173.97,,271.39
72173,21104,0,0,0,77.97,,121.64
72174,21105,0,0,0,86.51,,140.35
72175,21106,0,0,0,98.05,,159.07
72176,21107,0,0,0,109.59,,177.79
72177,21108,9,0,9,125.97,,196.51
72178,21109,2,1,1,137.97,,215.23
72179,21110,4,4,0,149.97,,233.95
72180,21111,1,1,0,126.99,,252.67
72181,21112,0,0,0,173.97,,271.39
72182,21404,0,0,0,77.97,,121.64
72183,21405,0,0,0,89.97,,140.35
72184,21406,0,0,0,101.97,,159.07
72185,21407,12,5,7,113.97,,177.79
72186,21408,0,0,0,125.97,,196.51
72187,21409,0,0,0,137.97,,215.23
72188,21410,0,0,0,149.97,,233.95
72189,21411,0,0,0,161.97,,252.67
72190,21412,0,0,0,173.97,,271.39
72191,30232,0,0,0,251.38,,333.33
72192,30240,0,0,0,298.95,,396.40
72193,30532,0,0,0,251.38,,333.33
72194,30540,0,0,0,298.95,,396.40
72195,31532,0,0,0,251.38,,333.33
72197,31632,0,0,0,251.38,,333.33
72198,31640,0,0,0,298.95,,396.40
72201,27011,0,0,0,66.32,,95.41
72202,02637,0,0,0,12.67,,19.76
72203,02638,8,7,1,12.67,,19.76
72204,80637,6,2,4,24.21,,37.76
72205,80638,14,7,7,24.21,,37.76
72206,80011,16,9,7,102.54,,143.96
72210,LLB-45AR-08-02,0,0,0,17.01,,
72237,27021,2,1,1,66.32,,95.41
72238,27031,13,10,3,66.32,,95.41
72239,27041,3,1,2,66.32,,95.41
72240,27051,7,3,4,66.32,,95.41
72241,27061,15,6,9,66.32,,95.41
72242,27071,4,1,3,66.32,,95.41
72243,27081,7,4,3,66.32,,95.41
72244,27091,9,6,3,66.32,,95.41
72245,27101,0,0,0,66.32,,95.41
72246,27121,0,0,0,66.32,,95.41
72247,27131,0,0,0,66.32,,95.41
72248,27141,8,4,4,66.32,,95.41
72249,27151,6,4,2,66.32,,95.41
72250,27171,15,8,7,66.32,,95.41
72251,27181,6,4,2,66.32,,95.41
72252,27191,0,0,0,66.32,,95.41
72253,27211,0,0,0,66.32,,95.41
72254,27221,0,0,0,66.32,,95.41
72255,27261,0,0,0,66.32,,95.41
72256,27271,0,0,0,66.32,,95.41
72257,27291,0,0,0,66.32,,95.41
72258,27301,10,4,6,66.32,,95.41
72259,27311,9,5,4,66.32,,95.41
72260,27321,2,2,0,66.32,,95.41
72261,27331,6,4,2,66.32,,95.41
72262,27341,0,0,0,66.32,,95.41
72263,MBR550,1,1,0,299.00,,
72267,02655,4,3,1,40.36,,62.96
72268,02656,8,1,7,40.36,,62.96
72269,02657,0,0,0,40.36,,62.96
72270,02658,0,0,0,40.36,,62.96
72271,02660,0,0,0,40.36,,62.96
72273,02662,0,0,0,40.36,,62.96
72274,02663,0,0,0,40.36,,62.96
72275,02664,0,0,0,40.36,,62.96
72276,02665,8,6,2,40.36,,62.96
72277,02667,10,8,2,40.36,,62.96
72278,02668,0,0,0,40.36,,62.96
72280,02673,0,0,0,40.36,,62.96
72281,02674,0,0,0,40.36,,62.96
72293,RF681,7,3,4,12.48,19.09,
72294,RF470,0,0,0,19.11,28.53,
72297,RF467,0,0,0,19.54,29.91,
72298,RF567,0,0,0,23.84,36.47,
72299,RF417,5,2,3,15.33,23.46,
72300,RF285,7,7,0,17.72,27.11,
72301,RF188,1,0,1,14.74,21.45,
72302,RF81,0,0,0,20.86,31.92,
72303,RF82,0,0,0,27.64,42.29,
72304,RF83,0,0,0,23.84,36.47,
72305,64011,0,0,0,464.15,777.99,
72311,165T-SS54,0,0,0,1688.89,,
72321,31-6262-00,10,4,6,19.35,,
72333,529-VW-S,124,60,64,322.63,,
72334,897-CW-S,0,0,0,345.16,,
72335,1197-CW-S,0,0,0,396.93,,
72337,529-VB-S,14,8,6,348.90,,
72339,829-VW-S,4,4,0,346.65,,
72340,1129-VW-S,0,0,0,367.66,,
72341,532-VW-S,17,7,10,992.19,,
72342,532-VW-RS,3,0,3,1045.25,,
72343,549-EW-S,0,0,0,407.43,,
72344,598-SW-S,5,1,4,336.15,,
72345,538-AW-S,4,0,4,295.62,,
72346,538-AB-S,2,1,1,319.63,,
72348,249ATP,0,0,0,946.17,,
72352,11001,1,1,0,13.75,24.99,
72354,11003,0,0,0,15.40,24.99,
72357,1140,12,6,6,29.23,,
72358,1143,5,2,3,35.09,,
72359,385310681,0,0,0,59.53,,
72360,1146,10,4,6,51.11,,
72361,1149,0,0,0,67.83,,
72362,1152,2,2,0,104.30,,
72363,61140,6,6,0,29.23,,
72364,61143,14,0,14,35.09,,
72366,61146,0,0,0,51.11,,
72367,61149,1,0,1,67.83,,
72368,61152,7,2,5,104.30,,
72370,1515-FT,250,250,0,1.40,,
72375,201913,41,37,4,6.87,13.99,
72376,201923,31,11,20,10.00,13.99,
72377,201933,56,30,26,6.87,13.99,
72386,104933,0,0,0,8.75,16.99,
72392,106913,6,4,2,8.17,18.99,
72394,106933,8,2,6,8.17,18.99,
72397,RF30100,6,4,2,20.83,31.87,
72402,RF30110,0,0,0,33.17,50.77,
72403,RF30141,0,0,0,18.52,28.33,
72404,110913,12,5,7,8.75,20.99,
72406,110933,5,4,1,8.75,20.99,
72414,301913,0,0,0,6.41,15.99,
72425,311933,3,3,0,6.87,15.99,
72426,R50304,3,0,3,386.71,571.50,
72435,103933,4,3,1,11.25,24.99,
72443,R69015,22,12,10,26.46,,
72449,88679,1,0,1,1341.17,,
72450,88679-1,1,0,1,1341.17,,
72451,105843,0,0,0,8.75,18.99,
72453,105863,0,0,0,8.75,18.99,
72460,40187,0,0,0,85.31,134.99,
72464,163032,11,0,11,27.21,,
72465,163001,10,2,8,74.99,,
72467,163501,7,7,0,82.99,,
72472,131932,23,14,9,24.40,,
72473,131901,5,0,5,61.22,,
72474,133532,3,0,3,25.90,,
72475,133501,5,2,3,65.42,,
72476,133132,1,1,0,33.36,,
72477,133332,11,5,6,24.99,,
72478,800136CS,0,0,0,7.69,,
72479,890146,21,14,7,12.75,,
72480,810176,25,24,1,11.76,,
72481,890171,9,8,1,13.50,,
72482,890142,57,43,14,12.75,,
72483,890143,33,27,6,12.75,,
72485,890172,17,10,7,12.95,,
72486,890144,41,23,18,13.99,,
72487,166232,15,7,8,7.99,,
72488,166022,37,36,1,4.99,,
72489,166622,40,40,0,5.22,,
72496,166322,30,30,0,7.09,,
72498,166920,1,1,0,2.98,,
72501,C1030D,14,1,13,99.87,,
72502,C1015D,21,8,13,99.87,,
72503,C1000D,17,6,11,99.87,,
72504,C1030ND,23,10,13,97.44,,
72505,C1015ND,24,10,14,97.44,,
72506,C1000ND,23,11,12,97.44,,
72507,C1030DS,12,8,4,109.62,,
72508,C1015DS,29,17,12,109.62,,
72509,C1000DS,14,1,13,109.62,,
72510,C2030D,7,7,0,99.87,,
72511,C2015D,17,10,7,99.87,,
72512,C2000D,1,0,1,99.87,,
72513,C2030ND,13,6,7,97.44,,
72514,C2015ND,18,2,16,97.44,,
72515,C2000ND,9,9,0,97.44,,
72516,C2030DS,7,7,0,109.62,,
72518,C2015DS,7,7,0,109.62,,
72519,C2000DS,4,4,0,109.62,,
72520,P1000DB,45,32,13,12.18,,
72521,P1000DW,40,29,11,12.18,,
72522,20621,0,0,0,63.83,106.99,
72523,P1015DB,40,26,14,12.18,,
72524,P1015DW,56,29,27,12.18,,
72525,20631,0,0,0,65.62,104.99,
72527,P2030W,19,12,7,12.18,,
72528,2000CS,2,0,2,8.53,,
72530,1000CS,1,0,1,8.53,,
72533,CBP,38,22,16,14.62,,
72534,RHS,0,0,0,36.54,,
72535,A3812,0,0,0,2.71,,
72536,EL3812,2,2,0,2.71,,
72537,T12,0,0,0,2.71,,
72538,20511,0,0,0,65.00,103.99,
72539,20521,0,0,0,65.00,103.99,
72542,40282,0,0,0,35.00,50.99,
72555,40289,3,2,1,9.70,,
72557,20541,5,3,2,110.97,185.99,
72572,010-12809-20,0,0,0,3374.99,,
72578,010-12765-00,0,0,0,41.24,,
72580,010-12784-01,5,1,4,26.24,,
72581,010-12784-00,2,2,0,26.24,,
72582,010-12784-02,0,0,0,29.99,,
72583,SET0225,0,0,0,88.57,,
72585,010-12531-01,25,5,20,18.75,,
72591,001-341-680-00,0,0,0,350.00,,
72602,20002,17,0,17,5.34,,
72603,20004,35,0,35,70.51,,
72605,20032,24,0,24,25.71,,
72607,20012,0,0,0,12.42,,
72610,25002,20,0,20,4.25,,
72612,25003,11,1,10,11.45,,
72613,25014,30,0,30,12.62,,
72614,25016,12,0,12,15.11,,
72616,MI-0012-STD,0,0,0,120.37,,
72618,RA0978600,2,2,0,0.86,,
72627,R70389,0,0,0,153.40,,
72633,T70216,5,3,2,1434.77,,
72634,QUAD-TAC-BK,6,2,4,28.41,44.99,
72636,QUAD-TAC-OD,2,2,0,32.61,44.99,
72662,480153,0,0,0,63.75,101.99,
72664,RA5205BK,0,0,0,102.56,,
72666,RH5329H,6,2,4,87.19,,
72685,40-518,0,0,0,18.21,,
72718,010-11967-00,5,0,5,26.24,,
72721,FX-4,0,0,0,53.44,,
72723,A80311,0,0,0,291.66,,
72767,ARG-500-P,4,1,3,172.22,,
72768,ARG-500-S,5,2,3,174.44,,
72769,ARG-500,0,0,0,206.67,,
72770,ARG-755-P,7,4,3,172.22,,
72771,ARG-755,4,2,2,205.00,,
72772,T70432,3,2,1,485.04,,
72773,T70433,2,1,1,591.02,,
72774,T70434,0,0,0,305.70,,
72782,ARG-750-P,8,2,6,176.67,,
72783,ARG-750-S,4,0,4,179.44,,
72784,ARG-750,3,2,1,223.33,,
72786,ARG-1000-P,7,4,3,244.44,,
72787,ARG-1000-S,9,4,5,251.67,,
72789,ARG-1000,2,2,0,310.56,,
72791,ARG-1250-P,2,0,2,265.56,,
72793,ARG-1250-S,10,6,4,267.78,,
72794,ARG-1250,3,1,2,346.11,,
72795,ARG-1500-P,5,2,3,399.44,,
72796,ARG-1500-S,5,3,2,405.00,,
72797,ARG-1500,0,0,0,493.33,,
72798,ARG-2000-P,5,2,3,431.11,,
72799,ARG-2000-S,3,3,0,428.89,,
72800,ARG-2000,0,0,0,536.11,,
72819,RK2201BK,0,0,0,10.96,,
72820,RK2202BK,0,0,0,21.50,,
72821,TM-10-101-24,14,0,14,210.84,,
72823,46-250-1,3,0,3,87.78,,
72824,46-250-2,7,0,7,81.71,,
72825,ASC-1250,5,1,4,106.11,,
72827,ASC-2000,0,0,0,150.00,,
72829,ASC-3000,0,0,0,275.00,,
72839,544-SSW-RS,0,0,0,1045.25,,
72841,BV-750,3,0,3,192.78,,
72842,BV-1000,1,1,0,232.22,,
72843,BV-1250,3,3,0,298.33,,
72844,BV-1500,2,0,2,275.45,,
72845,BV-2000,0,0,0,473.33,,
72846,199325,53,34,19,3.77,,
72847,BB-1,8,4,4,38.89,,
72848,BB-2,7,4,3,49.44,,
72853,FF-500,1,0,1,6.11,,
72855,FF-750,16,0,16,8.33,,
72857,FF-1000,23,20,3,10.00,,
72859,FF-1125,32,12,20,10.00,,
72861,FF-1250,7,3,4,16.11,,
72863,FF-1500,11,7,4,20.56,,
72865,FF-2000,7,2,5,47.78,,
72869,MM3-VNA-023,0,0,0,227.27,,
72883,PP4503,0,0,0,276.35,,
72887,700103,0,0,0,5.08,,
72891,FM4800,0,0,0,584.43,,695.00
72895,EIC102,4,2,2,131.26,,
72901,NAVPRO900,3,2,1,839.30,,
72902,NAVPRO900F,2,0,2,979.30,,
72903,NAVPRO1200,1,0,1,1749.30,,
72904,NAVPRO1200F,0,0,0,1889.30,,
72905,10-13406-104,1,1,0,149.00,,
72907,980013,0,0,0,228.49,382.99,
72911,A80565,12,7,5,85.22,,
72938,012105W,0,0,0,422.73,641.00,
72939,012104B,0,0,0,422.73,641.00,
72940,012106BW,0,0,0,448.91,712.00,
72941,012107C,0,0,0,619.32,940.00,
72943,001-600072,0,0,0,102.49,,
72952,RBA-100,0,0,0,45.00,,
72953,RA5000SL,1,1,0,111.54,,
72959,1104,0,0,0,194.35,,
72969,1428G00WHT,21,2,19,39.20,,
72994,010-12390-44,1,0,1,74.99,,
72996,GP2040-17,0,0,0,334.53,,
73005,163032CASE,0,0,0,376.77,,
73009,131932CASE,1,1,0,292.77,,
73010,133532CASE,0,0,0,362.62,,
73011,133132CASE,0,0,0,200.15,,
73012,133332CASE,1,0,1,145.00,,
73014,166322CASE,2,2,0,76.17,,
73018,P12072,0,0,0,450.00,,
73020,W739,0,0,0,13.37,,
73021,W732,3,3,0,13.37,,
73025,W737,0,0,0,8.45,,
73026,W740,0,0,0,5.28,,
73027,W741,0,0,0,5.63,,
73028,W742,7,4,3,5.45,,
73029,W746,8,4,4,10.03,,
73031,W743-DOUBLE,0,0,0,17.23,,
73032,W743-SS,0,0,0,19.88,,
73033,W748,0,0,0,10.03,,
73035,W755,0,0,0,76.85,,
73044,890146CASE,1,1,0,150.00,,
73045,810176CASE,2,2,0,153.45,,
73046,890171CASE,0,0,0,190.00,,
73047,890142CASE,4,3,1,150.00,,
73048,890143CASE,2,2,0,150.00,,
73049,890172CASE,0,0,0,181.23,,
73050,890144CASE,2,1,1,175.00,,
73052,M81136,0,0,0,2083.32,,
73054,JB-100716B,0,0,0,12.04,,
73061,480143,0,0,0,63.75,101.99,
73069,480343,0,0,0,63.75,101.99,
73071,48-YSP-4JH-E,2,0,2,568.29,,
73073,480043,0,0,0,63.75,101.99,
73074,480033,0,0,0,63.75,101.99,
73077,FTT641512000B00,5,3,2,150.21,,
73081,F7-537,25,25,0,1.61,,
73082,B45-DT-HB,0,0,0,245.27,324.99,
73096,731S-01422,0,0,0,19.11,,
73102,BM40AMPBT,6,5,1,241.93,369.99,
73103,TUBE,4,4,0,37.63,,
73106,R109LH,0,0,0,3056.18,,
73107,R70521,4,2,2,63.91,,
73108,010-12507-02,52,17,35,11.24,,
73110,GPX1212,1,1,0,374.99,,
73112,IPX1212,0,0,0,338.33,,409.95
73122,DVR100,6,6,0,39.47,,
73123,104,51,34,17,7.51,,
73124,TB0050,0,0,0,101.92,,
73125,TB0080,0,0,0,101.92,,
73126,TB0051,13,13,0,116.15,,
73127,TK-100,11,6,5,63.00,,
73128,TK-123,0,0,0,92.00,,
73129,TK-144,0,0,0,92.00,,
73130,TK-187,0,0,0,92.00,,
73131,TK-184,0,0,0,92.00,,
73132,TK-127,0,0,0,118.00,,
73133,TK-130,0,0,0,118.00,,
73134,TK-223,0,0,0,92.00,,
73135,TK-244,0,0,0,92.00,,
73136,TK-284,0,0,0,89.00,,
73137,TK-287,0,0,0,92.00,,
73138,TK-227,0,0,0,118.00,,
73139,TK-230,0,0,0,115.00,,
73140,BK0023,0,0,0,10.00,,
73141,BK0027,3,3,0,10.00,,
73142,BK0044,19,10,9,14.00,,
73143,P1030DB,19,10,9,12.18,,
73144,VGR001,9,9,0,35.56,,
73145,CB0001,2,2,0,24.89,,
73146,GB0001,0,0,0,12.44,,
73147,COV001,0,0,0,10.08,,
73148,L-202,2,2,0,20.15,,
73149,MS0001,0,0,0,15.41,,
73150,BC-100,9,6,3,30.93,,
73152,PC-100,11,7,4,29.87,,
73154,TSA001,1,1,0,9.48,,
73156,PC0001,12,12,0,12.00,,
73157,PC0004,0,0,0,12.00,,
73158,PCDCA1,0,0,0,30.81,,
73159,PCDCA4,0,0,0,30.81,,
73160,S-140,23,23,0,17.77,,
73162,SP0007,6,6,0,34.37,,
73164,SP0005,5,5,0,34.37,,
73168,RH-100,0,0,0,5.92,,
73171,FT-100,12,12,0,5.92,,
73172,GBK001,1,1,0,4.75,,
73173,RB-100,0,0,0,1.00,,
73174,ST-100,7,7,0,1.77,,
73177,TKB100,0,0,0,5.33,,
73178,SMC001,0,0,0,14.00,,
73179,SMB001,0,0,0,11.00,,
73180,ACE001,31,13,18,5.51,,
73181,V-120,8,8,0,47.41,,
73183,DD-100,20,20,0,49.77,,
73184,V-410,8,8,0,23.71,,
73199,010-02096-00,8,1,7,337.49,,
73200,010-02097-00,16,6,10,412.49,,
73201,010-02098-00,12,7,5,562.49,,
73206,010-12462-10,0,0,0,224.99,,
73207,010-12676-30,0,0,0,74.99,,
73208,010-12676-35,0,0,0,29.99,,
73209,88653,0,0,0,771.88,,
73216,770050,11,0,11,11.37,,
73217,770055,23,14,9,15.36,,
73218,770067,11,4,7,24.48,,
73219,770068,0,0,0,83.19,,
73220,GK-414,0,0,0,9.99,,
73221,770170,3,1,2,72.36,,
73222,770001,16,4,12,9.67,,
73223,770002,14,4,10,14.23,,
73224,770003,8,0,8,21.07,,
73225,770007,10,3,7,11.95,,
73226,770035,4,1,3,29.04,,
73227,770295,3,1,2,112.83,,
73229,770297-1,4,2,2,20.49,,
73230,770297-2,4,3,1,33.03,,
73231,770298-1,2,0,2,25.63,,
73233,770298-2,3,0,3,41.59,,
73242,770201,10,4,6,12.51,,
73243,770202,8,2,6,16.33,,
73244,770203,7,0,7,31.32,,
73245,770204,4,2,2,49.56,,
73246,770207,8,6,2,13.08,,
73250,0927DP0CHR,3,0,3,110.61,,
73251,0960DP0CHR,0,0,0,72.24,,
73252,8502DP,0,0,0,63.24,,
73253,0254B00DP1,7,3,4,53.64,,
73254,1181DP0CHR,7,3,4,52.37,,
73255,0947DP3CHR,4,0,4,44.97,,
73256,0947DP2CHR,9,2,7,38.95,,
73257,0931DP1BLK,3,3,0,38.23,,
73258,903000,3,3,0,21.63,,
73259,903001,2,1,1,19.35,,
73260,903002,13,4,9,7.97,,
73261,903003,4,1,3,26.19,,
73262,710215-1,9,9,0,71.42,,
73264,770030-1,2,2,0,48.69,,
73265,903008,6,2,4,23.91,,
73267,903011,1,1,0,27.91,,
73268,903018,3,2,1,31.89,,
73270,1421DP2CHR,6,5,1,36.97,,
73271,740158-1NB,108,108,0,204.55,,
73272,1092DP1BLK,12,7,5,38.13,,
73273,1134DP0CHR,0,0,0,32.69,,
73274,1137DP0CHR,0,0,0,32.69,,
73275,1634DP0CHR,8,4,4,32.00,,
73276,1637DP0CHR,8,4,4,32.00,,
73277,0323DP,12,7,5,31.29,,
73281,F16-0091,3,0,3,62.60,,
73282,010-10553-00,4,2,2,26.24,,
73283,MVP-J-GN-2XL,0,0,0,212.50,,
73284,MVP-J-GN-L,0,0,0,212.50,,
73285,MVP-J-GN-M,0,0,0,212.50,,
73290,480213,0,0,0,66.82,111.99,
73291,0932DP1BLK,8,4,4,31.08,,
73292,0932DP2BLK,0,0,0,31.08,,
73296,1440DP2CHR,18,8,10,30.38,,
73297,0956DP4CHR,7,6,1,23.05,,
73298,1318DPGBLK,15,8,7,21.97,,
73299,1319DPGBLK,0,0,0,21.97,,
73300,1101DP0CHR,8,2,6,20.56,,
73301,1198DP2CHR,3,3,0,16.43,,
73302,0481DP0BLK,7,4,3,12.01,,
73303,1125DP499A,11,6,5,82.80,,
73304,1125DP4CHR,9,4,5,104.50,,
73305,0052DP,19,10,9,11.93,,
73306,1269DP099A,5,5,0,10.79,,
73307,1223DP0CHR,0,0,0,10.25,,
73308,1199DP3CHR,37,20,17,10.24,,
73309,1199DP2CHR,0,0,0,9.97,,
73310,1199DP1CHR,15,1,14,9.19,,
73311,1287DP1CHR,19,19,0,9.19,,
73312,0492DP0STS,17,10,7,9.08,,
73313,0502DP2STS,7,0,7,9.73,,
73314,1242DP0CHR,18,6,12,5.99,,
73316,0502DP1STS,8,0,8,7.81,,
73317,0024DP1,15,6,9,6.43,,
73319,0477DP0BLK,13,6,7,6.43,,
73321,0610DP0CHR,13,10,3,5.03,,
73325,W736-SS,0,0,0,12.66,,
73331,RA2012010000,5,3,2,529.03,584.96,
73332,RA2018010000,6,3,3,682.87,755.06,
73333,RA2050010000,0,0,0,1961.43,2168.78,
73338,VP1135R24V,9,5,4,42.34,,
73339,VP1135G24V,4,3,1,42.34,,
73374,MM3-VNA-033,0,0,0,454.55,,
73378,205113,4,2,2,33.31,,
73382,130900-701-004-19,15,3,12,74.50,,
73391,103000-500-000-12,6,0,6,21.77,,
73392,103000-500-001-12,14,5,9,21.77,,
73393,103000-500-002-12,11,6,5,21.77,,
73394,103000-500-004-12,6,6,0,21.77,,
73395,103000-500-005-12,7,7,0,17.00,,
73402,103000-100-000-12,8,3,5,17.00,,
73403,103000-100-001-12,14,3,11,21.77,,
73404,103000-100-002-12,9,3,6,21.77,,
73405,103000-100-004-12,14,7,7,21.77,,
73406,103000-100-005-12,24,16,8,21.77,,
73408,152200-200-024-13,3,0,3,103.07,,
73422,"SILVERSTEER 1TB",0,0,0,1394.56,,
73425,"SILVERSTEER 2TB",3,1,2,1394.56,,
73426,SILVERSTEER1.0B,4,2,2,1156.56,,
73455,01-03-011,6,3,3,60.79,,
73456,01-03-012,3,2,1,61.40,,
73457,01-03-013,4,2,2,79.21,,
73458,01-03-014,2,2,0,81.29,,
73459,01-04-015,3,2,1,31.06,,
73460,01-04-016,2,2,0,34.18,,
73461,01-04-017,2,0,2,36.41,,
73462,01-04-018,10,6,4,38.64,,
73463,01-04-019,5,4,1,39.33,,
73464,01-66-025,6,5,1,14.07,,
73466,01-69-041,3,3,0,99.68,,
73482,03-01-001,4,2,2,112.41,,
73483,03-01-002,0,0,0,116.91,,
73484,03-01-003,1,1,0,127.72,,
73488,03-01-004,0,0,0,133.77,,
73490,03-01-005,5,1,4,92.72,,
73492,03-01-006,0,0,0,97.87,,
73495,03-01-015,0,0,0,115.82,,
73497,03-01-016,0,0,0,116.91,,
73505,104300-100-001-19,6,6,0,28.80,,
73506,03-02-007,0,0,0,516.50,,
73507,03-02-008,0,0,0,543.66,,
73508,03-02-009,0,0,0,465.31,,
73509,03-02-010,0,0,0,489.96,,
73510,03-66-011,6,6,0,26.66,,
73511,03-66-012,1,0,1,54.54,,
73512,04-01-001,4,3,1,76.35,,
73513,04-01-002,0,0,0,80.86,,
73514,04-01-003,3,2,1,91.66,,
73515,04-01-004,0,0,0,91.66,,
73520,04-01-005,2,2,0,122.26,,
73521,04-01-006,3,0,3,124.38,,
73525,04-03-009,1,1,0,106.95,,
73526,04-03-010,0,0,0,112.69,,
73529,07-01-001,0,0,0,199.45,,
73531,07-01-002,0,0,0,216.84,,
73532,07-01-003,0,0,0,199.45,,
73534,07-02-004,4,2,2,315.16,,
73536,07-02-005,0,0,0,331.12,,
73539,07-02-006,3,1,2,335.76,,
73540,07-02-007,0,0,0,352.18,,
73541,07-02-008,0,0,0,315.16,,
73542,07-02-009,0,0,0,331.12,,
73545,07-03-010,2,1,1,296.68,,
73547,07-03-011,0,0,0,312.38,,
73548,07-03-012,3,1,2,311.98,,
73549,07-03-013,0,0,0,325.81,,
73550,07-02-043,0,0,0,355.34,,
73551,07-02-044,0,0,0,376.27,,
73552,07-03-045,4,4,0,375.38,,
73553,07-03-046,0,0,0,397.08,,
73554,07-04-014,0,0,0,637.82,,
73555,07-04-015,0,0,0,657.15,,
73556,07-04-016,0,0,0,657.15,,
73557,07-04-017,0,0,0,657.15,,
73558,07-66-018,1,1,0,71.95,,
73559,07-66-019,2,2,0,172.41,,
73560,07-66-020,0,0,0,177.64,,
73561,07-66-021,0,0,0,193.87,,
73562,07-66-022,0,0,0,193.87,,
73563,07-66-023,0,0,0,17.18,,
73567,07-66-024,1,1,0,94.44,,
73568,07-66-025,5,3,2,59.99,,
73569,07-66-027,0,0,0,16.86,,
73570,07-66-028,0,0,0,18.11,,
73595,07-66-029,0,0,0,21.38,,
73597,07-66-031,0,0,0,106.88,,
73599,07-66-033,0,0,0,87.72,,
73606,07-66-034,0,0,0,58.38,,
73607,07-99-035,0,0,0,43.98,,
73608,07-99-036,0,0,0,61.47,,
73609,07-99-037,0,0,0,88.97,,
73611,07-99-042,0,0,0,136.70,,
73632,710274-1,6,6,0,84.41,,
73633,710295-1,3,0,3,181.82,,
73634,710280-1,0,0,0,219.71,,
73635,710297-1,7,3,4,181.82,,
73636,710282-1,2,0,2,363.66,,
73637,710285-1,1,1,0,98.48,,
73638,710290-1,3,3,0,212.13,,
73639,710276-1,0,0,0,97.40,,
73640,710275-1,3,0,3,84.41,,
73641,710287-1,1,0,1,121.21,,
73642,710286-1,0,0,0,106.06,,
73643,710277-1,0,0,0,84.41,,
73650,09-02-005,0,0,0,440.80,,
73652,09-02-006,0,0,0,440.80,,
73653,09-02-007,0,0,0,459.53,,
73655,09-02-008,0,0,0,459.53,,
73656,710291-1,0,0,0,212.13,,
73659,09-02-011,0,0,0,356.98,,
73660,09-02-012,0,0,0,356.98,,
73661,09-02-013,0,0,0,372.74,,
73662,09-02-014,0,0,0,372.74,,
73663,09-66-015,0,0,0,44.33,,
73664,09-66-016,0,0,0,44.33,,
73665,09-66-017,0,0,0,51.66,,
73666,10-02-001,0,0,0,54.35,,
73667,10-02-002,0,0,0,58.74,,
73669,10-02-003,0,0,0,137.56,,
73670,710278-1,0,0,0,84.41,,
73671,10-02-004,0,0,0,139.01,,
73672,710279-1,0,0,0,116.88,,
73673,10-02-005,0,0,0,175.05,,
73674,710284-1,0,0,0,401.54,,
73675,10-02-006,0,0,0,179.38,,
73677,10-03-007,0,0,0,143.87,,
73678,10-03-008,0,0,0,147.15,,
73679,10-03-009,9,9,0,186.99,,
73680,10-03-010,0,0,0,189.18,,
73681,10-01-011,0,0,0,172.51,,
73682,10-01-012,0,0,0,175.60,,
73683,10-01-013,0,0,0,172.51,,
73684,10-01-014,0,0,0,175.60,,
73685,740181-1,4,0,4,37.87,,
73686,740182-1,0,0,0,37.87,,
73687,740183-1,0,0,0,34.08,,
73688,740179-1,0,0,0,53.02,,
73689,780038-1,0,0,0,45.45,,
73690,740184-1,35,21,14,22.72,,
73700,DPT-R,1,0,1,545.63,,
73701,DPT-S-PLATE-02,0,0,0,177.19,,
73702,DPT-R-PLATE-01,4,1,3,94.50,,
73703,DPT-LB-01,2,1,1,202.50,,
73728,0162,2,2,0,32.60,,
73729,0163,6,6,0,32.60,,
73730,0375,5,5,0,11.88,,
73731,0376,8,8,0,12.00,,
73732,0377,12,12,0,16.44,,
73733,0378,8,8,0,16.79,,
73738,1355935,2,2,0,360.45,,
73739,1355963,1,1,0,540.67,,
73770,1355964,3,3,0,516.60,,
73771,1355979,1,1,0,574.23,,
73799,A06072,0,0,0,76.69,,
73801,A06077,9,5,4,29.82,,
73806,7315,0,0,0,81.56,,
73809,BPJDE2,0,0,0,411.73,494.08,
73814,360-004,16,4,12,35.35,,
73816,010-12117-06,0,0,0,18.75,,
73817,93070,0,0,0,21.59,,
73818,5624,0,0,0,14.14,,
73819,38023500,0,0,0,3915.76,,
73821,25-742-BL,0,0,0,62.51,,
73822,25-742-WHT,0,0,0,58.60,,
73823,35-741-BL,0,0,0,66.60,,
73824,35-741-WHT,0,0,0,66.60,,
73825,35-742-BL,0,0,0,65.10,,
73826,35-742-WHT,6,6,0,69.44,,
73828,45-741-BL,0,0,0,69.44,,
73830,7310,0,0,0,81.56,,
73844,TR3,8,2,6,377.78,,
73845,TR8,3,1,2,1252.33,,
73847,"TR3 SSP",2,2,0,41.03,,
73848,"TR8 SSP",0,0,0,50.80,,
73891,23003,0,0,0,26.24,,
73892,10052-32GA,21,12,9,15.06,,
73893,10190G40,3,3,0,11.77,,
73896,ML-005NWW,8,3,5,29.48,,
73897,S00-00522-08,2,0,2,11.27,,
73898,GP2080-17,0,0,0,385.44,,
73901,DPT-OA,0,0,0,646.88,,
73902,DPT-OA-PLATE-01,3,2,1,135.00,,
73905,DPT-R-PLATE-02,0,0,0,94.50,,
73908,DPT-C-PLATE-01,5,3,2,154.69,,
73909,DPT-C-PLATE-02,3,1,2,154.69,,
73912,DPT-S-PLATE-01,0,0,0,120.94,,
73913,DPT-S-PLATE-03,0,0,0,258.75,,
73952,F16-2500,6,4,2,43.33,,
73958,F16-3000,10,1,9,59.49,,
73964,17201203,0,0,0,1411.59,,
73972,G190200,4,2,2,18.56,,
73976,G191419,11,4,7,5.81,,
73980,G190315,18,6,12,9.43,,
73982,G190526,7,4,3,16.01,,
73984,010-12743-00,22,10,12,19.49,,
73985,010-12745-00,19,5,14,19.49,,
73986,010-12817-00,2,1,1,19.49,,
73987,010-12830-00,0,0,0,19.49,,
74003,SP-67739-T,6,3,3,37.35,,
74010,P100790,0,0,0,93.83,,
74015,5022,30,18,12,4.23,,
74016,E-4209-16,3,1,2,106.25,,
74017,010-12183-20,3,1,2,1949.99,2599.99,
74019,133316,12,6,6,15.07,,
74020,133216,6,0,6,18.45,,
74021,133116,13,7,6,19.82,,
74022,133632,3,0,3,24.99,58.97,
74063,010-01876-00,0,0,0,174.99,,
74067,010-12548-03,0,0,0,22.49,,
74070,56565,4,0,4,247.71,,
74071,53800,4,0,4,108.70,184.99,
74076,MDA-5,3,1,2,1000.30,,
74080,27638,0,0,0,220.94,,
74081,27580,21,12,9,219.00,314.99,
74082,10161A40,6,6,0,13.37,,
74083,10162A40,18,0,18,15.32,,
74084,10160A40,12,0,12,10.34,,
74085,010-12530-03,0,0,0,27.99,,
74087,010-12530-00,13,6,7,7.99,,
74089,10003GA,11,0,11,13.08,,
74093,16720A,8,0,8,11.30,,
74095,29542,8,8,0,4.35,,
74096,29543,4,4,0,6.57,,
74097,29554,5,0,5,5.53,,
74098,29791,15,6,9,23.78,,
74099,10800A,7,0,7,6.84,,
74100,10801A,3,3,0,5.14,,
74101,010-12771-01,0,0,0,67.99,,
74102,010-12771-00,2,2,0,39.99,,
74114,ME-01-210-60,43,26,17,166.13,,
74115,MF-02-310-24,19,0,19,150.69,,
74116,MF-05-550-24,0,0,0,203.95,,
74117,MG-01-110-70,0,0,0,46.67,,
74118,93-402,0,0,0,23.64,,
74119,97-50-310-12,0,0,0,21.94,,
74129,S72-0636-01,0,0,0,270.25,,
74141,GP1080-23,0,0,0,385.44,,
74142,RMX300-BK,0,0,0,27.56,43.99,
74166,GP1352,44,41,3,31.49,,
74167,GP1002,13,9,4,24.44,,
74168,GP1652,52,37,15,30.00,,
74172,010-11029-19,0,0,0,19.99,,
74173,BB-3,6,3,3,57.78,,
74174,12835,10,2,8,47.89,,
74179,FFC-500,16,10,6,10.00,,
74180,FFC-750,23,5,18,13.89,,
74181,FFC-1000,3,1,2,20.56,,
74182,FFC-1125,0,0,0,18.89,,
74183,FFC-1250,7,5,2,33.33,,
74184,FFC-1500,5,4,1,42.78,,
74185,FFC-2000,0,0,0,115.56,,
74186,IBV-250,0,0,0,13.89,,
74187,IBV-375,13,6,7,13.89,,
74188,IBV-500,24,12,12,18.89,,
74189,IBV-750,55,29,26,21.67,,
74190,IBV-1000,7,6,1,40.00,,
74191,IBV-1250,6,4,2,56.67,,
74192,IBV-1500,15,3,12,76.11,,
74194,IBV-2000,4,4,0,135.56,,
74195,IBV-250-S,5,3,2,31.67,,
74196,IBV-375-S,0,0,0,34.44,,
74197,IBV-500-S,0,0,0,42.22,,
74198,IBV-750-S,1,1,0,44.44,,
74199,IBV-1000-S,4,2,2,47.22,,
74200,IBV-1250-S,2,2,0,75.00,,
74201,IBV-1500-S,6,2,4,96.67,,
74202,IBV-2000-S,8,2,6,123.89,,
74207,29712,12,12,0,9.76,,
74208,10700A,32,6,26,3.98,,
74209,10701A,26,11,15,4.09,,
74210,10705A,4,0,4,7.24,,
74222,11052A,0,0,0,4.01,,
74230,IBVF-750,7,2,5,33.89,,
74231,IBVF-1000,3,1,2,36.67,,
74232,IBVF-1250,2,1,1,41.67,,
74233,IBVF-1500,3,0,3,53.89,,
74234,IBVF-2000,1,0,1,65.56,,
74235,IBVF-750-S,0,0,0,43.89,,
74236,IBVF-1000-S,2,2,0,47.78,,
74238,IBVF-1250-S,0,0,0,51.11,,
74239,IBVF-1500-S,0,0,0,57.78,,
74241,IBVF-2000-S,0,0,0,65.56,,
74247,PNC-500,1,1,0,9.44,,
74248,PNC-750,20,9,11,11.11,,
74249,PNC-1000,5,0,5,17.22,,
74250,PNC-1250,0,0,0,24.44,,
74251,PNC-1500,1,0,1,28.89,,
74252,PNC-2000,0,0,0,37.78,,
74253,PTH-500,18,0,18,4.44,,
74254,PTH-5062,4,0,4,5.00,,
74255,PTH-750,20,3,17,5.56,,
74256,PTH-1000,5,0,5,7.78,,
74257,PTH-1125,13,10,3,12.22,,
74258,PTH-1250,35,15,20,13.33,,
74259,PTH-1500,22,10,12,17.22,,
74260,PTH-2000,7,1,6,22.78,,
74265,PTH-750-S,0,0,0,9.44,,
74266,PTH-1000-S,0,0,0,12.22,,
74267,PTH-1250-S,7,3,4,16.67,,
74268,PTH-1500-S,8,5,3,21.11,,
74269,PTH-2000-S,0,0,0,35.00,,
74274,PTHC-750,30,23,7,8.89,,
74275,PTHC-1000,13,12,1,13.89,,
74276,PTHC-1125,10,5,5,18.33,,
74277,PTHC-1250,0,0,0,20.00,,
74278,PTHC-1500,8,4,4,27.78,,
74279,PTHC-2000,2,2,0,40.00,,
74289,TH-500-W,12,4,8,11.67,,
74290,TH-750-W,8,7,1,12.78,,
74291,TH-1000-W,34,18,16,18.33,,
74292,TH-1250-W,17,8,9,30.56,,
74293,TH-1500-W,16,4,12,39.44,,
74298,TH-2000-W,2,2,0,59.44,,
74299,TH-500-WS,11,7,4,12.22,,
74300,TH-750-WS,8,5,3,11.67,,
74301,TH-1000-WS,10,4,6,33.33,,
74302,TH-1250-WS,7,4,3,37.22,,
74303,TH-1500-WS,2,0,2,38.89,,
74304,TH-2000-WS,9,4,5,52.22,,
74318,LLB-32KW-01-00,1,1,0,49.38,,
74320,LLB-32LW-01-00,2,2,0,59.26,,
74335,97002,1,0,1,19.99,,
74370,"FBVE-750 12V",0,0,0,1134.00,,
74371,"FBVE-750 24V",0,0,0,1139.00,,
74372,"FBVE-1000 12V",0,0,0,1137.50,,
74373,"FBVE-1000 24V",1,1,0,1142.50,,
74374,"FBVE-1250 12V",2,0,2,1183.50,,
74375,"FBVE-1250 24V",0,0,0,1188.50,,
74376,"FBVE-1500 12V",3,1,2,1113.64,,
74377,"FBVE-1500 24V",0,0,0,1118.18,,
74378,"FBVE-2000 12V",0,0,0,1300.00,,
74379,"FBVE-2000 24V",0,0,0,1305.00,,
74380,"FBVE-2500 12V",0,0,0,1556.00,,
74381,"FBVE-2500 24V",1,1,0,1561.00,,
74382,"FBVE-3000 12V",0,0,0,1903.00,,
74383,"FBVE-3000 24V",0,0,0,1908.00,,
74384,LCD-5,0,0,0,1442.78,,
74385,FBV-750,9,9,0,46.11,,
74386,FBV-1000,9,2,7,63.89,,
74387,FBV-1250,4,0,4,78.89,,
74388,FBV-1500,6,2,4,106.67,,
74389,FBV-2000,5,1,4,172.78,,
74390,HF-B,2,0,2,528.89,,
74391,K-H,4,2,2,1508.33,,
74392,"K-H 12V",0,0,0,2344.44,,
74393,"K-H 24V",0,0,0,2355.56,,
74394,970-1500-12,4,2,2,2010.91,,
74395,APHS-1250-1,0,0,0,121.67,,
74396,APHS-2000-1,6,2,4,170.00,,
74397,APHS-3000-1,6,2,4,295.00,,
74398,BVS-750,3,0,3,446.00,,
74399,BVS-1000,3,3,0,582.00,,
74400,BVS-1250,4,1,3,761.00,,
74401,BVS-1500,2,0,2,891.00,,
74402,"CP-20 12V",5,3,2,250.00,,
74403,CV-50,2,0,2,17.22,,
74404,CV-75,0,0,0,20.56,,
74405,CV-100,5,2,3,27.22,,
74406,CV-125,0,0,0,51.11,,
74407,CV-150,0,0,0,77.78,,
74408,CV-200,0,0,0,116.11,,
74409,FV-250,17,1,16,14.44,,
74410,FV-375,18,11,7,14.44,,
74411,FV-500,26,9,17,22.78,,
74412,FV-750,12,4,8,27.78,,
74413,FV-590,33,33,0,16.67,,
74414,FV-590-S,15,13,2,27.22,,
74415,FV-450-X,4,0,4,75.56,,
74416,FV-550-L,2,0,2,95.00,,
74417,FV-65038,10,5,5,143.33,,
74431,12VBRS2,0,0,0,18.71,,
74437,P100791,0,0,0,96.62,,
74441,BHW4050,0,0,0,80.29,,
74444,41658,2,2,0,57.07,99.99,
74445,41659,0,0,0,89.49,149.99,
74446,41660,1,0,1,136.49,,
74450,41665,0,0,0,128.26,214.99,
74463,133632CASE,0,0,0,362.46,,
74464,133116CASE,2,1,1,123.69,,
74465,133216CASE,1,0,1,112.15,,
74466,133316CASE,2,1,1,89.99,,
74470,"A-2 WHITE",21,10,11,49.53,,
74471,"A-3 WHITE",21,10,11,66.31,,
74474,"A-1 WHITE",7,7,0,35.79,,
74479,10980,26,8,18,7.03,,
74483,29532,11,7,4,22.05,,
74488,10211G,7,7,0,6.04,,
74499,TM185HW,1,1,0,1066.67,,
74500,MMC-10F-HM,2,2,0,105.79,135.00,
74501,MMC-10F-L,0,0,0,104.18,135.00,
74502,TM185C-HW-MM,0,0,0,1022.40,1364.00,
74529,1908016,2,2,0,93.44,,
74536,GP1040-16,0,0,0,334.53,,
74541,13851,8,5,3,202.13,,
74542,13751,0,0,0,293.63,,
74544,HE-RGBSAC-1,1,0,1,49.37,86.99,
74571,010-12855-00,4,3,1,74.99,,
74573,905513BLK,9,2,7,212.85,372.99,
74574,110213BLK,0,0,0,294.11,492.99,
74575,202513BLK,0,0,0,153.92,257.99,
74580,EVO-1212F-HW,0,0,0,762.27,1051.40,
74581,EVO-1224F,0,0,0,762.27,1051.40,
74582,EVO-1224F-HW,0,0,0,762.27,1051.40,
74583,EVO-RC-PLUS,4,2,2,127.95,176.40,
74604,UMS108SR,1,1,0,139.99,,
74611,UMS77BR,4,4,0,199.99,,
74614,UMS88BR,0,0,0,309.09,409.99,
74634,SP201RG,8,1,7,99.99,,
74636,SB44G2,27,6,21,19.40,,
74637,SB44G1,71,32,39,18.99,,
74640,CVC620WPT,0,0,0,147.50,,
74662,13752,9,7,2,241.61,,
74664,13852,0,0,0,369.54,,
74665,1038,5,5,0,44.48,,
74667,1046,3,3,0,44.48,,
74668,12851,0,0,0,223.51,,
74670,33005,9,4,5,73.98,,
74672,13795,5,0,5,178.76,,
74673,KTF063,1,0,1,364.80,,
74682,RA-38M,0,0,0,23.75,,
74692,AH-100,3,0,3,74.21,,
74694,HH,3,0,3,16.15,,
74698,H002F00,2,0,2,66.41,,
74699,H003F00,1,0,1,20.23,,
74703,TDH-900,2,0,2,329.65,,
74704,17-59,2,0,2,97.05,,
74705,300-34,2,0,2,53.81,,
74706,300-35,5,0,5,108.14,,
74707,303-09,2,0,2,53.05,,
74708,32-97,4,2,2,304.36,,
74709,34-46,0,0,0,23.37,,
74710,34-48,3,0,3,47.92,,
74711,36-01,4,0,4,134.10,,
74714,45-06,2,0,2,76.71,,
74715,504-05,3,0,3,54.72,,
74716,504-11,6,2,4,65.32,,
74717,504-62,3,1,2,136.47,,
74718,504-82,3,0,3,158.18,,
74722,010-02091-00,0,0,0,2239.99,,
74723,010-02091-02,0,0,0,2319.99,,
74724,505-05,4,0,4,63.59,,
74727,505-11,4,1,3,73.76,,
74730,010-02092-00,0,0,0,2959.99,,
74731,506-05,4,0,4,76.13,,
74732,506-44,4,0,4,61.13,,
74733,010-02092-02,0,0,0,3359.99,,
74734,70-74,4,0,4,135.10,,
74735,70-75,3,0,3,143.78,,
74737,704-05,2,0,2,82.95,,
74738,704-11,3,1,2,93.95,,
74739,704-62,3,0,3,164.27,,
74740,704-92,0,0,0,234.72,,
74741,705-05,4,0,4,108.14,,
74742,705-92,4,0,4,230.17,,
74744,72-49,3,0,3,112.54,,
74745,010-02093-00,0,0,0,4559.99,,
74746,74-35,3,0,3,6.26,,
74747,010-02093-02,0,0,0,4959.99,,
74748,74-35-G,3,0,3,6.26,,
74749,74-36,4,0,4,6.26,,
74751,74-36-G,2,0,2,6.26,,
74753,77-18,2,0,2,8.24,,
74754,010-12833-10,6,3,3,224.99,,
74756,78-01,3,0,3,32.67,,
74757,010-02011-00,2,1,1,223.99,,
74758,78-02,2,0,2,41.60,,
74759,010-02011-01,1,0,1,223.99,,
74761,78-03,3,0,3,23.50,,
74762,78-05,4,0,4,29.62,,
74763,78-07,1,0,1,58.76,,
74764,78-17,2,0,2,78.14,,
74765,78-83,4,0,4,186.64,,
74769,63259,5,0,5,15.99,,
74774,R599C-LM,0,0,0,4782.21,6399.00,
74775,13130,6,4,2,47.89,,
74778,RAM33,0,0,0,21.25,,
74779,RAA33,0,0,0,33.13,,
74780,RA-24M,0,0,0,23.75,,
74781,RA-24A,0,0,0,31.25,,
74782,SWV-100-RD,0,0,0,231.25,,
74783,SWV-100-HV,0,0,0,231.25,,
74789,80307,1,1,0,39.99,,
74790,AB-1100-PRO-BK-S,0,0,0,284.38,,
74791,AB-1100-PRO-BK-M,0,0,0,284.38,,
74792,AB-1100-PRO-BK-L,0,0,0,284.38,,
74793,AB-1100-PRO-BK-XL,0,0,0,284.38,,
74794,AB-1100-PRO-BK-2XL,0,0,0,284.38,,
74795,AB-1100-PRO-NV-S,0,0,0,284.38,,
74796,AB-1100-PRO-NV-M,0,0,0,284.38,,
74797,AB-1100-PRO-NV-L,0,0,0,284.38,,
74798,AB-1100-PRO-NV-XL,0,0,0,284.38,,
74799,AB-1100-PRO-NV-2XL,0,0,0,284.38,,
74801,AB-1100-PRO-GN-S,0,0,0,284.38,,
74802,AB-1100-PRO-GN-M,0,0,0,284.38,,
74803,AB-1100-PRO-GN-L,0,0,0,284.38,,
74804,AB-1100-PRO-GN-XL,0,0,0,284.38,,
74805,AB-1100-PRO-GN-2XL,0,0,0,284.38,,
74806,FWBH-RD-S/M,3,0,3,70.63,,
74807,FWBH-HV-S/M,8,5,3,70.63,,
74808,FWBH-GN-S/M,0,0,0,70.63,,
74809,FWBH-BK-S/M,4,2,2,70.63,,
74810,FWBH-RD-L/XL,12,5,7,70.63,,
74811,FWBH-HV-L/XL,1,1,0,70.63,,
74812,FWBH-GN-L/XL,0,0,0,70.63,,
74813,FWBH-BK-L/XL,6,3,3,70.63,,
74814,MVP-J-GN-S,0,0,0,212.50,,
74815,MVP-J-GN-3XL,0,0,0,212.50,,
74816,MVP-J-BK-S,0,0,0,212.50,,
74817,MVP-J-BK-M,0,0,0,212.50,,
74818,MVP-J-BK-L,0,0,0,212.50,,
74819,MVP-J-BK-XL,0,0,0,212.50,,
74820,MVP-J-BK-2XL,0,0,0,212.50,,
74821,BHW4035,0,0,0,57.97,,
74822,MVP-J-BK-3XL,0,0,0,212.50,,
74823,MVP-J-HV-S,0,0,0,212.50,,
74824,MVP-J-HV-M,0,0,0,212.50,,
74825,MVP-J-HV-L,0,0,0,212.50,,
74826,MVP-J-HV-XL,0,0,0,212.50,,
74827,MVP-J-HV-2XL,0,0,0,212.50,,
74828,MVP-J-HV-3XL,0,0,0,212.50,,
74836,MVP-BP-BK-S,0,0,0,190.63,,
74838,MVP-BP-BK-M,0,0,0,190.63,,
74839,MVP-BP-BK-L,0,0,0,190.63,,
74840,MVP-BP-BK-XL,0,0,0,190.63,,
74841,MVP-BP-BK-2XL,0,0,0,190.63,,
74842,MVP-BP-BK-3XL,0,0,0,190.63,,
74844,LLB-51WO-91-10,7,4,3,147.93,,
74845,HBV-100-BK-M-XL,0,0,0,278.75,,
74846,HBV-100-BK-XL-3XL,0,0,0,295.00,,
74847,HBV-100-RD-M-XL,0,0,0,278.75,,
74848,HBV-100-RD-XL-3XL,0,0,0,295.00,,
74849,HBV-100-HV-M-XL,0,0,0,278.75,,
74850,HBV-100-HV-XL-3XL,0,0,0,295.00,,
74851,1850,6,3,3,329.65,,
74853,010-12167-00,0,0,0,7.49,,
74854,701S-00618,3,3,0,209.21,,
74864,9160,16,0,16,13.05,,
74865,S-0226SO,35,15,20,4.56,,
74866,S-0226SL,12,9,3,4.56,,
74867,S-0226A,68,31,37,4.70,,
74868,S-0226LO,31,13,18,5.26,,
74869,MM-9N,5,3,2,76.16,97.50,
74870,88850,1,1,0,1002.77,,
74872,88923,0,0,0,316.66,,
74873,88923-1,0,0,0,316.66,,
74874,88924,0,0,0,369.43,,
74875,88924-1,2,1,1,369.43,,
74879,88824,1,1,0,1372.21,,
74880,88824-1,2,1,1,1372.21,,
74881,SSM-76H,9,7,2,43.06,,
74882,88679-00,0,0,0,1899.99,,
74883,88679-01,2,1,1,1899.99,,
74896,88585,1,1,0,12.67,,
74898,FASP4881TVCFA00,0,0,0,402.85,,
74903,MFR-7,2,2,0,999.99,,
74907,13715,4,3,1,53.98,,
74909,40020156,0,0,0,1055.56,,
74919,KTF064,7,7,0,291.90,,
74921,5257-S,0,0,0,65.73,,
74922,PL-259-ER,27,27,0,9.96,,
74923,4078-20-ER,8,4,4,52.34,,
74931,RL-521,5,5,0,12.94,,
74932,RLS-407,0,0,0,24.19,,
74943,XT-DF-170-DV,0,0,0,803.57,984.00,
74945,XT-DF-170-DV-KIT,2,0,2,808.18,1220.00,
74946,XT-DF-170-J10,4,0,4,803.57,984.00,
74947,XT-DF-170-J10-KIT,2,0,2,997.10,1220.00,
74948,XT-DF-170-K6,4,1,3,803.57,984.00,
74949,XT-DF-170-K6-KIT,0,0,0,997.10,1220.00,
74950,XT-SF-170-DV,0,0,0,803.57,984.00,
74951,XT-SF-170-DV-KIT,2,0,2,997.10,1220.00,
74952,XT-SF-170-J10,2,0,2,803.57,984.00,
74953,XT-SF-170-J10-KIT,0,0,0,997.10,1220.00,
74954,XT-SF-170-K6,2,0,2,803.57,984.00,
74955,XT-SF-170-K6-KIT,2,0,2,997.10,1220.00,
74956,XT-VT-170-IR,0,0,0,477.25,539.00,
74957,XT-VT-170-K6,0,0,0,803.57,984.00,
74958,XT-VT-170-K6-KIT,2,2,0,997.10,1220.00,
74959,SG200,0,0,0,194.54,229.00,
74960,SG2-0100,1,0,1,112.83,128.00,
74961,SG2-0200,2,0,2,112.83,128.00,
74962,SG2-0300,1,0,1,48.65,54.99,
74963,SG2-0400,1,0,1,53.52,60.99,
74974,E70534-00-NAG,2,1,1,712.49,,
74976,E70534-05,0,0,0,511.11,,
74977,75155,0,0,0,8.45,,
74987,64544,0,0,0,187.25,,
74991,10615-01,0,0,0,40.95,,
74993,80-47232-03,0,0,0,375.43,,
74995,A80557,0,0,0,55.39,,
75000,R70651,1,1,0,42.60,,
75002,A80604,0,0,0,391.29,,
75003,T70448,0,0,0,692.92,,
75004,A80562,0,0,0,79.16,,
75005,A80558,0,0,0,85.22,,
75006,A80559,0,0,0,93.74,,
75007,E70524,13,4,9,403.52,,
75008,E70516,7,3,4,493.20,,
75009,E70517,2,2,0,692.92,,
75010,A80615,0,0,0,1462.49,,
75011,T70450,0,0,0,2166.66,,
75012,T70451,0,0,0,2166.66,,
75013,A80560,0,0,0,55.39,,
75038,03-1033-4PK,9,5,4,28.24,,
75050,RMX4400-11,0,0,0,392.72,,
75063,STADIUMMW1000AM,1,1,0,189.99,,
75068,KAPPA1010M,2,0,2,149.99,,
75069,KAPPA1050M,2,1,1,149.99,,
75084,01-0418-11,1,0,1,5999.99,,
75085,101584,7,2,5,90.83,,147.39
75086,101585,8,2,6,84.83,,134.89
75087,101586,13,6,7,503.87,,822.09
75088,101587,14,5,9,504.37,,822.89
75092,101574,5,2,3,53.04,,94.49
75093,101575,7,3,4,53.05,,94.49
75094,101576,6,3,3,54.32,,96.49
75103,101448,12,4,8,1007.53,,1602.39
75104,101449,9,4,5,1215.36,,1910.29
75105,OT-0318HD-VEL,4,2,2,1124.91,,
75108,4320,5,2,3,35.72,,
75109,4321,9,4,5,61.23,,
75110,4322,3,0,3,45.95,,
75112,4324,2,2,0,59.99,,
75113,4325,6,1,5,44.99,,
75114,4368,9,4,5,93.47,,
75115,4369,2,0,2,30.25,,
75116,6008,4,3,1,44.44,,
75117,6008200,11,6,5,36.56,,
75118,7440,0,0,0,32.46,,
75119,7441,0,0,0,32.46,,
75120,7442,7,2,5,32.46,,
75121,7443,1,1,0,32.46,,
75122,7444,19,9,10,32.46,,
75123,7445,10,5,5,32.46,,
75124,7446,6,1,5,32.46,,
75125,7454,0,0,0,32.46,,
75126,7455,0,0,0,32.46,,
75127,7456,0,0,0,32.46,,
75128,7457,10,5,5,32.46,,
75129,7458,8,3,5,32.46,,
75130,7459,4,2,2,32.46,,
75131,7870,1,1,0,39.34,,
75132,8300,19,19,0,17.00,,
75133,4363,12,3,9,37.62,,
75134,4364,0,0,0,17.68,,
75135,4365,10,6,4,50.92,,
75136,4366,6,5,1,75.85,,
75137,4367,2,0,2,20.54,,
75138,166100,3,1,2,319.23,,
75148,010-12799-12,7,3,4,89.99,,
75149,010-12799-02,16,2,14,26.24,,
75150,010-12798-02,8,5,3,44.99,,
75151,010-12799-11,12,2,10,74.99,,
75152,010-12799-01,89,33,56,22.49,,
75153,010-12798-01,0,0,0,37.49,,
75154,010-12799-10,0,0,0,59.99,,
75155,010-12799-00,20,14,6,18.75,,
75156,010-12798-00,0,0,0,37.49,,
75162,F38-6800D,7,1,6,173.23,,
75163,RM500B,48,15,33,59.10,,
75164,RM800B,37,2,35,81.17,,
75165,RM1100B,82,5,77,104.09,,
75166,RM500B-24,33,6,27,65.91,,
75168,RM800B-24,0,0,0,91.77,,
75169,RM1100B-24,37,19,18,107.90,,
75170,98B,41,15,26,127.12,,
75171,99B,14,11,3,130.05,,
75172,98B-24,31,9,22,130.05,,
75173,99B-24,31,15,16,146.44,,
75178,980503241,4,0,4,26.94,,
75179,980508241,5,3,2,26.94,,
75181,24DA-35A,12,6,6,49.14,,
75182,25DA-35A,19,9,10,65.67,,
75183,66A,45,15,30,17.85,,
75184,45DR,0,0,0,29.21,,
75195,A80513,29,21,8,18.61,,
75196,ARM102,0,0,0,117.61,,
75198,710292-1,11,7,4,363.66,,
75206,S2-6322,0,0,0,119.91,,
75207,S2-0329,0,0,0,119.91,,
75208,MGD-1XL,9,7,2,106.94,,
75214,HTH-500,23,11,12,11.67,,
75215,HTH-625,16,7,9,15.00,,
75216,HTH-750,2,2,0,17.78,,
75217,HTH-1000,16,10,6,24.44,,
75218,HTH-1125,12,8,4,27.22,,
75219,HTH-1250,10,10,0,32.22,,
75220,HTH-1500,16,14,2,40.56,,
75221,HTH-2000,7,5,2,52.78,,
75222,HTH-500-S,20,10,10,21.67,,
75223,HTH-625-S,10,0,10,18.89,,
75224,HTH-750-S,15,9,6,18.89,,
75225,HTH-1000-S,15,7,8,22.78,,
75226,HTH-1125-S,7,4,3,23.33,,
75227,HTH-1250-S,16,10,6,38.33,,
75228,HTH-1500-S,9,4,5,46.67,,
75229,HTH-2000-S,4,4,0,57.78,,
75230,HVL-500,0,0,0,162.22,,
75231,HVL-750,0,0,0,155.00,,
75232,HVL-1000,3,2,1,154.44,,
75233,HVL-1500,0,0,0,176.11,,
75234,HVL-2000,0,0,0,197.22,,
75235,PN-500,6,2,4,5.00,,
75236,PN-750,7,0,7,6.11,,
75237,PN-1000,15,9,6,10.56,,
75238,PN-1250,21,10,11,18.89,,
75239,PN-1500,9,2,7,20.00,,
75240,PN-2000,6,3,3,28.33,,
75241,PN-2500,3,0,3,37.22,,
75242,PN-3000,6,3,3,68.89,,
75243,PN-4000,0,0,0,103.33,,
75244,PGN-50,16,16,0,15.00,,
75245,"PJR-A 12V",0,0,0,1865.13,,
75246,"PJR-A 24V",1,0,1,1875.38,,
75247,"PJR-B 12V",0,0,0,2323.08,,
75248,"PJR-B 24V",0,0,0,2333.33,,
75251,"PSR 115VAC",0,0,0,2384.10,,
75252,"PSR 230VAC",0,0,0,2373.33,,
75253,PST-1,1,1,0,184.44,,
75254,PST-2,4,1,3,262.78,,
75255,PST-3A,3,1,2,646.00,,
75256,PST-4,0,0,0,902.22,,
75257,PST-5,0,0,0,1066.25,,
75258,PST-6,0,0,0,741.67,,
75259,PTHC-5062,13,7,6,7.22,,
75261,PTHD-750,19,7,12,10.00,,
75262,PTHD-1000,18,8,10,12.22,,
75263,PTHD-1250,11,5,6,18.33,,
75264,PTHD-1500,7,3,4,27.22,,
75265,PTHD-2000,6,0,6,35.56,,
75266,PTHD-2500,2,0,2,65.00,,
75267,PTHD-3000,0,0,0,85.00,,
75268,RSC-1000,0,0,0,46.67,,
75269,RSC-2000,9,4,5,71.67,,
75272,RSC-4000,2,2,0,291.58,,
75277,010-12613-00,4,2,2,19.49,,
75278,010-12614-00,12,0,12,19.49,,
75279,010-12615-00,4,0,4,32.49,,
75280,010-12616-00,3,1,2,35.75,,
75281,010-12618-00,6,3,3,45.49,,
75282,010-12619-00,2,0,2,48.75,,
75283,010-12620-00,2,0,2,64.99,,
75284,010-12621-00,7,4,3,12.99,,
75285,010-12622-00,6,0,6,12.99,,
75287,010-12850-00,21,0,21,38.99,,
75295,010-12831-00,2,1,1,162.49,,
75297,010-12831-90,0,0,0,194.99,,
75300,010-12744-00,0,0,0,29.24,,
75301,010-12744-01,0,0,0,42.24,,
75302,010-12744-02,2,0,2,58.49,,
75305,SC-1000-L,10,4,6,21.11,,
75306,SC-1500-L,7,3,4,36.11,,
75307,SC-2500-L,4,0,4,65.56,,
75308,SC-1000,6,3,3,34.44,,
75309,SC-1500,6,4,2,73.33,,
75310,SC-2500,7,3,4,91.67,,
75311,12825,0,0,0,146.98,,
75313,"SPO-60-N 12V",5,2,3,326.67,,
75314,"SPO-60-N 24V",4,2,2,332.22,,
75315,"SPO-60-R 12V",0,0,0,486.67,,
75316,"SPO-60-R 24V",0,0,0,492.22,,
75321,"SPO-80-N 12V",0,0,0,766.11,,
75322,"SPO-80-N 24V",0,0,0,771.67,,
75323,"SPO-80-R 12V",0,0,0,1002.22,,
75324,"SPO-80-R 24V",0,0,0,1007.78,,
75329,STH-500-W,9,3,6,19.44,,
75330,STH-750-W,11,4,7,24.44,,
75331,STH-1000-W,5,2,3,33.33,,
75332,STH-1250-W,4,0,4,47.78,,
75333,STH-1500-W,0,0,0,53.33,,
75334,STH-2000-W,3,1,2,92.22,,
75335,STH-2500-W,4,3,1,140.00,,
75336,"STK-18 12V",4,3,1,279.02,,
75337,"STK-18 24V",0,0,0,283.90,,
75338,"STK-18 115VAC",2,0,2,283.41,,
75339,SW-2531,66,35,31,16.32,,
75340,TD-500,11,10,1,6.67,,
75341,TD-750,9,7,2,55.00,,
75342,THT-530,3,2,1,116.67,,
75343,THXL-750-W,26,16,10,22.78,,
75344,THXL-1000-W,5,3,2,28.89,,
75345,THXL-1250-W,0,0,0,46.67,,
75346,THXL-1500-W,0,0,0,50.00,,
75347,THXL-2000-W,6,2,4,68.89,,
75348,THXL-750-WS,15,9,6,32.78,,
75349,THXL-1000-WS,2,2,0,35.56,,
75350,THXL-1250-WS,5,4,1,43.33,,
75351,THXL-1500-WS,5,3,2,43.89,,
75352,THXL-2000-WS,7,3,4,47.78,,
75353,TS-350-T,7,3,4,148.33,,
75354,TWV-500,8,4,4,28.89,,
75355,TWV-750,3,1,2,36.11,,
75356,TWV-1500,4,3,1,153.33,,
75357,ULUBE-3,17,0,17,16.84,,
75358,WSB-500,0,0,0,32.22,,
75359,WSB-750,12,4,8,33.89,,
75360,WSB-1000,12,5,7,52.78,,
75361,WSB-1250,3,2,1,55.00,,
75362,WSB-500-P,7,3,4,35.00,,
75363,WSB-750-P,4,1,3,36.67,,
75364,WSB-1000-P,3,2,1,56.67,,
75365,WSB-1250-P,0,0,0,58.33,,
75371,SBV-1250-P,5,2,3,420.00,,
75372,SBV-1500-P,2,0,2,492.00,,
75373,SBV-2000-P,2,0,2,540.50,,
75374,SBV-2500-P,3,2,1,813.00,,
75375,SBV-3000-P,0,0,0,1329.50,,
75376,HSTH-750-W,32,10,22,12.22,,
75377,HSTH-1000-W,11,4,7,19.44,,
75378,HSTH-1250-W,17,6,11,34.44,,
75379,HSTH-1500-W,21,14,7,50.00,,
75380,HSTH-2000-W,5,2,3,56.67,,
75381,HSTH-2500-W,0,0,0,119.44,,
75382,HSTH-3000-W,0,0,0,164.44,,
75383,HSTH-4000-W,0,0,0,716.11,,
75384,HSTHXL-750-W,8,0,8,22.22,,
75385,HSTHXL-1000-W,0,0,0,32.22,,
75386,HSTHXL-1250-W,1,1,0,50.00,,
75387,HSTHXL-1500-W,0,0,0,53.33,,
75388,HSTHXL-2000-W,0,0,0,72.22,,
75389,HTHC-750-S,5,3,2,30.56,,
75390,HTHC-1000-S,6,3,3,37.78,,
75391,HTHC-1250-S,2,1,1,60.00,,
75392,HTHC-1500-S,5,3,2,106.11,,
75393,HTHC-2000-S,0,0,0,97.78,,
75394,SCUS-1245,0,0,0,82.22,,
75395,SCUS-1250,0,0,0,80.56,,
75396,SCUS-1290,0,0,0,86.11,,
75397,SCUS-1500,4,0,4,82.78,,
75398,SCUS-1590,5,2,3,101.11,,
75400,48-510,3,0,3,78.89,,
75403,40-506,10,0,10,25.32,,
75405,46-450,2,0,2,113.24,,
75406,WRAPC2-P,0,0,0,12.43,,
75407,WRAPC3-P,0,0,0,12.29,,
75408,WRAPC4-P,3,0,3,14.80,,
75412,22610-9007,10,3,7,319.65,,
75413,22610-9507,2,0,2,355.99,,
75415,23095-0007-P,68,45,23,41.30,,
75448,2102,9,6,3,51.58,,
75451,2112A,7,5,2,34.67,,
75469,33762,7,7,0,206.85,,
75472,33763,15,8,7,207.99,,
75474,33864,9,7,2,202.03,,
75475,33861,0,0,0,409.91,,
75476,33863,4,4,0,208.66,,
75479,770205,3,1,2,61.53,,
75480,770206,0,0,0,102.00,,
75481,M81135,0,0,0,1833.32,,
75482,0124000PLB,10,10,0,88.33,,
75483,012400099B,10,5,5,39.89,,
75488,010-12769-01,0,0,0,59.99,,
75489,G190200CASE,0,0,0,72.22,,
75491,G191419CASE,1,0,1,33.86,,
75493,G190315CASE,3,1,2,55.00,,
75494,G190526CASE,0,0,0,93.49,,
75496,CS75IT5,0,0,0,4321.28,,
75498,CS100IT5,0,0,0,3494.30,,
75499,CW125IT5,0,0,0,2884.19,,
75503,CW125IT4,0,0,0,2777.97,,
75507,CW754,0,0,0,2469.30,,
75508,CW1004,0,0,0,3765.69,,
75509,M4100B12R,0,0,0,538.37,,
75510,M4100C12,1,0,1,528.67,,
75512,M4100P12,3,3,0,535.41,,
75513,M4100R12,0,0,0,556.71,,
75514,M5100B9R,0,0,0,617.87,,
75515,M5100C9,0,0,0,642.98,,
75516,M5100C9R,0,0,0,642.98,,
75517,M5100P9,0,0,0,584.73,,
75518,M5100R9,0,0,0,611.60,,
75519,"A-6 WHITE",0,0,0,354.11,,
75520,K00-00118-00,5,2,3,7.62,,
75521,B175C-20-L-MM,0,0,0,1170.14,1564.00,
75522,270113,22,8,14,15.54,,
75523,320101,13,8,5,60.24,,
75524,250101,9,6,3,66.27,,
75525,255101,5,5,0,66.67,,
75526,330101,2,0,2,66.01,,
75528,PP5200-16,0,0,0,392.72,,
75529,320000,7,4,3,29.80,,
75530,302603,10,4,6,1.98,,
75531,302606,0,0,0,10.94,,
75532,302624,0,0,0,19.23,,
75533,302648,0,0,0,6.63,,
75534,303602,0,0,0,2.00,,
75535,305606,7,2,5,8.94,,
75537,306903,0,0,0,4.36,,
75538,306906,5,1,4,10.57,,
75539,306948,12,10,2,17.26,,
75540,307602,0,0,0,3.93,,
75541,307603,8,5,3,5.90,,
75542,307606,0,0,0,9.92,,
75543,307903,0,0,0,5.90,,
75544,307924,7,3,4,17.99,,
75545,307948,7,3,4,20.48,,
75546,AIR-052-531,0,0,0,42.73,,
75549,AIR-335-661,0,0,0,81.82,,
75551,AIR-335-791,0,0,0,20.00,,
75552,327103,0,0,0,5.60,,
75553,AIR-335-792,0,0,0,20.00,,
75554,327106,0,0,0,7.29,,
75555,327603,0,0,0,5.60,,
75559,309302,0,0,0,479.76,,
75560,UP28R,2,0,2,628.68,,
75562,1852086,2,1,1,27.60,,
75563,MC70WH,0,0,0,22.60,,
75579,CS504-50W,0,0,0,740.95,,
75583,DE73104F,14,10,4,16.87,,
75584,DE73107F,18,10,8,15.61,,
75586,RF4054,3,0,3,55.53,84.96,
75587,RF4054A,0,0,0,55.53,84.96,
75588,RF4054B,0,0,0,55.53,84.96,
75589,GP1080-24,0,0,0,385.44,,
75590,BP-1,6,3,3,33.33,,
75591,BP-2,6,3,3,35.56,,
75592,BP-3,3,2,1,42.22,,
75593,BP-4,5,4,1,41.67,,
75594,BP-5,3,0,3,47.78,,
75595,BP-6,8,4,4,47.22,,
75596,BP-7,0,0,0,47.22,,
75597,BP-8,5,4,1,55.56,,
75598,BP-9,0,0,0,47.78,,
75599,BP-10,0,0,0,55.56,,
75600,BP-11,1,0,1,55.00,,
75601,BP-12,0,0,0,47.22,,
75602,BP-13,0,0,0,55.56,,
75603,BP-14,0,0,0,61.67,,
75604,BP-15,0,0,0,57.22,,
75606,BS-1,5,2,3,37.22,,
75607,BS-2,13,5,8,39.44,,
75608,BS-3,3,2,1,42.78,,
75609,BS-4,9,4,5,42.22,,
75610,BS-5,0,0,0,45.00,,
75611,BS-6,3,3,0,50.56,,
75612,BS-7,0,0,0,50.56,,
75613,BS-8,5,0,5,53.89,,
75614,BS-9,0,0,0,50.56,,
75615,BS-10,0,0,0,53.89,,
75616,BS-11,9,6,3,57.22,,
75617,BS-12,0,0,0,50.56,,
75618,BS-13,0,0,0,53.33,,
75619,BS-14,0,0,0,57.22,,
75620,BS-15,8,5,3,60.56,,
75621,BM-1,0,0,0,72.78,,
75622,BM-2,0,0,0,94.44,,
75623,BM-3,3,2,1,115.00,,
75624,BM-4,0,0,0,114.44,,
75625,BM-5,1,0,1,140.56,,
75626,BM-6,0,0,0,158.33,,
75627,BM-7,0,0,0,158.33,,
75628,BM-8,0,0,0,190.56,,
75629,BM-9,0,0,0,158.89,,
75630,BM-10,0,0,0,190.56,,
75631,BM-11,0,0,0,226.67,,
75632,BM-12,6,3,3,109.99,,
75633,BM-13,0,0,0,190.56,,
75634,BM-14,0,0,0,226.11,,
75635,BM-15,0,0,0,260.00,,
75636,19-1040,0,0,0,45.61,,
75637,010-12165-04,0,0,0,7.49,,
75643,010-12550-00,8,4,4,22.49,,
75647,A80564,2,2,0,68.17,,
75648,A80290,3,1,2,83.32,,
75649,A06078,0,0,0,34.08,,
75651,T70293,6,3,3,407.60,,
75652,A80049,2,0,2,1149.17,,1379.00
75653,A102150,0,0,0,76.69,,
75655,T12217,0,0,0,157.66,,
75656,A80012,0,0,0,1433.97,,1759.00
75657,556TID-HDD,0,0,0,1111.11,,
75682,FX-4MARINE2-PACK,0,0,0,80.19,,
75683,OCTAF1012,5,4,1,456.90,,
75685,OCTAF1212,4,2,2,492.24,,
75686,OCTAF2012,2,1,1,683.56,,
75692,SM-ACC-ACRE-240,6,2,4,82.80,,101.91
75693,T70452,2,1,1,1365.48,,
75696,E3009W,0,0,0,1166.30,1852.00,
75697,E3009B,0,0,0,1166.30,1852.00,
75698,E3009BW,0,0,0,1301.09,2066.00,
75700,E6009BW,0,0,0,1602.17,2545.00,
75701,E6009CD,0,0,0,1750.00,2659.00,
75754,101-001,4,3,1,278.79,,313.63
75755,101-001-B,0,0,0,278.79,,313.63
75756,ZDIGWLN10SM,7,3,4,155.80,,
75757,101-002,6,2,4,278.79,,313.63
75758,101-002-B,0,0,0,278.79,,313.63
75762,101-004,0,0,0,398.65,,448.49
75764,101-004-B,0,0,0,398.65,,448.49
75774,261213,0,0,0,140.19,234.99,
75775,261313,0,0,0,187.33,313.99,
75792,101059,5,5,0,16.13,,28.29
75793,101061,8,3,5,15.80,,27.79
75796,12802,0,0,0,24.31,,
75803,DPT-R-COMP,1,1,0,537.19,,
75806,201-004,3,2,1,447.67,,503.62
75807,201-004-B,0,0,0,447.67,,503.62
75812,201-010,2,1,1,398.65,,448.49
75813,201-010-B,0,0,0,398.65,,448.49
75816,201-011,1,0,1,683.71,,769.17
75860,201-011-B,0,0,0,683.71,,769.17
75872,201-013V,0,0,0,541.75,,609.47
75873,201-013V-B,0,0,0,541.75,,609.47
75874,83551,0,0,0,1045.92,,
75876,83552,0,0,0,823.83,,
75877,83555,0,0,0,1083.46,,
75878,83556,0,0,0,775.56,,
75879,83559,0,0,0,991.71,,
75881,83560,0,0,0,1016.92,,
75882,83561,0,0,0,785.89,,
75890,301-001,8,4,4,313.21,,352.36
75891,301-001-B,3,2,1,313.21,,352.36
75892,301-001ST,0,0,0,651.15,,732.54
75893,301-001ST-B,0,0,0,651.15,,732.54
75894,301-002,9,4,5,313.21,,352.36
75895,09-47165-01,0,0,0,15.85,,
75896,A80544,1,0,1,224.99,,
75898,63803,4,3,1,49.99,,
75899,606-32,16,4,12,9.47,,
75900,607-32,6,0,6,6.75,,
75901,608-32,11,8,3,15.18,,
75902,812-32,28,11,17,14.25,,
75903,870-32,9,5,4,13.81,,
75904,875-32,5,1,4,15.63,,
75905,880-32,11,5,6,8.09,,
75908,826-86,9,0,9,11.99,,
75912,905Q,3,3,0,9.47,,
75913,905G,5,5,0,23.44,,
75915,926,21,11,10,12.40,,
75916,925,0,0,0,11.03,,
75917,912,4,4,0,12.51,,
75918,950,6,2,4,12.88,,
75920,970,8,3,5,6.88,,
75921,975,0,0,0,16.56,,
75922,2032,11,1,10,10.23,,
75925,301-002-B,5,2,3,313.21,,352.36
75926,301-002ST,0,0,0,651.15,,732.54
75927,301-002ST-B,0,0,0,651.15,,732.54
75932,301-006,8,3,5,406.31,,457.09
75933,301-006-B,2,0,2,406.31,,457.09
75938,61429,3,0,3,235.00,,
75939,61430,2,2,0,199.00,,
75943,301-006ST,0,0,0,813.63,,915.34
75945,61427,2,1,1,281.07,,
75947,301-006ST-B,0,0,0,748.83,,842.43
75958,301-101,0,0,0,920.91,,1036.02
75959,301-101-B,0,0,0,920.91,,1036.02
75960,301-101ST,0,0,0,1758.12,,1977.89
75961,301-101ST-B,0,0,0,1758.12,,1977.89
75962,301-102,0,0,0,920.91,,1036.02
75963,301-102-B,0,0,0,920.91,,1036.02
75964,301-102ST,0,0,0,1754.52,,1977.89
75965,301-102ST-B,0,0,0,1758.12,,1977.89
75966,301-105,0,0,0,1229.01,,1382.63
75967,301-105-B,0,0,0,1229.01,,1382.63
75968,301-105ST,0,0,0,2009.27,,2260.43
75969,301-105ST-B,0,0,0,2009.27,,2260.43
75970,301-106,0,0,0,1105.09,,1243.23
75971,301-106-B,0,0,0,1105.09,,1243.23
75973,301-106ST,0,0,0,2009.27,,2260.43
75974,301-106ST-B,0,0,0,2009.27,,2260.43
75976,301-107,0,0,0,1105.09,,1243.23
75977,301-107-B,0,0,0,1105.09,,1243.23
75978,301-108,0,0,0,1105.09,,1243.23
75979,301-108-B,0,0,0,1105.09,,1243.23
75980,301-108ST,0,0,0,1758.12,,1977.89
75981,301-108ST-B,1,1,0,1758.12,,1977.89
75982,301-109,0,0,0,1105.09,,1243.23
75983,301-109-B,0,0,0,1105.09,,1243.23
75984,301-109ST,0,0,0,1758.12,,1977.89
75985,301-109ST-B,0,0,0,1758.12,,1977.89
75997,PWSA-751,15,7,8,6.11,,
75998,PWSA-1001,25,17,8,8.33,,
75999,PWSA-1251,1,1,0,8.33,,
76006,WSA-751,24,13,11,5.00,,
76007,WSA-1001,14,6,8,21.11,,
76008,WSA-1251,0,0,0,6.11,,
76013,93-1250-01,5,0,5,9.99,,
76015,93-2000-01,4,2,2,23.33,,
76016,93-3000-01,6,4,2,40.56,,
76023,93-1250-02,3,1,2,12.78,,
76024,93-2000-02,0,0,0,21.11,,
76026,93-3000-02,5,5,0,32.78,,
76027,93-1250-03,0,0,0,11.11,,
76028,93-2000-03,7,3,4,23.89,,
76030,93-3000-03,8,4,4,40.56,,
76038,ARG-1001-PC,1,1,0,22.78,,
76039,ARG-1501-PC,16,5,11,26.11,,
76040,TSM810C-01,0,0,0,2634.41,,
76041,ARG-501-PC,0,0,0,15.56,,
76042,ARG-503,6,4,2,37.78,,
76043,ARG-753,6,4,2,43.89,,
76044,ARG-1003,7,4,3,55.56,,
76045,ARG-1253,8,4,4,62.22,,
76046,ARG-1503,8,3,5,90.00,,
76047,ARG-2003,5,3,2,107.78,,
76053,101060,17,6,11,15.65,,27.39
76067,A2K-GCF-0.25M,5,1,4,49.08,,
76070,02-300-512,0,0,0,961.25,1230.40,
76071,GP1040-32,0,0,0,334.53,,
76072,01052,5,5,0,3.87,,
76082,815CAXBX,28,17,11,59.60,69.99,
76084,010-10253-00,23,23,0,14.99,,
76086,385230980,2,2,0,127.59,,
76087,385310151,0,0,0,21.25,,
76088,810073,18,9,9,24.13,51.97,
76090,165001,30,11,19,59.99,146.97,
76092,SPD-13-W,0,0,0,455.63,,
76093,010-12163-00,1,0,1,26.24,,
76094,SPH-13-W,2,2,0,427.50,,
76095,SPD-9-W,1,1,0,427.50,,
76096,SPH-9-W,2,1,1,371.25,,
76098,SV-1,0,0,0,81.25,,
76102,980520601,8,4,4,79.39,,
76105,352,37,23,14,15.15,,
76106,"GPB-1 12V",0,0,0,313.33,,
76107,GPBR-1,0,0,0,459.44,,
76111,40200,0,0,0,65.00,89.99,
76130,A80614,0,0,0,166.66,,
76131,A06082,16,9,7,34.08,,
76132,A06083,0,0,0,34.08,,
76133,A06084,0,0,0,34.08,,
76134,93096,0,0,0,14.14,,
76136,2018,4,0,4,15.37,,
76139,93272,0,0,0,3.47,,
76152,ELCIBRKR30SS,0,0,0,627.24,927.00,
76153,ELCIBRKR50SS,7,4,3,654.65,967.50,
76157,ELCIBRKR30PW,1,1,0,487.18,720.00,
76158,ELCIBRKR50PW,3,3,0,517.63,765.00,
76165,PKF30,2,0,2,56.03,82.80,
76166,PKF50,8,5,3,79.17,117.00,
76167,PKM30,7,0,7,59.08,87.30,
76168,PKM50,12,6,6,59.08,87.30,
76169,PKF30G,1,0,1,24.36,36.00,
76170,PKF50G,6,0,6,34.72,51.30,
76173,93072,0,0,0,12.71,,
76174,SF200B,2,0,2,341.18,,
76181,556TID-LTD/12,0,0,0,888.89,,
76216,010-01248-60,1,1,0,862.49,,
76226,P101E12,2,2,0,701.22,,
76227,P102E12,0,0,0,724.36,,
76229,121613,0,0,0,675.34,1131.99,
76232,010-12717-30,0,0,0,32.49,,
76233,010-12717-20,0,0,0,38.99,,
76236,010-12846-02,2,0,2,22.49,,
76237,010-12846-01,10,0,10,26.24,,
76238,010-12846-00,0,0,0,22.49,,
76239,010-11824-01,0,0,0,7.49,,
76240,A2C1352150002,0,0,0,1296.62,2086.92,
76241,A2C1352150003,1,1,0,1399.99,2979.90,
76242,A2C1865330001,3,2,1,779.99,1421.01,
76243,A2C1352150001,0,0,0,435.85,786.42,
76244,A2C1352090001,0,0,0,171.56,318.60,
76245,A2C1352080001,0,0,0,171.56,318.60,
76247,A2C1352010001,0,0,0,171.56,318.60,
76248,A2C1351990001,0,0,0,171.56,318.60,
76249,A2C1351980001,0,0,0,171.56,318.60,
76250,A2C1351970001,0,0,0,171.56,318.60,
76251,A2C1349730001,0,0,0,48.05,89.10,
76254,A2C1349700001,0,0,0,48.05,89.10,
76262,A2C1066150001,0,0,0,48.05,89.10,
76263,A2C1066140001,0,0,0,48.05,89.10,
76264,A2C1066130001,0,0,0,48.05,89.10,
76265,RA2028211300,0,0,0,2444.68,2640.25,
76266,RA2028211400,0,0,0,2444.68,2640.25,
76267,RA2034211300,0,0,0,2444.68,2640.25,
76268,RA2034211400,0,0,0,2444.68,2640.25,
76269,RA2040211300,0,0,0,2444.68,2640.25,
76270,RA2040211400,0,0,0,2444.68,2640.25,
76271,RA2046211300,0,0,0,2444.68,2640.25,
76272,RA2046211400,0,0,0,2444.68,2640.25,
76273,RA2050211300,0,0,0,2444.68,2640.25,
76274,RA2050211400,0,0,0,2444.68,2640.25,
76277,020-00200-10,0,0,0,277.49,,
76279,1510,0,0,0,53.54,,
76281,RA2028214100,0,0,0,4308.93,5096.85,
76282,RA2028214200,0,0,0,4719.31,5096.85,
76284,RA2028215100,0,0,0,4719.31,5096.85,
76285,RA2028215200,0,0,0,4719.31,5096.85,
76286,RA2034214100,1,0,1,3984.22,,
76287,RA2034214200,0,0,0,4719.31,5096.85,
76288,RA2034215100,0,0,0,4719.31,5096.85,
76289,RA2034215200,0,0,0,4719.31,5096.85,
76290,RA2040214100,1,0,1,4308.93,5096.85,
76291,RA2040214200,0,0,0,4719.31,5096.85,
76292,RA2040215100,0,0,0,4719.31,5096.85,
76293,RA2040215200,0,0,0,4719.31,5096.85,
76294,RA2046214100,0,0,0,4875.89,5767.49,
76295,RA2046214200,0,0,0,5340.26,5767.49,
76296,RA2046215100,0,0,0,5340.26,5767.49,
76297,RA2046215200,0,0,0,5340.26,5767.49,
76298,RA2050214100,0,0,0,4875.89,5767.49,
76299,RA2050214200,0,0,0,5340.26,5767.49,
76300,RA2050215100,0,0,0,5340.26,5767.49,
76301,RA2050215200,0,0,0,5340.26,5767.49,
76303,OC16SUK08,0,0,0,43.08,,
76304,SCM-DL-WBR,3,2,1,79.00,,109.00
76308,SCM-CL-BB/GW,2,0,2,26.90,,37.95
76309,SCM-CL-RGB,3,0,3,26.90,,37.95
76312,A2C1066120001,0,0,0,48.05,89.10,
76313,A2C1066110001,0,0,0,48.05,89.10,
76314,A2C1066100001,2,2,0,42.99,89.10,
76315,80-511-0001-00,0,0,0,39.41,,
76316,80-511-0003-00,0,0,0,37.35,,
76317,A2C1066090001,1,1,0,40.00,89.10,
76318,A2C1066080001,7,3,4,48.05,89.10,
76321,A2C1066050001,0,0,0,48.05,89.10,
76322,A2C1066040001,0,0,0,48.05,89.10,
76325,88152-3,2,0,2,5.58,,
76326,A2C1066030001,2,2,0,19.99,89.10,
76327,A2C1066020001,0,0,0,48.05,89.10,
76328,A2C1066010001,0,0,0,48.05,89.10,
76329,A2C1066000001,0,0,0,48.05,89.10,
76331,A2C1065980001,2,2,0,43.99,89.10,
76332,A2C1065970001,3,1,2,32.99,89.10,
76333,A2C1065950001,2,1,1,39.99,89.10,
76334,A2C1065940001,0,0,0,48.05,89.10,
76335,A2C1065930001,1,1,0,48.05,89.10,
76336,A2C1065920001,0,0,0,48.05,89.10,
76337,A2C1065910001,0,0,0,48.05,89.10,
76338,A2C1065900001,1,0,1,19.99,89.10,
76339,A2C1065890001,0,0,0,48.05,89.10,
76342,A2C1065860001,2,0,2,43.99,89.10,
76343,A2C1065850001,0,0,0,48.05,89.10,
76345,A2C1065840001,0,0,0,48.05,89.10,
76347,A2C1065830001,1,0,1,43.99,89.10,
76349,A2C1065820001,1,1,0,154.68,287.19,
76351,A2C1065810001,4,2,2,129.99,287.19,
76353,A2C1065720001,2,0,2,134.99,287.19,
76355,A2C1065670001,1,1,0,134.99,287.19,
76360,A2C1065660001,0,0,0,154.68,287.19,
76369,19-0423,0,0,0,18.16,,
76370,A2C59501980,0,0,0,278.18,447.75,
76371,A2C59501984,3,1,2,399.09,675.99,
76372,A2C59501981,0,0,0,544.94,923.13,
76373,80-511-0002-00,0,0,0,37.35,,
76374,80-511-0004-00,8,5,3,37.35,,
76375,80-511-0009-00,8,4,4,37.24,,
76376,80-511-0006-00,0,0,0,37.35,,
76377,80-511-0008-00,1,1,0,37.35,,
76380,80-511-0010-00,0,0,0,38.02,,
76381,80-511-0031-00,15,11,4,14.13,,
76397,GP1900-11,0,0,0,319.99,,
76401,ZDIGNLINK,8,4,4,219.54,,
76407,H001F00,3,0,3,43.46,,
76408,H004F00,3,0,3,29.21,,
76409,H005F00,4,0,4,54.21,,
76411,IRID-INT-9555,0,0,0,33.33,,
76412,H006F00,3,0,3,46.99,,
76413,H007F00,0,0,0,26.13,,
76416,23-145A,6,6,0,112.84,,
76418,1001755,2,2,0,598.87,754.60,
76419,E70532,4,4,0,479.99,,
76420,E70534,0,0,0,427.77,,
76421,E70536,0,0,0,1099.99,,
76422,310ST-100-125,3,1,2,64.99,,
76425,316-689,3,2,1,64.99,,
76427,673ST-1-14,2,1,1,41.99,,
76432,831ST-3-DISK,2,2,0,99.99,,
76434,832ST-3-125,4,2,2,89.99,,
76435,832ST-7-125,2,2,0,89.99,,
76436,856WH-345,2,0,2,64.99,,
76437,878ST-1V,6,4,2,29.99,,
76438,963PT-55,3,2,1,54.99,,
76439,963SB-55,1,0,1,59.99,,
76444,32181,4,1,3,8.96,17.99,
76446,32183,40,22,18,8.75,17.99,
76452,60918,5,3,2,80.50,,
76456,104213,0,0,0,173.01,289.99,
76460,173613,0,0,0,196.27,328.99,
76464,MSK-EXT,0,0,0,39.77,57.30,
76465,010-12133-00,0,0,0,3.75,,
76466,MA-OC8,143,75,68,44.99,,
76467,RA2028011300,0,0,0,3143.64,3475.97,
76468,RA2028011400,0,0,0,3143.64,3475.97,
76469,RA2034011300,0,0,0,3256.55,3600.81,
76470,RA2034011400,0,0,0,3256.55,3600.81,
76471,RA2040011300,0,0,0,3443.17,3807.16,
76472,RA2040011400,0,0,0,3443.17,3807.16,
76473,RA2046011300,0,0,0,3723.10,4116.69,
76474,RA2046011400,0,0,0,3723.10,4116.69,
76475,RA2050011300,0,0,0,3816.41,4219.86,
76476,RA2050011400,0,0,0,3816.41,4219.86,
76477,40335,1,1,0,93.95,169.99,
76478,RA2028014100,0,0,0,4875.89,5767.49,
76479,RA2028014200,0,0,0,5216.07,5767.49,
76480,RA2028015100,0,0,0,5216.07,5767.49,
76481,400203,0,0,0,211.19,353.99,
76482,RA2028015200,0,0,0,5216.07,5767.49,
76483,400213,0,0,0,211.78,354.99,
76485,RA2034014100,0,0,0,5032.90,5953.20,
76486,RA2034014200,0,0,0,5384.03,5953.20,
76487,400233,0,0,0,212.39,355.99,
76488,RA2034015100,0,0,0,5384.03,5953.20,
76489,400243,1,0,1,211.78,354.99,
76490,400253,0,0,0,305.45,511.99,
76491,RA2034015200,0,0,0,5384.03,5953.20,
76492,400263,0,0,0,306.05,512.99,
76494,400283,0,0,0,306.65,513.99,
76495,400293,0,0,0,305.45,511.99,
76496,RA2040014100,1,0,1,5181.18,6128.60,
76497,RA2040014200,0,0,0,5542.66,6128.60,
76498,RA2040015100,0,0,0,5542.66,6128.60,
76499,RA2040015200,0,0,0,5542.66,6128.60,
76500,RA2046014100,0,0,0,5861.54,6933.37,
76501,RA2046014200,0,0,0,6270.49,6933.37,
76502,RA2046015100,0,0,0,6270.49,6933.37,
76503,RA2046015200,0,0,0,6270.49,6933.37,
76504,RA2050014100,0,0,0,6254.05,7397.65,
76505,RA2050014200,0,0,0,6690.38,7397.65,
76506,RA2050015100,0,0,0,6690.38,7397.65,
76507,RA2050015200,0,0,0,6690.38,7397.65,
76508,B175M/12,0,0,0,1155.56,,
76509,B175M/20,0,0,0,1422.22,,
76510,B75M,0,0,0,666.67,,
76511,B150M,1,1,0,404.25,449.00,
76512,B785M,0,0,0,800.00,,
76513,SS75M/12,0,0,0,666.67,,
76514,SS75M/20,1,1,0,666.67,,
76515,TM185M,1,0,1,888.89,,
76516,B285M,0,0,0,1155.56,,
76517,SS75H/20,0,0,0,666.67,,
76518,B175HW/20,0,0,0,1244.44,,
76520,480083,0,0,0,66.82,111.99,
76521,480093,22,17,5,63.91,111.99,
76522,480103,0,0,0,66.82,111.99,
76528,480333,0,0,0,66.82,111.99,
76540,80-600-0022-00,0,0,0,354.11,,
76541,400-034,0,0,0,185.57,,208.77
76542,SPC10,6,4,2,29.33,,
76543,SPC15T,6,2,4,61.25,,
76546,304874020,2,0,2,1403.83,,
76547,C5050-12-00015,3,0,3,21.80,,
76548,C5050-12-00025,7,0,7,28.52,,
76550,C5050-16-00025,12,12,0,38.68,,
76551,C5050-16-00035,13,11,2,47.36,,
76552,C5050-20-00015,0,0,0,32.73,,
76553,C5050-20-00025,5,5,0,47.68,,
76554,C5050-20-00035,5,5,0,61.44,,
76555,C5050-20-00040,0,0,0,76.96,,
76556,C5050-20-00050,0,0,0,87.86,,
76557,C5050-24-00025,6,6,0,68.84,,
76558,C5050-24-00035,0,0,0,95.84,,
76559,C5050-24-00050,6,0,6,126.33,,
76560,C5059-12-00015,0,0,0,23.01,,
76561,C5059-12-00025,8,8,0,29.72,,
76562,C5059-16-00015,12,12,0,30.12,,
76563,C5059-16-00025,0,0,0,41.50,,
76564,C5059-16-00035,0,0,0,57.16,,
76565,C5059-20-00015,22,15,7,35.24,,
76566,C5059-20-00025,5,5,0,51.33,,
76567,C5059-20-00035,6,6,0,66.05,,
76568,C5059-20-00040,0,0,0,81.49,,
76569,C5059-20-00050,3,3,0,95.84,,
76570,C5059-24-00025,4,4,0,75.35,,
76571,C5059-24-00035,9,5,4,100.63,,
76572,C5059-24-00050,1,0,1,134.61,,
76573,C5054-12-00015,11,11,0,25.32,,
76574,C5054-12-00020,4,4,0,35.19,,
76575,C5054-12-00025,2,2,0,34.45,,
76576,C5054-16-00015,12,12,0,35.47,,
76577,C5054-16-00025,11,11,0,46.00,,
76578,C5054-16-00035,0,0,0,49.26,,
76579,C5054-20-00015,25,13,12,33.99,,
76580,C5054-20-00025,6,6,0,55.70,,
76581,C5054-20-00035,9,6,3,71.21,,
76582,C5054-20-00040,0,0,0,89.49,,
76583,C5054-20-00050,0,0,0,108.31,,
76584,C5054-24-00025,12,6,6,87.55,,
76585,C5054-24-00035,5,0,5,110.66,,
76586,C5054-24-00050,0,0,0,146.81,,
76587,C5053-12-00015,21,8,13,21.10,,
76588,C5053-12-00025,5,5,0,34.45,,
76589,C5053-16-00015,5,5,0,35.47,,
76590,C5053-16-00025,7,1,6,46.00,,
76591,C5053-16-00035,0,0,0,58.23,,
76592,C5053-20-00015,14,2,12,39.63,,
76593,C5053-20-00025,0,0,0,55.70,,
76594,C5053-20-00035,0,0,0,71.21,,
76595,C5053-20-00050,0,0,0,108.31,,
76596,C5053-24-00025,2,2,0,87.55,,
76597,C5053-24-00035,0,0,0,110.66,,
76598,C5053-24-00050,0,0,0,146.81,,
76601,40206,23,17,6,4.53,,
76602,C6050-12-00015,12,12,0,15.80,,
76603,C6050-12-00020,0,0,0,18.04,,
76604,C6050-12-00025,0,0,0,19.40,,
76605,C6050-16-00015,8,0,8,22.39,,
76606,C6050-16-00025,0,0,0,30.80,,
76607,C6050-16-00035,11,11,0,37.09,,
76608,C6050-20-00015,24,11,13,27.93,,
76609,C6050-20-00025,12,0,12,38.71,,
76610,C6050-20-00035,0,0,0,49.23,,
76611,C6050-20-00050,0,0,0,70.80,,
76612,C6050-24-00025,6,0,6,51.50,,
76613,C6050-24-00035,0,0,0,66.39,,
76614,C6050-24-00050,3,3,0,70.05,,
76615,C6054-12-00015,0,0,0,17.13,,
76616,C6054-12-00020,0,0,0,20.73,,
76617,C6054-12-00025,0,0,0,21.56,,
76618,C6054-16-00015,0,0,0,25.72,,
76619,C6054-16-00025,0,0,0,34.13,,
76620,C6054-16-00035,6,6,0,46.38,,
76621,C6054-20-00015,0,0,0,31.34,,
76622,C6054-20-00025,0,0,0,48.98,,
76623,C6054-20-00035,0,0,0,63.75,,
76624,C6054-20-00050,2,0,2,91.25,,
76625,C6054-24-00025,0,0,0,64.90,,
76626,C6054-24-00035,20,12,8,83.64,,
76627,C6054-24-00050,0,0,0,118.08,,
76628,C6053-12-00015,0,0,0,17.13,,
76629,C6053-12-00025,12,12,0,23.00,,
76630,C6053-16-00015,13,13,0,25.72,,
76631,C6053-16-00025,2,2,0,34.13,,
76632,C6053-16-00035,0,0,0,46.38,,
76633,C6053-20-00015,6,6,0,32.64,,
76634,C6053-20-00025,0,0,0,51.01,,
76635,C6053-20-00035,0,0,0,66.41,,
76638,244276,0,0,0,109.00,,
76639,12860,11,5,6,27.75,,
76642,X2000,28,15,13,7.61,,
76643,003-1000-7,0,0,0,12.14,,
76644,003-1100-7,0,0,0,12.14,,
76645,003-1200-7,0,0,0,12.14,,
76646,003-2000-7,0,0,0,12.14,,
76647,003-2100-7,0,0,0,12.14,,
76648,003-2200-7,0,0,0,12.14,,
76649,003-4000-7,0,0,0,12.14,,
76650,003-4100-7,0,0,0,12.14,,
76652,003-5000-7,0,0,0,12.14,,
76654,003-5200-7,0,0,0,12.14,,
76680,011-1500-7,4,1,3,9.21,,
76681,011-3500-7,5,3,2,9.21,,
76682,541-0000-7,25,16,9,27.00,,
76683,541-0100-7,7,2,5,27.00,,
76685,600-ACSM-KIT,0,0,0,474.52,,
76686,1684DP0CHR,4,1,3,119.09,,
76715,V12-0003BKA50-1,2,1,1,56.38,,
76717,RF568,0,0,0,11.52,17.63,
76719,1PCHGAL,6,3,3,110.53,,
76722,1PCHQT,9,4,5,40.79,,
76724,1PKOGAL,59,38,21,35.00,,
76726,1062,5,2,3,149.93,,
76727,33834,10,7,3,203.11,,
76728,A80542,0,0,0,104.16,,
76729,20002CASE,0,0,0,111.04,,
76730,20004CASE,8,0,8,293.31,,
76731,010-12829-00,20,16,4,19.49,,
76732,20032CASE,6,0,6,102.83,,
76733,20012CASE,0,0,0,137.57,,
76734,25002CASE,0,0,0,94.11,,
76735,25003CASE,1,0,1,58.18,,
76736,25014CASE,3,0,3,115.65,,
76737,25016CASE,2,0,2,76.71,,
76738,F38-6810B-1,0,0,0,183.95,,
76739,MERK,12,6,6,28.85,,
76775,NTECH-EPS,3,1,2,1907.49,,
76776,SILVERSTEERXP1,2,2,0,1171.06,,
76778,SILVERSTEERXP2,0,0,0,1171.06,,
76779,SILVERSTEERXP2T,3,2,1,1408.76,,
76781,"ZTF TILLER Y1",0,0,0,1952.53,,
76782,"ZTF TILLER Y2",4,2,2,1952.53,,
76801,35040,0,0,0,111.86,,
76803,38005,0,0,0,165.53,,
76804,33037A,10,5,5,54.77,,
76807,BBWX4,3,2,1,404.19,,
76810,165T-CM54,0,0,0,1777.78,,
76811,165T/275LHW,0,0,0,3288.89,,
76813,TM265C-LH-MM,0,0,0,1220.40,1644.00,
76823,RH5327V,2,0,2,89.42,,
76827,"S-1 COBALT BLUE",0,0,0,18.44,,
76828,"S-1 WHITE",0,0,0,18.44,,
76829,"S-1 BLUE",0,0,0,18.44,,
76836,010-00705-79,29,16,13,3149.99,,
76838,LLB-36MN-81-00,2,0,2,215.68,,
76842,647-560,0,0,0,66.55,,
76846,F38-6610D,7,2,5,154.47,,
76847,SET0088,0,0,0,98.67,,
76863,010-12908-00,14,9,5,187.49,,
76864,010-12909-00,7,4,3,374.99,,
76870,010-12928-01,0,0,0,1349.99,,
76872,010-12928-00,0,0,0,63.75,,
76873,010-12928-02,0,0,0,67.49,,
76876,010-C1205-00,0,0,0,149.99,,
76878,010-C1204-00,0,0,0,149.99,,
76903,133432,20,10,10,22.42,47.97,
76907,01-66-027,5,2,3,28.50,,
76908,02-66-022,0,0,0,66.32,,
76909,133401,4,3,1,57.01,119.97,
76921,22005,20,11,9,3.16,4.99,
76922,22214,18,1,17,12.19,,
76923,22213,65,47,18,40.41,,
76924,22239,3,0,3,6.64,,
76925,22241,4,1,3,6.64,,
76926,22240,6,2,4,18.28,,
76927,22250,42,31,11,63.83,,
76928,22001,0,0,0,4.26,5.49,
76929,22003,0,0,0,7.54,9.99,
76930,22004,9,2,7,3.28,4.49,
76931,998504001,2,0,2,100.66,,
76932,22254,13,6,7,19.09,23.99,
76933,22255,27,27,0,60.98,63.99,
76934,22206,28,20,8,4.88,,
76935,22207,55,29,26,6.57,,
76936,40333,1,0,1,55.26,99.99,
76937,A80498,0,0,0,68.17,,
76938,30445,56,44,12,5.08,8.79,
76939,GP2500-33,0,0,0,276.35,,
76940,30204,23,8,15,8.36,15.99,
76941,30570,84,39,45,24.42,44.79,
76945,30205,11,3,8,6.55,12.79,
76947,30213,14,9,5,10.70,16.79,
76949,30215,69,40,29,10.70,16.79,
76950,30306,108,56,52,14.05,24.79,
76951,30573,59,23,36,7.49,12.79,
76952,30574,28,6,22,12.49,20.79,
76953,010-11202-02,5,2,3,164.99,,
76954,010-11202-03,2,0,2,26.24,,
76955,30616,23,4,19,11.75,19.99,
76956,30604,38,22,16,20.39,29.99,
76960,30324,217,108,109,5.99,8.79,
76962,30586,16,4,12,11.38,20.79,
76967,010-12390-10,11,4,7,44.99,,
76971,MRGB10W,14,10,4,108.89,164.99,
76980,MGD-10XL,4,0,4,187.19,,
76981,MGD-1,17,5,12,106.94,,
76984,MCK508WB.64S,10,3,7,185.43,299.99,
76988,MC425BA,3,3,0,75.22,,
76989,MCBK425BA,12,7,5,96.73,219.99,
76996,CG1-100C,1,0,1,380.23,,
76997,PP5050-33,0,0,0,370.90,,
76998,PP4800-10,0,0,0,356.35,,
76999,PP5030-02,0,0,0,399.99,,
77000,PP4900-11,1,0,1,356.35,,
77001,R509C-LH,0,0,0,4175.09,5599.00,
77002,R509C-LHW,0,0,0,4408.87,5899.00,
77014,E12139,0,0,0,704.16,,
77017,BCA310V-110-12,4,2,2,229.99,,
77020,IPSI1200-20-110,2,0,2,299.00,,
77022,PWI320-12,6,1,5,486.26,,
77023,PWI320-24,0,0,0,486.26,,
77024,PWS1000-110-12,0,0,0,985.64,,
77025,PWS1000-110-24,0,0,0,985.64,,
77026,VTC305-12-24,0,0,0,449.36,,
77027,VTC605-12-24,0,0,0,733.90,,
77028,VCH10W-12,1,0,1,371.46,,
77029,VCH10W-24,5,2,3,371.46,,
77030,BCH10W-12,0,0,0,391.96,,
77031,BCH10W-24,4,2,2,391.96,,
77032,IBI1-40-200,0,0,0,183.12,,
77034,IBI2-40-200,0,0,0,227.96,,
77038,010-12852-00,10,10,0,33.75,,
77045,"ATLANTIS 155",10,4,6,62.16,,
77046,"ATLANTIS 275",28,15,13,106.70,,
77048,GS-800-1,3,2,1,500.09,,699.99
77049,676,22,0,22,6.69,,
77060,520070-1,31,1,30,5.66,,
77061,520072-1,4,3,1,6.48,,
77062,ARG-2500,0,0,0,630.56,,
77063,520091-1,14,10,4,5.23,,
77064,ARG-2500-P,0,0,0,500.00,,
77065,520092-1,20,12,8,5.10,,
77066,ARG-2500-S,4,1,3,499.44,,
77067,520093-1,18,15,3,5.60,,
77068,ARG-2503,6,2,4,119.44,,
77069,520094-1,48,19,29,5.60,,
77070,520045-1,9,9,0,9.53,,
77071,357399-1,0,0,0,1.65,,
77074,230106-1,2,1,1,34.77,,
77077,230107-1,3,3,0,35.85,,
77084,502006-1,2,2,0,23.76,,
77096,522105-1,6,6,0,10.00,,
77106,531112,10,1,9,9.89,,
77107,521700-1,8,5,3,7.15,,
77110,521663-1,24,14,10,5.29,,
77112,521664-1,3,1,2,6.58,,
77113,521655-1,13,7,6,11.50,,
77115,521500-1,4,0,4,6.35,,
77117,351100,14,9,5,72.76,,
77119,351110,10,10,0,66.66,,
77120,351119,8,5,3,17.61,,
77123,30674,47,36,11,78.09,89.99,
77126,30370,83,41,42,43.39,64.99,
77130,30340,35,1,34,8.95,15.99,
77135,491134-1,3,0,3,26.92,,
77136,491140-1,5,0,5,25.19,,
77137,491070-1,0,0,0,17.55,,
77138,491080-1,0,0,0,17.77,,
77141,491090-1,1,1,0,19.69,,
77142,491060-1,0,0,0,5.35,,
77143,491100-1,6,3,3,22.98,,
77144,491105-1,6,3,3,23.32,,
77145,491107-1,0,0,0,20.47,,
77146,HCP1500HP,11,5,6,26.86,42.99,
77147,HCP2000HP,11,6,5,33.11,52.99,
77148,HCP2500HP,6,3,3,39.99,63.99,
77151,491012-1,14,4,10,23.21,,
77152,491013-1,11,2,9,29.48,,
77153,491024-1,27,7,20,34.61,,
77154,490300-1,9,2,7,19.50,,
77155,491051-1,1,1,0,8.27,,
77156,50840-0024,34,20,14,383.54,,
77157,491361-1,7,0,7,6.73,,
77158,37041-0011,9,7,2,255.15,,
77159,37072-0094,17,5,12,202.81,,
77161,50890-1100,7,3,4,309.25,,
77168,299190-1,5,3,2,25.23,,
77169,299201B-1,5,5,0,3.55,,
77170,299201W-1,2,2,0,3.55,,
77171,299202B-1,8,5,3,3.74,,
77172,299202W-1,11,11,0,3.74,,
77173,299204B-01,13,4,9,3.81,,
77174,491110-1,4,4,0,7.74,,
77175,491115-1,0,0,0,21.95,,
77176,588071-1,5,3,2,21.84,,
77177,588074-1,6,2,4,21.84,,
77178,588510-1,8,6,2,13.47,,
77179,588520-1,2,2,0,21.06,,
77180,588450-1,12,5,7,14.31,,
77181,327124-1,7,2,5,24.00,,
77182,327130-1,9,5,4,16.71,,
77183,327135-1,0,0,0,31.97,,
77184,299204W-1,8,6,2,3.81,,
77185,426506-1,3,2,1,35.52,,
77186,426505-1,13,5,8,22.82,,
77187,426513-1,5,3,2,26.92,,
77188,426515-1,12,0,12,16.26,,
77189,P1030DW,39,19,20,12.18,,
77190,426517-1,4,1,3,19.73,,
77191,426520-1,17,10,7,16.82,,
77192,426527-1,2,2,0,21.30,,
77193,426560-1,0,0,0,28.05,,
77194,431510-1,9,7,2,88.36,,
77195,431520-1,2,0,2,171.94,,
77196,405950-1,1,0,1,121.19,,
77197,405951-1,0,0,0,144.47,,
77199,400080-1,6,1,5,76.94,,
77200,LG4-NY,0,0,0,35.22,56.99,
77201,LG4-BK,2,2,0,35.22,56.99,
77202,MGV550B,11,6,5,306.47,474.99,
77207,403010-1,4,3,1,7.02,,
77208,403020-1,7,3,4,8.65,,
77209,403060-1,0,0,0,52.18,,
77211,401321-1,14,6,8,9.71,,
77212,401320-1,3,0,3,9.53,,
77229,301110060WH-1,5,5,0,25.90,,
77254,LLB-32KC-01-00,0,0,0,49.38,,
77257,302110010BK-1,9,9,0,6.36,,
77263,302110010WH-1,12,12,0,6.24,,
77264,302110015BK-1,4,4,0,8.31,,
77271,302110020BK-1,12,12,0,10.49,,
77278,302110020WH-1,0,0,0,10.35,,
77279,302110025BK-1,12,12,0,10.46,,
77283,001-506-900-00,0,0,0,444.55,,
77285,302110025WH-1,0,0,0,12.16,,
77286,302110050BK-1,0,0,0,20.04,,
77287,302112010BK-1,0,0,0,7.53,,
77292,302112010WH-1,5,5,0,7.80,,
77293,302112015BK-1,9,9,0,11.93,,
77300,302112015WH-1,11,11,0,11.70,,
77301,302112020BK-1,8,8,0,15.11,,
77308,302112020WH-1,0,0,0,14.85,,
77309,302112025BK-1,16,16,0,15.60,,
77314,302112025WH-1,0,0,0,17.81,,
77315,302112030BK-1,6,6,0,22.01,,
77317,302112030WH-1,0,0,0,19.11,,
77318,302112035BK-1,0,0,0,25.81,,
77322,302112050BK-1,0,0,0,29.61,,
77323,302116015BK-1,0,0,0,17.14,,
77329,302116020BK-1,6,6,0,27.76,,
77334,302116020WH-1,0,0,0,23.23,,
77335,302116025BK-1,11,11,0,28.64,,
77337,302116025WH-1,0,0,0,28.00,,
77338,302116030BK-1,0,0,0,37.49,,
77341,302116030WH-1,0,0,0,33.56,,
77342,302116035BK-1,0,0,0,43.98,,
77345,302116035WH-1,6,6,0,37.73,,
77346,302116050BK-1,0,0,0,53.89,,
77347,302116050WH-1,6,0,6,50.11,,
77348,302119025BK-1,0,0,0,40.88,,
77350,302119025WH-1,0,0,0,37.21,,
77351,302119030BK-1,5,5,0,35.05,,
77352,302119035BK-1,0,0,0,54.86,,
77354,302119035WH-1,0,0,0,50.65,,
77355,302119050BK-1,2,2,0,58.94,,
77358,561010-1,15,4,11,10.90,,
77359,561012-1,18,8,10,11.45,,
77360,561016-1,19,10,9,11.68,,
77361,561019-1,19,10,9,13.11,,
77365,582501-1,4,1,3,50.26,,
77366,582502-1,4,2,2,43.20,,
77367,582503-1,7,5,2,33.09,,
77370,XT-SF-170-IR,2,0,2,477.25,539.00,
77377,254106-1,9,5,4,20.17,,
77378,254112-1,5,0,5,28.15,,
77379,254118-1,0,0,0,34.21,,
77380,254124-1,5,5,0,38.15,,
77381,254209-1,3,3,0,28.05,,
77382,254212-1,7,4,3,30.02,,
77383,254218-1,3,3,0,36.02,,
77384,254224-1,0,0,0,42.41,,
77385,254312-1,8,3,5,28.36,,
77386,254318-1,6,3,3,36.35,,
77387,254324-1,3,3,0,45.44,,
77388,254509-1,0,0,0,54.42,,
77389,254512-1,0,0,0,54.42,,
77390,254518-1,0,0,0,61.48,,
77391,751010-1,0,0,0,2.90,,
77392,751011-1,14,3,11,2.95,,
77394,751030-1,4,4,0,9.27,,
77395,751062-1,13,7,6,4.94,,
77396,752010-1,0,0,0,19.69,,
77397,753864-1,14,5,9,10.60,,
77398,753874-1,13,8,5,10.90,,
77399,753877-1,0,0,0,6.89,,
77400,755220-1,2,2,0,16.40,,
77401,331320-1,0,0,0,41.24,,
77403,331330-1,6,6,0,34.77,,
77404,331335-1,6,0,6,24.53,,
77405,331340-1,0,0,0,36.58,,
77406,331350-1,0,0,0,40.73,,
77407,331360-1,17,10,7,2.55,,
77408,331370-1,35,28,7,2.77,,
77409,331375-1,0,0,0,7.74,,
77410,331380-1,6,3,3,5.60,,
77411,331390-1,5,5,0,7.98,,
77412,331400-1,9,9,0,13.65,,
77413,331405-1,10,2,8,18.21,,
77414,331410-1,9,9,0,14.19,,
77415,331424-1,0,0,0,5.35,,
77416,331425-1,7,7,0,7.61,,
77417,331440-1,12,12,0,11.03,,
77418,331450-1,8,1,7,17.18,,
77419,331600-1,0,0,0,4.56,,
77420,331620-1,12,2,10,7.68,,
77421,335653-1,0,0,0,61.37,,
77424,12822,7,5,2,24.25,,
77426,335740-1,3,0,3,7.15,,
77427,335745-1,2,2,0,7.55,,
77428,335750-1,20,10,10,8.21,,
77429,335755-1,0,0,0,8.65,,
77430,335760-1,13,9,4,9.18,,
77431,335765-1,6,1,5,9.18,,
77432,336140-1,10,1,9,9.71,,
77433,336145-1,19,10,9,9.47,,
77434,336150-1,18,7,11,9.53,,
77435,336152-1,14,8,6,9.53,,
77436,A80320,0,0,0,1315.83,,1579.00
77437,336155-1,13,5,8,8.87,,
77438,336157-1,0,0,0,9.35,,
77439,336160-1,10,9,1,13.05,,
77440,336162-1,3,0,3,13.11,,
77441,336165-1,6,1,5,13.05,,
77442,336167-1,11,10,1,11.92,,
77444,336182-1,13,3,10,16.65,,
77445,336185-1,2,2,0,15.32,,
77447,336187-1,8,4,4,15.26,,
77448,336262-1,7,2,5,16.23,,
77449,336282-1,8,1,7,18.02,,
77450,336340-1,19,10,9,9.84,,
77451,336345-1,14,10,4,9.84,,
77452,336350-1,9,7,2,7.61,,
77454,336352-1,17,7,10,9.71,,
77455,336355-1,8,7,1,7.08,,
77456,336357-1,20,10,10,9.71,,
77457,336360-1,3,3,0,13.71,,
77458,336362-1,0,0,0,13.71,,
77459,336365-1,0,0,0,12.16,,
77460,336367-1,6,0,6,12.16,,
77461,336380-1,8,0,8,16.29,,
77462,336382-1,1,1,0,16.35,,
77463,336385-1,18,9,9,15.50,,
77464,336387-1,15,11,4,15.50,,
77481,708-0030,0,0,0,62.21,,
77482,708-0040,0,0,0,7.32,,
77483,708-0050,0,0,0,12.59,,
77484,708-0060,0,0,0,4.66,,
77486,708-0080,3,1,2,13.66,,
77498,RLS-508-402,11,6,5,91.40,,
77499,RLS-509-402,4,3,1,84.38,,
77500,RLS-509-404,0,0,0,78.75,,
77577,415044-1,5,5,0,9.40,,
77578,415047-1,9,2,7,10.37,,
77579,415054-1,6,3,3,9.95,,
77580,415057-1,7,2,5,8.81,,
77581,415082-1,9,9,0,9.40,,
77582,415092-1,20,5,15,4.34,,
77583,415094-1,15,9,6,4.76,,
77584,415110-1,12,7,5,5.69,,
77585,415115-1,18,7,11,6.55,,
77587,415210-1,19,7,12,8.77,,
77588,222500-1,10,0,10,5.95,,
77589,222501-1,3,3,0,6.79,,
77590,222502-1,24,10,14,7.39,,
77591,222503-1,13,5,8,6.31,,
77592,222522-1,17,8,9,9.47,,
77593,222710-1,8,5,3,21.66,,
77594,222712-1,9,4,5,19.69,,
77595,225400-1,0,0,0,29.89,,
77596,225420-1,8,3,5,26.35,,
77597,226312-1,4,4,0,12.87,,
77598,227023-1,23,18,5,5.98,,
77599,227030-1,6,2,4,5.98,,
77600,227108-1,12,12,0,7.61,,
77601,227135-1,13,6,7,6.42,,
77602,227141-1,18,6,12,3.37,,
77603,221842-1,3,0,3,4.94,,
77604,221860-1,7,4,3,19.69,,
77605,221880-1,16,6,10,25.76,,
77606,221910-1,0,0,0,26.12,,
77607,221920-1,2,0,2,21.86,,
77608,221930-1,2,2,0,9.35,,
77609,222435-1,11,2,9,67.46,,
77610,222440-1,1,1,0,85.66,,
77611,221982L-1,6,4,2,60.84,,
77612,222380-1,8,8,0,17.77,,
77616,321291-1,0,0,0,28.83,,
77618,321292-1,0,0,0,26.68,,
77619,321295-1,0,0,0,24.67,,
77620,321296-1,0,0,0,26.68,,
77621,321581-1,1,1,0,9.35,,
77624,321582-1,15,9,6,10.26,,
77627,321583-1,0,0,0,7.85,,
77635,321402-1,0,0,0,18.83,,
77637,321404-1,0,0,0,18.83,,
77642,321422-1,0,0,0,18.97,,
77643,321424-1,3,0,3,20.00,,
77644,321426-1,3,1,2,20.00,,
77645,321462-1,0,0,0,19.62,,
77647,321463-1,1,0,1,19.62,,
77649,321464-1,0,0,0,18.50,,
77650,321466-1,0,0,0,18.61,,
77662,321473-1,0,0,0,19.85,,
77664,321474-1,0,0,0,19.85,,
77671,321476-1,0,0,0,19.85,,
77674,321482-1,0,0,0,20.62,,
77677,321483-1,1,0,1,20.62,,
77679,321484-1,0,0,0,20.62,,
77682,321486-1,2,0,2,20.62,,
77683,321488-1,0,0,0,22.92,,
77684,321489-1,0,0,0,22.92,,
77685,321492-1,0,0,0,22.92,,
77687,325028-1,6,2,4,13.73,,
77688,325029-1,8,6,2,13.73,,
77691,325044-1,17,14,3,11.92,,
77692,325060-1,0,0,0,5.29,,
77693,325061-1,4,4,0,5.29,,
77694,325120-1,16,8,8,6.85,,
77695,325121-1,0,0,0,8.05,,
77696,325122-1,0,0,0,8.05,,
77697,325140-1,8,8,0,12.52,,
77698,325141-1,8,0,8,12.52,,
77699,325150-1,8,0,8,38.71,,
77700,325160-1,16,13,3,7.08,,
77701,325161-1,16,8,8,6.95,,
77702,325168-1,19,16,3,20.35,,
77704,325173-1,9,3,6,36.45,,
77705,325175-1,14,6,8,27.80,,
77706,325190-1,5,5,0,92.07,,
77707,325199-1,1,0,1,16.71,,
77708,325233-1,9,6,3,49.38,,
77709,325235-1,9,2,7,44.32,,
77710,325236-1,18,10,8,42.36,,
77711,325613-1,6,6,0,11.88,,
77712,325615-1,0,0,0,15.86,,
77713,325925-1,8,6,2,9.11,,
77714,GP1030-02,0,0,0,363.62,,
77716,326510-3,1,1,0,118.00,,
77717,326515-3,2,1,1,151.34,,
77718,326520-3,5,2,3,105.30,,
77719,326525-3,0,0,0,135.47,,
77720,326530-3,1,0,1,104.24,,
77721,326535-3,4,2,2,136.00,,
77722,326580-3,5,3,2,51.31,,
77723,326585-3,3,2,1,77.04,,
77724,326598-1,0,0,0,71.96,,
77725,8309819,3,1,2,3.38,,
77726,326599-1,0,0,0,32.14,,
77727,AN110,21,11,10,11.19,,
77728,AN150SR,17,9,8,13.43,19.99,
77729,1181067,1,1,0,16.15,,
77730,ANT1B,8,3,5,5.92,,
77731,ACDC3212,0,0,0,76.00,,
77744,B265C-LM-MM,0,0,0,1560.47,2064.00,
77755,32807,2,2,0,106.33,,
77756,66400,10,0,10,47.50,,
77757,66242,2,2,0,39.12,,
77758,66244,1,0,1,28.75,44.99,
77759,66412,4,2,2,25.71,,
77760,66414,6,0,6,13.41,,
77761,88146,0,0,0,63.33,,
77762,88144-2,0,0,0,131.94,,
77764,88152-4,8,2,6,5.58,,
77765,88152-5,9,5,4,6.69,,
77766,88152-6,10,6,4,6.69,,
77775,A2K-4WD-1,1,1,0,139.04,,
77780,33703,0,0,0,38.31,,
77782,AV3012,5,3,2,524.09,,
77787,010-12842-01,9,2,7,18.75,,
77788,010-12842-02,0,0,0,14.99,,
77789,010-12938-00,17,5,12,22.49,,
77790,010-12842-00,5,4,1,97.49,,
77791,010-12841-01,0,0,0,18.75,,
77792,010-12841-02,0,0,0,14.99,,
77793,010-12841-00,6,4,2,89.99,,
77800,RMX4600-06,0,0,0,414.53,,
77805,PO414DWC-20,0,0,0,184.71,,
77808,SBB2,9,9,0,27.42,,
77809,LFV-B,6,6,0,163.76,,
77810,LFV-CB,1,1,0,54.11,,
77811,NDA-3,91,91,0,15.98,,
77812,LFLD-6,7,7,0,138.35,,
77813,LFLD-8,5,5,0,154.26,,219.99
77817,LPD-8,6,6,0,151.32,,
77818,LPD-10,6,6,0,189.58,,
77828,RLBL,3,3,0,26.98,,
77829,RJBM,0,0,0,18.36,,
77832,RUBS,0,0,0,14.59,,
77834,401412-1,2,0,2,22.42,,
77835,401413-1,3,3,0,21.74,,
77836,401417-1,12,5,7,19.04,,
77837,401418-1,3,3,0,25.79,,
77838,401420-1,7,5,2,34.44,,
77839,401421-1,7,3,4,34.44,,
77840,401422-1,0,0,0,34.44,,
77842,400193-1,1,1,0,42.64,,
77844,400198-1,11,8,3,58.03,,
77845,400200-1,4,4,0,40.83,,
77848,400208-1,6,5,1,62.96,,
77851,400353-1,15,12,3,53.96,,
77852,400358-1,0,0,0,70.90,,
77853,400400-1,0,0,0,51.43,,
77854,400410-1,10,6,4,75.60,,
77858,400710-3,14,10,4,38.71,,
77859,400730-3,3,3,0,43.64,,
77861,401240-1,7,2,5,10.87,,
77862,401270-1,0,0,0,16.10,,
77863,401274-1,11,5,6,15.03,,
77864,FASP4881TCCAA00,0,0,0,386.16,,
77865,400070-1,5,3,2,58.41,,
77866,400071-1,7,2,5,45.89,,
77867,400073-1,10,6,4,45.89,,
77868,400078-1,4,3,1,55.81,,
77869,400079-1,2,2,0,71.43,,
77870,400110-1,6,3,3,22.09,,
77872,400130-1,6,3,3,18.97,,
77873,400135-1,4,4,0,9.95,,
77874,400136-1,4,0,4,26.26,,
77875,400140-1,0,0,0,18.44,,
77876,400016-1,1,0,1,61.26,,
77878,400020-1,0,0,0,16.45,,
77880,400023-1,4,2,2,43.76,,
77881,585-0220-7,6,3,3,238.00,,
77882,400026-1,2,1,1,50.79,,
77886,405110-1,1,1,0,25.79,,
77887,405115-1,0,0,0,24.11,,
77890,405335-3,2,1,1,80.96,,
77896,328112-1,14,8,6,15.92,,
77897,328114-1,0,0,0,20.53,,
77898,328115-1,10,10,0,8.52,,
77899,328120-1,0,0,0,30.62,,
77900,328190-1,6,0,6,3.31,,
77901,328195-1,12,6,6,4.76,,
77902,328196-1,1,0,1,5.35,,
77903,328197-1,0,0,0,7.74,,
77904,327122-1,0,0,0,20.29,,
77905,424617-1,0,0,0,54.23,,
77906,424623-1,0,0,0,35.06,,
77907,424627-1,0,0,0,43.64,,
77908,424636-1,0,0,0,42.49,,
77909,426120-1,15,5,10,7.39,,
77910,421615-1,9,0,9,12.32,,
77911,421617-1,8,5,3,22.42,,
77912,421625-1,6,6,0,25.23,,
77913,421610-1,14,5,9,39.00,,
77914,421620-1,11,6,5,51.59,,
77917,431310-1,10,5,5,15.12,,
77918,431210-1,5,5,0,33.65,,
77919,431230-1,0,0,0,29.17,,
77920,431250-1,5,2,3,29.73,,
77921,431430-1,9,9,0,15.85,,
77923,432510-1,0,0,0,191.89,,
77924,432520-1,0,0,0,301.68,,
77926,432620-1,0,0,0,248.80,,
77927,431115-1,3,3,0,35.92,,
77928,431110-1,4,2,2,28.05,,
77929,431120-1,0,0,0,53.86,,
77930,431125-1,8,3,5,63.49,,
77931,431151-1,10,6,4,28.77,,
77932,431153-1,0,0,0,20.18,,
77933,431152-1,2,1,1,21.03,,
77934,S00-00522-04,0,0,0,2.89,,
77935,010-12773-00,7,4,3,97.49,,
77936,660040-1,8,5,3,59.20,,
77937,660020-1,4,2,2,59.59,,
77938,420350-1,2,2,0,27.48,,
77954,420488-1,14,8,6,13.60,,
77955,420486-1,22,14,8,12.76,,
77956,420487-1,15,9,6,13.31,,
77957,420498-1,2,2,0,16.29,,
77958,420496-1,8,8,0,13.60,,
77959,420495-1,17,5,12,7.74,,
77960,06-01-001,0,0,0,12.33,,
77961,06-01-002,0,0,0,12.17,,
77962,06-01-003,0,0,0,12.02,,
77963,06-01-004,0,0,0,16.70,,
77964,06-01-005,0,0,0,14.67,,
77965,06-01-006,0,0,0,14.67,,
77966,06-01-007,0,0,0,15.92,,
77967,06-01-008,0,0,0,14.67,,
77969,06-01-010,0,0,0,18.27,,
77970,06-01-011,0,0,0,17.18,,
77972,06-01-013,4,2,2,20.91,,
77973,06-01-014,2,0,2,21.99,,
77974,06-01-015,0,0,0,20.61,,
77975,06-01-016,0,0,0,18.42,,
77976,06-01-017,0,0,0,24.67,,
77977,06-01-018,3,2,1,19.69,,
77979,06-01-019,0,0,0,31.21,,
77980,06-01-020,0,0,0,47.30,,
77981,06-01-021,0,0,0,23.72,,
77982,41671,3,0,3,57.75,109.99,
77983,06-02-022,0,0,0,35.90,,
77984,06-02-023,0,0,0,27.01,,
77985,06-02-024,0,0,0,37.15,,
77986,06-02-025,0,0,0,35.90,,
77987,06-02-026,0,0,0,48.86,,
77988,41672,1,0,1,71.84,129.99,
77989,06-02-027,0,0,0,43.87,,
77990,06-02-028,0,0,0,41.52,,
77992,06-02-029,5,0,5,64.16,,
77993,06-02-030,0,0,0,74.15,,
77994,41675,2,2,0,120.31,219.99,
77995,06-02-031,0,0,0,69.61,,
77996,06-02-032,0,0,0,86.63,,
77997,06-02-033,4,2,2,111.30,,
77998,06-02-034,2,0,2,111.30,,
77999,001-464-280-00,0,0,0,105.45,,
78001,70-17,4,0,4,31.00,,
78012,010-01499-00,9,9,0,126.49,,
78024,25SA-6WC,18,5,13,85.99,,
78025,RMX4400-09,0,0,0,392.72,,
78028,010-12920-00,0,0,0,63.75,,
78031,010-C1128-00,0,0,0,131.24,,
78034,189ATP,0,0,0,990.18,,
78035,"8/6 RS",5,3,2,10.48,,
78036,"10 RS",3,2,1,9.00,,
78037,"10/6 RS",16,16,0,10.73,,
78038,"12 PM",7,5,2,10.80,,
78039,"12/6 PM",7,0,7,14.18,,
78040,"14 PM",0,0,0,11.14,,
78041,"14/8 PM",0,0,0,14.71,,
78042,"10 VRS",0,0,0,17.21,,
78043,"12 VRS",0,0,0,18.56,,
78044,SM4,1,1,0,23.96,,
78045,SM6,38,12,26,27.00,,
78046,SM8,12,8,4,34.76,,
78047,FRBBA213,3,3,0,95.18,,
78048,FRBBA219,0,0,0,101.53,,
78050,1680DP012V,7,3,4,52.71,,
78058,SMP4,0,0,0,36.45,,
78059,SMP6,1,0,1,41.53,,
78060,SMP8,1,1,0,53.16,,
78064,PRS,12,6,6,7.68,,
78092,SS175C-12-L-MM,0,0,0,1231.11,1624.00,
78093,010-12887-00,13,12,1,12.99,,
78094,010-12888-00,8,6,2,12.99,,
78095,010-12889-00,3,3,0,19.49,,
78096,010-12890-00,4,4,0,19.49,,
78097,010-12892-00,16,5,11,19.49,,
78098,010-12893-00,8,2,6,19.49,,
78099,010-12894-00,3,3,0,32.49,,
78100,010-12895-00,23,12,11,6.49,,
78101,010-12896-00,13,1,12,6.49,,
78102,S00-00522-15,0,0,0,23.19,,
78103,S00-00522-16,0,0,0,26.09,,
78104,S00-00522-17,0,0,0,23.19,,
78105,010-12717-00,0,0,0,32.49,,
78106,010-12717-10,0,0,0,35.75,,
78114,010-12878-00,4,2,2,19.49,,
78115,51960,1,1,0,33.22,,
78116,010-12878-10,12,9,3,19.49,,
78117,010-12878-20,4,3,1,12.99,,
78118,010-12878-30,0,0,0,12.99,,
78119,010-12879-00,0,0,0,19.49,,
78120,010-12879-10,0,0,0,17.54,,
78121,010-12879-20,0,0,0,12.34,,
78122,010-12879-30,1,1,0,19.49,,
78123,010-12880-00,0,0,0,25.99,,
78124,010-12880-10,1,0,1,25.99,,
78125,010-12880-20,0,0,0,19.49,,
78126,010-12880-30,0,0,0,19.49,,
78131,S00-00522-23,20,9,11,1.74,,
78132,S00-00522-22,3,0,3,2.89,,
78133,S11-04551-20,0,0,0,12.55,,
78134,S00-01195-00,12,3,9,5.79,,
78139,S00-00522-20,15,4,11,1.74,,
78141,S00-00522-19,1,0,1,1.15,,
78144,S00-00522-21,10,1,9,2.89,,
78145,S11-04640-00,0,0,0,3.24,,
78147,S00-01196-00,0,0,0,2.89,,
78153,010-12789-00,14,4,10,19.49,,
78154,010-12789-10,15,11,4,19.49,,
78155,010-12789-20,7,4,3,12.99,,
78175,UC116-I,3,2,1,417.79,,
78177,34000,4,2,2,156.53,,
78181,IL200P-24,7,6,1,56.59,,
78183,217,14,11,3,19.68,,29.98
78185,000-033-337-00,0,0,0,191.82,,
78186,GP1800-10,0,0,0,312.72,,
78208,D00342H,4,3,1,25.50,31.00,
78210,SC28,0,0,0,300.94,,
78211,KITOBDBR-02',8,5,3,124.82,,
78212,KITOBDBR-04',5,2,3,124.82,,
78213,KITOB-06',5,3,2,122.14,,
78226,RC88CAP12V,0,0,0,1575.29,2142.40,
78229,300-138,0,0,0,2968.67,,3339.75
78230,A1200SCPEIC,10,6,4,91.89,,
78231,33751,15,15,0,104.95,,
78232,22014-P,7,5,2,87.24,,
78235,LLB-366N-31-10,4,1,3,96.55,,
78236,PP5050-15,0,0,0,370.90,,
78237,PP4400-12,0,0,0,269.08,,
78238,22005CASE,0,0,0,36.00,,
78239,22213CASE,15,11,4,153.55,,
78240,22239CASE,0,0,0,79.74,,
78241,22241CASE,0,0,0,75.75,,
78242,22240CASE,0,0,0,104.18,,
78243,22250CASE,6,5,1,242.55,,
78244,22001CASE,0,0,0,24.30,,
78245,22003CASE,0,0,0,42.98,,
78246,22004CASE,1,0,1,18.68,,
78247,22254CASE,2,1,1,72.55,,
78248,22255CASE,6,6,0,259.15,,
78252,22206CASE,1,1,0,55.65,,
78253,22207CASE,4,2,2,74.85,,
78254,30445CASE,9,7,2,28.95,,
78255,SSP-100-KIT,0,0,0,282.95,408.40,
78256,30204CASE,3,1,2,47.63,,
78257,SSP-150-KIT,0,0,0,328.41,474.00,
78258,30570CASE,20,9,11,92.80,,
78259,ADJ-28,1,1,0,85.45,123.30,
78261,SC-05,4,2,2,58.30,84.20,
78262,SC-10,3,1,2,90.00,129.90,
78264,30205CASE,1,0,1,37.35,,
78266,30213CASE,1,1,0,60.98,,
78269,30306CASE,17,9,8,80.10,,
78270,30573CASE,9,3,6,42.68,,
78271,30574CASE,4,1,3,71.18,,
78272,30616CASE,3,0,3,66.98,,
78273,30604CASE,5,3,2,116.25,,
78277,30586CASE,2,0,2,64.88,,
78279,30674CASE,11,9,2,296.75,,
78280,30370CASE,20,10,10,164.90,,
78281,30340CASE,5,0,5,51.00,,
78282,30324CASE,18,9,9,77.10,,
78290,JAHD240BT,4,0,4,79.55,129.95,
78294,6353EL-B.GRAY,0,0,0,74.90,,
78297,LLB-46WW-3A-SS,0,0,0,64.93,,
78298,LLB-46WW-3A-BN,0,0,0,64.93,,
78301,TMS10,0,0,0,12.79,,
78302,TMS12,4,3,1,16.88,,
78303,FFMK,3,2,1,128.63,,
78304,FFMG,1,0,1,128.63,,
78307,90512,15,15,0,35.05,,
78310,FFWC,4,2,2,128.63,,
78311,TR,2,2,0,12.23,,
78312,SAS-900,2,1,1,1799.74,,
78314,TMCV,2,2,0,78.75,,
78315,PWC3H,1,1,0,13.48,,
78316,PWC1/2,0,0,0,19.91,,
78317,LLB-36MN-41-00,4,2,2,208.07,,
78318,PWCGW10,1,1,0,16.06,,
78319,PWC12,1,0,1,11.14,,
78320,PWC12SH,0,0,0,11.88,,
78321,PWCETS,5,4,1,15.19,,
78323,BOWA0651,0,0,0,2593.60,3319.80,
78324,BPPJA,0,0,0,586.41,,
78330,CQWB,3,3,0,40.16,,
78331,COW,0,0,0,20.95,,
78332,BTD,0,0,0,10.93,,
78333,EBCTD,0,0,0,28.09,,
78334,DS,2,2,0,11.55,,
78335,MCS,0,0,0,9.63,,
78336,BGTD,10,2,8,6.89,,
78337,SSBGTD,5,1,4,14.18,,
78338,WS16,4,1,3,12.49,,
78339,WS20,5,3,2,13.23,,
78340,WS16S,63,58,5,15.53,,
78341,WS20S,31,13,18,18.23,,
78342,WS25,0,0,0,14.58,,
78343,WS16T,2,0,2,13.16,,
78344,WS20T,0,0,0,14.18,,
78345,WS25T,0,0,0,15.19,,
78346,WSY20,7,0,7,21.60,,
78347,WSY25,11,8,3,24.30,,
78348,WSY30,0,0,0,30.74,,
78349,WS3Y20,0,0,0,29.03,,
78350,WS3Y25,9,4,5,33.75,,
78351,WS3Y30,0,0,0,38.48,,
78352,GP1050-33,0,0,0,327.26,,
78353,RT40,0,0,0,72.90,,
78354,SSRT40,0,0,0,106.65,,
78355,RT50,2,2,0,42.99,,
78356,RT50SH,2,2,0,45.40,,
78357,RTB,0,0,0,11.24,,
78358,RTB-U,0,0,0,11.24,,
78359,RTB80,0,0,0,11.24,,
78360,RTB-E,0,0,0,13.80,,
78361,1QRTD2,0,0,0,18.24,,
78362,1QRTD4,0,0,0,18.90,,
78363,1QT2,0,0,0,19.00,,
78364,1QT3,0,0,0,20.18,,
78365,1QT4,0,0,0,20.95,,
78366,TTDS1/2,0,0,0,19.91,,
78367,TTDS1/3,1,1,0,20.25,,
78368,TTDS1/4,0,0,0,20.59,,
78369,1PB2,0,0,0,18.56,,
78370,1PB4,0,0,0,19.24,,
78371,RTD3,0,0,0,24.98,,
78372,RTD4,3,3,0,25.65,,
78373,RTD6,0,0,0,26.33,,
78374,UTD,0,0,0,20.93,,
78375,TTD2,30,10,20,26.33,,
78376,TTD3,0,0,0,27.00,,
78377,TTD4,4,0,4,27.68,,
78378,TTD5,2,2,0,28.01,,
78379,TTD6,1,1,0,28.35,,
78380,QRTD2,0,0,0,20.93,,
78381,QRTD4,7,7,0,21.60,,
78382,QRTD6,0,0,0,21.60,,
78383,QRTD2VP,0,0,0,24.64,,
78384,QRTD4VP,4,4,0,24.98,,
78385,QRTD6VP,0,0,0,25.65,,
78387,2PB4,2,2,0,21.94,,
78388,2PB6,1,0,1,22.61,,
78389,2PB2VP,0,0,0,24.98,,
78390,2PB4VP,0,0,0,25.99,,
78391,2PB6VP,0,0,0,26.33,,
78392,R2TTD3,2,1,1,35.05,,
78393,R2TTD5,2,0,2,36.11,,
78395,31038,0,0,0,26.20,,
78399,PBGW10,0,0,0,13.96,,
78400,PBGW13,0,0,0,14.38,,
78401,PBGW16,0,0,0,15.19,,
78402,QRGW10,3,3,0,8.99,,
78403,QRGW13,0,0,0,14.38,,
78404,QRGW16,2,2,0,15.19,,
78405,R1GW10,9,6,3,15.86,,
78406,R1GW13,5,5,0,16.88,,
78407,R1GW16,5,5,0,17.89,,
78408,GW2/10,0,0,0,12.89,,
78409,GW2/13,0,0,0,13.43,,
78410,GW2/16,0,0,0,14.10,,
78411,GW2/18,0,0,0,14.58,,
78412,GW2/20,0,0,0,14.85,,
78413,SS1QRTD2,0,0,0,34.15,,
78414,SS1QRTD4,2,2,0,24.99,,
78415,SS1QRTD6,0,0,0,36.58,,
78416,SSRTD3,4,2,2,62.78,,
78417,SSRTD4,4,2,2,63.11,,
78418,SSRTD6,3,2,1,63.58,,
78419,SSRGW10,0,0,0,38.26,,
78420,SSRGW13,0,0,0,39.08,,
78421,SSRGW16,1,0,1,40.76,,
78422,SSTTD3,2,2,0,64.15,,
78423,SSTTD4,4,2,2,75.26,,
78424,SSTTD6,4,2,2,76.88,,
78425,SS/QRTD3,0,0,0,20.34,,
78426,SS/QRTD4,2,2,0,58.65,,
78427,SS/QRTD6,3,3,0,59.33,,
78428,SS/GW210,0,0,0,19.24,,
78429,SS/GW213,0,0,0,19.91,,
78430,SS/GW216,0,0,0,20.25,,
78431,SS/GW220,0,0,0,20.93,,
78432,RW,1,1,0,15.86,,
78433,RW2,0,0,0,10.46,,
78434,RW2/S,0,0,0,11.34,,
78435,CW,0,0,0,7.01,,
78436,CW2,0,0,0,7.76,,
78440,LS,3,3,0,11.81,,
78441,VRC,0,0,0,30.30,,
78442,703S-01600,0,0,0,16.30,,
78443,MSR,0,0,0,22.40,,
78444,DKMS,0,0,0,23.96,,
78445,RSS,0,0,0,8.90,,
78446,ETS,4,0,4,24.56,,
78447,SO/O,0,0,0,19.03,,
78448,PS,0,0,0,12.28,,
78449,RS57,7,5,2,8.98,,
78451,PPC-RS,7,2,5,58.39,,
78452,RRW16,1,1,0,12.89,,
78453,RRW32,0,0,0,13.84,,
78454,RPW10,0,0,0,7.89,,
78455,RPW16,0,0,0,8.44,,
78456,FDRW,0,0,0,8.06,,
78458,101545,17,5,12,83.57,,122.39
78470,PP4502,0,0,0,276.35,,
78639,100-418-430-10,0,0,0,20.91,,
78648,906704,2,1,1,331.70,555.99,
78652,01-0420-SL,0,0,0,522.33,,
78669,7311,0,0,0,81.56,,
78670,7312,4,2,2,81.56,,
78671,7313,0,0,0,81.56,,
78672,7314,0,0,0,81.56,,
78673,7316,0,0,0,81.56,,
78674,88925,2,1,1,474.99,,
78675,7317,0,0,0,81.56,,
78676,88925-1,2,1,1,474.99,,
78687,229F,5,2,3,35.77,53.95,
78688,230F,5,3,2,76.51,114.95,
78693,300F,6,2,4,31.00,46.95,
78699,379F,5,1,4,35.16,52.95,
78752,6230,8,4,4,30.58,47.10,
78753,6231,6,4,2,38.87,59.85,
78754,6238,3,0,3,66.99,103.15,
78755,6239,6,2,4,74.71,115.05,
78756,6240,6,3,3,86.23,132.80,
78757,6241,4,2,2,93.16,143.45,
78761,HS-40,14,12,2,63.63,,
78763,91-001-220A-C,13,13,0,249.95,350.90,
78770,883213,0,0,0,1030.31,1726.99,
78772,SP38-2,0,0,0,4409.30,,
78773,SP38-4,0,0,0,3989.30,,
78775,SP38-17,0,0,0,3429.30,,
78776,SP38-18,0,0,0,4899.30,,
78780,TS38,0,0,0,1330.00,,
78781,NF38,0,0,0,1330.00,,
78783,20310025,0,0,0,1260.00,,
78791,SC-CW-RCV-MU,2,2,0,7.11,,
78793,APT-F-150-01,9,3,6,306.56,,
78796,67,20,3,17,8.36,,
78821,403061-1,10,4,6,51.06,,
78829,010-12829-03,62,58,4,19.49,,
78830,010-12817-02,0,0,0,12.99,,
78831,010-12745-01,146,58,88,19.49,,
78836,DT2B-TM,13,6,7,89.21,,
78851,LLB-32KW-11-00,0,0,0,49.38,,
78875,273100-1,0,0,0,5.29,,
78876,273101-1,3,3,0,5.95,,
78877,273110-1,1,1,0,5.16,,
78878,273111-1,6,6,0,5.69,,
78879,273175-1,6,6,0,4.10,,
78880,273176-1,4,4,0,3.37,,
78881,273180-1,0,0,0,3.50,,
78882,273181-1,0,0,0,3.31,,
78883,273580-1,19,16,3,3.26,,
78884,273581-1,0,0,0,3.74,,
78885,270100-1,18,10,8,8.94,,
78886,270101-1,7,5,2,9.53,,
78887,270111-1,23,15,8,11.68,,
78888,270180-1,37,37,0,4.50,,
78890,270191-1,20,10,10,10.90,,
78891,270175-1,0,0,0,7.92,,
78892,S1R,4,2,2,23.53,,
78893,273200-1,8,2,6,3.64,,
78894,273201-1,6,6,0,4.69,,
78895,273205-1,6,0,6,4.45,,
78896,273206-1,1,1,0,4.56,,
78897,273230-1,0,0,0,4.69,,
78898,273231-1,7,4,3,5.06,,
78899,273240-1,0,0,0,5.66,,
78900,273241-1,0,0,0,5.69,,
78901,270200-1,6,6,0,9.95,,
78902,270205-1,15,4,11,12.40,,
78903,270230-1,10,10,0,10.31,,
78904,270235-1,18,8,10,13.00,,
78905,270240-1,5,0,5,10.06,,
78906,270245-1,3,0,3,12.27,,
78907,270260-1,16,8,8,10.85,,
78908,273300-1,0,0,0,2.55,,
78909,589610-1,0,0,0,20.29,,
78910,588130-3,0,0,0,15.03,,
78911,010-12697-00,0,0,0,18.75,,
78912,010-12525-01,0,0,0,8.79,,
78915,T70321,0,0,0,1749.99,,
78917,010-12812-02,16,8,8,12.99,,
78918,001-533-250-00,0,0,0,101.82,,
78964,600-TLM-SIF,6,2,4,48.07,,
78966,010-12547-02,27,12,15,22.49,,
78968,211409,0,0,0,8.67,,
78969,211408,3,3,0,8.67,,
78970,211419,7,4,3,9.05,,
78971,211418,6,3,3,8.67,,
78972,211429,2,0,2,12.90,,
78973,211428,7,3,4,12.43,,
78974,199263,19,5,14,12.27,,
78975,199262,20,10,10,4.29,,
78988,HE-INFIN40,0,0,0,459.22,735.99,
78989,HE-INFIN22,0,0,0,327.62,537.99,
78990,HE-INFIN14,1,1,0,149.96,231.99,
78991,HE-INFIN8,0,0,0,179.82,294.99,
78992,HE-ICL2PK,0,0,0,273.61,448.99,
78993,HE-ICL2,0,0,0,77.27,118.99,
78995,MPS-RGBC-4,12,6,6,37.04,65.99,
78996,010-12800-01,0,0,0,14.99,,
79009,150112,15,8,7,13.65,,
79011,ZDIGIKVT,6,4,2,177.04,,
79012,ZDIGIKVTUSB,6,3,3,177.04,,
79013,LLB-21KC-71-00,6,6,0,14.46,,
79014,LLB-21KW-71-00,0,0,0,14.46,,
79017,22042,0,0,0,138.33,,
79018,22043,0,0,0,159.62,,
79020,422110-1,3,3,0,42.76,,
79021,422010-1,3,3,0,31.97,,
79022,422800-1,4,3,1,46.74,,
79023,424806-1,1,0,1,59.04,,
79024,425800-1,0,0,0,88.79,,
79026,424605-1,0,0,0,41.37,,
79027,423046-1,5,5,0,17.94,,
79028,424016-1,4,4,0,34.11,,
79029,424116-1,1,1,0,47.24,,
79033,150,49,19,30,29.69,44.95,
79034,224,20,10,10,9.68,14.95,
79035,225,4,0,4,11.19,16.95,
79036,226,12,4,8,24.38,36.95,
79037,227,5,2,3,26.39,39.95,
79038,228,4,1,3,35.01,52.95,
79039,229,5,2,3,35.77,53.95,
79040,230,5,3,2,76.51,114.95,
79041,239,5,3,2,41.38,62.95,
79042,244,1,1,0,28.58,42.95,
79043,245,6,3,3,31.06,46.95,
79044,292,8,8,0,19.43,28.95,
79045,300,6,2,4,31.00,46.95,
79046,326,6,2,4,31.65,47.95,
79047,327,5,4,1,37.90,56.95,
79048,344,4,2,2,45.91,68.95,
79049,365,12,10,2,23.44,34.95,
79050,376,6,2,4,16.45,24.95,
79051,379,5,1,4,35.16,52.95,
79052,381,9,4,5,29.64,44.95,
79053,404,12,4,8,11.60,17.95,
79054,405,3,2,1,13.30,19.95,
79055,406,8,4,4,24.14,36.95,
79056,407,8,3,5,26.39,39.95,
79057,408,9,7,2,34.08,51.95,
79058,409,7,3,4,35.83,53.95,
79059,417,8,4,4,20.87,31.95,
79060,468,11,5,6,24.26,36.95,
79061,469,5,3,2,30.13,45.95,
79062,471,11,7,4,21.34,31.95,
79063,473,14,4,10,27.21,40.95,
79064,2103,1,0,1,8.91,13.95,
79065,2104,8,3,5,9.12,13.95,
79066,2106,5,3,2,15.43,22.95,
79067,2116,8,3,5,51.29,76.95,
79068,2131,14,1,13,6.14,8.95,
79069,2132,8,2,6,8.36,12.95,
79070,2133,9,4,5,6.26,9.95,
79072,2600,18,8,10,36.35,54.95,
79073,2622,3,0,3,48.01,72.95,
79074,2636,16,10,6,25.01,37.95,
79075,2655,10,6,4,34.25,51.95,
79076,2656,18,3,15,38.34,57.95,
79077,2660,5,2,3,64.05,96.95,
79079,340,27,9,18,19.26,28.95,
79080,348,5,4,1,11.40,16.95,
79085,010-12812-01,32,29,3,12.99,,
79101,010-12813-00,18,8,10,9.75,,
79102,010-12812-03,0,0,0,12.99,,
79107,PKF32G,6,6,0,29.85,44.10,
79113,9638,0,0,0,44.22,,
79114,9639,4,3,1,30.49,,
79115,9637,7,3,4,88.39,,
79136,019904,0,0,0,259.78,411.00,
79137,019903,0,0,0,66.30,104.00,
79138,013001,0,0,0,844.32,1282.00,
79139,013003,0,0,0,844.32,1282.00,
79142,33025,3,2,1,36.37,,
79150,RMX4502,0,0,0,399.99,,
79152,10080,12,2,10,33.67,,
79153,10079,0,0,0,30.63,,
79154,10031,6,3,3,16.57,,
79155,10082,14,9,5,23.30,,
79156,10098,8,4,4,16.84,,
79157,10099,5,4,1,16.84,,
79158,10035,5,3,2,19.24,,
79159,10001,10,4,6,39.23,,
79160,10036,4,2,2,92.65,,
79161,10028XLP,8,5,3,73.24,,
79162,10017XL,6,2,4,83.62,,
79163,10029XLP,9,5,4,140.94,,
79164,10018XL,10,4,6,153.80,,
79165,10010,5,2,3,63.40,,
79166,10011,6,3,3,124.81,,
79167,10107,9,3,6,158.92,,
79168,10108,4,2,2,212.86,,
79169,10105,4,2,2,169.86,,
79170,10524,0,0,0,188.16,,
79171,10106,4,2,2,252.14,,
79172,10122,4,2,2,252.14,,
79173,10624,6,2,4,252.14,,
79174,E70531,8,5,3,395.99,,
79176,S00-00522-10,14,7,7,6.79,,
79181,A80512,4,2,2,99.99,,
79190,E70533,0,0,0,571.99,,
79194,E70535,0,0,0,1011.99,,
79208,RODE54,0,0,0,694.67,,
79214,TR05LM,0,0,0,1038.89,,
79215,TR07LM,0,0,0,1322.22,,
79218,420805-1,0,0,0,4.34,,
79219,420806-1,0,0,0,4.27,,
79220,420808-1,11,5,6,4.15,,
79221,420810-1,20,10,10,4.15,,
79222,420815-1,18,8,10,4.15,,
79223,420820-1,14,4,10,4.21,,
79224,420830-1,3,0,3,4.56,,
79225,420839-1,2,0,2,3.74,,
79227,B60-20-FISO,0,0,0,248.48,324.99,
79255,445185-1,10,2,8,20.18,,
79256,445188-1,4,1,3,32.53,,
79257,445090-1,6,0,6,13.41,,
79258,445190-1,11,4,7,11.08,,
79259,403066-1,5,2,3,29.17,,
79260,420430-1,3,3,0,37.20,,
79266,426113-1,10,1,9,5.82,,
79271,2129,0,0,0,16.05,,
79274,911421A5,41,15,26,20.98,,
79284,010-02277-00,16,3,13,637.49,,
79285,RH5332V,6,2,4,109.94,,
79289,34012B,0,0,0,13.47,,
79290,34012S,17,13,4,13.47,,
79291,34014B,19,15,4,14.51,,
79292,34014S,11,5,6,14.51,,
79293,911313,6,2,4,259.51,434.99,
79294,34016B,11,4,7,15.70,,
79296,34018B,6,4,2,16.70,,
79297,34018S,18,9,9,16.70,,
79298,34020B,7,5,2,19.43,,
79299,34020S,13,9,4,19.43,,
79300,34022B,7,3,4,23.57,,
79301,34022S,6,3,3,23.57,,
79302,34024B,2,0,2,28.83,,
79303,34024S,0,0,0,28.83,,
79304,34026B,2,2,0,32.91,,
79305,34026S,4,4,0,32.91,,
79306,36180,1,0,1,142.65,,
79307,36110,0,0,0,142.65,,
79308,37180,8,8,0,142.65,,
79309,37110,9,8,1,142.65,,
79312,33006A,4,2,2,27.01,,
79313,33007A,5,4,1,28.14,,
79314,33010A,10,6,4,31.76,,
79315,33012A,18,12,6,28.19,,
79316,33014A,9,5,4,31.71,,
79317,33070A,6,2,4,33.66,,
79319,SCED2225,7,4,3,41.78,,
79321,34016S,10,5,5,15.70,,
79325,AVLWR02401,0,0,0,1309.38,,
79332,S11-01315-30,6,2,4,169.74,,
79335,323-500,5,2,3,10.19,,
79336,012924,0,0,0,54.35,85.00,
79337,80-47231-01,2,0,2,331.17,,
79338,80-47232-01,6,3,3,356.65,,
79343,010-12256-12,0,0,0,18.75,,
79376,126,24,18,6,10.71,,
79378,010-11822-02,0,0,0,19.99,,
79380,S1G,0,0,0,27.06,,
79424,13889,0,0,0,130.25,,
79426,GP2050-06,0,0,0,327.26,,
79427,ZDIGAISNODE,6,3,3,509.97,,
79434,32-700,0,0,0,781.25,,
79447,010-C1156-00,0,0,0,262.49,,
79463,IPB02BK,0,0,0,29.81,,
79464,DP60-B-CC,0,0,0,38.85,,
79465,012925,0,0,0,58.29,,
79468,012923,0,0,0,61.36,93.00,
79469,DOLLY-2-B-HD,0,0,0,59.00,,
79470,315FPX,16,7,9,37.43,,
79479,010-12832-00,5,4,1,74.99,,
79480,010-12832-01,1,1,0,74.99,,
79481,010-12832-10,0,0,0,22.49,,
79482,010-12832-18,4,2,2,22.49,,
79483,010-12832-20,0,0,0,44.99,,
79484,010-12832-22,0,0,0,44.99,,
79485,010-12832-25,0,0,0,29.99,,
79487,010-12833-00,3,3,0,224.99,,
79488,010-12834-00,5,2,3,262.49,,
79489,010-12832-50,0,0,0,89.99,,
79491,A80036,2,1,1,781.79,,959.00
79496,FP-OUT3,0,0,0,19.32,,
79499,C2111-08-00600,0,0,0,292.60,,
79500,C2111-12-00600,0,0,0,493.05,,
79501,C2113-10-00600,0,0,0,380.95,,
79502,SAD-24B,6,1,5,22.50,,
79503,980500741,6,3,3,26.94,,
79504,RA-38A,0,0,0,33.13,,
79507,804030,0,0,0,13.32,,
79519,T70320,0,0,0,1749.99,,
79537,1902340,0,0,0,1428.79,,
79538,1902335,5,5,0,1278.39,,
79539,1903017,7,7,0,30.54,,
79540,1852075,4,2,2,32.68,,
79542,A80484,0,0,0,63.91,,
79550,720105-1,20,20,0,23.47,,
79558,RODE47,0,0,0,434.67,,
79559,SP4156,0,0,0,41.51,,
79561,40181,2,0,2,15.62,22.99,
79562,UST850S-P17-N2,0,0,0,1071.95,1457.00,
79564,710302-1,8,8,0,681.87,,
79565,720106-1,12,8,4,61.68,,
79566,720106-2,7,5,2,68.18,,
79567,720107-1,4,4,0,45.45,,
79568,720108-1,9,5,4,53.02,,
79570,411260-1,15,8,7,1064.18,,
79571,APT-F-LB-01,10,5,5,140.63,,
79593,P79-235-N2,3,1,2,314.60,429.00,
79595,AM120W,0,0,0,31.60,,
79598,10-1476-40,8,4,4,25.68,,
79601,977339-T,7,3,4,67.57,,
79603,815000,6,2,4,121.30,,
79629,HE-SLWH1,0,0,0,31.17,51.99,
79630,AV212,5,2,3,350.00,,
79632,322210-1,0,0,0,15.10,,
79633,324310-1,0,0,0,10.06,,
79634,329990-1,18,9,9,2.55,,
79635,412428B-1,1,1,0,100.37,,
79636,412421B-1,0,0,0,100.37,,
79637,414900-3,4,3,1,53.83,,
79638,414800-3,0,0,0,177.84,,
79639,412428W-1,0,0,0,107.69,,
79640,412421W-1,0,0,0,107.69,,
79641,151300-410-004-17,0,0,0,263.87,,
79642,LLB-32KW-01-M0,0,0,0,46.09,,
79644,C998-20,0,0,0,87.92,,
79645,227561-1,0,0,0,8.94,,
79646,227560-1,8,8,0,9.05,,
79647,322620-1,4,4,0,31.70,,
79648,327200-1,11,1,10,11.92,,
79649,328012-1,29,19,10,19.45,,
79650,328013-1,11,10,1,19.59,,
79651,328059-1,5,3,2,11.92,,
79653,322150-1,11,7,4,49.03,,
79654,321680-1,11,7,4,43.70,,
79660,ZDIGAIT5000,4,2,2,1012.88,,
79688,820009,1,0,1,369.99,,
79689,GP1900-04,0,0,0,319.99,,
79691,325-002,6,3,3,47.28,,
79692,R30303,0,0,0,197.92,292.50,
79693,R30303BM30NT,13,8,5,316.06,467.10,
79694,R30303BM30PW,0,0,0,281.96,416.70,
79695,R30303BM30PG,1,0,1,281.96,416.70,
79696,R30303BM30PB,0,0,0,281.96,416.70,
79697,533-VW-S,0,0,0,284.37,,
79699,40021006,0,0,0,3136.88,,
79702,T70281,2,2,0,1210.59,,
79704,0111,4,3,1,78.73,,
79705,R111C-LM,0,0,0,3221.12,4299.00,
79706,329515,3,1,2,11.36,,
79711,010-12826-00,0,0,0,824.99,,
79712,48-YSP-4JH-D,2,0,2,568.29,,
79714,PLASE360,97,88,9,22.50,,
79715,PLASE371,15,15,0,25.71,,
79716,PLASE370,253,253,0,25.71,,
79717,PLASE373,80,76,4,28.93,,
79718,PLASE400,8,8,0,48.21,,
79720,PLASE503,0,0,0,48.21,,
79721,PLASE700,3,3,0,45.00,,
79722,PLASE600,8,7,1,32.14,,
79723,PLASE800,2,2,0,45.00,,
79725,PLASV373,0,0,0,11.08,,
79726,PLASV370,0,0,0,9.75,,
79727,PLASV371,3,0,3,9.75,,
79728,PLASV363,0,0,0,8.25,,
79729,PLASV360,4,4,0,7.50,,
79730,PLASV350,3,0,3,5.73,,
79732,2156,4,1,3,58.56,87.95,
79733,2157,8,3,5,54.77,82.95,
79734,2638,4,0,4,56.64,84.95,
79735,2639,6,2,4,60.75,91.95,
79736,2640,4,3,1,93.51,140.95,
79737,2641,5,3,2,97.57,146.95,
79738,2642,5,3,2,47.25,70.95,
79739,"F-1 WHITE",15,6,9,35.00,,
79740,2643,6,2,4,51.34,77.95,
79741,"F-1 BLACK",0,0,0,43.79,,
79742,2644,6,4,2,24.05,35.95,
79743,"F-02 WHITE",0,0,0,51.80,,
79744,2645,4,2,2,81.53,122.95,
79745,2646,5,3,2,85.70,128.95,
79746,"F-02 BLACK",0,0,0,51.80,,
79747,"F-2 WHITE",14,10,4,44.99,,
79748,"F-2 BLACK",0,0,0,60.03,,
79749,"F-3 WHITE",3,0,3,58.00,,
79750,"F-3 BLACK",0,0,0,82.25,,
79751,"F-4 WHITE",0,0,0,104.52,,
79752,"F-4 BLACK",0,0,0,104.52,,
79753,"F-5 WHITE",0,0,0,107.40,,
79754,"F-5 BLACK",0,0,0,107.40,,
79755,"F-6 WHITE",7,7,0,139.76,,
79756,"F-6 BLACK",12,5,7,139.76,,
79757,"F-7 WHITE",12,7,5,203.31,,
79758,"F-7 BLACK",14,11,3,203.31,,
79759,"F-8 WHITE",0,0,0,356.21,,
79760,"F-8 BLACK",0,0,0,356.21,,
79762,"F-10 BLACK",1,1,0,299.00,,
79763,"F-11 WHITE",0,0,0,480.67,,
79764,"F-11 BLACK",2,2,0,457.77,,
79765,"F-13 WHITE",0,0,0,842.57,,
79768,PP4500-10,0,0,0,276.35,,
79773,UCMD,4,1,3,201.05,,
79790,UTV4B,0,0,0,96.73,219.99,
79800,414800-3-414900-3,0,0,0,144.50,,
79805,621-VUP-MC-120-J10,0,0,0,819.08,1003.00,
79810,07-66-035,4,4,0,22.71,,
79857,KG-1WP-R,22,9,13,38.67,49.30,
79858,KG-4WP-R,6,6,0,125.67,160.23,
79859,KG-1GP-R,28,7,21,38.67,49.30,
79860,KG-4GP-R,8,8,0,125.67,160.23,
79861,KG-1CP-R,63,9,54,38.67,49.30,
79862,KG-4CP-R,22,9,13,125.67,160.23,
79863,8014,0,0,0,10.92,,
79865,KG-4BL-PR,12,9,3,125.67,160.23,
79866,18916-0050,24,15,9,28.95,,
79867,GP2200-14,0,0,0,363.62,,
79868,549-EW-RS,0,0,0,427.70,,
79870,ZDIGGPS160,6,3,3,148.71,,
79871,ZDIGGPS160USB,5,2,3,205.38,,
79872,ZDIGGPS160N2K,2,0,2,276.21,,
79873,ZDIGGPS160ST,2,1,1,276.21,,
79875,ZDIGMOBSW,4,2,2,2.99,,
79877,VDR100-01,0,0,0,676.42,,
79878,7060,3,0,3,148.01,182.00,
79899,902213,0,0,0,108.58,181.99,
79903,N20804S,24,12,12,170.45,,
79920,588250-1,16,10,6,38.71,,
79921,50070-0080,5,3,2,171.96,,
79926,400054-3,1,0,1,111.60,,
79927,400157-1,14,9,5,14.79,,
79928,400155-1,7,5,2,14.79,,
79929,30398,9,7,2,14.04,20.79,
79930,30398CASE,1,1,0,80.03,,
79934,30218,73,34,39,6.41,8.79,
79935,30571,2,1,1,5.36,8.79,
79936,30218CASE,11,5,6,36.53,,
79937,922513,0,0,0,110.36,184.99,
79938,MM3-VSA-500,0,0,0,227.27,,
79939,30571CASE,0,0,0,30.53,,
79940,38116-0000,10,3,7,290.59,,
79949,FL50W,0,0,0,141.18,,
79950,E6-10-301-20,48,48,0,8.63,,
79954,D16601,3,2,1,68.69,,
79955,D16601CASE,0,0,0,267.53,,
79956,M21032,12,6,6,35.70,,
79957,M21032CASE,2,1,1,208.58,,
79967,28512000,0,0,0,705.49,,
79968,53120,0,0,0,193.89,324.99,
79969,53121,0,0,0,193.89,324.99,
79970,53123,0,0,0,193.89,324.99,
79971,53122,0,0,0,195.08,326.99,
79973,53221,2,0,2,170.02,284.99,
79974,53223,0,0,0,181.95,304.99,
79975,53222,0,0,0,181.95,304.99,
79982,221408,7,4,3,17.74,,
79983,221428,9,3,6,23.41,,
79984,221418,13,5,8,17.74,,
79988,327150-1,10,3,7,23.55,,
79989,327151-1,3,3,0,24.11,,
79991,010-12464-00,0,0,0,15.99,,
79997,22275,23,10,13,12.95,,
79998,22275CASE,3,1,2,73.80,,
79999,22295,57,46,11,3.59,,
80000,22295CASE,6,5,1,27.30,,
80004,521520-1,0,0,0,6.73,,
80005,521550-1,4,1,3,15.10,,
80006,300085-1,7,2,5,21.31,,
80007,336520-3,5,1,4,45.49,,
80008,336525-3,3,3,0,45.49,,
80009,357390-1,6,5,1,9.53,,
80010,490050-1,2,0,2,23.27,,
80032,940314,1,0,1,729.63,1222.99,
80033,421645-1,8,4,4,24.11,,
80040,906513,0,0,0,165.25,276.99,
80041,491075-1,25,9,16,12.04,,
80042,429930-1,0,0,0,20.50,,
80043,432590-1,1,1,0,16.71,,
80044,491713-1,19,9,10,22.20,,
80045,512220-1,8,3,5,23.44,,
80046,513110-1,13,8,5,26.59,,
80047,513120-1,21,11,10,21.31,,
80048,520065-1,4,2,2,21.35,,
80054,67852OB,1,1,0,147.05,,
80055,67852OG,0,0,0,147.05,,
80057,83302502,0,0,0,304.33,,
80060,11701100,1,1,0,55.69,,
80063,31501330,2,2,0,327.04,,
80064,31501340,1,1,0,327.04,,
80065,31501512,0,0,0,301.23,,
80066,31501522,2,1,1,301.23,,
80067,31502331,1,1,0,327.04,,
80068,31502341,0,0,0,327.04,,
80069,31512510,0,0,0,393.36,,
80070,31512520,0,0,0,393.36,,
80071,31512710,0,0,0,393.36,,
80072,31512720,0,0,0,393.36,,
80073,041636-1,18,10,8,28.21,,
80074,041666-1,0,0,0,26.15,,
80075,221615-1,0,0,0,151.87,,
80076,337198-1,6,5,1,4.40,,
80077,10-24690-18,5,3,2,214.53,,
80078,10-24939-18,2,1,1,278.89,,
80079,09-824P-2,4,2,2,29.49,,
80080,405300-3,3,2,1,71.96,,
80081,09-849P-2,1,0,1,34.86,,
80082,405320-3,10,6,4,33.09,,
80083,405321-3,4,1,3,38.15,,
80084,421600-1,1,1,0,36.45,,
80085,422790-1,5,4,1,45.49,,
80086,31505,30,22,8,90.51,,113.99
80087,31510,4,2,2,137.14,,169.99
80088,31515,4,2,2,175.04,,215.99
80089,44006,10,2,8,109.45,,135.99
80090,44008,18,10,8,137.33,,169.99
80091,44012,28,17,11,167.06,,204.99
80092,44020,19,12,7,201.38,,249.99
80093,44021,26,13,13,211.34,,260.99
80094,44023,0,0,0,168.42,,218.99
80095,44026,5,2,3,216.75,,281.99
80096,44028,9,4,5,288.50,,374.99
80098,44029,6,4,2,290.92,,377.99
80099,51805,10,6,4,18.94,,
80100,51815,9,2,7,29.77,,
80101,405681-1,1,0,1,42.34,,
80102,RF35109HL,6,3,3,69.98,107.06,
80104,77010700,4,2,2,100.24,,
80105,90405,14,14,0,18.90,,
80106,91005,0,0,0,58.16,,
80110,90402,9,2,7,15.96,,
80112,13721,3,1,2,35.31,,
80114,13806,1,1,0,46.35,,
80116,13818,0,0,0,50.00,,
80118,13009,0,0,0,60.50,,
80119,13001,0,0,0,26.13,,
80120,41500700,6,2,4,19.63,,
80123,77032900,4,0,4,132.62,,
80127,13017,0,0,0,26.13,,
80130,35513000,4,4,0,1251.36,,1532.99
80131,13113,0,0,0,42.89,,
80132,35523000,6,4,2,1483.22,,1816.99
80133,13151,0,0,0,220.78,,
80134,35512000,4,4,0,1019.51,,1248.99
80135,35522000,0,0,0,1297.83,,1589.99
80136,35013000,0,0,0,1365.50,,
80137,35023000,1,0,1,1630.62,,
80138,35012000,0,0,0,1156.06,,
80139,35022000,4,2,2,1481.23,,
80142,36212000,3,3,0,699.09,,
80143,33147,6,2,4,127.61,,
80144,36211200,4,2,2,578.34,,
80145,13117,0,0,0,39.88,,
80147,44320805,0,0,0,2169.91,,2799.99
80148,44321105,8,2,6,2807.72,,3622.99
80149,12819,0,0,0,56.15,,
80150,12861,3,0,3,9.75,,
80151,32861,4,1,3,18.13,,
80155,12805,33,18,15,14.99,,
80157,12830,0,0,0,36.21,,
80159,12814,0,0,0,37.41,,
80161,12910,1,0,1,38.49,,
80178,CW100IT5,0,0,0,2620.73,,
80179,124302,5,3,2,22.99,,
80180,124702,9,4,5,14.99,,
80181,160010,1,1,0,41.99,,
80183,160110,5,3,2,64.52,,
80185,160210,3,1,2,69.99,,
80187,270107,53,25,28,11.49,,
80188,270109,31,0,31,17.26,,
80189,270110,21,13,8,17.26,,
80190,270111,33,21,12,4.60,,
80191,270112,1,0,1,5.59,,
80192,270114,21,14,7,15.54,,
80193,270203,17,14,3,103.57,,
80194,326899,6,2,4,74.02,,
80195,327899,6,3,3,78.05,,
80196,336899,0,0,0,74.02,,
80197,337899,4,2,2,78.05,,
80198,404352,6,3,3,22.47,,
80199,501072-3,5,2,3,57.41,,
80200,702007,9,3,6,6.10,,
80201,702008,0,0,0,9.17,,
80202,702031,0,0,0,30.53,,
80203,702032,8,3,5,15.60,,
80204,703007,7,3,4,42.69,,
80205,703015,5,3,2,50.62,,
80206,703035,4,2,2,50.62,,
80207,703072,0,0,0,34.62,,
80208,703073,0,0,0,73.26,,
80209,703079,0,0,0,153.35,,
80210,SPKKIT,5,2,3,76.81,,
80225,BOLTBLTADJ,8,6,2,267.57,,
80234,RBA-200,0,0,0,281.25,,
80237,010-12937-00,1,0,1,16.24,,
80238,010-12937-01,0,0,0,16.24,,
80239,010-12937-10,2,1,1,11.13,,
80240,010-12937-11,0,0,0,11.58,,
80241,010-12937-20,7,4,3,11.74,,
80242,010-12937-21,0,0,0,16.24,,
80245,8HG998519001,0,0,0,13.92,,
80246,88443,1,1,0,367.14,,
80248,LLB-22KC-21-00,0,0,0,12.94,,
80249,LLB-22KW-21-00,0,0,0,12.94,,
80250,6123AEPA,2,2,0,69.46,,
80276,36112,0,0,0,245.80,411.99,
80278,36113,0,0,0,245.80,411.99,
80279,36114,1,1,0,257.50,411.99,
80280,36115,0,0,0,245.80,411.99,
80281,36116,0,0,0,245.80,411.99,
80284,36117,0,0,0,245.80,411.99,
80286,36119,0,0,0,245.80,411.99,
80292,36200,0,0,0,381.82,639.99,
80295,36202,0,0,0,381.82,639.99,
80297,36203,0,0,0,381.82,639.99,
80298,36204,0,0,0,381.82,639.99,
80299,36205,0,0,0,381.82,639.99,
80301,36207,0,0,0,381.82,639.99,
80302,36360,0,0,0,68.60,109.99,
80312,255,0,0,0,19.83,,
80313,257,2,2,0,19.83,,
80314,355,2,0,2,19.83,,
80315,357,0,0,0,19.83,,
80316,12003OB,1,0,1,158.29,,
80317,12003ON,3,3,0,158.29,,
80318,12003OS,2,1,1,158.29,,
80321,55745,2,2,0,71.03,,
80322,67867,0,0,0,69.62,,
80323,22048,0,0,0,138.33,,
80324,12004OB,6,4,2,89.99,,
80325,12004OS,5,0,5,101.21,,
80327,12005OB,8,5,3,107.61,,
80328,12005OS,2,1,1,141.56,,
80330,1092,20,20,0,17.93,,
80332,GS-390,3,1,2,2625.09,,
80333,GS-390XL,2,2,0,3081.06,,
80359,GS-900-1,0,0,0,745.53,,999.99
80360,GS-950,5,3,2,832.33,,
80362,10-13409-02,3,2,1,603.36,,
80363,4000,18,11,7,3.99,,
80365,7062,30,10,20,7.85,,
80366,7063,10,0,10,7.85,,
80368,7064,15,4,11,7.85,,
80369,7065,10,0,10,7.85,,
80370,7066,16,4,12,7.85,,
80371,7067,5,0,5,7.85,,
80372,7068,14,3,11,7.85,,
80379,2356,10,10,0,28.09,,
80382,5056,11,5,6,36.30,,
80383,46310,8,2,6,24.93,,
80385,1739,11,4,7,41.57,,
80386,1739200,12,7,5,41.57,,
80388,1732200,10,5,5,72.00,,
80389,1733200,9,9,0,39.59,,
80392,1741200,3,3,0,57.65,,
80408,010-02236-00,0,0,0,479.99,,
80409,010-02236-02,0,0,0,559.99,,
80410,010-12946-00,0,0,0,74.99,,
80419,2000035023,10,4,6,62.47,,
80423,6234,7,4,3,74.71,115.05,
80424,6235,6,3,3,75.19,115.80,
80425,6260,13,8,5,45.32,66.15,
80426,6261,5,3,2,53.15,77.60,
80427,6269,4,1,3,98.26,143.45,
80428,6270,5,3,2,107.19,156.50,
80429,6272,6,4,2,119.42,174.35,
80430,6273,2,2,0,134.84,196.85,
80439,W733-SS,0,0,0,18.65,,
80443,010-12105-20,46,21,25,22.49,,
80528,742132BFGK,5,1,4,422.73,,
80529,CAP030B,1,0,1,16.23,,
80530,DEF150101,0,0,0,82.96,,
80531,DEF228101,0,0,0,67.16,,
80532,DE248101,0,0,0,89.79,,
80535,JMS3RTL,0,0,0,176.54,285.99,
80568,AIR-033-745,0,0,0,250.00,,
80569,GP1050-26,0,0,0,327.26,,
80580,GP1500-32,0,0,0,276.35,,
80581,01-05-074,3,1,2,16.08,,
80582,01-05-075,0,0,0,21.24,,
80583,01-05-076,1,1,0,27.24,,
80584,01-05-077,3,2,1,15.91,,
80585,DE2044F,0,0,0,197.37,,
80586,01-05-078,2,2,0,17.60,,
80587,01-05-079,4,2,2,22.75,,
80588,01-05-080,6,4,2,22.75,,
80589,01-05-081,2,0,2,23.36,,
80591,01-05-082,2,1,1,23.36,,
80592,02-01-003,2,2,0,78.38,,
80593,02-01-004,0,0,0,91.47,,
80594,02-02-006,0,0,0,147.65,,
80595,02-02-008,2,0,2,294.61,,
80596,02-04-014,0,0,0,171.61,,
80597,02-04-015,3,1,2,173.06,,
80598,02-99-023,4,2,2,13.87,,
80605,BOWA0301,0,0,0,1959.00,2507.52,
80606,BOWA0361,1,1,0,2186.50,2798.72,
80607,BOWA0421,0,0,0,2234.06,2859.60,
80609,37-10-065-20,12,8,4,7.92,,
80611,E3-15-22,0,0,0,52.74,,
80612,E3-15-30,0,0,0,68.62,,
80614,E3-5-15,35,17,18,6.42,,
80616,M1-25-62-28,0,0,0,77.66,,
80617,MP-04-33-22,0,0,0,99.74,,
80618,MR-01-122-24,0,0,0,107.03,,
80619,BP110G75,0,0,0,66.51,79.80,
80620,MF-02-110-70,0,0,0,116.46,,
80621,BPPPA,0,0,0,423.75,,
80622,M1-44-8,0,0,0,66.46,,
80623,M1-25-42-28,0,0,0,82.11,,
80625,M1-20-31-58,0,0,0,100.19,,
80630,JOY1000,4,2,2,182.20,,
80631,OBI9000-E,20,9,11,294.23,,
80632,OBI9000-H,13,6,7,314.83,,
80633,BOLT1216HD,0,0,0,925.06,,
80634,1852084,16,5,11,25.47,,
80635,BOLT129ADJ,2,0,2,405.48,,
80651,010-12753-20,0,0,0,16.24,,
80657,010-12584-00,10,4,6,6.49,,
80658,112302,5,1,4,29.99,,
80659,010-12466-00,17,4,13,19.49,,
80676,T1125-30,4,2,2,40.91,,
80677,3947,26,11,15,118.31,,
80679,S2-4643,1,0,1,71.48,,
80680,S2-6645,0,0,0,71.48,,
80692,SPC104,2,0,2,27.50,,
80695,56561,5,0,5,300.47,,
80696,53711,9,3,6,71.53,119.99,
80697,53716,10,5,5,71.53,119.99,
80698,53721,15,8,7,71.53,119.99,
80699,53726,16,4,12,71.53,119.99,
80700,27411,0,0,0,66.32,,95.41
80701,27412,30,0,30,66.32,,95.41
80703,53770,21,7,14,89.75,149.99,
80704,53771,6,3,3,89.75,149.99,
80705,53772,12,4,8,89.75,149.99,
80706,53773,14,8,6,89.75,149.99,
80707,53774,16,2,14,89.75,149.99,
80708,53775,11,3,8,90.90,149.99,
80709,16662A,0,0,0,28.53,,
80710,16672A,0,0,0,34.12,,
80714,351320-1,2,2,0,43.98,,
80715,351321-1,0,0,0,36.29,,
80717,SBH-32,41,11,30,22.50,,
80718,351322-1,0,0,0,43.98,,
80719,351323-1,0,0,0,40.95,,
80720,351300-1,2,2,0,28.50,,
80721,DS16-P-BLK,29,9,20,19.69,,
80722,DS21A-P-BLK,9,2,7,21.95,,
80723,DS21B-P-BLK,8,2,6,21.95,,
80724,P2030BK,0,0,0,13.40,,
80725,DS30-P-BLK,46,18,28,23.60,,
80726,P1334314,0,0,0,7.31,,
80727,C1334314,20,6,14,17.05,,
80728,DS40-P-BLK,40,6,34,26.89,,
80729,DS6-P-BLK,24,15,9,12.62,,
80730,DS-H10-BLK,18,13,5,21.67,,
80731,DS-H6-BLK,21,13,8,15.37,,
80740,010-12931-00,0,0,0,37.49,,
80743,SAD-25B,19,13,6,22.50,,
80748,55613,0,0,0,94.33,,
80753,55621,5,3,2,290.94,,
80754,55623,0,0,0,405.01,,
80755,55625,0,0,0,54.46,,
80757,55635,0,0,0,37.78,,
80758,50030,35,23,12,43.05,,
80759,50031,35,21,14,44.93,,
80761,50033,20,10,10,23.98,,
80762,DSM570-01,9,4,5,895.91,,
80776,BOS12V2,1,1,0,285.98,,
80777,BOS12V3,1,0,1,285.98,,
80808,710294-1,6,6,0,401.54,,
80827,FSGP22012D05A00,0,0,0,2057.13,,
80840,LLB-53SW-81-00,5,2,3,41.54,,
80843,SBH-25,49,29,20,15.00,,
80844,CD-48,5,2,3,22.50,,
80845,SBH-27,14,13,1,15.00,,
80846,91-063A,0,0,0,25.05,,
80865,44320605,13,6,7,1535.91,,1981.99
80875,3126,9,5,4,7.42,,
80877,BOW7512D,0,0,0,1863.00,2384.64,
80880,83558,0,0,0,469.07,,
80882,APT-F-250-01,5,2,3,320.63,,
80888,385310969,0,0,0,56.45,,
80890,385311009,0,0,0,54.25,,
80892,385311292,0,0,0,51.93,,
80895,385311013,0,0,0,51.32,,
80919,DT2BX-TM,25,3,22,106.51,,
80920,01-0423-01SL,1,0,1,8499.99,,
80922,041608-1,15,8,7,31.80,,
80923,060060-1,8,3,5,28.05,,
80924,205420-1,0,0,0,23.11,,
80925,221835-1,4,0,4,51.31,,
80926,353210-1,18,12,6,26.68,,
80927,491912-1,0,0,0,19.63,,
80928,080036-1,12,2,10,14.02,,
80930,221244-1,2,0,2,23.27,,
80931,205705-1,3,3,0,33.42,,
80933,169601,79,76,3,39.60,89.97,
80934,169601CASE,19,19,0,136.62,,
80935,169622,48,48,0,15.44,30.97,
80936,169622CASE,4,4,0,189.88,,
80938,LS-2900,1,0,1,38.93,,
80939,LS-3100,1,0,1,67.05,,
80940,LS-3170,0,0,0,45.59,,
80941,LS-3200,2,0,2,34.05,,
80942,LS-3300,2,1,1,33.01,,
80943,LS-3400,4,0,4,28.87,,
80944,LS-3600,3,0,3,24.42,,
80945,LS-3650,4,0,4,20.87,,
80946,LS-5200,3,0,3,58.62,,
80947,20-61,4,0,4,20.43,,
80948,20-62,2,0,2,19.99,,
80949,20-63,0,0,0,19.84,,
80950,20-64,6,2,4,19.54,,
80951,BPG-2038,2,0,2,0.59,,
80952,SLK-30,3,0,3,291.32,,
80953,SLK-40,3,0,3,319.74,,
80954,SLK-GKM,2,0,2,168.89,,
80955,SLK-GKA,4,0,4,128.49,,
80956,26-884,3,0,3,64.84,,
80958,21-80,3,0,3,56.55,,
80959,21-80-1,2,0,2,56.55,,
80960,21-81,3,0,3,56.55,,
80961,27-316,4,0,4,58.03,,
80962,26-314,5,0,5,58.62,,
80963,26-412,2,0,2,27.09,,
80964,27-412,4,0,4,27.54,,
80965,26-412-1T,3,0,3,22.80,,
80966,27-412-1T,4,0,4,23.09,,
80967,26-409,5,0,5,22.05,,
80968,27-409,5,0,5,20.87,,
80969,26-407,5,0,5,23.09,,
80970,27-407,4,0,4,24.87,,
80971,26-410,3,0,3,42.93,,
80972,27-410,0,0,0,40.57,,
80973,26-408,3,0,3,43.96,,
80974,27-408,4,0,4,50.04,,
80975,26-415-1T,6,0,6,10.80,,
80976,27-415-1T,5,0,5,9.62,,
80977,26-415,4,0,4,15.11,,
80978,27-415,5,0,5,13.92,,
80979,26-406,5,0,5,19.39,,
80980,27-406,4,0,4,16.43,,
80981,22-100,2,0,2,41.59,,
80982,LS-2500,3,0,3,18.50,,
80983,LS-2550,3,0,3,15.11,,
80985,29-501,1,0,1,8.00,,
80987,40-530,7,0,7,59.51,,
80988,161200,0,0,0,16.26,,
80996,R70615,7,3,4,29.82,,
80997,BX1-750-2,4,4,0,14.99,,
81004,1138,12,0,12,11.03,,
81005,1138CASE,1,0,1,132.32,,
81006,1134,0,0,0,15.33,,
81007,1134CASE,0,0,0,183.95,,
81008,1116,0,0,0,16.74,,
81009,1116CASE,0,0,0,200.84,,
81010,1119,0,0,0,18.20,,
81011,1119CASE,0,0,0,218.37,,
81012,1112,2,2,0,7.88,,
81013,1112CASE,0,0,0,94.58,,
81014,S2-5111,0,0,0,568.40,,
81015,1185,16,7,9,21.99,,
81016,1185CASE,0,0,0,329.05,,
81017,1188,17,11,6,28.62,,
81018,1188CASE,0,0,0,343.42,,
81026,88443-1,0,0,0,90.63,,
81028,88410,0,0,0,42.22,,
81032,40020756,0,0,0,2424.87,,
81035,1059,3,3,0,18.74,,
81036,1059CASE,0,0,0,224.84,,
81037,1056,7,7,0,21.16,,
81038,1056CASE,0,0,0,253.89,,
81039,1123,6,6,0,19.00,,
81040,1123CASE,0,0,0,205.26,,
81042,ZDIGAIT2500,4,2,2,743.71,,
81044,ZDIGWND100,2,1,1,361.21,,
81046,BOW22024D,0,0,0,4942.50,6326.40,
81048,54033PK,7,4,3,5.74,,
81049,81-47239-01,0,0,0,72.41,,
81051,R70530,11,6,5,59.65,,
81052,R70533,13,6,7,59.65,,
81054,817-2000-21,0,0,0,872.95,,
81056,T9027407,4,2,2,9.20,,
81057,RA6060600,3,1,2,5.43,,
81060,GP2600-16,0,0,0,341.81,,
81068,260413,0,0,0,569.74,954.99,
81069,270413,0,0,0,760.06,1273.99,
81070,280413,0,0,0,948.58,1589.99,
81071,290413,2,0,2,1203.32,2016.99,
81084,503124-1,6,3,3,19.69,,
81085,503236-1,0,0,0,20.18,,
81086,503372-1,3,0,3,22.42,,
81144,HE-BRS,0,0,0,15.61,27.99,
81145,HE-RMBK,2,2,0,14.51,25.99,
81148,ACC-FF-1772,0,0,0,12.34,,
81162,SICO,0,0,0,275.63,,
81166,321820-1,0,0,0,44.77,,
81168,321825-1,3,0,3,59.71,,
81172,322080-1,7,5,2,26.92,,
81173,321850-1,3,1,2,31.41,,
81174,327357-1,2,2,0,94.71,,
81175,327359-1,7,2,5,93.13,,
81176,327361-1,0,0,0,111.66,,
81177,A80448,0,0,0,174.99,,
81178,A80447,2,1,1,174.99,,
81179,A80446,0,0,0,274.99,,
81180,A80479,0,0,0,83.32,,
81182,N05-801-336,1,0,1,38.96,55.26,
81188,M6601,10,4,6,30.85,,
81189,M6601CASE,2,1,1,120.05,,
81208,385314349,0,0,0,50.18,,
81209,HE-RRS,0,0,0,15.61,27.99,
81211,0158,8,6,2,12.06,,
81212,0159,6,6,0,10.91,,
81213,0168,0,0,0,14.68,,
81214,0169,143,143,0,12.04,,
81215,0367,2,2,0,21.30,,
81216,A80581,0,0,0,237.49,,
81219,SS175C-20-L-MM,0,0,0,1231.11,1624.00,
81262,MCU005,1,1,0,1295.28,,
81267,WN510,0,0,0,4.88,7.99,
81268,WN815,14,3,11,11.61,18.99,
81270,A2C59501972,0,0,0,26.49,42.66,
81271,A2C59501973,0,0,0,59.22,95.31,
81272,A2C1083230001,0,0,0,17.92,28.89,
81273,A2C1152980001,0,0,0,17.92,28.89,
81276,A2C1141440001,2,2,0,7.53,12.06,
81277,A2C1352110001,0,0,0,7.53,12.06,
81278,A2C5336487001,0,0,0,13.25,21.33,
81279,A2C1111380001,0,0,0,9.22,14.67,
81280,A2C1352140001,0,0,0,9.22,14.67,
81281,A2C1141580001,0,0,0,21.04,33.93,
81282,A2C1376090001,0,0,0,9.22,14.67,
81283,A2C5205947101,1,0,1,5.99,10.71,
81284,A2C1433330001,0,0,0,22.60,36.36,
81285,A2C1507870001,0,0,0,17.92,28.89,
81286,A2C1697530001,0,0,0,21.82,35.19,
81287,A2C1697540001,0,0,0,21.82,35.19,
81288,A2C1957420001,0,0,0,160.78,298.53,
81289,A2C1957400001,0,0,0,160.78,298.53,
81290,A2C1957390001,0,0,0,160.78,298.53,
81291,A2C1957380001,0,0,0,160.78,298.53,
81292,A2C1957360001,0,0,0,160.78,298.53,
81295,AK1008,4,2,2,163.34,,
81311,E1150Z-11CAB,11,8,3,51.22,,
81318,E1150Z-12AAH,0,0,0,51.22,,
81319,T10-7579VEL2,16,11,5,24.29,,
81320,E1150Z-12CAB,0,0,0,51.22,,
81322,E1150Z-11H,0,0,0,51.22,,
81323,E1150Z-12H,0,0,0,51.22,,
81324,01-02-002,5,3,2,14.59,,
81325,01-02-003,3,1,2,19.40,,
81326,01-02-005,4,2,2,24.05,,
81327,01-02-007,0,0,0,19.99,,
81328,01-02-008,0,0,0,24.78,,
81330,530-00486,4,2,2,4.88,,
81332,C15503,0,0,0,310.58,459.00,
81334,E1150Z-42AAH,0,0,0,51.22,,
81335,E1150Z-41CAB,0,0,0,51.22,,
81336,E1150Z-42CAB,0,0,0,51.22,,
81337,E1150Z-41H,0,0,0,51.22,,
81338,E1150Z-42H,0,0,0,51.22,,
81360,6100,14,7,7,291.76,,395.00
81365,6466,8,3,5,127.84,,150.00
81366,6464,7,5,2,119.32,,140.00
81367,A3120Z-11HCE,5,0,5,89.63,,
81368,A3120Z-31HCE,7,6,1,89.63,,
81369,A3120Z-41HCE,0,0,0,89.63,,
81371,7120132,0,0,0,4.88,,
81372,V11-9960BBK60-2,3,1,2,381.44,,
81373,V11-9960WCM60-2,2,2,0,401.60,,
81374,V11-9990BBK60-2,7,4,3,462.10,,
81375,V11-9990BBK80-2,5,0,5,577.81,,
81376,V11-9990WCM60-2,2,2,0,508.62,,
81377,V11-9990WCM80-2,2,1,1,641.50,,
81380,A1120Z-11HAE,4,4,0,89.63,,
81382,1949,0,0,0,386.68,,
81397,A1120Z-11HCE,2,0,2,81.67,,
81398,7701100,2,2,0,141.44,,
81403,7703100,2,2,0,141.44,,
81404,A1120Z-12HAE,0,0,0,85.37,,
81405,A1120Z-14HCE,0,0,0,89.63,,
81406,A1120Z-14HAE,0,0,0,89.63,,
81407,A1120Z-41HAE,3,0,3,89.63,,
81408,A1120Z-41HCE,2,0,2,81.67,,
81409,A1120Z-42HAE,0,0,0,89.63,,
81410,7700100,8,6,2,151.09,,
81411,A1120Z-42HCE,0,0,0,89.63,,
81412,A1120Z-44HAE,0,0,0,89.63,,
81413,A1120Z-44HCE,0,0,0,89.63,,
81414,7702100,0,0,0,151.09,,
81415,7620100,0,0,0,185.37,,
81416,10-24488-03,28,5,23,115.31,,
81417,7621100,0,0,0,185.37,,
81418,77125,4,2,2,7.16,,
81419,10-24504-03,9,9,0,115.31,,
81420,10-24486-03,13,2,11,115.31,,
81421,7713100,9,4,5,211.27,,
81422,75035-00,3,2,1,8.41,,
81423,09-821BT-1,0,0,0,73.98,,
81425,7717100,0,0,0,173.81,,
81426,7622100,13,5,8,236.84,,
81427,09-45587,3,3,0,33.02,,
81428,72303,0,0,0,76.62,,
81429,72303-001,0,0,0,79.10,,
81430,10-24228-1,0,0,0,244.38,,
81431,09-46939,0,0,0,10.42,,
81432,7623100,0,0,0,194.85,,
81433,09-47163-01,0,0,0,21.14,,
81434,01-45680,0,0,0,3.33,,
81435,10-13405-103,0,0,0,84.54,,
81440,23505,0,0,0,25.34,,
81441,23506,0,0,0,32.78,,
81442,23507,0,0,0,18.90,,
81443,23500,0,0,0,12.40,,
81444,28552-24,0,0,0,30.41,,
81445,10-24750-10,0,0,0,260.11,,
81446,09-47426,0,0,0,57.96,,
81448,M183089,1,0,1,30.00,,
81449,03605,0,0,0,5.62,,
81450,22084,0,0,0,113.56,,
81451,03609,0,0,0,5.62,,
81453,03606,2,2,0,6.85,,
81454,03607,0,0,0,8.60,,
81455,03608,0,0,0,11.13,,
81456,54124,4,2,2,59.00,,
81457,80-47420-01,0,0,0,155.53,,
81458,92205,0,0,0,6.20,,
81459,01-42398,0,0,0,29.37,,
81460,82024,3,2,1,29.49,,
81461,40084,0,0,0,167.60,,
81462,09-45825,1,0,1,40.95,,
81463,10-13406-103,0,0,0,158.52,,
81464,10-22020-101,0,0,0,61.30,,
81465,01-46535,0,0,0,17.88,,
81468,RA078410C,3,2,1,2.62,,
81471,1482,0,0,0,310.49,,
81479,GFEL-MK-BK-DP,3,0,3,50.61,,
81480,GFEL-MK-BU-DP,0,0,0,50.61,,
81481,GFEL-MK-C-DP,0,0,0,46.01,,
81482,GFEL-MK-R-DP,0,0,0,44.99,,
81483,GFEL-MKS-BK-DP,1,1,0,44.01,,
81484,GFEL-MKS-BU-DP,4,2,2,44.01,,
81485,GFEL-MKS-C-DP,6,3,3,44.99,,
81487,00726,0,0,0,20.66,,
81489,00728,0,0,0,6.56,,
81491,00733,0,0,0,17.90,,
81492,GFEQ-MG-R-DP,1,1,0,40.00,,
81493,00733BIS,0,0,0,26.24,,
81494,GFES-BLK-DP,13,5,8,4.98,,
81495,GFES-RED-DP,10,6,4,4.98,,
81496,00734,0,0,0,30.72,,
81497,00735,0,0,0,11.63,,
81499,00706-1,0,0,0,31.91,,
81500,PLAC-2,0,0,0,23.44,,
81501,GFGG-MKL-DP,2,1,1,31.88,,
81503,GFGG-MKS-DP,1,0,1,27.97,,
81504,GFH-1G-DP,0,0,0,44.74,,
81505,GFH-1R-DP,0,0,0,46.49,,
81506,GFH-CA1R-DP,0,0,0,54.06,,
81508,QF-1K-DP,12,12,0,19.13,,
81509,QF-2K-DP,21,11,10,19.13,,
81511,P1120Z-11HCE,0,0,0,102.44,,
81513,P1120Z-31HCE,0,0,0,102.44,,
81514,P1120Z-41HCE,0,0,0,102.44,,
81517,P1100Z-11H,0,0,0,128.05,,
81518,P1100Z-11E,0,0,0,128.05,,
81527,P1100Z-41H,0,0,0,128.05,,
81528,P1100Z-41E,0,0,0,128.05,,
81532,P1100Z-31H,0,0,0,128.05,,
81533,P1100Z-31E,0,0,0,128.05,,
81538,A2C59501781,0,0,0,157.40,292.23,
81539,A2C59501782,0,0,0,157.40,292.23,
81540,A2C59501987,0,0,0,157.40,292.23,
81541,A2C59512328,0,0,0,48.05,89.10,
81542,A2C59512330,0,0,0,48.05,89.10,
81543,A2C59512329,3,0,3,48.05,89.10,
81544,A2C59512331,0,0,0,48.05,89.10,
81545,A2C59512332,0,0,0,41.30,76.50,
81546,A2C59512333,0,0,0,41.30,76.50,
81547,A2C59512334,4,2,2,36.00,76.50,
81548,A2C59512335,0,0,0,41.30,76.50,
81572,A2C59512393,2,0,2,96.99,144.49,
81582,A2C59512403,3,2,1,52.99,84.99,
81588,182608-1,4,3,1,53.08,,
81589,182612-1,2,2,0,87.26,,
81596,P1101Z-11AAH,0,0,0,89.63,,
81597,P1101Z-11CAB,0,0,0,89.63,,
81600,P11001Z-41AAH,0,0,0,89.63,,
81601,P1101Z-41CAB,0,0,0,89.63,,
81602,P1101Z-31AAH,0,0,0,89.63,,
81603,P1101Z-31CAB,0,0,0,89.63,,
81609,00825,0,0,0,6.44,,
81610,00825AL,0,0,0,5.16,,
81611,00829,0,0,0,10.40,,
81612,00829AL,0,0,0,6.68,,
81613,00833,0,0,0,4.29,,
81614,00833AL,0,0,0,4.19,,
81615,00835,0,0,0,5.40,,
81617,00835AL,0,0,0,6.88,,
81618,00847,0,0,0,12.35,,
81619,301-001-6M,4,1,3,353.97,,398.21
81620,301-002-6M,6,3,3,353.97,,398.21
81622,00847AL,0,0,0,13.32,,
81624,KIT-843AL,0,0,0,135.13,,
81633,E1150Z-41AAH,0,0,0,51.22,,
81637,A3101Z-31A08N,0,0,0,76.83,,
81639,A3101Z-11CAB,0,0,0,76.83,,
81642,A3101Z-41CAB,0,0,0,76.83,,
81643,20817,3,0,3,47.75,,
81644,20817AL,5,3,2,38.99,,
81645,01040,0,0,0,13.24,,
81646,01050,0,0,0,3.75,,
81647,01053,0,0,0,37.09,,
81648,02480,0,0,0,10.40,,
81649,01080,1,1,0,10.71,,
81650,01081,0,0,0,14.59,,
81651,01082,0,0,0,23.47,,
81652,01146,0,0,0,3.74,,
81653,01146-1,0,0,0,7.37,,
81654,01156,0,0,0,12.76,,
81655,01156AL,0,0,0,8.35,,
81656,01156-1,0,0,0,3.75,,
81657,01156-1AL,0,0,0,4.68,,
81658,21107,0,0,0,32.41,,
81659,21107AL,0,0,0,34.19,,
81660,21107MG,0,0,0,29.59,,
81661,MCBK634B.6,13,8,5,96.73,164.99,
81662,AHJ-10V-B-DP,0,0,0,1506.29,,
81664,AHJ-10V-DP,7,4,3,1395.17,,
81665,AHJ-10VHD-B-DP,1,1,0,1672.59,,
81666,AHJ-10VHD-DP,3,1,2,1590.26,,
81667,AHJ-12V-B-DP,4,2,2,1596.82,,
81668,AHJ-12V-DP,5,2,3,1515.98,,
81669,AHJ-12VHD-B-DP,2,0,2,1759.82,,
81670,AHJ-12VHD-DP,4,2,2,1620.33,,
81671,AHJ-14V-DP,2,0,2,1504.65,,
81673,AHJ-14VHD-DP,2,1,1,1670.11,,
81674,300-039,0,0,0,2612.21,,2938.74
81675,AHJ-4V-B-DP,7,3,4,1397.64,,
81677,01305/1,6,0,6,32.49,,
81678,01305/1AL,0,0,0,30.46,,
81679,01305/1MG,0,0,0,31.15,,
81680,PLAC-1,0,0,0,22.41,,
81681,AHJ-4VHD-B-DP,4,1,3,1445.92,,
81682,AHJ-4VHD-DP,13,8,5,1319.99,,
81683,AHJ-6V-B-DP,9,5,4,1338.13,,
81685,AHJ-6VHD-B-DP,0,0,0,1585.02,,
81686,AHJ-6VHD-DP,3,3,0,1468.18,,
81687,AHJ-8V-B-DP,3,1,2,1453.99,,
81688,AHJ-8V-DP,8,3,5,1374.41,,
81689,AHJ-8VHD-B-DP,1,0,1,1600.34,,
81690,AHJ-8VHD-DP,3,1,2,1555.67,,
81691,KITYANMARSTD,0,0,0,78.09,,
81693,KITYANMARSTDAL,0,0,0,62.99,,
81695,TEC-AB,0,0,0,5.56,,
81696,TEC-AB/AL,0,0,0,7.37,,
81697,TEC-AB/MG,0,0,0,10.76,,
81698,AHJACT-3-DP,4,1,3,596.15,,
81699,TEC-CDE,0,0,0,8.68,,
81700,TEC-CDE/AL,0,0,0,8.44,,
81701,TEC-CDE/MG,0,0,0,14.13,,
81702,TEC-FF1,0,0,0,9.25,,
81703,TEC-FF1/AL,0,0,0,8.94,,
81704,TEC-FF1/MG,0,0,0,15.04,,
81705,TEC-F2F3,0,0,0,12.01,,
81706,TEC-F2F3/AL,0,0,0,11.63,,
81707,TEC-F2F3/MG,0,0,0,19.51,,
81708,TEC-DIVERS-AL,4,2,2,33.68,,
81709,TEC-DIVERS-S,1,0,1,19.74,,
81710,TEC-DIVERS-SAL,2,2,0,15.28,,
81711,TEC-DIVERS-SMG,0,0,0,24.24,,
81712,TEC-40MG,0,0,0,22.71,,
81713,TEC-Z-406MG,4,4,0,46.28,,
81714,AHJRELAYKIT-2-DP,7,0,7,123.76,,
81715,AHJSWITCH-1-DP,8,3,5,19.99,,
81716,FAGK-1-DP,8,5,3,254.88,,
81717,FAGK-1SS-DP,4,3,1,254.88,,
81718,FAGK-2-DP,4,2,2,254.88,,
81719,FAGK-2SS-DP,7,2,5,254.88,,
81720,O2-BK3-DP,12,12,0,138.33,,
81721,PMW-1-DP,10,10,0,17.93,,
81722,GFC-CCSG2-DP,9,3,6,51.04,,
81723,A3100Z-11H,0,0,0,128.05,,
81724,A3100Z-11E,0,0,0,128.05,,
81729,A3100Z-41H,0,0,0,128.05,,
81730,A3100Z-41E,0,0,0,128.05,,
81732,A3100Z-31H,0,0,0,128.05,,
81735,A526-11AAG,3,3,0,115.38,,
81736,A526-11BBD,0,0,0,128.05,,
81737,A526-11CBBR,7,0,7,110.53,,
81738,A526-11AAG-H,0,0,0,128.05,,
81739,A526-11AAG-E,0,0,0,128.05,,
81745,0493DP599L,6,1,5,20.44,,
81747,0493DP799L,9,3,6,22.83,,
81749,0493DP999L,11,5,6,28.98,,
81751,049300699D,4,0,4,73.32,,
81789,GFC-WK-DP,9,3,6,9.89,,
81793,71113C-SG,0,0,0,144.38,,
81794,71114C-SG,0,0,0,145.46,,
81795,71115C-SG,0,0,0,153.21,,
81796,71116C-SG,0,0,0,170.83,,
81828,72318P-10,2,2,0,129.99,,
81830,RFSPLICE-KIT1,0,0,0,145.15,199.87,
81831,RFSPLICE-KIT2,0,0,0,206.72,284.65,
81832,RFSPLICE-KIT3,6,3,3,268.94,370.33,
81855,74200C-SG,0,0,0,147.03,,
81856,74201C-SG,0,0,0,147.73,,
81857,74203C-SG,0,0,0,174.14,,
81869,A526-41AAG,0,0,0,128.05,,
81870,A526-41BBD,0,0,0,128.05,,
81871,A526-41CBBR,4,3,1,128.05,,
81872,A526-41AAG-H,0,0,0,128.05,,
81873,A526-41AAG-E,0,0,0,128.05,,
81874,A526-31AAG,0,0,0,128.05,,
81875,A526-31BBD,0,0,0,128.05,,
81876,A526-31CBBR,0,0,0,128.05,,
81877,A526-31AAG-H,0,0,0,128.05,,
81878,A526-31AAG-E,0,0,0,128.05,,
81930,SS-3-DP,3,1,2,14.94,,
81933,MSS-1-DP,43,8,35,33.00,,
81940,BS-1-42SS-DP,24,9,15,7.81,,
81944,BS-1-54SS-DP,57,23,34,8.81,,
81956,77815C-SG,0,0,0,175.26,,
81957,77816C-SG,0,0,0,182.94,,
81958,77817C-SG,0,0,0,192.86,,
81959,77818C-SG,0,0,0,208.71,,
81996,95120P-10,1,0,1,229.99,,
82002,HF-1CT-DP,10,6,4,160.83,,
82003,HF-1-DP,5,2,3,142.86,,
82004,HF-1T-DP,10,5,5,150.48,,
82005,HFM-1-DP,4,2,2,76.59,,
82006,HFS-1-DP,19,12,7,14.20,,
82008,ZL-10-DP,0,0,0,36.99,,
82013,ZL-20-DP,0,0,0,41.81,,
82028,HW-PKG-H2CAT,0,0,0,368.47,,
82032,HW-PKG-H2KVD,6,2,4,337.41,,
82035,HW-PKG-H2MRCRAP,0,0,0,368.47,,
82037,HW-PKG-H2WALL,0,0,0,368.47,,
82055,HW-ASSY-MINI12VK,4,2,2,24.81,,
82097,A503-11AAG,0,0,0,89.63,,
82098,A503-11BBD,0,0,0,89.63,,
82099,A503-11CBBR,0,0,0,89.63,,
82100,A503-11AAG-H,0,0,0,89.63,,
82101,A503-11AAG-E,0,0,0,89.63,,
82102,A503-12AAG,0,0,0,89.63,,
82103,A503-12BBD,0,0,0,89.63,,
82104,A503-12CBBR,0,0,0,89.63,,
82105,A503-12AAG-H,0,0,0,89.63,,
82106,A503-12AAG-E,0,0,0,89.63,,
82114,61000,0,0,0,20.11,,
82115,61020,5,4,1,11.99,,
82116,61050,0,0,0,21.46,,
82117,60000,3,0,3,20.44,,
82118,60002,0,0,0,31.59,,
82120,60008,0,0,0,36.09,,
82121,VENTII,0,0,0,16.19,,
82123,SNAP,0,0,0,4.54,,
82139,LED-34143-DP,6,3,3,66.76,,
82142,ST-1-DP,16,11,5,90.08,,
82143,TTC-1-DP,1,0,1,40.96,,
82144,FRH-1P-DP,6,6,0,16.44,,
82146,ZRS-1-DP,15,8,7,42.86,,
82151,TWA-1-DP,0,0,0,126.01,,
82152,TWAR-1-DP,6,2,4,33.60,,
82153,LB-TLRLCK-DP,5,0,5,41.95,,
82154,1461,0,0,0,303.13,,
82156,A503-14AAG,0,0,0,89.63,,
82158,A503-14CBBR,0,0,0,89.63,,
82159,A503-14AAG-H,0,0,0,89.63,,
82160,A503-14AAG-E,0,0,0,89.63,,
82161,A506-11AAG,0,0,0,102.44,,
82163,A506-11BBD,0,0,0,102.44,,
82165,A506-11CBBR,0,0,0,102.44,,
82166,A506-11AAG-H,0,0,0,102.44,,
82167,A506-11AAG-E,0,0,0,102.44,,
82168,A506-12AAG,0,0,0,102.44,,
82169,A506-12BBD,0,0,0,102.44,,
82170,A506-12CBBR,0,0,0,102.44,,
82171,A506-12AAG-H,0,0,0,102.44,,
82172,A506-12AAG-E,0,0,0,102.44,,
82173,A506-14AAG,0,0,0,102.44,,
82174,A506-14BBD,0,0,0,102.44,,
82175,A506-14CBBR,0,0,0,102.44,,
82176,A506-14AAG-H,0,0,0,102.44,,
82177,A506-14AAG-E,0,0,0,102.44,,
82208,A503-41AAG,0,0,0,89.63,,
82209,A503-41BBD,4,4,0,89.63,,
82210,A503-41CBBR,0,0,0,89.63,,
82211,A503-41AAG-H,9,5,4,76.56,,
82212,A503-41AAG-E,0,0,0,89.63,,
82213,A503-42AAG,0,0,0,89.63,,
82214,A503-42BBD,0,0,0,89.63,,
82215,A503-42CBBR,0,0,0,89.63,,
82216,A503-42AAG-H,0,0,0,89.63,,
82217,A503-42AAG-E,0,0,0,89.63,,
82218,A503-44AAG,0,0,0,89.63,,
82219,A503-44BBD,0,0,0,89.63,,
82220,A503-44CBBR,0,0,0,89.63,,
82221,A503-44AAG-H,0,0,0,89.63,,
82222,A503-44AAG-E,0,0,0,89.63,,
82223,A506-41AAG,0,0,0,102.44,,
82224,A506-41BBD,0,0,0,102.44,,
82225,A506-41CBBR,0,0,0,102.44,,
82226,A506-41AAG-H,0,0,0,102.44,,
82227,A506-41AAG-E,0,0,0,102.44,,
82228,A506-42AAG,0,0,0,102.44,,
82229,A506-42BBD,0,0,0,102.44,,
82230,A506-42CBBR,0,0,0,102.44,,
82231,A506-42AAG-H,0,0,0,102.44,,
82232,A506-42AAG-E,0,0,0,102.44,,
82233,A506-44AAG,0,0,0,102.44,,
82234,A506-44BBD,0,0,0,102.44,,
82235,A506-44CBBR,0,0,0,102.44,,
82236,A506-44AAG-H,0,0,0,102.44,,
82237,A506-44AAG-E,0,0,0,102.44,,
82238,A503-31AAG,2,0,2,89.63,,
82239,A503-31BBD,0,0,0,89.63,,
82240,A503-31CBBR,0,0,0,89.63,,
82241,A503-31AAG-H,4,0,4,89.63,,
82242,A503-31AAG-E,0,0,0,89.63,,
82243,A503-32AAG,0,0,0,89.63,,
82244,A503-32BBD,0,0,0,89.63,,
82245,A503-32CBBR,0,0,0,89.63,,
82246,A503-32AAG-H,0,0,0,89.63,,
82247,A503-32AAG-E,0,0,0,89.63,,
82248,A503-34AAG,0,0,0,89.63,,
82249,A503-34BBR,0,0,0,89.63,,
82250,A503-34CBBR,0,0,0,89.63,,
82251,A503-34AAG-H,0,0,0,89.63,,
82252,A503-34AAG-E,0,0,0,89.63,,
82253,A506-31AAG,16,0,16,88.42,,
82254,A506-31BBD,0,0,0,102.44,,
82255,A506-31CBBR,0,0,0,102.44,,
82256,A506-31AAG-H,0,0,0,102.44,,
82257,A506-31AAG-E,0,0,0,102.44,,
82258,A506-32AAG,0,0,0,102.44,,
82259,A506-32BBD,0,0,0,102.44,,
82260,A506-32CBBR,0,0,0,102.44,,
82261,A506-32AAG-H,0,0,0,102.44,,
82262,A506-32AAG-E,0,0,0,102.44,,
82263,A506-34AAG,0,0,0,102.44,,
82264,A506-34BBD,0,0,0,102.44,,
82265,A506-34CBBR,0,0,0,102.44,,
82266,A506-34AAG-H,0,0,0,102.44,,
82267,A506-34AAG-E,0,0,0,102.44,,
82268,A1110Z-11AAH,0,0,0,87.07,,
82272,A1110Z-14AAH,0,0,0,87.07,,
82288,A1110Z-41AAH,0,0,0,87.07,,
82293,A1110Z-45AAH,0,0,0,87.07,,
82294,A1110Z-45CAB,0,0,0,87.07,,
82295,A1110Z-46AAH,0,0,0,87.07,,
82296,A1110Z-46CAB,0,0,0,87.07,,
82297,A1110Z-31AAH,0,0,0,87.07,,
82298,A1110Z-31CAB,1,0,1,74.38,,
82301,A1110Z-34AAH,0,0,0,87.07,,
82302,A1110Z-34CAB,0,0,0,87.07,,
82303,A1110Z-35AAH,0,0,0,87.07,,
82304,A1110Z-35CAB,0,0,0,87.07,,
82305,A1110Z-36AAH,0,0,0,87.07,,
82306,A1110Z-36CAB,0,0,0,87.07,,
82355,101609,6,3,3,142.89,,224.59
82357,101621,9,3,6,87.17,,147.59
82358,101450,8,4,4,1174.26,,1910.29
82359,101451,4,4,0,1337.94,,2216.09
82360,101605,0,0,0,95.60,,158.59
82361,101606,0,0,0,95.07,,156.99
82362,101611,0,0,0,165.36,,276.69
82363,101627,31,2,29,126.14,,200.29
82364,101628,0,0,0,131.56,,209.09
82365,101629,23,12,11,112.52,,183.59
82367,101630,0,0,0,117.40,,191.79
82368,101631,29,16,13,126.14,,200.29
82369,101632,0,0,0,133.26,,210.99
82370,101633,0,0,0,112.52,,183.59
82371,101634,14,10,4,119.13,,194.09
82374,101636,0,0,0,379.40,,605.89
82375,101637,0,0,0,514.81,,831.09
82376,101640,8,4,4,174.42,,291.39
82377,101641,7,3,4,262.26,,428.79
82378,101642,4,3,1,333.17,,539.89
82379,101643,6,2,4,388.65,,622.69
82405,58029-1000,34,23,11,212.69,,
82419,C15043,0,0,0,146.15,216.00,
82420,BAM010702200R,10,2,8,111.62,,137.70
82441,379700029,16,8,8,27.77,,
82480,N02-240-902,2,0,2,169.00,358.74,
82481,A2C59514180,2,2,0,41.30,76.50,
82489,A2C59514154,2,2,0,41.30,76.50,
82495,A2C59514091,2,2,0,41.30,76.50,
82497,A2C39308500,0,0,0,41.30,66.51,
82498,A2C39310500,0,0,0,27.27,43.92,
82499,A2C3931060001,0,0,0,17.92,28.89,
82500,A2C3931100001,1,0,1,14.00,28.89,
82501,A2C3931250001,0,0,0,27.27,43.92,
82502,A2C3931270002,0,0,0,33.51,54.00,
82504,A2C59501950,5,3,2,86.49,139.23,
82505,A2C9624370001,0,0,0,30.39,48.96,
82506,A2C9624380001,0,0,0,40.52,65.25,
82507,A2C9624400001,0,0,0,47.53,76.50,
82508,A2C9624420001,0,0,0,58.44,94.05,
82509,A2C99794200,0,0,0,45.19,72.81,
82511,A2C38805500,0,0,0,27.27,43.92,
82512,A2C38805700,0,0,0,48.31,77.76,
82515,A2C96245100,2,2,0,24.99,80.09,
82529,A2C59501979,0,0,0,555.58,894.24,
82568,A2C59501937,4,2,2,19.99,,
82605,PIN245020000,0,0,0,1350.44,,1666.00
82608,PIN123020100,5,2,3,935.66,,1154.30
82617,A2C59501983,0,0,0,556.75,943.11,
82618,A2C5323888101,0,0,0,7.53,12.06,
82619,A2C59500139,0,0,0,13.25,21.33,
82623,PIN123750500,6,2,4,86.12,,106.25
82624,PIN125010500,2,2,0,107.48,,132.60
82625,A2C99791100,0,0,0,51.43,82.80,
82626,PIN121800500,7,5,2,184.65,,227.80
82629,A2C59501982,1,1,0,144.99,246.59,
82630,PIN243020100,4,1,3,935.66,,1154.30
82631,PIN241800500,8,5,3,166.05,,204.85
82632,A2C1845710001,0,0,0,55.32,89.10,
82637,PMP122301102,28,7,21,947.37,,1168.75
82638,QUA125021100,13,11,2,1955.69,,2834.75
82639,PMP243021102,7,4,3,947.37,,1168.75
82640,PMP242301102,5,2,3,960.47,,1184.90
82641,QUA245023110,20,9,11,1699.69,,2494.75
82643,QUA483100100,3,1,2,2224.09,,2743.80
82644,BPC120731104R,15,6,9,87.77,,111.35
82645,BPC121031104R,17,12,5,103.85,,131.75
82646,BPC121531104R,15,0,15,119.93,,152.15
82647,BPC240831104R,22,15,7,119.93,,152.15
82650,BPC120715106,17,14,3,74.37,,94.35
82653,A2C1313150001,0,0,0,99.74,160.56,
82654,A2C17563000,0,0,0,23.38,37.62,
82655,A2C1766930001,0,0,0,109.87,176.85,
82656,A2C1821960001,1,1,0,49.99,160.56,
82659,A2C59514043,0,0,0,40.52,75.24,
82660,A2C59514047,0,0,0,40.52,75.24,
82661,A2C5321223801,0,0,0,5.84,9.27,
82663,A2C1650700001,0,0,0,14.81,23.85,
82664,A2C1992110001,0,0,0,17.92,28.89,
82671,A2C1720030001,0,0,0,25.45,58.95,
82672,A2C1720100001,0,0,0,45.97,106.65,
82673,A2C1742410001,0,0,0,25.97,60.21,
82674,A2C1742980001,0,0,0,26.49,61.47,
82675,A2C1744170001,0,0,0,26.49,61.47,
82676,A2C1744180001,0,0,0,26.49,61.47,
82677,A2C1744190001,0,0,0,27.01,62.73,
82678,A2C1744200001,0,0,0,27.66,63.99,
82679,A2C1744210001,0,0,0,28.18,65.25,
82680,A2C1744220001,0,0,0,28.70,66.51,
82681,A2C1744230001,0,0,0,28.70,66.51,
82682,A2C1744240001,0,0,0,29.22,67.77,
82683,A2C1744250001,0,0,0,29.74,69.03,
82684,A2C1744260001,0,0,0,30.91,71.55,
82685,A2C1744270001,0,0,0,30.91,71.55,
82686,A2C1744280001,0,0,0,31.43,72.81,
82687,A2C1744290001,0,0,0,31.95,74.07,
82688,010-12505-00,0,0,0,22.49,,
82689,A2C1744300001,0,0,0,32.47,75.24,
82690,A2C1744310001,0,0,0,32.47,75.24,
82693,A2C1744320001,0,0,0,33.51,77.76,
82694,A2C1744350001,0,0,0,34.16,79.02,
82695,A2C1744360001,0,0,0,34.68,80.28,
82696,A2C1744370001,0,0,0,34.68,80.28,
82697,A2C1744380001,0,0,0,35.19,81.54,
82698,A2C1744390001,0,0,0,35.71,82.80,
82699,A2C1744400001,0,0,0,36.75,85.32,
82700,A2C1744410001,0,0,0,37.27,86.58,
82701,A2C1744420001,0,0,0,37.92,87.84,
82702,A2C1744430001,0,0,0,37.92,87.84,
82703,A2C1744440001,0,0,0,38.44,89.10,
82704,A2C1744450001,0,0,0,38.96,90.36,
82705,A2C1744460001,0,0,0,38.96,90.36,
82706,A2C1744470001,0,0,0,39.48,91.62,
82707,A2C1744480001,0,0,0,40.00,92.88,
82708,A2C1745780001,0,0,0,40.00,92.88,
82709,A2C1745790001,0,0,0,41.17,95.31,
82710,A2C1745800001,2,2,0,41.69,96.57,
82711,A2C1745810001,0,0,0,43.77,101.61,
82712,A2C1745820001,0,0,0,49.74,115.38,
82713,A2C1745830001,0,0,0,51.95,120.42,
82714,A2C1745840001,0,0,0,55.19,127.98,
82715,A2C1745880001,0,0,0,57.92,134.19,
82716,A2C1745890001,0,0,0,61.17,141.75,
82717,A2C1745900001,0,0,0,63.77,148.05,
82718,A2C1745910001,0,0,0,67.01,155.52,
82719,A2C1745920001,0,0,0,69.74,161.82,
82720,A2C1745960001,0,0,0,82.21,190.62,
82721,A2C1745950001,0,0,0,78.96,183.15,
82722,A2C1745940001,0,0,0,76.23,176.85,
82723,A2C1745930001,0,0,0,73.51,170.64,
82724,A2C1746020001,0,0,0,25.45,58.95,
82725,A2C1746030001,2,2,0,12.99,60.21,
82726,A2C1746040001,0,0,0,26.49,61.47,
82727,A2C1746060001,0,0,0,26.49,61.47,
82728,A2C1746100001,0,0,0,26.49,61.47,
82729,A2C1746120001,0,0,0,27.01,62.73,
82730,A2C1746130001,0,0,0,27.66,63.99,
82731,A2C1746140001,0,0,0,28.18,65.25,
82732,A2C1746150001,0,0,0,28.70,66.51,
82733,A2C1746170001,0,0,0,28.70,66.51,
82734,A2C1746190001,0,0,0,29.22,67.77,
82735,A2C1746220001,0,0,0,29.74,69.03,
82736,A2C1746300001,0,0,0,30.91,71.55,
82737,A2C1746390001,0,0,0,30.91,71.55,
82738,A2C1746420001,0,0,0,31.43,72.81,
82739,A2C1746450001,0,0,0,31.95,74.07,
82740,A2C1746990001,0,0,0,32.47,75.24,
82741,A2C1747000001,0,0,0,32.47,75.24,
82742,A2C1747020001,0,0,0,33.51,77.76,
82743,A2C1747030001,0,0,0,34.16,79.02,
82744,A2C1747050001,0,0,0,34.68,80.28,
82745,A2C1747060001,0,0,0,34.68,80.28,
82746,A2C1747080001,0,0,0,35.19,81.54,
82747,A2C1747090001,0,0,0,35.71,82.80,
82748,A2C1747130001,0,0,0,36.75,85.32,
82749,A2C1747140001,0,0,0,37.27,86.58,
82750,A2C1747150001,0,0,0,37.92,87.84,
82751,A2C1747160001,0,0,0,37.92,87.84,
82752,A2C1747170001,0,0,0,38.44,89.10,
82753,A2C1747190001,0,0,0,38.96,90.36,
82754,A2C1747200001,0,0,0,38.96,90.36,
82755,A2C1747210001,0,0,0,39.48,91.62,
82756,A2C1747220001,0,0,0,40.00,92.88,
82757,A2C1747230001,0,0,0,40.00,92.88,
82758,A2C1747240001,0,0,0,41.17,95.31,
82759,A2C1747250001,0,0,0,41.69,96.57,
82760,A2C1747260001,0,0,0,43.77,101.61,
82761,A2C1747270001,0,0,0,45.97,106.65,
82762,A2C1747280001,0,0,0,49.74,115.38,
82763,A2C1747290001,0,0,0,51.95,120.42,
82764,A2C1747300001,0,0,0,55.19,127.98,
82765,A2C1747340001,0,0,0,57.92,134.19,
82766,A2C1747350001,0,0,0,61.17,141.75,
82767,A2C1747360001,0,0,0,63.77,148.05,
82768,A2C1747370001,0,0,0,67.01,155.52,
82769,A2C1747380001,0,0,0,69.74,161.82,
82770,A2C1747390001,0,0,0,73.51,170.64,
82771,A2C1747410001,0,0,0,76.23,176.85,
82772,A2C1747420001,0,0,0,78.96,183.15,
82773,A2C1747430001,0,0,0,82.21,190.62,
82774,A2C1749300001,0,0,0,25.45,58.95,
82775,A2C1749310001,0,0,0,25.97,60.21,
82776,A2C1749370001,0,0,0,26.49,61.47,
82777,A2C1749950001,0,0,0,26.49,61.47,
82778,A2C1750030001,0,0,0,26.49,61.47,
82779,A2C1750040001,0,0,0,27.01,62.73,
82781,A2C1750100001,0,0,0,27.66,63.99,
82782,A2C1750120001,0,0,0,28.18,65.25,
82783,A2C1750130001,0,0,0,28.70,66.51,
82784,A2C1750170001,0,0,0,28.70,66.51,
82786,A2C1750190001,0,0,0,29.22,67.77,
82787,A2C1750200001,0,0,0,29.74,69.03,
82788,A2C1750210001,0,0,0,30.91,71.55,
82789,A2C1750220001,0,0,0,30.91,71.55,
82790,A2C1750230001,0,0,0,31.43,72.81,
82791,A2C1750240001,0,0,0,31.95,74.07,
82792,A2C1750250001,0,0,0,32.47,75.24,
82793,A2C1750260001,0,0,0,32.47,75.24,
82795,A2C1750270001,0,0,0,33.51,77.76,
82796,A2C1750280001,0,0,0,34.16,79.02,
82797,A2C1750290001,0,0,0,34.68,80.28,
82798,A2C1750300001,0,0,0,34.68,80.28,
82799,A2C1750310001,0,0,0,35.19,81.54,
82800,A2C1750320001,0,0,0,35.71,82.80,
82801,A2C1750330001,0,0,0,36.75,85.32,
82802,A2C1750340001,0,0,0,37.27,86.58,
82803,A2C1750350001,0,0,0,37.92,87.84,
82804,A2C1750360001,0,0,0,37.92,87.84,
82805,A2C1750380001,0,0,0,38.44,89.10,
82806,A2C1750390001,0,0,0,38.96,90.36,
82807,A2C1750420001,0,0,0,38.96,90.36,
82808,A2C1750440001,0,0,0,39.48,91.62,
82809,A2C1750460001,0,0,0,40.00,92.88,
82810,A2C1750470001,0,0,0,40.00,92.88,
82811,A2C1750490001,0,0,0,41.17,95.31,
82812,A2C1750500001,0,0,0,41.69,96.57,
82813,A2C1750530001,0,0,0,43.77,101.61,
82814,A2C1750570001,0,0,0,45.97,106.65,
82815,A2C1750620001,0,0,0,49.74,115.38,
82816,A2C1750650001,0,0,0,51.95,120.42,
82817,A2C1750730001,0,0,0,55.19,127.98,
82818,A2C1750740001,0,0,0,57.92,134.19,
82819,A2C1750750001,0,0,0,61.17,141.75,
82820,A2C1750760001,0,0,0,63.77,148.05,
82821,A2C1750770001,0,0,0,67.01,155.52,
82822,A2C1750790001,0,0,0,69.74,161.82,
82823,A2C1750810001,0,0,0,73.51,170.64,
82824,A2C1750840001,0,0,0,76.23,176.85,
82825,A2C1750850001,0,0,0,78.96,183.15,
82826,BPC121715106,12,4,8,108.54,,137.70
82828,A2C1750860001,0,0,0,82.21,190.62,
82830,CCH012040000,4,2,2,382.39,,471.75
82831,CCH012060000,4,3,1,412.71,,509.15
82832,CCH012080000,6,2,4,685.55,,845.75
82833,CCH012100000,4,2,2,837.13,,1032.75
82834,CCH024030000,7,3,4,481.61,,594.15
82835,CCH024040000,5,2,3,629.06,,776.05
82836,CCH024060000,1,0,1,719.32,,887.40
82837,SM-SAT-OFFS,5,2,3,194.99,,259.99
82839,SKI024100000,1,1,0,1065.35,,1393.15
82841,LYN040102100,4,1,3,288.00,,355.30
82842,LYN020102000,15,6,9,114.37,,141.10
82843,LYN060102000,4,3,1,163.29,,201.45
82861,ORI241221226,11,7,4,239.77,,295.80
82866,ORI121210110R,6,2,4,51.67,,63.75
82868,ORI121222110,11,5,6,92.33,,113.90
82870,ORI121240110,7,1,6,163.29,,201.45
82871,"N03 141",0,0,0,70.60,,
82876,ORI241224110,11,7,4,92.33,,113.90
82877,ORI241240110,10,5,5,163.29,,201.45
82878,ORI481240110,5,3,2,163.29,,201.45
82881,"N05 140",0,0,0,96.63,,
82883,"N05 420",1,0,1,35.12,,
82884,"N05 631",0,0,0,94.15,,
82887,"N05 430",1,0,1,40.43,,
82888,"N05 641",0,0,0,159.28,,
82889,ARG160201020,28,9,19,73.03,,90.10
82890,ARG100201020,15,8,7,81.30,,100.30
82891,ARG200201020R,7,0,7,97.15,,119.85
82894,01-0290-03SL,0,0,0,1368.79,,
82895,LLB-57WW-01-00,0,0,0,23.08,,
82896,LLB-571B-01-00,0,0,0,23.08,,
82897,LLB-46WW-0A-SS,0,0,0,64.93,,
82898,LLB-46WR-0A-SS,0,0,0,71.29,,
82899,LLB-46WB-0A-SS,0,0,0,71.29,,
82900,LLB-46WW-0A-BN,0,0,0,64.93,,
82901,LLB-46WR-0A-BN,0,0,0,71.29,,
82902,385310635,0,0,0,32.99,,
82903,BCD000802000,8,0,8,36.52,,45.05
82904,LLB-46WB-0A-BN,0,0,0,71.29,,
82905,BPR000065400,23,13,10,29.63,,36.55
82906,LLB-46WW-0A-WH,2,0,2,64.93,,
82907,BPR000100400,18,7,11,43.41,,53.55
82908,LLB-46WR-0A-WH,0,0,0,71.29,,
82909,LLB-46WB-0A-WH,0,0,0,71.29,,
82910,LLB-46RG-3A-SS,0,0,0,71.29,,
82911,LLB-46RG-3A-BN,0,0,0,71.29,,
82912,LLB-46RG-3A-WH,2,0,2,71.29,,
82913,LLB-33VW-81-OT,0,0,0,44.21,,
82915,BPR000220400,21,16,5,70.97,,87.55
82916,LLB-45WG-01-00,0,0,0,105.55,,
82917,BPR065022000,28,24,4,43.41,,53.55
82918,BPR110022000,19,15,4,57.19,,70.55
82919,BPR122022000,8,2,6,85.44,,105.40
82920,BAM030712000R,20,9,11,128.84,,158.95
82921,BAM010702000R,16,5,11,111.62,,137.70
82922,ASS000100000,3,2,1,25.49,,31.45
82923,77010600,6,3,3,132.62,,
82926,BPP900400100,5,3,2,113.40,,245.65
82928,BPP900100200,2,1,1,23.43,,28.90
82929,ASS030536011,7,2,5,32.38,,39.95
82930,ASS030537010,4,1,3,75.79,,93.50
82932,SBS050150200,7,4,3,31.69,,39.10
82933,REC020005010,4,2,2,107.48,,132.60
82934,DMC000200010R,26,17,9,95.08,,117.30
82935,REC030001210,5,2,3,70.97,,87.55
82936,ASS030064900,17,3,14,6.20,,7.65
82937,ASS030064920,42,24,18,6.20,,7.65
82938,ASS030064981,14,1,13,10.33,,12.75
82939,ASS030065000,7,1,6,13.09,,16.15
82940,ASS030065011,10,1,9,15.16,,18.70
82941,ASS030065030,20,10,10,25.49,,31.45
82942,ASS030065050,16,11,5,29.63,,36.55
82943,ASS030065510,22,4,18,15.16,,18.70
82944,ASS030531203,26,10,16,14.47,,17.85
82945,ASS030531209,18,10,8,14.47,,17.85
82946,ASS030531230,10,8,2,15.85,,19.55
82947,ASS030531250,27,10,17,17.91,,22.10
82948,ASS030531320,31,14,17,21.36,,26.35
82949,ASS030530010,6,0,6,22.74,,28.05
82950,ASS030140000,4,3,1,55.81,,68.85
82951,ASS030520200,27,24,3,57.19,,70.55
82954,SCC010020020,10,5,5,28.94,,35.70
82956,304206050YW-1,0,0,0,6.48,,
82957,304210100YW-1,0,0,0,24.05,,
82958,304206100YW-1,9,9,0,11.68,,
82959,304210075YW-1,0,0,0,18.50,,
82960,563310-1,0,0,0,18.50,,
82961,565050-1,12,5,7,21.61,,
82962,563151-1,4,0,4,13.71,,
82963,563320-1,0,0,0,22.03,,
82964,322270-1,17,9,8,39.09,,
82965,322271-1,12,3,9,34.95,,
82966,SCC010030020,6,3,3,39.96,,49.30
82967,400058-1,0,0,0,40.94,,
82968,400059-1,2,1,1,48.67,,
82969,SCC010010050R,14,3,11,36.52,,45.05
82970,SCC010015050R,24,11,13,40.65,,50.15
82971,SCC010015200R,19,11,8,49.61,,61.20
82972,SCC075010060R,14,4,10,50.30,,62.05
82973,SCC075015060R,4,0,4,54.43,,67.15
82974,SCC110015060R,13,5,8,63.39,,78.20
82976,SCC110030210,9,1,8,104.04,,128.35
82977,SCC110050210,10,8,2,149.51,,184.45
82978,404230-3,5,0,5,29.89,,
82979,404232-3,7,6,1,29.73,,
82981,404330-3,8,3,5,33.09,,
82983,404332-3,10,5,5,33.09,,
82985,401755-1,5,5,0,35.33,,
82988,401757-1,12,9,3,31.97,,
82990,CIP100200100,2,0,2,28.94,,35.70
82991,CIP100400070,6,2,4,36.52,,45.05
82995,CIP136400010,7,3,4,12.40,,15.30
82996,327194-1,0,0,0,9.71,,
82997,ITR040202041,9,3,6,322.45,,397.80
82998,ITR000100101,5,2,3,412.71,,509.15
83002,432599-1,7,3,4,47.19,,
83003,432598-1,5,2,3,54.13,,
83006,404546-1,3,1,2,112.02,,
83008,BPC121315106,14,8,6,98.49,,124.95
83009,CIP000100001,11,1,10,12.40,,15.30
83012,401686-1,5,5,0,49.94,,
83013,400112-1,0,0,0,22.20,,
83014,400005-1,1,1,0,18.50,,
83028,A2C5318602201,0,0,0,5.84,9.27,
83029,A2C5318602301,0,0,0,11.69,18.81,
83030,A2C5318604001,0,0,0,5.84,9.27,
83031,A2C5318602401,0,0,0,5.84,9.27,
83032,A2C5318602501,0,0,0,5.84,9.27,
83033,A2C5318602601,0,0,0,11.69,18.81,
83034,A2C5318602701,0,0,0,5.84,9.27,
83035,A2C5318602801,0,0,0,5.84,9.27,
83036,A2C5318602901,2,2,0,11.69,18.81,
83046,A2C5321074501,0,0,0,8.31,13.32,
83048,A2C5321074701,0,0,0,14.81,23.85,
83051,A2C5321076101,0,0,0,14.81,23.85,
83052,A2C5321076301,0,0,0,8.31,13.32,
83054,A2C5321076501,0,0,0,14.81,23.85,
83055,A2C59514123,0,0,0,41.30,76.50,
83057,N02-240-402,4,3,1,120.91,224.55,
83058,N02-240-404,1,1,0,217.53,403.83,
83059,N02-240-406,0,0,0,297.14,551.88,
83061,N02-240-904,0,0,0,289.09,536.85,
83062,N02-240-906,0,0,0,369.48,686.07,
83063,N03-320-264,0,0,0,160.78,298.53,
83064,N03-320-266,0,0,0,20.26,37.62,
83065,A2C3935310001,0,0,0,925.71,1489.95,
83066,A2C5312164501,0,0,0,8.31,13.32,
83067,A2C59510854,4,2,2,22.99,89.10,
83068,A2C59510864,0,0,0,8.31,13.32,
83071,N05-016-930,0,0,0,44.16,62.73,
83072,N05-001-370,4,2,2,9.99,38.88,
83073,N05-008-750,0,0,0,31.17,50.22,
83074,226-828-001-001K,3,2,1,259.99,536.85,
83075,A2C59514079,5,5,0,34.00,76.50,
83076,A2C59514182,0,0,0,41.30,76.50,
83079,A2C59514128,10,5,5,41.30,76.50,
83081,A2C59514136,2,0,2,35.00,76.50,
83082,A2C59514137,0,0,0,44.68,82.80,
83083,A2C59514139,0,0,0,41.30,76.50,
83084,A2C59514141,4,4,0,34.00,76.50,
83086,A2C59514145,7,7,0,41.30,76.50,
83087,A2C59514149,2,2,0,41.30,76.50,
83088,A2C59514152,0,0,0,41.30,76.50,
83089,A2C59514088,0,0,0,41.30,76.50,
83090,A2C59514085,0,0,0,41.30,76.50,
83091,A2C59514082,3,1,2,41.30,76.50,
83092,A2C59514083,0,0,0,41.30,76.50,
83094,A2C59514094,5,5,0,41.30,76.50,
83097,A2C59514097,0,0,0,41.30,76.50,
83100,A2C59514099,0,0,0,41.30,76.50,
83102,ZDIGIAISTX,4,2,2,623.30,,
83103,ZDIGIAISTXPL,4,2,2,701.21,,
83107,328025-1,4,4,0,24.23,,
83132,GS-390-180,3,2,1,2625.09,,
83134,S32-1031-0100,0,0,0,599.25,,
83136,CS2596701,0,0,0,21.41,,
83137,CS2596702,4,2,2,21.41,,
83138,RA6203900,5,2,3,6.49,,
83141,226-801-015-001G,0,0,0,50.65,94.05,
83142,323-801-004-002N,5,0,5,32.99,,
83153,357204031,1,0,1,40.51,,
83156,357203051,4,1,3,35.54,,
83159,ARG-756,19,8,11,4.67,,
83168,23903-18423,2,0,2,23.21,31.99,
83169,23903-80016,2,0,2,23.21,31.99,
83171,23903-80022,6,1,5,23.21,31.99,
83173,23903-18373,2,0,2,23.21,31.99,
83174,23903-21526,3,0,3,23.21,31.99,
83176,23903-80023,2,0,2,23.21,31.99,
83177,23902-80093,2,1,1,28.29,38.99,
83178,23902-80066,0,0,0,28.29,38.99,
83179,22135-80129,3,0,3,21.76,29.99,
83180,22135-80038,4,0,4,21.76,29.99,
83181,22135-80050,2,0,2,21.76,29.99,
83183,37926-80324,2,0,2,142.24,195.99,
83184,37926-80375,1,0,1,142.24,195.99,
83185,37925-80324,8,0,8,118.29,162.99,
83186,37925-80375,7,0,7,118.29,162.99,
83190,SM-ACC-ALRM,8,4,4,44.78,,55.11
83191,556TID-HDN,0,0,0,1111.11,,
83194,RST1619,3,2,1,58.99,,
83195,TDL1619,1,0,1,59.00,,
83196,SNR1619,3,1,2,53.00,,
83197,SST1619,2,2,0,54.00,,
83198,F16-0274,20,10,10,19.09,,
83199,FSAL1512D008A00,0,0,0,3171.24,,
83204,TM185C-M-8G,0,0,0,950.89,1279.00,
83206,70-XT-170,0,0,0,187.23,230.00,
83209,XT-VT-170-K6-IG,0,0,0,876.62,1073.00,
83212,SG2-0402,3,0,3,11.71,13.99,
83213,UAA2,3,0,3,42.94,52.99,
83214,60-120-K6,2,0,2,625.99,766.00,
83216,621-120-K6,2,0,2,625.99,766.00,
83219,CFII-12/24,0,0,0,181.16,222.00,
83225,ES-8015-01,0,0,0,500.00,,
83227,72-0563,1,1,0,99.99,,
83230,TM275C-LHW-MM,1,1,0,1541.05,2064.00,
83241,44310755,0,0,0,1457.89,,1880.99
83242,R70621,0,0,0,68.17,,
83246,942100050,5,4,1,1099.99,,
83249,941900030,29,16,13,1349.99,,
83250,941900050,37,20,17,1499.99,,
83256,E70537,3,2,1,517.65,,
83258,10-13409-01,0,0,0,589.95,,
83277,"LQ 04502",28,15,13,3.79,4.95,
83283,H1170B,6,1,5,27.81,,
83289,77060050,0,0,0,13.64,,
83290,77060100,0,0,0,14.48,,
83291,77060200,10,2,8,15.79,,
83292,77060500,0,0,0,20.94,,
83293,44311005,11,4,7,1889.55,,2437.99
83294,44320405,8,2,6,1112.98,,1435.99
83295,77020115,0,0,0,314.80,,
83300,PLABG371,1,0,1,138.45,,
83301,PLABG350,4,3,1,65.76,,
83302,PLABG360,2,2,0,96.91,,
83303,PLABG370,2,2,0,117.68,,
83304,PLABG100,0,0,0,20.76,,
83305,PLABG110,0,0,0,27.68,,
83308,FRBO1440,0,0,0,8.45,,
83333,B175C-0-L-MM,0,0,0,1170.14,1564.00,
83334,MMC-8G-L,0,0,0,105.28,135.00,
83336,BAM010700000R,16,7,9,89.57,,110.50
83337,SAS-600,1,0,1,1462.30,,
83338,KRD-10,0,0,0,538.30,,
83341,BPA000100010R,7,3,4,46.85,,57.80
83349,H25-0016,7,4,3,355.27,,
83353,010-12797-00,2,1,1,33.75,,
83356,BPP900455050,33,17,16,178.45,,220.15
83357,18920-9043,8,4,4,128.11,,
83358,BAM030712200,5,4,1,128.84,,158.95
83359,18916-0040,82,10,72,28.95,,
83360,58100-2000,10,4,6,180.44,,
83362,G200416,14,0,14,19.29,,
83363,G200416CASE,2,0,2,106.85,,
83364,G200526,6,0,6,15.72,,
83365,G200526CASE,1,0,1,87.08,,
83367,M6701,10,10,0,52.15,,
83368,M6701CASE,2,2,0,203.11,,
83370,MMC-11R-HM,2,1,1,106.51,135.00,
83376,88331,0,0,0,819.11,1372.99,
83377,VECTOR200-0,2,1,1,1609.30,,
83378,VECTOR200-2,0,0,0,1224.30,,
83384,HE-EYHK,0,0,0,43.57,76.99,
83385,HE-DLWH1,0,0,0,38.95,63.99,
83386,HE-DTPIGTAIL,0,0,0,42.23,65.99,
83388,NCTP100,15,0,15,208.27,249.99,
83389,NCTP1002,2,0,2,82.33,97.99,
83390,G190526-X2000KIT,7,4,3,22.99,,
83393,706-62,5,0,5,170.32,,
83394,A2K-SBN-2,2,0,2,208.66,,
83405,"LQ 04502CASE",0,0,0,91.21,118.95,
83406,90100,11,4,7,7.67,,
83407,300-037B,0,0,0,1596.35,,1795.90
83431,S72-0436,0,0,0,941.51,,
83436,S72-0638,0,0,0,277.88,,
83437,S72-0629,0,0,0,634.49,,
83438,E-DC-30,3,1,2,22.25,,
83445,A80451,0,0,0,1120.82,,1345.00
83446,S72-0695,0,0,0,371.20,,
83453,PKMGKT,9,3,6,26.19,38.70,
83499,RF25109HL,3,1,2,41.12,69.91,
83500,010-12548-00,0,0,0,14.99,,
83503,S2-0313,0,0,0,284.78,,
83504,S2-2638,0,0,0,71.48,,
83505,S2-0314,0,0,0,284.78,,
83506,S2-3641,0,0,0,71.48,,
83507,S2-0334,0,0,0,284.78,,
83508,S2-00315,0,0,0,284.78,,
83509,S2-0633,0,0,0,470.40,,
83510,S2-6661,0,0,0,133.74,,
83511,S2-6544,0,0,0,340.12,,
83512,S2-6663,0,0,0,76.09,,
83513,S2-9628,0,0,0,14.70,,
83514,S2-9632,0,0,0,14.70,,
83515,TZT12F,5,2,3,2587.95,,
83516,TZT16F,1,1,0,4126.95,,
83517,TZT19F,1,1,0,6475.95,,
83529,610568,53,32,21,8.86,,
83530,610566,28,14,14,8.86,,
83535,610586,80,26,54,10.86,,
83536,610587,79,53,26,10.86,,
83562,B285C-M-MM,0,0,0,963.00,1264.00,
83567,22010,6,2,4,140.01,,
83568,22009,0,0,0,99.29,,
83570,22024,5,1,4,53.33,,
83571,22017,1,1,0,54.14,,
83572,22022,8,5,3,48.76,,
83573,22021,12,6,6,50.33,,
83577,T-04MSB,0,0,0,363.64,,
83579,IBI3-40-200,1,0,1,277.98,,
83580,88411,2,2,0,49.61,,
83581,88152-8,79,2,77,6.32,,
83582,88152-9,34,0,34,6.32,,
83586,0424DP0CHR,14,5,9,24.18,,
83587,MD32T,0,0,0,2692.72,,
83589,CCH012030000,5,3,2,311.43,,384.20
83590,CCH012050000,6,2,4,397.55,,490.45
83593,610572,28,15,13,8.05,,
83594,610588,9,0,9,8.05,,
83595,611547,13,6,7,41.13,,
83596,611395,5,5,0,47.13,,
83597,607393,4,2,2,179.00,,
83598,607405,0,0,0,52.22,,
83599,607407,0,0,0,52.22,,
83600,607400,0,0,0,52.22,,
83607,166001,61,60,1,11.10,24.97,
83608,166201,28,28,0,23.46,45.97,
83609,166101,4,3,1,38.01,88.97,
83611,CAM-PT-150-03,1,1,0,298.13,,
83612,CAM-PT-300-03,4,2,2,320.63,,
83613,CAM-MM-03,0,0,0,348.75,,
83614,AIR-033-203-33,0,0,0,135.58,185.00,
83617,10-24946-01,3,1,2,160.90,,
83618,90110,0,0,0,8.37,,
83624,NAVPRO900R,0,0,0,2588.61,,
83625,NAVPRO900FR,0,0,0,2728.61,,
83626,NAVPRO1200R,0,0,0,3498.61,,
83627,NAVPRO1200FR,0,0,0,3638.61,,
83631,281301-1,1,1,0,16.45,,
83632,281300-1,17,7,10,10.79,,
83633,281451-1,0,0,0,16.45,,
83634,281601-1,0,0,0,16.45,,
83635,281901-1,9,5,4,16.45,,
83636,280301-1,6,2,4,16.58,,
83637,280451-1,0,0,0,17.71,,
83638,280601-1,1,0,1,17.90,,
83639,280901-1,10,9,1,16.45,,
83640,010-12226-00,0,0,0,37.49,,
83641,010-12545-01,0,0,0,29.99,,
83642,959940401,2,1,1,155.95,,
83645,241287802,6,4,2,11.34,,
83646,980910121,5,3,2,96.41,,
83654,2982,10,8,2,114.74,,
83656,A2C59514118,3,2,1,41.30,76.50,
83658,B265LH-12P,1,0,1,1422.22,,
83659,B275LHW-12P,3,2,1,1866.67,,
83660,CM275LH-W-12P,0,0,0,1904.55,,
83661,PM265LH-12P,0,0,0,1438.20,,
83662,PM275LHW-12P,0,0,0,1707.87,,
83663,CM599LHG,0,0,0,3631.82,,
83664,VWC100012V105,0,0,0,2418.82,3289.60,
83668,R70727,2,2,0,46.86,,
83669,R70728,5,3,2,46.86,,
83670,R70729,0,0,0,46.86,,
83671,R70525,0,0,0,55.39,,
83672,A80501,5,5,0,59.65,,
83673,A80503,0,0,0,68.17,,
83676,GP1920-01,0,0,0,392.72,,
83678,ZDIGWLN30SM,3,1,2,219.54,,
83679,ZDIGCLA2000,3,1,2,2025.80,,
83690,SC29,1,1,0,286.88,,
83691,010-12528-10,0,0,0,52.49,,
83692,010-12067-10,0,0,0,89.99,,
83700,AHJHSP-T-12V-DP,4,2,2,99.69,,
83707,GP2920-00,0,0,0,378.17,,
83717,2986,1,1,0,119.54,,
83719,SCM-MFD-CABLE-GARMIN,2,1,1,36.25,,39.95
83720,SCM-MFD-CABLE-NAVICO,0,0,0,36.25,,39.95
83722,PMPS-1-DP,23,17,6,10.27,,
83727,RF47109,0,0,0,239.17,329.33,
83728,RF67109,0,0,0,414.17,570.31,
83729,RF77109,0,0,0,679.91,936.23,
83730,139800-300-999-17,6,4,2,10.75,,
83747,360-005,2,2,0,36.15,,
83748,1101,25,15,10,9.36,,
83750,MM3-VNA-035,0,0,0,454.55,,
83756,77317,5,5,0,3.89,,
83757,77022,0,0,0,6.28,,
83758,77027,0,0,0,12.52,,
83759,77037,0,0,0,45.88,,
83760,77042,0,0,0,64.41,,
83761,20623,0,0,0,176.80,,
83762,77347,0,0,0,3.77,,
83763,77052,0,0,0,6.53,,
83764,77057,0,0,0,14.93,,
83765,77062,0,0,0,26.71,,
83766,77067,0,0,0,48.55,,
83767,77072,0,0,0,67.44,,
83768,20638,0,0,0,197.99,,
83769,77607,0,0,0,4.71,,
83770,77023,0,0,0,5.53,,
83771,77028,0,0,0,17.57,,
83772,77033,0,0,0,24.49,,
83773,77038,0,0,0,39.25,,
83774,77043,0,0,0,54.44,,
83775,20653,0,0,0,119.07,,
83776,77637,0,0,0,3.72,,
83777,77053,0,0,0,5.27,,
83779,77058,0,0,0,17.13,,
83780,77063,0,0,0,24.51,,
83782,77068,0,0,0,37.05,,
83783,77073,0,0,0,55.51,,
83784,20668,0,0,0,145.23,,
83785,77377,0,0,0,5.93,,
83786,77387,0,0,0,10.37,,
83787,77412,0,0,0,19.00,,
83788,77442,0,0,0,31.51,,
83789,77457,0,0,0,59.95,,
83790,77477,0,0,0,74.05,,
83791,20683,0,0,0,222.63,,
83792,78047,0,0,0,3.51,,
83793,78052,0,0,0,5.31,,
83794,78057,0,0,0,10.64,,
83795,78062,0,0,0,13.19,,
83796,78067,0,0,0,24.03,,
83797,78072,0,0,0,30.65,,
83798,20728,0,0,0,87.25,,
83799,78172,0,0,0,8.67,,
83800,78177,0,0,0,11.39,,
83801,78182,0,0,0,14.47,,
83802,78187,0,0,0,21.60,,
83803,78192,0,0,0,32.64,,
83804,78197,0,0,0,37.27,,
83805,79005,0,0,0,26.60,,
83806,79010,0,0,0,29.31,,
83807,79015,0,0,0,37.03,,
83808,79020,0,0,0,46.03,,
83809,79025,0,0,0,66.65,,
83810,79030,0,0,0,81.59,,
83811,20743,0,0,0,88.44,,
83812,78147,0,0,0,16.04,,
83813,78152,0,0,0,18.73,,
83814,78157,0,0,0,27.13,,
83815,15588,0,0,0,45.08,,
83816,15608,0,0,0,69.52,,
83817,78167,0,0,0,44.93,,
83818,79923,0,0,0,42.44,,
83819,79928,0,0,0,50.05,,
83820,79933,0,0,0,65.60,,
83821,79938,0,0,0,121.84,,
83824,79035,0,0,0,27.60,,
83825,79040,0,0,0,35.31,,
83826,79045,0,0,0,40.69,,
83827,79050,0,0,0,58.29,,
83828,79055,0,0,0,82.75,,
83829,79060,0,0,0,150.59,,
83830,17768,0,0,0,1.49,,
83831,17778,0,0,0,2.24,,
83832,17788,0,0,0,2.61,,
83833,17803,0,0,0,3.11,,
83834,17818,0,0,0,5.85,,
83835,17823,0,0,0,6.08,,
83838,001-512-620-00,9,9,0,181.82,,
83839,131824000,3,2,1,80.38,,
83840,95005,0,0,0,69.97,,
83841,95010,0,0,0,81.05,,
83842,95015,0,0,0,98.42,,
83843,95020,0,0,0,163.97,,
83844,95025,0,0,0,207.97,,
83845,95030,0,0,0,70.00,,
83846,95035,0,0,0,81.11,,
83847,95040,2,2,0,14.99,,
83848,95045,0,0,0,164.05,,
83849,95050,0,0,0,208.05,,
83850,95055,0,0,0,69.97,,
83851,95060,0,0,0,81.05,,
83853,95065,0,0,0,98.42,,
83854,DPT-C-PLATE-03,7,3,4,154.69,,
83855,95070,0,0,0,163.97,,
83856,95075,0,0,0,207.97,,
83857,95080,0,0,0,70.00,,
83858,95085,0,0,0,81.11,,
83859,95090,0,0,0,98.46,,
83860,95095,0,0,0,164.05,,
83861,95100,0,0,0,208.05,,
83862,95105,0,0,0,143.35,,
83863,95110,4,4,0,29.99,,
83864,95115,0,0,0,186.92,,
83865,95120,0,0,0,264.31,,
83866,95125,0,0,0,312.37,,
83867,95285,0,0,0,33.29,,
83868,95290,0,0,0,41.26,,
83869,95295,0,0,0,52.38,,
83870,95300,0,0,0,67.55,,
83871,95305,0,0,0,85.12,,
83872,95310,0,0,0,39.97,,
83873,95315,0,0,0,49.98,,
83874,95320,0,0,0,64.66,,
83875,95325,0,0,0,81.06,,
83876,95330,0,0,0,102.15,,
83877,95335,0,0,0,88.17,,
83878,95340,0,0,0,104.82,,
83879,95345,0,0,0,140.58,,
83880,95350,0,0,0,156.29,,
83881,26500,0,0,0,242.66,,
83882,26505,0,0,0,278.91,,
83883,26510,0,0,0,359.82,,
83884,26530,0,0,0,219.20,,
83885,26535,0,0,0,272.48,,
83886,26540,0,0,0,339.20,,
83887,26560,0,0,0,286.48,,
83888,26565,0,0,0,357.25,,
83889,26570,0,0,0,488.68,,
83890,26670,0,0,0,138.92,,
83891,26675,0,0,0,173.97,,
83892,26680,0,0,0,225.63,,
83893,26685,0,0,0,162.25,,
83894,26690,0,0,0,191.42,,
83895,26695,0,0,0,267.26,,
83915,010-12165-03,0,0,0,22.49,,
83916,FSDP31012010B00,0,0,0,1861.01,,
83918,BK-1-DP,12,11,1,25.54,,
83928,GP2040-34,0,0,0,334.53,,
83929,1201R,37,23,14,11.16,,
83930,1207R,9,0,9,11.39,,
83932,980910521,7,3,4,92.15,,
83937,MD40FM,0,0,0,2639.05,,
83957,19-0747,0,0,0,205.83,,
83960,PNBCK1,0,0,0,33.44,,
83961,ILS-750-DP,12,0,12,15.71,,
83962,ILS-1200-DP,12,12,0,15.71,,
83963,ILS-1500-DP,14,8,6,15.71,,
83964,SHU050210050,5,2,3,134.35,,165.75
83966,SHU050220050,8,4,4,183.27,,226.10
83978,22023,0,0,0,120.63,,
83981,22019,10,6,4,50.25,,
83982,22025,0,0,0,269.60,,
83983,22014,0,0,0,231.28,,
83984,22015,9,3,6,114.38,,
83985,22016,10,5,5,135.14,,
83986,22013,2,1,1,119.76,,
83987,KTF0186,7,7,0,402.96,,
83988,KTF0185,0,0,0,439.21,,
83990,FLX-25-DP,4,3,1,37.52,,
83991,FLX-50-DP,5,4,1,75.07,,
83992,FLX-75-DP,2,2,0,101.16,,
83993,FLX-125-DP,2,2,0,75.07,,
83994,FLX-150-DP,2,0,2,94.67,,
83995,FLX-200-DP,2,1,1,117.00,,
83996,A80235,0,0,0,55.39,,
83999,848-SW-S,0,0,0,367.66,,
84001,411390-1,2,0,2,1309.76,,
84013,BBA000100100,14,4,10,39.27,,48.45
84024,808-0817-02,12,10,2,93.48,,
84027,SHU050150050,36,20,16,81.30,,100.30
84033,73129,0,0,0,12.43,,
84034,75974,23,23,0,32.39,,
84041,UDST800P-N2,1,1,0,1102.41,1500.00,
84043,001-1,17,7,10,68.33,,
84044,305-1,7,3,4,76.33,,
84045,010-1,0,0,0,77.35,,
84046,910-1,0,0,0,29.13,,
84047,920-1,0,0,0,28.04,,
84048,120-1,0,0,0,16.89,,
84049,110-1,0,0,0,17.08,,
84050,055-1,3,1,2,59.27,,
84051,355-1,0,0,0,67.03,,
84053,041-1,6,4,2,65.73,,
84054,341-1,8,5,3,76.33,,
84055,771-1,0,0,0,127.84,,
84057,361-1,0,0,0,67.03,,
84058,040-1,3,0,3,59.27,,
84059,340-1,6,4,2,67.03,,
84060,905-1,0,0,0,47.39,,
84061,950-1,5,3,2,9.37,,
84062,952-1,2,1,1,9.37,,
84063,954-1,5,2,3,15.95,,
84064,956-1,3,1,2,15.00,,
84065,960-1,0,0,0,12.19,,
84068,042-1,0,0,0,59.27,,
84070,342-1,3,1,2,67.03,,
84072,951-1,0,0,0,9.37,,
84073,953-1,8,1,7,9.37,,
84074,955-1,5,3,2,15.95,,
84075,957-1,0,0,0,15.00,,
84076,763-1,3,2,1,78.59,,
84077,769-1,13,7,6,160.99,,
84079,775-1,0,0,0,163.17,,
84080,112-1,0,0,0,9.44,,
84081,114-1,0,0,0,9.77,,
84084,ST850PV-N2,0,0,0,254.08,345.00,
84089,142012100,0,0,0,221.33,,
84090,930-1,0,0,0,26.93,,
84094,BT-TWO,0,0,0,31.58,,
84112,A2C59514176,7,7,0,41.30,76.50,
84117,A2C59512545,6,0,6,41.30,76.50,
84118,A2C59514165,4,1,3,41.30,76.50,
84129,TS4-BLK,0,0,0,194.65,,
84130,TS4-WHT,1,1,0,159.99,,
84131,TS5-BLK,0,0,0,201.65,,
84132,TS5-WHT,0,0,0,201.65,,
84133,TS6-BLK,0,0,0,209.20,,
84134,TS6-WHT,0,0,0,209.20,,
84148,958126101,18,8,10,18.43,,
84159,201510,15,7,8,4.81,,
84160,ASS050600000,6,2,4,28.94,,35.70
84161,SCC900650010,9,4,5,26.18,,32.30
84164,201510-1,12,5,7,11.45,,
84166,7782B,0,0,0,5.64,,
84167,PP-118-DP,12,8,4,5.85,,
84168,PP-150-DP,16,10,6,9.38,,
84196,001-563-930-00,0,0,0,250.00,,
84197,79948,0,0,0,277.17,,
84200,010-11376-04,0,0,0,44.99,,
84202,779-LBJ-3,20,10,10,10.26,,
84205,779-LBJ-2,18,9,9,7.74,,
84208,001-563-940-00,0,0,0,327.27,,
84209,001-563-980-00,0,0,0,240.00,,
84211,88679-3,1,0,1,1696.42,,
84212,88679-4,1,1,0,1696.42,,
84213,GP2200-16,0,0,0,363.62,,
84214,AHJHSP-10V-DP,4,4,0,71.15,,
84215,AHJHSP-12V-DP,4,2,2,82.01,,
84216,AHJHSP-4V-DP,5,2,3,45.32,,
84217,AHJHSP-6V-DP,3,3,0,49.64,,
84219,AHJHSP-8V-DP,3,2,1,64.69,,
84220,AHJHSP-14V-DP,3,2,1,85.17,,
84221,FSRK-3-DP,25,17,8,9.75,,
84222,358115091,9,5,4,45.57,,
84223,ORI121236120,4,1,3,197.74,,243.95
84224,ORI121222120,7,2,5,129.53,,159.80
84225,ORI241236120,10,6,4,197.74,,243.95
84226,ORI121236140,0,0,0,174.32,,215.05
84227,ORI122436120,9,5,4,197.74,,243.95
84228,ORI241236140,13,7,6,174.32,,215.05
84229,ORI122436140,5,3,2,174.32,,215.05
84238,88385,0,0,0,39.58,,
84239,88390,2,2,0,50.28,,
84242,88100,1,1,0,29.99,,
84245,88095,8,8,0,12.99,,
84251,88005,3,3,0,12.99,,
84256,88010,0,0,0,99.22,,
84272,A2C59514241,0,0,0,41.30,76.50,
84287,SAD-17B,10,2,8,13.50,,
84288,CA28BL-6HR,0,0,0,3454.55,,
84291,S2-6331,0,0,0,771.32,,
84295,010-11078-00CASE,6,1,5,174.90,,
84296,6415,2,0,2,575.28,,675.00
84299,T9101606,7,4,3,8.00,,
84304,2465,3,2,1,100.69,,168.98
84305,T70424,4,1,3,1679.99,,
84316,S-0981C,0,0,0,24.69,,
84330,10-1477-40,6,4,2,24.07,,
84344,CLIP-22,14,7,7,5.25,,
84346,PP4600-10,0,0,0,303.60,,
84347,0439,4,4,0,5.38,,
84352,20761-001,0,0,0,318.95,,
84355,LTV-CB,4,4,0,50.38,,
84356,LTV-B,4,4,0,98.26,,
84357,EXT-2,1,1,0,20.33,,
84358,EXT-3,3,3,0,25.74,,
84363,LPD-6PB,4,4,0,35.88,,
84365,LPD-8PB,0,0,0,41.38,,
84366,LPD-10PB,6,6,0,48.29,,
84368,MD-6B,6,6,0,23.20,,
84369,MD-7B,0,0,0,25.46,,
84370,MD-8B,12,12,0,26.80,,
84373,LD-6B,6,6,0,31.16,,
84375,LD-8B,0,0,0,35.25,,
84376,CIP050060000,7,5,2,28.94,,35.70
84381,TM165C-HW-MM,7,4,3,336.80,450.00,
84387,290900-1,10,10,0,13.31,,
84388,BPC900120114,11,6,5,13.09,,16.15
84389,BPC900200014,9,4,5,9.65,,11.90
84390,BPC920100200,5,2,3,5.51,,6.80
84391,BPC940100100,14,9,5,28.25,,34.85
84427,BPCAB10HF,0,0,0,87.66,,
84428,BPCAB1HF,1,1,0,36.10,,
84429,BPCAB15HF,0,0,0,93.29,,
84430,BPCAB20HF,0,0,0,105.48,,
84431,BPCAB25HF,0,0,0,117.50,,
84432,BPCAB5HF,0,0,0,53.33,,
84444,2637,7,2,5,29.10,43.95,
84445,2649,6,2,4,32.49,48.95,
84446,2650,12,5,7,20.48,30.95,
84447,2652,8,4,4,27.53,41.95,
84448,2659,5,3,2,27.88,41.95,
84449,2608,5,2,3,47.60,71.95,
84450,2609,7,3,4,51.57,77.95,
84451,2610,7,3,4,100.43,150.95,
84452,2135,9,4,5,56.29,84.95,
84453,2136,7,3,4,61.01,91.95,
84454,2137,6,3,3,60.69,91.95,
84455,CA-0183,0,0,0,7.79,,
84456,PIII-20-ER,12,8,4,55.42,,
84458,SP120C-RF-1,0,0,0,2029.30,,
84459,SP120C-RF-2,0,0,0,2449.30,,
84460,SP120C-RF-3,0,0,0,2925.30,,
84461,SP120C-RF-4,0,0,0,3002.30,,
84462,SP120C-RF-5,0,0,0,3219.30,,
84463,SP120C-RF-6,0,0,0,3359.30,,
84466,SP120C-RF-9,0,0,0,3079.30,,
84469,SSM-72H,4,3,1,99.99,,
84473,TM200HWKIT,5,3,2,23.17,,
84474,TM201HWKIT,6,3,3,23.17,,
84475,TM203HWKIT,7,4,3,23.17,,
84476,TM206HWKIT,10,5,5,23.17,,
84477,TM207HWKIT,7,6,1,23.17,,
84478,TM208HWKIT,4,2,2,23.17,,
84479,TM209HWKIT,0,0,0,23.17,,
84480,TM210HWKIT,6,4,2,23.17,,
84481,TM212HWKIT,9,7,2,23.17,,
84482,TM214HWKIT,7,5,2,23.17,,
84483,TM215HWKIT,5,3,2,23.17,,
84484,TM216HWKIT,11,5,6,23.17,,
84486,51100,2,0,2,125.28,209.99,
84487,51101,0,0,0,125.28,209.99,
84489,51200,0,0,0,107.39,179.99,
84490,51201,0,0,0,108.58,181.99,
84494,52102,0,0,0,101.41,169.99,
84498,62000,4,4,0,456.51,,
84500,62002,18,9,9,199.99,,
84506,PM2,18,12,6,19.99,,
84509,301-011KLST,0,0,0,2056.68,,2313.76
84510,925513BLK,5,2,3,221.93,371.99,
84511,818-2010,3,3,0,1142.09,,
84512,818-3010,12,8,4,1378.42,,
84515,01-0343-01,0,0,0,25124.40,,
84524,BOWA0761,0,0,0,2885.63,3693.60,
84525,DBPPJA,0,0,0,865.20,,
84526,STERN185P,0,0,0,336.00,,
84527,600-807,0,0,0,5.44,,
84528,WP-850-950,4,2,2,38.01,,
84531,1509691,4,4,0,6.68,,
84532,1236861,0,0,0,6.68,,
84534,1236865,0,0,0,6.68,,
84538,40131,15,15,0,12.79,,19.95
84539,101638,1,0,1,1436.99,,2247.99
84547,UD-ME100LED,4,0,4,14.99,,
84550,UD-ME650LED,5,4,1,24.99,,
84562,A80469,0,0,0,954.16,,
84565,IF-NMEAFI,1,0,1,245.45,,
84566,4141,10,4,6,11.73,,
84658,010-13060-00,3,2,1,38.99,,
84659,66517-7,9,0,9,58.27,,
84680,A2C3832980030,2,2,0,162.57,,
84681,A2C3833350030,6,2,4,81.72,,
84682,A2C3832770030,4,2,2,81.79,,
84683,A2C3833500030,7,3,4,81.60,,
84684,362-004,5,5,0,41.16,,
84685,A2C3833190030,0,0,0,81.72,,
84686,A2C3833120030,3,1,2,81.71,,
84700,SCA520300000,18,6,12,9.65,,11.90
84703,S24-0201,0,0,0,76.00,,
84704,S72-0652,0,0,0,1142.40,,
84705,S72-0656,0,0,0,148.80,,
84706,S24-0098,0,0,0,16.00,,
84707,082,10,5,5,13.93,19.95,
84708,S24-0116,0,0,0,72.00,,
84709,083,11,7,4,16.67,23.95,
84710,S72-0625,0,0,0,288.00,,
84711,S72-0626,0,0,0,489.60,,
84712,084,5,2,3,37.82,53.95,
84713,S72-0627,0,0,0,249.60,,
84714,085,6,2,4,40.59,57.95,
84715,S72-0468,1,0,1,199.99,,
84717,125,9,4,5,25.34,35.95,
84718,126,5,2,3,28.26,40.95,
84719,127,6,2,4,63.56,90.95,
84720,128,6,2,4,66.58,94.95,
84721,5020-0026,61,50,11,19.99,,
84730,PLAMT6211,0,0,0,11.30,,
84731,PLAMT6221,16,16,0,14.13,,
84732,PLAMT6231,24,16,8,17.67,,
84745,B00041201,7,2,5,189.99,358.74,
84746,B00041401,0,0,0,316.88,536.85,
84747,B00041501,0,0,0,404.94,686.07,
84749,87231,2,0,2,502.16,,
84754,3269,7,4,3,13.64,15.95,
84755,3270,6,2,4,17.03,19.95,
84756,3271,1,0,1,18.27,21.95,
84757,3272,6,4,2,23.32,26.95,
84758,3273,8,4,4,34.21,39.95,
84845,GS-500,4,1,3,2299.99,,
84846,OT-4240CF-HD,0,0,0,2420.65,,
84853,RA078400C,7,3,4,3.49,,
84884,45510500,0,0,0,13.28,,
84885,41500400,14,6,8,12.19,,
84899,72-0900-H24,5,0,5,131.25,,
84901,72-0900-HR24,0,0,0,234.12,,
84902,72-0900-H25COM,0,0,0,131.25,,
84903,FVC070312210Q00,2,1,1,216.97,,
84904,FVC080391220Q00,2,1,1,369.69,,
84913,SCC900500000,21,2,19,41.34,,51.00
84914,ASS050500000,6,3,3,18.60,,22.95
84917,304716001,0,0,0,420.19,,
84919,BAT512120610,0,0,0,1265.69,,1561.45
84920,BMS300200000,6,3,3,95.08,,117.30
84923,BPP900600100,2,2,0,205.26,,331.50
84933,AHJM-4-DP,1,1,0,901.06,,
84947,011708,0,0,0,90.91,136.00,
84956,10259S-2,0,0,0,587.84,,
84961,MM-8G,6,3,3,81.20,97.50,
84977,RFSKNIFE-2,0,0,0,23.31,32.24,
84979,T112510,4,2,2,17.32,,
84982,GFTJ-1-DP,8,2,6,29.43,,
85005,281900-1,3,3,0,14.79,,
85008,75-5000,6,6,0,47.96,,
85009,55-2100,8,5,3,49.18,,
85010,55-1900,15,9,6,41.35,,
85012,75-6060,0,0,0,62.03,,
85013,75-6025,0,0,0,44.26,,
85014,75-6015,5,3,2,123.56,,
85015,75-6065,8,4,4,86.09,,
85016,75-6099,3,0,3,25.56,,
85022,3102100,8,3,5,332.42,,
85023,3103,0,0,0,459.13,,
85024,3104,2,1,1,513.25,,
85026,CYR010230412,5,2,3,131.60,,162.35
85027,CYR010120450,6,2,4,53.05,,65.45
85028,S72-0692,0,0,0,1916.00,,
85043,R70794,74,52,22,131.99,,
85059,980960291,5,2,3,110.58,,
85062,SHU500050100,3,0,3,17.91,,22.10
85064,SPR00053,14,5,9,23.43,,28.90
85070,"KIT 95-2S",0,0,0,69.61,,
85073,E70533-00-102,0,0,0,611.99,,
85074,E70535-00-102,0,0,0,1051.99,,
85075,E70534-00-102,0,0,0,469.44,,
85076,E70534-05-102,0,0,0,552.77,,
85077,E70536-00-102,0,0,0,1139.99,,
85078,E70536-05-102,0,0,0,1219.99,,
85085,21001600600,0,0,0,754.30,,
85089,APT-150-01-BLK,3,1,2,306.56,,
85090,APT-250-01-BLK,4,3,1,320.63,,
85091,APT-LB-01-BLK,6,2,4,140.63,,
85098,010-12898-00,0,0,0,38.99,,
85100,010-12898-10,3,2,1,51.99,,
85101,010-12898-20,0,0,0,324.99,,
85102,010-12899-00,0,0,0,25.99,,
85103,010-12899-10,4,2,2,32.49,,
85104,010-12899-20,5,3,2,194.99,,
85105,ST800PV-N2,0,0,0,254.04,345.00,
85106,33032A,5,1,4,49.02,,
85107,322601101,0,0,0,355.39,,
85108,88412,12,5,7,95.00,,
85109,88413,2,0,2,142.50,,
85110,88414,0,0,0,105.56,,
85111,SBH-36,11,7,4,40.50,,
85114,ARG100301020,1,0,1,93.01,,114.75
85115,ARG200301020,6,3,3,113.68,,140.25
85116,V11-9970BKA100-1,0,0,0,516.31,,
85117,F16-0276,0,0,0,30.17,,
85120,010-12922-01,0,0,0,9.75,,
85132,3120,1,1,0,608.01,,
85134,41-135A,24,6,18,56.58,,
85139,03-91-032,2,2,0,5.88,,
85156,RMX300-RD-TN,3,3,0,26.90,43.99,
85157,RMX300-RD-MC,6,6,0,31.65,43.99,
85159,2000035457,1,0,1,198.53,,
85161,TZ3-12P-PGT,2,0,2,131.82,,
85164,010-11849-10,0,0,0,33.75,,
85165,32ALA,6,6,0,74.91,,
85166,60-YP-MC-120-J10,1,0,1,819.08,1003.00,
85167,48-YSP-4LH-A,3,0,3,568.29,,
85180,T70278,4,2,2,408.32,,489.99
85182,1810600,2,0,2,1346.89,,1799.99
85183,1810601,0,0,0,1346.89,,1799.99
85184,1810620,1,1,0,1496.54,,1999.99
85185,1810621,9,0,9,1496.54,,1999.99
85186,1810622,3,1,2,1421.71,,1899.99
85187,1810623,3,2,1,1496.54,,1999.99
85188,1810630,1,0,1,1646.20,,2199.99
85189,1810631,3,0,3,1646.20,,2199.99
85190,1810632,5,4,1,1571.37,,2099.99
85191,1810633,1,1,0,1646.20,,2199.99
85192,1810253,3,1,2,89.78,,
85193,1810258,3,2,1,142.16,,
85194,1810360,1,0,1,237.49,,
85195,1810365,0,0,0,237.49,,
85196,1810361,1,0,1,237.49,,
85197,1810366,1,0,1,237.49,,
85198,1810362,3,1,2,237.49,,
85199,1810367,2,0,2,237.49,,
85200,1810363,5,1,4,237.49,,
85201,1810368,1,0,1,237.49,,
85202,1810370,1,0,1,78.07,,
85203,1810375,1,0,1,78.07,,
85204,1810371,1,0,1,81.61,,
85205,1810376,2,0,2,81.61,,
85213,12732-A,9,3,6,12.00,,
85219,7653L3,8,2,6,6.24,,
85220,1580017-BLK,22,0,22,143.91,,
85221,2171042,4,0,4,23.90,,
85231,M25033,40,25,15,20.19,,
85232,M25053,21,13,8,20.19,,
85233,M25063,75,42,33,20.19,,
85234,M25073,45,20,25,20.19,,
85235,M25083,36,20,16,20.19,,
85236,M25093,36,17,19,20.19,,
85237,M25103,10,4,6,20.19,,
85238,M25113,3,0,3,20.19,,
85239,M25123,16,5,11,20.19,,
85240,M25193,25,17,8,20.19,,
85241,1061016,6,5,1,123.31,,
85242,1061018,5,0,5,116.65,,
85244,39362,21,9,12,17.13,,
85245,38343,25,15,10,14.49,,
85247,1040667,0,0,0,102.93,,
85248,38353,24,10,14,18.50,,
85249,1062031,0,0,0,112.50,,
85250,1062034,1,1,0,112.50,,
85251,39643,32,15,17,18.61,,
85252,1040651,7,6,1,81.17,,
85253,1040653,5,3,2,88.40,,
85254,M25610,1,1,0,153.43,,
85255,M25620,3,2,1,153.43,,
85256,M25630,3,1,2,153.43,,
85257,M25640,0,0,0,153.43,,
85258,M25650,2,2,0,153.43,,
85261,71140,16,14,2,10.90,,
85263,TYN-08BLKSP,68,45,23,4.48,,
85264,TYN-08RSP,10,7,3,4.48,,
85269,AK0553,14,12,2,22.92,,
85270,601015-1,0,0,0,97.40,,149.99
85273,SP120C-VF-1,0,0,0,1819.30,,
85274,SP120C-VF-2,0,0,0,2232.30,,
85278,"DIGITAL C CABLE",0,0,0,34.97,,
85294,RF70,7,3,4,82.62,127.97,
85296,IBC320-12,3,2,1,601.06,,
85297,001-081-140,0,0,0,31.82,,
85301,ASS000001000,4,2,2,16.54,,20.40
85305,E1150Z-13CAB,2,0,2,51.22,,
85309,88420,0,0,0,12.61,,
85310,88421,0,0,0,12.61,,
85311,88422,0,0,0,12.61,,
85333,286,17,8,9,6.48,,9.98
85338,SSM-17H,32,27,5,21.18,,
85347,22135-80090,10,0,10,21.76,29.99,
85353,39042-85510,8,1,7,111.03,152.99,
85354,39043-85510,3,0,3,121.92,167.99,
85357,39046-85512,6,0,6,111.03,152.99,
85358,39047-85512,3,0,3,121.92,167.99,
85359,39048-85513,4,0,4,111.03,152.99,
85360,39049-85513,2,0,2,121.92,167.99,
85362,SCC115035210,8,6,2,149.51,,184.45
85363,48-YSP-3JH-A,0,0,0,568.29,,
85368,ORI242428110,0,0,0,92.33,,113.90
85372,HC2400,0,0,0,7.50,,
85377,713,13,2,11,14.38,,
85378,YBP-0203,3,0,3,67.49,,99.98
85384,TM275LHW-12P,2,0,2,1600.00,,
85392,001-193-460-10,0,0,0,122.73,,
85400,55-9815,4,0,4,74.79,,
85413,AO-1500-CRC,0,0,0,552.90,,
85414,CA-0000,2,2,0,389.20,,
85420,1PCP32,193,97,96,11.43,,
85421,1PKO32,66,42,24,10.67,,
85426,SM-S3P-917,19,9,10,581.24,,796.86
85427,SM-ACC3-WIRE,4,0,4,17.74,,21.83
85428,SM-WLS3-TEMP-917,3,0,3,107.80,,139.09
85429,SM-WLS3-BATT-917,15,7,8,107.80,,139.09
85430,SM-WLS3-HIWS-917,12,3,9,107.80,,139.09
85431,SM-WLS3-BILG-917,16,8,8,107.80,,139.09
85432,SM-WLS3-ENTR-917,11,4,7,107.80,,139.09
85433,96590,0,0,0,9.24,12.36,
85434,HL-501,11,7,4,7.88,,
85435,HL-501-OD,20,8,12,7.88,,
85436,HL-501-TAN,0,0,0,7.88,,
85437,HL-APX-BK,7,4,3,7.88,,
85438,HL-500-BK,4,3,1,3.62,,
85481,GDI000032000,4,2,2,201.88,,249.05
85482,WN810,2,2,0,10.61,16.99,
85483,GDI000064000,4,0,4,247.35,,305.15
85486,21010,187,73,114,3.57,6.26,
85487,21030,61,61,0,5.87,10.28,
85489,21036,36,36,0,6.61,11.57,
85490,41150,730,109,621,12.80,22.40,
85492,41160,35,15,20,13.07,22.88,
85495,91003,66,23,43,9.44,16.51,
85497,97008,50,21,29,11.93,20.88,
85499,93003,91,42,49,10.36,18.14,
85502,48008,12,12,0,18.09,31.65,
85506,51010,255,113,142,4.03,7.04,
85509,54200,0,0,0,21.31,37.31,
85510,12004,43,32,11,4.83,8.47,
85511,56204,112,44,68,6.53,11.44,
85513,31110,21,18,3,11.24,19.67,
85514,11016,92,39,53,9.29,16.25,
85515,83110,31,9,22,9.07,15.88,
85516,85011,14,14,0,8.69,12.65,
85517,91110,35,24,11,9.49,16.60,
85518,51600,30,13,17,18.90,33.08,
85519,85032,28,18,10,20.09,32.54,
85520,83032,9,2,7,21.43,34.73,
85521,19003,17,13,4,7.50,13.12,
85522,19008,9,5,4,18.70,32.72,
85523,98003,65,12,53,6.66,11.65,
85524,82003,149,74,75,7.61,13.31,
85525,82016,22,13,9,15.33,26.81,
85526,80320,34,26,8,9.47,16.58,
85527,11520,7,6,1,7.99,,
85532,0173,15,10,5,58.46,,
85533,001-533-080-00,1,0,1,82.73,,
85534,79943,0,0,0,192.19,,
85538,MRGB55W,1,1,0,64.47,109.99,
85545,QSR2419,4,2,2,78.00,,
85546,TDL2419,0,0,0,92.50,,
85549,13894,8,4,4,201.13,,
85550,18670-9407,32,21,11,255.51,,
85566,GP2920-05,0,0,0,390.35,,
85569,55-0010,4,3,1,137.67,,
85570,55-0012,7,5,2,174.29,,
85572,55-0021,0,0,0,196.63,,
85573,55-0024,3,1,2,95.33,,
85574,55-0027,5,3,2,247.85,,
85575,55-0028,19,11,8,127.89,,
85592,T500-NY,0,0,0,55.80,88.99,
85593,T500-BK,0,0,0,55.80,88.99,
85597,SW-804II,7,4,3,6.11,,
85598,GG-128-R,0,0,0,2.63,,
85607,VTC305-12-12,0,0,0,449.36,,
85613,DT2BX-TH,0,0,0,131.98,,
85618,R70496,0,0,0,29.82,,
85645,RMX4800-10,0,0,0,436.35,,
85648,36212001,0,0,0,965.69,,1245.99
85650,RLGCT,2,2,0,27.05,,
85660,22590,29,11,18,10.60,,
85661,22592,12,4,8,15.15,,
85662,22594,9,6,3,22.15,,
85663,22595,9,6,3,25.93,,
85664,22596,8,8,0,33.65,,
85667,79001,0,0,0,104.29,,
85668,79002,0,0,0,120.53,,
85669,79003,0,0,0,132.20,,
85670,79004,0,0,0,132.20,,
85671,79005,0,0,0,146.11,,
85672,79006,0,0,0,171.88,,
85673,79009,0,0,0,208.30,,
85674,79010,0,0,0,149.50,,
85675,79011,1,1,0,152.15,,
85676,79012,0,0,0,176.26,,
85677,AK1005,22,9,13,121.27,,
85680,69361,8,8,0,36.35,,
85681,69362,15,15,0,42.24,,
85682,41971,2,2,0,106.33,,
85684,1105.91,0,0,0,76.11,,
85685,MMC-9N2,3,2,1,109.86,135.00,
85687,53671CA,20,10,10,59.46,107.99,
85689,R70387,0,0,0,63.91,,
85690,R70598,0,0,0,87.49,,
85708,751S-01771,0,0,0,48.83,,
85712,010-12922-02,8,0,8,6.49,,
85716,VC100012V,0,0,0,1449.41,,
85726,B117-DT-RAY,0,0,0,220.24,289.99,
85730,F31-0702BXY,4,0,4,53.96,,
85731,T10-3000-1,5,3,2,1030.62,,
85732,T10-3000-2,3,1,2,1030.62,,
85733,T10-3000-3,3,2,1,1101.69,,
85734,T10-3000-4,2,2,0,1101.69,,
85735,T10-3000-5,2,2,0,188.82,,
85737,T10-3000-6,4,1,3,305.17,,
85741,T10-3000-7,2,2,0,305.17,,
85746,T10-3000-11,1,1,0,112.78,,
85760,411310-1CHO,2,1,1,2081.15,,
85761,411320-1CHO,2,2,0,2235.31,,
85762,411320-1,1,1,0,2466.55,,
85776,740191-1,4,4,0,75.75,,
85777,740192-1,0,0,0,75.75,,
85778,740193-1,0,0,0,75.75,,
85780,720110-1,3,3,0,41.66,,
85781,720111-1,5,5,0,45.45,,
85782,720112-1,1,0,1,45.45,,
85785,411580-1,1,1,0,1013.37,,
85786,720115-1,0,0,0,90.91,,
85787,720113-1,16,11,5,34.08,,
85788,720114-1,6,2,4,26.51,,
85789,700064-1,2,0,2,90.91,,
85790,700065-1,1,0,1,121.21,,
85791,760035-1,0,0,0,18.93,,
85792,760036-1,0,0,0,18.93,,
85793,760038-1,1,1,0,26.51,,
85794,720117-1,2,2,0,26.51,,
85795,720117-2,0,0,0,34.08,,
85796,720117-3,3,0,3,41.66,,
85797,720117-4,1,1,0,64.39,,
85805,HID8,0,0,0,250.00,,
85806,HT471TW,6,0,6,117.50,,
85834,973,0,0,0,49.67,,
85836,32809,8,4,4,36.99,,
85838,B744V-9N,0,0,0,655.27,877.50,
85841,760037-1,0,0,0,30.29,,
85844,CYR010230010,4,1,3,97.84,,120.70
85847,VE-60-E1YN,0,0,0,16141.18,,
85856,12725,0,0,0,97.50,,
85858,SHC-20,3,3,0,21.18,,
85859,SCS-1000,0,0,0,384.30,,
85862,60-YP-MC-120-K6,0,0,0,819.08,1003.00,
85868,IRID-ANT-RST210,0,0,0,191.49,,
85869,A503-51AAG-HE,0,0,0,128.05,,
85870,P1101Z-51AAH,0,0,0,89.63,,
85871,TYN-05WSP,21,11,10,4.48,,
85872,CL730XXS,8,2,6,26.87,35.66,
85873,CL730XS,7,4,3,24.17,35.66,
85874,CL730S,6,2,4,24.17,35.66,
85875,CL730M,4,3,1,24.17,35.66,
85876,CL730L,6,6,0,24.17,35.66,
85877,CL730XL,5,2,3,26.87,35.66,
85878,CL730XXL,6,2,4,26.87,35.66,
85880,CL740XXS,0,0,0,28.78,38.21,
85881,CL740XS,6,1,5,29.14,38.21,
85882,CL740S,8,4,4,29.14,38.21,
85883,CL740M,12,10,2,29.14,38.21,
85884,CL740L,8,4,4,29.14,38.21,
85885,CL740XL,14,9,5,29.14,38.21,
85886,CL740XXL,9,5,4,29.14,38.21,
85887,A2C3832920030,0,0,0,162.57,,
85889,48-YSP-3JH-C,1,0,1,568.29,,
85890,ASS030530310,45,24,21,21.36,,26.35
85893,A2C3833130030,4,2,2,81.71,,
85894,A2C3833140030,0,0,0,81.71,,
85898,A2C3833340030,4,2,2,81.72,,
85909,A2C3833300030,0,0,0,81.72,,
85924,A2C3832780030,2,2,0,68.00,,
85926,UD-ME770LED,8,8,0,24.99,,
85927,A2C3832900030,4,2,2,162.63,,
85929,A2C3833240030,0,0,0,81.60,,
85930,A2C3833010030,0,0,0,162.57,,
85931,A2C3832990030,8,3,5,162.57,,
85932,A2C3833070030,0,0,0,87.73,,
85935,DE1026F,0,0,0,7.36,,
85936,DE1027F,0,0,0,9.49,,
85937,010-11425-01,4,0,4,33.75,,
85938,32-0417-0100,0,0,0,74.25,,
85942,S32-0819-50,0,0,0,66.75,,
85944,A2C3833060030,4,2,2,87.75,,
85945,A2C3833090030,0,0,0,87.73,,
85946,A2C3833080030,0,0,0,87.85,,
85947,A2C3833550030,0,0,0,81.71,,
85948,A2C3832750030,0,0,0,81.71,,
85949,A2C3833100030,0,0,0,81.71,,
85951,1041483,1,0,1,264.50,,
85952,1041519,0,0,0,264.50,,
85954,1041606-1,3,0,3,276.70,,
85955,1041631-1,5,5,0,276.70,,
85956,1041634-1,6,4,2,276.70,,
85957,1041684-1,5,5,0,276.70,,
85958,1041636,0,0,0,254.34,,
85959,1041733,7,7,0,254.33,,
85960,1061063-B,0,0,0,238.27,,
85961,1061069-B,0,0,0,238.37,,
85962,1061077-1,0,0,0,215.07,,
85963,1061079-1,0,0,0,215.07,,
85964,1061057,0,0,0,123.31,,
85966,1061017,0,0,0,123.31,,
85967,1061021,1,1,0,84.38,,
85968,1062583,2,0,2,255.90,,
85969,1040665,0,0,0,102.93,,
85970,1040663,2,2,0,99.07,,
85971,1040661,3,1,2,99.07,,
85972,1040643,0,0,0,100.80,,
85973,1040649,4,0,4,100.80,,
85974,1040646,0,0,0,135.37,,
85975,1040655,3,3,0,81.17,,
85976,1040621,0,0,0,78.36,,
85977,1040622,5,1,4,77.47,,
85978,1040623,0,0,0,78.36,,
85979,1040624,0,0,0,78.36,,
85980,1040625,0,0,0,78.36,,
85981,1040628,0,0,0,78.36,,
85982,1040629,2,0,2,78.36,,
85983,1040626,4,2,2,97.40,,
85984,1040627,2,2,0,68.73,,
85985,1040691,0,0,0,190.79,,
85986,1040693,0,0,0,190.79,,
85987,1040697,2,1,1,201.17,,
85988,1040211,2,2,0,44.21,,
85989,1040212,0,0,0,44.21,,
85990,1040213,0,0,0,44.21,,
85991,1040214,0,0,0,44.21,,
85993,1040217,2,2,0,46.23,,
85994,1040216,2,2,0,44.21,,
85999,ASS030530203,12,10,2,14.47,,17.85
86003,FW-40PROA-BK,7,4,3,208.75,,
86008,1615431-1,2,1,1,95.23,,
86009,1615433-1,6,6,0,96.80,,
86010,1630401-1,0,0,0,100.11,,
86011,1612402-A,10,4,6,160.63,,
86012,1632013-A,2,2,0,169.40,,
86013,1612401-A,4,3,1,147.16,,
86014,1632012-A,5,3,2,149.06,,
86015,1611433,5,2,3,233.94,,
86016,1631037,2,1,1,230.79,,
86017,MJUFOXMMB,5,2,3,30.64,,
86022,010-12676-45,0,0,0,33.75,,
86025,010-12676-15,4,3,1,26.24,,
86026,2000033052,0,0,0,323.86,419.99,
86027,27281,9,9,0,66.32,,95.41
86031,010-13069-00,27,27,0,74.99,,
86032,SM-ACC3-GPSA,4,0,4,40.55,,49.91
86033,1100007,2,2,0,17.14,,
86034,1100009,19,8,11,54.30,,
86035,1104010,11,8,3,53.20,,
86036,1100012,11,5,6,44.43,,
86037,1614201-PP,4,1,3,73.51,,
86038,1615201-EC,10,7,3,20.04,,
86039,1615204-EC,18,10,8,18.96,,
86040,1600003,19,18,1,43.90,,
86041,1600005,4,4,0,44.53,,
86043,1600010,14,7,7,67.10,,
86044,1620004,14,3,11,48.84,,
86045,1620005,7,5,2,45.59,,
86046,1100015,7,7,0,19.34,,
86047,1100115,4,2,2,31.89,,
86048,1620001,8,3,5,48.50,,
86049,1620003,29,18,11,48.50,,
86050,1100031-1,13,6,7,52.71,,
86051,1100031-L1,11,5,6,59.74,,
86052,1100300,9,4,5,108.00,,
86053,1840220,2,0,2,99.20,,
86054,1440248,3,3,0,111.69,,
86055,1561105,6,0,6,24.67,,
86056,1561106,2,1,1,29.61,,
86057,1100018,18,6,12,35.89,,
86058,1300750-1,44,23,21,47.49,,
86059,1300751-1,0,0,0,56.26,,
86060,1300901,4,4,0,193.21,,
86061,1300902,8,8,0,197.44,,
86062,1642008,14,8,6,194.40,,
86063,1642005,25,13,12,157.07,,
86064,1603824,18,16,2,123.70,,
86065,1603825,7,5,2,110.13,,
86066,1601002-L,5,5,0,184.97,,
86067,2171004,46,0,46,22.99,,
86068,2171032,40,28,12,14.30,,
86074,134300-701-004-21,6,0,6,264.00,,
86075,132800-500-004-21,10,8,2,199.00,,
86076,132200-701-004-21,0,0,0,170.89,,
86077,132200-100-004-20,6,2,4,170.89,,
86078,122400-100-020-21,0,0,0,66.60,,
86079,122400-100-040-21,0,0,0,66.60,,
86080,122400-100-060-21,6,6,0,46.00,,
86081,121900-505-002-21,19,13,6,37.27,,
86082,121900-500-002-21,0,0,0,37.27,,
86083,121000-200-001-21,0,0,0,37.27,,
86084,121000-600-001-21,1,0,1,24.00,,
86086,121000-500-002-21,3,0,3,24.00,,
86087,120000-200-030-21,0,0,0,37.27,,
86088,120000-200-050-21,4,0,4,26.79,,
86089,120000-200-070-21,0,0,0,37.27,,
86092,DB412,3,2,1,232.33,,
86095,A2C3833110030,2,2,0,72.00,,
86096,A2C3833150030,0,0,0,81.71,,
86097,A2C3916300030,0,0,0,81.79,,
86098,A2C3833440030,0,0,0,81.60,,
86099,A2C3833450030,0,0,0,81.60,,
86100,A2C3833480030,0,0,0,81.60,,
86101,A2C3832710030,0,0,0,81.68,,
86102,A2C3832730030,0,0,0,81.68,,
86103,A2C3833460030,0,0,0,81.60,,
86104,A2C3832720030,0,0,0,81.68,,
86105,A2C3832740030,0,0,0,81.68,,
86106,A2C3833170030,0,0,0,81.72,,
86107,A2C3832690030,0,0,0,81.80,,
86108,A2C3832700030,0,0,0,81.80,,
86109,A2C3833160030,2,0,2,81.72,,
86110,A2C3833230030,0,0,0,81.72,,
86111,A2C3833490030,0,0,0,81.60,,
86112,A2C3833040030,0,0,0,87.73,,
86113,A2C3833050030,0,0,0,87.85,,
86114,A2C3833520030,0,0,0,81.60,,
86115,A2C3833510030,0,0,0,81.60,,
86116,A2C3916310030,0,0,0,81.60,,
86117,A2C3833380030,0,0,0,81.60,,
86118,A2C3833410030,2,0,2,81.60,,
86119,A2C3833320030,0,0,0,81.72,,
86120,ST9ATP,1,0,1,1100.72,,
86121,A2C3833330030,0,0,0,81.60,,
86122,A2C3833530030,0,0,0,81.60,,
86123,A2C3833470030,0,0,0,81.60,,
86124,A2C3833390030,0,0,0,81.60,,
86125,A2C3832910030,0,0,0,162.57,,
86126,136300-701-999-19,22,13,9,21.47,,
86127,135700-701-999-19,18,8,10,18.74,,
86128,A2C3832930030,2,2,0,134.00,,
86129,A2C3832940030,0,0,0,162.57,,
86130,A2C3832950030,0,0,0,162.57,,
86131,A2C3832880030,0,0,0,162.63,,
86132,A2C3832890030,0,0,0,162.83,,
86133,A2C3832960030,0,0,0,162.57,,
86134,A2C3832970030,0,0,0,162.57,,
86137,A2C3833000030,0,0,0,162.57,,
86138,A2C3833020030,5,3,2,144.00,,
86140,A2C3832860030,0,0,0,167.77,,
86141,A2C3832850030,0,0,0,167.77,,
86142,A2C3832840030,0,0,0,167.77,,
86143,A2C3832830030,0,0,0,167.77,,
86144,A2C3832870030,4,2,2,167.77,,
86145,A2C3832820030,3,1,2,167.77,,
86146,A2C3832810030,0,0,0,167.77,,
86147,A2C3832800030,0,0,0,167.77,,
86148,A2C3832790030,0,0,0,167.77,,
86149,A2C1800340030,0,0,0,81.91,,
86150,ITR050362041,4,2,2,511.93,,631.55
86154,CS2661701,1,0,1,33.66,,
86159,HW-ASSY-2.0SPKR,4,0,4,82.59,,
86162,48-YSP-4JH-B,3,0,3,568.29,,
86165,80-600-0027-00,0,0,0,416.49,,
86166,PMP123021010,7,3,4,1150.63,,1419.50
86169,A2C59514230,0,0,0,41.30,76.50,
86177,A10-228,0,0,0,29.09,,
86178,A10-224,0,0,0,36.22,,
86179,10-960-R,7,0,7,26.33,,
86180,HG1000G,4,2,2,164.71,,
86197,010-13009-00,0,0,0,44.99,,
86198,010-13009-01,0,0,0,44.99,,
86199,010-13009-07,0,0,0,52.49,,
86200,010-13009-02,0,0,0,26.24,,
86201,010-13009-03,0,0,0,22.49,,
86202,010-13009-04,0,0,0,44.99,,
86203,010-13009-05,0,0,0,22.49,,
86204,010-13009-06,0,0,0,37.49,,
86206,010-11051-20,2,2,0,337.49,449.99,
86207,010-01616-40,0,0,0,1087.49,,
86208,010-01248-90,3,2,1,974.99,,
86209,010-01248-70,0,0,0,1087.49,,
86210,010-01248-80,1,1,0,899.99,,
86211,51300,5,5,0,9.17,,
86212,51310,14,5,9,9.17,,
86217,HG500,5,2,3,118.82,,
86234,ZDIGNAVDOC,14,7,7,354.13,,
86236,FAP3011,2,1,1,609.09,,
86244,G200924,0,0,0,11.90,,
86245,A06073,1,1,0,23.85,,
86249,SC-CW-07E,1,1,0,42.33,,
86259,18500000,3,2,1,123.59,,
86262,600-881,0,0,0,6.94,,
86272,RF4012,0,0,0,25.90,35.66,
86273,RF4013,10,6,4,67.41,92.82,
86274,RF4014,0,0,0,77.14,106.21,
86275,RF4015,0,0,0,77.14,106.21,
86276,PUMPOCT16-12,0,0,0,404.49,,
86279,9283.4,0,0,0,485.21,,
86289,2920,2,0,2,305.37,,
86290,65F3B,0,0,0,228.53,,
86293,FGBT11025120T00,0,0,0,1310.23,,
86294,FGBT12530120T00,0,0,0,1506.33,,
86295,FGBT12540120T00,0,0,0,1652.39,,
86296,FGBT14030120T00,0,0,0,1777.56,,
86297,FGBT14040120T00,0,0,0,1968.57,,
86298,FGBT18055120T00,0,0,0,2369.75,,
86308,510R,4,3,1,12.95,,
86314,303303050WH-1,0,0,0,2.02,,
86315,303304050-1,7,0,7,3.22,,
86316,303305050-1,0,0,0,3.95,,
86320,03-212-312,0,0,0,661.88,847.20,
86323,SCM-10-EXT-CC-20,4,0,4,499.00,,699.00
86361,A80674,23,12,11,42.60,,
86362,A80675,30,13,17,42.60,,
86401,MIU60WHT,2,0,2,499.99,,
86412,HG250,4,2,2,100.00,,
86416,0289,33,33,0,21.86,,
86417,0290,8,8,0,23.38,,
86420,93806YUS7,3,0,3,45.24,,
86422,000-15793-001,0,0,0,1525.60,,1907.00
86429,KPB30A,0,0,0,151.91,,
86430,KPB30B,5,2,3,151.91,,
86432,KPB60A,0,0,0,180.41,,
86433,KPB60B,0,0,0,180.41,,
86434,KPBQCKA,0,0,0,70.97,,
86435,KPBQCKB,0,0,0,75.95,,
86437,KPPC,1,0,1,9.16,,
86438,KPP100B,8,5,3,88.72,,
86439,KPP100W,6,1,5,88.72,,
86440,KPP120B,11,6,5,99.37,,
86441,KPP120W,10,4,6,99.37,,
86445,KPP802B,5,1,4,79.85,,
86446,KPP802W,5,1,4,79.85,,
86449,KPS25B,1,1,0,132.93,,
86451,KPS50A,2,0,2,142.41,,
86452,KPS50B,4,2,2,142.41,,
86464,M5-7A-4342-8,44,20,24,68.40,,
86467,85-B203STN,0,0,0,594.43,,
86468,85-B203MAR,6,2,4,61.83,,
86469,75-7060B,1,1,0,40.46,,
86470,75-7061,6,2,4,16.68,,
86471,55-9200,6,2,4,34.58,,
86472,55-9300,6,3,3,47.49,,
86473,55-9400,7,4,3,52.91,,
86474,55-9500,1,1,0,21.94,,
86475,55-9600,11,7,4,41.79,,
86476,165T/275LHW-12P,3,3,0,2240.00,,
86477,1245SC,11,4,7,38.46,,
86490,FI5001/30M,1,1,0,579.78,,
86499,63106,56,2,54,11.31,,
86504,INFR3000,1,0,1,129.99,,
86518,C30253W,0,0,0,208.27,307.80,
86519,C30503W,11,5,6,282.56,417.60,
86532,010-02551-04,0,0,0,383.99,,
86543,M5-7A-4261-8,10,0,10,52.99,,
86544,KG-1BL-PR,13,8,5,38.67,49.30,
86546,W744,1,1,0,59.80,,
86551,69390,2,0,2,134.38,,
86552,53083,15,8,7,9.53,,
86553,53086,13,11,2,8.84,,
86554,53092,18,12,6,9.53,,
86555,53093,7,2,5,8.84,,
86558,41980,3,0,3,50.18,,
86560,41983,14,6,8,28.51,,
86561,41985,3,3,0,42.79,,
86562,41986,16,8,8,8.33,,
86563,41987,10,6,4,15.31,,
86564,51798,3,3,0,63.73,,
86565,YBP-0306,4,4,0,23.35,,37.98
86566,69004,1,0,1,240.13,,
86567,69005,7,6,1,266.84,,
86568,69002,7,3,4,182.02,,
86569,69003,7,6,1,207.80,,
86570,69341,11,8,3,23.99,,
86571,69300,7,2,5,15.91,,
86572,69301,13,8,5,23.83,,
86573,69310,10,6,4,36.00,,
86574,69311,7,6,1,43.80,,
86576,"A-4 GREY",18,14,4,93.41,,
86577,"A-5 GREY",9,5,4,197.44,,
86582,"A-2 GREY",18,9,9,49.53,,
86583,"A-3 GREY",18,10,8,66.31,,
86585,32305-5012-3A,14,6,8,124.19,,
86586,Q401J-118N-3A,62,21,41,152.22,,
86587,Q401J-118N-4A,13,8,5,176.25,,
86588,P501J-119N-3A,19,8,11,192.28,,
86589,P601J-219N-3A,12,5,7,212.31,,
86590,P601J-219N-4A,22,10,12,236.33,,
86591,Q402J-118N-3A,7,2,5,193.88,,
86593,P602J-219N-3A,15,4,11,236.33,,
86594,6220,8,4,4,42.23,61.65,
86595,6221,7,3,4,73.90,107.90,
86596,6280,6,2,4,225.86,329.75,
86597,6277,6,2,4,147.85,215.85,
86610,42630-3512-3C,8,5,3,104.15,,
86611,31295-3512-3A,10,4,6,100.15,,
86612,31395-2512-3A,21,12,9,108.15,,
86614,31395-4012-3A,40,21,19,108.15,,
86616,SKI024080002,5,3,2,1090.00,,1344.70
86620,Q301J-115S-3A,16,5,11,132.19,,
86621,Q301J-118S-3A,10,4,6,171.85,,
86622,Q401J-115S-3A,47,19,28,156.22,,
86623,Q401J-118S-3A,29,14,15,156.22,,
86624,P501J-115S-3A,16,6,10,192.28,,
86625,P501J-118S-3A,16,7,9,192.28,,
86626,P601J-215S-3A,9,4,5,208.30,,
86627,P601J-218S-3A,36,17,19,208.30,,
86628,31295-3524-3A,14,7,7,161.43,,
86629,31395-2524-3A,4,4,0,171.85,,
86630,31395-4024-3A,14,8,6,132.19,,
86632,010-02316-10,28,7,21,236.24,,
86634,010-02316-00,2,2,0,236.24,,
86636,Q402J-115S-3A,13,5,8,180.26,,
86653,Q402J-118S-3A,11,3,8,198.28,,
86654,P602J-215S-3A,9,6,3,255.57,,
86655,P602J-218S-3A,27,9,18,232.33,,
86659,03-114-200,0,0,0,316.25,404.80,
86660,03-114-214,0,0,0,316.25,404.80,
86662,03-114-212,0,0,0,316.25,404.80,
86663,03-112-214,0,0,0,413.75,529.60,
86664,03-112-212,0,0,0,413.75,529.60,
86665,03-134-300,0,0,0,468.75,600.00,
86666,03-134-312,0,0,0,468.75,600.00,
86667,03-200-300,0,0,0,540.00,691.20,
86668,03-200-312,0,0,0,540.00,691.20,
86669,03-214-312,0,0,0,661.88,847.20,
86670,03-214-400,0,0,0,661.88,847.20,
86671,03-212-400,0,0,0,661.88,847.20,
86672,03-300-412,0,0,0,911.25,1166.40,
86673,03-312-500,0,0,0,1484.38,1900.00,
86686,6500-WB,0,0,0,197.03,,
86708,50180,7,4,3,264.44,,
86713,50182,6,3,3,346.79,,
86714,50184,0,0,0,390.88,,
86715,50186,0,0,0,522.90,,
86716,SA-340-BL,7,0,7,41.94,,
86753,22911,4,2,2,109.89,,
86799,FWGB-100-RB,0,0,0,122.50,,
86819,TSP-1-DP,4,4,0,22.01,,
86820,TSP-2-DP,10,1,9,18.29,,
86853,96604,0,0,0,9.08,12.16,
86854,96607,0,0,0,5.69,7.62,
86864,PIN123020000,0,0,0,774.44,,955.40
86868,1544,5,3,2,192.40,274.95,
86870,1540,7,3,4,98.48,140.95,
86871,1542,6,2,4,131.74,187.95,
86872,010-13072-00,1,0,1,374.99,,
86873,010-13073-00,21,16,5,449.99,,
86876,1902340X2/COVERS,0,0,0,2928.70,,
86877,1902335X2/COVERS,1,1,0,2627.56,,
86878,010-12989-00,0,0,0,18.00,,
86879,010-12989-01,14,4,10,22.49,,
86880,010-12989-02,0,0,0,22.49,,
86881,010-12990-00,0,0,0,18.75,,
86882,010-12992-00,0,0,0,26.24,,
86883,010-12993-00,0,0,0,26.24,,
86884,010-12990-01,1,1,0,22.49,,
86885,010-12992-01,0,0,0,29.99,,
86886,010-12993-01,9,0,9,26.24,,
86887,010-12990-02,0,0,0,22.49,,
86888,010-12992-02,0,0,0,37.49,,
86889,010-12993-02,2,0,2,37.49,,
86890,010-02246-02,0,0,0,159.99,,
86891,010-02246-00,0,0,0,119.99,,
86894,AT-85810,0,0,0,12.57,,
86898,37161,0,0,0,119.27,,
86901,RMC-101FMK-DP,6,3,3,92.32,,
86903,RMC-101MK-DP,0,0,0,92.32,,
86904,RMC-104FMK-DP,4,2,2,92.32,,
86905,RMC-105FMK-DP,6,3,3,92.32,,
86906,RMC-109-DP,3,3,0,115.46,,
86907,RMC-108-DP,3,2,1,108.81,,
86960,150800-200-070-20,0,0,0,64.73,,
86971,101037,19,6,13,97.19,,153.19
86976,CEC34,6,4,2,32.61,,
86977,CEC10,67,25,42,8.07,,
86978,ZDIGDST810,3,1,2,389.54,,
86979,CEC15,7,5,2,18.91,,
86980,CEC25,0,0,0,25.59,,
86981,CEC50,0,0,0,46.84,,
86982,CEC75,5,5,0,61.73,,
86983,31300006,30,7,23,12.61,15.99,
86984,BPC123048102,10,1,9,162.14,,205.70
86986,010-12225-10,0,0,0,33.75,,
86987,010-13071-00,3,0,3,22.49,,
86988,010-13070-00,43,21,22,26.24,,
86989,22610-9427,9,4,5,297.59,,
86990,100-298-436-10,0,0,0,14.55,,
86994,010-12100-13,0,0,0,8.00,,
86997,S-0627C,6,2,4,117.84,,
86998,S-0628C,6,2,4,118.14,,
86999,S-0629C,0,0,0,118.44,,
87002,301-011KLST-B,0,0,0,2056.68,,2313.76
87010,CX4A,4,2,2,141.63,,
87011,E179F,4,2,2,38.21,,
87013,83012031,0,0,0,200.77,,
87017,OCTAFG2012,0,0,0,663.22,,
87018,OCTAFG2024,0,0,0,663.22,,
87029,B00042501,2,0,2,169.00,298.53,
87030,B00043901,0,0,0,92.73,149.31,
87031,010-12097-00,0,0,0,44.99,,
87033,G-GATE-G,0,0,0,640.56,,
87044,SCC110020160R,14,7,7,72.34,,89.25
87055,LLB-70SL-01-00,0,0,0,6.92,,
87056,LLB-63CT-01-00,2,2,0,71.34,,
87057,LLB-63AU-01-00,2,0,2,21.99,,
87058,209FDP,9,2,7,154.01,,
87061,010-13014-00,7,4,3,97.49,,
87062,MC-618-H,0,0,0,267.82,328.00,
87063,SG205,3,0,3,155.46,183.00,
87064,SG210,0,0,0,233.59,275.00,
87069,VTC300-32-12,0,0,0,499.38,,
87070,BCA1000V-110-32,0,0,0,1248.86,,
87071,BCA1550-12,0,0,0,1604.74,,
87072,BCA1550-24,0,0,0,1604.74,,
87097,29295-1000,87,22,65,18.58,,
87098,29295-1010,26,13,13,24.16,,
87105,23610-3003,5,3,2,429.77,,
87110,RM12,5,1,4,68.65,,
87249,DST-810MSF,0,0,0,386.36,,
87285,C1000CH,10,4,6,40.55,,
87286,LED1000,0,0,0,13.40,,
87287,FP36,1,0,1,36.54,,
87288,FP36USA,0,0,0,38.97,,
87289,FP36DIVE,0,0,0,38.97,,
87290,FP72,1,0,1,38.97,,
87291,FP72USA,3,1,2,41.41,,
87292,FP72DIVE,0,0,0,41.41,,
87294,240-864,5,5,0,3.29,,
87321,BOWA0571,0,0,0,2601.56,3330.00,
87322,331-546,0,0,0,27.84,,
87348,260-15270,0,0,0,38.05,,
87349,260-15271,0,0,0,38.05,,
87350,301-15278,0,0,0,16.19,,
87351,A2C1767000001,4,1,3,462.86,745.02,
87354,A2C1824820001,2,1,1,249.00,447.75,
87355,310-15277,0,0,0,16.19,,
87356,332-15282,0,0,0,16.19,,
87358,333-15273,0,0,0,56.20,,
87359,333-15272,0,0,0,56.20,,
87360,333-15274,0,0,0,56.20,,
87361,333-15275,0,0,0,56.20,,
87362,350-15276,0,0,0,16.19,,
87363,382-11805,0,0,0,43.08,,
87364,382-15279,0,0,0,16.19,,
87365,382-15280,0,0,0,16.19,,
87366,382-15281,0,0,0,43.08,,
87367,150-15283,0,0,0,26.67,,
87368,TBB-100,0,0,0,130.96,,
87372,V-100L,4,4,0,48.59,,
87373,V-120L,0,0,0,72.29,,
87378,301-011KL-B,0,0,0,1369.85,,1541.07
87401,B00042201,11,7,4,92.73,149.31,
87402,B00042301,1,0,1,229.99,403.83,
87404,B00070401,0,0,0,278.18,447.75,
87405,B00042401,2,2,0,111.43,179.37,
87497,OT-4200CF-HD,3,1,2,2689.62,,
87511,PLABZ100,2,2,0,25.19,,
87512,PLABZ360,2,0,2,64.79,,
87513,PLABZ370,2,0,2,79.19,,
87514,PLABZ400,0,0,0,100.79,,
87515,PLABZ500,0,0,0,100.79,,
87516,PLASE350,6,6,0,18.00,,
87517,PLASE300,1,1,0,36.00,,
87518,PLASE366,7,0,7,33.00,,
87519,PLASE377,2,2,0,42.00,,
87520,PLASM364,68,32,36,16.80,,
87544,B00043501,11,6,5,94.03,159.30,
87552,101647,9,5,4,131.77,,222.29
87553,101648,7,3,4,217.95,,352.19
87554,101649,6,4,2,297.94,,479.09
87555,101650,4,2,2,361.85,,582.79
87556,101680,2,0,2,1470.94,,2301.09
87578,"P13228-202 PCWT",0,0,0,92.97,,
87579,"P13228-204 PCWT",3,1,2,19.99,,
87582,P12848-100,4,2,2,331.75,,
87584,P12848-200,10,5,5,165.87,,
87585,P12848-300,2,0,2,82.91,,
87586,P13005-100,0,0,0,82.91,,
87587,P13371-300TEBCL,3,0,3,207.33,,
87588,P13371-300TEBBK,9,5,4,207.33,,
87589,P13371-300TEBGR,7,3,4,207.33,,
87590,P13371-320TEBCL,2,1,1,207.33,,
87591,P13371-320TEBBK,0,0,0,207.33,,
87592,P13371-360TEBBK,0,0,0,207.33,,
87593,P13371-360TEBGR,0,0,0,207.33,,
87594,P12848-250,5,3,2,249.57,,
87595,P12848-350,12,6,6,165.81,,
87596,P13020-100,0,0,0,95.66,,
87597,"P13020-100 BK",0,0,0,95.66,,
87598,P12902-100,0,0,0,86.09,,
87599,"P12902-100 BK",0,0,0,86.09,,
87600,MS-140,6,3,3,41.44,,
87601,MS-100,4,2,2,33.15,,
87602,P12848-13,0,0,0,47.82,,
87603,P13228-02,0,0,0,47.82,,
87604,P12848-33,0,0,0,38.25,,
87605,"P12848-36 BK",0,0,0,4.74,,
87606,P12682-58,0,0,0,11.45,,
87607,"P12682-58 BK",0,0,0,11.45,,
87608,"P12682-58 GR",5,3,2,11.45,,
87609,P13157-105,0,0,0,28.68,,
87610,"P13157-105 BK",0,0,0,28.68,,
87611,B00001201,3,1,2,22.00,41.40,
87612,A2C17593300,0,0,0,8.31,13.32,
87615,B00067401,3,1,2,167.40,283.50,
87622,101672,19,11,8,126.14,,200.29
87623,101673,12,0,12,131.72,,209.29
87624,101670,24,6,18,129.17,,204.49
87625,101671,2,0,2,135.13,,214.09
87627,MC-TS-A80,4,0,4,33.16,40.99,
87628,01-92-083,3,1,2,15.37,,
87629,01-92-084,3,2,1,23.04,,
87630,01-92-086,4,2,2,24.99,,
87631,09-01-035,0,0,0,416.13,,
87633,5505-7,44,21,23,46.93,,
87634,5508-7,20,5,15,72.39,,
87635,5509-7,39,7,32,76.51,,
87636,5512-7,42,9,33,85.00,,
87637,5513-7,11,2,9,89.13,,
87638,SCC115070211,6,1,5,310.05,,382.50
87660,LHRF30ASSY,3,3,0,73.08,108.00,
87663,UBB2,1,0,1,72.95,89.99,
87664,MC-TS-B30,1,0,1,43.71,53.99,
87665,SG2-0403,3,0,3,48.22,54.99,
87666,SG2-0404,0,0,0,28.40,32.99,
87668,202213BLK,0,0,0,154.51,258.99,
87669,HT471TG,0,0,0,117.50,,
87672,930314,0,0,0,582.27,975.99,
87674,LLB-26LC-61-00,0,0,0,10.75,,
87682,15-TSS,0,0,0,65.71,80.99,
87683,C1-70-A00S,0,0,0,5607.78,,
87684,C1-70-A00R,0,0,0,5880.00,,
87688,24104,0,0,0,61.25,,
87689,25104,1,1,0,50.49,,
87690,24105,0,0,0,60.58,,
87691,25105,0,0,0,65.63,,
87692,36211201,0,0,0,823.69,,1062.99
87693,45513040,0,0,0,376.79,,
87695,35511500,5,3,2,880.59,,1078.99
87696,35513500,4,0,4,1752.19,,
87697,35523500,2,0,2,1931.89,,
87699,TC861,19,9,10,8.59,,
87700,TC862,12,1,11,8.59,,
87701,TK860,8,7,1,20.64,,
87702,710010,0,0,0,26.15,,
87703,710020,0,0,0,22.41,,
87704,710030,0,0,0,26.15,,
87705,710040,0,0,0,24.67,,
87706,711000,0,0,0,37.36,,
87707,703041,0,0,0,24.46,,
87708,703042,0,0,0,27.49,,
87709,262245,7,5,2,3.84,,
87710,262255,10,6,4,4.06,,
87711,262265,11,5,6,4.64,,
87712,262275,7,4,3,5.20,,
87713,262285,11,6,5,5.78,,
87714,A2C59512947,0,0,0,11.69,18.81,
87715,262295,12,4,8,6.35,,
87716,262715,4,4,0,7.79,,
87717,262725,13,4,9,9.50,,
87718,262246,7,5,2,4.00,,
87719,262256,9,5,4,4.06,,
87720,262266,8,5,3,5.13,,
87721,262276,4,4,0,5.20,,
87722,262286,11,6,5,5.78,,
87723,262296,13,5,8,6.35,,
87724,262716,5,5,0,7.79,,
87725,262726,14,2,12,9.50,,
87728,242130,0,0,0,24.48,,
87729,242140,0,0,0,30.60,,
87730,242150,0,0,0,40.80,,
87731,242160,0,0,0,51.15,,
87732,242170,0,0,0,51.15,,
87735,242180,0,0,0,66.96,,
87737,SEA3000,2,2,0,182.94,,
87738,AIR129,0,0,0,480.43,,
87740,129OBI,0,0,0,764.14,,
87741,189OBI,1,0,1,766.26,,
87742,249OBI,0,0,0,831.61,,
87743,309OBI,0,0,0,860.06,,
87744,1212OBI,2,0,2,809.63,,
87745,1812OBI,0,0,0,831.61,,
87746,2412OBI,1,0,1,853.59,,
87747,3012OBI,0,0,0,881.22,,
87748,M80OBI,4,2,2,808.09,,
87749,M120OBI,0,0,0,848.67,,
87750,ST9OBI,4,2,2,855.27,,
87751,ST12OBI,2,1,1,1104.73,,
87752,ST16OBI,0,0,0,1176.32,,
87756,LHRF50ASSY,0,0,0,92.56,136.80,
87757,RF30,8,2,6,54.21,80.10,
87758,RF50,0,0,0,73.08,108.00,
87761,CM30253,0,0,0,292.31,432.00,
87762,CM30503,1,0,1,351.99,520.20,
87763,CM50254,0,0,0,589.49,871.20,
87764,CM50504,0,0,0,686.92,1015.20,
87767,RDPWL,3,3,0,37.76,55.80,
87768,RDPWP,4,4,0,37.76,55.80,
87770,USB-1,6,4,2,29.41,,
87780,B00034901,0,0,0,124.42,210.69,
87781,B00041601,0,0,0,102.21,173.07,
87782,B00041701,0,0,0,181.43,307.26,
87790,BOS12V4,0,0,0,305.37,,
87792,3000P-10,0,0,0,146.55,,
87793,3001P-10,0,0,0,156.18,,
87794,3002P-10,0,0,0,174.69,,
87795,3005P-10,0,0,0,139.31,,
87796,3006P-10,0,0,0,162.63,,
87797,3008P-10,0,0,0,184.31,,
87798,3009P-10,0,0,0,157.49,,
87799,3010P-10,0,0,0,159.03,,
87804,1001P-10,0,0,0,88.24,,
87805,1002P-10,0,0,0,91.36,,
87806,1003P-10,0,0,0,94.53,,
87815,V11-9990GRD80-2,0,0,0,641.50,,
87816,B60-20-9N,5,3,2,248.84,324.99,
87818,MSK-10A,0,0,0,39.66,57.30,
87819,NTX-1000-12,3,1,2,304.20,419.50,
87820,NTX-1500-12,5,2,3,371.25,512.10,
87821,NTX-2000-12,1,0,1,445.11,613.80,
87822,NTX-3000-12,2,2,0,621.82,857.60,
87823,NTX-RC,0,0,0,37.95,52.30,
87825,010-10962-10,0,0,0,47.99,,
87826,010-12825-00,0,0,0,39.99,,
87827,010-12825-02,0,0,0,79.99,,
87828,010-12941-01,0,0,0,15.99,,
87830,010-11828-40,0,0,0,27.99,,
87831,010-11864-00,0,0,0,27.99,,
87832,010-11925-00,0,0,0,31.99,,
87862,7152143,4,2,2,458.33,,
87864,323-421,2,2,0,11.08,,
87868,60-YP-MC-100-SV,4,0,4,755.69,925.00,
87869,60-YP-MC-100-J10,2,0,2,755.69,925.00,
87870,48-YSP-3GM-B,1,0,1,568.29,,
87876,GP1900-15,0,0,0,318.06,,
87877,RC108CAP12V,0,0,0,2102.94,2860.00,
87880,SKY012070000,3,2,1,615.28,,759.05
87881,SKY012070100,5,3,2,677.98,,836.40
87882,SKY024035000,2,0,2,615.28,,759.05
87883,SKY024035100,5,2,3,677.98,,836.40
87885,PP5920-03,0,0,0,414.53,,
87886,REC000300010R,5,3,2,106.11,,130.90
87887,ASS030543020,4,2,2,175.69,,216.75
87892,BPC122547106,12,4,8,140.03,,177.65
87893,010-12881-08,0,0,0,79.99,,
87894,010-12881-03,0,0,0,119.99,,
87895,010-12881-01,0,0,0,39.99,,
87907,GP1392,31,2,29,34.66,,
87916,SM-ACC-ACRE-120,3,2,1,56.61,,69.67
87923,A2K-KIT-3,0,0,0,266.68,,
87926,DDC,0,0,0,52.50,,
87932,DB1-20,0,0,0,112.07,,
87949,25011,1,0,1,36.99,,
87974,810074,23,11,12,14.86,55.97,
87975,890164,21,12,9,26.99,59.97,
87985,784-0110S,0,0,0,361.64,,
87988,708-0150,3,1,2,104.69,,
87989,818-2015,9,4,5,1118.50,,
87990,818-3015,10,8,2,1378.42,,
87991,820-4080-41,0,0,0,2357.20,,
88006,9600005997,16,10,6,212.72,,
88041,709-3024-01,0,0,0,114.14,,
88042,710-3024-01,6,2,4,224.12,,
88043,710-0010,1,1,0,57.07,,
88048,GS-500XL,0,0,0,3169.23,,
88050,A80691,4,2,2,166.66,,
88052,A80585,0,0,0,129.16,,
88053,A80630,0,0,0,132.09,,
88055,001-512-600-00,0,0,0,127.27,,
88064,APX21-BK/DK,19,10,9,59.09,94.66,
88078,683-060,1,1,0,25.00,,
88079,3000S-02,0,0,0,159.95,,
88080,FMS-1-0-DP,20,8,12,11.97,,
88082,683-050,2,2,0,23.04,,
88085,3001S-02,0,0,0,170.45,,
88086,3002S-02,0,0,0,190.65,,
88087,3005S-02,0,0,0,152.04,,
88088,3006S-02,0,0,0,177.50,,
88090,3008S-02,0,0,0,201.19,,
88092,3009S-02,0,0,0,171.89,,
88093,3010S-02,0,0,0,173.59,,
88094,2000S-02,0,0,0,109.16,,
88095,2001S-02,0,0,0,118.46,,
88096,2002S-02,0,0,0,146.34,,
88099,RLFP122202A,36,24,12,85.16,,
88101,1000S-02,1,1,0,34.99,,
88102,R3526144D,172,103,69,84.12,,
88103,1001S-02,0,0,0,101.96,,
88104,R3526344D,8,4,4,84.12,,
88106,1002S-02,0,0,0,105.61,,
88108,Q301V-117S-3A,34,19,15,142.02,,
88109,1003S-02,0,0,0,109.26,,
88110,1004S-02,0,0,0,120.20,,
88111,SSRS#2VP,0,0,0,7.94,,
88112,Q401V-117S-3A,8,3,5,203.09,,
88115,9000S-02,0,0,0,131.13,,
88116,Q402V-117S-3A,9,1,8,234.33,,
88117,9001S-02,2,2,0,39.99,,
88118,9002S-02,2,2,0,54.99,,
88119,9003S-02,0,0,0,152.98,,
88122,9004S-02,1,1,0,44.99,,
88124,9005S-02,1,1,0,44.99,,
88130,BSHBTSS#6,1,1,0,7.28,,
88143,385311997,0,0,0,41.07,,
88184,3100205-M,18,3,15,108.60,,
88185,APT-150-02,6,3,3,306.56,,
88192,39615-80327,5,0,5,130.63,174.99,
88193,385320005,4,2,2,27.99,,
88194,301097606,0,0,0,96.41,,
88195,385311462,0,0,0,48.39,,
88196,385316906,3,1,2,49.85,,
88201,010-12982-02,0,0,0,111.99,,
88202,010-12982-05,0,0,0,19.99,,
88203,385310018,2,2,0,29.32,,
88204,385310239,0,0,0,36.65,,
88205,DST800PV-N2,0,0,0,283.02,370.00,
88206,RESP7,4,4,0,71.35,,
88207,RLWRS,1,1,0,8.87,,
88208,RLWRM,5,5,0,9.33,,
88209,RLWRL,3,3,0,9.59,,
88210,SRHO9,4,4,0,14.77,,
88211,RFMT,4,4,0,20.86,,
88214,010-13007-00,0,0,0,224.99,,
88219,2000037883,2,2,0,92.94,,
88220,2000038018,0,0,0,140.33,,
88223,SCM-SLF-GW-WH,0,0,0,125.00,,172.00
88224,SCM-SLF-WBR-WH,3,2,1,138.41,,189.00
88225,SCM-SLF-CC-WH,3,0,3,147.76,,199.00
88226,SCM-SLF-CC-BK,2,0,2,142.00,,199.00
88227,SCM-SLB-GW-WH,0,0,0,135.00,,194.00
88228,SCM-SLB-WBR-WH,1,1,0,148.28,,208.00
88229,SCM-SLB-CC-WH,3,1,2,157.62,,218.00
88230,SCM-SLB-CC-BK,0,0,0,157.62,,218.00
88231,SCM-AL-TRACK-1M,23,23,0,3.20,,4.00
88232,88613-1,0,0,0,37.64,,
88233,88645-1,3,2,1,79.16,,
88234,88645,0,0,0,12.61,,
88235,88646,0,0,0,22.94,,
88236,88646-1,3,2,1,131.93,,
88237,88647,0,0,0,34.41,,
88238,88647-1,0,0,0,157.17,,
88239,88610-1,0,0,0,52.77,,
88240,PCH012030001,5,3,2,377.57,,465.80
88241,MA112,1,1,0,179.99,,
88242,901801,0,0,0,506.50,848.99,
88243,901802,0,0,0,530.36,888.99,
88245,46599,0,0,0,76.36,120.99,
88246,20925000A,114,59,55,9.58,,
88247,SCM-MFD-LC-KIT,0,0,0,532.43,,649.00
88248,IN6707.HL,22,2,20,73.11,,
88249,2707.2M,13,3,10,85.30,128.95,
88252,SCM-DLX-CC-WH,4,0,4,83.26,,116.00
88253,SCM-DLX-CC-BK,2,0,2,80.49,,116.00
88255,SCM-DLX-WBR-WH,4,2,2,79.00,,109.00
88256,SCM-DLX-GW-WH,2,0,2,71.20,,98.00
88257,SCM-SWITCH-O/O/M,6,2,4,19.80,,28.99
88258,4758-172-A80,0,0,0,343.18,,
88309,IF-KS-650-25-BLK,1,0,1,4.99,,
88338,IF-RS-800-100-BLK,2,0,2,19.99,,
88340,ORI241270020,12,10,2,95.77,,118.15
88342,954000,3,1,2,70.75,,
88343,954200,6,3,3,88.87,,
88344,954400,4,2,2,90.49,,
88345,131822000,4,2,2,57.84,,
88348,IF-KS-800-50-WHT,1,0,1,19.99,,
88351,IF-KS-800-25-BLK,2,0,2,14.99,,
88353,IF-KS-800-75-BLK,2,0,2,19.99,,
88431,7TX-01-F010,0,0,0,262.32,,
88432,7GX-03-F010,6,3,3,171.64,,
88433,GP1040-17,0,0,0,334.53,,
88440,E70531-00-102,0,0,0,434.83,,
88441,E70532-00-102,4,4,0,519.99,,
88442,E70532-05-102,4,4,0,599.99,,
88456,FS-FR7022-700-50-BLK,1,1,0,9.99,,
88473,"FS- FR6022-600-75-BLK",1,0,1,9.99,,
88475,M5-7A-4361-8,0,0,0,116.55,,
88476,M5-7A-6362-8,0,0,0,138.51,,
88483,BPC121545102,12,10,2,99.83,,126.65
88484,BPC121546102,11,2,9,115.24,,146.20
88485,BPC122045102,14,6,8,119.93,,152.15
88486,BPC122046102,22,11,11,134.67,,170.85
88487,BPC123047102,5,2,3,144.05,,182.75
88489,ORI303050000,9,5,4,545.69,,673.20
88491,BAW4010,0,0,0,26.78,,
88493,001-588-890-00,0,0,0,54.55,,
88502,MC-612-DUAL-H,0,0,0,322.96,396.00,
88506,SCC010020060,7,3,4,59.25,,73.10
88507,MMC-9N-L,0,0,0,105.08,135.00,
88519,100-330-843-10,3,2,1,26.36,,
88589,SSM-21A,0,0,0,53.33,,
88596,S00-01195-10,0,0,0,4.24,,
88605,46700,0,0,0,83.52,129.99,
88606,46701,0,0,0,89.49,134.99,
88607,46702,0,0,0,104.40,149.99,
88608,150PHW,16,6,10,9.76,,
88609,GP2170-16,0,0,0,385.44,,
88638,DB3901,0,0,0,268.33,,
88639,KF5000WH,0,0,0,111.54,,
88641,WS2-C10,0,0,0,150.98,188.00,
88642,WS2-C30,0,0,0,236.25,288.00,
88653,101684,9,3,6,145.54,,228.69
88667,PCK-175,12,12,0,85.63,,
88668,PCK-250,24,13,11,122.59,,
88669,PCK-625,22,16,6,169.64,,
88670,PCK-1250,23,6,17,253.01,,
88682,602014-1,4,0,4,194.81,,299.99
88686,2304A,22,16,6,184.14,,
88698,APT-F-150-02,2,2,0,306.56,,
88699,B175HW/12,0,0,0,1244.44,,
88702,150800-200-050-20,0,0,0,64.73,,
88723,A2C3931270001,3,2,1,462.86,745.02,
88733,1232,0,0,0,269.33,,
88737,LLB-63RB-E0-K1,5,2,3,115.24,,
88738,LLB-63BB-F0-K2,6,4,2,115.24,,
88740,AIR-040-406-10,0,0,0,136.36,,
88754,83224100,0,0,0,159.49,,
88755,83220100,0,0,0,153.95,,
88756,83216100,0,0,0,142.11,,
88765,HSB380,2,0,2,140.05,,
88766,2631,3,0,3,139.16,209.95,
88770,01-0432-01,2,0,2,7499.99,,
88771,000-15687-001,0,0,0,146.41,,
88782,88530-00,3,0,3,11.24,,
88783,621-VUP-MC-120-K6,2,0,2,819.08,1003.00,
88784,48-WSP-18,0,0,0,361.23,,
88785,150PHB,11,8,3,9.76,,
88786,550416,9,4,5,329.40,,
88789,60031,5,2,3,16.61,20.18,
88790,60030,6,3,3,16.61,20.18,
88791,770065,20,10,10,9.67,,
88792,770066,23,10,13,11.95,,
88795,88922-1,0,0,0,259.50,322.99,
88809,36200-0000,17,3,14,22.27,,
88810,18911-7020,12,6,6,60.19,,
88811,18911-1030,11,6,5,25.73,,
88812,48-FSP-100,2,0,2,705.61,,
88816,IS2412,0,0,0,291.71,,
88818,171202,0,0,0,975.61,,
88819,779-LB-2-B5,35,19,16,22.02,,
88821,9608,0,0,0,85.42,,
88823,3124,14,9,5,3.90,,
88825,41189,0,0,0,12.78,,
88828,600-804,0,0,0,4.94,,
88830,RF55171,0,0,0,42.00,64.26,
88831,600-864,0,0,0,6.18,,
88832,600-861,0,0,0,7.26,,
88833,600-862,0,0,0,7.26,,
88834,600-860,0,0,0,6.18,,
88835,600-859,0,0,0,3.94,,
88838,600-823,0,0,0,6.48,,
88839,600-844,0,0,0,13.18,,
88840,600-844-LED,0,0,0,10.44,,
88841,600-845,0,0,0,17.70,,
88842,600-846,0,0,0,13.18,,
88843,992-MW-S,25,10,15,351.34,,
88844,MTCP1212LPJ,0,0,0,1136.53,,
88862,T10-3000-9,5,3,2,291.90,,
88868,01-0380-06,0,0,0,838.53,,
88870,APT-F-250-02,6,4,2,320.63,,
88871,150800-200-060-20,0,0,0,64.73,,
88873,PM275C-LHW-MM,0,0,0,1715.60,2264.00,
88883,10-963,0,0,0,32.91,,
88884,10-957,0,0,0,27.79,,
88886,SKI024100002,5,3,2,1323.57,,1632.85
88887,240603,0,0,0,640.14,1072.99,
88888,DT812PV-235-N2,2,1,1,303.11,399.00,
88891,3274,7,3,4,30.14,36.95,
88894,600-844-B-LED,0,0,0,10.46,,
88895,600-845-LED,0,0,0,11.16,,
88897,600-846-LED,0,0,0,10.44,,
88900,RF55210,0,0,0,68.49,104.80,
88911,TZ3-190-BKT,0,0,0,273.64,,
88913,100-430-901-10,0,0,0,78.18,,
88914,S-0918LED,0,0,0,99.80,,
88926,UPMD,0,0,0,1783.96,,
88933,V11-2423BKA50-1,4,1,3,307.73,,
88938,010-13126-00,124,4,120,14.99,,
88939,010-13127-00,64,26,38,14.99,,
88941,010-13129-00,96,69,27,14.99,,
88942,010-13130-00,154,130,24,18.75,,
88943,010-13131-00,142,80,62,18.75,,
88944,010-13132-00,57,35,22,18.75,,
88946,010-12953-00,0,0,0,15.99,,
88947,010-12953-02,0,0,0,19.99,,
88949,301096202,0,0,0,72.49,,
88950,301096206,0,0,0,72.49,,
88951,301096602,0,0,0,101.49,,
88952,301096606,0,0,0,101.49,,
88954,2989,1,1,0,37.57,,
88956,ORI241220260,36,22,14,46.85,,57.80
88957,V12-0307CP80,4,2,2,170.10,,
88959,RAERTR-C,3,3,0,13.02,,
88960,MTH2,11,11,0,16.53,,
88961,MTH3,7,7,0,21.86,,
88962,MTHK-2,7,7,0,38.38,,
88964,300417,0,0,0,419.40,702.99,
88965,300418,0,0,0,21.87,32.99,
88966,300419,0,0,0,21.87,32.99,
88967,300420,0,0,0,11.87,19.99,
88969,300422,0,0,0,53.75,81.99,
88970,300427,0,0,0,10.00,14.99,
88971,300428,0,0,0,38.75,59.99,
88972,300429,0,0,0,54.37,79.99,
88973,GP1800-14,0,0,0,312.72,,
88979,VL-45-E1YN,0,0,0,12105.88,,
88980,T72FC,0,0,0,118.81,,
88984,M20-1013A,4,1,3,381.88,,
88988,621-VUP-MC-100-SV,0,0,0,755.69,925.00,
88991,118010,0,0,0,701.10,,
88992,1180-FT,44,44,0,9.53,,
88993,118005,4,0,4,349.20,,
88996,E-4209-20,0,0,0,113.75,,
88998,HE-H10LED,0,0,0,85.62,156.99,
89004,300414,0,0,0,292.33,489.99,
89005,300415,0,0,0,474.28,794.99,
89008,300425,0,0,0,12.46,19.99,
89012,TEU001B,0,0,0,444.94,,
89013,TEU001S,0,0,0,404.49,,
89023,4700CR,1,1,0,158.29,,
89024,4721CR,0,0,0,13.24,,
89025,4731CR,2,2,0,22.06,,
89026,101699,8,4,4,229.99,,
89038,AXRC21-BK/DK,1,1,0,47.46,65.99,
89044,60020,5,2,3,14.73,17.91,
89045,60021,7,3,4,24.54,30.00,
89046,60040,7,4,3,73.66,89.31,
89059,818440,13,6,7,28.77,,
89060,238613L1,5,5,0,33.42,,
89081,201-011-15M,0,0,0,780.39,,877.93
89084,301-001-B-6M,2,0,2,353.97,,398.21
89085,2021026399,0,0,0,1432.51,1769.00,
89086,2021026400,1,0,1,1050.00,,
89087,2021026251,0,0,0,1432.51,1769.00,
89088,2021026252,0,0,0,1432.51,1769.00,
89089,2021026253,2,0,2,999.00,,
89090,2021026254,0,0,0,1432.51,1769.00,
89091,2021026255,0,0,0,1432.51,,
89092,2021026256,0,0,0,1432.51,1769.00,
89093,2021026257,1,0,1,1050.00,,
89094,2021026258,1,0,1,999.00,,
89095,301-002-B-6M,0,0,0,353.97,,398.21
89096,2021026259,2,0,2,1176.94,,
89097,2021026260,0,0,0,1432.51,1769.00,
89098,2021026261,2,0,2,999.00,,
89099,2021026262,2,0,2,999.00,,
89100,2021026263,0,0,0,1432.51,1769.00,
89101,2021026264,0,0,0,1432.51,1769.00,
89102,301-006-6M,0,0,0,446.59,,502.42
89103,301-006-B-6M,0,0,0,446.59,,502.42
89104,301-006DLX,0,0,0,850.73,,957.07
89105,201-011ST,0,0,0,1025.57,,1153.76
89106,201-011ST-B,0,0,0,1025.57,,1153.76
89118,200-016G2,4,3,1,313.21,,352.36
89119,200-016G2-B,0,0,0,313.21,,352.36
89120,200-016G2ST,0,0,0,618.59,,695.92
89121,200-016G2ST-B,0,0,0,618.59,,695.92
89122,200-018G2,4,4,0,313.21,,352.36
89123,200-018G2-B,0,0,0,313.21,,352.36
89124,200-018G2ST,0,0,0,618.59,,695.92
89125,200-018G2ST-B,0,0,0,618.59,,695.92
89126,200-024G2,4,2,2,313.21,,352.36
89127,200-024G2-B,0,0,0,313.21,,352.36
89128,200-024G2ST,0,0,0,618.59,,695.92
89129,200-024G2ST-B,0,0,0,618.59,,695.92
89130,301-011KL,2,2,0,1369.85,,1541.07
89131,301-011,0,0,0,1369.85,,1541.08
89132,301-011-B,0,0,0,1369.85,,1541.08
89133,301-011DLX-15M,0,0,0,1890.69,,2127.03
89134,301-011DLX-B-15M,0,0,0,1890.69,,2127.03
89135,301-011ST,0,0,0,2056.69,,2313.77
89136,301-011ST-B,0,0,0,2056.69,,2313.77
89147,SC80,0,0,0,1023.75,,
89148,G-3110C,3,3,0,12.83,,
89149,G-8010C,2,0,2,12.83,,
89161,90404,16,16,0,26.66,,
89166,E-4209-30,0,0,0,156.25,,
89167,ORI242440120,7,5,2,197.74,,243.95
89176,BFGRLITH,0,0,0,153.49,,
89177,58295,0,0,0,49.23,,
89183,62-070-BW,4,0,4,70.66,,
89187,172012,0,0,0,1116.67,,
89188,959950111,6,6,0,143.19,,
89197,010-02407-00,4,1,3,824.99,,
89198,010-11082-10,0,0,0,48.75,,
89202,60018,0,0,0,689.39,,
89203,60039,0,0,0,397.98,,
89204,60040,0,0,0,300.43,,
89205,60041,0,0,0,349.46,,
89206,60044,0,0,0,355.21,,
89207,60045,0,0,0,489.21,,
89208,60048,0,0,0,487.48,,
89209,WT60051,0,0,0,1147.24,,
89210,WT60052,0,0,0,896.20,,
89211,WT60053,0,0,0,302.43,,
89212,60054,0,0,0,243.74,,
89213,60058,0,0,0,697.19,,
89214,WT60063,0,0,0,1398.66,,
89215,WT60064,0,0,0,1220.11,,
89216,60065,0,0,0,714.99,,
89217,WT60070,0,0,0,1122.16,,
89218,WT60071,0,0,0,564.56,,
89219,WT60072,0,0,0,183.03,,
89220,WT60073,0,0,0,413.30,,
89221,WT60074,0,0,0,127.29,,
89222,60075,0,0,0,5556.81,,
89223,60088,0,0,0,347.48,,
89224,60089,0,0,0,755.93,,
89225,60090,0,0,0,462.86,,
89226,60092,0,0,0,185.33,,
89227,MGV520B,10,4,6,209.67,329.99,
89229,90403,11,11,0,15.58,,
89231,90511,5,5,0,44.96,,
89232,91001,10,6,4,48.00,,
89234,60094,0,0,0,1571.13,,
89235,60097,0,0,0,1058.08,,
89236,60400,15,10,5,7.92,,
89237,60401,9,4,5,9.03,,
89238,60402,12,4,8,11.68,,
89239,60404,6,4,2,15.38,,
89240,60406,10,7,3,20.68,,
89241,61040,0,0,0,416.98,,
89242,61041,0,0,0,416.98,,
89243,61042,0,0,0,416.98,,
89244,61043,0,0,0,416.98,,
89245,61044,0,0,0,398.00,,
89246,61050,0,0,0,530.69,,
89247,61051,0,0,0,531.40,,
89248,61052,0,0,0,531.40,,
89249,61053,0,0,0,531.40,,
89250,61054,0,0,0,532.78,,
89251,RC121012VEDC,0,0,0,3134.71,4263.20,
89254,62318,0,0,0,13.53,,
89255,63034,0,0,0,688.48,,
89256,63037,0,0,0,920.54,,
89257,63056,0,0,0,751.74,,
89258,63057,0,0,0,683.33,,
89259,63058,0,0,0,314.83,,
89260,63059,0,0,0,256.56,,
89261,63060,0,0,0,990.54,,
89262,63061,0,0,0,581.80,,
89263,WT63070,0,0,0,639.95,,
89264,WT63071,0,0,0,554.75,,
89265,63075,0,0,0,371.15,,
89266,WT63100,0,0,0,123.16,,
89267,WT63102,0,0,0,74.84,,
89268,WT63104,0,0,0,393.51,,
89269,WT63106,0,0,0,224.36,,
89270,WT63108,0,0,0,141.68,,
89271,63109,0,0,0,355.45,,
89272,63110,0,0,0,211.36,,
89273,63111,0,0,0,23.81,,
89274,63112,0,0,0,29.73,,
89275,63201,0,0,0,70.85,,
89276,63202,0,0,0,48.54,,
89277,63203,0,0,0,33.21,,
89278,63204,0,0,0,49.55,,
89279,63205,0,0,0,68.24,,
89280,63206,0,0,0,129.31,,
89281,63207,0,0,0,46.11,,
89282,63404,0,0,0,30.06,,
89283,63405,0,0,0,35.14,,
89284,63406,0,0,0,72.54,,
89285,63515,0,0,0,1115.90,,
89286,63516,0,0,0,921.18,,
89287,63518,0,0,0,591.20,,
89288,60455-TO,0,0,0,172.75,,
89289,60456-TO,0,0,0,243.43,,
89290,60457-TO,0,0,0,347.63,,
89291,TK-71000,0,0,0,11.27,,
89292,TK-81000,0,0,0,7.70,,
89293,TK-91000,0,0,0,7.70,,
89296,87240,1,1,0,134.84,,
89297,87241,0,0,0,136.09,,
89298,87242,0,0,0,134.84,,
89299,87243,0,0,0,134.84,,
89300,87271,0,0,0,144.53,,
89301,97240,0,0,0,144.65,,
89302,2141,5,2,3,189.35,284.95,
89303,97241,0,0,0,144.74,,
89304,97242,0,0,0,144.80,,
89305,97243,0,0,0,144.79,,
89307,97271,0,0,0,149.59,,
89308,6502001030,0,0,0,27.22,,
89314,100R,9,6,3,7.32,,
89323,GM-ME300X1C,4,4,0,139.99,,
89361,996276471,3,0,3,131.85,,
89379,7555-3,10,3,7,11.58,,
89380,193415,13,8,5,1.95,,
89404,010-12827-02,0,0,0,59.99,,
89411,385311520,4,2,2,40.32,,
89412,385311521,4,2,2,40.32,,
89417,GP1200-20,1,1,0,363.62,,
89420,000-197-069-10,0,0,0,91.82,,
89422,9636,2,2,0,56.82,,
89424,A2K-SCREWCAP-10-F,1,1,0,28.64,,
89427,DCCIG09,7,6,1,13.45,,
89429,MC-618-VL-01,3,0,3,437.09,535.00,
89430,CS2579402,4,2,2,28.56,,
89433,321913,12,7,5,8.55,18.99,
89434,321933,5,1,4,8.75,18.99,
89436,SP-4000-ADJ-RB,10,4,6,47.43,,
89451,88447,0,0,0,72.88,,
89452,AK3714,7,3,4,44.57,,
89453,BP185G15,0,0,0,201.88,258.40,
89455,77040600,7,3,4,35.26,,
89456,S-0213,0,0,0,11.00,,
89457,010-02667-00,3,2,1,314.99,,
89458,MC-618,0,0,0,252.05,309.00,
89460,SBR-41LI,24,4,20,36.00,,
89468,76-0201,3,0,3,10.99,,
89471,V-BATT-TML,0,0,0,26.10,39.99,
89474,049300499D,4,3,1,49.69,,
89475,049300599D,2,1,1,57.89,,
89476,049300799D,0,0,0,82.72,,
89477,049300899D,4,2,2,110.15,,
89478,049300999D,3,3,0,143.18,,
89479,049301099D,4,3,1,158.61,,
89484,VBTPN,0,0,0,29.84,42.99,
89486,31-6257-00,0,0,0,13.89,,
89487,VFDB2,0,0,0,27.14,38.99,
89488,VFDB4,1,1,0,35.07,49.99,
89489,VPNB2,0,0,0,25.39,35.99,
89490,VPNB4,0,0,0,43.76,61.99,
89491,VDB2,2,2,0,24.57,34.99,
89492,VDB4,0,0,0,25.39,35.99,
89509,01-0380-05,6,2,4,978.88,,
89520,71082,4,1,3,218.16,,
89523,15001C,0,0,0,65.80,,
89524,15002C,0,0,0,60.74,,
89526,15003C,0,0,0,59.47,,
89528,15004C,0,0,0,58.97,,
89529,"HYCO 1.1",2,0,2,750.08,,
89530,15005C,0,0,0,59.47,,
89531,15006C,0,0,0,55.90,,
89532,15007C,0,0,0,49.01,,
89533,15008,0,0,0,48.73,,
89534,15009,0,0,0,46.81,,
89535,15012,0,0,0,60.74,,
89542,15013,0,0,0,37.97,,
89543,15017C,0,0,0,60.74,,
89544,15021C,0,0,0,72.11,,
89545,15022C,0,0,0,65.80,,
89546,"HYTECH 1.1",2,0,2,764.19,,
89547,15023C,0,0,0,60.74,,
89548,15025,0,0,0,117.67,,
89549,15103C,0,0,0,82.41,,
89550,"PROTECH 1.1",4,2,2,1040.04,,
89556,15109C,0,0,0,49.36,,
89557,"PROTECH 2.1",4,2,2,1040.04,,
89559,15144,0,0,0,260.63,,
89560,15146,0,0,0,273.37,,
89561,15147,4,2,2,179.03,,
89562,15411,0,0,0,41.03,,
89563,15412,0,0,0,64.84,,
89564,ALLOY-X,0,0,0,39.39,62.99,
89565,V12-CBF200,0,0,0,48.56,68.99,
89566,V12-CBF100,0,0,0,48.56,68.99,
89567,V12-CBF180,0,0,0,48.56,68.99,
89568,V12-CBF140,0,0,0,48.56,68.99,
89569,V8-ANL80,0,0,0,5.17,7.99,
89570,V8-ANL100,0,0,0,5.17,7.99,
89571,V8-ANL150,3,1,2,5.17,7.99,
89572,V8-ANL200,1,0,1,5.17,7.99,
89573,V8-ANL250,0,0,0,5.17,7.99,
89574,V8-ANL300,0,0,0,5.64,8.99,
89575,VANL,0,0,0,22.03,31.99,
89576,VMANL,3,3,0,10.19,14.99,
89577,VAGU,0,0,0,10.19,14.99,
89578,VANL1,0,0,0,23.06,32.99,
89579,VMANL1,0,0,0,19.79,27.99,
89580,VDMANL,0,0,0,28.73,40.99,
89581,VR04,0,0,0,13.16,18.99,
89582,VR48,0,0,0,14.77,20.99,
89583,V8-AGU40,1,0,1,6.42,8.99,
89584,V8-AGU60,0,0,0,6.42,8.99,
89585,V8-AGU50,0,0,0,5.96,8.99,
89586,V10-2041,0,0,0,184.69,279.99,
89588,V10-D104K,0,0,0,131.00,198.99,
89590,12001C,0,0,0,65.80,,
89591,12002C,0,0,0,60.74,,
89592,12003C,0,0,0,59.47,,
89593,12004C,0,0,0,59.47,,
89596,12007C,0,0,0,49.73,,
89597,12008,0,0,0,48.89,,
89600,12013,0,0,0,37.97,,
89602,12025,0,0,0,117.67,,
89603,12103C,0,0,0,83.01,,
89609,12144,0,0,0,260.63,,
89610,12147,0,0,0,179.03,,
89611,RS11,0,0,0,352.94,,
89612,SCC125070221,0,0,0,387.91,,478.55
89634,14001C,0,0,0,79.71,,
89635,14002C,0,0,0,78.14,,
89636,14003C,0,0,0,73.40,,
89637,15843,180,95,85,4.83,,
89638,14004C,0,0,0,59.47,,
89639,14006C,0,0,0,50.31,,
89640,14007C,0,0,0,49.10,,
89641,14008,0,0,0,54.43,,
89642,14009,0,0,0,46.81,,
89643,14013,0,0,0,37.97,,
89647,14106C,0,0,0,61.46,,
89648,14107C,0,0,0,58.96,,
89649,14144,0,0,0,305.80,,
89650,14147,0,0,0,208.91,,
89653,24451,7,5,2,4.83,,
89654,19030,0,0,0,139.84,,
89656,PS1AUTO,0,0,0,221.83,,
89657,PS2AUTO,4,2,2,340.98,,
89658,PS3AUTO,0,0,0,494.39,,
89659,PS4AUTO,1,0,1,640.12,,
89662,28104C,0,0,0,78.19,,
89664,28105C,0,0,0,78.11,,
89666,28106C,0,0,0,63.09,,
89668,28107C,0,0,0,70.73,,
89669,V8-MANL30,3,1,2,3.54,4.99,
89670,V8-MANL40,1,1,0,3.54,4.99,
89671,V8-MANL60,0,0,0,3.21,4.99,
89672,V8-MANL80,0,0,0,3.54,4.99,
89673,V8-MANL100,0,0,0,3.54,4.99,
89674,V8-MANL125,0,0,0,3.54,4.99,
89675,SS1AUTO,4,2,2,172.39,,
89676,V8-MANL150,0,0,0,3.54,4.99,
89677,SS2AUTO,0,0,0,284.88,,
89678,SS3AUTO,3,0,3,416.95,,
89679,SS4AUTO,2,0,2,554.02,,
89708,V10R1-5,0,0,0,13.58,21.99,
89711,V10R3,2,0,2,14.15,22.99,
89712,V10R6,4,0,4,14.71,23.99,
89713,V10R10,0,0,0,15.69,24.99,
89714,V10R14,0,0,0,16.77,26.99,
89715,V10R17,0,0,0,18.15,28.99,
89716,V10R20,0,0,0,18.82,29.99,
89717,V10RY1,0,0,0,11.67,18.99,
89718,V10RY2,0,0,0,11.67,18.99,
89719,V10R174,0,0,0,31.47,49.99,
89720,V10R176,0,0,0,50.41,79.99,
89721,V10R3V,0,0,0,12.49,19.99,
89722,V10R9V,0,0,0,15.86,24.99,
89723,V10R20V,0,0,0,21.40,33.99,
89725,AS1562,20,4,16,17.96,,
89727,100-397-071-10,0,0,0,60.00,,
89729,"SWM-30 KIT",0,0,0,173.63,,
89740,10104,5,2,3,162.15,,
89742,30101,4,3,1,52.07,,
89743,30102,0,0,0,52.17,,
89746,41218,0,0,0,54.26,,
89747,41220,0,0,0,54.47,,
89748,41224,0,0,0,54.20,,
89750,41262,0,0,0,53.97,,
89752,20001,0,0,0,558.81,,
89757,SLC-11,7,6,1,277.31,357.00,
89759,ORI122421226,16,6,10,288.00,,355.30
89760,F38-6000-G,178,27,151,25.41,,
89761,F38-6000-R,83,19,64,25.41,,
89763,9108821279,3,2,1,2114.07,,
89764,9108844174,3,2,1,1864.84,,
89765,9108850337,1,1,0,2002.96,,
89766,9108732762,2,1,1,1804.78,,
89768,9108732759,4,2,2,1942.91,,
89769,9108732755,4,3,1,2054.01,,
89770,B4-I3SWM30,0,0,0,2778.00,,
89771,B4-I4SWM30,0,0,0,3511.33,,
89772,B4-I5SWM30,0,0,0,3978.00,,
89773,B4-I6SWM30,0,0,0,5044.67,,
89774,241287812,3,1,2,11.34,,
89785,010-12021-00,0,0,0,11.24,,
89786,9610001102,1,1,0,37.20,,
89787,9610001103,3,2,1,52.51,,
89788,9610001104,2,1,1,56.16,,
89790,9108549661,0,0,0,120.34,,
89791,9108732761,0,0,0,960.23,,
89792,9108732760,0,0,0,1065.68,,
89793,9108732758,0,0,0,1078.74,,
89794,9108549923,0,0,0,149.96,,
89795,9108750550,0,0,0,156.35,,
89796,9108549909,0,0,0,187.19,,
89797,9108549910,0,0,0,129.33,,
89798,9108549911,0,0,0,88.49,,
89799,9108549912,0,0,0,98.71,,
89800,9108549913,0,0,0,105.51,,
89801,1300715,15,10,5,46.63,,
89803,XRMAG15BNK,0,0,0,17.41,,
89804,XRMAG15BSRD,2,2,0,17.41,,
89805,XRMAG15BTO,1,1,0,17.41,,
89806,XRMAG15D,0,0,0,17.41,,
89808,XRMAG15GGH,2,2,0,17.41,,
89809,XRMAG15GGM,0,0,0,17.41,,
89810,XRMAG15HH,3,3,0,17.41,,
89811,XRMAG15HPU,3,3,0,17.41,,
89813,XRMAG15PM,3,3,0,17.41,,
89814,XRMAG15RH,3,3,0,17.41,,
89815,XRMAG15RHU,0,0,0,17.41,,
89816,XRMAG15S,0,0,0,17.41,,
89817,XRMAG15SBM,0,0,0,17.41,,
89818,XRMAG15SFU,0,0,0,17.41,,
89819,XRMAG15SPM,2,2,0,17.41,,
89820,XRMAG15WHU,0,0,0,17.41,,
89824,GP1600-19,0,0,0,341.81,,
89825,385880068,0,0,0,395.34,,
89826,BFGVLITH,0,0,0,153.49,,
89827,BFGHLITH,0,0,0,153.49,,
89828,BFGDUALCOMBO,0,0,0,190.50,,
89829,BFGDUALLITH,0,0,0,257.57,,
89830,XRMAG20BNK,0,0,0,18.68,,
89831,XRMAG20BSRD,1,1,0,18.68,,
89832,XRMAG20BTO,0,0,0,18.68,,
89833,XRMAG20D,2,2,0,18.68,,
89834,XRMAG20FT,0,0,0,18.68,,
89835,XRMAG20GGH,3,3,0,18.68,,
89836,XRMAG20GGM,0,0,0,18.68,,
89837,XRMAG20HH,3,3,0,18.68,,
89838,XRMAG20HPU,1,1,0,18.68,,
89840,XRMAG20LLU,0,0,0,18.68,,
89841,XRMAG20PM,0,0,0,18.68,,
89842,XRMAG20RH,0,0,0,18.68,,
89843,XRMAG20RHU,0,0,0,18.68,,
89844,XRMAG20S,3,3,0,18.68,,
89845,XRMAG20SBM,0,0,0,18.68,,
89846,XRMAG20SFU,0,0,0,18.68,,
89847,XRMAG20SPM,0,0,0,18.68,,
89848,XRMAG20WHU,0,0,0,18.68,,
89849,XRMAG20YFT,0,0,0,18.68,,
89851,XRMAG30BNK,1,1,0,20.74,,
89852,XRMAG30BSRD,0,0,0,20.74,,
89853,XRMAG30BTO,0,0,0,20.74,,
89854,XRMAG30D,0,0,0,20.74,,
89855,XRMAG30FT,0,0,0,20.74,,
89856,XRMAG30GGH,0,0,0,20.74,,
89857,XRMAG30GGM,1,1,0,20.74,,
89858,XRMAG30HH,3,3,0,20.74,,
89859,XRMAG30HPU,0,0,0,20.74,,
89861,XRMAG30LLU,0,0,0,20.74,,
89862,XRMAG30PM,2,2,0,20.74,,
89863,XRMAG30RH,0,0,0,20.74,,
89864,XRMAG30RHU,0,0,0,20.74,,
89865,XRMAG30S,0,0,0,20.74,,
89866,XRMAG30SBM,1,1,0,20.74,,
89867,XRMAG30SFC,0,0,0,20.74,,
89868,XRMAG30SFU,0,0,0,20.74,,
89869,XRMAG30SPM,0,0,0,20.74,,
89870,XRMAG30WHU,0,0,0,20.74,,
89871,XRMAG30YFT,1,1,0,20.74,,
89873,2000032007,15,7,8,36.45,53.99,
89874,2000023362,0,0,0,127.72,,
89877,P13157-200TEBCL,5,2,3,255.57,,
89878,P13157-200TEBBK,4,3,1,255.57,,
89879,P13157-200TEBGR,3,1,2,255.57,,
89881,50061,3,2,1,321.36,,
89882,59002,0,0,0,42.79,,
89893,0140-1030,1,1,0,15.99,,
89895,0140-1008,3,3,0,12.99,,
89897,0140-1012,8,1,7,12.99,,
89898,0140-1243,2,2,0,13.99,,
89899,0140-1016,2,0,2,19.99,,
89904,0140-0030,10,5,5,14.99,,
89905,0140-0010,5,2,3,5.99,,
89906,0140-1004,10,0,10,7.99,,
89911,TPA369,0,0,0,146.78,,
89912,P102996,0,0,0,209.67,,
89915,DFW4X-4,0,0,0,54.00,,
89922,BPP920140100,5,3,2,79.92,,98.60
89923,"A-5 BLACK",1,0,1,197.44,,
89924,10-758,0,0,0,57.79,,
89930,020-00200-23,0,0,0,412.49,,
89933,UC128TS-1,2,2,0,614.82,,
89939,"I21VSD 230V",1,1,0,3780.52,,
89940,411720-1,38,38,0,364.09,,
89941,411730-1,40,40,0,437.82,,
89942,411740-1,15,15,0,520.42,,
89943,411750-1,28,28,0,829.87,,
89944,411760-1,20,20,0,806.13,,
89947,740206-1,13,13,0,204.55,,
89948,740202-1,4,4,0,318.20,,
89949,770032-1,0,0,0,113.64,,
89950,770033-1,0,0,0,227.28,,
89951,740204-1,10,10,0,330.00,,
89952,740205-1,8,8,0,338.94,,
89953,700066-1,15,15,0,1099.99,,
89956,FNTCD2022000A00,0,0,0,267.05,,
89957,96634,23,16,7,10.15,13.59,
89964,550105,0,0,0,171.28,,
89968,5289,10,7,3,19.90,,
89986,"PWR 12V",0,0,0,2423.08,,
89987,"PWR 24V",0,0,0,2433.33,,
89988,"G-3A 12V",0,0,0,682.22,,
89989,"G-3A 24V",0,0,0,693.33,,
89990,"G-6A 12V",0,0,0,740.56,,
89991,"G-6A 24V",0,0,0,751.67,,
89992,"G-4A 12V",0,0,0,708.33,,
89993,"G-4A 24V",0,0,0,719.44,,
89997,010-12507-01,68,33,35,14.99,,
89998,010-12504-01,0,0,0,18.75,,
90000,010-12676-05,0,0,0,164.99,,
90001,010-12676-40,6,6,0,37.49,,
90002,010-12531-10,8,8,0,26.24,,
90015,"EFC-03 BLUE",0,0,0,40.87,,
90022,D180101,0,0,0,69.93,,
90023,M11032,0,0,0,39.67,,
90024,D10701,25,12,13,18.50,,
90025,M20508,32,20,12,10.53,,
90026,1831061,3,1,2,90.99,,
90027,1831101,5,2,3,110.49,,
90028,101692,18,5,13,84.83,,134.89
90029,1832121,1,1,0,149.49,,
90030,101693,11,2,9,92.99,,151.49
90031,1832201,5,4,1,214.49,,
90034,1833181,4,4,0,207.99,,
90035,1833301,1,1,0,272.99,,
90037,1834401,5,0,5,363.99,,
90039,1835500,1,1,0,524.99,,
90046,131200,7,4,3,8.47,,
90047,171200,1,1,0,13.43,,
90049,8120,4,2,2,417.51,,
90050,010-12390-45,0,0,0,89.99,,
90051,010-12390-46,0,0,0,89.99,,
90057,CANVT,0,0,0,43.47,,
90058,BP125G75,0,0,0,82.00,98.40,
90062,SCC115110411,9,4,5,418.91,,516.80
90067,CMD6-MD-BR,5,0,5,106.25,,
90069,CMD6-MB-BR,1,0,1,106.25,,
90071,CMD6-MD-R,10,3,7,106.25,,
90073,CMD6-MB-R,0,0,0,106.25,,
90074,0590DPWCHR,4,0,4,68.48,,
90079,01-0419-01,0,0,0,1224.02,,
90080,411660-1,4,3,1,303.58,,
90081,411680-1,1,1,0,433.68,,
90082,411670-1,7,5,2,346.95,,
90084,411610-1,8,6,2,576.32,,
90086,411630-1,4,4,0,620.17,,699.99
90087,411640-1CHO,1,1,0,664.47,,749.99
90088,411640-1,5,1,4,708.77,,799.99
90089,411650-1,1,1,0,841.67,,949.99
90098,GP1920-00,0,0,0,378.17,,
90099,648-330,0,0,0,128.02,,
90100,33-476-01,0,0,0,71.40,90.00,
90102,RF4056,7,4,3,114.12,174.62,
90103,A2C59512458,15,11,4,41.30,76.50,
90104,A2C59514117,1,0,1,35.00,76.50,
90106,649-089,0,0,0,128.02,,
90107,650-330,0,0,0,128.02,,
90108,651-330,0,0,0,128.02,,
90109,647-600,0,0,0,66.55,,
90110,647-700,0,0,0,66.55,,
90111,647-792,0,0,0,66.55,,
90112,740200-1,7,3,4,49.24,,
90113,740199-1,11,11,0,45.45,,
90114,780044-1,2,2,0,35.71,,
90115,010-12964-00,0,0,0,29.24,,
90116,010-12964-01,7,7,0,16.24,,
90117,010-12964-10,5,5,0,12.99,,
90118,010-12964-11,0,0,0,12.99,,
90119,010-12964-02,2,0,2,16.24,,
90120,010-13097-00,5,3,2,12.99,,
90121,010-12814-01,0,0,0,16.24,,
90122,MMC-12F,6,3,3,107.35,135.00,
90123,010-13192-10,0,0,0,19.49,,
90124,010-13192-20,0,0,0,32.49,,
90125,010-13192-00,1,1,0,16.24,,
90127,164000BR,0,0,0,28.85,,
90143,LYN034160200,14,3,11,735.16,,906.95
90146,SPR-1U-AM,0,0,0,195.88,,
90147,SPR-1U-RM,0,0,0,140.29,,
90148,USB-PM2,10,10,0,14.99,,
90150,BPC120531104R,25,8,17,67.00,,85.00
90153,QUA248020010,4,2,2,2563.08,,3162.00
90154,104400-200-001-22,0,0,0,17.15,,
90161,016145-001,9,5,4,134.68,,
90162,016145-011,5,1,4,134.68,,
90163,016146-001,6,5,1,175.80,,
90164,016146-011,5,2,3,175.80,,
90165,016147-001,10,5,5,185.72,,
90166,016147-101,5,3,2,267.95,,
90167,016148-001,14,10,4,224.00,,
90168,016148-101,8,5,3,311.90,,
90173,A2K-4WT,3,3,0,135.54,,
90181,40158,5,3,2,19.87,,
90182,"PROTECH 3.1",0,0,0,1040.04,,
90187,001-546-670-00,0,0,0,71.82,,
90196,60-120-J10,0,0,0,625.99,766.00,
90213,PLABS370,8,8,0,7.80,,
90214,PLABS360,2,2,0,5.40,,
90217,PLABK360,0,0,0,112.49,,
90219,PLABK136,13,4,9,18.48,,
90220,PLABK135,4,4,0,12.07,,
90221,PLABE900,0,0,0,208.79,,
90222,PLASE801,0,0,0,47.54,,
90223,PLASE501,2,2,0,34.38,,
90224,PLASE341,6,6,0,27.36,,
90225,PLASE342,5,5,0,27.36,,
90226,PLASE601,5,5,0,30.41,,
90227,PLAM1071B,0,0,0,24.74,,
90230,PLAS7411,1,1,0,13.85,,
90233,1712500,1,1,0,51.56,,
90234,"A-0 RED W/BAR CODE",30,20,10,29.23,,
90255,645-330,0,0,0,35.53,,
90256,643-330,0,0,0,35.53,,
90257,648-300,0,0,0,128.02,,
90258,649-081,0,0,0,128.02,,
90259,650-300,0,0,0,128.02,,
90260,651-300,0,0,0,128.02,,
90261,647-599,0,0,0,66.55,,
90262,647-989,0,0,0,66.55,,
90263,647-699,0,0,0,66.55,,
90264,647-791,1,1,0,50.00,,
90265,645-300,0,0,0,35.53,,
90266,646-689,0,0,0,35.53,,
90267,643-300,0,0,0,35.53,,
90268,648-080,0,0,0,128.02,,
90269,649-080,0,0,0,128.02,,
90270,650-180,0,0,0,128.02,,
90271,651-080,0,0,0,128.02,,
90272,647-580,0,0,0,66.55,,
90273,647-980,0,0,0,66.55,,
90274,647-680,0,0,0,66.55,,
90275,647-780,0,0,0,55.68,,
90276,645-180,0,0,0,35.53,,
90277,646-680,0,0,0,35.53,,
90278,644-180,0,0,0,35.53,,
90279,643-180,0,0,0,35.53,,
90280,648-060,0,0,0,128.02,,
90281,649-060,0,0,0,128.02,,
90282,650-160,0,0,0,128.02,,
90283,651-060,0,0,0,128.02,,
90284,647-960,0,0,0,66.55,,
90285,647-660,1,1,0,49.50,,
90286,647-760,1,1,0,49.50,,
90287,645-160,1,1,0,35.53,,
90288,646-660,1,1,0,35.53,,
90289,644-160,1,1,0,35.53,,
90290,643-160,1,1,0,35.53,,
90291,648-050,0,0,0,128.02,,
90292,649-050,0,0,0,128.02,,
90293,650-150,0,0,0,131.17,,
90294,651-050,0,0,0,128.02,,
90295,647-550,0,0,0,66.55,,
90296,647-950,0,0,0,66.55,,
90297,647-650,0,0,0,66.55,,
90298,647-750,0,0,0,69.90,,
90299,645-150,0,0,0,35.53,,
90300,646-650,0,0,0,35.53,,
90301,644-150,0,0,0,35.53,,
90302,643-150,0,0,0,35.53,,
90303,635-150,0,0,0,8.86,,
90304,638-150,0,0,0,8.86,,
90305,636-150,0,0,0,8.86,,
90306,648-040,0,0,0,128.02,,
90307,649-040,0,0,0,128.02,,
90308,650-140,0,0,0,128.02,,
90309,651-040,0,0,0,128.02,,
90310,647-540,0,0,0,66.55,,
90311,647-940,1,1,0,55.92,,
90312,647-640,0,0,0,66.55,,
90313,647-740,0,0,0,66.55,,
90314,645-140,0,0,0,35.53,,
90315,646-640,0,0,0,35.53,,
90316,644-140,0,0,0,35.53,,
90317,643-140,0,0,0,35.53,,
90318,635-140,0,0,0,8.86,,
90319,634-140,0,0,0,8.86,,
90320,638-140,0,0,0,8.86,,
90321,636-140,0,0,0,8.86,,
90322,648-030,0,0,0,128.02,,
90323,649-030,0,0,0,128.02,,
90324,650-130,0,0,0,128.02,,
90325,651-030,0,0,0,128.02,,
90326,647-530,1,1,0,49.50,,
90327,647-930,0,0,0,66.55,,
90328,647-630,0,0,0,66.55,,
90329,647-730,0,0,0,66.55,,
90330,645-130,0,0,0,35.53,,
90331,646-630,0,0,0,35.53,,
90332,644-130,0,0,0,35.53,,
90333,643-130,0,0,0,35.53,,
90334,635-130,0,0,0,8.86,,
90335,634-130,6,6,0,8.86,,
90336,638-130,0,0,0,8.86,,
90337,636-130,0,0,0,8.86,,
90338,648-025,0,0,0,128.02,,
90339,649-025,0,0,0,128.02,,
90340,650-125,0,0,0,128.02,,
90341,651-025,0,0,0,128.02,,
90342,647-525,0,0,0,69.90,,
90343,647-925,0,0,0,68.18,,
90344,647-625,0,0,0,66.55,,
90345,647-725,0,0,0,66.55,,
90346,645-125,0,0,0,35.53,,
90347,646-625,0,0,0,35.53,,
90348,644-125,0,0,0,35.53,,
90349,643-125,0,0,0,35.53,,
90350,635-125,0,0,0,8.86,,
90351,634-125,0,0,0,8.86,,
90352,638-125,0,0,0,8.86,,
90353,636-125,0,0,0,8.86,,
90354,11602100,15,4,11,88.09,,
90355,11800000,2,2,0,55.69,,
90356,11800100,8,4,4,55.69,,
90357,11800500,9,6,3,55.69,,
90358,11800510,5,2,3,58.23,,
90359,648-020,0,0,0,128.02,,
90360,649-020,0,0,0,128.02,,
90361,650-120,0,0,0,128.02,,
90362,651-020,0,0,0,128.02,,
90363,647-520,2,2,0,50.00,,
90364,647-920,1,1,0,50.00,,
90365,647-620,0,0,0,66.55,,
90366,647-720,0,0,0,66.55,,
90367,645-120,0,0,0,35.53,,
90368,646-620,0,0,0,35.53,,
90369,644-120,0,0,0,35.53,,
90370,643-120,0,0,0,35.53,,
90371,635-120,0,0,0,8.86,,
90372,634-120,0,0,0,8.86,,
90373,638-120,0,0,0,8.86,,
90374,636-120,0,0,0,8.86,,
90375,647-515,0,0,0,66.55,,
90376,647-615,0,0,0,66.55,,
90377,647-715,0,0,0,66.55,,
90378,645-115,0,0,0,35.53,,
90379,644-115,0,0,0,35.53,,
90380,643-115,0,0,0,35.53,,
90381,635-115,0,0,0,8.86,,
90382,634-115,0,0,0,8.86,,
90383,638-115,0,0,0,8.86,,
90384,636-115,0,0,0,8.86,,
90385,645-112,0,0,0,35.53,,
90386,644-112,0,0,0,35.53,,
90387,643-112,0,0,0,35.53,,
90388,635-112,0,0,0,8.86,,
90389,634-112,0,0,0,8.86,,
90390,638-112,0,0,0,8.86,,
90391,636-112,0,0,0,8.86,,
90392,645-110,0,0,0,35.53,,
90393,643-110,0,0,0,35.53,,
90394,635-110,0,0,0,8.86,,
90395,634-110,0,0,0,8.86,,
90396,638-110,0,0,0,8.86,,
90397,636-110,3,3,0,8.86,,
90398,635-108,0,0,0,8.86,,
90399,638-108,0,0,0,8.86,,
90400,636-108,0,0,0,8.86,,
90401,635-106,0,0,0,8.86,,
90402,638-106,1,1,0,8.86,,
90403,636-106,5,5,0,8.86,,
90404,7765,0,0,0,153.58,,
90405,010-12236-06,0,0,0,67.49,,
90416,604-120,2,2,0,9.83,,
90417,604-120G,6,6,0,9.83,,
90422,604-117,0,0,0,9.83,,
90423,604-117G,0,0,0,8.23,,
90425,604-1014,0,0,0,22.60,,
90426,604-1014G,0,0,0,22.60,,
90428,604-114,0,0,0,9.83,,
90429,604-114G,0,0,0,9.83,,
90431,604-1012,0,0,0,22.60,,
90432,604-1012G,0,0,0,22.60,,
90434,604-112,0,0,0,9.17,,
90435,604-112G,0,0,0,9.17,,
90437,604-1010,0,0,0,19.47,,
90438,604-1010G,0,0,0,19.47,,
90440,604-110,0,0,0,9.17,,
90441,604-110G,0,0,0,7.68,,
90443,604-1008,0,0,0,16.29,,
90444,604-1008G,0,0,0,19.47,,
90446,604-108,0,0,0,9.17,,
90447,604-108G,0,0,0,9.17,,
90461,010-12548-02,0,0,0,22.49,,
90462,SCC115070411,8,6,2,336.23,,414.80
90464,LLB-70SL-02-00,0,0,0,6.92,,
90533,RC91942,0,0,0,55.64,,
90535,BBTH0927001,10,6,4,30.00,,
90536,L10-2005BSA-1,0,0,0,1163.36,,
90537,15STA,9,4,5,460.27,608.95,
90538,20STC,4,2,2,592.01,783.25,
90539,20STA,6,3,3,512.53,678.25,
90541,SXG9510-40,1,0,1,102.55,,
90596,4000F-10,0,0,0,90.86,,
90597,4001F-10,0,0,0,97.08,,
90598,4002F-10,0,0,0,106.61,,
90599,4003F-10,0,0,0,113.45,,
90600,4004F-10,0,0,0,123.76,,
90601,4005F-10,0,0,0,137.34,,
90603,4010F-10,0,0,0,59.04,,
90604,4012F-10,0,0,0,67.09,,
90605,4012XF-10,0,0,0,73.78,,
90606,4013F-10,0,0,0,73.78,,
90607,4013XF-10,0,0,0,84.49,,
90608,4014F-10,0,0,0,75.10,,
90609,4014XF-10,0,0,0,87.15,,
90610,5010F-10,0,0,0,89.20,,
90611,5012F-10,0,0,0,107.39,,
90612,5013F-10,0,0,0,120.91,,
90613,5014F-10,0,0,0,136.74,,
90614,6000-04S-11,0,0,0,26.63,,
90615,6000-06S-11,1,1,0,27.66,,
90616,6000-08S-11,3,3,0,28.68,,
90617,6000-10S-11,0,0,0,36.90,,
90621,6010-08S-11,2,0,2,28.68,,
90624,6010-10S-11,3,2,1,29.74,,
90625,6010-12S-11,2,1,1,30.76,,
90714,660-006CC,2,2,0,12.80,,
90715,660-006G,2,2,0,12.80,,
90716,660-006GH,2,2,0,12.80,,
90717,660-006L,0,0,0,12.80,,
90718,660-006Y,0,0,0,12.80,,
90720,660-106CC,1,1,0,24.02,,
90721,660-106G,0,0,0,24.02,,
90722,660-106GH,0,0,0,24.02,,
90723,660-106L,0,0,0,24.02,,
90724,660-106Y,0,0,0,24.02,,
90726,660-206CC,0,0,0,44.87,,
90727,660-206G,3,3,0,44.87,,
90728,660-206GH,0,0,0,44.87,,
90729,660-206L,0,0,0,44.87,,
90730,660-206Y,0,0,0,44.87,,
90732,660-306CC,0,0,0,85.63,,
90733,660-306G,0,0,0,85.63,,
90734,660-306GH,0,0,0,85.63,,
90735,660-306L,0,0,0,85.63,,
90736,660-306Y,0,0,0,85.63,,
90738,660-406CC,0,0,0,234.96,,
90739,660-406G,0,0,0,234.96,,
90740,660-406GH,0,0,0,234.96,,
90741,660-406L,0,0,0,234.96,,
90742,660-406Y,0,0,0,234.96,,
90744,660-008CC,2,2,0,12.80,,
90745,660-008G,3,3,0,12.80,,
90746,660-008GH,1,1,0,12.80,,
90747,660-008L,0,0,0,12.80,,
90748,660-008Y,0,0,0,12.80,,
90750,660-108CC,0,0,0,24.02,,
90751,660-108G,0,0,0,24.02,,
90752,660-108GH,3,3,0,24.02,,
90753,660-108L,0,0,0,24.02,,
90754,660-108Y,0,0,0,24.02,,
90756,660-010CC,5,5,0,12.80,,
90757,660-010G,3,3,0,12.80,,
90758,660-010GH,3,3,0,12.80,,
90759,660-010L,1,1,0,12.80,,
90760,660-010Y,0,0,0,12.80,,
90762,660-110CC,2,2,0,24.02,,
90763,660-110G,4,4,0,24.02,,
90764,660-110GH,0,0,0,24.02,,
90765,660-110L,1,1,0,24.02,,
90766,660-110Y,5,5,0,24.02,,
90768,660-210CC,1,1,0,44.87,,
90769,660-210G,3,3,0,44.87,,
90770,660-210GH,2,2,0,44.87,,
90771,660-210L,0,0,0,44.87,,
90772,660-210Y,0,0,0,44.87,,
90774,660-310CC,0,0,0,85.63,,
90775,660-310G,0,0,0,85.63,,
90776,660-310GH,0,0,0,85.63,,
90777,660-310L,0,0,0,85.63,,
90778,660-310Y,0,0,0,85.63,,
90780,660-410CC,0,0,0,234.96,,
90781,660-410G,0,0,0,234.96,,
90782,660-410GH,0,0,0,234.96,,
90783,660-410L,0,0,0,234.96,,
90784,660-410Y,0,0,0,234.96,,
90786,660-015CC,0,0,0,12.80,,
90787,660-015G,2,2,0,12.80,,
90788,660-015GH,3,3,0,12.80,,
90789,660-015L,0,0,0,12.80,,
90790,660-015Y,0,0,0,12.80,,
90792,660-115CC,0,0,0,24.02,,
90793,660-115G,4,4,0,24.02,,
90794,660-115GH,1,1,0,24.02,,
90795,660-115L,2,2,0,24.02,,
90796,660-115Y,0,0,0,24.02,,
90798,660-215CC,0,0,0,44.87,,
90799,660-215G,3,3,0,44.87,,
90800,660-215GH,0,0,0,44.87,,
90801,660-215L,2,2,0,44.87,,
90802,660-215Y,0,0,0,44.87,,
90804,660-315CC,0,0,0,85.63,,
90805,660-315G,0,0,0,85.63,,
90806,660-315GH,0,0,0,85.63,,
90807,660-315L,0,0,0,85.63,,
90808,660-315Y,0,0,0,85.63,,
90810,660-415CC,1,1,0,234.96,,
90811,660-415G,0,0,0,234.96,,
90812,660-415GH,0,0,0,234.96,,
90813,660-415L,0,0,0,234.96,,
90814,660-415Y,0,0,0,234.96,,
90816,660-020CC,3,3,0,12.80,,
90817,660-020G,2,2,0,12.80,,
90818,660-020GH,0,0,0,12.80,,
90819,660-020L,0,0,0,12.80,,
90820,660-020Y,0,0,0,12.80,,
90822,660-120CC,1,1,0,24.02,,
90823,660-120G,13,13,0,24.02,,
90824,660-120GH,0,0,0,24.02,,
90825,660-120L,0,0,0,24.02,,
90826,660-120Y,2,2,0,24.02,,
90828,660-220CC,0,0,0,44.87,,
90829,660-220G,2,2,0,44.87,,
90830,660-220GH,0,0,0,44.87,,
90831,660-220L,0,0,0,44.87,,
90832,660-220Y,0,0,0,44.87,,
90834,660-320CC,0,0,0,85.63,,
90835,660-320G,0,0,0,85.63,,
90836,660-320GH,0,0,0,85.63,,
90837,660-320L,0,0,0,85.63,,
90838,660-320Y,0,0,0,85.63,,
90840,660-420CC,0,0,0,234.96,,
90841,660-420G,0,0,0,234.96,,
90842,660-420GH,0,0,0,234.96,,
90843,660-420L,0,0,0,234.96,,
90844,660-420Y,0,0,0,234.96,,
90846,660-030CC,3,3,0,12.80,,
90847,660-030G,4,4,0,12.80,,
90848,660-030GH,0,0,0,12.80,,
90849,660-030L,3,3,0,12.80,,
90850,660-030Y,0,0,0,12.80,,
90852,660-130CC,0,0,0,24.02,,
90853,660-130G,0,0,0,24.02,,
90854,660-130GH,0,0,0,24.02,,
90855,660-130L,0,0,0,24.02,,
90856,660-130Y,0,0,0,24.02,,
90858,660-230CC,2,2,0,44.87,,
90859,660-230G,2,2,0,44.87,,
90860,660-230GH,0,0,0,44.87,,
90861,660-230L,0,0,0,44.87,,
90862,660-230Y,0,0,0,44.87,,
90864,660-330CC,0,0,0,85.63,,
90865,660-330G,0,0,0,85.63,,
90866,660-330GH,0,0,0,85.63,,
90867,660-330L,0,0,0,85.63,,
90868,660-330Y,0,0,0,85.63,,
90870,660-430CC,0,0,0,234.96,,
90871,660-430G,0,0,0,234.96,,
90872,660-430GH,0,0,0,234.96,,
90873,660-430L,0,0,0,234.96,,
90874,660-430Y,0,0,0,234.96,,
90875,6012F-10,0,0,0,74.45,,
90876,6013F-10,0,0,0,78.86,,
90877,6014F-10,0,0,0,116.65,,
90878,6015F-10,0,0,0,120.65,,
90879,6016F-10,0,0,0,130.06,,
90880,6017F-10,0,0,0,138.08,,
90881,6018F-10,0,0,0,148.80,,
90882,61060F-10,0,0,0,21.70,,
90883,61061F-10,0,0,0,43.85,,
90884,70000F-10,0,0,0,13.38,,
90885,70000S-11,0,0,0,15.03,,
90886,70001F-10,0,0,0,19.61,,
90887,70001S-11,0,0,0,22.01,,
90889,70002F-10,0,0,0,23.66,,
90890,70002S-11,0,0,0,26.55,,
90891,70003F-10,0,0,0,25.70,,
90892,70003S-11,0,0,0,28.85,,
90893,70005F-10,0,0,0,27.79,,
90894,70005S-11,0,0,0,31.18,,
90895,70006F-10,0,0,0,41.56,,
90896,70006S-11,0,0,0,46.65,,
90897,70009F-10,0,0,0,20.71,,
90898,70009S-11,0,0,0,23.23,,
90899,RCLR,5,5,0,18.12,,
90900,RDS100,3,3,0,49.52,,
90901,70017S-11,0,0,0,237.84,,
90902,RESS7,0,0,0,37.57,,
90904,70018S-11,0,0,0,253.01,,
90905,RPRTC,3,3,0,37.89,,
90906,RPTC,1,1,0,19.40,,
90907,70019S-11,0,0,0,269.30,,
90908,RTC-1,0,0,0,35.58,,
90910,70020S-11,0,0,0,295.41,,
90911,RTC-6P136C,2,2,0,23.99,,
90912,70021S-11,0,0,0,307.35,,
90913,RTC-6PCHS,1,1,0,20.18,,
90914,70022S-11,0,0,0,324.70,,
90915,RTC-6PFSC,0,0,0,34.71,,
90916,70024S-11,0,0,0,357.31,,
90917,RTC-6SPLS,0,0,0,14.80,,
90918,70025S-11,0,0,0,375.76,,
90919,RTDS-15,5,5,0,54.93,,
90920,70112F-10,0,0,0,114.30,,
90921,70113F-10,0,0,0,117.63,,
90922,70114F-10,0,0,0,118.48,,
90923,70115F-10,0,0,0,124.34,,
90924,70117F-10,0,0,0,150.25,,
90925,70122F-10,0,0,0,114.30,,
90926,70124F-10,0,0,0,118.48,,
90927,70125F-10,0,0,0,124.34,,
90928,70126F-10,0,0,0,128.33,,
90929,7014F-10,0,0,0,142.11,,
90930,7015F-10,0,0,0,151.49,,
90931,7016F-10,0,0,0,162.20,,
90932,71016S-11,0,0,0,218.23,,
90933,71017S-11,0,0,0,222.58,,
90934,71018S-11,0,0,0,242.18,,
90935,679-1004C,0,0,0,76.92,,
90936,679-004C,3,3,0,19.22,,
90937,679-1006C,0,0,0,76.92,,
90938,679-006C,0,0,0,19.22,,
90939,679-1008C,0,0,0,76.92,,
90940,71019S-11,0,0,0,259.55,,
90941,679-008C,0,0,0,19.22,,
90942,679-1010C,0,0,0,76.92,,
90943,679-010C,0,0,0,19.22,,
90944,679-1012C,2,2,0,76.92,,
90945,679-012C,2,2,0,19.22,,
90946,679-1014C,0,0,0,88.46,,
90947,679-014C,2,2,0,21.52,,
90948,679-1017C,1,1,0,111.54,,
90949,679-017C,0,0,0,26.91,,
90950,71020S-11,0,0,0,282.35,,
90951,679-1020C,0,0,0,123.07,,
90952,679-020C,0,0,0,30.77,,
90953,679-1025C,1,1,0,138.47,,
90954,OCTAFG3012,0,0,0,822.72,,
90955,OCTAFG3024,0,0,0,822.72,,
90956,71021S-11,0,0,0,297.51,,
90957,679-025C,0,0,0,34.60,,
90958,679-1030C,1,1,0,153.84,,
90959,71023S-11,0,0,0,347.50,,
90960,679-030C,1,1,0,38.44,,
90961,FL10012,1,1,0,11.14,,
90962,FL10018,0,0,0,11.14,,
90963,FL15012,2,2,0,11.39,,
90964,71112F-10,0,0,0,114.30,,
90965,FL15018,0,0,0,11.39,,
90966,FL8012,0,0,0,11.14,,
90967,FL8018,2,2,0,11.14,,
90968,71113F-10,0,0,0,117.63,,
90969,71114F-10,0,0,0,118.48,,
90970,71115F-10,0,0,0,124.34,,
90971,71116EXF-10,0,0,0,159.44,,
90972,71116F-10,0,0,0,137.71,,
90973,71117F-10,0,0,0,150.25,,
90974,TLM506,24,24,0,8.19,,
90975,TLM5012,18,18,0,11.77,,
90977,TLM7512,2,2,0,14.63,,
90979,TLS156,17,17,0,8.08,,
90980,TLS1512,0,0,0,10.95,,
90981,TLS306,12,12,0,7.46,,
90982,TLS3012,5,5,0,10.95,,
90983,BGC8BD,0,0,0,12.91,,
90986,BGC8BO,0,0,0,12.91,,
90987,BGC8HW,1,1,0,11.00,,
90994,71118S-11,0,0,0,198.53,,
90995,71119EXS-11,0,0,0,261.45,,
90996,71121EXS-11,0,0,0,303.94,,
90997,71122EXS-11,0,0,0,309.18,,
90998,71123EXS-11,0,0,0,315.14,,
90999,71124EXS-11,0,0,0,319.65,,
91000,71216F-10,0,0,0,222.98,,
91001,71217F-10,0,0,0,233.94,,
91002,71218NF-10,0,0,0,217.80,,
91003,71218F-10,0,0,0,237.95,,
91004,71219NS-11,0,0,0,284.01,,
91005,71219S-11,0,0,0,310.19,,
91006,71220NS-11,0,0,0,301.50,,
91007,71220S-11,0,0,0,327.71,,
91009,71221NS-11,0,0,0,318.81,,
91010,71221S-11,0,0,0,345.01,,
91011,71222NS-11,0,0,0,337.70,,
91012,71222S-11,0,0,0,363.91,,
91013,71223NS-11,1,1,0,299.99,,
91014,71223S-11,0,0,0,381.36,,
91015,71224NS-11,0,0,0,375.56,,
91016,71224S-11,0,0,0,401.76,,
91017,71418XS-11,0,0,0,290.46,,
91018,71419XS-11,0,0,0,303.94,,
91020,71420XS-11,0,0,0,317.41,,
91022,71421XS-11,0,0,0,329.45,,
91023,71513S-11,0,0,0,197.86,,
91024,71515S-11,0,0,0,212.31,,
91025,72215F-10,0,0,0,215.86,,
91026,72216F-10,0,0,0,220.49,,
91027,72217NF-10,0,0,0,230.83,,
91028,72217F-10,0,0,0,225.26,,
91029,72218NF-10,0,0,0,235.80,,
91030,72218F-10,0,0,0,229.95,,
91031,72316F-10,0,0,0,233.19,,
91032,72317F-10,0,0,0,238.28,,
91033,72318F-10,0,0,0,240.14,,
91034,010-12390-43,0,0,0,26.24,,
91035,010-11425-13,0,0,0,33.75,,
91036,72319S-11,0,0,0,306.31,,
91037,72320S-11,0,0,0,326.10,,
91038,72321S-11,0,0,0,356.84,,
91039,72418F-10,0,0,0,240.14,,
91040,74016F-10,0,0,0,146.90,,
91041,74017F-10,0,0,0,155.28,,
91042,74018F-10,0,0,0,166.14,,
91057,74099S-11,0,0,0,201.95,,
91061,74100S-11,0,0,0,205.23,,
91063,74101S-11,0,0,0,217.16,,
91064,74102S-11,0,0,0,238.90,,
91065,74103S-11,0,0,0,260.59,,
91066,74118F-10,0,0,0,166.14,,
91067,74119F-10,0,0,0,183.73,,
91068,74120F-10,0,0,0,192.93,,
91069,74121S-11,0,0,0,246.48,,
91070,74200F-10,0,0,0,119.43,,
91071,74201EXF-10,0,0,0,134.33,,
91072,74201F-10,0,0,0,120.18,,
91073,74202F-10,0,0,0,129.38,,
91074,74203F-10,0,0,0,140.24,,
91075,74204F-10,0,0,0,146.90,,
91076,74205F-10,0,0,0,148.59,,
91077,74300F-10,0,0,0,134.45,,
91078,74303F-10,0,0,0,115.04,,
91079,74305F-10,0,0,0,142.24,,
91080,74321S-11,0,0,0,255.19,,
91081,74324S-11,0,0,0,287.80,,
91082,74325S-11,0,0,0,300.80,,
91083,74326S-11,0,0,0,313.84,,
91084,74327S-11,0,0,0,331.25,,
91085,74328S-11,0,0,0,348.61,,
91086,74329S-11,0,0,0,365.94,,
91087,74421S-11,0,0,0,252.78,,
91088,74519S-11,0,0,0,452.48,,
91089,74520S-11,0,0,0,465.85,,
91090,74521S-11,0,0,0,483.46,,
91091,74522S-11,0,0,0,500.60,,
91092,74523S-11,0,0,0,508.59,,
91093,75119S-11,0,0,0,251.96,,
91094,75121S-11,0,0,0,288.85,,
91095,75122S-11,0,0,0,308.43,,
91098,77014S-11,0,0,0,159.60,,
91099,77015S-11,0,0,0,178.08,,
91100,77016S-11,0,0,0,195.48,,
91101,77017S-11,0,0,0,208.49,,
91102,77018S-11,0,0,0,223.70,,
91103,77019S-11,0,0,0,234.56,,
91104,77020S-11,0,0,0,274.76,,
91105,77021S-11,0,0,0,298.68,,
91106,77022S-11,0,0,0,313.84,,
91107,77024S-11,0,0,0,342.09,,
91108,77116S-11,0,0,0,195.48,,
91109,77117S-11,0,0,0,208.49,,
91110,77118S-11,0,0,0,219.25,,
91111,77119S-11,0,0,0,229.90,,
91112,77120S-11,0,0,0,274.76,,
91113,77121S-11,0,0,0,298.68,,
91114,77122S-11,0,0,0,313.84,,
91115,77123S-11,0,0,0,327.95,,
91116,77124S-11,0,0,0,342.09,,
91117,77125S-11,0,0,0,360.53,,
91118,77216S-11,0,0,0,199.80,,
91119,77217S-11,0,0,0,211.73,,
91120,77218S-11,0,0,0,225.85,,
91121,77219S-11,0,0,0,244.33,,
91122,77220S-11,0,0,0,255.19,,
91123,77221S-11,0,0,0,262.80,,
91124,77316F-10,0,0,0,160.29,,
91125,77317F-10,0,0,0,171.14,,
91126,77318F-10,0,0,0,187.06,,
91127,77319F-10,0,0,0,196.25,,
91128,77320F-10,0,0,0,204.60,,
91129,77516S-11,0,0,0,329.04,,
91130,77518S-11,0,0,0,357.31,,
91131,77519S-11,0,0,0,363.63,,
91132,77520S-11,0,0,0,371.41,,
91133,77521S-11,0,0,0,387.73,,
91134,77522S-11,0,0,0,398.58,,
91135,77523S-11,0,0,0,413.78,,
91136,77524S-11,0,0,0,419.19,,
91137,77616S-11,0,0,0,312.61,,
91138,77618S-11,0,0,0,357.31,,
91139,77620S-11,0,0,0,371.41,,
91140,77622S-11,0,0,0,398.58,,
91141,77623S-11,0,0,0,413.78,,
91142,77624S-11,0,0,0,419.19,,
91143,77626S-11,0,0,0,447.45,,
91144,77718S-11,0,0,0,238.90,,
91145,77719S-11,0,0,0,262.78,,
91146,77720S-11,0,0,0,306.25,,
91147,77721S-11,0,0,0,329.04,,
91149,77722S-11,0,0,0,347.50,,
91150,77723S-11,0,0,0,361.63,,
91151,77724S-11,0,0,0,383.35,,
91152,77814F-10,0,0,0,132.68,,
91153,77815F-10,0,0,0,141.06,,
91154,77816EF-10,0,0,0,153.28,,
91155,77816F-10,0,0,0,146.90,,
91156,77817EF-10,0,0,0,159.24,,
91157,77817F-10,0,0,0,154.40,,
91158,77818EF-10,0,0,0,182.54,,
91159,77818F-10,0,0,0,166.44,,
91160,77819EF-10,0,0,0,190.05,,
91161,77918F-10,0,0,0,195.78,,
91162,77919F-10,0,0,0,214.56,,
91163,79015F-10,0,0,0,245.60,,
91164,79016F-10,0,0,0,255.70,,
91165,79017F-10,0,0,0,252.55,,
91166,79018F-10,0,0,0,257.91,,
91167,79019F-10,0,0,0,268.64,,
91170,79020XS-11,0,0,0,385.74,,
91171,79118S-11,0,0,0,306.96,,
91172,79119S-11,0,0,0,320.95,,
91173,79120S-11,0,0,0,327.89,,
91174,79120XS-11,0,0,0,367.34,,
91175,79121S-11,0,0,0,341.85,,
91176,79121XS-11,0,0,0,382.08,,
91177,7INF10BF-10,0,0,0,118.90,,
91178,7INF10F-10,0,0,0,117.71,,
91179,7INF11BF-10,0,0,0,120.48,,
91180,7INF11F-10,0,0,0,119.35,,
91181,7INF12BF-10,0,0,0,133.54,,
91182,7INF12F-10,0,0,0,133.11,,
91184,7INF13BF-10,0,0,0,142.08,,
91185,7INF13F-10,0,0,0,142.08,,
91186,7INF14BF-10,0,0,0,152.86,,
91187,7INF14F-10,0,0,0,153.43,,
91188,7INF15F-10,0,0,0,164.79,,
91189,7INF8BF-10,0,0,0,116.81,,
91190,7INF9BF-10,0,0,0,116.84,,
91191,7INF9F-10,0,0,0,116.86,,
91192,81119S-11,0,0,0,350.15,,
91193,81120S-11,0,0,0,368.79,,
91194,81121S-11,0,0,0,384.91,,
91195,81122S-11,0,0,0,404.70,,
91196,81123S-11,0,0,0,407.99,,
91197,82121S-11,0,0,0,404.03,,
91198,82122S-11,0,0,0,423.84,,
91199,82123S-11,0,0,0,427.16,,
91200,83118S-11,0,0,0,328.76,,
91201,83119S-11,0,0,0,333.08,,
91202,83120S-11,0,0,0,337.38,,
91203,83121S-11,0,0,0,364.63,,
91204,53012,0,0,0,36.88,,
91205,53013,0,0,0,43.64,,
91206,53014,0,0,0,50.10,,
91207,84012F-10,0,0,0,57.70,,
91208,84013F-10,5,4,1,82.44,,
91209,90019S-11,0,0,0,630.91,,
91210,90020S-11,0,0,0,646.86,,
91211,90021S-11,0,0,0,662.78,,
91212,90022S-11,0,0,0,678.73,,
91213,90023S-11,0,0,0,694.68,,
91214,90024S-11,0,0,0,710.64,,
91215,90025S-11,0,0,0,726.58,,
91216,90026S-11,0,0,0,742.53,,
91217,90027S-11,0,0,0,788.08,,
91218,90028S-11,0,0,0,833.64,,
91219,95120S-11,0,0,0,374.63,,
91220,95121S-11,0,0,0,390.91,,
91221,95122S-11,0,0,0,407.19,,
91222,95123S-11,0,0,0,423.48,,
91223,95124S-11,0,0,0,439.76,,
91224,95125S-11,0,0,0,456.04,,
91225,96122S-11,0,0,0,536.86,,
91226,97019S-11,0,0,0,373.00,,
91227,97020S-11,0,0,0,416.89,,
91228,97021S-11,0,0,0,434.41,,
91229,97118S-11,0,0,0,329.13,,
91230,97119S-11,0,0,0,351.05,,
91231,97120S-11,0,0,0,373.00,,
91232,97121S-11,0,0,0,394.94,,
91233,97122S-11,0,0,0,412.49,,
91234,97123S-11,0,0,0,421.29,,
91235,97124S-11,0,0,0,449.76,,
91238,INFCC10BNF-10,0,0,0,154.28,,
91239,INFCC11BNF-10,0,0,0,157.98,,
91240,INFCC12BNF-10,0,0,0,159.44,,
91241,INFCC12DRF-10,0,0,0,169.76,,
91242,INFCC13BNF-10,0,0,0,161.69,,
91243,INFCC13DRF-10,0,0,0,169.76,,
91244,INFCC14BNF-10,0,0,0,140.04,,
91245,INFCC14BF-10,0,0,0,167.64,,
91246,INFCC14DRF-10,0,0,0,176.05,,
91247,INFCC15BF-10,0,0,0,197.09,,
91248,INFCC15DRS-11,0,0,0,245.38,,
91249,INFCC16DRS-11,0,0,0,268.13,,
91250,INFCC17DRS-11,0,0,0,274.93,,
91251,INFCC18DRS-11,0,0,0,279.54,,
91252,INFCC19BS-11,0,0,0,286.34,,
91253,INFCC19DRS-11,0,0,0,286.34,,
91254,INFCC20DRS-11,0,0,0,290.86,,
91255,INFCC21DRS-11,0,0,0,302.28,,
91260,PP5200-20,0,0,0,392.72,,
91262,PP5920-10,0,0,0,414.53,,
91263,BPP900455070,4,2,2,262.51,,323.85
91264,BPP900465050,6,3,3,12.40,,15.30
91265,BPP900465070,12,9,3,16.54,,20.40
91266,BPP900460050,7,2,5,19.98,,24.65
91267,BMS800200104,10,6,4,31.69,,39.10
91269,M0716,0,0,0,11.49,,
91280,010-02635-00,1,1,0,255.99,,
91281,010-02635-02,0,0,0,295.99,,
91287,V12-9980CP100-1,2,0,2,258.42,,
91288,9000S-11,0,0,0,131.13,,
91289,9001S-11,0,0,0,131.13,,
91290,9002S-11,0,0,0,123.84,,
91291,9003S-11,0,0,0,152.98,,
91292,9004S-11,0,0,0,107.01,,
91293,9005S-11,0,0,0,152.98,,
91294,DST810PV-N2,4,2,2,297.45,399.00,
91296,M3-TD32,2,0,2,254.99,,
91299,010-12531-20,6,3,3,29.99,,
91301,010-12531-21,0,0,0,22.49,,
91306,503100-700-030-22,0,0,0,59.20,,
91307,503100-700-040-22,0,0,0,59.20,,
91308,503100-700-050-22,0,0,0,59.20,,
91309,503100-700-060-22,0,0,0,59.20,,
91310,503100-700-070-22,0,0,0,59.20,,
91312,503200-700-040-22,1,0,1,38.00,,
91313,503200-700-050-22,1,0,1,32.99,,
91314,503200-700-060-22,0,0,0,48.84,,
91315,503200-700-070-22,0,0,0,48.84,,
91317,502900-701-040-22,0,0,0,41.44,,
91318,502900-701-050-22,0,0,0,41.44,,
91319,502900-701-060-22,0,0,0,41.44,,
91321,503000-701-030-22,0,0,0,34.04,,
91322,503000-701-040-22,2,0,2,22.00,,
91323,503000-701-050-22,0,0,0,34.04,,
91324,503000-701-060-22,0,0,0,34.04,,
91325,503000-701-070-22,0,0,0,34.04,,
91326,104400-105-001-22,0,0,0,17.15,,
91327,104200-300-000-22,2,2,0,17.50,,
91328,112400-100-000-22,9,6,3,19.00,,
91329,112400-505-000-22,21,9,12,23.39,,
91330,112200-100-001-22,3,3,0,15.99,,
91331,112200-600-001-22,9,4,5,20.00,,
91332,112200-105-002-22,2,2,0,15.00,,
91333,112200-500-002-22,28,16,12,19.00,,
91334,112200-701-010-22,10,4,6,21.50,,
91335,112200-505-010-22,33,23,10,24.00,,
91336,112200-100-030-22,4,0,4,28.49,,
91337,112200-100-050-22,8,6,2,24.00,,
91338,112200-100-080-22,10,6,4,28.49,,
91339,112200-100-110-22,0,0,0,28.49,,
91340,112200-500-030-22,10,4,6,21.50,,
91341,112200-500-050-22,10,3,7,22.00,,
91342,112200-500-080-22,7,4,3,22.00,,
91344,112200-505-030-22,11,6,5,24.50,,
91345,112200-505-050-22,4,0,4,28.49,,
91351,142100-600-001-22,5,5,0,32.00,,
91353,142100-105-002-22,8,5,3,36.27,,
91354,142400-400-009-22,8,5,3,36.00,,
91355,142100-505-030-22,16,10,6,47.36,,
91356,142100-505-050-22,7,5,2,42.00,,
91357,142100-701-030-22,0,0,0,47.36,,
91358,142100-701-050-22,5,1,4,47.36,,
91359,142100-701-080-22,5,5,0,47.36,,
91360,142100-500-030-22,5,0,5,37.00,,
91361,142100-500-050-22,0,0,0,47.36,,
91362,142100-500-080-22,0,0,0,47.36,,
91366,142500-105-001-22,0,0,0,46.63,,
91368,142500-105-002-22,2,0,2,46.63,,
91369,142500-100-002-22,6,0,6,37.00,,
91370,142500-105-810-22,1,1,0,58.00,,
91371,142500-105-820-22,0,0,0,68.08,,
91372,142500-105-830-22,4,4,0,55.00,,
91373,142500-105-840-22,0,0,0,68.08,,
91374,142500-105-850-22,0,0,0,68.08,,
91378,142500-701-050-22,4,4,0,59.00,,
91379,142500-701-060-22,1,1,0,50.00,,
91380,142500-100-020-22,0,0,0,68.08,,
91381,142500-100-030-22,0,0,0,68.08,,
91382,142500-100-040-22,0,0,0,68.08,,
91383,142500-100-050-22,0,0,0,68.08,,
91384,142500-100-060-22,0,0,0,68.08,,
91385,142500-100-070-22,0,0,0,68.08,,
91390,303400-100-002-21,0,0,0,274.73,,
91391,302200-100-002-21,0,0,0,139.45,,
91392,302200-300-003-21,3,2,1,174.83,,
91393,302400-100-002-21,1,1,0,118.00,,
91394,302400-500-003-21,0,0,0,159.56,,
91395,302000-400-001-21,0,0,0,79.09,,
91396,302900-500-002-21,0,0,0,184.54,,
91398,340800-500-999-21,6,6,0,14.00,,
91399,341100-300-999-21,0,0,0,21.80,,
91400,341000-300-999-21,0,0,0,17.44,,
91401,340100-702-999-21,0,0,0,17.44,,
91402,310100-700-999-12,0,0,0,28.87,,
91405,310200-700-999-21,0,0,0,23.39,,
91424,TM265C-LM-12F,0,0,0,1558.14,2099.00,
91425,0343-BK,11,11,0,21.58,,
91426,FVC080391230Q00,0,0,0,442.31,,
91427,51502,22,20,2,11.51,,17.96
91428,51501,0,0,0,11.51,,17.96
91429,550030,16,12,4,314.85,,
91430,758000,7,7,0,31.59,,
91431,758201,5,3,2,104.95,,
91432,CMD6-MDR-BR,4,2,2,123.75,,
91433,CMD6-MBR-BR,0,0,0,123.75,,
91434,CMD6-MDR-R,8,0,8,123.75,,
91435,CMD6-MBR-R,3,2,1,123.75,,
91436,OCTAFMDRSSYS8,0,0,0,1268.48,,
91439,SSM-517A,9,4,5,29.65,,
91441,A80589,8,4,4,145.82,,
91452,20128,8,0,8,25.56,,
91453,A10-1290CN,0,0,0,68.60,,
91455,958130511,0,0,0,226.84,,
91456,958130611,0,0,0,226.84,,
91457,958130641,0,0,0,226.84,,
91458,958130451,0,0,0,262.28,,
91459,958128811,0,0,0,21.87,,
91460,85-741-BL,23,13,10,49.94,,
91461,85-741-WT,28,14,14,49.94,,
91471,G210608,10,0,10,21.68,,
91475,102408,0,0,0,21.49,,
91476,102416,0,0,0,24.73,,
91482,XT-SF-250-DV-KIT,0,0,0,1227.61,1444.00,
91483,LLB-63AS-01-00,8,4,4,13.72,,
91484,09-707B-1,0,0,0,29.06,,
91486,X3002,13,8,5,5.13,,
91487,X210200,29,11,18,8.46,,
91490,P7188700AJ,0,0,0,46.08,,
91491,P7702200AJ,4,3,1,22.19,,
91492,CA-0005-SS,4,2,2,140.43,,
91493,CA-0004-15SS,4,2,2,133.82,,
91494,CA-0008-SS,5,3,2,126.39,,
91495,CA-0127-SS,4,2,2,152.47,,
91496,CA-0128-SS,4,2,2,152.47,,
91497,CA-0122-SS,5,3,2,152.47,,
91498,013017,0,0,0,469.32,712.00,
91502,FFKIT,30,3,27,25.34,,
91503,SG230,3,0,3,264.85,311.00,
91505,SG2-0130,3,0,3,157.03,185.00,
91559,69041,26,7,19,53.01,,
91663,69044,11,3,8,55.23,,
91665,270167-1,2,0,2,20.28,,
91671,22007,0,0,0,5.27,6.97,
91672,22405,37,10,27,8.88,12.99,
91673,550103NE,7,5,2,452.69,,
91674,44320305,0,0,0,911.54,,1175.99
91675,30251,20,15,5,19.62,29.99,
91724,"G-1 GRAPHITE",0,0,0,12.53,,
91725,"G-2 GRAPHITE",0,0,0,14.64,,
91726,"G-3 GRAPHITE",0,0,0,17.64,,
91727,"G-4 GRAPHITE",11,6,5,22.00,,
91728,"G-5 GRAPHITE",9,5,4,39.99,,
91729,"G-6 GRAPHITE",9,4,5,64.84,,
91730,"HTM-1 GRAPHITE",0,0,0,34.68,,
91731,"HTM-2 GRAPHITE",0,0,0,45.57,,
91732,"HTM-3 GRAPHITE",11,6,5,80.89,,
91733,"HTM-4 GRAPHITE",0,0,0,119.37,,
91806,P12848-100GR-MS,0,0,0,340.00,,
91807,P12848-200-MS,6,3,3,201.45,,
91808,P12848-100-MS,4,2,2,362.67,,
91810,2064-0298,5,3,2,24.99,,
91811,0140-1729,3,3,0,6.99,,
91813,0140-0006,7,7,0,3.99,,
91818,ZIPK8N2,0,0,0,862.50,,
91819,SCC125110412,6,2,4,496.77,,612.85
91831,32-77,2,0,2,233.00,,
91832,20408000,29,17,12,9.37,,
91834,ZDIG4GX-US,4,3,1,1246.62,,
91835,12444,0,0,0,201.76,,
91838,33-351-01,0,0,0,108.03,140.00,
91846,SD1829B,1,0,1,219.14,,
91847,SD1829G,0,0,0,219.14,,
91848,SD1829N,0,0,0,219.14,,
91849,SD1842B,1,1,0,263.14,,
91850,SD1842G,0,0,0,300.73,,
91851,SD1842N,1,0,1,263.14,,
91852,SD1858B,1,0,1,307.11,,
91853,SD1858G,4,0,4,307.11,,
91854,SD1858N,0,0,0,307.11,,
91855,SD2442B,0,0,0,351.14,,
91856,SD2442G,0,0,0,351.14,,
91857,SD2442N,0,0,0,351.14,,
91866,P13198-2380TEBCL,1,0,1,388.78,,
91867,P13198-2380TEBBK,0,0,0,388.78,,
91868,P13198-2380TEBGR,0,0,0,388.78,,
91869,P13198-2500TEBCL,0,0,0,388.78,,
91870,P13198-2500TEBBK,0,0,0,388.78,,
91871,P13198-2500TEBGR,0,0,0,388.78,,
91872,P13276-1000TEBCL,0,0,0,1240.33,,
91873,P13276-1000TEBBK,0,0,0,1240.33,,
91874,P13276-1000TEBGR,0,0,0,1240.33,,
91880,FSBL20912FY7A00,0,0,0,2172.31,,
91900,806-1883,0,0,0,1221.36,,
91903,LLB-33OW-81-OT,0,0,0,55.59,,
91906,VSRT-15,0,0,0,4484.00,,
91907,VSRT-17,0,0,0,5876.00,,
91908,VSRT-19,0,0,0,6464.00,,
91909,VSRT-21W,0,0,0,6611.00,,
91910,CD-19T,0,0,0,3128.00,,
91911,CD-24T,0,0,0,3830.00,,
91913,CD-26T,0,0,0,4408.00,,
91914,SRT-10,0,0,0,2586.00,,
91915,SRT-12,0,0,0,3077.00,,
91916,SRT-15,0,0,0,3821.00,,
91917,00108,21,21,0,262.49,,389.99
91918,00110,14,14,0,262.49,,389.00
91919,SRT-17,0,0,0,4280.00,,
91920,00112,4,4,0,262.49,,389.00
91921,SRT-19,0,0,0,5223.00,,
91922,SRT-24,0,0,0,5438.00,,
91923,SRT-15W,0,0,0,4280.00,,
91924,SRT-185W,0,0,0,5252.00,,
91925,SRT-21W,0,0,0,5345.00,,
91926,SRT-24W-1080,0,0,0,5438.00,,
91927,SRT-27,0,0,0,5816.00,,
91928,PHT-12,0,0,0,2230.00,,
91929,PHT-15,0,0,0,2318.00,,
91930,PHT-17,0,0,0,2586.00,,
91931,PHT-19,0,0,0,2675.00,,
91932,PHT-24,0,0,0,3210.00,,
91933,PHT-15W,0,0,0,2675.00,,
91934,PHT-185W,0,0,0,2969.00,,
91935,PHT-21W,0,0,0,3428.00,,
91936,PHT-24W-1080,0,0,0,3504.00,,
91937,PHT-27W,0,0,0,3985.00,,
91942,IND-19,0,0,0,2867.00,,
91943,IND-24W,0,0,0,3581.00,,
91954,PIN125010510,7,3,4,116.44,,143.65
91955,013016,0,0,0,339.71,712.00,
91956,013018,0,0,0,448.91,712.00,
91957,013024,1,0,1,448.91,712.00,
91958,VBS127010010,6,4,2,28.25,,34.85
91960,LLB-53R4-01-00,5,3,2,42.69,,
91961,453382,6,4,2,4.68,,
91962,453386,17,5,12,32.27,,
91963,453502,0,0,0,9.09,,
91964,453506,9,1,8,39.29,,
91965,453752,0,0,0,10.35,,
91966,453756,15,6,9,54.41,,
91967,453901,0,0,0,9.98,,
91968,453906,8,4,4,78.18,,
91969,452251,0,0,0,6.24,,
91971,452381,0,0,0,7.28,,
91972,452385,21,9,12,48.16,,
91973,452501,0,0,0,8.85,,
91974,452505,5,2,3,59.46,,
91975,452751,0,0,0,14.64,,
91976,452755,0,0,0,100.67,,
91977,452900,0,0,0,12.01,,
91978,452905,0,0,0,160.74,,
91983,WN515,16,9,7,5.49,8.99,
92048,FX-16-AS,7,4,3,405.82,,
92049,FX-115,0,0,0,1604.64,,
92059,221600,4,1,3,118.90,,
92060,PRS,0,0,0,40.63,,
92065,RT022,9,9,0,28.49,,56.99
92072,RT057,6,6,0,53.99,,107.99
92074,011-A592-7,0,0,0,15.04,,
92075,011-E592-7,2,0,2,29.44,,
92084,A80653,4,2,2,199.99,,
92085,A80658,4,2,2,199.99,,
92086,DC-2500-KIT-XL,0,0,0,312.50,431.00,
92088,SSP-200-KIT,0,0,0,371.36,535.90,
92089,81300200,0,0,0,400.72,,
92092,PPLI28PV,2,1,1,535.03,,619.99
92097,RF7110,5,3,2,119.49,157.98,
92098,RF7120,0,0,0,125.96,166.55,
92099,RF7210,0,0,0,143.96,190.35,
92100,RF7220,7,3,4,151.16,199.87,
92101,RF7310,0,0,0,179.96,237.95,
92102,RF7320,0,0,0,187.16,247.47,
92105,134402-200-004-21,0,0,0,227.64,,
92108,1020SF,13,6,7,51.84,,
92109,27627,5,1,4,71.29,,
92110,27647,4,2,2,75.71,,
92111,88440,0,0,0,26.38,,
92112,88440-1,3,2,1,33.26,,
92113,88415,0,0,0,16.89,,
92116,610564,24,12,12,8.77,,
92117,610565,0,0,0,8.77,,
92119,769,50,18,32,19.17,,
92120,778,90,49,41,19.17,,
92121,432053,52,27,25,10.45,,
92122,432029,39,15,24,10.45,,
92123,613773,10,10,0,17.76,,
92124,609801,8,3,5,40.24,,
92125,609802,0,0,0,47.89,,
92126,606127,0,0,0,38.91,,
92127,SCC115060211,5,3,2,284.56,,351.05
92128,658975,6,0,6,41.27,,
92129,648707,0,0,0,4.70,,
92130,605354,0,0,0,4.70,,
92132,658978,45,10,35,8.00,,
92133,648702,0,0,0,11.69,,
92134,648701,46,41,5,11.69,,
92135,91283,32,11,21,15.66,,
92137,108616,61,29,32,23.83,,
92139,91572,36,12,24,59.43,,
92141,451588,57,24,33,68.36,,
92144,606547,9,4,5,128.85,,
92145,606128,0,0,0,123.14,,
92146,606126,0,0,0,108.78,,
92147,648910,7,4,3,112.28,,
92149,JPZ-4-DP,0,0,0,356.09,,
92150,JPZ-6-DP,0,0,0,370.41,,
92151,JPZ-10-DP,0,0,0,494.36,,
92152,JPZ-12-DP,0,0,0,608.87,,
92153,JPZHSP-6,8,4,4,49.09,,
92154,JPZHSP-8,1,1,0,53.80,,
92155,JPZHSP-10,10,5,5,57.54,,
92156,JPZ-8-DP,0,0,0,438.08,,
92157,APM-12,0,0,0,65.74,80.99,
92158,APM-24,0,0,0,73.04,89.99,
92168,4148-163-E75,2,1,1,238.32,,
92171,PP5030-03,0,0,0,399.99,,
92172,UC128TS-2,3,2,1,614.82,,
92175,GP1040-52,0,0,0,334.53,,
92176,GP1080-15,0,0,0,385.44,,
92177,GP1080-31,0,0,0,385.44,,
92178,GP1080-33,0,0,0,385.44,,
92179,GP1080-35,0,0,0,385.44,,
92180,GP1170-25,0,0,0,385.44,,
92181,GP2030-02,0,0,0,363.62,,
92182,GP2050-15,0,0,0,327.26,,
92183,GP2050-22,0,0,0,327.26,,
92184,GP2050-26,0,0,0,327.26,,
92185,GP2050-33,0,0,0,327.26,,
92186,GP2050-60,0,0,0,327.26,,
92187,GP2200-20,0,0,0,363.62,,
92188,GP2920-01,0,0,0,392.72,,
92189,PP4400-15,0,0,0,269.08,,
92190,PP4600-08,0,0,0,305.44,,
92191,PP4800-14,0,0,0,356.35,,
92192,PP5050-26,0,0,0,370.90,,
92193,PP5100-02,0,0,0,356.35,,
92194,PP5920-00,0,0,0,399.99,,
92195,PP5920-06,0,0,0,414.53,,
92196,PP5920-07,0,0,0,414.53,,
92197,PP5920-13,0,0,0,414.53,,
92198,RMX4400-12,0,0,0,392.72,,
92199,RMX4400-15,0,0,0,392.72,,
92200,RMX4500-09,0,0,0,399.99,,
92201,RMX4500-14,0,0,0,399.99,,
92204,010-12390-41,0,0,0,22.49,,
92205,33-536-01,0,0,0,33.76,41.00,
92207,756015P,0,0,0,155.48,,
92209,S2-6817,0,0,0,1464.24,,
92210,100-343-822-10,0,0,0,42.73,,
92212,SM-ACC3-N2KCT,3,1,2,31.26,,38.47
92213,ME6005D,24,13,11,94.99,,
92222,3000006611,0,0,0,163.53,189.99,
92229,MD4016-806-0-253,32,14,18,69.99,,
92240,88880,3,1,2,1636.10,,
92242,88870,1,0,1,474.99,,
92313,MV5020-123-XS-216,1,1,0,46.13,,
92314,MV5020-123-S-216,0,0,0,46.13,,
92315,MV5020-123-M-216,2,2,0,46.13,,
92316,MV5020-123-L-216,2,2,0,46.13,,
92317,MV5020-123-XL-216,3,2,1,46.13,,
92323,N-8/49FT,8,8,0,14.99,,
92324,OBSSKIT11/12TT,8,8,0,99.99,,
92371,122313,0,0,0,582.27,975.99,
92387,37926-81211,2,0,2,142.24,195.99,
92388,37926-22516,2,0,2,142.24,195.99,
92390,37926-80420,5,0,5,142.24,195.99,
92394,37925-81211,1,0,1,118.29,162.99,
92395,37925-22516,3,0,3,118.29,162.99,
92397,37925-80420,2,0,2,118.29,162.99,
92399,39638-80375,2,0,2,97.97,134.99,
92400,958126001,11,8,3,18.43,,
92405,WM1982B,6,3,3,78.47,,
92406,23903-80368,3,0,3,23.21,31.99,
92407,23903-80020,3,0,3,23.21,31.99,
92409,23903-80098,0,0,0,23.21,31.99,
92410,23903-80018,5,0,5,23.21,31.99,
92411,23903-80019,3,0,3,23.21,31.99,
92412,23903-80085,4,1,3,23.21,31.99,
92413,23903-80251,2,0,2,23.21,31.99,
92414,23903-80021,2,0,2,23.21,31.99,
92449,SC-USB-F1,36,16,20,32.63,,
92450,DS-HD6-BLK,14,14,0,22.78,,
92456,CIP100400060,4,2,2,31.00,,38.25
92458,VBB115021020,7,3,4,15.16,,18.70
92459,VBB115022020,7,3,4,23.43,,28.90
92460,VBB115040020,16,2,14,15.16,,18.70
92461,VBB115060020,6,2,4,22.74,,28.05
92462,VBB125020620,18,9,9,35.14,,43.35
92463,VBB125021220,5,2,3,40.65,,50.15
92464,VBB125040010,54,24,30,46.16,,56.95
92465,VBB160040010,21,3,18,106.11,,130.90
92466,VBB160080010,13,2,11,163.98,,202.30
92469,ZIPK4N1,0,0,0,592.50,,
92472,2-256,6,3,3,2.67,,
92480,9600012982,0,0,0,682.88,,859.99
92482,9600017007,0,0,0,41.25,,55.00
92483,9600017296,0,0,0,16.50,,22.00
92491,9610000651,0,0,0,284.38,,350.00
92492,9610000652,0,0,0,284.38,,350.00
92493,9610000653,0,0,0,325.00,,400.00
92494,9610000655,0,0,0,345.31,,425.00
92505,44310505,16,7,9,781.25,,1007.99
92506,44310355,9,3,6,634.79,,818.99
92507,44320205,4,2,2,695.19,,896.99
92511,V12-4144BKA70-1,14,5,9,143.96,,
92516,G19124,0,0,0,7.83,,
92588,10-960-K,44,22,22,26.33,,
92590,BMS110022000,22,7,15,122.64,,151.30
92591,ASS070200100,7,3,4,13.78,,17.00
92592,ASS030560100,4,1,3,35.14,,43.35
92593,ASS030560200,6,2,4,36.52,,45.05
92594,ASS030560300,8,4,4,39.27,,48.45
92595,ASS030560500,6,4,2,44.78,,55.25
92596,ASS030550320,6,2,4,15.16,,18.70
92597,BMS210055000,7,5,2,188.79,,232.90
92598,SIM-N2K-N0183,0,0,0,469.65,,
92603,010-C1364-30,13,9,4,149.99,,
92604,010-C1365-30,9,9,0,149.99,,
92605,010-C1366-30,17,10,7,149.99,,
92607,010-C1368-30,8,8,0,112.49,,
92608,010-C1369-30,19,0,19,112.49,,
92609,010-C1370-30,41,30,11,112.49,,
92610,010-C1371-30,1,0,1,112.49,,
92612,FVSLANMG1820A00,0,0,0,23.37,,
92614,KAY1619,2,1,1,55.00,,
92616,SUP1619,0,0,0,65.63,,
92617,SAI1619,5,4,1,52.50,,
92618,REN1619,1,1,0,65.63,,
92619,RAD1619,2,1,1,54.00,,
92620,RET1619,0,0,0,65.63,,
92621,BVT-TDL-C,3,3,0,27.00,,
92622,BVT-TDL-Y,4,1,3,27.00,,
92623,BVT-SNR-C,0,0,0,32.50,,
92624,BVT-SNR-Y,0,0,0,32.50,,
92625,BVT-TDL-P-XS,0,0,0,38.13,,
92626,BVT-TDL-P-S,2,2,0,28.99,,
92627,BVT-TDL-P-M,0,0,0,38.13,,
92628,BVT-TDL-P-L,0,0,0,38.13,,
92629,BVT-SNR-P-XS,0,0,0,38.13,,
92631,BVT-SNR-P-S,0,0,0,38.13,,
92632,BVT-SNR-P-M,0,0,0,38.13,,
92633,BVT-SNR-P-L,0,0,0,38.13,,
92635,2000036885,0,0,0,30.94,,
92641,2159359,0,0,0,27.66,,
92642,2159439,5,5,0,22.86,,
92643,2159358,31,18,13,22.86,,
92644,B00085501,0,0,0,219.87,372.51,
92645,2159436,6,0,6,27.65,,
92646,2159360,5,0,5,27.65,,
92648,B00085502,2,2,0,369.00,703.62,
92650,BPC240531104R,11,5,6,87.77,,111.35
92651,010-C1364-40,8,2,6,299.99,,
92652,010-C1365-40,0,0,0,299.99,,
92654,010-C1368-40,4,4,0,187.49,,
92655,010-C1369-40,35,12,23,187.49,,
92656,010-C1370-40,38,24,14,187.49,,
92657,010-C1371-40,22,10,12,187.49,,
92665,861676,2,2,0,412.33,,
92666,T-941A,2,1,1,2449.30,,
92667,T-940A-3,0,0,0,4619.30,,
92669,010-C1287-20,9,6,3,149.99,,
92671,010-C1289-20,1,1,0,112.49,,
92672,010-C1290-20,6,0,6,112.49,,
92673,010-C1291-20,5,4,1,112.49,,
92674,010-C1292-20,0,0,0,112.49,,
92676,010-C1289-00,0,0,0,187.49,,
92677,010-C1290-00,22,5,17,187.49,,
92678,010-C1291-00,16,15,1,187.49,,
92679,010-C1292-00,3,3,0,187.49,,
92682,G201316,5,3,2,9.46,,
92683,G210516,6,4,2,23.15,,
92684,20195-1W,1,0,1,19.80,,
92685,"GP2040-53 ",0,0,0,334.53,,
92686,0655001BLK,0,0,0,103.35,,
92687,0655001BLS,3,0,3,92.12,,
92688,0655001WHS,2,2,0,87.27,,
92689,0655001WHT,0,0,0,99.37,,
92690,0655002WHT,0,0,0,103.35,,
92691,0655002BLK,0,0,0,103.35,,
92692,0618000STS,17,9,8,112.10,,
92693,29280-0000,2,2,0,630.99,,
92694,29240-0000,3,2,1,117.78,,
92695,29270-0000,4,2,2,102.54,,
92696,29250-0000,5,2,3,125.93,,
92698,29279-0000,7,3,4,25.31,,
92701,"HYCO 1.1T",1,1,0,1028.71,,
92709,54061-22PK,0,0,0,6.47,,
92710,54061-23PK,2,1,1,2.99,,
92711,54061-24PK,0,0,0,6.47,,
92718,IRID-PP-SIM-DP,0,0,0,21.43,,
92720,011706,0,0,0,19.80,45.00,
92721,011707,0,0,0,60.23,91.00,
92722,013019,0,0,0,90.22,142.00,
92723,013025,0,0,0,90.22,142.00,
92725,013010,0,0,0,1289.77,1959.00,
92726,013011,0,0,0,1289.77,1959.00,
92728,010-02405-50,7,0,7,139.99,,
92730,BOWB130,0,0,0,4367.50,5590.40,
92732,ORI122424120,17,9,8,129.53,,159.80
92737,B00084201,0,0,0,122.34,196.92,
92738,010-12545-02,7,4,3,29.99,,
92740,MC0075-1055,0,0,0,57.37,,
92741,MC0075-1031,0,0,0,57.37,,
92742,MC0075-1072,0,0,0,57.37,,
92743,010-12800-02,7,2,5,14.99,,
92750,RS-1002-HV-U,1,1,0,778.75,,
92751,72-0928,2,1,1,161.23,,
92754,IRID-SIM-DIP,0,0,0,21.43,,
92761,621-VUP-MC-120-DV,0,0,0,819.08,1003.00,
92772,BMS400100000,5,2,3,39.96,,49.30
92773,CYR010120430,0,0,0,61.32,,75.65
92775,101588,5,2,3,504.51,,823.19
92776,101589,3,3,0,504.71,,823.59
92777,101710,13,1,12,132.28,,219.49
92778,101711,11,6,5,120.93,,200.69
92779,101712,2,2,0,120.93,,200.69
92780,101713,13,5,8,72.06,,118.39
92781,101714,8,5,3,107.92,,178.29
92782,101715,3,2,1,135.59,,224.69
92783,101716,9,3,6,117.01,,194.29
92784,101717,8,2,6,129.09,,213.89
92785,101718,5,2,3,73.05,,120.39
92786,101719,6,0,6,115.30,,190.79
92787,101720,9,5,4,130.75,,217.39
92788,101721,7,4,3,116.84,,194.09
92789,101722,0,0,0,124.95,,207.29
92790,101723,13,5,8,71.17,,116.99
92791,101724,5,2,3,107.68,,177.89
92792,101725,3,2,1,133.98,,222.49
92793,101726,0,0,0,116.84,,194.09
92794,101727,0,0,0,128.73,,213.39
92795,101728,3,0,3,72.89,,119.99
92796,101729,0,0,0,108.72,,179.89
92797,101700,7,4,3,457.08,,756.49
92798,101708,8,4,4,316.35,,518.49
92799,101591,13,5,8,468.99,,767.19
92800,101592,9,5,4,318.28,,519.89
92801,101705,12,6,6,468.99,,767.19
92802,FREEDOM,1,1,0,399.00,,
92804,101645,7,3,4,92.13,,149.39
92805,101694,12,5,7,92.13,,151.49
92806,101695,5,5,0,92.04,,149.19
92808,101590,5,3,2,500.23,,816.09
92809,101603,5,1,4,504.53,,823.19
92810,101731,13,9,4,5.09,,7.79
92811,101732,0,0,0,5.09,,7.79
92817,M90X06,0,0,0,122.14,,
92818,M90X07,0,0,0,122.14,,
92819,M90X08,0,0,0,122.14,,
92820,221409,3,3,0,14.99,,
92823,HE-SLWH2,0,0,0,42.59,63.99,
92824,M90X09,3,1,2,122.14,,
92826,M90X10,2,0,2,122.14,,
92828,M90X11,2,0,2,122.14,,
92829,CA-0144,0,0,0,76.23,,
92830,M90X12,4,2,2,122.14,,
92832,M90X13,2,0,2,122.14,,
92833,M90X14,1,0,1,122.14,,
92835,M90X15,1,0,1,122.14,,
92836,M90X16,2,2,0,122.14,,
92837,M90X17,0,0,0,122.14,,
92838,M90X18,2,0,2,122.14,,
92840,50190,10,5,5,38.92,,
92841,808-1840,18,11,7,30.94,,
92842,B310B,3,2,1,381.40,,
92851,SNAP-IND,0,0,0,36.11,57.99,
92859,2143,5,2,3,208.84,314.95,
92860,P12927-58TEBCL,5,0,5,13.37,,
92861,P12927-58TEBGR,2,1,1,13.37,,
92862,P12927-58TEBBK,5,3,2,13.37,,
92866,1042,0,0,0,9.33,12.99,
92867,1041,0,0,0,10.67,14.99,
92868,1040,0,0,0,6.67,9.99,
92869,1039,0,0,0,10.67,14.99,
92870,1010,0,0,0,128.75,174.99,
92871,1011,0,0,0,128.75,174.99,
92872,1012,0,0,0,128.75,174.99,
92873,1055,0,0,0,128.75,174.99,
92875,1057,0,0,0,128.75,174.99,
92876,1061,0,0,0,128.75,174.99,
92877,1062,0,0,0,128.75,174.99,
92878,1063,0,0,0,128.75,174.99,
92879,1064,0,0,0,128.75,174.99,
92880,1065,0,0,0,128.75,174.99,
92881,1013,0,0,0,191.25,249.99,
92882,1060,0,0,0,191.25,249.99,
92883,1014,0,0,0,191.25,249.99,
92884,88448,0,0,0,91.78,,
92885,ORI122424110,5,2,3,92.33,,113.90
92887,RT320,0,0,0,28.49,56.99,
92890,ORI242441110,9,3,6,163.29,,201.45
92891,10-960,0,0,0,23.40,,
92895,IC900103-6-0-202,25,25,0,892.48,,
92896,MA5183-0-0-101,25,8,17,61.87,,
92897,MA5283-0-0-101,13,2,11,61.87,,
92898,MA7214-0-0-102,94,0,94,61.87,,
92899,MA2014-0-0-102,80,50,30,24.05,,
92900,MA7114-0-0-102,42,20,22,24.05,,
92901,MA7113-0-0-102,18,8,10,24.05,,
92902,MA7116-0-0-102,9,5,4,13.75,,
92903,MA4031-0-0-101,16,12,4,24.05,,
92904,MA3181-0-0-101,4,2,2,34.37,,
92905,MA3070-0-0-101,5,3,2,13.75,,
92907,010-12881-06,0,0,0,79.99,,
92909,140-24V,13,11,2,46.60,,
92910,MA228202-13-0-101,0,0,0,311.25,,
92911,MA228203-13-0-101,0,0,0,311.25,,
92921,MA3032-13-0-101,15,11,4,44.68,,
92922,11810,6,1,5,406.05,,
92923,11811,31,19,12,396.77,,
92924,11812,6,5,1,406.04,,
92926,11842,19,14,5,509.33,,
92946,MA7632-13-0-101,13,6,7,13.75,,
92947,MA7637-13-0-101,33,21,12,13.75,,
92948,MA7206-0-0-102,0,0,0,53.73,,
92949,MA9210-0-0-205,0,0,0,93.75,,
92950,MC1536-2-S-206,0,0,0,347.03,,
92951,MC1536-2-M-206,0,0,0,347.03,,
92952,MC1536-2-L-206,0,0,0,347.03,,
92953,MC1536-2-XL-206,0,0,0,347.03,,
92954,MC1536-2-XXL-206,0,0,0,347.03,,
92955,MC1536-2-XXXL-206,0,0,0,347.03,,
92956,MC1536-4-S-206,0,0,0,347.03,,
92957,MC1536-4-M-206,0,0,0,347.03,,
92958,MC1536-4-L-206,0,0,0,347.03,,
92959,MC1536-4-XL-206,0,0,0,347.03,,
92960,MC1536-4-XXL-206,0,0,0,347.03,,
92961,MC1536-4-XXXL-206,0,0,0,347.03,,
92962,MC5446-123-S-206,0,0,0,359.21,,
92963,MC5446-123-M-206,0,0,0,359.21,,
92964,MC5446-123-L-206,2,2,0,359.21,,
92965,MC5446-123-XL-206,2,2,0,359.21,,
92966,MC5446-123-XXL-206,0,0,0,359.21,,
92967,MC5446-123-XXXL-206,2,2,0,359.21,,
92968,MC5446-33-S-206,0,0,0,359.21,,
92969,MC5446-33-M-206,0,0,0,359.21,,
92970,MC5446-33-L-206,0,0,0,359.21,,
92971,MC5446-33XL-206,0,0,0,359.21,,
92972,MC5446-33-XXL-206,0,0,0,359.21,,
92973,MC5446-33-XXXL-206,0,0,0,359.21,,
92974,MJ5246-123-S-206,0,0,0,348.45,,
92975,MJ5246-123-M-206,0,0,0,348.45,,
92976,MJ5246-123-L-206,0,0,0,348.45,,
92977,MJ5246-123-XL-206,0,0,0,348.45,,
92978,MJ5246-123-XXL-206,0,0,0,348.45,,
92979,MJ5246-123-XXXL-206,0,0,0,348.45,,
92980,MJ5246-13-S-206,0,0,0,348.45,,
92981,MJ5246-13-M-206,1,1,0,348.45,,
92982,MJ5246-13-L-206,4,2,2,348.45,,
92983,MJ5246-13-XL-206,2,2,0,348.45,,
92984,MJ5246-13-XXL-206,2,2,0,348.45,,
92985,MJ5246-13-XXXL-206,0,0,0,348.45,,
92986,MJ5246-33-S-206,0,0,0,348.45,,
92987,MJ5246-33-M-206,0,0,0,348.45,,
92988,MJ5246-33-L-206,0,0,0,348.45,,
92989,MJ5246-33-XL-206,0,0,0,348.45,,
92990,MJ5246-33-XXL-206,0,0,0,348.45,,
92991,MJ5246-33-XXXL-206,0,0,0,348.45,,
92992,MP4212-13-S-101,0,0,0,306.25,,
92993,MP4212-13-M-101,0,0,0,306.25,,
92994,MP4212-13-L-101,0,0,0,306.25,,
92995,MP4212-13-XL-101,0,0,0,306.25,,
92996,MP4212-13-XXL-101,0,0,0,306.25,,
92997,MP4240-13-S-206,0,0,0,385.80,,
92998,MP4240-13-M-206,0,0,0,385.80,,
92999,MP4240-13-L-206,0,0,0,385.80,,
93000,MP4240-13-XL-206,0,0,0,385.80,,
93001,MP4240-13-XXL-206,0,0,0,385.80,,
93002,MP4240-13-XXXL-206,0,0,0,385.80,,
93003,MIS210HR-4-0-209,5,3,2,412.51,,
93004,MIS220HR-4-0-209,0,0,0,412.51,,
93005,MIS230HR-4-0-209,8,2,6,443.75,,
93006,MIS240HR-4-0-209,4,4,0,481.25,,
93012,MRD030-2-0-311,26,11,15,99.37,,
93013,MRD075-0-0-215,70,26,44,45.44,,
93014,MRD100-0-0-101,3,2,1,199.99,,
93015,MRD175-251-0-215,8,0,8,59.64,,
93016,MRD190-0-0-215,27,27,0,36.91,,
93022,MRV15002-251-0-206,0,0,0,226.92,,
93023,MRV170-251-0-206,0,0,0,303.67,,
93024,MS2175-2-XS-206,0,0,0,615.81,,
93025,MS2175-2-S-206,0,0,0,615.81,,
93026,MS2175-2-M-206,0,0,0,615.81,,
93027,MS2175-2-L-206,0,0,0,615.81,,
93028,MS2175-2-XL-206,0,0,0,615.81,,
93029,MS2175-2-XXL-206,0,0,0,615.81,,
93030,MS2175-2-XXXL-206,0,0,0,615.81,,
93031,MS2175-33-XS-206,0,0,0,615.81,,
93032,MS2175-33-S-206,0,0,0,615.81,,
93033,MS2175-33-M-206,2,2,0,615.81,,
93034,MS2175-33-L-206,4,2,2,615.81,,
93035,MS2175-33-XL-206,4,4,0,615.81,,
93036,MS2175-33-XXL-206,0,0,0,615.81,,
93037,MS2175-33-XXXL-206,0,0,0,615.81,,
93042,MSL600GS-13-XS-101,0,0,0,224.93,,
93043,MSL600GS-13-S-101,0,0,0,224.93,,
93044,MSL600GS-13-M-101,0,0,0,224.93,,
93045,MSL600GS-13-L1-101,1,1,0,224.93,,
93046,MSL600GS-13-L2-101,0,0,0,224.93,,
93047,MSL600GS-13-XL-101,0,0,0,224.93,,
93048,MSL600GS-13-XXL-101,0,0,0,224.93,,
93049,MSL600GS-13-XXXL-101,0,0,0,224.93,,
93050,MSL606-13-0-101,0,0,0,31.01,,
93051,MV1254T1-2-S/M-216,19,19,0,68.80,,
93052,MV1254T1-2-L/XL-216,61,42,19,68.80,,
93053,MV1254T1-2-XXL/XXXL-216,53,41,12,68.80,,
93054,MV1254T1-2-4XL/5XL-216,34,31,3,68.80,,
93055,MV1254T3-239-S/M-216,5,4,1,103.04,,
93056,MV1254T3-239-L/XL-216,14,10,4,103.04,,
93057,MV1254T3-239-XXL/XXXL-216,11,6,5,103.04,,
93058,MV1254T3-239-4XL/5XL-216,2,2,0,103.04,,
93059,FNTCDEX08000A00,0,0,0,62.59,,
93061,FVEFF130CNLDA00,0,0,0,14.19,,
93062,FVEFF225CNLDA00,0,0,0,14.19,,
93063,FVEFF150CNLDA00,0,0,0,14.19,,
93064,FVEFF250CNLDA00,0,0,0,14.19,,
93065,FVEFF325CNLDA00,0,0,0,14.19,,
93066,FVEFPTFH3000A00,0,0,0,62.59,,
93068,FGTLV1250100A00,0,0,0,243.27,,
93069,FGTLV1400100A00,0,0,0,367.20,,
93070,FGTLV1850100A00,0,0,0,376.37,,
93076,61392C,2,1,1,552.49,,
93081,02152,3,1,2,17.21,,
93084,11920,0,0,0,36.26,,
93085,11921,0,0,0,34.80,,
93086,11922,0,0,0,34.44,,
93089,01201,9,0,9,8.91,12.20,
93090,01202,6,2,4,10.40,14.24,
93092,01203,5,1,4,13.32,18.23,
93093,01204,3,0,3,20.96,28.69,
93094,01205,5,0,5,33.81,46.28,
93095,01211,0,0,0,10.52,14.41,
93096,01212,7,0,7,12.55,17.17,
93097,01213,4,0,4,16.31,22.31,
93098,01214,4,0,4,25.33,34.68,
93099,01222,5,0,5,15.61,21.38,
93100,01223,3,0,3,17.39,23.80,
93101,01224,3,0,3,28.11,38.46,
93102,01241,4,0,4,10.96,15.00,
93103,01242,4,0,4,12.11,16.58,
93104,01243,4,0,4,15.43,21.12,
93105,01244,9,0,9,24.13,33.02,
93106,01245,0,0,0,39.56,54.15,
93107,01246,0,0,0,62.53,85.60,
93108,01262,6,0,6,18.84,25.80,
93109,01401,3,0,3,13.81,18.91,
93110,01402,4,0,4,16.83,23.04,
93111,01403,3,0,3,21.40,29.28,
93112,01404,5,0,5,32.41,44.37,
93113,01405,4,0,4,50.36,68.94,
93114,01406,5,0,5,76.67,104.93,
93115,01411,5,0,5,16.83,23.04,
93116,01412,3,0,3,19.69,26.95,
93117,01413,2,0,2,26.67,36.51,
93118,01414,4,0,4,41.64,56.99,
93119,01415,2,0,2,66.97,91.67,
93120,01422,3,0,3,21.57,29.54,
93121,01423,7,0,7,28.79,39.40,
93122,01424,8,0,8,44.12,60.39,
93123,01432,5,0,5,19.37,26.52,
93124,01433,8,0,8,25.92,35.49,
93125,01434,2,0,2,46.73,63.96,
93126,01441,3,0,3,15.61,21.38,
93127,01442,5,0,5,18.35,25.12,
93128,01443,3,0,3,23.81,32.60,
93129,01444,3,0,3,35.27,48.28,
93130,01445,2,0,2,56.29,77.05,
93131,01494,3,0,3,55.89,76.50,
93132,01495,3,0,3,86.65,118.62,
93133,02284,4,0,4,28.23,38.63,
93134,02313,4,0,4,20.77,28.43,
93135,02315,7,0,7,26.95,36.89,
93136,02316,2,0,2,36.05,49.34,
93137,02323,3,0,3,22.60,30.94,
93138,02325,4,0,4,29.63,40.55,
93139,02326,6,0,6,39.03,53.42,
93140,02327,5,0,5,65.03,89.00,
93141,02328,6,5,1,78.00,106.76,
93142,02333,4,0,4,18.29,25.03,
93143,PIN242510500,8,2,6,78.55,,96.90
93144,02335,3,1,2,24.72,33.83,
93145,02336,5,0,5,32.23,44.12,
93146,02337,7,0,7,54.61,74.76,
93147,02373,5,0,5,66.41,90.91,
93148,58243,6,5,1,18.97,,
93149,02375,6,0,6,94.85,129.84,
93150,02377,2,0,2,147.49,201.88,
93151,58269,5,3,2,56.54,,
93155,58270,0,0,0,55.44,,
93156,MALRB2-25-S/M-253,0,0,0,18.75,,
93157,MALRB2-25-L/XL-253,0,0,0,18.75,,
93159,69043,13,9,4,34.66,,
93160,"200-024G2 6M",0,0,0,351.16,,395.06
93174,MD3070-191-0-202,13,5,8,72.51,,99.99
93175,MD3070-268-0-202,9,3,6,72.51,,99.99
93187,MD3183LE-13-0-101,9,3,6,312.31,,
93190,MD3183LE-33-0-101,0,0,0,312.31,,
93191,MD3183T2-33-0-101,7,6,1,312.49,,
93192,MD3183T3-239-0-202,4,1,3,299.93,,
93202,MD7183-191-0-202,8,5,3,164.99,,219.99
93203,MD7183-268-202,4,2,2,164.99,,219.99
93204,MD7183-4-0-202,7,4,3,164.99,,219.99
93210,000-156-058-11,0,0,0,80.00,,
93235,MV3104T1-2-0-216,19,9,10,43.31,,
93236,MV3128T2-2-S-216,7,3,4,62.48,,
93237,MV3128T2-2-M-216,8,4,4,62.48,,
93238,MV3128T2-2-L-216,12,8,4,62.48,,
93245,MV3128T2-2-XXL-216,14,10,4,62.48,,
93248,MV3128T2-2-7XL-216,10,6,4,62.48,,
93250,MV3192-2-0-16,23,19,4,83.83,,
93252,69080,18,5,13,19.26,,
93254,MV3196T2-2-S-216,0,0,0,56.55,,
93255,MV3196T2-2-M-216,0,0,0,56.55,,
93256,MV3196T2-2-L-216,0,0,0,56.55,,
93257,MV3196T2-2-XL-216,0,0,0,56.55,,
93258,MV3196T2-2-XXL-216,0,0,0,56.55,,
93259,MV3196T2-2-7XL-216,0,0,0,56.55,,
93262,MA7136-2-0-101,6,4,2,74.88,,
93263,MA7136-4-0-101,0,0,0,74.88,,
93279,MC1506-2-S-206,0,0,0,264.21,,
93280,MC1506-2-M-206,0,0,0,264.21,,
93282,MC1506-2-L-206,0,0,0,264.21,,
93283,MC1506-2-XL-206,0,0,0,264.21,,
93284,MC1506-2-XXL-206,0,0,0,264.21,,
93285,MC1506-2-XXXL-206,0,0,0,264.21,,
93286,MC1506-4-S-206,0,0,0,264.21,,
93287,MC1506-4-M-206,0,0,0,264.21,,
93288,MC1506-4-L-206,0,0,0,264.21,,
93289,MC1506-4-XL-206,0,0,0,264.21,,
93290,MC1506-4-XXL-206,0,0,0,264.21,,
93291,MC1506-4-XXXL-206,0,0,0,264.21,,
93292,MC1506T3-239-S-206,0,0,0,345.69,,
93293,MC1506T3-239-M-206,0,0,0,345.69,,
93294,MC1506T3-239-L-206,0,0,0,345.69,,
93295,MC1506T3-239-XL-206,0,0,0,345.69,,
93296,1810380,1,0,1,311.20,,
93297,MC1506T3-239-XXL-206,0,0,0,345.69,,
93298,1810381,1,0,1,311.20,,
93299,MC1506T3-239-XXXL-206,0,0,0,345.69,,
93300,1810382,2,0,2,311.20,,
93301,1810383,1,0,1,311.20,,
93302,1810384,0,0,0,352.15,,
93303,1810385,1,0,1,352.15,,
93304,1810386,1,0,1,352.15,,
93305,1810387,0,0,0,352.15,,
93306,1810388,1,1,0,122.84,,
93307,1810389,5,0,5,122.84,,
93308,1810350,3,2,1,114.64,,
93309,1810351,5,0,5,114.64,,
93310,1810356,1,0,1,94.17,,
93311,1810357,0,0,0,94.17,,
93317,MJ6214T1-2-S-206,0,0,0,266.79,,
93318,MJ6214T1-2-M-206,0,0,0,266.79,,
93319,MJ6214T1-2-L-206,0,0,0,266.79,,
93320,MJ6214T1-2-XL-206,0,0,0,266.79,,
93321,MJ6214T1-2-XXL-206,0,0,0,266.79,,
93322,MJ6214T1-2-XXXL-206,0,0,0,266.79,,
93323,MD318802-2-0-202,14,8,6,269.99,,
93324,MJ6214T1-33-S-206,0,0,0,266.79,,
93325,MJ6214T1-33-M-206,1,1,0,266.79,,
93326,MJ6214T1-33-L-206,0,0,0,266.79,,
93327,MJ6214T1-33-XL-206,0,0,0,266.79,,
93328,MJ6214T1-33-XXL-206,0,0,0,266.79,,
93329,MJ6214T1-33-XXXL-206,0,0,0,266.79,,
93330,MJ6214T3-239-S-206,0,0,0,371.59,,
93331,MJ6214T3-239-M-206,0,0,0,371.59,,
93332,MJ6214T3-239-L-206,0,0,0,371.59,,
93333,MJ6214T3-239-XL-206,0,0,0,371.59,,
93334,MJ6214T3-239-XXL-206,0,0,0,371.59,,
93335,MJ6214T3-239-XXXL-206,0,0,0,371.59,,
93352,P12848-100BK-MS,0,0,0,362.67,,
93354,P13371-320TEBGR,0,0,0,207.33,,
93355,P13371-361TEBCL,0,0,0,207.33,,
93356,P13371-361TEBBK,0,0,0,207.33,,
93357,P13371-361TEBGR,0,0,0,207.33,,
93358,48-PSP-410-A,2,0,2,705.61,,
93359,XT-SF-250-K6,0,0,0,986.21,1207.00,
93360,48-WSP-44A,2,0,2,361.23,,
93362,P12902-100GR,0,0,0,86.09,,
93363,P13157-170TEBCL,2,0,2,255.57,,
93364,P13157-170TEBGR,0,0,0,255.57,,
93365,P13157-170TEBBK,5,4,1,255.57,,
93372,MV5606-4-S-216,0,0,0,120.39,,
93373,MV5606-4-M-216,0,0,0,120.39,,
93374,MV5606-4-L-216,0,0,0,120.39,,
93376,MV5606-4-XL-216,0,0,0,120.39,,
93377,MV5606-4-XXL-216,0,0,0,120.39,,
93379,MV5606-4-XXXL-216,0,0,0,120.39,,
93389,P12848-1300TEBCL,2,0,2,539.08,,
93391,P12848-1300TEBGR,0,0,0,539.08,,
93393,P12848-1300TEBBK,0,0,0,539.08,,
93396,P12848-1320TEBCL,2,1,1,539.08,,
93397,P12848-1320TEBGR,0,0,0,539.08,,
93398,P12848-1320TEBBK,0,0,0,539.08,,
93399,P13371-360TEBCL,0,0,0,207.33,,
93400,P12848-1360TEBCL,0,0,0,539.08,,
93401,P12848-1360TEBGR,0,0,0,539.08,,
93402,P12848-1360TEBBK,0,0,0,539.08,,
93403,P12848-1361TEBCL,0,0,0,539.08,,
93404,P12848-1361TEBGR,0,0,0,539.08,,
93405,P12848-1361TEBBK,0,0,0,539.08,,
93406,P13228-300PCWH01,2,0,2,414.69,,
93407,P13228-135PCWH01,0,0,0,414.69,,
93408,P12848-2300TEBCL,3,0,3,373.19,,
93409,P12848-2300TEBGR,7,3,4,373.19,,
93410,P12848-2300TEBBK,9,5,4,373.19,,
93411,P12848-2320TEBCL,2,1,1,373.19,,
93412,P12848-2320TEBGR,0,0,0,373.19,,
93413,P12848-2320TEBBK,0,0,0,373.19,,
93414,P12848-2360TEBCL,0,0,0,373.19,,
93415,P12848-2360TEBGR,0,0,0,373.19,,
93416,P12848-2360TEBBK,0,0,0,373.19,,
93417,P12848-2361TEBCL,0,0,0,373.19,,
93418,P12848-2361TEBGR,0,0,0,373.19,,
93419,P12848-2361TEBBK,0,0,0,373.19,,
93426,MV8035-2-0-227,8,5,3,74.99,,
93427,MV8040-2-0-227,12,8,4,87.49,,
93428,FRBAP1319,21,10,11,30.17,,
93429,BE-EL-51004-DP,7,5,2,9.09,,
93430,BE-EL-31639-DP,0,0,0,17.56,,
93431,BE-EL-31640-DP,0,0,0,41.65,,
93432,BE-EL-51047-DP,0,0,0,14.83,,
93433,BE-EL-31643-DP,8,0,8,15.73,,
93434,BE-AN-50299-DP,7,4,3,16.93,,
93435,BE-AN-50301-DP,5,3,2,32.91,,
93441,OBI9000H-DS,0,0,0,520.96,,
93444,611513,0,0,0,93.66,144.19,
93464,SXV300M1,26,14,12,69.74,,
93467,010-11169-00,2,2,0,59.99,,
93472,010-12166-00,10,0,10,18.75,,
93474,02381,6,0,6,37.08,50.75,
93475,02470,23,10,13,40.49,55.42,
93476,02471,7,3,4,45.59,62.39,
93477,02472,4,0,4,68.56,93.84,
93478,02473,5,0,5,59.28,81.13,
93479,02474,6,2,4,63.28,86.62,
93482,28510700,5,2,3,308.37,,
93483,28010700,0,0,0,323.19,,
93484,28011000,0,0,0,412.28,,
93485,28011500,0,0,0,616.05,,
93486,28012000,0,0,0,816.28,,
93487,28012500,0,0,0,1070.95,,
93488,28013500,0,0,0,1412.17,,
93489,70405060,0,0,0,193.57,,
93490,70405070,1,1,0,238.95,,
93491,83301202,0,0,0,144.15,,
93492,83309002,5,3,2,234.67,,
93494,010-C1357-30,0,0,0,181.99,,
93495,010-C1358-30,0,0,0,181.99,,
93496,010-C1359-30,0,0,0,98.58,,
93497,010-C1360-30,0,0,0,98.58,,
93498,010-C1361-30,0,0,0,98.58,,
93499,010-C1362-30,0,0,0,98.58,,
93500,010-C1363-30,0,0,0,98.58,,
93513,MA7348-4-0-227,32,6,26,44.69,,
93514,MA6000-13-0-101,6,3,3,59.07,,
93515,MA6000-2-0-101,7,3,4,59.07,,
93518,010-02536-00,0,0,0,412.49,,
93519,010-02536-10,0,0,0,472.49,,
93520,010-12545-03,3,3,0,37.49,,
93524,HE-EL3,0,0,0,164.28,281.99,
93558,157050R,1,1,0,82.07,,
93559,158042R,1,1,0,75.23,,
93564,134212R,5,3,2,82.07,,
93573,GP2040-16,0,0,0,334.53,,
93579,B45-DT-9N,0,0,0,246.14,324.99,
93582,890086WDP,6,0,6,24.50,,
93583,62-542-TR-WT,9,9,0,52.44,,
93585,0315DP1STS,0,0,0,6.28,,
93586,0315DP2STS,28,10,18,7.82,,
93587,0330DP1STS,26,16,10,5.73,,
93588,0330DP2STS,0,0,0,7.82,,
93589,M0616,0,0,0,11.93,,
93590,2018MB,0,0,0,21.09,,
93612,BK-0019-C,0,0,0,28.44,,
93614,11185,0,0,0,8.33,,
93637,MDA-5H,9,3,6,839.30,,
93666,010-13228-04,5,3,2,89.99,,
93667,010-13228-03,2,2,0,29.99,,
93668,010-13228-02,0,0,0,29.99,,
93669,010-13228-01,11,5,6,29.99,,
93670,010-13228-00,20,14,6,112.49,,
93672,HT1424AW,3,1,2,194.19,,
93673,Z76-8000POL25.5-1,0,0,0,95.62,,
93677,1710BL-14B-KIT,3,3,0,499.99,,
93678,RBA-200-ROP,0,0,0,320.63,,
93679,RTB-50,4,4,0,70.63,,
93680,RTB-75,0,0,0,79.38,,
93689,ARG-2,15,11,4,15.00,,
93690,ARG-3,18,9,9,15.56,,
93692,010-12953-01,0,0,0,39.99,,
93695,ARG-1,15,7,8,14.44,,
93696,E70640,0,0,0,1055.99,,
93697,SH-003,3,2,1,220.14,,
93698,B00070501,3,3,0,148.83,239.58,
93710,010-13267-00,3,2,1,29.99,,
93717,010-13266-20,1,0,1,89.99,,
93718,010-13269-20,1,1,0,22.49,,
93719,010-13266-30,1,0,1,22.49,,
93720,010-13270-00,8,8,0,22.49,,
93721,010-13269-00,4,4,0,22.49,,
93724,010-13273-00,2,1,1,22.49,,
93729,010-13274-10,2,2,0,37.49,,
93730,010-13275-00,2,2,0,19.99,,
93732,010-13276-00,3,3,0,22.49,,
93735,010-13269-40,0,0,0,22.49,,
93737,02475,7,0,7,69.64,95.33,
93738,02476,2,0,2,84.36,115.47,
93739,02477,5,0,5,126.87,173.66,
93740,02479,0,0,0,13.95,19.08,
93741,02480,4,0,4,19.37,26.52,
93742,02481,12,8,4,31.45,43.05,
93743,03-REV-BH,33,10,23,66.11,,
93744,62632,5,3,2,47.63,,
93759,010-13101-20,1,0,1,77.99,,
93760,010-13101-10,2,0,2,77.99,,
93761,010-13101-00,2,0,2,77.99,,
93763,1630001,8,6,2,52.41,,
93765,1640002,15,6,9,47.14,,
93766,11850,4,3,1,441.75,,
93771,6275,6,2,4,166.84,250.25,
93776,09-36012,18,12,6,6.87,,
93779,RF15107,0,0,0,10.51,16.06,
93788,LFV-12VA,4,4,0,55.68,,
93793,97EHD-190-24-IG,0,0,0,2912.09,2915.00,
93796,CT3916,0,0,0,1195.43,,
93797,CT3918,1,0,1,1265.96,,
93798,CT3920,0,0,0,1425.60,,
93799,CT3920XS,0,0,0,1548.11,,
93800,CT3922,0,0,0,1737.45,,
93801,CT3924,0,0,0,1770.86,,
93802,CT3926,0,0,0,1837.69,,
93806,GP1600-17,0,0,0,341.81,,
93809,400-080-26,0,0,0,1289.72,,1450.93
93811,SB50GR1,2,0,2,19.94,,
93814,CABLE-STARTER-1,5,2,3,136.08,,
93827,MC0075-1084,0,0,0,57.37,,
93828,MC0075-1133,1,1,0,57.37,,
93830,MRV050WR-251-XS/S-216,0,0,0,96.25,,
93831,MRV050WR-251-M/L-216,7,5,2,96.25,,
93832,MRV050WR-251-XL/XXL-216,10,8,2,96.25,,
93834,325181-3,8,4,4,56.65,,
93835,325188-1,5,4,1,48.89,,
93836,325189-1,7,4,3,34.85,,
93837,403051-1,2,2,0,45.76,,
93839,FVSGEL185R05A00,2,1,1,45.52,,
93840,F4-A100-S,1,0,1,2599.99,,
93848,010-02732-10,2,2,0,674.99,,
93849,010-02732-11,1,1,0,1237.49,,
93855,25507,13,7,6,56.36,,
93856,25650,4,3,1,14.50,,
93857,25653,3,1,2,25.71,,
93858,39062,0,0,0,40.45,,
93859,39511,30,6,24,15.23,,
93860,39513,0,0,0,13.83,,
93861,98-1805,3,0,3,6.38,,
93862,98-1810,2,0,2,7.35,,
93863,98-1815,5,0,5,8.31,,
93864,39834,58,5,53,3.20,,
93865,98-2510,4,0,4,8.31,,
93866,98-2515,2,0,2,9.29,,
93867,98-2520,3,0,3,10.23,,
93868,98-3110,2,0,2,9.08,,
93869,98-3115,4,0,4,9.91,,
93870,98-3120,0,0,0,10.92,,
93871,70-07,4,0,4,21.79,,
93872,70-27,4,0,4,38.56,,
93873,77-17-BLK,2,0,2,5.23,,
93874,43031,3,2,1,23.41,,
93875,77-17-RED,4,0,4,5.23,,
93876,70-94,2,0,2,30.38,,
93877,43041,1,0,1,28.53,,
93878,70-95,5,3,2,39.01,,
93879,43051,45,24,21,35.99,,
93880,70-96,3,0,3,44.49,,
93881,70-98,4,0,4,61.51,,
93882,60-75,2,0,2,30.71,,
93883,60-120,3,0,3,40.13,,
93884,60-150,0,0,0,57.56,,
93885,43061,0,0,0,42.35,,
93886,60-200,6,2,4,101.26,,
93887,93-21,3,0,3,16.90,,
93888,93-33,3,0,3,14.01,,
93889,78-75,2,0,2,35.71,,
93890,36-18,0,0,0,148.05,,
93891,36-17,2,0,2,157.44,,
93892,43623,24,14,10,13.89,,
93893,44423,0,0,0,29.03,,
93894,44425,0,0,0,53.83,,
93895,44512,10,6,4,38.51,,
93896,44521,0,0,0,39.60,,
93897,44527,8,3,5,45.65,,
93898,44550,5,3,2,107.18,,
93899,44591,3,3,0,21.69,,
93907,SFH,50,50,0,12.00,,
93915,39080,10,4,6,21.80,,
93916,39085,152,134,18,40.61,,
93917,39319,7,3,4,12.47,,
93918,39736,17,11,6,12.32,,
93919,39741,31,31,0,44.67,,
93920,39761,7,5,2,35.43,,
93921,39764,47,17,30,20.98,,
93922,39765,3,0,3,17.84,,
93926,39812,16,7,9,12.96,,
93927,39847,38,23,15,6.59,,
93929,39855,3,3,0,16.21,,
93930,39857,21,15,6,6.60,,
93931,39859,0,0,0,52.80,,
93932,39861,0,0,0,52.67,,
93934,39865,7,1,6,26.71,,
93935,39867,6,1,5,63.43,,
93938,187690,132,80,52,11.20,,
93939,22577,3,2,1,21.25,,
93941,22597,9,7,2,40.08,,
93942,40634,7,4,3,47.75,,
93947,ARG-506,11,11,0,3.33,,
93953,19-0618,0,0,0,48.00,,
93954,QUA245021010,0,0,0,2030.48,,2504.95
93958,PHRKIIU,34,16,18,56.25,,
93959,3226,6,2,4,138.06,207.95,
93960,07001,3,0,3,92.99,139.40,
93961,07150,3,0,3,333.29,456.20,
93968,B45-DT-8G,0,0,0,250.88,324.99,
93970,100-368-954-10,0,0,0,39.09,,
93972,DS30-P-BLK-3,15,6,9,69.94,,
93973,DS30-P-BLK-5,8,3,5,118.37,,
93974,DS-H10-BLK-3,5,4,1,64.23,,
93975,DS-H10-BLK-5,3,2,1,107.05,,
93976,DS30-P-5,0,0,0,116.57,,
93977,DS30-P-3,0,0,0,69.94,,
93978,DS-H6-BLK-3,6,4,2,45.54,,
93979,DS-H6-BLK-5,3,2,1,75.90,,
93980,DS21A-P-BLK-3,2,0,2,65.06,,
93981,DS21A-P-BLK-5,1,0,1,108.43,,
93982,50533PK,0,0,0,7.30,,
93983,35.2STA,0,0,0,751.55,994.30,
93984,35.2STC,0,0,0,835.49,1104.55,
93985,35.2STCCC,0,0,0,1252.96,1656.85,
93986,40.2STA,0,0,0,854.39,1129.75,
93987,40.2STC,0,0,0,953.89,1261.00,
93988,40.2STCCC,0,0,0,1321.89,1748.20,
93989,46.2STA,0,0,0,1161.24,1536.10,
93990,46.2STC,0,0,0,1392.48,1841.65,
93991,46.2STCCC,0,0,0,1741.02,2302.60,
93992,50.2STA,0,0,0,1809.95,2392.90,
93993,50.2STC,0,0,0,2018.96,2670.10,
93994,50.2STCCC,0,0,0,2784.98,3682.30,
93997,TFR-230,15,13,2,61.41,,
93998,TFR-280,0,0,0,70.96,,
93999,TFR-402,0,0,0,18.63,,
94000,TFR-403,9,9,0,13.99,,
94001,TFR-404,18,11,7,19.73,,
94002,APT-LB-L1,3,1,2,191.52,,
94010,883-0105-12,0,0,0,675.84,,
94011,883-0125-12,0,0,0,777.78,,
94012,883-0240-12,0,0,0,1599.99,,
94015,7655,0,0,0,255.43,,
94016,7155,34,2,32,365.93,,
94022,819-0120-12,2,1,1,1330.11,,
94029,808-0817-03,0,0,0,77.38,,
94031,TFR-280-2,1,1,0,188.04,,
94038,HT1115AW,0,0,0,132.50,,
94044,000-12292-001,1,1,0,152.61,,
94047,"F-1 BLUE",0,0,0,43.79,,
94048,"F-2 BLUE",0,0,0,57.17,,
94049,"F-3 BLUE",0,0,0,78.33,,
94050,"F-4 BLUE",4,4,0,86.00,,
94051,"F-5 BLUE",0,0,0,107.40,,
94052,"F-6 BLUE",1,1,0,124.99,,
94053,"F-7 BLUE",0,0,0,203.31,,
94054,"F-8 BLUE",0,0,0,339.25,,
94055,"F-10 BLUE",0,0,0,388.67,,
94059,"CS 02906",13,6,7,21.35,29.95,
94065,1935,0,0,0,409.42,,
94067,PST-1000F-12,0,0,0,445.80,614.90,
94072,PIN122122500,10,5,5,216.35,,266.90
94073,BPC241247106,9,2,7,140.03,,177.65
94075,720119-1,0,0,0,90.91,,
94083,2155747,10,3,7,51.02,74.99,
94084,2155764,0,0,0,29.15,,
94089,89-428-155,56,30,26,1.36,,
94090,260749,0,0,0,3.50,,
94107,20RSB,310,55,255,44.69,,
94110,CABLE-STARTER-2,2,1,1,196.12,,
94118,MV3128T2-2-XL-216,30,21,9,62.48,,
94120,"G-1 SAND W/AIR ADAPTER",8,8,0,12.39,,
94121,"G-2 SAND W/AIR ADAPTER",11,11,0,12.00,,
94122,"G-3 SAND W/AIR ADAPTER",0,0,0,17.25,,
94123,"G-4 SAND W/AIR ADAPTER",0,0,0,25.92,,
94124,"G-5 SAND W/AIR ADAPTER",0,0,0,49.56,,
94125,"G-6 SAND W/AIR ADAPTER",2,0,2,65.29,,
94130,"MOROSINI U/CH/B",5,3,2,174.70,,
94133,HE-BD22,0,0,0,254.74,417.99,
94134,NISIDA-B/B,5,3,2,134.64,,
94135,V27,4,3,1,105.12,,
94144,36010,4,0,4,285.49,427.98,
94145,36020,4,0,4,364.08,545.79,
94146,36030,2,0,2,539.64,808.99,
94147,10193,2,0,2,34.08,,
94148,10192,3,0,3,76.55,,
94151,07053,5,0,5,230.45,345.48,
94152,07052,4,0,4,193.49,290.06,
94153,07051,6,0,6,163.77,245.52,
94157,HE-BD14,0,0,0,179.80,294.99,
94170,SCM-RAL-RGB-0.5,0,0,0,15.25,,22.00
94171,SCM-RAL-RGB-0.4-AB,0,0,0,12.99,,18.50
94172,SCM-RAL-RGB-0.4-PW,6,6,0,11.89,,16.99
94173,SC3-CC-ALSM,7,3,4,193.90,,279.00
94174,SC3-BB-ALSM,4,2,2,169.51,,249.00
94175,SC3-GW-ALSM,4,2,2,169.51,,249.00
94179,REC040010210R,18,14,4,16.54,,20.40
94206,FSDP20512007B00,0,0,0,1393.68,,
94208,WS-C15,0,0,0,123.93,158.76,
94211,SCU-38,39,7,32,23.33,,
94212,400-401,0,0,0,115.59,,130.03
94213,400-401-B,0,0,0,115.59,,130.03
94214,B4-209DN2,0,0,0,2207.18,,
94215,B4-209DNSB2,0,0,0,2343.29,,
94216,B4-309DN2,0,0,0,2795.18,,
94217,B4-309DNSB2,0,0,0,2931.29,,
94218,MA0094-0-0-101,7,4,3,8.61,,
94220,MLS-410SP-B,7,3,4,33.32,,
94222,FNQNCCHCF000A00,7,4,3,680.15,,
94224,0057206,2,1,1,376.39,,
94225,0057406,0,0,0,157.27,,
94226,0057905,0,0,0,52.79,,
94227,0057907,0,0,0,72.97,,
94228,HKG-S8,0,0,0,29.30,,
94229,29060152BK,1,1,0,252.91,,
94230,29461354BK,0,0,0,566.15,,
94231,29462354BK,0,0,0,757.58,,
94233,49515055,0,0,0,646.02,,
94234,49515056,0,0,0,720.42,,
94235,49515057,0,0,0,646.02,,
94236,49530055,1,1,0,847.77,,
94237,49530056,0,0,0,1092.31,,
94238,49530057,0,0,0,999.22,,
94239,49540055,0,0,0,1203.77,,
94240,49540056,1,0,1,1296.69,,
94241,49540057,1,0,1,1203.77,,
94242,49545055,1,1,0,1380.18,,
94243,49545056,0,0,0,1719.73,,
94244,49545057,1,1,0,1380.18,,
94245,49550055,0,0,0,2069.70,,
94246,49550056,0,0,0,2301.41,,
94247,49550057,0,0,0,2069.70,,
94248,88961,0,0,0,3.16,,
94249,88961-1,0,0,0,7.91,,
94250,88961-2,0,0,0,7.91,,
94251,88961-3,2,0,2,7.91,,
94252,166132,20,10,10,10.99,28.97,
94253,49555055,0,0,0,2928.14,,
94254,49555056,0,0,0,3207.00,,
94255,49555057,0,0,0,2928.14,,
94256,589012,2,2,0,13.89,,
94257,SWIVEL500F,1,1,0,96.74,,
94258,66840066,2,0,2,192.84,,
94259,SS180003,5,1,4,47.33,,
94260,SS180007,1,0,1,68.58,,
94261,589150,4,3,1,15.49,,
94262,589842,8,4,4,151.93,,
94263,68000593,3,1,2,69.29,,
94264,68000917,1,0,1,40.53,,
94265,68000918,3,0,3,40.53,,
94266,39660070,0,0,0,794.82,,
94267,39910030,5,3,2,293.18,,
94268,FPWCS8300000,3,1,2,77.40,,
94272,SWIVEL312F,1,1,0,51.45,,
94273,0057910,0,0,0,93.14,,
94274,68000856,4,4,0,38.57,,
94275,89400470,1,1,0,18.56,,
94276,SS180001,1,1,0,42.60,,
94277,0057404,0,0,0,105.05,,
94278,69000334,2,1,1,318.29,,
94279,66840070,1,1,0,38.57,,
94280,0057416,0,0,0,314.41,,
94281,0057205,0,0,0,372.55,,
94282,0057915,0,0,0,132.96,,
94283,HM15HT200PX,1,1,0,433.38,,
94284,0058910,0,0,0,793.08,,
94285,69000331,1,1,0,181.81,,
94286,0057410,0,0,0,223.48,,
94296,010-02541-60,2,0,2,824.99,,
94297,589094,11,3,8,187.21,,
94298,589268,20,0,20,264.48,,
94299,589550,2,0,2,39.63,,
94300,590003LEW,3,2,1,1566.06,,
94301,591468,0,0,0,1659.27,,
94302,29140020,4,4,0,20.97,,
94303,29927201BK,2,0,2,44.47,,
94304,29145301,0,0,0,59.45,,
94305,29141010,0,0,0,60.33,,
94306,29925001BK,2,2,0,23.16,,
94307,29926001BK,2,1,1,31.96,,
94309,29145311,4,4,0,63.56,,
94310,29929001BK,0,0,0,100.97,,
94311,29196001,2,1,1,60.96,,
94312,29197201,0,0,0,97.00,,
94313,29925040,7,0,7,34.17,,
94314,29140042,1,0,1,104.88,,
94315,29927240,1,0,1,44.47,,
94316,360002990,0,0,0,9.90,,
94317,361680990,0,0,0,49.92,,
94318,393820862,1,1,0,335.64,,
94319,360869999,2,0,2,39.66,,
94320,89700820,15,7,8,127.01,,
94321,19701000,1,0,1,20.97,,
94322,68001249,0,0,0,79.18,,
94323,68001256,1,0,1,79.18,,
94324,19700401,0,0,0,53.36,,
94325,19712056,7,5,2,13.30,,
94326,68000939,23,9,14,131.11,,
94327,6670011108-312,9,6,3,933.81,,
94328,0052531,8,2,6,160.05,,
94329,6656411108-102,0,0,0,1286.42,,
94330,6656211967-310,5,1,4,1183.30,,
94331,6657011108-102,2,0,2,1166.00,,
94332,66000099,8,8,0,18.67,,
94333,6670011108,28,11,17,814.04,,
94334,6656011967,2,0,2,1025.51,,
94335,6656811967-303,2,1,1,760.20,,
94336,66000610,16,4,12,130.15,,
94337,68000883,1,0,1,40.53,,
94338,68000884,3,1,2,40.53,,
94339,68000888,12,6,6,90.27,,
94340,68000889,12,4,8,90.27,,
94341,68000240,0,0,0,103.90,,
94342,68000129,3,1,2,296.14,,
94343,66000616,1,0,1,254.46,,
94344,300-136+112G2,0,0,0,3084.23,,3469.75
94346,BPAJ,0,0,0,256.50,328.32,
94353,AHJC-4V-DP,0,0,0,1300.88,,
94355,AHJC-6V-DP,0,0,0,1175.29,,
94356,E-4209-06,4,2,2,83.75,,
94358,S722-BK,0,0,0,83.27,133.99,
94366,APD-2-DP,18,5,13,4.01,,
94367,010-13116-01,167,94,73,18.75,,
94368,010-13116-00,200,117,83,18.75,,
94383,SCM-LC-N2K,3,1,2,358.96,,489.00
94384,EVO-4248SP,0,0,0,1592.16,2196.00,
94385,APT-250-02,3,1,2,320.63,,
94386,MAWSTL10-2-0-101,3,0,3,25.00,,
94388,MGR300B,15,11,4,120.93,189.99,
94389,02482,3,0,3,58.49,80.07,
94390,02493,3,0,3,73.93,101.19,
94391,02673,1,1,0,81.41,111.44,
94392,02776,4,0,4,170.99,234.05,
94395,06331,6,0,6,16.77,22.95,
94396,06341,5,0,5,25.40,34.77,
94397,06351,6,0,6,38.41,52.57,
94398,06361,3,0,3,59.45,81.39,
94399,06490,6,0,6,19.32,26.44,
94400,06491,4,0,4,21.08,28.86,
94401,06492,6,0,6,32.11,43.95,
94402,06493,5,0,5,32.41,44.37,
94403,06604,4,0,4,39.83,59.71,
94404,06605,4,0,4,55.79,83.64,
94405,06606,10,2,8,79.69,119.47,
94406,07007,8,0,8,150.55,225.68,
94407,07008,4,1,3,231.91,347.65,
94408,7485W,3,0,3,87.28,119.47,
94409,09605,4,0,4,24.84,37.23,
94410,10112,6,0,6,31.97,,
94411,10122,8,4,4,39.07,,
94413,11203,3,0,3,34.37,47.05,
94414,11204,4,0,4,47.44,64.94,
94415,11205,4,0,4,73.72,100.90,
94416,11206,3,0,3,110.85,151.73,
94427,TR7412UB-OR,0,0,0,102.78,,
94428,TR7423UB-OR,5,3,2,129.32,,
94429,TR4512UBA-OR,0,0,0,149.88,,
94431,TRD7422U-OR,0,0,0,150.80,,
94434,TR7411U-ORK,4,3,1,87.92,,
94435,TR7412UB-ORK,0,0,0,109.15,,
94438,AC1111/330,6,4,2,4.78,,
94460,0582DPS99A,4,1,3,40.39,,
94461,010-C1237-00,0,0,0,187.49,,
94464,536810C,2,0,2,99.81,164.99,
94465,536800S,5,3,2,117.36,214.99,
94466,536810S,0,0,0,117.36,214.99,
94467,53696,14,12,2,7.04,,
94470,"096000099A ",2,2,0,14.56,,
94477,8664,0,0,0,85.34,,
94478,8665,5,2,3,103.67,,
94479,8666,0,0,0,140.37,,
94483,FT1PXC-K,0,0,0,143.93,,
94484,VP000080,0,0,0,12.74,,
94485,010-13094-00,3,1,2,29.99,,
94486,550103,7,6,1,528.41,,
94487,550503,14,11,3,590.23,,
94488,550101A,0,0,0,501.16,,
94489,550101ANE,0,0,0,483.13,,
94490,550503NE,6,4,2,543.78,,
94493,AC-1100-OB-S,0,0,0,278.13,,
94494,AC-1100-OB-M,0,0,0,278.13,,
94495,AC-1100-OB-L,0,0,0,278.13,,
94496,AC-1100-OB-XL,0,0,0,278.13,,
94497,AC-1100-OB-XXL,0,0,0,278.13,,
94498,AB-1100-OB-S,0,0,0,251.25,,
94499,AB-1100-OB-M,0,0,0,251.25,,
94500,AB-1100-OB-L,0,0,0,251.25,,
94501,AB-1100-OB-XL,0,0,0,251.25,,
94503,AB-1100-OB-XXL,0,0,0,251.25,,
94507,0057310,0,0,0,1183.16,,
94508,HNVGA,0,0,0,27.50,,
94510,HFLP,0,0,0,35.00,,
94511,CT3922-9004,0,0,0,1737.45,,
94514,55-0415,13,10,3,15.61,,
94515,"CT8718CR   ",0,0,0,673.96,,
94516,ACC-DF-1000,0,0,0,12.34,,
94517,ACC-DF-1062,0,0,0,6.46,,
94518,ACC-FF-1789,0,0,0,6.46,,
94519,ACC-FF-1550,0,0,0,3.87,,
94520,ACC-FF-1833,0,0,0,23.52,,
94521,ACC-FF-1642,0,0,0,3.87,,
94524,077700299A,4,4,0,28.06,,
94525,"CT8720CR     ",0,0,0,753.92,,
94537,LLB-51MC-81-00,1,1,0,94.99,,
94540,6656011967-310,3,2,1,1062.83,,
94541,SC20-BLK,0,0,0,340.31,,
94550,"000-15141-001 ",1,0,1,26.69,,
94576,010-12800-00,0,0,0,14.99,,
94601,MHS338BT,7,4,3,223.42,,
94672,20407021,17,8,9,39.47,,
94675,010-12824-00,0,0,0,37.49,,
94676,ASS030066100,22,11,11,20.67,,25.50
94677,SCC115045212,13,4,9,177.07,,218.45
94678,66000620,0,0,0,155.41,,
94679,4138-131-E65,19,14,5,146.78,,
94682,AV-5001-HV-S/M,0,0,0,73.75,,
94683,AV-5001-HV-L/XL,0,0,0,73.75,,
94687,50002,9,6,3,586.01,,
94688,50003,11,6,5,617.65,,
94689,2157477,0,0,0,105.63,129.99,
94690,PA-1000-BK-U,0,0,0,46.88,,
94691,BC-9005,0,0,0,28.13,,
94693,UM725,9,8,1,124.34,,
94695,UM725BK,23,7,16,124.34,,
94696,UM725G,16,7,9,141.29,,
94698,UM725GBK,14,7,7,141.29,,
94700,UM725GBT,17,8,9,176.25,,
94702,UM725GBTBK,13,9,4,176.25,,
94705,UMRMIC,5,0,5,119.16,,
94706,UMRMICBK,11,6,5,119.16,,
94717,2156413,0,0,0,89.41,129.99,
94721,02995,7,0,7,54.23,81.30,
94722,1494,0,0,0,196.06,,
94723,1495,0,0,0,218.22,,
94724,1496,0,0,0,647.16,,
94725,1497,0,0,0,685.25,,
94726,1498,0,0,0,195.94,,
94727,1499,7,5,2,182.34,,
94729,1503,0,0,0,525.78,,
94730,1504,0,0,0,817.80,,
94731,1505,0,0,0,705.80,,
94732,2356100,7,3,4,28.95,,
94733,3121,4,2,2,622.46,,
94734,BFS-600,0,0,0,450.00,,
94735,3122,0,0,0,657.90,,
94736,3123,4,2,2,706.09,,
94737,3128,4,2,2,523.51,,
94738,3130,4,2,2,364.87,,
94739,3133,0,0,0,313.68,,
94740,3134,2,0,2,301.59,,
94741,3135,0,0,0,336.65,,
94742,2157474,0,0,0,222.15,324.99,
94754,5056100,0,0,0,31.71,,
94755,7718,0,0,0,153.66,,
94756,7718100,1,0,1,161.75,,
94757,7719,0,0,0,153.66,,
94758,7719100,0,0,0,161.75,,
94759,AT22-NY,0,0,0,22.98,36.99,
94768,740215-1,24,24,0,328.77,,
94771,700068-1,30,30,0,223.19,,
94786,"FX-7 SHANK",4,2,2,87.99,,
94792,"FX-7 STOCK",5,2,3,8.98,,
94793,"FX-7 FLUKE",2,0,2,32.33,,
94794,"FX-7 CROWN",4,2,2,35.21,,
94795,"FX-7 CLIPSET",7,4,3,4.46,,
94796,"FX-7 MUDPALMSET",4,2,2,16.98,,
94797,"FX-11 SHANK",3,2,1,117.94,,
94798,"FX-11 STOCK",7,1,6,12.04,,
94799,"FX-11 FLUKE",2,0,2,43.33,,
94800,"FX-11 CROWN",3,2,1,45.73,,
94801,"FX-11 CLIPSET",4,2,2,6.46,,
94802,"FX-11 MUDPALMSET",5,3,2,16.98,,
94803,"FX-16 SHANK",0,0,0,186.13,,
94804,"FX-16 STOCK",4,1,3,19.00,,
94805,"FX-16 FLUKE",2,0,2,68.36,,
94806,"FX-16 CROWN",0,0,0,72.16,,
94807,"FX-16 CLIPSET",3,1,2,11.13,,
94808,"FX-16 MUDPALMSET",3,1,2,18.53,,
94809,"FX-23 SHANK",0,0,0,295.53,,
94810,"FX-23 STOCK",0,0,0,30.15,,
94811,"FX-23 FLUKE",0,0,0,108.56,,
94812,"FX-23 CROWN",0,0,0,114.60,,
94813,"FX-23 CLIPSET",0,0,0,17.44,,
94814,"FX-23 MUDPALMSET",0,0,0,30.88,,
94815,"FX-37 SHANK",0,0,0,511.41,,
94816,"FX-37 STOCK",0,0,0,48.63,,
94817,"FX-37 FLUKE",0,0,0,175.08,,
94818,"FX-37 CROWN",0,0,0,184.80,,
94819,"FX-37 CLIPSET",1,1,0,27.91,,
94820,"FX-37 MUDPALMSET",0,0,0,33.44,,
94821,"FX-55 SHANK",0,0,0,696.85,,
94822,"FX-55 STOCK",0,0,0,71.11,,
94823,"FX-55 FLUKE",0,0,0,255.99,,
94824,"FX-55 CROWN",0,0,0,270.21,,
94825,"FX-55 CLIPSET",0,0,0,42.78,,
94826,"FX-55 MUDPALMSET",0,0,0,33.44,,
94827,"FX-85 SHANK",0,0,0,1069.14,,
94828,"FX-85 STOCK",0,0,0,109.10,,
94829,"FX-85 FLUKE",0,0,0,392.75,,
94830,"FX-85 CROWN",0,0,0,414.58,,
94831,"FX-85 CLIPSET",0,0,0,49.10,,
94832,"FX-85 MUDPALMSET",0,0,0,33.44,,
94833,"FX-125 SHANK",0,0,0,1566.58,,
94834,"FX-125 STOCK",0,0,0,159.86,,
94835,"FX-125 FLUKE",0,0,0,575.48,,
94836,"FX-125 CROWN",0,0,0,607.45,,
94837,"FX-125 CLIPSET",0,0,0,71.94,,
94838,"FX-125 MUDPALMSET",0,0,0,33.44,,
94843,8121,2,2,0,176.72,,
94845,8421,0,0,0,197.39,,
94846,8521,5,3,2,197.39,,
94847,WUL6BK-25,3,1,2,29.42,,
94848,WUL6RD-25,4,2,2,29.42,,
94849,WUL6OR-25,0,0,0,29.42,,
94850,WUL6YL-25,1,0,1,29.42,,
94851,WUL6GN-25,0,0,0,29.42,,
94852,WUL6WH-25,1,0,1,29.42,,
94853,WUL6BK-50,6,1,5,57.69,,
94854,WUL6RD-50,1,0,1,57.69,,
94855,WUL6OR-50,0,0,0,57.69,,
94856,WUL6YL-50,4,2,2,57.69,,
94857,WUL6GN-50,0,0,0,57.69,,
94858,WUL6WH-50,3,1,2,57.69,,
94859,WUL6BK-100,10,2,8,107.31,,
94860,WUL6RD-100,7,0,7,107.31,,
94861,WUL6OR-100,0,0,0,107.31,,
94862,WUL6YL-100,0,0,0,107.31,,
94863,WUL6GN-100,7,2,5,107.31,,
94864,WUL6WH-100,0,0,0,107.31,,
94865,WUL6BK-250,6,0,6,262.50,,
94866,WUL6RD-250,2,0,2,262.50,,
94867,WUL6OR-250,0,0,0,262.50,,
94868,WUL6YL-250,0,0,0,262.50,,
94869,WUL6GN-250,0,0,0,262.50,,
94870,WUL6WH-250,2,0,2,262.50,,
94871,WUL6BK-500,0,0,0,507.69,,
94872,WUL6RD-500,0,0,0,507.69,,
94873,WUL6OR-500,0,0,0,507.69,,
94874,WUL6YL-500,0,0,0,507.69,,
94875,WUL6GN-500,0,0,0,507.69,,
94876,WUL6WH-500,0,0,0,507.69,,
94879,WUL6BK-FT,2,2,0,1.42,,
94882,WUL6RD-FT,100,100,0,1.42,,
94884,WUL6GN-FT,22,22,0,1.42,,
94886,WUL4BK-25,2,1,1,42.46,,
94887,WUL4RD-25,3,1,2,42.46,,
94888,WUL4YL-25,0,0,0,42.46,,
94889,WUL4GN-25,3,2,1,42.46,,
94890,WUL4WH-25,0,0,0,42.46,,
94891,WUL4BK-50,2,0,2,76.73,,
94892,WUL4RD-50,1,1,0,76.73,,
94893,WUL4YL-50,4,2,2,76.73,,
94894,WUL4GN-50,2,1,1,76.73,,
94895,WUL4WH-50,0,0,0,76.73,,
94896,WUL4BK-100,1,0,1,150.00,,
94897,WUL4RD-100,0,0,0,150.00,,
94898,WUL4YL-100,3,1,2,150.00,,
94899,WUL4GN-100,1,0,1,150.00,,
94900,WUL4WH-100,0,0,0,150.00,,
94901,WUL4BK-250,5,2,3,369.23,,
94902,WUL4RD-250,2,2,0,369.23,,
94903,WUL4YL-250,1,1,0,369.23,,
94904,WUL4GN-250,0,0,0,369.23,,
94905,WUL4WH-250,0,0,0,369.23,,
94906,WUL4BK-500,0,0,0,738.46,,
94907,WUL4RD-500,0,0,0,738.46,,
94908,WUL4YL-500,0,0,0,738.46,,
94909,WUL4GN-500,0,0,0,738.46,,
94910,WUL4WH-500,0,0,0,738.46,,
94913,WUL4BK-FT,11,11,0,2.05,,
94914,WUL4RD-FT,0,0,0,2.05,,
94915,WUL4YL-FT,5,5,0,2.05,,
94920,WUL2BK-25,2,2,0,66.06,,
94921,WUL2RD-25,0,0,0,66.06,,
94923,WUL2YL-25,1,1,0,66.06,,
94924,WUL2GN-25,2,1,1,66.06,,
94925,WUL2WH-25,4,1,3,66.06,,
94926,WUL2BK-50,6,0,6,123.46,,
94927,WUL2RD-50,7,1,6,123.46,,
94928,WUL2YL-50,6,2,4,123.46,,
94929,WUL2GN-50,2,1,1,123.46,,
94930,WUL2WH-50,3,2,1,123.46,,
94931,WUL2BK-100,4,2,2,241.15,,
94932,WUL2RD-100,1,1,0,241.15,,
94933,WUL2YL-100,0,0,0,241.15,,
94934,WUL2GN-100,0,0,0,241.15,,
94935,WUL2WH-100,5,4,1,241.15,,
94936,WUL2BK-250,0,0,0,582.69,,
94937,WUL2RD-250,1,1,0,582.69,,
94938,WUL2YL-250,0,0,0,582.69,,
94939,WUL2GN-250,0,0,0,582.69,,
94940,WUL2WH-250,0,0,0,582.69,,
94941,WUL2BK-500,0,0,0,1165.38,,
94942,WUL2RD-500,0,0,0,1165.38,,
94943,WUL2YL-500,0,0,0,1165.38,,
94944,WUL2GN-500,0,0,0,1165.38,,
94945,WUL2WH-500,0,0,0,1165.38,,
94946,WUL2BK-FT,7,7,0,3.18,,
94947,WUL2RD-FT,42,42,0,3.18,,
94948,WUL2YL-FT,25,25,0,3.18,,
94949,WUL1BK-25,3,2,1,85.26,,
94951,WUL1YL-25,1,0,1,85.26,,
94952,WUL1BK-50,2,0,2,156.35,,
94953,WUL1RD-50,3,1,2,156.35,,
94954,WUL1YL-50,3,2,1,156.35,,
94955,WUL1BK-100,3,2,1,308.08,,
94956,WUL1RD-100,0,0,0,308.08,,
94957,WUL1YL-100,0,0,0,308.08,,
94958,WUL1BK-250,0,0,0,744.23,,
94959,WUL1RD-250,0,0,0,744.23,,
94960,WUL1YL-250,0,0,0,744.23,,
94961,WUL1BK-500,0,0,0,1488.46,,
94962,WUL1RD-500,0,0,0,1488.46,,
94963,WUL1YL-500,0,0,0,1488.46,,
94964,WUL1BK-FT,9,9,0,4.11,,
94965,WUL1RD-FT,65,65,0,3.75,,
94966,WUL1YL-FT,24,24,0,4.11,,
94967,WUL1/0BK-25,2,2,0,96.92,,
94968,WUL1/0RD-25,0,0,0,96.92,,
94969,WUL1/0YL-25,3,3,0,96.92,,
94970,WUL1/0BK-50,4,2,2,182.31,,
94971,WUL1/0YL-50,3,1,2,182.31,,
94972,WUL1/0BK-100,3,2,1,360.00,,
94973,WUL1/0RD-100,4,1,3,360.00,,
94974,WUL1/0YL-100,0,0,0,360.00,,
94975,WUL1/0BK-FT,70,70,0,4.77,,
94976,WUL1/0RD-FT,92,92,0,4.66,,
94977,WUL1/0YL-FT,8,8,0,4.66,,
94978,WUL2/0BK-25,1,0,1,123.18,,
94979,WUL2/0RD-25,1,0,1,123.18,,
94980,WUL2/0YL-25,4,1,3,123.18,,
94981,WUL2/0BK-50,5,2,3,226.15,,
94982,WUL2/0RD-50,0,0,0,226.15,,
94983,WUL2/0YL-50,4,1,3,226.15,,
94984,WUL2/0BK-100,0,0,0,446.54,,
94985,WUL2/0RD-100,0,0,0,446.54,,
94986,WUL2/0YL-100,3,2,1,446.54,,
94987,WUL2/0BK-250,1,1,0,1090.38,,
94988,WUL2/0RD-250,1,1,0,1090.38,,
94989,WUL2/0YL-250,0,0,0,1090.38,,
94990,WUL2/0BK-FT,8,8,0,6.00,,
94991,WUL2/0RD-FT,194,194,0,5.92,,
94992,WUL2/0YL-FT,100,100,0,5.92,,
94993,WUL3/0BK-25,7,4,3,170.19,,
94994,WUL3/0RD-25,0,0,0,170.19,,
94996,WUL3/0BK-50,1,1,0,331.15,,
94997,WUL3/0RD-50,3,0,3,331.15,,
94998,WUL3/0YL-50,0,0,0,331.15,,
94999,WUL3/0BK-100,0,0,0,645.00,,
95000,WUL3/0RD-100,0,0,0,645.00,,
95001,WUL3/0YL-100,2,1,1,645.00,,
95002,WUL3/0BK-250,0,0,0,1569.23,,
95003,WUL3/0RD-250,0,0,0,1569.23,,
95004,WUL3/0YL-250,0,0,0,1569.23,,
95005,WUL3/0BK-FT,33,33,0,8.17,,
95006,WUL3/0RD-FT,0,0,0,8.17,,
95007,WUL3/0YL-FT,76,76,0,7.95,,
95008,WUL4/0BK-25,1,0,1,199.33,,
95009,WUL4/0RD-25,0,0,0,199.33,,
95010,WUL4/0YL-25,2,1,1,199.33,,
95011,WUL4/0BK-50,6,1,5,347.31,,
95012,WUL4/0RD-50,0,0,0,347.31,,
95013,WUL4/0YL-50,0,0,0,347.31,,
95014,WUL4/0BK-100,3,2,1,678.46,,
95015,WUL4/0RD-100,3,1,2,678.46,,
95016,WUL4/0YL-100,1,0,1,678.46,,
95017,WUL4/0BK-250,0,0,0,1696.15,,
95018,WUL4/0RD-250,0,0,0,1696.15,,
95019,WUL4/0YL-250,0,0,0,1696.15,,
95020,WUL4/0BK-FT,38,38,0,9.57,,
95021,WUL4/0RD-FT,39,39,0,9.57,,
95022,WUL4/0YL-FT,62,62,0,9.57,,
95023,WUL18BK-100,2,2,0,10.15,,
95024,WUL18BR-100,0,0,0,10.15,,
95025,WUL18RD-100,0,0,0,10.15,,
95026,WUL18OR-100,3,2,1,10.15,,
95027,WUL18YL-100,2,1,1,10.15,,
95028,WUL18GN-100,2,0,2,10.15,,
95029,WUL18BL-100,0,0,0,10.15,,
95030,WUL18VI-100,0,0,0,10.15,,
95031,WUL18GY-100,1,0,1,10.15,,
95032,WUL18WH-100,0,0,0,10.15,,
95033,WUL18BK-250,4,2,2,22.50,,
95034,WUL18BR-250,0,0,0,22.50,,
95035,WUL18RD-250,4,2,2,22.50,,
95036,WUL18OR-250,0,0,0,22.50,,
95037,WUL18YL-250,2,1,1,22.50,,
95038,WUL18GN-250,0,0,0,22.50,,
95039,WUL18BL-250,0,0,0,22.50,,
95040,WUL18VI-250,1,0,1,22.50,,
95041,WUL18GY-250,3,2,1,22.50,,
95042,WUL18WH-250,0,0,0,22.50,,
95043,WUL18BK-500,5,2,3,41.54,,
95044,WUL18BR-500,3,2,1,41.54,,
95045,WUL18RD-500,0,0,0,41.54,,
95046,WUL18OR-500,0,0,0,41.54,,
95047,WUL18YL-500,2,2,0,41.54,,
95048,WUL18GN-500,2,2,0,41.54,,
95049,WUL18BL-500,5,2,3,41.54,,
95050,WUL18VI-500,1,1,0,41.54,,
95051,WUL18GY-500,0,0,0,41.54,,
95052,WUL18WH-500,0,0,0,41.54,,
95053,WUL18BK-1000,3,2,1,75.00,,
95054,WUL18BR-1000,0,0,0,75.00,,
95055,WUL18RD-1000,0,0,0,75.00,,
95056,WUL18OR-1000,0,0,0,75.00,,
95057,WUL18YL-1000,0,0,0,75.00,,
95058,WUL18GN-1000,2,0,2,75.00,,
95059,WUL18BL-1000,0,0,0,75.00,,
95060,WUL18VI-1000,0,0,0,75.00,,
95061,WUL18GY-1000,0,0,0,75.00,,
95062,WUL18WH-1000,0,0,0,75.00,,
95063,WUL16BK-25,2,2,0,5.65,,
95064,WUL16BR-25,1,0,1,5.65,,
95065,WUL16RD-25,3,2,1,5.65,,
95066,WUL16OR-25,0,0,0,5.65,,
95067,WUL16YL-25,5,2,3,5.65,,
95068,WUL16GN-25,3,1,2,5.65,,
95069,WUL16LG-25,1,0,1,5.65,,
95070,WUL16BL-25,3,0,3,5.65,,
95071,WUL16LB-25,0,0,0,5.65,,
95072,WUL16VI-25,0,0,0,5.65,,
95073,WUL16GY-25,0,0,0,5.65,,
95075,WUL16WH-25,7,1,6,5.65,,
95076,WUL16TN-25,1,1,0,5.65,,
95077,WUL16PK-25,0,0,0,5.65,,
95078,WUL16BK-100,2,1,1,12.35,,
95079,WUL16BR-100,1,0,1,12.35,,
95080,WUL16RD-100,1,1,0,12.35,,
95081,WUL16OR-100,2,1,1,12.35,,
95082,WUL16YL-100,3,3,0,12.35,,
95083,WUL16GN-100,2,0,2,12.35,,
95084,WUL16LG-100,3,2,1,12.35,,
95085,WUL16BL-100,4,2,2,12.35,,
95086,WUL16LB-100,3,3,0,12.35,,
95087,WUL16VI-100,0,0,0,12.35,,
95088,WUL16GY-100,0,0,0,12.35,,
95089,WUL16WH-100,0,0,0,12.35,,
95090,WUL16TN-100,2,1,1,11.74,,
95091,WUL16PK-100,4,1,3,12.35,,
95092,WUL16BK-250,2,0,2,29.42,,
95093,WUL16BR-250,0,0,0,29.42,,
95094,WUL16RD-250,2,0,2,29.42,,
95095,WUL16OR-250,0,0,0,29.42,,
95096,WUL16YL-250,1,1,0,29.42,,
95097,WUL16GN-250,0,0,0,29.42,,
95098,WUL16LG-250,0,0,0,29.42,,
95099,WUL16BL-250,1,1,0,29.42,,
95100,WUL16LB-250,1,1,0,29.42,,
95101,WUL16VI-250,0,0,0,29.42,,
95102,WUL16GY-250,0,0,0,29.42,,
95103,WUL16WH-250,3,1,2,29.42,,
95104,WUL16TN-250,2,1,1,29.42,,
95105,WUL16PK-250,0,0,0,29.42,,
95106,WUL16BK-500,4,3,1,53.65,,
95107,WUL16BR-500,0,0,0,53.65,,
95108,WUL16RD-500,0,0,0,53.65,,
95109,WUL16OR-500,0,0,0,53.65,,
95110,WUL16YL-500,0,0,0,53.65,,
95111,WUL16GN-500,0,0,0,53.65,,
95112,WUL16LG-500,0,0,0,53.65,,
95113,WUL16BL-500,0,0,0,53.65,,
95114,WUL16LB-500,0,0,0,53.65,,
95115,WUL16VI-500,0,0,0,53.65,,
95116,WUL16GY-500,0,0,0,53.65,,
95117,WUL16WH-500,0,0,0,53.65,,
95118,WUL16TN-500,1,0,1,53.65,,
95119,WUL16PK-500,0,0,0,53.65,,
95120,WUL16BK-1000,4,1,3,106.15,,
95121,WUL16BR-1000,0,0,0,106.15,,
95122,WUL16RD-1000,0,0,0,106.15,,
95123,WUL16OR-1000,0,0,0,106.15,,
95124,WUL16YL-1000,0,0,0,106.15,,
95125,WUL16GN-1000,0,0,0,106.15,,
95126,WUL16LG-1000,0,0,0,106.15,,
95127,WUL16BL-1000,0,0,0,106.15,,
95128,WUL16LB-1000,0,0,0,106.15,,
95129,WUL16VI-1000,0,0,0,106.15,,
95130,WUL16GY-1000,0,0,0,106.15,,
95131,WUL16WH-1000,0,0,0,106.15,,
95132,WUL16TN-1000,0,0,0,106.15,,
95133,WUL16PK-1000,0,0,0,106.15,,
95135,MLS-410SP-W,7,5,2,37.49,,
95136,WUL14BR-18,0,0,0,5.77,,
95139,MLS-410PA-B,12,3,9,52.49,,
95141,WUL14GN-18,1,1,0,5.00,,
95142,MLS-410PA-W,4,3,1,52.49,,
95143,MLS-410LH-B,6,3,3,44.99,,
95145,MLS-410LH-W,4,0,4,44.99,,
95149,WUL14VI-18,2,2,0,5.00,,
95154,WUL14BK-25,4,2,2,6.46,,
95155,WUL14BR-25,1,0,1,6.46,,
95156,WUL14RD-25,3,2,1,6.46,,
95157,WUL14OR-25,0,0,0,6.46,,
95158,WUL14YL-25,3,1,2,6.46,,
95159,WUL14GR-25,4,3,1,6.46,,
95160,WUL14LG-25,3,1,2,6.46,,
95161,WUL14BL-25,1,1,0,6.46,,
95162,WUL14LB-25,2,1,1,6.46,,
95163,WUL14VI-25,0,0,0,6.46,,
95164,WUL14GY-25,0,0,0,6.46,,
95165,WUL14WH-25,0,0,0,6.46,,
95166,WUL14TN-25,0,0,0,6.46,,
95167,WUL14PK-25,0,0,0,6.46,,
95168,WUL14BK-100,2,2,0,17.54,,
95169,WUL14BR-100,4,2,2,17.54,,
95170,WUL14RD-100,0,0,0,17.54,,
95171,WUL14OR-100,2,0,2,17.54,,
95172,WUL14YL-100,2,1,1,17.54,,
95173,WUL14GN-100,2,2,0,17.54,,
95174,WUL14LG-100,0,0,0,17.54,,
95175,WUL14BL-100,7,3,4,17.54,,
95177,WUL14VI-100,0,0,0,17.54,,
95178,WUL14GY-100,0,0,0,17.54,,
95179,WUL14WH-100,0,0,0,17.54,,
95180,WUL14TN-100,3,2,1,17.54,,
95181,WUL14PK-100,4,2,2,17.54,,
95182,WUL14BK-250,0,0,0,42.69,,
95183,WUL14BR-250,0,0,0,42.69,,
95184,WUL14RD-250,0,0,0,42.69,,
95185,WUL14OR-250,0,0,0,42.69,,
95186,WUL14YL-250,1,1,0,42.69,,
95187,WUL14GN-250,0,0,0,42.69,,
95188,WUL14LG-250,0,0,0,42.69,,
95189,WUL14BL-250,0,0,0,42.69,,
95190,WUL14LB-250,2,1,1,42.69,,
95191,WUL14VI-250,0,0,0,42.69,,
95192,WUL14GY-250,0,0,0,42.69,,
95193,WUL14WH-250,0,0,0,42.69,,
95194,WUL14TN-250,0,0,0,42.69,,
95195,WUL14PK-250,0,0,0,42.69,,
95196,WUL14BK-500,1,0,1,77.88,,
95197,WUL14BR-500,0,0,0,77.88,,
95198,WUL14RD-500,0,0,0,77.88,,
95199,WUL14OR-500,0,0,0,77.88,,
95200,WUL14YL-500,0,0,0,77.88,,
95201,WUL14GN-500,0,0,0,77.88,,
95202,WUL14LG-500,0,0,0,77.88,,
95203,WUL14BL-500,2,1,1,77.88,,
95204,WUL14LB-500,0,0,0,77.88,,
95205,WUL14VI-500,0,0,0,77.88,,
95206,WUL14GY-500,0,0,0,77.88,,
95207,WUL14WH-500,1,1,0,77.88,,
95208,WUL14TN-500,3,1,2,77.88,,
95209,WUL14PK-500,0,0,0,77.88,,
95210,WUL14BK-1000,0,0,0,153.46,,
95211,WUL14BR-1000,0,0,0,153.46,,
95212,WUL14RD-1000,3,1,2,153.46,,
95213,WUL14OR-1000,1,0,1,153.46,,
95214,WUL14YL-1000,0,0,0,153.46,,
95215,WUL14GN-1000,1,0,1,153.46,,
95216,WUL14LG-1000,0,0,0,153.46,,
95217,WU14BL-1000,0,0,0,153.46,,
95218,WUL14LB-1000,0,0,0,153.46,,
95219,WUL14VI-1000,0,0,0,153.46,,
95220,WUL14GY-1000,0,0,0,153.46,,
95221,WUL14WH-1000,0,0,0,153.46,,
95222,WUL14TN-1000,0,0,0,153.46,,
95223,WUL14PK-1000,0,0,0,153.46,,
95224,CT3916-9002,0,0,0,1125.11,,
95235,WUL12BK-25,4,1,3,9.44,,
95236,WUL12BR-25,0,0,0,9.44,,
95237,WUL12RD-25,2,0,2,9.44,,
95238,WUL12OR-25,0,0,0,9.44,,
95239,WUL12YL-25,3,2,1,9.44,,
95241,WUL12BL-25,5,3,2,9.44,,
95242,WUL12VI-25,5,3,2,9.44,,
95243,WUL12GY-25,2,1,1,9.44,,
95244,WUL12WH-25,2,0,2,9.44,,
95245,WUL12BK-100,2,0,2,24.92,,
95246,WUL12BR-100,0,0,0,24.92,,
95247,WUL12RD-100,6,3,3,24.92,,
95248,WUL12OR-100,0,0,0,24.92,,
95249,WUL12YL-100,5,2,3,24.92,,
95250,WUL12GN-100,0,0,0,24.92,,
95251,WUL12BL-100,0,0,0,24.92,,
95252,WUL12VI-100,1,0,1,24.92,,
95253,WUL12GY-100,1,0,1,24.92,,
95254,WUL12WH-100,1,1,0,24.92,,
95255,WUL12BK-250,1,1,0,60.29,,
95256,WUL12BR-250,0,0,0,60.29,,
95257,WUL12RD-250,2,1,1,60.29,,
95258,WUL12OR-250,0,0,0,60.29,,
95259,WUL12YL-250,0,0,0,60.29,,
95260,WUL12GN-250,0,0,0,60.29,,
95261,WUL12BL-250,0,0,0,60.29,,
95262,WUL12VI-250,0,0,0,60.29,,
95263,WUL12GY-250,0,0,0,60.29,,
95264,WUL12WH-250,0,0,0,60.29,,
95265,WUL12BK-500,1,0,1,119.42,,
95266,WUL12BR-500,0,0,0,119.42,,
95267,WUL12RD-500,0,0,0,119.42,,
95268,WUL12OR-500,0,0,0,119.42,,
95269,WUL12YL-500,0,0,0,119.42,,
95270,WUL12GN-500,0,0,0,119.42,,
95271,WUL12BL-500,1,0,1,119.42,,
95272,WUL12VI-500,0,0,0,119.42,,
95273,WUL12GY-500,0,0,0,119.42,,
95274,WUL12WH-500,0,0,0,119.42,,
95290,WUL10YL-8,0,0,0,5.09,,
95299,WUL10OR-25,0,0,0,15.92,,
95300,WUL10YL-25,0,0,0,15.92,,
95303,WUL10VI-25,4,1,3,13.80,,
95304,WUL10GY-25,1,0,1,13.80,,
95305,WUL10WH-25,0,0,0,15.92,,
95306,WUL10BK-100,1,1,0,39.00,,
95307,WUL10BR-100,1,0,1,39.00,,
95308,WUL10RD-100,3,2,1,39.00,,
95309,WUL10OR-100,1,1,0,39.00,,
95310,WUL10YL-100,2,2,0,39.00,,
95311,WUL10GN-100,2,0,2,39.00,,
95312,WUL10BL-100,0,0,0,39.00,,
95313,WUL10VI-100,7,4,3,39.00,,
95314,WUL10GY-100,2,0,2,39.00,,
95315,WUL10WH-100,2,1,1,39.00,,
95316,WUL10BK-250,2,1,1,94.91,,
95317,WUL10BR-250,0,0,0,94.91,,
95318,WUL10RD-250,2,2,0,94.91,,
95319,WUL10OR-250,0,0,0,94.91,,
95320,WUL10YL-250,0,0,0,94.91,,
95321,WUL10GN-250,0,0,0,94.91,,
95322,WUL10BL-250,0,0,0,94.91,,
95323,WUL10VI-250,0,0,0,94.91,,
95324,WUL10GY-250,3,3,0,94.91,,
95325,WUL10WH-250,2,2,0,94.91,,
95326,WUL10BK-500,0,0,0,187.50,,
95327,WUL10BR-500,0,0,0,187.50,,
95328,WUL10RD-500,0,0,0,187.50,,
95329,WUL10OR-500,0,0,0,187.50,,
95330,WUL10YW-500,0,0,0,187.50,,
95331,WUL10GN-500,2,0,2,187.50,,
95332,WUL10BL-500,0,0,0,187.50,,
95333,WUL10VI-500,0,0,0,187.50,,
95334,WUL10GY-500,0,0,0,187.50,,
95335,WUL10WH-500,0,0,0,187.50,,
95346,WUL8BK-25,1,1,0,18.04,,
95347,WUL8RD-25,1,1,0,18.04,,
95348,WUL8YL-25,0,0,0,18.04,,
95349,WUL8GN-25,3,1,2,18.04,,
95350,WUL8WH-25,2,2,0,18.04,,
95351,WUL8BK-100,8,8,0,65.65,,
95352,WUL8RD-100,4,3,1,65.65,,
95353,WUL8YL-100,5,2,3,65.65,,
95354,WUL8GN-100,4,2,2,65.65,,
95356,WUL8WH-100,4,2,2,65.65,,
95357,WUL8BK-250,6,1,5,164.14,,
95358,WUL8RD-250,0,0,0,164.14,,
95359,WUL8YL-250,0,0,0,164.14,,
95360,WUL8GN-250,0,0,0,164.14,,
95361,WUL8WH-250,0,0,0,164.14,,
95362,WUL8BK-500,0,0,0,323.65,,
95363,WUL8RD-500,2,1,1,323.65,,
95364,WUL8YL-500,0,0,0,323.65,,
95365,WUL8GN-500,0,0,0,323.65,,
95366,WUL8WH-500,0,0,0,323.65,,
95367,WUL8BK-1000,0,0,0,609.23,,
95368,WUL8RD-1000,0,0,0,609.23,,
95369,WUL8YL-1000,0,0,0,609.23,,
95370,WUL8GN-1000,0,0,0,609.23,,
95371,WUL8WH-1000,0,0,0,609.23,,
95372,W18/2RYW-100,1,1,0,27.69,,
95373,W18/2RYW-250,2,0,2,66.35,,
95374,W18/2RYW-500,0,0,0,126.92,,
95375,W18/2YRW-1000,0,0,0,242.31,,
95376,W16/2RYW-100,5,1,4,28.85,,
95377,W16/2RYW-250,4,0,4,69.23,,
95378,2171001,18,4,14,17.81,,
95379,W16/2RYW-500,3,1,2,132.69,,
95380,W16/2RYW-1000,0,0,0,253.85,,
95381,W16/2RYW-FT,0,0,0,0.35,,
95384,W14/2RYW-100,0,0,0,40.38,,
95385,W142RYW-250,0,0,0,93.29,,
95386,W14/2RYW-500,1,0,1,190.38,,
95387,W14/2RYW-1000,0,0,0,380.77,,
95388,W14/2RYW-FT,60,60,0,0.49,,
95389,W12/2RYW-100,6,3,3,62.31,,
95390,W12/2RYW-250,5,2,3,150.00,,
95391,W12/2RYW-500,2,0,2,288.46,,
95392,W12/2RYW-1000,0,0,0,565.38,,
95393,914313,0,0,0,150.92,264.99,
95394,"G-5 SHANK",0,0,0,30.79,,
95395,"G-5 STOCK",0,0,0,6.73,,
95396,"G-5 FLUKE",0,0,0,15.39,,
95397,"G-5 CROWN",0,0,0,15.39,,
95398,"G-5 CLIPSET",0,0,0,3.84,,
95399,"G-5 MUDPALMSET",0,0,0,17.31,,
95400,"G-7 SHANK",3,2,1,38.49,,
95401,"G-7 STOCK",1,0,1,7.69,,
95402,"G-7 FLUKE",0,0,0,19.24,,
95403,"G-7 CROWN",3,2,1,19.24,,
95404,"G-7 CLIPSET",0,0,0,3.84,,
95405,"G-7 MUDPALMSET",1,0,1,17.31,,
95406,"G-11 SHANK",2,0,2,56.69,,
95407,"G-11 STOCK",2,2,0,11.54,,
95408,"G-11 FLUKE",3,1,2,28.34,,
95409,"G-11 CROWN",4,2,2,28.34,,
95410,"G-11 CLIPSET",4,2,2,5.24,,
95411,"G-11 MUDPALMSET",1,1,0,18.00,,
95412,"G-16 SHANK",0,0,0,81.89,,
95413,"G-16 STOCK",0,0,0,16.79,,
95414,"G-16 FLUKE",0,0,0,40.94,,
95415,"G-16 CROWN",0,0,0,40.94,,
95416,"G-16 CLIPSET",0,0,0,7.34,,
95417,"G-16 MUDPALMSET",0,0,0,18.89,,
95418,W10/2RYW-100,0,0,0,92.31,,
95419,W10/2RYW-250,0,0,0,222.12,,
95420,W10/2RYW-500,0,0,0,438.46,,
95421,W10/2RYW-1000,0,0,0,853.85,,
95422,W10/2RYW-FT,92,92,0,1.11,,
95423,W8/2RYW-50,0,0,0,77.88,,
95424,W8/2RYW-100,2,1,1,146.54,,
95425,W8/2RYW-250,1,0,1,360.58,,
95426,W8/2RYW-500,0,0,0,709.62,,
95427,"G-23 SHANK",0,0,0,139.90,,
95428,W6/2RYW-50,2,2,0,136.15,,
95429,"G-23 STOCK",0,0,0,28.43,,
95430,W6/2RYW-100,1,1,0,253.85,,
95431,"G-23 FLUKE",0,0,0,70.51,,
95432,W6/2RYW-250,2,1,1,620.19,,
95433,"G-23 CROWN",0,0,0,70.51,,
95434,"G-23 CLIPSET",0,0,0,12.50,,
95435,W6/2RYW-500,0,0,0,1211.54,,
95436,"G-23 MUDPALMSET",0,0,0,34.11,,
95437,"G-37 SHANK",0,0,0,221.80,,
95438,"G-37 STOCK",0,0,0,46.63,,
95439,"G-37 FLUKE",0,0,0,112.60,,
95440,"G-37 CROWN",0,0,0,112.60,,
95441,"G-37 CLIPSET",0,0,0,22.74,,
95442,W18/2DC-100,3,2,1,27.69,,
95443,"G-37 MUDPALMSET",0,0,0,34.11,,
95444,W18/2DC-250,6,2,4,66.35,,
95445,W18/2DC-500,3,1,2,126.92,,
95446,"G-55 SHANK",0,0,0,340.10,,
95447,"G-55 STOCK",0,0,0,70.51,,
95448,W18/2DC-1000,0,0,0,242.31,,
95449,"G-55 FLUKE",0,0,0,167.20,,
95450,"G-55 CROWN",0,0,0,167.20,,
95451,"G-55 CLIPSET",0,0,0,32.98,,
95452,W16/2DC-100,4,4,0,28.85,,
95453,"G-55 MUDPALMSET",0,0,0,34.11,,
95454,W16/2DC-250,3,1,2,69.23,,
95455,W16/2DC-500,0,0,0,132.69,,
95456,W16/2DC-1000,0,0,0,253.85,,
95457,"G-85 SHANK",0,0,0,509.59,,
95458,W14/2DC-100,6,6,0,40.38,,
95459,"G-85 STOCK",0,0,0,113.74,,
95460,"G-85 FLUKE",0,0,0,262.75,,
95461,"G-85 CROWN",0,0,0,262.75,,
95462,W14/2DC-250,8,4,4,98.08,,
95463,W14/2DC-500,1,0,1,190.38,,
95464,W14/2DC-1000,1,0,1,380.77,,
95465,"G-85 CLIPSET",0,0,0,58.00,,
95466,W12/2DC-100,4,0,4,62.31,,
95467,"G-85 MUDPALMSET",0,0,0,34.11,,
95468,W12/2DC-250,4,2,2,150.00,,
95469,W12/2DC-500,0,0,0,288.46,,
95470,"G-125 SHANK",0,0,0,756.43,,
95471,W12/2DC-1000,0,0,0,565.38,,
95472,"G-125 STOCK",0,0,0,170.61,,
95473,"G-125 FLUKE",0,0,0,390.15,,
95474,"G-125 CROWN",0,0,0,390.15,,
95475,"G-125 CLIPSET",0,0,0,95.54,,
95476,"G-125 MUDPALMSET",0,0,0,34.11,,
95477,W10/2DC-100,4,2,2,92.31,,
95478,W10/2DC-250,1,1,0,222.12,,
95479,W10/2DC-500,0,0,0,438.46,,
95480,W10/2DC-1000,0,0,0,853.85,,
95481,W10/2DC-FT,6,6,0,1.11,,
95482,W8/2DC-50,4,1,3,77.88,,
95483,W8/2DC-100,2,1,1,146.54,,
95484,W8/2DC-250,2,2,0,375.00,,
95485,W8/2DC-500,0,0,0,709.62,,
95486,W8/2DC-FT,9,9,0,1.88,,
95487,W6/2DC-50,1,1,0,129.81,,
95488,W6/2DC-100,3,1,2,242.31,,
95489,W6/2DC-250,4,1,3,591.35,,
95490,W6/2DC-500,0,0,0,1159.62,,
95491,W6/2DC-FT,0,0,0,3.12,,
95492,SC-CW-01F,15,12,3,58.79,,
95493,SC-CW-02F,23,15,8,58.79,,
95494,SC-CW-04F,66,22,44,97.83,,
95495,SC-CW-05F,27,10,17,117.51,,
95497,SC-CW-07F,7,6,1,58.79,,
95498,SC-CW-08F,16,3,13,75.10,,
95500,SC-CW-10F,25,14,11,95.58,,
95501,SC-CW-BZ,3,1,2,10.26,,
95502,WR16/2RYW-100,1,0,1,56.54,,
95503,WR16/2RYW-250,1,1,0,126.92,,
95504,WR16/2RYW-500,0,0,0,225.00,,
95505,WR14/2RYW-100,2,1,1,66.92,,
95506,WR14/2RYW-250,0,0,0,152.88,,
95507,WR14/2RYW-500,0,0,0,288.46,,
95508,WR12/2RYW-100,0,0,0,95.77,,
95509,WR12/2RYW-250,0,0,0,222.12,,
95510,WR12/2RYW-500,2,0,2,355.00,,
95511,WR10/2RYW-100,0,0,0,152.31,,
95512,WR10/2RYW-250,0,0,0,357.69,,
95513,WR10/2RYW-500,3,0,3,663.46,,
95514,W16/3-100,2,0,2,43.85,,
95515,W16/3-250,0,0,0,109.62,,
95516,010-13194-00,0,0,0,52.49,,
95517,W16/3-500,0,0,0,207.69,,
95518,W16/3-1000,0,0,0,415.38,,
95519,W14/3-100,2,2,0,60.00,,
95520,W14/3-250,4,3,1,144.23,,
95521,W14/3-500,0,0,0,276.92,,
95522,W14/3-1000,0,0,0,542.31,,
95523,W12/3-100,1,0,1,87.69,,
95524,W12/3-250,1,0,1,216.35,,
95525,W12/3-500,0,0,0,426.92,,
95526,W12/3-1000,0,0,0,830.77,,
95527,W10/3-100,0,0,0,129.23,,
95528,W10/3-250,1,1,0,320.19,,
95529,W10/3-500,0,0,0,646.15,,
95530,W8/3-50,1,0,1,121.73,,
95531,W8/3-100,0,0,0,237.69,,
95532,W8/3-250,0,0,0,579.81,,
95533,W8/3-500,0,0,0,1159.62,,
95534,W6/3-50,2,2,0,241.73,,
95535,W6/3-100,0,0,0,476.54,,
95536,W6/3-250,0,0,0,1156.73,,
95583,30302CASE,0,0,0,31.54,,
95584,30302,22,11,11,2.76,,
95588,BAT512110610,0,0,0,830.93,,1025.10
95589,BAT524110610,0,0,0,1527.51,,1884.45
95590,BAT524120610,0,0,0,2418.39,,2983.50
95609,EOS-II-MPLS-BK,2,2,0,58.43,99.99,
95614,HE-BD32,0,0,0,382.95,610.99,
95615,HE-BD42,0,0,0,485.88,779.99,
95617,10-044,4,0,4,16.09,,
95622,T10-322,0,0,0,55.98,,
95623,66810025,1,0,1,1561.39,,
95624,68000535,6,2,4,1617.96,,
95625,68000358,2,0,2,383.04,,
95626,SDTG2401001,5,3,2,1178.88,,1454.35
95628,10-912,1,0,1,20.48,,
95629,10-911,0,0,0,18.28,,
95636,010-02771-51,7,0,7,374.99,,
95641,010-02771-21,1,1,0,224.99,,
95642,010-02772-00,1,0,1,219.99,,
95655,010-02775-10,1,0,1,384.99,,
95656,010-02775-11,0,0,0,409.99,,
95658,CT3926-9003,0,0,0,1884.81,,
95659,800137CS,0,0,0,4.46,,
95661,SM-ACC3-RCGA-PUCK,4,1,3,80.26,,98.79
95663,740210-1,0,0,0,1266.71,,1499.99
95664,411840-1,0,0,0,87.12,,
95665,740211-1,1,1,0,172.86,,
95674,65001063,0,0,0,2.20,,
95675,66000102,3,1,2,113.31,,
95676,66000103,0,0,0,42.31,,
95677,66000104,1,0,1,25.43,,
95678,66000107,0,0,0,141.35,,
95679,66000108,1,0,1,20.41,,
95680,66000605,0,0,0,40.64,,
95681,66000612,0,0,0,146.06,,
95682,66000613,0,0,0,108.47,,
95683,66000614,2,2,0,42.31,,
95684,66000615,0,0,0,12.61,,
95692,A10-223,1,0,1,36.22,,
95693,A10-220,0,0,0,36.22,,
95694,A10-219,0,0,0,36.22,,
95695,A10-225,0,0,0,58.17,,
95696,10-187,6,0,6,33.65,,
95697,10-183,16,10,6,21.94,,
95698,10-182,12,8,4,18.28,,
95699,A10-272,0,0,0,13.72,,
95700,T10-785,0,0,0,92.20,,
95701,A10-230,0,0,0,34.57,,
95702,A10-231,0,0,0,34.57,,
95703,A10-232,0,0,0,34.57,,
95704,A10-890JB,0,0,0,48.84,,
95705,A10-890PB,0,0,0,48.84,,
95716,T10-346,0,0,0,31.70,,
95717,T10-347,0,0,0,39.62,,
95720,621-120-DV,0,0,0,625.99,766.00,
95722,5530-36BP7,0,0,0,45.38,,
95723,5530-42BP7,3,2,1,51.19,,
95724,594-MW,8,3,5,208.46,,
95725,SC-USB-F2,25,12,13,34.88,,
95731,88531,0,0,0,1214.06,2034.99,
95761,CO10-272,0,0,0,33.54,,
95762,010-13089-10,0,0,0,77.99,,
95763,010-13089-00,2,2,0,58.49,,
95764,010-13089-30,2,0,2,25.99,,
95791,01-0432-11,0,0,0,14396.40,,
95792,01-0436-11,0,0,0,20156.40,,
95794,R70430,0,0,0,106.52,,
95801,39970812,0,0,0,1164.75,,
95802,S522-NY,2,0,2,70.46,113.99,
95803,S722-NY,3,1,2,83.27,133.99,
95812,TM260-9N,0,0,0,1116.34,1499.00,
95813,6CM-D5OS,7,4,3,213.50,259.25,
95814,10CM-D5OS,8,4,4,311.50,378.25,
95815,20CCM-D5OS,8,4,4,493.50,599.25,
95816,30CCM-D5OS,2,0,2,682.50,828.75,
95817,40CCM-D5OS,6,1,5,875.00,1062.50,
95818,50CCM-D5OS,5,3,2,1148.00,1394.00,
95820,20CC-D5OS,1,0,1,476.00,578.00,
95821,30CC-D5OS,0,0,0,658.00,799.00,
95822,40CC-D5OS,1,1,0,822.50,998.75,
95823,50CC-D5OS,1,0,1,1036.00,1258.00,
95824,4F-D5OS,1,0,1,161.00,195.50,
95825,4S-D5OS,0,0,0,161.00,195.50,
95826,6C-D5OS,0,0,0,192.50,233.75,
95827,20C-D5OS,0,0,0,476.00,578.00,
95828,10C-D5OS,3,1,2,290.50,352.75,
95829,30C-D5OS,0,0,0,658.00,799.00,
95830,40C-D5OS,0,0,0,822.50,998.75,
95831,50C-D5OS,0,0,0,1036.00,1258.00,
95832,20SL-D5OS,0,0,0,476.00,578.00,
95833,10CM-S5OS,6,2,4,234.50,284.75,
95834,20CM-S5OS,1,0,1,385.00,467.50,
95837,SS125-REC-KIT,0,0,0,51.41,,
95838,30CM-S5OS,3,3,0,532.00,646.00,
95839,40CM-S5OS,0,0,0,686.00,833.00,
95840,50CM-S5OS,2,0,2,875.00,1062.50,
95841,6C-S5OS,0,0,0,143.50,174.25,
95842,MAL-RGB,10,6,4,43.40,52.70,
95843,RL-W,1,1,0,35.00,42.50,
95844,RL-R,0,0,0,35.00,42.50,
95845,RL-A,7,6,1,35.00,42.50,
95846,RL-G,2,0,2,35.00,42.50,
95847,RL-B,2,0,2,35.00,42.50,
95848,RL-RGB,2,0,2,43.40,52.70,
95849,RGB-C,1,0,1,43.40,52.70,
95850,DIM,5,3,2,43.40,52.70,
95851,2IR-POD850,19,0,19,101.25,114.75,
95852,10IR-850,4,0,4,364.00,442.00,
95853,20IR-850,0,0,0,511.00,620.50,
95854,2IR-POD940,4,1,3,101.25,114.75,
95855,10IR-940,0,0,0,364.00,442.00,
95856,20IR-940,0,0,0,511.00,620.50,
95857,2MIR-POD850,0,0,0,108.75,123.25,
95858,10MIR-850,1,0,1,381.50,463.25,
95859,20MIR-850,1,0,1,532.00,646.00,
95860,2R-POD3OS,0,0,0,97.50,110.50,
95861,2G-POD3OS,0,0,0,97.50,110.50,
95862,10R-D3OS,0,0,0,311.50,378.25,
95863,10G-D3OS,0,0,0,311.50,378.25,
95864,20CR-D3OS,4,0,4,490.00,595.00,
95866,30CR-D3OS,3,0,3,675.50,820.25,
95867,30CG-D3OS,0,0,0,675.50,820.25,
95868,10C-S5OS,0,0,0,213.50,259.25,
95869,20C-S5OS,0,0,0,357.00,433.50,
95870,30C-S5OS,1,0,1,472.50,573.75,
95871,40C-S5OS,1,1,0,658.00,799.00,
95872,50C-S5OS,1,1,0,727.99,1119.99,
95873,2FM-POD10CR,4,0,4,101.25,114.75,
95874,2DM-POD10CR,1,1,0,101.25,114.75,
95875,2SM-POD10CR,2,1,1,101.25,114.74,
95876,2F-POD10CR,0,0,0,96.75,109.65,
95877,2D-POD10CR,0,0,0,96.75,109.65,
95878,2S-POD10CR,0,0,0,96.75,109.65,
95879,2F-FPOD10CR,4,0,4,112.50,127.50,
95880,2D-FPOD10CR,0,0,0,112.50,127.50,
95881,2DM-FPOD10CR,0,0,0,116.25,131.75,
95882,2SL-POD10CR,5,3,2,96.75,109.65,
95883,4MS-S,0,0,0,112.00,136.00,
95884,4MS-F,5,2,3,112.00,136.00,
95885,2-MS-S,6,2,4,73.50,89.25,
95886,2SR-SL-10CR,0,0,0,70.00,85.00,
95887,2FSLB-S,12,4,8,78.40,95.20,
95888,2FSL-SRPOD10CR,6,1,5,81.90,99.45,
95889,4FMSL-S,14,7,7,122.50,148.75,
95890,4BFMSL-S,0,0,0,119.00,144.50,
95891,MAL-W,2,2,0,35.00,42.50,
95892,MAL-B,11,0,11,35.00,42.50,
95893,MAL-R,8,3,5,35.00,42.50,
95894,MAL-G,0,0,0,35.00,42.50,
95895,FASP3422X02CA00,0,0,0,70.11,,
95896,010-13248-00,0,0,0,112.49,,
95897,010-13248-01,0,0,0,29.99,,
95898,010-13248-02,0,0,0,29.99,,
95903,E-4209-10,4,2,2,97.50,,
95904,E-4209-14,3,1,2,105.00,,
95905,E-4209-24,0,0,0,128.75,,
95906,E-4209-28,0,0,0,143.75,,
95907,E-4209-36,0,0,0,181.25,,
95908,E-4209-42,0,0,0,200.00,,
95909,E-4209-50,0,0,0,218.75,,
95910,90107,9,6,3,18.75,,
95913,WH2,1,0,1,28.00,34.00,
95914,WH4,1,1,0,31.50,38.35,
95916,2000038028,0,0,0,41.47,,
95917,3000004258,7,2,5,112.65,,
95918,2000034936,1,1,0,13.19,,
95924,SS100-CIR-KIT,0,0,0,51.41,,
95932,2A-POD30S,0,0,0,81.75,92.65,
95933,010-C1285-00,1,1,0,299.99,,
95934,010-C1286-00,1,0,1,299.99,,
95936,MSD57602-251-M-101,0,0,0,1248.75,,
95937,MSD57602-251-L-101,0,0,0,1248.75,,
95938,MSD57602-251-XL-101,0,0,0,1248.75,,
95939,MSD57602-251-XXL-101,2,2,0,1248.75,,
95943,MSD62403-251-XSS-101,0,0,0,1573.75,,
95944,MSD62403-251-XSR-101,0,0,0,1573.75,,
95945,MSD62403-251-XSL-101,0,0,0,1573.75,,
95946,MSD62403-251-SS-101,0,0,0,1573.75,,
95947,MSD62403-251-SR-101,0,0,0,1573.75,,
95948,MSD62403-251-SL-101,0,0,0,1573.75,,
95949,MSD62403-251-MS-101,0,0,0,1573.75,,
95950,MSD62403-251-MR-101,0,0,0,1573.75,,
95951,MSD62403-251-ML-101,0,0,0,1573.75,,
95952,MSD62403-251-L1S-101,0,0,0,1573.75,,
95953,MSD62403-251-L1R-101,0,0,0,1573.75,,
95954,MSD62403-251-L1L-101,0,0,0,1573.75,,
95955,MSD62403-251-L2S-101,0,0,0,1573.75,,
95956,MSD62403-251-L2R-101,0,0,0,1573.75,,
95957,MSD62403-251-L2L-101,0,0,0,1573.75,,
95958,MSD62403-251-XLS-101,0,0,0,1573.75,,
95959,MSD62403-251-XLR-101,0,0,0,1573.75,,
95960,MSD62403-251-XLL-101,0,0,0,1573.75,,
95961,MSD62403-251-XXLS-101,0,0,0,1573.75,,
95962,MSD62403-251-XXLR-101,0,0,0,1573.75,,
95963,MSD62403-251-XXLL-101,0,0,0,1573.75,,
95964,MSD62403-251-3XLS-101,0,0,0,1573.75,,
95965,MSD62403-251-3XLR-101,1,0,1,1573.75,,
95966,MSD62403-251-3XLL-101,0,0,0,1573.75,,
95972,33-957-400,0,0,0,23.72,,
95973,"XT-DF4-250-DV-KIT ",0,0,0,1179.78,1444.00,
95976,5620-6,16,16,0,14.93,,
95979,"G-1 PINK",0,0,0,11.93,,
95980,"G-2 PINK",0,0,0,13.95,,
95981,"G-3 PINK",10,3,7,16.80,,
95982,"G-4 PINK",0,0,0,25.47,,
95983,"G-5 PINK",5,4,1,43.99,,
95984,"G-6 PINK",0,0,0,64.84,,
95986,NVC-W-S,2,2,0,3525.00,3995.00,
95987,NVC-W-T,3,0,3,3577.50,4054.50,
96000,SPC40RT,0,0,0,85.00,,
96004,010-C1214-20,0,0,0,149.99,,
96005,010-C1215-20,0,0,0,112.49,,
96006,010-C1216-20,0,0,0,112.49,,
96007,010-C1217-20,0,0,0,112.49,,
96008,010-C1218-20,0,0,0,112.49,,
96009,010-C1219-20,0,0,0,112.49,,
96011,010-C1221-20,0,0,0,112.49,,
96012,010-C1222-20,0,0,0,112.49,,
96013,010-C1223-20,0,0,0,112.49,,
96014,010-C1224-20,0,0,0,119.99,,
96015,010-C1225-20,0,0,0,119.99,,
96016,010-C1226-20,0,0,0,119.99,,
96017,010-C1227-20,0,0,0,119.99,,
96018,S522-BK,3,1,2,70.46,113.99,
96019,FRED21-BK,2,2,0,22.38,30.99,
96021,010-C1228-20,0,0,0,187.49,,
96022,010-C1229-20,0,0,0,119.99,,
96023,010-C1230-20,0,0,0,119.99,,
96024,010-C1231-20,0,0,0,119.99,,
96025,010-C1232-20,0,0,0,119.99,,
96026,XKA9X9,4,2,2,521.87,646.00,
96027,010-C1233-20,0,0,0,119.99,,
96028,XKA9X12,3,2,1,535.60,663.00,
96029,010-C1234-20,0,0,0,119.99,,
96030,010-C1235-20,0,0,0,119.99,,
96031,XKA9X18,4,2,2,670.19,829.60,
96032,XKA9X24,4,2,2,845.97,1047.20,
96033,010-C1236-20,0,0,0,119.99,,
96034,010-C1237-20,0,0,0,119.99,,
96035,010-C1238-20,0,0,0,119.99,,
96036,XKA12X9,4,2,2,538.35,666.40,
96037,XKA12X12,2,1,1,563.07,697.00,
96038,010-C1239-20,0,0,0,119.99,,
96039,XKA12X18,5,2,3,683.24,845.75,
96040,XKA12X24,2,0,2,1223.64,1514.70,
96041,XKA9X9A,4,2,2,482.04,596.70,
96042,XKA9X12A,3,2,1,505.39,625.60,
96044,010-C1240-20,0,0,0,119.99,,
96045,XKA9X18A,2,1,1,439.11,688.50,
96047,010-C1241-20,0,0,0,119.99,,
96049,XKA9X24A,3,1,2,479.22,751.40,
96050,010-C1242-20,0,0,0,119.99,,
96051,XKA12X9A,5,3,2,491.65,608.60,
96052,XKA12X12A,4,2,2,513.63,635.80,
96054,XKA12X18A,1,0,1,459.71,720.80,
96056,XKA12X24A,2,2,0,642.72,795.60,
96057,010-C1243-20,0,0,0,119.99,,
96058,010-C1244-20,0,0,0,119.99,,
96059,010-C1245-20,0,0,0,119.99,,
96060,010-C1246-20,0,0,0,119.99,,
96061,010-C1247-20,0,0,0,119.99,,
96062,010-C1248-20,0,0,0,119.99,,
96063,010-C1249-20,0,0,0,119.99,,
96064,010-C1250-20,0,0,0,119.99,,
96065,010-C1251-20,0,0,0,119.99,,
96066,010-C1252-20,0,0,0,119.99,,
96067,010-C1253-20,0,0,0,119.99,,
96068,010-C1254-20,0,0,0,119.99,,
96069,010-C1255-20,0,0,0,119.99,,
96070,010-C1256-20,0,0,0,119.99,,
96071,010-C1258-20,0,0,0,119.99,,
96072,010-C1259-20,0,0,0,119.99,,
96073,010-C1260-20,0,0,0,119.99,,
96074,010-C1261-20,0,0,0,119.99,,
96075,010-C1262-20,0,0,0,119.99,,
96076,010-C1264-20,0,0,0,119.99,,
96077,010-C1266-20,0,0,0,119.99,,
96078,010-C1267-20,0,0,0,119.99,,
96079,010-C1268-20,0,0,0,119.99,,
96080,010-C1269-20,0,0,0,119.99,,
96081,010-C1270-20,0,0,0,187.49,,
96082,010-C1271-20,0,0,0,187.49,,
96083,010-C1272-20,0,0,0,187.49,,
96084,010-C1273-20,0,0,0,187.49,,
96085,010-C1274-20,0,0,0,187.49,,
96086,010-C1275-20,0,0,0,187.49,,
96087,010-C1276-20,0,0,0,187.49,,
96089,010-C1279-20,0,0,0,179.99,,
96090,010-C1280-20,0,0,0,97.49,,
96091,010-C1281-20,0,0,0,97.49,,
96092,010-C1282-20,0,0,0,97.49,,
96093,010-C1283-20,0,0,0,97.49,,
96094,010-C1284-20,0,0,0,97.49,,
96095,010-C1285-20,0,0,0,149.99,,
96096,010-C1286-20,0,0,0,149.99,,
96100,0058102,0,0,0,86.42,,
96101,0058103,0,0,0,139.88,,
96103,0058105,2,1,1,202.21,,
96104,0058107,2,2,0,326.89,,
96105,0058110,0,0,0,523.39,,
96107,0846,2,0,2,86.98,,
96108,66000618,2,1,1,21.14,,
96109,66000619,2,0,2,7.49,,
96110,66000634,0,0,0,44.10,,
96111,66000649,1,0,1,7.49,,
96112,66000758,1,0,1,22.27,,
96113,66000759,0,0,0,27.76,,
96114,66000763,3,3,0,151.75,,
96115,66000764,4,3,1,39.11,,
96116,66000769,1,1,0,97.92,,
96117,66200146,14,7,7,127.38,,
96118,66000096,0,0,0,20.97,,
96119,66000097,0,0,0,40.64,,
96120,66000098,1,0,1,48.95,,
96121,66000600,0,0,0,20.97,,
96122,66000607,2,1,1,13.80,,
96123,66000609,0,0,0,67.36,,
96124,66000617,0,0,0,20.41,,
96125,66000628,0,0,0,16.09,,
96126,66000631,0,0,0,27.76,,
96127,66000635,0,0,0,219.15,,
96137,66000636,1,0,1,99.87,,
96138,66000760,7,3,4,113.31,,
96141,66000761,0,0,0,241.51,,
96142,68001024,2,2,0,89.73,,
96144,65001211,0,0,0,16.09,,
96145,66810065,8,0,8,719.25,,
96146,68000951,1,0,1,506.89,,
96147,66000720,3,1,2,62.74,,
96148,68000360,1,1,0,306.70,,
96149,68000361,0,0,0,306.70,,
96150,68000362,3,1,2,306.70,,
96151,19700501,0,0,0,48.51,,
96152,19701100,0,0,0,41.86,,
96153,19701500,0,0,0,46.81,,
96154,19701600,0,0,0,10.99,,
96155,45000108P,6,4,2,25.80,,
96156,45000308P,6,3,3,28.66,,
96157,45000408P,0,0,0,30.87,,
96158,45000508P,1,0,1,33.09,,
96159,45500108P,3,2,1,18.67,,
96160,45500308P,0,0,0,18.67,,
96161,45500408P,0,0,0,19.76,,
96162,45500508P,0,0,0,20.89,,
96163,45500608P,0,0,0,21.89,,
96164,48000014,0,0,0,40.99,,
96165,48000017,0,0,0,32.99,,
96166,48000018,0,0,0,71.36,,
96167,48000019,0,0,0,32.99,,
96169,ALC-1,9,5,4,873.53,1124.55,
96170,MLC-1,1,0,1,283.91,365.50,
96171,SAF-SC,3,1,2,82.54,106.25,
96173,"HELM FITTING",8,5,3,14.21,,
96174,"BOSS FITTING",1,1,0,29.48,,
96186,A10-210JB,1,0,1,31.83,,
96188,RMX4800-14,0,0,0,436.35,,
96189,"CONNECTOR FITT.",6,3,3,16.29,,
96190,"BLEED TEE",1,0,1,26.96,,
96191,"UNION T",5,3,2,15.44,,
96192,DSM410-DUST-COVER,3,0,3,15.99,,
96194,010-C1214-00,0,0,0,299.99,,
96195,010-C1215-00,0,0,0,149.99,,
96196,010-C1216-00,0,0,0,149.99,,
96197,010-C1217-00,0,0,0,149.99,,
96198,010-C1218-00,0,0,0,149.99,,
96199,010-C1219-00,0,0,0,149.99,,
96203,010-C1223-00,0,0,0,149.99,,
96204,010-C1224-00,0,0,0,187.49,,
96205,010-C1225-00,0,0,0,187.49,,
96206,010-C1226-00,0,0,0,187.49,,
96207,010-C1227-00,0,0,0,187.49,,
96208,010-C1228-00,0,0,0,262.49,,
96209,010-C1229-00,0,0,0,187.49,,
96210,010-C1230-00,0,0,0,187.49,,
96211,010-C1231-00,0,0,0,187.49,,
96212,010-C1232-00,0,0,0,187.49,,
96213,010-C1233-00,0,0,0,187.49,,
96214,010-C1234-00,0,0,0,187.49,,
96215,010-C1235-00,0,0,0,187.49,,
96216,010-C1236-00,0,0,0,187.49,,
96217,010-C1238-00,0,0,0,187.49,,
96218,010-C1239-00,0,0,0,187.49,,
96219,010-C1240-00,0,0,0,187.49,,
96220,010-C1241-00,0,0,0,187.49,,
96221,010-C1242-00,0,0,0,187.49,,
96222,ZDIGGPS160F,5,3,2,233.71,,
96229,PM111C-LHW,0,0,0,2839.62,3909.99,
96232,QUA481030010,0,0,0,2113.16,,2606.95
96252,SS60-SLTD/20,0,0,0,355.56,,
96253,A-BK,3,2,1,174.41,215.90,
96254,A-BK-13,4,0,4,184.03,227.80,
96255,S-BK-16,5,3,2,199.13,246.50,
96256,A-BK-20,7,4,3,195.71,242.25,
96257,A-BK-43,4,0,4,209.44,259.25,
96258,A-BK-26,3,3,0,194.33,,
96259,BL,6,6,0,12.36,15.30,
96260,BU,0,0,0,12.36,15.30,
96261,BU-5,6,2,4,13.73,17.00,
96262,XKAF9X9,3,1,2,607.71,752.25,
96263,XKAF9X12,2,1,1,621.44,769.25,
96264,XKAF9X18,3,1,2,756.03,935.85,
96265,XKAF9X24,0,0,0,933.19,1155.15,
96266,XKAF12X9,3,1,2,624.19,772.65,
96267,XKAF12X12,2,1,1,648.91,803.25,
96268,XKAF12X18,3,1,2,769.76,952.85,
96269,XKAF12X24,2,0,2,1309.48,1620.95,
96270,XKASL9X9,3,2,1,810.27,1003.00,
96271,XKASL9X12,3,2,1,824.00,1020.00,
96272,XKASL9X18,3,2,1,958.59,1186.60,
96273,XKASL9X24,3,2,1,1134.37,1404.20,
96274,XKASL12X9,3,2,1,826.75,1023.40,
96275,XKASL12X12,2,1,1,851.47,1054.00,
96276,XKASL12X18,3,2,1,972.32,1203.60,
96277,XKASL12X24,1,0,1,1512.04,1871.70,
96278,XKASML9X9,1,0,1,817.13,1011.50,
96279,XKASML9X12,1,0,1,830.87,1028.50,
96280,XKASML9X18,0,0,0,965.45,1195.10,
96281,XKASML9X24,1,0,1,1141.24,1412.70,
96282,XKASML12X9,1,0,1,833.61,1031.90,
96283,XKASML12X12,1,0,1,858.33,1062.50,
96284,XKASML12X18,1,0,1,979.19,1212.10,
96285,XKASML12X24,1,0,1,1518.91,1880.20,
96286,XKASAL9X9,4,2,2,1430.33,1770.55,
96287,XKASAL9X12,3,2,1,1444.07,1787.55,
96288,XKASAL9X18,4,2,2,1578.65,1954.15,
96289,XKASAL9X24,4,2,2,1754.44,2171.75,
96290,XKASAL12X9,4,2,2,1446.81,1790.95,
96291,XKASAL12X12,2,1,1,1471.53,1821.55,
96292,XKASAL12X18,5,2,3,1592.39,1971.15,
96293,XKASAL12X24,2,0,2,2132.11,2639.25,
96294,XKAF9X9A,3,1,2,567.88,702.95,
96295,XKAF9X12A,2,1,1,591.23,731.85,
96296,XKAF9X18A,2,1,1,642.04,794.75,
96298,XKAF9X24A,3,1,2,692.85,857.65,
96299,XKAF12X9A,3,1,2,577.49,714.85,
96300,XKAF12X12A,3,1,2,599.47,742.05,
96301,XKAF12X18A,1,0,1,668.13,827.05,
96302,XKAF12X24A,1,1,0,728.56,901.85,
96304,XKASL9X9A,3,2,1,770.44,953.70,
96305,XKASL9X12A,3,2,1,793.79,982.60,
96306,XKASL9X18A,2,1,1,844.60,1045.50,
96307,XKASL9X24A,2,1,1,895.41,1108.40,
96308,XKASL12X9A,4,3,1,780.05,965.60,
96309,XKASL12X12A,3,2,1,802.03,992.80,
96310,XKASL12X18A,1,0,1,870.69,1077.80,
96311,XKASL12X24A,2,2,0,931.12,1152.60,
96316,225T-SS904,0,0,0,711.11,,
96318,M4016,28,0,28,10.67,,
96319,G18516,7,1,6,7.60,,
96323,G220216,14,3,11,9.26,,
96326,1673-PW,2,2,0,125.93,,
96330,R70739,0,0,0,68.17,,
96331,XKASML9X9A,1,0,1,777.31,962.20,
96332,XKASML9X12A,1,0,1,800.65,991.10,
96333,XKASML9X18A,1,0,1,851.47,1054.00,
96334,XKASML9X24A,1,0,1,902.28,1116.90,
96335,XKASML12X9A,1,0,1,786.92,974.10,
96336,XKASML12X12A,1,0,1,808.89,1001.30,
96337,XKASML12X18A,1,0,1,877.56,1086.30,
96338,XKASML12X24A,0,0,0,937.99,1161.10,
96339,XKASAL9X9A,4,2,2,1390.51,1721.25,
96340,XKASAL9X12A,3,2,1,1413.85,1750.15,
96341,XKASAL9X18A,2,1,1,1464.67,1813.05,
96342,XKASAL9X24A,3,1,2,1515.48,1875.95,
96343,XKASAL12X9A,5,3,2,1400.12,1733.15,
96344,XKASAL12X12A,4,2,2,1422.09,1760.35,
96345,XKASAL12X18A,1,0,1,1490.76,1845.35,
96346,XKASAL12X24A,2,2,0,1551.19,1920.15,
96354,BK4514,8,5,3,127.40,148.00,
96357,200-012G2-H1C,0,0,0,761.83,,857.06
96358,200-012G2-H1C-B,0,0,0,761.83,,857.06
96359,200-014G2-H1C,0,0,0,761.83,,857.06
96360,200-014G2-H1C-B,0,0,0,761.83,,857.06
96366,RH5999-9002,6,3,3,18.91,,
96367,81545,8,4,4,6.39,8.34,
96369,81546,4,2,2,8.21,10.73,
96370,81547,4,2,2,11.84,15.48,
96371,81549,7,4,3,5.17,6.74,
96372,A80731,15,8,7,358.68,,
96373,010-C1243-00,0,0,0,187.49,,
96374,010-C1244-00,0,0,0,187.49,,
96375,010-C1245-00,0,0,0,187.49,,
96376,010-C1246-00,0,0,0,187.49,,
96377,010-C1247-00,0,0,0,187.49,,
96378,010-C1248-00,0,0,0,187.49,,
96379,010-C1249-00,0,0,0,187.49,,
96380,010-C1250-00,0,0,0,187.49,,
96381,010-C1251-00,0,0,0,187.49,,
96382,010-C1252-00,0,0,0,187.49,,
96383,010-C1253-00,0,0,0,187.49,,
96384,010-C1254-00,0,0,0,187.49,,
96385,010-C1255-00,0,0,0,187.49,,
96386,010-C1256-00,0,0,0,187.49,,
96387,010-C1258-00,0,0,0,187.49,,
96388,010-C1259-00,0,0,0,187.49,,
96389,010-C1260-00,0,0,0,187.49,,
96390,010-C1261-00,0,0,0,187.49,,
96391,010-C1262-00,0,0,0,187.49,,
96392,010-C1264-00,0,0,0,187.49,,
96393,010-C1266-00,0,0,0,187.49,,
96394,010-C1267-00,0,0,0,187.49,,
96395,010-C1268-00,0,0,0,187.49,,
96396,010-C1269-00,0,0,0,187.49,,
96401,MA5700-0-0-101,0,0,0,10.31,,
96402,1664-PW,0,0,0,225.11,,
96403,1685-PW,0,0,0,220.23,,
96406,010-12953-03,0,0,0,31.99,,
96407,58541-1000,11,8,3,55.84,,
96408,68000604,2,1,1,94.13,,
96411,10205GA,44,33,11,7.12,,
96412,10000G,1,0,1,8.12,,
96413,15253A,2,2,0,6.19,,
96414,15252A,14,10,4,5.81,,
96415,27657,0,0,0,15.91,,
96416,10727A,22,6,16,6.53,,
96417,29502,4,4,0,14.60,,
96418,GC001,0,0,0,681.82,,
96420,FOURTECHBLK06,4,2,2,224.00,,
96421,FOURTECHBLK07,3,1,2,187.25,,
96422,FOURTECHBLK08,4,2,2,207.41,,
96423,FOURTECHBLK09,4,2,2,188.56,,
96424,88825-2,0,0,0,2111.10,,
96425,88825-3,0,0,0,2111.10,,
96426,88679-02,0,0,0,2533.32,,
96427,88679-03,0,0,0,2533.32,,
96430,88823-2,0,0,0,897.21,,
96431,88823-3,0,0,0,835.25,,
96432,FOURTECHBLK10,4,2,2,171.43,,
96436,FOURTECHBLK11,3,1,2,171.43,,
96438,FOURTECHBLK12,4,2,2,171.43,,
96439,FOURTECHBLK13,2,0,2,171.43,,
96440,FOURTECHBLK14,4,2,2,171.43,,
96441,2000037885,10,10,0,36.33,,
96442,FOURTECHBLK15,5,3,2,171.43,,
96443,FOURTECHBLK16,5,2,3,171.43,,
96444,FOURTECHBLK17,6,2,4,171.43,,
96445,FOURTECHBLK18,4,2,2,171.43,,
96446,FOURTECHBLK20,13,5,8,171.43,,
96449,WUL8BK-FT,474,474,0,21.65,,
96450,WUL10RD-FT,198,198,0,0.66,,
96451,WUL10BK-FT,18,18,0,0.66,,
96452,WUL8RD-FT,6,6,0,21.65,,
96474,SCC115085411,5,4,1,367.24,,453.05
96476,W12/2RYW-FT,10,10,0,0.75,,
96477,W16/2DC-FT,233,233,0,0.35,,
96478,1215-FT,33,33,0,0.78,,
96479,980577011,0,0,0,89.32,,
96484,M90BX08,5,3,2,122.14,,
96485,M90BX09,4,2,2,122.14,,
96486,M90BX10,2,0,2,122.14,,
96487,M90BX11,2,0,2,122.14,,
96488,M90BX12,2,0,2,122.14,,
96489,M90BX13,2,0,2,122.14,,
96490,M90BX14,1,1,0,122.14,,
96491,M90BX15,2,1,1,122.14,,
96492,M90BX16,3,1,2,122.14,,
96493,M90BX17,2,0,2,122.14,,
96494,M90BX18,0,0,0,122.14,,
96495,UC128TS-1P,4,2,2,614.82,,
96496,UC95OBF-1,0,0,0,444.83,,
96503,CYR010120011R,5,3,2,39.96,,49.30
96504,ARG100301020R,33,11,22,93.01,,114.75
96524,53242,5,1,4,278.33,,340.99
96525,53243,2,2,0,306.11,,374.99
96526,53244,6,3,3,324.80,,397.99
96527,53363,6,4,2,371.26,,454.99
96528,53364,7,3,4,399.05,,488.99
96529,53505,6,2,4,509.82,,624.99
96530,53600,1,0,1,30.29,,39.99
96538,69600943,2,0,2,1163.43,,
96539,69600944,1,0,1,1163.43,,
96541,PMP242305130,9,4,5,919.13,,1133.90
96573,959037521,2,2,0,143.19,,
96589,PMP122305102,11,6,5,881.92,,1088.00
96591,SHU065150050,10,8,2,81.30,,100.30
96592,SHU065210050,18,16,2,134.35,,165.75
96593,SHU065220050,22,10,12,183.27,,226.10
96594,69330,2,2,0,12.81,,
96595,69320,0,0,0,24.51,,
96596,69321,3,3,0,14.99,,
96598,69380,2,2,0,161.43,,
96617,PLABS705,11,11,0,21.00,,
96618,PLASE301,0,0,0,28.93,,
96619,PLASE401,0,0,0,48.21,,
96620,PLASE602,2,2,0,28.93,,
96621,PLASE603,4,3,1,28.93,,
96622,PLASE701,1,1,0,38.57,,
96623,PLASE702,4,2,2,45.00,,
96627,48-YSP-3YM-B,0,0,0,568.29,,
96628,FRBAP15,3,3,0,15.86,,
96629,FRBAP20,1,1,0,28.55,,
96630,FRBAP22,0,0,0,38.06,,
96631,FRBAP30,0,0,0,47.59,,
96632,FRBAP40,2,0,2,53.94,,
96636,131200-100-004-23,12,6,6,111.76,,
96638,135100-701-999-23,0,0,0,15.17,,
96639,123200-400-020-23,0,0,0,61.05,,
96640,123200-400-040-23,9,5,4,61.05,,
96641,123200-400-060-23,9,4,5,61.05,,
96642,123000-500-020-23,0,0,0,54.11,,
96643,123000-500-040-23,12,5,7,54.11,,
96644,123000-500-060-23,8,5,3,54.11,,
96645,123000-600-020-23,12,6,6,54.11,,
96646,123000-600-040-23,17,11,6,54.11,,
96647,123000-600-060-23,7,7,0,54.11,,
96648,132100-700-004-23,2,2,0,157.80,,
96649,0895,2,0,2,110.48,,
96659,PM411C-LWM,0,0,0,4407.06,5999.99,
96660,K00-00494-01,18,12,6,1.00,,
96666,600-GDL,0,0,0,259.60,,
96669,601001-1,3,3,0,97.40,,
96670,601002-1,8,8,0,97.40,,
96671,601003-1,0,0,0,97.40,,
96673,601004-1,8,0,8,97.40,,
96674,601005-1,0,0,0,97.40,,
96675,601006-1,0,0,0,97.40,,
96676,601007-1,3,3,0,97.40,,
96677,601020-1,0,0,0,97.40,,
96678,601021-1,2,2,0,82.91,,
96679,601008-1,3,0,3,97.40,,
96680,601009-1,2,2,0,97.40,,
96681,601010-1,0,0,0,97.40,,
96682,602001-1,10,10,0,129.87,,199.99
96683,602002-1,13,13,0,129.87,,199.99
96684,602003-1,7,7,0,129.87,,199.99
96685,602004-1,6,0,6,129.87,,199.99
96686,602005-1,2,0,2,129.87,,199.99
96687,602006-1,3,3,0,129.87,,199.99
96688,602007-1,0,0,0,129.87,,199.99
96689,602008-1,0,0,0,129.87,,199.99
96690,602009-1,9,9,0,129.87,,199.99
96691,602010-1,0,0,0,129.87,,199.99
96692,602020-1,7,7,0,162.34,,249.99
96694,602021-1,4,4,0,129.87,,199.99
96695,1865115,12,7,5,39.94,,
96696,1865120,34,13,21,123.49,,
96701,B00086001,0,0,0,74.81,126.72,
96702,B00084701,0,0,0,180.00,301.05,
96703,B00084801,1,0,1,169.99,432.72,
96704,B00111301,0,0,0,97.01,164.34,
96705,2000035685,10,8,2,39.22,53.99,
96706,B00110901,4,2,2,59.99,134.19,
96707,B00109001,4,2,2,38.00,80.28,
96714,SCC125060221,9,4,5,336.23,,414.80
96715,BPC900110114,11,6,5,22.05,,27.20
96741,0528006CHR,9,9,0,70.95,,
96743,XRMAGST17ANC,1,1,0,20.74,,
96744,XRMAGST17HDBSRD,0,0,0,20.74,,
96745,XRMAGST17HDBTO,3,3,0,20.74,,
96746,XRMAGST17HDGH,1,1,0,20.74,,
96747,XRMAGST17HDHPU,4,4,0,20.74,,
96748,XRMAGST17HDRHU,2,2,0,20.74,,
96749,XRMAGST17HDSBM,3,3,0,20.74,,
96750,XRMAGST17HDSFU,0,0,0,20.74,,
96751,XRMAGST17HDWHU,1,1,0,20.74,,
96752,XRMAGST17MU,1,1,0,20.74,,
96753,XRMAGST17PHV,1,1,0,20.74,,
96754,XRMAGST17PLD,0,0,0,20.74,,
96755,XRMAGXP130AYU,0,0,0,16.98,,
96756,XRMAGXP130BSRD,1,1,0,16.98,,
96757,XRMAGXP130D,0,0,0,16.98,,
96758,XRMAGXP130FFU,0,0,0,16.98,,
96759,XRMAGXP130HWHU,0,0,0,16.98,,
96760,XRMAGXP130MU,0,0,0,16.98,,
96761,XRMAGXP170AYU,0,0,0,22.12,,
96762,XRMAGXP170BSRD,3,3,0,22.12,,
96763,XRMAGXP170D,3,3,0,22.12,,
96764,XRMAGXP170FFU,1,1,0,22.12,,
96765,XRMAGXP170HWHU,2,2,0,22.12,,
96766,XRMAGXP170MU,3,3,0,22.12,,
96767,DFG50,0,0,0,57.02,,
96768,MFG50,3,3,0,33.02,,
96769,RFFG6,3,3,0,9.76,,
96770,RFFG9,8,8,0,12.63,,
96771,RFFGSC,4,4,0,28.93,,
96772,RHCDS50,4,4,0,36.79,,
96773,RMSPP4,2,2,0,23.01,,
96774,RMSPP6,3,3,0,23.01,,
96775,RMSPP8,5,5,0,25.71,,
96776,SMTH3,12,12,0,21.86,,
96777,630-106G,0,0,0,18.32,,
96778,630-106L,0,0,0,18.32,,
96779,630-110G,0,0,0,18.32,,
96780,630-110L,1,1,0,18.32,,
96781,630-115G,1,1,0,18.32,,
96782,630-115L,0,0,0,18.32,,
96783,630-120G,0,0,0,18.32,,
96784,630-120L,0,0,0,18.32,,
96785,630-130G,0,0,0,18.32,,
96786,630-130L,0,0,0,18.32,,
96787,630-140G,2,2,0,18.32,,
96788,630-140L,0,0,0,18.32,,
96789,630-150G,0,0,0,21.99,,
96790,630-150L,0,0,0,21.99,,
96791,630-165G,0,0,0,21.99,,
96792,630-165L,1,1,0,21.99,,
96793,630-180G,0,0,0,24.07,,
96794,630-180L,0,0,0,24.07,,
96795,630-310G,0,0,0,64.51,,
96804,630-340L,2,2,0,64.51,,
96808,630-365L,1,1,0,77.96,,
96811,658-112MC,7,7,0,26.00,,
96812,658-118MC,5,5,0,26.00,,
96813,658-212MC,1,1,0,44.74,,
96814,658-218MC,3,3,0,44.74,,
96816,658-318MC,1,1,0,129.99,,
96817,668-112MC,0,0,0,12.90,,
96818,668-115MC,0,0,0,12.90,,
96819,668-118MC,0,0,0,12.90,,
96820,668-127MC,0,0,0,14.07,,
96821,668-136MC,0,0,0,14.07,,
96822,668-212MC,3,3,0,24.59,,
96823,668-215MC,0,0,0,24.59,,
96824,668-218MC,18,18,0,25.10,,
96825,668-227MC,8,8,0,27.53,,
96826,668-236MC,3,3,0,27.53,,
96827,668-312MC,3,3,0,69.47,,
96828,668-315MC,3,3,0,69.47,,
96829,668-318MC,0,0,0,70.72,,
96830,668-327MC,0,0,0,78.32,,
96831,668-336MC,1,1,0,78.32,,
96832,660-240CC,1,1,0,44.87,,
96833,660-240G,0,0,0,44.87,,
96834,9618,1,1,0,87.76,,
96850,ADA010100400,15,14,1,6.89,,8.50
96851,PSC123051095,5,2,3,285.93,,352.75
96852,PSC123053095,7,2,5,307.29,,379.10
96854,PSC125051095,3,3,0,364.48,,449.65
96855,PSC125053095,5,2,3,385.84,,476.00
96856,PSC241651095,7,4,3,285.93,,352.75
96857,PSC242551095,9,4,5,364.48,,449.65
96858,PSC242553095,3,2,1,385.84,,476.00
96859,"RC1212CAP12V   ",0,0,0,3795.00,4857.60,
96865,806-1212,3,3,0,383.11,,
96867,PIN242122500,5,4,1,270.78,,334.05
96868,DX900-ST-0,0,0,0,870.78,1199.00,
96878,1071,0,0,0,128.75,174.99,
96879,1074,0,0,0,128.75,174.99,
96881,1076,0,0,0,128.75,174.99,
96882,1079,0,0,0,191.25,249.99,
96883,1080,0,0,0,191.25,249.99,
96884,1081,0,0,0,191.25,249.99,
96885,1082,0,0,0,191.25,249.99,
96886,1083,0,0,0,191.25,249.99,
96887,1068,0,0,0,191.25,249.99,
96889,1073,0,0,0,191.25,249.99,
96890,1077,0,0,0,191.25,249.99,
96892,1078,0,0,0,191.25,249.99,
96893,1084,0,0,0,191.25,249.99,
96894,1085,0,0,0,191.25,249.99,
96908,GP1500-51,0,0,0,276.35,,
96909,GP1040-54,0,0,0,334.53,,
96910,SCM-ZC-REMOTE,5,2,3,124.00,,177.00
96911,SCM-SCNET-Y,0,0,0,23.95,,29.95
96912,SCM-SCNET-04,0,0,0,23.95,,29.95
96913,S-1805,0,0,0,10.99,,
96916,S-1802BC,5,2,3,94.19,,
96917,S-1802C,167,88,79,29.99,,
96918,5624-6,9,4,5,28.80,,
96919,96635,12,0,12,6.73,9.01,
96920,96637,50,29,21,21.09,28.24,
96921,96631,13,13,0,10.87,12.84,
96922,96636,14,8,6,13.25,15.66,
96923,SEC-1223,11,11,0,131.14,180.90,
96927,M3100,0,0,0,33.30,,
96931,252233,18,10,8,1.30,,
96933,242233,7,4,3,16.23,,
96934,244233,0,0,0,59.67,,
96935,252237,0,0,0,4.34,,
96936,252247,0,0,0,3.31,,
96937,242247,0,0,0,9.07,,
96938,252253,18,10,8,2.62,,
96939,242253,3,2,1,24.15,,
96945,2815,6,1,5,137.97,,
96946,9353,0,0,0,30.49,,
96950,BMS300200200,6,2,4,126.78,,156.40
96952,010-12390-42,1,0,1,26.24,,
96960,50880-1100,4,2,2,250.77,,
96962,242267,7,4,3,18.55,,
96963,252274,0,0,0,3.48,,
96964,242274,0,0,0,34.17,,
96965,244275,0,0,0,109.01,,
96966,242277,0,0,0,19.91,,
96967,252284,13,8,5,3.99,,
96968,242284,1,1,0,39.47,,
96969,242287,3,2,1,20.92,,
96970,252294,1,0,1,4.77,,
96971,242717,0,0,0,22.55,,
96972,244725,0,0,0,238.31,,
96973,244726,0,0,0,238.36,,
96974,R70690,0,0,0,63.91,,
96976,249101,4,0,4,3.99,,
96979,309303,0,0,0,4.10,,
96980,309325,6,2,4,26.47,,
96982,321303,0,0,0,3.90,,
96983,321325,0,0,0,20.57,,
96984,321403,0,0,0,3.90,,
96985,321425,8,2,6,20.57,,
96986,321503,0,0,0,3.90,,
96987,321525,0,0,0,20.57,,
96988,321603,0,0,0,3.90,,
96989,321625,2,2,0,20.57,,
96990,321703,0,0,0,3.90,,
96991,321725,0,0,0,20.57,,
96993,318803,0,0,0,3.36,,
96994,318903,0,0,0,3.36,,
96995,318825,0,0,0,17.74,,
96996,318925,0,0,0,17.74,,
96997,319803,0,0,0,3.36,,
96998,319903,0,0,0,3.36,,
96999,319825,0,0,0,18.72,,
97000,319925,0,0,0,18.72,,
97001,MM-RAY,3,0,3,76.75,97.50,
97005,22309,22,11,11,5.00,,
97022,000-191-487-10,0,0,0,63.64,,
97024,GNT-1.0-30-INS-ID,5,4,1,1079.99,1349.99,
97025,GNT-1.0-80-INS-IDP,1,1,0,1359.99,1529.99,
97027,"A-0 WHITE",11,11,0,22.00,,
97028,GNT-1.0-ELITE-30-IDP,2,2,0,1839.99,2069.99,
97029,GNT-1.0-ELITE-80-IDP,1,1,0,1399.00,2249.99,
97030,GP-MSWR,1,0,1,199.00,332.99,
97031,GP-SD,2,0,2,189.99,296.99,
97032,50124,0,0,0,33.36,,
97033,50136,0,0,0,14.44,,
97034,GMM-IP67-TEMPSENSOR,1,0,1,199.00,584.99,
97035,GMM-IP67-HWS,0,0,0,377.99,485.99,
97036,GA-STROBE-WHITE,2,2,0,219.99,341.99,
97037,GMM-IP67-PULL-25,2,1,1,149.99,539.99,
97038,GMM-IP67-POWEROUT,0,0,0,447.99,575.99,
97039,GMM-IP67-IBS2-SIRENOUT,1,1,0,689.99,1088.99,
97040,GAP-TSK5-BLACK,0,0,0,405.99,521.99,
97043,GA-MINI-SIREN,0,0,0,90.99,116.99,
97044,GWHD-XVR-4G,0,0,0,3499.99,4499.99,
97045,GWHD-XVR,0,0,0,1749.99,2249.99,
97046,G4G-LTE-WIFI-OCTO-DEUCE,2,1,1,399.00,,
97047,GOST-MINI-BALL-1080P-W,7,2,5,444.49,571.49,
97053,010-02091-50,6,3,3,2239.99,,
97054,010-02091-51,10,7,3,2399.99,,
97055,010-02092-50,11,5,6,3039.99,,
97056,010-02092-51,24,15,9,3439.99,,
97066,WSO200-01,6,3,3,509.42,,
97068,010-02093-50,19,4,15,4639.99,,
97069,010-02093-51,7,5,2,5039.99,,
97083,SCM-DLX-CC-CHR-WH,5,4,1,80.49,,116.00
97088,401-017,0,0,0,65.11,,73.25
97089,401-017-B,0,0,0,65.11,,73.25
97092,PMP122200102,11,3,8,698.65,,861.90
97093,G180124,7,3,4,9.79,,
97094,G180124CASE,1,0,1,39.14,,
97095,KG-1BK-PR,25,12,13,38.67,49.30,
97096,KG-4BK-PR,9,5,4,125.67,160.23,
97097,E6-71-408S-85,0,0,0,55.75,,
97098,E6-71-430S-85,0,0,0,48.58,,
97106,F38-9960,4,2,2,150.33,,
97107,88449,0,0,0,72.82,,
97108,88450,8,4,4,94.99,,
97109,V21-9906WHC60D-1,0,0,0,234.19,,
97110,V21-9906BKA60D-1,1,0,1,236.09,,
97111,V21-9959WHC60D-1,0,0,0,156.69,,
97112,S11-4511P6-1,1,1,0,53.89,,
97113,F16-0200-1,8,3,5,104.33,,
97114,M20-2411,2,1,1,579.41,,
97116,M20-3611,0,0,0,644.24,,
97117,M20-1013E,0,0,0,662.81,,
97118,M20-2413E,0,0,0,1052.08,,
97119,M20-3613E,0,0,0,1177.99,,
97121,HTINT60TM,0,0,0,236.25,,
97133,PU105111-04R,12,6,6,191.53,,
97134,PU1051B1-04R,6,3,3,179.86,,
97135,1731321FGK-R,8,4,4,107.21,,
97136,1731521FGK-R,4,3,1,115.01,,
97162,46731,0,0,0,614.49,1029.99,
97163,202513,0,0,0,152.73,255.99,
97164,130313,0,0,0,709.34,1188.99,
97165,212113,2,0,2,171.22,286.99,
97166,132313,0,0,0,835.82,1400.99,
97167,910313,0,0,0,218.35,365.99,
97168,931314,0,0,0,649.09,1087.99,
97171,544713,0,0,0,356.76,597.99,
97173,230603,1,0,1,504.72,845.99,
97174,110313,0,0,0,285.76,478.99,
97175,CANNS500,0,0,0,457.98,,
97176,60000189SPA,5,2,3,346.39,,
97178,SW31315DG,3,2,1,50.84,,
97180,30470-A,6,3,3,179.99,,
97181,30433,3,1,2,169.61,,
97182,30460,2,1,1,194.97,,
97183,70200,4,2,2,150.27,,
97184,30457,1,0,1,209.25,,
97185,30456,1,0,1,181.11,,
97186,30459,3,1,2,219.72,,
97187,70125,2,1,1,140.81,,
97188,70201,1,0,1,155.05,,
97189,70216,3,2,1,150.27,,
97190,30462,2,1,1,210.56,,
97191,5372,1,0,1,126.64,,
97192,5393,5,2,3,142.40,,
97193,5380,2,1,1,129.99,,
97194,5375,4,1,3,172.27,,
97195,5387,2,0,2,165.33,,
97196,5392,2,1,1,176.80,,
97197,5363,3,2,1,94.99,,
97198,5360,3,1,2,185.29,,
97199,5370,2,0,2,152.41,,
97200,5373,4,2,2,143.35,,
97201,20815,2,2,0,210.83,,
97202,60050,4,3,1,174.69,,
97203,60125,2,1,1,198.15,,
97204,20102,3,2,1,155.33,,
97205,60073,3,2,1,205.57,,
97206,20800,3,2,1,169.79,,
97207,20850,2,1,1,330.59,,
97208,60075,0,0,0,190.20,,
97209,60055,2,2,0,187.04,,
97210,20860,3,1,2,281.27,,
97211,6240,0,0,0,235.56,,
97212,6258,2,1,1,367.40,,
97213,6250,5,2,3,209.99,,
97214,6241,3,2,1,153.16,,
97215,6263,1,1,0,354.11,,
97216,6276,3,1,2,311.33,,
97217,6260,4,1,3,206.63,,
97218,6238,4,3,1,156.45,,
97219,SW058,4,1,3,17.73,,
97220,SW058HD,3,2,1,20.12,,
97221,SW109,4,2,2,27.45,,
97222,SW622,2,0,2,27.17,,
97223,SW054,6,2,4,18.44,,
97224,SW097,0,0,0,28.52,,
97225,MBK450,2,1,1,17.85,,
97226,M525,0,0,0,31.32,,
97227,BK900,4,2,2,17.73,,
97228,M532,2,0,2,37.87,,
97229,R473,3,1,2,14.48,,
97230,R151,3,1,2,11.68,,
97231,R767,4,2,2,104.51,,
97232,MV3555-268-0-216,17,14,3,43.75,,
97243,84-78,0,0,0,64.01,,
97244,1710WB-13WB-KIT,5,2,3,469.99,,
97246,V-420,0,0,0,27.25,,
97247,V-420L,0,0,0,30.81,,
97248,V-200L,1,1,0,72.29,,
97249,V-220L,9,9,0,107.85,,
97250,V-100,8,8,0,32.00,,
97253,0946DP1STS,15,10,5,49.49,,
97255,ORI482441110,11,6,5,163.29,,201.45
97256,A10-366-CB-2-IN,0,0,0,310.20,,459.99
97257,A10-366-MR-2-IN,4,0,4,310.20,,
97258,A10-366-JB-2-IN,4,4,0,310.20,,459.99
97262,E6TH009CD,0,0,0,1750.00,2660.00,
97263,E6TH009BW,0,0,0,1675.00,2546.00,
97264,D3009B,0,0,0,200.00,302.00,
97265,D3009BI,0,0,0,200.00,302.00,
97266,D3009W,0,0,0,200.00,302.00,
97267,D3009WI,4,0,4,200.00,302.00,
97268,MR1308UABK,15,6,9,70.19,109.99,
97292,001-629-020-00,0,0,0,372.73,,
97298,RF45711,0,0,0,75.11,114.91,
97299,RF45711HL,0,0,0,129.17,197.64,
97300,RF45711N,0,0,0,63.63,97.35,
97301,RF46000,0,0,0,63.09,96.52,
97302,RF46330,0,0,0,210.30,321.75,
97303,RF46530,8,4,4,372.75,570.31,
97304,RF48000,7,3,4,14.56,22.27,
97305,RF48000HL,0,0,0,89.84,137.45,
97306,RF48100,0,0,0,26.22,40.12,
97307,RF48109,0,0,0,22.53,34.47,
97308,RF48109HL,0,0,0,112.53,172.18,
97309,RF48120,0,0,0,93.31,142.76,
97310,RF48140,6,4,2,32.44,49.64,
97311,RF48151,2,0,2,37.25,57.00,
97312,RF48200,0,0,0,58.31,89.21,
97313,RF48209,0,0,0,43.93,67.20,
97314,RF48210,5,2,3,64.14,98.13,
97315,RF48300,0,0,0,86.16,131.82,
97316,RF48310,0,0,0,91.93,140.65,
97317,RF48330,0,0,0,150.21,229.82,
97318,RF48400,10,6,4,115.73,177.05,
97319,RF48410,0,0,0,121.49,185.88,
97320,RF48500,8,4,4,131.83,201.69,
97321,RF48510,0,0,0,137.59,210.51,
97322,010-12547-03,9,0,9,26.24,,
97324,"P-10 MASTER",0,0,0,114.44,,
97360,101753,9,5,4,103.40,,165.99
97361,101754,11,5,6,103.89,,167.09
97362,101755,4,1,3,103.89,,167.09
97363,101756,12,4,8,102.43,,165.09
97364,101758,0,0,0,103.89,,167.09
97365,101763,8,4,4,102.43,,165.09
97374,6353L,2,2,0,43.12,,
97400,02994,2,0,2,38.61,57.89,
97427,MJSLT190U,6,1,5,408.07,,
97428,MJSLT220U,5,0,5,459.20,,
97429,APM-48,0,0,0,108.84,134.00,
97431,7090,0,0,0,102.27,126.00,
97434,7094,0,0,0,148.01,182.00,
97436,7095,0,0,0,185.01,227.00,
97441,60-100-DV,0,0,0,561.78,688.00,
97444,60-100-J10,2,0,2,561.78,688.00,
97446,60-100-K6,2,0,2,561.78,688.00,
97447,60-120-DV,0,0,0,625.99,766.00,
97451,604-120-DV,0,0,0,625.99,766.00,
97453,604-120-K6,2,0,2,625.99,766.00,
97455,604-150-K6,2,0,2,738.35,904.00,
97456,60-YP-MC-100-DV,0,0,0,755.69,925.00,
97457,60-YP-MC-100-K6,3,0,3,755.69,925.00,
97458,621-100-DV,0,0,0,561.78,688.00,
97459,621-100-J10,1,0,1,561.78,688.00,
97460,621-100-K6,2,0,2,561.78,688.00,
97461,621-120-J10,2,0,2,625.99,766.00,
97462,60-YP-MC-120-DV,3,0,3,819.08,1003.00,
97463,621-VUP-MC-100-DV,0,0,0,755.69,925.00,
97464,621-VUP-MC-100-J10,2,0,2,755.69,925.00,
97465,621-VUP-MC-100-K6,2,0,2,755.69,925.00,
97468,7060-24,0,0,0,148.01,182.00,
97470,70-AT-200,2,0,2,164.78,202.00,
97473,SG2-0405,2,0,2,34.09,38.99,
97474,XT-CR-170-J10,2,0,2,803.57,984.00,
97475,XT-CR-170-J10-KIT,2,1,1,997.10,1220.00,
97476,XT-CR-170-K6,3,0,3,803.57,984.00,
97477,XT-CR-170-K6-KIT,0,0,0,997.10,1220.00,
97478,XT-CR-250-K6,1,0,1,699.87,1207.00,
97479,XT-CR-250-K6-KIT,4,1,3,1179.78,1444.00,
97480,XT-DF-250-DV,1,0,1,699.87,1207.00,
97481,XT-DF-250-DV-KIT,3,0,3,799.87,1444.00,
97482,XT-DF-250-J10,2,0,2,986.21,1207.00,
97483,XT-DF-250-J10-KIT,0,0,0,1179.78,1444.00,
97484,XT-DF-250-K6,2,0,2,986.21,1207.00,
97485,XT-DF4-170-K6,1,0,1,803.57,984.00,
97486,XT-DF4-170-K6-KIT,0,0,0,997.10,1220.00,
97488,SBR-45LI,31,13,18,52.50,,
97519,JB4U30-300IB,0,0,0,14.26,,
97533,MJBKT100,5,2,3,35.75,,
97534,MJUFOXL,5,3,2,255.64,,
97539,ZDIGPLINK2,6,4,2,233.71,,
97542,T10-504B,0,0,0,98.78,,
97543,T10-527,0,0,0,85.61,,
97545,81-47248-01,0,0,0,170.87,,
97554,B00109901,10,10,0,54.16,91.62,
97556,B285HW,0,0,0,1244.44,,
97557,B117-DT-9N,0,0,0,219.68,289.99,
97564,5101-BLK,62,38,24,72.51,,
97565,5104-BLK,7,3,4,56.64,,
97566,5912-DS-VHF,5,5,0,77.78,,
97567,5912-DS-VHF-W,6,3,3,77.78,,
97568,QC-8-T,12,9,3,84.49,,
97569,QC-4-T,15,7,8,66.13,,
97572,40020256,0,0,0,1086.60,,
97573,6187,14,5,9,77.78,,
97580,1089,0,0,0,191.25,249.99,
97581,1087,0,0,0,191.25,249.99,
97582,1086,0,0,0,191.25,249.99,
97587,1721321-R,2,1,1,73.10,,
97588,7141321FGK-R,6,4,2,152.40,,
97589,7401321FGK-R,10,6,4,401.40,,
97590,PU026104-R,7,4,3,97.66,,
97591,PU063104-01R,11,9,2,63.16,,
97592,PU021104-R,7,4,3,86.74,,
97595,PU085241,5,3,2,349.98,,
97596,PU081B11,12,6,6,349.98,,
97597,PU301404-44,4,2,2,144.68,,
97598,PU501404,8,3,5,110.31,,
97599,150200-200-080-23,0,0,0,57.87,,
97600,1444DP2ALU,2,2,0,55.20,,
97601,1444DP3ALU,2,0,2,56.46,,
97602,1444DP4ALU,2,2,0,60.06,,
97603,1444DP5ALU,6,4,2,66.44,,
97607,CB131MA600,0,0,0,527.61,,
97608,CB131H600,0,0,0,442.83,,
97609,CB131M1KW,0,0,0,762.39,,
97610,CB131H1KW,0,0,0,645.00,,
97623,ASS030550120,9,4,5,12.40,,15.30
97624,ASS030550220,9,6,3,12.40,,15.30
97628,01206,2,0,2,58.44,79.99,
97629,01207,6,0,6,119.29,163.29,
97630,01215,4,0,4,42.11,57.63,
97631,01225,4,0,4,44.25,60.56,
97632,7700D,25,14,11,367.63,,
97633,01247,4,0,4,161.55,221.13,
97634,01248,3,0,3,270.60,370.39,
97635,01263,4,0,4,24.91,34.09,
97636,01264,4,0,4,38.84,53.17,
97637,01265,4,0,4,61.76,84.53,
97638,01303,3,0,3,21.20,29.03,
97639,01304,4,0,4,29.51,40.38,
97640,01305,3,0,3,47.81,65.45,
97641,01306,1,0,1,79.27,108.50,
97642,01343,4,0,4,24.19,33.11,
97643,01344,2,0,2,34.37,47.05,
97645,01345,6,0,6,52.35,71.66,
97646,01346,3,0,3,83.96,114.92,
97647,N20804W,12,5,7,161.99,,
97648,01394,3,0,3,63.87,87.42,
97649,01395,4,0,4,98.31,134.56,
97650,N20020,16,7,9,99.12,,
97651,02317,10,0,10,60.55,82.88,
97652,02329,8,0,8,168.83,231.07,
97653,02374,0,0,0,84.36,115.47,
97654,02376,6,0,6,105.41,144.29,
97655,02382,6,0,6,71.83,98.30,
97656,02478,4,0,4,157.80,215.99,
97657,02495,5,0,5,84.36,115.47,
97658,02674,6,0,6,101.79,139.32,
97659,02675,3,0,3,126.19,172.72,
97660,02676,10,0,10,162.71,222.70,
97661,02677,6,0,6,252.35,345.40,
97662,02678,4,0,4,423.05,579.06,
97663,02773,3,0,3,89.64,122.70,
97664,02774,4,0,4,109.95,150.49,
97665,02775,10,0,10,134.32,183.86,
97666,02777,6,0,6,268.55,367.58,
97667,02778,6,0,6,447.56,612.60,
97668,06332,6,0,6,16.77,22.95,
97669,06333,6,0,6,16.77,22.95,
97670,06334,6,0,6,16.77,22.95,
97671,WS-200WX,0,0,0,1308.40,1795.50,
97672,06342,4,0,4,25.40,34.77,
97673,06344,6,0,6,25.40,34.77,
97674,06345,3,0,3,25.40,34.77,
97675,06352,3,0,3,38.41,52.57,
97676,06355,3,0,3,38.41,52.57,
97677,06356,5,0,5,38.41,52.57,
97678,06363,3,0,3,59.45,81.39,
97679,06366,4,0,4,59.45,81.39,
97680,06367,2,0,2,59.45,81.39,
97681,06368,7,0,7,59.45,81.39,
97682,06495,5,0,5,48.37,66.22,
97683,06497,3,0,3,73.16,100.13,
97684,06511,4,0,4,10.72,,
97685,06512,6,0,6,11.80,,
97686,06513,3,0,3,12.88,,
97687,06514,5,0,5,20.24,,
97688,06515,2,0,2,31.20,,
97689,06516,3,0,3,65.33,,
97690,06523,3,0,3,16.55,,
97691,06524,6,0,6,24.07,,
97693,06525,4,0,4,38.28,,
97694,06526,4,0,4,74.31,,
97695,06564,3,0,3,95.23,130.35,
97696,06565,10,0,10,121.28,166.01,
97697,06566,4,0,4,181.80,248.84,
97698,09201,6,0,6,7.03,9.61,
97699,09202,9,0,9,7.99,10.92,
97700,09203,5,0,5,10.07,13.77,
97701,09204,5,0,5,15.43,21.12,
97702,09205,3,0,3,28.23,38.63,
97703,09211,6,0,6,9.69,13.26,
97704,09212,6,0,6,10.07,13.77,
97705,09222,5,0,5,14.84,20.32,
97706,11207,0,0,0,201.29,275.53,
97707,11208,2,0,2,231.57,316.97,
97708,11209,4,0,4,382.51,523.56,
97709,11215,2,0,2,95.83,131.16,
97710,11240,6,0,6,241.57,330.65,
97711,11244,6,0,6,60.55,82.88,
97712,11245,3,0,3,80.73,110.50,
97713,11246,4,0,4,130.81,179.05,
97714,11247,6,0,6,272.71,373.28,
97715,11248,4,0,4,452.83,619.82,
97716,11249,4,0,4,613.04,895.05,
97717,21104,10,0,10,57.95,86.87,
97718,21105,2,0,2,72.44,108.59,
97719,21106,3,0,3,115.89,173.74,
97720,21223,3,1,2,25.35,,
97721,21224,4,0,4,32.63,,
97723,21225,4,0,4,39.83,,
97725,29944,10,4,6,64.64,,
97728,29955,15,5,10,69.29,,
97730,29966,6,0,6,95.03,142.46,
97731,65321,4,0,4,15.87,21.72,
97732,65331,6,0,6,18.23,24.95,
97733,65341,4,0,4,25.47,34.85,
97734,65351,3,0,3,42.23,57.80,
97735,65361,4,0,4,73.93,101.19,
97736,65441,8,0,8,28.72,39.31,
97737,65451,10,0,10,52.85,72.34,
97738,65461,4,0,4,84.36,115.47,
97739,91432,4,0,4,36.55,50.02,
97740,91433,8,0,8,46.41,63.54,
97741,91434,6,0,6,75.64,103.53,
97742,SP300,8,0,8,268.05,,
97743,SP400,0,0,0,340.51,,
97746,DS-HD10-BLK,30,21,9,30.09,,
97747,DS-MULTI-P-BLK,3,3,0,31.50,,
97749,SC-CW-11F,19,11,8,84.33,,
97750,SC-USB-03,18,5,13,40.50,,
97752,AV-5001-HV-2XL/3XL,0,0,0,73.75,,
97761,V46B,0,0,0,250.19,,
97762,V46,2,2,0,153.23,,
97763,1503,0,0,0,37.89,,
97764,1503B,0,0,0,37.89,,
97766,"V46 KIT",0,0,0,180.16,,
97767,"V46B KIT",0,0,0,288.03,,
97770,ASS030530218,8,6,2,14.47,,17.85
97771,ASS030530230,6,4,2,15.85,,19.55
97772,ASS030066003,13,5,8,6.20,,7.65
97783,SBV-4000-P,0,0,0,2775.50,,
97794,CG2-2W,0,0,0,71.09,,
97799,FSDP31012008B00,0,0,0,1861.01,,
97804,0320,5,5,0,19.91,,
97805,0452,12,12,0,34.93,,
97807,010-12922-00,0,0,0,45.49,,
97810,V351HPU1D,2,2,0,275.36,,
97812,APPT6-MR/DP,0,0,0,25.27,,
97815,01112-1,0,0,0,12.13,,
97816,01112-1AL,3,0,3,13.55,,
97817,01143,0,0,0,12.35,,
97818,01145,0,0,0,13.73,,
97819,01051,0,0,0,5.69,,
97820,TEC-DIVERSD,0,0,0,91.01,,
97821,00734-1,0,0,0,27.79,,
97822,BGW-40,0,0,0,83.52,115.20,
97823,BGW-60,0,0,0,111.48,153.70,
97824,FMB323,0,0,0,9.38,,
97828,845,121,55,66,10.99,,16.99
97829,476S-9OZ,143,81,62,11.50,,21.95
97830,476S-18OZ,21,7,14,21.86,,32.95
97831,915,26,0,26,25.31,,39.95
97833,850-16OZ,176,88,88,7.80,,14.95
97834,850-64OZ,20,5,15,32.60,,
97835,631,20,14,6,13.34,,20.95
97836,520-16OZ,23,17,6,6.49,,10.95
97837,520-64OZ,25,16,9,17.66,,
97838,415,20,15,5,6.94,,
97842,390,69,27,42,9.06,,13.95
97845,855,52,21,31,10.89,,15.95
97846,325,9,6,3,12.06,,18.95
97847,870-16OZ,47,26,21,13.97,,21.95
97848,870-64OZ,41,25,16,41.71,,64.95
97849,885,109,78,31,11.99,,21.95
97850,920-16OZ,80,51,29,5.75,,
97851,920-64OZ,29,21,8,24.20,,
97852,925,118,76,42,10.99,,20.95
97855,001-608-450-00,0,0,0,108.18,,
97857,13-01-001,2,1,1,96.06,,
97858,13-01-002,0,0,0,98.97,,
97859,13-01-003,1,0,1,161.00,,
97860,13-01-004,0,0,0,165.88,,
97861,13-01-005,0,0,0,66.36,,
97862,13-01-006,0,0,0,66.36,,
97863,GP1170-07,0,0,0,385.44,,
97868,P-2BS-24-R,0,0,0,462.50,,
97870,CA-0185,0,0,0,160.49,,
97871,CA-0184,0,0,0,108.33,,
97885,MMC-11R-LDB,0,0,0,100.25,135.00,
97886,SBR-45LIIS,14,5,9,84.00,,
97887,PC170,5,2,3,146.57,205.20,
97888,PC210,5,2,3,82.07,114.90,
97889,PC3410,1,1,0,41.90,58.65,
97890,PC3435,7,3,4,29.33,41.05,
97891,PC3440,4,2,2,29.33,41.05,
97892,PC3450,6,4,2,46.04,64.45,
97893,PC3460,9,4,5,50.26,70.35,
97894,PC3470,14,10,4,58.64,82.10,
97895,PC3660,9,3,6,25.11,35.15,
97896,PC3661,6,2,4,29.33,41.05,
97897,PC3751,6,2,4,41.90,58.65,
97898,PC866,6,4,2,41.90,58.65,
97899,PC891,6,2,4,29.33,41.05,
97900,PC892,6,2,4,29.33,41.05,
97901,PC190,7,2,5,205.21,287.30,
97902,PC3400,4,2,2,54.43,76.20,
97903,PC3405,0,0,0,58.64,82.10,
97904,PC3490,6,1,5,67.00,93.80,
97905,PC3500,7,4,3,58.64,82.10,
97906,PC3505,5,2,3,67.00,93.80,
97907,PC3510,5,3,2,71.21,99.70,
97908,PC3515,7,4,3,75.36,105.50,
97909,PC3580,6,4,2,50.26,70.35,
97910,PC3585,5,2,3,58.64,82.10,
97911,PC550,0,0,0,46.04,64.45,
97912,PC555,7,2,5,54.43,76.20,
97913,PC560,0,0,0,67.00,93.80,
97914,PC600,3,1,2,67.00,93.80,
97915,PC867,6,4,2,54.43,76.20,
97916,PC980,6,3,3,12.57,17.60,
97932,1260/7PK,7,4,3,11.44,,
97933,1217-FT,700,700,0,0.60,,
97939,1742-MW,0,0,0,255.51,,
97942,PMP122305122,19,1,18,815.78,,1006.40
97943,PMP482305102,5,3,2,947.37,,1168.75
97963,2021014014,6,3,3,200.51,289.95,
97964,2021014013,4,3,1,200.51,289.95,
97965,2021014015,2,0,2,200.51,289.95,
97966,2021014016,1,0,1,200.51,289.95,
97967,2021014019,0,0,0,200.51,289.95,
97968,2021014017,0,0,0,200.51,289.95,
97969,2021014018,0,0,0,200.51,289.95,
97972,41560,145,63,82,9.18,,
97984,P55750-S,5,3,2,472.73,,
97992,P77712-S,8,4,4,467.50,,
97999,P92001,23,18,5,401.39,,
98002,2000026606,24,24,0,4.41,,
98005,TFR-230-2,0,0,0,170.48,,
98011,58020-3012,4,2,2,784.80,,
98012,58060-3012,4,2,2,784.80,,
98013,58060-3024,0,0,0,784.80,,
98014,58080-3012,5,2,3,830.11,,
98015,58080-3024,0,0,0,830.11,,
98016,58220-3012,4,2,2,784.80,,
98017,58220-3024,0,0,0,784.80,,
98018,58260-3012,3,2,1,784.80,,
98019,58260-3024,0,0,0,784.80,,
98020,58280-3012,3,1,2,830.11,,
98021,58280-3024,0,0,0,830.11,,
98025,10-24967-02,3,1,2,217.21,,
98026,10-35038-9,0,0,0,214.50,,
98027,35760-0094,6,2,4,261.51,,
98028,10-13599-02,0,0,0,420.85,,
98029,10-24398-01,0,0,0,480.58,,
98030,10-24140-5,0,0,0,396.41,,
98040,60CCM-D5OS,2,1,1,1816.74,2794.99,
98041,SCM-PD4CH,6,6,0,175.00,,249.00
98042,SCM-PWR6,3,2,1,273.99,,389.00
98043,SC3-BW-ALSM,0,0,0,169.51,,249.00
98044,BP150G15,0,0,0,137.07,164.48,
98047,FP5X,17,7,10,83.59,,
98049,SPD-15-W,0,0,0,559.69,,
98050,ACC-FF-1840,0,0,0,30.63,,
98058,WR16/4-100,1,0,1,103.85,,
98059,2000032712,5,3,2,23.60,,
98060,66031-3,7,3,4,22.60,,
98061,66032-3,7,1,6,26.23,,
98063,010-13115-02,32,14,18,22.49,,
98064,010-13116-02,0,0,0,18.75,,
98065,010-13115-10,0,0,0,112.49,,
98066,010-13116-03,0,0,0,18.75,,
98067,010-13115-11,0,0,0,112.49,,
98068,010-13116-04,4,0,4,18.75,,
98069,010-13115-12,8,3,5,112.49,,
98072,4113,9,5,4,6.67,,
98073,4770-4,5,2,3,108.51,,
98074,5606-7,16,8,8,22.94,,
98075,5608-7,8,3,5,36.49,,
98076,5609-7,7,2,5,38.05,,
98077,5612-7,11,5,6,47.74,,
98078,5613-7,4,2,2,44.61,,
98082,66540-3,0,0,0,16.18,,
98083,66541-3,10,6,4,18.93,,
98084,66542-3,6,0,6,22.17,,
98085,66543-3,0,0,0,26.13,,
98086,66544-3,0,0,0,34.27,,
98087,66545-3,6,6,0,39.10,,
98088,66546-3,4,2,2,18.48,,
98089,66547-3,7,2,5,19.63,,
98090,66548-3,12,7,5,22.05,,
98091,66549-3,9,2,7,26.05,,
98092,66550-3,0,0,0,33.58,,
98093,66551-3,6,5,1,37.94,,
98094,66553-3,24,10,14,63.38,,
98095,150600-200-020-23,0,0,0,43.67,,
98096,150600-200-030-23,0,0,0,43.67,,
98097,150600-200-040-23,0,0,0,43.67,,
98098,150600-200-050-23,0,0,0,43.67,,
98099,3872-3,0,0,0,4.19,,
98100,150600-200-060-23,0,0,0,43.67,,
98101,3873-3,0,0,0,3.93,,
98102,150600-200-070-23,0,0,0,43.67,,
98103,3874-3,2,2,0,6.43,,
98104,150200-200-030-23,0,0,0,57.87,,
98105,3878-3,1,0,1,9.91,,
98106,150200-200-050-23,17,7,10,51.99,,
98107,3877-3,9,3,6,6.53,,
98108,150200-200-110-23,0,0,0,57.87,,
98109,3879-3,0,0,0,10.38,,
98110,3886-3,0,0,0,11.29,,
98111,17211-3,0,0,0,4.86,,
98113,7557-7,0,0,0,23.75,,
98114,7526A7,23,14,9,4.79,,
98116,7524A7,22,10,12,4.58,,
98117,7520A3,4,4,0,9.45,,
98118,2000033703,7,5,2,21.18,,
98119,7533A7,6,2,4,7.71,,
98124,NV6LC1-14BP7,11,3,8,41.42,,
98125,NV6LC2-14BP7,0,0,0,51.92,,
98131,5092-10-7,6,6,0,24.17,,
98132,5092-14-7,0,0,0,26.57,,
98133,5091-10-7,3,0,3,22.12,,
98134,5091-14-7,0,0,0,27.55,,
98135,5095-10-7,0,0,0,40.88,,
98136,5530-24BP7,0,0,0,48.77,,
98143,911339-7,0,0,0,16.93,,
98148,5122-08-7,0,0,0,19.69,,
98157,5940-7,13,7,6,17.35,,
98159,6100-AT-7,4,1,3,361.35,,
98160,6100-LT-7,0,0,0,361.35,,
98163,FASP093CA2L1A00,0,0,0,94.31,,
98173,66UW03B-7,4,0,4,143.04,,
98174,66UW06B-7,0,0,0,219.50,,
98175,66UW12B-7,3,1,2,334.43,,
98179,6350W7,9,3,6,18.30,,
98180,6350B7,3,0,3,18.30,,
98189,93038LP7,19,5,14,16.05,,
98190,93516LP7,14,13,1,16.05,,
98191,93014LP7,8,6,2,16.40,,
98193,9300FDV7,0,0,0,24.88,,
98198,8838US6,2,0,2,17.45,,
98199,8838HF6,4,0,4,8.49,,
98200,8838TM6,0,0,0,8.76,,
98201,8838HM6,5,0,5,11.93,,
98202,951606ULP7,8,5,3,30.95,,
98203,93806UUS7,0,0,0,41.07,,
98204,93806UUSD7,8,4,4,56.88,,
98205,93812UUS7,0,0,0,63.93,,
98206,93812UUSD7,0,0,0,73.44,,
98207,2000035686,0,0,0,39.22,53.99,
98208,93806ULP7,8,6,2,29.76,,
98209,2000034873,0,0,0,39.22,53.99,
98211,93806UFDV7,0,0,0,57.54,,
98212,93812ULP7,0,0,0,42.86,,
98213,93806MUS7,1,1,0,45.24,,
98214,93806AUS7,0,0,0,40.38,,
98215,93806MUSD7,6,3,3,61.11,,
98216,93806EUS7,0,0,0,45.24,,
98217,93806EUSD7,0,0,0,61.11,,
98218,93806ELP7,3,3,0,36.90,,
98219,93806YLP7,0,0,0,36.90,,
98220,93806HUS7,13,8,5,45.24,,
98221,8873-6,10,4,6,6.76,,
98222,8890LP6,8,3,5,6.51,,
98223,8896LP6,7,5,2,3.94,,
98224,8882-6,0,0,0,9.87,,
98225,14530-6,0,0,0,11.67,,
98226,14532-6,0,0,0,7.43,,
98227,8883-6,5,3,2,6.30,,
98228,88FHE516-6,11,5,6,4.84,,
98229,8889LP6,6,2,4,3.94,,
98230,8897-6,6,0,6,6.94,,
98231,88FHY516-6,13,7,6,3.80,,
98232,8901-6,4,0,4,5.00,,
98233,8902-6,7,1,6,9.66,,
98234,8900-6,4,1,3,5.01,,
98235,14509-6,7,0,7,4.74,,
98236,8884-6,6,0,6,9.59,,
98237,88FTS014-6,7,0,7,10.24,,
98238,8887-6,0,0,0,5.69,,
98239,T91,2,0,2,117.68,,
98240,T93,4,2,2,184.63,,
98241,"ZTF TILLER M2",2,1,1,1953.45,,
98242,904513,0,0,0,137.80,237.99,
98243,"ZTF TILLER S2",2,2,0,1952.53,,
98255,5590-24-7,5,3,2,36.89,,
98256,5590-30-7,0,0,0,37.27,,
98257,5590-36-7,0,0,0,37.65,,
98258,5590-42-7,0,0,0,37.65,,
98259,7800-24-7,0,0,0,51.23,,
98261,7800-36-7,0,0,0,51.61,,
98262,LTM-SA-102,4,4,0,16.41,24.99,
98263,7800-42-7,0,0,0,51.99,,
98264,W6/3-FT,44,44,0,5.82,,
98265,W16/3-FT,0,0,0,0.54,,
98286,6234,2,0,2,290.31,,
98287,SM-ACC3-RCGA-DOME,0,0,0,80.26,,98.79
98290,R509C-LM,0,0,0,4333.68,5799.00,
98292,E70660,13,7,6,527.99,,
98306,T70581,0,0,0,1159.99,,
98308,A80703,5,3,2,555.99,,
98309,A80704,2,2,0,1415.99,,
98310,T70543,0,0,0,2199.99,,
98311,T70544,1,1,0,2199.99,,
98314,125,83,46,37,10.71,,
98316,127,22,7,15,10.71,,
98317,128,30,16,14,10.71,,
98318,131,22,11,11,10.71,,
98320,132,87,28,59,10.71,,
98322,400,84,36,48,7.70,,
98323,11595-2,4,2,2,19.10,,
98324,5614-7,5,3,2,47.96,,
98325,88FBM101-6,7,4,3,2.94,,
98326,14540-6,8,5,3,5.54,,
98327,88FBMA102-6,11,6,5,3.61,,
98328,88FAS014-6,0,0,0,8.55,,
98329,88FAS038-6,0,0,0,15.88,,
98330,11822-6,10,4,6,3.20,,
98334,99DFCCSZ1S,7,3,4,53.88,,
98335,99DFCCSS1S,14,7,7,59.60,,
98336,99DFCCAB1S,9,3,6,40.68,,
98337,99DFCCAZ1S,8,2,6,53.88,,
98338,99DFCCAS1S,9,2,7,59.60,,
98339,1670-3,4,4,0,11.37,,
98340,66419-3,12,6,6,10.34,,
98341,1674-6,16,4,12,28.51,,
98343,30SCM-D5OS,0,0,0,682.50,828.75,
98349,99CC045-1S,1,0,1,78.80,,
98350,99CC085-1S,5,3,2,87.35,,
98351,99CC085HSA1S,0,0,0,107.65,,
98352,99CC150-1S,0,0,0,133.77,,
98354,99DFPVSS1S,24,3,21,87.00,,
98355,99DFPVAB1S,10,6,4,63.89,,
98356,99DFPVAS1S,6,0,6,87.00,,
98357,12820-5,10,7,3,6.49,,
98358,11526-3,11,5,6,8.32,,
98359,11512-3,17,10,7,9.71,,
98360,88TC06-7,9,2,7,18.00,,
98362,11840-7,9,3,6,18.57,,
98363,11841-4,10,6,4,6.84,,
98364,12562-6,18,6,12,3.03,,
98365,11820-7,5,4,1,7.36,,
98366,11873-1,3,2,1,4.46,,
98371,11891D7,27,17,10,6.06,,
98372,66406-5,5,0,5,28.58,,
98373,66074-3,19,7,12,18.86,,
98374,1607-3,11,6,5,7.09,,
98375,8803LP2,8,3,5,46.29,,
98376,8803LPG2,18,10,8,52.26,,
98377,8812LP2,7,4,3,104.15,,
98378,8812LPG2,8,2,6,113.54,,
98379,8812LLP2,0,0,0,105.39,,
98380,8812LLPG2,15,9,6,112.64,,
98384,13700-7,0,0,0,7.03,,
98385,13702-4,0,0,0,11.08,,
98386,11575-3,6,0,6,6.71,,
98387,11952-7,4,2,2,8.47,,
98388,010-13177-00,0,0,0,149.99,,
98394,GOST-UCU-S,0,0,0,1999.99,2699.99,
98395,6242,10,7,3,513.35,,695.00
98396,6252,13,12,1,734.94,,995.00
98397,6253,14,7,7,1030.40,,1395.00
98398,6262,12,6,6,1163.35,,1575.00
98399,6263,17,8,9,1458.81,,1975.00
98401,G230524,4,2,2,10.07,,
98402,G230416,0,0,0,12.12,,
98403,G230316,0,0,0,12.13,,
98417,TYN-08BLUSP,9,4,5,4.48,,
98418,3000004255,18,10,8,92.65,,
98422,S10,0,0,0,265.36,,
98430,AAI-KIT,1,0,1,769.99,,
98431,WVI-KIT,0,0,0,2642.35,,
98432,S6HD-KIT,0,0,0,2708.24,,
98433,F4-A250-R,0,0,0,6388.89,,
98434,F4-A250-S,0,0,0,6055.56,,
98435,F4-A500-R,0,0,0,11444.44,,
98436,F4-A500-S,0,0,0,11111.11,,
98438,400715-3,7,1,6,52.18,,
98439,401840-3,9,5,4,112.27,,
98440,404939-3,8,3,5,69.41,,
98441,422730-1,4,2,2,35.17,,
98442,WR16/2DC-100,2,1,1,56.54,,
98444,WR16/2DC-250,1,0,1,126.92,,
98445,WR16/2DC-500,1,0,1,225.00,,
98446,WR14/2DC-100,3,1,2,66.92,,
98447,WR14/2DC-250,1,0,1,152.88,,
98448,422732-1,4,4,0,21.76,,
98449,WR14/2DC-500,0,0,0,288.46,,
98450,WR12/2DC-100,1,0,1,95.77,,
98451,426514-1,0,0,0,21.14,,
98452,426516-1,0,0,0,17.38,,
98453,WR12/2DC-250,0,0,0,222.12,,
98454,WR12/2DC-500,0,0,0,409.62,,
98455,WR10/2DC-100,0,0,0,152.31,,
98456,WR10/2DC-250,0,0,0,357.69,,
98457,WR10/2DC-500,0,0,0,663.46,,
98458,WR16/3-100,2,2,0,76.15,,
98459,426518-1,0,0,0,24.11,,
98460,426519-1,2,0,2,29.17,,
98461,426521-1,0,0,0,20.18,,
98462,426522-1,5,5,0,34.77,,
98463,WR16/3-250,0,0,0,170.19,,
98464,S00-01140-00,3,3,0,8.55,,
98467,HT1821AW,0,0,0,231.08,,
98468,WR16/3-500,0,0,0,305.77,,
98469,WR14/3-250,1,1,0,204.81,,
98470,WR14/3-500,0,0,0,386.54,,
98471,WR14/3-1000,0,0,0,703.85,,
98472,WR12/3-100,3,2,1,125.77,,
98473,WR12/3-250,0,0,0,300.00,,
98474,WR12/3-500,0,0,0,582.69,,
98475,WR10/3-100,0,0,0,197.31,,
98482,ZDIGELINK,7,4,3,219.54,,
98483,WR10/3-250,0,0,0,467.31,,
98484,WR10/3-500,2,2,0,882.69,,
98485,WR14/3-100,3,1,2,88.85,,
98486,WR16/4-250,1,0,1,249.00,,
98487,WR16/4-500,0,0,0,455.77,,
98488,WR14/4-100,1,1,0,138.46,,
98489,WR14/4-250,0,0,0,320.19,,
98490,WR14/4-1000,0,0,0,1130.77,,
98491,WR12/4-100,4,2,2,188.08,,
98492,WR12/4-250,0,0,0,447.12,,
98493,WR12/4-500,0,0,0,790.38,,
98494,WR10/4-100,1,0,1,265.38,,
98495,WR10/4-250,1,0,1,634.62,,
98496,WR10/4-500,2,0,2,1217.31,,
98497,WR14/4-500,1,1,0,605.77,,
98498,WR16/6-100,1,0,1,244.62,,
98499,WR16/6-250,4,1,3,594.23,,
98500,WR16/6-500,0,0,0,1113.46,,
98501,WR14/6-100,0,0,0,309.23,,
98502,WR14/6-250,0,0,0,750.00,,
98503,WR14/6-500,0,0,0,1430.77,,
98508,101829,5,2,3,123.09,,193.59
98519,BS-22,2,2,0,61.67,,
98520,BS-23,2,0,2,73.33,,
98521,BS-24,4,2,2,88.33,,
98522,BS-25,1,1,0,74.44,,
98528,FW-40PROA-HV,2,2,0,169.99,,
98529,FW-40PROHA-OB,3,2,1,250.00,,
98531,AV-1000-BK-XS/S,2,2,0,187.50,,
98532,AV-1000-BK-M/L,2,2,0,187.50,,
98533,AV-1000-BK-XL/XXL,3,3,0,187.50,,
98534,AV-1000-GN-XS/S,0,0,0,187.50,,
98535,AV-1000-GN-M/L,0,0,0,187.50,,
98536,AV-1000-GN-XL/XXL,4,2,2,187.50,,
98537,BCF-AV1000,4,0,4,15.00,,
98540,W0004,3,0,3,5.49,,
98547,AV-5001-OB-S/M,0,0,0,73.75,,
98548,AV-5001-OB-L/XL,0,0,0,73.75,,
98549,AV-5001-OB-2XL/3XL,0,0,0,73.75,,
98550,701-MDVS-D,6,3,3,174.86,,
98551,010-13305-00,2,0,2,112.49,,
98553,010-13269-12,2,1,1,37.49,,
98554,AV-800-OB-S/M,0,0,0,90.63,,
98555,AV-800-OB-L/XL,0,0,0,90.63,,
98556,AV-800-OB-2XL/3XL,0,0,0,90.63,,
98557,AS-1100-OB-S,0,0,0,486.88,,
98558,AS-1100-OB-M,0,0,0,486.88,,
98559,AS-1100-OB-L,0,0,0,486.88,,
98560,AS-1100-OB-XL,0,0,0,486.88,,
98561,AS-1100-OB-2XL,0,0,0,486.88,,
98562,AS-1100-OB-3XL,0,0,0,515.00,,
98564,FRS-900-HV-S/M,0,0,0,435.00,,
98565,FRS-900-HV-L/XL,0,0,0,435.00,,
98566,FRS-900-HV-2XL/3XL,0,0,0,435.00,,
98567,"FRP-800 BK-S/M",0,0,0,202.50,,
98568,010-C1351-40,0,0,0,281.02,,
98569,"FRP-800 BK-L/XL",2,2,0,202.50,,
98570,"FRP-800 BK-2XL/3XL",0,0,0,202.50,,
98571,312070001,0,0,0,820.00,,1229.99
98572,312500001,0,0,0,766.67,,1149.99
98583,491108-1,0,0,0,8.97,,
98584,422768-1,5,4,1,61.37,,
98585,312500003,0,0,0,792.67,,1188.99
98596,958126431,1,0,1,24.10,,
98603,1029,42,21,21,23.80,,
98604,1082,11,5,6,27.77,,
98605,1054,8,2,6,25.50,,
98606,1086,22,8,14,29.76,,
98607,1160,23,15,8,32.19,,
98608,1139,11,3,8,40.07,,
98609,1092,84,72,12,28.88,,
98611,1027,18,8,10,16.03,,
98614,1090,9,5,4,18.83,,
98615,1091,4,3,1,14.57,,
98616,1011,24,12,12,57.07,,
98617,1022,72,38,34,57.07,,
98618,1014,15,9,6,57.07,,
98619,1009,688,323,365,12.76,,
98620,1006,47,30,17,23.31,,
98621,1001,109,69,40,21.86,,
98622,1005,48,29,19,21.86,,
98623,1104,8,2,6,12.14,,
98624,1023,14,6,8,14.21,,
98625,010-12504-00,0,0,0,18.75,,
98634,1132,39,19,20,20.04,,
98635,1133,34,14,20,20.04,,
98636,1134,34,11,23,20.04,,
98637,1076,9,5,4,16.03,,
98638,1075,14,7,7,16.03,,
98639,1077,11,5,6,16.03,,
98643,1119,12,4,8,38.86,,
98648,OMHD-04-DB-R,4,2,2,111.25,,
98649,OMSD-01-DB-R,0,0,0,123.75,,
98650,BPP900462050,6,4,2,13.78,,17.00
98651,BPP900462070,5,2,3,13.78,,17.00
98667,SC3-CC-BZSM,6,4,2,242.68,,349.00
98668,SC3-BW-BZSM,0,0,0,218.29,,319.00
98669,SC3-BB-BZSM,0,0,0,218.29,,319.00
98670,SC3-GW-BZSM,3,0,3,218.29,,319.00
98673,010-12117-04,0,0,0,63.75,,
98686,21043,0,0,0,63.00,,
98687,B00129201,0,0,0,759.88,1421.01,
98691,367654252,0,0,0,155.34,,
98700,425-0012,12,7,5,1731.39,,1951.00
98701,430-0001,7,3,4,508.72,,573.00
98702,430-0003,14,6,8,745.90,,841.00
98703,430-0005,14,2,12,662.06,,746.00
98704,430-0007,20,8,12,949.56,,1070.00
98705,430-0009,16,11,5,610.94,,689.00
98706,430-0011,14,9,5,848.93,,957.00
98707,430-0013,14,7,7,763.47,,860.00
98708,430-0015,15,7,8,1052.57,,1186.00
98709,429-0007,4,2,2,739.99,,
98710,413-0060,8,4,4,290.69,,328.00
98712,304-0055,18,8,10,74.93,,
98714,UC168-1,1,0,1,522.79,,
98721,36123,0,0,0,238.64,399.99,
98722,36210,0,0,0,375.85,629.99,
98724,922314,0,0,0,398.52,667.99,
98725,932314,0,0,0,594.80,996.99,
98726,262214,0,0,0,241.61,404.99,
98727,20252,0,0,0,147.35,246.99,
98729,300515,0,0,0,435.51,729.99,
98733,001-512-680-00,0,0,0,311.11,,
98738,S1950,0,0,0,1113.03,,
98739,ZDIG4GXWL,2,1,1,389.54,,
98741,VR600,9,4,5,89.99,,
98751,708082,0,0,0,12.86,,
98755,0493DP999R,0,0,0,25.55,,
98764,68000363,1,0,1,306.70,,
98767,14141-7,8,5,3,6.06,,
98768,14142-7,15,10,5,6.06,,
98769,6123AEPAWV,0,0,0,91.56,,
98770,14060-7,6,3,3,17.23,,
98772,14063-7,5,2,3,22.08,,
98773,14065-7,7,3,4,34.52,,
98774,14064-7,7,5,2,38.10,,
98775,11149-4,4,1,3,32.75,,
98777,103200-999-004-12,0,0,0,73.54,,
98779,11195-4,5,2,3,41.07,,
98781,1698,18,13,5,47.68,,
98784,MAG5151SL,0,0,0,497.40,596.88,
98785,MAG2626SL,0,0,0,249.91,299.88,
98786,MAG6363SL,0,0,0,632.40,758.88,
98787,ALT5151SL,0,0,0,483.33,580.00,
98788,ALT2626SL,0,0,0,224.97,269.96,
98789,148-1006,8,5,3,102.14,,
98790,148-1126,4,2,2,150.59,,
98791,149-0346,4,2,2,74.79,,
98792,149-1186,2,0,2,114.43,,
98793,149-1126,3,1,2,162.79,,
98794,147-0346,5,2,3,73.60,,
98795,147-1186,5,2,3,99.06,,
98796,365-0386,2,0,2,106.09,,
98797,365-0566,5,2,3,106.09,,
98798,317-0586,1,0,1,133.39,,
98799,305-0386,6,3,3,101.40,,
98800,305-0566,5,3,2,93.80,,
98801,165-0126,3,2,1,42.71,,
98803,166-0126,1,1,0,42.71,,
98804,166-0586,3,1,2,45.77,,
98805,165-0586,7,4,3,45.77,,
98806,165-0346,7,4,3,61.34,,
98808,166-0346,5,4,1,61.34,,
98809,161-1006,8,4,4,82.56,,
98810,250-1126,5,3,2,372.91,,
98811,325626-1,2,1,1,48.89,,
98812,100-1146,2,2,0,306.13,,
98813,102-1126,0,0,0,434.03,,
98814,100-0346,3,1,2,264.44,,
98815,100-1006,5,2,3,291.76,,
98816,705-0381,1,0,1,12.89,,
98818,705-0561,0,0,0,12.43,,
98820,705-0121,0,0,0,13.64,,
98821,705-0141,3,0,3,12.13,,
98822,705-0581,0,0,0,13.94,,
98826,705-1001,8,2,6,15.46,,
98827,710-0121,0,0,0,18.34,,
98828,710-0341,0,0,0,19.86,,
98829,710-0581,0,0,0,18.50,,
98830,710-1001,2,0,2,20.61,,
98831,710-1121,4,2,2,26.60,,
98832,710-1141,1,1,0,25.71,,
98833,710-1381,2,2,0,24.79,,
98834,710-2001,8,7,1,29.36,,
98835,720-1001,9,4,5,63.27,,
98836,720-1121,4,2,2,66.16,,
98837,720-2001,5,3,2,68.07,,
98838,720-2121,8,4,4,73.51,,
98839,720-3001,6,2,4,77.21,,
98840,11127-4,7,1,6,43.36,,
98841,11126-4,13,8,5,51.11,,
98842,720-3121,9,5,4,79.46,,
98843,720-4001,7,2,5,81.70,,
98844,720-4001L,10,5,5,82.01,,
98845,11247-1,13,10,3,19.61,,
98846,720-5001,10,5,5,86.17,,
98847,720-5001L,11,6,5,87.46,,
98848,720-6001,9,5,4,88.73,,
98849,720-6001L,9,6,3,90.01,,
98850,15232-7,12,8,4,13.62,,
98851,720-8001,9,4,5,92.57,,
98852,15221-7,8,1,7,15.15,,
98853,720-8001L,9,5,4,96.41,,
98854,GFELGF-BK-DP,0,0,0,44.99,,
98855,GFEL-GF-R-DP,3,3,0,44.99,,
98856,GFEL-LG-BK-DP,5,1,4,44.99,,
98857,GFEL-LG-R-DP,7,3,4,44.99,,
98858,11108-7,5,1,4,12.00,,
98859,11730-7,5,4,1,13.08,,
98860,11732-7,5,2,3,8.21,,
98861,11792-6,0,0,0,5.34,,
98862,SP-1002,8,4,4,15.63,,
98863,90720,4,2,2,19.49,,
98864,91320,4,2,2,21.12,,
98865,91320-ADJ,4,2,2,35.24,,
98867,EBL-1-DP,1,0,1,242.70,,
98870,GNT-EVOLUTION-IDP-SM+,0,0,0,4715.28,6011.99,
98873,2158135,0,0,0,25.34,,
98874,2158119,0,0,0,25.34,,
98875,2158133,7,2,5,29.85,,
98876,2158118,4,1,3,29.85,,
98877,2158117,3,1,2,34.36,,
98878,2158132,5,2,3,34.36,,
98880,2158120,3,2,1,52.75,,
98882,2158134,9,4,5,21.18,,
98884,GDI000016000,4,2,2,88.88,,109.65
98886,98391GNMX,3,3,0,62.92,,
98888,98395CAMO,4,3,1,55.51,,
98889,98395GY,5,2,3,42.93,,
98892,A2C59514202,2,0,2,35.99,76.50,
98903,202-255,0,0,0,200.00,256.00,
98922,TS001,5,3,2,72.07,,
98923,IG001,11,5,6,37.99,,
98924,IG002,4,4,0,32.33,,
98925,IG003,5,2,3,25.89,,
98926,IG004,4,2,2,29.36,,
98927,IG005,2,2,0,62.51,,
98928,IG006,2,1,1,59.99,,
98929,IG007,10,5,5,34.99,,
98930,IG008,9,3,6,59.99,,
98931,IG009,12,6,6,47.99,,
98932,IG010,1,0,1,64.99,,
98933,IG011,7,3,4,56.99,,
98934,IG012,0,0,0,76.95,,
98935,IG013,4,2,2,30.11,,
98936,DR001,2,0,2,4.49,,
98937,DR002,2,0,2,6.79,,
98938,DR003,3,0,3,6.99,,
98939,DR004,12,6,6,11.99,,
98940,DC001,10,4,6,19.99,,
98941,DC003,5,3,2,32.99,,
98942,317-0580-FT,222,222,0,4.35,,
98943,365-0560-FT,230,230,0,3.40,,
98945,DC004,12,6,6,37.99,,
98946,DC006,8,3,5,12.99,,
98947,DC007,1,0,1,13.99,,
98948,TP001,9,3,6,47.99,,
98951,SUN-COV-175,0,0,0,54.55,,
98953,327-1126,5,3,2,366.53,,
98954,327-2006,2,2,0,582.97,,
98957,481-3000,0,0,0,204.29,,
98963,G7516,0,0,0,10.79,,
98964,GP1040-43,0,0,0,334.53,,
98965,G7164,0,0,0,10.93,,
98971,1110,1,1,0,24.79,,
98972,1111,7,6,1,24.79,,
98973,000-10614-001,0,0,0,22.12,,
98982,1100531-L1,0,0,0,132.73,,
98983,1100521-L1,8,5,3,137.14,,
98984,3433,2,2,0,445.08,,
98985,6259,2,0,2,263.24,,
98986,6247,0,0,0,129.60,,
98987,60060,2,2,0,201.60,,
98988,6275,1,0,1,455.35,,
98989,6279,3,1,2,174.99,,
98990,3432,2,1,1,397.57,,
98991,2171000,6,6,0,16.54,,
98992,5399,3,2,1,119.99,,
98993,6220,7,3,4,89.99,,
98994,6218,5,3,2,144.92,,
98995,SW064,6,2,4,23.45,,
98996,SW595,6,5,1,26.83,,
98997,20810,1,1,0,188.65,,
98998,5358,1,1,0,121.91,,
98999,SW275,6,2,4,21.79,,
99000,6267,3,2,1,272.20,,
99001,6232,3,0,3,89.99,,
99002,SW774,1,0,1,27.92,,
99003,SW099,4,2,2,28.52,,
99004,1690106,0,0,0,183.99,,
99006,FRBBA230,1,1,0,173.24,,
99010,88451,0,0,0,124.39,,
99011,88452,0,0,0,162.18,,
99018,PT-0-5000PSI-01,2,1,1,170.82,,
99019,KITOBBHBR-06',2,0,2,164.05,,
99022,9091-5,9,5,4,7.33,,
99025,1660230,36,20,16,568.71,,
99026,89700924,2,0,2,806.61,,
99027,SW08HOG,0,0,0,8.87,,
99029,SW08HP,0,0,0,8.87,,
99030,SW08GRMU,0,0,0,8.87,,
99031,SW08HBNC,0,0,0,8.87,,
99032,W14/2DC-FT,0,0,0,0.49,,
99038,301-0132,4,4,0,30.69,,
99047,20-586-01,0,0,0,368.49,474.10,
99049,544313,0,0,0,490.40,821.99,
99053,1127RA0WHT,0,0,0,179.63,,
99054,1127GA0WHT,0,0,0,179.63,,
99057,03-1104-10PK,0,0,0,6.10,,
99058,03-1108-2PK,3,3,0,9.35,,
99061,99DFPVSB1S,4,2,2,63.89,,
99062,09-812BT-1,0,0,0,38.52,,
99070,1250300,3,3,0,348.00,,
99072,1240748-MLNS,4,0,4,105.33,,
99073,12730,0,0,0,1.50,,
99077,SXV300M1-3,8,4,4,209.21,,
99079,AK7691,0,0,0,50.25,,
99084,2158920,12,12,0,26.04,,
99085,225T-TM904,1,1,0,577.78,,
99086,225T-PR904,0,0,0,1511.11,,
99087,1780250,3,2,1,108.39,,
99088,1780245,3,3,0,83.86,,
99089,WP-800-900,4,3,1,31.27,,
99090,1690107,9,5,4,177.04,,
99093,"07-30M-134R    ",0,0,0,71.88,92.00,
99094,"07-SRC-30M     ",0,0,0,31.25,40.00,
99095,"07-141-8NPSMPLUG     ",0,0,0,26.88,34.40,
99097,N07170,6,4,2,107.00,123.29,
99098,N03130,5,1,4,18.39,21.31,
99100,32301,8,5,3,58.31,68.05,
99101,64914,6,2,4,19.33,24.26,
99102,64913,7,4,3,16.54,20.76,
99103,81586,4,2,2,98.36,107.00,
99109,81585,0,0,0,89.53,94.47,
99110,81686B,0,0,0,118.11,130.58,
99111,81685B,0,0,0,101.97,114.23,
99112,81684B,0,0,0,87.67,96.73,
99113,81683B,0,0,0,71.04,78.10,
99114,81682B,7,4,3,52.26,57.46,
99115,81686,0,0,0,112.67,126.23,
99116,81684,0,0,0,82.24,92.13,
99117,81682,0,0,0,48.85,54.73,
99118,41201,22,1,21,244.29,,
99119,60150,10,4,6,31.06,,
99120,41200,30,7,23,235.71,,
99121,N03591,3,2,1,68.53,82.64,
99122,N02130,5,2,3,16.69,19.39,
99134,N01130,6,4,2,15.21,17.25,
99135,05900,11,5,6,397.07,,
99136,N03430,6,2,4,28.86,35.71,
99137,64804,9,8,1,2.18,2.82,
99138,N03631,0,0,0,66.44,80.15,
99139,N02631,0,0,0,59.81,70.17,
99140,N02430,0,0,0,23.67,28.55,
99141,N02290,11,8,3,31.93,37.06,
99142,N02190,0,0,0,21.49,26.99,
99143,N02160,5,1,4,16.26,19.63,
99144,N02150,12,10,2,20.49,24.70,
99145,N00110,4,0,4,6.28,7.96,
99146,42400,2,0,2,10.00,13.05,
99147,42358,0,0,0,2.93,5.36,
99148,43601,0,0,0,7.20,7.69,
99149,42357,6,2,4,3.81,5.01,
99150,81550,6,4,2,87.30,102.36,
99151,81584,5,3,2,75.93,80.29,
99152,42336,6,3,3,63.08,64.76,
99153,42335,4,2,2,75.11,94.25,
99154,42334,5,1,4,73.29,84.87,
99155,21053,3,3,0,16.31,19.13,
99156,42300,9,5,4,168.88,170.10,
99157,90301,16,10,6,88.38,,
99158,70300,5,2,3,27.57,34.59,
99159,60001,7,3,4,20.46,26.06,
99160,52111,9,3,6,13.05,16.83,
99161,52110,8,4,4,13.05,16.83,
99162,52100,7,3,4,20.04,21.88,
99163,52001,10,4,6,13.35,,
99164,52000,21,11,10,13.35,,
99165,51253,8,4,4,42.53,54.86,
99168,22100,0,0,0,64.99,67.22,
99169,21644,3,1,2,106.35,112.50,
99170,21643,5,4,1,91.46,107.93,
99171,21642,4,1,3,84.06,102.60,
99172,21641,7,4,3,82.10,89.13,
99175,PMP242305102,32,29,3,808.20,,997.05
99180,55505,2,0,2,578.60,,708.99
99181,55363,2,2,0,440.73,,539.99
99183,W14/3-FT,17,17,0,0.72,,
99194,221127,18,8,10,12.16,,
99196,TAE1/0-12R-10,14,8,6,18.06,,
99201,TAE1-12R-10,14,6,8,17.20,,
99206,TAE2/0-12R-10,12,3,9,16.29,,
99210,TAE2/0-38R-2,24,8,16,4.35,,
99212,TAE2-12R-10,15,8,7,16.03,,
99214,A22112,0,0,0,332.50,,399.00
99218,TAE3/0-12R-10,15,7,8,20.26,,
99220,TAE3/0-38R-10,10,10,0,20.45,,
99222,TAE3/0-56R-10,10,4,6,20.06,,
99224,TAE4/0-12R-10,14,9,5,27.64,,
99232,TAE4/0-56R-10,15,5,10,27.64,,
99237,TAE4-12R-10,11,10,1,13.23,,
99244,TAE6-12R-10,6,6,0,9.63,,
99246,TAE6-14R-2,29,10,19,3.09,,
99247,TAE6-38R-2,33,16,17,3.24,,
99250,TAE8-12R-10,19,9,10,15.54,,
99256,TBSE18-25,10,3,7,14.71,,
99257,TBSE18-100,25,14,11,29.79,,
99258,TBSE14-3,2,2,0,3.47,,
99259,TBSE14-25,5,2,3,14.71,,
99260,TBSE14-100,23,14,9,29.79,,
99261,TBSE10-3,0,0,0,3.98,,
99262,TBSE10-25,3,3,0,20.31,,
99263,TBSE10-100,15,11,4,41.12,,
99265,TBSE8-25,7,3,4,28.13,,
99267,TE18-8R-25,3,2,1,14.71,,
99268,TE18-8R-100,12,7,5,30.09,,
99269,TE18-10R-3,4,4,0,2.02,,
99270,TE18-10R-25,6,2,4,14.43,,
99271,TE18-10R-100,22,8,14,29.53,,
99272,TE18-14R-3,0,0,0,2.93,,
99273,TE18-14R-25,4,3,1,13.93,,
99274,TE18-14R-100,22,11,11,28.51,,
99275,TE18-56R-3,0,0,0,2.93,,
99277,TE18-56R-100,12,4,8,28.51,,
99279,TE18-38R-25,5,4,1,13.93,,
99280,TE18-38R-100,22,10,12,28.51,,
99282,TE14-8R-25,6,3,3,14.28,,
99283,TE14-8R-100,20,9,11,29.24,,
99284,TE14-10R-3,5,5,0,3.00,,
99285,TE14-10R-25,11,6,5,14.28,,
99286,TE14-10R-100,26,9,17,29.24,,
99287,TE14-14R-3,0,0,0,3.00,,
99288,CMP122200102,10,3,7,733.10,,904.40
99289,TE14-14R-25,6,4,2,14.28,,
99290,TE14-14R-100,23,10,13,31.53,,
99291,TE14-56R-3,0,0,0,3.00,,
99292,TE14-56R-25,10,5,5,14.28,,
99300,TE14-56R-100,27,13,14,30.09,,
99302,TE14-38R-25,3,0,3,14.28,,
99303,TE14-38R-100,7,2,5,29.24,,
99304,TE10-8R-3,1,1,0,2.52,,
99305,TE10-8R-25,13,7,6,21.11,,
99306,TE10-8R-100,21,6,15,40.29,,
99307,TE10-10R-3,3,3,0,3.78,,
99308,TE10-10R-25,14,8,6,19.71,,
99309,TE10-10R-100,19,11,8,40.29,,
99310,TE10-14R-3,0,0,0,3.78,,
99311,TE10-14R-25,9,6,3,19.71,,
99312,TE10-14R-100,8,5,3,40.29,,
99313,TE10-56R-3,0,0,0,3.78,,
99314,TE10-56R-25,11,4,7,19.71,,
99315,TE10-56R-100,29,15,14,40.29,,
99317,TE10-38R-3,9,9,0,3.78,,
99319,TE10-38R-25,5,1,4,19.71,,
99321,TE10-38R-100,19,4,15,40.29,,
99325,TE18-8SLF-25,9,5,4,16.49,,
99327,TE18-8SLF-100,27,15,12,33.76,,
99332,TE14-8SLF-25,9,4,5,17.15,,
99333,TE14-8SLF-100,25,11,14,35.04,,
99337,TE14-10SLF-25,8,3,5,16.33,,
99338,TE14-10SLF-100,28,13,15,33.41,,
99339,TE10-8SLF-3,0,0,0,3.70,,
99342,TE10-8SLF-25,10,6,4,22.28,,
99344,TE10-8SLF-100,25,13,12,45.65,,
99345,TE10-10SLF-3,0,0,0,3.70,,
99346,TE10-10SLF-25,10,4,6,22.28,,
99347,TE10-10SLF-100,27,14,13,45.65,,
99349,TDE18-250FI-25,10,6,4,12.19,,
99350,TDE18-250M-3,0,0,0,3.87,,
99351,TDE18-250M-25,4,1,3,23.43,,
99352,TDE18-250M-100,22,12,10,47.92,,
99354,TE8-10R-25,7,4,3,22.28,,
99356,TE8-14R-25,6,2,4,22.28,,
99357,TE8-56R-25,13,7,6,22.28,,
99361,TE8-12R-25,7,4,3,23.35,,
99362,TDE18-250FI-100,14,3,11,48.72,,
99363,TDE14-250FI-3,0,0,0,6.38,,
99364,TDE14-250FI-25,7,3,4,39.37,,
99365,TDE14-250FI-100,19,6,13,80.55,,
99366,TDE14-250M-3,5,5,0,3.87,,
99367,TDE14-250M-25,12,6,6,23.43,,
99368,TDE14-250M-100,24,12,12,47.92,,
99370,TBRE18-156-25,10,6,4,19.23,,
99371,TBRE18-156-100,24,14,10,39.35,,
99373,TBPE18-156-25,8,5,3,19.23,,
99374,TBPE18-156-100,26,13,13,39.35,,
99376,TBRE14-156-25,7,5,2,20.29,,
99377,TBRE14-156-100,17,4,13,41.48,,
99379,TBPE14-156-25,8,6,2,20.29,,
99380,TBPE14-156-100,19,10,9,41.48,,
99382,001-554-920-00,1,0,1,180.00,,
99401,MV356002-277-0-216,22,15,7,36.99,,
99402,0P22100,0,0,0,4.68,,
99406,1229,0,0,0,389.15,,
99407,3093,0,0,0,560.86,,
99408,6152SPP-12SC,0,0,0,380.05,,
99416,B00143501,0,0,0,219.87,372.51,
99417,B00143601,0,0,0,203.64,344.88,
99418,B00143502,0,0,0,415.32,703.62,
99420,325032-1,18,10,8,13.90,,
99421,325033-1,17,7,10,13.90,,
99422,325034-1,21,10,11,12.97,,
99423,PM111C-LH,0,0,0,2543.69,3420.00,
99428,LFLD-10,3,3,0,149.88,,
99429,RGP6,0,0,0,7.89,,
99430,RIRP,0,0,0,12.44,,
99431,M135C-M-9N,0,0,0,697.82,939.00,
99433,RA6186800,0,0,0,1.06,,
99439,30239,50,3,47,23.54,31.99,
99440,30243,43,28,15,11.78,15.99,
99441,30240,43,17,26,20.62,27.99,
99442,PMP482505110,10,5,5,1182.32,,1458.60
99443,BAT512118610,0,0,0,938.42,,1157.70
99444,BGW-200,0,0,0,221.14,305.00,
99447,SCM-DLXS-BB-WH,2,0,2,47.50,,69.99
99448,SCM-DLXS-WW-WH,1,1,0,47.50,,69.99
99450,41910,0,0,0,22.21,,
99451,41912,0,0,0,27.81,,
99452,41914,4,4,0,33.50,,
99453,41916,2,2,0,42.64,,
99454,41920,0,0,0,24.66,,
99455,41922,0,0,0,18.63,,
99456,41924,2,2,0,18.33,,
99457,41926,0,0,0,16.49,,
99458,92922111,5,3,2,20.29,,
99459,NAN012PW/TSFT/NA,3,2,1,737.09,1179.95,
99460,001-392-790-00,3,3,0,101.82,,
99464,GS-380-LE,42,14,28,1749.99,,
99467,30Y-S5OS,2,0,2,493.50,599.25,
99468,89300053,0,0,0,2840.02,,
99469,39660050,0,0,0,792.89,,
99472,2021133088,2,1,1,1001.35,,
99473,2021133089,1,0,1,1001.35,,
99476,T-NAN012PW/E/NA,2,1,1,499.21,799.95,
99477,T-NAN024PW/E/NA,1,0,1,502.67,799.95,
99478,T-NAN024PW/TSFT/NA,0,0,0,749.33,1179.95,
99482,ZDIGNS5,3,2,1,134.54,,
99488,C998-30,0,0,0,92.80,,
99493,010-12530-25,0,0,0,19.99,,
99494,E70643,10,9,1,281.24,,
99497,6293,5,2,3,350.51,,
99498,6294,1,1,0,284.99,,
99499,6295,2,0,2,385.71,,
99505,2021133091,2,1,1,1001.35,,
99506,2021133092,1,1,0,1001.36,,
99507,2021133093,2,1,1,1001.35,,
99508,2021133094,1,1,0,1001.35,,
99509,2021133095,1,0,1,1001.35,,
99510,2021133096,1,0,1,1001.35,,
99511,2021133097,2,1,1,1001.35,,
99512,2021133098,1,0,1,1001.35,,
99513,2021133099,2,1,1,1001.35,,
99516,SBR-23LI,0,0,0,30.00,,
99520,435,20,18,2,10.29,,16.99
99523,F153180,10,10,0,90.85,,
99527,HA4-25WHA-7-0000-0-0,0,0,0,2192.51,,
99532,ORIONC,0,0,0,1385.30,,
99533,ORIONCF,0,0,0,1539.30,,
99537,106107,0,0,0,91.20,,
99538,106106,0,0,0,83.00,,
99539,106108,0,0,0,100.87,,
99540,106112,0,0,0,114.31,,
99541,106110,0,0,0,109.06,,
99542,106114,0,0,0,122.28,,
99543,106116,0,0,0,129.53,,
99544,106118,0,0,0,137.49,,
99545,106120,0,0,0,145.45,,
99546,106122,0,0,0,155.59,,
99547,106124,0,0,0,165.73,,
99548,100205,19,7,12,10.18,,
99555,167401,10,7,3,59.26,133.97,
99556,167432,25,3,22,19.99,50.97,
99557,167501,3,2,1,66.13,152.97,
99558,167532,17,11,6,24.37,54.97,
99560,92921111,6,2,4,21.24,,
99561,010-12022-00,0,0,0,11.24,,
99568,B00059201,0,0,0,83.25,139.23,
99570,250-1126-FT,34,34,0,10.44,,
99571,100-1146-FT,50,50,0,8.58,,
99572,102-1126-FT,34,34,0,12.16,,
99573,100-0346-FT,22,22,0,7.40,,
99574,100-1006-FT,14,14,0,8.18,,
99575,481-3000-FT,0,0,0,7.15,,
99578,1139,0,0,0,10.18,,
99579,1014,0,0,0,19.79,,
99580,1157,6,6,0,3.69,,
99585,O4ID2,0,0,0,285.00,,
99586,O4D9,0,0,0,175.00,,
99587,O4B9,0,0,0,173.75,,
99595,24832JU,3,1,2,2887.27,,
99596,24831GU,9,3,6,2689.14,,
99597,165-0126-FT,6,6,0,1.50,,
99598,166-0126-FT,2,2,0,1.50,,
99599,166-0586-FT,38,38,0,1.60,,
99600,165-0586-FT,8,8,0,1.60,,
99601,165-0346-FT,2,2,0,2.15,,
99602,161-1006-FT,43,43,0,2.90,,
99605,148-1006-FT,50,50,0,3.58,,
99606,148-1126-FT,23,23,0,5.28,,
99607,149-0346-FT,23,23,0,2.63,,
99608,149-1186-FT,38,38,0,4.00,,
99609,149-1126-FT,14,14,0,5.70,,
99610,147-0346-FT,4,4,0,2.58,,
99611,147-1186-FT,5,5,0,3.48,,
99612,365-0386-FT,4,4,0,3.73,,
99613,365-0566-FT,2,2,0,3.73,,
99614,317-0586-FT,50,50,0,4.68,,
99615,305-0386-FT,5,5,0,3.55,,
99616,305-0566-FT,48,48,0,3.28,,
99617,327-1126-FT,22,22,0,10.26,,
99618,327-2006-FT,41,41,0,16.32,,
99628,IRIS-S460-18,0,0,0,316.57,,
99629,IRIS-S460-28,4,3,1,345.35,,
99630,IRIS-S460-36,3,1,2,345.35,,
99632,IRIS-S076,3,1,2,429.99,,
99633,IRIS-S476,1,1,0,491.28,,
99634,IRIS490,0,0,0,694.19,,
99635,IRIS735,0,0,0,298.55,,
99642,IRIS106,0,0,0,1095.93,,
99643,IRIS4106,2,0,2,1039.99,,
99644,BRK106,1,0,1,209.99,,
99645,CMAC-INT001,1,1,0,549.42,,
99646,CMAC-INT002,0,0,0,549.42,,
99647,POE1,0,0,0,81.25,,
99648,CMAC-NVR-1TB-G,2,0,2,1129.94,,
99649,CMAC-NVR-1TB-X,0,0,0,869.42,,
99650,CMAC-HVR-1TB-X,1,0,1,914.99,,
99651,POE4V2,0,0,0,174.42,,
99652,CMAC-HVR-1TB-G,0,0,0,1281.10,,
99659,166-0346-FT,45,45,0,2.15,,
99663,ZDIGISSPK1,2,1,1,658.71,,
99665,61005,0,0,0,27.25,,
99666,61003,0,0,0,14.55,,
99670,010-12697-01,0,0,0,7.49,,
99677,30399,34,20,14,48.08,67.99,
99679,RA6201,8,4,4,604.44,660.56,
99680,RA6302,9,5,4,829.26,906.26,
99681,RA6402,9,5,4,993.55,1085.81,
99682,RA000710052,0,0,0,45.62,49.86,
99697,010-10851-30,0,0,0,23.99,,
99701,C260,3,0,3,548.93,,
99703,861675,4,1,3,412.33,,
99712,BPP900480100,9,2,7,456.81,,563.55
99715,0965DP0STS,13,7,6,40.11,,
99724,90500,13,6,7,90.39,117.14,
99728,272V8000-S/S,2,2,0,184.80,,
99729,272V6000-S/S,6,2,4,154.50,,
99730,270V6000-S/S,6,3,3,166.43,,
99731,270V8000-S/S,8,5,3,159.86,,
99732,270V4000-S/S,5,2,3,110.73,,
99733,240V6000-S/S,2,1,1,160.39,,
99734,6635,2,0,2,49.36,,
99735,6644,4,0,4,19.08,,
99736,6645,3,0,3,25.72,,
99737,6646,3,1,2,35.24,,
99738,6654,4,0,4,19.08,,
99739,240V80000-S/S,1,1,0,285.16,,
99740,6655,4,0,4,25.72,,
99741,6656,4,0,4,35.24,,
99742,6684,5,1,4,31.64,47.43,
99743,290V3000-S/S,5,2,3,107.97,,
99744,20120,2,0,2,19.81,,
99745,20220,3,0,3,63.47,,
99746,21120,2,2,0,27.76,,
99747,30125,4,0,4,36.97,,
99748,34500,2,0,2,181.92,272.72,
99749,290V4000-S/S,4,2,2,150.14,,
99750,35500,4,0,4,284.55,426.57,
99751,"FRX6 / 20705",6,0,6,11.45,,
99752,"FRX10 / 21008",6,0,6,13.08,,
99753,290V6000-S/S,5,3,2,206.19,,
99754,"FRX15 / 21510",4,0,4,14.35,,
99755,"FRX20 / 22014",2,0,2,20.47,,
99756,"FRX25 / 22517",10,0,10,28.16,,
99758,TFK-10,4,2,2,57.37,,
99759,TFK-4,0,0,0,24.74,,
99760,TFK-10W,6,4,2,44.36,,
99761,TFK-4W,6,4,2,19.56,,
99763,517526-1,12,8,4,14.53,,
99770,BPC240845102,13,10,3,99.83,,126.65
99771,BPC241245102,11,1,10,122.61,,155.55
99772,BPC241647102,12,4,8,146.73,,186.15
99773,BPC241648102,19,9,10,166.83,,211.65
99774,910-057,0,0,0,715.63,916.00,
99775,03-200-234,2,0,2,540.00,691.20,
99782,BAM010700100,0,0,0,398.72,,506.60
99783,BAM030710100,7,2,5,249.60,,530.40
99802,T-PF.P128,2,1,1,85.56,129.95,
99803,DV11,2,1,1,73.17,,
99804,KO2,3,2,1,149.39,,
99805,163000,8,6,2,36.88,,
99806,RWS5B,3,2,1,18.75,,
99807,RPA,3,2,1,101.83,,
99810,ELS-3510-02,0,0,0,381.25,,
99816,413-0058,12,3,9,241.99,,
99817,417-0077,6,4,2,593.38,,669.00
99828,MD4041-191-0-202,0,0,0,107.95,,144.99
99829,MD4041-4-0-202,0,0,0,107.95,,144.99
99850,GP1500-43,0,0,0,276.35,,
99861,73123,225,15,210,5.07,,
99863,SEA2306,16,5,11,268.59,,
99864,SEA2307,16,7,9,321.88,,
99865,PMP242200102,4,2,2,636.64,,785.40
99868,ORI241270030,17,11,6,90.95,,112.20
99869,BUBBLEBUSTER,5,2,3,1016.67,,
99871,950700,3,3,0,57.01,,
99872,950800,4,4,0,64.21,,
99873,98096,0,0,0,120.58,152.82,
99874,98098,0,0,0,140.69,178.36,
99875,98099,0,0,0,160.33,203.29,
99878,3600003,5,5,0,45.56,,
99880,3603825-NS,6,6,0,71.83,,
99881,1368890,6,4,2,2633.92,,3199.99
99883,1368892,1,1,0,2716.23,,3299.99
99885,1368891,0,0,0,2716.23,,3299.99
99886,1368893,0,0,0,2798.54,,3399.99
99887,1368895,2,2,0,2798.54,,3399.99
99888,1368897,1,1,0,2880.85,,3499.99
99889,1368896,2,0,2,2880.85,,3499.99
99890,1368898,1,0,1,2963.16,,3599.99
99891,1368894,1,0,1,2798.54,,
99893,1368900,0,0,0,3210.09,,3899.99
99894,1368920,0,0,0,3457.02,,4199.99
99895,1368901,3,2,1,3292.40,,3999.99
99896,1368921,1,1,0,3539.33,,4299.99
99897,1368902,2,1,1,3374.71,,4099.99
99898,1368922,0,0,0,3621.64,,4399.99
99899,1368667,0,0,0,1399.26,,1699.99
99900,1368668,1,1,0,1440.43,,1749.99
99901,1368677,0,0,0,1563.89,,1899.99
99902,1358441,2,1,1,752.24,,
99903,1358453,0,0,0,837.34,,
99904,1358450,1,0,1,911.29,,
99905,1358451,24,20,4,1076.98,,
99906,1358452,0,0,0,1159.82,,
99907,1358473,0,0,0,979.70,,
99908,1358470,0,0,0,1052.11,,
99909,1358471,9,1,8,1366.93,,
99910,1358472,2,1,1,1449.77,,
99911,1358455,1,1,0,906.31,,
99912,1358475,1,1,0,1042.26,,
99913,1368715M,8,4,4,380.31,,
99914,1368716M,2,2,0,388.95,,
99915,1368730M,0,0,0,570.47,,
99916,1352145M,0,0,0,242.01,,
99917,1352155M,4,4,0,276.59,,
99918,1352156M,1,1,0,285.23,,
99919,1352270M,11,6,5,148.49,,
99920,1352272M,13,10,3,200.91,,
99921,1352274M,6,2,4,244.59,,
99922,1352278,4,0,4,253.32,,
99923,1363575,4,1,3,1375.22,,
99924,1363576,9,1,8,1574.05,,
99925,1363585,0,0,0,1623.75,,
99926,1363586,2,0,2,1822.57,,
99929,010-13336-00,0,0,0,262.49,,
99931,1358350,4,0,4,1468.48,,1749.99
99932,1358355,14,8,6,1678.26,,1999.99
99933,1358356,7,4,3,1720.22,,2049.99
99934,1358380,0,0,0,1762.18,,2099.99
99935,1358381,5,3,2,1930.01,,2299.99
99936,1358385,4,2,2,2013.92,,2399.99
99937,1358382,2,2,0,2013.92,,2399.99
99938,1358386,0,0,0,2097.84,,2499.99
99939,1358383,1,1,0,2265.67,,2699.99
99940,1358310,1,1,0,2181.75,,2599.99
99941,1358315,0,0,0,2265.67,,2699.99
99942,1358311,1,1,0,2433.49,,2899.99
99943,1358316,1,1,0,2517.40,,2999.99
99944,1358200,5,0,5,2725.85,,3399.99
99945,1358210,1,0,1,2966.37,,3699.99
99946,1358201,2,2,0,2806.02,,3499.99
99947,1358211,2,2,0,3046.54,,3799.99
99948,1358202,3,1,2,3046.54,,3799.99
99949,1358212,2,2,0,3287.06,,4099.99
99950,1358975,2,0,2,2533.44,,2999.99
99951,1358970,3,2,1,2617.89,,3099.99
99952,1358976,3,1,2,2617.89,,3099.99
99953,1358971,2,2,0,2702.33,,3199.99
99954,1358945,1,1,0,2786.78,,3299.99
99955,1358940,1,1,0,2871.23,,3399.99
99956,1358540,3,2,1,3462.37,,4099.99
99957,1358541,0,0,0,3546.82,,4199.99
99958,1358542,0,0,0,3800.16,,4499.99
99959,1358501,0,0,0,3715.71,,4399.99
99960,1358502,3,2,1,3800.16,,4499.99
99961,1358503,3,2,1,4053.51,,4799.99
99962,1363770,4,0,4,2139.79,,2549.99
99963,1363771,4,4,0,2181.75,,2599.99
99964,1363785,0,0,0,2391.53,,2849.99
99965,1363786,0,0,0,2433.49,,2899.99
99966,1363787,6,3,3,2685.23,,3199.99
99967,1363790,0,0,0,2601.32,,3099.99
99968,1363791,6,0,6,2853.06,,3399.99
99969,1363900,3,0,3,3206.89,,3999.99
99970,1363901,6,4,2,3447.40,,4299.99
99971,1363902,2,0,2,4008.61,,4999.99
99972,1363903,5,1,4,4569.82,,5699.99
99973,1358560,0,0,0,3969.06,,4699.99
99975,1358561,0,0,0,4222.40,,4999.99
99976,1358581,1,0,1,3969.06,,
99977,1358562,3,1,2,4855.77,,5749.99
99979,1358563,4,1,3,5404.68,,6399.99
99980,1358583,1,0,1,5151.33,,
99981,1852077,3,3,0,27.60,,
99982,1852078,4,0,4,27.60,,
99983,1852079,2,0,2,27.60,,
99984,1852081,3,3,0,27.60,,
99985,1852082,3,0,3,27.60,,
99986,1865039,1,1,0,36.32,,
99987,1865040,2,0,2,36.32,,
99988,1866077,21,6,15,181.61,,
99989,1866081,1,0,1,181.61,,
99990,1866082,0,0,0,177.44,,
99991,151400-200-050-23,0,0,0,70.39,,
99992,88B515-1,12,8,4,987.73,,
99993,1866078,1,1,0,177.44,,
99994,1866561,3,0,3,88.75,,
99995,1866655,6,0,6,232.46,,
99996,1866675,4,1,3,26.14,,
99997,1865130,1,1,0,78.22,,
99998,1832304,0,0,0,253.49,,
99999,1833454,0,0,0,344.49,,
100000,1854055,15,8,7,305.11,,
100002,1834604,0,0,0,437.06,,
100003,1854056,8,5,3,305.11,,
100004,1854057,2,1,1,385.02,,
100005,1854058,2,0,2,195.58,,
100006,1854062,9,9,0,174.34,,
100007,1862042,5,3,2,159.81,,
100008,1862052,0,0,0,174.34,,
100009,1854064,3,1,2,174.34,,
100010,1862060,75,27,48,61.74,,
100011,1854070,3,3,0,68.60,,
100014,1854073,1,0,1,61.74,,
100016,010-12832-55,8,2,6,74.99,,
100017,010-12832-60,8,2,6,187.49,,
100018,010-12832-61,41,12,29,187.49,,
100019,010-12832-70,14,9,5,104.99,,
100025,SEA2380,18,8,10,28.88,,
100028,LRS-2-DP,23,13,10,10.88,,
100036,SS16,14,8,6,16.07,,
100037,SS32,10,5,5,24.43,,
100038,GBC16,28,18,10,9.99,,
100039,GBC32,13,0,13,19.99,,
100041,C2113-14-00600,0,0,0,634.60,,
100042,ORI242440140,11,6,5,174.32,,215.05
100049,HP24,0,0,0,35.00,,
100050,010-02867-00,2,0,2,299.99,,
100051,010-02867-01,1,1,0,299.99,,
100052,010-02867-02,5,2,3,299.99,,
100055,19052P,18,16,2,49.15,,
100056,19053P,11,4,7,42.67,,
100057,41290P,15,9,6,21.60,,
100058,41291P,23,8,15,21.60,,
100059,41320P,8,3,5,14.85,,
100060,41321P,4,0,4,14.85,,
100061,41322P,2,1,1,54.18,,
100062,41323P,4,2,2,64.80,,
100063,41339P,21,9,12,9.63,,
100064,41343P,0,0,0,52.15,,
100065,41346P,4,1,3,15.70,,
100066,41347P,7,5,2,15.70,,
100067,41360P,17,11,6,9.63,,
100068,KITOBDBR-03',2,1,1,124.82,,
100073,JTV3223DCS,27,19,8,337.23,,
100074,MI-0065-AS,0,0,0,220.68,,
100075,05-01-071,3,1,2,204.98,,
100076,05-01-072,2,1,1,204.98,,
100077,05-01-073,0,0,0,167.27,,
100078,05-01-074,0,0,0,178.19,,
100079,05-93-071,0,0,0,112.41,,
100081,41365P,15,11,4,40.50,,
100082,41373P,2,0,2,19.36,,
100083,41388P,23,12,11,49.11,,
100084,41389P,31,15,16,70.88,,
100085,41416P,14,6,8,45.56,,
100086,41440P,8,3,5,48.60,,
100087,41445P,6,3,3,34.43,,
100088,41461P,10,5,5,24.30,,
100089,FBD-2-R,0,0,0,543.75,,
100090,VP1139,8,4,4,15.87,,
100091,SC-MULTI-F1,12,5,7,52.31,,
100092,SC-MULTI-F2,37,15,22,48.94,,
100093,SC-USB-F3,30,25,5,41.06,,
100099,91260,2,2,0,203.63,,
100102,F-BMR1-B3-45,8,4,4,704.94,,
100103,001-593-530-00,0,0,0,402.73,,
100105,BP5012,6,3,3,75.75,,
100109,33084W,4,4,0,57.76,,
100113,41462P,41,40,1,24.30,,
100114,41480P,3,0,3,32.91,,
100115,41590P,15,7,8,34.94,,
100116,41593P,6,6,0,181.75,,
100117,41598P,1,0,1,45.31,,
100118,41640P,9,5,4,8.61,,
100119,41641P,8,4,4,8.61,,
100120,41644P,13,4,9,12.15,,
100121,41645P,2,2,0,12.40,,
100122,41650P,25,10,15,17.98,,
100123,41651P,10,4,6,28.10,,
100125,41652P,16,7,9,30.63,,
100126,41741P,4,0,4,22.79,,
100127,41746P,7,2,5,23.29,,
100128,10014P,33,4,29,12.94,,
100129,10029P,19,8,11,12.38,,
100130,10180P,7,4,3,82.53,,
100131,QUA242305130,17,9,8,1060.37,,1308.15
100132,QUA122305130,8,6,2,1116.18,,1377.00
100133,AT22-BK,0,0,0,22.98,36.99,
100135,10182P,0,0,0,84.55,,
100136,10187P,9,6,3,83.03,,
100137,10262P,6,3,3,12.94,,
100138,10401P,0,0,0,61.76,,
100139,10474P,0,0,0,124.54,,
100141,10500P,3,2,1,87.08,,
100142,10617P,3,3,0,82.53,,
100148,04-04-013,1,0,1,149.99,,
100154,12104P,20,10,10,15.75,,
100155,12124P,11,4,7,118.98,,
100157,12127,8,3,5,122.51,,
100158,12131,11,6,5,116.44,,
100159,12134,6,4,2,122.51,,
100160,16000,0,0,0,280.98,,
100161,16114,3,2,1,528.03,,
100162,16201,7,4,3,107.33,,
100163,RODE57,0,0,0,457.33,,
100166,30250,7,4,3,57.89,,
100167,1124DP2CHR,5,4,1,84.24,,
100169,12729-L,3,2,1,11.25,,
100174,2146,12,8,4,19.59,28.95,
100176,3965,21,0,21,13.73,,
100179,16216,9,3,6,218.70,,
100180,74125,7,2,5,72.40,,
100181,10050P,11,3,8,59.24,,
100182,10055P,10,5,5,68.85,,
100183,10056P,1,0,1,49.11,,
100184,10172P,2,0,2,87.08,,
100185,10175P,16,10,6,83.03,,
100186,10191P,7,5,2,59.74,,
100187,10196P,6,3,3,32.40,,
100188,10410P,0,0,0,167.06,,
100189,10422P,12,10,2,147.33,,
100190,12106P,25,12,13,75.44,,
100191,12107P,16,5,11,45.06,,
100192,46011P,6,0,6,262.24,,
100193,10201,0,0,0,88.09,,
100194,10202,2,2,0,88.09,,
100195,10241,4,2,2,131.13,,
100196,10242,6,4,2,106.31,,
100197,10280,2,2,0,88.60,,
100198,10281,4,4,0,77.46,,
100199,10923,2,0,2,66.83,,
100200,10924,4,2,2,68.85,,
100201,10306P,11,6,5,16.20,,
100202,19006P,7,3,4,24.05,,
100203,99215,3,2,1,294.38,,
100204,99225,0,0,0,417.50,,
100205,99030,0,0,0,608.75,,
100206,99050,4,2,2,756.25,,
100207,99501,6,2,4,1326.88,,
100208,99041,1,1,0,759.38,,
100209,99503,8,4,4,1170.00,,
100211,99504,5,2,3,1907.50,,
100212,3100531-L1,5,5,0,106.95,,
100300,325123-1,16,9,7,7.71,,
100301,325166-1,10,7,3,7.27,,
100302,422737-3,2,1,1,123.00,,
100303,423037-1,9,5,4,25.71,,
100304,426510-1,0,0,0,14.01,,
100305,426535-1,2,0,2,23.79,,
100307,426692-3,14,13,1,29.09,,
100308,426693-3,6,5,1,26.97,,
100309,672560-1,12,2,10,14.13,,
100314,00.01CRD,2,0,2,13.16,,
100315,00.03CRD,2,0,2,12.36,,
100316,00.05CRD,2,0,2,12.36,,
100317,00.07CRD,2,0,2,16.23,,
100322,100-4838,2,2,0,233.70,,299.99
100324,200-5163,0,0,0,740.18,,
100328,3437,1,1,0,350.07,,
100329,3436,0,0,0,427.29,,
100330,3434,3,2,1,362.87,,
100331,3431,2,1,1,354.99,,
100332,77040000,12,6,6,7.45,,
100333,010-02139-10,12,5,7,524.99,,
100334,F-BMR1-B3-90,7,3,4,704.94,,
100335,F-BMR1-G3-45,0,0,0,704.94,,
100336,F-BMR1-G3-90,0,0,0,704.94,,
100337,F-BMR1-A3-45,8,4,4,704.94,,
100338,F-BMR1-A3-90,4,0,4,704.94,,
100339,F-BMR1-W3-45,8,4,4,704.94,,
100340,F-BMR1-W3-90,8,4,4,704.94,,
100341,F-BMR1-FS-45,3,1,2,1152.12,,
100342,F-BMR1-FS-90,4,2,2,1152.12,,
100343,F-PMR1-B3-45,0,0,0,846.12,,
100344,F-PMR1-B3-90,0,0,0,846.12,,
100345,F-PMR1-G3-45,0,0,0,846.12,,
100346,F-PMR1-G3-90,0,0,0,846.12,,
100347,F-PMR1-A3-45,0,0,0,846.12,,
100348,F-PMR1-A3-90,0,0,0,846.12,,
100350,F-PMR1-W3-45,0,0,0,846.12,,
100351,F-PMR1-W3-90,0,0,0,846.12,,
100352,F-PMR1-FS-45,0,0,0,1275.65,,
100353,F-PMR1-FS-90,0,0,0,1275.65,,
100354,F-SMR1-B3-45,0,0,0,799.06,,
100355,F-SMR1-B3-90,0,0,0,799.06,,
100356,F-SMR1-G3-45,0,0,0,799.06,,
100357,F-SMR1-G3-90,0,0,0,799.06,,
100358,F-SMR1-A3-45,0,0,0,799.06,,
100359,F-SMR1-A3-90,0,0,0,799.06,,
100360,F-SMR1-W3-45,0,0,0,799.06,,
100361,F-SMR1-W3-90,0,0,0,799.06,,
100362,F-SMR1-FS-45,0,0,0,1234.47,,
100363,F-SMR1-FS-90,0,0,0,1234.47,,
100364,F-BME1-H-B3-45,7,3,4,704.94,,
100365,F-BME1-H-B3-90,6,2,4,704.94,,
100366,F-BME1-H-G3-45,0,0,0,704.94,,
100367,F-BME1-H-G3-90,0,0,0,704.94,,
100368,F-BME1-H-A3-45,8,4,4,704.94,,
100369,F-BME1-H-A3-90,8,4,4,704.94,,
100370,F-BME1-H-W3-45,8,4,4,704.94,,
100371,F-BME1-H-W3-90,7,3,4,704.94,,
100372,F-BME1-H-FS-45,4,2,2,1152.12,,
100373,F-BME1-H-FS-90,1,1,0,1152.12,,
100374,F-SME1-H-B3-45,0,0,0,799.06,,
100375,F-SME1-H-B3-90,0,0,0,799.06,,
100376,F-SME1-H-G3-45,0,0,0,799.06,,
100377,F-SME1-H-G3-90,0,0,0,799.06,,
100378,F-SME1-H-A3-45,0,0,0,799.06,,
100379,F-SME1-H-A3-90,0,0,0,799.06,,
100380,F-SME1-H-W3-45,0,0,0,799.06,,
100381,F-SME1-H-W3-90,0,0,0,799.06,,
100382,F-SME1-H-FS-45,0,0,0,1234.47,,
100384,F-SME1-H-FS-90,0,0,0,1234.47,,
100385,F-BME1-V-B3-45,0,0,0,704.94,,
100386,F-BME1-V-B3-90,0,0,0,704.94,,
100387,F-BME1-V-G3-45,0,0,0,704.94,,
100388,F-BME1-V-G3-90,0,0,0,704.94,,
100389,F-BME1-V-A3-45,0,0,0,704.94,,
100390,F-BME1-V-A3-90,0,0,0,704.94,,
100391,F-BME1-V-W3-45,0,0,0,704.94,,
100392,F-BME1-V-W3-90,0,0,0,704.94,,
100393,F-BME1-V-FS-45,0,0,0,1152.12,,
100394,F-BME1-V-FS-90,0,0,0,1152.12,,
100395,F-PME1-V-B3-45,0,0,0,846.12,,
100396,F-PME1-V-B3-90,0,0,0,846.12,,
100397,F-PME1-V-G3-45,0,0,0,846.12,,
100398,F-PME1-V-G3-90,0,0,0,846.12,,
100399,F-PME1-V-A3-45,0,0,0,846.12,,
100400,F-PME1-V-A3-90,0,0,0,846.12,,
100401,F-PME1-V-W3-45,0,0,0,846.12,,
100402,F-PME1-V-W3-90,0,0,0,846.12,,
100403,F-PME1-V-FS-45,0,0,0,1275.65,,
100404,F-PME1-V-FS-90,0,0,0,1275.65,,
100405,F-SME1-V-B3-45,0,0,0,799.06,,
100406,F-SME1-V-B3-90,0,0,0,799.06,,
100407,F-SME1-V-G3-45,0,0,0,799.06,,
100408,00.08CRD,2,0,2,19.77,,
100409,F-SME1-V-G3-90,0,0,0,799.06,,
100410,F-SME1-V-A3-45,0,0,0,799.06,,
100411,00.11CRD,2,0,2,21.04,,
100412,F-SME1-V-A3-90,0,0,0,799.06,,
100413,F-SME1-V-W3-45,0,0,0,799.06,,
100414,F-SME1-V-W3-90,0,0,0,799.06,,
100415,F-SME1-V-FS-45,0,0,0,1234.47,,
100416,00.13CRD,3,0,3,27.40,,
100417,F-SME1-V-FS-90,0,0,0,1234.47,,
100418,00.21CRD,2,0,2,28.47,,
100419,F-HB-4-MC3,6,2,4,129.00,,
100420,F-HB-2-FS5,6,2,4,99.00,,
100421,F-R1-PMT,0,0,0,149.00,,
100422,F-E1V-PMT,0,0,0,149.00,,
100423,F-R1-SMT,0,0,0,79.00,,
100424,00.23CRD,3,0,3,34.67,,
100425,F-E1HV-SMT,0,0,0,79.00,,
100426,00.25CRD,3,0,3,40.65,,
100427,00.31CRD,3,0,3,40.32,,
100428,F-FS-3M-EX,4,2,2,179.00,,
100429,F-MC-3M-EX,4,2,2,129.00,,
100430,00.32CRD,3,0,3,43.16,,
100431,00.35CRD,2,0,2,48.28,,
100432,DATA-0M-EX,3,1,2,69.00,,
100433,02.01CRD,2,0,2,12.49,,
100434,DATA-3M-EX,3,1,2,149.00,,
100435,DATA-4M-EX,4,2,2,199.00,,
100436,04.59CRD,2,0,2,8.44,,
100437,DATA-6M-EX,4,2,2,219.00,,
100438,04.61CRD,3,0,3,6.72,,
100439,RS-3M-EX,3,1,2,129.00,,
100440,05.23CRD,2,0,2,4.81,,
100441,05.24CRD,1,0,1,7.96,,
100442,05.31CRD,2,0,2,5.29,,
100443,05.96CRD,2,0,2,5.32,,
100444,08.05CRD,2,0,2,47.55,,
100445,16.05CRD,2,0,2,18.44,,
100446,16.17CRD,3,0,3,21.76,,
100447,18.14CRD,0,0,0,45.95,,
100448,19.27,3,0,3,191.97,,
100449,23.00CRD,3,0,3,21.19,,
100450,23.04CRD,2,0,2,46.63,,
100451,23.08CRD,2,0,2,29.76,,
100452,23.13CRD,4,0,4,21.04,,
100453,23.14CRD,2,0,2,15.41,,
100454,23.35,2,0,2,178.64,,
100455,23.72,3,0,3,118.57,,
100456,25.05CRD,4,0,4,9.43,,
100457,25.07CRD,2,0,2,12.05,,
100458,25.15CRD,2,0,2,7.89,,
100459,25.17CRD,2,0,2,5.84,,
100460,25.18CRD,2,0,2,5.84,,
100462,25.42CRD,2,0,2,20.63,,
100463,36.05.25CRD,2,0,2,29.11,,
100464,36.05.40CRD,2,0,2,29.11,,
100465,36.06.40CRD,2,0,2,31.43,,
100466,36.06.50CRD,2,0,2,31.43,,
100467,36.06.70CRD,2,0,2,31.73,,
100468,36.08.20CRD,2,0,2,32.19,,
100469,36.08.30CRD,2,0,2,32.19,,
100470,36.08.40CRD,2,0,2,32.19,,
100471,36.08.50CRD,2,0,2,32.59,,
100472,36.08.60CRD,2,0,2,32.59,,
100473,36.08.70CRD,0,0,0,32.59,,
100474,36.08.80CRD,2,0,2,32.93,,
100475,SS3,3,0,3,39.51,,
100476,SS4,3,0,3,13.80,,
100477,SS5,3,0,3,19.99,,
100478,SS6,3,0,3,26.00,,
100479,07.90RG,5,0,5,28.53,,
100480,GSM100200400,7,3,4,161.91,,199.75
100481,GSM900200100,8,2,6,24.11,,29.75
100482,GSM900100400,5,2,3,24.11,,29.75
100486,660-450CC,0,0,0,234.96,,
100494,SC-12V-F1,32,20,12,16.31,,
100559,041115-1,9,7,2,24.84,,
100560,041125-1,0,0,0,25.39,,
100561,041135-1,5,5,0,26.44,,
100562,041136-1,20,10,10,42.84,,
100563,426501,20,10,10,2.82,,
100566,30705,19,11,8,17.79,20.79,
100570,25.20,0,0,0,28.53,,
100571,426504-1,4,2,2,22.20,,
100572,421616-1,7,5,2,21.14,,
100573,421618-1,5,4,1,14.74,,
100574,421636-1,7,7,0,20.24,,
100575,426013-1,18,11,7,6.21,,
100576,426053-1,8,3,5,13.57,,
100577,426115-1,15,9,6,6.21,,
100578,426127-1,11,6,5,5.54,,
100579,426531-1,0,0,0,23.79,,
100580,426106-1,6,4,2,2.51,,
100581,426101-1,11,9,2,3.67,,
100582,426103-1,8,3,5,6.49,,
100583,426104-1,10,5,5,6.49,,
100584,91235,2,2,0,193.99,,
100585,91230,4,4,0,156.64,,
100586,91720,4,4,0,289.64,,
100587,91715,4,4,0,228.40,,
100588,91750,4,4,0,275.19,,
100589,91745,4,4,0,216.97,,
100590,91250,3,3,0,120.21,,
100591,91245,10,10,0,101.76,,
100592,91860,0,0,0,301.87,,
100593,91605,3,3,0,223.34,,
100594,91705,2,2,0,137.09,,
100595,91730,6,6,0,104.13,,
100596,91700,10,10,0,112.89,,
100597,WDV-1-DP,24,12,12,27.47,,
100598,WDV-1CP-DP,17,6,11,28.99,,
100599,FS-T01-S-R,0,0,0,106.25,,
100601,DST810-BV-N2,2,0,2,395.48,534.00,
100613,2000032831,0,0,0,323.86,419.99,
100614,ZDIGVEKVT,4,2,2,177.04,,
100615,ZDIGISSBM100,5,3,2,311.63,,
100617,589801,0,0,0,34.90,,
100619,589805,0,0,0,94.78,,
100620,589803,0,0,0,52.76,,
100629,RS4,2,1,1,298.16,,
100635,QUAD-NOD-BK,4,2,2,45.95,72.99,
100636,3000004257,9,6,3,99.71,,
100637,30605,1,0,1,229.99,,
100639,31008,7,4,3,399.99,,
100644,38080,1,0,1,429.99,,
100646,38150,1,0,1,389.99,,
100647,38180,1,0,1,529.99,,
100665,35990,4,0,4,14.99,,
100668,44224,1,0,1,134.99,,
100671,33248,64,16,48,124.99,,
100673,33250,7,1,6,129.99,,
100676,19135,2,2,0,31.99,,
100685,20087,5,5,0,7.49,,
100686,20088,4,1,3,7.49,,
100688,39954020,0,0,0,596.04,,
100690,411920-1,13,4,9,520.42,,
100691,411930-1,13,7,6,693.90,,
100710,29635,1,0,1,369.99,,
100725,010-02706-20,1,1,0,1039.99,,1299.99
100726,ARG-1001-C,0,0,0,92.78,,
100761,17021ST,2,0,2,8.99,,
100766,15000,6,0,6,18.99,,
100768,15602,1,0,1,26.99,,
100781,16145SF,1,1,0,9.99,,
100782,16151SF,1,0,1,19.99,,
100784,673ST-KIT,1,1,0,44.99,,
100792,JTV2423DCS,6,2,4,331.20,,
100797,BSA6,16,7,9,14.12,,
100798,GPT12,26,13,13,30.00,,
100806,WVSXP70,3,2,1,374.88,431.90,
100807,WVSXS70,0,0,0,374.88,431.90,
100808,WVSXP43,0,0,0,312.38,359.90,
100809,WVSXS43,0,0,0,312.38,359.90,
100811,167-15,1,0,1,17.84,,
100812,167-25,10,4,6,21.23,,
100813,167-50,18,13,5,29.60,,
100815,38045-4192RSP,16,4,12,695.88,,
100816,38045-4194RSP,4,3,1,695.88,,
100817,38245-4192RSP,13,4,9,695.88,,
100818,38245-4194RSP,1,0,1,695.88,,
100822,0131,4,0,4,64.68,,
100823,0134,1,0,1,30.49,,
100824,0139,0,0,0,37.98,,
100825,TRL-345-S/S,4,1,3,63.89,,
100826,400-222,0,0,0,232.77,,261.87
100827,TRL-3545-S/S,4,2,2,71.79,,
100828,TRL-445-S/S,5,2,3,68.13,,
100829,TRL-545-S/S,4,2,2,83.74,,
100830,TRL-645-S/S,6,2,4,86.43,,
100831,SBH-49,9,7,2,15.00,,
100832,TRL-845-S/S,5,3,2,170.73,,
100833,TRL-390-S/S,4,2,2,57.80,,
100834,TRL-490-S/S,3,1,2,84.01,,
100835,TRL-690-S/S,0,0,0,89.04,,
100836,SHB-110,2,1,1,18.75,,
100837,1420-0011,3,1,2,207.54,,
100838,SAD-27B,3,2,1,13.50,,
100839,1420-0017,5,2,3,201.70,,
100840,1420-0022,0,0,0,211.84,,
100841,TMPROANGLER,28,19,9,299.76,,
100842,TMPROANGLERREM,0,0,0,131.66,,
100845,720-1000,9,5,4,7.30,,
100846,720-1120,5,2,3,7.59,,
100848,720-2000,4,2,2,7.79,,
100849,720-2120,6,3,3,8.34,,
100850,720-3000,10,2,8,9.49,,
100852,720-3120,9,4,5,9.71,,
100854,720-4000,1,0,1,9.94,,
100856,720-4000L,6,4,2,9.97,,
100857,720-5000,9,5,4,10.40,,
100858,720-5000L,7,4,3,10.53,,
100860,720-6000,0,0,0,10.66,,
100861,720-6000L,8,2,6,10.79,,
100862,720-8000,5,2,3,11.06,,
100863,720-8000L,6,0,6,11.44,,
100864,02-45M-314,0,0,0,402.50,515.20,
100871,696275,37,24,13,17.01,,
100872,587329,19,10,9,59.43,,
100874,SRT/PHT-AC-PWR,0,0,0,35.29,,
100875,88B515-2,0,0,0,1189.02,,
100876,8WD15,6,2,4,30.09,,
100877,8WD2000-2,2,2,0,45.75,,
100878,8WD14,5,4,1,51.79,,
100879,8WD7SQR,3,1,2,36.29,,
100880,8WD2000-1,1,0,1,27.73,,
100888,8WD2002,1,0,1,129.87,,
100889,8WP95,0,0,0,48.31,,
100890,8WD7S,7,1,6,15.45,,
100891,8WD112BP-717,9,4,5,27.21,,
100893,8WD1251,4,2,2,27.37,,
100900,8WD1500,3,0,3,106.76,,
100901,8WD2000,2,0,2,88.93,,
100902,8WD2003,7,0,7,118.53,,
100906,8WD1250,3,0,3,36.89,,
100907,8WD112BP-710,6,3,3,27.21,,
100908,8WD3000,4,0,4,83.15,,
100909,8WD112BP-728,2,2,0,27.21,,
100911,8WD112BP-733,3,2,1,27.21,,
100912,8WD135LS-717,3,0,3,95.83,,
100913,8WD734PLS-664,4,0,4,59.33,,
100914,8WD640PLS-664,5,5,0,113.03,,
100915,8WD640PLS-660,0,0,0,113.03,,
100917,3313-710,2,0,2,52.64,,
100918,8WD588PLS-710,12,3,9,72.84,,
100919,3313-717,3,2,1,52.64,,
100920,8WD944,1,1,0,182.68,,
100921,8WP144,2,2,0,320.88,,
100922,8WD374,5,3,2,101.88,,
100927,PP4400-17,0,0,0,269.08,,
100928,202053,4,2,2,199.26,333.99,
100929,682053,0,0,0,190.31,318.99,
100930,682153,2,0,2,190.91,319.99,
100931,322053,3,1,2,290.53,486.99,
100932,210053,2,0,2,214.77,359.99,
100933,220053,1,0,1,319.17,534.99,
100934,230053,2,2,0,415.23,695.99,
100935,240053,2,2,0,488.01,817.99,
100936,250053,2,0,2,607.33,1017.99,
100937,320053,1,0,1,507.69,850.99,
100938,330053,1,0,1,634.17,1062.99,
100939,340053,2,0,2,823.89,1380.99,
100940,350053,0,0,0,961.70,1611.99,
100945,C910-0050,0,0,0,7.50,14.00,
100946,C910-0060,0,0,0,7.50,14.00,
100947,C910-0051,0,0,0,7.50,14.00,
100948,C910-0055,0,0,0,7.50,14.00,
100949,C910-0056,0,0,0,7.50,14.00,
100950,C920-1902,5,2,3,161.25,323.00,
100951,C920-1912,6,3,3,218.75,404.00,
100952,C920-1600,2,1,1,206.25,566.00,
100953,C920-1601,6,5,1,206.25,566.00,
100954,C920-21140,5,3,2,243.75,656.00,
100955,C920-1610,5,3,2,275.00,792.00,
100956,C920-1611,4,2,2,275.00,792.00,
100957,C920-0747,4,4,0,88.75,177.00,
100958,C820-0900,10,5,5,148.75,297.00,
100960,C820-0901,0,0,0,150.00,298.00,
100961,C820-0902,0,0,0,136.25,272.00,
100962,C920-1702,4,2,2,588.24,1204.00,
100963,C920-1710,4,2,2,935.29,2246.00,
100964,C920-1711,3,2,1,935.29,2246.00,
100965,PIN482122500,7,4,3,262.92,,334.05
100966,C920-1821,0,0,0,1516.47,2892.00,
100967,C920-1823,0,0,0,1858.82,3938.00,
100968,C920-1910W,4,2,2,1170.59,2336.00,
100969,C920-1910,3,1,2,1170.59,2336.00,
100970,C920-1800,0,0,0,187.50,428.00,
100971,C920-1801,4,2,2,168.75,408.00,
100972,C920-1802,4,2,2,187.50,428.00,
100973,C920-1810,6,2,4,306.25,653.00,
100974,C920-1811,4,2,2,281.25,622.00,
100975,C820-1805,0,0,0,181.25,362.00,
100976,C820-1815,0,0,0,243.75,486.00,
100978,C920-20211,4,0,4,56.25,113.00,
100979,C920-1831SD,7,3,4,243.75,584.00,
100980,C920-1832SD,6,2,4,175.00,446.00,
100981,C920-1834SD,7,2,5,306.25,629.00,
100982,C920-1836SD,6,3,3,368.75,809.00,
100983,C920-1620,2,0,2,76.47,176.00,
100984,C920-0033,0,0,0,93.75,209.00,
100985,"G-1 CLASSIC RED",0,0,0,11.93,,
100986,C910-1722,0,0,0,288.75,508.00,
100987,C910-5021,4,2,2,128.75,257.00,
100988,"G-2 CLASSIC RED",0,0,0,13.95,,
100989,"G-3 CLASSIC RED",0,0,0,16.80,,
100990,C920-0300,24,15,9,25.00,50.00,
100991,"G-4 CLASSIC RED",0,0,0,25.47,,
100992,C920-0325,1,1,0,36.25,72.00,
100993,B720-0320,3,1,2,7.50,16.00,
100994,"G-5 CLASSIC RED",0,0,0,49.11,,
100995,B720-0321,0,0,0,8.75,17.00,
100996,"G-6 CLASSIC RED",0,0,0,64.84,,
100997,B720-0323,3,0,3,15.00,29.00,
100998,B720-0327,8,4,4,10.00,20.00,
100999,B720-0328,8,4,4,10.00,20.00,
101000,C920-1830,0,0,0,31.25,59.00,
101002,C720-0540,0,0,0,18.75,38.00,
101003,C720-0541,0,0,0,22.50,44.00,
101004,C720-0542,0,0,0,35.00,70.00,
101005,C720-0543,0,0,0,38.75,77.00,
101006,C920-2553,0,0,0,676.47,1256.00,
101007,C920-2556,0,0,0,770.59,1346.00,
101008,C920-2557,0,0,0,770.59,1346.00,
101010,C920-2552,4,2,2,365.00,680.00,
101011,C920-2558,0,0,0,375.00,716.00,
101012,C920-2559,0,0,0,375.00,716.00,
101013,C920-23120,4,2,2,1572.94,2696.00,
101014,C920-23121,4,2,2,1572.94,2696.00,
101015,C920-21003,3,1,2,223.75,446.00,
101016,C920-21004,3,1,2,52.50,89.00,
101018,C920-20130,4,0,4,40.00,89.00,
101024,151400-200-070-23,0,0,0,70.39,,
101025,LLB-63BB-F0-01,5,3,2,49.39,,
101026,LLB-63RB-E0-01,1,1,0,49.39,,
101028,426105-1,5,5,0,2.64,,
101029,N20803S,10,3,7,166.16,,
101030,N20803W,9,4,5,157.53,,
101061,97-49,3,0,3,19.00,,
101072,P000110,4,4,0,38.57,,
101073,PLASE604,31,31,0,38.57,,
101074,651010,0,0,0,16.19,,
101075,PLABI360,0,0,0,76.14,,
101089,WUL12GN-25,3,2,1,9.44,,
101090,SXR08EC,0,0,0,9.68,,
101091,SXR08PRCH,2,2,0,9.68,,
101092,SXR10EC,1,1,0,9.68,,
101093,SXR10PRCH,1,1,0,9.68,,
101094,SXR12EC,0,0,0,12.92,,
101095,SXR12PRCH,0,0,0,12.92,,
101096,SXR14EC,0,0,0,14.53,,
101097,SXR14PRCH,1,1,0,14.53,,
101098,SXRL12HPU,0,0,0,13.05,,
101099,SXRL14HPU,2,2,0,14.67,,
101100,XRMAGXT160HDBSRD,1,1,0,18.68,,
101101,XRMAGXT160HDD,0,0,0,18.68,,
101102,XRMAGXT160HDWHU,0,0,0,18.68,,
101103,SXRT10EC,0,0,0,9.76,,
101104,SXRT10PRCH,0,0,0,9.76,,
101105,SXRTM06EC,0,0,0,9.76,,
101106,SXRTM06HP,0,0,0,9.76,,
101107,SXRTM06PRCH,3,3,0,9.76,,
101108,SXRTM08EC,0,0,0,9.76,,
101109,SXRTM08HP,2,2,0,9.76,,
101110,SXRTM08PRCH,3,3,0,9.76,,
101111,RSRS,3,3,0,15.33,,
101112,RTT3600,0,0,0,8.95,,
101113,RTT3600OF,11,11,0,8.95,,
101114,RTT3700,0,0,0,11.19,,
101115,RTT3700D,3,3,0,14.90,,
101116,RTT3700DO,4,4,0,14.90,,
101119,KSJ120UVGSZ,2,2,0,10.93,,
101123,KSJ170UVGSZ,2,2,0,11.82,,
101125,KSJ220SPZ,1,1,0,12.45,,
101126,KSJ220UVCGZ,3,3,0,12.45,,
101128,KSJ220UVSI,1,1,0,12.45,,
101129,KSJ280SPZ,1,1,0,13.07,,
101130,KSJ280UVCGZ,1,1,0,13.07,,
101131,KSJ280UVGSZ,1,1,0,13.07,,
101132,KSJ280UVSI,3,3,0,13.07,,
101140,KKJ200UVSB,3,3,0,11.41,,
101146,VSJ200BLKPRPL,3,3,0,13.67,,
101147,VSJ200BM,0,0,0,13.67,,
101148,VSJ200SRD,1,1,0,13.67,,
101149,VSJ300BLK,4,4,0,17.55,,
101150,VSJ300BM,2,2,0,17.55,,
101152,"CLASS T-200",0,0,0,30.34,41.90,
101153,"CLASS T-400",0,0,0,111.48,153.70,
101154,SBC-2-DC,0,0,0,48.07,69.30,
101155,MSK-20A,0,0,0,64.55,93.10,
101159,JLC-11,3,2,1,305.04,392.70,
101160,001-266-020-00,0,0,0,212.73,,
101175,B00005302,0,0,0,30.39,51.48,
101176,B00006302,1,0,1,25.99,51.48,
101177,05-01-046,2,1,1,171.80,,
101180,69933,43,28,15,25.35,,
101182,300-114G2-PRO-I,0,0,0,1193.16,,1342.31
101184,300-138-PRO-I,0,0,0,3027.07,,3405.46
101185,301-108ST-PRO-I,0,0,0,1898.20,,2135.48
101186,301-109ST-PRO-I,0,0,0,1898.20,,2135.48
101187,300-112G2-PRO-I,0,0,0,1193.16,,1342.31
101194,X-23BU,3,2,1,48.93,,
101198,MU0225NVC-F,0,0,0,925.00,,
101199,C910-21129,3,1,2,326.25,626.00,
101200,C910-21005,0,0,0,691.76,1706.00,
101201,C910-22001,0,0,0,422.50,896.00,
101215,2022002187,0,0,0,219.66,,
101216,2021013744,9,5,4,219.66,,
101217,2022002186,4,2,2,219.66,,
101218,2022002189,2,1,1,219.66,,
101223,X-23BB,8,4,4,48.93,,
101224,X-23WW,2,1,1,48.93,,
101226,E2002B,0,0,0,765.91,1162.00,
101227,E2002W,0,0,0,765.91,1162.00,
101228,E2009B,0,0,0,765.91,1162.00,
101229,E2009W,0,0,0,765.91,1162.00,
101230,46-465,0,0,0,88.96,,
101231,46-465-5,4,0,4,39.97,,
101232,46-475,2,0,2,144.03,,
101233,46-475-5,2,0,2,59.80,,
101240,5058-12-00015,2,2,0,36.25,,
101241,5058-12-00025,1,1,0,41.80,,
101242,5058-16-00015,6,0,6,41.80,,
101243,5058-16-00025,1,1,0,54.15,,
101244,5058-16-00035,0,0,0,67.45,,
101251,5058-20-00015,6,6,0,48.45,,
101252,5058-20-00025,1,1,0,72.20,,
101253,5058-20-00035,0,0,0,95.00,,
101254,5058-24-00025,5,5,0,103.55,,
101255,5058-24-00035,0,0,0,126.35,,
101259,SL26-50-1,21,21,0,20.14,,
101260,411850-1,3,3,0,250.01,,
101261,411830-1,5,2,3,1064.18,,
101262,740222-1,0,0,0,1435.61,,1699.99
101264,740224-1,0,0,0,143.94,,
101265,720120-1,5,2,3,35.00,,
101266,T10-4000-1,0,0,0,388.97,,529.99
101275,BP297,0,0,0,27.04,,
101278,CANVWRC,0,0,0,439.23,,
101279,5253-4,21,9,12,45.04,,
101280,5640-4,21,8,13,27.96,,
101281,5643-4,4,1,3,30.05,,
101282,5644-4,4,2,2,31.64,,
101288,5650-4,34,10,24,34.74,,
101289,5653-4,5,2,3,35.51,,
101290,5654-4,7,4,3,37.96,,
101291,5660-4,8,3,5,42.70,,
101292,5663-4,10,2,8,45.54,,
101293,5664-4,10,4,6,44.30,,
101295,SS75C-12-H-9N,0,0,0,670.99,869.00,
101298,A80709,0,0,0,76.69,,
101299,A80753,2,2,0,93.74,,
101300,A80754,0,0,0,140.61,,
101301,A80710,1,0,1,41.66,,
101302,A80747,0,0,0,72.43,,
101303,A80711,0,0,0,124.99,,
101304,A80712,1,1,0,224.99,,
101305,A80713,0,0,0,166.66,,
101306,A80714,0,0,0,179.16,,
101307,A80715,0,0,0,270.82,,
101308,A80716,0,0,0,216.66,,
101309,91780,3,3,0,289.64,,
101310,91810,4,4,0,275.19,,
101311,R70529,0,0,0,85.22,,
101312,010-02613-00,8,4,4,262.49,,
101313,010-02612-00,8,4,4,262.49,,
101314,010-13142-00,0,0,0,29.99,,
101315,010-11425-15,0,0,0,26.24,,
101316,010-12528-11,50,33,17,18.75,,
101317,010-12528-30,37,13,24,29.99,,
101318,010-12528-31,22,13,9,44.99,,
101319,010-12528-12,0,0,0,337.49,,
101320,010-12528-20,12,6,6,41.24,,
101321,010-12531-02,14,4,10,26.24,,
101322,010-13210-00,0,0,0,37.49,,
101323,010-13210-01,1,0,1,33.75,,
101324,010-13210-02,0,0,0,44.99,,
101325,010-13210-03,0,0,0,33.75,,
101326,010-13209-00,0,0,0,112.49,,
101327,010-13209-01,0,0,0,119.99,,
101328,010-13209-02,0,0,0,134.99,,
101329,010-13209-03,0,0,0,142.49,,
101330,010-12390-12,1,0,1,18.75,,
101331,010-12390-13,1,1,0,18.75,,
101332,010-12390-22,8,2,6,63.75,,
101333,010-12390-14,2,0,2,18.75,,
101338,68880,4,2,2,89.99,,
101341,958340021,1,0,1,97.82,,
101342,WM1984B,0,0,0,70.81,,
101343,91805,4,4,0,216.97,,
101345,T10-4000-3,4,2,2,450.77,,579.99
101346,T10-4000-4,5,2,3,453.27,,579.99
101347,T10-4000-5,0,0,0,434.50,,579.99
101348,T10-4000-6,0,0,0,438.00,,579.99
101349,T10-4000-16,6,2,4,431.65,,579.99
101350,T10-4000-17,6,4,2,454.36,,579.99
101351,T10-4000-18,3,1,2,457.55,,579.99
101352,T10-4000-19,2,1,1,460.06,,579.99
101353,T10-4000-7,0,0,0,73.62,,
101354,T10-4000-8,0,0,0,49.00,,
101355,T10-4000-9,4,2,2,51.18,,
101356,T10-4000-15,0,0,0,69.18,,
101358,T10-4000-11,0,0,0,51.79,,
101359,T10-4000-12,0,0,0,58.54,,
101360,T10-4000-13,0,0,0,69.28,,
101361,T10-4000-14,0,0,0,75.44,,
101364,B820-0302,4,4,0,18.75,36.00,
101365,B820-23275,2,2,0,8.75,15.00,
101367,IRID-GO-EXEC,0,0,0,2016.13,,
101368,IRID-GO-EXEC-INST-K,0,0,0,727.99,,
101371,MCBK634B.64,9,8,1,133.09,219.99,
101373,MCK500WB.6,1,1,0,96.73,164.99,
101377,MG150W.6,6,2,4,120.93,189.99,
101378,MG250W.64,6,4,2,185.47,299.99,
101380,MGR250B,7,1,6,104.79,164.99,
101382,UTV4BRGB,4,2,2,112.87,219.99,
101390,29427,8,4,4,34.99,,
101391,29428,4,0,4,39.99,,
101399,45144,2,2,0,69.99,,
101401,40246,1,0,1,24.99,,
101405,40061,2,1,1,2.99,,
101407,40067,1,1,0,6.99,,
101408,40080,3,2,1,9.99,,
101409,42178,1,0,1,17.99,,
101411,40082,2,1,1,12.99,,
101417,45554,2,2,0,34.99,,
101420,0800017331,9,4,5,51.21,,
101427,9630,7,5,2,45.41,,
101428,816,2,1,1,61.84,,
101435,45148,1,0,1,22.99,,
101443,40084,1,1,0,14.99,,
101446,18320,2,0,2,89.99,,
101448,101832,20,6,14,149.92,,243.99
101450,101833,6,3,3,157.34,,256.19
101453,83015,1,0,1,6.99,,
101454,1715,23,4,19,8.83,,14.98
101455,2431,5,3,2,15.18,,22.98
101456,2432,3,3,0,15.18,,22.98
101458,2451,22,4,18,16.20,,24.98
101459,2452,0,0,0,16.20,,24.98
101465,23209,2,0,2,7.99,,
101466,115,8,5,3,33.74,,48.98
101467,116,11,10,1,39.36,,58.98
101481,17721,12,9,3,13.83,,
101496,40001,5,2,3,2.99,,
101498,40003,9,5,4,3.49,,
101501,23024,8,3,5,7.99,,
101502,23517,10,5,5,12.99,,
101503,23518,3,3,0,9.99,,
101505,23520,6,1,5,6.99,,
101506,23210,8,3,5,7.99,,
101507,57041,5,0,5,3.99,,
101510,57261,9,4,5,2.99,,
101512,58145,6,0,6,2.99,,
101515,58381,2,2,0,2.99,,
101516,28512-24V,0,0,0,38.01,,
101522,0625DP0STS,0,0,0,84.22,,
101523,0626DP0STS,2,0,2,145.37,,
101524,0647DP0CHR,3,1,2,81.12,,
101525,0648DP0CHR,0,0,0,148.83,,
101526,IRID-AC-CHGR,0,0,0,81.72,,
101527,IRID-DC-0901,0,0,0,45.56,,
101528,IRID-INT-PLUG,0,0,0,29.35,,
101529,1659DP0ALU,0,0,0,51.72,,
101530,1665DP6ALU,8,5,3,100.24,,
101531,1670DP0ALU,7,1,6,55.21,,
101532,1670DP2ALU,7,4,3,58.63,,
101534,1672DP0ALU,10,5,5,58.62,,
101535,0904DP0STS,0,0,0,59.22,,
101536,0945DP0STS,0,0,0,36.22,,
101540,CA-SS15-LGR,3,1,2,172.53,,
101541,CA-SS30-LGR,3,2,1,172.53,,
101542,CA-SS00-LGR,8,4,4,172.53,,
101543,CA-SS00-SMF,4,2,2,120.37,,
101544,CA-SS15-SMF,4,2,2,120.37,,
101545,CA-SS30-SMF,4,0,4,120.37,,
101546,CA-SS00-LGF,3,2,1,140.43,,
101547,CA-SS15-LGF,4,2,2,140.43,,
101548,CA-SS30-LGF,5,3,2,140.43,,
101549,CA-SS00-SMR,2,0,2,152.47,,
101550,CA-SS15-SMR,4,2,2,152.47,,
101551,CA-SS30-SMR,4,2,2,152.47,,
101553,IRID-BAT-9555,0,0,0,88.89,,
101554,IRID-BAT-9575,0,0,0,89.13,,
101555,BCA1550-32,0,0,0,1653.94,,
101556,BCA1550W-12,0,0,0,2182.02,,
101557,BCA1550W-24,0,0,0,2182.02,,
101558,BCA1550W-32,0,0,0,2232.04,,
101559,BCA1550W-36,0,0,0,2232.04,,
101560,33111,6,3,3,19.53,,
101561,33112,16,7,9,20.13,,
101562,33114,6,4,2,21.73,,
101563,33116,6,3,3,23.19,,
101564,33118,6,6,0,24.66,,
101565,33120,5,4,1,26.23,,
101566,33122,0,0,0,27.70,,
101567,33124,0,0,0,29.17,,
101568,1363792,8,0,8,3356.54,,3999.99
101571,1363912,11,6,5,3758.74,,
101572,1363913,2,0,2,4262.49,,
101575,WR16/6-FT,10,10,0,2.94,,
101577,F16-0800C-1,0,0,0,85.38,,
101581,MD4041-268-0-202,0,0,0,107.95,,144.99
101582,MD4042-191-0-202,4,2,2,113.07,,159.99
101583,MD4042-268-0-202,8,5,3,113.07,,159.99
101584,MD4042-4-0-202,0,0,0,113.07,,159.99
101586,MD2020-4-0-202,14,11,3,144.99,,199.99
101587,MD2030-191-0-202,12,6,6,134.27,,184.99
101588,MD2030-4-0-202,6,1,5,134.27,,184.99
101589,MD2030CM-261-0-202,10,6,4,134.27,,184.99
101590,MA4041-0-0-101,15,11,4,20.61,,
101591,MA2030-0-0-101,0,0,0,20.61,,
101592,MD3800-191-0-202,1,1,0,105.35,,149.99
101593,MD3800-193-0-202,4,2,2,105.35,,149.99
101594,MD3800-4-0-202,4,0,4,105.35,,149.99
101596,91710,4,4,0,163.70,,
101597,91800,4,4,0,174.04,,
101598,91875,0,0,0,339.77,,
101601,GNT-EVOLUTION-SM-IDP-HW-110ACPWROUT,2,1,1,3749.99,4999.99,
101602,GNT-EVOLUTION-SM-IDP-HW-OB,0,0,0,3749.99,4999.99,
101603,5004,24,12,12,16.03,,
101604,5005,10,6,4,16.03,,
101605,5006,17,3,14,16.03,,
101606,5014,1,0,1,16.03,,
101607,5015,12,5,7,16.03,,
101608,5017,13,4,9,16.03,,
101609,62-542-TR-WT-M,0,0,0,52.44,,
101610,EVO-30AB,0,0,0,90.57,130.80,
101612,010-C1354-30,0,0,0,189.58,,
101613,010-C1307-30,0,0,0,189.58,,
101630,BA2-25WHT,2,1,1,900.24,,
101631,BA2-25WHT-BLK,0,0,0,900.24,,
101632,BA225WHT-GRY,0,0,0,900.24,,
101633,BA2-25GRY-BLK,0,0,0,900.24,,
101634,BA1-25WHT,0,0,0,925.96,,
101635,BA1-25WHT-BLK,0,0,0,925.96,,
101636,BA1-25WHT-GRY,0,0,0,925.96,,
101638,BA1-25GRY-BLK,0,0,0,925.96,,
101640,010-C1459-30,7,3,4,112.49,,
101641,010-C1460-30,0,0,0,112.49,,
101642,010-C1461-30,3,0,3,112.49,,
101643,010-C1462-30,0,0,0,112.49,,
101644,010-C1459-40,5,2,3,187.49,,
101645,010-C1460-40,0,0,0,187.49,,
101646,010-C1461-40,0,0,0,187.49,,
101647,010-C1462-40,0,0,0,187.49,,
101648,6296,1,0,1,190.04,,
101649,6297,3,2,1,181.59,,
101650,3448,1,0,1,319.55,,
101651,3449,3,2,1,169.99,,
101652,3450,2,1,1,244.99,,
101653,3451,3,2,1,569.99,,
101654,3452,0,0,0,211.15,,
101655,3453,3,1,2,197.08,,
101656,3456,2,2,0,209.99,,
101657,6800,3,1,2,816.45,,
101661,T10-424,0,0,0,133.90,,
101662,HF25K,16,6,10,23.02,37.99,
101663,HF50K,7,5,2,30.29,49.99,
101664,HF75K,13,6,7,45.44,74.99,
101665,TZPROUP,0,0,0,795.45,1000.00,
101667,WH100022,0,0,0,26.83,,
101668,A80732,4,2,2,896.73,,
101670,804-1220-10,2,0,2,302.78,,
101671,804-1240-10,15,11,4,383.72,,
101672,804-1260-10,7,3,4,672.17,,
101673,804-2410-10,5,3,2,357.28,,
101674,804-2420-10,1,1,0,454.17,,
101675,804-2430-10,0,0,0,645.71,,
101680,SC-AOB-A2,17,5,12,361.88,,399.00
101681,PL40,0,0,0,7.07,9.99,
101682,PFC,0,0,0,14.64,20.99,
101683,ELC,0,0,0,18.67,27.99,
101684,CPL24,10,10,0,7.77,10.99,
101685,01-0055,6,6,0,10.45,14.99,
101686,BPL36B-H,0,0,0,11.19,15.99,
101687,01-0083,11,11,0,10.41,14.99,
101688,01-0082,15,10,5,10.44,14.99,
101689,AB1,1,0,1,16.67,24.99,
101690,AB3,6,6,0,18.67,27.99,
101691,ACK1,0,0,0,5.23,6.99,
101692,AK1,20,6,14,23.33,34.99,
101693,ZZCK1,7,4,3,6.25,8.99,
101694,01-0010-01B,21,9,12,21.48,,
101696,DK1,11,11,0,13.32,18.99,
101697,DPK,0,0,0,6.97,9.99,
101698,HAND,15,12,3,9.23,12.99,
101699,HANDC,43,19,24,7.15,9.99,
101700,MPC,0,0,0,9.65,13.99,
101701,MPC34,0,0,0,6.67,9.99,
101702,SCUP4,22,1,21,8.92,12.99,
101703,01-0096,178,64,114,114.99,,
101707,RF3-YK,23,11,12,7.33,10.99,
101708,01-9004-LG,27,0,27,22.00,32.99,
101709,01-9004-Y,32,19,13,22.00,32.99,
101710,01-9004-SO,45,13,32,22.00,32.99,
101711,TTAG-SNG,4,4,0,4.67,5.99,
101712,01-0129,26,17,9,23.33,34.99,
101713,TQL1,0,0,0,9.39,12.99,
101714,TDSTP1,23,11,12,11.05,13.99,
101715,ABB,14,4,10,11.41,12.99,
101716,PK1,1,1,0,11.05,15.99,
101717,DRIPK,24,24,0,3.33,4.99,
101722,91315,4,4,0,141.14,,
101723,98330,0,0,0,268.31,,
101724,98405,0,0,0,461.89,,
101741,PTS-0-1.5PSI-02,12,4,8,260.16,,
101743,628009-001,3,0,3,6966.29,,
101744,628019-001,0,0,0,6966.29,,
101745,628002-001,0,0,0,9887.64,,
101746,628004-001,0,0,0,14666.67,,
101747,358-101-10,7,0,7,129.99,,
101752,15600,2,1,1,531.25,,
101753,15610,1,0,1,284.99,,
101754,15630,2,0,2,274.99,,
101772,UC215-I,0,0,0,504.81,,
101775,C910-23704,0,0,0,343.75,716.00,
101776,C910-23705,0,0,0,343.75,716.00,
101777,9059-1113-1,23,0,23,51.00,70.00,
101778,9059-2113-1,23,0,23,51.00,70.00,
101779,9059-2123-1,6,0,6,51.00,70.00,
101780,9059-3113-1,23,0,23,51.00,70.00,
101781,9059-3114-1,23,0,23,50.99,70.00,
101787,104530SDP,0,0,0,28.91,,
101793,010-02803-80,5,1,4,749.99,,
101795,B00042502,3,1,2,174.99,336.15,
101799,1221R,22,22,0,5.37,,
101801,1223R,22,22,0,5.12,,
101816,72-1048,2,1,1,999.00,,
101817,72-1048-SV5,2,1,1,1196.50,,
101818,72-1048-SV10,2,1,1,1242.70,,
101819,72-1048-SV16,1,0,1,1278.40,,
101820,72-1048-SV24,0,0,0,1349.80,,
101822,110213,1,0,1,285.76,478.99,
101824,37038-2012,138,68,70,128.93,,
101841,010-13352-00,0,0,0,29.99,,
101842,010-13352-01,0,0,0,29.99,,
101843,010-13352-02,0,0,0,187.49,,
101844,010-13353-03,0,0,0,187.49,,
101845,010-02316-20,2,1,1,273.75,,
101846,70200,3,1,2,23.63,29.64,
101847,70305,4,2,2,8.06,10.10,
101848,70205,4,2,2,6.85,8.59,
101849,41356P,6,0,6,52.15,,
101851,BPC900500014,11,5,6,42.03,,51.85
101852,BPC900520014,13,2,11,32.38,,39.95
101853,BPC120134124R,32,15,17,41.54,,52.70
101854,LYN020102010,3,0,3,114.37,,141.10
101855,LYN034170210,12,10,2,868.14,,1071.00
101856,LYN060102010,17,8,9,163.29,,201.45
101857,CIP140325000,5,2,3,52.36,,64.60
101862,RA0458800,13,4,9,0.36,,
101863,69020,0,0,0,285.78,,
101870,016830001,7,5,2,496.20,,
101871,016831001,6,6,0,538.73,,
101872,958140511,2,0,2,297.72,,
101873,958140531,0,0,0,304.81,,
101875,996098501,1,1,0,76.56,,
101877,996098511,1,1,0,94.99,,
101880,6080.45,0,0,0,274.34,,
101883,4265.07K,5,5,0,273.28,,
101884,4265.07,0,0,0,247.09,,
101902,010-C1279-00,0,0,0,262.49,,
101903,010-C1270-00,0,0,0,262.49,,
101904,010-C1271-00,0,0,0,262.49,,
101905,010-C1272-00,0,0,0,262.49,,
101906,010-C1273-00,0,0,0,262.49,,
101907,010-C1274-00,0,0,0,262.49,,
101908,010-C1275-00,0,0,0,262.49,,
101909,010-C1276-00,0,0,0,262.49,,
101913,BE-HA-54380-DP,6,4,2,16.60,,
101916,151600-700-040-23,1,0,1,60.99,,
101917,CM599C-LH,0,0,0,3287.21,4399.00,
101924,9057-1113-1,31,0,31,46.00,63.00,
101925,9057-2113-1,30,0,30,46.00,63.00,
101926,9057-2123-1,26,0,26,46.00,63.00,
101927,9057-3113-1,25,0,25,46.00,63.00,
101928,9057-3114-1,44,0,44,46.00,63.00,
102058,N09411,4,2,2,87.56,104.39,
102059,N09421,6,2,4,126.89,151.20,
102141,DS-LP-16-BLK,22,21,1,30.65,,
102142,DS-LP-16-S,20,10,10,37.13,,
102143,DS-LP-21A-BLK,22,10,12,36.00,,
102144,DS-LP-21A-S,17,11,6,43.03,,
102145,DS-LP-30-BLK,23,7,16,43.59,,
102146,DS-LP-30-S,11,8,3,50.63,,
102147,DS-LP-MULTI-BLK,32,14,18,73.13,,
102148,DS-LP-MULTI-S,11,6,5,92.81,,
102149,"A-1 GREY",0,0,0,37.57,,
102150,DS-LP-21B-BLK,4,2,2,35.78,,
102151,DS-LP-21B-S,23,14,9,43.03,,
102155,SSC-750,2,0,2,98.33,,
102156,SSC-1000,3,1,2,108.33,,
102157,SSC-1250,3,2,1,123.89,,
102158,SSC-1500,3,1,2,139.44,,
102159,SSC-2000,7,4,3,165.56,,
102160,SSC-2500,2,2,0,213.33,,
102161,BSA-750,0,0,0,125.56,,
102162,BSA-1000,0,0,0,135.56,,
102163,BSA-1250,0,0,0,158.33,,
102164,BSA-1500,0,0,0,170.00,,
102165,BSA-2000,1,0,1,368.89,,
102166,BSA-2500,0,0,0,418.33,,
102169,11072,7,4,3,80.28,,
102170,11073,3,1,2,100.35,,
102171,12072,6,3,3,139.51,,
102172,12073,15,7,8,173.07,,
102173,11132,15,9,6,113.03,,
102174,11133,4,2,2,146.83,,
102175,12132,5,3,2,232.11,,
102176,12133,7,2,5,336.25,,
102194,BPC122531124,12,2,10,158.79,,201.45
102196,1519972,0,0,0,6.68,,
102197,1277492,0,0,0,6.00,,
102198,1509673,4,4,0,6.00,,
102200,50-0010-71,5,1,4,100.00,159.99,
102201,50-0014-71,8,5,3,125.00,199.99,
102202,03-4011-11,20,12,8,14.38,20.99,
102203,03-4013-11,17,10,7,18.49,26.99,
102204,03-4149-11,33,26,7,18.49,26.99,
102209,11-4174-11,16,9,7,46.05,69.99,
102212,02-4141-11,15,7,8,24.32,35.99,
102216,KITMD2,6,2,4,133.84,,199.00
102217,02-4142-11,0,0,0,26.35,38.99,
102218,02-4143-11,11,7,4,10.81,15.99,
102219,02-4178-11,20,8,12,23.65,34.99,
102220,02-4179-11,27,13,14,10.27,14.99,
102221,02-4033-11,32,17,15,24.00,35.99,
102223,04-4119-11,11,6,5,60.63,96.99,
102224,02-4132-11,16,8,8,43.51,66.99,
102225,08-0115-11,11,8,3,25.32,38.99,
102235,APT-150-SL-01,8,5,3,323.44,,
102236,SC-SL-01,11,6,5,208.13,,
102237,GOST-MAXLINK,0,0,0,1087.49,,
102238,LD2000,2,2,0,89.67,,
102241,LD4000,0,0,0,43.94,,
102242,LD4002,0,0,0,50.04,,
102244,E70670,9,5,4,779.16,,
102249,5540-020-1503,5,5,0,7.86,,
102250,5540-020-1507,5,5,0,7.86,,
102251,5540-020-2500,3,3,0,7.86,,
102252,5540-020-2501,5,5,0,7.86,,
102253,5540-020-2502,6,6,0,7.86,,
102254,5540-020-2503,0,0,0,7.86,,
102255,5540-030-1503,6,6,0,8.35,,
102256,5540-030-1507,3,3,0,8.35,,
102257,5540-030-2500,5,5,0,8.35,,
102258,5540-030-2501,6,6,0,8.35,,
102259,5540-030-2502,3,3,0,8.35,,
102260,5540-030-2503,0,0,0,8.35,,
102261,5560-030-2506,0,0,0,7.23,,
102262,5560-030-2507,0,0,0,7.23,,
102263,5560-030-2508,5,5,0,7.23,,
102264,5560-030-2509,0,0,0,7.23,,
102265,5560-030-2510,0,0,0,7.23,,
102266,5560-030-2511,6,6,0,7.23,,
102267,5560-000-2506,5,5,0,12.60,,
102268,5560-000-2507,6,6,0,12.60,,
102269,5560-000-2508,3,3,0,12.60,,
102270,5560-000-2509,6,6,0,12.60,,
102271,5560-000-2510,6,6,0,12.60,,
102272,5560-000-2511,3,3,0,12.60,,
102273,5560-001-2506,2,2,0,14.06,,
102274,5560-001-2507,3,3,0,14.06,,
102275,5560-001-2508,3,3,0,14.06,,
102276,5560-001-2509,1,1,0,14.06,,
102277,5560-001-2510,1,1,0,14.06,,
102278,5560-001-2511,5,5,0,14.06,,
102279,5540-040-2503,4,4,0,9.04,,
102280,010-13350-02,13,13,0,112.49,,
102284,GP1692,31,26,5,29.79,,
102286,115-12-20A,6,2,4,1072.82,,
102287,115-12-35CD,8,1,7,1566.63,,
102288,115-12-8,2,2,0,492.24,,
102289,115-24-10,5,2,3,1041.10,,
102290,115-24-18CD,2,2,0,1622.47,,
102291,115-24-35CD,6,4,2,2163.90,,
102292,1-2-120,4,2,2,170.39,,
102293,12-12-35I,0,0,0,1535.85,,
102294,12-12-3I,8,6,2,209.04,,
102295,12-12-6I,2,1,1,291.43,,
102296,2-3-120,5,2,3,392.84,,
102297,1-3-70,1,1,0,164.81,,
102298,1-3-165,2,1,1,291.39,,
102299,2-3-70,2,1,1,219.82,,
102300,24-12-3,2,2,0,139.59,,
102302,32-12-10,0,0,0,414.92,,
102303,32-12-15,0,0,0,464.20,,
102304,32-12-25,1,1,0,648.44,,
102305,32-12-35,2,2,0,888.39,,
102306,32-12-50,4,1,3,978.37,,
102307,ACCY-IBX,2,1,1,120.69,,
102308,ACCY-IX,2,1,1,231.92,,
102309,AC-II,3,2,1,126.22,,
102310,AC-IX,0,0,0,290.29,,
102311,BI-100,3,1,2,190.89,,
102312,BI-200,0,0,0,322.44,,
102313,GI-30-FS,4,2,2,211.86,,
102314,GI-60-FS,0,0,0,278.52,,
102315,NP-12,2,0,2,564.63,,
102316,NP-24,1,0,1,610.38,,
102317,NGX-1-ISO,26,12,14,234.74,,
102318,NGX-1-USB,15,8,7,250.75,,
102320,NS-12-20,4,3,1,232.45,,
102321,PA30/20,5,2,3,56.01,,
102322,PA40/30,6,4,2,81.25,,
102323,PA60/40,5,2,3,254.79,,
102324,POWER-PAC14AH,0,0,0,815.83,,
102325,POWER-PAC7AH,6,3,3,684.61,,
102326,PT-7,2,1,1,280.59,,
102327,PT-14W,2,0,2,599.87,,
102328,PT-24-13W,6,1,5,673.00,,
102329,PT-24-20U,13,8,5,1053.53,,
102330,PT-24-45U,5,4,1,1724.64,,
102331,PT-24-60W,0,0,0,2399.51,,
102332,PT-24-8W,0,0,0,708.98,,
102333,PT-24-95U,3,1,2,2699.44,,
102334,PT-25W,2,0,2,674.86,,
102335,PT-40U,18,15,3,1098.52,,
102336,PT-80,4,0,4,1822.13,,
102341,BX-1,6,2,4,48.11,,
102342,BX-2,6,3,3,51.15,,
102343,BX-3,3,1,2,80.46,,
102344,GS-2-100,0,0,0,925.69,,
102345,GS-2-25,2,0,2,244.28,,
102346,GS-2-50,2,2,0,468.62,,
102347,PC-10,6,4,2,78.89,,
102348,PC-25,0,0,0,116.75,,
102350,S51100,17,13,4,50.00,,
102352,S51102,8,8,0,44.99,,
102354,S51104,28,14,14,44.99,,
102356,S51106,21,10,11,44.99,,
102358,S51108,28,14,14,44.99,,
102360,S51200,27,13,14,14.99,,
102361,S51202,18,9,9,14.99,,
102362,S51204,27,15,12,14.99,,
102363,S51206,30,15,15,14.99,,
102364,S51208,26,15,11,14.99,,
102365,S51390,19,10,9,15.99,,
102366,958126201,4,2,2,18.43,,
102373,SCM-LC-N2K-PLUS-V2,0,0,0,608.05,,749.00
102381,100-5194,7,7,0,227.93,,299.99
102386,100-4807,0,0,0,480.00,,599.99
102388,DS-HD10,15,6,9,29.25,,
102389,DS-HD6,42,18,24,22.78,,
102390,DS-H-MULTI-BLK,28,11,17,38.53,,
102391,PTM-R1-SL,0,0,0,1681.88,,
102393,PTM-R2-SL,0,0,0,1681.88,,
102397,ST30-60-5,0,0,0,21.70,,
102398,S00-02027-00,0,0,0,3.75,,
102399,010-12864-08,0,0,0,199.99,,
102403,SC-CW-12F,9,3,6,120.10,,
102404,SC-CW-1GT,22,19,3,64.98,,
102405,SC-CW-2GT,16,13,3,64.98,,
102406,SC-CW-6GT,4,2,2,91.08,,
102407,SC-CW-7GT,22,11,11,62.95,,
102408,SC-CW-9GT,16,4,12,93.66,,
102409,SC-USB-F4,19,6,13,37.96,,
102412,APS-70,5,2,3,132.53,,
102413,APS-160,3,3,0,362.87,,
102414,PX-1,8,5,3,36.29,,
102415,PX-2,13,9,4,44.17,,
102416,PX-3,9,5,4,56.01,,
102417,CCX-R,3,3,0,59.17,,
102418,CCX-S,0,0,0,49.70,,
102419,CCX-T,8,7,1,50.48,,
102420,BB-2,3,2,1,49.70,,
102421,BB-2/8,1,1,0,82.04,,
102422,BB-5,2,0,2,92.30,,
102423,BB-8,3,1,2,123.06,,
102424,BPP900451100,0,0,0,201.19,,248.20
102425,"SS SWITCH15",3,2,1,368.38,,
102426,"SS SWITCH3",7,6,1,120.84,,
102427,"SS SWITCH7.5",4,2,2,174.95,,
102428,"SS SWITCH7.5INV",5,2,3,230.21,,
102429,SCREEN-25,0,0,0,695.10,,
102431,CG0225NVC-F,0,0,0,868.75,,
102440,CG0175NVC-F,0,0,0,737.50,,
102446,010-02868-00,2,1,1,599.99,,
102447,010-02868-01,2,1,1,599.99,,
102448,010-02868-02,3,1,2,599.99,,
102450,010-13350-00,22,18,4,33.75,,
102452,010-02277-10,1,0,1,674.99,,
102453,010-12832-23,0,0,0,67.49,,
102454,020-00301-00,0,0,0,59.99,,
102455,010-12832-26,5,3,2,37.49,,
102456,010-12832-41,7,1,6,37.49,,
102457,010-12832-42,7,1,6,37.49,,
102458,010-12832-40,7,3,4,67.49,,
102459,010-12832-19,0,0,0,22.49,,
102460,ERC-12-15,2,2,0,149.09,,
102461,ERC-12-35,5,3,2,221.66,,
102462,0834008PLB,4,0,4,358.53,,
102463,ES-1,2,1,1,1311.48,,
102464,ES-7D,3,2,1,668.31,,
102488,BMBS700,46,17,29,407.99,,499.00
102489,BSEC6M,6,6,0,30.00,,40.00
102490,FWBH-WH-S/M,2,2,0,70.63,,
102491,FWBH-WH-L/XL,3,2,1,70.63,,
102495,TDT04F-2RP,11,11,0,3.08,,
102496,TDT04F-3RP,22,12,10,4.08,,
102497,TDT04F-4RP,23,15,8,4.89,,
102498,TDT04F-6RP,13,8,5,6.69,,
102499,TDT04F-8RP,11,5,6,9.18,,
102500,TDT04F-12RP,8,4,4,10.99,,
102501,TDT06F-2RS,10,9,1,3.99,,
102502,TDT06F-3RS,17,10,7,6.64,,
102503,TDT06F-4RS,15,6,9,6.32,,
102504,TDT06F-6RS,9,5,4,10.11,,
102505,TDT06F-8RS,9,5,4,11.36,,
102506,TDT06F-12RS,11,4,7,14.00,,
102510,ZDIGISSPK2,3,2,1,1168.71,,
102511,T14DT-P-25,16,0,16,9.58,,
102512,T14DT-S-25,8,6,2,12.67,,
102513,RS-1005-HV-M,4,4,0,735.00,,
102517,PTS-0-3PSI-02,4,0,4,273.48,,
102518,SEA2322,5,4,1,146.71,,
102519,SEA2323,7,2,5,160.24,,
102520,SEA2324,6,2,4,161.71,,
102521,SEA2325,8,8,0,166.46,,
102522,101849,3,0,3,158.29,,249.99
102524,101839,5,1,4,158.29,,249.99
102526,010-12832-21,0,0,0,59.99,,
102535,CB101D600CW,0,0,0,179.35,,
102536,BT70L300-00,0,0,0,423.26,,
102537,BT70L300-12,0,0,0,423.26,,
102538,BT70L300-18,0,0,0,423.26,,
102539,BT70MB300-00,0,0,0,279.78,,
102540,BT70MB300-12,0,0,0,279.78,,
102541,BT70MB300-18,0,0,0,279.78,,
102542,BT70MA600-00,0,0,0,442.83,,
102543,BT70MA600-12,2,1,1,429.99,,
102544,BT70MA600-18,2,1,1,429.99,,
102545,BT70H600-00,0,0,0,442.83,,
102546,BT70H600-12,2,1,1,429.99,,
102547,BT70H600-18,2,1,1,429.99,,
102548,BT70D600CW-00,0,0,0,192.39,,
102549,BT70D600CW-12,0,0,0,192.39,,
102550,BT70D600CW-18,0,0,0,192.39,,
102551,BT87M1KW-00,0,0,0,762.39,,
102552,BT87M1KW-12,0,0,0,762.39,,
102553,BT87M1KW-18,2,1,1,739.99,,
102554,BT87H1KW-00,0,0,0,645.00,,
102555,BT87H1KW-12,0,0,0,645.00,,
102556,BT87H1KW-18,0,0,0,645.00,,
102557,CBCCMS0501,3,1,2,37.50,,
102558,CBCCMS0503,2,2,0,37.50,,
102559,CBCCMS0502,1,1,0,37.50,,
102560,6313,14,10,4,302.06,,395.00
102561,38045-3092RSP,10,4,6,685.15,,
102562,38045-3094RSP,1,1,0,685.15,,
102563,38245-3092RSP,7,1,6,685.15,,
102564,38245-3094RSP,3,2,1,685.15,,
102565,53676C,40,19,21,79.40,179.99,
102566,53677C,31,19,12,79.40,179.99,
102567,53678C,68,38,30,79.40,179.99,
102568,53686C,3,1,2,132.76,209.99,
102569,53687C,4,4,0,132.76,209.99,
102570,53688C,2,2,0,110.63,209.99,
102571,53686S,3,2,1,159.79,229.99,
102572,53687S,8,4,4,133.16,229.99,
102575,536700,0,0,0,55.95,99.99,
102576,536710,4,0,4,55.95,99.99,
102577,536720,0,0,0,55.95,99.99,
102578,536700C,1,0,1,63.43,107.99,
102579,536710C,0,0,0,63.43,107.99,
102580,536720C,0,0,0,63.43,107.99,
102581,536800C,0,0,0,106.47,164.99,
102582,536820C,0,0,0,106.47,164.99,
102585,CTR-3-DATA,0,0,0,1732.21,,
102586,CTR-4-DATA,0,0,0,904.53,,
102589,333-93500,4,3,1,83.57,,
102590,013201,0,0,0,312.50,475.00,
102591,013202,0,0,0,35.23,53.00,
102592,013203,0,0,0,50.00,76.00,
102593,013204,1,1,0,225.00,342.00,
102594,013205,0,0,0,165.91,251.00,
102595,011045,0,0,0,35.00,,
102596,011046,0,0,0,46.00,,
102597,011047,0,0,0,70.00,,
102598,011048,0,0,0,90.00,,
102599,011049,0,0,0,110.00,,
102602,SCM-CLX-RGBW-SS,3,1,2,29.95,,39.95
102603,SCM-CLS-RGBW-SS,5,2,3,59.38,,79.00
102604,SCM-CL10-RGBW-SS,5,2,3,56.00,,72.00
102605,SC2-CC-BZSM,7,4,3,163.53,,264.00
102606,SC2-BB-BZSM,0,0,0,145.12,,229.00
102607,SC2-GW-BZSM,0,0,0,145.12,,229.00
102608,SC2-CC-CSM,0,0,0,160.98,,249.00
102609,SC2-BB-CSM,0,0,0,136.59,,216.00
102610,SC2-GW-CSM,0,0,0,136.59,,216.00
102613,FBV-2500,0,0,0,313.89,,
102614,ZDIGNMD2,5,4,1,743.71,,
102619,UP39R,4,2,2,742.25,,
102621,11828-1,0,0,0,14.56,,
102626,10-13626-01,10,0,10,24.75,,
102627,10-13626-05,5,5,0,32.00,,
102628,10-13635-01,0,0,0,53.50,,
102629,10-13636-01,0,0,0,66.88,,
102630,10-13637-01,5,0,5,45.00,,
102631,10-13637-02,0,0,0,69.55,,
102632,10-13626-03,11,10,1,46.00,,
102633,10-13626-07,8,4,4,64.20,,
102634,10-13642-01,0,0,0,46.81,,
102635,10-13643-01,14,2,12,50.83,,
102636,10-13649-01,4,4,0,37.99,,
102637,10-13650-01,7,0,7,50.83,,
102638,09-36336-01,1,0,1,17.00,,
102639,09-36336-06,0,0,0,35.94,,
102640,09-36336-04,18,12,6,34.99,,
102641,09-36336-10,11,6,5,41.00,,
102642,SVS-760CF+,0,0,0,923.30,,
102643,SVS-880CF+,0,0,0,1077.30,,
102644,SVS-760C+,0,0,0,769.30,,
102645,SVS-880C+,0,0,0,923.30,,
102646,SVS-880CE+,1,0,1,859.99,,
102647,SVS-880CFE+,0,0,0,1154.30,,
102653,010-C1466-30,8,8,0,112.49,,
102654,010-C1467-30,0,0,0,112.49,,
102655,010-C1466-40,13,13,0,187.49,,
102656,010-C1467-40,0,0,0,187.49,,
102659,81205105,7,2,5,454.27,,
102660,81205205,4,1,3,454.27,,
102661,81205305,7,4,3,454.27,,
102662,81205405,4,2,2,454.27,,
102663,S-845,33,24,9,9.71,,17.00
102666,010-C1451-20,1,1,0,112.49,,
102667,010-C1451-00,3,0,3,187.49,,
102668,010-C1452-20,0,0,0,112.49,,
102669,010-C1452-00,0,0,0,187.49,,
102670,010-C1453-20,8,0,8,112.49,,
102671,010-C1453-00,3,0,3,187.49,,
102672,010-C1454-20,0,0,0,112.49,,
102673,010-C1454-00,0,0,0,187.49,,
102675,7385BN#8/0B,0,0,0,18.66,,
102676,7385BN#9/0B,0,0,0,22.17,,
102677,19-1240-02,7,3,4,262.50,,
102682,010-C1484-20,1,1,0,112.49,,
102683,010-C1484-00,0,0,0,187.49,,
102684,010-C1485-20,0,0,0,112.49,,
102685,010-C1485-00,3,3,0,187.49,,
102686,162-0386,2,0,2,32.66,,
102687,162-0126,2,0,2,42.71,,
102688,162-0586,3,1,2,45.77,,
102689,162-0346,2,0,2,61.49,,
102691,144-0346,2,0,2,67.71,,
102709,60451,6,2,4,11.91,15.20,
102710,60452,7,3,4,14.05,16.49,
102711,60453,8,2,6,21.07,24.90,
102717,491034-1,0,0,0,43.32,,
102718,491036-1,0,0,0,61.89,,
102721,445097-1,7,7,0,5.59,,
102722,445197-1,20,13,7,6.26,,
102724,563311-1,2,2,0,4.41,,
102725,431050-3,2,0,2,68.79,,
102730,33-541-01,0,0,0,239.58,301.35,
102731,904113,1,1,0,139.00,232.99,
102739,200-014G2-PRO-I,0,0,0,900.05,,1012.56
102740,201-013-PRO,0,0,0,584.40,,657.45
102741,200-014G2-PRO,0,0,0,584.40,,657.45
102744,TFRL24-6MM-25,3,3,0,2.99,,
102745,TFRL22-6MM-25,7,3,4,2.99,,
102746,TFRL20-6MM-25,1,1,0,2.81,,
102747,TFRL18-6MM-25,1,1,0,2.81,,
102748,TFRL16-8MM-25,1,1,0,3.80,,
102749,TFRL14-8MM-25,0,0,0,2.14,,
102750,TFRL12-10MM-25,0,0,0,3.00,,
102751,TFRL10-12MM-25,14,4,10,4.27,,
102752,TFRL8-12MM-10,11,5,6,4.27,,
102753,TFRL6-12MM-10,9,6,3,2.90,,
102754,TFRL4-16MM-10,11,5,6,4.41,,
102756,TFRL2-16MM-10,2,1,1,7.71,,
102779,WUL16BR-9-1000,0,0,0,135.60,,
102781,22484,9,2,7,5.51,,
102785,000-13760-001,0,0,0,80.33,,
102786,151800-200-040-23,0,0,0,183.92,,
102787,151800-200-050-23,0,0,0,183.92,,
102788,151800-200-060-23,0,0,0,183.92,,
102789,151800-200-070-23,0,0,0,183.92,,
102790,151400-200-030-23,3,0,3,52.00,,
102791,151600-700-060-23,0,0,0,73.77,,
102792,151000-200-040-24,0,0,0,84.68,,
102793,151000-200-050-24,4,0,4,84.68,,
102794,151000-200-060-24,4,0,4,84.68,,
102795,151000-200-020-24,0,0,0,84.68,,
102798,T70590,12,6,6,4208.31,,
102799,22733,6,0,6,16.13,,
102800,22743,3,3,0,8.41,,
102801,22753,6,3,3,21.49,,
102802,E150-12-5,8,2,6,19.27,,
102803,E200-12-5,16,5,11,18.51,,
102810,SDTG2400302,4,2,2,841.27,,1037.85
102820,010-02407-10,0,0,0,862.49,,
102822,BDBSS,0,0,0,88.91,131.40,
102823,BDBPW,1,1,0,68.21,100.80,
102824,KSJCOAX,17,8,9,12.79,18.90,
102825,KSJUSBC,7,7,0,12.79,18.90,
102826,KSJUSB,11,11,0,12.79,18.90,
102827,KSJHDMI,4,4,0,12.79,18.90,
102828,KSJETH,16,4,12,12.79,18.90,
102834,43410700945,0,0,0,940.69,1105.64,
102835,43410701545,0,0,0,1298.81,1526.56,
102836,43410702545,0,0,0,1900.94,2234.27,
102837,43410704545,0,0,0,3345.29,3931.89,
102838,43410707045,0,0,0,5765.69,6776.71,
102839,43230000940,0,0,0,440.75,485.65,
102840,43230001540,0,0,0,477.77,526.45,
102841,43230002540,0,0,0,540.91,635.76,
102842,43230004540,0,0,0,727.79,855.40,
102843,43230007040,0,0,0,1674.90,1968.60,
102844,43354320153,0,0,0,78.37,86.36,
102845,43354320253,0,0,0,97.65,107.61,
102846,43354320453,0,0,0,149.61,164.86,
102847,43354320543,0,0,0,231.53,255.13,
102848,25200010051,0,0,0,42.00,46.28,
102849,25200010112,0,0,0,38.45,42.37,
102851,25200010055,0,0,0,70.77,77.99,
102859,T01110,0,0,0,10.60,11.12,
102860,T01111,0,0,0,14.81,15.62,
102867,PMP121500100,8,5,3,250.11,,308.55
102871,PUMPOCT10-12,0,0,0,404.49,,
102876,41030,8,8,0,381.91,668.33,
102879,0140-1198,5,0,5,14.99,,
102880,SG1982B,14,7,7,82.98,,
102882,19-1240-01,9,3,6,61.76,,
102883,72-1056-01,2,1,1,1179.99,,
102888,010-11203-10,2,1,1,224.99,,
102899,FVSGEL185L05A00,1,1,0,45.52,,
102900,FVSGANBTQ18AA00,0,0,0,72.83,,
102904,523101,19,19,0,14.13,,
102909,B00171101,2,2,0,235.45,398.88,
102913,81203205,2,2,0,490.60,,
102914,44636,2,2,0,4.75,,
102915,53246,14,0,14,19.85,,
102916,22999,7,3,4,14.89,,
102917,40325,7,7,0,5.48,,
102918,53097,7,1,6,13.46,,
102919,48473,0,0,0,47.96,,
102920,44105,0,0,0,6.97,,
102928,784-9115S-01,0,0,0,381.34,,
102939,CLMD16,0,0,0,1110.57,,
102940,SEA-HDM,123,43,80,939.76,,1099.00
102941,010-12989-03,0,0,0,26.24,,
102943,010-01628-02,9,9,0,160.99,,
102944,VMCRCA6,15,4,11,11.56,,
102945,VMCRCA12,2,0,2,15.56,,
102952,ASS030140030,3,1,2,48.23,,59.50
102959,7461321FGK-CFN,8,5,3,871.07,,
102968,"PROTECH 2.1T",2,0,2,1221.68,,
102971,0200MABW01,3,2,1,188.48,,
102976,170010,5,1,4,130.54,,
102977,170025,3,1,2,299.21,,
102987,SCM-EAGLE-RAY-WH,3,2,1,1198.99,,1799.00
102988,SCM-EAGLE-RAY-BK,0,0,0,1198.99,,1799.00
102995,MCU006,0,0,0,420.67,,
102996,010-13350-01,36,27,9,63.75,,
102997,200-012G2-PRO,0,0,0,584.40,,657.45
103000,9057-3114-4,54,0,54,54.00,69.00,
103002,740239-1,2,2,0,148.79,,
103007,ORI241210260,9,8,1,36.52,,45.05
103008,ORI241205200R,4,2,2,12.40,,15.30
103024,47806,11,11,0,33.09,,
103025,43633,5,2,3,22.05,,
103026,39390,6,4,2,36.21,,
103032,B75C-12-HW-MM,2,1,1,657.06,864.00,
103033,B75C-20-HW-MM,2,1,1,657.06,864.00,
103035,53673A,26,9,17,17.76,,
103036,53683A,20,7,13,24.07,,
103037,53670CA,20,10,10,55.96,107.99,
103038,53672CA,18,10,8,60.22,107.99,
103040,RLS-508-405,9,5,4,101.56,,
103053,784-9115-01,0,0,0,381.34,,
103056,RTME12D,1,1,0,284.99,,
103057,2210024,4,1,3,265.63,,
103058,STC548W,6,5,1,221.88,,
103059,872021,10,4,6,156.25,,
103060,221012,6,2,4,137.50,,
103061,R109C-LHW,0,0,0,3144.29,4199.00,
103062,FVSGEL140R05A00,0,0,0,44.23,,
103065,HM15H300PXS,0,0,0,962.26,,
103066,HM15H300P12X,0,0,0,690.53,,
103069,9057-3113-4,25,0,25,54.00,69.00,
103070,69000338,1,1,0,353.14,,
103071,HM15H150PX,4,3,1,352.21,,
103072,HM15H300PX,0,0,0,926.03,,
103073,HM20H300PX,0,0,0,606.95,,
103074,9057-2123-4,26,0,26,54.00,69.00,
103075,HM15H200PX,0,0,0,621.04,,
103076,9057-2113-4,30,0,30,54.00,69.00,
103077,9057-1113-4,31,0,31,54.00,69.00,
103082,FS3000BC,8,4,4,282.94,,349.99
103084,PPEL38BB,0,0,0,637.93,,699.99
103088,FS4000P,3,2,1,402.16,,449.99
103090,WUL10WH-20,3,1,2,10.99,,
103091,WUL10GY-20,2,0,2,10.99,,
103092,WUL10VI-20,0,0,0,10.99,,
103093,WUL10BL-20,0,0,0,10.99,,
103094,WUL10GN-20,1,0,1,10.99,,
103095,WUL10YL-20,4,2,2,10.99,,
103096,WUL10OR-20,0,0,0,10.99,,
103097,WUL10RD-20,2,2,0,10.99,,
103098,WUL10BR-20,4,2,2,10.99,,
103099,WUL10BK-20,1,1,0,10.99,,
103103,010-12982-10,0,0,0,79.99,,
103104,7210,9,5,4,172.06,,225.00
103105,30-442-P-WT,21,17,4,43.45,,
103106,30-442-P-BL,16,6,10,43.45,,
103109,RH-4646,7,3,4,19.03,,
103110,5009W4,15,6,9,20.58,,
103113,12772-2,5,3,2,7.26,,
103114,12773-2,14,7,7,10.26,,
103118,"580-0200-7 B1",2,2,0,141.44,,
103120,5060-3,12,3,9,7.96,,
103124,5071-3,0,0,0,4.42,,
103125,5072-7,0,0,0,4.42,,
103126,5074-3,0,0,0,7.42,,
103128,017461001,5,4,1,130.43,,
103129,017461011,0,0,0,130.43,,
103130,8315-4,4,2,2,31.20,,
103132,PIN122510510,0,0,0,76.48,,94.35
103133,PIN122510500,4,2,2,70.28,,86.70
103134,PIN123750510,9,4,5,93.01,,114.75
103135,PIN121800510,5,2,3,190.16,,234.60
103141,SXV300M1-6,4,2,2,418.43,,
103142,010-02251-10,10,4,6,97.49,,
103143,710306-1,2,0,2,174.25,,
103145,SS6X9BLU,1,0,1,681.94,,899.00
103150,SS8X12GRY,1,0,1,1033.33,,1299.00
103151,SS8X12BLU,2,0,2,1033.33,,1299.00
103152,SS8X12BLK,4,0,4,1033.33,,1299.00
103153,SS8X12SFM,2,0,2,1033.33,,1299.00
103155,SS8X12WHT,3,0,3,1033.33,,1299.00
103158,400-405,0,0,0,125.12,,140.76
103174,FVSGANBTQ14AA00,0,0,0,40.89,,
103176,FVSGANBTQ25AA00,0,0,0,72.83,,
103177,FASP3432X02CA00,0,0,0,55.08,,
103178,FNTCD2042000C00,0,0,0,323.80,,
103180,FPHRC1004000C00,5,3,2,187.77,,
103181,FPHRC1004L00D00,2,2,0,250.36,,
103182,FASP2492X12CD00,0,0,0,118.51,,
103184,017461101,0,0,0,131.85,,
103207,101873,8,3,5,183.07,,287.09
103220,202V8001,0,0,0,552.76,,
103224,42520,4,2,2,289.99,,
103225,2184,28,8,20,39.53,59.95,
103238,41511,7,3,4,11.97,,
103239,ASS030700000,3,0,3,8.27,,10.20
103241,AR003,3,1,2,37.99,,
103243,R001,3,1,2,54.99,,
103244,IG017,4,2,2,94.99,,
103245,IG019,3,2,1,284.99,,
103246,IG021,2,2,0,47.99,,
103247,IG023,2,2,0,49.20,,
103248,IG024,4,2,2,32.99,,
103249,IG025,4,2,2,89.99,,
103250,IG026,5,3,2,42.16,,
103251,IG027,6,2,4,49.20,,
103252,IG028,4,2,2,44.99,,
103253,IG030,3,2,1,21.99,,
103254,VR001,2,1,1,74.99,,
103255,VR003,2,0,2,54.99,,
103256,VR004,3,1,2,47.99,,
103257,WP006,4,2,2,22.99,,
103258,WP007,4,2,2,20.99,,
103259,WP008,4,2,2,24.99,,
103260,WP011,0,0,0,28.08,,
103261,WP014,0,0,0,27.45,,
103262,WP015,0,0,0,19.00,,
103263,WP016,0,0,0,34.41,,
103264,WP017,0,0,0,42.16,,
103265,WP018,0,0,0,46.45,,
103266,WP019,0,0,0,60.45,,
103271,101-003-FB,2,2,0,398.65,,448.49
103272,101-003-FB-B,0,0,0,398.65,,448.49
103273,101-003-FB-REVERSE,0,0,0,475.99,,535.49
103274,101-005-FB,0,0,0,522.71,,588.05
103275,101-005-FB-B,0,0,0,522.71,,588.05
103276,101-005W-FB,0,0,0,647.51,,728.45
103277,101-005W-FB-B,0,0,0,647.51,,728.45
103278,101-009-FB,0,0,0,592.41,,666.46
103279,101-009-FB-B,0,0,0,592.41,,666.46
103280,101-009W-FB,0,0,0,634.09,,713.35
103281,101-009W-FB-B,0,0,0,634.09,,713.35
103282,201-003-FB,2,0,2,447.67,,503.62
103283,201-003-FB-B,0,0,0,447.67,,503.62
103284,201-003-FB-REVERSE,0,0,0,520.41,,585.47
103285,201-011KL-FB,0,0,0,683.71,,769.17
103286,201-011KL-FB-B,0,0,0,683.71,,769.17
103290,201-012-FB,4,2,2,543.47,,611.40
103291,201-012-FB-B,3,1,2,543.47,,611.40
103294,201-012S-FB,0,0,0,761.83,,857.06
103295,201-012S-FB-B,0,0,0,761.83,,857.06
103296,201-013-FB,3,1,2,541.75,,609.47
103297,201-013-FB-B,0,0,0,541.75,,609.47
103301,LYN060404010,14,3,11,137.80,,170.00
103302,201-014-FB,0,0,0,543.47,,611.40
103303,201-014-FB-B,0,0,0,543.47,,611.40
103306,201-020-FB,0,0,0,592.41,,666.46
103307,201-020-FB-B,0,0,0,592.41,,666.46
103311,201-021-FB,7,4,3,765.11,,860.74
103312,201-021-FB-B,0,0,0,765.11,,860.74
103313,201-030-FB,0,0,0,592.41,,666.46
103314,201-030-FB-B,0,0,0,592.41,,666.46
103315,301-005-FB,4,2,2,406.31,,457.09
103316,301-005-FB-B,4,2,2,406.31,,457.09
103319,301-008-FB,5,2,3,330.31,,371.59
103320,301-008-FB-B,4,2,2,330.31,,371.59
103323,301-009-FB,6,4,2,330.31,,371.59
103324,301-009-FB-B,4,2,2,330.31,,371.59
103328,"201-005-B TB",0,0,0,520.93,,586.04
103330,0333,17,17,0,106.98,,
103332,2650,2,2,0,61.64,,
103333,0164,0,0,0,26.50,,
103334,0165,3,3,0,14.44,,
103335,0161,1,1,0,13.94,,
103336,0166,0,0,0,10.30,,
103341,0160,0,0,0,38.68,,
103342,0171,0,0,0,21.75,,
103343,18410,1,0,1,129.99,,
103344,0175,3,3,0,23.38,,
103346,18412,2,1,1,169.99,,
103347,0176,1,1,0,21.00,,
103348,0170,0,0,0,66.13,,
103349,18401,2,0,2,17.99,,
103361,0340L,25,25,0,21.64,,
103366,100,23,7,16,14.29,,24.99
103367,150,36,16,20,9.14,,15.99
103371,6125AEPA,0,0,0,69.46,,
103372,6126AEPA,2,0,2,69.04,,
103374,ZDIGLANLINK,3,1,2,198.30,,
103375,ZDIGLANLN2K,4,3,1,290.38,,
103376,ZDIGN21M,3,1,2,28.30,,
103377,ZDIGN23M,4,0,4,28.30,,
103378,ZDIGN26M,11,5,6,35.38,,
103379,ZDIGN21W,9,5,4,28.30,,
103380,ZDIGN26W,4,2,2,77.88,,
103381,ZDIGNALERT,5,3,2,283.30,,
103385,2918,1,1,0,90.57,,
103386,2919,0,0,0,70.51,,
103395,HS-5A,5,1,4,18.96,,
103396,MDS-15WIFI,0,0,0,1749.30,,
103398,MC300R,0,0,0,35.56,44.95,
103399,SMO001,102,70,32,18.21,,
103400,SMO002,113,54,59,43.93,,
103401,SMO003,16,1,15,39.21,,
103402,SMO004,17,8,9,106.43,,
103403,SMO009,86,72,14,39.21,,
103404,SMO010,25,20,5,106.43,,
103405,SMO011,66,43,23,39.50,,
103406,SMO012,13,5,8,119.07,,
103407,SMO017,33,24,9,39.21,,
103408,SMO018,13,9,4,106.07,,
103409,SMO019,21,11,10,39.21,,
103410,SMO020,11,7,4,106.07,,
103414,ORI124838110,8,2,6,163.29,,201.45
103415,BPC241331124,16,6,10,158.79,,201.45
103416,PMP122120100,14,11,3,394.80,,487.05
103419,SEA2312,6,4,2,150.38,,
103420,SEA2301,11,3,8,164.25,,
103421,SEA2302,3,2,1,164.75,,
103422,SEA2303,3,0,3,170.63,,
103423,SEA2311,4,1,3,285.38,,
103424,SEA2308,5,4,1,342.00,,
103425,SEA2327,4,3,1,9.20,,
103426,SEA2305,10,1,9,399.88,,
103427,SEA2310,5,1,4,221.00,,
103428,SEA2326,8,8,0,9.20,,
103430,WUL14BR-0-500,0,0,0,98.65,,
103432,1691227-L1,4,2,2,313.59,,
103434,PMP242505110,20,6,14,1313.92,,1620.95
103435,BPC920100210,8,5,3,7.58,,9.35
103436,BPC940100200,12,6,6,42.72,,52.70
103437,VMCRCA30,6,1,5,24.08,,
103438,VMCRCA1F2M,8,0,8,10.36,,
103439,LYN034160310,7,3,4,651.10,,803.25
103440,LYN034170310,11,5,6,868.14,,1071.00
103441,LYN040102110,4,3,1,288.00,,355.30
103442,8790,14,8,6,5.11,,
103443,901087,5,0,5,33.17,,
103444,CIP136175010,4,4,0,15.85,,19.55
103446,901488,0,0,0,16.08,,
103447,CIP136500010,7,4,3,12.40,,15.30
103448,901643,11,8,3,16.08,,
103450,CIP137200010,9,3,6,24.11,,29.75
103451,901819,6,4,2,33.17,,
103452,CIP137250010,6,4,2,24.11,,29.75
103453,7021,16,6,10,89.03,,
103455,7024,8,5,3,44.76,,
103456,7026,3,3,0,44.76,,
103457,CIP138300020,6,3,3,37.89,,46.75
103458,7610,5,2,3,85.79,,
103459,7616,4,2,2,108.35,,
103460,8025,2,2,0,27.06,,
103461,8026,7,1,6,38.15,,
103463,8028,1,1,0,22.44,,
103464,8029,5,2,3,30.30,,
103465,8030,5,3,2,11.10,,
103466,8791,20,9,11,7.98,,
103467,4701-20,10,5,5,25.31,,
103468,4701-30,9,7,2,25.31,,
103469,4701-40,6,4,2,25.31,,
103470,4701-50,12,10,2,25.31,,
103471,4701-60,10,7,3,25.31,,
103473,121900-600-004-24,12,6,6,41.23,,
103474,4703-030,16,6,10,27.06,,
103475,4703-040,16,8,8,27.06,,
103476,4703-050,11,3,8,27.06,,
103477,4703-060,9,0,9,27.06,,
103478,4703-080,10,1,9,27.06,,
103479,4703-100,10,5,5,27.06,,
103480,4706-040,6,3,3,27.06,,
103481,4706-050,23,19,4,27.06,,
103482,4706-060,5,0,5,27.06,,
103483,4706-100,8,4,4,27.06,,
103484,7610-24,4,2,2,86.28,,
103485,CIP132060010,3,3,0,7.80,,10.20
103486,CIP132080010,6,3,3,7.58,,9.35
103487,CIP132100010,5,1,4,7.58,,9.35
103488,CIP132125010,9,6,3,7.58,,9.35
103490,CIP132200010,8,5,3,7.58,,9.35
103493,CIP133050010,20,7,13,3.44,,4.25
103494,CIP133060010,6,3,3,3.44,,4.25
103495,CIP133080010,9,3,6,3.44,,4.25
103496,CIP133100010,3,0,3,3.44,,4.25
103498,8730-1535,3,3,0,234.38,,
103499,8810-1300,8,3,5,114.09,,
103500,8810-1400,4,2,2,106.73,,
103501,8810-1500,6,1,5,96.13,,
103502,8810-1600,7,5,2,92.52,,
103504,8830-1535,13,7,6,238.65,,
103505,8830-1939,2,2,0,139.28,,
103507,CIP142500000,13,9,4,5.51,,6.80
103508,CIP106100000,16,7,9,10.33,,12.75
103509,SCA520500000,7,3,4,13.78,,17.00
103510,ORI241224120,9,3,6,129.53,,159.80
103512,3391,0,0,0,137.78,207.95,
103516,B175C-20-MW-MM,4,2,2,1241.64,1664.00,
103517,B175C-20-MW-8G,4,2,2,1340.72,1799.00,
103521,TBSDE14-18-100,2,0,2,107.89,,
103522,TBSDE14-18-500,0,0,0,300.10,,
103523,4704-040,9,4,5,41.90,,
103524,4704-060,12,6,6,41.90,,
103525,4704-100,8,3,5,41.90,,
103526,4704-150,9,5,4,41.90,,
103527,4704-200,6,2,4,41.90,,
103528,4704-250,17,6,11,54.86,,
103529,4707-030,6,2,4,41.90,,
103530,4707-100,7,1,6,41.90,,
103531,4707-150,3,2,1,41.90,,
103532,4707-200,5,2,3,41.90,,
103533,4707-250,17,5,12,55.99,,
103536,WUL14BR-0-1000,2,0,2,183.46,,
103537,WUL16BK-2-500,0,0,0,74.42,,
103538,WUL16BK-2-1000,1,0,1,130.38,,
103539,WUL16BL-9-500,4,2,2,74.42,,
103540,WUL14RD-5-500,0,0,0,101.54,,
103541,WUL16RD-9-500,0,0,0,74.42,,
103542,WUL14BR-7-500,1,0,1,98.65,,
103543,WUL16BR-7-500,2,0,2,74.42,,
103545,WUL14OR-1-500,0,0,0,101.54,,
103546,WUL14WH-2-500,0,0,0,101.54,,
103547,WUL16WH-2-500,1,0,1,74.42,,
103548,WUL16BR-6-500,1,0,1,74.42,,
103549,WUL16OR-6-500,1,0,1,74.42,,
103553,WM3884B,4,2,2,70.81,,
103563,998543051,10,6,4,28.00,,
103564,998543031,8,4,4,28.00,,
103566,2699,3,0,3,54.18,75.85,
103567,3405,4,2,2,164.25,247.95,
103572,B175C-20-MW-12F,4,2,2,1342.67,1799.00,
103573,B175C-20-MW-12G,4,2,2,1340.96,1799.00,
103575,ZDIGCOALERT,2,1,1,276.21,,
103576,ZDIGN2KPROT,2,1,1,199.00,,
103587,227462-9,17,6,11,7.60,,
103588,318003K1-1,7,3,4,19.03,,
103589,318110-9,5,2,3,19.40,,
103590,491361-9,25,5,20,7.39,,
103591,520010-9,17,9,8,5.16,,
103592,671400-9,10,5,5,7.91,,
103593,736470-9,10,5,5,8.97,,
103594,747100B-1,4,0,4,24.19,,
103595,747200B-1,5,4,1,45.92,,
103596,747520-1,3,1,2,15.29,,
103597,747600-1,3,1,2,22.20,,
103598,747650B-1,12,8,4,22.20,,
103599,747750B-1,8,3,5,10.56,,
103600,747710B-1,6,4,2,16.39,,
103601,747720B-1,8,6,2,16.39,,
103602,748100-3,0,0,0,125.03,,
103603,748270-1,7,3,4,7.91,,
103604,749530-9,7,3,4,10.56,,
103605,745270-1,0,0,0,39.34,,
103606,746180-1,3,0,3,22.20,,
103610,SSM-BT20,13,7,6,26.82,,
103619,MC1506-5-XXXL-206,6,3,3,129.99,,
103623,010-13386-00,1,0,1,389.99,,
103624,80-47435-02,0,0,0,281.57,,
103625,80-47436-02,0,0,0,316.43,,
103626,80-47231-02,0,0,0,335.20,,
103627,80-47232-02,0,0,0,370.06,,
103629,CIP143300020,3,1,2,33.07,,40.80
103635,20CG-D3OS,0,0,0,490.00,595.00,
103636,T83FC,3,2,1,217.05,,
103640,426930-1,5,3,2,7.39,,
103641,426950-1,13,10,3,7.91,,
103642,426955-1,11,7,4,7.91,,
103643,720-8500,0,0,0,11.09,,
103649,720-8501,2,2,0,92.89,,
103651,69001139,0,0,0,1867.47,,
103652,66840437,0,0,0,363.24,,
103653,66840555,0,0,0,653.86,,
103658,000-14919-001,0,0,0,7.83,,
103660,T10-591,6,3,3,48.84,,
103668,FS1,8,6,2,159.99,,249.00
103674,91215,7,7,0,78.27,,
103675,91620,4,4,0,435.07,,
103677,980960281,0,0,0,110.58,,
103679,536930,4,0,4,4.87,,
103681,738504-9,16,6,10,5.43,,
103682,738506-9,20,10,10,5.80,,
103683,738512-9,20,10,10,6.86,,
103685,T70582,2,1,1,812.49,,
103694,CBPT,1,0,1,14.62,,
103695,SCM-AL-MINI-NEON-16,0,0,0,160.00,,229.00
103701,BAT524120620,0,0,0,2297.13,,2833.90
103705,83304004,2,2,0,225.88,,
103706,83309004,0,0,0,239.78,,
103707,12VDUSBAC,11,5,6,22.60,,
103709,91695,10,10,0,97.44,,
103710,98410,0,0,0,516.63,,
103711,98415,0,0,0,666.14,,
103712,91725,10,10,0,85.60,,
103713,91735,4,4,0,130.23,,
103714,91740,4,4,0,155.84,,
103715,98390,0,0,0,439.03,,
103716,98395,0,0,0,491.89,,
103717,98400,0,0,0,668.03,,
103718,91755,10,10,0,97.44,,
103719,91760,8,8,0,112.89,,
103720,91765,5,5,0,137.09,,
103721,91770,4,4,0,160.53,,
103722,91775,4,4,0,228.40,,
103723,98510,0,0,0,407.10,,
103724,98515,0,0,0,472.06,,
103725,98520,0,0,0,579.31,,
103726,91785,10,10,0,85.60,,
103727,91790,8,8,0,102.14,,
103728,91795,5,5,0,126.44,,
103729,98495,0,0,0,409.70,,
103730,98500,0,0,0,464.67,,
103731,98505,0,0,0,642.47,,
103732,91600,5,5,0,199.67,,
103733,91625,0,0,0,241.09,,
103734,91630,0,0,0,282.80,,
103735,91635,0,0,0,282.80,,
103736,91610,2,2,0,260.34,,
103737,91645,0,0,0,320.26,,
103738,91650,0,0,0,320.26,,
103739,91655,0,0,0,336.29,,
103740,91640,4,4,0,288.31,,
103741,91660,0,0,0,356.13,,
103742,91665,0,0,0,396.71,,
103743,91670,0,0,0,392.59,,
103744,91910,0,0,0,397.29,,
103745,91615,4,4,0,396.71,,
103746,91675,0,0,0,450.40,,
103747,91680,0,0,0,472.93,,
103748,91685,0,0,0,507.17,,
103749,91915,0,0,0,507.17,,
103750,91690,0,0,0,507.17,,
103751,98450,0,0,0,791.50,,
103752,98455,0,0,0,790.09,,
103753,98435,0,0,0,407.10,,
103754,98465,0,0,0,840.51,,
103755,98460,0,0,0,835.14,,
103756,98470,0,0,0,838.10,,
103757,98440,0,0,0,815.07,,
103758,98475,0,0,0,905.11,,
103759,98480,0,0,0,934.86,,
103760,98485,0,0,0,878.24,,
103761,98490,0,0,0,934.96,,
103762,98445,0,0,0,910.61,,
103763,91845,0,0,0,287.06,,
103764,91850,0,0,0,277.54,,
103765,91855,0,0,0,314.50,,
103766,91865,0,0,0,357.09,,
103767,91870,0,0,0,377.27,,
103768,91880,0,0,0,375.49,,
103769,91885,0,0,0,400.59,,
103770,91890,0,0,0,429.16,,
103771,91895,0,0,0,439.31,,
103772,91900,0,0,0,455.31,,
103773,91905,0,0,0,491.99,,
103774,98420,0,0,0,671.43,,
103775,98425,0,0,0,795.74,,
103776,98430,0,0,0,860.54,,
103777,91205,0,0,0,69.51,,
103778,91210,10,10,0,78.27,,
103779,91220,4,4,0,85.50,,
103780,91225,4,4,0,124.57,,
103781,98300,0,0,0,422.03,,
103782,98305,0,0,0,475.29,,
103783,98310,0,0,0,565.49,,
103784,91240,10,10,0,90.37,,
103785,91255,0,0,0,161.93,,
103786,91265,2,2,0,252.19,,
103787,98315,0,0,0,384.41,,
103788,98320,0,0,0,447.84,,
103789,98325,0,0,0,511.83,,
103790,91175,0,0,0,177.97,,
103791,91180,0,0,0,212.20,,
103792,91185,0,0,0,280.66,,
103793,91190,0,0,0,326.91,,
103794,91195,0,0,0,373.16,,
103795,91200,0,0,0,423.31,,
103796,98525,0,0,0,554.79,,
103797,98530,0,0,0,607.77,,
103798,98535,0,0,0,806.13,,
103799,91815,10,10,0,46.11,,
103800,91820,10,10,0,56.03,,
103801,91825,5,5,0,73.46,,
103802,91830,4,4,0,96.77,,
103803,91835,4,4,0,139.14,,
103804,91840,3,3,0,164.43,,
103805,98540,0,0,0,263.74,,
103806,98545,0,0,0,360.09,,
103807,98550,0,0,0,495.34,,
103808,91925,5,5,0,273.99,,
103809,91930,4,4,0,315.56,,
103810,91935,4,4,0,386.04,,
103811,91940,2,2,0,474.01,,
103812,91945,2,2,0,639.27,,
103813,9094-5,5,5,0,13.41,,
103814,91950,2,2,0,804.34,,
103815,91100,10,10,0,46.00,,
103816,91105,10,10,0,57.01,,
103817,91110,4,4,0,72.37,,
103818,91115,2,2,0,82.84,,
103819,91120,4,4,0,93.34,,
103820,91125,4,4,0,117.61,,
103821,98375,0,0,0,309.60,,
103822,98380,0,0,0,350.97,,
103823,98385,0,0,0,462.03,,
103824,91290,10,10,0,53.60,,
103825,91295,10,10,0,68.40,,
103826,91300,5,5,0,86.84,,
103827,91305,3,3,0,99.43,,
103828,91310,4,4,0,112.00,,
103829,98360,0,0,0,411.73,,
103830,98365,0,0,0,455.83,,
103831,98370,0,0,0,546.73,,
103832,91130,0,0,0,96.51,,
103833,91135,0,0,0,136.49,,
103834,91140,0,0,0,124.09,,
103836,91320,0,0,0,133.40,,
103837,91145,0,0,0,158.97,,
103838,91155,0,0,0,183.07,,
103839,91160,0,0,0,166.44,,
103840,91150,0,0,0,161.20,,
103841,91165,0,0,0,203.56,,
103842,91325,0,0,0,194.31,,
103843,91170,0,0,0,185.07,,
103844,98335,0,0,0,317.40,,
103845,98340,0,0,0,402.17,,
103846,98345,0,0,0,450.16,,
103847,98350,0,0,0,540.39,,
103848,98355,0,0,0,584.61,,
103849,91270,5,5,0,119.24,,
103850,91275,5,5,0,145.99,,
103851,91280,4,4,0,180.20,,
103852,91920,4,4,0,198.97,,
103853,91285,4,4,0,217.73,,
103865,72-1048-OEM,0,0,0,849.00,,
103880,72-1081,15,6,9,189.99,,
103881,017461111,7,3,4,131.85,,
103883,9620000429,10,6,4,261.06,,
103884,22313,44,20,24,7.01,9.97,
103885,ZDIG5GX,2,1,1,1721.25,,
103886,9059-1113-4,23,0,23,60.00,74.00,
103887,9059-2113-4,23,0,23,60.00,74.00,
103888,9059-2123-4,6,0,6,60.00,74.00,
103889,9059-3113-4,23,0,23,60.00,74.00,
103890,9059-3114-4,23,0,23,60.00,74.00,
103894,FBV-3000,4,1,3,416.67,,
103895,TH-2500-W,1,1,0,121.11,,
103896,TH-3000-W,0,0,0,173.89,,
103900,MRK110-13-0-102,0,0,0,449.99,,
103901,T70584,8,3,5,1398.90,,
103905,53582-81235,8,0,8,76.19,104.99,
103906,53582-81459,5,0,5,76.19,104.99,
103907,53582-83515,4,0,4,76.19,104.99,
103908,53614-81235,3,0,3,32.65,44.99,
103909,53614-81266,2,0,2,32.65,44.99,
103910,53614-81459,3,0,3,32.65,44.99,
103911,53614-83380,4,0,4,32.65,44.99,
103912,53614-83515,3,0,3,32.65,44.99,
103913,53614-86899,5,0,5,32.65,44.99,
103914,53615-22516,2,0,2,34.82,47.99,
103915,53615-80324,4,0,4,34.82,47.99,
103916,53615-80327,4,0,4,34.82,47.99,
103917,53615-85879,3,0,3,34.82,47.99,
103918,53616-81235,3,0,3,18.13,24.99,
103919,53616-81266,0,0,0,18.13,24.99,
103920,53616-81459,5,0,5,18.13,24.99,
103921,53616-85879,3,0,3,19.58,26.99,
103922,53617-22516,3,0,3,19.58,26.99,
103923,53617-80324,1,0,1,19.58,26.99,
103924,53617-80327,2,0,2,19.58,26.99,
103925,53637-80093,2,0,2,37.73,51.99,
103926,53637-80066,2,0,2,37.73,51.99,
103929,SEA-HDM-RISER-KIT,5,1,4,60.00,,79.00
103942,A275L-12-DF315-EX-49K6,1,0,1,649.99,,
103946,A275L-12-N62-EX-49K6,2,0,2,649.99,,
103947,A275L-12-N62-IE-49K6,2,0,2,719.99,,
103951,A275L-12-TR-IE-49K6,1,0,1,719.99,,
103953,A275L-12-N62-IE-50K6CP,1,0,1,719.99,,1192.00
103954,B150C-12-M-8G,0,0,0,342.15,449.00,
103959,DX-3,10,8,2,54.43,,
103960,68000599,0,0,0,168.78,,
103961,1062-E-F,0,0,0,62.08,,
103971,GK1514,0,0,0,428.59,,
103972,GT0810B,6,2,4,189.73,,
103976,20851,6,2,4,218.19,,
103977,20852,3,1,2,225.21,,
103978,3455,3,1,2,197.08,,
103980,017460111,8,5,3,136.10,,
103981,PU043144-12R,9,4,5,121.18,,
103982,PU031104-12R,0,0,0,104.61,,
103983,PU033104-12R,10,4,6,104.61,,
103984,53583-18363,4,0,4,34.82,47.99,
103985,53583-80066,2,0,2,34.82,47.99,
103986,53583-80067,3,0,3,34.82,47.99,
103987,53583-80093,3,0,3,34.82,47.99,
103988,53583-80336,4,0,4,34.82,47.99,
103989,53584-18363,3,0,3,45.71,62.99,
103990,53584-80066,2,0,2,45.71,62.99,
103991,53584-80067,2,0,2,45.71,62.99,
103992,53584-80093,2,0,2,45.71,62.99,
103993,53584-80336,3,0,3,45.71,62.99,
103994,37925-80327,4,0,4,118.29,162.99,
103995,37925-81119,2,0,2,118.29,162.99,
103996,37926-80327,3,0,3,142.24,195.99,
103997,37926-81119,4,0,4,142.24,195.99,
103998,37926-83699,2,0,2,142.24,195.99,
103999,53601-80324,4,0,4,161.84,222.99,
104000,53601-80327,2,0,2,161.84,222.99,
104001,53602-80324,5,0,5,134.26,184.99,
104002,53602-80327,1,0,1,134.26,184.99,
104003,86362,42,0,42,19.58,26.99,
104004,86362-CASE,3,0,3,208.20,323.88,
104005,32279-80066,0,0,0,206.84,284.99,
104006,32279-80067,7,0,7,206.84,284.99,
104008,32279-80093,4,0,4,206.84,284.99,
104009,32279-80105,3,0,3,206.84,284.99,
104010,32279-81029,3,0,3,206.84,284.99,
104011,32279-81179,5,0,5,206.84,284.99,
104012,45224-87333,3,0,3,195.95,269.99,
104013,45224-87467,3,0,3,195.95,269.99,
104014,45224-89769,5,0,5,195.95,269.99,
104015,45224-89905,3,0,3,195.95,269.99,
104016,45224-89989,3,0,3,195.95,269.99,
104017,45225-19445,1,0,1,145.15,199.99,
104018,45225-20405,4,0,4,145.15,199.99,
104019,45225-80066,4,0,4,145.15,199.99,
104020,45225-80070,0,0,0,145.15,199.99,
104021,45225-80093,5,0,5,145.15,199.99,
104022,45225-80336,41,0,41,152.40,,
104023,45225-81029,5,0,5,145.15,199.99,
104024,56411-80066,4,0,4,217.73,299.99,
104025,56411-80069,4,0,4,217.73,299.99,
104026,56411-80093,5,0,5,217.73,299.99,
104027,56411-89905,2,0,2,217.73,299.99,
104028,05-01-043,3,1,2,300.32,,
104029,05-01-041,2,1,1,293.12,,
104031,6031,3,0,3,27.62,,
104035,6037C,0,0,0,93.30,,
104036,85001575,4,0,4,12.57,,
104041,71026,1,1,0,49.84,,
104042,71032,4,4,0,87.99,,
104043,71034,0,0,0,114.18,,
104044,41026,2,0,2,49.84,,
104045,41032,2,2,0,87.99,,
104046,41034,0,0,0,114.18,,
104061,ZMJREMWEBOSINT,5,1,4,25.00,,
104065,10283P,0,0,0,52.31,,
104066,14004P,4,4,0,20.11,,
104067,6153SPP-75,3,3,0,646.77,,
104068,199111PK,3,2,1,13.88,,
104069,199110PK,8,5,3,7.04,,
104074,51600,0,0,0,185.48,,
104075,45246,2,2,0,38.82,,
104077,P12848-100TEBBK,0,0,0,331.75,,
104080,P12848-100TEBGR,0,0,0,331.75,,
104081,P13491-9010TEBCL,0,0,0,4186.03,,
104082,P13491-9010TEBBK,0,0,0,4186.03,,
104083,P13491-9010TEBGR,0,0,0,4186.03,,
104085,P13217-1000BK,0,0,0,41.44,,
104086,P13270-200TEBBK,3,2,1,82.87,,
104185,325412-1,7,5,2,17.44,,
104188,325430-1,9,4,5,6.33,,
104191,325472-1,4,3,1,4.74,,
104193,325416-1,9,4,5,20.09,,
104198,325425-1,6,3,3,24.31,,
104253,10271P,2,2,0,25.88,,
104254,41340P,0,0,0,13.68,,
104255,AP-4W-30K-PW11,5,4,1,75.16,,
104258,337149R-1,6,0,6,9.91,,
104259,337159R-1,5,5,0,8.33,,
104260,337169R-1,12,3,9,9.66,,
104261,337189R-1,7,7,0,11.51,,
104262,426901-1,0,0,0,3.14,,
104263,426903-1,9,6,3,4.74,,
104264,426906-1,8,8,0,6.86,,
104265,426912-1,4,4,0,10.03,,
104266,426920-1,11,2,9,10.50,,
104267,426925-1,7,7,0,6.33,,
104268,748010-1,18,12,6,12.67,,
104269,748020-1,4,2,2,12.14,,
104270,1003,16,0,16,1085.86,,
104271,1005,0,0,0,74.68,,
104272,1006,6,1,5,74.68,,
104274,SA-0214,463,154,309,11.85,,
104279,BCA1000-110-24,0,0,0,1112.74,,
104280,BCA1050-12,4,4,0,1085.26,,
104281,03-234-400,0,0,0,814.38,1042.40,
104283,010-13356-00,2,1,1,64.99,,
104284,SSP20,5,1,4,35.28,59.99,
104285,XMRM16,88,57,31,13.21,,24.99
104286,XMRM32,28,13,15,22.86,,45.99
104287,XMAP32,46,27,19,15.71,,32.99
104288,XMMMP32,58,28,30,20.36,,39.99
104290,XMMMP1G,0,0,0,60.00,,119.99
104297,BP2082B,0,0,0,211.12,,
104298,SCM-SZ-RGB,0,0,0,123.75,,169.00
104299,SCM-SZ-RGB-EXP,0,0,0,123.75,,169.00
104304,1011,2,0,2,74.68,,
104305,XF103,2,0,2,142.00,349.99,
104306,XD102,11,6,5,114.86,,249.99
104307,62-152-02A,2,0,2,49.45,,
104318,XM32DG,15,5,10,10.71,,19.99
104319,XMDDC1G,14,9,5,31.43,,49.99
104321,010-12801-02,0,0,0,26.24,,
104331,1009,2,2,0,74.68,,
104332,1015,1,0,1,25.96,,
104333,9050,3,0,3,42.63,,
104334,1016,2,0,2,246.47,,
104335,1017,2,0,2,246.47,,
104336,1018,3,2,1,246.47,,
104337,1019,2,2,0,246.47,,
104338,9100,2,2,0,641.35,,
104339,32-3006,3,2,1,594.51,,
104348,877213,0,0,0,69.99,,
104349,75050-B,3,0,3,2306.73,,
104350,21142-001,4,2,2,282.50,,
104351,75050-W,0,0,0,2306.73,,
104352,75060-B,1,1,0,2346.47,,
104353,75060-W,0,0,0,2346.47,,
104354,75070-B,0,0,0,2410.58,,
104355,75070-W,1,0,1,2410.58,,
104356,75080-B,0,0,0,2425.96,,
104357,75080-W,1,0,1,2425.96,,
104358,C910-2038,0,0,0,121.25,243.00,
104359,BPP900455150,7,4,3,199.12,,245.65
104360,BPP900455170,8,7,1,292.82,,361.25
104361,996476502,3,1,2,272.20,,
104365,806-1212-05,8,2,6,410.48,,
104366,808-0820,1,0,1,24.76,,
104367,808-0822,3,2,1,99.49,,
104368,808-0822-01,5,2,3,99.49,,
104369,808-1888,4,2,2,333.33,,
104370,808-0890,4,2,2,260.11,,
104371,710-6048-01,3,2,1,411.78,,
104375,017462001,1,0,1,137.52,,
104384,48-B-48,0,0,0,40.69,49.99,
104387,75051-B,0,0,0,2395.19,,
104388,75051-W,1,0,1,2395.19,,
104389,75061-B,0,0,0,2433.65,,
104390,75061-W,1,0,1,2433.65,,
104391,75071-B,0,0,0,2499.04,,
104392,75071-W,1,0,1,2499.04,,
104393,75081-B,0,0,0,2514.42,,
104394,75081-W,1,0,1,2514.42,,
104395,75052-B,1,1,0,1587.50,,
104396,75052-W,0,0,0,1587.50,,
104397,75062-B,1,1,0,1627.24,,
104398,75062-W,0,0,0,1627.24,,
104399,75072-B,0,0,0,1691.35,,
104400,75072-W,1,0,1,1691.35,,
104401,75082-B,0,0,0,1706.73,,
104402,75082-W,1,0,1,1706.73,,
104404,017462011,9,5,4,137.52,,
104405,017460011,6,2,4,127.59,,
104414,85.34,2,2,0,994.12,,
104416,85.19,1,0,1,1029.99,,
104419,75053-B,1,1,0,1649.04,,
104420,75053-W,1,0,1,1649.04,,
104421,75063-B,1,1,0,1728.53,,
104422,75063-W,1,0,1,1728.53,,
104423,75073-B,1,1,0,1742.63,,
104424,75073-W,1,0,1,1742.63,,
104425,75083-B,0,0,0,1766.99,,
104426,75083-W,1,0,1,1766.99,,
104427,75090,0,0,0,804.17,,
104428,75090-10,0,0,0,804.17,,
104429,75009-5-12,0,0,0,628.53,,
104430,75010-5-12,2,2,0,592.63,,
104431,75094,0,0,0,37.50,,
104432,75014,4,2,2,46.47,,
104433,75015,0,0,0,40.06,,
104434,75012,0,0,0,481.09,,
104435,75012-10,0,0,0,481.09,,
104436,75011,0,0,0,320.83,,
104437,80250-25,0,0,0,116.99,,
104438,75013,1,1,0,43.91,,
104439,75013.1,4,2,2,42.63,,
104440,75013.2,2,1,1,52.88,,
104441,TR-PTS1,2,2,0,199.04,,
104442,TR-PTS2,3,1,2,309.29,,
104443,8001,2,0,2,977.24,,
104444,STK100,0,0,0,96.47,,
104445,7600-001,0,0,0,279.81,,
104446,7500,0,0,0,242.63,,
104447,7404,0,0,0,150.32,,
104448,1451-01,0,0,0,313.14,,
104449,1350,4,0,4,50.32,,
104450,1050-24,0,0,0,105.45,,
104453,81501,10,6,4,120.76,159.95,
104454,"VECTOR PRO G1",0,0,0,2449.30,,
104464,22309CASE,2,1,1,32.08,,
104466,"VECTOR PRO G2",0,0,0,2939.30,,
104468,4238-141-E07,2,1,1,163.01,,
104469,4258-163-E09,5,4,1,303.21,,
104470,4648-163-E07,6,4,2,301.74,,
104471,94-009-50,27,13,14,37.99,,
104472,94-801-10,3,0,3,49.37,,
104473,94-801-11,2,2,0,139.61,,
104474,94-801-13,1,1,0,258.18,,
104475,94-804-02,9,5,4,41.99,,
104476,94-804-03,1,1,0,168.81,,
104477,94-805-01,4,2,2,47.99,,
104478,94-805-02,4,2,2,179.99,,
104479,EV300817,4,2,2,11.00,,
104481,EV928200,1,0,1,424.23,,
104482,EV959206,8,6,2,44.01,,
104483,RV-210BRB-A,12,3,9,32.99,,
104484,RV-210GH-A,5,5,0,39.25,,
104485,890195,12,3,9,7.99,18.97,
104486,RV-210GH-KDF-A,8,2,6,46.23,,
104487,890194,8,5,3,8.25,18.97,
104490,48-AM-39,2,0,2,87.23,108.00,
104492,10221A,4,4,0,16.14,,
104493,00353A,4,3,1,8.60,,
104494,10108A,0,0,0,31.47,,
104495,10205A,0,0,0,24.70,,
104496,10059A,0,0,0,41.34,,
104497,10060A,2,2,0,34.34,,
104498,10061A,0,0,0,28.89,,
104499,10165A,4,4,0,39.53,,
104500,10195A,0,0,0,45.16,,
104501,10202A,5,3,2,31.19,,
104502,10203A,3,3,0,42.20,,
104503,00049A,8,4,4,10.07,,
104504,00051A,4,1,3,6.69,,
104505,00052A,7,5,2,9.79,,
104506,10480A,0,0,0,14.47,,
104507,10481A,2,0,2,16.23,,
104508,10482A,0,0,0,14.60,,
104509,10274A,0,0,0,25.79,,
104510,10275A,0,0,0,26.31,,
104511,10276A,0,0,0,26.49,,
104512,10277A,5,2,3,26.79,,
104513,10278A,2,0,2,42.29,,
104514,10289A,2,1,1,35.80,,
104515,10303A,4,4,0,31.50,,
104516,10182A,5,5,0,25.73,,
104517,10183A,0,0,0,24.37,,
104518,10184A,1,1,0,25.33,,
104519,10186A,2,2,0,26.57,,
104520,10187A,1,1,0,19.14,,
104521,10490A,0,0,0,20.11,,
104522,10491A,0,0,0,28.53,,
104523,10492A,2,0,2,33.00,,
104524,10493A,1,1,0,19.81,,
104525,10494A,2,0,2,25.73,,
104526,00126A,6,4,2,9.73,,
104527,00127A,5,5,0,12.49,,
104528,00128A,6,2,4,6.44,,
104529,00180A,2,1,1,18.33,,
104530,00357A,7,7,0,11.94,,
104531,00359A,6,2,4,7.31,,
104532,H406A,1,0,1,38.47,,
104533,HM24A,0,0,0,4.57,,
104534,HC2A,5,5,0,13.26,,
104535,HC3A,1,0,1,13.01,,
104536,HC5A,5,5,0,21.84,,
104537,HMDDA,5,1,4,14.77,,
104538,HDDRA,2,0,2,33.07,,
104539,HYAA,0,0,0,56.17,,
104540,010-13128-00,0,0,0,14.99,,
104542,C0500A,0,0,0,7.90,,
104543,C0625A,0,0,0,7.90,,
104544,C0750A,4,4,0,7.86,,
104545,C0875A,0,0,0,8.13,,
104546,C1000A,6,4,2,7.53,,
104547,C1125A,0,0,0,7.94,,
104548,C1250A,10,4,6,7.79,,
104549,C1250AA,0,0,0,10.87,,
104550,C1375A,0,0,0,10.61,,
104551,C1500A,6,2,4,10.03,,
104552,C1750A,8,4,4,15.46,,
104553,C2000A,8,4,4,14.77,,
104554,C2250A,2,2,0,33.00,,
104555,C2500A,0,0,0,34.73,,
104556,C2750A,0,0,0,43.40,,
104557,C3000A,0,0,0,39.94,,
104558,R1875A,10,9,1,6.14,,
104559,R2813A,8,4,4,7.64,,
104560,10-13373-08,0,0,0,319.11,,
104561,R3750A,0,0,0,9.96,,
104562,R5000A,3,0,3,17.26,,
104563,R6500A,2,2,0,34.46,,
104564,HBNTA,6,6,0,18.16,,
104565,R3750Z,7,6,1,12.64,,
104566,001-636-150-00,2,2,0,125.45,,
104579,9620000728,1,1,0,13.30,,
104608,306600,3,0,3,13.99,,
104613,890141,14,3,11,12.96,27.97,
104614,890196,17,10,7,7.85,17.97,
104616,139401,8,4,4,73.18,147.97,
104624,130516,19,7,12,10.00,,
104626,CMX760,12,7,5,148.54,,
104628,PC68LTX,7,3,4,98.26,,
104629,PC78LTX,9,0,9,106.44,,
104630,PC78LTXFM,11,6,5,119.04,,
104631,SEA2313,6,2,4,143.25,,
104632,SEA2320,10,2,8,205.63,,
104633,"BEARCAT 880FM",23,14,9,141.89,,
104634,"BEARCAT 980SSB",13,7,6,163.78,,
104635,"BEARTRACKER 885",7,2,5,320.83,,
104636,PRO401HH,16,5,11,54.14,,
104637,PRO501HH,19,14,5,101.34,,
104638,PRO501TK,17,13,4,101.34,,
104639,PRO538HHFM,22,11,11,122.33,,
104640,NTX-3000S-12,1,1,0,621.82,857.60,
104641,22214CASE,1,0,1,146.33,,
104642,252047,6,6,0,17.36,,
104643,252057,6,6,0,17.36,,
104644,252053,6,6,0,17.36,,
104645,252054,4,2,2,17.36,,
104646,252007,5,5,0,14.00,,
104647,252079,6,6,0,17.36,,
104648,010-12991-01,0,0,0,22.49,,
104649,010-02930-00,1,0,1,899.99,,
104650,010-02930-01,1,0,1,899.99,,
104651,010-02930-02,2,1,1,899.99,,
104652,010-13348-00,0,0,0,104.99,,
104653,010-13348-10,0,0,0,26.24,,
104654,010-11617-53,0,0,0,52.49,,
104655,010-11617-54,0,0,0,74.99,,
104657,1643050F0W,8,4,4,382.07,,
104658,1643050S0W,8,4,4,382.07,,
104659,1643050F0B,7,3,4,382.07,,
104660,1643050S0B,6,4,2,382.07,,
104661,1643100F0W,0,0,0,1010.94,,
104662,1643100S0W,0,0,0,1010.94,,
104663,1643100F0B,0,0,0,1010.94,,
104664,1643100S0B,0,0,0,1010.94,,
104665,1643300F0W,0,0,0,2583.44,,
104666,1643300S0W,0,0,0,2583.44,,
104667,1643300F0B,0,0,0,2583.44,,
104668,1643300S0B,0,0,0,2583.44,,
104675,F31-2202WHA-C,33,12,21,8.28,,
104676,F31-2202BKA-C,0,0,0,10.30,,
104682,P501J-119N-4A,7,4,3,255.64,,
104684,RCE12VBLTK,4,1,3,25.93,39.99,
104685,RCE12VBCHK,12,6,6,43.30,59.99,
104686,RCE12VBPK,12,6,6,68.91,79.99,
104688,RCE24VBCHK,9,3,6,64.95,89.99,
104689,RCE24VBK,8,5,3,61.01,79.99,
104690,RCE24VB5CHK,4,4,0,71.46,99.99,
104691,RCE24VPRO,6,6,0,88.70,129.99,
104692,RCE24VHD,6,6,0,75.04,109.99,
104693,RCE224VCHK,5,5,0,131.08,169.95,
104694,RCE24VSCK,2,2,0,74.76,109.99,
104695,RCE36VBCHK,4,1,3,93.83,129.99,
104696,RCE36VBK,10,5,5,87.35,119.99,
104697,RCE36VB5CHK,10,6,4,106.64,149.99,
104698,RCE36VPRO,0,0,0,117.61,164.99,
104699,RCE36VHD,5,5,0,92.20,129.99,
104700,RCE236VCHK,4,4,0,137.64,179.99,
104701,RCE36VSCK,2,2,0,77.49,114.99,
104702,9070-7,19,7,12,23.08,,
104703,9092-5,31,4,27,6.61,,
104704,9093-5,27,16,11,6.87,,
104705,9099-5,54,26,28,6.97,,
104706,9096-5,4,0,4,9.79,,
104707,9095-5,23,5,18,11.22,,
104708,RCE12VGRPRO1922,5,0,5,260.89,349.00,
104709,RCE12VGRP1618,6,0,6,167.35,299.00,
104710,9090-5,18,14,4,6.57,,
104711,RCE12VGRPTLR,6,0,6,103.39,169.00,
104712,RCE12VB4FK,6,6,0,54.48,79.99,
104713,RCE12VB4K,5,5,0,37.90,59.99,
104714,CE12VB5K,5,0,5,43.19,69.99,
104715,CE12VB5FK,6,0,6,61.23,84.99,
104716,RCE12VBM6CK,6,6,0,119.58,159.99,
104717,RCE12VBM6IK,6,0,6,193.08,269.99,
104718,RCE12VBM6PK,5,0,5,187.56,259.99,
104719,RCE12VBM6K,5,0,5,93.33,129.99,
104720,CE12VBOMK,10,5,5,24.69,34.99,
104721,RCE12VB4,5,0,5,26.23,39.99,
104722,RCE12VB4F,6,6,0,36.75,49.99,
104723,RCE12VGPYAK,6,0,6,108.81,159.99,
104724,RCE12VSPD,6,0,6,42.85,59.99,
104725,RCE12VKYK,5,0,5,43.05,59.99,
104726,RCE12VKYKPRO,6,0,6,88.46,149.99,
104727,RCE12VB10,6,6,0,13.39,19.99,
104728,RCE12VB1K,2,2,0,23.95,29.99,
104729,RCE12VB1S,3,3,0,16.74,19.99,
104730,RCE12VB6,3,3,0,17.20,23.99,
104731,RCE12VB8,6,6,0,15.10,19.99,
104732,RCE12VBP,4,4,0,36.75,49.99,
104733,RCE312VRV,4,4,0,144.25,189.87,
104734,RCE412VRV,5,0,5,205.90,265.78,
104735,RCE312SLR,5,5,0,148.14,199.79,
104736,RCE12VATV,5,5,0,49.81,60.87,
104737,RCE12VJSKI,5,5,0,47.84,59.95,
104739,SK890,12,5,7,36.44,,
104740,MV462602-123-S-216,0,0,0,69.99,,
104741,MV462602-123-M-216,0,0,0,69.99,,
104742,MV462602-123-L-216,0,0,0,69.99,,
104743,MV462602-123-XL-216,0,0,0,69.99,,
104744,MV462602-123-XXL-216,0,0,0,69.99,,
104745,MV462602-123-XXXL-216,0,0,0,69.99,,
104746,QUA483100102,4,2,2,2242.69,,2766.75
104747,CIP138125020,5,0,5,37.89,,46.75
104748,CIP138150020,8,2,6,37.89,,46.75
104749,CIP143400020,7,4,3,33.07,,40.80
104758,97XD-12-240-IG,0,0,0,1179.62,1444.00,
104763,S-1858,0,0,0,610.74,,
104765,PS2/BOS12V2,0,0,0,610.85,,
104766,PS3/BOS12V2,0,0,0,756.46,,
104767,PS3/BOS12V3,1,0,1,756.46,,
104768,PS4/BOS12V2,0,0,0,895.49,,
104769,PS4/BOS12V3,1,0,1,895.49,,
104770,PS2AUTO/BOS12V2,1,1,0,626.95,,
104771,PS3AUTO/BOS12V2,0,0,0,780.37,,
104772,PS3AUTO/BOS12V3,0,0,0,780.37,,
104773,PS4AUTO/BOS12V2,0,0,0,926.10,,
104774,PS4AUTO/BOS12V3,1,0,1,926.10,,
104775,RS2/BOS12V2,0,0,0,460.98,,
104776,RS3/BOS12V2,0,0,0,505.98,,
104777,RS3/BOS12V3,0,0,0,523.54,,
104778,RS4/BOS12V2,1,1,0,562.32,,
104779,RS4/BOS12V3,1,0,1,411.34,,
104780,SS2/BOS12V2,0,0,0,557.44,,
104781,SS3/BOS12V2,0,0,0,683.17,,
104782,SS3/BOS12V3,1,0,1,683.17,,
104783,SS4/BOS12V2,0,0,0,813.66,,
104784,SS4/BOS12V3,1,0,1,813.66,,
104785,SS2AUTO/BOS12V2,0,0,0,570.85,,
104786,SS3AUTO/BOS12V2,0,0,0,702.93,,
104787,SS3AUTO/BOS12V3,1,0,1,702.93,,
104788,SS4AUTO/BOS12V2,0,0,0,840.00,,
104789,SS4AUTO/BOS12V3,1,0,1,840.00,,
104791,85.35,4,2,2,819.99,,
104794,1580010,4,0,4,133.85,,
104795,RAM-MAG48-4U,0,0,0,412.65,584.99,
104801,G10916,13,4,9,7.89,,
104812,IRIS-S060-18,1,0,1,345.35,,
104815,XT-DF-24-90-DV,0,0,0,840.09,1028.00,
104822,0111000BLK,0,0,0,80.24,,
104826,SPS2000,0,0,0,578.30,,
104828,W6/2RYW-FT,8,8,0,3.28,,
104835,APL-2W-30K-PW11,2,0,2,76.83,,
104840,9635,2,0,2,55.25,,
104846,SCC115110511,4,3,1,427.18,,527.00
104847,9620000722,26,10,16,33.56,,
104849,48-YSP-4JH-F,3,0,3,568.29,,
104850,24VWKS3,5,2,3,220.92,,
104851,36VWKS3,9,5,4,232.55,,
104853,EXPOLASTAG,5,2,3,70.55,,
104854,EXPOLAST2,10,3,7,94.34,,
104855,EXPOLAS4PACK,4,1,3,258.91,,
104856,EXPOLASFLOTATION,18,12,6,134.44,,
104857,EXPOLASN2K,2,1,1,406.88,,
104858,EXPOLASGUARDIAN,4,3,1,287.12,,
104859,EXPOLASCORE,16,12,4,152.57,,
104860,EXPOLASEXTENDER,12,6,6,141.24,,
104861,EXPOLASMEC,9,6,3,35.56,,
104862,EXPOLASGUARDEXT,4,4,0,33.14,,
104864,REL200300100,3,0,3,139.18,,171.70
104867,12487-8DP,0,0,0,3.77,,
104868,LLB-72BK-UB-00,4,3,1,85.04,,
104869,LLB-72BK-UB-01,3,2,1,98.54,,
104870,LLB-73BK-01-WB,4,2,2,131.18,,
104871,LLB-73BK-01-BB,4,2,2,131.18,,
104884,BP2652,0,0,0,210.13,,
104891,EXPMOBCARBON2,1,1,0,158.66,,
104894,EXPACTION1-9,12,6,6,255.42,,
104899,EXPACTION9DOCK,12,6,6,33.72,,
104900,302400,11,5,6,13.99,,
104902,010-02830-00,2,2,0,187.49,,
104903,010-02829-00,2,1,1,112.49,,
104904,010-13286-02,0,0,0,19.49,,
104905,010-13286-01,0,0,0,16.24,,
104907,1080013-G,5,0,5,138.99,,
104909,001-638-240-00,0,0,0,102.73,,
104918,303100,6,6,0,9.99,,
104924,AK5505-7,12,3,9,12.30,,
104925,AK5512-7,10,3,7,12.38,,
104930,SSHD-001,9,8,1,5.99,,
104931,BWP-2023-001,0,0,0,22.50,25.00,
104936,W18-2ACLR-100,6,3,3,21.92,,
104942,SPH842,1,1,0,59.99,,
104943,SPH1250,4,4,0,79.99,,
104944,SPH1050,7,6,1,59.99,,
104945,SPH1042,7,7,0,59.99,,
104946,FP10BX,21,17,4,147.14,,
104947,VLB9,0,0,0,76.25,,
104948,N8NRM2TB,0,0,0,413.75,,
104949,H6HRLN2TB,0,0,0,356.25,,
104950,W18-2ACLR-250,5,3,2,51.92,,
104951,W16-2ACLR-100,5,2,3,31.15,,
104953,W16-2ACLR-250,2,0,2,72.12,,
104954,W14-2ACLR-100,9,5,4,41.54,,
104955,W14-2ACLR-250,4,1,3,98.08,,
104956,WUL18WH-35,7,1,6,5.90,,
104957,WUL18RD-35,3,0,3,5.90,,
104958,WUL18OR-35,7,3,4,5.90,,
104959,WUL18GN-35,8,4,4,5.90,,
104960,WUL18BL-35,3,1,2,5.90,,
104961,WUL18BK-35,6,4,2,5.90,,
104962,WUL14GN-25,6,4,2,6.46,,
104963,WUL1/0RD-50,4,2,2,182.31,,
104964,WUL1/0RD-250,2,0,2,900.00,,
104965,WUL1/0BK-250,2,1,1,900.00,,
104966,TE8-38R-25,12,7,5,22.28,,
104967,TE18-56R-25,27,15,12,13.93,,
104969,TDE18-250FIM-25,9,5,4,14.63,,
104970,TDE18-250FIM-100,27,12,15,61.73,,
104971,TDE14-250FIM-25,10,3,7,14.63,,
104972,TDE14-250FIM-100,28,13,15,61.73,,
104973,TBSE8-100,18,10,8,106.56,,
104974,TAE8-56R-10,13,10,3,7.84,,
104975,TAE8-38R-10,16,5,11,7.84,,
104976,TAE8-14R-10,17,9,8,8.71,,
104977,TAE8-10R-10,15,3,12,9.59,,
104978,TAE6-56R-10,19,7,12,10.46,,
104979,TAE6-38R-10,5,0,5,10.46,,
104980,TAE6-14R-10,20,10,10,13.06,,
104981,TAE6-10R-10,17,8,9,10.46,,
104982,TAE4-56R-10,36,14,22,10.74,,
104983,TAE4-38R-10,37,14,23,11.56,,
104984,TAE4/0-38R-10,15,10,5,27.64,,
104985,TAE2-56R-10,18,9,9,19.06,,
104986,TAE2-38R-10,18,4,14,19.06,,
104989,TAE2-14R-10,8,0,8,11.43,,
104990,TAE2/0-56R-10,10,1,9,21.73,,
104991,TAE2/0-38R-10,12,5,7,21.73,,
104992,TAE2/0-14R-10,9,6,3,16.01,,
104993,TAE1-56R-10,0,0,0,12.39,,
104994,TAE1-38R-10,16,9,7,12.29,,
104995,TAE1-14R-10,14,3,11,12.39,,
104996,TAE1/0-56R-10,15,10,5,17.53,,
104997,TAE1/0-38R-10,10,5,5,17.53,,
104998,TAE1/0-14R-10,21,9,12,16.39,,
104999,TDTP06F-2RS,35,25,10,9.03,,
105000,TDTP04F-4RP,37,27,10,11.29,,
105001,TDTP04F-2RP,32,22,10,9.33,,
105002,TDTP06F-4RS,38,28,10,12.13,,
105003,TDT04-3P-10,16,10,6,11.67,,
105004,TDT04-4P-10,8,6,2,15.67,,
105005,TDT04-6P-5,9,7,2,12.00,,
105006,TDT04-8P-5,7,4,3,17.32,,
105007,TDT04-12P-5,7,4,3,18.65,,
105009,TDT06-12S-5,6,4,2,21.32,,
105010,TDT06-2S-10,12,6,6,10.67,,
105011,TDT06-3S-10,7,4,3,21.32,,
105012,TDT06-4S-10,6,4,2,18.65,,
105013,TDT06-6S-5,5,1,4,17.99,,
105014,TDT06-8S-5,7,4,3,19.32,,
105015,TDTHD-1-4KT,0,0,0,29.97,,
105016,TDTHD-1-8KT,1,1,0,23.32,,
105017,T14DT-P-100,10,5,5,30.00,,
105018,T14DT-S-100,10,5,5,43.04,,
105019,T12DTP-P-10,11,5,6,5.78,,
105020,T12DTP-P-25,4,2,2,11.32,,
105021,T12DTP-S-10,10,4,6,6.00,,
105022,T12DTP-S-25,5,4,1,13.99,,
105024,T10DTP-P-10,11,5,6,6.64,,
105025,T10DTP-P-25,11,6,5,15.32,,
105026,T10DTP-S-10,11,5,6,7.33,,
105027,T10DTP-S-25,11,6,5,15.50,,
105028,T114017-25,1,0,1,3.32,,
105029,T114017-100,4,4,0,8.50,,
105030,BHW1-12BK-2,4,1,3,12.53,,
105031,BHW1-12RD-2,5,4,1,12.53,,
105032,BHW1-3BKRD,9,9,0,1.89,,
105033,BHW3/4-12BK-3,2,2,0,13.78,,
105034,BHW3/4-12RD-3,4,0,4,13.78,,
105035,BHW3/4-3BKRD,17,10,7,2.36,,
105036,BEHS1/2-12BK-5,8,3,5,11.91,,
105037,BEHS1/2-12RD-5,11,4,7,9.82,,
105038,BEHS1/2-3BKRD,14,9,5,2.58,,
105039,BEHS1/4-12BK-10,8,5,3,14.42,,
105040,BEHS1/4-12RD-10,1,1,0,14.42,,
105041,BEHS1/4-3BKRD,14,11,3,1.42,,
105042,BEHS1/8-12BK-10,10,4,6,9.88,,
105043,BEHS1-12BK-3,5,0,5,7.61,,
105044,BEHS1-12RD-3,0,0,0,9.15,,
105046,BEHS1-12YL-3,4,2,2,7.54,,
105048,BEHS1-3BKRD,16,10,6,2.84,,
105050,BEHS3/16-12BK-10,4,2,2,13.54,,
105052,BEHS3/16-12RD-10,7,3,4,15.20,,
105053,BEHS3/4-12BK-4,8,2,6,7.78,,
105054,BEHS3/4-12RD-4,10,5,5,7.14,,
105055,BEHS3/4-12YL-4,3,2,1,11.62,,
105056,BEHS3/4-3BKRD,19,10,9,3.14,,
105057,BEHS3/8-12BK-5,3,3,0,10.42,,
105058,BEHS3/8-12RD-5,4,2,2,10.88,,
105059,BEHS3/8-3BKRD,19,10,9,2.30,,
105064,BCCH04-100,9,4,5,7.11,,
105065,BCCH06-100,7,2,5,7.85,,
105066,BCCH02-25,10,5,5,1.95,,
105067,BCCH03-25,10,5,5,2.04,,
105068,BCCH04-25,7,3,4,2.39,,
105069,BCCH05-25,9,5,4,2.49,,
105070,BCCH06-25,6,3,3,2.70,,
105071,BCCH08-25,7,3,4,2.80,,
105072,BCCH10-25,10,5,5,3.31,,
105073,BCCH12-25,8,3,5,3.72,,
105074,BCCH16-25,7,2,5,5.28,,
105075,BCCH20-25,10,5,5,6.24,,
105076,BCCH24-25,9,5,4,7.09,,
105077,BCCH04-25BK,9,4,5,2.58,,
105078,BCCH05-25BK,9,5,4,2.68,,
105079,BCCH06-25BK,9,5,4,2.73,,
105080,BCCH08-25BK,3,2,1,3.08,,
105081,BCCH10-25BK,5,5,0,3.57,,
105082,BCCH12-25BK,7,4,3,4.49,,
105083,BCCH16-25BK,7,3,4,6.62,,
105084,BSSC04-10,8,5,3,6.99,,
105085,BSSC06-10,6,3,3,7.78,,
105086,BSSC08-10,1,0,1,8.19,,
105087,BSSC10-10,0,0,0,8.22,,
105088,BSSC12-10,8,4,4,8.86,,
105089,BSSC14-10,9,5,4,10.08,,
105090,BSSC16-10,7,3,4,10.64,,
105091,BSSC20-10,4,1,3,12.45,,
105092,BSSC24-10,2,0,2,13.09,,
105093,BSSC28-10,9,5,4,13.65,,
105094,BSSC32-10,6,3,3,15.32,,
105095,BSSC40-10,9,4,5,17.96,,
105096,BSSC48-10,8,5,3,21.95,,
105097,BSSC56-10,10,5,5,27.62,,
105098,E400-12-5,5,3,2,22.05,,
105101,CT1M-100,17,7,10,2.01,,
105103,CT1M-100BK,20,2,18,2.13,,
105104,CT2S-100,11,5,6,3.66,,
105105,CT2S-100BK,9,4,5,3.86,,
105106,CT3S-100,8,8,0,5.81,,
105107,CT3S-100BK,26,26,0,6.37,,
105108,CT4S-100,16,8,8,7.91,,
105109,CT4S-100BK,32,11,21,8.80,,
105110,CTMR2S-100,16,8,8,7.54,,
105111,CTMR2S-100BK,10,2,8,9.06,,
105112,CT1.5I-100,16,8,8,4.31,,
105113,CT1.5I-100BK,0,0,0,4.50,,
105114,CTMR4S-100BK,15,7,8,15.33,,
105115,CT4H-50BK,17,15,2,7.66,,
105116,CTM2S8-100,2,1,1,9.94,,
105117,CTM2S8BK-100,17,13,4,10.17,,
105118,CTM3S10-100,9,2,7,14.49,,
105119,CTM3S10BK-100,10,8,2,15.94,,
105120,BSW3/8BK-100,3,2,1,30.49,,
105121,BSW1/2BK-100,4,2,2,48.13,,
105122,BSW3/4BK-100,4,3,1,78.01,,
105123,BSW1BK-100,3,2,1,108.99,,
105124,1670DP2BLK,10,5,5,56.33,,
105125,EV2LE-ACC,0,0,0,8.51,,
105126,EV2LE-ANC,9,5,4,8.51,,
105127,EV2LE-ARCH,9,4,5,8.51,,
105128,EV2LE-BLG,3,2,1,8.51,,
105129,EV2LE-BLWR,10,5,5,8.51,,
105130,EV2LE-BTWL,3,3,0,8.51,,
105131,EV2LE-CKPT,5,3,2,8.51,,
105132,EV2LE-CTSY,0,0,0,8.51,,
105133,EV2LE-DECK,7,3,4,8.51,,
105134,779-LBJ-4,9,8,1,12.75,,
105135,779-LBJ-5,4,3,1,15.76,,
105136,779-LBJ-6,7,4,3,18.43,,
105137,SC-AOB-A-HOSEV-12,11,8,3,28.13,,
105140,EBB-BRKR3,0,0,0,78.37,,
105143,TBS8-10,10,8,2,20.33,,
105144,TBS6-10,15,11,4,9.76,,
105145,TBS4-2,11,9,2,3.43,,
105146,TBS2-2,37,18,19,4.31,,
105147,TBS2/0-2,32,19,13,6.05,,
105148,TBS1-2,39,20,19,4.31,,
105149,TBS1/0-2,37,18,19,5.64,,
105150,455T-TM903,1,1,0,584.27,,
105151,455T-PR903,0,0,0,1528.09,,
105152,455T-SS903,0,0,0,719.10,,
105153,1121693,4,4,0,6.00,,
105154,1121691,4,4,0,6.00,,
105155,EV2LE-FBX,8,4,4,8.51,,
105156,EV2LE-FRSH,6,3,3,8.51,,
105157,EV2LE-HRN,4,4,0,8.51,,
105158,EV2LE-LT,6,2,4,8.51,,
105159,EV2LE-LVWL,3,3,0,8.51,,
105160,EV2LE-NAV,3,3,0,8.51,,
105161,EV2LE-NAVANC,4,4,0,8.51,,
105162,EV2LE-RAW,6,5,1,8.51,,
105163,EV2LE-SPDR,7,2,5,8.51,,
105164,EV2LE-TRM,8,5,3,8.51,,
105165,EV2LE-UW,8,3,5,8.51,,
105166,EV2LE-WND,7,3,4,8.51,,
105167,EV2LE-WSHDWN,1,1,0,8.51,,
105168,PSC-11-BK,3,0,3,4.85,,
105169,PSC-21-BK,5,4,1,6.67,,
105170,PSC-22-BK,6,3,3,11.46,,
105171,PSC-31-BK,4,3,1,9.22,,
105172,PSC-41-BK,3,1,2,11.91,,
105173,PSC-61-BK,3,2,1,18.82,,
105174,PSC-81-BK,2,1,1,22.30,,
105175,24832JW,1,0,1,3738.91,,
105184,BXADAC10DWH-304,0,0,0,1118.00,,
105191,784-9220-01,0,0,0,723.27,,
105195,IRIS-S060-36,1,1,0,345.35,,
105235,XMUCC,46,27,19,52.86,,99.97
105238,199207,0,0,0,4.20,,
105239,302100,5,0,5,12.99,,
105266,FRBBC6-A,2,2,0,36.22,,
105267,FRBAP10,2,2,0,11.58,,
105268,FRBBC6,2,2,0,24.15,,
105269,P000173,2,2,0,23.61,,
105270,P000174,1,1,0,26.99,,
105271,001-240-520-00,1,0,1,227.27,,
105272,P000175,1,0,1,30.36,,
105273,P000159,2,2,0,30.36,,
105274,P000160,2,2,0,30.36,,
105275,P000161,2,2,0,30.36,,
105276,P000162,2,2,0,33.74,,
105277,P000163,2,2,0,33.74,,
105278,P000164,2,2,0,33.74,,
105279,P000165,2,2,0,33.74,,
105280,P000166,2,2,0,33.74,,
105281,P000167,2,2,0,37.11,,
105282,P000168,2,2,0,37.11,,
105283,P000169,4,4,0,37.11,,
105284,P000170,2,2,0,37.11,,
105285,P000171,0,0,0,37.11,,
105286,P000172,1,1,0,50.61,,
105292,58104-2000,25,8,17,110.40,,
105293,KSJX220BL,3,3,0,15.27,,
105294,KSJX220CB,4,4,0,15.27,,
105295,KSJX220CF,3,3,0,15.27,,
105296,KSJX220HS,4,4,0,15.27,,
105297,KSJX220MD,4,4,0,15.27,,
105298,KSJX220SB,1,1,0,15.27,,
105299,101922,3,2,1,161.92,,247.09
105301,KSJX220SP,4,4,0,15.27,,
105302,KSJX280BL,4,4,0,17.39,,
105303,KSJX280CB,4,4,0,17.39,,
105304,KSJX280CF,4,4,0,17.39,,
105305,KSJX280HS,2,2,0,17.39,,
105306,KSJX280MD,4,4,0,17.39,,
105307,KSJX280SB,2,2,0,17.39,,
105308,KSJX280SL,3,3,0,17.39,,
105309,KSJX280SP,2,2,0,17.39,,
105310,BGCX8BK,2,2,0,12.81,,
105311,BGCX8CF,3,3,0,12.81,,
105312,BGCX8MC,3,3,0,12.81,,
105313,BGCX8MH,2,2,0,12.81,,
105314,BGCX8SJ,1,1,0,12.81,,
105316,BGCX8SL,4,4,0,12.81,,
105317,TCRX5BK,4,4,0,9.21,,
105318,TCRX5CF,4,4,0,9.21,,
105319,TCRX5MC,4,4,0,9.21,,
105320,TCRX5MH,3,3,0,9.21,,
105321,TCRX5SJ,4,4,0,9.21,,
105322,TCRX5SL,0,0,0,9.21,,
105323,HSTC7CF,4,4,0,20.87,,
105324,HSTC7DK,4,4,0,20.87,,
105325,HSTC7MC,4,4,0,20.87,,
105326,HSTC7MH,3,3,0,20.87,,
105327,HSTC7RS,3,3,0,20.87,,
105328,HSTC7SJ,3,3,0,20.87,,
105329,HSTC7SL,4,4,0,20.87,,
105330,HUB102,10,6,4,359.09,,
105331,001-653-250-00,2,2,0,114.55,,
105332,001-653-260-00,4,2,2,101.82,,
105333,001-653-270-00,1,0,1,144.55,,
105334,WRJ-ADP-05M,2,2,0,50.00,,
105339,5000,2,2,0,1233.53,,1475.00
105340,5001,1,1,0,529.41,,599.99
105341,5002,0,0,0,19.48,,34.99
105342,5003,0,0,0,9.94,,17.99
105343,HSTC8CF,4,4,0,23.90,,
105344,HSTC8DK,4,4,0,23.90,,
105345,HSTC8MC,4,4,0,23.90,,
105346,HSTC8MH,4,4,0,23.90,,
105347,HSTC8RS,4,4,0,23.90,,
105348,HSTC8SJ,4,4,0,23.90,,
105349,HSTC8SL,4,4,0,23.90,,
105350,XRMAG15HDFFU,1,1,0,17.41,,
105351,XRMAG15HDSQ,6,6,0,17.41,,
105352,XRMAG20HDFFU,1,1,0,18.68,,
105353,XRMAG20HDSQ,3,3,0,18.68,,
105354,XRMAG30HDFFU,2,2,0,20.74,,
105355,XRMAG30HDSQ,3,3,0,20.74,,
105356,XRMAG40HDFFU,6,6,0,20.74,,
105357,XRMAG40HDSQ,3,3,0,20.74,,
105358,XRMAGST17MTG,5,5,0,20.74,,
105359,XRMAGXP130CLR,0,0,0,16.98,,
105360,RV8SP,3,3,0,37.35,,
105362,RHVDS,5,5,0,145.26,,
105363,RSFXF6,3,3,0,26.10,,
105364,RSFXF8,0,0,0,29.83,,
105365,RSFXF10,4,4,0,33.53,,
105366,RSFFXF6,3,3,0,26.10,,
105367,RSFFXF8,3,3,0,29.83,,
105368,696-108,0,0,0,11.92,,
105369,696-208,0,0,0,40.81,,
105370,696-108CH,0,0,0,11.92,,
105371,696-208CH,0,0,0,40.81,,
105372,696-108G,0,0,0,11.92,,
105374,696-110,0,0,0,11.92,,
105375,696-210,0,0,0,40.81,,
105376,696-110CH,0,0,0,11.92,,
105377,696-210CH,0,0,0,40.81,,
105378,696-110G,0,0,0,11.92,,
105380,696-112,0,0,0,11.92,,
105381,696-212,0,0,0,40.81,,
105382,696-112CH,0,0,0,11.92,,
105383,696-212CH,0,0,0,40.81,,
105385,1052,8,5,3,16.03,,
105386,XMZSLS3PC,13,1,12,16.49,,35.99
105387,XMSPC1G,7,4,3,35.00,,59.99
105388,696-112G,0,0,0,11.92,,
105390,XMMCMR10,24,3,21,10.36,,19.99
105391,696-114,0,0,0,11.92,,
105392,1081,9,6,3,16.03,,
105393,696-214,0,0,0,40.81,,
105394,696-114CH,0,0,0,11.92,,
105395,696-214CH,0,0,0,40.81,,
105396,696-114G,2,2,0,11.92,,
105398,41324P,0,0,0,19.75,,
105399,696-117,1,1,0,11.92,,
105400,696-217,0,0,0,40.81,,
105401,696-117CH,0,0,0,11.92,,
105402,696-217CH,0,0,0,40.81,,
105403,696-117G,2,2,0,11.92,,
105406,696-120,1,1,0,11.92,,
105407,696-220,0,0,0,40.81,,
105408,696-120CH,0,0,0,11.92,,
105409,696-220CH,0,0,0,40.81,,
105410,696-120G,2,2,0,11.92,,
105412,696-125,2,2,0,11.92,,
105413,696-225,0,0,0,40.81,,
105414,696-125CH,1,1,0,11.92,,
105415,696-225CH,0,0,0,40.81,,
105418,696-130,2,2,0,11.92,,
105419,696-230,0,0,0,40.81,,
105420,696-130CH,1,1,0,11.92,,
105421,696-230CH,0,0,0,40.81,,
105422,696-130G,2,2,0,11.92,,
105424,696-140,1,1,0,11.92,,
105425,696-240,0,0,0,40.81,,
105427,696-140CH,2,2,0,11.92,,
105428,696-240CH,0,0,0,40.81,,
105429,696-140G,0,0,0,11.92,,
105431,MJUFOXJ-BOX,0,0,0,42.34,,
105436,696-150,0,0,0,11.92,,
105437,696-250,0,0,0,40.81,,
105438,696-150CH,0,0,0,11.92,,
105439,696-250CH,0,0,0,40.81,,
105441,696-580,0,0,0,154.63,,
105442,696-590,0,0,0,154.63,,
105443,4265.65K,2,2,0,39.89,,
105444,4265.47K,1,0,1,94.58,,
105450,19-1240-18,2,0,2,41.29,,
105451,9241507,1,0,1,23.91,,
105453,001-647-940-00,0,0,0,49.09,,
105473,5395,0,0,0,165.56,,
105474,150400-200-040-25,4,0,4,70.00,,
105477,512120-1,15,9,6,14.31,,
105478,T-PF.P14/I,1,1,0,30.93,47.95,
105480,ZDIGAIS100QMA,4,2,2,339.97,,
105485,HB100,4,4,0,31.50,,
105486,HB125,2,2,0,31.50,,
105488,HUB-102-JMP,4,3,1,38.18,,
105489,544-SSW-S,0,0,0,1008.34,,
105507,660-250CC,0,0,0,44.87,,
105508,660-250G,1,1,0,44.87,,
105509,660-265CC,0,0,0,48.80,,
105510,T70583,0,0,0,541.66,,
105511,660-265G,1,1,0,48.80,,
105512,660-280CC,3,3,0,48.80,,
105513,660-280G,2,2,0,48.80,,
105515,9620001835,3,1,2,671.33,,1118.89
105517,62-541-WT,9,3,6,52.44,,
105518,9620001837,0,0,0,503.33,,838.89
105519,9620001838,3,2,1,469.73,,782.89
105520,62-541-BL,12,4,8,52.44,,
105522,62-542-WT,2,2,0,52.44,,
105523,9620001840,2,1,1,469.73,,782.89
105524,62-542-BL,15,3,12,52.44,,
105531,9620012874,7,4,3,53.09,,88.49
105532,9620012875,1,0,1,59.81,,99.69
105533,884213BLK,1,1,0,1308.32,2192.99,
105534,9620012876,4,2,2,147.17,,245.29
105535,9620012877,4,3,1,100.13,,166.89
105536,9620012878,4,2,2,127.07,,211.69
105537,9620012879,4,2,2,73.25,,122.09
105538,9620012880,4,2,2,66.53,,110.89
105539,9620012881,7,4,3,106.85,,178.09
105540,9620012882,3,2,1,113.57,,189.29
105541,9620012883,3,3,0,79.97,,133.29
105542,SC-CW-10GT,14,3,11,101.20,,
105543,97XD-24-190,1,0,1,1599.69,2561.00,
105555,A2-5.6-LH,0,0,0,113.28,,
105556,A2-5.6-RH,2,2,0,113.28,,
105557,A2-6.8-LH,0,0,0,113.28,,
105558,A2-6.8-RH,1,1,0,113.28,,
105559,A2-7.5-LH,0,0,0,113.28,,
105560,A2-7.5-RH,0,0,0,113.28,,
105561,A2-8.3-LH,0,0,0,113.28,,
105562,A2-8.3-RH,1,1,0,113.28,,
105570,CA3-6.3-LH,0,0,0,155.07,,
105571,CA3-6.3-RH,2,2,0,155.07,,
105573,CA3-8.1-RH,2,2,0,155.07,,
105575,TX2-7.5-LH,0,0,0,191.17,,
105576,TX2-7.5-RH,0,0,0,191.17,,
105580,ING2-6.6-LH,0,0,0,99.11,,
105581,ING2-6.6-RH,1,1,0,99.11,,
105582,ING2-7.3-LH,0,0,0,99.11,,
105583,ING2-7.3-RH,2,2,0,99.11,,
105584,ING2P-5.3-LH,0,0,0,99.11,,
105586,ING2P-5.3-RH,2,2,0,99.11,,
105587,017462101,0,0,0,137.52,,
105592,INSLD2-8.1-LH,0,0,0,99.13,,
105619,MODC2-6.6-LH,0,0,0,70.80,,
105620,MODC2-6.6-RH,2,2,0,70.80,,
105621,MODC2-8.1-LH,0,0,0,70.80,,
105622,MODC2-8.1-RH,0,0,0,70.80,,
105623,MODSZ2-7.3-LH,0,0,0,92.04,,
105624,MODSZ2-7.3-RH,1,1,0,92.04,,
105635,AL13-5.2-3.0,4,4,0,112.59,,
105636,AL13-5.2-4.0,0,0,0,119.66,,
105637,AL13-5.2-6.0,4,4,0,140.91,,
105638,AL13-6.2-3.0,0,0,0,112.59,,
105639,AL13-6.2-6.0,3,3,0,140.91,,
105643,SORF-5.2-1.0-CP,0,0,0,34.35,,
105644,SORF-5.2-2.0-CP,0,0,0,34.35,,
105645,SORF-5.2-3.0-CP,2,2,0,34.35,,
105646,SORF-5.2-4.0-CP,3,3,0,34.35,,
105647,SORR-5.2-1.0-CP,0,0,0,26.67,,
105648,SORR-5.2-2.0-CP,0,0,0,26.67,,
105649,SORR-5.2-3.0-CP,1,1,0,26.67,,
105650,SORR-5.2-4.0-CP,2,2,0,26.67,,
105667,SHU065130050,1,1,0,57.88,,71.40
105668,MS6007S,12,7,5,26.04,,
105670,99454,8,5,3,1088.75,,
105671,SHU050130050,34,2,32,57.88,,71.40
105680,4BMS-S,0,0,0,104.99,131.75,
105682,2023043513,11,6,5,54.21,,
105683,2024028468,0,0,0,54.21,,
105684,504713,0,0,0,193.89,324.99,
105685,MD2020-191-0-235,1,1,0,144.99,,199.99
105686,105730,64,20,44,11.51,,
105687,105736,29,16,13,17.25,,
105688,105737,12,12,0,24.16,,
105689,105745,43,24,19,10.45,,
105690,105747,55,24,31,15.69,,
105691,105749,18,7,11,20.93,,
105692,1315-FT,51,51,0,1.16,,
105693,03-4015-11,37,14,23,10.67,15.99,
105694,03-4044-11,16,11,5,10.67,15.99,
105697,RSHMTH2,1,1,0,12.54,,
105698,RV13BP,3,3,0,45.28,,
105699,996476221,4,4,0,140.35,,
105700,RF50101,6,1,5,31.64,48.40,
105701,011044,0,0,0,38.67,49.00,
105704,010-02892-00,3,0,3,749.99,,
105705,010-02892-10,5,0,5,524.99,,
105706,010-02892-11,1,0,1,524.99,,
105708,010-12531-11,11,8,3,26.24,,
105709,9610007270,0,0,0,427.85,,
105710,9610007272,0,0,0,438.74,,
105711,1520,7,3,4,69.29,,
105713,SDFI0000000,0,0,0,232.88,,287.30
105716,105545,7,3,4,41.24,,
105717,105320,7,4,3,60.00,,
105718,105322,11,4,7,52.15,,
105720,105770,10,4,6,61.96,,
105721,105327,8,4,4,77.24,,
105722,105329,8,4,4,77.24,,
105728,105335,7,3,4,94.91,,
105729,104706,32,14,18,76.00,,
105733,B00171201,0,0,0,217.01,367.47,
105737,151200-200-005-13,0,0,0,63.53,,
105764,BBTH0920002,0,0,0,30.00,,
105767,105333,8,4,4,97.96,,
105769,A8SQ4893UB-02,2,1,1,500.50,,
105770,A8SQ4893UB-10,1,0,1,500.50,,
105771,A8SQ4893UB-04,1,1,0,500.50,,
105772,A4681UB-02,3,1,2,378.34,,
105773,A4681UB-10,3,1,2,378.34,,
105774,A4681UB-04,3,1,2,378.34,,
105775,A4669UB-02,2,1,1,347.80,,
105776,A4669UB-10,2,1,1,347.80,,
105777,A4669UB-04,2,1,1,347.80,,
105778,A5487UB-02,2,2,0,412.60,,
105779,A5487UB-10,1,1,0,412.60,,
105781,A5487UB-04,2,2,0,412.60,,
105782,A4675UB-02,2,1,1,354.20,,
105783,A4675UB-10,2,1,1,354.20,,
105784,A4675UB-04,2,1,1,354.20,,
105785,A5481UB-02,2,1,1,387.23,,
105786,A5481UB-10,1,1,0,387.23,,
105787,A5481UB-04,2,1,1,387.23,,
105789,85.37,0,0,0,1311.76,,
105791,03-4128-11,0,0,0,14.19,20.99,
105792,03-4129-11,25,24,1,14.19,20.99,
105793,03-4145-11,40,24,16,16.22,23.99,
105794,03-4146-11,11,6,5,19.59,28.99,
105795,03-4108-11,16,11,5,10.14,14.99,
105796,01-4154-11,20,15,5,20.95,30.99,
105797,01-4155-11,18,10,8,27.70,40.99,
105798,01-4156-11,27,20,7,40.54,59.99,
105799,09-4160-11,10,4,6,27.70,40.99,
105800,09-4151-11,28,10,18,43.33,64.99,
105801,08-0085-11,17,7,10,24.00,35.99,
105802,001-647-020-00,4,2,2,122.73,,
105808,CA-0186,0,0,0,110.88,,
105811,R3005,0,0,0,43.74,,
105812,R3003,6,4,2,52.54,,
105813,R3001,5,3,2,104.50,,
105814,R2007,2,2,0,54.36,,
105815,R1004,0,0,0,47.70,,
105816,R1005,0,0,0,11.39,,
105817,R3008,4,3,1,32.34,,
105818,R2003,6,4,2,79.66,,
105819,R3000,0,0,0,56.80,,
105820,R3011,6,4,2,21.70,,
105826,BAT512110620,0,0,0,788.90,,973.25
105827,BAT512115620,0,0,0,1141.67,,1408.45
105828,BAT512120620,0,0,0,1202.30,,1483.25
105829,BAT512130620,0,0,0,1874.08,,2312.00
105830,BAT524110620,0,0,0,1451.03,,1790.10
105831,BAT524130620,4,0,4,3188.69,,3933.80
105832,BAT548110620,7,0,7,2452.84,,3026.00
105836,LSKIT,20,11,9,25.38,,
105843,100-4906,2,2,0,289.02,,399.99
105844,KF5000BLK,6,2,4,111.54,,
105845,3092,0,0,0,552.46,,
105846,S-7015C,0,0,0,7.01,,
105854,41150,4,2,2,27.00,,
105855,41165,3,2,1,45.36,,
105872,02-4040-11,11,9,2,17.33,25.99,
105873,02-4048-11,24,21,3,9.33,13.99,
105874,08-0052-11,20,9,11,12.67,18.99,
105875,08-0105-11,6,0,6,33.33,49.99,
105876,08-0106-11,10,4,6,33.33,49.99,
105877,09-4227-11,20,9,11,50.00,79.99,
105878,11-4191-11,175,90,85,136.36,,
105879,11-4190-11,125,61,64,184.99,,
105881,ORI303100000,8,4,4,954.26,,1177.25
105882,412000-1CHO,168,103,65,1151.76,,1299.99
105883,412000-1,133,80,53,1328.95,,1499.99
105884,412010-1CHO,223,142,81,1710.33,,2099.99
105885,412010-1,230,141,89,1881.37,,2299.99
105886,412020-1CHO,91,60,31,2137.92,,2699.99
105887,412020-1,142,92,50,2308.95,,2899.99
105888,99047,0,0,0,37.20,,
105900,740236-1,6,1,5,68.18,,
105901,740237-1,9,6,3,68.18,,
105902,740238-1,3,1,2,68.18,,
105903,740233-1,7,3,4,60.60,,
105904,740234-1,7,4,3,60.60,,
105905,740235-1,7,5,2,60.60,,
105906,710310-1,5,5,0,1351.16,,1599.99
105907,740252-1,4,4,0,98.48,,
105908,MPD740.5,6,3,3,293.27,449.99,
105909,MPD380.4,8,4,4,219.93,329.99,
105910,MPD500.1,12,6,6,146.60,229.99,
105911,602014-2,2,0,2,389.64,,599.99
105912,602024-1,3,3,0,194.81,,299.99
105916,41152,4,2,2,27.00,,
105917,41166,3,2,1,45.36,,
105918,41153,4,0,4,28.08,,
105920,41167,2,0,2,47.52,,
105921,41154,3,2,1,28.08,,
105922,41168,4,2,2,47.52,,
105923,41155,4,2,2,37.27,,
105924,41169,4,2,2,62.11,,
105925,41156,4,2,2,45.91,,
105926,41170,4,2,2,76.15,,
105927,41157,4,2,2,35.11,,
105928,41171,4,2,2,58.32,,
105929,41158,4,2,2,38.35,,
105930,41172,4,2,2,63.72,,
105931,41159,4,2,2,31.32,,
105933,41173,4,2,2,52.39,,
105934,41160,3,2,1,24.31,,
105935,41174,4,2,2,40.51,,
105936,41161,4,2,2,24.31,,
105937,41175,4,2,2,40.51,,
105938,41162,4,2,2,24.84,,
105939,41176,4,2,2,41.59,,
105940,B60-20-MM,15,5,10,177.15,227.49,
105943,X500.391,2,1,1,92.04,,
105968,28100699,4,3,1,574.06,,699.95
105969,IRIS-A118,0,0,0,1837.50,,
105970,IRIS-A418,1,0,1,1932.25,,
105971,IRIS-A295,0,0,0,2995.00,,
105972,IRIS-A395,1,0,1,3995.00,,
105973,IRIS599,0,0,0,348.84,,
105974,CMAC-INT003A,2,1,1,348.84,,
105975,HDMI2IP01,0,0,0,203.49,,
105976,MV7010-4-XS/S,4,2,2,40.61,,
105977,MV7010-4-M/L,7,2,5,40.61,,
105978,MV7010-4-XL/XXL,10,4,6,40.61,,
105979,MV7010-25-XS/S,0,0,0,40.61,,
105980,MV7010-25-M/L,0,0,0,40.61,,
105981,MV7010-25-XL/XXL,0,0,0,40.61,,
105982,MV7010-131-XS/S,0,0,0,40.61,,
105983,MV7010-131-M/L,0,0,0,40.61,,
105984,MV7010-131-XL/XXL,0,0,0,40.61,,
105985,601FC,14,2,12,45.73,,
105986,603FC,0,0,0,48.43,,
105987,605FC,0,0,0,51.96,,
105988,601STC,14,7,7,49.33,,
105989,603STC,0,0,0,52.85,,
105990,605STC,6,6,0,61.62,,
105991,601C,26,8,18,49.33,,
105992,603C,2,2,0,57.90,,
105993,605C,10,4,6,61.62,,
105994,65DR,30,18,12,29.21,,
105995,66DR,6,5,1,35.67,,
105996,67DR,10,10,0,38.46,,
105997,V50AJ-115N-3A,14,5,9,338.67,,
105998,33610-0107,4,2,2,340.68,,
105999,03-4064-51,8,1,7,20.00,29.99,
106000,03-4066-51,11,6,5,24.00,35.99,
106001,02-4043-11,38,22,16,6.85,9.99,
106002,03-4144-11,3,3,0,16.67,24.99,
106033,010-13290-10,0,0,0,51.99,,
106034,010-13290-11,0,0,0,51.99,,
106035,010-13290-00,0,0,0,51.99,,
106036,010-13290-01,0,0,0,51.99,,
106037,010-13291-11,0,0,0,58.49,,
106038,010-13291-00,0,0,0,58.49,,
106039,SMS200-01,0,0,0,636.39,,
106040,010-13291-10,0,0,0,58.49,,
106041,010-13291-01,0,0,0,58.49,,
106042,010-13292-00,0,0,0,64.99,,
106043,010-13292-10,0,0,0,64.99,,
106044,010-13292-01,0,0,0,64.99,,
106045,010-13292-11,0,0,0,64.99,,
106046,010-13286-00,0,0,0,9.75,,
106048,010-13293-11,0,0,0,45.49,,
106049,010-13293-10,0,0,0,45.49,,
106050,010-13293-00,0,0,0,45.49,,
106052,010-13293-01,0,0,0,45.49,,
106053,010-13286-04,3,0,3,12.99,,
106055,010-13294-00,0,0,0,58.49,,
106056,010-13294-10,0,0,0,58.49,,
106057,010-13294-11,0,0,0,58.49,,
106059,010-13294-01,0,0,0,58.49,,
106062,CL-6,10,5,5,202.57,,
106064,RS-1008-HV,0,0,0,807.50,,
106065,FWHL-NVG,3,3,0,67.50,,
106070,B001999,8,2,6,10.57,22.41,
106071,B002000,2,0,2,8.00,22.41,
106072,B002001,5,2,3,8.00,22.41,
106073,B002002,5,3,2,10.57,22.41,
106074,B002003,6,2,4,8.00,22.41,
106075,B002004,3,0,3,10.57,22.41,
106076,B002005,3,3,0,8.00,22.41,
106077,B002006,6,4,2,8.00,22.41,
106078,B002007,6,2,4,21.29,44.91,
106079,B002008,4,2,2,21.29,44.91,
106080,03-4064-11,15,15,0,20.27,29.99,
106081,08-0082-11,2,1,1,32.00,47.99,
106082,08-0081-11,9,4,5,32.00,47.99,
106083,02-4053-11,23,11,12,10.67,15.99,
106085,634003,0,0,0,2888.89,,
106087,08-0083-11,11,5,6,32.00,47.99,
106088,02-4130-11,21,2,19,24.67,36.99,
106091,260-4001,5,4,1,34.46,,
106092,77275,2,0,2,63.33,,
106093,77276,2,0,2,63.33,,
106094,77277,0,0,0,63.33,,
106095,77274,1,0,1,15.83,,
106096,77275-1,2,0,2,12.67,,
106097,77278,0,0,0,116.11,,
106098,77279,4,2,2,116.11,,
106099,77278-1,1,1,0,17.94,,
106100,77274-1,1,1,0,16.89,,
106103,58354,0,0,0,35.78,,
106104,11501700,5,3,2,40.50,,
106105,11701700,4,2,2,54.18,,
106106,11801700,3,2,1,55.69,,
106108,F16-0861POL-1,12,6,6,123.04,,
106202,10351,1,0,1,6.94,,
106234,21-100-002A,0,0,0,2711.08,,
106264,CKS032,22,8,14,10.45,13.51,
106265,CKS102,39,28,11,18.96,24.52,
106266,CKS132ST,26,11,15,23.32,30.16,
106270,CKL081,41,17,24,14.15,18.30,
106274,KS102,16,11,5,18.96,24.52,
106281,KS132,14,3,11,22.68,29.33,
106284,KS132ST,13,0,13,23.32,30.16,
106286,KS162,7,1,6,26.49,34.26,
106290,KL081,44,25,19,14.15,18.30,
106293,SK102,10,3,7,19.31,24.96,
106294,SK162,23,22,1,28.07,36.30,
106297,PH132,18,18,0,19.95,25.79,
106300,EX161,22,10,12,29.20,37.80,
106305,FL132,16,16,0,17.07,22.00,
106307,MC081,41,18,23,16.80,21.80,
106310,MC161,11,7,4,25.20,32.50,
106320,SPS3000,0,0,0,581.81,,
106375,SDFI0000110,6,2,4,232.88,,287.30
106377,11-4219-11,20,12,8,16.00,23.99,
106378,11-4206-11,32,14,18,20.67,30.99,
106379,11-4204-11,18,9,9,47.30,69.99,
106380,02-4032-11,9,2,7,11.33,16.99,
106381,02-4009-11,0,0,0,20.00,29.99,
106382,04-4092-11,10,3,7,111.25,177.99,
106383,02-4158-11,42,34,8,26.00,38.99,
106386,FFBT-SSS-DP,17,6,11,62.36,,
106387,FFBT-DSS-DP,11,3,8,109.76,,
106391,WSV100-01,12,8,4,542.32,,
106401,LP-WS,0,0,0,560.00,680.00,
106402,LP-WX,0,0,0,560.00,680.00,
106403,LP-BS,0,0,0,560.00,680.00,
106404,LP-BX,1,1,0,560.00,680.00,
106405,LP-WSU,2,2,0,560.00,680.00,
106406,LP-WXU,0,0,0,560.00,680.00,
106407,LP-BSU,3,2,1,560.00,680.00,
106408,LP-BXU,3,1,2,560.00,680.00,
106410,5015,15,10,5,35.79,,
106415,3374-1800,0,0,0,184.65,,
106416,3374-713,2,2,0,184.65,,
106417,3374-784,0,0,0,184.65,,
106420,G211606,21,9,12,9.06,,
106421,105729,95,48,47,11.51,,
106422,105733,62,30,32,17.25,,
106423,105734,14,2,12,23.02,,
106424,105731,96,48,48,11.51,,
106425,105739,62,31,31,17.25,,
106426,105740,24,12,12,23.02,,
106427,105732,94,47,47,11.51,,
106428,105742,63,31,32,17.25,,
106429,105743,24,12,12,23.02,,
106430,105746,89,47,42,10.45,,
106431,105748,62,30,32,15.69,,
106432,105750,20,10,10,20.93,,
106436,105730C,1,0,1,276.22,,
106437,105736C,1,1,0,276.07,,
106438,105737C,1,1,0,276.22,,
106439,105729C,3,2,1,276.22,,
106440,105733C,3,1,2,276.07,,
106441,105734C,1,0,1,276.22,,
106442,105731C,4,2,2,276.22,,
106443,105739C,2,1,1,276.07,,
106444,105740C,2,1,1,276.22,,
106445,105732C,2,1,1,276.22,,
106446,105742C,3,1,2,276.07,,
106447,105743C,2,1,1,276.22,,
106448,105745C,1,1,0,250.91,,
106449,105747C,2,1,1,251.05,,
106450,105749C,0,0,0,251.13,,
106451,105746C,2,1,1,250.91,,
106452,105748C,3,1,2,251.05,,
106453,105750C,0,0,0,251.13,,
106456,SG2-0408,0,0,0,38.48,,
106466,MCU006H,0,0,0,420.67,,
106469,101289,0,0,0,88.67,,141.59
106477,08830P1WHT,0,0,0,1541.01,,
106480,ARG080201000,6,2,4,40.65,,50.15
106481,ARG080202000,6,3,3,31.69,,39.10
106482,ARG140301020R,6,3,3,77.17,,95.20
106484,ARG180301020,8,3,5,88.88,,109.65
106487,ASS030530250,8,3,5,17.91,,22.10
106488,BCD000402000,19,8,11,29.63,,36.55
106491,BPR048100400,18,5,13,97.15,,119.85
106493,BPR110048000,15,4,11,111.62,,137.70
106494,N03160,10,6,4,18.70,23.18,
106495,301-105ST-PRO-I,0,0,0,2169.37,,2440.54
106496,300-114G2ST-PRO-I,0,0,0,1408.69,,1584.77
106518,GS-860,4,4,0,1054.74,,1299.99
106520,N05090,5,2,3,24.32,27.73,
106526,SW93300,0,0,0,2045.53,,
106527,SW45680,3,2,1,240.00,,
106532,40040,7,4,3,13.50,15.37,
106533,42356,7,4,3,3.01,3.78,
106534,43202,6,2,4,35.01,43.93,
106535,150400-200-030-25,6,0,6,70.00,,
106536,43203,4,2,2,36.53,45.85,
106537,43204,3,2,1,38.01,47.70,
106538,43504,4,2,2,105.26,108.30,
106540,60142,6,3,3,24.01,26.09,
106541,N00111,6,4,2,7.71,9.77,
106542,N00130,8,4,4,17.99,22.83,
106543,N00131,6,4,2,19.49,24.72,
106544,N00160,8,0,8,7.18,9.11,
106545,N00170,5,3,2,12.92,16.37,
106546,N00190,4,2,2,9.88,12.53,
106547,N00191,5,3,2,10.96,13.90,
106548,N00210,5,2,3,15.35,19.47,
106549,N03110,5,4,1,12.56,15.13,
106550,N03230,4,2,2,35.65,37.88,
106551,890191,12,6,6,7.80,16.97,
106552,890192,8,2,6,7.39,15.97,
106554,1660236,2,0,2,923.54,,
106560,UDST800B-N2,0,0,0,1200.45,1635.00,
106571,48-570,20,0,20,13.47,,
106572,12-120,2,0,2,10.21,,
106573,12-121,3,0,3,15.25,,
106574,12-122,0,0,0,19.09,,
106575,12-320,3,0,3,21.03,,
106576,12-321,5,0,5,28.72,,
106577,12-322,3,0,3,31.53,,
106578,14-205,0,0,0,55.21,,
106579,14-206,4,0,4,56.55,,
106580,15-212,0,0,0,30.64,,
106581,01-110,1,0,1,125.97,,
106584,104300-105-001-25,0,0,0,25.91,,
106585,104300-500-001-25,0,0,0,25.91,,
106586,142200-505-000-25,1,1,0,36.00,,
106587,142200-105-000-25,5,3,2,38.00,,
106589,2160925,3,1,2,26.93,,
106590,2160977,0,0,0,26.91,,
106593,FIP-460,6,2,4,400.95,,
106594,9610007276,2,0,2,399.99,,
106595,313600022,0,0,0,104.21,,
106599,BI-1602,3,2,1,124.99,,
106600,BI-1603,1,0,1,184.99,,
106601,BI-1203-3A,3,1,2,144.99,,
106604,BI-0702-4,3,1,2,59.99,,
106617,R70663,10,4,6,23.85,,
106618,304716002,0,0,0,420.19,,
106621,980670311,0,0,0,130.43,,
106622,07-66-036,6,2,4,76.91,,
106624,BAR-VA-1W,15,10,5,81.81,119.00,
106625,BAR-VA-1B,21,11,10,81.81,119.00,
106626,BAR-LSUG-1,7,3,4,205.56,299.00,
106632,SK880,14,6,8,36.44,,
106634,9610007271,0,0,0,417.15,,
106635,9610007285,0,0,0,432.84,,
106638,0125-0390,7,0,7,32.99,,
106643,309311004,46,21,25,91.25,,
106645,P13672-9010TEBBK,0,0,0,3611.75,,
106646,P16672-9010TEBGR,0,0,0,3611.75,,
106647,P13672-9010TEBCL,0,0,0,3611.75,,
106648,P13672-9010TEBGG,0,0,0,3770.55,,
106659,MF10U,110,30,80,27.56,,
106678,SFR3230/3X,0,0,0,1666.88,,
106679,SFR1260/3X,1,0,1,1528.75,,
106680,SFR2460/3X,2,0,2,1851.25,,
106681,SFR2440/3X,2,0,2,1503.75,,
106682,SFR-TEMP,4,0,4,81.25,,
106687,WR8/4-100,0,0,0,620.77,,
106688,A503-14BBD,0,0,0,89.63,,
106690,PRO-MUX-2,0,0,0,795.06,,
106691,PRO-NDC-1E2K,0,0,0,614.16,,
106692,30651-1000,29,11,18,6.46,,
106700,11059,0,0,0,141.65,,
106701,AT-9500,0,0,0,36.11,,
106720,8071,13,6,7,74.80,,
106727,ASV125A,0,0,0,203.50,,
106728,AIRVH38,0,0,0,86.18,,
106729,FTR470/19,0,0,0,81.81,,
106730,150Q,4,0,4,9.64,,
106731,150G,0,0,0,22.00,,
106732,155Q,0,0,0,9.29,,
106733,155G,0,0,0,22.84,,
106734,824,0,0,0,30.32,,
106736,22571WU,4,2,2,3045.68,,
106738,SEA-HDM-BOLT-3/4-4,0,0,0,26.67,,
106739,SEA-HDM-BOLT-3/4-5,0,0,0,44.00,,
106740,SEA-HDM-BOLT-3/4-6,6,1,5,52.00,,
106741,SEA-HDM-NUT-3/4,10,0,10,21.33,,
106742,SEA-HDM-MAG-MOUNT,16,8,8,250.00,,299.00
106752,MF5U,50,43,7,21.23,,
106754,280801001,0,0,0,15.59,,
106757,99474,2,1,1,1112.50,,
106758,99464,2,1,1,1190.00,,
106759,99484,1,1,0,1770.00,,
106766,808-8040-10,8,5,3,83.94,,
106769,44001,4,2,2,204.78,249.30,
106770,44010,5,3,2,227.78,295.20,
106771,44011,4,2,2,250.00,324.00,
106772,44020,4,2,2,269.44,349.20,
106773,44021,4,2,2,291.67,378.00,
106774,44030,7,3,4,277.08,359.10,
106775,44031,7,5,2,299.31,387.90,
106776,44035,6,4,2,361.11,468.00,
106777,44036,6,4,2,383.33,496.80,
106778,44040,0,0,0,388.89,504.00,
106779,44041,0,0,0,411.11,532.80,
106780,88000,4,1,3,57.65,58.46,
106783,PST12EX2,2,1,1,2034.88,,
106785,HS2011K,22,10,12,39.99,59.99,
106786,SFD-300-HG,0,0,0,84.67,,99.00
106787,SFD-1000-P,13,9,4,127.43,,149.00
106788,SFD-1000-G,20,7,13,135.99,,159.00
106789,SFD-1414P-MTB,3,1,2,170.20,,199.00
106790,SFD-1414P-MTB-WP,0,0,0,255.72,,299.00
106791,SFD-1824P-MTB,3,2,1,187.30,,219.00
106792,SFD-1824P-MTB-WP,0,0,0,272.83,,319.00
106793,SFD-1000-N2K,24,15,9,251.84,,319.00
106794,SFD1000R-T1-BO-BL-3FT,0,0,0,251.84,,319.00
106795,SFD1000R-T1-BO-BL-10FT,0,0,0,259.74,,329.00
106796,SFD1000R-T1-BO-BL-20FT,0,0,0,267.63,,339.00
106797,SFD1000R-T1-WO-WH-3FT,0,0,0,251.84,,319.00
106798,SFD1000R-T1-WO-WH-10FT,0,0,0,259.74,,329.00
106799,SFD1000R-T1-WO-WH-20FT,0,0,0,267.63,,339.00
106800,SFD1000R-T1-BR-BL-3FT,0,0,0,251.84,,319.00
106801,SFD1000R-T1-BR-BL-10FT,0,0,0,259.74,,329.00
106802,SFD1000R-T1-BR-BL-20FT,0,0,0,267.63,,339.00
106804,SFD1000HB-W1-BO-CH-202045,0,0,0,437.37,,554.00
106807,"HTM-4 RED",0,0,0,119.37,,
106811,6131,2,0,2,81.55,,
106812,CM-A31-1100B,5,4,1,38.99,,59.99
106813,CM-A31-2000B,8,4,4,84.49,,129.99
106814,CM-A31-2000B-24V,7,3,4,89.99,,149.99
106816,CM-B31-1100B,8,4,4,77.99,,119.99
106817,CM-B31-2000B,7,4,3,154.09,,229.99
106818,CM-B31-2000B-24V,8,4,4,159.99,,249.99
106819,CM-60-750B,2,2,0,45.49,,69.99
106820,CM-60-1100B,1,1,0,64.99,,99.99
106821,CM-C31-1100L,6,3,3,38.39,,59.99
106822,CM-D31-1100L,6,3,3,38.39,,59.99
106823,CM-E31-1100L,7,4,3,38.39,,59.99
106824,CM-33-30D,6,2,4,97.49,,149.99
106825,CM-55-55D,3,3,0,149.49,,229.99
106826,CM-1-12MP,4,2,2,100.04,,149.99
106827,CM-1-12MP-24V,8,4,4,117.99,,199.99
106828,CM-202S,5,1,4,20.99,,29.99
106829,CM-402S,8,4,4,32.49,,49.99
106830,CM-2-BS,6,4,2,26.59,,37.99
106831,CM1RMT,3,3,0,405.99,,579.99
106832,CM2RMT,2,2,0,405.99,,579.99
106833,CM3RMT,2,2,0,510.30,,729.00
106834,CM4RMT,2,2,0,559.30,,799.99
106835,CM5RMT,2,2,0,650.30,,929.00
106836,CM6RMT,2,2,0,719.99,,999.99
106837,CM-3-18PT,2,2,0,99.96,,144.99
106838,CM-33-DBS,4,2,2,329.99,,499.99
106840,CIP138200020,6,1,5,37.89,,46.75
106841,PMP121800100,4,1,3,322.45,,397.80
106842,CIP138040020,2,0,2,37.89,,46.75
106843,CIP138060020,10,4,6,37.89,,46.75
106849,"A95 M/Y-32",1,1,0,794.91,,
106862,010-02167-21,22,13,9,48.99,,
106863,MD32-1F,0,0,0,3148.01,,
106864,KITOBSVS-12',1,0,1,187.45,,
106869,017460001,4,3,1,127.59,,
106870,200-012G2+022G2,0,0,0,1277.92,,1437.66
106983,N01110,6,4,2,8.78,11.02,
106984,N01230,5,2,3,28.07,28.99,
106985,N04150,9,5,4,34.60,43.47,
106986,N04160,9,6,3,28.40,35.69,
106987,N05110,2,0,2,21.06,26.72,
106988,N05120,6,2,4,29.42,34.88,
106989,N05130,5,3,2,40.64,46.80,
106990,N06110,4,2,2,25.49,31.35,
106991,N07130,4,2,2,74.28,86.21,
106992,43503,4,2,2,95.25,98.89,
106993,43506,4,2,2,124.89,161.85,
106995,60449,8,4,4,11.22,14.09,
106996,70100,7,3,4,19.71,24.73,
106997,81502,4,0,4,178.24,236.09,
106998,010-12344-00,0,0,0,22.49,,
107000,30703-1000,17,9,8,27.77,,
107013,117127,9,0,9,111.86,,172.99
107014,E70673,0,0,0,196.01,,
107018,SCM-SLF4X-GW-WH,0,0,0,122.50,,
107019,SCM-SLF4X-GW-BK,0,0,0,122.50,,
107020,SCM-SLB4X-GW-WH,4,2,2,135.00,,
107021,SCM-SLB4X-GW-BK,4,0,4,135.00,,
107022,SCM-CLS-CW-SS,3,3,0,50.00,,
107026,7066,5,0,5,146.85,,
107027,7069,3,0,3,231.91,,
107028,7036,4,0,4,152.52,,
107037,08-0073-11,2,1,1,54.67,81.99,
107038,ORI122410110,3,1,2,51.67,,63.75
107060,PST-1000-12HD,0,0,0,487.05,671.70,
107061,104025,6,3,3,47.65,,
107066,6300,4,1,3,280.12,,
107067,GS-960,2,0,2,1391.53,,1799.99
107068,EZUKIT310002,1,1,0,268.65,,
107069,EZUKIT310003,0,0,0,268.65,,
107070,EZUKIT310006,1,1,0,268.65,,
107071,EZUKIT410002,2,2,0,268.65,,
107072,EZUKIT410003,3,1,2,268.65,,
107073,EZUKIT410006,2,2,0,268.65,,
107074,EZUKIT710002,3,2,1,268.65,,
107075,EZUKIT710003,1,1,0,268.65,,
107076,EZUKIT710006,1,1,0,268.65,,
107081,7037,4,0,4,95.83,143.65,
107082,7038,4,0,4,101.49,152.15,
107083,7039,0,0,0,243.24,364.65,
107084,117137,10,0,10,109.98,,170.19
107085,117157,9,0,9,110.14,,170.39
107086,117167,0,0,0,109.98,,170.19
107087,117147,0,0,0,109.98,,170.19
107088,117125,16,10,6,128.68,,196.39
107089,117155,12,12,0,128.55,,196.19
107090,117135,0,0,0,128.43,,195.99
107091,117165,0,0,0,128.45,,196.09
107092,117145,0,0,0,128.38,,195.89
107093,117123,0,0,0,46.75,,73.39
107094,117153,0,0,0,46.01,,72.19
107095,117133,0,0,0,46.75,,73.39
107096,117163,0,0,0,46.01,,72.19
107097,117143,0,0,0,46.01,,72.19
107098,117129,8,2,6,91.27,,144.39
107099,117159,0,0,0,91.27,,144.39
107100,117139,0,0,0,91.27,,144.39
107101,117169,0,0,0,91.27,,144.39
107102,117149,0,0,0,91.27,,144.39
107103,36120,1,1,0,340.65,570.99,
107104,36121,0,0,0,307.24,514.99,
107105,36122,0,0,0,328.13,549.99,
107106,50482,2,2,0,277.41,464.99,
107107,906703,1,1,0,331.70,555.99,
107108,36400,2,2,0,268.47,449.99,
107109,36401,2,0,2,268.47,449.99,
107110,36402,2,0,2,268.47,449.99,
107111,36411,0,0,0,417.61,699.99,
107112,36412,0,0,0,417.61,699.99,
107113,36421,2,2,0,417.61,699.99,
107114,36422,0,0,0,417.61,699.99,
107115,36522,2,2,0,417.61,699.99,
107119,MLPS-FR,6,2,4,123.49,,
107120,MLPS-FB,3,0,3,123.49,157.25,
107122,MLPS-FW,2,0,2,123.49,,
107123,MLPS-FA,2,2,0,123.49,,
107124,MLPS-R,2,2,0,135.71,,
107125,MLPS-B,0,0,0,135.71,,
107127,MLPS-W,2,1,1,135.71,,
107129,431-0001,0,0,0,1356.85,,
107130,AP-4W-30K-PW41,0,0,0,87.07,,
107131,S-3507C,4,0,4,30.93,,
107132,S-3504C,5,2,3,14.70,,
107134,VR-24-12,0,0,0,68.75,,
107135,010-02167-20,22,13,9,48.99,,
107147,01-0465-01,0,0,0,650.19,,
107148,01-0465,0,0,0,868.13,,
107149,72-1048/01-0465-01,0,0,0,1549.19,,
107150,72-1048/01-0465,0,0,0,1767.13,,
107151,72-1048-OEM/01-0465-01,0,0,0,1399.19,,
107152,72-1048-OEM/01-0465,0,0,0,1617.13,,
107153,72-1081/01-0465-01,0,0,0,840.18,,
107154,72-1081/01-0465,0,0,0,1058.12,,
107155,730029-1,6,1,5,227.28,,
107156,ZDIGONEFIX,0,0,0,375.38,,
107157,ZDIGNLINKBT,5,3,2,219.54,,
107158,ZDIGNJORD,2,1,1,155.80,,
107159,ZDIGNJORDPL,0,0,0,276.21,,
107160,ZDIGMOBALERT,2,1,1,99.00,,
107161,ZDIGNALARM,3,1,2,155.80,,
107162,ZDIG4GNXX,2,1,1,599.00,,
107165,CIP138080020,6,2,4,37.89,,46.75
107166,CA-0157-3S,0,0,0,72.64,,
107169,1562054,38,38,0,6.49,,
107170,48-YSP-6LY-A,2,0,2,705.61,,
107171,BT338,9,3,6,30.00,,
107179,252F-1126,2,2,0,510.61,,
107180,252F-1126-FT,46,46,0,14.30,,
107181,252F-2006,0,0,0,644.00,,
107182,252F-2006-FT,48,48,0,18.04,,
107183,252F-2126,0,0,0,814.69,,
107184,252F-2126-FT,4,4,0,16.30,,
107185,252F-3006,0,0,0,1058.51,,
107187,202V1120-36,3,1,2,58.19,,
107188,202V2000-36,0,0,0,70.61,,
107189,202V2120-36,0,0,0,83.47,,
107190,202V3000-36,5,3,2,96.33,,
107191,202V3120-36,2,0,2,109.19,,
107192,202V6000-36,5,3,2,245.86,,
107193,260-3001,3,1,2,25.12,,
107194,260-3121,4,2,2,26.77,,
107195,260-6001,5,2,3,55.83,,
107196,321-1124,0,0,0,178.36,,
107197,321-1125,0,0,0,356.71,,
107198,321-1126,2,2,0,713.41,,
107199,321-1126-FT,84,84,0,19.98,,
107201,321-2004,0,0,0,220.23,,
107202,321-2005,0,0,0,440.47,,
107203,SCM-AL-MINI-NEON-08,0,0,0,99.99,,142.00
107204,321-2006,2,2,0,880.93,,
107205,SCM-AL-MINI-TRACK-HDPE-1M,0,0,0,3.20,,4.00
107206,321-2006-FT,70,70,0,24.68,,
107207,321-2124,2,1,1,206.71,,
107208,321-2125,2,2,0,578.81,,
107209,321-2126,2,2,0,1157.63,,
107210,321-2126-FT,71,71,0,32.42,,
107211,0149,0,0,0,54.60,,
107214,010-12832-31,0,0,0,89.99,,
107216,01-0421-01,0,0,0,475.84,,
107218,MD3195E1-13-0,25,8,17,281.69,,399.99
107219,MD3195E1-123-0,13,3,10,281.69,,399.99
107220,MD3170-13-0,18,18,0,224.75,,324.99
107221,MD3170-123-0,28,28,0,224.75,,324.99
107222,MD5170-191-0,0,0,0,209.07,,299.99
107223,MD5170-4-0,13,2,11,209.07,,299.99
107224,MD5170-292-0,7,2,5,209.07,,299.99
107232,MA3190-0-0,4,2,2,61.87,,
107242,MV716002-131-S/M,0,0,0,84.37,,
107243,MV716002-131-L/XL,0,0,0,84.37,,
107244,MV705002-860-S/M,0,0,0,84.37,,
107245,MV705002-860-L/XL,0,0,0,84.37,,
107246,MV706002-13-S/M,0,0,0,84.40,,
107247,MV706002-13-L/XL,0,0,0,84.40,,
107248,MV706002-4-S/M,0,0,0,84.40,,
107249,MV706002-4-L/XL,0,0,0,84.40,,
107250,MV411202-3-0,0,0,0,87.44,,129.99
107251,MV807002-123-XS/S,0,0,0,78.33,,
107252,MV807002-123-M/L,0,0,0,78.33,,
107253,MV807002-123-XL/XXL,0,0,0,78.33,,
107254,MV807002-222-XS/S,0,0,0,78.33,,
107255,MV807002-222-M/L,0,0,0,78.33,,
107256,MV807002-222-XL/XXL,0,0,0,78.33,,
107257,MV807002-863-XS/S,0,0,0,78.33,,
107258,MV807002-863-M/L,0,0,0,78.33,,
107259,MV807002-863-XL/XXL,0,0,0,78.33,,
107260,MV807502-853-XS/S,0,0,0,68.75,,
107261,MV807502-853-M/L,0,0,0,68.75,,
107262,MV807502-853-XL/XXL,0,0,0,68.75,,
107263,MV807502-857-XS/S,0,0,0,68.75,,
107264,MV807502-857-M/L,0,0,0,68.75,,
107265,MV807502-857-XL/XXL,0,0,0,68.75,,
107266,MM-CC-V1,0,0,0,736.49,,
107267,MV411102-222-0,0,0,0,53.12,,
107268,MV411102-806-0,1,0,1,56.88,,
107269,MV411102-861-0,0,0,0,53.12,,
107271,MV360002-821-0,3,3,0,47.99,,
107272,MV357002-268-0,2,0,2,34.99,,
107273,MV357002-277-0,5,2,3,32.99,,
107274,B00186401,3,3,0,103.64,175.59,
107275,B00127801,2,2,0,88.83,150.57,
107276,MV356502-268-0,4,2,2,32.99,,
107277,MV356502-277-0,11,11,0,34.99,,
107278,MV3251-57-0,7,4,3,43.75,,69.99
107279,MV3251-844-0,8,5,3,43.75,,69.99
107280,MV3556-57-0,16,4,12,43.75,,69.99
107281,MV3556-844-0,4,4,0,43.75,,69.99
107286,MV230002-203-0,4,3,1,31.24,,49.99
107288,MV230102-123-0,0,0,0,31.24,,49.99
107301,MD2018T1-33-0,6,4,2,156.99,,
107303,10002,3,2,1,13.08,,
107319,AK7690,1,0,1,56.48,,
107323,4022,1,1,0,809.60,,986.70
107324,4024,0,0,0,899.07,,1096.70
107325,4026,2,1,1,853.60,,1041.70
107326,4027,2,2,0,809.60,,986.70
107327,4029,2,0,2,899.07,,1096.70
107329,4033,2,0,2,809.60,,986.70
107330,4034,2,0,2,899.07,,1096.70
107331,4010,1,0,1,629.20,,767.80
107332,4014,0,0,0,629.20,,767.80
107333,4017,0,0,0,629.20,,767.80
107334,4018,2,2,0,720.13,,877.80
107341,58103-1024,2,0,2,625.80,,
107351,ORI124838120,0,0,0,197.74,,243.95
107352,ORI481238120,0,0,0,197.74,,243.95
107353,ORI482438120,2,0,2,197.74,,243.95
107355,ORI484838120,8,4,4,197.74,,243.95
107361,QUA482501102,31,10,21,1239.69,,1785.00
107367,010-12528-03,14,11,3,52.49,,
107370,4023,3,1,2,899.07,,1096.70
107371,IRIS435-36,0,0,0,482.56,,
107372,241EF012,4,2,2,1012.20,,
107373,241EF024,0,0,0,1024.39,,
107374,SFH50,1,1,0,600.00,,
107388,07-06-010,4,2,2,583.82,,
107397,4703-025,9,8,1,27.06,,
107398,4703-150,3,3,0,27.06,,
107403,8630-2535,4,2,2,240.65,,
107404,8710-1900,9,4,5,31.17,,
107405,8720-1390,3,1,2,122.19,,
107406,BM700,29,12,17,314.99,,399.00
107407,42340,6,2,4,178.11,,
107408,3601,1,0,1,10.10,,
107409,3602,0,0,0,12.59,,
107410,60160,4,2,2,91.38,,
107411,3603-030,10,3,7,8.35,,
107412,60415,5,3,2,12.51,,
107413,3603-050,14,8,6,8.35,,
107414,T92100,4,2,2,127.26,,
107415,3603-060,12,10,2,8.35,,
107416,3603-080,11,2,9,8.35,,
107417,3603-100,0,0,0,8.35,,
107418,25100GT,6,4,2,100.40,,
107419,3603-150,10,10,0,8.35,,
107420,3603-200,11,2,9,8.35,,
107421,3603-250,16,8,8,8.35,,
107422,3908,5,3,2,52.37,,
107423,25100GTB,6,2,4,104.81,,
107424,25220GT,6,2,4,135.56,,
107425,2230-06,5,5,0,5.86,,
107426,25220GTB,6,2,4,140.13,,
107427,2230-08,2,2,0,6.61,,
107428,25221GT,6,2,4,45.94,,
107429,25221GTB,8,4,4,54.71,,
107430,2230-10,5,0,5,7.61,,
107431,2230-12,13,7,6,8.48,,
107432,32100GT,6,4,2,144.54,,
107433,2265-06,9,5,4,10.47,,
107434,32100GTB,7,5,2,149.58,,
107435,32101HD,12,4,8,215.88,,
107436,32101HDB,10,2,8,219.42,,
107437,2265-08,6,3,3,13.09,,
107438,2265-10,5,3,2,14.46,,
107439,32221GT,4,0,4,73.78,,
107440,8045,1,0,1,21.95,,
107441,32221GTB,4,2,2,77.24,,
107442,8046,8,5,3,30.80,,
107443,32210GT,6,2,4,178.54,,
107444,8793,9,0,9,3.99,,
107445,8794,12,10,2,4.24,,
107446,32210GTB,6,2,4,180.29,,
107447,32211HD,6,4,2,263.81,,
107448,32211HDB,5,1,4,270.03,,
107453,B117-DT-MM,0,0,0,148.01,192.49,
107465,RMB001,6,3,3,3.73,,
107466,RMB002,0,0,0,5.51,,
107467,RMB003,0,0,0,4.11,,
107468,RMB004,0,0,0,4.40,,
107469,RMB005,0,0,0,6.69,,
107470,RMC001,0,0,0,7.47,,
107471,RMC002,0,0,0,5.00,,
107472,RMC003,0,0,0,8.17,,
107474,RMC005,0,0,0,9.51,,
107475,RMC006,0,0,0,7.00,,
107476,010-03197-00,1,0,1,319.99,,
107477,010-03197-01,2,0,2,319.99,,
107479,RMD001,2,0,2,74.99,,
107480,RMD002,0,0,0,115.75,,
107481,RMD003,0,0,0,53.79,,
107482,RME002,4,2,2,18.24,,
107483,RME003,0,0,0,20.39,,
107484,RME004,0,0,0,12.75,,
107485,RME005,0,0,0,15.40,,
107486,RME006,0,0,0,10.27,,
107487,RME007,0,0,0,17.46,,
107488,RME008,0,0,0,17.87,,
107489,RME009,8,5,3,41.45,,
107491,99520,3,1,2,271.88,,
107492,RME010,8,5,3,40.84,,
107493,RME011,0,0,0,17.46,,
107494,RME012,0,0,0,19.00,,
107495,RME013,6,3,3,16.28,,
107496,RME014,6,3,3,22.88,,
107497,RME015,0,0,0,40.46,,
107498,RME016,0,0,0,19.72,,
107499,RME017,0,0,0,25.26,,
107500,RMF001,0,0,0,66.64,,
107501,RMF002,0,0,0,67.12,,
107502,RMF003,7,4,3,49.33,,
107503,RMF004,0,0,0,73.51,,
107504,4019,0,0,0,899.07,,1096.70
107505,RMF005,0,0,0,79.72,,
107506,RMF006,0,0,0,58.47,,
107507,4020,0,0,0,809.60,,986.70
107508,4021,0,0,0,899.07,,1096.70
107509,4025,0,0,0,944.53,,1151.70
107510,RMF007,1,0,1,27.33,,
107511,4028,0,0,0,899.07,,1096.70
107512,4030,0,0,0,944.53,,1151.70
107513,RMF008,0,0,0,41.63,,
107514,RMF009,0,0,0,27.13,,
107515,RMF010,0,0,0,37.40,,
107516,4011,3,2,1,720.13,,877.80
107517,RMF011,0,0,0,72.88,,
107518,RMF012,0,0,0,63.29,,
107519,4012,0,0,0,629.20,,767.80
107520,RMF013,0,0,0,27.33,,
107521,4013,0,0,0,720.13,,877.80
107522,RMF014,0,0,0,15.82,,
107523,4015,0,0,0,720.13,,877.80
107524,RMF015,0,0,0,38.00,,
107525,4016,0,0,0,809.60,,987.80
107526,RMF016,4,4,0,28.29,,
107527,RMG001,0,0,0,106.44,,
107528,RMG002,0,0,0,69.04,,
107529,RMG003,1,1,0,172.60,,
107530,RMG004,7,4,3,64.25,,
107531,RMG005,3,3,0,43.15,,
107532,RMH001,0,0,0,41.45,,
107533,RMH002,0,0,0,57.05,,
107534,RMH003,0,0,0,28.62,,
107535,RMH004,4,2,2,38.36,,
107536,RMJ001,0,0,0,64.25,,
107538,RMJ002,4,2,2,80.55,,
107539,RMJ003,0,0,0,80.55,,
107540,RMJ004,0,0,0,56.75,,
107541,RMJ005,0,0,0,39.42,,
107542,RMJ006,0,0,0,61.85,,
107543,RMJ007,0,0,0,103.62,,
107544,RMK001,1,0,1,18.26,,
107545,RML001,0,0,0,14.32,,
107546,84395,0,0,0,74.54,,
107548,4401,0,0,0,1098.53,,1427.80
107549,4402,3,2,1,1098.53,,1427.80
107550,4403,5,3,2,1098.53,,1427.80
107551,4404,0,0,0,1142.53,,1505.90
107552,4405,0,0,0,1098.53,,1427.80
107553,4406,0,0,0,1098.53,,1427.80
107554,4501,2,2,0,1098.53,,1427.80
107555,4502,4,2,2,1098.53,,1427.80
107556,4503,2,1,1,1098.53,,1427.80
107557,4504,0,0,0,1142.53,,1505.90
107558,4505,0,0,0,1098.53,,1427.80
107559,4506,0,0,0,1098.53,,1427.80
107560,RMM001,0,0,0,14.38,,
107561,RMN001,1,0,1,6.90,,
107562,RMN002,0,0,0,7.41,,
107563,RMN003,6,4,2,3.00,,
107564,RMN004,6,4,2,5.24,,
107565,RMN005,0,0,0,5.75,,
107566,RMN006,6,3,3,7.92,,
107567,RMN008,0,0,0,7.67,,
107568,RMN009,0,0,0,11.51,,
107569,RMN010,4,4,0,10.07,,
107570,RMN012,0,0,0,9.38,,
107571,RMN013,0,0,0,5.75,,
107572,RMN014,8,4,4,9.59,,
107573,RMN015,8,4,4,10.07,,
107574,RMN016,0,0,0,5.08,,
107575,RMN017,0,0,0,8.67,,
107576,RMN018,0,0,0,5.87,,
107577,RMP001,4,2,2,16.78,,
107578,RMP002,0,0,0,42.29,,
107579,RMP003,6,3,3,15.08,,
107580,RMP004,0,0,0,26.75,,
107581,RMP005,0,0,0,22.10,,
107582,WUL14RD-9-500,0,0,0,98.65,,
107583,B175C-12-MW-12G,1,1,0,1340.96,1799.00,
107584,150400-200-050-25,3,0,3,70.00,,
107588,IRIS435-28,0,0,0,482.56,,
107589,IRIS435-18,0,0,0,482.56,,
107594,010-13140-11,0,0,0,48.75,,
107595,RMQ001,0,0,0,59.45,,
107596,RMQ002,0,0,0,33.08,,
107597,RMQ003,0,0,0,57.49,,
107598,RMQ004,0,0,0,47.96,,
107599,RMQ005,0,0,0,97.33,,
107600,RMR001,5,2,3,25.66,,
107601,RMR002,4,2,2,56.50,,
107602,RMR003,7,4,3,25.17,,
107603,RMR004,8,4,4,24.18,,
107604,RMR005,7,4,3,22.21,,
107605,RMR006,0,0,0,13.33,,
107606,RMR008,8,4,4,11.84,,
107607,RMR009,6,3,3,56.00,,
107608,RMR010,6,3,3,24.42,,
107609,RMR011,7,4,3,37.75,,
107610,RMR012,0,0,0,28.92,,
107611,RMR013,5,3,2,28.13,,
107612,RMR015,0,0,0,16.78,,
107613,RMR016,0,0,0,40.64,,
107614,RMR017,0,0,0,38.47,,
107641,RMR018,0,0,0,36.26,,
107642,RMR019,0,0,0,28.62,,
107643,RMR020,0,0,0,21.22,,
107644,RMR021,0,0,0,15.05,,
107645,RMR022,0,0,0,20.72,,
107646,RMR023,0,0,0,13.57,,
107647,RMS001,0,0,0,93.50,,
107648,RMS002,3,1,2,88.57,,
107649,RMS003,0,0,0,71.95,,
107650,RMS004,2,1,1,84.21,,
107651,RMV001,5,2,3,69.08,,
107652,RMX001,4,2,2,71.55,,
107653,RMX002,0,0,0,33.62,,
107654,RMX004,0,0,0,34.07,,
107655,RMX006,0,0,0,59.21,,
107656,RMZ012,17,9,8,9.62,,
107657,RMZ013,6,4,2,9.37,,
107658,RMZ014,6,4,2,14.80,,
107709,RFP001,3,3,0,300.60,,
107710,RFP002,6,4,2,541.33,,
107711,RFP003,1,0,1,91.08,,
107712,RFP006,3,2,1,91.08,,
107713,RFP007,6,5,1,91.08,,
107714,RFP010,6,4,2,81.97,,
107715,RFP013,0,0,0,76.70,,
107716,RFP015,0,0,0,115.07,,
107717,RFP019,0,0,0,76.70,,
107718,552195,21,11,10,17.28,,
107721,MA3160-0-0,4,2,2,61.87,,
107722,CANVHUB,0,0,0,60.00,,
107769,XRS06YP,2,2,0,9.76,,
107777,SXR08SBM,0,0,0,9.68,,
107788,630-050G,0,0,0,11.66,,
107789,V86000-85202Z,41,38,3,21.59,,
107790,V86160-85202Z,102,27,75,13.37,,
107791,840AMU-85202Z,21,7,14,11.09,,
107792,840AMU-86121Z,14,8,6,11.96,,
107793,V85000-85202Z,5,3,2,19.64,,
107794,V85000-86121Z,38,20,18,19.97,,
107795,840AMU-84121Z,17,8,9,9.66,,
107796,V86160-84204Z,33,9,24,15.80,,
107797,V86000-84204Z,65,44,21,20.97,,
107798,V86000-86202Z,10,4,6,22.54,,
107799,V90000-84204Z,28,13,15,18.89,,
107800,840AMU-82123Z,10,6,4,6.06,,
107801,V86160-86202Z,0,0,0,20.97,,
107802,840AMU-84204Z,14,9,5,10.70,,
107803,V90000-85202Z,10,6,4,19.70,,
107804,V85000-84121Z,7,4,3,17.83,,
107805,V85000-86202Z,11,5,6,20.27,,
107806,840AMU-81123Z,0,0,0,5.13,,
107807,840AMU-84201,0,0,0,8.19,,
107808,840AMU-84203,0,0,0,9.61,,
107809,V95000-85202Z,36,14,22,19.06,,
107810,V95000-84204Z,40,16,24,18.16,,
107811,V95000-86202Z,28,7,21,19.56,,
107812,840AMU-86202Z,0,0,0,12.27,,
107813,V85000-84204Z,5,3,2,18.87,,
107814,V80041,32,12,20,8.16,,
107815,V80040-00003,13,2,11,24.14,,
107816,V90124-00006,12,5,7,4.20,,
107817,V85006-00006,25,1,24,5.85,,
107818,K10TDC001A,0,0,0,101.09,,
107819,CB101D600CW-FB,0,0,0,236.74,,
107820,K10TDD001A,0,0,0,57.39,,
107832,TZPROWS,0,0,0,823.53,1000.00,
107834,000-14262-001,6,2,4,7.83,,
107835,TZPRO,0,0,0,1235.29,1500.00,
107836,882213,0,0,0,760.06,1273.99,
107838,BBD-2025-121,5,4,1,187.49,239.99,
107839,BBD-2025-122,10,5,5,277.49,359.99,
107840,BBD-2025-123,3,3,0,367.49,479.99,
107841,BBD-2025-124,2,1,1,434.99,569.99,
107854,FM-2024,0,0,0,9.99,,
107855,GS-300,4,2,2,3220.09,,3649.99
107856,BBD-2025-241,0,0,0,187.49,239.99,
107857,OI-3190CF,2,1,1,4365.73,,
107858,BBD-2025-242,0,0,0,277.49,359.99,
107859,OI-3220CF,2,1,1,4990.71,,
107860,BBD-2025-243,0,0,0,367.49,479.99,
107861,BBD-2025-244,0,0,0,434.99,569.99,
107862,RADAR,0,0,0,411.76,500.00,
107863,TZNAV,0,0,0,318.18,400.00,
107864,SOUNDER,0,0,0,411.76,500.00,
107865,ROUTING,0,0,0,247.06,300.00,
107866,PBG,0,0,0,1235.29,1500.00,
107867,62-542-BL-MARINE-24V,32,8,24,118.69,,
107871,A80694,6,4,2,131.19,,
107872,A80695,7,4,3,77.89,,
107886,GP1500-37,0,0,0,276.35,,
107887,ORI244840120,12,5,7,197.74,,243.95
107888,CIP134060020,8,4,4,12.40,,15.30
107890,CIP134040020,7,4,3,12.40,,15.30
107891,1014.24L,0,0,0,2.14,,
107892,65277N,110,32,78,39.77,,
107901,010-13268-30,2,1,1,37.49,,
107910,SCC145110510,5,2,3,898.46,,1108.40
107915,903016,3,0,3,23.91,,
107916,AP-4W-65K-PW44,0,0,0,87.07,,
107917,APL-2W-65K-PW41,2,0,2,76.83,,
107918,017460101,3,2,1,136.10,,
107921,TZNAVWS,0,0,0,205.88,250.00,
107922,001-507-010-00,0,0,0,54.55,,
107924,DFF3D,0,0,0,777.78,1000.00,
107926,"G-1 METALLIC BLUE",0,0,0,11.93,,
107927,"G-1 METALLIC GRAPHITE",0,0,0,11.93,,
107928,"G-1 METALLIC WHITE",0,0,0,11.93,,
107929,"G-2 METALLIC BLUE",0,0,0,13.95,,
107930,1277491,5,5,0,6.00,,
107931,"G-2 METALLIC GRAPHITE",0,0,0,13.95,,
107932,"G-2 METALLIC WHITE",0,0,0,13.95,,
107933,"G-3 METALLIC BLUE",4,0,4,14.99,,
107934,"G-3 METALLIC GRAPHITE",10,6,4,13.99,,
107935,"G-3 METALLIC WHITE",6,0,6,16.80,,
107936,"G-4 METALLIC BLUE",6,0,6,25.47,,
107937,"G-4 METALLIC GRAPHITE",12,6,6,21.50,,
107938,"G-4 METALLIC WHITE",6,0,6,25.47,,
107939,"G-5 METALLIC BLUE",4,4,0,42.00,,
107940,"G-5 METALLIC GRAPHITE",7,5,2,49.11,,
107941,"G-5 METALLIC WHITE",2,0,2,43.00,,
107942,"G-6 METALLIC BLUE",0,0,0,64.84,,
107943,"G-6 METALLIC GRAPHITE",0,0,0,64.84,,
107944,"G-6 METALLIC WHITE",0,0,0,64.84,,
107950,MP-01-103-515,0,0,0,58.97,,
107951,M1-20-32-78,0,0,0,79.28,,
107952,MF-01-110-70,0,0,0,120.94,,
107954,240V10000-S/S,5,5,0,538.44,,
107955,M1-74-8,0,0,0,83.06,,
107956,C7-12,0,0,0,15.55,,
107957,MP-05-112-11,25,25,0,19.96,,
107958,M1-2A-12-1,0,0,0,24.06,,
107959,MP-01-103-777,0,0,0,54.62,,
107960,MP-02-103-711,0,0,0,50.55,,
107961,C3-810-W,0,0,0,10.26,,
107963,M1-20-32-38,0,0,0,80.78,,
107964,MP-510-16-4,0,0,0,2.88,,
107967,48-VSP-D2-A,1,0,1,568.29,,
107975,CLMD12,4,2,2,442.00,,
107976,CLMD12-R,0,0,0,516.29,,
107977,CBMD12,0,0,0,141.14,,
107978,CBMD12-R,0,0,0,144.86,,
107979,A3706,0,0,0,44.57,,
107980,A3707,0,0,0,37.14,,
107981,RKF-001,0,0,0,144.86,,
107984,A3708,0,0,0,48.29,,
107985,A3709,0,0,0,33.43,,
107986,A3710,0,0,0,70.57,,
107987,A3720,0,0,0,11.83,,
107988,A3801-1,0,0,0,118.86,,
107989,A3801-2,0,0,0,118.86,,
107990,A3801-3,0,0,0,118.86,,
107991,A3801-4,0,0,0,121.92,,
107992,A3801-5,0,0,0,111.43,,
107993,A3801-6,0,0,0,112.20,,
107996,A3802-1,0,0,0,189.43,,
107997,A3802-2,0,0,0,189.43,,
107998,A3703,0,0,0,48.29,,
108002,810010,0,0,0,6.53,,
108004,5143-4,5,4,1,108.61,,
108013,6080.75,0,0,0,252.60,,
108014,LYN034160210,15,3,12,651.10,,803.25
108015,809-084G,2,1,1,137.15,,
108016,809-082G,2,1,1,166.73,,
108017,809-0820,2,1,1,243.36,,
108018,809-0840,3,2,1,291.82,,
108020,881-0180-12,0,0,0,111.76,,
108022,WASSP,0,0,0,1166.67,1500.00,
108023,TZPROUGNAV,0,0,0,777.78,1000.00,
108024,VDR,0,0,0,1166.67,1500.00,
108025,S63,0,0,0,411.76,500.00,
108026,RMV005,0,0,0,73.94,,
108027,72-1102,1,1,0,289.00,,
108028,85.73,2,0,2,529.00,,
108029,4601,0,0,0,1758.53,,2143.90
108030,4602,4,2,2,1758.53,,2143.90
108031,4603,4,2,2,1758.53,,2143.90
108032,4604,4,2,2,1611.87,,1978.90
108033,4605,0,0,0,1758.53,,2143.90
108034,4606,0,0,0,1611.87,,1978.90
108040,5141-4,4,0,4,100.39,,
108042,010-12812-04,0,0,0,12.99,,
108043,BOWB110,0,0,0,4187.50,,
108044,BOWB090,0,0,0,3790.78,,
108045,WUL14RD-0-500,0,0,0,105.60,,
108047,08-99-022,0,0,0,48.48,,
108048,44134W,7,3,4,979.44,,
108050,6080.76,2,2,0,360.54,,
108051,28100700,4,2,2,27.96,,
108054,4607,0,0,0,1611.87,,1978.90
108055,4609,0,0,0,1758.53,,2143.90
108056,ST500,8,6,2,23.85,,31.45
108057,ST1000,4,2,2,55.73,,69.95
108060,24831GW,3,0,3,3798.21,,
108061,101848,8,3,5,66.61,,102.79
108062,101838,6,3,3,63.23,,97.59
108063,S-5002BC,2,0,2,17.16,,
108064,S-5003BC,0,0,0,20.68,,
108066,106025,8,4,4,73.53,,
108067,809Q,11,5,6,9.00,,
108068,809G,6,2,4,21.91,,
108069,2141,9,4,5,6.92,,
108070,88679-6,1,1,0,1005.87,,
108071,88679-7,0,0,0,1005.87,,
108072,TV6592,0,0,0,86.45,,
108076,03-1280-23,0,0,0,31.73,,
108081,VT-HDT-48,0,0,0,452.09,,
108083,010-13984-00,0,0,0,22.49,,
108085,SEA-HDM-RISER-KIT-XL,4,0,4,83.53,,99.00
108086,PLA11852,106,106,0,126.22,,
108094,3091,0,0,0,564.76,,
108095,1215,0,0,0,233.65,,
108098,A80811,2,0,2,209.09,,
108102,886-0050-24-B,6,4,2,659.09,,
108103,886-0050-36-B,2,2,0,954.55,,
108111,37056-2000,9,5,4,17.94,,
108112,1040-0000,23,8,15,10.90,,
108116,TZNZVUP,0,0,0,123.53,150.00,
108118,1358340,13,6,7,1342.61,,1599.99
108120,100-431-121-10,0,0,0,85.45,,
108138,ORI481224110,8,6,2,92.33,,113.90
108140,08-99-021,0,0,0,30.59,,
108141,08-99-019,2,2,0,48.82,,
108145,T-PF.P27,4,2,2,194.71,296.95,
108146,T-PF.P28,0,0,0,193.83,295.95,
108148,T-PF.P130,4,2,2,59.55,90.95,
108149,T-PF.P15/I,0,0,0,34.29,51.95,
108153,SC-CW-04G,11,5,6,97.83,,
108154,SC-CW-05G,17,9,8,117.51,,
108155,SC-TILE-10,28,15,13,39.38,,
108156,SC-TILE-11,23,16,7,45.00,,
108157,SC-TILE-20,24,20,4,39.38,,
108158,SC-TILE-21,13,10,3,45.00,,
108159,SC-V-P1,0,0,0,35.71,,
108161,S00-02040-00,0,0,0,11.24,,
108162,ORI121217050,1,0,1,265.95,,328.10
108166,012312C-SS,4,2,2,211.76,,
108181,109700,0,0,0,967.58,,
108183,T-NAN012PW/E/NA-FWKIT,2,1,1,558.20,929.90,
108186,T-NANO12PW/E/NA-RWKIT,2,1,1,712.35,1187.85,
108187,T-NAN024PW/E/NA-RWKIT,0,0,0,714.86,1186.85,
108188,T-NAN012PW/E/NA-RWKITNP,2,1,1,534.42,890.90,
108189,T-NAN024PW/E/NA-RWKITNP,1,0,1,537.75,890.90,
108190,T-NAN012PW/TSFT/NA-FWKIT,1,1,0,737.00,1227.90,
108191,T-NAN024PW/TSFT/NA-FWKIT,0,0,0,751.84,1231.90,
108196,GX1410GB,18,15,3,166.99,,
108197,GX1410GW,19,8,11,166.99,,
108198,GX1410B,25,12,13,132.99,,
108199,GX1410W,16,16,0,132.99,,
108202,MB-1,7,4,3,22.09,,
108203,MB-2,30,10,20,26.06,,
108204,SMDH-CELL,8,3,5,21.00,,
108205,SSDH-CELL,10,5,5,13.50,,
108206,BH-2CELL,10,2,8,38.98,,
108207,BH-4CELL,6,3,3,44.10,,
108208,DH-2,15,8,7,16.31,,
108209,SK-3,2,1,1,19.03,,
108210,V-12,3,1,2,83.59,,
108211,MSK-6,7,4,3,62.18,,
108212,DT-M,11,6,5,41.24,,
108213,DT-S,9,3,6,31.00,,
108215,52100,5,3,2,627.78,,
108216,65302,7,2,5,951.34,,
108217,13003,8,4,4,387.22,,
108218,50012,7,4,3,155.85,,
108220,132-0146,7,3,4,54.61,,
108221,132-0386,3,2,1,99.33,,
108222,132-0126,5,3,2,109.01,,
108223,132-0586,4,1,3,81.60,,
108224,132-0346,5,3,2,147.03,,
108225,132-1006,6,4,2,153.50,,
108227,148-0586,7,3,4,88.53,,
108228,148-0346,9,3,6,88.53,,
108229,148-1186,2,2,0,113.30,,
108230,120-0346,2,1,1,33.69,,
108231,120-1186,3,1,2,44.69,,
108232,120-1146,2,2,0,52.29,,
108233,120-1126,4,2,2,66.57,,
108234,144-0586,7,3,4,64.59,,
108235,144-1006,4,2,2,82.84,,
108236,144-1186,2,2,0,84.37,,
108237,144-1146,3,3,0,98.86,,
108238,144-1126,4,2,2,113.56,,
108239,149-0586,4,2,2,71.21,,
108240,149-1006,9,4,5,105.19,,
108241,149-1146,2,2,0,157.57,,
108245,402-4003,0,0,0,8.36,,
108246,UH32-F,4,0,4,732.73,,
108255,85CKRH-SL,6,0,6,14.29,,
108256,53670CNA,36,16,20,42.61,,
108257,53670NA,50,20,30,26.67,,
108258,53671CNA,10,0,10,26.67,,
108259,53672NA,50,20,30,26.67,,
108260,53676,19,4,15,42.61,,
108261,53677,22,7,15,49.20,,
108269,XMSPC32,13,6,7,12.13,22.99,
108270,XMAM1,11,6,5,6.40,12.99,
108277,6342-0000,2,2,0,5.58,,
108278,02-4024-11,20,11,9,41.33,61.99,
108279,18594-1001,5,3,2,79.78,,
108285,710311-1,5,4,1,307.68,,
108293,FL132-CASE,1,1,0,196.92,264.00,
108294,PH132-CASE,1,1,0,230.15,309.48,
108295,SK162-CASE,1,1,0,323.85,435.60,
108296,SK102-CASE,0,0,0,222.77,299.52,
108297,KS162-CASE,0,0,0,305.69,411.12,
108298,KS132ST-CASE,1,0,1,269.08,361.92,
108299,KS132-CASE,0,0,0,261.69,351.96,
108300,KS102-CASE,0,0,0,218.77,294.24,
108301,83110-CASE,1,0,1,104.38,190.56,
108302,31110-CASE,1,1,0,129.37,236.04,
108303,93003-CASE,7,3,4,119.18,217.68,
108304,91003-CASE,4,1,3,108.66,198.12,
108305,41150-CASE,60,9,51,147.29,268.80,
108307,MD32-2F,0,0,0,3148.01,,
108308,MD32-2T,0,0,0,3403.67,,
108309,010-11533-11,1,1,0,48.75,,
108313,DSKIT2025,4,2,2,944.44,,
108317,GTV3200DU,5,2,3,612.61,,
108322,P13168-1400TEBCL,0,0,0,155.50,,
108323,P13168-1400TEBBK,0,0,0,155.50,,
108324,P13168-1400TEBGR,0,0,0,155.50,,
108332,39755,8,1,7,5.53,,
108333,43071,14,3,11,72.20,,
108334,43072,3,3,0,40.66,,
108337,39730,36,27,9,26.64,,
108338,39570,138,4,134,18.28,,
108340,MD32FM,0,0,0,2639.05,,
108347,14041,2,0,2,75.94,,
108348,LFVM-8,0,0,0,501.52,,579.99
108349,LFVM-10,0,0,0,518.81,,599.99
108353,M250132,28,0,28,12.26,,
108368,B10HOT,0,0,0,84.95,,
108370,2044,11,8,3,288.00,,
108371,2046,9,5,4,202.56,,
108372,2050,4,2,2,115.69,,
108373,2010,4,4,0,16.83,,
108374,2011,3,3,0,22.73,,
108375,2037,0,0,0,3.17,,
108376,2039,8,8,0,32.14,,
108377,2059,4,4,0,44.80,,
108378,2041,3,3,0,28.00,,
108379,2042,4,4,0,20.00,,
108380,2053,4,4,0,220.80,,
108403,4032,2,1,1,809.60,,986.70
108405,161012,0,0,0,112.50,,
108406,CMMTCK,5,5,0,246.98,379.99,
108408,GP2050-39,0,0,0,327.26,,
108409,40875V,4,2,2,25.66,,
108423,BMS400100300,19,10,9,68.90,,85.00
108424,ORI242417040,28,0,28,288.69,,356.15
108425,ASS030066004,14,8,6,6.20,,7.65
108429,DE965669F,6,4,2,17.49,,
108430,DE965869F,1,1,0,20.99,,
108431,DE965069F,4,2,2,27.99,,
108432,DE965269F,4,2,2,34.99,,
108433,520040-1,10,10,0,11.61,,
108434,420211-1,3,0,3,11.93,,
108435,151620-1,10,0,10,9.09,,
108436,041606-1,19,9,10,15.59,,
108437,588065,0,0,0,14.53,,
108439,420390-1,0,0,0,11.26,,
108440,224300-1,0,0,0,18.81,,
108441,046048,8,8,0,10.46,,
108442,SCM-DLXS-CW-WH,2,0,2,47.50,,69.99
108444,412601-1,0,0,0,33.07,,
108445,359995-1,2,0,2,9.50,,
108446,080033-1,6,6,0,10.87,,
108447,046210,2,0,2,37.03,,
108448,561516,1,1,0,25.33,,
108449,222110-1,0,0,0,15.05,,
108450,298172-1,10,10,0,8.76,,
108451,080035-1,2,2,0,11.56,,
108452,521655,15,7,8,8.81,,
108453,520510-1,0,0,0,11.20,,
108454,421617,8,5,3,19.56,,
108455,400069-1,0,0,0,90.77,,
108456,041604-1,20,10,10,16.70,,
108457,080055-1,7,3,4,18.29,,
108459,2202,5,2,3,149.36,,
108460,2203,2,1,1,149.36,,
108461,2204,4,2,2,149.36,,
108462,2205,2,0,2,117.79,,
108463,2206,4,1,3,117.79,,
108464,2207,7,3,4,117.79,,
108465,2011,3,1,2,44.93,,
108466,2012,2,1,1,44.93,,
108467,2201,3,1,2,44.93,,
108470,101906,0,0,0,667.32,,1007.79
108472,SC-CW-14G,24,2,22,81.51,,
108473,CM-A2-SV,4,1,3,329.99,,499.99
108474,403063-1,5,5,0,31.47,,
108475,329230-1,7,6,1,52.33,,
108476,225300-1,0,0,0,22.20,,
108477,041404-1,9,0,9,39.00,,
108478,329300-1,4,0,4,40.09,,
108479,561512,1,1,0,15.86,,
108480,270210-1,0,0,0,10.73,,
108481,080085-1,9,4,5,22.47,,
108482,221710-1,1,0,1,25.69,,
108483,420420-1,0,0,0,14.49,,
108484,420410-1,0,0,0,15.74,,
108485,080135-1,10,0,10,11.67,,
108486,351750-1,0,0,0,14.43,,
108487,414214S-1,0,0,0,22.37,,
108488,580570-1,0,0,0,27.29,,
108489,147062-1,20,10,10,9.91,,
108490,182310,0,0,0,17.47,,
108492,205280-1,0,0,0,21.41,,
108493,221831-1,19,10,9,13.90,,
108494,582070-1,0,0,0,16.91,,
108495,221942,0,0,0,49.17,,
108499,101925,11,4,7,272.29,,405.99
108501,520041-5,2,2,0,139.84,,
108502,201080-1,0,0,0,13.51,,
108503,080095,6,5,1,46.29,,
108504,562016-1,0,0,0,11.83,,
108505,205410,8,0,8,9.66,,
108506,327199-1,2,2,0,29.24,,
108507,727130-3,0,0,0,20.93,,
108508,352100-1,0,0,0,9.34,,
108509,442431-1,5,5,0,10.03,,
108510,222360-1,0,0,0,9.66,,
108511,204279-1,0,0,0,33.31,,
108512,201030-1,0,0,0,11.40,,
108513,170016,0,0,0,11.03,,
108514,290901-1,0,0,0,13.57,,
108515,046110,4,4,0,10.24,,
108516,671510-1,10,10,0,14.26,,
108517,205270-1,0,0,0,23.96,,
108518,221135-1,0,0,0,14.80,,
108519,604080,5,5,0,28.56,,
108520,414216S-1,0,0,0,22.94,,
108521,225310-1,0,0,0,26.54,,
108525,SXV300M1-12,2,1,1,836.85,,
108526,SXV300M1-24,0,0,0,1673.70,,
108533,PIN122122510,9,5,4,222.55,,274.55
108535,CTR110000500,5,1,4,26.87,,33.15
108536,CTR110002050,20,10,10,53.74,,66.30
108537,CTR110000550,19,9,10,30.32,,37.40
108538,CTR120000500,18,9,9,26.87,,33.15
108540,WUL14GY-2-500,0,0,0,101.54,,
108541,WUL14GY-4-500,0,0,0,101.54,,
108542,WUL14GY-7-500,0,0,0,101.54,,
108543,WUL14BR-3-500,0,0,0,101.54,,
108544,WUL14BR-2-500,0,0,0,98.65,,
108545,WUL14BL-2-500,0,0,0,98.65,,
108546,WUL14BL-9-500,0,0,0,98.65,,
108547,WUL14OR-2-500,0,0,0,98.65,,
108556,8820-1530,2,1,1,168.58,,
108557,8820-1550,3,2,1,168.58,,
108558,9811-4300,4,4,0,125.44,,
108559,9811-4500,0,0,0,107.11,,
108560,9821-8550,3,1,2,187.28,,
108561,9821-8330,4,2,2,187.28,,
108562,9821-8350,0,0,0,187.28,,
108563,9831-2535,0,0,0,263.09,,
108574,ULT3920,0,0,0,2665.38,,
108576,1117XL,9,8,1,70.30,119.98,
108577,2117XL,5,5,0,67.49,114.98,
108580,SM-FMQCY,9,7,2,33.33,,49.99
108581,SM-FMQCM,5,0,5,59.99,,89.99
108583,SM-FMQCS,8,0,8,53.32,,79.99
108584,SM-FMQCH,9,6,3,33.33,,49.99
108585,SM-FM2005,6,3,3,169.99,,287.99
108586,SM-FM2007,8,4,4,208.32,,312.49
108587,SM-FM2009,7,4,3,199.99,,337.49
108588,SM-FM2012,4,4,0,241.65,,362.49
108589,SM-FM2015,6,2,4,229.99,,387.49
108590,SM-FM2020,7,3,4,249.99,,437.49
108591,SM-FM4005,7,4,3,366.65,,549.99
108592,SM-FM4007,8,4,4,383.32,,574.99
108593,SM-FM4009,7,3,4,399.99,,599.99
108594,SM-FM4012,5,3,2,416.65,,624.99
108595,SM-FM4015,6,2,4,433.32,,649.99
108596,SM-FM4020,8,4,4,458.32,,687.49
108597,SM-FMCRDL1,7,3,4,53.32,,59.99
108598,SM-FMBAG1,6,2,4,13.32,,
108600,55460,3,1,2,36.51,,
108601,55461,6,4,2,31.65,,
108602,39050,4,3,1,17.04,,
108603,55223,4,2,2,4.38,,
108604,55173,5,2,3,22.86,,
108605,55183,5,2,3,23.19,,
108606,55165,9,4,5,9.95,,
108611,ASS030720118,13,3,10,17.22,,21.25
108612,CIP138100020,8,4,4,37.89,,46.75
108627,SA260040,5,5,0,36.55,,
108628,SA260080,5,5,0,29.05,,
108629,SA260120,5,5,0,24.87,,
108630,SA260180,5,5,0,24.87,,
108631,SA260220,5,5,0,24.87,,
108632,SA260240,5,5,0,24.87,,
108633,SA260320,5,5,0,24.87,,
108634,SA260400,5,5,0,24.87,,
108635,SA260500,5,5,0,24.87,,
108636,SA260600,5,5,0,24.87,,
108637,SA260800,5,5,0,24.87,,
108639,66940002,0,0,0,120.03,,
108642,SA26040,3,3,0,37.75,,
108643,SA26080,3,3,0,30.03,,
108644,SA26120,5,5,0,25.49,,
108645,SA26180,3,3,0,25.49,,
108646,SA26220,3,3,0,25.49,,
108647,SA26240,4,4,0,25.49,,
108648,SA26320,2,2,0,25.49,,
108649,SA26400,4,4,0,25.49,,
108650,SA26500,5,5,0,25.49,,
108651,SA26600,4,4,0,25.49,,
108652,SA26800,4,4,0,25.49,,
108655,SA22080,5,5,0,34.95,,
108656,SA22120,5,5,0,29.15,,
108657,SA22180,5,5,0,29.15,,
108658,SA22220,5,5,0,29.15,,
108659,SA22240,5,5,0,29.15,,
108660,SA22320,4,4,0,29.15,,
108661,SA22400,0,0,0,29.15,,
108663,4265.73D,3,3,0,247.38,,
108664,SEA-SECURE-GK,6,4,2,82.50,,99.99
108665,SEA-SECURE-MK,66,25,41,82.50,,99.99
108666,SA35036,4,4,0,39.84,,
108667,SA35050,4,4,0,37.79,,
108668,SA35080,4,4,0,38.68,,
108669,SD30832,9,9,0,32.53,,
108670,SEA-SECURE-PPM,33,18,15,82.50,,99.99
108671,SD30932,11,11,0,26.15,,
108672,SD30802,6,6,0,26.45,,
108673,SD30803,21,21,0,20.51,,
108674,SD30850,6,6,0,54.81,,
108675,SD30813,23,23,0,15.00,,
108676,SD30818,6,6,0,24.69,,
108677,SD30902,6,6,0,25.03,,
108678,SD30913,24,24,0,16.48,,
108679,758-MW-S,4,4,0,372.78,,
108680,WUL14BL-0-500,0,0,0,101.54,,
108681,WUL14OR-0-500,0,0,0,101.54,,
108682,WUL14GY-9-500,1,0,1,101.54,,
108683,WUL14GY-0-500,0,0,0,101.54,,
108685,WUL14BK-2-500,0,0,0,101.54,,
108686,WUL14BK-5-500,0,0,0,101.54,,
108687,WUL14WH-5-500,0,0,0,101.54,,
108689,"M25 EVO BLACK 61",33,19,14,136.30,,
108690,"M25 EVO BLUE 71",61,33,28,136.30,,
108743,7483CAWBX,92,44,48,63.05,74.00,
108744,7483CABBX,60,30,30,63.05,74.00,
108746,ZCOMHA156,2,1,1,106.21,,
108753,F90-0001WN,0,0,0,9.29,,
108760,B275C-LHW-12G,2,0,2,1970.69,2599.00,
108768,B265C-LM-0,0,0,0,1659.79,2199.00,
108775,010-13915-00,0,0,0,52.49,,
108776,"MBW 0.5",9,6,3,15.04,,18.95
108777,"MBW 5",8,4,4,111.03,,139.95
108778,"MAC 0.5",11,5,6,11.87,,14.95
108779,"MAC 5",8,4,4,95.16,,119.95
108780,"MMP 0.5",12,8,4,30.11,,37.95
108781,"MMP 5",6,4,2,253.04,,318.95
108782,"MPW 0.5",10,3,7,15.83,,19.95
108783,"MPW 5L",7,4,3,95.16,,119.95
108784,"MWR 0.5",10,5,5,19.44,,24.95
108785,"MWR 5",8,4,4,166.56,,209.95
108786,6X885B130000,24,5,19,205.88,,299.99
108787,"MRR 0.5",6,4,2,15.83,,19.95
108788,"MRR 5",8,4,4,126.89,,159.95
108789,"MFC 0.5",14,11,3,35.31,,44.95
108790,"MFC 5",8,4,4,309.39,,389.95
108791,"MIC 0.5",10,5,5,19.83,,24.95
108792,"MIC 5",8,4,4,158.27,,225.95
108793,"MGC 0.25",23,11,12,35.69,,44.95
108794,"MGCL 5",8,4,4,157.04,,197.95
108795,"MGP 0.25",22,10,12,19.83,,24.95
108796,"MRP 0.25",23,12,11,26.15,,32.95
108797,"MCF 0.5",15,12,3,31.33,,39.95
108798,"MCF 5",8,4,4,282.03,,355.95
108799,"MRC 0.5",11,5,6,23.76,,29.95
108800,"MRCR 0.5",18,12,6,15.83,,18.95
108801,"MCB 0.05",25,22,3,95.20,,119.95
108802,"MCT 0.05",24,21,3,83.27,,104.95
108803,"MCT 0.25",11,6,5,357.00,,449.95
108804,MWM,6,3,3,14.24,,18.95
108805,"MGCL 0.5",8,3,5,17.41,,21.95
108806,101904,3,2,1,158.39,,244.39
108807,M265C-LH-12G,0,0,0,1349.99,1834.00,
108808,B175C-20-L-8G,0,0,0,1269.22,1699.00,
108809,B175C-12-L-8G,0,0,0,1269.22,1699.00,
108810,B175C-12-L-MM,0,0,0,1170.14,1564.00,
108811,B175C-L-0-8G,0,0,0,1269.22,1699.00,
108812,B175C-0-HW-8G,1,0,1,1204.86,1579.00,
108813,B175C-20-HW-8G,5,2,3,1204.86,1579.00,
108814,B175C-12-HW-8G,1,0,1,1204.86,1579.00,
108815,B175C-20-M-8G,3,0,3,1048.49,1379.00,
108816,B175C-12-M-8G,0,0,0,1048.49,1379.00,
108817,B175C-0-M-8G,2,1,1,1048.49,1379.00,
108818,B175C-20-H-8G,2,1,1,986.46,1299.00,
108819,B175C-0-H-8G,0,0,0,986.46,1299.00,
108825,"MRC 2",12,4,8,59.47,,79.95
108826,MMFT,8,4,4,8.69,,10.95
108827,"MMF1 10",10,5,5,23.76,,29.95
108828,MMF2,16,7,9,9.24,,11.95
108829,"MMF6 X10",10,5,5,35.67,,44.95
108830,MMF6,20,10,10,3.93,,
108832,CA03416,0,0,0,15.97,23.50,
108833,FM11506SW,10,4,6,8.41,15.95,
108834,CW01080,11,6,5,6.53,9.95,
108835,MR05132,6,2,4,14.98,26.95,
108836,FZSW02806,11,5,6,7.15,11.99,
108840,300-112G2ST,0,0,0,1819.39,,2046.82
108855,USTICA-B/S,89,50,39,54.87,,
108863,"MCB 0.25",8,3,5,392.71,,495.00
108884,9620001833,1,0,1,637.73,,1062.89
108886,37038-2024,1,0,1,141.83,,
108910,6581X,0,0,0,73.65,,
108914,2024050709,0,0,0,1233.55,,
108916,242V2120-S/S,2,2,0,71.01,,
108918,BOLT1420HD-OBI,0,0,0,1392.05,,
108919,BOLT1423HD-OBI,0,0,0,1448.86,,
108921,"NF-3 WHITE",4,4,0,17.00,,
108922,"NF-3 BLUE",2,2,0,20.35,,
108923,"NF-3 BLACK",0,0,0,20.35,,
108924,"NF-3 RED",0,0,0,20.35,,
108925,"NF-3 COBALT BLUE",0,0,0,20.35,,
108926,"NF-3 GRAPHITE",0,0,0,20.35,,
108927,"NF-4 BLUE",6,6,0,33.04,,
108928,"NF-4 BLACK",0,0,0,33.04,,
108929,"NF-4 RED",0,0,0,33.04,,
108930,"NF-4 COBALT BLUE",0,0,0,33.04,,
108931,"NF-4 GRAPHITE",0,0,0,33.04,,
108932,"NF-5 WHITE",4,4,0,48.00,,
108933,"NF-5 BLUE",0,0,0,55.71,,
108934,"NF-5 BLACK",0,0,0,55.71,,
108935,"NF-5 RED",0,0,0,55.71,,
108936,"NF-5 COBALT BLUE",0,0,0,55.71,,
108937,"NF-5 GRAPHITE",0,0,0,55.71,,
108938,2206837,7,5,2,106.89,,
108939,2208092,0,0,0,119.05,159.99,
108940,2208103,0,0,0,115.58,159.99,
108941,2207036,2,2,0,82.60,,
108943,CIP138250020,7,3,4,37.89,,46.75
108944,BPC900250014,19,9,10,17.22,,21.25
108953,2490W,4,0,4,93.65,,
108956,"THE GUARDIAN-B.C",2,0,2,662.99,,
108957,"THE GUARDIAN- B.C-S",2,0,2,1108.99,,
108958,"THE GUARDIAN P.C",2,0,2,1405.99,,
108959,"THE GUARDIAN P.C-S",2,0,2,1849.99,,
108960,TMG-DC-W,4,0,4,19.99,,
108961,TMG-DC-B,4,0,4,23.99,,
108962,TMG-FMS-W,12,0,12,19.99,,
108964,TMG-SL,4,0,4,182.29,,
108965,TMG-SPS-HW,6,0,6,119.99,,
108966,TMG-SBI,6,0,6,475.99,,
108967,TMG-HWS,4,0,4,79.19,,
108970,TBSE10-500,0,0,0,176.04,,
108971,TBSE18-500,0,0,0,133.20,,
108972,TBSE14-500,0,0,0,127.39,,
108973,TE14-10R-500,0,0,0,194.84,,
108974,TE14-8R-500,0,0,0,193.75,,
108975,TE18-10R-500,0,0,0,183.15,,
108976,TE10-10R-500,0,0,0,179.33,,
108977,8073,11,5,6,40.07,,
108996,ST34-40-5,0,0,0,29.45,,
108998,890180,9,3,6,8.74,37.97,
108999,890184,11,5,6,8.74,37.97,
109000,890185,9,3,6,8.42,35.97,
109001,890186,11,5,6,9.21,39.97,
109002,890140,20,10,10,14.30,30.97,
109003,890163,11,5,6,12.74,54.97,
109005,260764,20,20,0,4.93,,
109006,890190,24,12,12,7.00,16.97,
109007,890193,11,0,11,8.50,20.97,
109008,MP600,0,0,0,140.00,,259.00
109017,1214F,13,4,9,37.14,,
109026,PPX1212,5,5,0,402.43,,
109027,GPX1812,6,6,0,420.71,,
109028,00125A,2,2,0,17.24,,
109029,PPX1812,6,6,0,440.15,,
109030,PPEL28PV,5,5,0,569.33,,
109031,MR60,5,2,3,43.49,79.99,
109032,MR50,7,7,0,32.19,54.99,
109036,2900,18,10,8,125.11,,
109038,81500,4,0,4,69.46,,
109039,60190,19,10,9,3.78,,
109040,60191,17,8,9,3.78,,
109041,B164-20-8G,0,0,0,925.96,1275.00,
109042,21055,16,8,8,12.79,,
109043,42812,12,10,2,2.15,,
109044,N03250,10,4,6,32.15,,
109045,N03190,6,2,4,23.64,,
109046,B75C-20-H-8G,2,0,2,652.05,859.00,
109047,25301,1,0,1,42.31,,
109048,90401,6,0,6,118.14,,
109049,60360,7,3,4,84.86,,
109050,B75C-12-H-8G,0,0,0,652.05,859.00,
109051,60461,12,6,6,84.51,,
109052,60410,19,10,9,2.18,,
109053,B744VL-8G,0,0,0,448.21,579.00,
109054,60460,10,5,5,43.25,,
109055,52120,0,0,0,3.64,,
109056,B744V-8G,0,0,0,366.58,479.99,
109057,60362,6,2,4,101.67,,
109059,32302,8,4,4,137.99,,
109060,81583,6,2,4,56.94,,
109062,9620013451,1,1,0,105.63,,
109063,B150C-20-M-8G,0,0,0,342.15,449.00,
109065,B150C-0-M-8G,0,0,0,342.15,449.00,
109066,B60-20-8G,6,3,3,236.02,324.99,
109069,BBR-200CC,0,0,0,242.88,,
109070,CBR-300CC,0,0,0,259.15,,
109071,EBR-100CC,0,0,0,316.43,,
109085,4265.48K,2,2,0,134.85,,
109103,CIP134030020,11,6,5,12.40,,15.30
109105,SMI100RV,1,0,1,40.00,,
109106,07-06-011,4,2,2,620.88,,
109107,07-06-015,0,0,0,500.00,,
109108,07-06-016,0,0,0,617.65,,
109114,9620000730,13,3,10,9.83,,
109117,P000274,17,9,8,13.10,,
109118,P000273,1,0,1,12.45,,
109119,P000272,5,5,0,11.79,,
109120,P000267,13,13,0,6.54,,
109121,P000264,7,7,0,5.89,,
109122,P000263,25,13,12,5.23,,
109123,010-13268-40,0,0,0,48.75,,
109127,101835,1,0,1,150.92,,231.69
109128,101845,0,0,0,150.95,,231.69
109131,2024050713,0,0,0,1233.55,1659.00,
109133,LPS-FR,4,2,2,123.49,,
109134,SP01506,12,6,6,9.28,15.95,
109135,2178363,16,8,8,51.72,,
109136,2174440,16,8,8,51.72,,
109138,2000035476,8,2,6,55.19,,
109139,2000020292,0,0,0,65.94,,
109140,2000019421,0,0,0,35.40,,
109141,2000020258,17,6,11,27.42,,
109143,2149985,0,0,0,55.88,84.99,
109144,2149986,0,0,0,51.56,74.99,
109145,2149900,4,2,2,43.44,64.99,
109146,2000020268,0,0,0,16.96,,
109147,2000020281,0,0,0,16.96,,
109148,2000019265,14,6,8,38.87,,
109149,2000036993,2,2,0,39.22,,
109150,2156592,0,0,0,88.15,144.99,
109151,2180606,4,0,4,41.88,59.99,
109153,2157592,4,2,2,149.10,,
109154,2000020932,2,2,0,110.51,,
109157,2206908,7,4,3,94.75,139.99,
109158,2206800,2,2,0,96.48,139.99,
109159,2206916,6,3,3,155.14,,
109160,2207389,8,4,4,65.68,,
109161,2207041,0,0,0,200.95,284.99,
109166,2206912,3,1,2,127.02,179.99,
109167,2206902,5,3,2,125.64,179.99,
109168,2207024,3,2,1,125.64,179.99,
109169,2207385,6,4,2,80.88,,
109170,2206913,3,2,1,194.71,,
109171,2207381,0,0,0,349.98,509.99,
109172,2206838,0,0,0,346.63,459.99,
109174,9620017089,2,1,1,738.53,,1230.89
109175,9620017095,2,1,1,772.13,,1286.89
109176,9620017096,2,1,1,805.73,,1342.89
109177,9620017084,2,1,1,940.13,,1566.89
109178,9620017091,1,1,0,1007.33,,1678.89
109179,9620017085,3,1,2,604.13,,1006.89
109180,9620017081,3,1,2,604.13,,1006.89
109181,9620017100,0,0,0,902.45,,1504.09
109182,9620017097,0,0,0,872.93,,1454.89
109183,9620017098,2,1,1,738.53,,1230.89
109185,162MF01201,2,1,1,804.88,,
109187,"UC128TS-SVS 1",2,2,0,748.37,,
109188,"UC128TS-SVS 1P",2,0,2,748.37,,
109189,"UC128TS-SVS 2",3,1,2,748.37,,
109190,"UC128TS-SVS 2P",2,0,2,748.37,,
109191,"UC128TS-SVS 3",2,1,1,748.37,,
109193,144-0346-FT,50,50,0,2.38,,
109194,2024050714,0,0,0,1233.55,,
109201,010-13199-04,0,0,0,31.99,,
109203,"MAC KIT",6,3,3,98.37,,124.00
109204,770273,4,2,2,23.35,,
109205,770049,11,11,0,11.37,,
109210,GP-36,24,24,0,12.42,,
109211,GP-912,7,4,3,33.23,,
109212,BSM-DP,11,6,5,38.13,,
109213,BSS-DP,11,6,5,32.80,,
109215,GP-318,23,13,10,26.05,,
109216,GP-69,0,0,0,22.94,,
109217,SS00502-DP,7,3,4,111.37,,
109218,SS00503-DP,8,4,4,111.37,,
109219,SS00512-DP,6,4,2,111.37,,
109220,SS00513-DP,7,4,3,111.37,,
109221,SS00514-DP,8,4,4,111.37,,
109222,SS00524-DP,10,4,6,111.37,,
109226,BPP900800150,6,3,3,101.28,,124.95
109227,BMS300200300,18,9,9,126.78,,156.40
109228,CIP134050020,7,3,4,12.40,,15.30
109229,2207390,4,1,3,228.73,289.99,
109232,875-128,7,3,4,47.34,,
109233,SO-EL-S-UN-BK,10,5,5,80.27,,89.99
109234,SO-EL-S-UN-SV,10,5,5,80.27,,89.99
109235,SO-EL-D-UN-BK,10,5,5,150.50,,179.99
109236,SO-EL-D-UN-SV,10,5,5,150.50,,179.99
109237,SO-EL-S-PV-BK,10,5,5,80.27,,89.99
109238,SO-EL-S-PV-SV,10,5,5,80.27,,89.99
109239,SO-EL-S-MK-BK,10,5,5,80.27,,89.99
109240,SO-EL-S-MK-SV,9,4,5,80.27,,89.99
109241,SO-EL-S-HL-BK,10,5,5,83.62,,99.99
109243,9656,0,0,0,46.73,,
109252,R30303A,0,0,0,197.92,292.50,
109253,R50304A,0,0,0,386.71,571.50,
109262,TF5004,0,0,0,23.99,,
109263,TF5005,0,0,0,23.99,,
109264,TF1169,0,0,0,28.99,,
109265,TF1170,0,0,0,28.99,,
109270,930001SS,4,2,2,10.14,,
109271,930002SS,4,2,2,12.17,,
109272,930003SS,4,2,2,13.54,,
109274,84003S-11,0,0,0,141.20,,
109275,84013S-11,0,0,0,96.44,,
109277,TF5006,0,0,0,23.99,,
109278,TF5014,0,0,0,23.99,,
109279,TF5015,0,0,0,23.99,,
109280,010-12743-01,0,0,0,12.99,,
109281,010-12829-04,3,2,1,32.49,,
109282,77793,10,10,0,15.19,,
109283,77783,12,12,0,13.33,,
109284,38373,11,11,0,12.39,,
109285,77763,5,5,0,9.85,,
109286,77774,9,9,0,14.92,,
109287,29362,12,12,0,19.03,,
109288,29372,10,10,0,19.03,,
109289,29382,0,0,0,19.03,,
109290,29392,12,12,0,19.03,,
109291,29462,11,11,0,21.29,,
109292,29472,0,0,0,21.29,,
109293,29482,0,0,0,21.29,,
109294,29492,12,12,0,21.29,,
109295,39673,4,4,0,23.45,,
109296,39683,10,10,0,23.45,,
109297,39693,11,0,11,21.99,,
109298,62213,6,6,0,18.95,,
109303,62223,0,0,0,18.95,,
109304,62233,0,0,0,18.95,,
109305,62243,0,0,0,18.95,,
109306,62253,0,0,0,18.85,,
109307,62263,0,0,0,18.95,,
109308,62273,4,4,0,18.95,,
109309,62283,0,0,0,18.95,,
109310,62293,0,0,0,18.95,,
109311,38203,10,10,0,9.33,,
109312,38253,4,4,0,12.23,,
109313,42003,12,12,0,22.48,,
109314,42013,11,11,0,22.48,,
109315,42023,0,0,0,22.48,,
109316,42033,0,0,0,22.48,,
109317,199236,6,2,4,8.23,,
109318,42043,12,12,0,22.48,,
109319,40903,6,6,0,23.84,,
109320,40913,0,0,0,23.84,,
109321,40923,0,0,0,23.84,,
109322,39863,12,12,0,28.13,,
109323,15013,0,0,0,16.89,,
109324,39143,7,7,0,15.40,,
109325,49133,0,0,0,14.59,,
109326,49143,0,0,0,14.59,,
109327,49153,0,0,0,14.59,,
109328,39513,0,0,0,15.39,,
109329,39523,6,6,0,15.39,,
109330,52000,5,5,0,43.69,,
109331,TF5017,0,0,0,23.99,,
109332,TF1171,0,0,0,28.99,,
109333,TF1075,0,0,0,23.99,,
109334,TF1076,0,0,0,23.99,,
109335,TF1077,0,0,0,23.99,,
109336,TF1110,0,0,0,41.99,,
109337,TF1111,0,0,0,41.99,,
109338,TF1119,0,0,0,51.99,,
109339,TF1011,0,0,0,71.99,,
109340,TF1014,0,0,0,71.99,,
109341,TF1054,0,0,0,36.99,,
109342,TF1086,0,0,0,40.99,,
109343,TF1001,0,0,0,30.99,,
109344,TBSE8-500,0,0,0,480.25,,
109345,TF1005,0,0,0,30.99,,
109346,TF1029,0,0,0,34.99,,
109347,TF1082,0,0,0,39.99,,
109373,FPHRC1002L00D00,4,4,0,195.28,,
109374,660-065CC,0,0,0,13.56,,
109375,660-065G,0,0,0,13.56,,
109376,660-040GH,0,0,0,12.80,,
109377,660-050GH,0,0,0,12.80,,
109378,660-065GH,0,0,0,13.56,,
109379,630-006G,0,0,0,9.50,,
109380,630-065G,0,0,0,11.66,,
109382,"201-012-FB 2.5M",0,0,0,559.73,,629.69
109383,CANVPS,1,1,0,77.33,,
109384,2136,0,0,0,50.88,,
109388,169-0586,0,0,0,55.40,,
109392,010-12832-35,0,0,0,22.49,,
109395,ES0800-24V003,4,2,2,445.50,,
109396,ES0800-36V003,4,2,2,445.50,,
109398,DS16-SL,9,6,3,19.69,,
109399,DS16-SL-BLK,13,10,3,19.69,,
109400,DS30-SL,18,9,9,24.19,,
109401,DS30-SL-BLK,13,5,8,24.19,,
109403,72-1113-FLAT,0,0,0,1799.00,,
109404,72-1113-PIPE,0,0,0,1799.00,,
109405,72-1113-WALL,0,0,0,1799.00,,
109406,72-1113-WEDGE,0,0,0,1799.00,,
109407,72-1113-FLAT-R,5,2,3,1799.00,,
109408,72-1113-PIPE-R,0,0,0,1799.00,,
109409,72-1113-WALL-R,0,0,0,1799.00,,
109410,72-1113-WEDGE-R,1,0,1,1799.00,,
109411,9620017088,2,1,1,536.93,,894.89
109416,RFP004,6,3,3,94.99,,
109417,RFP008,0,0,0,85.49,,
109418,RFP011,0,0,0,139.00,,
109419,RFP012,0,0,0,89.99,,
109420,RFP014,0,0,0,119.00,,
109421,RFP018,0,0,0,89.99,,
109422,RFP020,0,0,0,134.99,,
109449,SEA-HDM-TMM-XL,274,49,225,1186.25,,1399.00
109454,1042145-01,0,0,0,1126.56,,
109455,1042035-W,0,0,0,964.64,,
109472,53679,2,0,2,62.13,,
109473,53697A,6,0,6,19.37,,
109474,53698,8,0,8,23.91,,
109475,539730,18,0,18,12.95,,
109494,010-02908-30,4,0,4,119.99,,
109495,010-02908-31,4,0,4,119.99,,
109497,010-13307-05,0,0,0,187.49,,
109498,010-13307-20,0,0,0,93.75,,
109499,010-13307-40,0,0,0,44.99,,
109500,010-13307-30,0,0,0,52.49,,
109501,010-13307-15,0,0,0,59.99,,
109502,010-13307-10,0,0,0,52.49,,
109503,010-13307-25,0,0,0,22.49,,
109508,A-BK-10,0,0,0,170.00,216.75,
109511,101868,0,0,0,62.56,,102.79
109548,010-13352-10,0,0,0,22.49,,
109549,010-13352-11,0,0,0,11.24,,
109550,010-13352-12,0,0,0,74.99,,
109551,010-13352-13,0,0,0,14.99,,
109552,010-11617-44,0,0,0,37.49,,
109553,010-12098-10,0,0,0,29.99,,
109638,QUA125021102,21,9,12,2419.08,,2984.35
109639,CIP143500020,0,0,0,33.07,,40.80
109640,BP-0300BSY-1,5,4,1,146.14,,
109649,1675-6,7,5,2,17.74,,
109653,H25-0048,3,2,1,484.28,,
109681,D12001,5,2,3,25.64,,
109682,D14901,7,3,4,19.26,,
109683,D15601,7,3,4,31.41,,
109684,D17001,8,4,4,46.33,,
109685,DRTU10732,9,5,4,10.83,,
109686,DRTU11032,12,6,6,14.29,,
109687,DRTU14332,11,5,6,10.83,,
109688,DRTU15532,10,6,4,8.76,,
109689,DRTU17032,12,6,6,20.36,,
109690,DRTU200232,8,2,6,18.33,,
109691,G12024,12,6,6,8.03,,
109692,G13616,11,5,6,5.86,,
109693,G13815,11,6,5,7.69,,
109694,G13919,8,2,6,6.43,,
109695,G15812,9,4,5,8.83,,
109696,V11-9991BBK60-2,4,2,2,359.94,,
109697,V11-9991WWK60-2,4,2,2,380.05,,
109698,G16402,8,3,5,7.16,,
109699,V11-9993BBK60-2,4,2,2,488.42,,
109700,G16602,9,3,6,7.16,,
109701,V11-9993BBK80-2,3,1,2,597.94,,
109702,G17216,12,0,12,10.63,,
109703,V11-9993WWK80-2,3,2,1,630.95,,
109704,G181302,11,6,5,7.16,,
109705,G191700,8,4,4,24.29,,
109706,G201024,12,6,6,12.24,,
109707,G240748,10,2,8,13.36,,
109708,G251024,9,3,6,10.71,,
109709,G2970,8,4,4,19.09,,
109710,G2990SRP,7,3,4,22.79,,
109711,G4016,10,4,6,6.43,,
109713,M79901,8,4,4,78.73,,
109714,M79932,11,5,6,31.49,,
109715,M8501,6,2,4,47.90,,
109716,M88800,11,6,5,85.71,,
109717,G55253,8,4,4,43.57,,
109718,G55254,7,3,4,25.00,,
109719,G55255,8,4,4,28.21,,
109720,ORI481224120,9,4,5,129.53,,159.80
109721,G9524,11,5,6,6.91,,
109722,M0216,10,6,4,11.06,,
109723,M0316,12,6,6,12.40,,
109724,M0916,11,5,6,12.41,,
109725,M10001,8,4,4,64.61,,
109726,M10032,11,6,5,22.73,,
109728,M10508,23,11,12,9.67,,
109729,M10532,11,6,5,34.07,,
109730,M20532,11,5,6,31.64,,
109731,M2116,11,0,11,21.54,,
109732,M2601,4,0,4,42.31,,
109733,M2616,12,6,6,14.19,,
109734,M2701,0,0,0,74.26,,
109735,M2716,11,5,6,24.73,,
109736,M3401,11,7,4,30.61,,
109737,M3416,0,0,0,7.59,,
109743,G240100,12,4,8,19.29,,
109744,G240108,12,6,6,19.29,,
109767,GP340,5,3,2,263.25,,
109772,RFP009,0,0,0,105.66,,
109773,RFP021,0,0,0,129.44,,
109774,RFP022,0,0,0,87.49,,
109775,RFP024,0,0,0,87.49,,
109776,RFP025,0,0,0,111.79,,
109777,RFP027,0,0,0,77.76,,
109780,20208GT,6,2,4,423.20,,569.00
109781,20218GT,8,3,5,419.62,,569.00
109782,79008GT,5,2,3,450.94,,609.00
109783,79018GT,1,1,0,469.64,,629.00
109784,79518GT,0,0,0,465.93,,629.00
109785,20008GT,7,2,5,444.32,,599.00
109786,20518GT,9,3,6,440.83,,599.00
109787,20078GT,10,3,7,439.99,,
109788,20578GT,2,0,2,429.99,,
109789,4023,2,0,2,226.62,,299.00
109791,4024,2,0,2,226.62,,299.00
109792,RMF017,0,0,0,51.00,,
109793,RMH005,0,0,0,46.00,,
109794,40235,2,0,2,254.76,,339.00
109795,40245,2,0,2,254.76,,339.00
109796,RMP006,0,0,0,19.52,,
109797,RMS005,0,0,0,62.00,,
109800,GS-300XL,0,0,0,3958.15,,4399.99
109802,412340-1,12,12,0,2548.22,,2849.99
109803,412360-1,5,5,0,3129.40,,3499.99
109804,710313-1,4,4,0,84.41,,
109805,285814001,7,3,4,112.00,,
109811,T14DT-SF-25,19,12,7,12.67,,
109821,87300,1,1,0,48.36,,
109822,87322,11,11,0,14.19,,
109826,M18/7-100,0,0,0,253.85,,
109830,2135,1,1,0,66.69,,
109853,1175,7,4,3,55.86,85.00,
109856,B60-12-MM,0,0,0,177.15,227.49,
109859,6080.77,2,2,0,437.15,,
109877,CAM-PT-150-01,5,2,3,236.25,,
109878,CAM-PT-150-01-BLK,6,3,3,236.25,,
109886,000-16077-001,8,4,4,112.80,,141.00
109887,17915,8,4,4,22.26,28.05,
109888,17854,8,4,4,24.38,30.71,
109890,17853,7,3,4,36.18,45.58,
109891,17902,8,4,4,48.35,60.92,
109893,17879,8,4,4,12.16,,
109894,17881,8,4,4,7.32,,
109895,17880,7,3,4,6.23,,
109896,17907,12,6,6,10.89,,
109897,17832,12,6,6,14.01,,
109898,40953,4,2,2,157.84,198.88,
109899,40954,4,2,2,168.13,211.84,
109900,40955,4,2,2,181.53,228.72,
109901,40950,4,2,2,212.68,267.97,
109902,40951,4,2,2,222.51,280.37,
109903,40952,3,2,1,236.21,297.63,
109904,40505,0,0,0,62.11,,
109907,97586,0,0,0,399.35,,
109908,97650,4,1,3,396.65,,
109909,97587,3,2,1,373.88,,
109910,97588,4,0,4,455.73,,
109911,300-4975,19,19,0,454.55,,599.99
109923,RFP029,0,0,0,160.40,,
109936,P000277,0,0,0,27.13,,
109938,P000287,4,4,0,60.77,,
109939,P000288,2,2,0,67.97,,
109940,P000289,4,4,0,42.91,,
109941,P000290,4,4,0,42.91,,
109942,9620017101,2,1,1,738.53,,1230.89
109946,MI-0070,0,0,0,98.65,,
109948,97000050753,0,0,0,731.25,,900.00
109949,97000050754,3,1,2,812.50,,1000.00
109950,97000050755,0,0,0,853.13,,1050.00
109951,97000050756,0,0,0,975.00,,1200.00
109952,97000050757,0,0,0,1096.88,,1350.00
109953,97000050758,1,1,0,1218.75,,1500.00
109955,P000291,31,31,0,38.13,,
109972,9620012808,1,0,1,87.50,,140.00
109975,9620012806,0,0,0,93.75,,150.00
109976,9620012805,2,0,2,96.88,,155.00
109977,9620012810,2,0,2,106.25,,170.00
109978,9620012811,2,0,2,118.75,,190.00
109979,9620012807,1,0,1,125.00,,200.00
110041,S-7104,0,0,0,50.29,,
110067,PLASM374,1,1,0,20.86,,
110070,1591-FI.WHITE,16,4,12,29.28,,
110072,SEA2322-BLK,0,0,0,146.71,,
110073,SEA2323-BLK,0,0,0,160.24,,
110074,SEA2324-BLK,0,0,0,161.71,,
110075,SEA2325-BLK,0,0,0,166.46,,
110076,SEA2313-BLK,0,0,0,143.25,,
110077,SEA2312-BLK,0,0,0,150.38,,
110078,SEA2301-BLK,0,0,0,164.25,,
110079,SEA2302-BLK,0,0,0,164.75,,
110080,SEA2303-BLK,0,0,0,170.63,,
110081,SEA2320-BLK,0,0,0,205.63,,
110082,SEA2310-BLK,0,0,0,221.00,,
110083,SEA2306-BLK,0,0,0,268.59,,
110084,SEA2307-BLK,0,0,0,321.88,,
110085,SEA2311-BLK,0,0,0,268.59,,
110086,SEA2308-BLK,0,0,0,321.88,,
110087,SEA2305-BLK,0,0,0,376.35,,
110088,83,21,0,21,8.00,,
110089,21,23,11,12,8.57,,
110090,C-209BB,12,6,6,188.40,294.34,
110091,153902-200-020-25,0,0,0,693.75,,
110092,153902-200-004-25,2,2,0,693.75,,
110093,153902-200-005-25,0,0,0,743.75,,
110094,481-4000,0,0,0,300.71,,
110095,481-4000-FT,50,50,0,10.53,,
110122,M1017012,10,4,6,47.66,,
110123,M1017073,0,0,0,54.40,,
110124,M1017023,6,3,3,50.31,,
110125,M1017024,12,6,6,56.64,,
110127,M2006031,2,2,0,51.30,,
110129,M2002012,0,0,0,6.75,,
110130,M2002013,0,0,0,6.75,,
110131,M2003045,0,0,0,1.01,,
110132,M2002001,0,0,0,4.39,,
110133,M2004015,11,6,5,37.80,,
110134,M2018002,11,6,5,65.81,,
110135,M1001207,4,2,2,29.03,,
110136,M1001062,0,0,0,10.80,,
110137,M1015001,0,0,0,168.75,,
110138,M1015002,12,6,6,124.94,,
110140,M1015051,8,4,4,250.00,,
110142,M2012003,12,6,6,143.75,,
110144,M2012007,11,6,5,143.75,,
110146,9620017090,1,1,0,671.33,,1118.89
110150,369946,4,2,2,212.50,,250.00
110151,369947,4,2,2,212.50,,250.00
110152,369948,12,6,6,212.50,,250.00
110153,142100-505-000-26,6,6,0,40.00,,
110158,11860,0,0,0,473.30,,
110159,010-13464-00,4,4,0,17.27,,
110160,010-13465-00,4,4,0,20.15,,
110162,010-13455-00,8,8,0,92.14,,
110164,HLR75/BETA,2,2,0,503.40,629.00,
110165,HLR75/STB,2,2,0,352.80,447.00,
110166,HLR15/CB2/STD,0,0,0,498.00,650.00,
110167,9.HLR21,1,1,0,291.00,390.00,
110168,HLR21/CB2/STD,1,1,0,511.20,675.00,
110169,HLR21/CB2/BAS,0,0,0,598.80,799.99,
110170,HR81M/US/STP,0,0,0,318.00,400.00,
110171,HSE73/BETA,0,0,0,388.20,489.00,
110172,HSR73/BETA,0,0,0,388.20,489.00,
110173,HSS73/BETA,0,0,0,388.20,489.00,
110174,LD30,0,0,0,191.40,,
110175,LH19E/US/CMP,1,1,0,453.60,,
110176,LH19E/US/STD,0,0,0,297.00,,
110177,LHR12E/US/STD,0,0,0,243.60,305.00,
110178,LHR15ES/US/STD,0,0,0,258.00,315.00,
110179,LHR15V/US/CMP,0,0,0,523.20,724.00,
110180,LHR15V/US/STD,0,0,0,376.80,525.00,
110181,LHR21ES/US/STD,2,2,0,273.00,335.00,
110182,LHR21V/US/CMP,0,0,0,545.40,755.00,
110183,LHR21V/US/STD,0,0,0,405.60,565.00,
110184,LHR75,2,2,0,258.00,325.00,
110185,LHR75E/US/STD,2,2,0,249.00,315.00,
110186,LK900E/US/STD,0,0,0,419.40,520.00,
110187,RA75,0,0,0,249.00,,
110188,RA75A,0,0,0,253.20,,
110189,RH323,0,0,0,165.00,,
110190,RH323A,0,0,0,165.00,,
110191,RH326,0,0,0,165.00,,
110192,RH326A,0,0,0,165.00,,
110193,RH329,0,0,0,165.00,,
110194,RH329A,0,0,0,165.00,,
110195,RH353,0,0,0,165.00,,
110196,RH353A,0,0,0,165.00,,
110197,RH356,0,0,0,165.00,,
110198,RH356A,0,0,0,165.00,,
110199,RH359,0,0,0,165.00,,
110200,RH359A,0,0,0,165.00,,
110201,SLP41A,0,0,0,390.00,,
110202,TA50,0,0,0,297.00,,
110203,UC81-OBF,1,1,0,443.64,,
110204,9.BL150F,48,48,0,15.08,,
110206,9.BL180F,47,47,0,16.35,,
110208,9.BL180H,48,48,0,11.48,,
110212,9.BL200F,47,47,0,19.15,,
110213,9.BL200H,48,48,0,13.07,,
110214,9.BL230H,48,48,0,15.45,,
110215,9.BL80F,48,48,0,10.50,,
110216,9.BR180H,0,0,0,6.80,,
110217,9.BR180M,0,0,0,6.80,,
110218,9.BR180S,0,0,0,6.80,,
110219,9.BR200H,48,48,0,7.08,,
110220,9.BR200M,48,48,0,7.08,,
110224,1591-FI,3,0,3,29.28,,
110225,9.BR90H,48,48,0,4.38,,
110226,9.BR90M,48,48,0,4.38,,
110227,9.DA100H,45,45,0,6.27,,
110228,9.DA100B,45,45,0,6.43,,
110229,9.DA100M,45,45,0,6.27,,
110230,9.DA100S,48,48,0,6.97,,
110231,9.DA150H,0,0,0,8.45,,
110232,9.DA150B,0,0,0,8.70,,
110233,9.DA150M,0,0,0,8.45,,
110234,9.DA150S,0,0,0,8.45,,
110235,9.DA180H,45,45,0,8.75,,
110236,9.DA180B,46,46,0,9.03,,
110237,9.DA180M,47,47,0,8.75,,
110238,9.DA180S,48,48,0,8.75,,
110242,101846,0,0,0,53.81,,95.49
110243,101836,0,0,0,53.05,,94.49
110244,101866,0,0,0,56.61,,100.69
110245,101847,4,2,2,59.17,,104.89
110246,101837,4,2,2,57.89,,102.69
110247,9.DA40B/6,4,4,0,24.43,,
110248,101867,4,2,2,59.17,,104.89
110249,9.DA40H/6,4,4,0,24.43,,
110250,9.DA40M/6,4,4,0,24.43,,
110251,9.DA40S/6,4,4,0,24.43,,
110252,9.DA70B/4,4,4,0,25.71,,
110253,9.DA70H/4,4,4,0,25.71,,
110254,9.DA70M/4,4,4,0,25.71,,
110255,9.DA70S/4,4,4,0,25.71,,
110256,9.NW160H,48,48,0,15.77,,
110257,9.NW160M,48,48,0,15.77,,
110258,9.NW80M,45,45,0,8.85,,
110259,9.NW80H,45,45,0,8.85,,
110260,9.WF180H,48,48,0,6.78,,
110261,9.WF180M,48,48,0,6.78,,
110262,9.WF180S,24,24,0,6.78,,
110263,9.WF200H,48,48,0,7.07,,
110264,9.WF200M,48,48,0,7.07,,
110265,9.WF200S,48,48,0,7.07,,
110266,9.WF90H,48,48,0,4.38,,
110267,9.WF90M,48,48,0,4.38,,
110268,9.WF90S,48,48,0,4.38,,
110273,P000280,2,2,0,26.99,,
110274,P000279,2,2,0,26.99,,
110275,P000282,2,2,0,30.36,,
110276,P000281,2,2,0,30.36,,
110277,P000283,2,2,0,50.61,,
110278,142100-100-002-26,0,0,0,40.00,,
110279,P000286,2,2,0,50.61,,
110280,P000284,2,2,0,50.61,,
110281,P000285,2,2,0,50.61,,
110304,9.ADVANCED,0,0,0,37.80,,
110314,9.BRCOARSE,0,0,0,30.00,,
110318,9.BRFINE,0,0,0,26.25,,
110319,9.DACOARSE,5,5,0,44.63,,
110320,9.DACOARSE250,11,11,0,14.18,,
110321,9.DAFINE,6,6,0,38.00,,
110322,9.DAFINE250,11,11,0,12.82,,
110341,9.PROTECT,0,0,0,25.11,,
110342,9.PURE,6,6,0,22.80,,
110343,9.PURE250,12,12,0,8.80,,
110355,PR500-SX,0,0,0,31.15,,
110356,PR500-ST,0,0,0,31.15,,
110357,CRMCK500WB.6,116,61,55,59.99,,
110358,9.XC2,0,0,0,40.93,,
110359,9.XC100,6,6,0,36.75,,
110360,9.XC300,6,6,0,38.25,,
110361,9.XF500,5,5,0,36.00,,
110362,9.XP700,6,6,0,39.00,,
110363,9.XP900,12,12,0,16.50,,
110375,291.390/C,0,0,0,20.40,,
110376,562.390,0,0,0,19.20,,
110377,58.390/C,0,0,0,35.36,,
110378,581.390/C,0,0,0,31.50,,
110379,65.390/C,0,0,0,12.86,,
110380,81.322/C,0,0,0,12.60,,
110381,811.374/C,0,0,0,30.75,,
110382,9.1396/C,6,6,0,10.20,,
110383,9.BF7001,6,6,0,12.00,,
110402,M18/5-25,1,0,1,34.90,,
110453,9.BF9050,6,6,0,6.60,,
110454,9.BF9060,6,6,0,6.60,,
110455,9.BF9070,6,6,0,7.20,,
110456,9.HOLDER,6,6,0,33.43,,
110457,9.REVEALH750,6,6,0,16.07,,
110458,9.REVEALM750,5,5,0,11.11,,
110459,9HB125LT,2,2,0,45.75,,
110460,9HB180LT,2,2,0,66.75,,
110461,9HB185LT,2,2,0,124.50,,
110462,9HC120LT,1,1,0,47.25,,
110463,9HC180LT,1,1,0,75.00,,
110464,9HC185LT,2,2,0,91.50,,
110465,9HP120LT,2,2,0,58.50,,
110466,9HP180LT,2,2,0,94.50,,
110467,9.CLAYMITT,6,6,0,36.00,,
110468,990.007,6,6,0,22.50,,
110469,980.037,0,0,0,39.75,,
110470,981.710/C,2,2,0,22.50,,
110471,981.089,0,0,0,42.00,,
110472,981.500,0,0,0,36.00,,
110473,982.600,6,6,0,31.50,,
110474,982.650,6,6,0,34.50,,
110475,990.003,0,0,0,23.25,,
110476,29141500BK,2,0,2,125.60,,
110477,995.001,7,7,0,13.50,,
110478,996.001,3,3,0,11.40,,
110479,997.001,5,5,0,14.40,,
110480,S245EPL/KL1-6,0,0,0,1316.25,,
110481,S245EPL/KL1-9,0,0,0,1316.25,,
110482,S245EPL/KL2-66,0,0,0,1784.25,,
110483,S245EPL/KL2-69,0,0,0,1784.25,,
110485,130.1108/5,0,0,0,49.50,,
110487,68.092/X,0,0,0,33.75,,
110488,9GAT02002/X,0,0,0,260.25,,
110490,9.45300,0,0,0,78.75,,
110491,9.45301,0,0,0,78.75,,
110492,9.45303,0,0,0,78.75,,
110493,9.45400,0,0,0,53.25,,
110494,9.45401,0,0,0,53.25,,
110495,9.45403,0,0,0,53.25,,
110496,9.45450,0,0,0,26.25,,
110497,9.45451,0,0,0,26.25,,
110498,9.45453,0,0,0,26.25,,
110499,9.45520/100,0,0,0,29.25,,
110500,9.45530/100,0,0,0,31.50,,
110502,9.Z998/BF,2,2,0,86.25,,
110503,CIP138225020,9,5,4,37.89,,46.75
110504,9620017627,2,1,1,922.13,,1536.89
110505,9620017631,2,1,1,787.73,,1312.89
110506,9620017632,2,1,1,888.53,,1480.89
110507,9620017628,2,1,1,754.13,,1256.89
110508,HD800,0,0,0,34.60,,
110509,SXG9510-80,18,8,10,102.55,,
110510,SXG9510-60,10,7,3,102.55,,
110511,SXG9510-40,1,0,1,102.55,,
110512,SXG9510-30,0,0,0,102.55,,
110513,EZ22-W,0,0,0,23.05,,
110514,EZ48-W,8,1,7,23.05,,
110515,EZ36-W,0,0,0,20.17,,
110516,SXW9510-80,3,0,3,102.55,,
110517,SXW9510-60,23,5,18,102.55,,
110518,980.038,0,0,0,12.75,,
110519,SXW9510-40,22,5,17,102.55,,
110520,980.039,0,0,0,12.75,,
110521,SXW9510-30,9,4,5,102.55,,
110522,SX10512-90,10,1,9,121.78,,
110523,SX10512-70,6,2,4,121.78,,
110524,PT9510-60,7,0,7,126.92,,
110525,980.044,0,0,0,12.75,,
110526,PT9510-40,12,6,6,126.92,,
110527,980.043,0,0,0,12.75,,
110528,PT1290-60,4,4,0,161.54,,
110529,981.322,0,0,0,17.25,,
110530,PT980-40,0,0,0,126.92,,
110531,981.325,0,0,0,16.50,,
110532,ST1610-160,0,0,0,201.92,,
110533,981.323,0,0,0,21.00,,
110534,ST1610-120,0,0,0,201.92,,
110535,981.324,0,0,0,17.25,,
110536,SX9510-80,15,1,14,102.55,,
110537,990.013,0,0,0,5.79,,
110538,990.014,0,0,0,5.79,,
110540,SX9510-60,0,0,0,102.55,,
110541,SX9510-40,1,0,1,102.55,,
110542,SX9510-30,23,13,10,102.55,,
110543,ST1290-80,0,0,0,138.46,,
110544,ST1290-60,1,1,0,138.46,,
110545,ST980-40,2,2,0,103.85,,
110546,ST980-30,11,7,4,103.85,,
110547,ST780-30,3,1,2,92.31,,
110548,ST780-20,0,0,0,92.31,,
110549,"PF AN NVHF00040T",5,0,5,216.00,,
110550,"PF AN NVHF00042T",4,0,4,215.38,,
110551,"PF AN NVHF00002T",5,0,5,60.92,,
110552,"PF AN NVHF00004T",4,0,4,60.92,,
110553,"PF AN NVHF00005",5,0,5,86.54,,
110554,"PF AN NVHF00006T",5,0,5,66.46,,
110555,"PF AN NVHF00007T",4,0,4,88.46,,
110556,"PF AN NVHF00009T",5,0,5,88.46,,
110557,"PF AN NVHF00020T",5,0,5,150.92,,
110558,"PF AN NVHF00021T",5,0,5,150.92,,
110559,CPP2501K,12,6,6,51.50,84.99,
110560,SSP10K,31,15,16,27.26,44.99,
110561,SSP20K,24,12,12,42.41,69.99,
110562,WN530,45,24,21,12.11,19.99,
110563,10294,2,2,0,37.98,,
110566,2024045793,0,0,0,63.42,,
110603,P2030DB,18,1,17,12.18,,
110610,"PF AN NVHF00025",3,0,3,66.46,,
110611,"PF AN NVHF00012T",5,0,5,60.92,,
110612,"PF AN NVHF00044T",4,0,4,117.69,,
110614,"PF AN NVHF00045T",4,0,4,117.69,,
110616,"PF AN NAMFM011T",5,0,5,90.00,,
110617,"PF AN NAMFM012T",5,0,5,90.00,,
110618,"PF AN NTV001",5,0,5,163.38,,
110619,"PF AN NTV003",4,0,4,177.23,,
110620,"PF AN NTV002",5,0,5,105.23,,
110621,"PF AC NBASE001",5,0,5,24.92,,
110622,"PF AC NBASE002",4,0,4,27.00,,
110626,012123CDN,6,6,0,539.20,900.00,
110627,013207,4,2,2,227.50,293.00,
110628,9.CBD2525,0,0,0,50.00,,
110629,9.AG5500,0,0,0,83.08,,
110630,GSSTEPBLK-GRIT-DP,24,12,12,41.62,,
110631,GSSTEPBLK-PEB-DP,23,12,11,42.25,,
110632,GSBLK-GRIT-1FT,8,4,4,56.23,,
110633,GSSTEPLGY-GRIT-DP,24,12,12,63.90,,
110636,"MSDS 0.5",12,6,6,31.69,,39.95
110637,"MSDS 5",4,2,2,234.00,,294.95
110638,"MSDC 0.5",12,6,6,15.85,,
110639,"MSDC 5",4,2,2,102.31,,128.95
110640,"MVIP 0.5",12,6,6,23.40,,29.50
110641,"MVIP 5",4,2,2,115.00,,144.95
110642,"MVIC 0.5",12,6,6,14.24,,17.95
110643,"MVIC 5",4,2,2,75.33,,94.95
110644,"MRIP 0.5",12,6,6,19.80,,
110645,"MRIP 5",4,2,2,115.00,,144.95
110646,"MRIC 0.5",12,6,6,12.65,,15.95
110647,"MRIC 5",4,2,2,67.40,,84.95
110648,404602-3,1,1,0,156.73,,
110649,0451,2,2,0,26.63,,
110651,404600-3,4,2,2,128.84,,
110653,RF28100,6,2,4,16.51,23.38,
110654,RF28109,6,2,4,11.31,16.02,
110655,RF28109HL,6,2,4,62.95,89.16,
110656,DSH-2.5GRY,6,2,4,10.51,,
110657,DSH-4GRY,0,0,0,11.52,,
110658,DSH-6GRY,0,0,0,13.20,,
110659,DSH-9GRY,3,0,3,16.37,,
110660,DSH-12GRY,6,2,4,22.68,,
110661,DSH-14GRY,5,1,4,29.60,,
110662,HR81ML/US/STP,2,2,0,346.20,,435.00
110671,MM-HB,2,1,1,75.24,,
110675,94110-5,12,6,6,14.01,,
110677,21300-W-2000-8-B-R,0,0,0,187.50,,
110678,21300-W-2000-8-S-R,0,0,0,187.50,,
110679,21400-W-0600-6-B-R,0,0,0,79.54,,
110680,21400-W-0600-8-B-R,0,0,0,79.54,,
110681,21400-W-0800-6-B-R,0,0,0,81.16,,
110682,21400-W-0800-8-B-R,0,0,0,81.16,,
110683,21400-W-1000-6-B-R,0,0,0,89.91,,
110684,21400-W-1000-8-B-R,0,0,0,89.91,,
110685,LP-BSIR,2,2,0,560.00,680.00,
110686,21400-W-1200-6-B-R,0,0,0,92.10,,
110687,10C-AW,0,0,0,171.50,208.25,
110688,21400-W-1200-8-B-R,0,0,0,92.10,,
110689,4C-POD,2,2,0,138.60,168.30,
110690,21400-W-1400-6-B-R,0,0,0,98.23,,
110691,21400-W-1400-8-B-R,0,0,0,98.23,,
110692,21400-W-1600-6-B-R,0,0,0,98.23,,
110693,21400-W-1600-8-B-R,0,0,0,98.23,,
110696,16603A,0,0,0,15.62,,
110697,26901A,0,0,0,85.37,,
110699,26902A,0,0,0,51.28,,
110700,26903A,0,0,0,73.04,,
110701,26904A,0,0,0,77.23,,
110707,21500-W-0600-6-Z-R,0,0,0,35.00,,
110708,21500-W-0600-8-Z-R,0,0,0,35.00,,
110709,21500-W-0800-6-Z-R,0,0,0,38.40,,
110710,21500-W-0800-8-Z-R,0,0,0,38.40,,
110711,21500-W-1000-6-Z-R,0,0,0,43.75,,
110712,21500-W-1000-8-Z-R,0,0,0,43.75,,
110713,21500-W-1200-6-Z-R,0,0,0,45.94,,
110714,250-022387-10EZ,6,6,0,9.87,,
110715,21500-W-1200-8-Z-R,0,0,0,45.94,,
110716,250-021786-10EZ,6,6,0,19.29,,
110717,21500-W-1400-6-Z-R,0,0,0,52.06,,
110718,250-024175-10EZ,6,6,0,10.45,,
110719,21500-W-1400-8-Z-R,0,0,0,52.06,,
110720,250-15202-10EZ,6,6,0,4.40,,
110721,250-024174-10EZ,6,6,0,2.52,,
110722,250-023726-10EZ,6,6,0,91.26,,
110723,21500-W-1600-6-Z-R,0,0,0,57.36,,
110724,21500-W-1600-8-Z-R,0,0,0,57.36,,
110726,21500-W-1800-6-B-R,0,0,0,65.88,,
110727,250-022696-10EZ,6,6,0,8.71,,
110728,250-023757-10EZ,6,6,0,29.49,,
110729,250-015514-10EZ,6,6,0,34.12,,
110730,21500-W-1800-8-B-R,0,0,0,65.88,,
110731,250-014861-10EZ,6,6,0,11.72,,
110732,250-023723-10EZ,6,6,0,14.36,,
110733,250-023722-10EZ,6,6,0,13.81,,
110734,21500-W-1800-8-Z-R,0,0,0,65.88,,
110735,21500-W-2000-6-B-R,0,0,0,65.88,,
110736,21500-W-2000-8-B-R,0,0,0,65.88,,
110737,21500-W-2500-6-Z-R,0,0,0,65.88,,
110738,21500-W-2500-8-Z-R,0,0,0,65.88,,
110746,21263,0,0,0,13.57,,
110747,A80666,0,0,0,200.89,,
110749,A80673,0,0,0,90.19,,
110751,80-441-WT-TR,20,10,10,40.63,,
110752,80-441-BL-TR,20,10,10,40.63,,
110753,FW-40PROA/M-HV,4,0,4,210.63,,
110758,ST180D1KWCW,2,1,1,608.30,,
110764,77000-9900-030,0,0,0,23.50,32.08,
110765,77000-9900-040,0,0,0,23.50,32.08,
110766,77000-9900-050,0,0,0,23.50,32.08,
110767,77000-9900-060,0,0,0,23.50,32.08,
110768,77000-9900-070,0,0,0,23.50,32.08,
110769,77000-9900-080,0,0,0,23.50,32.08,
110770,77000-9900-090,0,0,0,23.50,32.08,
110771,77000-9900-110,0,0,0,23.50,32.08,
110772,77000-9900-120,0,0,0,23.50,32.08,
110773,77000-9900-130,0,0,0,23.50,32.08,
110774,77000-9900-150,0,0,0,23.50,32.08,
110775,77000-9900-100,0,0,0,23.50,32.08,
110776,LLB-64WA-02-PK,0,0,0,46.65,,
110777,LLB-64WA-02-BU,0,0,0,46.65,,
110778,LLB-64PW-02-RE,0,0,0,46.65,,
110779,LLB-64PR-02-K2,0,0,0,112.50,,
110780,LLB-64BL-02-K2,0,0,0,112.50,,
110781,LLB-64PK-02-K2,0,0,0,112.50,,
110782,5860-008-1750,0,0,0,13.31,,
110783,5860-008-1751,0,0,0,13.31,,
110784,5860-008-1752,0,0,0,13.31,,
110785,5860-008-1753,0,0,0,13.31,,
110786,5860-008-1754,0,0,0,13.31,,
110787,5860-008-1755,0,0,0,13.31,,
110788,5860-008-1756,0,0,0,13.31,,
110790,5860-008-1757,0,0,0,13.31,,
110792,5860-008-1758,0,0,0,13.31,,
110793,5860-008-1759,0,0,0,13.31,,
110794,5860-008-1760,0,0,0,13.31,,
110795,5860-008-1761,0,0,0,13.31,,
110796,5860-011-1750,0,0,0,17.86,,
110797,5860-011-1751,0,0,0,17.86,,
110798,5860-011-1752,0,0,0,17.86,,
110799,5860-011-1753,0,0,0,17.86,,
110800,5860-011-1754,0,0,0,17.86,,
110801,5860-011-1755,0,0,0,17.86,,
110804,5860-011-1756,0,0,0,17.86,,
110805,5860-011-1757,0,0,0,17.86,,
110806,5860-011-1758,0,0,0,17.86,,
110807,5860-011-1759,0,0,0,17.86,,
110808,5860-011-1760,0,0,0,17.86,,
110809,5860-011-1761,0,0,0,17.86,,
110810,77000-9600-030,0,0,0,23.50,32.08,
110811,77000-9600-035,0,0,0,23.50,32.08,
110812,77000-9600-040,0,0,0,23.50,32.08,
110813,77000-9600-050,0,0,0,23.50,32.08,
110814,77000-9600-060,0,0,0,23.50,32.08,
110815,77000-9600-070,0,0,0,23.50,32.08,
110816,77000-9600-080,0,0,0,23.50,32.08,
110817,77000-9600-090,0,0,0,23.50,32.08,
110818,77000-9600-100,0,0,0,23.50,32.08,
110819,77000-9600-110,0,0,0,23.50,32.08,
110820,77000-9600-120,0,0,0,23.50,32.08,
110821,77000-9600-130,0,0,0,23.50,32.08,
110822,77000-9600-150,0,0,0,23.50,32.08,
110823,HMAG15BSRD,0,0,0,11.88,,
110824,HMAG15BTO,0,0,0,11.88,,
110825,HMAG15D,0,0,0,11.88,,
110826,010-12992-03,0,0,0,52.49,,
110827,HMAG15HPU,0,0,0,11.88,,
110828,HMAG15PM,0,0,0,11.88,,
110829,HMAG15RH,0,0,0,11.88,,
110830,HMAG15S,0,0,0,11.88,,
110831,HMAG15SBM,0,0,0,11.88,,
110832,HMAG15SFU,0,0,0,11.88,,
110833,HMAG15WHU,0,0,0,11.88,,
110835,16000-02-0B,0,0,0,1.01,1.37,
110836,16000-02-0J,0,0,0,0.92,1.26,
110837,HMAG25BSRD,0,0,0,13.71,,
110838,HMAG25BTO,0,0,0,13.71,,
110839,16000-03-0T,0,0,0,4.20,5.73,
110840,HMAG25D,0,0,0,13.71,,
110841,HMAG25HPU,0,0,0,13.71,,
110842,HMAG25PM,0,0,0,13.71,,
110843,HMAG25RH,0,0,0,13.71,,
110844,HMAG25S,0,0,0,13.71,,
110845,HMAG25SBM,0,0,0,13.71,,
110846,HMAG25SFU,0,0,0,13.71,,
110847,HMAG25WHU,0,0,0,13.71,,
110848,CDMAGE145AMCG,0,0,0,17.44,,
110849,CDMAGE145AMD,0,0,0,17.44,,
110850,CDMAGE145AMFFU,0,0,0,17.44,,
110851,CDMAGE145AMGM,0,0,0,17.44,,
110852,CDMAGE145AMHPU,0,0,0,17.44,,
110853,CDMAGE145AMPM,0,0,0,17.44,,
110854,CDMAGE145AMRRB,0,0,0,17.44,,
110855,CDMAGE145AMSM,0,0,0,17.44,,
110856,CDMAGE145AMSRD,0,0,0,17.44,,
110857,CDMAGE145AMWHU,0,0,0,17.44,,
110858,CDMAGE185AMCG,0,0,0,20.55,,
110859,CDMAGE185AMD,0,0,0,20.55,,
110860,CDMAGE185AMFFU,0,0,0,20.55,,
110861,CDMAGE185AMGM,0,0,0,20.55,,
110862,CDMAGE185AMHPU,0,0,0,20.55,,
110863,CDMAGE185AMPM,0,0,0,20.55,,
110864,CDMAGE185AMRRB,0,0,0,20.55,,
110865,CDMAGE185AMSM,0,0,0,20.55,,
110866,CDMAGE185AMSRD,0,0,0,20.55,,
110867,CDMAGE185AMWHU,0,0,0,20.55,,
110868,SD22BSCD,0,0,0,44.78,,
110869,SD22BSRD,0,0,0,44.78,,
110870,SD22D,0,0,0,44.78,,
110871,SD22FFU,0,0,0,44.78,,
110872,SD22FT,0,0,0,44.78,,
110873,SD22GFR,0,0,0,44.78,,
110874,SD22PKD,0,0,0,44.78,,
110875,SD22PM,0,0,0,44.78,,
110876,SD22RHU,0,0,0,44.78,,
110877,SD22RRB,0,0,0,44.78,,
110878,SD22SBM,0,0,0,44.78,,
110879,SD22SFU,0,0,0,44.78,,
110880,SD22WHU,0,0,0,44.78,,
110881,CA-0188,0,0,0,91.00,,
110882,A0-TPGN-Z90,0,0,0,3326.47,,
110883,MI-0071,0,0,0,221.76,,
110884,2314-B-000,0,0,0,31.47,42.97,
110886,SXRL12PM,0,0,0,13.05,,
110887,SXRL14BM,0,0,0,14.67,,
110888,SXRL14PM,0,0,0,14.67,,
110889,2314-D-056,0,0,0,16.67,21.20,
110890,NVCP-WSA,2,0,2,2807.81,3182.19,
110891,SXR10BNK,0,0,0,9.68,,
110892,SXR10SBM,0,0,0,9.68,,
110893,SXR12BNK,0,0,0,12.92,,
110894,SXR12SBM,0,0,0,12.92,,
110895,SXR14BNK,0,0,0,14.53,,
110896,SXR14HH,0,0,0,14.53,,
110897,SXR14SBM,0,0,0,14.53,,
110898,RPREF7,0,0,0,16.78,,
110899,2314-D-256,0,0,0,40.28,55.00,
110900,2324-D-056,0,0,0,41.00,41.25,
110901,RSSSP6,0,0,0,16.01,,
110902,RSSSP8,0,0,0,18.48,,
110903,RSSSPA9,0,0,0,22.17,,
110904,RFMTC,0,0,0,33.45,,
110905,660-106FT,0,0,0,24.02,,
110906,660-108FT,0,0,0,24.02,,
110907,660-110FT,0,0,0,24.02,,
110908,660-115FT,0,0,0,24.02,,
110909,660-120FT,0,0,0,24.02,,
110910,660-130FT,0,0,0,24.02,,
110911,660-140FT,0,0,0,24.02,,
110912,660-150FT,0,0,0,24.02,,
110913,660-165FT,0,0,0,25.57,,
110914,660-180FT,0,0,0,25.57,,
110915,658-127MC,0,0,0,27.74,,
110916,691-504CC,0,0,0,15.20,,
110917,691-506CC,0,0,0,15.20,,
110918,691-508CC,0,0,0,15.20,,
110919,691-510CC,0,0,0,15.20,,
110920,691-512CC,0,0,0,15.20,,
110921,691-514CC,0,0,0,15.20,,
110922,700-020F,0,0,0,9.14,,
110923,700-030F,0,0,0,9.88,,
110924,700-050F,0,0,0,12.95,,
110925,700-080F,0,0,0,18.28,,
110926,700-100F,0,0,0,22.85,,
110927,700-150F,0,0,0,27.44,,
110928,2700-.05-010,0,0,0,10.07,13.75,
110929,2700-01-011,0,0,0,13.43,18.33,
110930,2700-02-011,0,0,0,18.46,25.21,
110931,2700-03-011,0,0,0,20.14,27.50,
110932,2700-04-011,0,0,0,23.50,32.08,
110933,2700-05-011,0,0,0,29.37,40.10,
110934,2700-10-011,0,0,0,47.55,61.87,
110935,2700-21-011,0,0,0,17.20,23.49,
110936,2700-55-011,0,0,0,11.75,16.04,
110937,2702-12-012,0,0,0,13.89,18.90,
110938,2702-13-013,0,0,0,30.21,41.25,
110939,2702-14-014,0,0,0,33.57,45.83,
110940,2702-15-015,0,0,0,35.24,48.12,
110941,2703-11-001,0,0,0,18.46,25.21,
110942,2703-11-002,0,0,0,30.21,41.25,
110943,2704-12-011,0,0,0,14.94,20.39,
110944,2705-00-001,0,0,0,11.33,15.47,
110945,2705-00-010,0,0,0,11.33,15.47,
110946,2706-00-000,0,0,0,13.17,17.99,
110948,CA-0157-1S,0,0,0,36.69,,
110949,CA-0157-2S,0,0,0,53.52,,
110955,3000-4001A,0,0,0,18.46,25.21,
110969,312105-B-020,0,0,0,36.08,49.27,
110970,312105-B-021,0,0,0,2.27,3.09,
110971,312301-B-020,0,0,0,10.91,14.89,
110972,312301-B-021,0,0,0,1.43,1.95,
110973,312302-B-020,0,0,0,15.10,20.62,
110974,312302-B-021,0,0,0,2.78,3.99,
110975,312303-B-020,0,0,0,13.41,18.31,
110976,312303-B-025,0,0,0,13.41,18.31,
110977,312311-B-008,0,0,0,3.36,4.58,
110979,312311-B-020,0,0,0,7.13,9.74,
110980,312311-B-021,0,0,0,2.69,3.67,
110981,312314-B-021,0,0,0,1.68,2.29,
110982,312315-B-004,0,0,0,44.00,60.08,
110983,312315-B-104,0,0,0,11.80,16.11,
110984,312315-B-205,0,0,0,11.80,16.11,
110985,312315-B-008,0,0,0,104.06,142.07,
110986,312315-B-108,0,0,0,16.53,22.57,
110987,312404-B-022,0,0,0,20.14,27.50,
110989,312723-B-022,0,0,0,23.50,32.08,
110990,313738-B-023,0,0,0,13.85,18.90,
110991,313756-B-023,0,0,0,13.85,18.90,
110992,313856-B-023,0,0,0,20.14,27.50,
110993,314300-B-038,0,0,0,5.04,6.87,
110994,314300-R-038,0,0,0,5.04,6.87,
110995,314300-B-516,0,0,0,4.87,6.65,
110996,3200-0001-006,0,0,0,16.36,22.34,
110997,3200-0001-012,0,0,0,25.17,34.37,
110998,3200-2001-006,0,0,0,20.13,27.50,
110999,3200-2001-012,0,0,0,28.54,38.96,
111000,3200-3003-006,0,0,0,20.14,27.50,
111001,3200-3003-012,0,0,0,29.37,40.10,
111004,SEA-HDM-RISER-KIT-1.5,10,3,7,182.35,,189.00
111005,SEA-HDM-RISER-KIT-XL-1.5,5,0,5,187.06,,199.00
111025,9800-006-10,0,0,0,17.45,23.83,
111026,9800-006-11,0,0,0,19.97,27.27,
111027,9800-007-10,0,0,0,25.17,34.37,
111028,9800-007-11,0,0,0,28.53,38.96,
111029,9800-008-11,0,0,0,31.88,43.54,
111030,99240,0,0,0,895.63,,
111083,9800-7101-00,0,0,0,57.06,77.91,
111105,APL-2W-30K-PW1,8,8,0,76.83,,
111107,36500,20,20,0,216.99,309.99,
111108,36505,20,20,0,286.99,409.99,
111109,36506,20,20,0,314.99,449.99,
111110,36520,20,20,0,132.99,189.99,
111112,36521,20,20,0,160.99,229.99,
111113,34120,0,0,0,87.48,124.99,
111114,34121,0,0,0,94.48,134.99,
111115,34122,0,0,0,104.99,149.99,
111116,34124,0,0,0,111.99,159.99,
111117,34126,0,0,0,125.99,179.99,
111118,34127,0,0,0,139.99,199.99,
111119,64031,0,0,0,20.69,29.99,
111120,55200,0,0,0,230.99,329.99,
111121,55201,0,0,0,258.99,369.99,
111122,2ER308,8,8,0,191.27,,290.00
111123,2ER158,8,8,0,191.27,,290.00
111124,2ER008,8,8,0,191.27,,290.00
111125,2EF308,8,8,0,89.57,,135.00
111126,2EF158,0,0,0,89.57,,135.00
111127,2EF008,8,8,0,89.57,,135.00
111128,2A0010,0,0,0,24.16,,36.76
111129,2A0009,0,0,0,24.16,,36.76
111130,2A0008,0,0,0,24.16,,36.76
111131,2A0007,0,0,0,22.00,,33.48
111132,2A0006,0,0,0,22.00,,33.48
111133,2A0005,0,0,0,22.00,,33.48
111134,2A0004,0,0,0,20.34,,30.96
111135,2A0003,0,0,0,21.97,,33.43
111136,2A0002,0,0,0,48.58,,73.93
111137,2A0001,0,0,0,48.58,,79.93
111174,012117CD,3,3,0,444.44,719.99,
111182,6080.74,2,2,0,732.63,,
111187,MS-OW10HF,0,0,0,5811.11,,
111188,MS-OW11FFG,0,0,0,10833.33,,
111191,601019-2,0,0,0,97.40,,
111192,602019-2,0,0,0,129.87,199.99,
111193,411470-1VXCHO,4,2,2,2835.21,,3399.99
111194,411470-1VX,5,3,2,3085.38,,3699.99
111195,411500-1VXCHO,1,0,1,3252.16,,3899.99
111196,411500-1VX,4,2,2,3502.32,,4199.99
111197,411240-1VXCHO,2,0,2,3669.10,,4399.99
111198,411240-1VX,6,4,2,3919.27,,4699.99
111199,1358339,0,0,0,1594.36,,1899.99
111202,017884001,8,4,4,92.15,,
111203,017884011,0,0,0,100.66,,
111204,958126531,12,6,6,18.43,,
111205,958126541,12,6,6,19.85,,
111206,958126551,12,6,6,24.61,,
111207,ZDIGBILGEIQ,0,0,0,233.71,,
111227,SPS1000,0,0,0,436.35,,
111230,SPS1001,0,0,0,436.35,,
111232,SPS1002,0,0,0,509.08,,
111264,W6/3EURO-100,0,0,0,683.08,,
111265,1263-FT,225,225,0,1.72,,
111266,SM-FMQCMW,0,0,0,59.99,,
111267,SM-FMQCSW,0,0,0,53.32,,
111268,SM-FMSCVR,0,0,0,19.99,,
111270,RMH006,0,0,0,26.00,,
111272,RMZ001,0,0,0,13.39,,
111273,RMZ002,0,0,0,17.14,,
111275,RMZ003,0,0,0,15.00,,
111276,RMZ004,0,0,0,12.14,,
111278,FW-40PROA/M-BK,0,0,0,210.63,,
111279,FW-40PROA/M-GN,0,0,0,210.63,,
111280,RMZ005,0,0,0,19.29,,
111284,SC-V-DC1,0,0,0,25.31,,
111285,SC-V-S1,0,0,0,25.31,,
111286,SC-V-S2,0,0,0,22.50,,
111287,SC-V-S3,0,0,0,22.50,,
111288,SC-V-TV1,0,0,0,22.50,,
111289,SC-V-W1,0,0,0,67.50,,
111290,SC-V-USB-01,0,0,0,46.69,,
111305,9.Z1169/BF,2,2,0,86.25,,
111344,WR10/2DC-FT,0,0,0,1.83,,
111423,MV-AC-SS-PROP,8,0,8,419.22,,549.99
111424,HK-MT-TRANS-PP,2,0,2,13.15,,18.95
111425,2021131539,0,0,0,104.28,,
